param_id,atr_len,st_mult,swing_len,fib,entry_mode,side,regime_mode,sl_base,tp_base,atr_regime_lookback,atr_regime_pct,atr_high_mult,atr_low_mult,max_hold_bars,is_trades,is_pnl,is_gross_gain,is_gross_loss,is_pf,is_max_dd,is_expect,is_win_rate,is_avg_hold,oos_trades,oos_pnl,oos_gross_gain,oos_gross_loss,oos_pf,oos_max_dd,oos_expect,oos_win_rate,oos_avg_hold
R0001,10,1.5,12,0.382,pullback,short,atr_sl_fixed_tp,8.0,16.0,96,0.7,1.25,1.0,24,602.0,-2490.479999999987,5475.280000000023,7965.759999999931,0.6873518659864307,2610.23999999999,-4.137009966777387,0.2956810631229236,1.4003322259136213,284.0,-2004.1600000000021,1999.3999999999996,4003.5599999999768,0.4994055290791224,2129.840000000002,-7.056901408450711,0.22887323943661972,1.1549295774647887
R0002,10,1.5,12,0.382,pullback,short,atr_sl_fixed_tp,8.0,16.0,96,0.7,1.5,1.0,24,598.0,-2493.5199999999895,5782.880000000026,8276.399999999932,0.698719249915431,2605.2799999999925,-4.169765886287608,0.31438127090301005,1.4364548494983278,283.0,-2110.9199999999983,2060.9199999999996,4171.8399999999765,0.4940074403620492,2255.3599999999997,-7.459081272084799,0.23674911660777384,1.1625441696113075
R0003,10,1.5,12,0.382,pullback,short,fixed_sl_atr_tp,8.0,16.0,96,0.7,1.25,1.0,24,607.0,-2336.6799999999926,5335.120000000022,7671.79999999993,0.6954195886232788,2449.6799999999953,-3.8495551894563302,0.26688632619439867,1.413509060955519,283.0,-1902.9200000000021,1942.8399999999997,3845.759999999978,0.5051901314694653,1950.800000000002,-6.724098939929336,0.20848056537102475,1.1519434628975265
R0004,10,1.5,12,0.382,pullback,short,fixed_sl_atr_tp,8.0,16.0,96,0.7,1.5,1.0,24,603.0,-2235.719999999996,5453.3200000000215,7689.03999999993,0.7092328821283373,2364.719999999999,-3.707661691542282,0.2603648424543947,1.451077943615257,283.0,-1774.9200000000021,2070.8399999999997,3845.759999999978,0.5384735396904673,1838.800000000002,-6.27180212014135,0.20848056537102475,1.1590106007067138
R0005,10,1.5,12,0.382,pullback,short,atr_sl_fixed_tp,8.0,20.0,96,0.7,1.25,1.0,24,595.0,-2141.7999999999984,6085.320000000022,8227.119999999928,0.73966588551037,2318.800000000001,-3.5996638655462156,0.2638655462184874,1.5495798319327732,280.0,-1695.200000000002,2325.6000000000013,4020.7999999999765,0.5783923597294107,1854.120000000002,-6.054285714285721,0.21428571428571427,1.2035714285714285
R0006,10,1.5,12,0.382,pullback,short,atr_sl_fixed_tp,8.0,20.0,96,0.7,1.5,1.0,24,591.0,-2148.8399999999983,6434.160000000024,8582.999999999929,0.7496399860188836,2317.840000000001,-3.6359390862944134,0.2808798646362098,1.6023688663282571,278.0,-1888.7200000000023,2325.6000000000013,4214.319999999976,0.5518327986484212,1996.8800000000022,-6.793956834532382,0.2158273381294964,1.2194244604316546
R0007,10,1.5,12,0.382,pullback,short,fixed_sl_atr_tp,8.0,20.0,96,0.7,1.25,1.0,24,596.0,-1999.0400000000047,5845.16000000002,7844.199999999928,0.7451569312358269,2165.2800000000047,-3.3540939597315518,0.23657718120805368,1.5570469798657718,280.0,-1571.200000000002,2291.800000000001,3862.9999999999777,0.5932694796790097,1667.360000000002,-5.611428571428579,0.19642857142857142,1.207142857142857
R0008,10,1.5,12,0.382,pullback,short,fixed_sl_atr_tp,8.0,20.0,96,0.7,1.5,1.0,24,594.0,-2040.560000000004,5872.6000000000195,7913.159999999927,0.7421308301614113,2226.8000000000043,-3.435286195286202,0.22727272727272727,1.6296296296296295,278.0,-1604.720000000002,2275.520000000001,3880.2399999999775,0.5864379522916144,1720.880000000002,-5.772374100719432,0.18705035971223022,1.2374100719424461
R0009,10,1.5,12,0.382,pullback,short,atr_sl_fixed_tp,8.0,24.0,96,0.7,1.25,1.0,24,585.0,-1834.4000000000049,6521.400000000021,8355.799999999927,0.7804638694080851,1972.0800000000047,-3.135726495726504,0.23931623931623933,1.7008547008547008,277.0,-1551.480000000002,2525.0400000000022,4076.5199999999763,0.6194106738100186,1680.880000000002,-5.601010830324917,0.19494584837545126,1.263537906137184
R0010,10,1.5,12,0.382,pullback,short,atr_sl_fixed_tp,8.0,24.0,96,0.7,1.5,1.0,24,581.0,-1705.4400000000044,6989.000000000023,8694.439999999928,0.8038470562796547,1868.9200000000042,-2.9353528399311606,0.25817555938037867,1.7728055077452667,275.0,-1677.0000000000023,2571.8000000000025,4248.799999999976,0.6053003200903825,1794.4000000000021,-6.098181818181827,0.2,1.28
R0011,10,1.5,12,0.382,pullback,short,fixed_sl_atr_tp,8.0,24.0,96,0.7,1.25,1.0,24,588.0,-1842.120000000005,6157.240000000018,7999.359999999926,0.7697165773261955,1998.8400000000047,-3.132857142857151,0.2108843537414966,1.7414965986394557,276.0,-1450.240000000002,2447.2400000000016,3897.4799999999773,0.6279031579379537,1551.640000000002,-5.254492753623196,0.17753623188405798,1.2753623188405796
R0012,10,1.5,12,0.382,pullback,short,fixed_sl_atr_tp,8.0,24.0,96,0.7,1.5,1.0,24,586.0,-1775.6400000000042,6258.200000000018,8033.839999999926,0.7789799149597298,1964.4400000000037,-3.0301023890785053,0.20477815699658702,1.7764505119453924,276.0,-1294.240000000002,2603.240000000002,3897.4799999999773,0.66792902080319,1419.640000000002,-4.689275362318848,0.17753623188405798,1.2826086956521738
R0013,10,1.5,12,0.382,pullback,short,atr_sl_fixed_tp,10.0,16.0,96,0.7,1.25,1.0,24,587.0,-2656.8799999999833,6244.280000000029,8901.159999999936,0.7015130612189955,2813.1199999999862,-4.526201022146479,0.34582623509369675,1.5400340715502556,278.0,-2118.7199999999984,2399.280000000002,4517.999999999976,0.5310491367861918,2249.68,-7.621294964028771,0.2805755395683453,1.2302158273381294
R0014,10,1.5,12,0.382,pullback,short,atr_sl_fixed_tp,10.0,16.0,96,0.7,1.5,1.0,24,583.0,-2780.9199999999814,6490.360000000031,9271.279999999937,0.7000500470269558,2927.1599999999844,-4.77001715265863,0.36192109777015435,1.5849056603773586,278.0,-2160.7199999999984,2522.320000000003,4683.039999999976,0.5386074003211623,2276.68,-7.772374100719419,0.2949640287769784,1.2482014388489209
R0015,10,1.5,12,0.382,pullback,short,fixed_sl_atr_tp,10.0,16.0,96,0.7,1.25,1.0,24,590.0,-2479.5999999999876,6122.600000000027,8602.199999999933,0.7117481574481033,2669.8399999999906,-4.2027118644067585,0.3135593220338983,1.5525423728813559,278.0,-1816.720000000002,2475.0000000000023,4291.7199999999775,0.5766918624700622,1933.1600000000021,-6.534964028776986,0.2697841726618705,1.2302158273381294
R0016,10,1.5,12,0.382,pullback,short,fixed_sl_atr_tp,10.0,16.0,96,0.7,1.5,1.0,24,586.0,-2370.639999999992,6274.040000000026,8644.679999999933,0.7257689122095988,2538.119999999995,-4.045460750853229,0.3054607508532423,1.5921501706484642,277.0,-1831.480000000002,2502.7200000000025,4334.199999999977,0.577435282174338,1933.1600000000021,-6.611841155234664,0.259927797833935,1.2527075812274369
R0017,10,1.5,12,0.382,pullback,short,atr_sl_fixed_tp,10.0,20.0,96,0.7,1.25,1.0,24,575.0,-2292.999999999991,6899.280000000027,9192.279999999933,0.7505515497787357,2553.239999999994,-3.987826086956506,0.3095652173913043,1.7530434782608695,271.0,-1951.0400000000022,2635.680000000003,4586.719999999976,0.5746328531063629,2053.720000000002,-7.1994095940959495,0.25092250922509224,1.3136531365313653
R0018,10,1.5,12,0.382,pullback,short,atr_sl_fixed_tp,10.0,20.0,96,0.7,1.5,1.0,24,572.0,-2539.279999999983,7131.840000000028,9671.119999999933,0.7374368222088111,2789.519999999986,-4.439300699300669,0.32167832167832167,1.7919580419580419,270.0,-1934.8000000000022,2790.720000000004,4725.519999999976,0.5905635781882244,2061.240000000002,-7.165925925925934,0.26666666666666666,1.337037037037037
R0019,10,1.5,12,0.382,pullback,short,fixed_sl_atr_tp,10.0,20.0,96,0.7,1.25,1.0,24,577.0,-2255.4799999999946,6622.840000000024,8878.31999999993,0.745956442209796,2514.6399999999976,-3.908977469670701,0.2755632582322357,1.731369150779896,272.0,-1677.280000000002,2699.4000000000033,4376.679999999977,0.6167688750377038,1824.9600000000019,-6.166470588235302,0.23897058823529413,1.3272058823529411
R0020,10,1.5,12,0.382,pullback,short,fixed_sl_atr_tp,10.0,20.0,96,0.7,1.5,1.0,24,575.0,-2232.999999999995,6730.280000000023,8963.27999999993,0.7508724484786904,2504.4799999999977,-3.8834782608695564,0.26608695652173914,1.808695652173913,270.0,-1694.800000000002,2703.120000000003,4397.919999999976,0.6146360097500677,1872.4800000000018,-6.2770370370370445,0.22962962962962963,1.3703703703703705
R0021,10,1.5,12,0.382,pullback,short,atr_sl_fixed_tp,10.0,24.0,96,0.7,1.25,1.0,24,563.0,-1788.1200000000033,7503.360000000025,9291.479999999932,0.8075527257229289,2058.8400000000033,-3.176056838365903,0.28596802841918295,1.9662522202486679,268.0,-1615.320000000002,2992.6400000000044,4607.9599999999755,0.6494500820319665,1803.240000000002,-6.027313432835828,0.23880597014925373,1.3955223880597014
R0022,10,1.5,12,0.382,pullback,short,atr_sl_fixed_tp,10.0,24.0,96,0.7,1.5,1.0,24,559.0,-1882.1600000000035,7830.680000000027,9712.839999999933,0.806219396180734,2142.8800000000033,-3.3670125223613656,0.3005366726296959,2.012522361359571,267.0,-1567.080000000002,3179.6800000000053,4746.759999999976,0.6698632330263214,1786.760000000002,-5.8692134831460745,0.2546816479400749,1.4232209737827715
R0023,10,1.5,12,0.382,pullback,short,fixed_sl_atr_tp,10.0,24.0,96,0.7,1.25,1.0,24,567.0,-1988.0800000000036,7048.160000000022,9036.239999999929,0.7799881366586188,2251.0000000000036,-3.506313932980606,0.24867724867724866,1.9541446208112874,268.0,-1412.320000000002,2985.600000000004,4397.919999999976,0.6788663731946056,1651.240000000002,-5.269850746268664,0.22388059701492538,1.4291044776119404
R0024,10,1.5,12,0.382,pullback,short,fixed_sl_atr_tp,10.0,24.0,96,0.7,1.5,1.0,24,564.0,-2088.3599999999965,7032.840000000021,9121.199999999928,0.7710432837784587,2370.3199999999983,-3.702765957446802,0.2375886524822695,2.00177304964539,268.0,-1232.3200000000018,3165.6000000000045,4397.919999999976,0.7197948120929942,1507.2400000000016,-4.598208955223887,0.22388059701492538,1.4365671641791045
R0025,10,1.5,12,0.382,pullback,short,atr_sl_fixed_tp,12.0,16.0,96,0.7,1.25,1.0,24,576.0,-2816.2399999999852,6890.240000000033,9706.47999999994,0.7098598049962578,2926.479999999988,-4.88930555555553,0.3888888888888889,1.6493055555555556,278.0,-1940.720000000002,2952.960000000006,4893.679999999978,0.6034231907276364,2032.680000000002,-6.9810071942446115,0.34532374100719426,1.3129496402877698
R0026,10,1.5,12,0.382,pullback,short,atr_sl_fixed_tp,12.0,16.0,96,0.7,1.5,1.0,24,571.0,-2784.0399999999872,7197.840000000036,9981.879999999941,0.721090616196556,2950.27999999999,-4.8757267950963,0.4098073555166375,1.6987740805604203,275.0,-1813.0000000000023,3106.760000000007,4919.7599999999775,0.6314860887523012,1954.9600000000023,-6.592727272727281,0.36727272727272725,1.3490909090909091
R0027,10,1.5,12,0.382,pullback,short,fixed_sl_atr_tp,12.0,16.0,96,0.7,1.25,1.0,24,577.0,-2459.4799999999946,6879.3200000000315,9338.799999999937,0.7366385402835566,2605.7199999999975,-4.262530329289419,0.3587521663778163,1.681109185441941,276.0,-1790.240000000002,2905.6400000000053,4695.879999999977,0.6187636822065341,1831.9200000000021,-6.48637681159421,0.322463768115942,1.3115942028985508
R0028,10,1.5,12,0.382,pullback,short,fixed_sl_atr_tp,12.0,16.0,96,0.7,1.5,1.0,24,573.0,-2206.5199999999995,7157.520000000031,9364.039999999937,0.7643623905921033,2376.7600000000025,-3.850820244328097,0.3525305410122164,1.7399650959860384,275.0,-1741.000000000002,2980.120000000006,4721.119999999977,0.63123157216932,1806.680000000002,-6.330909090909098,0.31636363636363635,1.3345454545454545
R0029,10,1.5,12,0.382,pullback,short,atr_sl_fixed_tp,12.0,20.0,96,0.7,1.25,1.0,24,564.0,-2805.359999999982,7441.92000000003,10247.279999999935,0.7262336932337242,3019.599999999985,-4.974042553191457,0.3404255319148936,1.875886524822695,267.0,-1663.0800000000022,3255.8400000000065,4918.919999999977,0.6619013929887092,1765.520000000002,-6.228764044943828,0.3146067415730337,1.4419475655430711
R0030,10,1.5,12,0.382,pullback,short,atr_sl_fixed_tp,12.0,20.0,96,0.7,1.5,1.0,24,558.0,-2843.9199999999823,7752.000000000032,10595.919999999936,0.731602352603651,3070.1999999999844,-5.0966308243727285,0.35842293906810035,1.9444444444444444,265.0,-1456.6000000000022,3488.400000000008,4944.999999999977,0.7054398382204295,1637.9600000000014,-5.496603773584914,0.33962264150943394,1.4943396226415093
R0031,10,1.5,12,0.382,pullback,short,fixed_sl_atr_tp,12.0,20.0,96,0.7,1.25,1.0,24,562.0,-2286.8799999999956,7430.520000000028,9717.399999999934,0.7646613291621296,2543.1199999999985,-4.069181494661914,0.31494661921708184,1.902135231316726,267.0,-1533.0800000000022,3213.280000000006,4746.359999999977,0.676998794865965,1644.760000000002,-5.741872659176038,0.29213483146067415,1.449438202247191
R0032,10,1.5,12,0.382,pullback,short,fixed_sl_atr_tp,12.0,20.0,96,0.7,1.5,1.0,24,561.0,-2279.6399999999953,7589.200000000027,9868.839999999933,0.7690062864531271,2565.8799999999983,-4.063529411764698,0.30303030303030304,1.9964349376114081,265.0,-1544.6000000000022,3227.000000000006,4771.599999999977,0.6762930673149513,1686.280000000002,-5.828679245283027,0.2830188679245283,1.5018867924528303
R0033,10,1.5,12,0.382,pullback,short,atr_sl_fixed_tp,12.0,24.0,96,0.7,1.25,1.0,24,551.0,-2096.240000000001,8204.760000000028,10300.999999999935,0.7965013105523813,2320.9600000000028,-3.8044283121597116,0.3194192377495463,2.1107078039927405,263.0,-1466.1200000000022,3553.760000000007,5019.8799999999765,0.7079372415276907,1665.800000000002,-5.574600760456282,0.2889733840304182,1.5551330798479088
R0034,10,1.5,12,0.382,pullback,short,atr_sl_fixed_tp,12.0,24.0,96,0.7,1.5,1.0,24,544.0,-2039.5600000000024,8578.84000000003,10618.399999999936,0.8079220974911551,2497.520000000002,-3.7491911764705925,0.3382352941176471,2.193014705882353,261.0,-1295.6400000000021,3787.560000000008,5083.199999999976,0.7451133144475972,1555.2000000000016,-4.964137931034491,0.3103448275862069,1.6206896551724137
R0035,10,1.5,12,0.382,pullback,short,fixed_sl_atr_tp,12.0,24.0,96,0.7,1.25,1.0,24,553.0,-1990.7200000000032,7963.080000000025,9953.799999999932,0.8000040185657818,2263.4400000000032,-3.599855334538885,0.2857142857142857,2.1573236889692584,262.0,-1428.880000000002,3418.440000000006,4847.319999999976,0.7052226797488144,1635.800000000002,-5.453740458015274,0.2633587786259542,1.5877862595419847
R0036,10,1.5,12,0.382,pullback,short,fixed_sl_atr_tp,12.0,24.0,96,0.7,1.5,1.0,24,549.0,-2057.7600000000016,7997.000000000025,10054.759999999931,0.7953446924640747,2366.4800000000023,-3.748196721311478,0.273224043715847,2.216757741347905,262.0,-1332.880000000002,3539.680000000006,4872.559999999976,0.7264518035693811,1575.800000000002,-5.087328244274817,0.2595419847328244,1.599236641221374
R0037,10,1.5,12,0.5,pullback,short,atr_sl_fixed_tp,8.0,16.0,96,0.7,1.25,1.0,24,503.0,-2139.7199999999993,4583.240000000017,6722.959999999946,0.681729476302113,2195.8800000000015,-4.253916500994034,0.2962226640159046,1.4314115308151094,225.0,-1475.0000000000016,1661.0399999999997,3136.0399999999877,0.5296616114590396,1488.5200000000016,-6.5555555555555625,0.24,1.1777777777777778
R0038,10,1.5,12,0.5,pullback,short,atr_sl_fixed_tp,8.0,16.0,96,0.7,1.5,1.0,24,501.0,-2213.239999999998,4860.080000000019,7073.319999999947,0.6871002584359333,2265.4,-4.417644710578839,0.3153692614770459,1.471057884231537,225.0,-1551.0000000000018,1722.5599999999997,3273.559999999987,0.5262038881218021,1564.5200000000018,-6.8933333333333415,0.24888888888888888,1.1866666666666668
R0039,10,1.5,12,0.5,pullback,short,fixed_sl_atr_tp,8.0,16.0,96,0.7,1.25,1.0,24,504.0,-1832.9600000000041,4528.600000000016,6361.559999999947,0.711869415677924,1883.320000000004,-3.636825396825405,0.26785714285714285,1.4146825396825398,224.0,-1517.7600000000018,1516.4799999999998,3034.2399999999884,0.49978907403501555,1539.2800000000018,-6.775714285714294,0.21428571428571427,1.1830357142857142
R0040,10,1.5,12,0.5,pullback,short,fixed_sl_atr_tp,8.0,16.0,96,0.7,1.5,1.0,24,503.0,-1759.7200000000041,4670.800000000016,6430.519999999946,0.726348724519954,1810.080000000004,-3.4984493041749585,0.2584493041749503,1.4691848906560636,224.0,-1477.7600000000018,1556.4799999999998,3034.2399999999884,0.5129719468466587,1507.2800000000018,-6.597142857142865,0.21428571428571427,1.1830357142857142
R0041,10,1.5,12,0.5,pullback,short,atr_sl_fixed_tp,8.0,20.0,96,0.7,1.25,1.0,24,495.0,-1433.8000000000038,5348.880000000018,6782.679999999946,0.788608632575923,1564.3200000000038,-2.8965656565656643,0.2787878787878788,1.5818181818181818,223.0,-1292.5200000000018,1899.2399999999998,3191.759999999987,0.5950447402060329,1340.6800000000019,-5.796053811659201,0.21973094170403587,1.242152466367713
R0042,10,1.5,12,0.5,pullback,short,atr_sl_fixed_tp,8.0,20.0,96,0.7,1.5,1.0,24,492.0,-1546.0800000000038,5620.20000000002,7166.279999999946,0.784256266849755,1656.6000000000038,-3.1424390243902516,0.29471544715447157,1.6300813008130082,223.0,-1356.5200000000018,1976.7599999999998,3333.279999999986,0.59303748859982,1392.6800000000019,-6.083049327354268,0.22869955156950672,1.251121076233184
R0043,10,1.5,12,0.5,pullback,short,fixed_sl_atr_tp,8.0,20.0,96,0.7,1.25,1.0,24,497.0,-1260.280000000004,5187.480000000016,6447.759999999946,0.8045398712110965,1350.640000000004,-2.535774647887332,0.24748490945674045,1.5935613682092555,223.0,-1274.5200000000018,1794.1999999999998,3068.719999999988,0.5846737401913523,1306.0400000000018,-5.715336322869963,0.20179372197309417,1.2242152466367713
R0044,10,1.5,12,0.5,pullback,short,fixed_sl_atr_tp,8.0,20.0,96,0.7,1.5,1.0,24,497.0,-1144.2800000000043,5372.440000000016,6516.719999999945,0.8244085981905102,1248.7200000000041,-2.3023742454728455,0.23943661971830985,1.6498993963782695,223.0,-1300.5200000000018,1785.4399999999998,3085.9599999999878,0.578568743600049,1342.0400000000018,-5.831928251121084,0.19730941704035873,1.242152466367713
R0045,10,1.5,12,0.5,pullback,short,atr_sl_fixed_tp,8.0,24.0,96,0.7,1.25,1.0,24,492.0,-1027.0800000000036,5913.520000000018,6940.599999999944,0.8520185574734267,1269.440000000003,-2.0875609756097635,0.258130081300813,1.741869918699187,221.0,-1318.0400000000018,1963.9199999999998,3281.959999999986,0.5983985179587833,1350.2000000000019,-5.963981900452497,0.19004524886877827,1.3438914027149322
R0046,10,1.5,12,0.5,pullback,short,atr_sl_fixed_tp,8.0,24.0,96,0.7,1.5,1.0,24,489.0,-1031.3600000000029,6287.6000000000195,7318.959999999945,0.8590838042563516,1302.9600000000023,-2.109120654396734,0.27607361963190186,1.8098159509202454,221.0,-1514.0400000000018,1963.9199999999998,3477.9599999999846,0.5646758444605483,1543.5600000000018,-6.850859728506795,0.19004524886877827,1.3665158371040724
R0047,10,1.5,12,0.5,pullback,short,fixed_sl_atr_tp,8.0,24.0,96,0.7,1.25,1.0,24,496.0,-760.040000000004,5808.400000000016,6568.439999999944,0.8842891158326887,904.4800000000039,-1.5323387096774275,0.2318548387096774,1.7439516129032258,221.0,-1330.0400000000018,1824.8799999999999,3154.919999999987,0.5784235416428967,1371.5600000000018,-6.0182805429864334,0.17194570135746606,1.339366515837104
R0048,10,1.5,12,0.5,pullback,short,fixed_sl_atr_tp,8.0,24.0,96,0.7,1.5,1.0,24,493.0,-492.3200000000031,6076.120000000016,6568.439999999944,0.925047652106142,739.2400000000024,-0.9986206896551787,0.22718052738336714,1.8133874239350913,221.0,-1282.0400000000018,1872.8799999999999,3154.919999999987,0.5936378735435471,1335.5600000000018,-5.801085972850687,0.17194570135746606,1.3665158371040724
R0049,10,1.5,12,0.5,pullback,short,atr_sl_fixed_tp,10.0,16.0,96,0.7,1.25,1.0,24,495.0,-2648.7999999999815,5075.400000000021,7724.199999999947,0.6570777556251852,2743.3999999999824,-5.351111111111074,0.3333333333333333,1.5717171717171716,222.0,-1300.2800000000016,2153.2000000000003,3453.4799999999873,0.6234870333692415,1309.8000000000015,-5.857117117117125,0.3153153153153153,1.2837837837837838
R0050,10,1.5,12,0.5,pullback,short,atr_sl_fixed_tp,10.0,16.0,96,0.7,1.5,1.0,24,491.0,-3000.8399999999747,5198.440000000021,8199.279999999948,0.6340117668868552,3090.4399999999755,-6.111690427698523,0.34419551934826886,1.6089613034623218,220.0,-1286.8000000000018,2245.480000000001,3532.279999999987,0.6357027189237572,1296.3200000000018,-5.849090909090918,0.33181818181818185,1.3045454545454545
R0051,10,1.5,12,0.5,pullback,short,fixed_sl_atr_tp,10.0,16.0,96,0.7,1.25,1.0,24,496.0,-2123.0399999999995,5162.28000000002,7285.319999999947,0.7085865823326988,2238.6400000000003,-4.28032258064516,0.3084677419354839,1.5463709677419355,221.0,-1190.0400000000016,2102.16,3292.199999999988,0.6385274284672886,1207.5600000000015,-5.3847963800905045,0.2986425339366516,1.2986425339366516
R0052,10,1.5,12,0.5,pullback,short,fixed_sl_atr_tp,10.0,16.0,96,0.7,1.5,1.0,24,494.0,-2100.5600000000004,5290.960000000019,7391.519999999946,0.7158148797541044,2185.4000000000015,-4.252145748987855,0.29554655870445345,1.611336032388664,221.0,-1186.0400000000016,2127.4,3313.439999999988,0.6420517649331232,1211.5600000000015,-5.366696832579192,0.29411764705882354,1.3031674208144797
R0053,10,1.5,12,0.5,pullback,short,atr_sl_fixed_tp,10.0,20.0,96,0.7,1.25,1.0,24,485.0,-1971.400000000004,5852.760000000021,7824.159999999946,0.7480368499621763,2127.800000000004,-4.064742268041245,0.311340206185567,1.7463917525773196,217.0,-1119.0800000000017,2403.1200000000017,3522.199999999986,0.6822781216285307,1141.7600000000018,-5.1570506912442475,0.2857142857142857,1.3870967741935485
R0054,10,1.5,12,0.5,pullback,short,atr_sl_fixed_tp,10.0,20.0,96,0.7,1.5,1.0,24,480.0,-2345.199999999996,5969.040000000022,8314.239999999947,0.7179297205757904,2496.599999999998,-4.885833333333325,0.32083333333333336,1.7958333333333334,215.0,-1086.6000000000017,2519.4000000000024,3605.9999999999864,0.6986688851913511,1104.1200000000017,-5.053953488372101,0.3023255813953488,1.413953488372093
R0055,10,1.5,12,0.5,pullback,short,fixed_sl_atr_tp,10.0,20.0,96,0.7,1.25,1.0,24,486.0,-1602.6400000000037,5810.120000000019,7412.759999999946,0.7837998262455633,1735.2800000000036,-3.2976131687242876,0.28189300411522633,1.7530864197530864,217.0,-989.0800000000017,2366.8400000000015,3355.9199999999873,0.7052730696798525,1046.7600000000018,-4.557972350230423,0.271889400921659,1.3824884792626728
R0056,10,1.5,12,0.5,pullback,short,fixed_sl_atr_tp,10.0,20.0,96,0.7,1.5,1.0,24,485.0,-1401.400000000004,6075.080000000019,7476.479999999945,0.812558851224114,1544.0400000000038,-2.8894845360824823,0.27422680412371137,1.8164948453608247,217.0,-909.0800000000017,2446.840000000002,3355.9199999999873,0.7291115402035838,986.7600000000017,-4.1893087557603765,0.271889400921659,1.4101382488479262
R0057,10,1.5,12,0.5,pullback,short,atr_sl_fixed_tp,10.0,24.0,96,0.7,1.25,1.0,24,480.0,-1382.2000000000032,6568.160000000021,7950.359999999945,0.8261462374030945,1603.040000000003,-2.8795833333333403,0.29375,1.9520833333333334,214.0,-1254.3600000000015,2431.520000000002,3685.8799999999846,0.6596850684232834,1354.2800000000016,-5.86149532710281,0.24299065420560748,1.5233644859813085
R0058,10,1.5,12,0.5,pullback,short,atr_sl_fixed_tp,10.0,24.0,96,0.7,1.5,1.0,24,475.0,-1830.0000000000036,6661.680000000021,8491.679999999946,0.7844949409304242,2045.4000000000035,-3.852631578947376,0.30105263157894735,2.014736842105263,211.0,-1191.6400000000017,2571.8000000000025,3763.4399999999846,0.6833641561975249,1276.5600000000018,-5.647582938388633,0.26066350710900477,1.5545023696682465
R0059,10,1.5,12,0.5,pullback,short,fixed_sl_atr_tp,10.0,24.0,96,0.7,1.25,1.0,24,482.0,-938.6800000000035,6559.040000000019,7497.719999999945,0.8748046072672849,1171.520000000003,-1.947468879668057,0.2676348547717842,1.929460580912863,214.0,-913.3600000000015,2527.520000000002,3440.8799999999865,0.7345562763014147,1052.2800000000016,-4.268037383177577,0.24299065420560748,1.52803738317757
R0060,10,1.5,12,0.5,pullback,short,fixed_sl_atr_tp,10.0,24.0,96,0.7,1.5,1.0,24,478.0,-1105.7200000000037,6498.200000000018,7603.919999999944,0.8545855295689678,1315.4000000000035,-2.3132217573221836,0.2510460251046025,2.0209205020920504,214.0,-909.3600000000015,2552.760000000002,3462.1199999999862,0.7373401268586912,1072.2800000000016,-4.24934579439253,0.2383177570093458,1.574766355140187
R0061,10,1.5,12,0.5,pullback,short,atr_sl_fixed_tp,12.0,16.0,96,0.7,1.25,1.0,24,484.0,-3114.159999999968,5444.520000000023,8558.67999999995,0.6361401524534221,3191.759999999969,-6.434214876032992,0.365702479338843,1.7169421487603307,214.0,-1223.3600000000017,2430.0400000000022,3653.3999999999874,0.6651447966278017,1228.8800000000017,-5.7166355140187,0.3691588785046729,1.397196261682243
R0062,10,1.5,12,0.5,pullback,short,atr_sl_fixed_tp,12.0,16.0,96,0.7,1.5,1.0,24,480.0,-3515.1999999999593,5567.560000000024,9082.75999999995,0.6129810762367447,3654.79999999996,-7.323333333333249,0.3770833333333333,1.7708333333333333,213.0,-1092.1200000000017,2583.8400000000033,3675.9599999999878,0.7029020990435184,1097.6400000000017,-5.12732394366198,0.39436619718309857,1.4413145539906103
R0063,10,1.5,12,0.5,pullback,short,fixed_sl_atr_tp,12.0,16.0,96,0.7,1.25,1.0,24,487.0,-2427.8799999999947,5648.920000000023,8076.799999999948,0.6994007527733829,2527.4799999999955,-4.985379876796704,0.34291581108829566,1.6981519507186857,215.0,-1194.6000000000017,2364.2400000000016,3558.8399999999874,0.6643288262467574,1208.1200000000017,-5.55627906976745,0.34418604651162793,1.4
R0064,10,1.5,12,0.5,pullback,short,fixed_sl_atr_tp,12.0,16.0,96,0.7,1.5,1.0,24,485.0,-2297.399999999997,5880.360000000023,8177.7599999999475,0.7190673240594077,2412.9999999999977,-4.736907216494839,0.3319587628865979,1.7835051546391754,215.0,-1322.6000000000017,2311.9600000000014,3634.5599999999868,0.6361045078358893,1344.1200000000017,-6.151627906976752,0.3302325581395349,1.4186046511627908
R0065,10,1.5,12,0.5,pullback,short,atr_sl_fixed_tp,12.0,20.0,96,0.7,1.25,1.0,24,473.0,-2398.519999999997,6279.1200000000235,8677.639999999948,0.7235976601933315,2525.9199999999987,-5.070866807610987,0.34249471458773784,1.9069767441860466,208.0,-1085.9200000000017,2674.4400000000032,3760.3599999999865,0.7112191385931168,1099.4400000000016,-5.220769230769239,0.3317307692307692,1.5384615384615385
R0066,10,1.5,12,0.5,pullback,short,atr_sl_fixed_tp,12.0,20.0,96,0.7,1.5,1.0,24,468.0,-2976.3199999999774,6317.880000000024,9294.199999999948,0.6797658754922489,3082.6799999999794,-6.3596581196580715,0.3482905982905983,1.9807692307692308,206.0,-959.4400000000018,2829.480000000004,3788.919999999987,0.7467774458156978,972.9600000000017,-4.657475728155348,0.35436893203883496,1.5970873786407767
R0067,10,1.5,12,0.5,pullback,short,fixed_sl_atr_tp,12.0,20.0,96,0.7,1.25,1.0,24,477.0,-1741.4800000000039,6461.520000000022,8202.999999999947,0.7877020602218778,1894.8800000000037,-3.6509014675052494,0.31865828092243187,1.9224318658280923,210.0,-1188.4000000000017,2521.8800000000024,3710.279999999986,0.6797007233955421,1211.9200000000017,-5.659047619047627,0.3,1.5285714285714285
R0068,10,1.5,12,0.5,pullback,short,fixed_sl_atr_tp,12.0,20.0,96,0.7,1.5,1.0,24,475.0,-1541.0000000000039,6737.720000000022,8278.719999999947,0.8138601136407639,1714.4000000000037,-3.2442105263157974,0.3094736842105263,2.006315789473684,210.0,-1108.4000000000017,2601.8800000000024,3710.279999999986,0.7012624384143548,1141.9200000000017,-5.278095238095246,0.3,1.5571428571428572
R0069,10,1.5,12,0.5,pullback,short,atr_sl_fixed_tp,12.0,24.0,96,0.7,1.25,1.0,24,466.0,-1988.8400000000036,6895.480000000022,8884.319999999947,0.7761404361842058,2180.2400000000034,-4.2678969957081625,0.31759656652360513,2.163090128755365,205.0,-1196.2000000000016,2758.8400000000033,3955.039999999985,0.6975504672519149,1217.7200000000016,-5.83512195121952,0.28780487804878047,1.6682926829268292
R0070,10,1.5,12,0.5,pullback,short,atr_sl_fixed_tp,12.0,24.0,96,0.7,1.5,1.0,24,461.0,-2504.639999999995,6989.000000000023,9493.639999999947,0.7361770616960472,2658.999999999997,-5.433058568329707,0.32537960954446854,2.240780911062907,203.0,-1055.7200000000016,2945.880000000004,4001.599999999985,0.7361755297880886,1077.2400000000016,-5.200591133004934,0.3103448275862069,1.729064039408867
R0071,10,1.5,12,0.5,pullback,short,fixed_sl_atr_tp,12.0,24.0,96,0.7,1.25,1.0,24,470.0,-1183.8000000000036,7145.4000000000215,8329.199999999946,0.8578735052586164,1405.2000000000035,-2.5187234042553266,0.2978723404255319,2.15531914893617,208.0,-1121.9200000000017,2714.5600000000027,3836.479999999985,0.7075652681624858,1174.0800000000017,-5.3938461538461615,0.2692307692307692,1.6634615384615385
R0072,10,1.5,12,0.5,pullback,short,fixed_sl_atr_tp,12.0,24.0,96,0.7,1.5,1.0,24,466.0,-1298.8400000000038,7156.56000000002,8455.399999999945,0.8463892896847065,1544.2400000000036,-2.7872103004291926,0.2811158798283262,2.259656652360515,208.0,-1121.9200000000017,2739.800000000003,3861.719999999985,0.7094766062790709,1198.0800000000017,-5.3938461538461615,0.2644230769230769,1.7115384615384615
R0073,10,1.5,24,0.382,pullback,short,atr_sl_fixed_tp,8.0,16.0,96,0.7,1.25,1.0,24,472.0,-2157.2799999999984,4183.360000000014,6340.639999999951,0.6597693608216278,2220.88,-4.570508474576267,0.288135593220339,1.3898305084745763,240.0,-1821.6000000000017,1630.2799999999997,3451.879999999984,0.4722875650370254,1825.4800000000018,-7.590000000000007,0.22083333333333333,1.1458333333333333
R0074,10,1.5,24,0.382,pullback,short,atr_sl_fixed_tp,8.0,16.0,96,0.7,1.5,1.0,24,468.0,-2444.319999999992,4275.640000000015,6719.95999999995,0.6362597396413143,2503.9199999999937,-5.222905982905965,0.297008547008547,1.4252136752136753,240.0,-1993.6000000000017,1661.0399999999997,3654.6399999999826,0.4545016745835452,1993.6000000000017,-8.306666666666674,0.225,1.15
R0075,10,1.5,24,0.382,pullback,short,fixed_sl_atr_tp,8.0,16.0,96,0.7,1.25,1.0,24,473.0,-1986.520000000004,4064.720000000013,6051.239999999951,0.6717168712528417,2066.400000000004,-4.19983086680762,0.25792811839323465,1.3742071881606766,240.0,-1649.6000000000017,1608.7599999999998,3258.3599999999856,0.49373304361703646,1649.6000000000017,-6.87333333333334,0.2125,1.1333333333333333
R0076,10,1.5,24,0.382,pullback,short,fixed_sl_atr_tp,8.0,16.0,96,0.7,1.5,1.0,24,469.0,-1861.5600000000038,4189.680000000013,6051.239999999951,0.6923671842465424,1945.1600000000037,-3.969211087420051,0.2515991471215352,1.4371002132196162,240.0,-1609.6000000000017,1648.7599999999998,3258.3599999999856,0.506009157981318,1609.6000000000017,-6.706666666666674,0.2125,1.1375
R0077,10,1.5,24,0.382,pullback,short,atr_sl_fixed_tp,8.0,20.0,96,0.7,1.25,1.0,24,468.0,-1336.320000000003,5038.800000000017,6375.119999999951,0.7903851221624151,1519.8000000000025,-2.8553846153846214,0.2777777777777778,1.4978632478632479,237.0,-1457.8800000000017,1976.7599999999998,3434.6399999999844,0.5755363007476791,1501.7600000000016,-6.151392405063298,0.21518987341772153,1.2151898734177216
R0078,10,1.5,24,0.382,pullback,short,atr_sl_fixed_tp,8.0,20.0,96,0.7,1.5,1.0,24,463.0,-1638.1200000000033,5116.320000000017,6754.43999999995,0.7574750830564866,1776.0800000000027,-3.5380561555075665,0.28509719222462204,1.5399568034557236,237.0,-1685.880000000002,1976.7599999999998,3662.6399999999826,0.5397090623157093,1717.760000000002,-7.113417721518996,0.21518987341772153,1.2236286919831223
R0079,10,1.5,24,0.382,pullback,short,fixed_sl_atr_tp,8.0,20.0,96,0.7,1.25,1.0,24,466.0,-1355.8400000000033,4729.880000000014,6085.71999999995,0.777209598864235,1559.1200000000026,-2.9095278969957152,0.24248927038626608,1.5214592274678111,237.0,-1291.8800000000017,1949.2399999999998,3241.119999999986,0.601409389346895,1304.7200000000016,-5.450970464135028,0.20675105485232068,1.1983122362869199
R0080,10,1.5,24,0.382,pullback,short,fixed_sl_atr_tp,8.0,20.0,96,0.7,1.5,1.0,24,463.0,-1258.120000000003,4844.840000000014,6102.95999999995,0.7938508527009932,1496.6400000000024,-2.7173218142548663,0.23542116630669546,1.5831533477321815,236.0,-1300.6400000000017,1940.4799999999998,3241.119999999986,0.5987066199338525,1313.4800000000016,-5.511186440677974,0.2033898305084746,1.2076271186440677
R0081,10,1.5,24,0.382,pullback,short,atr_sl_fixed_tp,8.0,24.0,96,0.7,1.25,1.0,24,457.0,-1495.6800000000037,5071.840000000014,6567.519999999949,0.7722610665822188,1639.2800000000036,-3.2728227571116055,0.23851203501094093,1.7024070021881839,234.0,-1254.1600000000017,2197.7200000000007,3451.879999999984,0.636673349015612,1274.0400000000018,-5.3596581196581266,0.20085470085470086,1.2991452991452992
R0082,10,1.5,24,0.382,pullback,short,atr_sl_fixed_tp,8.0,24.0,96,0.7,1.5,1.0,24,452.0,-1729.4800000000034,5212.120000000014,6941.5999999999485,0.7508528293188966,1869.0800000000033,-3.8262831858407154,0.24778761061946902,1.761061946902655,234.0,-1482.160000000002,2197.7200000000007,3679.8799999999824,0.597225996499889,1490.040000000002,-6.334017094017102,0.20085470085470086,1.3076923076923077
R0083,10,1.5,24,0.382,pullback,short,fixed_sl_atr_tp,8.0,24.0,96,0.7,1.25,1.0,24,457.0,-1387.6800000000035,4835.960000000012,6223.6399999999485,0.777030805123698,1580.9200000000026,-3.036498905908104,0.2100656455142232,1.7177242888402626,233.0,-1152.920000000002,2105.44,3258.3599999999856,0.6461655556783196,1165.2000000000019,-4.948154506437777,0.1888412017167382,1.2832618025751072
R0084,10,1.5,24,0.382,pullback,short,fixed_sl_atr_tp,8.0,24.0,96,0.7,1.5,1.0,24,455.0,-1245.200000000003,4995.680000000012,6240.879999999948,0.8004768558280329,1547.6800000000023,-2.736703296703303,0.2043956043956044,1.756043956043956,233.0,-1104.920000000002,2153.4400000000005,3258.3599999999856,0.6608968929154575,1117.2000000000019,-4.742145922746789,0.1888412017167382,1.2875536480686696
R0085,10,1.5,24,0.382,pullback,short,atr_sl_fixed_tp,10.0,16.0,96,0.7,1.25,1.0,24,460.0,-2459.399999999992,4706.280000000018,7165.679999999953,0.6567806544528989,2563.5199999999936,-5.346521739130417,0.33260869565217394,1.5260869565217392,237.0,-1881.880000000002,2030.1599999999996,3912.0399999999827,0.5189517489596243,1900.920000000002,-7.940421940928278,0.27848101265822783,1.2362869198312236
R0086,10,1.5,24,0.382,pullback,short,atr_sl_fixed_tp,10.0,16.0,96,0.7,1.5,1.0,24,453.0,-2709.7199999999866,4798.560000000019,7508.279999999953,0.6391024309162748,2809.319999999988,-5.981721854304606,0.3443708609271523,1.5739514348785872,236.0,-1882.640000000002,2153.2000000000003,4035.8399999999824,0.5335196638122447,1901.6800000000019,-7.977288135593229,0.2966101694915254,1.2796610169491525
R0087,10,1.5,24,0.382,pullback,short,fixed_sl_atr_tp,10.0,16.0,96,0.7,1.25,1.0,24,464.0,-1751.3600000000035,4960.480000000019,6711.839999999953,0.7390641016472463,1876.4800000000034,-3.7744827586206973,0.31896551724137934,1.5043103448275863,237.0,-1597.8800000000017,2055.3999999999996,3653.2799999999843,0.5626177024482133,1607.4000000000017,-6.742109704641357,0.2742616033755274,1.240506329113924
R0088,10,1.5,24,0.382,pullback,short,fixed_sl_atr_tp,10.0,16.0,96,0.7,1.5,1.0,24,459.0,-1765.1600000000037,5010.400000000018,6775.559999999952,0.7394813122457853,1880.7600000000036,-3.8456644880174373,0.30501089324618735,1.5729847494553377,237.0,-1541.8800000000017,2111.4,3653.2799999999843,0.577946393378008,1551.4000000000017,-6.5058227848101335,0.2742616033755274,1.248945147679325
R0089,10,1.5,24,0.382,pullback,short,atr_sl_fixed_tp,10.0,20.0,96,0.7,1.25,1.0,24,455.0,-1609.2000000000028,5620.20000000002,7229.399999999952,0.7774089136027965,1769.3200000000027,-3.536703296703303,0.31868131868131866,1.6571428571428573,233.0,-1513.920000000002,2403.1200000000017,3917.0399999999827,0.6135040745052418,1540.320000000002,-6.497510729613742,0.26609442060085836,1.3090128755364807
R0090,10,1.5,24,0.382,pullback,short,atr_sl_fixed_tp,10.0,20.0,96,0.7,1.5,1.0,24,448.0,-1905.5200000000032,5697.72000000002,7603.2399999999525,0.749380527248917,2060.640000000003,-4.253392857142864,0.328125,1.7120535714285714,231.0,-1456.4400000000019,2558.1600000000026,4014.5999999999826,0.6372141682857604,1491.4800000000018,-6.304935064935073,0.2857142857142857,1.3593073593073592
R0091,10,1.5,24,0.382,pullback,short,fixed_sl_atr_tp,10.0,20.0,96,0.7,1.25,1.0,24,456.0,-1205.4400000000019,5633.840000000018,6839.2799999999515,0.8237475289796672,1420.3600000000013,-2.6435087719298287,0.29385964912280704,1.6732456140350878,233.0,-1158.9200000000017,2473.120000000002,3632.0399999999845,0.6809176110395295,1210.3200000000015,-4.9739055793991485,0.26609442060085836,1.3090128755364807
R0092,10,1.5,24,0.382,pullback,short,fixed_sl_atr_tp,10.0,20.0,96,0.7,1.5,1.0,24,453.0,-1101.720000000002,5780.040000000018,6881.759999999951,0.8399072330334186,1488.0000000000011,-2.432052980132455,0.2847682119205298,1.7461368653421634,232.0,-1147.6800000000017,2484.3600000000024,3632.0399999999845,0.6840122906135431,1209.0800000000017,-4.946896551724145,0.2629310344827586,1.331896551724138
R0093,10,1.5,24,0.382,pullback,short,atr_sl_fixed_tp,10.0,24.0,96,0.7,1.25,1.0,24,443.0,-1667.3200000000027,5773.240000000017,7440.55999999995,0.7759147160966453,1857.9200000000026,-3.763702031602715,0.2799097065462754,1.891647855530474,229.0,-1204.9600000000016,2712.080000000003,3917.0399999999827,0.6923799603782487,1300.6000000000015,-5.261834061135378,0.25327510917030566,1.4061135371179039
R0094,10,1.5,24,0.382,pullback,short,atr_sl_fixed_tp,10.0,24.0,96,0.7,1.5,1.0,24,437.0,-2076.8799999999987,5820.000000000017,7896.87999999995,0.7369999290859244,2262.4800000000005,-4.752585812356976,0.28604118993135014,1.9565217391304348,227.0,-1115.4800000000016,2899.120000000004,4014.5999999999826,0.7221441737657591,1232.6000000000013,-4.914008810572694,0.27312775330396477,1.4581497797356828
R0095,10,1.5,24,0.382,pullback,short,fixed_sl_atr_tp,10.0,24.0,96,0.7,1.25,1.0,24,446.0,-1210.0400000000022,5820.400000000016,7030.43999999995,0.8278855946427333,1538.3600000000013,-2.7130941704035925,0.257847533632287,1.8923766816143497,228.0,-894.7200000000016,2737.320000000003,3632.0399999999845,0.7536591006707015,1017.3600000000016,-3.9242105263157967,0.25,1.4210526315789473
R0096,10,1.5,24,0.382,pullback,short,fixed_sl_atr_tp,10.0,24.0,96,0.7,1.5,1.0,24,444.0,-1159.560000000002,5934.600000000016,7094.159999999949,0.836547244494071,1522.7200000000012,-2.611621621621626,0.24774774774774774,1.945945945945946,228.0,-822.7200000000016,2809.3200000000033,3632.0399999999845,0.7734826708956992,957.3600000000016,-3.608421052631586,0.25,1.4254385964912282
R0097,10,1.5,24,0.382,pullback,short,atr_sl_fixed_tp,12.0,16.0,96,0.7,1.25,1.0,24,446.0,-2787.0399999999854,5044.64000000002,7831.679999999955,0.6441325488273333,2870.6399999999867,-6.248968609865438,0.36771300448430494,1.6457399103139014,235.0,-1981.400000000002,2337.7600000000016,4319.159999999983,0.5412533918632352,1992.4400000000019,-8.431489361702136,0.32340425531914896,1.3361702127659574
R0098,10,1.5,24,0.382,pullback,short,atr_sl_fixed_tp,12.0,16.0,96,0.7,1.5,1.0,24,443.0,-2721.3199999999883,5352.2400000000225,8073.559999999956,0.6629343189373773,2804.9199999999896,-6.142934537246023,0.3927765237020316,1.6862302483069977,233.0,-2008.920000000002,2430.0400000000022,4438.959999999983,0.5474345342152243,2019.9600000000019,-8.621974248927046,0.33905579399141633,1.3819742489270386
R0099,10,1.5,24,0.382,pullback,short,fixed_sl_atr_tp,12.0,16.0,96,0.7,1.25,1.0,24,452.0,-2088.4800000000014,5306.840000000021,7395.319999999954,0.717594370493779,2193.6000000000026,-4.620530973451331,0.35176991150442477,1.6194690265486726,236.0,-1924.640000000002,2239.960000000001,4164.599999999982,0.5378571771598738,1930.160000000002,-8.155254237288144,0.3008474576271186,1.305084745762712
R0100,10,1.5,24,0.382,pullback,short,fixed_sl_atr_tp,12.0,16.0,96,0.7,1.5,1.0,24,447.0,-2034.2800000000038,5411.52000000002,7445.799999999954,0.7267882564667402,2133.8800000000037,-4.550961968680098,0.3400447427293065,1.7024608501118568,236.0,-1868.640000000002,2295.9600000000014,4164.599999999982,0.5513038467079698,1874.160000000002,-7.917966101694923,0.3008474576271186,1.3135593220338984
R0101,10,1.5,24,0.382,pullback,short,atr_sl_fixed_tp,12.0,20.0,96,0.7,1.25,1.0,24,441.0,-1994.8400000000036,5969.040000000022,7963.879999999954,0.7495140559626785,2133.9600000000037,-4.523446712018148,0.3492063492063492,1.800453514739229,229.0,-1541.9600000000019,2751.9600000000037,4293.919999999983,0.640896896076316,1569.0000000000018,-6.733449781659397,0.31004366812227074,1.4366812227074235
R0102,10,1.5,24,0.382,pullback,short,atr_sl_fixed_tp,12.0,20.0,96,0.7,1.5,1.0,24,438.0,-1855.120000000003,6356.640000000024,8211.759999999955,0.7740898418853034,1988.240000000003,-4.235433789954345,0.3744292237442922,1.8493150684931507,227.0,-1545.4800000000018,2868.2400000000043,4413.719999999983,0.6498463880808061,1604.4000000000017,-6.808281938325999,0.32599118942731276,1.5154185022026432
R0103,10,1.5,24,0.382,pullback,short,fixed_sl_atr_tp,12.0,20.0,96,0.7,1.25,1.0,24,443.0,-1515.3200000000031,6031.4400000000205,7546.759999999953,0.7992091970594081,1656.920000000003,-3.420586907449217,0.32505643340857787,1.81941309255079,231.0,-1472.4400000000019,2666.9200000000033,4139.359999999982,0.6442831742105095,1487.840000000002,-6.374199134199142,0.29004329004329005,1.393939393939394
R0104,10,1.5,24,0.382,pullback,short,fixed_sl_atr_tp,12.0,20.0,96,0.7,1.5,1.0,24,442.0,-1292.0800000000022,6305.160000000021,7597.2399999999525,0.8299277105896431,1493.2000000000016,-2.923257918552041,0.3190045248868778,1.8936651583710407,230.0,-1461.2000000000019,2678.160000000003,4139.359999999982,0.6469985698272231,1486.600000000002,-6.353043478260878,0.28695652173913044,1.4173913043478261
R0105,10,1.5,24,0.382,pullback,short,atr_sl_fixed_tp,12.0,24.0,96,0.7,1.25,1.0,24,430.0,-2202.1999999999966,6100.560000000019,8302.759999999951,0.7347628981206316,2375.7999999999984,-5.1213953488372015,0.30465116279069765,2.0767441860465117,225.0,-1233.0000000000016,3086.160000000005,4319.159999999983,0.7145278248548369,1315.1600000000017,-5.480000000000007,0.29333333333333333,1.5377777777777777
R0106,10,1.5,24,0.382,pullback,short,atr_sl_fixed_tp,12.0,24.0,96,0.7,1.5,1.0,24,426.0,-1981.240000000003,6568.160000000021,8549.399999999954,0.7682597609189015,2148.840000000003,-4.650798122065734,0.33098591549295775,2.140845070422535,223.0,-1296.5200000000018,3179.6800000000053,4476.1999999999825,0.7103525311648312,1360.6800000000017,-5.813991031390143,0.30493273542600896,1.6322869955156951
R0107,10,1.5,24,0.382,pullback,short,fixed_sl_atr_tp,12.0,24.0,96,0.7,1.25,1.0,24,435.0,-1428.4000000000026,6370.760000000018,7799.159999999951,0.8168520712487061,1620.0000000000025,-3.2836781609195462,0.2896551724137931,2.0735632183908046,226.0,-1240.2400000000016,2924.3600000000038,4164.599999999982,0.7021946885655325,1330.8800000000015,-5.487787610619476,0.26991150442477874,1.508849557522124
R0108,10,1.5,24,0.382,pullback,short,fixed_sl_atr_tp,12.0,24.0,96,0.7,1.5,1.0,24,432.0,-1328.6800000000017,6520.960000000018,7849.63999999995,0.8307336387401282,1633.7200000000012,-3.075648148148152,0.2800925925925926,2.1319444444444446,226.0,-1168.2400000000016,2996.360000000004,4164.599999999982,0.7194832636987987,1270.8800000000015,-5.169203539823016,0.26991150442477874,1.5132743362831858
R0109,10,1.5,24,0.5,pullback,short,atr_sl_fixed_tp,8.0,16.0,96,0.7,1.25,1.0,24,397.0,-1948.2800000000032,3414.360000000009,5362.639999999962,0.6366938671997436,2009.9600000000032,-4.907506297229227,0.2795969773299748,1.508816120906801,204.0,-1300.9600000000014,1537.9999999999998,2838.9599999999914,0.5417476822498395,1343.0400000000013,-6.377254901960791,0.24509803921568626,1.2303921568627452
R0110,10,1.5,24,0.5,pullback,short,atr_sl_fixed_tp,8.0,16.0,96,0.7,1.5,1.0,24,394.0,-1856.5600000000031,3660.440000000011,5516.999999999963,0.6634837774152684,1906.2400000000032,-4.712081218274119,0.3020304568527919,1.5380710659898478,204.0,-1420.9600000000016,1568.7599999999998,2989.7199999999903,0.5247180337958086,1451.0400000000016,-6.96549019607844,0.25,1.2401960784313726
R0111,10,1.5,24,0.5,pullback,short,fixed_sl_atr_tp,8.0,16.0,96,0.7,1.25,1.0,24,397.0,-1636.2800000000032,3449.520000000009,5085.799999999963,0.6782649730622585,1693.9600000000032,-4.121612090680109,0.25692695214105793,1.5012594458438286,203.0,-1259.7200000000014,1464.1999999999998,2723.9199999999923,0.5375341419718656,1299.0400000000013,-6.205517241379317,0.22167487684729065,1.2364532019704433
R0112,10,1.5,24,0.5,pullback,short,fixed_sl_atr_tp,8.0,16.0,96,0.7,1.5,1.0,24,397.0,-1644.2800000000032,3527.720000000009,5171.999999999962,0.6820804331013215,1704.5600000000031,-4.141763224181368,0.24433249370277077,1.544080604534005,203.0,-1243.7200000000014,1497.4399999999998,2741.159999999992,0.5462796772169461,1300.1600000000014,-6.126699507389169,0.21674876847290642,1.2463054187192117
R0113,10,1.5,24,0.5,pullback,short,atr_sl_fixed_tp,8.0,20.0,96,0.7,1.25,1.0,24,395.0,-1537.8000000000031,3953.5200000000104,5491.319999999961,0.7199580428749442,1663.4800000000032,-3.8931645569620335,0.2582278481012658,1.650632911392405,201.0,-1305.2400000000014,1627.9199999999998,2933.1599999999903,0.5550055230536368,1335.8800000000015,-6.493731343283589,0.208955223880597,1.3333333333333333
R0114,10,1.5,24,0.5,pullback,short,atr_sl_fixed_tp,8.0,20.0,96,0.7,1.5,1.0,24,391.0,-1436.840000000003,4224.840000000012,5661.679999999961,0.746216670670197,1550.5200000000032,-3.67478260869566,0.27877237851662406,1.6879795396419437,201.0,-1425.2400000000016,1666.6799999999998,3091.919999999989,0.5390437010013214,1447.8800000000015,-7.090746268656725,0.21393034825870647,1.3432835820895523
R0115,10,1.5,24,0.5,pullback,short,fixed_sl_atr_tp,8.0,20.0,96,0.7,1.25,1.0,24,396.0,-1467.040000000003,3808.400000000009,5275.4399999999605,0.7219113476790633,1537.320000000003,-3.704646464646472,0.22727272727272727,1.6616161616161615,201.0,-1191.2400000000014,1601.6399999999999,2792.8799999999915,0.573472544470226,1249.8800000000015,-5.926567164179112,0.19402985074626866,1.3134328358208955
R0116,10,1.5,24,0.5,pullback,short,fixed_sl_atr_tp,8.0,20.0,96,0.7,1.5,1.0,24,396.0,-1375.040000000003,3952.120000000009,5327.15999999996,0.7418812275208627,1455.320000000003,-3.4723232323232396,0.2196969696969697,1.7196969696969697,201.0,-1177.2400000000014,1632.8799999999999,2810.1199999999913,0.5810712709777536,1255.8800000000015,-5.856915422885579,0.1890547263681592,1.3432835820895523
R0117,10,1.5,24,0.5,pullback,short,atr_sl_fixed_tp,8.0,24.0,96,0.7,1.25,1.0,24,394.0,-1521.5600000000031,4183.40000000001,5704.959999999958,0.7332917321068053,1597.840000000003,-3.861827411167521,0.22842639593908629,1.8451776649746192,200.0,-1408.0000000000014,1636.6,3044.599999999989,0.5375418774223234,1478.6400000000012,-7.040000000000007,0.175,1.44
R0118,10,1.5,24,0.5,pullback,short,atr_sl_fixed_tp,8.0,24.0,96,0.7,1.5,1.0,24,389.0,-1363.3600000000029,4510.720000000011,5874.079999999959,0.7679023779042918,1485.720000000003,-3.504781491002578,0.2493573264781491,1.917737789203085,200.0,-1600.0000000000014,1636.6,3236.599999999987,0.5056540814434921,1662.6400000000012,-8.000000000000007,0.175,1.455
R0119,10,1.5,24,0.5,pullback,short,fixed_sl_atr_tp,8.0,24.0,96,0.7,1.25,1.0,24,395.0,-1302.8000000000027,4110.560000000009,5413.359999999959,0.7593361609056187,1393.1600000000026,-3.2982278481012726,0.20506329113924052,1.8556962025316455,200.0,-1240.0000000000014,1639.08,2879.0799999999904,0.5693068619142245,1342.6400000000012,-6.200000000000006,0.165,1.435
R0120,10,1.5,24,0.5,pullback,short,fixed_sl_atr_tp,8.0,24.0,96,0.7,1.5,1.0,24,395.0,-1042.800000000002,4387.800000000009,5430.5999999999585,0.807977019113918,1176.2800000000022,-2.640000000000005,0.20253164556962025,1.9139240506329114,200.0,-1144.0000000000014,1735.08,2879.0799999999904,0.6026508467982847,1272.4400000000014,-5.720000000000007,0.165,1.455
R0121,10,1.5,24,0.5,pullback,short,atr_sl_fixed_tp,10.0,16.0,96,0.7,1.25,1.0,24,391.0,-2237.8399999999983,3875.7600000000125,6113.599999999962,0.6339570792986189,2330.1199999999985,-5.72337595907928,0.32225063938618925,1.618925831202046,202.0,-1494.4800000000016,1784.0799999999997,3278.559999999989,0.5441657312966686,1517.5600000000015,-7.398415841584167,0.2871287128712871,1.306930693069307
R0122,10,1.5,24,0.5,pullback,short,atr_sl_fixed_tp,10.0,16.0,96,0.7,1.5,1.0,24,385.0,-2421.399999999996,3937.280000000013,6358.679999999962,0.6191976951191185,2513.679999999996,-6.289350649350639,0.33246753246753247,1.6805194805194805,199.0,-1434.7600000000016,1876.3599999999997,3311.119999999989,0.5666843847399086,1444.2800000000016,-7.209849246231164,0.3065326633165829,1.3266331658291457
R0123,10,1.5,24,0.5,pullback,short,fixed_sl_atr_tp,10.0,16.0,96,0.7,1.25,1.0,24,392.0,-1994.080000000003,3889.400000000012,5883.479999999961,0.6610713387315054,2119.760000000003,-5.0869387755102125,0.29336734693877553,1.6301020408163265,201.0,-1417.2400000000016,1726.2799999999997,3143.5199999999895,0.5491550872906823,1440.5600000000015,-7.050945273631849,0.263681592039801,1.3333333333333333
R0124,10,1.5,24,0.5,pullback,short,fixed_sl_atr_tp,10.0,16.0,96,0.7,1.5,1.0,24,392.0,-2050.080000000003,3960.8400000000115,6010.91999999996,0.6589407278752734,2158.3600000000033,-5.229795918367355,0.2780612244897959,1.6887755102040816,201.0,-1457.2400000000014,1728.7599999999998,3185.999999999989,0.5426114249843081,1496.5600000000013,-7.2499502487562255,0.2537313432835821,1.3482587064676617
R0125,10,1.5,24,0.5,pullback,short,atr_sl_fixed_tp,10.0,20.0,96,0.7,1.25,1.0,24,387.0,-1999.880000000003,4341.120000000013,6340.99999999996,0.6846112600536256,2142.560000000003,-5.167648578811377,0.28940568475452194,1.79328165374677,199.0,-1516.7600000000016,1899.2399999999998,3415.9999999999877,0.555983606557379,1534.2800000000016,-7.621909547738701,0.24623115577889448,1.4120603015075377
R0126,10,1.5,24,0.5,pullback,short,atr_sl_fixed_tp,10.0,20.0,96,0.7,1.5,1.0,24,382.0,-2133.6800000000007,4457.400000000013,6591.07999999996,0.6762776358351045,2261.3600000000006,-5.585549738219897,0.3010471204188482,1.8403141361256545,196.0,-1513.0400000000016,1976.7599999999998,3489.7999999999874,0.5664393374978528,1530.5600000000015,-7.719591836734701,0.2602040816326531,1.4591836734693877
R0127,10,1.5,24,0.5,pullback,short,fixed_sl_atr_tp,10.0,20.0,96,0.7,1.25,1.0,24,390.0,-2033.600000000003,4168.4800000000105,6202.079999999958,0.672110001805852,2161.280000000003,-5.214358974358983,0.2512820512820513,1.8307692307692307,199.0,-1426.7600000000016,1844.1999999999998,3270.959999999988,0.5638100129625573,1454.2800000000016,-7.169648241206038,0.22613065326633167,1.4170854271356783
R0128,10,1.5,24,0.5,pullback,short,fixed_sl_atr_tp,10.0,20.0,96,0.7,1.5,1.0,24,390.0,-1903.600000000003,4362.200000000011,6265.799999999957,0.6961920265568707,2061.280000000003,-4.881025641025649,0.24358974358974358,1.8897435897435897,199.0,-1326.7600000000014,1944.1999999999998,3270.959999999988,0.5943820774329269,1369.4000000000015,-6.667135678391967,0.22613065326633167,1.4522613065326633
R0129,10,1.5,24,0.5,pullback,short,atr_sl_fixed_tp,10.0,24.0,96,0.7,1.25,1.0,24,383.0,-1816.9200000000028,4697.760000000012,6514.679999999958,0.7211037226694238,1997.6800000000026,-4.74391644908617,0.26370757180156656,2.073107049608355,198.0,-1594.5200000000016,1963.9199999999998,3558.439999999986,0.5519047672575644,1627.1600000000017,-8.05313131313132,0.21212121212121213,1.5303030303030303
R0130,10,1.5,24,0.5,pullback,short,atr_sl_fixed_tp,10.0,24.0,96,0.7,1.5,1.0,24,378.0,-1951.720000000003,4838.040000000013,6789.759999999958,0.7125494862852357,2117.4800000000027,-5.1632804232804315,0.2751322751322751,2.132275132275132,195.0,-1589.8000000000015,2057.44,3647.239999999986,0.564108750726579,1615.3200000000015,-8.15282051282052,0.22564102564102564,1.5794871794871794
R0131,10,1.5,24,0.5,pullback,short,fixed_sl_atr_tp,10.0,24.0,96,0.7,1.25,1.0,24,387.0,-1716.8800000000028,4591.400000000011,6308.279999999957,0.7278370649368833,1914.5600000000027,-4.4363824289405756,0.23255813953488372,2.0671834625322996,198.0,-1297.5200000000013,2037.1599999999999,3334.6799999999876,0.6109011959168519,1364.1600000000012,-6.55313131313132,0.20707070707070707,1.5454545454545454
R0132,10,1.5,24,0.5,pullback,short,fixed_sl_atr_tp,10.0,24.0,96,0.7,1.5,1.0,24,387.0,-1492.8800000000026,4857.880000000011,6350.759999999957,0.7649289218928198,1726.5600000000024,-3.8575710594315313,0.22739018087855298,2.1343669250645996,197.0,-1248.2800000000013,2086.4,3334.6799999999876,0.625667230438905,1338.9200000000014,-6.336446700507621,0.20304568527918782,1.5888324873096447
R0133,10,1.5,24,0.5,pullback,short,atr_sl_fixed_tp,12.0,16.0,96,0.7,1.25,1.0,24,381.0,-2652.439999999992,4121.840000000014,6774.2799999999625,0.6084543302018867,2744.719999999992,-6.961784776902866,0.35170603674540685,1.8083989501312336,198.0,-1697.5200000000016,1937.8799999999997,3635.3999999999874,0.533058260439018,1703.0400000000016,-8.573333333333341,0.3181818181818182,1.404040404040404
R0134,10,1.5,24,0.5,pullback,short,atr_sl_fixed_tp,12.0,16.0,96,0.7,1.5,1.0,24,376.0,-2622.2399999999943,4306.400000000015,6928.639999999964,0.6215361167559633,2736.5999999999945,-6.974042553191475,0.3723404255319149,1.8829787234042554,197.0,-1752.2800000000016,1999.3999999999996,3751.679999999987,0.5329345786421034,1757.8000000000015,-8.894822335025388,0.3299492385786802,1.416243654822335
R0135,10,1.5,24,0.5,pullback,short,fixed_sl_atr_tp,12.0,16.0,96,0.7,1.25,1.0,24,384.0,-2172.1600000000008,4314.520000000014,6486.679999999962,0.6651353234628561,2272.440000000001,-5.656666666666669,0.3307291666666667,1.796875,200.0,-1744.0000000000016,1865.3199999999997,3609.319999999987,0.5168064898651288,1757.5200000000016,-8.720000000000008,0.285,1.42
R0136,10,1.5,24,0.5,pullback,short,fixed_sl_atr_tp,12.0,16.0,96,0.7,1.5,1.0,24,383.0,-2154.9200000000005,4457.960000000015,6612.879999999961,0.6741329042716699,2263.2000000000007,-5.626422976501307,0.31592689295039167,1.8903394255874673,200.0,-1848.0000000000016,1837.0399999999997,3685.0399999999863,0.4985129062371118,1871.3200000000015,-9.240000000000007,0.27,1.445
R0137,10,1.5,24,0.5,pullback,short,atr_sl_fixed_tp,12.0,20.0,96,0.7,1.25,1.0,24,376.0,-2426.2399999999952,4612.440000000014,7038.67999999996,0.6552990049270659,2542.5199999999954,-6.452765957446796,0.31648936170212766,1.9547872340425532,195.0,-1839.8000000000015,2015.5199999999998,3855.3199999999856,0.5227892885674879,1853.3200000000015,-9.434871794871803,0.26666666666666666,1.558974358974359
R0138,10,1.5,24,0.5,pullback,short,atr_sl_fixed_tp,12.0,20.0,96,0.7,1.5,1.0,24,370.0,-2474.799999999995,4767.480000000015,7242.279999999962,0.6582844076727274,2591.0799999999954,-6.688648648648636,0.3324324324324324,2.056756756756757,193.0,-1783.3200000000015,2131.8,3915.1199999999862,0.5445043830074193,1796.8400000000015,-9.240000000000007,0.2849740932642487,1.5803108808290156
R0139,10,1.5,24,0.5,pullback,short,fixed_sl_atr_tp,12.0,20.0,96,0.7,1.25,1.0,24,379.0,-2287.9599999999973,4577.320000000012,6865.279999999959,0.6667346415586896,2424.3199999999974,-6.036833773087064,0.28232189973614774,2.015831134564644,198.0,-1879.5200000000016,1931.7199999999998,3811.2399999999852,0.5068481649017137,1903.0400000000016,-9.49252525252526,0.23737373737373738,1.5353535353535352
R0140,10,1.5,24,0.5,pullback,short,fixed_sl_atr_tp,12.0,20.0,96,0.7,1.5,1.0,24,378.0,-2168.72,4772.2800000000125,6940.999999999958,0.6875493444748655,2341.7200000000016,-5.737354497354497,0.2724867724867725,2.0899470899470898,198.0,-1769.5200000000016,2041.7199999999998,3811.2399999999852,0.5357101625717634,1803.0400000000016,-8.936969696969705,0.23737373737373738,1.5707070707070707
R0141,10,1.5,24,0.5,pullback,short,atr_sl_fixed_tp,12.0,24.0,96,0.7,1.25,1.0,24,372.0,-2292.2799999999975,4978.320000000013,7270.5999999999585,0.6847192803895197,2440.6399999999976,-6.162043010752681,0.28763440860215056,2.2876344086021505,194.0,-1848.5600000000015,2150.9600000000005,3999.5199999999845,0.5378045365443875,1870.0800000000015,-9.528659793814441,0.23711340206185566,1.675257731958763
R0142,10,1.5,24,0.5,pullback,short,atr_sl_fixed_tp,12.0,24.0,96,0.7,1.5,1.0,24,366.0,-2338.8399999999965,5165.360000000014,7504.19999999996,0.6883292023133768,2479.1199999999967,-6.390273224043706,0.30327868852459017,2.4043715846994536,192.0,-1786.0800000000015,2291.240000000001,4077.3199999999847,0.561947553785332,1807.6000000000015,-9.302500000000007,0.2552083333333333,1.6979166666666667
R0143,10,1.5,24,0.5,pullback,short,fixed_sl_atr_tp,12.0,24.0,96,0.7,1.25,1.0,24,375.0,-2038.0000000000027,4978.720000000012,7016.7199999999575,0.7095509012758158,2259.0000000000027,-5.434666666666674,0.25866666666666666,2.3093333333333335,197.0,-1672.2800000000016,2189.4400000000005,3861.719999999985,0.5669598002962434,1705.8000000000015,-8.488730964467013,0.2233502538071066,1.6598984771573604
R0144,10,1.5,24,0.5,pullback,short,fixed_sl_atr_tp,12.0,24.0,96,0.7,1.5,1.0,24,374.0,-1832.7600000000027,5234.440000000012,7067.199999999957,0.7406667421326755,2113.7600000000025,-4.900427807486638,0.25133689839572193,2.390374331550802,196.0,-1611.0400000000016,2250.6800000000007,3861.719999999985,0.5828180189138543,1665.6800000000017,-8.219591836734702,0.2193877551020408,1.7040816326530612
R0145,10,2.0,12,0.382,pullback,short,atr_sl_fixed_tp,8.0,16.0,96,0.7,1.25,1.0,24,560.0,-2242.3999999999965,5167.680000000021,7410.079999999939,0.6973851834258286,2350.5599999999995,-4.004285714285708,0.3,1.3142857142857143,243.0,-1417.3200000000018,1907.1199999999997,3324.439999999985,0.5736665423349522,1612.2400000000016,-5.8325925925926,0.2551440329218107,1.1275720164609053
R0146,10,2.0,12,0.382,pullback,short,atr_sl_fixed_tp,8.0,16.0,96,0.7,1.5,1.0,24,556.0,-2465.4399999999923,5352.2400000000225,7817.679999999938,0.6846327810808405,2573.5999999999954,-4.434244604316533,0.3129496402877698,1.3453237410071943,242.0,-1500.0800000000017,1968.6399999999996,3468.7199999999843,0.5675407643165227,1723.2800000000016,-6.19867768595042,0.2644628099173554,1.1363636363636365
R0147,10,2.0,12,0.382,pullback,short,fixed_sl_atr_tp,8.0,16.0,96,0.7,1.25,1.0,24,566.0,-2061.8400000000042,5075.5200000000195,7137.359999999937,0.7111200780120471,2170.0000000000045,-3.6428268551236824,0.26855123674911663,1.323321554770318,242.0,-1428.0800000000017,1797.0399999999997,3225.119999999986,0.557200972366922,1541.2000000000016,-5.901157024793395,0.2231404958677686,1.1363636363636365
R0148,10,2.0,12,0.382,pullback,short,fixed_sl_atr_tp,8.0,16.0,96,0.7,1.5,1.0,24,562.0,-1912.8800000000047,5241.720000000019,7154.599999999937,0.732636345847436,2021.0400000000045,-3.4037010676156667,0.2615658362989324,1.3629893238434163,242.0,-1292.0800000000017,1933.0399999999997,3225.119999999986,0.5993699459244953,1421.2000000000016,-5.339173553719015,0.2231404958677686,1.140495867768595
R0149,10,2.0,12,0.382,pullback,short,atr_sl_fixed_tp,8.0,20.0,96,0.7,1.25,1.0,24,557.0,-1758.6800000000046,5891.520000000021,7650.199999999935,0.7701131996549203,1931.1200000000044,-3.1574147217235273,0.27289048473967686,1.4380610412926391,240.0,-1153.6000000000017,2209.3200000000006,3362.9199999999846,0.6569647806073325,1548.600000000001,-4.806666666666674,0.2375,1.1875
R0150,10,2.0,12,0.382,pullback,short,atr_sl_fixed_tp,8.0,20.0,96,0.7,1.5,1.0,24,553.0,-2013.7200000000041,6085.320000000022,8099.039999999935,0.7513631245184702,2185.880000000004,-3.641446654611219,0.28390596745027125,1.481012658227848,238.0,-1327.1200000000017,2209.3200000000006,3536.4399999999837,0.6247299544174398,1619.360000000001,-5.57613445378152,0.23949579831932774,1.2100840336134453
R0151,10,2.0,12,0.382,pullback,short,fixed_sl_atr_tp,8.0,20.0,96,0.7,1.25,1.0,24,559.0,-1637.1600000000044,5672.600000000019,7309.759999999935,0.7760309504005698,1813.6000000000042,-2.928729874776394,0.24150268336314848,1.447227191413238,240.0,-1095.6000000000017,2146.76,3242.3599999999856,0.662097978016016,1390.600000000001,-4.5650000000000075,0.2125,1.1791666666666667
R0152,10,2.0,12,0.382,pullback,short,fixed_sl_atr_tp,8.0,20.0,96,0.7,1.5,1.0,24,557.0,-1466.680000000004,5877.560000000019,7344.239999999934,0.8002951973247159,1643.1200000000038,-2.6331777378815153,0.23518850987432674,1.5044883303411132,238.0,-1043.1200000000017,2199.2400000000002,3242.3599999999856,0.6782837192662166,1398.120000000001,-4.38285714285715,0.20588235294117646,1.1974789915966386
R0153,10,2.0,12,0.382,pullback,short,atr_sl_fixed_tp,8.0,24.0,96,0.7,1.25,1.0,24,548.0,-1351.5200000000045,6406.12000000002,7757.639999999934,0.8257820677422611,1540.9200000000044,-2.466277372262782,0.25,1.563868613138686,237.0,-969.8800000000017,2431.520000000002,3401.399999999984,0.7148585876403872,1434.120000000001,-4.092320675105492,0.21940928270042195,1.2320675105485233
R0154,10,2.0,12,0.382,pullback,short,atr_sl_fixed_tp,8.0,24.0,96,0.7,1.5,1.0,24,544.0,-1570.5600000000045,6639.920000000021,8210.479999999934,0.8087127670976696,1759.9600000000044,-2.88705882352942,0.2610294117647059,1.6158088235294117,235.0,-1075.4000000000017,2478.280000000002,3553.6799999999835,0.6973841201233689,1496.880000000001,-4.576170212765964,0.225531914893617,1.2553191489361701
R0155,10,2.0,12,0.382,pullback,short,fixed_sl_atr_tp,8.0,24.0,96,0.7,1.25,1.0,24,552.0,-1292.4800000000039,6137.960000000017,7430.439999999933,0.8260560612830562,1481.8800000000037,-2.3414492753623257,0.21920289855072464,1.5905797101449275,236.0,-864.6400000000017,2377.720000000001,3242.3599999999856,0.73333004354853,1276.880000000001,-3.663728813559329,0.19915254237288135,1.2203389830508475
R0156,10,2.0,12,0.382,pullback,short,fixed_sl_atr_tp,8.0,24.0,96,0.7,1.5,1.0,24,549.0,-1200.7600000000027,6264.160000000017,7464.919999999933,0.8391463002952575,1398.240000000002,-2.187176684881608,0.21129326047358835,1.6265938069216759,236.0,-684.6400000000017,2557.720000000002,3242.3599999999856,0.788845162165834,1168.880000000001,-2.9010169491525497,0.19915254237288135,1.2330508474576272
R0157,10,2.0,12,0.382,pullback,short,atr_sl_fixed_tp,10.0,16.0,96,0.7,1.25,1.0,24,549.0,-2488.7599999999884,5875.160000000026,8363.919999999942,0.7024409606978627,2616.9199999999914,-4.533260473588322,0.34790528233151186,1.4207650273224044,238.0,-1447.1200000000017,2276.240000000001,3723.359999999984,0.6113402947875066,1651.3200000000015,-6.0803361344537885,0.31092436974789917,1.1974789915966386
R0158,10,2.0,12,0.382,pullback,short,atr_sl_fixed_tp,10.0,16.0,96,0.7,1.5,1.0,24,544.0,-2472.559999999992,6182.760000000028,8655.319999999943,0.7143306082270868,2600.7199999999953,-4.545147058823515,0.3694852941176471,1.4779411764705883,238.0,-1459.1200000000017,2399.280000000002,3858.3999999999837,0.6218328840970382,1649.360000000001,-6.130756302521015,0.3277310924369748,1.2142857142857142
R0159,10,2.0,12,0.382,pullback,short,fixed_sl_atr_tp,10.0,16.0,96,0.7,1.25,1.0,24,552.0,-1980.4800000000046,5963.280000000025,7943.75999999994,0.7506873319435721,2108.6400000000044,-3.58782608695653,0.322463768115942,1.4329710144927537,238.0,-1211.1200000000017,2337.2000000000016,3548.319999999985,0.6586779095459292,1424.600000000001,-5.088739495798326,0.29411764705882354,1.2100840336134453
R0160,10,2.0,12,0.382,pullback,short,fixed_sl_atr_tp,10.0,16.0,96,0.7,1.5,1.0,24,548.0,-1747.5200000000045,6217.480000000025,7964.99999999994,0.7806001255492871,1875.6800000000044,-3.1889051094890593,0.3156934306569343,1.4726277372262773,237.0,-1209.8800000000017,2380.9200000000014,3590.7999999999847,0.6630611562882955,1435.360000000001,-5.104978902953594,0.28270042194092826,1.2320675105485233
R0161,10,2.0,12,0.382,pullback,short,atr_sl_fixed_tp,10.0,20.0,96,0.7,1.25,1.0,24,540.0,-1979.6000000000042,6627.9600000000255,8607.55999999994,0.770016125359576,2179.7600000000043,-3.665925925925934,0.31666666666666665,1.5962962962962963,233.0,-1298.9200000000017,2519.4000000000024,3818.3199999999833,0.659818977979848,1509.640000000001,-5.5747639484978615,0.27896995708154504,1.2918454935622317
R0162,10,2.0,12,0.382,pullback,short,atr_sl_fixed_tp,10.0,20.0,96,0.7,1.5,1.0,24,535.0,-2103.4000000000005,6899.280000000027,9002.67999999994,0.7663584621468355,2303.560000000003,-3.93158878504673,0.33271028037383177,1.6504672897196262,232.0,-1257.6800000000017,2674.4400000000032,3932.119999999983,0.680152182537668,1598.400000000001,-5.421034482758627,0.2974137931034483,1.3146551724137931
R0163,10,2.0,12,0.382,pullback,short,fixed_sl_atr_tp,10.0,20.0,96,0.7,1.25,1.0,24,542.0,-1552.0800000000042,6625.320000000023,8177.399999999938,0.8101988407073243,1752.240000000004,-2.8636162361623696,0.2896678966789668,1.584870848708487,234.0,-1030.1600000000017,2603.1200000000026,3633.2799999999843,0.7164655627972559,1389.640000000001,-4.402393162393169,0.26495726495726496,1.2905982905982907
R0164,10,2.0,12,0.382,pullback,short,fixed_sl_atr_tp,10.0,20.0,96,0.7,1.5,1.0,24,540.0,-1289.6000000000033,6930.280000000023,8219.879999999937,0.8431120648963338,1497.2800000000022,-2.3881481481481543,0.2833333333333333,1.6444444444444444,232.0,-1027.6800000000017,2626.840000000003,3654.519999999984,0.7187920711885595,1397.160000000001,-4.4296551724138,0.2543103448275862,1.3275862068965518
R0165,10,2.0,12,0.382,pullback,short,atr_sl_fixed_tp,10.0,24.0,96,0.7,1.25,1.0,24,529.0,-1470.9600000000037,7247.800000000024,8718.759999999938,0.8312879354403694,1696.3600000000035,-2.7806427221172094,0.29300567107750475,1.776937618147448,230.0,-919.2000000000016,2899.120000000004,3818.3199999999833,0.759265855140485,1323.160000000001,-3.9965217391304417,0.26956521739130435,1.3521739130434782
R0166,10,2.0,12,0.382,pullback,short,atr_sl_fixed_tp,10.0,24.0,96,0.7,1.5,1.0,24,523.0,-1512.520000000004,7575.120000000025,9087.63999999994,0.8335629492365538,1737.920000000004,-2.892007648183564,0.30975143403441685,1.8451242829827916,229.0,-845.9600000000016,3086.160000000005,3932.1199999999826,0.7848590582179634,1403.920000000001,-3.6941484716157276,0.28820960698689957,1.3799126637554586
R0167,10,2.0,12,0.382,pullback,short,fixed_sl_atr_tp,10.0,24.0,96,0.7,1.25,1.0,24,533.0,-1064.9200000000028,7239.920000000022,8304.839999999936,0.8717711599501107,1426.800000000002,-1.9979737335834948,0.26641651031894936,1.7673545966228894,230.0,-717.2000000000015,2916.0800000000036,3633.2799999999843,0.8026026070107496,1207.920000000001,-3.118260869565224,0.25217391304347825,1.3652173913043477
R0168,10,2.0,12,0.382,pullback,short,fixed_sl_atr_tp,10.0,24.0,96,0.7,1.5,1.0,24,529.0,-1115.9600000000034,7273.840000000021,8389.799999999936,0.8669861021716938,1361.5600000000022,-2.1095652173913106,0.2533081285444234,1.8147448015122873,230.0,-513.2000000000014,3120.080000000004,3633.2799999999843,0.8587502201867232,1099.9200000000008,-2.231304347826093,0.25217391304347825,1.3782608695652174
R0169,10,2.0,12,0.382,pullback,short,atr_sl_fixed_tp,12.0,16.0,96,0.7,1.25,1.0,24,536.0,-2478.6399999999926,6521.120000000031,8999.759999999946,0.7245882112411964,2578.7999999999956,-4.624328358208942,0.39552238805970147,1.537313432835821,237.0,-1317.8800000000017,2706.880000000004,4024.7599999999843,0.6725568729564035,1605.360000000001,-5.560675105485239,0.37130801687763715,1.2784810126582278
R0170,10,2.0,12,0.382,pullback,short,atr_sl_fixed_tp,12.0,16.0,96,0.7,1.5,1.0,24,531.0,-2446.4399999999937,6828.720000000033,9275.159999999947,0.7362374341790408,2546.5999999999967,-4.607231638418067,0.4180790960451977,1.5875706214689265,234.0,-1358.1600000000017,2768.4000000000046,4126.559999999984,0.6708735605443796,1703.6400000000012,-5.804102564102571,0.38461538461538464,1.3076923076923077
R0171,10,2.0,12,0.382,pullback,short,fixed_sl_atr_tp,12.0,16.0,96,0.7,1.25,1.0,24,538.0,-2179.1200000000003,6503.440000000029,8682.559999999943,0.749023329524941,2279.2800000000034,-4.050408921933086,0.36059479553903345,1.546468401486989,235.0,-1251.400000000002,2636.800000000004,3888.1999999999844,0.6781544159251105,1451.3600000000013,-5.325106382978731,0.3404255319148936,1.297872340425532
R0172,10,2.0,12,0.382,pullback,short,fixed_sl_atr_tp,12.0,16.0,96,0.7,1.5,1.0,24,534.0,-1902.1600000000044,6805.6400000000285,8707.799999999943,0.7815567651990254,2002.3200000000043,-3.5620973782771617,0.3539325842696629,1.595505617977528,234.0,-1194.1600000000017,2719.280000000004,3913.439999999984,0.6948566989656197,1458.120000000001,-5.10324786324787,0.3333333333333333,1.3205128205128205
R0173,10,2.0,12,0.382,pullback,short,atr_sl_fixed_tp,12.0,20.0,96,0.7,1.25,1.0,24,526.0,-2224.2399999999993,7209.360000000029,9433.599999999942,0.7642215061058422,2396.4000000000024,-4.228593155893535,0.35361216730038025,1.726235741444867,230.0,-1083.2000000000019,3023.280000000005,4106.479999999984,0.7362217763145119,1566.4000000000012,-4.7095652173913125,0.3391304347826087,1.4086956521739131
R0174,10,2.0,12,0.382,pullback,short,atr_sl_fixed_tp,12.0,20.0,96,0.7,1.5,1.0,24,521.0,-2218.0399999999995,7558.200000000031,9776.239999999943,0.7731193178563613,2390.2000000000025,-4.257274472168905,0.3742802303262956,1.7927063339731286,228.0,-998.7200000000018,3178.320000000006,4177.039999999984,0.7609024572424536,1555.9200000000012,-4.38035087719299,0.35964912280701755,1.4385964912280702
R0175,10,2.0,12,0.382,pullback,short,fixed_sl_atr_tp,12.0,20.0,96,0.7,1.25,1.0,24,526.0,-1796.2400000000043,7189.200000000026,8985.43999999994,0.8000943748998461,1968.4000000000042,-3.4149049429657876,0.3231939163498099,1.726235741444867,230.0,-973.2000000000016,2990.720000000005,3963.9199999999837,0.7544854588387296,1422.400000000001,-4.231304347826094,0.3130434782608696,1.4086956521739131
R0176,10,2.0,12,0.382,pullback,short,fixed_sl_atr_tp,12.0,20.0,96,0.7,1.5,1.0,24,525.0,-1507.0000000000034,7554.160000000026,9061.15999999994,0.8336857532589731,1679.1600000000033,-2.870476190476197,0.3161904761904762,1.7980952380952382,228.0,-890.7200000000016,3073.200000000005,3963.9199999999837,0.7752931441603306,1419.920000000001,-3.906666666666674,0.30701754385964913,1.4473684210526316
R0177,10,2.0,12,0.382,pullback,short,atr_sl_fixed_tp,12.0,24.0,96,0.7,1.25,1.0,24,513.0,-1626.1200000000042,7902.440000000027,9528.559999999941,0.8293425239490622,1823.520000000004,-3.1698245614035168,0.32943469785575047,1.939571150097466,226.0,-790.2400000000016,3366.720000000006,4156.959999999984,0.809899541972985,1395.920000000001,-3.4966371681416,0.3185840707964602,1.491150442477876
R0178,10,2.0,12,0.382,pullback,short,atr_sl_fixed_tp,12.0,24.0,96,0.7,1.5,1.0,24,507.0,-1516.6800000000035,8323.280000000028,9839.959999999943,0.8458652270944268,1882.2400000000027,-2.9914792899408353,0.3510848126232742,2.0236686390532546,223.0,-804.5200000000018,3460.2400000000066,4264.759999999983,0.8113563248576756,1416.2000000000012,-3.607713004484313,0.33183856502242154,1.5381165919282511
R0179,10,2.0,12,0.382,pullback,short,fixed_sl_atr_tp,12.0,24.0,96,0.7,1.25,1.0,24,517.0,-1289.080000000003,7873.0400000000245,9162.119999999939,0.8593033053485521,1486.480000000003,-2.493384912959387,0.2978723404255319,1.9400386847195359,225.0,-687.0000000000016,3302.1600000000053,3989.1599999999835,0.8277832927232849,1250.680000000001,-3.0533333333333403,0.29333333333333333,1.5022222222222221
R0180,10,2.0,12,0.382,pullback,short,fixed_sl_atr_tp,12.0,24.0,96,0.7,1.5,1.0,24,511.0,-1233.640000000003,7978.960000000024,9212.599999999939,0.8660920912663176,1455.360000000002,-2.4141682974559746,0.2857142857142857,2.003913894324853,225.0,-567.0000000000017,3447.4000000000055,4014.3999999999833,0.8587584695097699,1226.6800000000012,-2.5200000000000076,0.28888888888888886,1.52
R0181,10,2.0,12,0.5,pullback,short,atr_sl_fixed_tp,8.0,16.0,96,0.7,1.25,1.0,24,509.0,-2191.1599999999985,4614.000000000017,6805.159999999946,0.6780149180915737,2207.040000000001,-4.304833005893907,0.29469548133595286,1.3536345776031433,207.0,-1376.6800000000014,1507.2399999999998,2883.919999999991,0.5226358567505356,1484.5600000000015,-6.650628019323678,0.23671497584541062,1.1642512077294687
R0182,10,2.0,12,0.5,pullback,short,atr_sl_fixed_tp,8.0,16.0,96,0.7,1.5,1.0,24,507.0,-2316.6799999999967,4860.080000000019,7176.759999999946,0.6771969523852067,2332.559999999999,-4.569388560157784,0.3116370808678501,1.3944773175542406,207.0,-1424.6800000000014,1568.7599999999998,2993.43999999999,0.524065957560534,1528.5600000000015,-6.882512077294693,0.2463768115942029,1.178743961352657
R0183,10,2.0,12,0.5,pullback,short,fixed_sl_atr_tp,8.0,16.0,96,0.7,1.25,1.0,24,510.0,-1912.4000000000042,4552.600000000016,6464.999999999945,0.704191802010836,1928.280000000004,-3.7498039215686356,0.2647058823529412,1.3392156862745097,206.0,-1479.4400000000014,1347.9199999999998,2827.359999999991,0.47674155395846446,1568.5600000000015,-7.18174757281554,0.20388349514563106,1.1553398058252426
R0184,10,2.0,12,0.5,pullback,short,fixed_sl_atr_tp,8.0,16.0,96,0.7,1.5,1.0,24,508.0,-1733.9200000000042,4765.560000000016,6499.479999999945,0.7332217346618585,1749.800000000004,-3.4132283464567013,0.2578740157480315,1.3956692913385826,206.0,-1423.4400000000014,1403.9199999999998,2827.359999999991,0.4965480165242503,1520.5600000000015,-6.909902912621366,0.20388349514563106,1.1553398058252426
R0185,10,2.0,12,0.5,pullback,short,atr_sl_fixed_tp,8.0,20.0,96,0.7,1.25,1.0,24,499.0,-1670.7600000000039,5232.600000000018,6903.359999999945,0.7579787234042639,1726.6400000000037,-3.348216432865739,0.27054108216432865,1.4789579158316633,205.0,-1234.2000000000014,1705.4399999999998,2939.6399999999903,0.580152671755727,1342.0800000000013,-6.020487804878056,0.2146341463414634,1.2292682926829268
R0186,10,2.0,12,0.5,pullback,short,atr_sl_fixed_tp,8.0,20.0,96,0.7,1.5,1.0,24,496.0,-1911.040000000004,5426.400000000019,7337.439999999944,0.7395494886500006,1966.920000000004,-3.8529032258064597,0.28225806451612906,1.5221774193548387,205.0,-1270.2000000000014,1782.9599999999998,3053.1599999999894,0.5839720158786327,1374.0800000000013,-6.196097560975617,0.22439024390243903,1.2439024390243902
R0187,10,2.0,12,0.5,pullback,short,fixed_sl_atr_tp,8.0,20.0,96,0.7,1.25,1.0,24,501.0,-1289.240000000004,5227.480000000016,6516.719999999945,0.802164278962432,1345.120000000004,-2.5733333333333417,0.24550898203592814,1.4890219560878244,205.0,-1280.2000000000016,1581.6399999999999,2861.8399999999906,0.5526654180527231,1363.3200000000015,-6.244878048780496,0.1902439024390244,1.2
R0188,10,2.0,12,0.5,pullback,short,fixed_sl_atr_tp,8.0,20.0,96,0.7,1.5,1.0,24,500.0,-1192.0000000000043,5393.680000000016,6585.679999999944,0.8190012269044444,1254.9200000000042,-2.384000000000009,0.236,1.552,204.0,-1268.9600000000016,1592.8799999999999,2861.8399999999906,0.5565929611718353,1362.0800000000015,-6.220392156862753,0.18627450980392157,1.2205882352941178
R0189,10,2.0,12,0.5,pullback,short,atr_sl_fixed_tp,8.0,24.0,96,0.7,1.25,1.0,24,490.0,-1143.6000000000033,5798.240000000017,6941.839999999945,0.8352598158413422,1288.3200000000031,-2.333877551020415,0.2530612244897959,1.6306122448979592,203.0,-1235.7200000000016,1776.8799999999999,3012.5999999999894,0.5898161056894398,1331.8800000000017,-6.087290640394096,0.18719211822660098,1.3103448275862069
R0190,10,2.0,12,0.5,pullback,short,atr_sl_fixed_tp,8.0,24.0,96,0.7,1.5,1.0,24,487.0,-1347.8800000000035,6032.040000000018,7379.919999999944,0.8173584537501849,1469.960000000003,-2.76772073921972,0.2648870636550308,1.6817248459958931,203.0,-1331.7200000000016,1823.6399999999999,3155.359999999988,0.577949901120635,1419.6000000000017,-6.560197044334983,0.1921182266009852,1.3349753694581281
R0191,10,2.0,12,0.5,pullback,short,fixed_sl_atr_tp,8.0,24.0,96,0.7,1.25,1.0,24,494.0,-856.5600000000043,5729.120000000015,6585.679999999944,0.8699359823131497,959.4800000000041,-1.7339271255060815,0.22672064777327935,1.6376518218623481,202.0,-1298.4800000000016,1615.08,2913.55999999999,0.5543321572234673,1359.6000000000017,-6.4281188118811965,0.16336633663366337,1.297029702970297
R0192,10,2.0,12,0.5,pullback,short,fixed_sl_atr_tp,8.0,24.0,96,0.7,1.5,1.0,24,490.0,-711.600000000003,5891.320000000015,6602.919999999944,0.8922294984643256,869.7200000000009,-1.4522448979591898,0.21836734693877552,1.7122448979591838,202.0,-1226.4800000000016,1687.08,2913.55999999999,0.5790441933579559,1299.6000000000017,-6.07168316831684,0.16336633663366337,1.311881188118812
R0193,10,2.0,12,0.5,pullback,short,atr_sl_fixed_tp,10.0,16.0,96,0.7,1.25,1.0,24,499.0,-2681.759999999986,5106.160000000021,7787.919999999946,0.6556513163977102,2712.5199999999863,-5.37426853707412,0.33266533066132264,1.4849699398797596,205.0,-1424.2000000000014,1845.5999999999997,3269.799999999989,0.5644381919383467,1507.0800000000015,-6.947317073170739,0.2926829268292683,1.2634146341463415
R0194,10,2.0,12,0.5,pullback,short,atr_sl_fixed_tp,10.0,16.0,96,0.7,1.5,1.0,24,497.0,-2972.2799999999775,5290.720000000022,8262.999999999947,0.6402904514099063,3003.0399999999777,-5.980442655935568,0.3460764587525151,1.517102615694165,204.0,-1406.9600000000014,1937.8799999999997,3344.8399999999883,0.5793640353499738,1484.8400000000015,-6.896862745098046,0.3088235294117647,1.2696078431372548
R0195,10,2.0,12,0.5,pullback,short,fixed_sl_atr_tp,10.0,16.0,96,0.7,1.25,1.0,24,499.0,-2230.7599999999975,5139.5200000000195,7370.279999999946,0.6973303592265229,2261.5199999999977,-4.470460921843682,0.3046092184368738,1.464929859719439,204.0,-1324.9600000000014,1818.5599999999997,3143.5199999999895,0.5785107141039363,1428.8400000000015,-6.494901960784321,0.27450980392156865,1.2696078431372548
R0196,10,2.0,12,0.5,pullback,short,fixed_sl_atr_tp,10.0,16.0,96,0.7,1.5,1.0,24,496.0,-2043.040000000004,5369.720000000019,7412.759999999946,0.7243887566844278,2073.8000000000043,-4.119032258064524,0.2963709677419355,1.530241935483871,204.0,-1296.9600000000014,1867.7999999999997,3164.7599999999893,0.5901869336063418,1421.1200000000015,-6.357647058823536,0.2696078431372549,1.2745098039215685
R0197,10,2.0,12,0.5,pullback,short,atr_sl_fixed_tp,10.0,20.0,96,0.7,1.25,1.0,24,488.0,-2345.119999999997,5658.96000000002,8004.079999999944,0.7070094251931589,2390.24,-4.805573770491797,0.29918032786885246,1.625,202.0,-1185.4800000000014,2131.8,3317.2799999999884,0.6426349298220252,1264.3600000000013,-5.868712871287135,0.2722772277227723,1.3316831683168318
R0198,10,2.0,12,0.5,pullback,short,atr_sl_fixed_tp,10.0,20.0,96,0.7,1.5,1.0,24,484.0,-2690.1599999999903,5814.000000000021,8504.159999999945,0.6836654061071356,2735.279999999993,-5.558181818181798,0.30991735537190085,1.671487603305785,201.0,-1149.2400000000014,2248.080000000001,3397.319999999988,0.6617215923139442,1319.8800000000008,-5.717611940298514,0.2885572139303483,1.3432835820895523
R0199,10,2.0,12,0.5,pullback,short,fixed_sl_atr_tp,10.0,20.0,96,0.7,1.25,1.0,24,488.0,-1675.1200000000038,5801.360000000019,7476.479999999945,0.7759480397192344,1720.2400000000036,-3.4326229508196797,0.2786885245901639,1.6372950819672132,202.0,-1060.4800000000014,2125.52,3185.999999999989,0.6671437539234172,1201.1200000000008,-5.249900990099016,0.25742574257425743,1.3217821782178218
R0200,10,2.0,12,0.5,pullback,short,fixed_sl_atr_tp,10.0,20.0,96,0.7,1.5,1.0,24,486.0,-1502.6400000000042,6037.560000000019,7540.199999999944,0.8007161613750382,1547.760000000004,-3.0918518518518603,0.26954732510288065,1.7078189300411524,201.0,-929.2400000000014,2235.5200000000004,3164.7599999999893,0.7063789987234445,1053.1200000000013,-4.623084577114435,0.25870646766169153,1.3532338308457712
R0201,10,2.0,12,0.5,pullback,short,atr_sl_fixed_tp,10.0,24.0,96,0.7,1.25,1.0,24,475.0,-1790.0000000000039,6219.080000000019,8009.079999999944,0.7765036683364459,1875.1200000000038,-3.768421052631587,0.28,1.8189473684210526,200.0,-1325.0000000000014,2150.9600000000005,3475.959999999987,0.6188103430419247,1503.600000000001,-6.625000000000007,0.23,1.455
R0202,10,2.0,12,0.5,pullback,short,atr_sl_fixed_tp,10.0,24.0,96,0.7,1.5,1.0,24,471.0,-2186.0399999999986,6359.36000000002,8545.399999999945,0.7441851756500645,2271.160000000001,-4.641273885350316,0.28874734607218683,1.8768577494692145,198.0,-1253.5200000000013,2291.240000000001,3544.759999999986,0.646373802457715,1505.640000000001,-6.330909090909098,0.2474747474747475,1.4696969696969697
R0203,10,2.0,12,0.5,pullback,short,fixed_sl_atr_tp,10.0,24.0,96,0.7,1.25,1.0,24,476.0,-1170.2400000000039,6327.480000000018,7497.719999999945,0.8439205518477703,1255.3600000000038,-2.4584873949579915,0.25840336134453784,1.8214285714285714,199.0,-1034.7600000000014,2236.2000000000007,3270.959999999988,0.6836525056864067,1211.8800000000012,-5.1997989949748815,0.22613065326633167,1.4623115577889447
R0204,10,2.0,12,0.5,pullback,short,fixed_sl_atr_tp,10.0,24.0,96,0.7,1.5,1.0,24,472.0,-1313.2800000000038,6290.640000000017,7603.919999999944,0.8272890824732589,1405.4400000000037,-2.7823728813559403,0.24152542372881355,1.9131355932203389,198.0,-1065.5200000000013,2226.6800000000007,3292.199999999988,0.676350160986577,1278.1200000000013,-5.381414141414148,0.21717171717171718,1.5
R0205,10,2.0,12,0.5,pullback,short,atr_sl_fixed_tp,12.0,16.0,96,0.7,1.25,1.0,24,488.0,-3047.119999999977,5536.800000000024,8583.91999999995,0.6450199908666503,3077.8799999999774,-6.244098360655691,0.36885245901639346,1.6290983606557377,197.0,-1318.2800000000016,2122.44,3440.719999999989,0.6168592620149291,1370.6400000000017,-6.691776649746201,0.350253807106599,1.3553299492385786
R0206,10,2.0,12,0.5,pullback,short,atr_sl_fixed_tp,12.0,16.0,96,0.7,1.5,1.0,24,485.0,-3281.399999999973,5752.120000000025,9033.51999999995,0.6367528936671483,3312.159999999973,-6.765773195876233,0.38556701030927837,1.6927835051546392,197.0,-1392.2800000000016,2183.9600000000005,3576.2399999999884,0.6106860837080307,1438.6400000000017,-7.067411167512699,0.3604060913705584,1.385786802030457
R0207,10,2.0,12,0.5,pullback,short,fixed_sl_atr_tp,12.0,16.0,96,0.7,1.25,1.0,24,488.0,-2629.119999999991,5548.640000000022,8177.7599999999475,0.678503648920983,2659.879999999991,-5.387540983606539,0.3360655737704918,1.6168032786885247,197.0,-1284.2800000000013,2072.64,3356.919999999989,0.6174231140450194,1358.6400000000012,-6.51918781725889,0.3248730964467005,1.3705583756345177
R0208,10,2.0,12,0.5,pullback,short,fixed_sl_atr_tp,12.0,16.0,96,0.7,1.5,1.0,24,485.0,-2409.399999999997,5818.840000000022,8228.239999999947,0.7071791780502342,2440.159999999997,-4.967835051546385,0.32783505154639175,1.690721649484536,197.0,-1324.2800000000016,2083.12,3407.3999999999887,0.6113517638081842,1414.6400000000017,-6.722233502538079,0.3147208121827411,1.385786802030457
R0209,10,2.0,12,0.5,pullback,short,atr_sl_fixed_tp,12.0,20.0,96,0.7,1.25,1.0,24,474.0,-2691.7599999999925,6124.080000000023,8815.839999999947,0.6946677798145224,2730.5199999999927,-5.678818565400828,0.3333333333333333,1.7869198312236287,193.0,-1119.3200000000015,2403.1200000000017,3522.4399999999882,0.6822316348894544,1267.800000000001,-5.799585492227987,0.32124352331606215,1.450777202072539
R0210,10,2.0,12,0.5,pullback,short,atr_sl_fixed_tp,12.0,20.0,96,0.7,1.5,1.0,24,471.0,-2976.039999999984,6356.640000000024,9332.679999999948,0.6811162495660474,3014.7999999999843,-6.318556263269605,0.3481953290870488,1.8683651804670913,193.0,-1183.3200000000015,2480.640000000002,3663.9599999999878,0.6770379589296854,1283.800000000001,-6.131191709844567,0.3316062176165803,1.4818652849740932
R0211,10,2.0,12,0.5,pullback,short,fixed_sl_atr_tp,12.0,20.0,96,0.7,1.25,1.0,24,476.0,-1972.240000000004,6306.480000000021,8278.719999999947,0.7617699354489658,2011.000000000004,-4.143361344537824,0.31092436974789917,1.7941176470588236,194.0,-1138.5600000000015,2319.320000000001,3457.8799999999883,0.670734669797682,1200.9200000000014,-5.868865979381451,0.29381443298969073,1.4536082474226804
R0212,10,2.0,12,0.5,pullback,short,fixed_sl_atr_tp,12.0,20.0,96,0.7,1.5,1.0,24,473.0,-1746.520000000004,6582.680000000021,8329.199999999946,0.7903135955433972,1785.280000000004,-3.6924312896406004,0.3023255813953488,1.8773784355179703,193.0,-1003.3200000000015,2429.3200000000015,3432.6399999999885,0.7077118486063233,1111.400000000001,-5.1985492227979355,0.29533678756476683,1.4766839378238341
R0213,10,2.0,12,0.5,pullback,short,atr_sl_fixed_tp,12.0,24.0,96,0.7,1.25,1.0,24,459.0,-2285.159999999998,6593.160000000021,8878.319999999947,0.7426134674127606,2342.2800000000007,-4.978562091503264,0.30718954248366015,2.0348583877995643,191.0,-1232.8400000000015,2478.280000000002,3711.1199999999867,0.6677984004828761,1425.120000000001,-6.4546596858638825,0.2774869109947644,1.5759162303664922
R0214,10,2.0,12,0.5,pullback,short,atr_sl_fixed_tp,12.0,24.0,96,0.7,1.5,1.0,24,456.0,-2533.439999999994,6873.720000000022,9407.159999999947,0.7306902402000243,2590.5599999999968,-5.5557894736841975,0.3223684210526316,2.1184210526315788,191.0,-1292.8400000000015,2571.8000000000025,3864.639999999986,0.6654694874554969,1431.120000000001,-6.768795811518332,0.2879581151832461,1.6073298429319371
R0215,10,2.0,12,0.5,pullback,short,fixed_sl_atr_tp,12.0,24.0,96,0.7,1.25,1.0,24,461.0,-1507.640000000004,6796.32000000002,8303.959999999946,0.8184432487632484,1564.7600000000039,-3.2703687635574923,0.28633405639913234,2.0325379609544467,192.0,-1114.0800000000015,2470.000000000002,3584.079999999987,0.689158724135625,1240.7600000000011,-5.802500000000008,0.2604166666666667,1.5833333333333333
R0216,10,2.0,12,0.5,pullback,short,fixed_sl_atr_tp,12.0,24.0,96,0.7,1.5,1.0,24,456.0,-1693.440000000004,6736.720000000018,8430.159999999945,0.7991212503677346,1750.5600000000038,-3.7136842105263246,0.2675438596491228,2.142543859649123,191.0,-1148.8400000000015,2460.4800000000014,3609.319999999987,0.6817018164086338,1279.2000000000014,-6.014869109947652,0.2513089005235602,1.6230366492146597
R0217,10,2.0,24,0.382,pullback,short,atr_sl_fixed_tp,8.0,16.0,96,0.7,1.25,1.0,24,488.0,-2277.119999999996,4306.400000000015,6583.519999999949,0.6541181617128905,2336.9999999999977,-4.666229508196713,0.28688524590163933,1.346311475409836,230.0,-1657.2000000000019,1630.2799999999997,3287.479999999986,0.4959056785136356,1666.7200000000018,-7.205217391304356,0.23043478260869565,1.1434782608695653
R0218,10,2.0,24,0.382,pullback,short,atr_sl_fixed_tp,8.0,16.0,96,0.7,1.5,1.0,24,484.0,-2656.1599999999867,4367.9200000000155,7024.079999999947,0.6218494094600359,2712.0399999999886,-5.487933884297493,0.29338842975206614,1.3822314049586777,230.0,-1837.2000000000019,1661.0399999999997,3498.239999999985,0.4748216245883664,1885.0800000000017,-7.98782608695653,0.23478260869565218,1.1478260869565218
R0219,10,2.0,24,0.382,pullback,short,fixed_sl_atr_tp,8.0,16.0,96,0.7,1.25,1.0,24,491.0,-2040.840000000003,4251.760000000014,6292.599999999948,0.6756761910815957,2120.720000000003,-4.15649694501019,0.25661914460285135,1.3319755600814664,229.0,-1523.9600000000019,1579.2399999999998,3103.1999999999875,0.5089069347770063,1537.4800000000018,-6.654847161572061,0.21397379912663755,1.1397379912663756
R0220,10,2.0,24,0.382,pullback,short,fixed_sl_atr_tp,8.0,16.0,96,0.7,1.5,1.0,24,488.0,-1805.1200000000042,4487.480000000014,6292.599999999948,0.7131360645838051,1871.480000000004,-3.6990163934426317,0.2520491803278688,1.3852459016393444,229.0,-1451.9600000000019,1651.2399999999998,3103.1999999999875,0.5321087909254983,1465.4800000000018,-6.340436681222715,0.21397379912663755,1.1441048034934498
R0221,10,2.0,24,0.382,pullback,short,atr_sl_fixed_tp,8.0,20.0,96,0.7,1.25,1.0,24,487.0,-1475.8800000000042,5193.840000000017,6669.7199999999475,0.7787193465392938,1583.760000000004,-3.030554414784403,0.2751540041067762,1.431211498973306,227.0,-1405.4800000000018,1899.2399999999998,3304.7199999999857,0.5747052700380086,1453.6400000000017,-6.191541850220273,0.21585903083700442,1.2290748898678414
R0222,10,2.0,24,0.382,pullback,short,atr_sl_fixed_tp,8.0,20.0,96,0.7,1.5,1.0,24,482.0,-1877.6800000000042,5232.600000000018,7110.279999999946,0.7359203856950862,1981.560000000004,-3.895601659751046,0.2800829875518672,1.4730290456431536,226.0,-1680.2400000000018,1860.4799999999998,3540.7199999999843,0.5254524503490838,1716.4000000000017,-7.434690265486734,0.21238938053097345,1.2300884955752212
R0223,10,2.0,24,0.382,pullback,short,fixed_sl_atr_tp,8.0,20.0,96,0.7,1.25,1.0,24,488.0,-1365.120000000004,5013.680000000015,6378.7999999999465,0.7859910955038655,1466.8000000000038,-2.7973770491803363,0.24180327868852458,1.444672131147541,227.0,-1247.4800000000018,1872.9599999999998,3120.4399999999873,0.6002230454679492,1273.2800000000018,-5.495506607929523,0.2026431718061674,1.2026431718061674
R0224,10,2.0,24,0.382,pullback,short,fixed_sl_atr_tp,8.0,20.0,96,0.7,1.5,1.0,24,485.0,-1101.4000000000033,5277.400000000015,6378.7999999999465,0.8273342948517055,1229.8400000000013,-2.270927835051553,0.23711340206185566,1.5072164948453608,226.0,-1216.2400000000018,1904.1999999999998,3120.4399999999873,0.6102344541154476,1242.0400000000018,-5.381592920353991,0.19911504424778761,1.2123893805309736
R0225,10,2.0,24,0.382,pullback,short,atr_sl_fixed_tp,8.0,24.0,96,0.7,1.25,1.0,24,479.0,-1315.9600000000041,5503.680000000016,6819.639999999946,0.8070338023708084,1442.320000000004,-2.747306889352827,0.24634655532359082,1.6096033402922756,226.0,-1316.2400000000018,2057.44,3373.6799999999853,0.6098503711081101,1400.1200000000017,-5.824070796460185,0.19469026548672566,1.3008849557522124
R0226,10,2.0,24,0.382,pullback,short,atr_sl_fixed_tp,8.0,24.0,96,0.7,1.5,1.0,24,474.0,-1721.760000000004,5550.440000000016,7272.199999999944,0.7632408349605426,1844.120000000004,-3.6324050632911478,0.2510548523206751,1.660337552742616,225.0,-1599.0000000000018,2010.6799999999998,3609.6799999999835,0.5570244453802025,1670.8800000000017,-7.1066666666666745,0.19111111111111112,1.3022222222222222
R0227,10,2.0,24,0.382,pullback,short,fixed_sl_atr_tp,8.0,24.0,96,0.7,1.25,1.0,24,481.0,-1094.4400000000032,5387.800000000014,6482.239999999945,0.8311633015747735,1256.120000000003,-2.275343035343042,0.2182952182952183,1.6257796257796258,225.0,-1223.0000000000018,1966.3999999999999,3189.3999999999864,0.6165422963566841,1254.8800000000017,-5.435555555555563,0.17777777777777778,1.2755555555555556
R0228,10,2.0,24,0.382,pullback,short,fixed_sl_atr_tp,8.0,24.0,96,0.7,1.5,1.0,24,478.0,-814.7200000000016,5667.520000000014,6482.239999999945,0.8743150515871152,1235.360000000001,-1.7044351464435181,0.21338912133891214,1.6610878661087867,225.0,-1127.0000000000018,2062.4,3189.3999999999864,0.6466420016304035,1158.8800000000017,-5.008888888888897,0.17777777777777778,1.28
R0229,10,2.0,24,0.382,pullback,short,atr_sl_fixed_tp,10.0,16.0,96,0.7,1.25,1.0,24,476.0,-2641.2399999999866,4829.320000000019,7470.5599999999495,0.6464468527125211,2693.3599999999888,-5.548823529411736,0.32983193277310924,1.4600840336134453,225.0,-1793.0000000000018,1937.8799999999997,3730.879999999984,0.5194163307316257,1840.1200000000017,-7.968888888888897,0.28,1.2266666666666666
R0230,10,2.0,24,0.382,pullback,short,atr_sl_fixed_tp,10.0,16.0,96,0.7,1.5,1.0,24,466.0,-2785.8399999999856,4952.36000000002,7738.199999999952,0.6399886278462757,2833.4399999999873,-5.978197424892673,0.34549356223175964,1.5236051502145922,224.0,-1803.7600000000018,2060.9199999999996,3864.679999999984,0.5332705424511236,1841.3600000000017,-8.052500000000007,0.29910714285714285,1.2767857142857142
R0231,10,2.0,24,0.382,pullback,short,fixed_sl_atr_tp,10.0,16.0,96,0.7,1.25,1.0,24,480.0,-1767.2000000000041,5178.28000000002,6945.47999999995,0.7455611419225247,1840.320000000004,-3.681666666666675,0.31875,1.4375,224.0,-1489.7600000000018,1972.3599999999997,3462.1199999999862,0.569697179762691,1502.8800000000017,-6.650714285714294,0.27232142857142855,1.25
R0232,10,2.0,24,0.382,pullback,short,fixed_sl_atr_tp,10.0,16.0,96,0.7,1.5,1.0,24,476.0,-1602.240000000004,5385.720000000019,6987.95999999995,0.7707141998523257,1665.840000000004,-3.366050420168076,0.3088235294117647,1.495798319327731,224.0,-1393.7600000000018,2068.3599999999997,3462.1199999999862,0.5974258546786385,1414.8800000000017,-6.222142857142865,0.27232142857142855,1.2589285714285714
R0233,10,2.0,24,0.382,pullback,short,atr_sl_fixed_tp,10.0,20.0,96,0.7,1.25,1.0,24,473.0,-1741.520000000004,5814.000000000021,7555.519999999949,0.7695036211935194,1841.640000000004,-3.6818604651162876,0.3171247357293869,1.572938689217759,221.0,-1509.0400000000018,2248.080000000001,3757.119999999984,0.5983519291372142,1539.1600000000017,-6.828235294117655,0.26244343891402716,1.2986425339366516
R0234,10,2.0,24,0.382,pullback,short,atr_sl_fixed_tp,10.0,20.0,96,0.7,1.5,1.0,24,462.0,-1962.880000000004,5891.520000000021,7854.3999999999505,0.7500916683642365,2058.000000000004,-4.248658008658017,0.329004329004329,1.647186147186147,219.0,-1461.5600000000018,2403.1200000000017,3864.679999999984,0.621816036515316,1546.6800000000017,-6.673789954337908,0.2831050228310502,1.356164383561644
R0235,10,2.0,24,0.382,pullback,short,fixed_sl_atr_tp,10.0,20.0,96,0.7,1.25,1.0,24,475.0,-1029.0000000000023,6043.92000000002,7072.919999999949,0.8545155324816431,1237.080000000001,-2.166315789473689,0.29894736842105263,1.5789473684210527,222.0,-1055.2800000000018,2406.8400000000015,3462.1199999999862,0.6951925409864508,1110.4000000000017,-4.753513513513521,0.26576576576576577,1.3063063063063063
R0236,10,2.0,24,0.382,pullback,short,fixed_sl_atr_tp,10.0,20.0,96,0.7,1.5,1.0,24,472.0,-745.2800000000027,6348.88000000002,7094.159999999949,0.8949445741285883,1227.0800000000013,-1.5789830508474634,0.2923728813559322,1.6546610169491525,221.0,-1074.0400000000018,2409.320000000002,3483.359999999986,0.6916655183501021,1091.5600000000018,-4.859909502262451,0.2579185520361991,1.334841628959276
R0237,10,2.0,24,0.382,pullback,short,atr_sl_fixed_tp,10.0,24.0,96,0.7,1.25,1.0,24,462.0,-1764.880000000004,6018.040000000018,7782.919999999947,0.7732367800260133,1887.4800000000039,-3.820086580086589,0.2792207792207792,1.7835497835497836,219.0,-1410.5600000000018,2431.520000000002,3842.0799999999836,0.6328655311706191,1484.9600000000016,-6.440913242009141,0.2374429223744292,1.3972602739726028
R0238,10,2.0,24,0.382,pullback,short,atr_sl_fixed_tp,10.0,24.0,96,0.7,1.5,1.0,24,452.0,-2094.4799999999996,6064.800000000018,8159.279999999948,0.7433008794893737,2212.0800000000017,-4.633805309734512,0.28761061946902655,1.8650442477876106,217.0,-1331.0800000000017,2618.5600000000027,3949.639999999983,0.6629870064107144,1526.4400000000014,-6.134009216589869,0.25806451612903225,1.456221198156682
R0239,10,2.0,24,0.382,pullback,short,fixed_sl_atr_tp,10.0,24.0,96,0.7,1.25,1.0,24,465.0,-926.6000000000025,6337.480000000018,7264.079999999947,0.8724408321494345,1253.840000000001,-1.992688172043016,0.2645161290322581,1.7956989247311828,219.0,-1063.5600000000018,2504.760000000002,3568.319999999985,0.7019437718590296,1109.6400000000017,-4.856438356164392,0.2328767123287671,1.4246575342465753
R0240,10,2.0,24,0.382,pullback,short,fixed_sl_atr_tp,10.0,24.0,96,0.7,1.5,1.0,24,462.0,-814.8800000000022,6512.920000000017,7327.7999999999465,0.8887960915963952,1239.920000000001,-1.7638095238095284,0.2532467532467532,1.8463203463203464,219.0,-943.5600000000018,2624.7600000000025,3568.319999999985,0.7355730427764363,1001.6400000000018,-4.3084931506849395,0.2328767123287671,1.4292237442922375
R0241,10,2.0,24,0.382,pullback,short,atr_sl_fixed_tp,12.0,16.0,96,0.7,1.25,1.0,24,460.0,-2952.3999999999837,5167.680000000021,8120.079999999953,0.6364075230785967,2988.679999999984,-6.418260869565182,0.3652173913043478,1.5869565217391304,222.0,-1889.2800000000018,2214.7200000000007,4103.9999999999845,0.5396491228070197,1910.8800000000017,-8.510270270270277,0.32432432432432434,1.337837837837838
R0242,10,2.0,24,0.382,pullback,short,atr_sl_fixed_tp,12.0,16.0,96,0.7,1.5,1.0,24,456.0,-2897.439999999986,5475.280000000023,8372.719999999954,0.6539428047277412,2933.719999999986,-6.354035087719267,0.39035087719298245,1.6403508771929824,218.0,-2002.3200000000018,2245.480000000001,4247.799999999984,0.5286218748528673,2017.9200000000017,-9.184954128440374,0.3348623853211009,1.385321100917431
R0243,10,2.0,24,0.382,pullback,short,fixed_sl_atr_tp,12.0,16.0,96,0.7,1.25,1.0,24,468.0,-2316.319999999997,5432.3600000000215,7748.679999999951,0.7010690853151834,2365.439999999999,-4.949401709401703,0.344017094017094,1.5427350427350428,221.0,-1850.0400000000018,2087.4,3937.439999999984,0.5301414116786564,1855.5600000000018,-8.371221719457022,0.29411764705882354,1.3122171945701357
R0244,10,2.0,24,0.382,pullback,short,fixed_sl_atr_tp,12.0,16.0,96,0.7,1.5,1.0,24,464.0,-2151.36,5647.800000000021,7799.159999999951,0.7241549089902062,2194.9600000000023,-4.636551724137932,0.33405172413793105,1.6099137931034482,221.0,-1762.0400000000018,2175.4000000000005,3937.439999999984,0.5524909585923873,1767.5600000000018,-7.973031674208153,0.29411764705882354,1.3212669683257918
R0245,10,2.0,24,0.382,pullback,short,atr_sl_fixed_tp,12.0,20.0,96,0.7,1.25,1.0,24,456.0,-2089.4400000000023,6162.840000000023,8252.279999999952,0.7468045194782604,2164.5600000000036,-4.5821052631579,0.34868421052631576,1.7258771929824561,217.0,-1571.0800000000017,2558.1600000000026,4129.239999999984,0.6195232052387394,1683.8400000000013,-7.240000000000008,0.30414746543778803,1.433179723502304
R0246,10,2.0,24,0.382,pullback,short,atr_sl_fixed_tp,12.0,20.0,96,0.7,1.5,1.0,24,452.0,-2036.4800000000039,6511.680000000025,8548.159999999953,0.761763935162662,2105.600000000004,-4.505486725663725,0.37168141592920356,1.7898230088495575,214.0,-1561.3600000000017,2674.4400000000032,4235.799999999984,0.6313895840219117,1654.6800000000012,-7.296074766355148,0.32242990654205606,1.4766355140186915
R0247,10,2.0,24,0.382,pullback,short,fixed_sl_atr_tp,12.0,20.0,96,0.7,1.25,1.0,24,462.0,-1584.880000000004,6315.240000000022,7900.11999999995,0.7993853257925274,1662.4800000000039,-3.430476190476199,0.3225108225108225,1.7056277056277056,219.0,-1449.5600000000018,2513.120000000002,3962.679999999984,0.6341970585563337,1476.6800000000017,-6.618995433789962,0.2831050228310502,1.3835616438356164
R0248,10,2.0,24,0.382,pullback,short,fixed_sl_atr_tp,12.0,20.0,96,0.7,1.5,1.0,24,460.0,-1246.4000000000028,6678.960000000022,7925.35999999995,0.8427326960541937,1424.840000000001,-2.7095652173913103,0.3173913043478261,1.7782608695652173,218.0,-1482.3200000000018,2505.600000000002,3987.9199999999837,0.628297458324142,1495.8400000000017,-6.799633027522944,0.27522935779816515,1.4128440366972477
R0249,10,2.0,24,0.382,pullback,short,atr_sl_fixed_tp,12.0,24.0,96,0.7,1.25,1.0,24,446.0,-2265.039999999996,6345.36000000002,8610.399999999949,0.7369413732230857,2366.639999999998,-5.0785650224215155,0.30493273542600896,1.9730941704035874,214.0,-1399.3600000000017,2805.6000000000035,4204.959999999984,0.6672120543358354,1563.9200000000012,-6.539065420560756,0.2803738317757009,1.5467289719626167
R0250,10,2.0,24,0.382,pullback,short,atr_sl_fixed_tp,12.0,24.0,96,0.7,1.5,1.0,24,441.0,-2132.8399999999997,6766.200000000022,8899.03999999995,0.7603292040489827,2228.440000000002,-4.836371882086167,0.3287981859410431,2.052154195011338,211.0,-1449.6400000000017,2899.120000000004,4348.759999999983,0.6666544026343176,1573.4400000000012,-6.8703317535545105,0.2938388625592417,1.6066350710900474
R0251,10,2.0,24,0.382,pullback,short,fixed_sl_atr_tp,12.0,24.0,96,0.7,1.25,1.0,24,453.0,-1475.7200000000037,6676.800000000019,8152.519999999948,0.8189860313130249,1595.3200000000036,-3.2576600441501187,0.2869757174392936,1.9470198675496688,215.0,-1430.6000000000017,2633.0400000000027,4063.639999999983,0.6479510980303407,1456.6800000000017,-6.653953488372101,0.25116279069767444,1.5162790697674418
R0252,10,2.0,24,0.382,pullback,short,fixed_sl_atr_tp,12.0,24.0,96,0.7,1.5,1.0,24,448.0,-1217.5200000000023,6935.000000000019,8152.519999999948,0.8506572200988238,1472.880000000001,-2.7176785714285763,0.27901785714285715,2.002232142857143,215.0,-1322.6000000000017,2741.040000000003,4063.639999999983,0.6745282554557034,1360.6800000000017,-6.151627906976752,0.25116279069767444,1.5209302325581395
R0253,10,2.0,24,0.5,pullback,short,atr_sl_fixed_tp,8.0,16.0,96,0.7,1.25,1.0,24,401.0,-2061.2400000000034,3383.600000000009,5444.839999999961,0.6214324020540609,2092.0000000000036,-5.140249376558612,0.2743142144638404,1.3890274314214464,173.0,-810.520000000001,1476.4799999999998,2286.999999999998,0.6455968517708793,891.400000000001,-4.685086705202318,0.2774566473988439,1.2369942196531791
R0254,10,2.0,24,0.5,pullback,short,atr_sl_fixed_tp,8.0,16.0,96,0.7,1.5,1.0,24,399.0,-2102.7600000000025,3568.1600000000103,5670.919999999961,0.6292030217319298,2133.5200000000027,-5.2700751879699315,0.2907268170426065,1.413533834586466,173.0,-942.520000000001,1476.4799999999998,2418.999999999997,0.6103679206283595,1019.920000000001,-5.448092485549139,0.2774566473988439,1.2485549132947977
R0255,10,2.0,24,0.5,pullback,short,fixed_sl_atr_tp,8.0,16.0,96,0.7,1.25,1.0,24,399.0,-1710.7600000000032,3426.760000000009,5137.519999999962,0.6670066491225405,1741.5200000000032,-4.287619047619056,0.2531328320802005,1.418546365914787,173.0,-838.5200000000008,1402.6799999999998,2241.1999999999985,0.6258611458147425,957.6000000000008,-4.846936416184976,0.24855491329479767,1.2254335260115607
R0256,10,2.0,24,0.5,pullback,short,fixed_sl_atr_tp,8.0,16.0,96,0.7,1.5,1.0,24,399.0,-1774.7600000000034,3466.2000000000085,5240.959999999961,0.6613673830748631,1805.5200000000034,-4.448020050125322,0.23809523809523808,1.468671679197995,173.0,-822.5200000000008,1435.9199999999998,2258.4399999999982,0.6358017038309633,957.6000000000008,-4.754450867052028,0.24277456647398843,1.23121387283237
R0257,10,2.0,24,0.5,pullback,short,atr_sl_fixed_tp,8.0,20.0,96,0.7,1.25,1.0,24,396.0,-1723.0400000000034,3837.24000000001,5560.27999999996,0.6901163250771611,1761.8000000000034,-4.35111111111112,0.25,1.5126262626262625,170.0,-882.8000000000011,1511.6399999999999,2394.439999999997,0.6313125407193338,960.2000000000011,-5.192941176470595,0.22941176470588234,1.3529411764705883
R0258,10,2.0,24,0.5,pullback,short,atr_sl_fixed_tp,8.0,20.0,96,0.7,1.5,1.0,24,394.0,-1856.5600000000034,3992.2800000000107,5848.839999999959,0.6825763741186353,1895.3200000000033,-4.71208121827412,0.2614213197969543,1.5456852791878173,170.0,-1018.8000000000011,1511.6399999999999,2530.4399999999955,0.5973822734386125,1096.2000000000012,-5.992941176470595,0.22941176470588234,1.3647058823529412
R0259,10,2.0,24,0.5,pullback,short,fixed_sl_atr_tp,8.0,20.0,96,0.7,1.25,1.0,24,397.0,-1586.2800000000034,3740.8800000000087,5327.15999999996,0.7022278287117407,1625.0400000000034,-3.9956675062972375,0.2216624685138539,1.5390428211586902,171.0,-898.040000000001,1446.6,2344.639999999997,0.6169817114780954,995.440000000001,-5.251695906432754,0.2046783625730994,1.3216374269005848
R0260,10,2.0,24,0.5,pullback,short,fixed_sl_atr_tp,8.0,20.0,96,0.7,1.5,1.0,24,396.0,-1467.0400000000034,3894.600000000009,5361.639999999959,0.7263822263337409,1505.8000000000034,-3.704646464646473,0.21464646464646464,1.5909090909090908,170.0,-942.800000000001,1419.08,2361.879999999997,0.6008264602774069,1060.200000000001,-5.545882352941182,0.19411764705882353,1.3411764705882352
R0261,10,2.0,24,0.5,pullback,short,atr_sl_fixed_tp,8.0,24.0,96,0.7,1.25,1.0,24,394.0,-1688.5600000000034,4068.1200000000094,5756.6799999999575,0.70667815476977,1735.3200000000033,-4.285685279187826,0.22081218274111675,1.6903553299492386,169.0,-881.560000000001,1589.84,2471.399999999996,0.6432952982115411,1019.1200000000009,-5.216331360946751,0.20118343195266272,1.4497041420118344
R0262,10,2.0,24,0.5,pullback,short,atr_sl_fixed_tp,8.0,24.0,96,0.7,1.5,1.0,24,392.0,-1814.0800000000033,4255.16000000001,6069.239999999956,0.7011026092229078,1860.8400000000033,-4.627755102040825,0.23214285714285715,1.7372448979591837,169.0,-1025.560000000001,1589.84,2615.3999999999946,0.6078764242563292,1150.960000000001,-6.0684023668639115,0.20118343195266272,1.467455621301775
R0263,10,2.0,24,0.5,pullback,short,fixed_sl_atr_tp,8.0,24.0,96,0.7,1.25,1.0,24,395.0,-1393.8000000000034,4054.0400000000086,5447.839999999958,0.7441554818056403,1440.5600000000034,-3.5286075949367173,0.2,1.70126582278481,169.0,-909.560000000001,1486.8,2396.3599999999965,0.6204410021866507,1090.840000000001,-5.382011834319532,0.17751479289940827,1.4260355029585798
R0264,10,2.0,24,0.5,pullback,short,fixed_sl_atr_tp,8.0,24.0,96,0.7,1.5,1.0,24,392.0,-1246.080000000003,4201.760000000008,5447.839999999958,0.7712708155893052,1292.840000000003,-3.1787755102040895,0.19387755102040816,1.7678571428571428,169.0,-825.5600000000009,1570.8,2396.3599999999965,0.6554941661519982,1030.8400000000008,-4.884970414201188,0.17751479289940827,1.4437869822485208
R0265,10,2.0,24,0.5,pullback,short,atr_sl_fixed_tp,10.0,16.0,96,0.7,1.25,1.0,24,392.0,-2368.0799999999954,3814.240000000012,6182.3199999999615,0.6169593291838721,2398.8399999999956,-6.041020408163254,0.3163265306122449,1.4744897959183674,171.0,-989.0400000000011,1661.0399999999997,2650.079999999995,0.6267886252490502,1041.280000000001,-5.783859649122814,0.3157894736842105,1.3216374269005848
R0266,10,2.0,24,0.5,pullback,short,atr_sl_fixed_tp,10.0,16.0,96,0.7,1.5,1.0,24,388.0,-2619.1199999999862,3875.7600000000125,6494.879999999961,0.5967408173823128,2649.8799999999865,-6.75030927835048,0.3247422680412371,1.5360824742268042,170.0,-936.8000000000011,1753.3199999999997,2690.119999999995,0.6517627466432735,987.1200000000011,-5.510588235294124,0.3352941176470588,1.3294117647058823
R0267,10,2.0,24,0.5,pullback,short,fixed_sl_atr_tp,10.0,16.0,96,0.7,1.25,1.0,24,391.0,-2076.840000000003,3827.8800000000115,5904.719999999961,0.6482746006584625,2107.600000000003,-5.311611253196938,0.289002557544757,1.5191815856777493,170.0,-802.8000000000011,1703.5199999999998,2506.319999999996,0.679689744326344,891.9600000000011,-4.722352941176477,0.3058823529411765,1.3352941176470587
R0268,10,2.0,24,0.5,pullback,short,fixed_sl_atr_tp,10.0,16.0,96,0.7,1.5,1.0,24,390.0,-2111.6000000000026,3899.320000000011,6010.91999999996,0.6487060217071657,2142.360000000003,-5.414358974358981,0.2743589743589744,1.587179487179487,170.0,-834.800000000001,1713.9999999999998,2548.7999999999956,0.6724733207784066,948.9600000000007,-4.9105882352941235,0.29411764705882354,1.3470588235294119
R0269,10,2.0,24,0.5,pullback,short,atr_sl_fixed_tp,10.0,20.0,96,0.7,1.25,1.0,24,387.0,-2194.879999999999,4224.840000000012,6419.719999999959,0.6581034686871139,2233.6399999999994,-5.671524547803616,0.28165374677002586,1.6175710594315245,169.0,-939.5600000000011,1821.7199999999998,2761.279999999994,0.6597375130374333,1009.880000000001,-5.559526627218942,0.2781065088757396,1.4378698224852071
R0270,10,2.0,24,0.5,pullback,short,atr_sl_fixed_tp,10.0,20.0,96,0.7,1.5,1.0,24,384.0,-2406.159999999992,4341.120000000013,6747.279999999959,0.6433881504843492,2444.9199999999923,-6.266041666666646,0.2916666666666667,1.6692708333333333,168.0,-938.3200000000012,1899.2399999999998,2837.5599999999936,0.6693215297650108,979.7200000000012,-5.585238095238102,0.2916666666666667,1.4642857142857142
R0271,10,2.0,24,0.5,pullback,short,fixed_sl_atr_tp,10.0,20.0,96,0.7,1.25,1.0,24,389.0,-2012.3600000000033,4168.4800000000105,6180.839999999958,0.674419658169446,2051.1200000000035,-5.173161953727515,0.2519280205655527,1.6632390745501284,169.0,-779.560000000001,1854.1999999999998,2633.7599999999948,0.7040125144280434,947.7200000000007,-4.612781065088763,0.26627218934911245,1.4378698224852071
R0272,10,2.0,24,0.5,pullback,short,fixed_sl_atr_tp,10.0,20.0,96,0.7,1.5,1.0,24,388.0,-1861.1200000000033,4362.200000000011,6223.319999999958,0.7009441905606718,1899.8800000000033,-4.796701030927844,0.24484536082474226,1.7164948453608246,168.0,-808.320000000001,1846.6799999999998,2654.9999999999945,0.6955480225988714,966.4800000000007,-4.811428571428577,0.25595238095238093,1.4702380952380953
R0273,10,2.0,24,0.5,pullback,short,atr_sl_fixed_tp,10.0,24.0,96,0.7,1.25,1.0,24,382.0,-2193.679999999998,4442.200000000011,6635.879999999957,0.6694213879696498,2240.4399999999982,-5.742617801047115,0.2486910994764398,1.850785340314136,167.0,-1007.0800000000011,1870.3999999999999,2877.4799999999927,0.6500132059996958,1099.320000000001,-6.030419161676653,0.23952095808383234,1.562874251497006
R0274,10,2.0,24,0.5,pullback,short,atr_sl_fixed_tp,10.0,24.0,96,0.7,1.5,1.0,24,379.0,-2405.9599999999896,4582.480000000011,6988.439999999957,0.6557228794981483,2452.71999999999,-6.348179419525039,0.25857519788918204,1.9155672823218997,166.0,-999.840000000001,1963.9199999999998,2963.759999999992,0.6626447485626383,1131.4400000000007,-6.023132530120488,0.25301204819277107,1.5963855421686748
R0275,10,2.0,24,0.5,pullback,short,fixed_sl_atr_tp,10.0,24.0,96,0.7,1.25,1.0,24,385.0,-1853.4000000000033,4476.12000000001,6329.519999999957,0.7071815872293697,1928.600000000003,-4.8140259740259825,0.22597402597402597,1.8597402597402597,166.0,-833.840000000001,1884.8799999999999,2718.719999999994,0.6932968455743894,953.0800000000007,-5.023132530120488,0.2289156626506024,1.5783132530120483
R0276,10,2.0,24,0.5,pullback,short,fixed_sl_atr_tp,10.0,24.0,96,0.7,1.5,1.0,24,382.0,-1749.6800000000032,4601.08000000001,6350.759999999957,0.7244928166077826,1848.880000000003,-4.580314136125663,0.21727748691099477,1.9345549738219896,165.0,-796.600000000001,1922.12,2718.719999999994,0.7069944679849356,934.000000000001,-4.827878787878794,0.22424242424242424,1.6242424242424243
R0277,10,2.0,24,0.5,pullback,short,atr_sl_fixed_tp,12.0,16.0,96,0.7,1.25,1.0,24,380.0,-2863.1999999999803,3998.8000000000134,6861.999999999962,0.5827455552317161,2893.9599999999805,-7.534736842105211,0.34210526315789475,1.65,169.0,-1135.560000000001,1814.8399999999997,2950.3999999999933,0.615116594360088,1148.9600000000012,-6.719289940828409,0.34911242603550297,1.3846153846153846
R0278,10,2.0,24,0.5,pullback,short,atr_sl_fixed_tp,12.0,16.0,96,0.7,1.5,1.0,24,375.0,-2572.9999999999927,4306.400000000015,6879.399999999964,0.6259848242579349,2634.5199999999927,-6.861333333333314,0.37333333333333335,1.7333333333333334,168.0,-1204.320000000001,1845.5999999999997,3049.919999999993,0.6051306263770866,1217.7200000000012,-7.168571428571435,0.35714285714285715,1.3988095238095237
R0279,10,2.0,24,0.5,pullback,short,fixed_sl_atr_tp,12.0,16.0,96,0.7,1.25,1.0,24,381.0,-2456.439999999993,4105.960000000013,6562.399999999961,0.6256796294038822,2487.199999999993,-6.447349081364811,0.31758530183727035,1.6614173228346456,169.0,-1145.560000000001,1757.0399999999997,2902.599999999993,0.605333149590024,1174.9600000000012,-6.778461538461545,0.31952662721893493,1.4023668639053255
R0280,10,2.0,24,0.5,pullback,short,fixed_sl_atr_tp,12.0,16.0,96,0.7,1.5,1.0,24,380.0,-2479.199999999991,4209.400000000012,6688.59999999996,0.6293394731333968,2509.9599999999914,-6.524210526315766,0.3026315789473684,1.7447368421052631,169.0,-1193.560000000001,1759.5199999999998,2953.0799999999927,0.5958253755401155,1238.9600000000012,-7.062485207100598,0.3076923076923077,1.4201183431952662
R0281,10,2.0,24,0.5,pullback,short,atr_sl_fixed_tp,12.0,20.0,96,0.7,1.25,1.0,24,374.0,-2655.759999999985,4457.400000000013,7113.15999999996,0.626641323968537,2694.5199999999854,-7.10096256684488,0.3074866310160428,1.7754010695187166,167.0,-1201.080000000001,1937.9999999999998,3139.0799999999917,0.6173783401506189,1214.600000000001,-7.19209580838324,0.2994011976047904,1.5449101796407185
R0282,10,2.0,24,0.5,pullback,short,atr_sl_fixed_tp,12.0,20.0,96,0.7,1.5,1.0,24,368.0,-2284.3199999999974,4845.0000000000155,7129.319999999962,0.679587955092497,2361.8399999999974,-6.207391304347819,0.33967391304347827,1.9076086956521738,166.0,-1121.8400000000013,2054.2799999999997,3176.1199999999917,0.6467891641373767,1139.680000000001,-6.758072289156634,0.3192771084337349,1.5542168674698795
R0283,10,2.0,24,0.5,pullback,short,fixed_sl_atr_tp,12.0,20.0,96,0.7,1.25,1.0,24,376.0,-2434.2399999999916,4431.040000000012,6865.279999999959,0.6454274261210087,2472.999999999992,-6.474042553191467,0.2765957446808511,1.8164893617021276,168.0,-1196.320000000001,1882.9599999999998,3079.2799999999916,0.611493595905538,1240.640000000001,-7.120952380952387,0.27380952380952384,1.5357142857142858
R0284,10,2.0,24,0.5,pullback,short,fixed_sl_atr_tp,12.0,20.0,96,0.7,1.5,1.0,24,375.0,-2260.9999999999973,4654.760000000012,6915.759999999958,0.6730655777528486,2299.7599999999975,-6.029333333333326,0.2693333333333333,1.8746666666666667,167.0,-1155.080000000001,1924.1999999999998,3079.2799999999916,0.6248863370658092,1234.4800000000007,-6.916646706586833,0.2694610778443114,1.562874251497006
R0285,10,2.0,24,0.5,pullback,short,atr_sl_fixed_tp,12.0,24.0,96,0.7,1.25,1.0,24,369.0,-2719.559999999983,4676.000000000012,7395.559999999958,0.6322712546446839,2766.3199999999833,-7.370081300812962,0.27100271002710025,2.062330623306233,165.0,-1194.600000000001,2057.44,3252.0399999999904,0.6326613448789087,1260.0400000000009,-7.240000000000006,0.26666666666666666,1.6787878787878787
R0286,10,2.0,24,0.5,pullback,short,atr_sl_fixed_tp,12.0,24.0,96,0.7,1.5,1.0,24,363.0,-2298.1199999999967,5143.600000000014,7441.71999999996,0.6911842961035946,2391.6399999999967,-6.330909090909082,0.30303030303030304,2.212121212121212,164.0,-1103.3600000000013,2197.7200000000007,3301.079999999991,0.6657578731809004,1204.800000000001,-6.727804878048788,0.2865853658536585,1.6951219512195121
R0287,10,2.0,24,0.5,pullback,short,fixed_sl_atr_tp,12.0,24.0,96,0.7,1.25,1.0,24,372.0,-2321.279999999993,4745.920000000011,7067.199999999957,0.6715417704324258,2369.719999999997,-6.239999999999981,0.24731182795698925,2.056451612903226,165.0,-1104.600000000001,2025.1599999999999,3129.759999999991,0.6470655896937803,1192.8000000000009,-6.694545454545461,0.24848484848484848,1.6727272727272726
R0288,10,2.0,24,0.5,pullback,short,fixed_sl_atr_tp,12.0,24.0,96,0.7,1.5,1.0,24,370.0,-2282.799999999993,4860.120000000011,7142.919999999956,0.6804108123848567,2355.239999999997,-6.169729729729711,0.23513513513513515,2.135135135135135,164.0,-1067.360000000001,2062.4,3129.759999999991,0.6589642656305934,1168.7600000000011,-6.508292682926836,0.24390243902439024,1.7195121951219512
R0289,14,1.5,12,0.382,pullback,short,atr_sl_fixed_tp,8.0,16.0,96,0.7,1.25,1.0,24,576.0,-2682.2399999999802,5075.400000000021,7757.639999999934,0.6542453632805936,2755.9199999999832,-4.6566666666666325,0.2864583333333333,1.3732638888888888,281.0,-1936.440000000002,1999.3999999999996,3935.839999999978,0.5079982926135237,1983.3600000000022,-6.891245551601431,0.2313167259786477,1.1565836298932384
R0290,14,1.5,12,0.382,pullback,short,atr_sl_fixed_tp,8.0,16.0,96,0.7,1.5,1.0,24,574.0,-2743.7599999999825,5383.000000000023,8126.759999999935,0.6623795953122851,2855.5199999999854,-4.780069686411119,0.3048780487804878,1.4198606271777003,280.0,-2083.2000000000007,2030.1599999999996,4113.359999999977,0.4935527160277756,2118.1200000000013,-7.440000000000002,0.2357142857142857,1.1642857142857144
R0291,14,1.5,12,0.382,pullback,short,fixed_sl_atr_tp,8.0,16.0,96,0.7,1.25,1.0,24,581.0,-2408.4399999999914,4987.5200000000195,7395.959999999934,0.6743573518515601,2482.1199999999944,-4.14533562822718,0.26161790017211706,1.3838209982788297,281.0,-1716.440000000002,2043.1199999999997,3759.559999999979,0.5434465735352039,1791.3600000000022,-6.108327402135239,0.2206405693950178,1.1494661921708185
R0292,14,1.5,12,0.382,pullback,short,fixed_sl_atr_tp,8.0,16.0,96,0.7,1.5,1.0,24,578.0,-2300.7199999999957,5112.48000000002,7413.199999999933,0.6896454972211818,2374.3999999999987,-3.9804844290657364,0.2560553633217993,1.4186851211072664,281.0,-1580.440000000002,2179.1200000000003,3759.559999999979,0.5796210194810064,1671.3600000000022,-5.624341637010684,0.2206405693950178,1.1565836298932384
R0293,14,1.5,12,0.382,pullback,short,atr_sl_fixed_tp,8.0,20.0,96,0.7,1.25,1.0,24,568.0,-2360.3199999999915,5620.20000000002,7980.519999999931,0.7042398239713789,2505.4799999999946,-4.155492957746464,0.25528169014084506,1.5246478873239437,278.0,-1588.720000000002,2364.3600000000015,3953.0799999999776,0.598105780808892,1691.6400000000021,-5.714820143884899,0.21942446043165467,1.2050359712230216
R0294,14,1.5,12,0.382,pullback,short,atr_sl_fixed_tp,8.0,20.0,96,0.7,1.5,1.0,24,566.0,-2421.8399999999915,5969.040000000022,8390.879999999932,0.7113723471197384,2590.8399999999942,-4.278869257950515,0.27208480565371024,1.5865724381625441,277.0,-1727.4800000000023,2403.1200000000017,4130.599999999977,0.5817847286108593,1818.4000000000024,-6.236389891696759,0.22382671480144403,1.2166064981949458
R0295,14,1.5,12,0.382,pullback,short,fixed_sl_atr_tp,8.0,20.0,96,0.7,1.25,1.0,24,572.0,-2063.2800000000025,5505.080000000018,7568.3599999999315,0.7273808328356564,2163.5200000000036,-3.6071328671328713,0.23251748251748253,1.5174825174825175,278.0,-1358.720000000002,2418.0800000000017,3776.799999999979,0.6402457106545264,1493.6400000000021,-4.887482014388497,0.20863309352517986,1.2122302158273381
R0296,14,1.5,12,0.382,pullback,short,fixed_sl_atr_tp,8.0,20.0,96,0.7,1.5,1.0,24,567.0,-2007.0800000000042,5561.280000000018,7568.3599999999315,0.7348064838353445,2117.3200000000043,-3.539823633156974,0.2257495590828924,1.5855379188712522,276.0,-1458.240000000002,2353.0400000000013,3811.2799999999784,0.6173883839550006,1613.1600000000021,-5.283478260869573,0.1956521739130435,1.2463768115942029
R0297,14,1.5,12,0.382,pullback,short,atr_sl_fixed_tp,8.0,24.0,96,0.7,1.25,1.0,24,559.0,-2234.159999999993,5913.520000000018,8147.679999999929,0.7257918818608572,2342.319999999996,-3.996708407871186,0.22719141323792486,1.6762075134168157,275.0,-1373.000000000002,2618.5600000000027,3991.559999999977,0.6560242110853945,1485.160000000002,-4.99272727272728,0.20363636363636364,1.2545454545454546
R0298,14,1.5,12,0.382,pullback,short,atr_sl_fixed_tp,8.0,24.0,96,0.7,1.5,1.0,24,557.0,-2163.6799999999957,6381.12000000002,8544.79999999993,0.746784008987931,2353.5199999999986,-3.884524236983834,0.2459605026929982,1.755834829443447,274.0,-1507.7600000000023,2665.320000000003,4173.079999999976,0.6386937226221443,1607.9200000000021,-5.502773722627746,0.20802919708029197,1.27007299270073
R0299,14,1.5,12,0.382,pullback,short,fixed_sl_atr_tp,8.0,24.0,96,0.7,1.25,1.0,24,560.0,-1895.4000000000049,5759.160000000016,7654.55999999993,0.7523828933341784,2003.5600000000047,-3.384642857142866,0.20714285714285716,1.7035714285714285,274.0,-1287.760000000002,2540.760000000002,3828.519999999978,0.6636402578542143,1435.920000000002,-4.6998540145985475,0.18613138686131386,1.2773722627737227
R0300,14,1.5,12,0.382,pullback,short,fixed_sl_atr_tp,8.0,24.0,96,0.7,1.5,1.0,24,558.0,-1852.9200000000042,5836.120000000016,7689.03999999993,0.7590180308595181,1961.080000000004,-3.32064516129033,0.2007168458781362,1.7401433691756272,274.0,-1131.760000000002,2696.7600000000025,3828.519999999978,0.7043870738562207,1303.920000000002,-4.130510948905117,0.18613138686131386,1.281021897810219
R0301,14,1.5,12,0.382,pullback,short,atr_sl_fixed_tp,10.0,16.0,96,0.7,1.25,1.0,24,565.0,-2890.599999999978,5844.400000000026,8734.999999999938,0.6690784201488342,3046.839999999981,-5.116106194690227,0.336283185840708,1.511504424778761,276.0,-2061.240000000001,2399.280000000002,4460.519999999977,0.5378924430335509,2079.040000000002,-7.4682608695652215,0.2826086956521739,1.2282608695652173
R0302,14,1.5,12,0.382,pullback,short,atr_sl_fixed_tp,10.0,16.0,96,0.7,1.5,1.0,24,561.0,-3039.6399999999767,6090.480000000028,9130.119999999939,0.6670755696529803,3185.8799999999796,-5.418253119429548,0.35294117647058826,1.5632798573975044,275.0,-2180.9999999999995,2460.8000000000025,4641.7999999999765,0.5301391701495142,2198.8000000000006,-7.930909090909089,0.2909090909090909,1.2436363636363637
R0303,14,1.5,12,0.382,pullback,short,fixed_sl_atr_tp,10.0,16.0,96,0.7,1.25,1.0,24,565.0,-2620.599999999987,5705.480000000024,8326.079999999936,0.6852540451208814,2750.83999999999,-4.638230088495552,0.30619469026548674,1.5168141592920354,277.0,-1699.480000000002,2528.5200000000027,4227.999999999978,0.598041627246929,1747.9200000000021,-6.135306859205784,0.2779783393501805,1.220216606498195
R0304,14,1.5,12,0.382,pullback,short,fixed_sl_atr_tp,10.0,16.0,96,0.7,1.5,1.0,24,562.0,-2580.879999999988,5808.920000000024,8389.799999999936,0.6923788409735713,2709.039999999991,-4.592313167259765,0.297153024911032,1.5533807829181494,276.0,-1654.240000000002,2595.000000000003,4249.239999999978,0.6106974423661682,1718.680000000002,-5.993623188405804,0.2717391304347826,1.2391304347826086
R0305,14,1.5,12,0.382,pullback,short,atr_sl_fixed_tp,10.0,20.0,96,0.7,1.25,1.0,24,554.0,-2406.959999999989,6550.440000000025,8957.399999999936,0.7312880969924389,2667.199999999992,-4.344693140794204,0.30505415162454874,1.7166064981949458,271.0,-1751.0400000000022,2751.9600000000037,4502.999999999976,0.6111392405063332,1832.4800000000023,-6.461402214022148,0.26199261992619927,1.3099630996309963
R0306,14,1.5,12,0.382,pullback,short,atr_sl_fixed_tp,10.0,20.0,96,0.7,1.5,1.0,24,551.0,-2673.239999999982,6783.000000000026,9456.239999999936,0.7173041293368265,2923.479999999985,-4.851615245009042,0.3176043557168784,1.7640653357531761,269.0,-1893.5600000000022,2790.720000000004,4684.279999999976,0.5957628493599909,1960.0000000000023,-7.039256505576216,0.26765799256505574,1.3308550185873607
R0307,14,1.5,12,0.382,pullback,short,fixed_sl_atr_tp,10.0,20.0,96,0.7,1.25,1.0,24,556.0,-2269.439999999995,6311.520000000022,8580.959999999934,0.7355260949823879,2479.839999999998,-4.081726618705027,0.2733812949640288,1.6762589928057554,271.0,-1476.040000000002,2815.680000000004,4291.7199999999775,0.6560726235635174,1592.480000000002,-5.446642066420671,0.25092250922509224,1.3247232472324724
R0308,14,1.5,12,0.382,pullback,short,fixed_sl_atr_tp,10.0,20.0,96,0.7,1.5,1.0,24,551.0,-2223.2399999999957,6378.960000000022,8602.199999999933,0.7415498360884508,2423.3999999999987,-4.034918330308522,0.26497277676951,1.7513611615245008,269.0,-1573.560000000002,2760.6400000000035,4334.199999999977,0.6369433805546625,1710.000000000002,-5.849665427509301,0.2379182156133829,1.3680297397769516
R0309,14,1.5,12,0.382,pullback,short,atr_sl_fixed_tp,10.0,24.0,96,0.7,1.25,1.0,24,542.0,-1923.0800000000029,7129.280000000023,9052.359999999935,0.7875603709971847,2244.5600000000027,-3.5481180811808173,0.2822878228782288,1.918819188191882,268.0,-1396.320000000002,3132.920000000005,4529.239999999976,0.6917098674391337,1563.000000000002,-5.210149253731351,0.25,1.3843283582089552
R0310,14,1.5,12,0.382,pullback,short,atr_sl_fixed_tp,10.0,24.0,96,0.7,1.5,1.0,24,538.0,-2042.1200000000015,7456.600000000025,9498.719999999936,0.7850110330655157,2373.040000000002,-3.7957620817843893,0.29739776951672864,1.9739776951672863,266.0,-1535.840000000002,3179.6800000000053,4715.519999999976,0.6743010314875182,1687.5200000000018,-5.773834586466172,0.2556390977443609,1.406015037593985
R0311,14,1.5,12,0.382,pullback,short,fixed_sl_atr_tp,10.0,24.0,96,0.7,1.25,1.0,24,542.0,-1925.0800000000038,6719.60000000002,8644.679999999933,0.7773104383273959,2150.4800000000037,-3.551808118081188,0.24907749077490776,1.8911439114391144,267.0,-1267.0800000000017,3067.1200000000044,4334.199999999977,0.7076553919985281,1472.7600000000018,-4.745617977528096,0.23220973782771537,1.4194756554307115
R0312,14,1.5,12,0.382,pullback,short,fixed_sl_atr_tp,10.0,24.0,96,0.7,1.5,1.0,24,539.0,-1981.3600000000029,6727.04000000002,8708.399999999932,0.7724771485003069,2206.760000000003,-3.675992578849727,0.23933209647495363,1.9369202226345084,267.0,-1099.0800000000015,3235.120000000005,4334.199999999977,0.7464168704720645,1328.7600000000016,-4.116404494382028,0.23220973782771537,1.4232209737827715
R0313,14,1.5,12,0.382,pullback,short,atr_sl_fixed_tp,12.0,16.0,96,0.7,1.25,1.0,24,554.0,-2900.959999999987,6551.880000000031,9452.839999999942,0.6931123344941913,3011.19999999999,-5.236389891696727,0.3844765342960289,1.628158844765343,275.0,-1965.0000000000023,2891.4400000000055,4856.439999999978,0.5953826259564658,1974.8000000000022,-7.1454545454545535,0.3418181818181818,1.309090909090909
R0314,14,1.5,12,0.382,pullback,short,atr_sl_fixed_tp,12.0,16.0,96,0.7,1.5,1.0,24,549.0,-2892.7599999999875,6859.480000000033,9752.239999999943,0.7033748144016219,3074.71999999999,-5.269143897996334,0.40619307832422585,1.6775956284153006,271.0,-1732.0400000000022,3076.000000000007,4808.039999999979,0.6397617324315148,1756.4800000000023,-6.391291512915138,0.36900369003690037,1.3579335793357934
R0315,14,1.5,12,0.382,pullback,short,fixed_sl_atr_tp,12.0,16.0,96,0.7,1.25,1.0,24,554.0,-2550.9599999999937,6484.960000000029,9035.91999999994,0.7176867435745417,2697.1999999999966,-4.604620938628147,0.35379061371841153,1.6552346570397112,276.0,-1622.240000000002,2997.920000000006,4620.159999999978,0.6488779609364221,1648.040000000002,-5.877681159420297,0.3333333333333333,1.2971014492753623
R0316,14,1.5,12,0.382,pullback,short,fixed_sl_atr_tp,12.0,16.0,96,0.7,1.5,1.0,24,551.0,-2379.2399999999952,6707.160000000029,9086.39999999994,0.7381537242472347,2549.479999999998,-4.31803992740471,0.3466424682395644,1.7114337568058076,275.0,-1573.000000000002,3072.400000000006,4645.399999999978,0.6613854565807079,1614.800000000002,-5.720000000000008,0.32727272727272727,1.32
R0317,14,1.5,12,0.382,pullback,short,atr_sl_fixed_tp,12.0,20.0,96,0.7,1.25,1.0,24,543.0,-2741.3199999999856,7170.600000000029,9911.919999999938,0.723431988958756,2955.5599999999886,-5.048471454880268,0.3406998158379374,1.850828729281768,266.0,-1689.8400000000022,3217.0800000000063,4906.919999999977,0.6556210413049369,1728.2800000000022,-6.352781954887226,0.31203007518796994,1.4285714285714286
R0318,14,1.5,12,0.382,pullback,short,atr_sl_fixed_tp,12.0,20.0,96,0.7,1.5,1.0,24,537.0,-2797.8799999999874,7480.68000000003,10278.55999999994,0.7277945548792899,3125.1199999999894,-5.210204841713198,0.35940409683426444,1.9217877094972067,262.0,-1420.8800000000022,3449.6400000000076,4870.519999999979,0.7082693429038425,1517.3200000000022,-5.4232061068702375,0.33969465648854963,1.5038167938931297
R0319,14,1.5,12,0.382,pullback,short,fixed_sl_atr_tp,12.0,20.0,96,0.7,1.25,1.0,24,543.0,-2251.319999999996,7137.960000000026,9389.279999999937,0.76022442615409,2517.719999999999,-4.146077348066291,0.3149171270718232,1.856353591160221,267.0,-1405.0800000000022,3290.800000000006,4695.879999999977,0.7007845174919338,1481.5200000000023,-5.262471910112367,0.299625468164794,1.4382022471910112
R0320,14,1.5,12,0.382,pullback,short,fixed_sl_atr_tp,12.0,20.0,96,0.7,1.5,1.0,24,540.0,-2169.5999999999985,7295.400000000026,9464.999999999936,0.7707765451664105,2470.360000000001,-4.017777777777775,0.3055555555555556,1.9259259259259258,265.0,-1500.6000000000022,3245.7600000000057,4746.359999999977,0.6838419336080747,1597.0400000000022,-5.66264150943397,0.28679245283018867,1.4943396226415093
R0321,14,1.5,12,0.382,pullback,short,atr_sl_fixed_tp,12.0,24.0,96,0.7,1.25,1.0,24,530.0,-2038.2000000000019,7924.200000000027,9962.399999999938,0.7954107443989477,2387.680000000002,-3.845660377358494,0.32075471698113206,2.077358490566038,262.0,-1506.880000000002,3507.000000000007,5013.8799999999765,0.699458303748798,1634.5600000000018,-5.751450381679397,0.2862595419847328,1.5267175572519085
R0322,14,1.5,12,0.382,pullback,short,atr_sl_fixed_tp,12.0,24.0,96,0.7,1.5,1.0,24,523.0,-2005.5200000000032,8298.280000000028,10303.79999999994,0.805361128903907,2620.4400000000023,-3.8346462715105223,0.3403441682600382,2.1625239005736137,258.0,-1279.920000000002,3740.800000000008,5020.719999999977,0.7450724198919727,1389.6000000000017,-4.960930232558147,0.31007751937984496,1.6162790697674418
R0323,14,1.5,12,0.382,pullback,short,fixed_sl_atr_tp,12.0,24.0,96,0.7,1.25,1.0,24,531.0,-1799.4400000000035,7716.0400000000245,9515.479999999936,0.8108934073740974,2196.720000000003,-3.388775894538613,0.2900188323917137,2.080979284369115,262.0,-1368.880000000002,3453.200000000006,4822.079999999976,0.7161225031521715,1538.560000000002,-5.224732824427488,0.26717557251908397,1.5687022900763359
R0324,14,1.5,12,0.382,pullback,short,fixed_sl_atr_tp,12.0,24.0,96,0.7,1.5,1.0,24,527.0,-1830.4800000000032,7760.720000000024,9591.199999999935,0.809150054216373,2242.240000000003,-3.4733965844402337,0.27893738140417457,2.1366223908918407,262.0,-1284.880000000002,3562.4400000000064,4847.319999999976,0.7349298168885124,1478.560000000002,-4.904122137404587,0.2633587786259542,1.5763358778625953
R0325,14,1.5,12,0.5,pullback,short,atr_sl_fixed_tp,8.0,16.0,96,0.7,1.25,1.0,24,474.0,-1867.7600000000039,4398.680000000016,6266.439999999952,0.7019424106829475,1923.9200000000037,-3.940421940928278,0.30168776371308015,1.379746835443038,230.0,-1453.2000000000016,1722.5599999999997,3175.7599999999875,0.5424087462528675,1453.2000000000016,-6.318260869565225,0.24347826086956523,1.173913043478261
R0326,14,1.5,12,0.5,pullback,short,atr_sl_fixed_tp,8.0,16.0,96,0.7,1.5,1.0,24,472.0,-1881.2800000000038,4675.520000000018,6556.799999999952,0.7130795510004959,1933.4400000000037,-3.9857627118644148,0.3220338983050847,1.4194915254237288,230.0,-1573.2000000000019,1753.3199999999997,3326.5199999999863,0.5270733379026752,1573.2000000000019,-6.840000000000008,0.24782608695652175,1.182608695652174
R0327,14,1.5,12,0.5,pullback,short,fixed_sl_atr_tp,8.0,16.0,96,0.7,1.25,1.0,24,476.0,-1518.2400000000039,4412.320000000015,5930.559999999952,0.7439971941941488,1568.6000000000038,-3.189579831932781,0.2773109243697479,1.3634453781512605,230.0,-1413.2000000000016,1655.5199999999998,3068.719999999988,0.5394822597043739,1413.2000000000016,-6.144347826086964,0.22608695652173913,1.1695652173913043
R0328,14,1.5,12,0.5,pullback,short,fixed_sl_atr_tp,8.0,16.0,96,0.7,1.5,1.0,24,474.0,-1515.760000000004,4483.760000000015,5999.519999999951,0.7473531215830685,1566.120000000004,-3.1978059071730045,0.26582278481012656,1.4303797468354431,230.0,-1357.2000000000016,1711.5199999999998,3068.719999999988,0.5577309106076822,1357.2000000000016,-5.900869565217398,0.22608695652173913,1.1695652173913043
R0329,14,1.5,12,0.5,pullback,short,atr_sl_fixed_tp,8.0,20.0,96,0.7,1.25,1.0,24,468.0,-1132.3200000000031,5193.840000000017,6326.159999999952,0.8210099017413498,1304.6400000000026,-2.419487179487186,0.2863247863247863,1.5277777777777777,228.0,-1254.7200000000018,1976.7599999999998,3231.479999999987,0.6117197073786649,1281.360000000002,-5.50315789473685,0.2236842105263158,1.2324561403508771
R0330,14,1.5,12,0.5,pullback,short,atr_sl_fixed_tp,8.0,20.0,96,0.7,1.5,1.0,24,465.0,-1184.6000000000033,5465.160000000019,6649.759999999951,0.821858232477572,1318.1600000000028,-2.547526881720437,0.3032258064516129,1.578494623655914,228.0,-1370.7200000000018,2015.5199999999998,3386.2399999999857,0.5952088452088476,1385.360000000002,-6.0119298245614115,0.22807017543859648,1.2412280701754386
R0331,14,1.5,12,0.5,pullback,short,fixed_sl_atr_tp,8.0,20.0,96,0.7,1.25,1.0,24,469.0,-985.5600000000038,5031.200000000015,6016.759999999951,0.8361975548301838,1075.9200000000037,-2.101407249466959,0.255863539445629,1.5628997867803838,228.0,-1182.7200000000016,1920.4799999999998,3103.1999999999875,0.6188708430007758,1221.3600000000017,-5.187368421052638,0.21052631578947367,1.219298245614035
R0332,14,1.5,12,0.5,pullback,short,fixed_sl_atr_tp,8.0,20.0,96,0.7,1.5,1.0,24,469.0,-909.560000000004,5176.160000000014,6085.71999999995,0.8505419243737893,1061.1200000000024,-1.9393603411513944,0.24733475479744135,1.603411513859275,228.0,-1198.7200000000016,1921.7199999999998,3120.4399999999873,0.6158490469292817,1237.3600000000017,-5.25754385964913,0.20614035087719298,1.236842105263158
R0333,14,1.5,12,0.5,pullback,short,atr_sl_fixed_tp,8.0,24.0,96,0.7,1.25,1.0,24,464.0,-808.3600000000032,5679.720000000017,6488.07999999995,0.8754084413262568,1102.1600000000028,-1.7421551724138,0.2629310344827586,1.7004310344827587,226.0,-1328.2400000000018,2010.6799999999998,3338.9199999999855,0.602194721646523,1335.8400000000017,-5.877168141592929,0.1902654867256637,1.336283185840708
R0334,14,1.5,12,0.5,pullback,short,atr_sl_fixed_tp,8.0,24.0,96,0.7,1.5,1.0,24,461.0,-756.6400000000025,6053.800000000018,6810.43999999995,0.888899982967336,1091.680000000002,-1.6413015184381832,0.28199566160520606,1.772234273318872,226.0,-1512.2400000000018,2010.6799999999998,3522.919999999984,0.5707424522839034,1512.2400000000018,-6.691327433628326,0.1902654867256637,1.3539823008849559
R0335,14,1.5,12,0.5,pullback,short,fixed_sl_atr_tp,8.0,24.0,96,0.7,1.25,1.0,24,468.0,-517.3200000000039,5620.120000000015,6137.43999999995,0.9157107849526939,812.8800000000024,-1.1053846153846238,0.23931623931623933,1.6987179487179487,226.0,-1276.2400000000016,1930.3999999999999,3206.6399999999862,0.6020008482399047,1295.8400000000015,-5.647079646017707,0.17699115044247787,1.336283185840708
R0336,14,1.5,12,0.5,pullback,short,fixed_sl_atr_tp,8.0,24.0,96,0.7,1.5,1.0,24,465.0,-409.6000000000038,5745.0800000000145,6154.679999999949,0.9334490176581174,708.8800000000023,-0.8808602150537715,0.23225806451612904,1.7548387096774194,226.0,-1216.2400000000016,1990.3999999999999,3206.6399999999862,0.6207120225532047,1235.8400000000015,-5.381592920353989,0.17699115044247787,1.3539823008849559
R0337,14,1.5,12,0.5,pullback,short,atr_sl_fixed_tp,10.0,16.0,96,0.7,1.25,1.0,24,467.0,-2353.079999999995,4860.080000000019,7213.159999999952,0.6737795917462044,2447.6799999999957,-5.038715203426113,0.33832976445396146,1.5160599571734474,226.0,-1323.2400000000016,2183.9600000000005,3507.1999999999866,0.6227075729927033,1323.2400000000016,-5.8550442477876175,0.3141592920353982,1.2699115044247788
R0338,14,1.5,12,0.5,pullback,short,atr_sl_fixed_tp,10.0,16.0,96,0.7,1.5,1.0,24,463.0,-2588.1199999999835,5013.88000000002,7601.999999999952,0.6595474875032954,2677.7199999999843,-5.589892008639273,0.35205183585313177,1.568034557235421,225.0,-1393.0000000000016,2245.480000000001,3638.479999999986,0.6171478199687808,1393.0000000000016,-6.191111111111118,0.3244444444444444,1.2755555555555556
R0339,14,1.5,12,0.5,pullback,short,fixed_sl_atr_tp,10.0,16.0,96,0.7,1.25,1.0,24,468.0,-1888.3200000000036,4929.720000000018,6818.039999999952,0.7230406392453042,2003.9200000000035,-4.034871794871803,0.3141025641025641,1.4871794871794872,226.0,-1132.2400000000016,2202.4400000000005,3334.6799999999876,0.6604651720704862,1132.2400000000016,-5.009911504424786,0.3053097345132743,1.2699115044247788
R0340,14,1.5,12,0.5,pullback,short,fixed_sl_atr_tp,10.0,16.0,96,0.7,1.5,1.0,24,465.0,-1960.6000000000038,4963.640000000018,6924.239999999951,0.716849791457265,2045.4400000000037,-4.216344086021514,0.2989247311827957,1.5634408602150538,226.0,-1120.2400000000016,2235.6800000000007,3355.9199999999873,0.6661898972561948,1120.2400000000016,-4.956814159292042,0.3008849557522124,1.2743362831858407
R0341,14,1.5,12,0.5,pullback,short,atr_sl_fixed_tp,10.0,20.0,96,0.7,1.25,1.0,24,459.0,-1654.1600000000033,5658.96000000002,7313.119999999951,0.7738092633513546,1810.5600000000031,-3.6038344226579593,0.31808278867102396,1.6884531590413943,221.0,-1074.0400000000016,2480.640000000002,3554.679999999986,0.697851846017085,1079.2000000000016,-4.85990950226245,0.2895927601809955,1.3484162895927603
R0342,14,1.5,12,0.5,pullback,short,atr_sl_fixed_tp,10.0,20.0,96,0.7,1.5,1.0,24,454.0,-1902.9600000000034,5814.000000000021,7716.959999999951,0.7534054860981602,2054.3600000000033,-4.191541850220272,0.3303964757709251,1.7533039647577093,220.0,-1132.8000000000018,2558.1600000000026,3690.9599999999855,0.6930879771116492,1132.8000000000018,-5.149090909090917,0.3,1.3590909090909091
R0343,14,1.5,12,0.5,pullback,short,fixed_sl_atr_tp,10.0,20.0,96,0.7,1.25,1.0,24,458.0,-1437.9200000000033,5507.560000000018,6945.47999999995,0.7929703922551151,1570.5600000000031,-3.1395633187772995,0.28602620087336245,1.7096069868995634,221.0,-894.0400000000017,2483.120000000002,3377.159999999987,0.7352686872993911,914.2000000000016,-4.045429864253401,0.28054298642533937,1.3438914027149322
R0344,14,1.5,12,0.5,pullback,short,fixed_sl_atr_tp,10.0,20.0,96,0.7,1.5,1.0,24,457.0,-1226.6800000000037,5761.280000000018,6987.95999999995,0.8244580678767565,1369.3200000000036,-2.6842013129102926,0.2800875273522976,1.7461706783369804,221.0,-814.0400000000017,2563.120000000002,3377.159999999987,0.7589572303355517,834.2000000000016,-3.683438914027157,0.28054298642533937,1.3665158371040724
R0345,14,1.5,12,0.5,pullback,short,atr_sl_fixed_tp,10.0,24.0,96,0.7,1.25,1.0,24,453.0,-1088.7200000000028,6334.36000000002,7423.07999999995,0.8533331177893896,1384.0000000000025,-2.403355408388527,0.30022075055187636,1.9094922737306843,217.0,-1303.0800000000015,2431.520000000002,3734.5999999999844,0.6510790981631264,1377.4800000000016,-6.0049769585253525,0.23963133640552994,1.5023041474654377
R0346,14,1.5,12,0.5,pullback,short,atr_sl_fixed_tp,10.0,24.0,96,0.7,1.5,1.0,24,447.0,-1455.280000000003,6427.88000000002,7883.15999999995,0.8153938268410207,1687.2800000000027,-3.2556599552572774,0.3087248322147651,1.9955257270693512,215.0,-1324.6000000000017,2525.0400000000022,3849.639999999984,0.6559158778483216,1384.0000000000018,-6.160930232558147,0.25116279069767444,1.5162790697674418
R0347,14,1.5,12,0.5,pullback,short,fixed_sl_atr_tp,10.0,24.0,96,0.7,1.25,1.0,24,454.0,-687.9600000000031,6300.000000000018,6987.95999999995,0.9015506671475028,944.2400000000027,-1.5153303964757778,0.2753303964757709,1.8612334801762114,217.0,-977.0800000000015,2527.520000000002,3504.599999999986,0.721200707641389,1066.4800000000016,-4.502672811059915,0.23963133640552994,1.5069124423963134
R0348,14,1.5,12,0.5,pullback,short,fixed_sl_atr_tp,10.0,24.0,96,0.7,1.5,1.0,24,450.0,-951.0000000000034,6143.160000000016,7094.159999999949,0.8659460739537959,1160.6800000000032,-2.113333333333341,0.2577777777777778,1.9355555555555555,217.0,-973.0800000000015,2552.760000000002,3525.8399999999856,0.7240147028793174,1062.4800000000016,-4.484239631336412,0.2350230414746544,1.543778801843318
R0349,14,1.5,12,0.5,pullback,short,atr_sl_fixed_tp,12.0,16.0,96,0.7,1.25,1.0,24,457.0,-2640.679999999982,5290.720000000022,7931.399999999954,0.6670600398416487,2718.279999999983,-5.778293216630158,0.37636761487964987,1.6717724288840263,219.0,-1293.5600000000018,2460.8000000000025,3754.3599999999865,0.6554512619993851,1293.5600000000018,-5.906666666666674,0.365296803652968,1.365296803652968
R0350,14,1.5,12,0.5,pullback,short,atr_sl_fixed_tp,12.0,16.0,96,0.7,1.5,1.0,24,454.0,-2994.9599999999755,5413.760000000023,8408.719999999954,0.643826884472316,3134.5599999999763,-6.596828193832545,0.3876651982378855,1.7136563876651982,218.0,-1230.3200000000018,2583.8400000000033,3814.1599999999867,0.6774335633534021,1230.3200000000018,-5.643669724770651,0.3853211009174312,1.4128440366972477
R0351,14,1.5,12,0.5,pullback,short,fixed_sl_atr_tp,12.0,16.0,96,0.7,1.25,1.0,24,460.0,-2066.4000000000033,5455.120000000022,7521.519999999953,0.7252682968336261,2166.000000000003,-4.4921739130434855,0.3521739130434783,1.6369565217391304,220.0,-1152.8000000000018,2456.5200000000023,3609.319999999987,0.6806046568328691,1152.8000000000018,-5.240000000000008,0.35,1.3681818181818182
R0352,14,1.5,12,0.5,pullback,short,fixed_sl_atr_tp,12.0,16.0,96,0.7,1.5,1.0,24,457.0,-2022.6800000000037,5599.800000000021,7622.479999999952,0.7346427934215709,2138.280000000004,-4.425995623632393,0.33916849015317285,1.7352297592997812,220.0,-1208.8000000000018,2451.0000000000023,3659.7999999999865,0.6697087272528585,1208.8000000000018,-5.494545454545462,0.3409090909090909,1.3818181818181818
R0353,14,1.5,12,0.5,pullback,short,atr_sl_fixed_tp,12.0,20.0,96,0.7,1.25,1.0,24,448.0,-1887.5200000000036,6162.840000000023,8050.359999999953,0.7655359511872833,2014.9200000000035,-4.213214285714294,0.3549107142857143,1.8571428571428572,213.0,-1084.1200000000017,2751.9600000000037,3836.079999999986,0.717388584179687,1084.1200000000017,-5.08976525821597,0.3333333333333333,1.4788732394366197
R0354,14,1.5,12,0.5,pullback,short,atr_sl_fixed_tp,12.0,20.0,96,0.7,1.5,1.0,24,444.0,-2418.5599999999968,6201.600000000023,8620.159999999953,0.7194298017670272,2524.9199999999987,-5.4472072072071995,0.36036036036036034,1.90990990990991,211.0,-1033.6400000000017,2868.2400000000043,3901.879999999986,0.7350918019006261,1033.6400000000017,-4.898767772511857,0.35071090047393366,1.5402843601895735
R0355,14,1.5,12,0.5,pullback,short,fixed_sl_atr_tp,12.0,20.0,96,0.7,1.25,1.0,24,450.0,-1440.0000000000034,6207.720000000021,7647.719999999952,0.8117085876575058,1593.4000000000033,-3.2000000000000077,0.32666666666666666,1.8777777777777778,214.0,-1033.3600000000017,2676.9200000000033,3710.279999999986,0.7214873271020013,1033.3600000000017,-4.82878504672898,0.3130841121495327,1.4813084112149533
R0356,14,1.5,12,0.5,pullback,short,fixed_sl_atr_tp,12.0,20.0,96,0.7,1.5,1.0,24,448.0,-1299.5200000000036,6423.920000000021,7723.439999999951,0.8317433682400668,1472.9200000000035,-2.900714285714294,0.3169642857142857,1.9397321428571428,214.0,-953.3600000000017,2756.9200000000033,3710.279999999986,0.7430490421208139,953.3600000000017,-4.454953271028045,0.3130841121495327,1.5046728971962617
R0357,14,1.5,12,0.5,pullback,short,atr_sl_fixed_tp,12.0,24.0,96,0.7,1.25,1.0,24,441.0,-1579.840000000003,6708.440000000021,8288.279999999952,0.8093886789539037,1771.240000000003,-3.582403628117921,0.32653061224489793,2.145124716553288,209.0,-1357.1600000000017,2712.080000000003,4069.239999999984,0.6664831762196415,1357.1600000000017,-6.49358851674642,0.27751196172248804,1.631578947368421
R0358,14,1.5,12,0.5,pullback,short,atr_sl_fixed_tp,12.0,24.0,96,0.7,1.5,1.0,24,437.0,-2054.880000000002,6801.960000000022,8856.839999999951,0.7679894860921118,2209.240000000003,-4.702242562929066,0.3340961098398169,2.2013729977116703,207.0,-1288.6800000000017,2852.3600000000038,4141.039999999984,0.6888028128199716,1288.6800000000017,-6.22550724637682,0.2946859903381642,1.6956521739130435
R0359,14,1.5,12,0.5,pullback,short,fixed_sl_atr_tp,12.0,24.0,96,0.7,1.25,1.0,24,445.0,-912.8000000000035,6886.360000000021,7799.159999999951,0.8829617548556593,1134.2000000000035,-2.0512359550561876,0.3056179775280899,2.098876404494382,211.0,-1197.6400000000017,2714.5600000000027,3912.1999999999844,0.6938704565206313,1204.2800000000018,-5.676018957345979,0.26540284360189575,1.6398104265402844
R0360,14,1.5,12,0.5,pullback,short,fixed_sl_atr_tp,12.0,24.0,96,0.7,1.5,1.0,24,441.0,-1123.8400000000038,6801.520000000019,7925.35999999995,0.8581969778029088,1369.2400000000036,-2.5483900226757457,0.28798185941043086,2.183673469387755,211.0,-1197.6400000000017,2739.800000000003,3937.439999999984,0.6958328253890889,1204.2800000000018,-5.676018957345979,0.26066350710900477,1.6777251184834123
R0361,14,1.5,24,0.382,pullback,short,atr_sl_fixed_tp,8.0,16.0,96,0.7,1.25,1.0,24,452.0,-2348.479999999996,3845.0000000000123,6193.479999999953,0.6208141464895408,2412.0799999999977,-5.195752212389372,0.27654867256637167,1.3672566371681416,235.0,-1575.400000000002,1722.5599999999997,3297.959999999986,0.522310761804269,1575.400000000002,-6.703829787234051,0.23829787234042554,1.1531914893617021
R0362,14,1.5,24,0.382,pullback,short,atr_sl_fixed_tp,8.0,16.0,96,0.7,1.5,1.0,24,447.0,-2498.2799999999907,3998.8000000000134,6497.079999999953,0.6154764909774918,2557.8799999999924,-5.588993288590583,0.29082774049217003,1.4116331096196868,235.0,-1787.400000000002,1722.5599999999997,3509.959999999984,0.4907634275034495,1787.400000000002,-7.605957446808519,0.23829787234042554,1.1574468085106382
R0363,14,1.5,24,0.382,pullback,short,fixed_sl_atr_tp,8.0,16.0,96,0.7,1.25,1.0,24,453.0,-2105.72,3755.880000000011,5861.599999999953,0.6407602019926371,2185.6000000000017,-4.648388520971302,0.24944812362030905,1.3509933774834437,235.0,-1395.4000000000017,1725.0399999999997,3120.4399999999873,0.5528194741767208,1395.4000000000017,-5.937872340425539,0.2297872340425532,1.1319148936170214
R0364,14,1.5,24,0.382,pullback,short,fixed_sl_atr_tp,8.0,16.0,96,0.7,1.5,1.0,24,448.0,-2059.520000000002,3802.080000000011,5861.599999999953,0.6486420090077865,2143.1200000000026,-4.597142857142861,0.24107142857142858,1.4174107142857142,235.0,-1331.4000000000017,1789.0399999999997,3120.4399999999873,0.5733294022637856,1331.4000000000017,-5.6655319148936245,0.2297872340425532,1.1361702127659574
R0365,14,1.5,24,0.382,pullback,short,atr_sl_fixed_tp,8.0,20.0,96,0.7,1.25,1.0,24,449.0,-1576.7600000000027,4651.200000000014,6227.959999999953,0.7468256058163587,1734.720000000002,-3.511714922049004,0.267260579064588,1.4721603563474388,232.0,-1243.6800000000019,2054.2799999999997,3297.959999999986,0.6228941527489746,1248.8000000000018,-5.360689655172422,0.22844827586206898,1.228448275862069
R0366,14,1.5,24,0.382,pullback,short,atr_sl_fixed_tp,8.0,20.0,96,0.7,1.5,1.0,24,443.0,-1725.3200000000033,4806.240000000015,6531.559999999952,0.7358487099559754,1833.7600000000025,-3.8946275395033934,0.2799097065462754,1.5214446952595937,232.0,-1455.6800000000019,2054.2799999999997,3509.959999999984,0.5852716270270912,1455.6800000000019,-6.274482758620698,0.22844827586206898,1.2327586206896552
R0367,14,1.5,24,0.382,pullback,short,fixed_sl_atr_tp,8.0,20.0,96,0.7,1.25,1.0,24,446.0,-1565.0400000000036,4331.040000000012,5896.079999999953,0.7345626246591034,1682.6400000000035,-3.5090582959641337,0.23318385650224216,1.4977578475336324,232.0,-1063.6800000000017,2056.7599999999998,3120.4399999999873,0.6591249951929882,1080.8000000000015,-4.584827586206904,0.21982758620689655,1.2112068965517242
R0368,14,1.5,24,0.382,pullback,short,fixed_sl_atr_tp,8.0,20.0,96,0.7,1.5,1.0,24,445.0,-1399.8000000000034,4513.520000000012,5913.319999999952,0.763280187779462,1531.0000000000025,-3.1456179775280972,0.2292134831460674,1.5393258426966292,231.0,-1118.4400000000016,2019.2399999999998,3137.679999999987,0.6435455495780348,1135.5600000000015,-4.841731601731609,0.21212121212121213,1.225108225108225
R0369,14,1.5,24,0.382,pullback,short,atr_sl_fixed_tp,8.0,24.0,96,0.7,1.25,1.0,24,440.0,-1718.6000000000035,4697.760000000012,6416.359999999951,0.7321534327874446,1862.2000000000035,-3.9059090909090988,0.22954545454545455,1.65,229.0,-1147.9600000000019,2197.7200000000007,3345.6799999999853,0.6568829057172265,1152.2400000000018,-5.012925764192148,0.2052401746724891,1.3275109170305677
R0370,14,1.5,24,0.382,pullback,short,atr_sl_fixed_tp,8.0,24.0,96,0.7,1.5,1.0,24,434.0,-1779.1600000000033,4931.560000000013,6710.71999999995,0.734877926660634,1918.7600000000032,-4.099447004608303,0.24423963133640553,1.7188940092165899,229.0,-1355.9600000000019,2197.7200000000007,3553.679999999984,0.6184349744490248,1355.9600000000019,-5.921222707423589,0.2052401746724891,1.331877729257642
R0371,14,1.5,24,0.382,pullback,short,fixed_sl_atr_tp,8.0,24.0,96,0.7,1.25,1.0,24,441.0,-1467.8400000000033,4566.160000000011,6033.999999999951,0.7567384819357057,1627.4400000000032,-3.3284353741496675,0.20634920634920634,1.653061224489796,228.0,-1106.7200000000018,2082.68,3189.3999999999864,0.6530005643694766,1119.0000000000018,-4.854035087719306,0.18859649122807018,1.3114035087719298
R0372,14,1.5,24,0.382,pullback,short,fixed_sl_atr_tp,8.0,24.0,96,0.7,1.5,1.0,24,439.0,-1361.3600000000033,4689.880000000011,6051.239999999951,0.7750279281601868,1567.2800000000027,-3.101047835990896,0.20045558086560364,1.6924829157175398,228.0,-1034.7200000000018,2154.6800000000003,3189.3999999999864,0.6755753433247662,1047.0000000000018,-4.5382456140350955,0.18859649122807018,1.3157894736842106
R0373,14,1.5,24,0.382,pullback,short,atr_sl_fixed_tp,10.0,16.0,96,0.7,1.25,1.0,24,439.0,-2372.3599999999947,4490.960000000016,6863.319999999956,0.654342213389445,2476.4799999999964,-5.4040091116173,0.3325740318906606,1.510250569476082,233.0,-1729.920000000002,2060.9199999999996,3790.839999999984,0.5436578700235326,1739.4400000000019,-7.424549356223184,0.2875536480686695,1.2188841201716738
R0374,14,1.5,24,0.382,pullback,short,atr_sl_fixed_tp,10.0,16.0,96,0.7,1.5,1.0,24,432.0,-2669.6799999999866,4552.480000000017,7222.159999999956,0.6303488153128766,2769.279999999988,-6.179814814814784,0.3425925925925926,1.5717592592592593,231.0,-1870.4400000000019,2091.68,3962.119999999983,0.5279193966866246,1879.9600000000019,-8.097142857142865,0.2943722943722944,1.2597402597402598
R0375,14,1.5,24,0.382,pullback,short,fixed_sl_atr_tp,10.0,16.0,96,0.7,1.25,1.0,24,443.0,-1813.3200000000036,4643.640000000017,6456.9599999999555,0.7191681534344411,1938.4400000000035,-4.093273137697525,0.31376975169300225,1.4853273137697518,233.0,-1384.920000000002,2140.9200000000005,3525.8399999999856,0.6072084949969395,1394.4400000000019,-5.943862660944214,0.2875536480686695,1.2145922746781115
R0376,14,1.5,24,0.382,pullback,short,fixed_sl_atr_tp,10.0,16.0,96,0.7,1.5,1.0,24,438.0,-1883.1200000000038,4637.560000000016,6520.679999999955,0.711208033517984,1998.7200000000037,-4.299360730593616,0.2990867579908676,1.5502283105022832,233.0,-1304.920000000002,2220.920000000001,3525.8399999999856,0.62989812356772,1314.4400000000019,-5.600515021459236,0.2875536480686695,1.2274678111587982
R0377,14,1.5,24,0.382,pullback,short,atr_sl_fixed_tp,10.0,20.0,96,0.7,1.25,1.0,24,434.0,-1518.1600000000033,5387.6400000000185,6905.799999999956,0.7801616032899958,1678.2800000000032,-3.49806451612904,0.32027649769585254,1.6428571428571428,229.0,-1348.9600000000019,2441.880000000002,3790.839999999984,0.6441527471483925,1366.4800000000018,-5.890655021834069,0.27510917030567683,1.2925764192139737
R0378,14,1.5,24,0.382,pullback,short,atr_sl_fixed_tp,10.0,20.0,96,0.7,1.5,1.0,24,427.0,-1869.4800000000034,5426.400000000019,7295.8799999999555,0.7437622329314698,2024.6000000000033,-4.3781733021077365,0.32786885245901637,1.711943793911007,226.0,-1520.2400000000018,2441.880000000002,3962.119999999983,0.6163064218145873,1537.7600000000018,-6.726725663716822,0.27876106194690264,1.3407079646017699
R0379,14,1.5,24,0.382,pullback,short,fixed_sl_atr_tp,10.0,20.0,96,0.7,1.25,1.0,24,435.0,-1299.400000000003,5263.760000000017,6563.159999999954,0.8020161019996546,1457.000000000003,-2.987126436781616,0.2896551724137931,1.6528735632183909,229.0,-983.9600000000019,2541.8800000000024,3525.8399999999856,0.7209289133936914,1001.4800000000018,-4.296768558951973,0.27510917030567683,1.3013100436681222
R0380,14,1.5,24,0.382,pullback,short,fixed_sl_atr_tp,10.0,20.0,96,0.7,1.5,1.0,24,434.0,-1138.160000000002,5467.480000000017,6605.639999999954,0.8276987543977654,1335.5600000000013,-2.6224884792626773,0.2834101382488479,1.705069124423963,228.0,-1102.7200000000018,2465.600000000002,3568.319999999985,0.6909694197829825,1120.2400000000018,-4.836491228070184,0.2631578947368421,1.3333333333333333
R0381,14,1.5,24,0.382,pullback,short,atr_sl_fixed_tp,10.0,24.0,96,0.7,1.25,1.0,24,423.0,-1635.5200000000032,5492.680000000016,7128.199999999953,0.7705563816952459,1826.120000000003,-3.866477541371166,0.2789598108747045,1.872340425531915,225.0,-1163.0000000000018,2665.320000000003,3828.3199999999833,0.696211392987006,1212.6000000000017,-5.168888888888897,0.25333333333333335,1.4044444444444444
R0382,14,1.5,24,0.382,pullback,short,atr_sl_fixed_tp,10.0,24.0,96,0.7,1.5,1.0,24,417.0,-2098.079999999999,5492.680000000016,7590.759999999953,0.7236007988659963,2283.6800000000007,-5.031366906474818,0.2829736211031175,1.9496402877697843,222.0,-1329.2800000000018,2665.320000000003,3994.5999999999826,0.6672307615280665,1368.8800000000017,-5.987747747747756,0.25675675675675674,1.4504504504504505
R0383,14,1.5,24,0.382,pullback,short,fixed_sl_atr_tp,10.0,24.0,96,0.7,1.25,1.0,24,428.0,-1283.720000000002,5491.840000000015,6775.559999999952,0.8105366936459943,1491.320000000002,-2.999345794392528,0.2546728971962617,1.8457943925233644,224.0,-1001.7600000000016,2609.0400000000022,3610.7999999999847,0.7225656364240648,1065.6400000000015,-4.472142857142864,0.24107142857142858,1.4330357142857142
R0384,14,1.5,24,0.382,pullback,short,fixed_sl_atr_tp,10.0,24.0,96,0.7,1.5,1.0,24,425.0,-1352.0000000000027,5487.280000000014,6839.2799999999515,0.8023183726942095,1571.6000000000026,-3.181176470588242,0.24235294117647058,1.903529411764706,224.0,-917.7600000000017,2693.0400000000027,3610.7999999999847,0.7458291791292827,981.6400000000017,-4.097142857142865,0.24107142857142858,1.4375
R0385,14,1.5,24,0.382,pullback,short,atr_sl_fixed_tp,12.0,16.0,96,0.7,1.25,1.0,24,426.0,-2786.2399999999857,4767.800000000018,7554.039999999957,0.631158956002357,2869.839999999987,-6.5404694835680415,0.36384976525821594,1.6314553990610328,230.0,-1961.2000000000019,2276.240000000001,4237.439999999983,0.537173387705787,1966.7200000000018,-8.52695652173914,0.3217391304347826,1.317391304347826
R0386,14,1.5,24,0.382,pullback,short,atr_sl_fixed_tp,12.0,16.0,96,0.7,1.5,1.0,24,424.0,-2813.7599999999866,5044.64000000002,7858.399999999958,0.6419423801282764,2897.359999999988,-6.636226415094308,0.3867924528301887,1.6603773584905661,228.0,-1914.7200000000018,2399.280000000002,4313.999999999984,0.5561613351877633,1920.2400000000018,-8.397894736842114,0.34210526315789475,1.381578947368421
R0387,14,1.5,24,0.382,pullback,short,fixed_sl_atr_tp,12.0,16.0,96,0.7,1.25,1.0,24,431.0,-2070.4400000000023,5022.000000000019,7092.439999999957,0.7080778970283922,2175.560000000003,-4.803805104408358,0.3480278422273782,1.5962877030162412,232.0,-1687.6800000000019,2325.480000000002,4013.1599999999835,0.5794635648715754,1693.2000000000019,-7.274482758620698,0.3146551724137931,1.2758620689655173
R0388,14,1.5,24,0.382,pullback,short,fixed_sl_atr_tp,12.0,16.0,96,0.7,1.5,1.0,24,426.0,-2040.2400000000034,5102.6800000000185,7142.919999999956,0.7143689135535677,2139.8400000000033,-4.789295774647895,0.33568075117370894,1.6830985915492958,232.0,-1607.6800000000019,2405.4800000000023,4013.1599999999835,0.5993979806436853,1613.2000000000019,-6.929655172413801,0.3146551724137931,1.2887931034482758
R0389,14,1.5,24,0.382,pullback,short,atr_sl_fixed_tp,12.0,20.0,96,0.7,1.25,1.0,24,421.0,-2002.0400000000036,5658.96000000002,7660.999999999956,0.738671191750431,2141.1600000000035,-4.7554394299287495,0.34679334916864607,1.7838479809976246,224.0,-1601.7600000000018,2635.680000000003,4237.439999999983,0.6219981875849602,1615.2800000000018,-7.150714285714294,0.30357142857142855,1.4196428571428572
R0390,14,1.5,24,0.382,pullback,short,atr_sl_fixed_tp,12.0,20.0,96,0.7,1.5,1.0,24,419.0,-1963.5600000000036,6007.800000000022,7971.359999999957,0.7536731498765649,2096.6800000000035,-4.686300715990462,0.36992840095465396,1.8210023866348448,221.0,-1574.0400000000018,2751.9600000000037,4325.999999999984,0.6361442441054124,1587.5600000000018,-7.122352941176478,0.3212669683257919,1.5294117647058822
R0391,14,1.5,24,0.382,pullback,short,fixed_sl_atr_tp,12.0,20.0,96,0.7,1.25,1.0,24,422.0,-1517.2800000000034,5701.360000000019,7218.639999999956,0.7898108230913377,1658.8800000000033,-3.595450236966833,0.3222748815165877,1.7985781990521328,227.0,-1277.4800000000018,2735.6800000000035,4013.1599999999835,0.681677281743069,1291.0000000000018,-5.627665198237893,0.29955947136563876,1.3832599118942732
R0392,14,1.5,24,0.382,pullback,short,fixed_sl_atr_tp,12.0,20.0,96,0.7,1.5,1.0,24,422.0,-1255.2800000000032,6013.840000000019,7269.119999999955,0.8273133474203282,1406.880000000003,-2.974597156398112,0.3175355450236967,1.8483412322274881,226.0,-1404.2400000000018,2659.4000000000033,4063.639999999983,0.6544378931204571,1417.7600000000018,-6.213451327433637,0.28761061946902655,1.420353982300885
R0393,14,1.5,24,0.382,pullback,short,atr_sl_fixed_tp,12.0,24.0,96,0.7,1.25,1.0,24,411.0,-2286.6399999999962,5726.480000000017,8013.1199999999535,0.7146379936903541,2460.239999999998,-5.563600973236,0.29927007299270075,2.046228710462287,220.0,-1454.8000000000018,2852.3600000000038,4307.159999999983,0.6622368335515781,1478.4000000000017,-6.612727272727281,0.2772727272727273,1.5318181818181817
R0394,14,1.5,24,0.382,pullback,short,atr_sl_fixed_tp,12.0,24.0,96,0.7,1.5,1.0,24,408.0,-2162.9199999999987,6147.320000000019,8310.239999999954,0.7397283351624084,2330.5200000000004,-5.3012745098039185,0.3235294117647059,2.0980392156862746,218.0,-1506.3200000000018,2945.880000000004,4452.199999999982,0.6616683886617889,1527.8400000000017,-6.90972477064221,0.2889908256880734,1.6376146788990826
R0395,14,1.5,24,0.382,pullback,short,fixed_sl_atr_tp,12.0,24.0,96,0.7,1.25,1.0,24,416.0,-1464.8400000000033,6031.440000000017,7496.279999999953,0.8045910771742857,1656.4400000000032,-3.521250000000008,0.2860576923076923,2.012019230769231,222.0,-1343.2800000000018,2796.080000000003,4139.359999999982,0.675486065478725,1378.8800000000017,-6.050810810810819,0.26126126126126126,1.5225225225225225
R0396,14,1.5,24,0.382,pullback,short,fixed_sl_atr_tp,12.0,24.0,96,0.7,1.5,1.0,24,413.0,-1473.120000000003,6098.8800000000165,7571.999999999953,0.8054516640253638,1676.720000000003,-3.5668765133171987,0.2736077481840194,2.072639225181598,222.0,-1259.2800000000018,2880.0800000000036,4139.359999999982,0.6957790576321016,1294.8800000000017,-5.672432432432441,0.26126126126126126,1.527027027027027
R0397,14,1.5,24,0.5,pullback,short,atr_sl_fixed_tp,8.0,16.0,96,0.7,1.25,1.0,24,375.0,-2260.9999999999986,2952.960000000006,5213.959999999964,0.5663564737742572,2274.5199999999986,-6.02933333333333,0.256,1.464,208.0,-1233.9200000000014,1630.2799999999997,2864.199999999991,0.5691920955240573,1245.2400000000014,-5.932307692307699,0.2548076923076923,1.2355769230769231
R0398,14,1.5,24,0.5,pullback,short,atr_sl_fixed_tp,8.0,16.0,96,0.7,1.5,1.0,24,372.0,-2093.280000000002,3229.800000000008,5323.0799999999645,0.6067539845352746,2137.560000000002,-5.627096774193554,0.28225806451612906,1.5053763440860215,208.0,-1313.9200000000014,1691.7999999999997,3005.7199999999903,0.5628601466537153,1313.9200000000014,-6.316923076923084,0.2644230769230769,1.2451923076923077
R0399,14,1.5,24,0.5,pullback,short,fixed_sl_atr_tp,8.0,16.0,96,0.7,1.25,1.0,24,376.0,-1906.240000000003,3024.400000000006,4930.639999999965,0.6133889312543661,1919.760000000003,-5.069787234042561,0.2393617021276596,1.4601063829787233,207.0,-1184.6800000000014,1556.4799999999998,2741.159999999992,0.5678180040566783,1191.8800000000015,-5.72309178743962,0.2318840579710145,1.2367149758454106
R0400,14,1.5,24,0.5,pullback,short,fixed_sl_atr_tp,8.0,16.0,96,0.7,1.5,1.0,24,376.0,-1906.240000000003,3093.360000000006,4999.599999999964,0.6187214977198232,1919.760000000003,-5.069787234042561,0.22872340425531915,1.4920212765957446,207.0,-1104.6800000000014,1636.4799999999998,2741.159999999992,0.5970027287717625,1127.8800000000015,-5.33661835748793,0.2318840579710145,1.251207729468599
R0401,14,1.5,24,0.5,pullback,short,atr_sl_fixed_tp,8.0,20.0,96,0.7,1.25,1.0,24,372.0,-1897.280000000003,3410.8800000000074,5308.159999999963,0.6425729442970881,1918.800000000003,-5.100215053763448,0.23655913978494625,1.5994623655913978,204.0,-1364.9600000000014,1627.9199999999998,2992.8799999999896,0.5439309294057916,1391.6000000000015,-6.690980392156869,0.20588235294117646,1.3627450980392157
R0402,14,1.5,24,0.5,pullback,short,atr_sl_fixed_tp,8.0,20.0,96,0.7,1.5,1.0,24,368.0,-1768.320000000003,3682.200000000009,5450.519999999963,0.6755685696043743,1831.520000000003,-4.805217391304356,0.25815217391304346,1.6521739130434783,204.0,-1436.9600000000016,1705.4399999999998,3142.3999999999887,0.5427189409368655,1451.6000000000017,-7.043921568627459,0.21568627450980393,1.3725490196078431
R0403,14,1.5,24,0.5,pullback,short,fixed_sl_atr_tp,8.0,20.0,96,0.7,1.25,1.0,24,374.0,-1697.760000000003,3370.8000000000065,5068.559999999963,0.6650409583787172,1719.280000000003,-4.539465240641719,0.21390374331550802,1.6042780748663101,204.0,-1176.9600000000014,1650.3999999999999,2827.359999999991,0.5837247467602305,1225.6000000000015,-5.76941176470589,0.19607843137254902,1.3480392156862746
R0404,14,1.5,24,0.5,pullback,short,fixed_sl_atr_tp,8.0,20.0,96,0.7,1.5,1.0,24,374.0,-1579.7600000000032,3523.280000000007,5103.039999999963,0.6904276666457705,1601.2800000000032,-4.2239572192513455,0.20855614973262032,1.6310160427807487,204.0,-1152.9600000000014,1691.6399999999999,2844.599999999991,0.5946846656823473,1211.6000000000015,-5.65176470588236,0.19117647058823528,1.3774509803921569
R0405,14,1.5,24,0.5,pullback,short,atr_sl_fixed_tp,8.0,24.0,96,0.7,1.25,1.0,24,371.0,-1989.0400000000031,3528.7600000000066,5517.79999999996,0.6395229982964283,2018.5600000000031,-5.361293800539092,0.20485175202156333,1.789757412398922,203.0,-1463.7200000000014,1636.6,3100.3199999999883,0.5278809929297641,1530.3600000000015,-7.210443349753701,0.1724137931034483,1.4679802955665024
R0406,14,1.5,24,0.5,pullback,short,atr_sl_fixed_tp,8.0,24.0,96,0.7,1.5,1.0,24,366.0,-1798.8400000000029,3856.080000000008,5654.919999999961,0.6818982408239258,1891.6800000000028,-4.91486338797815,0.226775956284153,1.8743169398907105,203.0,-1595.7200000000014,1683.36,3279.0799999999867,0.5133635043975769,1650.3600000000015,-7.860689655172421,0.17733990147783252,1.4876847290640394
R0407,14,1.5,24,0.5,pullback,short,fixed_sl_atr_tp,8.0,24.0,96,0.7,1.25,1.0,24,373.0,-1611.520000000003,3594.9600000000064,5206.479999999961,0.6904780196985358,1641.040000000003,-4.3204289544236,0.1903485254691689,1.769436997319035,203.0,-1279.7200000000014,1651.08,2930.7999999999897,0.5633547154360604,1370.3600000000015,-6.304039408867002,0.1625615763546798,1.4630541871921183
R0408,14,1.5,24,0.5,pullback,short,fixed_sl_atr_tp,8.0,24.0,96,0.7,1.5,1.0,24,373.0,-1487.5200000000027,3753.440000000007,5240.959999999961,0.7161741360361527,1517.0400000000027,-3.9879892761394173,0.18498659517426275,1.8123324396782843,203.0,-1171.7200000000014,1759.08,2930.7999999999897,0.6002047222601359,1274.3600000000015,-5.772019704433505,0.1625615763546798,1.477832512315271
R0409,14,1.5,24,0.5,pullback,short,atr_sl_fixed_tp,10.0,16.0,96,0.7,1.25,1.0,24,370.0,-2380.799999999996,3506.64000000001,5887.439999999964,0.5956137132607774,2473.0799999999963,-6.434594594594584,0.3081081081081081,1.5837837837837838,206.0,-1381.4400000000014,1907.1199999999997,3288.5599999999886,0.5799255601235819,1381.4400000000014,-6.706019417475735,0.30097087378640774,1.3155339805825244
R0410,14,1.5,24,0.5,pullback,short,atr_sl_fixed_tp,10.0,16.0,96,0.7,1.5,1.0,24,367.0,-2489.0799999999954,3629.6800000000108,6118.759999999964,0.5932051592152711,2581.3599999999956,-6.782234332425055,0.3215258855585831,1.6348773841961852,203.0,-1393.7200000000016,1968.6399999999996,3362.3599999999888,0.5854935224068827,1393.7200000000016,-6.865615763546806,0.31527093596059114,1.3349753694581281
R0411,14,1.5,24,0.5,pullback,short,fixed_sl_atr_tp,10.0,16.0,96,0.7,1.25,1.0,24,372.0,-2317.2799999999966,3417.5200000000086,5734.799999999963,0.5959266234219207,2378.7999999999965,-6.229247311827947,0.27419354838709675,1.5806451612903225,205.0,-1294.2000000000014,1849.3199999999997,3143.5199999999895,0.5882959230416877,1294.2000000000014,-6.313170731707324,0.2780487804878049,1.3365853658536586
R0412,14,1.5,24,0.5,pullback,short,fixed_sl_atr_tp,10.0,16.0,96,0.7,1.5,1.0,24,372.0,-2377.2799999999947,3463.7200000000084,5840.999999999962,0.5930011984249326,2438.7999999999947,-6.390537634408588,0.260752688172043,1.631720430107527,205.0,-1266.2000000000014,1898.5599999999997,3164.7599999999893,0.5999064700008867,1266.2000000000014,-6.176585365853666,0.2731707317073171,1.3560975609756099
R0413,14,1.5,24,0.5,pullback,short,atr_sl_fixed_tp,10.0,20.0,96,0.7,1.25,1.0,24,366.0,-2118.8400000000006,3953.5200000000104,6072.359999999962,0.6510681184910043,2235.120000000001,-5.789180327868854,0.2786885245901639,1.7513661202185793,203.0,-1431.7200000000014,2015.5199999999998,3447.2399999999875,0.5846764368016173,1431.7200000000014,-7.052807881773406,0.2561576354679803,1.4334975369458127
R0414,14,1.5,24,0.5,pullback,short,atr_sl_fixed_tp,10.0,20.0,96,0.7,1.5,1.0,24,363.0,-2210.1199999999985,4108.560000000011,6318.679999999962,0.6502244139598834,2326.3999999999987,-6.088484848484844,0.29201101928374656,1.8016528925619835,200.0,-1508.0000000000016,2054.2799999999997,3562.279999999987,0.5766756122483374,1508.0000000000016,-7.540000000000008,0.265,1.48
R0415,14,1.5,24,0.5,pullback,short,fixed_sl_atr_tp,10.0,20.0,96,0.7,1.25,1.0,24,369.0,-2267.5599999999963,3700.8800000000083,5968.4399999999605,0.6200749274517349,2357.7199999999993,-6.145149051490505,0.23848238482384823,1.7750677506775068,203.0,-1261.7200000000014,2009.2399999999998,3270.959999999988,0.6142661481644554,1274.3600000000015,-6.215369458128086,0.2413793103448276,1.4433497536945812
R0416,14,1.5,24,0.5,pullback,short,fixed_sl_atr_tp,10.0,20.0,96,0.7,1.5,1.0,24,369.0,-2137.5599999999995,3873.3600000000088,6010.91999999996,0.6443872152682176,2237.7200000000016,-5.792845528455283,0.23306233062330622,1.8021680216802167,203.0,-1151.7200000000014,2119.2400000000002,3270.959999999988,0.6478954190818622,1174.3600000000015,-5.67349753694582,0.2413793103448276,1.477832512315271
R0417,14,1.5,24,0.5,pullback,short,atr_sl_fixed_tp,10.0,24.0,96,0.7,1.25,1.0,24,362.0,-1942.8800000000028,4276.92000000001,6219.799999999961,0.6876298273256434,2114.360000000003,-5.367071823204427,0.2541436464088398,2.0248618784530388,201.0,-1595.2400000000014,2010.6799999999998,3605.9199999999855,0.5576052713315902,1622.8800000000015,-7.936517412935331,0.21393034825870647,1.572139303482587
R0418,14,1.5,24,0.5,pullback,short,atr_sl_fixed_tp,10.0,24.0,96,0.7,1.5,1.0,24,359.0,-2022.1600000000028,4463.960000000011,6486.119999999961,0.6882327184819335,2175.0800000000027,-5.6327576601671385,0.26740947075208915,2.086350974930362,198.0,-1673.5200000000016,2057.44,3730.959999999985,0.5514505650020393,1686.1600000000017,-8.45212121212122,0.2222222222222222,1.621212121212121
R0419,14,1.5,24,0.5,pullback,short,fixed_sl_atr_tp,10.0,24.0,96,0.7,1.25,1.0,24,366.0,-1966.8400000000029,4086.5600000000086,6053.39999999996,0.6750850761555549,2115.0000000000027,-5.373879781420773,0.22131147540983606,1.9781420765027322,201.0,-1281.2400000000014,2095.92,3377.159999999987,0.620616139004373,1335.8800000000015,-6.374328358208962,0.208955223880597,1.5870646766169154
R0420,14,1.5,24,0.5,pullback,short,fixed_sl_atr_tp,10.0,24.0,96,0.7,1.5,1.0,24,366.0,-1826.8400000000029,4269.040000000009,6095.879999999959,0.7003156230109578,1987.0000000000027,-4.991366120218587,0.21584699453551912,2.0245901639344264,200.0,-1220.0000000000014,2157.1600000000003,3377.159999999987,0.638749718698554,1286.6400000000015,-6.100000000000007,0.205,1.625
R0421,14,1.5,24,0.5,pullback,short,atr_sl_fixed_tp,12.0,16.0,96,0.7,1.25,1.0,24,363.0,-2604.119999999992,3875.7600000000125,6479.879999999965,0.5981221874479209,2696.3999999999924,-7.173884297520639,0.34710743801652894,1.741046831955923,202.0,-1648.4800000000016,2030.1599999999996,3678.639999999987,0.5518778679077069,1648.4800000000016,-8.160792079207928,0.32673267326732675,1.4108910891089108
R0422,14,1.5,24,0.5,pullback,short,atr_sl_fixed_tp,12.0,16.0,96,0.7,1.5,1.0,24,361.0,-2687.6399999999885,4029.5600000000136,6717.199999999965,0.5998868576192512,2796.4799999999886,-7.444986149584456,0.3628808864265928,1.8005540166204985,201.0,-1789.2400000000016,2060.9199999999996,3850.1599999999867,0.5352816506327027,1789.2400000000016,-8.901691542288566,0.3333333333333333,1.4328358208955223
R0423,14,1.5,24,0.5,pullback,short,fixed_sl_atr_tp,12.0,16.0,96,0.7,1.25,1.0,24,364.0,-2291.3599999999974,3942.9200000000124,6234.279999999964,0.6324579582566127,2391.6399999999976,-6.294945054945048,0.32142857142857145,1.7362637362637363,204.0,-1620.9600000000016,1988.3599999999997,3609.319999999987,0.5508960136535432,1620.9600000000016,-7.945882352941185,0.29901960784313725,1.4215686274509804
R0424,14,1.5,24,0.5,pullback,short,fixed_sl_atr_tp,12.0,16.0,96,0.7,1.5,1.0,24,363.0,-2266.119999999998,4069.120000000012,6335.239999999963,0.6422992656947544,2374.3999999999983,-6.242754820936634,0.3085399449035813,1.8236914600550964,204.0,-1652.9600000000016,2006.8399999999997,3659.7999999999865,0.5483469042024174,1652.9600000000016,-8.102745098039223,0.28921568627450983,1.4509803921568627
R0425,14,1.5,24,0.5,pullback,short,atr_sl_fixed_tp,12.0,20.0,96,0.7,1.25,1.0,24,358.0,-2383.919999999996,4341.120000000013,6725.039999999963,0.6455158631026785,2500.199999999996,-6.65899441340781,0.3128491620111732,1.9162011173184357,199.0,-1830.7600000000016,2093.04,3923.799999999985,0.5334216830623395,1830.7600000000016,-9.199798994974882,0.271356783919598,1.5778894472361809
R0426,14,1.5,24,0.5,pullback,short,atr_sl_fixed_tp,12.0,20.0,96,0.7,1.5,1.0,24,355.0,-2560.1999999999894,4457.400000000013,7017.599999999963,0.6351744186046564,2676.4799999999896,-7.211830985915463,0.323943661971831,1.991549295774648,197.0,-1868.2800000000016,2170.5600000000004,4038.839999999985,0.5374216359152649,1868.2800000000016,-9.483654822335033,0.28426395939086296,1.6091370558375635
R0427,14,1.5,24,0.5,pullback,short,fixed_sl_atr_tp,12.0,20.0,96,0.7,1.25,1.0,24,359.0,-2301.1599999999967,4236.000000000011,6537.159999999962,0.6479878112207802,2429.3199999999997,-6.4099164345403805,0.2785515320334262,1.9721448467966574,202.0,-1714.4800000000016,2096.7599999999998,3811.2399999999852,0.5501516566786683,1714.4800000000016,-8.487524752475256,0.2524752475247525,1.5594059405940595
R0428,14,1.5,24,0.5,pullback,short,fixed_sl_atr_tp,12.0,20.0,96,0.7,1.5,1.0,24,358.0,-2167.9199999999987,4419.720000000011,6587.639999999961,0.6709109787420134,2332.6400000000017,-6.0556424581005555,0.2709497206703911,2.0139664804469275,202.0,-1678.4800000000014,2158.0000000000005,3836.479999999985,0.5624947868879829,1678.4800000000014,-8.309306930693076,0.24752475247524752,1.599009900990099
R0429,14,1.5,24,0.5,pullback,short,atr_sl_fixed_tp,12.0,24.0,96,0.7,1.25,1.0,24,354.0,-2227.9599999999978,4697.760000000012,6925.719999999961,0.6783063710343529,2382.120000000001,-6.293672316384175,0.2853107344632768,2.2429378531073447,197.0,-1936.2800000000016,2150.9600000000005,4087.239999999984,0.5262622209608462,1936.2800000000016,-9.828832487309652,0.233502538071066,1.715736040609137
R0430,14,1.5,24,0.5,pullback,short,atr_sl_fixed_tp,12.0,24.0,96,0.7,1.5,1.0,24,351.0,-2404.239999999993,4838.040000000013,7242.279999999962,0.6680271958554541,2544.519999999993,-6.849686609686589,0.2962962962962963,2.321937321937322,195.0,-1969.8000000000015,2244.480000000001,4214.279999999983,0.5325891967311165,1969.8000000000015,-10.10153846153847,0.24615384615384617,1.7487179487179487
R0431,14,1.5,24,0.5,pullback,short,fixed_sl_atr_tp,12.0,24.0,96,0.7,1.25,1.0,24,355.0,-2037.2000000000023,4626.160000000011,6663.359999999961,0.6942683571051299,2249.9200000000023,-5.738591549295781,0.2563380281690141,2.2338028169014086,200.0,-1748.0000000000014,2189.4400000000005,3937.439999999984,0.5560567272136234,1766.6400000000015,-8.740000000000007,0.22,1.705
R0432,14,1.5,24,0.5,pullback,short,fixed_sl_atr_tp,12.0,24.0,96,0.7,1.5,1.0,24,354.0,-1903.9600000000025,4809.880000000011,6713.83999999996,0.7164126639896155,2164.6800000000026,-5.378418079096052,0.24858757062146894,2.2966101694915255,199.0,-1686.7600000000014,2250.6800000000007,3937.439999999984,0.571609980088588,1717.4000000000015,-8.47618090452262,0.21608040201005024,1.7386934673366834
R0433,14,2.0,12,0.382,pullback,short,atr_sl_fixed_tp,8.0,16.0,96,0.7,1.25,1.0,24,542.0,-2080.080000000001,5075.400000000021,7155.479999999941,0.7093025205856298,2282.3200000000024,-3.83778597785978,0.3044280442804428,1.3247232472324724,243.0,-1461.3200000000018,1876.3599999999997,3337.6799999999853,0.5621749238992377,1635.0000000000018,-6.013662551440336,0.25102880658436216,1.1646090534979423
R0434,14,2.0,12,0.382,pullback,short,atr_sl_fixed_tp,8.0,16.0,96,0.7,1.5,1.0,24,539.0,-2212.3599999999947,5321.480000000022,7533.839999999942,0.7063436441442961,2406.5999999999976,-4.10456400742114,0.3209647495361781,1.3562152133580705,242.0,-1540.0800000000017,1937.8799999999997,3477.959999999984,0.5571886968222776,1738.0400000000018,-6.3639669421487675,0.2603305785123967,1.1735537190082646
R0435,14,2.0,12,0.382,pullback,short,fixed_sl_atr_tp,8.0,16.0,96,0.7,1.25,1.0,24,548.0,-1831.5200000000043,5012.760000000019,6844.279999999941,0.7324013628898968,2027.000000000004,-3.3421897810219057,0.2755474452554745,1.3248175182481752,242.0,-1484.0800000000017,1758.2799999999997,3242.3599999999856,0.5422840153468484,1579.9600000000016,-6.132561983471081,0.2190082644628099,1.1735537190082646
R0436,14,2.0,12,0.382,pullback,short,fixed_sl_atr_tp,8.0,16.0,96,0.7,1.5,1.0,24,545.0,-1667.8000000000038,5193.720000000019,6861.51999999994,0.7569343235901177,1879.2800000000038,-3.060183486238539,0.26972477064220185,1.3614678899082568,242.0,-1356.0800000000017,1886.2799999999997,3242.3599999999856,0.5817614330302644,1467.9600000000016,-5.603636363636371,0.2190082644628099,1.177685950413223
R0437,14,2.0,12,0.382,pullback,short,atr_sl_fixed_tp,8.0,20.0,96,0.7,1.25,1.0,24,537.0,-1637.880000000003,5736.4800000000205,7374.359999999939,0.7778953021008017,1944.120000000003,-3.0500558659217933,0.2756052141527002,1.4562383612662941,239.0,-1300.3600000000017,2093.04,3393.399999999984,0.616797312430014,1515.2800000000016,-5.440836820083689,0.22594142259414227,1.2384937238493723
R0438,14,2.0,12,0.382,pullback,short,atr_sl_fixed_tp,8.0,20.0,96,0.7,1.5,1.0,24,534.0,-1782.1600000000028,6007.800000000022,7789.959999999939,0.771223472264308,2080.400000000003,-3.3373782771535634,0.2902621722846442,1.50374531835206,237.0,-1469.8800000000017,2093.04,3562.9199999999832,0.5874507426492904,1634.0400000000016,-6.202025316455703,0.22784810126582278,1.261603375527426
R0439,14,2.0,12,0.382,pullback,short,fixed_sl_atr_tp,8.0,20.0,96,0.7,1.25,1.0,24,542.0,-1420.0800000000027,5613.840000000018,7033.919999999938,0.7981097311314413,1715.5600000000024,-2.6200738007380124,0.24723247232472326,1.448339483394834,239.0,-1256.3600000000017,2020.4799999999998,3276.839999999985,0.6165940357173402,1408.5200000000018,-5.256736401673647,0.200836820083682,1.2301255230125523
R0440,14,2.0,12,0.382,pullback,short,fixed_sl_atr_tp,8.0,20.0,96,0.7,1.5,1.0,24,537.0,-1141.8800000000024,5857.560000000019,6999.439999999939,0.8368612346130647,1457.3600000000022,-2.1264059590316617,0.24394785847299813,1.504655493482309,237.0,-1289.8800000000017,2004.1999999999998,3294.079999999985,0.6084248105692663,1462.0400000000018,-5.442531645569628,0.189873417721519,1.2531645569620253
R0441,14,2.0,12,0.382,pullback,short,atr_sl_fixed_tp,8.0,24.0,96,0.7,1.25,1.0,24,529.0,-1415.960000000003,6125.560000000019,7541.519999999937,0.8122447464171771,1698.8800000000028,-2.6766729678638996,0.24763705103969755,1.5841209829867675,236.0,-1144.6400000000017,2291.240000000001,3435.8799999999837,0.6668568168853429,1381.720000000001,-4.850169491525431,0.2076271186440678,1.2838983050847457
R0442,14,2.0,12,0.382,pullback,short,atr_sl_fixed_tp,8.0,24.0,96,0.7,1.5,1.0,24,526.0,-1444.2400000000027,6499.64000000002,7943.879999999937,0.8181946353671092,1801.6800000000026,-2.745703422053237,0.26425855513307983,1.644486692015209,234.0,-1250.1600000000017,2338.0000000000014,3588.159999999983,0.6515874431463514,1436.480000000001,-5.3425641025641095,0.21367521367521367,1.3076923076923077
R0443,14,2.0,12,0.382,pullback,short,fixed_sl_atr_tp,8.0,24.0,96,0.7,1.25,1.0,24,531.0,-1006.4400000000021,6079.200000000017,7085.639999999938,0.8579606076515418,1340.1600000000021,-1.895367231638422,0.22598870056497175,1.5969868173258004,235.0,-1127.4000000000017,2166.6800000000003,3294.079999999985,0.6577496599961173,1304.040000000001,-4.797446808510646,0.1829787234042553,1.2765957446808511
R0444,14,2.0,12,0.382,pullback,short,fixed_sl_atr_tp,8.0,24.0,96,0.7,1.5,1.0,24,528.0,-926.7200000000023,6193.400000000017,7120.119999999937,0.8698448902546687,1369.6800000000023,-1.7551515151515196,0.2178030303030303,1.6401515151515151,235.0,-971.4000000000017,2322.6800000000007,3294.079999999985,0.7051073440839358,1196.040000000001,-4.133617021276603,0.1829787234042553,1.2893617021276595
R0445,14,2.0,12,0.382,pullback,short,atr_sl_fixed_tp,10.0,16.0,96,0.7,1.25,1.0,24,531.0,-2309.4399999999932,5752.120000000025,8061.559999999944,0.713524429514891,2517.679999999996,-4.349227871939724,0.352165725047081,1.4293785310734464,238.0,-1494.1200000000017,2245.480000000001,3739.599999999984,0.6004599422398146,1672.0800000000017,-6.277815126050427,0.3067226890756303,1.23109243697479
R0446,14,2.0,12,0.382,pullback,short,atr_sl_fixed_tp,10.0,16.0,96,0.7,1.5,1.0,24,526.0,-2288.2399999999943,6059.7200000000275,8347.959999999946,0.7258923138108072,2486.4799999999973,-4.350266159695806,0.3745247148288973,1.4885931558935361,237.0,-1593.8800000000017,2307.0000000000014,3900.8799999999833,0.5914050163040163,1752.3200000000018,-6.7252320675105555,0.31645569620253167,1.2447257383966244
R0447,14,2.0,12,0.382,pullback,short,fixed_sl_atr_tp,10.0,16.0,96,0.7,1.25,1.0,24,532.0,-1847.6800000000035,5777.480000000024,7625.1599999999435,0.7576863960887465,2089.9200000000033,-3.473082706766924,0.325187969924812,1.4417293233082706,238.0,-1271.1200000000017,2298.4400000000014,3569.559999999985,0.6439000885263201,1430.0400000000018,-5.340840336134461,0.28991596638655465,1.2436974789915967
R0448,14,2.0,12,0.382,pullback,short,fixed_sl_atr_tp,10.0,16.0,96,0.7,1.5,1.0,24,529.0,-1735.9600000000037,5952.920000000024,7688.879999999943,0.7742245944793088,1955.4400000000037,-3.28158790170133,0.31568998109640833,1.4801512287334593,237.0,-1277.8800000000017,2334.160000000001,3612.0399999999845,0.6462165424524676,1422.0400000000018,-5.391898734177222,0.27848101265822783,1.2658227848101267
R0449,14,2.0,12,0.382,pullback,short,atr_sl_fixed_tp,10.0,20.0,96,0.7,1.25,1.0,24,521.0,-1806.040000000003,6472.920000000025,8278.959999999943,0.7818518267995098,2189.6800000000026,-3.466487523992328,0.32053742802303264,1.6142034548944337,232.0,-1452.6800000000017,2403.1200000000017,3855.799999999983,0.6232480937808009,1597.8400000000015,-6.261551724137938,0.2672413793103448,1.3405172413793103
R0450,14,2.0,12,0.382,pullback,short,atr_sl_fixed_tp,10.0,20.0,96,0.7,1.5,1.0,24,516.0,-1919.840000000003,6744.240000000026,8664.079999999944,0.7784138650612725,2230.080000000003,-3.7206201550387656,0.3372093023255814,1.6705426356589148,230.0,-1515.2000000000016,2480.640000000002,3995.8399999999824,0.6208056378633812,1691.6400000000015,-6.587826086956529,0.2782608695652174,1.3608695652173912
R0451,14,2.0,12,0.382,pullback,short,fixed_sl_atr_tp,10.0,20.0,96,0.7,1.25,1.0,24,524.0,-1499.760000000003,6401.520000000022,7901.279999999941,0.8101877164206395,1811.240000000003,-2.8621374045801584,0.2900763358778626,1.5916030534351144,233.0,-1198.9200000000017,2476.840000000002,3675.759999999984,0.6738307180011788,1389.0800000000015,-5.145579399141638,0.2532188841201717,1.3390557939914163
R0452,14,2.0,12,0.382,pullback,short,fixed_sl_atr_tp,10.0,20.0,96,0.7,1.5,1.0,24,519.0,-1203.5600000000027,6676.480000000022,7880.039999999941,0.8472647346967874,1582.6800000000023,-2.3189980732177315,0.28516377649325625,1.653179190751445,231.0,-1286.4400000000016,2431.8000000000015,3718.2399999999834,0.6540191058135065,1506.6000000000015,-5.569004329004336,0.23809523809523808,1.380952380952381
R0453,14,2.0,12,0.382,pullback,short,atr_sl_fixed_tp,10.0,24.0,96,0.7,1.25,1.0,24,510.0,-1266.4000000000028,7107.520000000023,8373.919999999942,0.8487685576169909,1810.4800000000025,-2.4831372549019664,0.2980392156862745,1.7941176470588236,229.0,-1101.9600000000016,2758.8400000000033,3860.799999999983,0.7145772896808992,1332.3600000000015,-4.812052401746732,0.2576419213973799,1.4017467248908297
R0454,14,2.0,12,0.382,pullback,short,atr_sl_fixed_tp,10.0,24.0,96,0.7,1.5,1.0,24,504.0,-1302.960000000003,7434.840000000025,8737.799999999943,0.8508823731374114,1813.800000000003,-2.5852380952381013,0.31547619047619047,1.8650793650793651,227.0,-1153.4800000000016,2852.3600000000038,4005.8399999999824,0.7120504064066504,1431.1600000000014,-5.081409691629963,0.2687224669603524,1.422907488986784
R0455,14,2.0,12,0.382,pullback,short,fixed_sl_atr_tp,10.0,24.0,96,0.7,1.25,1.0,24,511.0,-905.6400000000024,7016.880000000021,7922.51999999994,0.8856878871874194,1404.2000000000019,-1.7722896281800438,0.2700587084148728,1.7729941291585127,229.0,-991.9600000000014,2705.0400000000027,3696.9999999999836,0.7316851501217243,1273.3600000000013,-4.331703056768565,0.23580786026200873,1.4192139737991267
R0456,14,2.0,12,0.382,pullback,short,fixed_sl_atr_tp,10.0,24.0,96,0.7,1.5,1.0,24,507.0,-900.6800000000019,7085.56000000002,7986.23999999994,0.8872210201546753,1362.9600000000016,-1.7764891518737709,0.2583826429980276,1.824457593688363,229.0,-811.9600000000012,2885.040000000003,3696.9999999999836,0.7803732756288926,1129.360000000001,-3.5456768558952017,0.23580786026200873,1.4323144104803494
R0457,14,2.0,12,0.382,pullback,short,atr_sl_fixed_tp,12.0,16.0,96,0.7,1.25,1.0,24,517.0,-2099.08,6459.60000000003,8558.67999999995,0.7547425537582978,2265.320000000002,-4.060116054158607,0.40618955512572535,1.5589941972920696,236.0,-1460.6400000000017,2614.6000000000035,4075.239999999984,0.6415818454864042,1603.0800000000017,-6.189152542372889,0.3601694915254237,1.3135593220338984
R0458,14,2.0,12,0.382,pullback,short,atr_sl_fixed_tp,12.0,16.0,96,0.7,1.5,1.0,24,513.0,-2012.1200000000028,6797.960000000033,8810.07999999995,0.7716116085211565,2550.2400000000025,-3.9222612085770034,0.43079922027290446,1.6003898635477583,231.0,-1302.4400000000016,2737.6400000000044,4040.079999999985,0.6776202451436641,1515.0400000000016,-5.638268398268405,0.3852813852813853,1.3722943722943723
R0459,14,2.0,12,0.382,pullback,short,fixed_sl_atr_tp,12.0,16.0,96,0.7,1.25,1.0,24,518.0,-1810.3200000000027,6417.920000000028,8228.239999999947,0.7799869716974797,2051.4800000000027,-3.49482625482626,0.37065637065637064,1.5714285714285714,235.0,-1315.400000000002,2598.040000000003,3913.439999999984,0.6638762827589062,1407.5600000000018,-5.597446808510647,0.33617021276595743,1.3361702127659574
R0460,14,2.0,12,0.382,pullback,short,fixed_sl_atr_tp,12.0,16.0,96,0.7,1.5,1.0,24,515.0,-1582.6000000000026,6696.120000000028,8278.719999999947,0.8088351822504048,1882.4800000000027,-3.073009708737869,0.36310679611650487,1.6252427184466018,234.0,-1266.1600000000017,2672.5200000000036,3938.679999999984,0.678531893934012,1382.3200000000015,-5.410940170940178,0.32905982905982906,1.358974358974359
R0461,14,2.0,12,0.382,pullback,short,atr_sl_fixed_tp,12.0,20.0,96,0.7,1.25,1.0,24,506.0,-1893.440000000003,7093.080000000028,8986.519999999946,0.7893021992940616,2172.5600000000027,-3.741976284584986,0.3616600790513834,1.766798418972332,227.0,-1327.4800000000018,2829.480000000004,4156.959999999984,0.6806608675570646,1480.4000000000017,-5.84792951541851,0.32158590308370044,1.4669603524229076
R0462,14,2.0,12,0.382,pullback,short,atr_sl_fixed_tp,12.0,20.0,96,0.7,1.5,1.0,24,501.0,-1933.2400000000036,7403.16000000003,9336.399999999947,0.792935178441377,2430.800000000003,-3.8587624750499074,0.3812375249500998,1.8283433133732534,222.0,-1079.2800000000018,3023.280000000005,4102.559999999985,0.7369252369252409,1345.040000000001,-4.861621621621629,0.35135135135135137,1.5405405405405406
R0463,14,2.0,12,0.382,pullback,short,fixed_sl_atr_tp,12.0,20.0,96,0.7,1.25,1.0,24,508.0,-1489.920000000003,7091.680000000026,8581.599999999944,0.8263820266617032,1886.5200000000027,-2.9329133858267777,0.33070866141732286,1.7618110236220472,228.0,-1124.7200000000018,2864.440000000004,3989.1599999999835,0.718055931574571,1318.0000000000011,-4.932982456140359,0.3026315789473684,1.469298245614035
R0464,14,2.0,12,0.382,pullback,short,fixed_sl_atr_tp,12.0,20.0,96,0.7,1.5,1.0,24,505.0,-1170.2000000000025,7436.640000000026,8606.839999999944,0.864038369482885,1744.760000000002,-2.3172277227722824,0.32475247524752476,1.815841584158416,226.0,-1136.2400000000016,2878.160000000004,4014.3999999999833,0.7169589477879673,1335.520000000001,-5.0276106194690335,0.2920353982300885,1.5176991150442478
R0465,14,2.0,12,0.382,pullback,short,atr_sl_fixed_tp,12.0,24.0,96,0.7,1.25,1.0,24,493.0,-1253.3200000000031,7808.920000000026,9062.239999999945,0.8616986528717043,1786.8800000000028,-2.5422312373225213,0.33874239350912777,1.9817444219066938,223.0,-1080.5200000000016,3132.920000000005,4213.439999999983,0.743553960659228,1330.6800000000014,-4.84538116591929,0.3004484304932735,1.547085201793722
R0466,14,2.0,12,0.382,pullback,short,atr_sl_fixed_tp,12.0,24.0,96,0.7,1.5,1.0,24,487.0,-1203.8800000000035,8183.000000000028,9386.879999999946,0.8717486534397025,2020.8800000000028,-2.472032854209453,0.3593429158110883,2.0616016427104724,217.0,-929.0800000000017,3273.2000000000057,4202.279999999983,0.7789104962068255,1237.4400000000012,-4.281474654377888,0.3225806451612903,1.640552995391705
R0467,14,2.0,12,0.382,pullback,short,fixed_sl_atr_tp,12.0,24.0,96,0.7,1.25,1.0,24,496.0,-855.0400000000022,7802.280000000024,8657.319999999943,0.9012350242338363,1552.880000000002,-1.72387096774194,0.3084677419354839,1.9536290322580645,223.0,-948.5200000000017,3091.1200000000044,4039.639999999983,0.7651968987335548,1205.9200000000017,-4.253452914798213,0.27802690582959644,1.5739910313901346
R0468,14,2.0,12,0.382,pullback,short,fixed_sl_atr_tp,12.0,24.0,96,0.7,1.5,1.0,24,490.0,-727.6000000000024,7954.960000000024,8682.559999999943,0.9161998304647565,1451.920000000002,-1.4848979591836784,0.2979591836734694,2.022448979591837,223.0,-852.5200000000015,3212.3600000000047,4064.879999999983,0.7902717915412062,1166.2800000000009,-3.8229596412556117,0.273542600896861,1.5919282511210762
R0469,14,2.0,12,0.5,pullback,short,atr_sl_fixed_tp,8.0,16.0,96,0.7,1.25,1.0,24,499.0,-2158.7599999999975,4521.720000000017,6680.479999999947,0.6768555552894482,2251.08,-4.326172344689374,0.29458917835671344,1.3507014028056112,210.0,-1348.4000000000015,1568.7599999999998,2917.1599999999903,0.5377696115399927,1413.8000000000015,-6.420952380952388,0.24285714285714285,1.1857142857142857
R0470,14,2.0,12,0.5,pullback,short,atr_sl_fixed_tp,8.0,16.0,96,0.7,1.5,1.0,24,497.0,-2168.2799999999984,4829.320000000019,6997.599999999948,0.6901394763919136,2251.2000000000007,-4.362736418511063,0.3158953722334004,1.3903420523138832,210.0,-1412.4000000000015,1630.2799999999997,3042.6799999999894,0.5358039622963984,1465.8000000000015,-6.725714285714293,0.2523809523809524,1.2
R0471,14,2.0,12,0.5,pullback,short,fixed_sl_atr_tp,8.0,16.0,96,0.7,1.25,1.0,24,500.0,-1820.000000000004,4507.080000000015,6327.079999999947,0.7123475600118938,1888.160000000004,-3.640000000000008,0.266,1.334,210.0,-1412.4000000000015,1432.1999999999998,2844.599999999991,0.5034802784222754,1467.0400000000016,-6.725714285714293,0.21428571428571427,1.1714285714285715
R0472,14,2.0,12,0.5,pullback,short,fixed_sl_atr_tp,8.0,16.0,96,0.7,1.5,1.0,24,497.0,-1608.280000000004,4736.040000000015,6344.319999999947,0.7465008070210921,1684.440000000004,-3.2359758551307927,0.2595573440643863,1.3943661971830985,210.0,-1364.4000000000015,1480.1999999999998,2844.599999999991,0.5203543556211786,1427.0400000000016,-6.497142857142864,0.21428571428571427,1.1714285714285715
R0473,14,2.0,12,0.5,pullback,short,atr_sl_fixed_tp,8.0,20.0,96,0.7,1.25,1.0,24,489.0,-1602.3600000000033,5155.080000000017,6757.439999999946,0.7628746981105358,1753.2800000000032,-3.276809815950927,0.2719836400817996,1.4662576687116564,208.0,-1245.9200000000014,1744.1999999999998,2990.1199999999894,0.5833210707262605,1311.3200000000015,-5.990000000000007,0.21634615384615385,1.2692307692307692
R0474,14,2.0,12,0.5,pullback,short,atr_sl_fixed_tp,8.0,20.0,96,0.7,1.5,1.0,24,486.0,-1706.6400000000035,5426.400000000019,7133.039999999946,0.7607415632044766,1853.5600000000034,-3.511604938271612,0.2880658436213992,1.5164609053497942,208.0,-1297.9200000000014,1821.7199999999998,3119.6399999999885,0.5839519944609014,1351.3200000000015,-6.240000000000007,0.22596153846153846,1.2836538461538463
R0475,14,2.0,12,0.5,pullback,short,fixed_sl_atr_tp,8.0,20.0,96,0.7,1.25,1.0,24,489.0,-1230.3600000000035,5131.200000000015,6361.559999999947,0.8065946088695317,1356.5200000000034,-2.516073619631909,0.24539877300613497,1.49079754601227,208.0,-1295.9200000000017,1600.3999999999999,2896.31999999999,0.5525632526792638,1344.6800000000017,-6.230384615384623,0.19230769230769232,1.2403846153846154
R0476,14,2.0,12,0.5,pullback,short,fixed_sl_atr_tp,8.0,20.0,96,0.7,1.5,1.0,24,488.0,-1113.1200000000042,5317.400000000015,6430.519999999946,0.826900468391368,1256.320000000004,-2.2809836065573856,0.23565573770491804,1.5450819672131149,207.0,-1304.6800000000017,1591.6399999999999,2896.31999999999,0.5495387250027639,1363.4400000000016,-6.302801932367157,0.18840579710144928,1.2608695652173914
R0477,14,2.0,12,0.5,pullback,short,atr_sl_fixed_tp,8.0,24.0,96,0.7,1.25,1.0,24,480.0,-1231.2000000000032,5611.200000000016,6842.399999999945,0.820063135741854,1480.320000000003,-2.5650000000000066,0.25,1.6208333333333333,206.0,-1239.4400000000016,1823.6399999999999,3063.0799999999886,0.5953615315303572,1293.1200000000017,-6.0166990291262215,0.18932038834951456,1.354368932038835
R0478,14,2.0,12,0.5,pullback,short,atr_sl_fixed_tp,8.0,24.0,96,0.7,1.5,1.0,24,477.0,-1223.480000000003,5985.280000000018,7208.759999999946,0.8302787164505495,1517.8400000000029,-2.564947589098539,0.26834381551362685,1.6876310272536688,206.0,-1351.4400000000016,1870.3999999999999,3221.8399999999874,0.5805378293149278,1398.2000000000016,-6.560388349514571,0.1941747572815534,1.3786407766990292
R0479,14,2.0,12,0.5,pullback,short,fixed_sl_atr_tp,8.0,24.0,96,0.7,1.25,1.0,24,483.0,-834.920000000004,5612.840000000015,6447.759999999946,0.8705100686129853,1026.120000000004,-1.7286128364389317,0.22567287784679088,1.6273291925465838,205.0,-1310.2000000000016,1637.84,2948.0399999999895,0.5555691238924865,1368.9600000000016,-6.39121951219513,0.16585365853658537,1.3414634146341464
R0480,14,2.0,12,0.5,pullback,short,fixed_sl_atr_tp,8.0,24.0,96,0.7,1.5,1.0,24,479.0,-689.9600000000036,5775.0400000000145,6464.999999999945,0.8932776488785867,905.1600000000035,-1.4404175365344543,0.21711899791231734,1.6889352818371608,205.0,-1262.2000000000016,1685.84,2948.0399999999895,0.5718511282072176,1332.9600000000016,-6.1570731707317155,0.16585365853658537,1.351219512195122
R0481,14,2.0,12,0.5,pullback,short,atr_sl_fixed_tp,10.0,16.0,96,0.7,1.25,1.0,24,489.0,-2563.3599999999874,5044.64000000002,7607.999999999948,0.6630704521556329,2634.51999999999,-5.242044989775025,0.33537832310838445,1.4887525562372188,208.0,-1351.9200000000017,1937.8799999999997,3289.7999999999884,0.5890570855371167,1382.6800000000017,-6.499615384615392,0.30288461538461536,1.2788461538461537
R0482,14,2.0,12,0.5,pullback,short,atr_sl_fixed_tp,10.0,16.0,96,0.7,1.5,1.0,24,486.0,-2760.6399999999844,5259.960000000022,8020.5999999999485,0.6558062987806468,2826.799999999987,-5.680329218106964,0.35185185185185186,1.5308641975308641,207.0,-1416.6800000000017,1999.3999999999996,3416.0799999999876,0.5852907426055616,1447.4400000000016,-6.843864734299525,0.3140096618357488,1.285024154589372
R0483,14,2.0,12,0.5,pullback,short,fixed_sl_atr_tp,10.0,16.0,96,0.7,1.25,1.0,24,489.0,-2106.36,5094.000000000019,7200.359999999948,0.7074646267686694,2198.5200000000023,-4.307484662576687,0.3067484662576687,1.460122699386503,208.0,-1209.9200000000014,1933.5999999999997,3143.5199999999895,0.6151066320557865,1271.3200000000015,-5.816923076923084,0.28846153846153844,1.2788461538461537
R0484,14,2.0,12,0.5,pullback,short,fixed_sl_atr_tp,10.0,16.0,96,0.7,1.5,1.0,24,485.0,-2017.400000000004,5246.6800000000185,7264.079999999947,0.7222772876950773,2078.800000000004,-4.159587628865988,0.2948453608247423,1.531958762886598,208.0,-1189.9200000000014,1974.8399999999997,3164.7599999999893,0.6240094035566698,1271.6000000000015,-5.720769230769237,0.28365384615384615,1.2836538461538463
R0485,14,2.0,12,0.5,pullback,short,atr_sl_fixed_tp,10.0,20.0,96,0.7,1.25,1.0,24,478.0,-2177.7199999999984,5620.20000000002,7797.919999999946,0.7207306563801704,2312.880000000001,-4.555899581589955,0.303347280334728,1.6297071129707112,205.0,-1149.2000000000016,2209.3200000000006,3358.5199999999877,0.657825470743068,1187.9600000000016,-5.605853658536593,0.2780487804878049,1.3658536585365855
R0486,14,2.0,12,0.5,pullback,short,atr_sl_fixed_tp,10.0,20.0,96,0.7,1.5,1.0,24,473.0,-2416.519999999994,5814.000000000021,8230.519999999948,0.7063952216870937,2551.7999999999965,-5.108921775898508,0.3171247357293869,1.6871035940803383,204.0,-1202.9600000000016,2286.840000000001,3489.799999999987,0.6552925669092812,1241.7200000000016,-5.896862745098047,0.28921568627450983,1.3774509803921569
R0487,14,2.0,12,0.5,pullback,short,fixed_sl_atr_tp,10.0,20.0,96,0.7,1.25,1.0,24,476.0,-1720.2400000000034,5607.560000000018,7327.7999999999465,0.7652446846256801,1831.6400000000033,-3.61394957983194,0.27521008403361347,1.6428571428571428,205.0,-1024.2000000000014,2183.0400000000004,3207.239999999989,0.6806600067347651,1091.8800000000015,-4.996097560975617,0.2634146341463415,1.3560975609756099
R0488,14,2.0,12,0.5,pullback,short,fixed_sl_atr_tp,10.0,20.0,96,0.7,1.5,1.0,24,474.0,-1467.7600000000039,5902.520000000018,7370.279999999946,0.8008542416299056,1589.1600000000037,-3.096540084388194,0.2679324894514768,1.6940928270042195,204.0,-912.9600000000015,2273.040000000001,3185.999999999989,0.7134463276836185,994.3600000000015,-4.475294117647066,0.2647058823529412,1.3872549019607843
R0489,14,2.0,12,0.5,pullback,short,atr_sl_fixed_tp,10.0,24.0,96,0.7,1.25,1.0,24,465.0,-1640.6000000000033,6172.320000000019,7812.919999999946,0.7900144888210888,1872.200000000003,-3.52817204301076,0.2838709677419355,1.8365591397849463,203.0,-1272.7200000000014,2244.480000000001,3517.199999999986,0.6381439781644518,1368.3600000000015,-6.2695566502463125,0.23645320197044334,1.4926108374384237
R0490,14,2.0,12,0.5,pullback,short,atr_sl_fixed_tp,10.0,24.0,96,0.7,1.5,1.0,24,459.0,-1979.1600000000033,6312.6000000000195,8291.759999999946,0.7613100234449696,2173.3200000000033,-4.311895424836608,0.29411764705882354,1.9128540305010893,201.0,-1289.2400000000016,2338.0000000000014,3627.2399999999857,0.6445672191528574,1369.8800000000015,-6.414129353233839,0.24875621890547264,1.507462686567164
R0491,14,2.0,12,0.5,pullback,short,fixed_sl_atr_tp,10.0,24.0,96,0.7,1.25,1.0,24,465.0,-1128.6000000000033,6199.200000000017,7327.7999999999465,0.8459837877671419,1298.0000000000032,-2.4270967741935556,0.25806451612903225,1.8043010752688171,202.0,-986.4800000000014,2305.7200000000007,3292.199999999988,0.7003584229390709,1121.1200000000015,-4.883564356435651,0.23267326732673269,1.5
R0492,14,2.0,12,0.5,pullback,short,fixed_sl_atr_tp,10.0,24.0,96,0.7,1.5,1.0,24,461.0,-1191.6400000000035,6221.120000000016,7412.759999999946,0.8392447617351785,1380.0800000000033,-2.584902386117144,0.24295010845986983,1.880694143167028,201.0,-1041.2400000000014,2272.2000000000007,3313.439999999988,0.6857525713457945,1199.8800000000015,-5.180298507462694,0.22388059701492538,1.5323383084577114
R0493,14,2.0,12,0.5,pullback,short,atr_sl_fixed_tp,12.0,16.0,96,0.7,1.25,1.0,24,478.0,-2838.7199999999816,5506.040000000024,8344.759999999951,0.659820054740946,2876.879999999984,-5.938744769874439,0.37447698744769875,1.6338912133891212,200.0,-1256.0000000000016,2214.7200000000007,3470.719999999989,0.6381154342614811,1286.7600000000016,-6.280000000000008,0.36,1.37
R0494,14,2.0,12,0.5,pullback,short,atr_sl_fixed_tp,12.0,16.0,96,0.7,1.5,1.0,24,476.0,-3018.2399999999766,5752.120000000025,8770.359999999951,0.6558590525360484,3118.399999999979,-6.340840336134405,0.39285714285714285,1.684873949579832,199.0,-1186.7600000000016,2337.7600000000016,3524.5199999999886,0.6632846458524875,1217.5200000000016,-5.963618090452269,0.38190954773869346,1.4321608040201006
R0495,14,2.0,12,0.5,pullback,short,fixed_sl_atr_tp,12.0,16.0,96,0.7,1.25,1.0,24,479.0,-2361.9599999999964,5588.640000000022,7950.599999999949,0.7029205342993055,2422.119999999999,-4.9310229645093875,0.34237995824634654,1.6096033402922756,201.0,-1113.2400000000016,2218.440000000001,3331.6799999999894,0.6658622676847741,1152.0000000000016,-5.538507462686575,0.34328358208955223,1.3781094527363185
R0496,14,2.0,12,0.5,pullback,short,fixed_sl_atr_tp,12.0,16.0,96,0.7,1.5,1.0,24,475.0,-2149.0,5852.080000000023,8001.079999999949,0.7314112594799776,2225.1600000000026,-4.524210526315789,0.33263157894736844,1.6989473684210525,201.0,-1161.2400000000016,2220.9200000000005,3382.159999999989,0.6566572841024694,1208.0000000000016,-5.777313432835829,0.3333333333333333,1.3930348258706469
R0497,14,2.0,12,0.5,pullback,short,atr_sl_fixed_tp,12.0,20.0,96,0.7,1.25,1.0,24,464.0,-2421.3599999999965,6124.080000000023,8545.43999999995,0.7166488794023548,2523.519999999999,-5.218448275862062,0.34051724137931033,1.7974137931034482,196.0,-1097.0400000000016,2480.640000000002,3577.679999999988,0.6933655329710904,1135.8000000000015,-5.597142857142865,0.32653061224489793,1.489795918367347
R0498,14,2.0,12,0.5,pullback,short,atr_sl_fixed_tp,12.0,20.0,96,0.7,1.5,1.0,24,461.0,-2751.639999999989,6317.880000000024,9069.51999999995,0.6966057740652272,2832.7599999999916,-5.968850325379585,0.35357917570498915,1.859002169197397,194.0,-1040.5600000000015,2596.920000000003,3637.4799999999877,0.713933822316552,1116.080000000001,-5.363711340206193,0.34536082474226804,1.5670103092783505
R0499,14,2.0,12,0.5,pullback,short,fixed_sl_atr_tp,12.0,20.0,96,0.7,1.25,1.0,24,465.0,-1782.6000000000035,6268.960000000021,8051.559999999949,0.7786019106856387,1910.7600000000034,-3.8335483870967817,0.3139784946236559,1.8129032258064517,197.0,-1042.2800000000016,2415.6000000000017,3457.8799999999883,0.6985783196640745,1091.0400000000016,-5.290761421319805,0.30456852791878175,1.4923857868020305
R0500,14,2.0,12,0.5,pullback,short,fixed_sl_atr_tp,12.0,20.0,96,0.7,1.5,1.0,24,462.0,-1600.8800000000037,6526.400000000021,8127.279999999948,0.8030238899115156,1749.0400000000036,-3.4651082251082332,0.30303030303030304,1.8896103896103895,196.0,-927.0400000000016,2505.600000000002,3432.6399999999885,0.7299338118765762,985.8000000000015,-4.729795918367355,0.30612244897959184,1.5153061224489797
R0501,14,2.0,12,0.5,pullback,short,atr_sl_fixed_tp,12.0,24.0,96,0.7,1.25,1.0,24,448.0,-2073.520000000001,6546.400000000021,8619.91999999995,0.7594502037141945,2239.6800000000026,-4.628392857142859,0.3125,2.064732142857143,194.0,-1260.5600000000015,2525.0400000000022,3785.5999999999863,0.6670118343195296,1307.3200000000015,-6.497731958762895,0.27835051546391754,1.6237113402061856
R0502,14,2.0,12,0.5,pullback,short,atr_sl_fixed_tp,12.0,24.0,96,0.7,1.5,1.0,24,445.0,-2387.7999999999956,6780.200000000022,9167.999999999949,0.7395506108202508,2516.9199999999983,-5.365842696629204,0.3258426966292135,2.1280898876404493,192.0,-1186.0800000000015,2665.320000000003,3851.399999999986,0.6920392584514755,1314.4000000000012,-6.177500000000008,0.296875,1.703125
R0503,14,2.0,12,0.5,pullback,short,fixed_sl_atr_tp,12.0,24.0,96,0.7,1.25,1.0,24,451.0,-1363.2400000000036,6738.800000000019,8102.039999999948,0.8317411417371504,1559.4000000000035,-3.0227050997782787,0.28824833702882485,2.0399113082039912,195.0,-1069.8000000000015,2539.520000000002,3609.319999999987,0.7036006782441044,1128.5600000000015,-5.486153846153854,0.26666666666666666,1.6307692307692307
R0504,14,2.0,12,0.5,pullback,short,fixed_sl_atr_tp,12.0,24.0,96,0.7,1.5,1.0,24,446.0,-1441.0400000000036,6761.960000000018,8202.999999999947,0.8243276849933027,1661.2000000000035,-3.2310313901345373,0.2713004484304933,2.1345291479820627,194.0,-1128.5600000000015,2506.000000000002,3634.5599999999868,0.6894919880260639,1208.4400000000014,-5.817319587628874,0.25773195876288657,1.6649484536082475
R0505,14,2.0,24,0.382,pullback,short,atr_sl_fixed_tp,8.0,16.0,96,0.7,1.25,1.0,24,484.0,-2140.1599999999985,4367.9200000000155,6508.07999999995,0.6711533970080344,2217.28,-4.421818181818178,0.29338842975206614,1.328512396694215,235.0,-1651.400000000002,1691.7999999999997,3343.1999999999853,0.5060421153385999,1651.400000000002,-7.0272340425532,0.23404255319148937,1.1787234042553192
R0506,14,2.0,24,0.382,pullback,short,atr_sl_fixed_tp,8.0,16.0,96,0.7,1.5,1.0,24,479.0,-2401.959999999994,4490.960000000016,6892.919999999949,0.6515322969075587,2475.079999999996,-5.014530271398735,0.3048016701461378,1.3632567849686847,235.0,-1835.400000000002,1722.5599999999997,3557.9599999999837,0.48414259856772074,1850.7200000000018,-7.810212765957455,0.23829787234042554,1.1829787234042553
R0507,14,2.0,24,0.382,pullback,short,fixed_sl_atr_tp,8.0,16.0,96,0.7,1.25,1.0,24,486.0,-1906.6400000000042,4282.520000000014,6189.159999999949,0.6919388091437367,2003.760000000004,-3.9231275720164693,0.2613168724279835,1.3106995884773662,234.0,-1514.160000000002,1640.7599999999998,3154.919999999987,0.5200639001939849,1514.160000000002,-6.470769230769239,0.21794871794871795,1.1752136752136753
R0508,14,2.0,24,0.382,pullback,short,fixed_sl_atr_tp,8.0,16.0,96,0.7,1.5,1.0,24,482.0,-1717.6800000000042,4471.480000000014,6189.159999999949,0.7224696081536187,1808.600000000004,-3.5636514522821665,0.2551867219917012,1.3692946058091287,234.0,-1442.160000000002,1712.7599999999998,3154.919999999987,0.5428853980449605,1442.160000000002,-6.163076923076932,0.21794871794871795,1.1794871794871795
R0509,14,2.0,24,0.382,pullback,short,atr_sl_fixed_tp,8.0,20.0,96,0.7,1.25,1.0,24,481.0,-1344.4400000000028,5232.600000000018,6577.039999999949,0.7955858562514533,1516.6000000000024,-2.795093555093561,0.2806652806652807,1.4178794178794178,231.0,-1422.4400000000019,1937.9999999999998,3360.439999999985,0.5767101927128615,1424.4000000000017,-6.1577489177489255,0.21645021645021645,1.2857142857142858
R0510,14,2.0,24,0.382,pullback,short,atr_sl_fixed_tp,8.0,20.0,96,0.7,1.5,1.0,24,475.0,-1613.0000000000034,5348.880000000018,6961.879999999948,0.7683097094463073,1734.1200000000033,-3.395789473684218,0.2905263157894737,1.456842105263158,230.0,-1701.2000000000019,1899.2399999999998,3600.4399999999837,0.5275021941762696,1701.2000000000019,-7.396521739130443,0.21304347826086956,1.2869565217391303
R0511,14,2.0,24,0.382,pullback,short,fixed_sl_atr_tp,8.0,20.0,96,0.7,1.25,1.0,24,481.0,-1310.440000000004,4964.920000000015,6275.359999999948,0.7911769205272775,1439.3600000000038,-2.7244074844074926,0.24324324324324326,1.4345114345114345,231.0,-1260.4400000000019,1911.7199999999998,3172.1599999999867,0.6026556037526505,1269.0000000000018,-5.456450216450224,0.20346320346320346,1.2597402597402598
R0512,14,2.0,24,0.382,pullback,short,fixed_sl_atr_tp,8.0,20.0,96,0.7,1.5,1.0,24,478.0,-980.7200000000032,5277.400000000015,6258.119999999948,0.8432883997111048,1174.6800000000026,-2.051715481171555,0.2405857740585774,1.4769874476987448,230.0,-1305.2000000000019,1884.1999999999998,3189.3999999999864,0.5907694237160619,1313.7600000000018,-5.6747826086956605,0.1956521739130435,1.2739130434782608
R0513,14,2.0,24,0.382,pullback,short,atr_sl_fixed_tp,8.0,24.0,96,0.7,1.25,1.0,24,474.0,-1325.7600000000036,5456.9200000000155,6782.679999999946,0.8045374394782091,1469.3600000000035,-2.7969620253164633,0.2468354430379747,1.5970464135021096,228.0,-1286.7200000000018,2104.2000000000003,3390.919999999985,0.6205395585858733,1332.4000000000017,-5.643508771929833,0.19736842105263158,1.381578947368421
R0514,14,2.0,24,0.382,pullback,short,atr_sl_fixed_tp,8.0,24.0,96,0.7,1.5,1.0,24,468.0,-1514.3200000000036,5643.960000000016,7158.279999999946,0.788451974496675,1653.9200000000035,-3.2357264957265035,0.25854700854700857,1.6495726495726495,227.0,-1569.4800000000018,2057.44,3626.9199999999832,0.5672691981074878,1590.8800000000017,-6.914008810572695,0.19383259911894274,1.3832599118942732
R0515,14,2.0,24,0.382,pullback,short,fixed_sl_atr_tp,8.0,24.0,96,0.7,1.25,1.0,24,475.0,-991.0000000000027,5387.800000000014,6378.7999999999465,0.844641625384094,1212.200000000002,-2.08631578947369,0.22105263157894736,1.5957894736842104,227.0,-1269.4800000000018,1954.3999999999999,3223.879999999986,0.6062260381900096,1281.7600000000018,-5.592422907488995,0.1762114537444934,1.3612334801762114
R0516,14,2.0,24,0.382,pullback,short,fixed_sl_atr_tp,8.0,24.0,96,0.7,1.5,1.0,24,472.0,-799.2800000000019,5596.760000000014,6396.039999999946,0.8750351780164072,1195.920000000001,-1.6933898305084787,0.21398305084745764,1.6398305084745763,227.0,-1185.4800000000018,2038.3999999999999,3223.879999999986,0.6322815985706691,1197.7600000000018,-5.222378854625559,0.1762114537444934,1.3656387665198237
R0517,14,2.0,24,0.382,pullback,short,atr_sl_fixed_tp,10.0,16.0,96,0.7,1.25,1.0,24,470.0,-2424.799999999994,4890.840000000019,7315.639999999951,0.6685457458267564,2498.1599999999958,-5.159148936170199,0.3382978723404255,1.4404255319148935,230.0,-1800.2000000000019,1999.3999999999996,3799.599999999984,0.5262132856090136,1802.5200000000018,-7.826956521739138,0.2826086956521739,1.2565217391304349
R0518,14,2.0,24,0.382,pullback,short,atr_sl_fixed_tp,10.0,16.0,96,0.7,1.5,1.0,24,461.0,-2543.639999999989,5044.64000000002,7588.279999999952,0.6647936027663781,2612.4799999999905,-5.517657266811256,0.3557483731019523,1.507592190889371,228.0,-1970.7200000000018,2030.1599999999996,4000.879999999983,0.507428365759535,1970.7200000000018,-8.643508771929833,0.2894736842105263,1.3026315789473684
R0519,14,2.0,24,0.382,pullback,short,fixed_sl_atr_tp,10.0,16.0,96,0.7,1.25,1.0,24,474.0,-1675.7600000000039,5163.5200000000195,6839.2799999999515,0.7549800563802119,1770.1200000000038,-3.5353586497890377,0.3206751054852321,1.4219409282700421,229.0,-1491.9600000000019,2033.8799999999997,3525.8399999999856,0.5768497719692351,1491.9600000000019,-6.515109170305685,0.27510917030567683,1.279475982532751
R0520,14,2.0,24,0.382,pullback,short,fixed_sl_atr_tp,10.0,16.0,96,0.7,1.5,1.0,24,470.0,-1646.800000000004,5277.44000000002,6924.239999999951,0.7621688445230173,1731.640000000004,-3.5038297872340514,0.30638297872340425,1.4829787234042553,229.0,-1395.9600000000019,2129.88,3525.8399999999856,0.6040773262541718,1395.9600000000019,-6.095895196506558,0.27510917030567683,1.2882096069868996
R0521,14,2.0,24,0.382,pullback,short,atr_sl_fixed_tp,10.0,20.0,96,0.7,1.25,1.0,24,465.0,-1586.6000000000038,5814.000000000021,7400.59999999995,0.7856119774072453,1707.9600000000037,-3.4120430107526962,0.3225806451612903,1.5569892473118279,225.0,-1539.0000000000018,2286.840000000001,3825.839999999984,0.5977353992848657,1539.0000000000018,-6.840000000000008,0.26222222222222225,1.3511111111111112
R0522,14,2.0,24,0.382,pullback,short,atr_sl_fixed_tp,10.0,20.0,96,0.7,1.5,1.0,24,455.0,-1774.200000000004,5930.280000000022,7704.479999999951,0.7697183976076334,1890.5600000000038,-3.899340659340668,0.3362637362637363,1.6395604395604395,222.0,-1675.2800000000018,2325.6000000000013,4000.879999999983,0.5812721201335734,1697.9200000000017,-7.546306306306314,0.2702702702702703,1.4054054054054055
R0523,14,2.0,24,0.382,pullback,short,fixed_sl_atr_tp,10.0,20.0,96,0.7,1.25,1.0,24,468.0,-1130.3200000000033,5878.880000000019,7009.19999999995,0.8387376590766509,1249.1600000000033,-2.4152136752136824,0.2948717948717949,1.5705128205128205,226.0,-1080.2400000000018,2445.6000000000017,3525.8399999999856,0.693621945408757,1092.8800000000017,-4.779823008849566,0.26548672566371684,1.3584070796460177
R0524,14,2.0,24,0.382,pullback,short,fixed_sl_atr_tp,10.0,20.0,96,0.7,1.5,1.0,24,465.0,-776.6000000000017,6232.6000000000195,7009.19999999995,0.8892027620841272,1127.680000000001,-1.670107526881724,0.2903225806451613,1.6236559139784945,225.0,-1179.0000000000018,2389.3200000000015,3568.319999999985,0.6695924132364842,1179.0000000000018,-5.240000000000008,0.25333333333333335,1.3911111111111112
R0525,14,2.0,24,0.382,pullback,short,atr_sl_fixed_tp,10.0,24.0,96,0.7,1.25,1.0,24,454.0,-1604.960000000004,6018.040000000018,7622.999999999948,0.7894582185491353,1748.8000000000038,-3.535154185022035,0.2841409691629956,1.7731277533039647,221.0,-1385.0400000000018,2478.280000000002,3863.3199999999833,0.6414897031568736,1402.6800000000017,-6.267149321266976,0.2398190045248869,1.4705882352941178
R0526,14,2.0,24,0.382,pullback,short,atr_sl_fixed_tp,10.0,24.0,96,0.7,1.5,1.0,24,445.0,-1887.8000000000038,6111.560000000019,7999.359999999949,0.7640061204896464,2026.6400000000037,-4.242247191011245,0.2943820224719101,1.8719101123595505,218.0,-1508.3200000000018,2525.0400000000022,4033.3599999999824,0.626038836106872,1600.1600000000014,-6.9188990825688155,0.24770642201834864,1.5229357798165137
R0527,14,2.0,24,0.382,pullback,short,fixed_sl_atr_tp,10.0,24.0,96,0.7,1.25,1.0,24,458.0,-913.9200000000019,6243.960000000017,7157.879999999948,0.8723197371288793,1225.200000000001,-1.9954585152838469,0.26419213973799127,1.762008733624454,221.0,-1118.0400000000018,2492.760000000002,3610.7999999999847,0.6903622465935562,1142.8800000000017,-5.059004524886886,0.23076923076923078,1.502262443438914
R0528,14,2.0,24,0.382,pullback,short,fixed_sl_atr_tp,10.0,24.0,96,0.7,1.5,1.0,24,454.0,-872.9600000000019,6348.640000000017,7221.599999999948,0.8791182009527062,1201.720000000001,-1.922819383259916,0.2511013215859031,1.8237885462555066,221.0,-1010.0400000000018,2600.7600000000025,3610.7999999999847,0.7202725157859792,1046.8800000000017,-4.570316742081456,0.23076923076923078,1.506787330316742
R0529,14,2.0,24,0.382,pullback,short,atr_sl_fixed_tp,12.0,16.0,96,0.7,1.25,1.0,24,455.0,-2732.1999999999866,5229.200000000022,7961.399999999954,0.6568191524103866,2785.039999999988,-6.004835164835136,0.37362637362637363,1.578021978021978,227.0,-2089.4800000000014,2183.9600000000005,4273.439999999983,0.511054326257069,2089.4800000000014,-9.204757709251107,0.31277533039647576,1.3568281938325992
R0530,14,2.0,24,0.382,pullback,short,atr_sl_fixed_tp,12.0,16.0,96,0.7,1.5,1.0,24,452.0,-2776.4799999999877,5506.040000000024,8282.519999999955,0.6647783524821013,2829.3199999999892,-6.14265486725661,0.39601769911504425,1.6194690265486726,222.0,-2047.280000000001,2276.240000000001,4323.519999999983,0.5264784249870499,2087.160000000001,-9.221981981981987,0.3333333333333333,1.4324324324324325
R0531,14,2.0,24,0.382,pullback,short,fixed_sl_atr_tp,12.0,16.0,96,0.7,1.25,1.0,24,462.0,-2124.8800000000006,5472.3600000000215,7597.2399999999525,0.7203089543044653,2199.2400000000025,-4.59930735930736,0.3484848484848485,1.5324675324675325,227.0,-1889.4800000000018,2148.9200000000005,4038.3999999999833,0.5321216323296378,1889.4800000000018,-8.323700440528642,0.29515418502202645,1.3348017621145374
R0532,14,2.0,24,0.382,pullback,short,fixed_sl_atr_tp,12.0,16.0,96,0.7,1.5,1.0,24,458.0,-2007.920000000004,5665.040000000022,7672.959999999952,0.7383122028526223,2076.760000000004,-4.384104803493458,0.33624454148471616,1.6091703056768558,227.0,-1801.4800000000018,2236.920000000001,4038.3999999999833,0.5539124405705255,1801.4800000000018,-7.936035242290757,0.29515418502202645,1.3436123348017621
R0533,14,2.0,24,0.382,pullback,short,atr_sl_fixed_tp,12.0,20.0,96,0.7,1.25,1.0,24,449.0,-1994.7600000000039,6124.080000000023,8118.839999999953,0.7543048021638631,2095.120000000004,-4.442672605790654,0.3518930957683742,1.7327394209354121,220.0,-1792.8000000000018,2480.640000000002,4273.439999999983,0.5804784903964983,1802.1200000000017,-8.149090909090917,0.2909090909090909,1.481818181818182
R0534,14,2.0,24,0.382,pullback,short,atr_sl_fixed_tp,12.0,20.0,96,0.7,1.5,1.0,24,446.0,-1973.0400000000038,6472.920000000025,8445.959999999954,0.7663924527229657,2067.4000000000037,-4.423856502242161,0.3744394618834081,1.7780269058295963,214.0,-1701.3600000000017,2596.920000000003,4298.279999999983,0.6041765543426703,1758.4800000000016,-7.9502803738317835,0.3130841121495327,1.5841121495327102
R0535,14,2.0,24,0.382,pullback,short,fixed_sl_atr_tp,12.0,20.0,96,0.7,1.25,1.0,24,455.0,-1570.200000000004,6228.960000000021,7799.159999999951,0.7986706260674303,1673.0400000000038,-3.45098901098902,0.3208791208791209,1.7186813186813186,223.0,-1486.5200000000018,2551.8800000000024,4038.3999999999833,0.6319037242472298,1486.5200000000018,-6.666008968609874,0.2825112107623318,1.4349775784753362
R0536,14,2.0,24,0.382,pullback,short,fixed_sl_atr_tp,12.0,20.0,96,0.7,1.5,1.0,24,453.0,-1117.720000000003,6681.440000000021,7799.159999999951,0.856687130408924,1261.6800000000014,-2.4673730684326776,0.31788079470198677,1.770419426048565,222.0,-1603.2800000000018,2485.600000000002,4088.879999999983,0.6078926258535375,1603.2800000000018,-7.22198198198199,0.2702702702702703,1.472972972972973
R0537,14,2.0,24,0.382,pullback,short,atr_sl_fixed_tp,12.0,24.0,96,0.7,1.25,1.0,24,439.0,-2172.3599999999965,6298.6000000000195,8470.95999999995,0.7435520885472315,2299.1999999999985,-4.948428246013659,0.30751708428246016,1.9840546697038723,216.0,-1677.8400000000017,2665.320000000003,4343.159999999983,0.613682203741058,1732.4800000000016,-7.767777777777786,0.2638888888888889,1.6018518518518519
R0538,14,2.0,24,0.382,pullback,short,atr_sl_fixed_tp,12.0,24.0,96,0.7,1.5,1.0,24,434.0,-2112.1600000000003,6672.680000000021,8784.839999999951,0.7595676187614183,2233.0000000000023,-4.866728110599079,0.3294930875576037,2.0506912442396312,211.0,-1665.6400000000017,2758.8400000000033,4424.479999999982,0.6235399414168478,1770.7600000000016,-7.894028436018965,0.2796208530805687,1.7014218009478672
R0539,14,2.0,24,0.382,pullback,short,fixed_sl_atr_tp,12.0,24.0,96,0.7,1.25,1.0,24,446.0,-1323.0400000000031,6678.040000000019,8001.079999999949,0.834642323286364,1484.440000000003,-2.966457399103146,0.289237668161435,1.9260089686098654,218.0,-1590.3200000000018,2574.2800000000025,4164.599999999982,0.6181337943620068,1591.1600000000017,-7.295045871559641,0.24311926605504589,1.5871559633027523
R0540,14,2.0,24,0.382,pullback,short,fixed_sl_atr_tp,12.0,24.0,96,0.7,1.5,1.0,24,441.0,-1208.8400000000026,6842.720000000018,8051.559999999949,0.8498626353154001,1420.9200000000021,-2.7411337868480787,0.2766439909297052,1.9886621315192743,218.0,-1494.3200000000018,2670.2800000000025,4164.599999999982,0.6411852278730283,1507.1600000000017,-6.854678899082577,0.24311926605504589,1.591743119266055
R0541,14,2.0,24,0.5,pullback,short,atr_sl_fixed_tp,8.0,16.0,96,0.7,1.25,1.0,24,392.0,-2058.080000000003,3291.3200000000083,5349.399999999962,0.615269002131086,2119.600000000003,-5.250204081632661,0.2729591836734694,1.4005102040816326,182.0,-797.6800000000011,1599.5199999999998,2397.1999999999966,0.6672451193058576,910.8400000000012,-4.382857142857149,0.2857142857142857,1.2747252747252746
R0542,14,2.0,24,0.5,pullback,short,atr_sl_fixed_tp,8.0,16.0,96,0.7,1.5,1.0,24,389.0,-2146.360000000001,3445.1200000000094,5591.479999999962,0.6161374090580728,2207.880000000001,-5.517634961439591,0.2879177377892031,1.4267352185089974,182.0,-897.6800000000012,1630.2799999999997,2527.9599999999955,0.6448994446114664,983.7600000000011,-4.932307692307699,0.29120879120879123,1.2802197802197801
R0543,14,2.0,24,0.5,pullback,short,fixed_sl_atr_tp,8.0,16.0,96,0.7,1.25,1.0,24,393.0,-1607.3200000000031,3426.760000000009,5034.079999999964,0.6807122652004008,1676.840000000003,-4.089872773536904,0.25699745547073793,1.4096692111959288,181.0,-832.440000000001,1494.9599999999998,2327.3999999999974,0.6423304975509159,934.8400000000009,-4.5991160220994525,0.2541436464088398,1.281767955801105
R0544,14,2.0,24,0.5,pullback,short,fixed_sl_atr_tp,8.0,16.0,96,0.7,1.5,1.0,24,393.0,-1607.3200000000031,3512.9600000000087,5120.2799999999625,0.6860874795909666,1684.840000000003,-4.089872773536904,0.24427480916030533,1.4529262086513994,181.0,-816.440000000001,1528.1999999999998,2344.639999999997,0.6517844957008333,942.8400000000009,-4.510718232044204,0.24861878453038674,1.292817679558011
R0545,14,2.0,24,0.5,pullback,short,atr_sl_fixed_tp,8.0,20.0,96,0.7,1.25,1.0,24,389.0,-1606.360000000003,3837.24000000001,5443.599999999961,0.7049085164229623,1683.880000000003,-4.129460154241653,0.2544987146529563,1.5141388174807198,179.0,-897.9600000000012,1627.9199999999998,2525.879999999995,0.6444961755902905,953.7600000000008,-5.016536312849168,0.2346368715083799,1.4245810055865922
R0546,14,2.0,24,0.5,pullback,short,atr_sl_fixed_tp,8.0,20.0,96,0.7,1.5,1.0,24,385.0,-1765.400000000003,3953.5200000000104,5718.91999999996,0.6913053513600537,1842.920000000003,-4.585454545454553,0.2649350649350649,1.5558441558441558,179.0,-997.9600000000012,1666.6799999999998,2664.639999999994,0.6254803650774602,1036.7200000000012,-5.575195530726264,0.24022346368715083,1.4301675977653632
R0547,14,2.0,24,0.5,pullback,short,fixed_sl_atr_tp,8.0,20.0,96,0.7,1.25,1.0,24,391.0,-1360.840000000003,3828.400000000009,5189.239999999962,0.7377573594591958,1448.360000000003,-3.4804092071611334,0.23017902813299232,1.5294117647058822,179.0,-867.9600000000011,1562.8799999999999,2430.839999999996,0.6429382435701249,948.120000000001,-4.848938547486039,0.2122905027932961,1.4022346368715084
R0548,14,2.0,24,0.5,pullback,short,fixed_sl_atr_tp,8.0,20.0,96,0.7,1.5,1.0,24,391.0,-1020.8400000000028,4168.40000000001,5189.239999999962,0.8032775512406519,1118.3600000000029,-2.610843989769828,0.23017902813299232,1.5473145780051152,178.0,-912.720000000001,1535.36,2448.079999999996,0.6271690467631788,1016.5200000000007,-5.127640449438208,0.20224719101123595,1.4213483146067416
R0549,14,2.0,24,0.5,pullback,short,atr_sl_fixed_tp,8.0,24.0,96,0.7,1.25,1.0,24,388.0,-1653.120000000003,4021.360000000009,5674.479999999959,0.7086746274548573,1746.640000000003,-4.260618556701039,0.22164948453608246,1.690721649484536,177.0,-855.4800000000012,1730.12,2585.5999999999945,0.669136757425744,1045.6400000000008,-4.8332203389830575,0.20903954802259886,1.5310734463276836
R0550,14,2.0,24,0.5,pullback,short,atr_sl_fixed_tp,8.0,24.0,96,0.7,1.5,1.0,24,384.0,-1740.160000000003,4208.40000000001,5948.559999999958,0.7074653361485872,1833.680000000003,-4.531666666666674,0.234375,1.75,177.0,-1027.4800000000012,1730.12,2757.599999999993,0.6274006382361489,1145.760000000001,-5.8049717514124355,0.20903954802259886,1.5480225988700564
R0551,14,2.0,24,0.5,pullback,short,fixed_sl_atr_tp,8.0,24.0,96,0.7,1.25,1.0,24,390.0,-1003.6000000000025,4289.080000000009,5292.67999999996,0.8103796186431149,1109.1200000000026,-2.57333333333334,0.2128205128205128,1.6641025641025642,176.0,-838.240000000001,1627.08,2465.3199999999956,0.6599873444421019,1040.4000000000008,-4.762727272727279,0.1875,1.5113636363636365
R0552,14,2.0,24,0.5,pullback,short,fixed_sl_atr_tp,8.0,24.0,96,0.7,1.5,1.0,24,389.0,-842.360000000002,4484.800000000009,5327.15999999996,0.8418744696986843,1049.760000000002,-2.1654498714653005,0.20565552699228792,1.7223650385604112,176.0,-754.2400000000009,1711.08,2465.3199999999956,0.6940600003245027,1016.4000000000007,-4.2854545454545505,0.1875,1.5227272727272727
R0553,14,2.0,24,0.5,pullback,short,atr_sl_fixed_tp,10.0,16.0,96,0.7,1.25,1.0,24,383.0,-2352.919999999993,3721.9600000000114,6074.879999999963,0.6126804150863941,2414.439999999993,-6.143394255874655,0.31592689295039167,1.4882506527415145,179.0,-871.9600000000013,1845.5999999999997,2717.5599999999945,0.6791386390732876,952.0400000000012,-4.871284916201125,0.33519553072625696,1.3575418994413408
R0554,14,2.0,24,0.5,pullback,short,atr_sl_fixed_tp,10.0,16.0,96,0.7,1.5,1.0,24,381.0,-2552.4399999999873,3845.0000000000123,6397.439999999961,0.6010216586634709,2613.9599999999873,-6.699317585301804,0.32808398950131235,1.5354330708661417,178.0,-906.7200000000013,1907.1199999999997,2813.839999999994,0.6777641941261777,976.8000000000012,-5.09393258426967,0.34831460674157305,1.3651685393258426
R0555,14,2.0,24,0.5,pullback,short,fixed_sl_atr_tp,10.0,16.0,96,0.7,1.25,1.0,24,385.0,-1957.400000000003,3819.8800000000115,5777.2799999999625,0.6611900409881529,2026.920000000003,-5.084155844155852,0.2935064935064935,1.5194805194805194,178.0,-764.720000000001,1826.5599999999997,2591.279999999995,0.7048871600135852,852.3600000000012,-4.296179775280905,0.3146067415730337,1.3932584269662922
R0556,14,2.0,24,0.5,pullback,short,fixed_sl_atr_tp,10.0,16.0,96,0.7,1.5,1.0,24,385.0,-2021.4000000000033,3883.320000000011,5904.719999999961,0.6576636995488417,2098.9200000000033,-5.250389610389619,0.2779220779220779,1.5792207792207793,178.0,-796.720000000001,1837.0399999999997,2633.7599999999948,0.6974971143915936,916.3600000000012,-4.475955056179782,0.30337078651685395,1.4101123595505618
R0557,14,2.0,24,0.5,pullback,short,atr_sl_fixed_tp,10.0,20.0,96,0.7,1.25,1.0,24,379.0,-2034.960000000003,4224.840000000012,6259.799999999961,0.674916131505805,2112.480000000003,-5.369287598944599,0.287598944591029,1.6306068601583112,177.0,-839.4800000000013,2015.5199999999998,2854.999999999993,0.7059614711033291,878.2400000000013,-4.74282485875707,0.2937853107344633,1.5084745762711864
R0558,14,2.0,24,0.5,pullback,short,atr_sl_fixed_tp,10.0,20.0,96,0.7,1.5,1.0,24,377.0,-2157.48,4418.640000000013,6576.11999999996,0.671922045218159,2235.0,-5.722758620689655,0.30238726790450926,1.6843501326259946,176.0,-938.2400000000014,2054.2799999999997,2992.5199999999923,0.6864716025289739,977.0000000000014,-5.330909090909099,0.30113636363636365,1.5340909090909092
R0559,14,2.0,24,0.5,pullback,short,fixed_sl_atr_tp,10.0,20.0,96,0.7,1.25,1.0,24,383.0,-1894.9200000000033,4158.4800000000105,6053.39999999996,0.6869660025770704,1982.4400000000032,-4.947571801566588,0.2558746736292428,1.6736292428198434,177.0,-709.480000000001,2009.2399999999998,2718.719999999994,0.7390389595103594,887.7200000000007,-4.0083615819209095,0.2768361581920904,1.5197740112994351
R0560,14,2.0,24,0.5,pullback,short,fixed_sl_atr_tp,10.0,20.0,96,0.7,1.5,1.0,24,383.0,-1534.920000000003,4518.480000000011,6053.39999999996,0.7464367132520635,1632.440000000003,-4.007624020887737,0.2558746736292428,1.6919060052219321,176.0,-738.240000000001,2001.7199999999998,2739.9599999999937,0.7305654097140121,906.4800000000007,-4.194545454545461,0.26704545454545453,1.5511363636363635
R0561,14,2.0,24,0.5,pullback,short,atr_sl_fixed_tp,10.0,24.0,96,0.7,1.25,1.0,24,374.0,-2028.760000000003,4442.200000000011,6470.959999999959,0.6864823766489112,2137.240000000003,-5.424491978609634,0.2540106951871658,1.8716577540106951,174.0,-918.7600000000012,2057.44,2976.1999999999916,0.6912976278475929,1014.3200000000008,-5.280229885057478,0.25287356321839083,1.6494252873563218
R0562,14,2.0,24,0.5,pullback,short,atr_sl_fixed_tp,10.0,24.0,96,0.7,1.5,1.0,24,372.0,-2131.2799999999997,4676.000000000012,6807.279999999958,0.6869116592824213,2224.7999999999997,-5.729247311827956,0.26881720430107525,1.935483870967742,173.0,-1024.5200000000013,2104.2000000000003,3128.7199999999907,0.6725434043314859,1097.760000000001,-5.922080924855499,0.26011560693641617,1.6820809248554913
R0563,14,2.0,24,0.5,pullback,short,fixed_sl_atr_tp,10.0,24.0,96,0.7,1.25,1.0,24,379.0,-1565.960000000003,4593.64000000001,6159.5999999999585,0.7457692057925907,1713.4400000000028,-4.131820580474942,0.23482849604221637,1.841688654353562,173.0,-710.5200000000011,2071.92,2782.4399999999932,0.7446413938845061,885.0800000000007,-4.107052023121394,0.24277456647398843,1.6647398843930636
R0564,14,2.0,24,0.5,pullback,short,fixed_sl_atr_tp,10.0,24.0,96,0.7,1.5,1.0,24,378.0,-1388.7200000000023,4813.360000000011,6202.079999999958,0.776088022082921,1560.200000000002,-3.67386243386244,0.2275132275132275,1.9047619047619047,172.0,-673.2800000000011,2109.16,2782.4399999999932,0.7580253302856503,849.0800000000007,-3.914418604651169,0.23837209302325582,1.7034883720930232
R0565,14,2.0,24,0.5,pullback,short,atr_sl_fixed_tp,12.0,16.0,96,0.7,1.25,1.0,24,373.0,-2648.519999999985,4029.5600000000136,6678.079999999964,0.60340097752648,2710.039999999985,-7.1005898123324,0.3512064343163539,1.6568364611260054,177.0,-981.4800000000014,2030.1599999999996,3011.6399999999926,0.6741044746384045,1016.8000000000013,-5.545084745762719,0.3728813559322034,1.423728813559322
R0566,14,2.0,24,0.5,pullback,short,atr_sl_fixed_tp,12.0,16.0,96,0.7,1.5,1.0,24,370.0,-2426.7999999999943,4337.160000000015,6763.959999999965,0.641216092348275,2488.3199999999943,-6.558918918918903,0.3810810810810811,1.7243243243243243,176.0,-1018.2400000000014,2091.68,3109.9199999999923,0.6725832175747302,1049.0000000000014,-5.785454545454553,0.38636363636363635,1.4488636363636365
R0567,14,2.0,24,0.5,pullback,short,fixed_sl_atr_tp,12.0,16.0,96,0.7,1.25,1.0,24,373.0,-2206.5199999999995,4128.720000000013,6335.239999999963,0.6517069597994767,2276.0399999999995,-5.915603217158176,0.32707774798927614,1.67828418230563,177.0,-947.4800000000013,1980.3599999999997,2927.839999999993,0.676389420186897,986.2400000000013,-5.3529943502824935,0.3446327683615819,1.4576271186440677
R0568,14,2.0,24,0.5,pullback,short,fixed_sl_atr_tp,12.0,16.0,96,0.7,1.5,1.0,24,373.0,-2190.52,4270.920000000013,6461.439999999962,0.6609857864500851,2268.04,-5.872707774798927,0.3136729222520107,1.7613941018766757,177.0,-1059.4800000000012,1944.0799999999997,3003.559999999992,0.6472585864773818,1108.040000000001,-5.985762711864413,0.327683615819209,1.4858757062146892
R0569,14,2.0,24,0.5,pullback,short,atr_sl_fixed_tp,12.0,20.0,96,0.7,1.25,1.0,24,368.0,-2324.3199999999933,4573.680000000014,6897.999999999962,0.663044360684262,2401.8399999999933,-6.316086956521721,0.32065217391304346,1.7907608695652173,175.0,-1061.0000000000014,2170.5600000000004,3231.559999999991,0.6716755994009106,1099.7600000000014,-6.06285714285715,0.32,1.6171428571428572
R0570,14,2.0,24,0.5,pullback,short,atr_sl_fixed_tp,12.0,20.0,96,0.7,1.5,1.0,24,364.0,-2155.3600000000015,4883.760000000016,7039.119999999963,0.6938026344202175,2232.8800000000015,-5.921318681318685,0.34615384615384615,1.8681318681318682,173.0,-986.5200000000013,2286.840000000001,3273.359999999991,0.6986215998240363,1025.2800000000013,-5.702427745664748,0.34104046242774566,1.653179190751445
R0571,14,2.0,24,0.5,pullback,short,fixed_sl_atr_tp,12.0,20.0,96,0.7,1.25,1.0,24,369.0,-2129.5600000000013,4508.560000000012,6638.119999999961,0.6791923014347494,2217.0800000000013,-5.77116531165312,0.2872628726287263,1.8428184281842819,176.0,-1014.2400000000011,2115.52,3129.759999999991,0.6759368130463697,1063.0000000000011,-5.762727272727279,0.29545454545454547,1.6193181818181819
R0572,14,2.0,24,0.5,pullback,short,fixed_sl_atr_tp,12.0,20.0,96,0.7,1.5,1.0,24,368.0,-1788.320000000003,4849.800000000013,6638.119999999961,0.7305984224449154,1885.8400000000029,-4.859565217391312,0.28532608695652173,1.872282608695652,175.0,-973.0000000000011,2156.76,3129.759999999991,0.6891135422524431,1062.1600000000008,-5.560000000000007,0.2914285714285714,1.6457142857142857
R0573,14,2.0,24,0.5,pullback,short,atr_sl_fixed_tp,12.0,24.0,96,0.7,1.25,1.0,24,363.0,-2358.1199999999926,4816.2800000000125,7174.39999999996,0.6713146743978645,2451.6399999999926,-6.496198347107418,0.2837465564738292,2.0826446280991737,172.0,-1059.2800000000013,2291.240000000001,3350.51999999999,0.6838460895622196,1106.0400000000013,-6.158604651162799,0.28488372093023256,1.7674418604651163
R0574,14,2.0,24,0.5,pullback,short,atr_sl_fixed_tp,12.0,24.0,96,0.7,1.5,1.0,24,359.0,-2149.1600000000008,5190.360000000014,7339.51999999996,0.7071797610742995,2242.6800000000007,-5.986518105849584,0.30919220055710306,2.1754874651810585,170.0,-978.8000000000013,2431.520000000002,3410.31999999999,0.712988810434214,1079.400000000001,-5.7576470588235376,0.3058823529411765,1.811764705882353
R0575,14,2.0,24,0.5,pullback,short,fixed_sl_atr_tp,12.0,24.0,96,0.7,1.25,1.0,24,364.0,-1879.3600000000029,4910.200000000012,6789.5599999999595,0.723198557785783,1999.8000000000027,-5.163076923076931,0.260989010989011,2.0631868131868134,172.0,-849.2800000000012,2305.7200000000007,3154.999999999991,0.7308145800316981,983.4000000000009,-4.937674418604658,0.27325581395348836,1.7616279069767442
R0576,14,2.0,24,0.5,pullback,short,fixed_sl_atr_tp,12.0,24.0,96,0.7,1.5,1.0,24,363.0,-1674.1200000000024,5165.920000000012,6840.039999999959,0.7552470453389224,1833.8800000000024,-4.611900826446288,0.2534435261707989,2.1349862258953167,171.0,-812.0400000000012,2342.960000000001,3154.999999999991,0.7426180665610167,940.8000000000009,-4.748771929824568,0.26900584795321636,1.8011695906432748
