config_id,signal_family,side_mode,sl_rule,tp_rule,sl_value,tp_value,max_hold_bars,trades,pnl,profit_factor,win_rate,expectancy,max_dd,total_gain,total_loss,wf_folds,wf_positive,wf_all_positive,wf_pnls,day_positive_rate,week_positive_rate,month_positive_rate,week_std_pnl
X01244,icefishball,long_only,atr,atr,2.5,4.0,24,2,508.52,999.0,1.0,254.26,0.0,508.52,0.0,2,2,True,"[228.26, 280.26]",1.0,1.0,1.0,0.0
X01388,icefishball,long_only,atr,atr,2.5,4.0,48,2,508.52,999.0,1.0,254.26,0.0,508.52,0.0,2,2,True,"[228.26, 280.26]",1.0,1.0,1.0,0.0
X01208,icefishball,long_only,fixed,fixed,80.0,120.0,24,2,477.52,999.0,1.0,238.76,0.0,477.52,0.0,2,2,True,"[238.76, 238.76]",1.0,1.0,1.0,0.0
X01352,icefishball,long_only,fixed,fixed,80.0,120.0,48,2,477.52,999.0,1.0,238.76,0.0,477.52,0.0,2,2,True,"[238.76, 238.76]",1.0,1.0,1.0,0.0
X01280,icefishball,long_only,atr_blend,atr_blend,2.5,4.0,24,2,447.02,999.0,1.0,223.51,0.0,447.02,0.0,2,2,True,"[210.26, 236.76]",1.0,1.0,1.0,0.0
X01064,icefishball,long_only,fixed,fixed,80.0,120.0,12,2,402.02,999.0,1.0,201.01,0.0,402.02,0.0,2,2,True,"[238.76, 163.26]",1.0,1.0,1.0,0.0
X01279,icefishball,long_only,atr_blend,atr_blend,2.5,3.0,24,2,398.02,999.0,1.0,199.01,0.0,398.02,0.0,2,2,True,"[157.26, 240.76]",1.0,1.0,1.0,0.0
X01423,icefishball,long_only,atr_blend,atr_blend,2.5,3.0,48,2,398.02,999.0,1.0,199.01,0.0,398.02,0.0,2,2,True,"[157.26, 240.76]",1.0,1.0,1.0,0.0
X00920,icefishball,long_only,fixed,fixed,80.0,120.0,6,2,395.02,999.0,1.0,197.51,0.0,395.02,0.0,2,2,True,"[238.76, 156.26]",1.0,1.0,1.0,0.0
X01100,icefishball,long_only,atr,atr,2.5,4.0,12,2,391.52,999.0,1.0,195.76,0.0,391.52,0.0,2,2,True,"[228.26, 163.26]",1.0,1.0,1.0,0.0
X00956,icefishball,long_only,atr,atr,2.5,4.0,6,2,384.52,999.0,1.0,192.26,0.0,384.52,0.0,2,2,True,"[228.26, 156.26]",1.0,1.0,1.0,0.0
X01243,icefishball,long_only,atr,atr,2.5,3.0,24,2,380.52,999.0,1.0,190.26,0.0,380.52,0.0,2,2,True,"[170.76, 209.76]",1.0,1.0,1.0,0.0
X01387,icefishball,long_only,atr,atr,2.5,3.0,48,2,380.52,999.0,1.0,190.26,0.0,380.52,0.0,2,2,True,"[170.76, 209.76]",1.0,1.0,1.0,0.0
X01136,icefishball,long_only,atr_blend,atr_blend,2.5,4.0,12,2,373.52,999.0,1.0,186.76,0.0,373.52,0.0,2,2,True,"[210.26, 163.26]",1.0,1.0,1.0,0.0
X00992,icefishball,long_only,atr_blend,atr_blend,2.5,4.0,6,2,366.52,999.0,1.0,183.26,0.0,366.52,0.0,2,2,True,"[210.26, 156.26]",1.0,1.0,1.0,0.0
X01099,icefishball,long_only,atr,atr,2.5,3.0,12,2,334.02,999.0,1.0,167.01,0.0,334.02,0.0,2,2,True,"[170.76, 163.26]",1.0,1.0,1.0,0.0
X00955,icefishball,long_only,atr,atr,2.5,3.0,6,2,327.02,999.0,1.0,163.51,0.0,327.02,0.0,2,2,True,"[170.76, 156.26]",1.0,1.0,1.0,0.0
X01135,icefishball,long_only,atr_blend,atr_blend,2.5,3.0,12,2,320.52,999.0,1.0,160.26,0.0,320.52,0.0,2,2,True,"[157.26, 163.26]",1.0,1.0,1.0,0.0
X00919,icefishball,long_only,fixed,fixed,80.0,80.0,6,2,317.52,999.0,1.0,158.76,0.0,317.52,0.0,2,2,True,"[158.76, 158.76]",1.0,1.0,1.0,0.0
X01063,icefishball,long_only,fixed,fixed,80.0,80.0,12,2,317.52,999.0,1.0,158.76,0.0,317.52,0.0,2,2,True,"[158.76, 158.76]",1.0,1.0,1.0,0.0
X01207,icefishball,long_only,fixed,fixed,80.0,80.0,24,2,317.52,999.0,1.0,158.76,0.0,317.52,0.0,2,2,True,"[158.76, 158.76]",1.0,1.0,1.0,0.0
X01351,icefishball,long_only,fixed,fixed,80.0,80.0,48,2,317.52,999.0,1.0,158.76,0.0,317.52,0.0,2,2,True,"[158.76, 158.76]",1.0,1.0,1.0,0.0
X00991,icefishball,long_only,atr_blend,atr_blend,2.5,3.0,6,2,313.52,999.0,1.0,156.76,0.0,313.52,0.0,2,2,True,"[157.26, 156.26]",1.0,1.0,1.0,0.0
X01424,icefishball,long_only,atr_blend,atr_blend,2.5,4.0,48,2,312.02,999.0,1.0,156.01,0.0,312.02,0.0,2,2,True,"[210.26, 101.76]",1.0,1.0,1.0,0.0
X00776,icefishball,long_only,fixed,fixed,80.0,120.0,3,2,275.02,999.0,1.0,137.51,0.0,275.02,0.0,2,2,True,"[238.76, 36.26]",1.0,1.0,1.0,0.0
X00990,icefishball,long_only,atr_blend,atr_blend,2.5,2.0,6,2,265.02,999.0,1.0,132.51,0.0,265.02,0.0,2,2,True,"[104.76, 160.26]",1.0,1.0,1.0,0.0
X01134,icefishball,long_only,atr_blend,atr_blend,2.5,2.0,12,2,265.02,999.0,1.0,132.51,0.0,265.02,0.0,2,2,True,"[104.76, 160.26]",1.0,1.0,1.0,0.0
X01278,icefishball,long_only,atr_blend,atr_blend,2.5,2.0,24,2,265.02,999.0,1.0,132.51,0.0,265.02,0.0,2,2,True,"[104.76, 160.26]",1.0,1.0,1.0,0.0
X01422,icefishball,long_only,atr_blend,atr_blend,2.5,2.0,48,2,265.02,999.0,1.0,132.51,0.0,265.02,0.0,2,2,True,"[104.76, 160.26]",1.0,1.0,1.0,0.0
X00812,icefishball,long_only,atr,atr,2.5,4.0,3,2,264.52,999.0,1.0,132.26,0.0,264.52,0.0,2,2,True,"[228.26, 36.26]",1.0,1.0,1.0,0.0
X00954,icefishball,long_only,atr,atr,2.5,2.0,6,2,252.52,999.0,1.0,126.26,0.0,252.52,0.0,2,2,True,"[113.26, 139.26]",1.0,1.0,1.0,0.0
X01098,icefishball,long_only,atr,atr,2.5,2.0,12,2,252.52,999.0,1.0,126.26,0.0,252.52,0.0,2,2,True,"[113.26, 139.26]",1.0,1.0,1.0,0.0
X01242,icefishball,long_only,atr,atr,2.5,2.0,24,2,252.52,999.0,1.0,126.26,0.0,252.52,0.0,2,2,True,"[113.26, 139.26]",1.0,1.0,1.0,0.0
X01386,icefishball,long_only,atr,atr,2.5,2.0,48,2,252.52,999.0,1.0,126.26,0.0,252.52,0.0,2,2,True,"[113.26, 139.26]",1.0,1.0,1.0,0.0
X02135,icefishball,short_only,atr_blend,atr_blend,2.0,1.5,48,3,372.28,999.0,1.0,124.0933,0.0,372.28,0.0,3,3,True,"[72.76, 133.76, 165.76]",1.0,1.0,1.0,0.0
X02141,icefishball,short_only,atr_blend,atr_blend,2.5,1.5,48,3,372.28,999.0,1.0,124.0933,0.0,372.28,0.0,3,3,True,"[72.76, 133.76, 165.76]",1.0,1.0,1.0,0.0
X00848,icefishball,long_only,atr_blend,atr_blend,2.5,4.0,3,2,246.52,999.0,1.0,123.26,0.0,246.52,0.0,2,2,True,"[210.26, 36.26]",1.0,1.0,1.0,0.0
X02106,icefishball,short_only,atr,atr,2.5,2.0,48,2,239.02,999.0,1.0,119.51,0.0,239.02,0.0,2,2,True,"[91.76, 147.26]",1.0,1.0,1.0,0.0
X00486,icefishball,all,fixed,fixed,80.0,60.0,24,6,712.56,999.0,1.0,118.76,0.0,712.56,0.0,3,3,True,"[237.52, 237.52, 237.52]",1.0,1.0,1.0,0.0
X00630,icefishball,all,fixed,fixed,80.0,60.0,48,6,712.56,999.0,1.0,118.76,0.0,712.56,0.0,3,3,True,"[237.52, 237.52, 237.52]",1.0,1.0,1.0,0.0
X01918,icefishball,short_only,fixed,fixed,60.0,60.0,24,4,475.04,999.0,1.0,118.76,0.0,475.04,0.0,3,3,True,"[237.52, 118.76, 118.76]",1.0,1.0,1.0,0.0
X01926,icefishball,short_only,fixed,fixed,80.0,60.0,24,4,475.04,999.0,1.0,118.76,0.0,475.04,0.0,3,3,True,"[237.52, 118.76, 118.76]",1.0,1.0,1.0,0.0
X02062,icefishball,short_only,fixed,fixed,60.0,60.0,48,4,475.04,999.0,1.0,118.76,0.0,475.04,0.0,3,3,True,"[237.52, 118.76, 118.76]",1.0,1.0,1.0,0.0
X02070,icefishball,short_only,fixed,fixed,80.0,60.0,48,4,475.04,999.0,1.0,118.76,0.0,475.04,0.0,3,3,True,"[237.52, 118.76, 118.76]",1.0,1.0,1.0,0.0
X00918,icefishball,long_only,fixed,fixed,80.0,60.0,6,2,237.52,999.0,1.0,118.76,0.0,237.52,0.0,2,2,True,"[118.76, 118.76]",1.0,1.0,1.0,0.0
X01062,icefishball,long_only,fixed,fixed,80.0,60.0,12,2,237.52,999.0,1.0,118.76,0.0,237.52,0.0,2,2,True,"[118.76, 118.76]",1.0,1.0,1.0,0.0
X01206,icefishball,long_only,fixed,fixed,80.0,60.0,24,2,237.52,999.0,1.0,118.76,0.0,237.52,0.0,2,2,True,"[118.76, 118.76]",1.0,1.0,1.0,0.0
X01350,icefishball,long_only,fixed,fixed,80.0,60.0,48,2,237.52,999.0,1.0,118.76,0.0,237.52,0.0,2,2,True,"[118.76, 118.76]",1.0,1.0,1.0,0.0
X02105,icefishball,short_only,atr,atr,2.5,1.5,48,2,237.52,999.0,1.0,118.76,0.0,237.52,0.0,2,2,True,"[68.76, 168.76]",1.0,1.0,1.0,0.0
X00666,icefishball,all,atr,atr,2.5,2.0,48,3,352.28,999.0,1.0,117.4267,0.0,352.28,0.0,3,3,True,"[91.76, 113.26, 147.26]",1.0,1.0,1.0,0.0
X00701,icefishball,all,atr_blend,atr_blend,2.5,1.5,48,5,570.3,999.0,1.0,114.06,0.0,570.3,0.0,3,3,True,"[151.02, 299.52, 119.76]",1.0,1.0,1.0,0.0
X00665,icefishball,all,atr,atr,2.5,1.5,48,4,426.54,999.0,1.0,106.635,0.0,426.54,0.0,3,3,True,"[153.52, 168.76, 104.26]",1.0,1.0,1.0,0.0
X00811,icefishball,long_only,atr,atr,2.5,3.0,3,2,207.02,999.0,1.0,103.51,0.0,207.02,0.0,2,2,True,"[170.76, 36.26]",1.0,1.0,1.0,0.0
X00989,icefishball,long_only,atr_blend,atr_blend,2.5,1.5,6,2,198.02,999.0,1.0,99.01,0.0,198.02,0.0,2,2,True,"[78.26, 119.76]",1.0,1.0,1.0,0.0
X01133,icefishball,long_only,atr_blend,atr_blend,2.5,1.5,12,2,198.02,999.0,1.0,99.01,0.0,198.02,0.0,2,2,True,"[78.26, 119.76]",1.0,1.0,1.0,0.0
X01277,icefishball,long_only,atr_blend,atr_blend,2.5,1.5,24,2,198.02,999.0,1.0,99.01,0.0,198.02,0.0,2,2,True,"[78.26, 119.76]",1.0,1.0,1.0,0.0
X01421,icefishball,long_only,atr_blend,atr_blend,2.5,1.5,48,2,198.02,999.0,1.0,99.01,0.0,198.02,0.0,2,2,True,"[78.26, 119.76]",1.0,1.0,1.0,0.0
X00775,icefishball,long_only,fixed,fixed,80.0,80.0,3,2,195.02,999.0,1.0,97.51,0.0,195.02,0.0,2,2,True,"[158.76, 36.26]",1.0,1.0,1.0,0.0
X00847,icefishball,long_only,atr_blend,atr_blend,2.5,3.0,3,2,193.52,999.0,1.0,96.76,0.0,193.52,0.0,2,2,True,"[157.26, 36.26]",1.0,1.0,1.0,0.0
X02154,icefishball,short_only,range15_pct,range15_pct,1.0,1.0,48,2,192.52,999.0,1.0,96.26,0.0,192.52,0.0,2,2,True,"[45.26, 147.26]",1.0,1.0,1.0,0.0
X02158,icefishball,short_only,range15_pct,range15_pct,1.25,1.0,48,2,192.52,999.0,1.0,96.26,0.0,192.52,0.0,2,2,True,"[45.26, 147.26]",1.0,1.0,1.0,0.0
X01786,icefishball,short_only,atr,atr,0.75,1.0,12,4,380.54,999.0,1.0,95.135,0.0,380.54,0.0,3,3,True,"[157.52, 145.76, 77.26]",1.0,1.0,1.0,0.0
X01792,icefishball,short_only,atr,atr,1.0,1.0,12,4,380.54,999.0,1.0,95.135,0.0,380.54,0.0,3,3,True,"[157.52, 145.76, 77.26]",1.0,1.0,1.0,0.0
X01798,icefishball,short_only,atr,atr,1.25,1.0,12,4,380.54,999.0,1.0,95.135,0.0,380.54,0.0,3,3,True,"[157.52, 145.76, 77.26]",1.0,1.0,1.0,0.0
X01804,icefishball,short_only,atr,atr,1.5,1.0,12,4,380.54,999.0,1.0,95.135,0.0,380.54,0.0,3,3,True,"[157.52, 145.76, 77.26]",1.0,1.0,1.0,0.0
X01810,icefishball,short_only,atr,atr,2.0,1.0,12,4,380.54,999.0,1.0,95.135,0.0,380.54,0.0,3,3,True,"[157.52, 145.76, 77.26]",1.0,1.0,1.0,0.0
X01816,icefishball,short_only,atr,atr,2.5,1.0,12,4,380.54,999.0,1.0,95.135,0.0,380.54,0.0,3,3,True,"[157.52, 145.76, 77.26]",1.0,1.0,1.0,0.0
X01930,icefishball,short_only,atr,atr,0.75,1.0,24,4,380.54,999.0,1.0,95.135,0.0,380.54,0.0,3,3,True,"[157.52, 145.76, 77.26]",1.0,1.0,1.0,0.0
X01936,icefishball,short_only,atr,atr,1.0,1.0,24,4,380.54,999.0,1.0,95.135,0.0,380.54,0.0,3,3,True,"[157.52, 145.76, 77.26]",1.0,1.0,1.0,0.0
X01942,icefishball,short_only,atr,atr,1.25,1.0,24,4,380.54,999.0,1.0,95.135,0.0,380.54,0.0,3,3,True,"[157.52, 145.76, 77.26]",1.0,1.0,1.0,0.0
X01948,icefishball,short_only,atr,atr,1.5,1.0,24,4,380.54,999.0,1.0,95.135,0.0,380.54,0.0,3,3,True,"[157.52, 145.76, 77.26]",1.0,1.0,1.0,0.0
X01954,icefishball,short_only,atr,atr,2.0,1.0,24,4,380.54,999.0,1.0,95.135,0.0,380.54,0.0,3,3,True,"[157.52, 145.76, 77.26]",1.0,1.0,1.0,0.0
X01960,icefishball,short_only,atr,atr,2.5,1.0,24,4,380.54,999.0,1.0,95.135,0.0,380.54,0.0,3,3,True,"[157.52, 145.76, 77.26]",1.0,1.0,1.0,0.0
X02074,icefishball,short_only,atr,atr,0.75,1.0,48,4,380.54,999.0,1.0,95.135,0.0,380.54,0.0,3,3,True,"[157.52, 145.76, 77.26]",1.0,1.0,1.0,0.0
X02080,icefishball,short_only,atr,atr,1.0,1.0,48,4,380.54,999.0,1.0,95.135,0.0,380.54,0.0,3,3,True,"[157.52, 145.76, 77.26]",1.0,1.0,1.0,0.0
X02086,icefishball,short_only,atr,atr,1.25,1.0,48,4,380.54,999.0,1.0,95.135,0.0,380.54,0.0,3,3,True,"[157.52, 145.76, 77.26]",1.0,1.0,1.0,0.0
X02092,icefishball,short_only,atr,atr,1.5,1.0,48,4,380.54,999.0,1.0,95.135,0.0,380.54,0.0,3,3,True,"[157.52, 145.76, 77.26]",1.0,1.0,1.0,0.0
X02098,icefishball,short_only,atr,atr,2.0,1.0,48,4,380.54,999.0,1.0,95.135,0.0,380.54,0.0,3,3,True,"[157.52, 145.76, 77.26]",1.0,1.0,1.0,0.0
X02104,icefishball,short_only,atr,atr,2.5,1.0,48,4,380.54,999.0,1.0,95.135,0.0,380.54,0.0,3,3,True,"[157.52, 145.76, 77.26]",1.0,1.0,1.0,0.0
X00953,icefishball,long_only,atr,atr,2.5,1.5,6,2,189.02,999.0,1.0,94.51,0.0,189.02,0.0,2,2,True,"[84.76, 104.26]",1.0,1.0,1.0,0.0
X01097,icefishball,long_only,atr,atr,2.5,1.5,12,2,189.02,999.0,1.0,94.51,0.0,189.02,0.0,2,2,True,"[84.76, 104.26]",1.0,1.0,1.0,0.0
X01241,icefishball,long_only,atr,atr,2.5,1.5,24,2,189.02,999.0,1.0,94.51,0.0,189.02,0.0,2,2,True,"[84.76, 104.26]",1.0,1.0,1.0,0.0
X01385,icefishball,long_only,atr,atr,2.5,1.5,48,2,189.02,999.0,1.0,94.51,0.0,189.02,0.0,2,2,True,"[84.76, 104.26]",1.0,1.0,1.0,0.0
X02219,momentum_reversion,all,atr,atr,0.75,1.5,3,1,89.76,999.0,1.0,89.76,0.0,89.76,0.0,1,1,True,[89.76],1.0,1.0,1.0,0.0
X02225,momentum_reversion,all,atr,atr,1.0,1.5,3,1,89.76,999.0,1.0,89.76,0.0,89.76,0.0,1,1,True,[89.76],1.0,1.0,1.0,0.0
X02231,momentum_reversion,all,atr,atr,1.25,1.5,3,1,89.76,999.0,1.0,89.76,0.0,89.76,0.0,1,1,True,[89.76],1.0,1.0,1.0,0.0
X02237,momentum_reversion,all,atr,atr,1.5,1.5,3,1,89.76,999.0,1.0,89.76,0.0,89.76,0.0,1,1,True,[89.76],1.0,1.0,1.0,0.0
X02243,momentum_reversion,all,atr,atr,2.0,1.5,3,1,89.76,999.0,1.0,89.76,0.0,89.76,0.0,1,1,True,[89.76],1.0,1.0,1.0,0.0
X02249,momentum_reversion,all,atr,atr,2.5,1.5,3,1,89.76,999.0,1.0,89.76,0.0,89.76,0.0,1,1,True,[89.76],1.0,1.0,1.0,0.0
X02363,momentum_reversion,all,atr,atr,0.75,1.5,6,1,89.76,999.0,1.0,89.76,0.0,89.76,0.0,1,1,True,[89.76],1.0,1.0,1.0,0.0
X02369,momentum_reversion,all,atr,atr,1.0,1.5,6,1,89.76,999.0,1.0,89.76,0.0,89.76,0.0,1,1,True,[89.76],1.0,1.0,1.0,0.0
X02375,momentum_reversion,all,atr,atr,1.25,1.5,6,1,89.76,999.0,1.0,89.76,0.0,89.76,0.0,1,1,True,[89.76],1.0,1.0,1.0,0.0
X02381,momentum_reversion,all,atr,atr,1.5,1.5,6,1,89.76,999.0,1.0,89.76,0.0,89.76,0.0,1,1,True,[89.76],1.0,1.0,1.0,0.0
X02387,momentum_reversion,all,atr,atr,2.0,1.5,6,1,89.76,999.0,1.0,89.76,0.0,89.76,0.0,1,1,True,[89.76],1.0,1.0,1.0,0.0
X02393,momentum_reversion,all,atr,atr,2.5,1.5,6,1,89.76,999.0,1.0,89.76,0.0,89.76,0.0,1,1,True,[89.76],1.0,1.0,1.0,0.0
X02507,momentum_reversion,all,atr,atr,0.75,1.5,12,1,89.76,999.0,1.0,89.76,0.0,89.76,0.0,1,1,True,[89.76],1.0,1.0,1.0,0.0
X02513,momentum_reversion,all,atr,atr,1.0,1.5,12,1,89.76,999.0,1.0,89.76,0.0,89.76,0.0,1,1,True,[89.76],1.0,1.0,1.0,0.0
X02519,momentum_reversion,all,atr,atr,1.25,1.5,12,1,89.76,999.0,1.0,89.76,0.0,89.76,0.0,1,1,True,[89.76],1.0,1.0,1.0,0.0
X02525,momentum_reversion,all,atr,atr,1.5,1.5,12,1,89.76,999.0,1.0,89.76,0.0,89.76,0.0,1,1,True,[89.76],1.0,1.0,1.0,0.0
X02531,momentum_reversion,all,atr,atr,2.0,1.5,12,1,89.76,999.0,1.0,89.76,0.0,89.76,0.0,1,1,True,[89.76],1.0,1.0,1.0,0.0
X02537,momentum_reversion,all,atr,atr,2.5,1.5,12,1,89.76,999.0,1.0,89.76,0.0,89.76,0.0,1,1,True,[89.76],1.0,1.0,1.0,0.0
X02651,momentum_reversion,all,atr,atr,0.75,1.5,24,1,89.76,999.0,1.0,89.76,0.0,89.76,0.0,1,1,True,[89.76],1.0,1.0,1.0,0.0
X02657,momentum_reversion,all,atr,atr,1.0,1.5,24,1,89.76,999.0,1.0,89.76,0.0,89.76,0.0,1,1,True,[89.76],1.0,1.0,1.0,0.0
X02663,momentum_reversion,all,atr,atr,1.25,1.5,24,1,89.76,999.0,1.0,89.76,0.0,89.76,0.0,1,1,True,[89.76],1.0,1.0,1.0,0.0
X02669,momentum_reversion,all,atr,atr,1.5,1.5,24,1,89.76,999.0,1.0,89.76,0.0,89.76,0.0,1,1,True,[89.76],1.0,1.0,1.0,0.0
X02675,momentum_reversion,all,atr,atr,2.0,1.5,24,1,89.76,999.0,1.0,89.76,0.0,89.76,0.0,1,1,True,[89.76],1.0,1.0,1.0,0.0
X02681,momentum_reversion,all,atr,atr,2.5,1.5,24,1,89.76,999.0,1.0,89.76,0.0,89.76,0.0,1,1,True,[89.76],1.0,1.0,1.0,0.0
X02795,momentum_reversion,all,atr,atr,0.75,1.5,48,1,89.76,999.0,1.0,89.76,0.0,89.76,0.0,1,1,True,[89.76],1.0,1.0,1.0,0.0
X02801,momentum_reversion,all,atr,atr,1.0,1.5,48,1,89.76,999.0,1.0,89.76,0.0,89.76,0.0,1,1,True,[89.76],1.0,1.0,1.0,0.0
X02807,momentum_reversion,all,atr,atr,1.25,1.5,48,1,89.76,999.0,1.0,89.76,0.0,89.76,0.0,1,1,True,[89.76],1.0,1.0,1.0,0.0
X02813,momentum_reversion,all,atr,atr,1.5,1.5,48,1,89.76,999.0,1.0,89.76,0.0,89.76,0.0,1,1,True,[89.76],1.0,1.0,1.0,0.0
X02819,momentum_reversion,all,atr,atr,2.0,1.5,48,1,89.76,999.0,1.0,89.76,0.0,89.76,0.0,1,1,True,[89.76],1.0,1.0,1.0,0.0
X02825,momentum_reversion,all,atr,atr,2.5,1.5,48,1,89.76,999.0,1.0,89.76,0.0,89.76,0.0,1,1,True,[89.76],1.0,1.0,1.0,0.0
X02939,momentum_reversion,long_only,atr,atr,0.75,1.5,3,1,89.76,999.0,1.0,89.76,0.0,89.76,0.0,1,1,True,[89.76],1.0,1.0,1.0,0.0
X02945,momentum_reversion,long_only,atr,atr,1.0,1.5,3,1,89.76,999.0,1.0,89.76,0.0,89.76,0.0,1,1,True,[89.76],1.0,1.0,1.0,0.0
X02951,momentum_reversion,long_only,atr,atr,1.25,1.5,3,1,89.76,999.0,1.0,89.76,0.0,89.76,0.0,1,1,True,[89.76],1.0,1.0,1.0,0.0
X02957,momentum_reversion,long_only,atr,atr,1.5,1.5,3,1,89.76,999.0,1.0,89.76,0.0,89.76,0.0,1,1,True,[89.76],1.0,1.0,1.0,0.0
X02963,momentum_reversion,long_only,atr,atr,2.0,1.5,3,1,89.76,999.0,1.0,89.76,0.0,89.76,0.0,1,1,True,[89.76],1.0,1.0,1.0,0.0
X02969,momentum_reversion,long_only,atr,atr,2.5,1.5,3,1,89.76,999.0,1.0,89.76,0.0,89.76,0.0,1,1,True,[89.76],1.0,1.0,1.0,0.0
X03083,momentum_reversion,long_only,atr,atr,0.75,1.5,6,1,89.76,999.0,1.0,89.76,0.0,89.76,0.0,1,1,True,[89.76],1.0,1.0,1.0,0.0
X03089,momentum_reversion,long_only,atr,atr,1.0,1.5,6,1,89.76,999.0,1.0,89.76,0.0,89.76,0.0,1,1,True,[89.76],1.0,1.0,1.0,0.0
X03095,momentum_reversion,long_only,atr,atr,1.25,1.5,6,1,89.76,999.0,1.0,89.76,0.0,89.76,0.0,1,1,True,[89.76],1.0,1.0,1.0,0.0
X03101,momentum_reversion,long_only,atr,atr,1.5,1.5,6,1,89.76,999.0,1.0,89.76,0.0,89.76,0.0,1,1,True,[89.76],1.0,1.0,1.0,0.0
X03107,momentum_reversion,long_only,atr,atr,2.0,1.5,6,1,89.76,999.0,1.0,89.76,0.0,89.76,0.0,1,1,True,[89.76],1.0,1.0,1.0,0.0
X03113,momentum_reversion,long_only,atr,atr,2.5,1.5,6,1,89.76,999.0,1.0,89.76,0.0,89.76,0.0,1,1,True,[89.76],1.0,1.0,1.0,0.0
X03227,momentum_reversion,long_only,atr,atr,0.75,1.5,12,1,89.76,999.0,1.0,89.76,0.0,89.76,0.0,1,1,True,[89.76],1.0,1.0,1.0,0.0
X03233,momentum_reversion,long_only,atr,atr,1.0,1.5,12,1,89.76,999.0,1.0,89.76,0.0,89.76,0.0,1,1,True,[89.76],1.0,1.0,1.0,0.0
X03239,momentum_reversion,long_only,atr,atr,1.25,1.5,12,1,89.76,999.0,1.0,89.76,0.0,89.76,0.0,1,1,True,[89.76],1.0,1.0,1.0,0.0
X03245,momentum_reversion,long_only,atr,atr,1.5,1.5,12,1,89.76,999.0,1.0,89.76,0.0,89.76,0.0,1,1,True,[89.76],1.0,1.0,1.0,0.0
X03251,momentum_reversion,long_only,atr,atr,2.0,1.5,12,1,89.76,999.0,1.0,89.76,0.0,89.76,0.0,1,1,True,[89.76],1.0,1.0,1.0,0.0
X03257,momentum_reversion,long_only,atr,atr,2.5,1.5,12,1,89.76,999.0,1.0,89.76,0.0,89.76,0.0,1,1,True,[89.76],1.0,1.0,1.0,0.0
X03371,momentum_reversion,long_only,atr,atr,0.75,1.5,24,1,89.76,999.0,1.0,89.76,0.0,89.76,0.0,1,1,True,[89.76],1.0,1.0,1.0,0.0
X03377,momentum_reversion,long_only,atr,atr,1.0,1.5,24,1,89.76,999.0,1.0,89.76,0.0,89.76,0.0,1,1,True,[89.76],1.0,1.0,1.0,0.0
X03383,momentum_reversion,long_only,atr,atr,1.25,1.5,24,1,89.76,999.0,1.0,89.76,0.0,89.76,0.0,1,1,True,[89.76],1.0,1.0,1.0,0.0
X03389,momentum_reversion,long_only,atr,atr,1.5,1.5,24,1,89.76,999.0,1.0,89.76,0.0,89.76,0.0,1,1,True,[89.76],1.0,1.0,1.0,0.0
X03395,momentum_reversion,long_only,atr,atr,2.0,1.5,24,1,89.76,999.0,1.0,89.76,0.0,89.76,0.0,1,1,True,[89.76],1.0,1.0,1.0,0.0
X03401,momentum_reversion,long_only,atr,atr,2.5,1.5,24,1,89.76,999.0,1.0,89.76,0.0,89.76,0.0,1,1,True,[89.76],1.0,1.0,1.0,0.0
X03515,momentum_reversion,long_only,atr,atr,0.75,1.5,48,1,89.76,999.0,1.0,89.76,0.0,89.76,0.0,1,1,True,[89.76],1.0,1.0,1.0,0.0
X03521,momentum_reversion,long_only,atr,atr,1.0,1.5,48,1,89.76,999.0,1.0,89.76,0.0,89.76,0.0,1,1,True,[89.76],1.0,1.0,1.0,0.0
X03527,momentum_reversion,long_only,atr,atr,1.25,1.5,48,1,89.76,999.0,1.0,89.76,0.0,89.76,0.0,1,1,True,[89.76],1.0,1.0,1.0,0.0
X03533,momentum_reversion,long_only,atr,atr,1.5,1.5,48,1,89.76,999.0,1.0,89.76,0.0,89.76,0.0,1,1,True,[89.76],1.0,1.0,1.0,0.0
X03539,momentum_reversion,long_only,atr,atr,2.0,1.5,48,1,89.76,999.0,1.0,89.76,0.0,89.76,0.0,1,1,True,[89.76],1.0,1.0,1.0,0.0
X03545,momentum_reversion,long_only,atr,atr,2.5,1.5,48,1,89.76,999.0,1.0,89.76,0.0,89.76,0.0,1,1,True,[89.76],1.0,1.0,1.0,0.0
X00376,icefishball,all,atr,atr,2.5,1.0,12,6,506.06,999.0,1.0,84.3433,0.0,506.06,0.0,3,3,True,"[101.52, 258.02, 146.52]",1.0,1.0,1.0,0.0
X00520,icefishball,all,atr,atr,2.5,1.0,24,6,506.06,999.0,1.0,84.3433,0.0,506.06,0.0,3,3,True,"[101.52, 258.02, 146.52]",1.0,1.0,1.0,0.0
X00664,icefishball,all,atr,atr,2.5,1.0,48,6,506.06,999.0,1.0,84.3433,0.0,506.06,0.0,3,3,True,"[101.52, 258.02, 146.52]",1.0,1.0,1.0,0.0
X01828,icefishball,short_only,atr_blend,atr_blend,1.0,1.0,12,4,331.04,999.0,1.0,82.76,0.0,331.04,0.0,3,3,True,"[136.52, 110.26, 84.26]",1.0,1.0,1.0,0.0
X01834,icefishball,short_only,atr_blend,atr_blend,1.25,1.0,12,4,331.04,999.0,1.0,82.76,0.0,331.04,0.0,3,3,True,"[136.52, 110.26, 84.26]",1.0,1.0,1.0,0.0
X01840,icefishball,short_only,atr_blend,atr_blend,1.5,1.0,12,4,331.04,999.0,1.0,82.76,0.0,331.04,0.0,3,3,True,"[136.52, 110.26, 84.26]",1.0,1.0,1.0,0.0
X01846,icefishball,short_only,atr_blend,atr_blend,2.0,1.0,12,4,331.04,999.0,1.0,82.76,0.0,331.04,0.0,3,3,True,"[136.52, 110.26, 84.26]",1.0,1.0,1.0,0.0
X01852,icefishball,short_only,atr_blend,atr_blend,2.5,1.0,12,4,331.04,999.0,1.0,82.76,0.0,331.04,0.0,3,3,True,"[136.52, 110.26, 84.26]",1.0,1.0,1.0,0.0
X01972,icefishball,short_only,atr_blend,atr_blend,1.0,1.0,24,4,331.04,999.0,1.0,82.76,0.0,331.04,0.0,3,3,True,"[136.52, 110.26, 84.26]",1.0,1.0,1.0,0.0
X01978,icefishball,short_only,atr_blend,atr_blend,1.25,1.0,24,4,331.04,999.0,1.0,82.76,0.0,331.04,0.0,3,3,True,"[136.52, 110.26, 84.26]",1.0,1.0,1.0,0.0
X01984,icefishball,short_only,atr_blend,atr_blend,1.5,1.0,24,4,331.04,999.0,1.0,82.76,0.0,331.04,0.0,3,3,True,"[136.52, 110.26, 84.26]",1.0,1.0,1.0,0.0
X01990,icefishball,short_only,atr_blend,atr_blend,2.0,1.0,24,4,331.04,999.0,1.0,82.76,0.0,331.04,0.0,3,3,True,"[136.52, 110.26, 84.26]",1.0,1.0,1.0,0.0
X01996,icefishball,short_only,atr_blend,atr_blend,2.5,1.0,24,4,331.04,999.0,1.0,82.76,0.0,331.04,0.0,3,3,True,"[136.52, 110.26, 84.26]",1.0,1.0,1.0,0.0
X02116,icefishball,short_only,atr_blend,atr_blend,1.0,1.0,48,4,331.04,999.0,1.0,82.76,0.0,331.04,0.0,3,3,True,"[136.52, 110.26, 84.26]",1.0,1.0,1.0,0.0
X02122,icefishball,short_only,atr_blend,atr_blend,1.25,1.0,48,4,331.04,999.0,1.0,82.76,0.0,331.04,0.0,3,3,True,"[136.52, 110.26, 84.26]",1.0,1.0,1.0,0.0
X02128,icefishball,short_only,atr_blend,atr_blend,1.5,1.0,48,4,331.04,999.0,1.0,82.76,0.0,331.04,0.0,3,3,True,"[136.52, 110.26, 84.26]",1.0,1.0,1.0,0.0
X02134,icefishball,short_only,atr_blend,atr_blend,2.0,1.0,48,4,331.04,999.0,1.0,82.76,0.0,331.04,0.0,3,3,True,"[136.52, 110.26, 84.26]",1.0,1.0,1.0,0.0
X02140,icefishball,short_only,atr_blend,atr_blend,2.5,1.0,48,4,331.04,999.0,1.0,82.76,0.0,331.04,0.0,3,3,True,"[136.52, 110.26, 84.26]",1.0,1.0,1.0,0.0
X00485,icefishball,all,fixed,fixed,80.0,40.0,24,6,472.56,999.0,1.0,78.76,0.0,472.56,0.0,3,3,True,"[157.52, 157.52, 157.52]",1.0,1.0,1.0,0.0
X00629,icefishball,all,fixed,fixed,80.0,40.0,48,6,472.56,999.0,1.0,78.76,0.0,472.56,0.0,3,3,True,"[157.52, 157.52, 157.52]",1.0,1.0,1.0,0.0
X01917,icefishball,short_only,fixed,fixed,60.0,40.0,24,4,315.04,999.0,1.0,78.76,0.0,315.04,0.0,3,3,True,"[157.52, 78.76, 78.76]",1.0,1.0,1.0,0.0
X01925,icefishball,short_only,fixed,fixed,80.0,40.0,24,4,315.04,999.0,1.0,78.76,0.0,315.04,0.0,3,3,True,"[157.52, 78.76, 78.76]",1.0,1.0,1.0,0.0
X02061,icefishball,short_only,fixed,fixed,60.0,40.0,48,4,315.04,999.0,1.0,78.76,0.0,315.04,0.0,3,3,True,"[157.52, 78.76, 78.76]",1.0,1.0,1.0,0.0
X02069,icefishball,short_only,fixed,fixed,80.0,40.0,48,4,315.04,999.0,1.0,78.76,0.0,315.04,0.0,3,3,True,"[157.52, 78.76, 78.76]",1.0,1.0,1.0,0.0
X00917,icefishball,long_only,fixed,fixed,80.0,40.0,6,2,157.52,999.0,1.0,78.76,0.0,157.52,0.0,2,2,True,"[78.76, 78.76]",1.0,1.0,1.0,0.0
X01061,icefishball,long_only,fixed,fixed,80.0,40.0,12,2,157.52,999.0,1.0,78.76,0.0,157.52,0.0,2,2,True,"[78.76, 78.76]",1.0,1.0,1.0,0.0
X01205,icefishball,long_only,fixed,fixed,80.0,40.0,24,2,157.52,999.0,1.0,78.76,0.0,157.52,0.0,2,2,True,"[78.76, 78.76]",1.0,1.0,1.0,0.0
X01349,icefishball,long_only,fixed,fixed,80.0,40.0,48,2,157.52,999.0,1.0,78.76,0.0,157.52,0.0,2,2,True,"[78.76, 78.76]",1.0,1.0,1.0,0.0
X02173,momentum_reversion,all,fixed,fixed,15.0,40.0,3,1,78.76,999.0,1.0,78.76,0.0,78.76,0.0,1,1,True,[78.76],1.0,1.0,1.0,0.0
X02181,momentum_reversion,all,fixed,fixed,20.0,40.0,3,1,78.76,999.0,1.0,78.76,0.0,78.76,0.0,1,1,True,[78.76],1.0,1.0,1.0,0.0
X02189,momentum_reversion,all,fixed,fixed,30.0,40.0,3,1,78.76,999.0,1.0,78.76,0.0,78.76,0.0,1,1,True,[78.76],1.0,1.0,1.0,0.0
X02197,momentum_reversion,all,fixed,fixed,40.0,40.0,3,1,78.76,999.0,1.0,78.76,0.0,78.76,0.0,1,1,True,[78.76],1.0,1.0,1.0,0.0
X02205,momentum_reversion,all,fixed,fixed,60.0,40.0,3,1,78.76,999.0,1.0,78.76,0.0,78.76,0.0,1,1,True,[78.76],1.0,1.0,1.0,0.0
X02213,momentum_reversion,all,fixed,fixed,80.0,40.0,3,1,78.76,999.0,1.0,78.76,0.0,78.76,0.0,1,1,True,[78.76],1.0,1.0,1.0,0.0
X02317,momentum_reversion,all,fixed,fixed,15.0,40.0,6,1,78.76,999.0,1.0,78.76,0.0,78.76,0.0,1,1,True,[78.76],1.0,1.0,1.0,0.0
X02325,momentum_reversion,all,fixed,fixed,20.0,40.0,6,1,78.76,999.0,1.0,78.76,0.0,78.76,0.0,1,1,True,[78.76],1.0,1.0,1.0,0.0
X02333,momentum_reversion,all,fixed,fixed,30.0,40.0,6,1,78.76,999.0,1.0,78.76,0.0,78.76,0.0,1,1,True,[78.76],1.0,1.0,1.0,0.0
X02341,momentum_reversion,all,fixed,fixed,40.0,40.0,6,1,78.76,999.0,1.0,78.76,0.0,78.76,0.0,1,1,True,[78.76],1.0,1.0,1.0,0.0
X02349,momentum_reversion,all,fixed,fixed,60.0,40.0,6,1,78.76,999.0,1.0,78.76,0.0,78.76,0.0,1,1,True,[78.76],1.0,1.0,1.0,0.0
X02357,momentum_reversion,all,fixed,fixed,80.0,40.0,6,1,78.76,999.0,1.0,78.76,0.0,78.76,0.0,1,1,True,[78.76],1.0,1.0,1.0,0.0
X02461,momentum_reversion,all,fixed,fixed,15.0,40.0,12,1,78.76,999.0,1.0,78.76,0.0,78.76,0.0,1,1,True,[78.76],1.0,1.0,1.0,0.0
X02469,momentum_reversion,all,fixed,fixed,20.0,40.0,12,1,78.76,999.0,1.0,78.76,0.0,78.76,0.0,1,1,True,[78.76],1.0,1.0,1.0,0.0
X02477,momentum_reversion,all,fixed,fixed,30.0,40.0,12,1,78.76,999.0,1.0,78.76,0.0,78.76,0.0,1,1,True,[78.76],1.0,1.0,1.0,0.0
X02485,momentum_reversion,all,fixed,fixed,40.0,40.0,12,1,78.76,999.0,1.0,78.76,0.0,78.76,0.0,1,1,True,[78.76],1.0,1.0,1.0,0.0
X02493,momentum_reversion,all,fixed,fixed,60.0,40.0,12,1,78.76,999.0,1.0,78.76,0.0,78.76,0.0,1,1,True,[78.76],1.0,1.0,1.0,0.0
X02501,momentum_reversion,all,fixed,fixed,80.0,40.0,12,1,78.76,999.0,1.0,78.76,0.0,78.76,0.0,1,1,True,[78.76],1.0,1.0,1.0,0.0
X02605,momentum_reversion,all,fixed,fixed,15.0,40.0,24,1,78.76,999.0,1.0,78.76,0.0,78.76,0.0,1,1,True,[78.76],1.0,1.0,1.0,0.0
X02613,momentum_reversion,all,fixed,fixed,20.0,40.0,24,1,78.76,999.0,1.0,78.76,0.0,78.76,0.0,1,1,True,[78.76],1.0,1.0,1.0,0.0
X02621,momentum_reversion,all,fixed,fixed,30.0,40.0,24,1,78.76,999.0,1.0,78.76,0.0,78.76,0.0,1,1,True,[78.76],1.0,1.0,1.0,0.0
X02629,momentum_reversion,all,fixed,fixed,40.0,40.0,24,1,78.76,999.0,1.0,78.76,0.0,78.76,0.0,1,1,True,[78.76],1.0,1.0,1.0,0.0
X02637,momentum_reversion,all,fixed,fixed,60.0,40.0,24,1,78.76,999.0,1.0,78.76,0.0,78.76,0.0,1,1,True,[78.76],1.0,1.0,1.0,0.0
X02645,momentum_reversion,all,fixed,fixed,80.0,40.0,24,1,78.76,999.0,1.0,78.76,0.0,78.76,0.0,1,1,True,[78.76],1.0,1.0,1.0,0.0
X02749,momentum_reversion,all,fixed,fixed,15.0,40.0,48,1,78.76,999.0,1.0,78.76,0.0,78.76,0.0,1,1,True,[78.76],1.0,1.0,1.0,0.0
X02757,momentum_reversion,all,fixed,fixed,20.0,40.0,48,1,78.76,999.0,1.0,78.76,0.0,78.76,0.0,1,1,True,[78.76],1.0,1.0,1.0,0.0
X02765,momentum_reversion,all,fixed,fixed,30.0,40.0,48,1,78.76,999.0,1.0,78.76,0.0,78.76,0.0,1,1,True,[78.76],1.0,1.0,1.0,0.0
X02773,momentum_reversion,all,fixed,fixed,40.0,40.0,48,1,78.76,999.0,1.0,78.76,0.0,78.76,0.0,1,1,True,[78.76],1.0,1.0,1.0,0.0
X02781,momentum_reversion,all,fixed,fixed,60.0,40.0,48,1,78.76,999.0,1.0,78.76,0.0,78.76,0.0,1,1,True,[78.76],1.0,1.0,1.0,0.0
X02789,momentum_reversion,all,fixed,fixed,80.0,40.0,48,1,78.76,999.0,1.0,78.76,0.0,78.76,0.0,1,1,True,[78.76],1.0,1.0,1.0,0.0
X02893,momentum_reversion,long_only,fixed,fixed,15.0,40.0,3,1,78.76,999.0,1.0,78.76,0.0,78.76,0.0,1,1,True,[78.76],1.0,1.0,1.0,0.0
X02901,momentum_reversion,long_only,fixed,fixed,20.0,40.0,3,1,78.76,999.0,1.0,78.76,0.0,78.76,0.0,1,1,True,[78.76],1.0,1.0,1.0,0.0
X02909,momentum_reversion,long_only,fixed,fixed,30.0,40.0,3,1,78.76,999.0,1.0,78.76,0.0,78.76,0.0,1,1,True,[78.76],1.0,1.0,1.0,0.0
X02917,momentum_reversion,long_only,fixed,fixed,40.0,40.0,3,1,78.76,999.0,1.0,78.76,0.0,78.76,0.0,1,1,True,[78.76],1.0,1.0,1.0,0.0
X02925,momentum_reversion,long_only,fixed,fixed,60.0,40.0,3,1,78.76,999.0,1.0,78.76,0.0,78.76,0.0,1,1,True,[78.76],1.0,1.0,1.0,0.0
X02933,momentum_reversion,long_only,fixed,fixed,80.0,40.0,3,1,78.76,999.0,1.0,78.76,0.0,78.76,0.0,1,1,True,[78.76],1.0,1.0,1.0,0.0
X03037,momentum_reversion,long_only,fixed,fixed,15.0,40.0,6,1,78.76,999.0,1.0,78.76,0.0,78.76,0.0,1,1,True,[78.76],1.0,1.0,1.0,0.0
X03045,momentum_reversion,long_only,fixed,fixed,20.0,40.0,6,1,78.76,999.0,1.0,78.76,0.0,78.76,0.0,1,1,True,[78.76],1.0,1.0,1.0,0.0
X03053,momentum_reversion,long_only,fixed,fixed,30.0,40.0,6,1,78.76,999.0,1.0,78.76,0.0,78.76,0.0,1,1,True,[78.76],1.0,1.0,1.0,0.0
X03061,momentum_reversion,long_only,fixed,fixed,40.0,40.0,6,1,78.76,999.0,1.0,78.76,0.0,78.76,0.0,1,1,True,[78.76],1.0,1.0,1.0,0.0
X03069,momentum_reversion,long_only,fixed,fixed,60.0,40.0,6,1,78.76,999.0,1.0,78.76,0.0,78.76,0.0,1,1,True,[78.76],1.0,1.0,1.0,0.0
X03077,momentum_reversion,long_only,fixed,fixed,80.0,40.0,6,1,78.76,999.0,1.0,78.76,0.0,78.76,0.0,1,1,True,[78.76],1.0,1.0,1.0,0.0
X03181,momentum_reversion,long_only,fixed,fixed,15.0,40.0,12,1,78.76,999.0,1.0,78.76,0.0,78.76,0.0,1,1,True,[78.76],1.0,1.0,1.0,0.0
X03189,momentum_reversion,long_only,fixed,fixed,20.0,40.0,12,1,78.76,999.0,1.0,78.76,0.0,78.76,0.0,1,1,True,[78.76],1.0,1.0,1.0,0.0
X03197,momentum_reversion,long_only,fixed,fixed,30.0,40.0,12,1,78.76,999.0,1.0,78.76,0.0,78.76,0.0,1,1,True,[78.76],1.0,1.0,1.0,0.0
X03205,momentum_reversion,long_only,fixed,fixed,40.0,40.0,12,1,78.76,999.0,1.0,78.76,0.0,78.76,0.0,1,1,True,[78.76],1.0,1.0,1.0,0.0
X03213,momentum_reversion,long_only,fixed,fixed,60.0,40.0,12,1,78.76,999.0,1.0,78.76,0.0,78.76,0.0,1,1,True,[78.76],1.0,1.0,1.0,0.0
X03221,momentum_reversion,long_only,fixed,fixed,80.0,40.0,12,1,78.76,999.0,1.0,78.76,0.0,78.76,0.0,1,1,True,[78.76],1.0,1.0,1.0,0.0
X03325,momentum_reversion,long_only,fixed,fixed,15.0,40.0,24,1,78.76,999.0,1.0,78.76,0.0,78.76,0.0,1,1,True,[78.76],1.0,1.0,1.0,0.0
X03333,momentum_reversion,long_only,fixed,fixed,20.0,40.0,24,1,78.76,999.0,1.0,78.76,0.0,78.76,0.0,1,1,True,[78.76],1.0,1.0,1.0,0.0
X03341,momentum_reversion,long_only,fixed,fixed,30.0,40.0,24,1,78.76,999.0,1.0,78.76,0.0,78.76,0.0,1,1,True,[78.76],1.0,1.0,1.0,0.0
X03349,momentum_reversion,long_only,fixed,fixed,40.0,40.0,24,1,78.76,999.0,1.0,78.76,0.0,78.76,0.0,1,1,True,[78.76],1.0,1.0,1.0,0.0
X03357,momentum_reversion,long_only,fixed,fixed,60.0,40.0,24,1,78.76,999.0,1.0,78.76,0.0,78.76,0.0,1,1,True,[78.76],1.0,1.0,1.0,0.0
X03365,momentum_reversion,long_only,fixed,fixed,80.0,40.0,24,1,78.76,999.0,1.0,78.76,0.0,78.76,0.0,1,1,True,[78.76],1.0,1.0,1.0,0.0
X03469,momentum_reversion,long_only,fixed,fixed,15.0,40.0,48,1,78.76,999.0,1.0,78.76,0.0,78.76,0.0,1,1,True,[78.76],1.0,1.0,1.0,0.0
X03477,momentum_reversion,long_only,fixed,fixed,20.0,40.0,48,1,78.76,999.0,1.0,78.76,0.0,78.76,0.0,1,1,True,[78.76],1.0,1.0,1.0,0.0
X03485,momentum_reversion,long_only,fixed,fixed,30.0,40.0,48,1,78.76,999.0,1.0,78.76,0.0,78.76,0.0,1,1,True,[78.76],1.0,1.0,1.0,0.0
X03493,momentum_reversion,long_only,fixed,fixed,40.0,40.0,48,1,78.76,999.0,1.0,78.76,0.0,78.76,0.0,1,1,True,[78.76],1.0,1.0,1.0,0.0
X03501,momentum_reversion,long_only,fixed,fixed,60.0,40.0,48,1,78.76,999.0,1.0,78.76,0.0,78.76,0.0,1,1,True,[78.76],1.0,1.0,1.0,0.0
X03509,momentum_reversion,long_only,fixed,fixed,80.0,40.0,48,1,78.76,999.0,1.0,78.76,0.0,78.76,0.0,1,1,True,[78.76],1.0,1.0,1.0,0.0
X00774,icefishball,long_only,fixed,fixed,80.0,60.0,3,2,155.02,999.0,1.0,77.51,0.0,155.02,0.0,2,2,True,"[118.76, 36.26]",1.0,1.0,1.0,0.0
X00412,icefishball,all,atr_blend,atr_blend,2.5,1.0,12,6,462.06,999.0,1.0,77.01,0.0,462.06,0.0,3,3,True,"[99.52, 199.02, 163.52]",1.0,1.0,1.0,0.0
X00556,icefishball,all,atr_blend,atr_blend,2.5,1.0,24,6,462.06,999.0,1.0,77.01,0.0,462.06,0.0,3,3,True,"[99.52, 199.02, 163.52]",1.0,1.0,1.0,0.0
X00700,icefishball,all,atr_blend,atr_blend,2.5,1.0,48,6,462.06,999.0,1.0,77.01,0.0,462.06,0.0,3,3,True,"[99.52, 199.02, 163.52]",1.0,1.0,1.0,0.0
X02254,momentum_reversion,all,atr_blend,atr_blend,0.75,1.0,3,1,76.26,999.0,1.0,76.26,0.0,76.26,0.0,1,1,True,[76.26],1.0,1.0,1.0,0.0
X02260,momentum_reversion,all,atr_blend,atr_blend,1.0,1.0,3,1,76.26,999.0,1.0,76.26,0.0,76.26,0.0,1,1,True,[76.26],1.0,1.0,1.0,0.0
X02266,momentum_reversion,all,atr_blend,atr_blend,1.25,1.0,3,1,76.26,999.0,1.0,76.26,0.0,76.26,0.0,1,1,True,[76.26],1.0,1.0,1.0,0.0
X02272,momentum_reversion,all,atr_blend,atr_blend,1.5,1.0,3,1,76.26,999.0,1.0,76.26,0.0,76.26,0.0,1,1,True,[76.26],1.0,1.0,1.0,0.0
X02278,momentum_reversion,all,atr_blend,atr_blend,2.0,1.0,3,1,76.26,999.0,1.0,76.26,0.0,76.26,0.0,1,1,True,[76.26],1.0,1.0,1.0,0.0
X02284,momentum_reversion,all,atr_blend,atr_blend,2.5,1.0,3,1,76.26,999.0,1.0,76.26,0.0,76.26,0.0,1,1,True,[76.26],1.0,1.0,1.0,0.0
X02398,momentum_reversion,all,atr_blend,atr_blend,0.75,1.0,6,1,76.26,999.0,1.0,76.26,0.0,76.26,0.0,1,1,True,[76.26],1.0,1.0,1.0,0.0
X02404,momentum_reversion,all,atr_blend,atr_blend,1.0,1.0,6,1,76.26,999.0,1.0,76.26,0.0,76.26,0.0,1,1,True,[76.26],1.0,1.0,1.0,0.0
X02410,momentum_reversion,all,atr_blend,atr_blend,1.25,1.0,6,1,76.26,999.0,1.0,76.26,0.0,76.26,0.0,1,1,True,[76.26],1.0,1.0,1.0,0.0
X02416,momentum_reversion,all,atr_blend,atr_blend,1.5,1.0,6,1,76.26,999.0,1.0,76.26,0.0,76.26,0.0,1,1,True,[76.26],1.0,1.0,1.0,0.0
X02422,momentum_reversion,all,atr_blend,atr_blend,2.0,1.0,6,1,76.26,999.0,1.0,76.26,0.0,76.26,0.0,1,1,True,[76.26],1.0,1.0,1.0,0.0
X02428,momentum_reversion,all,atr_blend,atr_blend,2.5,1.0,6,1,76.26,999.0,1.0,76.26,0.0,76.26,0.0,1,1,True,[76.26],1.0,1.0,1.0,0.0
X02542,momentum_reversion,all,atr_blend,atr_blend,0.75,1.0,12,1,76.26,999.0,1.0,76.26,0.0,76.26,0.0,1,1,True,[76.26],1.0,1.0,1.0,0.0
X02548,momentum_reversion,all,atr_blend,atr_blend,1.0,1.0,12,1,76.26,999.0,1.0,76.26,0.0,76.26,0.0,1,1,True,[76.26],1.0,1.0,1.0,0.0
X02554,momentum_reversion,all,atr_blend,atr_blend,1.25,1.0,12,1,76.26,999.0,1.0,76.26,0.0,76.26,0.0,1,1,True,[76.26],1.0,1.0,1.0,0.0
X02560,momentum_reversion,all,atr_blend,atr_blend,1.5,1.0,12,1,76.26,999.0,1.0,76.26,0.0,76.26,0.0,1,1,True,[76.26],1.0,1.0,1.0,0.0
X02566,momentum_reversion,all,atr_blend,atr_blend,2.0,1.0,12,1,76.26,999.0,1.0,76.26,0.0,76.26,0.0,1,1,True,[76.26],1.0,1.0,1.0,0.0
X02572,momentum_reversion,all,atr_blend,atr_blend,2.5,1.0,12,1,76.26,999.0,1.0,76.26,0.0,76.26,0.0,1,1,True,[76.26],1.0,1.0,1.0,0.0
X02686,momentum_reversion,all,atr_blend,atr_blend,0.75,1.0,24,1,76.26,999.0,1.0,76.26,0.0,76.26,0.0,1,1,True,[76.26],1.0,1.0,1.0,0.0
X02692,momentum_reversion,all,atr_blend,atr_blend,1.0,1.0,24,1,76.26,999.0,1.0,76.26,0.0,76.26,0.0,1,1,True,[76.26],1.0,1.0,1.0,0.0
X02698,momentum_reversion,all,atr_blend,atr_blend,1.25,1.0,24,1,76.26,999.0,1.0,76.26,0.0,76.26,0.0,1,1,True,[76.26],1.0,1.0,1.0,0.0
X02704,momentum_reversion,all,atr_blend,atr_blend,1.5,1.0,24,1,76.26,999.0,1.0,76.26,0.0,76.26,0.0,1,1,True,[76.26],1.0,1.0,1.0,0.0
X02710,momentum_reversion,all,atr_blend,atr_blend,2.0,1.0,24,1,76.26,999.0,1.0,76.26,0.0,76.26,0.0,1,1,True,[76.26],1.0,1.0,1.0,0.0
X02716,momentum_reversion,all,atr_blend,atr_blend,2.5,1.0,24,1,76.26,999.0,1.0,76.26,0.0,76.26,0.0,1,1,True,[76.26],1.0,1.0,1.0,0.0
X02830,momentum_reversion,all,atr_blend,atr_blend,0.75,1.0,48,1,76.26,999.0,1.0,76.26,0.0,76.26,0.0,1,1,True,[76.26],1.0,1.0,1.0,0.0
X02836,momentum_reversion,all,atr_blend,atr_blend,1.0,1.0,48,1,76.26,999.0,1.0,76.26,0.0,76.26,0.0,1,1,True,[76.26],1.0,1.0,1.0,0.0
X02842,momentum_reversion,all,atr_blend,atr_blend,1.25,1.0,48,1,76.26,999.0,1.0,76.26,0.0,76.26,0.0,1,1,True,[76.26],1.0,1.0,1.0,0.0
X02848,momentum_reversion,all,atr_blend,atr_blend,1.5,1.0,48,1,76.26,999.0,1.0,76.26,0.0,76.26,0.0,1,1,True,[76.26],1.0,1.0,1.0,0.0
X02854,momentum_reversion,all,atr_blend,atr_blend,2.0,1.0,48,1,76.26,999.0,1.0,76.26,0.0,76.26,0.0,1,1,True,[76.26],1.0,1.0,1.0,0.0
X02860,momentum_reversion,all,atr_blend,atr_blend,2.5,1.0,48,1,76.26,999.0,1.0,76.26,0.0,76.26,0.0,1,1,True,[76.26],1.0,1.0,1.0,0.0
X02974,momentum_reversion,long_only,atr_blend,atr_blend,0.75,1.0,3,1,76.26,999.0,1.0,76.26,0.0,76.26,0.0,1,1,True,[76.26],1.0,1.0,1.0,0.0
X02980,momentum_reversion,long_only,atr_blend,atr_blend,1.0,1.0,3,1,76.26,999.0,1.0,76.26,0.0,76.26,0.0,1,1,True,[76.26],1.0,1.0,1.0,0.0
X02986,momentum_reversion,long_only,atr_blend,atr_blend,1.25,1.0,3,1,76.26,999.0,1.0,76.26,0.0,76.26,0.0,1,1,True,[76.26],1.0,1.0,1.0,0.0
X02992,momentum_reversion,long_only,atr_blend,atr_blend,1.5,1.0,3,1,76.26,999.0,1.0,76.26,0.0,76.26,0.0,1,1,True,[76.26],1.0,1.0,1.0,0.0
X02998,momentum_reversion,long_only,atr_blend,atr_blend,2.0,1.0,3,1,76.26,999.0,1.0,76.26,0.0,76.26,0.0,1,1,True,[76.26],1.0,1.0,1.0,0.0
X03004,momentum_reversion,long_only,atr_blend,atr_blend,2.5,1.0,3,1,76.26,999.0,1.0,76.26,0.0,76.26,0.0,1,1,True,[76.26],1.0,1.0,1.0,0.0
X03118,momentum_reversion,long_only,atr_blend,atr_blend,0.75,1.0,6,1,76.26,999.0,1.0,76.26,0.0,76.26,0.0,1,1,True,[76.26],1.0,1.0,1.0,0.0
X03124,momentum_reversion,long_only,atr_blend,atr_blend,1.0,1.0,6,1,76.26,999.0,1.0,76.26,0.0,76.26,0.0,1,1,True,[76.26],1.0,1.0,1.0,0.0
X03130,momentum_reversion,long_only,atr_blend,atr_blend,1.25,1.0,6,1,76.26,999.0,1.0,76.26,0.0,76.26,0.0,1,1,True,[76.26],1.0,1.0,1.0,0.0
X03136,momentum_reversion,long_only,atr_blend,atr_blend,1.5,1.0,6,1,76.26,999.0,1.0,76.26,0.0,76.26,0.0,1,1,True,[76.26],1.0,1.0,1.0,0.0
X03142,momentum_reversion,long_only,atr_blend,atr_blend,2.0,1.0,6,1,76.26,999.0,1.0,76.26,0.0,76.26,0.0,1,1,True,[76.26],1.0,1.0,1.0,0.0
X03148,momentum_reversion,long_only,atr_blend,atr_blend,2.5,1.0,6,1,76.26,999.0,1.0,76.26,0.0,76.26,0.0,1,1,True,[76.26],1.0,1.0,1.0,0.0
X03262,momentum_reversion,long_only,atr_blend,atr_blend,0.75,1.0,12,1,76.26,999.0,1.0,76.26,0.0,76.26,0.0,1,1,True,[76.26],1.0,1.0,1.0,0.0
X03268,momentum_reversion,long_only,atr_blend,atr_blend,1.0,1.0,12,1,76.26,999.0,1.0,76.26,0.0,76.26,0.0,1,1,True,[76.26],1.0,1.0,1.0,0.0
X03274,momentum_reversion,long_only,atr_blend,atr_blend,1.25,1.0,12,1,76.26,999.0,1.0,76.26,0.0,76.26,0.0,1,1,True,[76.26],1.0,1.0,1.0,0.0
X03280,momentum_reversion,long_only,atr_blend,atr_blend,1.5,1.0,12,1,76.26,999.0,1.0,76.26,0.0,76.26,0.0,1,1,True,[76.26],1.0,1.0,1.0,0.0
X03286,momentum_reversion,long_only,atr_blend,atr_blend,2.0,1.0,12,1,76.26,999.0,1.0,76.26,0.0,76.26,0.0,1,1,True,[76.26],1.0,1.0,1.0,0.0
X03292,momentum_reversion,long_only,atr_blend,atr_blend,2.5,1.0,12,1,76.26,999.0,1.0,76.26,0.0,76.26,0.0,1,1,True,[76.26],1.0,1.0,1.0,0.0
X03406,momentum_reversion,long_only,atr_blend,atr_blend,0.75,1.0,24,1,76.26,999.0,1.0,76.26,0.0,76.26,0.0,1,1,True,[76.26],1.0,1.0,1.0,0.0
X03412,momentum_reversion,long_only,atr_blend,atr_blend,1.0,1.0,24,1,76.26,999.0,1.0,76.26,0.0,76.26,0.0,1,1,True,[76.26],1.0,1.0,1.0,0.0
X03418,momentum_reversion,long_only,atr_blend,atr_blend,1.25,1.0,24,1,76.26,999.0,1.0,76.26,0.0,76.26,0.0,1,1,True,[76.26],1.0,1.0,1.0,0.0
X03424,momentum_reversion,long_only,atr_blend,atr_blend,1.5,1.0,24,1,76.26,999.0,1.0,76.26,0.0,76.26,0.0,1,1,True,[76.26],1.0,1.0,1.0,0.0
X03430,momentum_reversion,long_only,atr_blend,atr_blend,2.0,1.0,24,1,76.26,999.0,1.0,76.26,0.0,76.26,0.0,1,1,True,[76.26],1.0,1.0,1.0,0.0
X03436,momentum_reversion,long_only,atr_blend,atr_blend,2.5,1.0,24,1,76.26,999.0,1.0,76.26,0.0,76.26,0.0,1,1,True,[76.26],1.0,1.0,1.0,0.0
X03550,momentum_reversion,long_only,atr_blend,atr_blend,0.75,1.0,48,1,76.26,999.0,1.0,76.26,0.0,76.26,0.0,1,1,True,[76.26],1.0,1.0,1.0,0.0
X03556,momentum_reversion,long_only,atr_blend,atr_blend,1.0,1.0,48,1,76.26,999.0,1.0,76.26,0.0,76.26,0.0,1,1,True,[76.26],1.0,1.0,1.0,0.0
X03562,momentum_reversion,long_only,atr_blend,atr_blend,1.25,1.0,48,1,76.26,999.0,1.0,76.26,0.0,76.26,0.0,1,1,True,[76.26],1.0,1.0,1.0,0.0
X03568,momentum_reversion,long_only,atr_blend,atr_blend,1.5,1.0,48,1,76.26,999.0,1.0,76.26,0.0,76.26,0.0,1,1,True,[76.26],1.0,1.0,1.0,0.0
X03574,momentum_reversion,long_only,atr_blend,atr_blend,2.0,1.0,48,1,76.26,999.0,1.0,76.26,0.0,76.26,0.0,1,1,True,[76.26],1.0,1.0,1.0,0.0
X03580,momentum_reversion,long_only,atr_blend,atr_blend,2.5,1.0,48,1,76.26,999.0,1.0,76.26,0.0,76.26,0.0,1,1,True,[76.26],1.0,1.0,1.0,0.0
X00810,icefishball,long_only,atr,atr,2.5,2.0,3,2,149.52,999.0,1.0,74.76,0.0,149.52,0.0,2,2,True,"[113.26, 36.26]",1.0,1.0,1.0,0.0
X00846,icefishball,long_only,atr_blend,atr_blend,2.5,2.0,3,2,141.02,999.0,1.0,70.51,0.0,141.02,0.0,2,2,True,"[104.76, 36.26]",1.0,1.0,1.0,0.0
X02153,icefishball,short_only,range15_pct,range15_pct,1.0,0.5,48,3,208.28,999.0,1.0,69.4267,0.0,208.28,0.0,3,3,True,"[21.76, 25.26, 161.26]",1.0,1.0,1.0,0.0
X02157,icefishball,short_only,range15_pct,range15_pct,1.25,0.5,48,3,208.28,999.0,1.0,69.4267,0.0,208.28,0.0,3,3,True,"[21.76, 25.26, 161.26]",1.0,1.0,1.0,0.0
X00988,icefishball,long_only,atr_blend,atr_blend,2.5,1.0,6,2,131.02,999.0,1.0,65.51,0.0,131.02,0.0,2,2,True,"[51.76, 79.26]",1.0,1.0,1.0,0.0
X01132,icefishball,long_only,atr_blend,atr_blend,2.5,1.0,12,2,131.02,999.0,1.0,65.51,0.0,131.02,0.0,2,2,True,"[51.76, 79.26]",1.0,1.0,1.0,0.0
X01276,icefishball,long_only,atr_blend,atr_blend,2.5,1.0,24,2,131.02,999.0,1.0,65.51,0.0,131.02,0.0,2,2,True,"[51.76, 79.26]",1.0,1.0,1.0,0.0
X01420,icefishball,long_only,atr_blend,atr_blend,2.5,1.0,48,2,131.02,999.0,1.0,65.51,0.0,131.02,0.0,2,2,True,"[51.76, 79.26]",1.0,1.0,1.0,0.0
X01785,icefishball,short_only,atr,atr,0.75,0.75,12,5,316.3,999.0,1.0,63.26,0.0,316.3,0.0,3,3,True,"[66.02, 193.02, 57.26]",1.0,1.0,1.0,0.0
X01791,icefishball,short_only,atr,atr,1.0,0.75,12,5,316.3,999.0,1.0,63.26,0.0,316.3,0.0,3,3,True,"[66.02, 193.02, 57.26]",1.0,1.0,1.0,0.0
X01797,icefishball,short_only,atr,atr,1.25,0.75,12,5,316.3,999.0,1.0,63.26,0.0,316.3,0.0,3,3,True,"[66.02, 193.02, 57.26]",1.0,1.0,1.0,0.0
X01803,icefishball,short_only,atr,atr,1.5,0.75,12,5,316.3,999.0,1.0,63.26,0.0,316.3,0.0,3,3,True,"[66.02, 193.02, 57.26]",1.0,1.0,1.0,0.0
X01809,icefishball,short_only,atr,atr,2.0,0.75,12,5,316.3,999.0,1.0,63.26,0.0,316.3,0.0,3,3,True,"[66.02, 193.02, 57.26]",1.0,1.0,1.0,0.0
X01815,icefishball,short_only,atr,atr,2.5,0.75,12,5,316.3,999.0,1.0,63.26,0.0,316.3,0.0,3,3,True,"[66.02, 193.02, 57.26]",1.0,1.0,1.0,0.0
X01929,icefishball,short_only,atr,atr,0.75,0.75,24,5,316.3,999.0,1.0,63.26,0.0,316.3,0.0,3,3,True,"[66.02, 193.02, 57.26]",1.0,1.0,1.0,0.0
X01935,icefishball,short_only,atr,atr,1.0,0.75,24,5,316.3,999.0,1.0,63.26,0.0,316.3,0.0,3,3,True,"[66.02, 193.02, 57.26]",1.0,1.0,1.0,0.0
X01941,icefishball,short_only,atr,atr,1.25,0.75,24,5,316.3,999.0,1.0,63.26,0.0,316.3,0.0,3,3,True,"[66.02, 193.02, 57.26]",1.0,1.0,1.0,0.0
X01947,icefishball,short_only,atr,atr,1.5,0.75,24,5,316.3,999.0,1.0,63.26,0.0,316.3,0.0,3,3,True,"[66.02, 193.02, 57.26]",1.0,1.0,1.0,0.0
X01953,icefishball,short_only,atr,atr,2.0,0.75,24,5,316.3,999.0,1.0,63.26,0.0,316.3,0.0,3,3,True,"[66.02, 193.02, 57.26]",1.0,1.0,1.0,0.0
X01959,icefishball,short_only,atr,atr,2.5,0.75,24,5,316.3,999.0,1.0,63.26,0.0,316.3,0.0,3,3,True,"[66.02, 193.02, 57.26]",1.0,1.0,1.0,0.0
X02073,icefishball,short_only,atr,atr,0.75,0.75,48,5,316.3,999.0,1.0,63.26,0.0,316.3,0.0,3,3,True,"[66.02, 193.02, 57.26]",1.0,1.0,1.0,0.0
X02079,icefishball,short_only,atr,atr,1.0,0.75,48,5,316.3,999.0,1.0,63.26,0.0,316.3,0.0,3,3,True,"[66.02, 193.02, 57.26]",1.0,1.0,1.0,0.0
X02085,icefishball,short_only,atr,atr,1.25,0.75,48,5,316.3,999.0,1.0,63.26,0.0,316.3,0.0,3,3,True,"[66.02, 193.02, 57.26]",1.0,1.0,1.0,0.0
X02091,icefishball,short_only,atr,atr,1.5,0.75,48,5,316.3,999.0,1.0,63.26,0.0,316.3,0.0,3,3,True,"[66.02, 193.02, 57.26]",1.0,1.0,1.0,0.0
X02097,icefishball,short_only,atr,atr,2.0,0.75,48,5,316.3,999.0,1.0,63.26,0.0,316.3,0.0,3,3,True,"[66.02, 193.02, 57.26]",1.0,1.0,1.0,0.0
X02103,icefishball,short_only,atr,atr,2.5,0.75,48,5,316.3,999.0,1.0,63.26,0.0,316.3,0.0,3,3,True,"[66.02, 193.02, 57.26]",1.0,1.0,1.0,0.0
X00952,icefishball,long_only,atr,atr,2.5,1.0,6,2,125.52,999.0,1.0,62.76,0.0,125.52,0.0,2,2,True,"[56.26, 69.26]",1.0,1.0,1.0,0.0
X01096,icefishball,long_only,atr,atr,2.5,1.0,12,2,125.52,999.0,1.0,62.76,0.0,125.52,0.0,2,2,True,"[56.26, 69.26]",1.0,1.0,1.0,0.0
X01240,icefishball,long_only,atr,atr,2.5,1.0,24,2,125.52,999.0,1.0,62.76,0.0,125.52,0.0,2,2,True,"[56.26, 69.26]",1.0,1.0,1.0,0.0
X01384,icefishball,long_only,atr,atr,2.5,1.0,48,2,125.52,999.0,1.0,62.76,0.0,125.52,0.0,2,2,True,"[56.26, 69.26]",1.0,1.0,1.0,0.0
X00809,icefishball,long_only,atr,atr,2.5,1.5,3,2,121.02,999.0,1.0,60.51,0.0,121.02,0.0,2,2,True,"[84.76, 36.26]",1.0,1.0,1.0,0.0
X02218,momentum_reversion,all,atr,atr,0.75,1.0,3,1,59.26,999.0,1.0,59.26,0.0,59.26,0.0,1,1,True,[59.26],1.0,1.0,1.0,0.0
X02224,momentum_reversion,all,atr,atr,1.0,1.0,3,1,59.26,999.0,1.0,59.26,0.0,59.26,0.0,1,1,True,[59.26],1.0,1.0,1.0,0.0
X02230,momentum_reversion,all,atr,atr,1.25,1.0,3,1,59.26,999.0,1.0,59.26,0.0,59.26,0.0,1,1,True,[59.26],1.0,1.0,1.0,0.0
X02236,momentum_reversion,all,atr,atr,1.5,1.0,3,1,59.26,999.0,1.0,59.26,0.0,59.26,0.0,1,1,True,[59.26],1.0,1.0,1.0,0.0
X02242,momentum_reversion,all,atr,atr,2.0,1.0,3,1,59.26,999.0,1.0,59.26,0.0,59.26,0.0,1,1,True,[59.26],1.0,1.0,1.0,0.0
X02248,momentum_reversion,all,atr,atr,2.5,1.0,3,1,59.26,999.0,1.0,59.26,0.0,59.26,0.0,1,1,True,[59.26],1.0,1.0,1.0,0.0
X02362,momentum_reversion,all,atr,atr,0.75,1.0,6,1,59.26,999.0,1.0,59.26,0.0,59.26,0.0,1,1,True,[59.26],1.0,1.0,1.0,0.0
X02368,momentum_reversion,all,atr,atr,1.0,1.0,6,1,59.26,999.0,1.0,59.26,0.0,59.26,0.0,1,1,True,[59.26],1.0,1.0,1.0,0.0
X02374,momentum_reversion,all,atr,atr,1.25,1.0,6,1,59.26,999.0,1.0,59.26,0.0,59.26,0.0,1,1,True,[59.26],1.0,1.0,1.0,0.0
X02380,momentum_reversion,all,atr,atr,1.5,1.0,6,1,59.26,999.0,1.0,59.26,0.0,59.26,0.0,1,1,True,[59.26],1.0,1.0,1.0,0.0
X02386,momentum_reversion,all,atr,atr,2.0,1.0,6,1,59.26,999.0,1.0,59.26,0.0,59.26,0.0,1,1,True,[59.26],1.0,1.0,1.0,0.0
X02392,momentum_reversion,all,atr,atr,2.5,1.0,6,1,59.26,999.0,1.0,59.26,0.0,59.26,0.0,1,1,True,[59.26],1.0,1.0,1.0,0.0
X02506,momentum_reversion,all,atr,atr,0.75,1.0,12,1,59.26,999.0,1.0,59.26,0.0,59.26,0.0,1,1,True,[59.26],1.0,1.0,1.0,0.0
X02512,momentum_reversion,all,atr,atr,1.0,1.0,12,1,59.26,999.0,1.0,59.26,0.0,59.26,0.0,1,1,True,[59.26],1.0,1.0,1.0,0.0
X02518,momentum_reversion,all,atr,atr,1.25,1.0,12,1,59.26,999.0,1.0,59.26,0.0,59.26,0.0,1,1,True,[59.26],1.0,1.0,1.0,0.0
X02524,momentum_reversion,all,atr,atr,1.5,1.0,12,1,59.26,999.0,1.0,59.26,0.0,59.26,0.0,1,1,True,[59.26],1.0,1.0,1.0,0.0
X02530,momentum_reversion,all,atr,atr,2.0,1.0,12,1,59.26,999.0,1.0,59.26,0.0,59.26,0.0,1,1,True,[59.26],1.0,1.0,1.0,0.0
X02536,momentum_reversion,all,atr,atr,2.5,1.0,12,1,59.26,999.0,1.0,59.26,0.0,59.26,0.0,1,1,True,[59.26],1.0,1.0,1.0,0.0
X02650,momentum_reversion,all,atr,atr,0.75,1.0,24,1,59.26,999.0,1.0,59.26,0.0,59.26,0.0,1,1,True,[59.26],1.0,1.0,1.0,0.0
X02656,momentum_reversion,all,atr,atr,1.0,1.0,24,1,59.26,999.0,1.0,59.26,0.0,59.26,0.0,1,1,True,[59.26],1.0,1.0,1.0,0.0
X02662,momentum_reversion,all,atr,atr,1.25,1.0,24,1,59.26,999.0,1.0,59.26,0.0,59.26,0.0,1,1,True,[59.26],1.0,1.0,1.0,0.0
X02668,momentum_reversion,all,atr,atr,1.5,1.0,24,1,59.26,999.0,1.0,59.26,0.0,59.26,0.0,1,1,True,[59.26],1.0,1.0,1.0,0.0
X02674,momentum_reversion,all,atr,atr,2.0,1.0,24,1,59.26,999.0,1.0,59.26,0.0,59.26,0.0,1,1,True,[59.26],1.0,1.0,1.0,0.0
X02680,momentum_reversion,all,atr,atr,2.5,1.0,24,1,59.26,999.0,1.0,59.26,0.0,59.26,0.0,1,1,True,[59.26],1.0,1.0,1.0,0.0
X02794,momentum_reversion,all,atr,atr,0.75,1.0,48,1,59.26,999.0,1.0,59.26,0.0,59.26,0.0,1,1,True,[59.26],1.0,1.0,1.0,0.0
X02800,momentum_reversion,all,atr,atr,1.0,1.0,48,1,59.26,999.0,1.0,59.26,0.0,59.26,0.0,1,1,True,[59.26],1.0,1.0,1.0,0.0
X02806,momentum_reversion,all,atr,atr,1.25,1.0,48,1,59.26,999.0,1.0,59.26,0.0,59.26,0.0,1,1,True,[59.26],1.0,1.0,1.0,0.0
X02812,momentum_reversion,all,atr,atr,1.5,1.0,48,1,59.26,999.0,1.0,59.26,0.0,59.26,0.0,1,1,True,[59.26],1.0,1.0,1.0,0.0
X02818,momentum_reversion,all,atr,atr,2.0,1.0,48,1,59.26,999.0,1.0,59.26,0.0,59.26,0.0,1,1,True,[59.26],1.0,1.0,1.0,0.0
X02824,momentum_reversion,all,atr,atr,2.5,1.0,48,1,59.26,999.0,1.0,59.26,0.0,59.26,0.0,1,1,True,[59.26],1.0,1.0,1.0,0.0
X02938,momentum_reversion,long_only,atr,atr,0.75,1.0,3,1,59.26,999.0,1.0,59.26,0.0,59.26,0.0,1,1,True,[59.26],1.0,1.0,1.0,0.0
X02944,momentum_reversion,long_only,atr,atr,1.0,1.0,3,1,59.26,999.0,1.0,59.26,0.0,59.26,0.0,1,1,True,[59.26],1.0,1.0,1.0,0.0
X02950,momentum_reversion,long_only,atr,atr,1.25,1.0,3,1,59.26,999.0,1.0,59.26,0.0,59.26,0.0,1,1,True,[59.26],1.0,1.0,1.0,0.0
X02956,momentum_reversion,long_only,atr,atr,1.5,1.0,3,1,59.26,999.0,1.0,59.26,0.0,59.26,0.0,1,1,True,[59.26],1.0,1.0,1.0,0.0
X02962,momentum_reversion,long_only,atr,atr,2.0,1.0,3,1,59.26,999.0,1.0,59.26,0.0,59.26,0.0,1,1,True,[59.26],1.0,1.0,1.0,0.0
X02968,momentum_reversion,long_only,atr,atr,2.5,1.0,3,1,59.26,999.0,1.0,59.26,0.0,59.26,0.0,1,1,True,[59.26],1.0,1.0,1.0,0.0
X03082,momentum_reversion,long_only,atr,atr,0.75,1.0,6,1,59.26,999.0,1.0,59.26,0.0,59.26,0.0,1,1,True,[59.26],1.0,1.0,1.0,0.0
X03088,momentum_reversion,long_only,atr,atr,1.0,1.0,6,1,59.26,999.0,1.0,59.26,0.0,59.26,0.0,1,1,True,[59.26],1.0,1.0,1.0,0.0
X03094,momentum_reversion,long_only,atr,atr,1.25,1.0,6,1,59.26,999.0,1.0,59.26,0.0,59.26,0.0,1,1,True,[59.26],1.0,1.0,1.0,0.0
X03100,momentum_reversion,long_only,atr,atr,1.5,1.0,6,1,59.26,999.0,1.0,59.26,0.0,59.26,0.0,1,1,True,[59.26],1.0,1.0,1.0,0.0
X03106,momentum_reversion,long_only,atr,atr,2.0,1.0,6,1,59.26,999.0,1.0,59.26,0.0,59.26,0.0,1,1,True,[59.26],1.0,1.0,1.0,0.0
X03112,momentum_reversion,long_only,atr,atr,2.5,1.0,6,1,59.26,999.0,1.0,59.26,0.0,59.26,0.0,1,1,True,[59.26],1.0,1.0,1.0,0.0
X03226,momentum_reversion,long_only,atr,atr,0.75,1.0,12,1,59.26,999.0,1.0,59.26,0.0,59.26,0.0,1,1,True,[59.26],1.0,1.0,1.0,0.0
X03232,momentum_reversion,long_only,atr,atr,1.0,1.0,12,1,59.26,999.0,1.0,59.26,0.0,59.26,0.0,1,1,True,[59.26],1.0,1.0,1.0,0.0
X03238,momentum_reversion,long_only,atr,atr,1.25,1.0,12,1,59.26,999.0,1.0,59.26,0.0,59.26,0.0,1,1,True,[59.26],1.0,1.0,1.0,0.0
X03244,momentum_reversion,long_only,atr,atr,1.5,1.0,12,1,59.26,999.0,1.0,59.26,0.0,59.26,0.0,1,1,True,[59.26],1.0,1.0,1.0,0.0
X03250,momentum_reversion,long_only,atr,atr,2.0,1.0,12,1,59.26,999.0,1.0,59.26,0.0,59.26,0.0,1,1,True,[59.26],1.0,1.0,1.0,0.0
X03256,momentum_reversion,long_only,atr,atr,2.5,1.0,12,1,59.26,999.0,1.0,59.26,0.0,59.26,0.0,1,1,True,[59.26],1.0,1.0,1.0,0.0
X03370,momentum_reversion,long_only,atr,atr,0.75,1.0,24,1,59.26,999.0,1.0,59.26,0.0,59.26,0.0,1,1,True,[59.26],1.0,1.0,1.0,0.0
X03376,momentum_reversion,long_only,atr,atr,1.0,1.0,24,1,59.26,999.0,1.0,59.26,0.0,59.26,0.0,1,1,True,[59.26],1.0,1.0,1.0,0.0
X03382,momentum_reversion,long_only,atr,atr,1.25,1.0,24,1,59.26,999.0,1.0,59.26,0.0,59.26,0.0,1,1,True,[59.26],1.0,1.0,1.0,0.0
X03388,momentum_reversion,long_only,atr,atr,1.5,1.0,24,1,59.26,999.0,1.0,59.26,0.0,59.26,0.0,1,1,True,[59.26],1.0,1.0,1.0,0.0
X03394,momentum_reversion,long_only,atr,atr,2.0,1.0,24,1,59.26,999.0,1.0,59.26,0.0,59.26,0.0,1,1,True,[59.26],1.0,1.0,1.0,0.0
X03400,momentum_reversion,long_only,atr,atr,2.5,1.0,24,1,59.26,999.0,1.0,59.26,0.0,59.26,0.0,1,1,True,[59.26],1.0,1.0,1.0,0.0
X03514,momentum_reversion,long_only,atr,atr,0.75,1.0,48,1,59.26,999.0,1.0,59.26,0.0,59.26,0.0,1,1,True,[59.26],1.0,1.0,1.0,0.0
X03520,momentum_reversion,long_only,atr,atr,1.0,1.0,48,1,59.26,999.0,1.0,59.26,0.0,59.26,0.0,1,1,True,[59.26],1.0,1.0,1.0,0.0
X03526,momentum_reversion,long_only,atr,atr,1.25,1.0,48,1,59.26,999.0,1.0,59.26,0.0,59.26,0.0,1,1,True,[59.26],1.0,1.0,1.0,0.0
X03532,momentum_reversion,long_only,atr,atr,1.5,1.0,48,1,59.26,999.0,1.0,59.26,0.0,59.26,0.0,1,1,True,[59.26],1.0,1.0,1.0,0.0
X03538,momentum_reversion,long_only,atr,atr,2.0,1.0,48,1,59.26,999.0,1.0,59.26,0.0,59.26,0.0,1,1,True,[59.26],1.0,1.0,1.0,0.0
X03544,momentum_reversion,long_only,atr,atr,2.5,1.0,48,1,59.26,999.0,1.0,59.26,0.0,59.26,0.0,1,1,True,[59.26],1.0,1.0,1.0,0.0
X00340,icefishball,all,fixed,fixed,80.0,30.0,12,6,352.56,999.0,1.0,58.76,0.0,352.56,0.0,3,3,True,"[117.52, 117.52, 117.52]",1.0,1.0,1.0,0.0
X00484,icefishball,all,fixed,fixed,80.0,30.0,24,6,352.56,999.0,1.0,58.76,0.0,352.56,0.0,3,3,True,"[117.52, 117.52, 117.52]",1.0,1.0,1.0,0.0
X00628,icefishball,all,fixed,fixed,80.0,30.0,48,6,352.56,999.0,1.0,58.76,0.0,352.56,0.0,3,3,True,"[117.52, 117.52, 117.52]",1.0,1.0,1.0,0.0
X01772,icefishball,short_only,fixed,fixed,60.0,30.0,12,4,235.04,999.0,1.0,58.76,0.0,235.04,0.0,3,3,True,"[117.52, 58.76, 58.76]",1.0,1.0,1.0,0.0
X01780,icefishball,short_only,fixed,fixed,80.0,30.0,12,4,235.04,999.0,1.0,58.76,0.0,235.04,0.0,3,3,True,"[117.52, 58.76, 58.76]",1.0,1.0,1.0,0.0
X01916,icefishball,short_only,fixed,fixed,60.0,30.0,24,4,235.04,999.0,1.0,58.76,0.0,235.04,0.0,3,3,True,"[117.52, 58.76, 58.76]",1.0,1.0,1.0,0.0
X01924,icefishball,short_only,fixed,fixed,80.0,30.0,24,4,235.04,999.0,1.0,58.76,0.0,235.04,0.0,3,3,True,"[117.52, 58.76, 58.76]",1.0,1.0,1.0,0.0
X02060,icefishball,short_only,fixed,fixed,60.0,30.0,48,4,235.04,999.0,1.0,58.76,0.0,235.04,0.0,3,3,True,"[117.52, 58.76, 58.76]",1.0,1.0,1.0,0.0
X02068,icefishball,short_only,fixed,fixed,80.0,30.0,48,4,235.04,999.0,1.0,58.76,0.0,235.04,0.0,3,3,True,"[117.52, 58.76, 58.76]",1.0,1.0,1.0,0.0
X00772,icefishball,long_only,fixed,fixed,80.0,30.0,3,2,117.52,999.0,1.0,58.76,0.0,117.52,0.0,2,2,True,"[58.76, 58.76]",1.0,1.0,1.0,0.0
X00916,icefishball,long_only,fixed,fixed,80.0,30.0,6,2,117.52,999.0,1.0,58.76,0.0,117.52,0.0,2,2,True,"[58.76, 58.76]",1.0,1.0,1.0,0.0
X01060,icefishball,long_only,fixed,fixed,80.0,30.0,12,2,117.52,999.0,1.0,58.76,0.0,117.52,0.0,2,2,True,"[58.76, 58.76]",1.0,1.0,1.0,0.0
X01204,icefishball,long_only,fixed,fixed,80.0,30.0,24,2,117.52,999.0,1.0,58.76,0.0,117.52,0.0,2,2,True,"[58.76, 58.76]",1.0,1.0,1.0,0.0
X01348,icefishball,long_only,fixed,fixed,80.0,30.0,48,2,117.52,999.0,1.0,58.76,0.0,117.52,0.0,2,2,True,"[58.76, 58.76]",1.0,1.0,1.0,0.0
X02172,momentum_reversion,all,fixed,fixed,15.0,30.0,3,1,58.76,999.0,1.0,58.76,0.0,58.76,0.0,1,1,True,[58.76],1.0,1.0,1.0,0.0
X02180,momentum_reversion,all,fixed,fixed,20.0,30.0,3,1,58.76,999.0,1.0,58.76,0.0,58.76,0.0,1,1,True,[58.76],1.0,1.0,1.0,0.0
X02188,momentum_reversion,all,fixed,fixed,30.0,30.0,3,1,58.76,999.0,1.0,58.76,0.0,58.76,0.0,1,1,True,[58.76],1.0,1.0,1.0,0.0
X02196,momentum_reversion,all,fixed,fixed,40.0,30.0,3,1,58.76,999.0,1.0,58.76,0.0,58.76,0.0,1,1,True,[58.76],1.0,1.0,1.0,0.0
X02204,momentum_reversion,all,fixed,fixed,60.0,30.0,3,1,58.76,999.0,1.0,58.76,0.0,58.76,0.0,1,1,True,[58.76],1.0,1.0,1.0,0.0
X02212,momentum_reversion,all,fixed,fixed,80.0,30.0,3,1,58.76,999.0,1.0,58.76,0.0,58.76,0.0,1,1,True,[58.76],1.0,1.0,1.0,0.0
X02289,momentum_reversion,all,range15_pct,range15_pct,0.5,0.5,3,1,58.76,999.0,1.0,58.76,0.0,58.76,0.0,1,1,True,[58.76],1.0,1.0,1.0,0.0
X02293,momentum_reversion,all,range15_pct,range15_pct,0.75,0.5,3,1,58.76,999.0,1.0,58.76,0.0,58.76,0.0,1,1,True,[58.76],1.0,1.0,1.0,0.0
X02297,momentum_reversion,all,range15_pct,range15_pct,1.0,0.5,3,1,58.76,999.0,1.0,58.76,0.0,58.76,0.0,1,1,True,[58.76],1.0,1.0,1.0,0.0
X02301,momentum_reversion,all,range15_pct,range15_pct,1.25,0.5,3,1,58.76,999.0,1.0,58.76,0.0,58.76,0.0,1,1,True,[58.76],1.0,1.0,1.0,0.0
X02316,momentum_reversion,all,fixed,fixed,15.0,30.0,6,1,58.76,999.0,1.0,58.76,0.0,58.76,0.0,1,1,True,[58.76],1.0,1.0,1.0,0.0
X02324,momentum_reversion,all,fixed,fixed,20.0,30.0,6,1,58.76,999.0,1.0,58.76,0.0,58.76,0.0,1,1,True,[58.76],1.0,1.0,1.0,0.0
X02332,momentum_reversion,all,fixed,fixed,30.0,30.0,6,1,58.76,999.0,1.0,58.76,0.0,58.76,0.0,1,1,True,[58.76],1.0,1.0,1.0,0.0
X02340,momentum_reversion,all,fixed,fixed,40.0,30.0,6,1,58.76,999.0,1.0,58.76,0.0,58.76,0.0,1,1,True,[58.76],1.0,1.0,1.0,0.0
X02348,momentum_reversion,all,fixed,fixed,60.0,30.0,6,1,58.76,999.0,1.0,58.76,0.0,58.76,0.0,1,1,True,[58.76],1.0,1.0,1.0,0.0
X02356,momentum_reversion,all,fixed,fixed,80.0,30.0,6,1,58.76,999.0,1.0,58.76,0.0,58.76,0.0,1,1,True,[58.76],1.0,1.0,1.0,0.0
X02433,momentum_reversion,all,range15_pct,range15_pct,0.5,0.5,6,1,58.76,999.0,1.0,58.76,0.0,58.76,0.0,1,1,True,[58.76],1.0,1.0,1.0,0.0
X02437,momentum_reversion,all,range15_pct,range15_pct,0.75,0.5,6,1,58.76,999.0,1.0,58.76,0.0,58.76,0.0,1,1,True,[58.76],1.0,1.0,1.0,0.0
X02441,momentum_reversion,all,range15_pct,range15_pct,1.0,0.5,6,1,58.76,999.0,1.0,58.76,0.0,58.76,0.0,1,1,True,[58.76],1.0,1.0,1.0,0.0
X02445,momentum_reversion,all,range15_pct,range15_pct,1.25,0.5,6,1,58.76,999.0,1.0,58.76,0.0,58.76,0.0,1,1,True,[58.76],1.0,1.0,1.0,0.0
X02460,momentum_reversion,all,fixed,fixed,15.0,30.0,12,1,58.76,999.0,1.0,58.76,0.0,58.76,0.0,1,1,True,[58.76],1.0,1.0,1.0,0.0
X02468,momentum_reversion,all,fixed,fixed,20.0,30.0,12,1,58.76,999.0,1.0,58.76,0.0,58.76,0.0,1,1,True,[58.76],1.0,1.0,1.0,0.0
X02476,momentum_reversion,all,fixed,fixed,30.0,30.0,12,1,58.76,999.0,1.0,58.76,0.0,58.76,0.0,1,1,True,[58.76],1.0,1.0,1.0,0.0
X02484,momentum_reversion,all,fixed,fixed,40.0,30.0,12,1,58.76,999.0,1.0,58.76,0.0,58.76,0.0,1,1,True,[58.76],1.0,1.0,1.0,0.0
X02492,momentum_reversion,all,fixed,fixed,60.0,30.0,12,1,58.76,999.0,1.0,58.76,0.0,58.76,0.0,1,1,True,[58.76],1.0,1.0,1.0,0.0
X02500,momentum_reversion,all,fixed,fixed,80.0,30.0,12,1,58.76,999.0,1.0,58.76,0.0,58.76,0.0,1,1,True,[58.76],1.0,1.0,1.0,0.0
X02577,momentum_reversion,all,range15_pct,range15_pct,0.5,0.5,12,1,58.76,999.0,1.0,58.76,0.0,58.76,0.0,1,1,True,[58.76],1.0,1.0,1.0,0.0
X02581,momentum_reversion,all,range15_pct,range15_pct,0.75,0.5,12,1,58.76,999.0,1.0,58.76,0.0,58.76,0.0,1,1,True,[58.76],1.0,1.0,1.0,0.0
X02585,momentum_reversion,all,range15_pct,range15_pct,1.0,0.5,12,1,58.76,999.0,1.0,58.76,0.0,58.76,0.0,1,1,True,[58.76],1.0,1.0,1.0,0.0
X02589,momentum_reversion,all,range15_pct,range15_pct,1.25,0.5,12,1,58.76,999.0,1.0,58.76,0.0,58.76,0.0,1,1,True,[58.76],1.0,1.0,1.0,0.0
X02604,momentum_reversion,all,fixed,fixed,15.0,30.0,24,1,58.76,999.0,1.0,58.76,0.0,58.76,0.0,1,1,True,[58.76],1.0,1.0,1.0,0.0
X02612,momentum_reversion,all,fixed,fixed,20.0,30.0,24,1,58.76,999.0,1.0,58.76,0.0,58.76,0.0,1,1,True,[58.76],1.0,1.0,1.0,0.0
X02620,momentum_reversion,all,fixed,fixed,30.0,30.0,24,1,58.76,999.0,1.0,58.76,0.0,58.76,0.0,1,1,True,[58.76],1.0,1.0,1.0,0.0
X02628,momentum_reversion,all,fixed,fixed,40.0,30.0,24,1,58.76,999.0,1.0,58.76,0.0,58.76,0.0,1,1,True,[58.76],1.0,1.0,1.0,0.0
X02636,momentum_reversion,all,fixed,fixed,60.0,30.0,24,1,58.76,999.0,1.0,58.76,0.0,58.76,0.0,1,1,True,[58.76],1.0,1.0,1.0,0.0
X02644,momentum_reversion,all,fixed,fixed,80.0,30.0,24,1,58.76,999.0,1.0,58.76,0.0,58.76,0.0,1,1,True,[58.76],1.0,1.0,1.0,0.0
X02721,momentum_reversion,all,range15_pct,range15_pct,0.5,0.5,24,1,58.76,999.0,1.0,58.76,0.0,58.76,0.0,1,1,True,[58.76],1.0,1.0,1.0,0.0
X02725,momentum_reversion,all,range15_pct,range15_pct,0.75,0.5,24,1,58.76,999.0,1.0,58.76,0.0,58.76,0.0,1,1,True,[58.76],1.0,1.0,1.0,0.0
X02729,momentum_reversion,all,range15_pct,range15_pct,1.0,0.5,24,1,58.76,999.0,1.0,58.76,0.0,58.76,0.0,1,1,True,[58.76],1.0,1.0,1.0,0.0
X02733,momentum_reversion,all,range15_pct,range15_pct,1.25,0.5,24,1,58.76,999.0,1.0,58.76,0.0,58.76,0.0,1,1,True,[58.76],1.0,1.0,1.0,0.0
X02748,momentum_reversion,all,fixed,fixed,15.0,30.0,48,1,58.76,999.0,1.0,58.76,0.0,58.76,0.0,1,1,True,[58.76],1.0,1.0,1.0,0.0
X02756,momentum_reversion,all,fixed,fixed,20.0,30.0,48,1,58.76,999.0,1.0,58.76,0.0,58.76,0.0,1,1,True,[58.76],1.0,1.0,1.0,0.0
X02764,momentum_reversion,all,fixed,fixed,30.0,30.0,48,1,58.76,999.0,1.0,58.76,0.0,58.76,0.0,1,1,True,[58.76],1.0,1.0,1.0,0.0
X02772,momentum_reversion,all,fixed,fixed,40.0,30.0,48,1,58.76,999.0,1.0,58.76,0.0,58.76,0.0,1,1,True,[58.76],1.0,1.0,1.0,0.0
X02780,momentum_reversion,all,fixed,fixed,60.0,30.0,48,1,58.76,999.0,1.0,58.76,0.0,58.76,0.0,1,1,True,[58.76],1.0,1.0,1.0,0.0
X02788,momentum_reversion,all,fixed,fixed,80.0,30.0,48,1,58.76,999.0,1.0,58.76,0.0,58.76,0.0,1,1,True,[58.76],1.0,1.0,1.0,0.0
X02865,momentum_reversion,all,range15_pct,range15_pct,0.5,0.5,48,1,58.76,999.0,1.0,58.76,0.0,58.76,0.0,1,1,True,[58.76],1.0,1.0,1.0,0.0
X02869,momentum_reversion,all,range15_pct,range15_pct,0.75,0.5,48,1,58.76,999.0,1.0,58.76,0.0,58.76,0.0,1,1,True,[58.76],1.0,1.0,1.0,0.0
X02873,momentum_reversion,all,range15_pct,range15_pct,1.0,0.5,48,1,58.76,999.0,1.0,58.76,0.0,58.76,0.0,1,1,True,[58.76],1.0,1.0,1.0,0.0
X02877,momentum_reversion,all,range15_pct,range15_pct,1.25,0.5,48,1,58.76,999.0,1.0,58.76,0.0,58.76,0.0,1,1,True,[58.76],1.0,1.0,1.0,0.0
X02892,momentum_reversion,long_only,fixed,fixed,15.0,30.0,3,1,58.76,999.0,1.0,58.76,0.0,58.76,0.0,1,1,True,[58.76],1.0,1.0,1.0,0.0
X02900,momentum_reversion,long_only,fixed,fixed,20.0,30.0,3,1,58.76,999.0,1.0,58.76,0.0,58.76,0.0,1,1,True,[58.76],1.0,1.0,1.0,0.0
X02908,momentum_reversion,long_only,fixed,fixed,30.0,30.0,3,1,58.76,999.0,1.0,58.76,0.0,58.76,0.0,1,1,True,[58.76],1.0,1.0,1.0,0.0
X02916,momentum_reversion,long_only,fixed,fixed,40.0,30.0,3,1,58.76,999.0,1.0,58.76,0.0,58.76,0.0,1,1,True,[58.76],1.0,1.0,1.0,0.0
X02924,momentum_reversion,long_only,fixed,fixed,60.0,30.0,3,1,58.76,999.0,1.0,58.76,0.0,58.76,0.0,1,1,True,[58.76],1.0,1.0,1.0,0.0
X02932,momentum_reversion,long_only,fixed,fixed,80.0,30.0,3,1,58.76,999.0,1.0,58.76,0.0,58.76,0.0,1,1,True,[58.76],1.0,1.0,1.0,0.0
X03009,momentum_reversion,long_only,range15_pct,range15_pct,0.5,0.5,3,1,58.76,999.0,1.0,58.76,0.0,58.76,0.0,1,1,True,[58.76],1.0,1.0,1.0,0.0
X03013,momentum_reversion,long_only,range15_pct,range15_pct,0.75,0.5,3,1,58.76,999.0,1.0,58.76,0.0,58.76,0.0,1,1,True,[58.76],1.0,1.0,1.0,0.0
X03017,momentum_reversion,long_only,range15_pct,range15_pct,1.0,0.5,3,1,58.76,999.0,1.0,58.76,0.0,58.76,0.0,1,1,True,[58.76],1.0,1.0,1.0,0.0
X03021,momentum_reversion,long_only,range15_pct,range15_pct,1.25,0.5,3,1,58.76,999.0,1.0,58.76,0.0,58.76,0.0,1,1,True,[58.76],1.0,1.0,1.0,0.0
X03036,momentum_reversion,long_only,fixed,fixed,15.0,30.0,6,1,58.76,999.0,1.0,58.76,0.0,58.76,0.0,1,1,True,[58.76],1.0,1.0,1.0,0.0
X03044,momentum_reversion,long_only,fixed,fixed,20.0,30.0,6,1,58.76,999.0,1.0,58.76,0.0,58.76,0.0,1,1,True,[58.76],1.0,1.0,1.0,0.0
X03052,momentum_reversion,long_only,fixed,fixed,30.0,30.0,6,1,58.76,999.0,1.0,58.76,0.0,58.76,0.0,1,1,True,[58.76],1.0,1.0,1.0,0.0
X03060,momentum_reversion,long_only,fixed,fixed,40.0,30.0,6,1,58.76,999.0,1.0,58.76,0.0,58.76,0.0,1,1,True,[58.76],1.0,1.0,1.0,0.0
X03068,momentum_reversion,long_only,fixed,fixed,60.0,30.0,6,1,58.76,999.0,1.0,58.76,0.0,58.76,0.0,1,1,True,[58.76],1.0,1.0,1.0,0.0
X03076,momentum_reversion,long_only,fixed,fixed,80.0,30.0,6,1,58.76,999.0,1.0,58.76,0.0,58.76,0.0,1,1,True,[58.76],1.0,1.0,1.0,0.0
X03153,momentum_reversion,long_only,range15_pct,range15_pct,0.5,0.5,6,1,58.76,999.0,1.0,58.76,0.0,58.76,0.0,1,1,True,[58.76],1.0,1.0,1.0,0.0
X03157,momentum_reversion,long_only,range15_pct,range15_pct,0.75,0.5,6,1,58.76,999.0,1.0,58.76,0.0,58.76,0.0,1,1,True,[58.76],1.0,1.0,1.0,0.0
X03161,momentum_reversion,long_only,range15_pct,range15_pct,1.0,0.5,6,1,58.76,999.0,1.0,58.76,0.0,58.76,0.0,1,1,True,[58.76],1.0,1.0,1.0,0.0
X03165,momentum_reversion,long_only,range15_pct,range15_pct,1.25,0.5,6,1,58.76,999.0,1.0,58.76,0.0,58.76,0.0,1,1,True,[58.76],1.0,1.0,1.0,0.0
X03180,momentum_reversion,long_only,fixed,fixed,15.0,30.0,12,1,58.76,999.0,1.0,58.76,0.0,58.76,0.0,1,1,True,[58.76],1.0,1.0,1.0,0.0
X03188,momentum_reversion,long_only,fixed,fixed,20.0,30.0,12,1,58.76,999.0,1.0,58.76,0.0,58.76,0.0,1,1,True,[58.76],1.0,1.0,1.0,0.0
X03196,momentum_reversion,long_only,fixed,fixed,30.0,30.0,12,1,58.76,999.0,1.0,58.76,0.0,58.76,0.0,1,1,True,[58.76],1.0,1.0,1.0,0.0
X03204,momentum_reversion,long_only,fixed,fixed,40.0,30.0,12,1,58.76,999.0,1.0,58.76,0.0,58.76,0.0,1,1,True,[58.76],1.0,1.0,1.0,0.0
X03212,momentum_reversion,long_only,fixed,fixed,60.0,30.0,12,1,58.76,999.0,1.0,58.76,0.0,58.76,0.0,1,1,True,[58.76],1.0,1.0,1.0,0.0
X03220,momentum_reversion,long_only,fixed,fixed,80.0,30.0,12,1,58.76,999.0,1.0,58.76,0.0,58.76,0.0,1,1,True,[58.76],1.0,1.0,1.0,0.0
X03297,momentum_reversion,long_only,range15_pct,range15_pct,0.5,0.5,12,1,58.76,999.0,1.0,58.76,0.0,58.76,0.0,1,1,True,[58.76],1.0,1.0,1.0,0.0
X03301,momentum_reversion,long_only,range15_pct,range15_pct,0.75,0.5,12,1,58.76,999.0,1.0,58.76,0.0,58.76,0.0,1,1,True,[58.76],1.0,1.0,1.0,0.0
X03305,momentum_reversion,long_only,range15_pct,range15_pct,1.0,0.5,12,1,58.76,999.0,1.0,58.76,0.0,58.76,0.0,1,1,True,[58.76],1.0,1.0,1.0,0.0
X03309,momentum_reversion,long_only,range15_pct,range15_pct,1.25,0.5,12,1,58.76,999.0,1.0,58.76,0.0,58.76,0.0,1,1,True,[58.76],1.0,1.0,1.0,0.0
X03324,momentum_reversion,long_only,fixed,fixed,15.0,30.0,24,1,58.76,999.0,1.0,58.76,0.0,58.76,0.0,1,1,True,[58.76],1.0,1.0,1.0,0.0
X03332,momentum_reversion,long_only,fixed,fixed,20.0,30.0,24,1,58.76,999.0,1.0,58.76,0.0,58.76,0.0,1,1,True,[58.76],1.0,1.0,1.0,0.0
X03340,momentum_reversion,long_only,fixed,fixed,30.0,30.0,24,1,58.76,999.0,1.0,58.76,0.0,58.76,0.0,1,1,True,[58.76],1.0,1.0,1.0,0.0
X03348,momentum_reversion,long_only,fixed,fixed,40.0,30.0,24,1,58.76,999.0,1.0,58.76,0.0,58.76,0.0,1,1,True,[58.76],1.0,1.0,1.0,0.0
X03356,momentum_reversion,long_only,fixed,fixed,60.0,30.0,24,1,58.76,999.0,1.0,58.76,0.0,58.76,0.0,1,1,True,[58.76],1.0,1.0,1.0,0.0
X03364,momentum_reversion,long_only,fixed,fixed,80.0,30.0,24,1,58.76,999.0,1.0,58.76,0.0,58.76,0.0,1,1,True,[58.76],1.0,1.0,1.0,0.0
X03441,momentum_reversion,long_only,range15_pct,range15_pct,0.5,0.5,24,1,58.76,999.0,1.0,58.76,0.0,58.76,0.0,1,1,True,[58.76],1.0,1.0,1.0,0.0
X03445,momentum_reversion,long_only,range15_pct,range15_pct,0.75,0.5,24,1,58.76,999.0,1.0,58.76,0.0,58.76,0.0,1,1,True,[58.76],1.0,1.0,1.0,0.0
X03449,momentum_reversion,long_only,range15_pct,range15_pct,1.0,0.5,24,1,58.76,999.0,1.0,58.76,0.0,58.76,0.0,1,1,True,[58.76],1.0,1.0,1.0,0.0
X03453,momentum_reversion,long_only,range15_pct,range15_pct,1.25,0.5,24,1,58.76,999.0,1.0,58.76,0.0,58.76,0.0,1,1,True,[58.76],1.0,1.0,1.0,0.0
X03468,momentum_reversion,long_only,fixed,fixed,15.0,30.0,48,1,58.76,999.0,1.0,58.76,0.0,58.76,0.0,1,1,True,[58.76],1.0,1.0,1.0,0.0
X03476,momentum_reversion,long_only,fixed,fixed,20.0,30.0,48,1,58.76,999.0,1.0,58.76,0.0,58.76,0.0,1,1,True,[58.76],1.0,1.0,1.0,0.0
X03484,momentum_reversion,long_only,fixed,fixed,30.0,30.0,48,1,58.76,999.0,1.0,58.76,0.0,58.76,0.0,1,1,True,[58.76],1.0,1.0,1.0,0.0
X03492,momentum_reversion,long_only,fixed,fixed,40.0,30.0,48,1,58.76,999.0,1.0,58.76,0.0,58.76,0.0,1,1,True,[58.76],1.0,1.0,1.0,0.0
X03500,momentum_reversion,long_only,fixed,fixed,60.0,30.0,48,1,58.76,999.0,1.0,58.76,0.0,58.76,0.0,1,1,True,[58.76],1.0,1.0,1.0,0.0
X03508,momentum_reversion,long_only,fixed,fixed,80.0,30.0,48,1,58.76,999.0,1.0,58.76,0.0,58.76,0.0,1,1,True,[58.76],1.0,1.0,1.0,0.0
X03585,momentum_reversion,long_only,range15_pct,range15_pct,0.5,0.5,48,1,58.76,999.0,1.0,58.76,0.0,58.76,0.0,1,1,True,[58.76],1.0,1.0,1.0,0.0
X03589,momentum_reversion,long_only,range15_pct,range15_pct,0.75,0.5,48,1,58.76,999.0,1.0,58.76,0.0,58.76,0.0,1,1,True,[58.76],1.0,1.0,1.0,0.0
X03593,momentum_reversion,long_only,range15_pct,range15_pct,1.0,0.5,48,1,58.76,999.0,1.0,58.76,0.0,58.76,0.0,1,1,True,[58.76],1.0,1.0,1.0,0.0
X03597,momentum_reversion,long_only,range15_pct,range15_pct,1.25,0.5,48,1,58.76,999.0,1.0,58.76,0.0,58.76,0.0,1,1,True,[58.76],1.0,1.0,1.0,0.0
X00375,icefishball,all,atr,atr,2.5,0.75,12,7,409.32,999.0,1.0,58.4743,0.0,409.32,0.0,3,3,True,"[107.78, 193.02, 108.52]",1.0,1.0,1.0,0.0
X00519,icefishball,all,atr,atr,2.5,0.75,24,7,409.32,999.0,1.0,58.4743,0.0,409.32,0.0,3,3,True,"[107.78, 193.02, 108.52]",1.0,1.0,1.0,0.0
X00663,icefishball,all,atr,atr,2.5,0.75,48,7,409.32,999.0,1.0,58.4743,0.0,409.32,0.0,3,3,True,"[107.78, 193.02, 108.52]",1.0,1.0,1.0,0.0
X00773,icefishball,long_only,fixed,fixed,80.0,40.0,3,2,115.02,999.0,1.0,57.51,0.0,115.02,0.0,2,2,True,"[78.76, 36.26]",1.0,1.0,1.0,0.0
X00845,icefishball,long_only,atr_blend,atr_blend,2.5,1.5,3,2,114.52,999.0,1.0,57.26,0.0,114.52,0.0,2,2,True,"[78.26, 36.26]",1.0,1.0,1.0,0.0
X02253,momentum_reversion,all,atr_blend,atr_blend,0.75,0.75,3,1,56.76,999.0,1.0,56.76,0.0,56.76,0.0,1,1,True,[56.76],1.0,1.0,1.0,0.0
X02259,momentum_reversion,all,atr_blend,atr_blend,1.0,0.75,3,1,56.76,999.0,1.0,56.76,0.0,56.76,0.0,1,1,True,[56.76],1.0,1.0,1.0,0.0
X02265,momentum_reversion,all,atr_blend,atr_blend,1.25,0.75,3,1,56.76,999.0,1.0,56.76,0.0,56.76,0.0,1,1,True,[56.76],1.0,1.0,1.0,0.0
X02271,momentum_reversion,all,atr_blend,atr_blend,1.5,0.75,3,1,56.76,999.0,1.0,56.76,0.0,56.76,0.0,1,1,True,[56.76],1.0,1.0,1.0,0.0
X02277,momentum_reversion,all,atr_blend,atr_blend,2.0,0.75,3,1,56.76,999.0,1.0,56.76,0.0,56.76,0.0,1,1,True,[56.76],1.0,1.0,1.0,0.0
X02283,momentum_reversion,all,atr_blend,atr_blend,2.5,0.75,3,1,56.76,999.0,1.0,56.76,0.0,56.76,0.0,1,1,True,[56.76],1.0,1.0,1.0,0.0
X02397,momentum_reversion,all,atr_blend,atr_blend,0.75,0.75,6,1,56.76,999.0,1.0,56.76,0.0,56.76,0.0,1,1,True,[56.76],1.0,1.0,1.0,0.0
X02403,momentum_reversion,all,atr_blend,atr_blend,1.0,0.75,6,1,56.76,999.0,1.0,56.76,0.0,56.76,0.0,1,1,True,[56.76],1.0,1.0,1.0,0.0
X02409,momentum_reversion,all,atr_blend,atr_blend,1.25,0.75,6,1,56.76,999.0,1.0,56.76,0.0,56.76,0.0,1,1,True,[56.76],1.0,1.0,1.0,0.0
X02415,momentum_reversion,all,atr_blend,atr_blend,1.5,0.75,6,1,56.76,999.0,1.0,56.76,0.0,56.76,0.0,1,1,True,[56.76],1.0,1.0,1.0,0.0
X02421,momentum_reversion,all,atr_blend,atr_blend,2.0,0.75,6,1,56.76,999.0,1.0,56.76,0.0,56.76,0.0,1,1,True,[56.76],1.0,1.0,1.0,0.0
X02427,momentum_reversion,all,atr_blend,atr_blend,2.5,0.75,6,1,56.76,999.0,1.0,56.76,0.0,56.76,0.0,1,1,True,[56.76],1.0,1.0,1.0,0.0
X02541,momentum_reversion,all,atr_blend,atr_blend,0.75,0.75,12,1,56.76,999.0,1.0,56.76,0.0,56.76,0.0,1,1,True,[56.76],1.0,1.0,1.0,0.0
X02547,momentum_reversion,all,atr_blend,atr_blend,1.0,0.75,12,1,56.76,999.0,1.0,56.76,0.0,56.76,0.0,1,1,True,[56.76],1.0,1.0,1.0,0.0
X02553,momentum_reversion,all,atr_blend,atr_blend,1.25,0.75,12,1,56.76,999.0,1.0,56.76,0.0,56.76,0.0,1,1,True,[56.76],1.0,1.0,1.0,0.0
X02559,momentum_reversion,all,atr_blend,atr_blend,1.5,0.75,12,1,56.76,999.0,1.0,56.76,0.0,56.76,0.0,1,1,True,[56.76],1.0,1.0,1.0,0.0
X02565,momentum_reversion,all,atr_blend,atr_blend,2.0,0.75,12,1,56.76,999.0,1.0,56.76,0.0,56.76,0.0,1,1,True,[56.76],1.0,1.0,1.0,0.0
X02571,momentum_reversion,all,atr_blend,atr_blend,2.5,0.75,12,1,56.76,999.0,1.0,56.76,0.0,56.76,0.0,1,1,True,[56.76],1.0,1.0,1.0,0.0
X02685,momentum_reversion,all,atr_blend,atr_blend,0.75,0.75,24,1,56.76,999.0,1.0,56.76,0.0,56.76,0.0,1,1,True,[56.76],1.0,1.0,1.0,0.0
X02691,momentum_reversion,all,atr_blend,atr_blend,1.0,0.75,24,1,56.76,999.0,1.0,56.76,0.0,56.76,0.0,1,1,True,[56.76],1.0,1.0,1.0,0.0
X02697,momentum_reversion,all,atr_blend,atr_blend,1.25,0.75,24,1,56.76,999.0,1.0,56.76,0.0,56.76,0.0,1,1,True,[56.76],1.0,1.0,1.0,0.0
X02703,momentum_reversion,all,atr_blend,atr_blend,1.5,0.75,24,1,56.76,999.0,1.0,56.76,0.0,56.76,0.0,1,1,True,[56.76],1.0,1.0,1.0,0.0
X02709,momentum_reversion,all,atr_blend,atr_blend,2.0,0.75,24,1,56.76,999.0,1.0,56.76,0.0,56.76,0.0,1,1,True,[56.76],1.0,1.0,1.0,0.0
X02715,momentum_reversion,all,atr_blend,atr_blend,2.5,0.75,24,1,56.76,999.0,1.0,56.76,0.0,56.76,0.0,1,1,True,[56.76],1.0,1.0,1.0,0.0
X02829,momentum_reversion,all,atr_blend,atr_blend,0.75,0.75,48,1,56.76,999.0,1.0,56.76,0.0,56.76,0.0,1,1,True,[56.76],1.0,1.0,1.0,0.0
X02835,momentum_reversion,all,atr_blend,atr_blend,1.0,0.75,48,1,56.76,999.0,1.0,56.76,0.0,56.76,0.0,1,1,True,[56.76],1.0,1.0,1.0,0.0
X02841,momentum_reversion,all,atr_blend,atr_blend,1.25,0.75,48,1,56.76,999.0,1.0,56.76,0.0,56.76,0.0,1,1,True,[56.76],1.0,1.0,1.0,0.0
X02847,momentum_reversion,all,atr_blend,atr_blend,1.5,0.75,48,1,56.76,999.0,1.0,56.76,0.0,56.76,0.0,1,1,True,[56.76],1.0,1.0,1.0,0.0
X02853,momentum_reversion,all,atr_blend,atr_blend,2.0,0.75,48,1,56.76,999.0,1.0,56.76,0.0,56.76,0.0,1,1,True,[56.76],1.0,1.0,1.0,0.0
X02859,momentum_reversion,all,atr_blend,atr_blend,2.5,0.75,48,1,56.76,999.0,1.0,56.76,0.0,56.76,0.0,1,1,True,[56.76],1.0,1.0,1.0,0.0
X02973,momentum_reversion,long_only,atr_blend,atr_blend,0.75,0.75,3,1,56.76,999.0,1.0,56.76,0.0,56.76,0.0,1,1,True,[56.76],1.0,1.0,1.0,0.0
X02979,momentum_reversion,long_only,atr_blend,atr_blend,1.0,0.75,3,1,56.76,999.0,1.0,56.76,0.0,56.76,0.0,1,1,True,[56.76],1.0,1.0,1.0,0.0
X02985,momentum_reversion,long_only,atr_blend,atr_blend,1.25,0.75,3,1,56.76,999.0,1.0,56.76,0.0,56.76,0.0,1,1,True,[56.76],1.0,1.0,1.0,0.0
X02991,momentum_reversion,long_only,atr_blend,atr_blend,1.5,0.75,3,1,56.76,999.0,1.0,56.76,0.0,56.76,0.0,1,1,True,[56.76],1.0,1.0,1.0,0.0
X02997,momentum_reversion,long_only,atr_blend,atr_blend,2.0,0.75,3,1,56.76,999.0,1.0,56.76,0.0,56.76,0.0,1,1,True,[56.76],1.0,1.0,1.0,0.0
X03003,momentum_reversion,long_only,atr_blend,atr_blend,2.5,0.75,3,1,56.76,999.0,1.0,56.76,0.0,56.76,0.0,1,1,True,[56.76],1.0,1.0,1.0,0.0
X03117,momentum_reversion,long_only,atr_blend,atr_blend,0.75,0.75,6,1,56.76,999.0,1.0,56.76,0.0,56.76,0.0,1,1,True,[56.76],1.0,1.0,1.0,0.0
X03123,momentum_reversion,long_only,atr_blend,atr_blend,1.0,0.75,6,1,56.76,999.0,1.0,56.76,0.0,56.76,0.0,1,1,True,[56.76],1.0,1.0,1.0,0.0
X03129,momentum_reversion,long_only,atr_blend,atr_blend,1.25,0.75,6,1,56.76,999.0,1.0,56.76,0.0,56.76,0.0,1,1,True,[56.76],1.0,1.0,1.0,0.0
X03135,momentum_reversion,long_only,atr_blend,atr_blend,1.5,0.75,6,1,56.76,999.0,1.0,56.76,0.0,56.76,0.0,1,1,True,[56.76],1.0,1.0,1.0,0.0
X03141,momentum_reversion,long_only,atr_blend,atr_blend,2.0,0.75,6,1,56.76,999.0,1.0,56.76,0.0,56.76,0.0,1,1,True,[56.76],1.0,1.0,1.0,0.0
X03147,momentum_reversion,long_only,atr_blend,atr_blend,2.5,0.75,6,1,56.76,999.0,1.0,56.76,0.0,56.76,0.0,1,1,True,[56.76],1.0,1.0,1.0,0.0
X03261,momentum_reversion,long_only,atr_blend,atr_blend,0.75,0.75,12,1,56.76,999.0,1.0,56.76,0.0,56.76,0.0,1,1,True,[56.76],1.0,1.0,1.0,0.0
X03267,momentum_reversion,long_only,atr_blend,atr_blend,1.0,0.75,12,1,56.76,999.0,1.0,56.76,0.0,56.76,0.0,1,1,True,[56.76],1.0,1.0,1.0,0.0
X03273,momentum_reversion,long_only,atr_blend,atr_blend,1.25,0.75,12,1,56.76,999.0,1.0,56.76,0.0,56.76,0.0,1,1,True,[56.76],1.0,1.0,1.0,0.0
X03279,momentum_reversion,long_only,atr_blend,atr_blend,1.5,0.75,12,1,56.76,999.0,1.0,56.76,0.0,56.76,0.0,1,1,True,[56.76],1.0,1.0,1.0,0.0
X03285,momentum_reversion,long_only,atr_blend,atr_blend,2.0,0.75,12,1,56.76,999.0,1.0,56.76,0.0,56.76,0.0,1,1,True,[56.76],1.0,1.0,1.0,0.0
X03291,momentum_reversion,long_only,atr_blend,atr_blend,2.5,0.75,12,1,56.76,999.0,1.0,56.76,0.0,56.76,0.0,1,1,True,[56.76],1.0,1.0,1.0,0.0
X03405,momentum_reversion,long_only,atr_blend,atr_blend,0.75,0.75,24,1,56.76,999.0,1.0,56.76,0.0,56.76,0.0,1,1,True,[56.76],1.0,1.0,1.0,0.0
X03411,momentum_reversion,long_only,atr_blend,atr_blend,1.0,0.75,24,1,56.76,999.0,1.0,56.76,0.0,56.76,0.0,1,1,True,[56.76],1.0,1.0,1.0,0.0
X03417,momentum_reversion,long_only,atr_blend,atr_blend,1.25,0.75,24,1,56.76,999.0,1.0,56.76,0.0,56.76,0.0,1,1,True,[56.76],1.0,1.0,1.0,0.0
X03423,momentum_reversion,long_only,atr_blend,atr_blend,1.5,0.75,24,1,56.76,999.0,1.0,56.76,0.0,56.76,0.0,1,1,True,[56.76],1.0,1.0,1.0,0.0
X03429,momentum_reversion,long_only,atr_blend,atr_blend,2.0,0.75,24,1,56.76,999.0,1.0,56.76,0.0,56.76,0.0,1,1,True,[56.76],1.0,1.0,1.0,0.0
X03435,momentum_reversion,long_only,atr_blend,atr_blend,2.5,0.75,24,1,56.76,999.0,1.0,56.76,0.0,56.76,0.0,1,1,True,[56.76],1.0,1.0,1.0,0.0
X03549,momentum_reversion,long_only,atr_blend,atr_blend,0.75,0.75,48,1,56.76,999.0,1.0,56.76,0.0,56.76,0.0,1,1,True,[56.76],1.0,1.0,1.0,0.0
X03555,momentum_reversion,long_only,atr_blend,atr_blend,1.0,0.75,48,1,56.76,999.0,1.0,56.76,0.0,56.76,0.0,1,1,True,[56.76],1.0,1.0,1.0,0.0
X03561,momentum_reversion,long_only,atr_blend,atr_blend,1.25,0.75,48,1,56.76,999.0,1.0,56.76,0.0,56.76,0.0,1,1,True,[56.76],1.0,1.0,1.0,0.0
X03567,momentum_reversion,long_only,atr_blend,atr_blend,1.5,0.75,48,1,56.76,999.0,1.0,56.76,0.0,56.76,0.0,1,1,True,[56.76],1.0,1.0,1.0,0.0
X03573,momentum_reversion,long_only,atr_blend,atr_blend,2.0,0.75,48,1,56.76,999.0,1.0,56.76,0.0,56.76,0.0,1,1,True,[56.76],1.0,1.0,1.0,0.0
X03579,momentum_reversion,long_only,atr_blend,atr_blend,2.5,0.75,48,1,56.76,999.0,1.0,56.76,0.0,56.76,0.0,1,1,True,[56.76],1.0,1.0,1.0,0.0
X01827,icefishball,short_only,atr_blend,atr_blend,1.0,0.75,12,5,282.3,999.0,1.0,56.46,0.0,282.3,0.0,3,3,True,"[70.52, 148.52, 63.26]",1.0,1.0,1.0,0.0
X01833,icefishball,short_only,atr_blend,atr_blend,1.25,0.75,12,5,282.3,999.0,1.0,56.46,0.0,282.3,0.0,3,3,True,"[70.52, 148.52, 63.26]",1.0,1.0,1.0,0.0
X01839,icefishball,short_only,atr_blend,atr_blend,1.5,0.75,12,5,282.3,999.0,1.0,56.46,0.0,282.3,0.0,3,3,True,"[70.52, 148.52, 63.26]",1.0,1.0,1.0,0.0
X01845,icefishball,short_only,atr_blend,atr_blend,2.0,0.75,12,5,282.3,999.0,1.0,56.46,0.0,282.3,0.0,3,3,True,"[70.52, 148.52, 63.26]",1.0,1.0,1.0,0.0
X01851,icefishball,short_only,atr_blend,atr_blend,2.5,0.75,12,5,282.3,999.0,1.0,56.46,0.0,282.3,0.0,3,3,True,"[70.52, 148.52, 63.26]",1.0,1.0,1.0,0.0
X01971,icefishball,short_only,atr_blend,atr_blend,1.0,0.75,24,5,282.3,999.0,1.0,56.46,0.0,282.3,0.0,3,3,True,"[70.52, 148.52, 63.26]",1.0,1.0,1.0,0.0
X01977,icefishball,short_only,atr_blend,atr_blend,1.25,0.75,24,5,282.3,999.0,1.0,56.46,0.0,282.3,0.0,3,3,True,"[70.52, 148.52, 63.26]",1.0,1.0,1.0,0.0
X01983,icefishball,short_only,atr_blend,atr_blend,1.5,0.75,24,5,282.3,999.0,1.0,56.46,0.0,282.3,0.0,3,3,True,"[70.52, 148.52, 63.26]",1.0,1.0,1.0,0.0
X01989,icefishball,short_only,atr_blend,atr_blend,2.0,0.75,24,5,282.3,999.0,1.0,56.46,0.0,282.3,0.0,3,3,True,"[70.52, 148.52, 63.26]",1.0,1.0,1.0,0.0
X01995,icefishball,short_only,atr_blend,atr_blend,2.5,0.75,24,5,282.3,999.0,1.0,56.46,0.0,282.3,0.0,3,3,True,"[70.52, 148.52, 63.26]",1.0,1.0,1.0,0.0
X02115,icefishball,short_only,atr_blend,atr_blend,1.0,0.75,48,5,282.3,999.0,1.0,56.46,0.0,282.3,0.0,3,3,True,"[70.52, 148.52, 63.26]",1.0,1.0,1.0,0.0
X02121,icefishball,short_only,atr_blend,atr_blend,1.25,0.75,48,5,282.3,999.0,1.0,56.46,0.0,282.3,0.0,3,3,True,"[70.52, 148.52, 63.26]",1.0,1.0,1.0,0.0
X02127,icefishball,short_only,atr_blend,atr_blend,1.5,0.75,48,5,282.3,999.0,1.0,56.46,0.0,282.3,0.0,3,3,True,"[70.52, 148.52, 63.26]",1.0,1.0,1.0,0.0
X02133,icefishball,short_only,atr_blend,atr_blend,2.0,0.75,48,5,282.3,999.0,1.0,56.46,0.0,282.3,0.0,3,3,True,"[70.52, 148.52, 63.26]",1.0,1.0,1.0,0.0
X02139,icefishball,short_only,atr_blend,atr_blend,2.5,0.75,48,5,282.3,999.0,1.0,56.46,0.0,282.3,0.0,3,3,True,"[70.52, 148.52, 63.26]",1.0,1.0,1.0,0.0
X00411,icefishball,all,atr_blend,atr_blend,2.5,0.75,12,7,379.82,999.0,1.0,54.26,0.0,379.82,0.0,3,3,True,"[108.78, 148.52, 122.52]",1.0,1.0,1.0,0.0
X00555,icefishball,all,atr_blend,atr_blend,2.5,0.75,24,7,379.82,999.0,1.0,54.26,0.0,379.82,0.0,3,3,True,"[108.78, 148.52, 122.52]",1.0,1.0,1.0,0.0
X00699,icefishball,all,atr_blend,atr_blend,2.5,0.75,48,7,379.82,999.0,1.0,54.26,0.0,379.82,0.0,3,3,True,"[108.78, 148.52, 122.52]",1.0,1.0,1.0,0.0
X00843,icefishball,long_only,atr_blend,atr_blend,2.5,0.75,3,2,97.52,999.0,1.0,48.76,0.0,97.52,0.0,2,2,True,"[38.26, 59.26]",1.0,1.0,1.0,0.0
X00987,icefishball,long_only,atr_blend,atr_blend,2.5,0.75,6,2,97.52,999.0,1.0,48.76,0.0,97.52,0.0,2,2,True,"[38.26, 59.26]",1.0,1.0,1.0,0.0
X01131,icefishball,long_only,atr_blend,atr_blend,2.5,0.75,12,2,97.52,999.0,1.0,48.76,0.0,97.52,0.0,2,2,True,"[38.26, 59.26]",1.0,1.0,1.0,0.0
X01275,icefishball,long_only,atr_blend,atr_blend,2.5,0.75,24,2,97.52,999.0,1.0,48.76,0.0,97.52,0.0,2,2,True,"[38.26, 59.26]",1.0,1.0,1.0,0.0
X01419,icefishball,long_only,atr_blend,atr_blend,2.5,0.75,48,2,97.52,999.0,1.0,48.76,0.0,97.52,0.0,2,2,True,"[38.26, 59.26]",1.0,1.0,1.0,0.0
X00807,icefishball,long_only,atr,atr,2.5,0.75,3,2,93.02,999.0,1.0,46.51,0.0,93.02,0.0,2,2,True,"[41.76, 51.26]",1.0,1.0,1.0,0.0
X00951,icefishball,long_only,atr,atr,2.5,0.75,6,2,93.02,999.0,1.0,46.51,0.0,93.02,0.0,2,2,True,"[41.76, 51.26]",1.0,1.0,1.0,0.0
X01095,icefishball,long_only,atr,atr,2.5,0.75,12,2,93.02,999.0,1.0,46.51,0.0,93.02,0.0,2,2,True,"[41.76, 51.26]",1.0,1.0,1.0,0.0
X01239,icefishball,long_only,atr,atr,2.5,0.75,24,2,93.02,999.0,1.0,46.51,0.0,93.02,0.0,2,2,True,"[41.76, 51.26]",1.0,1.0,1.0,0.0
X01383,icefishball,long_only,atr,atr,2.5,0.75,48,2,93.02,999.0,1.0,46.51,0.0,93.02,0.0,2,2,True,"[41.76, 51.26]",1.0,1.0,1.0,0.0
X00808,icefishball,long_only,atr,atr,2.5,1.0,3,2,92.52,999.0,1.0,46.26,0.0,92.52,0.0,2,2,True,"[56.26, 36.26]",1.0,1.0,1.0,0.0
X02217,momentum_reversion,all,atr,atr,0.75,0.75,3,1,44.26,999.0,1.0,44.26,0.0,44.26,0.0,1,1,True,[44.26],1.0,1.0,1.0,0.0
X02223,momentum_reversion,all,atr,atr,1.0,0.75,3,1,44.26,999.0,1.0,44.26,0.0,44.26,0.0,1,1,True,[44.26],1.0,1.0,1.0,0.0
X02229,momentum_reversion,all,atr,atr,1.25,0.75,3,1,44.26,999.0,1.0,44.26,0.0,44.26,0.0,1,1,True,[44.26],1.0,1.0,1.0,0.0
X02235,momentum_reversion,all,atr,atr,1.5,0.75,3,1,44.26,999.0,1.0,44.26,0.0,44.26,0.0,1,1,True,[44.26],1.0,1.0,1.0,0.0
X02241,momentum_reversion,all,atr,atr,2.0,0.75,3,1,44.26,999.0,1.0,44.26,0.0,44.26,0.0,1,1,True,[44.26],1.0,1.0,1.0,0.0
X02247,momentum_reversion,all,atr,atr,2.5,0.75,3,1,44.26,999.0,1.0,44.26,0.0,44.26,0.0,1,1,True,[44.26],1.0,1.0,1.0,0.0
X02361,momentum_reversion,all,atr,atr,0.75,0.75,6,1,44.26,999.0,1.0,44.26,0.0,44.26,0.0,1,1,True,[44.26],1.0,1.0,1.0,0.0
X02367,momentum_reversion,all,atr,atr,1.0,0.75,6,1,44.26,999.0,1.0,44.26,0.0,44.26,0.0,1,1,True,[44.26],1.0,1.0,1.0,0.0
X02373,momentum_reversion,all,atr,atr,1.25,0.75,6,1,44.26,999.0,1.0,44.26,0.0,44.26,0.0,1,1,True,[44.26],1.0,1.0,1.0,0.0
X02379,momentum_reversion,all,atr,atr,1.5,0.75,6,1,44.26,999.0,1.0,44.26,0.0,44.26,0.0,1,1,True,[44.26],1.0,1.0,1.0,0.0
X02385,momentum_reversion,all,atr,atr,2.0,0.75,6,1,44.26,999.0,1.0,44.26,0.0,44.26,0.0,1,1,True,[44.26],1.0,1.0,1.0,0.0
X02391,momentum_reversion,all,atr,atr,2.5,0.75,6,1,44.26,999.0,1.0,44.26,0.0,44.26,0.0,1,1,True,[44.26],1.0,1.0,1.0,0.0
X02505,momentum_reversion,all,atr,atr,0.75,0.75,12,1,44.26,999.0,1.0,44.26,0.0,44.26,0.0,1,1,True,[44.26],1.0,1.0,1.0,0.0
X02511,momentum_reversion,all,atr,atr,1.0,0.75,12,1,44.26,999.0,1.0,44.26,0.0,44.26,0.0,1,1,True,[44.26],1.0,1.0,1.0,0.0
X02517,momentum_reversion,all,atr,atr,1.25,0.75,12,1,44.26,999.0,1.0,44.26,0.0,44.26,0.0,1,1,True,[44.26],1.0,1.0,1.0,0.0
X02523,momentum_reversion,all,atr,atr,1.5,0.75,12,1,44.26,999.0,1.0,44.26,0.0,44.26,0.0,1,1,True,[44.26],1.0,1.0,1.0,0.0
X02529,momentum_reversion,all,atr,atr,2.0,0.75,12,1,44.26,999.0,1.0,44.26,0.0,44.26,0.0,1,1,True,[44.26],1.0,1.0,1.0,0.0
X02535,momentum_reversion,all,atr,atr,2.5,0.75,12,1,44.26,999.0,1.0,44.26,0.0,44.26,0.0,1,1,True,[44.26],1.0,1.0,1.0,0.0
X02649,momentum_reversion,all,atr,atr,0.75,0.75,24,1,44.26,999.0,1.0,44.26,0.0,44.26,0.0,1,1,True,[44.26],1.0,1.0,1.0,0.0
X02655,momentum_reversion,all,atr,atr,1.0,0.75,24,1,44.26,999.0,1.0,44.26,0.0,44.26,0.0,1,1,True,[44.26],1.0,1.0,1.0,0.0
X02661,momentum_reversion,all,atr,atr,1.25,0.75,24,1,44.26,999.0,1.0,44.26,0.0,44.26,0.0,1,1,True,[44.26],1.0,1.0,1.0,0.0
X02667,momentum_reversion,all,atr,atr,1.5,0.75,24,1,44.26,999.0,1.0,44.26,0.0,44.26,0.0,1,1,True,[44.26],1.0,1.0,1.0,0.0
X02673,momentum_reversion,all,atr,atr,2.0,0.75,24,1,44.26,999.0,1.0,44.26,0.0,44.26,0.0,1,1,True,[44.26],1.0,1.0,1.0,0.0
X02679,momentum_reversion,all,atr,atr,2.5,0.75,24,1,44.26,999.0,1.0,44.26,0.0,44.26,0.0,1,1,True,[44.26],1.0,1.0,1.0,0.0
X02793,momentum_reversion,all,atr,atr,0.75,0.75,48,1,44.26,999.0,1.0,44.26,0.0,44.26,0.0,1,1,True,[44.26],1.0,1.0,1.0,0.0
X02799,momentum_reversion,all,atr,atr,1.0,0.75,48,1,44.26,999.0,1.0,44.26,0.0,44.26,0.0,1,1,True,[44.26],1.0,1.0,1.0,0.0
X02805,momentum_reversion,all,atr,atr,1.25,0.75,48,1,44.26,999.0,1.0,44.26,0.0,44.26,0.0,1,1,True,[44.26],1.0,1.0,1.0,0.0
X02811,momentum_reversion,all,atr,atr,1.5,0.75,48,1,44.26,999.0,1.0,44.26,0.0,44.26,0.0,1,1,True,[44.26],1.0,1.0,1.0,0.0
X02817,momentum_reversion,all,atr,atr,2.0,0.75,48,1,44.26,999.0,1.0,44.26,0.0,44.26,0.0,1,1,True,[44.26],1.0,1.0,1.0,0.0
X02823,momentum_reversion,all,atr,atr,2.5,0.75,48,1,44.26,999.0,1.0,44.26,0.0,44.26,0.0,1,1,True,[44.26],1.0,1.0,1.0,0.0
X02937,momentum_reversion,long_only,atr,atr,0.75,0.75,3,1,44.26,999.0,1.0,44.26,0.0,44.26,0.0,1,1,True,[44.26],1.0,1.0,1.0,0.0
X02943,momentum_reversion,long_only,atr,atr,1.0,0.75,3,1,44.26,999.0,1.0,44.26,0.0,44.26,0.0,1,1,True,[44.26],1.0,1.0,1.0,0.0
X02949,momentum_reversion,long_only,atr,atr,1.25,0.75,3,1,44.26,999.0,1.0,44.26,0.0,44.26,0.0,1,1,True,[44.26],1.0,1.0,1.0,0.0
X02955,momentum_reversion,long_only,atr,atr,1.5,0.75,3,1,44.26,999.0,1.0,44.26,0.0,44.26,0.0,1,1,True,[44.26],1.0,1.0,1.0,0.0
X02961,momentum_reversion,long_only,atr,atr,2.0,0.75,3,1,44.26,999.0,1.0,44.26,0.0,44.26,0.0,1,1,True,[44.26],1.0,1.0,1.0,0.0
X02967,momentum_reversion,long_only,atr,atr,2.5,0.75,3,1,44.26,999.0,1.0,44.26,0.0,44.26,0.0,1,1,True,[44.26],1.0,1.0,1.0,0.0
X03081,momentum_reversion,long_only,atr,atr,0.75,0.75,6,1,44.26,999.0,1.0,44.26,0.0,44.26,0.0,1,1,True,[44.26],1.0,1.0,1.0,0.0
X03087,momentum_reversion,long_only,atr,atr,1.0,0.75,6,1,44.26,999.0,1.0,44.26,0.0,44.26,0.0,1,1,True,[44.26],1.0,1.0,1.0,0.0
X03093,momentum_reversion,long_only,atr,atr,1.25,0.75,6,1,44.26,999.0,1.0,44.26,0.0,44.26,0.0,1,1,True,[44.26],1.0,1.0,1.0,0.0
X03099,momentum_reversion,long_only,atr,atr,1.5,0.75,6,1,44.26,999.0,1.0,44.26,0.0,44.26,0.0,1,1,True,[44.26],1.0,1.0,1.0,0.0
X03105,momentum_reversion,long_only,atr,atr,2.0,0.75,6,1,44.26,999.0,1.0,44.26,0.0,44.26,0.0,1,1,True,[44.26],1.0,1.0,1.0,0.0
X03111,momentum_reversion,long_only,atr,atr,2.5,0.75,6,1,44.26,999.0,1.0,44.26,0.0,44.26,0.0,1,1,True,[44.26],1.0,1.0,1.0,0.0
X03225,momentum_reversion,long_only,atr,atr,0.75,0.75,12,1,44.26,999.0,1.0,44.26,0.0,44.26,0.0,1,1,True,[44.26],1.0,1.0,1.0,0.0
X03231,momentum_reversion,long_only,atr,atr,1.0,0.75,12,1,44.26,999.0,1.0,44.26,0.0,44.26,0.0,1,1,True,[44.26],1.0,1.0,1.0,0.0
X03237,momentum_reversion,long_only,atr,atr,1.25,0.75,12,1,44.26,999.0,1.0,44.26,0.0,44.26,0.0,1,1,True,[44.26],1.0,1.0,1.0,0.0
X03243,momentum_reversion,long_only,atr,atr,1.5,0.75,12,1,44.26,999.0,1.0,44.26,0.0,44.26,0.0,1,1,True,[44.26],1.0,1.0,1.0,0.0
X03249,momentum_reversion,long_only,atr,atr,2.0,0.75,12,1,44.26,999.0,1.0,44.26,0.0,44.26,0.0,1,1,True,[44.26],1.0,1.0,1.0,0.0
X03255,momentum_reversion,long_only,atr,atr,2.5,0.75,12,1,44.26,999.0,1.0,44.26,0.0,44.26,0.0,1,1,True,[44.26],1.0,1.0,1.0,0.0
X03369,momentum_reversion,long_only,atr,atr,0.75,0.75,24,1,44.26,999.0,1.0,44.26,0.0,44.26,0.0,1,1,True,[44.26],1.0,1.0,1.0,0.0
X03375,momentum_reversion,long_only,atr,atr,1.0,0.75,24,1,44.26,999.0,1.0,44.26,0.0,44.26,0.0,1,1,True,[44.26],1.0,1.0,1.0,0.0
X03381,momentum_reversion,long_only,atr,atr,1.25,0.75,24,1,44.26,999.0,1.0,44.26,0.0,44.26,0.0,1,1,True,[44.26],1.0,1.0,1.0,0.0
X03387,momentum_reversion,long_only,atr,atr,1.5,0.75,24,1,44.26,999.0,1.0,44.26,0.0,44.26,0.0,1,1,True,[44.26],1.0,1.0,1.0,0.0
X03393,momentum_reversion,long_only,atr,atr,2.0,0.75,24,1,44.26,999.0,1.0,44.26,0.0,44.26,0.0,1,1,True,[44.26],1.0,1.0,1.0,0.0
X03399,momentum_reversion,long_only,atr,atr,2.5,0.75,24,1,44.26,999.0,1.0,44.26,0.0,44.26,0.0,1,1,True,[44.26],1.0,1.0,1.0,0.0
X03513,momentum_reversion,long_only,atr,atr,0.75,0.75,48,1,44.26,999.0,1.0,44.26,0.0,44.26,0.0,1,1,True,[44.26],1.0,1.0,1.0,0.0
X03519,momentum_reversion,long_only,atr,atr,1.0,0.75,48,1,44.26,999.0,1.0,44.26,0.0,44.26,0.0,1,1,True,[44.26],1.0,1.0,1.0,0.0
X03525,momentum_reversion,long_only,atr,atr,1.25,0.75,48,1,44.26,999.0,1.0,44.26,0.0,44.26,0.0,1,1,True,[44.26],1.0,1.0,1.0,0.0
X03531,momentum_reversion,long_only,atr,atr,1.5,0.75,48,1,44.26,999.0,1.0,44.26,0.0,44.26,0.0,1,1,True,[44.26],1.0,1.0,1.0,0.0
X03537,momentum_reversion,long_only,atr,atr,2.0,0.75,48,1,44.26,999.0,1.0,44.26,0.0,44.26,0.0,1,1,True,[44.26],1.0,1.0,1.0,0.0
X03543,momentum_reversion,long_only,atr,atr,2.5,0.75,48,1,44.26,999.0,1.0,44.26,0.0,44.26,0.0,1,1,True,[44.26],1.0,1.0,1.0,0.0
X00844,icefishball,long_only,atr_blend,atr_blend,2.5,1.0,3,2,88.02,999.0,1.0,44.01,0.0,88.02,0.0,2,2,True,"[51.76, 36.26]",1.0,1.0,1.0,0.0
X00195,icefishball,all,fixed,fixed,80.0,20.0,6,6,232.56,999.0,1.0,38.76,0.0,232.56,0.0,3,3,True,"[77.52, 77.52, 77.52]",1.0,1.0,1.0,0.0
X00339,icefishball,all,fixed,fixed,80.0,20.0,12,6,232.56,999.0,1.0,38.76,0.0,232.56,0.0,3,3,True,"[77.52, 77.52, 77.52]",1.0,1.0,1.0,0.0
X00483,icefishball,all,fixed,fixed,80.0,20.0,24,6,232.56,999.0,1.0,38.76,0.0,232.56,0.0,3,3,True,"[77.52, 77.52, 77.52]",1.0,1.0,1.0,0.0
X00627,icefishball,all,fixed,fixed,80.0,20.0,48,6,232.56,999.0,1.0,38.76,0.0,232.56,0.0,3,3,True,"[77.52, 77.52, 77.52]",1.0,1.0,1.0,0.0
X01603,icefishball,short_only,fixed,fixed,20.0,20.0,6,4,155.04,999.0,1.0,38.76,0.0,155.04,0.0,3,3,True,"[77.52, 38.76, 38.76]",1.0,1.0,1.0,0.0
X01611,icefishball,short_only,fixed,fixed,30.0,20.0,6,4,155.04,999.0,1.0,38.76,0.0,155.04,0.0,3,3,True,"[77.52, 38.76, 38.76]",1.0,1.0,1.0,0.0
X01619,icefishball,short_only,fixed,fixed,40.0,20.0,6,4,155.04,999.0,1.0,38.76,0.0,155.04,0.0,3,3,True,"[77.52, 38.76, 38.76]",1.0,1.0,1.0,0.0
X01627,icefishball,short_only,fixed,fixed,60.0,20.0,6,4,155.04,999.0,1.0,38.76,0.0,155.04,0.0,3,3,True,"[77.52, 38.76, 38.76]",1.0,1.0,1.0,0.0
X01635,icefishball,short_only,fixed,fixed,80.0,20.0,6,4,155.04,999.0,1.0,38.76,0.0,155.04,0.0,3,3,True,"[77.52, 38.76, 38.76]",1.0,1.0,1.0,0.0
X01747,icefishball,short_only,fixed,fixed,20.0,20.0,12,4,155.04,999.0,1.0,38.76,0.0,155.04,0.0,3,3,True,"[77.52, 38.76, 38.76]",1.0,1.0,1.0,0.0
X01755,icefishball,short_only,fixed,fixed,30.0,20.0,12,4,155.04,999.0,1.0,38.76,0.0,155.04,0.0,3,3,True,"[77.52, 38.76, 38.76]",1.0,1.0,1.0,0.0
X01763,icefishball,short_only,fixed,fixed,40.0,20.0,12,4,155.04,999.0,1.0,38.76,0.0,155.04,0.0,3,3,True,"[77.52, 38.76, 38.76]",1.0,1.0,1.0,0.0
X01771,icefishball,short_only,fixed,fixed,60.0,20.0,12,4,155.04,999.0,1.0,38.76,0.0,155.04,0.0,3,3,True,"[77.52, 38.76, 38.76]",1.0,1.0,1.0,0.0
X01779,icefishball,short_only,fixed,fixed,80.0,20.0,12,4,155.04,999.0,1.0,38.76,0.0,155.04,0.0,3,3,True,"[77.52, 38.76, 38.76]",1.0,1.0,1.0,0.0
X01891,icefishball,short_only,fixed,fixed,20.0,20.0,24,4,155.04,999.0,1.0,38.76,0.0,155.04,0.0,3,3,True,"[77.52, 38.76, 38.76]",1.0,1.0,1.0,0.0
X01899,icefishball,short_only,fixed,fixed,30.0,20.0,24,4,155.04,999.0,1.0,38.76,0.0,155.04,0.0,3,3,True,"[77.52, 38.76, 38.76]",1.0,1.0,1.0,0.0
X01907,icefishball,short_only,fixed,fixed,40.0,20.0,24,4,155.04,999.0,1.0,38.76,0.0,155.04,0.0,3,3,True,"[77.52, 38.76, 38.76]",1.0,1.0,1.0,0.0
X01915,icefishball,short_only,fixed,fixed,60.0,20.0,24,4,155.04,999.0,1.0,38.76,0.0,155.04,0.0,3,3,True,"[77.52, 38.76, 38.76]",1.0,1.0,1.0,0.0
X01923,icefishball,short_only,fixed,fixed,80.0,20.0,24,4,155.04,999.0,1.0,38.76,0.0,155.04,0.0,3,3,True,"[77.52, 38.76, 38.76]",1.0,1.0,1.0,0.0
X02035,icefishball,short_only,fixed,fixed,20.0,20.0,48,4,155.04,999.0,1.0,38.76,0.0,155.04,0.0,3,3,True,"[77.52, 38.76, 38.76]",1.0,1.0,1.0,0.0
X02043,icefishball,short_only,fixed,fixed,30.0,20.0,48,4,155.04,999.0,1.0,38.76,0.0,155.04,0.0,3,3,True,"[77.52, 38.76, 38.76]",1.0,1.0,1.0,0.0
X02051,icefishball,short_only,fixed,fixed,40.0,20.0,48,4,155.04,999.0,1.0,38.76,0.0,155.04,0.0,3,3,True,"[77.52, 38.76, 38.76]",1.0,1.0,1.0,0.0
X02059,icefishball,short_only,fixed,fixed,60.0,20.0,48,4,155.04,999.0,1.0,38.76,0.0,155.04,0.0,3,3,True,"[77.52, 38.76, 38.76]",1.0,1.0,1.0,0.0
X02067,icefishball,short_only,fixed,fixed,80.0,20.0,48,4,155.04,999.0,1.0,38.76,0.0,155.04,0.0,3,3,True,"[77.52, 38.76, 38.76]",1.0,1.0,1.0,0.0
X00771,icefishball,long_only,fixed,fixed,80.0,20.0,3,2,77.52,999.0,1.0,38.76,0.0,77.52,0.0,2,2,True,"[38.76, 38.76]",1.0,1.0,1.0,0.0
X00915,icefishball,long_only,fixed,fixed,80.0,20.0,6,2,77.52,999.0,1.0,38.76,0.0,77.52,0.0,2,2,True,"[38.76, 38.76]",1.0,1.0,1.0,0.0
X01059,icefishball,long_only,fixed,fixed,80.0,20.0,12,2,77.52,999.0,1.0,38.76,0.0,77.52,0.0,2,2,True,"[38.76, 38.76]",1.0,1.0,1.0,0.0
X01203,icefishball,long_only,fixed,fixed,80.0,20.0,24,2,77.52,999.0,1.0,38.76,0.0,77.52,0.0,2,2,True,"[38.76, 38.76]",1.0,1.0,1.0,0.0
X01347,icefishball,long_only,fixed,fixed,80.0,20.0,48,2,77.52,999.0,1.0,38.76,0.0,77.52,0.0,2,2,True,"[38.76, 38.76]",1.0,1.0,1.0,0.0
X02171,momentum_reversion,all,fixed,fixed,15.0,20.0,3,1,38.76,999.0,1.0,38.76,0.0,38.76,0.0,1,1,True,[38.76],1.0,1.0,1.0,0.0
X02179,momentum_reversion,all,fixed,fixed,20.0,20.0,3,1,38.76,999.0,1.0,38.76,0.0,38.76,0.0,1,1,True,[38.76],1.0,1.0,1.0,0.0
X02187,momentum_reversion,all,fixed,fixed,30.0,20.0,3,1,38.76,999.0,1.0,38.76,0.0,38.76,0.0,1,1,True,[38.76],1.0,1.0,1.0,0.0
X02195,momentum_reversion,all,fixed,fixed,40.0,20.0,3,1,38.76,999.0,1.0,38.76,0.0,38.76,0.0,1,1,True,[38.76],1.0,1.0,1.0,0.0
X02203,momentum_reversion,all,fixed,fixed,60.0,20.0,3,1,38.76,999.0,1.0,38.76,0.0,38.76,0.0,1,1,True,[38.76],1.0,1.0,1.0,0.0
X02211,momentum_reversion,all,fixed,fixed,80.0,20.0,3,1,38.76,999.0,1.0,38.76,0.0,38.76,0.0,1,1,True,[38.76],1.0,1.0,1.0,0.0
X02315,momentum_reversion,all,fixed,fixed,15.0,20.0,6,1,38.76,999.0,1.0,38.76,0.0,38.76,0.0,1,1,True,[38.76],1.0,1.0,1.0,0.0
X02323,momentum_reversion,all,fixed,fixed,20.0,20.0,6,1,38.76,999.0,1.0,38.76,0.0,38.76,0.0,1,1,True,[38.76],1.0,1.0,1.0,0.0
X02331,momentum_reversion,all,fixed,fixed,30.0,20.0,6,1,38.76,999.0,1.0,38.76,0.0,38.76,0.0,1,1,True,[38.76],1.0,1.0,1.0,0.0
X02339,momentum_reversion,all,fixed,fixed,40.0,20.0,6,1,38.76,999.0,1.0,38.76,0.0,38.76,0.0,1,1,True,[38.76],1.0,1.0,1.0,0.0
X02347,momentum_reversion,all,fixed,fixed,60.0,20.0,6,1,38.76,999.0,1.0,38.76,0.0,38.76,0.0,1,1,True,[38.76],1.0,1.0,1.0,0.0
X02355,momentum_reversion,all,fixed,fixed,80.0,20.0,6,1,38.76,999.0,1.0,38.76,0.0,38.76,0.0,1,1,True,[38.76],1.0,1.0,1.0,0.0
X02459,momentum_reversion,all,fixed,fixed,15.0,20.0,12,1,38.76,999.0,1.0,38.76,0.0,38.76,0.0,1,1,True,[38.76],1.0,1.0,1.0,0.0
X02467,momentum_reversion,all,fixed,fixed,20.0,20.0,12,1,38.76,999.0,1.0,38.76,0.0,38.76,0.0,1,1,True,[38.76],1.0,1.0,1.0,0.0
X02475,momentum_reversion,all,fixed,fixed,30.0,20.0,12,1,38.76,999.0,1.0,38.76,0.0,38.76,0.0,1,1,True,[38.76],1.0,1.0,1.0,0.0
X02483,momentum_reversion,all,fixed,fixed,40.0,20.0,12,1,38.76,999.0,1.0,38.76,0.0,38.76,0.0,1,1,True,[38.76],1.0,1.0,1.0,0.0
X02491,momentum_reversion,all,fixed,fixed,60.0,20.0,12,1,38.76,999.0,1.0,38.76,0.0,38.76,0.0,1,1,True,[38.76],1.0,1.0,1.0,0.0
X02499,momentum_reversion,all,fixed,fixed,80.0,20.0,12,1,38.76,999.0,1.0,38.76,0.0,38.76,0.0,1,1,True,[38.76],1.0,1.0,1.0,0.0
X02603,momentum_reversion,all,fixed,fixed,15.0,20.0,24,1,38.76,999.0,1.0,38.76,0.0,38.76,0.0,1,1,True,[38.76],1.0,1.0,1.0,0.0
X02611,momentum_reversion,all,fixed,fixed,20.0,20.0,24,1,38.76,999.0,1.0,38.76,0.0,38.76,0.0,1,1,True,[38.76],1.0,1.0,1.0,0.0
X02619,momentum_reversion,all,fixed,fixed,30.0,20.0,24,1,38.76,999.0,1.0,38.76,0.0,38.76,0.0,1,1,True,[38.76],1.0,1.0,1.0,0.0
X02627,momentum_reversion,all,fixed,fixed,40.0,20.0,24,1,38.76,999.0,1.0,38.76,0.0,38.76,0.0,1,1,True,[38.76],1.0,1.0,1.0,0.0
X02635,momentum_reversion,all,fixed,fixed,60.0,20.0,24,1,38.76,999.0,1.0,38.76,0.0,38.76,0.0,1,1,True,[38.76],1.0,1.0,1.0,0.0
X02643,momentum_reversion,all,fixed,fixed,80.0,20.0,24,1,38.76,999.0,1.0,38.76,0.0,38.76,0.0,1,1,True,[38.76],1.0,1.0,1.0,0.0
X02747,momentum_reversion,all,fixed,fixed,15.0,20.0,48,1,38.76,999.0,1.0,38.76,0.0,38.76,0.0,1,1,True,[38.76],1.0,1.0,1.0,0.0
X02755,momentum_reversion,all,fixed,fixed,20.0,20.0,48,1,38.76,999.0,1.0,38.76,0.0,38.76,0.0,1,1,True,[38.76],1.0,1.0,1.0,0.0
X02763,momentum_reversion,all,fixed,fixed,30.0,20.0,48,1,38.76,999.0,1.0,38.76,0.0,38.76,0.0,1,1,True,[38.76],1.0,1.0,1.0,0.0
X02771,momentum_reversion,all,fixed,fixed,40.0,20.0,48,1,38.76,999.0,1.0,38.76,0.0,38.76,0.0,1,1,True,[38.76],1.0,1.0,1.0,0.0
X02779,momentum_reversion,all,fixed,fixed,60.0,20.0,48,1,38.76,999.0,1.0,38.76,0.0,38.76,0.0,1,1,True,[38.76],1.0,1.0,1.0,0.0
X02787,momentum_reversion,all,fixed,fixed,80.0,20.0,48,1,38.76,999.0,1.0,38.76,0.0,38.76,0.0,1,1,True,[38.76],1.0,1.0,1.0,0.0
X02891,momentum_reversion,long_only,fixed,fixed,15.0,20.0,3,1,38.76,999.0,1.0,38.76,0.0,38.76,0.0,1,1,True,[38.76],1.0,1.0,1.0,0.0
X02899,momentum_reversion,long_only,fixed,fixed,20.0,20.0,3,1,38.76,999.0,1.0,38.76,0.0,38.76,0.0,1,1,True,[38.76],1.0,1.0,1.0,0.0
X02907,momentum_reversion,long_only,fixed,fixed,30.0,20.0,3,1,38.76,999.0,1.0,38.76,0.0,38.76,0.0,1,1,True,[38.76],1.0,1.0,1.0,0.0
X02915,momentum_reversion,long_only,fixed,fixed,40.0,20.0,3,1,38.76,999.0,1.0,38.76,0.0,38.76,0.0,1,1,True,[38.76],1.0,1.0,1.0,0.0
X02923,momentum_reversion,long_only,fixed,fixed,60.0,20.0,3,1,38.76,999.0,1.0,38.76,0.0,38.76,0.0,1,1,True,[38.76],1.0,1.0,1.0,0.0
X02931,momentum_reversion,long_only,fixed,fixed,80.0,20.0,3,1,38.76,999.0,1.0,38.76,0.0,38.76,0.0,1,1,True,[38.76],1.0,1.0,1.0,0.0
X03035,momentum_reversion,long_only,fixed,fixed,15.0,20.0,6,1,38.76,999.0,1.0,38.76,0.0,38.76,0.0,1,1,True,[38.76],1.0,1.0,1.0,0.0
X03043,momentum_reversion,long_only,fixed,fixed,20.0,20.0,6,1,38.76,999.0,1.0,38.76,0.0,38.76,0.0,1,1,True,[38.76],1.0,1.0,1.0,0.0
X03051,momentum_reversion,long_only,fixed,fixed,30.0,20.0,6,1,38.76,999.0,1.0,38.76,0.0,38.76,0.0,1,1,True,[38.76],1.0,1.0,1.0,0.0
X03059,momentum_reversion,long_only,fixed,fixed,40.0,20.0,6,1,38.76,999.0,1.0,38.76,0.0,38.76,0.0,1,1,True,[38.76],1.0,1.0,1.0,0.0
X03067,momentum_reversion,long_only,fixed,fixed,60.0,20.0,6,1,38.76,999.0,1.0,38.76,0.0,38.76,0.0,1,1,True,[38.76],1.0,1.0,1.0,0.0
X03075,momentum_reversion,long_only,fixed,fixed,80.0,20.0,6,1,38.76,999.0,1.0,38.76,0.0,38.76,0.0,1,1,True,[38.76],1.0,1.0,1.0,0.0
X03179,momentum_reversion,long_only,fixed,fixed,15.0,20.0,12,1,38.76,999.0,1.0,38.76,0.0,38.76,0.0,1,1,True,[38.76],1.0,1.0,1.0,0.0
X03187,momentum_reversion,long_only,fixed,fixed,20.0,20.0,12,1,38.76,999.0,1.0,38.76,0.0,38.76,0.0,1,1,True,[38.76],1.0,1.0,1.0,0.0
X03195,momentum_reversion,long_only,fixed,fixed,30.0,20.0,12,1,38.76,999.0,1.0,38.76,0.0,38.76,0.0,1,1,True,[38.76],1.0,1.0,1.0,0.0
X03203,momentum_reversion,long_only,fixed,fixed,40.0,20.0,12,1,38.76,999.0,1.0,38.76,0.0,38.76,0.0,1,1,True,[38.76],1.0,1.0,1.0,0.0
X03211,momentum_reversion,long_only,fixed,fixed,60.0,20.0,12,1,38.76,999.0,1.0,38.76,0.0,38.76,0.0,1,1,True,[38.76],1.0,1.0,1.0,0.0
X03219,momentum_reversion,long_only,fixed,fixed,80.0,20.0,12,1,38.76,999.0,1.0,38.76,0.0,38.76,0.0,1,1,True,[38.76],1.0,1.0,1.0,0.0
X03323,momentum_reversion,long_only,fixed,fixed,15.0,20.0,24,1,38.76,999.0,1.0,38.76,0.0,38.76,0.0,1,1,True,[38.76],1.0,1.0,1.0,0.0
X03331,momentum_reversion,long_only,fixed,fixed,20.0,20.0,24,1,38.76,999.0,1.0,38.76,0.0,38.76,0.0,1,1,True,[38.76],1.0,1.0,1.0,0.0
X03339,momentum_reversion,long_only,fixed,fixed,30.0,20.0,24,1,38.76,999.0,1.0,38.76,0.0,38.76,0.0,1,1,True,[38.76],1.0,1.0,1.0,0.0
X03347,momentum_reversion,long_only,fixed,fixed,40.0,20.0,24,1,38.76,999.0,1.0,38.76,0.0,38.76,0.0,1,1,True,[38.76],1.0,1.0,1.0,0.0
X03355,momentum_reversion,long_only,fixed,fixed,60.0,20.0,24,1,38.76,999.0,1.0,38.76,0.0,38.76,0.0,1,1,True,[38.76],1.0,1.0,1.0,0.0
X03363,momentum_reversion,long_only,fixed,fixed,80.0,20.0,24,1,38.76,999.0,1.0,38.76,0.0,38.76,0.0,1,1,True,[38.76],1.0,1.0,1.0,0.0
X03467,momentum_reversion,long_only,fixed,fixed,15.0,20.0,48,1,38.76,999.0,1.0,38.76,0.0,38.76,0.0,1,1,True,[38.76],1.0,1.0,1.0,0.0
X03475,momentum_reversion,long_only,fixed,fixed,20.0,20.0,48,1,38.76,999.0,1.0,38.76,0.0,38.76,0.0,1,1,True,[38.76],1.0,1.0,1.0,0.0
X03483,momentum_reversion,long_only,fixed,fixed,30.0,20.0,48,1,38.76,999.0,1.0,38.76,0.0,38.76,0.0,1,1,True,[38.76],1.0,1.0,1.0,0.0
X03491,momentum_reversion,long_only,fixed,fixed,40.0,20.0,48,1,38.76,999.0,1.0,38.76,0.0,38.76,0.0,1,1,True,[38.76],1.0,1.0,1.0,0.0
X03499,momentum_reversion,long_only,fixed,fixed,60.0,20.0,48,1,38.76,999.0,1.0,38.76,0.0,38.76,0.0,1,1,True,[38.76],1.0,1.0,1.0,0.0
X03507,momentum_reversion,long_only,fixed,fixed,80.0,20.0,48,1,38.76,999.0,1.0,38.76,0.0,38.76,0.0,1,1,True,[38.76],1.0,1.0,1.0,0.0
X00050,icefishball,all,fixed,fixed,80.0,15.0,3,7,201.32,999.0,1.0,28.76,0.0,201.32,0.0,3,3,True,"[86.28, 57.52, 57.52]",1.0,1.0,1.0,0.0
X00194,icefishball,all,fixed,fixed,80.0,15.0,6,7,201.32,999.0,1.0,28.76,0.0,201.32,0.0,3,3,True,"[86.28, 57.52, 57.52]",1.0,1.0,1.0,0.0
X00338,icefishball,all,fixed,fixed,80.0,15.0,12,7,201.32,999.0,1.0,28.76,0.0,201.32,0.0,3,3,True,"[86.28, 57.52, 57.52]",1.0,1.0,1.0,0.0
X00482,icefishball,all,fixed,fixed,80.0,15.0,24,7,201.32,999.0,1.0,28.76,0.0,201.32,0.0,3,3,True,"[86.28, 57.52, 57.52]",1.0,1.0,1.0,0.0
X00626,icefishball,all,fixed,fixed,80.0,15.0,48,7,201.32,999.0,1.0,28.76,0.0,201.32,0.0,3,3,True,"[86.28, 57.52, 57.52]",1.0,1.0,1.0,0.0
X01458,icefishball,short_only,fixed,fixed,20.0,15.0,3,5,143.8,999.0,1.0,28.76,0.0,143.8,0.0,3,3,True,"[57.52, 57.52, 28.76]",1.0,1.0,1.0,0.0
X01466,icefishball,short_only,fixed,fixed,30.0,15.0,3,5,143.8,999.0,1.0,28.76,0.0,143.8,0.0,3,3,True,"[57.52, 57.52, 28.76]",1.0,1.0,1.0,0.0
X01474,icefishball,short_only,fixed,fixed,40.0,15.0,3,5,143.8,999.0,1.0,28.76,0.0,143.8,0.0,3,3,True,"[57.52, 57.52, 28.76]",1.0,1.0,1.0,0.0
X01482,icefishball,short_only,fixed,fixed,60.0,15.0,3,5,143.8,999.0,1.0,28.76,0.0,143.8,0.0,3,3,True,"[57.52, 57.52, 28.76]",1.0,1.0,1.0,0.0
X01490,icefishball,short_only,fixed,fixed,80.0,15.0,3,5,143.8,999.0,1.0,28.76,0.0,143.8,0.0,3,3,True,"[57.52, 57.52, 28.76]",1.0,1.0,1.0,0.0
X01602,icefishball,short_only,fixed,fixed,20.0,15.0,6,5,143.8,999.0,1.0,28.76,0.0,143.8,0.0,3,3,True,"[57.52, 57.52, 28.76]",1.0,1.0,1.0,0.0
X01610,icefishball,short_only,fixed,fixed,30.0,15.0,6,5,143.8,999.0,1.0,28.76,0.0,143.8,0.0,3,3,True,"[57.52, 57.52, 28.76]",1.0,1.0,1.0,0.0
X01618,icefishball,short_only,fixed,fixed,40.0,15.0,6,5,143.8,999.0,1.0,28.76,0.0,143.8,0.0,3,3,True,"[57.52, 57.52, 28.76]",1.0,1.0,1.0,0.0
X01626,icefishball,short_only,fixed,fixed,60.0,15.0,6,5,143.8,999.0,1.0,28.76,0.0,143.8,0.0,3,3,True,"[57.52, 57.52, 28.76]",1.0,1.0,1.0,0.0
X01634,icefishball,short_only,fixed,fixed,80.0,15.0,6,5,143.8,999.0,1.0,28.76,0.0,143.8,0.0,3,3,True,"[57.52, 57.52, 28.76]",1.0,1.0,1.0,0.0
X01746,icefishball,short_only,fixed,fixed,20.0,15.0,12,5,143.8,999.0,1.0,28.76,0.0,143.8,0.0,3,3,True,"[57.52, 57.52, 28.76]",1.0,1.0,1.0,0.0
X01754,icefishball,short_only,fixed,fixed,30.0,15.0,12,5,143.8,999.0,1.0,28.76,0.0,143.8,0.0,3,3,True,"[57.52, 57.52, 28.76]",1.0,1.0,1.0,0.0
X01762,icefishball,short_only,fixed,fixed,40.0,15.0,12,5,143.8,999.0,1.0,28.76,0.0,143.8,0.0,3,3,True,"[57.52, 57.52, 28.76]",1.0,1.0,1.0,0.0
X01770,icefishball,short_only,fixed,fixed,60.0,15.0,12,5,143.8,999.0,1.0,28.76,0.0,143.8,0.0,3,3,True,"[57.52, 57.52, 28.76]",1.0,1.0,1.0,0.0
X01778,icefishball,short_only,fixed,fixed,80.0,15.0,12,5,143.8,999.0,1.0,28.76,0.0,143.8,0.0,3,3,True,"[57.52, 57.52, 28.76]",1.0,1.0,1.0,0.0
X01890,icefishball,short_only,fixed,fixed,20.0,15.0,24,5,143.8,999.0,1.0,28.76,0.0,143.8,0.0,3,3,True,"[57.52, 57.52, 28.76]",1.0,1.0,1.0,0.0
X01898,icefishball,short_only,fixed,fixed,30.0,15.0,24,5,143.8,999.0,1.0,28.76,0.0,143.8,0.0,3,3,True,"[57.52, 57.52, 28.76]",1.0,1.0,1.0,0.0
X01906,icefishball,short_only,fixed,fixed,40.0,15.0,24,5,143.8,999.0,1.0,28.76,0.0,143.8,0.0,3,3,True,"[57.52, 57.52, 28.76]",1.0,1.0,1.0,0.0
X01914,icefishball,short_only,fixed,fixed,60.0,15.0,24,5,143.8,999.0,1.0,28.76,0.0,143.8,0.0,3,3,True,"[57.52, 57.52, 28.76]",1.0,1.0,1.0,0.0
X01922,icefishball,short_only,fixed,fixed,80.0,15.0,24,5,143.8,999.0,1.0,28.76,0.0,143.8,0.0,3,3,True,"[57.52, 57.52, 28.76]",1.0,1.0,1.0,0.0
X02034,icefishball,short_only,fixed,fixed,20.0,15.0,48,5,143.8,999.0,1.0,28.76,0.0,143.8,0.0,3,3,True,"[57.52, 57.52, 28.76]",1.0,1.0,1.0,0.0
X02042,icefishball,short_only,fixed,fixed,30.0,15.0,48,5,143.8,999.0,1.0,28.76,0.0,143.8,0.0,3,3,True,"[57.52, 57.52, 28.76]",1.0,1.0,1.0,0.0
X02050,icefishball,short_only,fixed,fixed,40.0,15.0,48,5,143.8,999.0,1.0,28.76,0.0,143.8,0.0,3,3,True,"[57.52, 57.52, 28.76]",1.0,1.0,1.0,0.0
X02058,icefishball,short_only,fixed,fixed,60.0,15.0,48,5,143.8,999.0,1.0,28.76,0.0,143.8,0.0,3,3,True,"[57.52, 57.52, 28.76]",1.0,1.0,1.0,0.0
X02066,icefishball,short_only,fixed,fixed,80.0,15.0,48,5,143.8,999.0,1.0,28.76,0.0,143.8,0.0,3,3,True,"[57.52, 57.52, 28.76]",1.0,1.0,1.0,0.0
X00770,icefishball,long_only,fixed,fixed,80.0,15.0,3,2,57.52,999.0,1.0,28.76,0.0,57.52,0.0,2,2,True,"[28.76, 28.76]",1.0,1.0,1.0,0.0
X00914,icefishball,long_only,fixed,fixed,80.0,15.0,6,2,57.52,999.0,1.0,28.76,0.0,57.52,0.0,2,2,True,"[28.76, 28.76]",1.0,1.0,1.0,0.0
X01058,icefishball,long_only,fixed,fixed,80.0,15.0,12,2,57.52,999.0,1.0,28.76,0.0,57.52,0.0,2,2,True,"[28.76, 28.76]",1.0,1.0,1.0,0.0
X01202,icefishball,long_only,fixed,fixed,80.0,15.0,24,2,57.52,999.0,1.0,28.76,0.0,57.52,0.0,2,2,True,"[28.76, 28.76]",1.0,1.0,1.0,0.0
X01346,icefishball,long_only,fixed,fixed,80.0,15.0,48,2,57.52,999.0,1.0,28.76,0.0,57.52,0.0,2,2,True,"[28.76, 28.76]",1.0,1.0,1.0,0.0
X02170,momentum_reversion,all,fixed,fixed,15.0,15.0,3,1,28.76,999.0,1.0,28.76,0.0,28.76,0.0,1,1,True,[28.76],1.0,1.0,1.0,0.0
X02178,momentum_reversion,all,fixed,fixed,20.0,15.0,3,1,28.76,999.0,1.0,28.76,0.0,28.76,0.0,1,1,True,[28.76],1.0,1.0,1.0,0.0
X02186,momentum_reversion,all,fixed,fixed,30.0,15.0,3,1,28.76,999.0,1.0,28.76,0.0,28.76,0.0,1,1,True,[28.76],1.0,1.0,1.0,0.0
X02194,momentum_reversion,all,fixed,fixed,40.0,15.0,3,1,28.76,999.0,1.0,28.76,0.0,28.76,0.0,1,1,True,[28.76],1.0,1.0,1.0,0.0
X02202,momentum_reversion,all,fixed,fixed,60.0,15.0,3,1,28.76,999.0,1.0,28.76,0.0,28.76,0.0,1,1,True,[28.76],1.0,1.0,1.0,0.0
X02210,momentum_reversion,all,fixed,fixed,80.0,15.0,3,1,28.76,999.0,1.0,28.76,0.0,28.76,0.0,1,1,True,[28.76],1.0,1.0,1.0,0.0
X02314,momentum_reversion,all,fixed,fixed,15.0,15.0,6,1,28.76,999.0,1.0,28.76,0.0,28.76,0.0,1,1,True,[28.76],1.0,1.0,1.0,0.0
X02322,momentum_reversion,all,fixed,fixed,20.0,15.0,6,1,28.76,999.0,1.0,28.76,0.0,28.76,0.0,1,1,True,[28.76],1.0,1.0,1.0,0.0
X02330,momentum_reversion,all,fixed,fixed,30.0,15.0,6,1,28.76,999.0,1.0,28.76,0.0,28.76,0.0,1,1,True,[28.76],1.0,1.0,1.0,0.0
X02338,momentum_reversion,all,fixed,fixed,40.0,15.0,6,1,28.76,999.0,1.0,28.76,0.0,28.76,0.0,1,1,True,[28.76],1.0,1.0,1.0,0.0
X02346,momentum_reversion,all,fixed,fixed,60.0,15.0,6,1,28.76,999.0,1.0,28.76,0.0,28.76,0.0,1,1,True,[28.76],1.0,1.0,1.0,0.0
X02354,momentum_reversion,all,fixed,fixed,80.0,15.0,6,1,28.76,999.0,1.0,28.76,0.0,28.76,0.0,1,1,True,[28.76],1.0,1.0,1.0,0.0
X02458,momentum_reversion,all,fixed,fixed,15.0,15.0,12,1,28.76,999.0,1.0,28.76,0.0,28.76,0.0,1,1,True,[28.76],1.0,1.0,1.0,0.0
X02466,momentum_reversion,all,fixed,fixed,20.0,15.0,12,1,28.76,999.0,1.0,28.76,0.0,28.76,0.0,1,1,True,[28.76],1.0,1.0,1.0,0.0
X02474,momentum_reversion,all,fixed,fixed,30.0,15.0,12,1,28.76,999.0,1.0,28.76,0.0,28.76,0.0,1,1,True,[28.76],1.0,1.0,1.0,0.0
X02482,momentum_reversion,all,fixed,fixed,40.0,15.0,12,1,28.76,999.0,1.0,28.76,0.0,28.76,0.0,1,1,True,[28.76],1.0,1.0,1.0,0.0
X02490,momentum_reversion,all,fixed,fixed,60.0,15.0,12,1,28.76,999.0,1.0,28.76,0.0,28.76,0.0,1,1,True,[28.76],1.0,1.0,1.0,0.0
X02498,momentum_reversion,all,fixed,fixed,80.0,15.0,12,1,28.76,999.0,1.0,28.76,0.0,28.76,0.0,1,1,True,[28.76],1.0,1.0,1.0,0.0
X02602,momentum_reversion,all,fixed,fixed,15.0,15.0,24,1,28.76,999.0,1.0,28.76,0.0,28.76,0.0,1,1,True,[28.76],1.0,1.0,1.0,0.0
X02610,momentum_reversion,all,fixed,fixed,20.0,15.0,24,1,28.76,999.0,1.0,28.76,0.0,28.76,0.0,1,1,True,[28.76],1.0,1.0,1.0,0.0
X02618,momentum_reversion,all,fixed,fixed,30.0,15.0,24,1,28.76,999.0,1.0,28.76,0.0,28.76,0.0,1,1,True,[28.76],1.0,1.0,1.0,0.0
X02626,momentum_reversion,all,fixed,fixed,40.0,15.0,24,1,28.76,999.0,1.0,28.76,0.0,28.76,0.0,1,1,True,[28.76],1.0,1.0,1.0,0.0
X02634,momentum_reversion,all,fixed,fixed,60.0,15.0,24,1,28.76,999.0,1.0,28.76,0.0,28.76,0.0,1,1,True,[28.76],1.0,1.0,1.0,0.0
X02642,momentum_reversion,all,fixed,fixed,80.0,15.0,24,1,28.76,999.0,1.0,28.76,0.0,28.76,0.0,1,1,True,[28.76],1.0,1.0,1.0,0.0
X02746,momentum_reversion,all,fixed,fixed,15.0,15.0,48,1,28.76,999.0,1.0,28.76,0.0,28.76,0.0,1,1,True,[28.76],1.0,1.0,1.0,0.0
X02754,momentum_reversion,all,fixed,fixed,20.0,15.0,48,1,28.76,999.0,1.0,28.76,0.0,28.76,0.0,1,1,True,[28.76],1.0,1.0,1.0,0.0
X02762,momentum_reversion,all,fixed,fixed,30.0,15.0,48,1,28.76,999.0,1.0,28.76,0.0,28.76,0.0,1,1,True,[28.76],1.0,1.0,1.0,0.0
X02770,momentum_reversion,all,fixed,fixed,40.0,15.0,48,1,28.76,999.0,1.0,28.76,0.0,28.76,0.0,1,1,True,[28.76],1.0,1.0,1.0,0.0
X02778,momentum_reversion,all,fixed,fixed,60.0,15.0,48,1,28.76,999.0,1.0,28.76,0.0,28.76,0.0,1,1,True,[28.76],1.0,1.0,1.0,0.0
X02786,momentum_reversion,all,fixed,fixed,80.0,15.0,48,1,28.76,999.0,1.0,28.76,0.0,28.76,0.0,1,1,True,[28.76],1.0,1.0,1.0,0.0
X02890,momentum_reversion,long_only,fixed,fixed,15.0,15.0,3,1,28.76,999.0,1.0,28.76,0.0,28.76,0.0,1,1,True,[28.76],1.0,1.0,1.0,0.0
X02898,momentum_reversion,long_only,fixed,fixed,20.0,15.0,3,1,28.76,999.0,1.0,28.76,0.0,28.76,0.0,1,1,True,[28.76],1.0,1.0,1.0,0.0
X02906,momentum_reversion,long_only,fixed,fixed,30.0,15.0,3,1,28.76,999.0,1.0,28.76,0.0,28.76,0.0,1,1,True,[28.76],1.0,1.0,1.0,0.0
X02914,momentum_reversion,long_only,fixed,fixed,40.0,15.0,3,1,28.76,999.0,1.0,28.76,0.0,28.76,0.0,1,1,True,[28.76],1.0,1.0,1.0,0.0
X02922,momentum_reversion,long_only,fixed,fixed,60.0,15.0,3,1,28.76,999.0,1.0,28.76,0.0,28.76,0.0,1,1,True,[28.76],1.0,1.0,1.0,0.0
X02930,momentum_reversion,long_only,fixed,fixed,80.0,15.0,3,1,28.76,999.0,1.0,28.76,0.0,28.76,0.0,1,1,True,[28.76],1.0,1.0,1.0,0.0
X03034,momentum_reversion,long_only,fixed,fixed,15.0,15.0,6,1,28.76,999.0,1.0,28.76,0.0,28.76,0.0,1,1,True,[28.76],1.0,1.0,1.0,0.0
X03042,momentum_reversion,long_only,fixed,fixed,20.0,15.0,6,1,28.76,999.0,1.0,28.76,0.0,28.76,0.0,1,1,True,[28.76],1.0,1.0,1.0,0.0
X03050,momentum_reversion,long_only,fixed,fixed,30.0,15.0,6,1,28.76,999.0,1.0,28.76,0.0,28.76,0.0,1,1,True,[28.76],1.0,1.0,1.0,0.0
X03058,momentum_reversion,long_only,fixed,fixed,40.0,15.0,6,1,28.76,999.0,1.0,28.76,0.0,28.76,0.0,1,1,True,[28.76],1.0,1.0,1.0,0.0
X03066,momentum_reversion,long_only,fixed,fixed,60.0,15.0,6,1,28.76,999.0,1.0,28.76,0.0,28.76,0.0,1,1,True,[28.76],1.0,1.0,1.0,0.0
X03074,momentum_reversion,long_only,fixed,fixed,80.0,15.0,6,1,28.76,999.0,1.0,28.76,0.0,28.76,0.0,1,1,True,[28.76],1.0,1.0,1.0,0.0
X03178,momentum_reversion,long_only,fixed,fixed,15.0,15.0,12,1,28.76,999.0,1.0,28.76,0.0,28.76,0.0,1,1,True,[28.76],1.0,1.0,1.0,0.0
X03186,momentum_reversion,long_only,fixed,fixed,20.0,15.0,12,1,28.76,999.0,1.0,28.76,0.0,28.76,0.0,1,1,True,[28.76],1.0,1.0,1.0,0.0
X03194,momentum_reversion,long_only,fixed,fixed,30.0,15.0,12,1,28.76,999.0,1.0,28.76,0.0,28.76,0.0,1,1,True,[28.76],1.0,1.0,1.0,0.0
X03202,momentum_reversion,long_only,fixed,fixed,40.0,15.0,12,1,28.76,999.0,1.0,28.76,0.0,28.76,0.0,1,1,True,[28.76],1.0,1.0,1.0,0.0
X03210,momentum_reversion,long_only,fixed,fixed,60.0,15.0,12,1,28.76,999.0,1.0,28.76,0.0,28.76,0.0,1,1,True,[28.76],1.0,1.0,1.0,0.0
X03218,momentum_reversion,long_only,fixed,fixed,80.0,15.0,12,1,28.76,999.0,1.0,28.76,0.0,28.76,0.0,1,1,True,[28.76],1.0,1.0,1.0,0.0
X03322,momentum_reversion,long_only,fixed,fixed,15.0,15.0,24,1,28.76,999.0,1.0,28.76,0.0,28.76,0.0,1,1,True,[28.76],1.0,1.0,1.0,0.0
X03330,momentum_reversion,long_only,fixed,fixed,20.0,15.0,24,1,28.76,999.0,1.0,28.76,0.0,28.76,0.0,1,1,True,[28.76],1.0,1.0,1.0,0.0
X03338,momentum_reversion,long_only,fixed,fixed,30.0,15.0,24,1,28.76,999.0,1.0,28.76,0.0,28.76,0.0,1,1,True,[28.76],1.0,1.0,1.0,0.0
X03346,momentum_reversion,long_only,fixed,fixed,40.0,15.0,24,1,28.76,999.0,1.0,28.76,0.0,28.76,0.0,1,1,True,[28.76],1.0,1.0,1.0,0.0
X03354,momentum_reversion,long_only,fixed,fixed,60.0,15.0,24,1,28.76,999.0,1.0,28.76,0.0,28.76,0.0,1,1,True,[28.76],1.0,1.0,1.0,0.0
X03362,momentum_reversion,long_only,fixed,fixed,80.0,15.0,24,1,28.76,999.0,1.0,28.76,0.0,28.76,0.0,1,1,True,[28.76],1.0,1.0,1.0,0.0
X03466,momentum_reversion,long_only,fixed,fixed,15.0,15.0,48,1,28.76,999.0,1.0,28.76,0.0,28.76,0.0,1,1,True,[28.76],1.0,1.0,1.0,0.0
X03474,momentum_reversion,long_only,fixed,fixed,20.0,15.0,48,1,28.76,999.0,1.0,28.76,0.0,28.76,0.0,1,1,True,[28.76],1.0,1.0,1.0,0.0
X03482,momentum_reversion,long_only,fixed,fixed,30.0,15.0,48,1,28.76,999.0,1.0,28.76,0.0,28.76,0.0,1,1,True,[28.76],1.0,1.0,1.0,0.0
X03490,momentum_reversion,long_only,fixed,fixed,40.0,15.0,48,1,28.76,999.0,1.0,28.76,0.0,28.76,0.0,1,1,True,[28.76],1.0,1.0,1.0,0.0
X03498,momentum_reversion,long_only,fixed,fixed,60.0,15.0,48,1,28.76,999.0,1.0,28.76,0.0,28.76,0.0,1,1,True,[28.76],1.0,1.0,1.0,0.0
X03506,momentum_reversion,long_only,fixed,fixed,80.0,15.0,48,1,28.76,999.0,1.0,28.76,0.0,28.76,0.0,1,1,True,[28.76],1.0,1.0,1.0,0.0
X02174,momentum_reversion,all,fixed,fixed,15.0,60.0,3,1,20.26,999.0,1.0,20.26,0.0,20.26,0.0,1,1,True,[20.26],1.0,1.0,1.0,0.0
X02175,momentum_reversion,all,fixed,fixed,15.0,80.0,3,1,20.26,999.0,1.0,20.26,0.0,20.26,0.0,1,1,True,[20.26],1.0,1.0,1.0,0.0
X02176,momentum_reversion,all,fixed,fixed,15.0,120.0,3,1,20.26,999.0,1.0,20.26,0.0,20.26,0.0,1,1,True,[20.26],1.0,1.0,1.0,0.0
X02182,momentum_reversion,all,fixed,fixed,20.0,60.0,3,1,20.26,999.0,1.0,20.26,0.0,20.26,0.0,1,1,True,[20.26],1.0,1.0,1.0,0.0
X02183,momentum_reversion,all,fixed,fixed,20.0,80.0,3,1,20.26,999.0,1.0,20.26,0.0,20.26,0.0,1,1,True,[20.26],1.0,1.0,1.0,0.0
X02184,momentum_reversion,all,fixed,fixed,20.0,120.0,3,1,20.26,999.0,1.0,20.26,0.0,20.26,0.0,1,1,True,[20.26],1.0,1.0,1.0,0.0
X02190,momentum_reversion,all,fixed,fixed,30.0,60.0,3,1,20.26,999.0,1.0,20.26,0.0,20.26,0.0,1,1,True,[20.26],1.0,1.0,1.0,0.0
X02191,momentum_reversion,all,fixed,fixed,30.0,80.0,3,1,20.26,999.0,1.0,20.26,0.0,20.26,0.0,1,1,True,[20.26],1.0,1.0,1.0,0.0
X02192,momentum_reversion,all,fixed,fixed,30.0,120.0,3,1,20.26,999.0,1.0,20.26,0.0,20.26,0.0,1,1,True,[20.26],1.0,1.0,1.0,0.0
X02198,momentum_reversion,all,fixed,fixed,40.0,60.0,3,1,20.26,999.0,1.0,20.26,0.0,20.26,0.0,1,1,True,[20.26],1.0,1.0,1.0,0.0
X02199,momentum_reversion,all,fixed,fixed,40.0,80.0,3,1,20.26,999.0,1.0,20.26,0.0,20.26,0.0,1,1,True,[20.26],1.0,1.0,1.0,0.0
X02200,momentum_reversion,all,fixed,fixed,40.0,120.0,3,1,20.26,999.0,1.0,20.26,0.0,20.26,0.0,1,1,True,[20.26],1.0,1.0,1.0,0.0
X02206,momentum_reversion,all,fixed,fixed,60.0,60.0,3,1,20.26,999.0,1.0,20.26,0.0,20.26,0.0,1,1,True,[20.26],1.0,1.0,1.0,0.0
X02207,momentum_reversion,all,fixed,fixed,60.0,80.0,3,1,20.26,999.0,1.0,20.26,0.0,20.26,0.0,1,1,True,[20.26],1.0,1.0,1.0,0.0
X02208,momentum_reversion,all,fixed,fixed,60.0,120.0,3,1,20.26,999.0,1.0,20.26,0.0,20.26,0.0,1,1,True,[20.26],1.0,1.0,1.0,0.0
X02214,momentum_reversion,all,fixed,fixed,80.0,60.0,3,1,20.26,999.0,1.0,20.26,0.0,20.26,0.0,1,1,True,[20.26],1.0,1.0,1.0,0.0
X02215,momentum_reversion,all,fixed,fixed,80.0,80.0,3,1,20.26,999.0,1.0,20.26,0.0,20.26,0.0,1,1,True,[20.26],1.0,1.0,1.0,0.0
X02216,momentum_reversion,all,fixed,fixed,80.0,120.0,3,1,20.26,999.0,1.0,20.26,0.0,20.26,0.0,1,1,True,[20.26],1.0,1.0,1.0,0.0
X02220,momentum_reversion,all,atr,atr,0.75,2.0,3,1,20.26,999.0,1.0,20.26,0.0,20.26,0.0,1,1,True,[20.26],1.0,1.0,1.0,0.0
X02221,momentum_reversion,all,atr,atr,0.75,3.0,3,1,20.26,999.0,1.0,20.26,0.0,20.26,0.0,1,1,True,[20.26],1.0,1.0,1.0,0.0
X02222,momentum_reversion,all,atr,atr,0.75,4.0,3,1,20.26,999.0,1.0,20.26,0.0,20.26,0.0,1,1,True,[20.26],1.0,1.0,1.0,0.0
X02226,momentum_reversion,all,atr,atr,1.0,2.0,3,1,20.26,999.0,1.0,20.26,0.0,20.26,0.0,1,1,True,[20.26],1.0,1.0,1.0,0.0
X02227,momentum_reversion,all,atr,atr,1.0,3.0,3,1,20.26,999.0,1.0,20.26,0.0,20.26,0.0,1,1,True,[20.26],1.0,1.0,1.0,0.0
X02228,momentum_reversion,all,atr,atr,1.0,4.0,3,1,20.26,999.0,1.0,20.26,0.0,20.26,0.0,1,1,True,[20.26],1.0,1.0,1.0,0.0
X02232,momentum_reversion,all,atr,atr,1.25,2.0,3,1,20.26,999.0,1.0,20.26,0.0,20.26,0.0,1,1,True,[20.26],1.0,1.0,1.0,0.0
X02233,momentum_reversion,all,atr,atr,1.25,3.0,3,1,20.26,999.0,1.0,20.26,0.0,20.26,0.0,1,1,True,[20.26],1.0,1.0,1.0,0.0
X02234,momentum_reversion,all,atr,atr,1.25,4.0,3,1,20.26,999.0,1.0,20.26,0.0,20.26,0.0,1,1,True,[20.26],1.0,1.0,1.0,0.0
X02238,momentum_reversion,all,atr,atr,1.5,2.0,3,1,20.26,999.0,1.0,20.26,0.0,20.26,0.0,1,1,True,[20.26],1.0,1.0,1.0,0.0
X02239,momentum_reversion,all,atr,atr,1.5,3.0,3,1,20.26,999.0,1.0,20.26,0.0,20.26,0.0,1,1,True,[20.26],1.0,1.0,1.0,0.0
X02240,momentum_reversion,all,atr,atr,1.5,4.0,3,1,20.26,999.0,1.0,20.26,0.0,20.26,0.0,1,1,True,[20.26],1.0,1.0,1.0,0.0
X02244,momentum_reversion,all,atr,atr,2.0,2.0,3,1,20.26,999.0,1.0,20.26,0.0,20.26,0.0,1,1,True,[20.26],1.0,1.0,1.0,0.0
X02245,momentum_reversion,all,atr,atr,2.0,3.0,3,1,20.26,999.0,1.0,20.26,0.0,20.26,0.0,1,1,True,[20.26],1.0,1.0,1.0,0.0
X02246,momentum_reversion,all,atr,atr,2.0,4.0,3,1,20.26,999.0,1.0,20.26,0.0,20.26,0.0,1,1,True,[20.26],1.0,1.0,1.0,0.0
X02250,momentum_reversion,all,atr,atr,2.5,2.0,3,1,20.26,999.0,1.0,20.26,0.0,20.26,0.0,1,1,True,[20.26],1.0,1.0,1.0,0.0
X02251,momentum_reversion,all,atr,atr,2.5,3.0,3,1,20.26,999.0,1.0,20.26,0.0,20.26,0.0,1,1,True,[20.26],1.0,1.0,1.0,0.0
X02252,momentum_reversion,all,atr,atr,2.5,4.0,3,1,20.26,999.0,1.0,20.26,0.0,20.26,0.0,1,1,True,[20.26],1.0,1.0,1.0,0.0
X02255,momentum_reversion,all,atr_blend,atr_blend,0.75,1.5,3,1,20.26,999.0,1.0,20.26,0.0,20.26,0.0,1,1,True,[20.26],1.0,1.0,1.0,0.0
X02256,momentum_reversion,all,atr_blend,atr_blend,0.75,2.0,3,1,20.26,999.0,1.0,20.26,0.0,20.26,0.0,1,1,True,[20.26],1.0,1.0,1.0,0.0
X02257,momentum_reversion,all,atr_blend,atr_blend,0.75,3.0,3,1,20.26,999.0,1.0,20.26,0.0,20.26,0.0,1,1,True,[20.26],1.0,1.0,1.0,0.0
X02258,momentum_reversion,all,atr_blend,atr_blend,0.75,4.0,3,1,20.26,999.0,1.0,20.26,0.0,20.26,0.0,1,1,True,[20.26],1.0,1.0,1.0,0.0
X02261,momentum_reversion,all,atr_blend,atr_blend,1.0,1.5,3,1,20.26,999.0,1.0,20.26,0.0,20.26,0.0,1,1,True,[20.26],1.0,1.0,1.0,0.0
X02262,momentum_reversion,all,atr_blend,atr_blend,1.0,2.0,3,1,20.26,999.0,1.0,20.26,0.0,20.26,0.0,1,1,True,[20.26],1.0,1.0,1.0,0.0
X02263,momentum_reversion,all,atr_blend,atr_blend,1.0,3.0,3,1,20.26,999.0,1.0,20.26,0.0,20.26,0.0,1,1,True,[20.26],1.0,1.0,1.0,0.0
X02264,momentum_reversion,all,atr_blend,atr_blend,1.0,4.0,3,1,20.26,999.0,1.0,20.26,0.0,20.26,0.0,1,1,True,[20.26],1.0,1.0,1.0,0.0
X02267,momentum_reversion,all,atr_blend,atr_blend,1.25,1.5,3,1,20.26,999.0,1.0,20.26,0.0,20.26,0.0,1,1,True,[20.26],1.0,1.0,1.0,0.0
X02268,momentum_reversion,all,atr_blend,atr_blend,1.25,2.0,3,1,20.26,999.0,1.0,20.26,0.0,20.26,0.0,1,1,True,[20.26],1.0,1.0,1.0,0.0
X02269,momentum_reversion,all,atr_blend,atr_blend,1.25,3.0,3,1,20.26,999.0,1.0,20.26,0.0,20.26,0.0,1,1,True,[20.26],1.0,1.0,1.0,0.0
X02270,momentum_reversion,all,atr_blend,atr_blend,1.25,4.0,3,1,20.26,999.0,1.0,20.26,0.0,20.26,0.0,1,1,True,[20.26],1.0,1.0,1.0,0.0
X02273,momentum_reversion,all,atr_blend,atr_blend,1.5,1.5,3,1,20.26,999.0,1.0,20.26,0.0,20.26,0.0,1,1,True,[20.26],1.0,1.0,1.0,0.0
X02274,momentum_reversion,all,atr_blend,atr_blend,1.5,2.0,3,1,20.26,999.0,1.0,20.26,0.0,20.26,0.0,1,1,True,[20.26],1.0,1.0,1.0,0.0
X02275,momentum_reversion,all,atr_blend,atr_blend,1.5,3.0,3,1,20.26,999.0,1.0,20.26,0.0,20.26,0.0,1,1,True,[20.26],1.0,1.0,1.0,0.0
X02276,momentum_reversion,all,atr_blend,atr_blend,1.5,4.0,3,1,20.26,999.0,1.0,20.26,0.0,20.26,0.0,1,1,True,[20.26],1.0,1.0,1.0,0.0
X02279,momentum_reversion,all,atr_blend,atr_blend,2.0,1.5,3,1,20.26,999.0,1.0,20.26,0.0,20.26,0.0,1,1,True,[20.26],1.0,1.0,1.0,0.0
X02280,momentum_reversion,all,atr_blend,atr_blend,2.0,2.0,3,1,20.26,999.0,1.0,20.26,0.0,20.26,0.0,1,1,True,[20.26],1.0,1.0,1.0,0.0
X02281,momentum_reversion,all,atr_blend,atr_blend,2.0,3.0,3,1,20.26,999.0,1.0,20.26,0.0,20.26,0.0,1,1,True,[20.26],1.0,1.0,1.0,0.0
X02282,momentum_reversion,all,atr_blend,atr_blend,2.0,4.0,3,1,20.26,999.0,1.0,20.26,0.0,20.26,0.0,1,1,True,[20.26],1.0,1.0,1.0,0.0
X02285,momentum_reversion,all,atr_blend,atr_blend,2.5,1.5,3,1,20.26,999.0,1.0,20.26,0.0,20.26,0.0,1,1,True,[20.26],1.0,1.0,1.0,0.0
X02286,momentum_reversion,all,atr_blend,atr_blend,2.5,2.0,3,1,20.26,999.0,1.0,20.26,0.0,20.26,0.0,1,1,True,[20.26],1.0,1.0,1.0,0.0
X02287,momentum_reversion,all,atr_blend,atr_blend,2.5,3.0,3,1,20.26,999.0,1.0,20.26,0.0,20.26,0.0,1,1,True,[20.26],1.0,1.0,1.0,0.0
X02288,momentum_reversion,all,atr_blend,atr_blend,2.5,4.0,3,1,20.26,999.0,1.0,20.26,0.0,20.26,0.0,1,1,True,[20.26],1.0,1.0,1.0,0.0
X02290,momentum_reversion,all,range15_pct,range15_pct,0.5,1.0,3,1,20.26,999.0,1.0,20.26,0.0,20.26,0.0,1,1,True,[20.26],1.0,1.0,1.0,0.0
X02291,momentum_reversion,all,range15_pct,range15_pct,0.5,1.5,3,1,20.26,999.0,1.0,20.26,0.0,20.26,0.0,1,1,True,[20.26],1.0,1.0,1.0,0.0
X02292,momentum_reversion,all,range15_pct,range15_pct,0.5,2.0,3,1,20.26,999.0,1.0,20.26,0.0,20.26,0.0,1,1,True,[20.26],1.0,1.0,1.0,0.0
X02294,momentum_reversion,all,range15_pct,range15_pct,0.75,1.0,3,1,20.26,999.0,1.0,20.26,0.0,20.26,0.0,1,1,True,[20.26],1.0,1.0,1.0,0.0
X02295,momentum_reversion,all,range15_pct,range15_pct,0.75,1.5,3,1,20.26,999.0,1.0,20.26,0.0,20.26,0.0,1,1,True,[20.26],1.0,1.0,1.0,0.0
X02296,momentum_reversion,all,range15_pct,range15_pct,0.75,2.0,3,1,20.26,999.0,1.0,20.26,0.0,20.26,0.0,1,1,True,[20.26],1.0,1.0,1.0,0.0
X02298,momentum_reversion,all,range15_pct,range15_pct,1.0,1.0,3,1,20.26,999.0,1.0,20.26,0.0,20.26,0.0,1,1,True,[20.26],1.0,1.0,1.0,0.0
X02299,momentum_reversion,all,range15_pct,range15_pct,1.0,1.5,3,1,20.26,999.0,1.0,20.26,0.0,20.26,0.0,1,1,True,[20.26],1.0,1.0,1.0,0.0
X02300,momentum_reversion,all,range15_pct,range15_pct,1.0,2.0,3,1,20.26,999.0,1.0,20.26,0.0,20.26,0.0,1,1,True,[20.26],1.0,1.0,1.0,0.0
X02302,momentum_reversion,all,range15_pct,range15_pct,1.25,1.0,3,1,20.26,999.0,1.0,20.26,0.0,20.26,0.0,1,1,True,[20.26],1.0,1.0,1.0,0.0
X02303,momentum_reversion,all,range15_pct,range15_pct,1.25,1.5,3,1,20.26,999.0,1.0,20.26,0.0,20.26,0.0,1,1,True,[20.26],1.0,1.0,1.0,0.0
X02304,momentum_reversion,all,range15_pct,range15_pct,1.25,2.0,3,1,20.26,999.0,1.0,20.26,0.0,20.26,0.0,1,1,True,[20.26],1.0,1.0,1.0,0.0
X02894,momentum_reversion,long_only,fixed,fixed,15.0,60.0,3,1,20.26,999.0,1.0,20.26,0.0,20.26,0.0,1,1,True,[20.26],1.0,1.0,1.0,0.0
X02895,momentum_reversion,long_only,fixed,fixed,15.0,80.0,3,1,20.26,999.0,1.0,20.26,0.0,20.26,0.0,1,1,True,[20.26],1.0,1.0,1.0,0.0
X02896,momentum_reversion,long_only,fixed,fixed,15.0,120.0,3,1,20.26,999.0,1.0,20.26,0.0,20.26,0.0,1,1,True,[20.26],1.0,1.0,1.0,0.0
X02902,momentum_reversion,long_only,fixed,fixed,20.0,60.0,3,1,20.26,999.0,1.0,20.26,0.0,20.26,0.0,1,1,True,[20.26],1.0,1.0,1.0,0.0
X02903,momentum_reversion,long_only,fixed,fixed,20.0,80.0,3,1,20.26,999.0,1.0,20.26,0.0,20.26,0.0,1,1,True,[20.26],1.0,1.0,1.0,0.0
X02904,momentum_reversion,long_only,fixed,fixed,20.0,120.0,3,1,20.26,999.0,1.0,20.26,0.0,20.26,0.0,1,1,True,[20.26],1.0,1.0,1.0,0.0
X02910,momentum_reversion,long_only,fixed,fixed,30.0,60.0,3,1,20.26,999.0,1.0,20.26,0.0,20.26,0.0,1,1,True,[20.26],1.0,1.0,1.0,0.0
X02911,momentum_reversion,long_only,fixed,fixed,30.0,80.0,3,1,20.26,999.0,1.0,20.26,0.0,20.26,0.0,1,1,True,[20.26],1.0,1.0,1.0,0.0
X02912,momentum_reversion,long_only,fixed,fixed,30.0,120.0,3,1,20.26,999.0,1.0,20.26,0.0,20.26,0.0,1,1,True,[20.26],1.0,1.0,1.0,0.0
X02918,momentum_reversion,long_only,fixed,fixed,40.0,60.0,3,1,20.26,999.0,1.0,20.26,0.0,20.26,0.0,1,1,True,[20.26],1.0,1.0,1.0,0.0
X02919,momentum_reversion,long_only,fixed,fixed,40.0,80.0,3,1,20.26,999.0,1.0,20.26,0.0,20.26,0.0,1,1,True,[20.26],1.0,1.0,1.0,0.0
X02920,momentum_reversion,long_only,fixed,fixed,40.0,120.0,3,1,20.26,999.0,1.0,20.26,0.0,20.26,0.0,1,1,True,[20.26],1.0,1.0,1.0,0.0
X02926,momentum_reversion,long_only,fixed,fixed,60.0,60.0,3,1,20.26,999.0,1.0,20.26,0.0,20.26,0.0,1,1,True,[20.26],1.0,1.0,1.0,0.0
X02927,momentum_reversion,long_only,fixed,fixed,60.0,80.0,3,1,20.26,999.0,1.0,20.26,0.0,20.26,0.0,1,1,True,[20.26],1.0,1.0,1.0,0.0
X02928,momentum_reversion,long_only,fixed,fixed,60.0,120.0,3,1,20.26,999.0,1.0,20.26,0.0,20.26,0.0,1,1,True,[20.26],1.0,1.0,1.0,0.0
X02934,momentum_reversion,long_only,fixed,fixed,80.0,60.0,3,1,20.26,999.0,1.0,20.26,0.0,20.26,0.0,1,1,True,[20.26],1.0,1.0,1.0,0.0
X02935,momentum_reversion,long_only,fixed,fixed,80.0,80.0,3,1,20.26,999.0,1.0,20.26,0.0,20.26,0.0,1,1,True,[20.26],1.0,1.0,1.0,0.0
X02936,momentum_reversion,long_only,fixed,fixed,80.0,120.0,3,1,20.26,999.0,1.0,20.26,0.0,20.26,0.0,1,1,True,[20.26],1.0,1.0,1.0,0.0
X02940,momentum_reversion,long_only,atr,atr,0.75,2.0,3,1,20.26,999.0,1.0,20.26,0.0,20.26,0.0,1,1,True,[20.26],1.0,1.0,1.0,0.0
X02941,momentum_reversion,long_only,atr,atr,0.75,3.0,3,1,20.26,999.0,1.0,20.26,0.0,20.26,0.0,1,1,True,[20.26],1.0,1.0,1.0,0.0
X02942,momentum_reversion,long_only,atr,atr,0.75,4.0,3,1,20.26,999.0,1.0,20.26,0.0,20.26,0.0,1,1,True,[20.26],1.0,1.0,1.0,0.0
X02946,momentum_reversion,long_only,atr,atr,1.0,2.0,3,1,20.26,999.0,1.0,20.26,0.0,20.26,0.0,1,1,True,[20.26],1.0,1.0,1.0,0.0
X02947,momentum_reversion,long_only,atr,atr,1.0,3.0,3,1,20.26,999.0,1.0,20.26,0.0,20.26,0.0,1,1,True,[20.26],1.0,1.0,1.0,0.0
X02948,momentum_reversion,long_only,atr,atr,1.0,4.0,3,1,20.26,999.0,1.0,20.26,0.0,20.26,0.0,1,1,True,[20.26],1.0,1.0,1.0,0.0
X02952,momentum_reversion,long_only,atr,atr,1.25,2.0,3,1,20.26,999.0,1.0,20.26,0.0,20.26,0.0,1,1,True,[20.26],1.0,1.0,1.0,0.0
X02953,momentum_reversion,long_only,atr,atr,1.25,3.0,3,1,20.26,999.0,1.0,20.26,0.0,20.26,0.0,1,1,True,[20.26],1.0,1.0,1.0,0.0
X02954,momentum_reversion,long_only,atr,atr,1.25,4.0,3,1,20.26,999.0,1.0,20.26,0.0,20.26,0.0,1,1,True,[20.26],1.0,1.0,1.0,0.0
X02958,momentum_reversion,long_only,atr,atr,1.5,2.0,3,1,20.26,999.0,1.0,20.26,0.0,20.26,0.0,1,1,True,[20.26],1.0,1.0,1.0,0.0
X02959,momentum_reversion,long_only,atr,atr,1.5,3.0,3,1,20.26,999.0,1.0,20.26,0.0,20.26,0.0,1,1,True,[20.26],1.0,1.0,1.0,0.0
X02960,momentum_reversion,long_only,atr,atr,1.5,4.0,3,1,20.26,999.0,1.0,20.26,0.0,20.26,0.0,1,1,True,[20.26],1.0,1.0,1.0,0.0
X02964,momentum_reversion,long_only,atr,atr,2.0,2.0,3,1,20.26,999.0,1.0,20.26,0.0,20.26,0.0,1,1,True,[20.26],1.0,1.0,1.0,0.0
X02965,momentum_reversion,long_only,atr,atr,2.0,3.0,3,1,20.26,999.0,1.0,20.26,0.0,20.26,0.0,1,1,True,[20.26],1.0,1.0,1.0,0.0
X02966,momentum_reversion,long_only,atr,atr,2.0,4.0,3,1,20.26,999.0,1.0,20.26,0.0,20.26,0.0,1,1,True,[20.26],1.0,1.0,1.0,0.0
X02970,momentum_reversion,long_only,atr,atr,2.5,2.0,3,1,20.26,999.0,1.0,20.26,0.0,20.26,0.0,1,1,True,[20.26],1.0,1.0,1.0,0.0
X02971,momentum_reversion,long_only,atr,atr,2.5,3.0,3,1,20.26,999.0,1.0,20.26,0.0,20.26,0.0,1,1,True,[20.26],1.0,1.0,1.0,0.0
X02972,momentum_reversion,long_only,atr,atr,2.5,4.0,3,1,20.26,999.0,1.0,20.26,0.0,20.26,0.0,1,1,True,[20.26],1.0,1.0,1.0,0.0
X02975,momentum_reversion,long_only,atr_blend,atr_blend,0.75,1.5,3,1,20.26,999.0,1.0,20.26,0.0,20.26,0.0,1,1,True,[20.26],1.0,1.0,1.0,0.0
X02976,momentum_reversion,long_only,atr_blend,atr_blend,0.75,2.0,3,1,20.26,999.0,1.0,20.26,0.0,20.26,0.0,1,1,True,[20.26],1.0,1.0,1.0,0.0
X02977,momentum_reversion,long_only,atr_blend,atr_blend,0.75,3.0,3,1,20.26,999.0,1.0,20.26,0.0,20.26,0.0,1,1,True,[20.26],1.0,1.0,1.0,0.0
X02978,momentum_reversion,long_only,atr_blend,atr_blend,0.75,4.0,3,1,20.26,999.0,1.0,20.26,0.0,20.26,0.0,1,1,True,[20.26],1.0,1.0,1.0,0.0
X02981,momentum_reversion,long_only,atr_blend,atr_blend,1.0,1.5,3,1,20.26,999.0,1.0,20.26,0.0,20.26,0.0,1,1,True,[20.26],1.0,1.0,1.0,0.0
X02982,momentum_reversion,long_only,atr_blend,atr_blend,1.0,2.0,3,1,20.26,999.0,1.0,20.26,0.0,20.26,0.0,1,1,True,[20.26],1.0,1.0,1.0,0.0
X02983,momentum_reversion,long_only,atr_blend,atr_blend,1.0,3.0,3,1,20.26,999.0,1.0,20.26,0.0,20.26,0.0,1,1,True,[20.26],1.0,1.0,1.0,0.0
X02984,momentum_reversion,long_only,atr_blend,atr_blend,1.0,4.0,3,1,20.26,999.0,1.0,20.26,0.0,20.26,0.0,1,1,True,[20.26],1.0,1.0,1.0,0.0
X02987,momentum_reversion,long_only,atr_blend,atr_blend,1.25,1.5,3,1,20.26,999.0,1.0,20.26,0.0,20.26,0.0,1,1,True,[20.26],1.0,1.0,1.0,0.0
X02988,momentum_reversion,long_only,atr_blend,atr_blend,1.25,2.0,3,1,20.26,999.0,1.0,20.26,0.0,20.26,0.0,1,1,True,[20.26],1.0,1.0,1.0,0.0
X02989,momentum_reversion,long_only,atr_blend,atr_blend,1.25,3.0,3,1,20.26,999.0,1.0,20.26,0.0,20.26,0.0,1,1,True,[20.26],1.0,1.0,1.0,0.0
X02990,momentum_reversion,long_only,atr_blend,atr_blend,1.25,4.0,3,1,20.26,999.0,1.0,20.26,0.0,20.26,0.0,1,1,True,[20.26],1.0,1.0,1.0,0.0
X02993,momentum_reversion,long_only,atr_blend,atr_blend,1.5,1.5,3,1,20.26,999.0,1.0,20.26,0.0,20.26,0.0,1,1,True,[20.26],1.0,1.0,1.0,0.0
X02994,momentum_reversion,long_only,atr_blend,atr_blend,1.5,2.0,3,1,20.26,999.0,1.0,20.26,0.0,20.26,0.0,1,1,True,[20.26],1.0,1.0,1.0,0.0
X02995,momentum_reversion,long_only,atr_blend,atr_blend,1.5,3.0,3,1,20.26,999.0,1.0,20.26,0.0,20.26,0.0,1,1,True,[20.26],1.0,1.0,1.0,0.0
X02996,momentum_reversion,long_only,atr_blend,atr_blend,1.5,4.0,3,1,20.26,999.0,1.0,20.26,0.0,20.26,0.0,1,1,True,[20.26],1.0,1.0,1.0,0.0
X02999,momentum_reversion,long_only,atr_blend,atr_blend,2.0,1.5,3,1,20.26,999.0,1.0,20.26,0.0,20.26,0.0,1,1,True,[20.26],1.0,1.0,1.0,0.0
X03000,momentum_reversion,long_only,atr_blend,atr_blend,2.0,2.0,3,1,20.26,999.0,1.0,20.26,0.0,20.26,0.0,1,1,True,[20.26],1.0,1.0,1.0,0.0
X03001,momentum_reversion,long_only,atr_blend,atr_blend,2.0,3.0,3,1,20.26,999.0,1.0,20.26,0.0,20.26,0.0,1,1,True,[20.26],1.0,1.0,1.0,0.0
X03002,momentum_reversion,long_only,atr_blend,atr_blend,2.0,4.0,3,1,20.26,999.0,1.0,20.26,0.0,20.26,0.0,1,1,True,[20.26],1.0,1.0,1.0,0.0
X03005,momentum_reversion,long_only,atr_blend,atr_blend,2.5,1.5,3,1,20.26,999.0,1.0,20.26,0.0,20.26,0.0,1,1,True,[20.26],1.0,1.0,1.0,0.0
X03006,momentum_reversion,long_only,atr_blend,atr_blend,2.5,2.0,3,1,20.26,999.0,1.0,20.26,0.0,20.26,0.0,1,1,True,[20.26],1.0,1.0,1.0,0.0
X03007,momentum_reversion,long_only,atr_blend,atr_blend,2.5,3.0,3,1,20.26,999.0,1.0,20.26,0.0,20.26,0.0,1,1,True,[20.26],1.0,1.0,1.0,0.0
X03008,momentum_reversion,long_only,atr_blend,atr_blend,2.5,4.0,3,1,20.26,999.0,1.0,20.26,0.0,20.26,0.0,1,1,True,[20.26],1.0,1.0,1.0,0.0
X03010,momentum_reversion,long_only,range15_pct,range15_pct,0.5,1.0,3,1,20.26,999.0,1.0,20.26,0.0,20.26,0.0,1,1,True,[20.26],1.0,1.0,1.0,0.0
X03011,momentum_reversion,long_only,range15_pct,range15_pct,0.5,1.5,3,1,20.26,999.0,1.0,20.26,0.0,20.26,0.0,1,1,True,[20.26],1.0,1.0,1.0,0.0
X03012,momentum_reversion,long_only,range15_pct,range15_pct,0.5,2.0,3,1,20.26,999.0,1.0,20.26,0.0,20.26,0.0,1,1,True,[20.26],1.0,1.0,1.0,0.0
X03014,momentum_reversion,long_only,range15_pct,range15_pct,0.75,1.0,3,1,20.26,999.0,1.0,20.26,0.0,20.26,0.0,1,1,True,[20.26],1.0,1.0,1.0,0.0
X03015,momentum_reversion,long_only,range15_pct,range15_pct,0.75,1.5,3,1,20.26,999.0,1.0,20.26,0.0,20.26,0.0,1,1,True,[20.26],1.0,1.0,1.0,0.0
X03016,momentum_reversion,long_only,range15_pct,range15_pct,0.75,2.0,3,1,20.26,999.0,1.0,20.26,0.0,20.26,0.0,1,1,True,[20.26],1.0,1.0,1.0,0.0
X03018,momentum_reversion,long_only,range15_pct,range15_pct,1.0,1.0,3,1,20.26,999.0,1.0,20.26,0.0,20.26,0.0,1,1,True,[20.26],1.0,1.0,1.0,0.0
X03019,momentum_reversion,long_only,range15_pct,range15_pct,1.0,1.5,3,1,20.26,999.0,1.0,20.26,0.0,20.26,0.0,1,1,True,[20.26],1.0,1.0,1.0,0.0
X03020,momentum_reversion,long_only,range15_pct,range15_pct,1.0,2.0,3,1,20.26,999.0,1.0,20.26,0.0,20.26,0.0,1,1,True,[20.26],1.0,1.0,1.0,0.0
X03022,momentum_reversion,long_only,range15_pct,range15_pct,1.25,1.0,3,1,20.26,999.0,1.0,20.26,0.0,20.26,0.0,1,1,True,[20.26],1.0,1.0,1.0,0.0
X03023,momentum_reversion,long_only,range15_pct,range15_pct,1.25,1.5,3,1,20.26,999.0,1.0,20.26,0.0,20.26,0.0,1,1,True,[20.26],1.0,1.0,1.0,0.0
X03024,momentum_reversion,long_only,range15_pct,range15_pct,1.25,2.0,3,1,20.26,999.0,1.0,20.26,0.0,20.26,0.0,1,1,True,[20.26],1.0,1.0,1.0,0.0
X00049,icefishball,all,fixed,fixed,80.0,10.0,3,7,131.32,999.0,1.0,18.76,0.0,131.32,0.0,3,3,True,"[56.28, 37.52, 37.52]",1.0,1.0,1.0,0.0
X00193,icefishball,all,fixed,fixed,80.0,10.0,6,7,131.32,999.0,1.0,18.76,0.0,131.32,0.0,3,3,True,"[56.28, 37.52, 37.52]",1.0,1.0,1.0,0.0
X00337,icefishball,all,fixed,fixed,80.0,10.0,12,7,131.32,999.0,1.0,18.76,0.0,131.32,0.0,3,3,True,"[56.28, 37.52, 37.52]",1.0,1.0,1.0,0.0
X00481,icefishball,all,fixed,fixed,80.0,10.0,24,7,131.32,999.0,1.0,18.76,0.0,131.32,0.0,3,3,True,"[56.28, 37.52, 37.52]",1.0,1.0,1.0,0.0
X00625,icefishball,all,fixed,fixed,80.0,10.0,48,7,131.32,999.0,1.0,18.76,0.0,131.32,0.0,3,3,True,"[56.28, 37.52, 37.52]",1.0,1.0,1.0,0.0
X01457,icefishball,short_only,fixed,fixed,20.0,10.0,3,5,93.8,999.0,1.0,18.76,0.0,93.8,0.0,3,3,True,"[37.52, 37.52, 18.76]",1.0,1.0,1.0,0.0
X01465,icefishball,short_only,fixed,fixed,30.0,10.0,3,5,93.8,999.0,1.0,18.76,0.0,93.8,0.0,3,3,True,"[37.52, 37.52, 18.76]",1.0,1.0,1.0,0.0
X01473,icefishball,short_only,fixed,fixed,40.0,10.0,3,5,93.8,999.0,1.0,18.76,0.0,93.8,0.0,3,3,True,"[37.52, 37.52, 18.76]",1.0,1.0,1.0,0.0
X01481,icefishball,short_only,fixed,fixed,60.0,10.0,3,5,93.8,999.0,1.0,18.76,0.0,93.8,0.0,3,3,True,"[37.52, 37.52, 18.76]",1.0,1.0,1.0,0.0
X01489,icefishball,short_only,fixed,fixed,80.0,10.0,3,5,93.8,999.0,1.0,18.76,0.0,93.8,0.0,3,3,True,"[37.52, 37.52, 18.76]",1.0,1.0,1.0,0.0
X01601,icefishball,short_only,fixed,fixed,20.0,10.0,6,5,93.8,999.0,1.0,18.76,0.0,93.8,0.0,3,3,True,"[37.52, 37.52, 18.76]",1.0,1.0,1.0,0.0
X01609,icefishball,short_only,fixed,fixed,30.0,10.0,6,5,93.8,999.0,1.0,18.76,0.0,93.8,0.0,3,3,True,"[37.52, 37.52, 18.76]",1.0,1.0,1.0,0.0
X01617,icefishball,short_only,fixed,fixed,40.0,10.0,6,5,93.8,999.0,1.0,18.76,0.0,93.8,0.0,3,3,True,"[37.52, 37.52, 18.76]",1.0,1.0,1.0,0.0
X01625,icefishball,short_only,fixed,fixed,60.0,10.0,6,5,93.8,999.0,1.0,18.76,0.0,93.8,0.0,3,3,True,"[37.52, 37.52, 18.76]",1.0,1.0,1.0,0.0
X01633,icefishball,short_only,fixed,fixed,80.0,10.0,6,5,93.8,999.0,1.0,18.76,0.0,93.8,0.0,3,3,True,"[37.52, 37.52, 18.76]",1.0,1.0,1.0,0.0
X01745,icefishball,short_only,fixed,fixed,20.0,10.0,12,5,93.8,999.0,1.0,18.76,0.0,93.8,0.0,3,3,True,"[37.52, 37.52, 18.76]",1.0,1.0,1.0,0.0
X01753,icefishball,short_only,fixed,fixed,30.0,10.0,12,5,93.8,999.0,1.0,18.76,0.0,93.8,0.0,3,3,True,"[37.52, 37.52, 18.76]",1.0,1.0,1.0,0.0
X01761,icefishball,short_only,fixed,fixed,40.0,10.0,12,5,93.8,999.0,1.0,18.76,0.0,93.8,0.0,3,3,True,"[37.52, 37.52, 18.76]",1.0,1.0,1.0,0.0
X01769,icefishball,short_only,fixed,fixed,60.0,10.0,12,5,93.8,999.0,1.0,18.76,0.0,93.8,0.0,3,3,True,"[37.52, 37.52, 18.76]",1.0,1.0,1.0,0.0
X01777,icefishball,short_only,fixed,fixed,80.0,10.0,12,5,93.8,999.0,1.0,18.76,0.0,93.8,0.0,3,3,True,"[37.52, 37.52, 18.76]",1.0,1.0,1.0,0.0
X01889,icefishball,short_only,fixed,fixed,20.0,10.0,24,5,93.8,999.0,1.0,18.76,0.0,93.8,0.0,3,3,True,"[37.52, 37.52, 18.76]",1.0,1.0,1.0,0.0
X01897,icefishball,short_only,fixed,fixed,30.0,10.0,24,5,93.8,999.0,1.0,18.76,0.0,93.8,0.0,3,3,True,"[37.52, 37.52, 18.76]",1.0,1.0,1.0,0.0
X01905,icefishball,short_only,fixed,fixed,40.0,10.0,24,5,93.8,999.0,1.0,18.76,0.0,93.8,0.0,3,3,True,"[37.52, 37.52, 18.76]",1.0,1.0,1.0,0.0
X01913,icefishball,short_only,fixed,fixed,60.0,10.0,24,5,93.8,999.0,1.0,18.76,0.0,93.8,0.0,3,3,True,"[37.52, 37.52, 18.76]",1.0,1.0,1.0,0.0
X01921,icefishball,short_only,fixed,fixed,80.0,10.0,24,5,93.8,999.0,1.0,18.76,0.0,93.8,0.0,3,3,True,"[37.52, 37.52, 18.76]",1.0,1.0,1.0,0.0
X02033,icefishball,short_only,fixed,fixed,20.0,10.0,48,5,93.8,999.0,1.0,18.76,0.0,93.8,0.0,3,3,True,"[37.52, 37.52, 18.76]",1.0,1.0,1.0,0.0
X02041,icefishball,short_only,fixed,fixed,30.0,10.0,48,5,93.8,999.0,1.0,18.76,0.0,93.8,0.0,3,3,True,"[37.52, 37.52, 18.76]",1.0,1.0,1.0,0.0
X02049,icefishball,short_only,fixed,fixed,40.0,10.0,48,5,93.8,999.0,1.0,18.76,0.0,93.8,0.0,3,3,True,"[37.52, 37.52, 18.76]",1.0,1.0,1.0,0.0
X02057,icefishball,short_only,fixed,fixed,60.0,10.0,48,5,93.8,999.0,1.0,18.76,0.0,93.8,0.0,3,3,True,"[37.52, 37.52, 18.76]",1.0,1.0,1.0,0.0
X02065,icefishball,short_only,fixed,fixed,80.0,10.0,48,5,93.8,999.0,1.0,18.76,0.0,93.8,0.0,3,3,True,"[37.52, 37.52, 18.76]",1.0,1.0,1.0,0.0
X00769,icefishball,long_only,fixed,fixed,80.0,10.0,3,2,37.52,999.0,1.0,18.76,0.0,37.52,0.0,2,2,True,"[18.76, 18.76]",1.0,1.0,1.0,0.0
X00913,icefishball,long_only,fixed,fixed,80.0,10.0,6,2,37.52,999.0,1.0,18.76,0.0,37.52,0.0,2,2,True,"[18.76, 18.76]",1.0,1.0,1.0,0.0
X01057,icefishball,long_only,fixed,fixed,80.0,10.0,12,2,37.52,999.0,1.0,18.76,0.0,37.52,0.0,2,2,True,"[18.76, 18.76]",1.0,1.0,1.0,0.0
X01201,icefishball,long_only,fixed,fixed,80.0,10.0,24,2,37.52,999.0,1.0,18.76,0.0,37.52,0.0,2,2,True,"[18.76, 18.76]",1.0,1.0,1.0,0.0
X01345,icefishball,long_only,fixed,fixed,80.0,10.0,48,2,37.52,999.0,1.0,18.76,0.0,37.52,0.0,2,2,True,"[18.76, 18.76]",1.0,1.0,1.0,0.0
X02169,momentum_reversion,all,fixed,fixed,15.0,10.0,3,1,18.76,999.0,1.0,18.76,0.0,18.76,0.0,1,1,True,[18.76],1.0,1.0,1.0,0.0
X02177,momentum_reversion,all,fixed,fixed,20.0,10.0,3,1,18.76,999.0,1.0,18.76,0.0,18.76,0.0,1,1,True,[18.76],1.0,1.0,1.0,0.0
X02185,momentum_reversion,all,fixed,fixed,30.0,10.0,3,1,18.76,999.0,1.0,18.76,0.0,18.76,0.0,1,1,True,[18.76],1.0,1.0,1.0,0.0
X02193,momentum_reversion,all,fixed,fixed,40.0,10.0,3,1,18.76,999.0,1.0,18.76,0.0,18.76,0.0,1,1,True,[18.76],1.0,1.0,1.0,0.0
X02201,momentum_reversion,all,fixed,fixed,60.0,10.0,3,1,18.76,999.0,1.0,18.76,0.0,18.76,0.0,1,1,True,[18.76],1.0,1.0,1.0,0.0
X02209,momentum_reversion,all,fixed,fixed,80.0,10.0,3,1,18.76,999.0,1.0,18.76,0.0,18.76,0.0,1,1,True,[18.76],1.0,1.0,1.0,0.0
X02313,momentum_reversion,all,fixed,fixed,15.0,10.0,6,1,18.76,999.0,1.0,18.76,0.0,18.76,0.0,1,1,True,[18.76],1.0,1.0,1.0,0.0
X02321,momentum_reversion,all,fixed,fixed,20.0,10.0,6,1,18.76,999.0,1.0,18.76,0.0,18.76,0.0,1,1,True,[18.76],1.0,1.0,1.0,0.0
X02329,momentum_reversion,all,fixed,fixed,30.0,10.0,6,1,18.76,999.0,1.0,18.76,0.0,18.76,0.0,1,1,True,[18.76],1.0,1.0,1.0,0.0
X02337,momentum_reversion,all,fixed,fixed,40.0,10.0,6,1,18.76,999.0,1.0,18.76,0.0,18.76,0.0,1,1,True,[18.76],1.0,1.0,1.0,0.0
X02345,momentum_reversion,all,fixed,fixed,60.0,10.0,6,1,18.76,999.0,1.0,18.76,0.0,18.76,0.0,1,1,True,[18.76],1.0,1.0,1.0,0.0
X02353,momentum_reversion,all,fixed,fixed,80.0,10.0,6,1,18.76,999.0,1.0,18.76,0.0,18.76,0.0,1,1,True,[18.76],1.0,1.0,1.0,0.0
X02457,momentum_reversion,all,fixed,fixed,15.0,10.0,12,1,18.76,999.0,1.0,18.76,0.0,18.76,0.0,1,1,True,[18.76],1.0,1.0,1.0,0.0
X02465,momentum_reversion,all,fixed,fixed,20.0,10.0,12,1,18.76,999.0,1.0,18.76,0.0,18.76,0.0,1,1,True,[18.76],1.0,1.0,1.0,0.0
X02473,momentum_reversion,all,fixed,fixed,30.0,10.0,12,1,18.76,999.0,1.0,18.76,0.0,18.76,0.0,1,1,True,[18.76],1.0,1.0,1.0,0.0
X02481,momentum_reversion,all,fixed,fixed,40.0,10.0,12,1,18.76,999.0,1.0,18.76,0.0,18.76,0.0,1,1,True,[18.76],1.0,1.0,1.0,0.0
X02489,momentum_reversion,all,fixed,fixed,60.0,10.0,12,1,18.76,999.0,1.0,18.76,0.0,18.76,0.0,1,1,True,[18.76],1.0,1.0,1.0,0.0
X02497,momentum_reversion,all,fixed,fixed,80.0,10.0,12,1,18.76,999.0,1.0,18.76,0.0,18.76,0.0,1,1,True,[18.76],1.0,1.0,1.0,0.0
X02601,momentum_reversion,all,fixed,fixed,15.0,10.0,24,1,18.76,999.0,1.0,18.76,0.0,18.76,0.0,1,1,True,[18.76],1.0,1.0,1.0,0.0
X02609,momentum_reversion,all,fixed,fixed,20.0,10.0,24,1,18.76,999.0,1.0,18.76,0.0,18.76,0.0,1,1,True,[18.76],1.0,1.0,1.0,0.0
X02617,momentum_reversion,all,fixed,fixed,30.0,10.0,24,1,18.76,999.0,1.0,18.76,0.0,18.76,0.0,1,1,True,[18.76],1.0,1.0,1.0,0.0
X02625,momentum_reversion,all,fixed,fixed,40.0,10.0,24,1,18.76,999.0,1.0,18.76,0.0,18.76,0.0,1,1,True,[18.76],1.0,1.0,1.0,0.0
X02633,momentum_reversion,all,fixed,fixed,60.0,10.0,24,1,18.76,999.0,1.0,18.76,0.0,18.76,0.0,1,1,True,[18.76],1.0,1.0,1.0,0.0
X02641,momentum_reversion,all,fixed,fixed,80.0,10.0,24,1,18.76,999.0,1.0,18.76,0.0,18.76,0.0,1,1,True,[18.76],1.0,1.0,1.0,0.0
X02745,momentum_reversion,all,fixed,fixed,15.0,10.0,48,1,18.76,999.0,1.0,18.76,0.0,18.76,0.0,1,1,True,[18.76],1.0,1.0,1.0,0.0
X02753,momentum_reversion,all,fixed,fixed,20.0,10.0,48,1,18.76,999.0,1.0,18.76,0.0,18.76,0.0,1,1,True,[18.76],1.0,1.0,1.0,0.0
X02761,momentum_reversion,all,fixed,fixed,30.0,10.0,48,1,18.76,999.0,1.0,18.76,0.0,18.76,0.0,1,1,True,[18.76],1.0,1.0,1.0,0.0
X02769,momentum_reversion,all,fixed,fixed,40.0,10.0,48,1,18.76,999.0,1.0,18.76,0.0,18.76,0.0,1,1,True,[18.76],1.0,1.0,1.0,0.0
X02777,momentum_reversion,all,fixed,fixed,60.0,10.0,48,1,18.76,999.0,1.0,18.76,0.0,18.76,0.0,1,1,True,[18.76],1.0,1.0,1.0,0.0
X02785,momentum_reversion,all,fixed,fixed,80.0,10.0,48,1,18.76,999.0,1.0,18.76,0.0,18.76,0.0,1,1,True,[18.76],1.0,1.0,1.0,0.0
X02889,momentum_reversion,long_only,fixed,fixed,15.0,10.0,3,1,18.76,999.0,1.0,18.76,0.0,18.76,0.0,1,1,True,[18.76],1.0,1.0,1.0,0.0
X02897,momentum_reversion,long_only,fixed,fixed,20.0,10.0,3,1,18.76,999.0,1.0,18.76,0.0,18.76,0.0,1,1,True,[18.76],1.0,1.0,1.0,0.0
X02905,momentum_reversion,long_only,fixed,fixed,30.0,10.0,3,1,18.76,999.0,1.0,18.76,0.0,18.76,0.0,1,1,True,[18.76],1.0,1.0,1.0,0.0
X02913,momentum_reversion,long_only,fixed,fixed,40.0,10.0,3,1,18.76,999.0,1.0,18.76,0.0,18.76,0.0,1,1,True,[18.76],1.0,1.0,1.0,0.0
X02921,momentum_reversion,long_only,fixed,fixed,60.0,10.0,3,1,18.76,999.0,1.0,18.76,0.0,18.76,0.0,1,1,True,[18.76],1.0,1.0,1.0,0.0
X02929,momentum_reversion,long_only,fixed,fixed,80.0,10.0,3,1,18.76,999.0,1.0,18.76,0.0,18.76,0.0,1,1,True,[18.76],1.0,1.0,1.0,0.0
X03033,momentum_reversion,long_only,fixed,fixed,15.0,10.0,6,1,18.76,999.0,1.0,18.76,0.0,18.76,0.0,1,1,True,[18.76],1.0,1.0,1.0,0.0
X03041,momentum_reversion,long_only,fixed,fixed,20.0,10.0,6,1,18.76,999.0,1.0,18.76,0.0,18.76,0.0,1,1,True,[18.76],1.0,1.0,1.0,0.0
X03049,momentum_reversion,long_only,fixed,fixed,30.0,10.0,6,1,18.76,999.0,1.0,18.76,0.0,18.76,0.0,1,1,True,[18.76],1.0,1.0,1.0,0.0
X03057,momentum_reversion,long_only,fixed,fixed,40.0,10.0,6,1,18.76,999.0,1.0,18.76,0.0,18.76,0.0,1,1,True,[18.76],1.0,1.0,1.0,0.0
X03065,momentum_reversion,long_only,fixed,fixed,60.0,10.0,6,1,18.76,999.0,1.0,18.76,0.0,18.76,0.0,1,1,True,[18.76],1.0,1.0,1.0,0.0
X03073,momentum_reversion,long_only,fixed,fixed,80.0,10.0,6,1,18.76,999.0,1.0,18.76,0.0,18.76,0.0,1,1,True,[18.76],1.0,1.0,1.0,0.0
X03177,momentum_reversion,long_only,fixed,fixed,15.0,10.0,12,1,18.76,999.0,1.0,18.76,0.0,18.76,0.0,1,1,True,[18.76],1.0,1.0,1.0,0.0
X03185,momentum_reversion,long_only,fixed,fixed,20.0,10.0,12,1,18.76,999.0,1.0,18.76,0.0,18.76,0.0,1,1,True,[18.76],1.0,1.0,1.0,0.0
X03193,momentum_reversion,long_only,fixed,fixed,30.0,10.0,12,1,18.76,999.0,1.0,18.76,0.0,18.76,0.0,1,1,True,[18.76],1.0,1.0,1.0,0.0
X03201,momentum_reversion,long_only,fixed,fixed,40.0,10.0,12,1,18.76,999.0,1.0,18.76,0.0,18.76,0.0,1,1,True,[18.76],1.0,1.0,1.0,0.0
X03209,momentum_reversion,long_only,fixed,fixed,60.0,10.0,12,1,18.76,999.0,1.0,18.76,0.0,18.76,0.0,1,1,True,[18.76],1.0,1.0,1.0,0.0
X03217,momentum_reversion,long_only,fixed,fixed,80.0,10.0,12,1,18.76,999.0,1.0,18.76,0.0,18.76,0.0,1,1,True,[18.76],1.0,1.0,1.0,0.0
X03321,momentum_reversion,long_only,fixed,fixed,15.0,10.0,24,1,18.76,999.0,1.0,18.76,0.0,18.76,0.0,1,1,True,[18.76],1.0,1.0,1.0,0.0
X03329,momentum_reversion,long_only,fixed,fixed,20.0,10.0,24,1,18.76,999.0,1.0,18.76,0.0,18.76,0.0,1,1,True,[18.76],1.0,1.0,1.0,0.0
X03337,momentum_reversion,long_only,fixed,fixed,30.0,10.0,24,1,18.76,999.0,1.0,18.76,0.0,18.76,0.0,1,1,True,[18.76],1.0,1.0,1.0,0.0
X03345,momentum_reversion,long_only,fixed,fixed,40.0,10.0,24,1,18.76,999.0,1.0,18.76,0.0,18.76,0.0,1,1,True,[18.76],1.0,1.0,1.0,0.0
X03353,momentum_reversion,long_only,fixed,fixed,60.0,10.0,24,1,18.76,999.0,1.0,18.76,0.0,18.76,0.0,1,1,True,[18.76],1.0,1.0,1.0,0.0
X03361,momentum_reversion,long_only,fixed,fixed,80.0,10.0,24,1,18.76,999.0,1.0,18.76,0.0,18.76,0.0,1,1,True,[18.76],1.0,1.0,1.0,0.0
X03465,momentum_reversion,long_only,fixed,fixed,15.0,10.0,48,1,18.76,999.0,1.0,18.76,0.0,18.76,0.0,1,1,True,[18.76],1.0,1.0,1.0,0.0
X03473,momentum_reversion,long_only,fixed,fixed,20.0,10.0,48,1,18.76,999.0,1.0,18.76,0.0,18.76,0.0,1,1,True,[18.76],1.0,1.0,1.0,0.0
X03481,momentum_reversion,long_only,fixed,fixed,30.0,10.0,48,1,18.76,999.0,1.0,18.76,0.0,18.76,0.0,1,1,True,[18.76],1.0,1.0,1.0,0.0
X03489,momentum_reversion,long_only,fixed,fixed,40.0,10.0,48,1,18.76,999.0,1.0,18.76,0.0,18.76,0.0,1,1,True,[18.76],1.0,1.0,1.0,0.0
X03497,momentum_reversion,long_only,fixed,fixed,60.0,10.0,48,1,18.76,999.0,1.0,18.76,0.0,18.76,0.0,1,1,True,[18.76],1.0,1.0,1.0,0.0
X03505,momentum_reversion,long_only,fixed,fixed,80.0,10.0,48,1,18.76,999.0,1.0,18.76,0.0,18.76,0.0,1,1,True,[18.76],1.0,1.0,1.0,0.0
X00198,icefishball,all,fixed,fixed,80.0,60.0,6,6,453.06,21.6124,0.6667,75.51,21.74,475.04,-21.98,3,3,True,"[118.52, 97.02, 237.52]",1.0,1.0,1.0,0.0
X00269,icefishball,all,atr_blend,atr_blend,2.5,1.5,6,6,437.06,20.8844,0.6667,72.8433,21.74,459.04,-21.98,3,3,True,"[78.02, 112.02, 247.02]",1.0,1.0,1.0,0.0
X00342,icefishball,all,fixed,fixed,80.0,60.0,12,6,560.56,17.864,0.8333,93.4267,33.24,593.8,-33.24,3,3,True,"[85.52, 237.52, 237.52]",1.0,1.0,1.0,0.0
X00232,icefishball,all,atr,atr,2.5,1.0,6,6,338.56,16.5731,0.8333,56.4267,21.74,360.3,-21.74,3,3,True,"[101.52, 90.52, 146.52]",1.0,1.0,1.0,0.0
X00268,icefishball,all,atr_blend,atr_blend,2.5,1.0,6,6,330.06,16.1822,0.8333,55.01,21.74,351.8,-21.74,3,3,True,"[99.52, 67.02, 163.52]",1.0,1.0,1.0,0.0
X00197,icefishball,all,fixed,fixed,80.0,40.0,6,6,293.06,14.333,0.6667,48.8433,21.74,315.04,-21.98,3,3,True,"[78.52, 57.02, 157.52]",1.0,1.0,1.0,0.0
X00231,icefishball,all,atr,atr,2.5,0.75,6,7,278.32,13.8022,0.8571,39.76,21.74,300.06,-21.74,3,3,True,"[107.78, 62.02, 108.52]",1.0,1.0,1.0,0.0
X00267,icefishball,all,atr_blend,atr_blend,2.5,0.75,6,7,275.82,13.6872,0.8571,39.4029,21.74,297.56,-21.74,3,3,True,"[108.78, 44.52, 122.52]",1.0,1.0,1.0,0.0
X00196,icefishball,all,fixed,fixed,80.0,30.0,6,6,272.06,13.5143,0.8333,45.3433,21.74,293.8,-21.74,3,3,True,"[117.52, 37.02, 117.52]",1.0,1.0,1.0,0.0
X00341,icefishball,all,fixed,fixed,80.0,40.0,12,6,360.56,11.8472,0.8333,60.0933,33.24,393.8,-33.24,3,3,True,"[45.52, 157.52, 157.52]",1.0,1.0,1.0,0.0
X00557,icefishball,all,atr_blend,atr_blend,2.5,1.5,24,5,367.8,11.0109,0.8,73.56,36.74,404.54,-36.74,3,3,True,"[151.02, 97.02, 119.76]",1.0,1.0,1.0,0.0
X01774,icefishball,short_only,fixed,fixed,60.0,60.0,12,4,323.04,10.7184,0.75,80.76,33.24,356.28,-33.24,3,3,True,"[85.52, 118.76, 118.76]",1.0,1.0,1.0,0.0
X01782,icefishball,short_only,fixed,fixed,80.0,60.0,12,4,323.04,10.7184,0.75,80.76,33.24,356.28,-33.24,3,3,True,"[85.52, 118.76, 118.76]",1.0,1.0,1.0,0.0
X00346,icefishball,all,atr,atr,0.75,1.0,12,6,405.56,10.1673,0.8333,67.5933,44.24,449.8,-44.24,3,3,True,"[1.02, 258.02, 146.52]",1.0,1.0,1.0,0.0
X00490,icefishball,all,atr,atr,0.75,1.0,24,6,405.56,10.1673,0.8333,67.5933,44.24,449.8,-44.24,3,3,True,"[1.02, 258.02, 146.52]",1.0,1.0,1.0,0.0
X00634,icefishball,all,atr,atr,0.75,1.0,48,6,405.56,10.1673,0.8333,67.5933,44.24,449.8,-44.24,3,3,True,"[1.02, 258.02, 146.52]",1.0,1.0,1.0,0.0
X01641,icefishball,short_only,atr,atr,0.75,0.75,6,5,185.3,9.5235,0.8,37.06,21.74,207.04,-21.74,3,3,True,"[66.02, 62.02, 57.26]",1.0,1.0,1.0,0.0
X01647,icefishball,short_only,atr,atr,1.0,0.75,6,5,185.3,9.5235,0.8,37.06,21.74,207.04,-21.74,3,3,True,"[66.02, 62.02, 57.26]",1.0,1.0,1.0,0.0
X01653,icefishball,short_only,atr,atr,1.25,0.75,6,5,185.3,9.5235,0.8,37.06,21.74,207.04,-21.74,3,3,True,"[66.02, 62.02, 57.26]",1.0,1.0,1.0,0.0
X01659,icefishball,short_only,atr,atr,1.5,0.75,6,5,185.3,9.5235,0.8,37.06,21.74,207.04,-21.74,3,3,True,"[66.02, 62.02, 57.26]",1.0,1.0,1.0,0.0
X01665,icefishball,short_only,atr,atr,2.0,0.75,6,5,185.3,9.5235,0.8,37.06,21.74,207.04,-21.74,3,3,True,"[66.02, 62.02, 57.26]",1.0,1.0,1.0,0.0
X01671,icefishball,short_only,atr,atr,2.5,0.75,6,5,185.3,9.5235,0.8,37.06,21.74,207.04,-21.74,3,3,True,"[66.02, 62.02, 57.26]",1.0,1.0,1.0,0.0
X01683,icefishball,short_only,atr_blend,atr_blend,1.0,0.75,6,5,178.3,9.2015,0.8,35.66,21.74,200.04,-21.74,3,3,True,"[70.52, 44.52, 63.26]",1.0,1.0,1.0,0.0
X01689,icefishball,short_only,atr_blend,atr_blend,1.25,0.75,6,5,178.3,9.2015,0.8,35.66,21.74,200.04,-21.74,3,3,True,"[70.52, 44.52, 63.26]",1.0,1.0,1.0,0.0
X01695,icefishball,short_only,atr_blend,atr_blend,1.5,0.75,6,5,178.3,9.2015,0.8,35.66,21.74,200.04,-21.74,3,3,True,"[70.52, 44.52, 63.26]",1.0,1.0,1.0,0.0
X01701,icefishball,short_only,atr_blend,atr_blend,2.0,0.75,6,5,178.3,9.2015,0.8,35.66,21.74,200.04,-21.74,3,3,True,"[70.52, 44.52, 63.26]",1.0,1.0,1.0,0.0
X01707,icefishball,short_only,atr_blend,atr_blend,2.5,0.75,6,5,178.3,9.2015,0.8,35.66,21.74,200.04,-21.74,3,3,True,"[70.52, 44.52, 63.26]",1.0,1.0,1.0,0.0
X00345,icefishball,all,atr,atr,0.75,0.75,12,7,323.32,8.3083,0.8571,46.1886,44.24,367.56,-44.24,3,3,True,"[21.78, 193.02, 108.52]",1.0,1.0,1.0,0.0
X00489,icefishball,all,atr,atr,0.75,0.75,24,7,323.32,8.3083,0.8571,46.1886,44.24,367.56,-44.24,3,3,True,"[21.78, 193.02, 108.52]",1.0,1.0,1.0,0.0
X00633,icefishball,all,atr,atr,0.75,0.75,48,7,323.32,8.3083,0.8571,46.1886,44.24,367.56,-44.24,3,3,True,"[21.78, 193.02, 108.52]",1.0,1.0,1.0,0.0
X00051,icefishball,all,fixed,fixed,80.0,20.0,3,6,167.56,7.3857,0.8333,27.9267,26.24,193.8,-26.24,3,3,True,"[12.52, 77.52, 77.52]",1.0,1.0,1.0,0.0
X01773,icefishball,short_only,fixed,fixed,60.0,40.0,12,4,203.04,7.1083,0.75,50.76,33.24,236.28,-33.24,3,3,True,"[45.52, 78.76, 78.76]",1.0,1.0,1.0,0.0
X01781,icefishball,short_only,fixed,fixed,80.0,40.0,12,4,203.04,7.1083,0.75,50.76,33.24,236.28,-33.24,3,3,True,"[45.52, 78.76, 78.76]",1.0,1.0,1.0,0.0
X00087,icefishball,all,atr,atr,2.5,0.75,3,7,253.32,6.4198,0.8571,36.1886,46.74,300.06,-46.74,3,3,True,"[107.78, 37.02, 108.52]",1.0,1.0,1.0,0.0
X00387,icefishball,all,atr_blend,atr_blend,1.0,0.75,12,7,287.32,6.2972,0.8571,41.0457,54.24,341.56,-54.24,3,3,True,"[16.28, 148.52, 122.52]",1.0,1.0,1.0,0.0
X00531,icefishball,all,atr_blend,atr_blend,1.0,0.75,24,7,287.32,6.2972,0.8571,41.0457,54.24,341.56,-54.24,3,3,True,"[16.28, 148.52, 122.52]",1.0,1.0,1.0,0.0
X00675,icefishball,all,atr_blend,atr_blend,1.0,0.75,48,7,287.32,6.2972,0.8571,41.0457,54.24,341.56,-54.24,3,3,True,"[16.28, 148.52, 122.52]",1.0,1.0,1.0,0.0
X00351,icefishball,all,atr,atr,1.0,0.75,12,7,308.82,6.2574,0.8571,44.1171,58.74,367.56,-58.74,3,3,True,"[7.28, 193.02, 108.52]",1.0,1.0,1.0,0.0
X00495,icefishball,all,atr,atr,1.0,0.75,24,7,308.82,6.2574,0.8571,44.1171,58.74,367.56,-58.74,3,3,True,"[7.28, 193.02, 108.52]",1.0,1.0,1.0,0.0
X00639,icefishball,all,atr,atr,1.0,0.75,48,7,308.82,6.2574,0.8571,44.1171,58.74,367.56,-58.74,3,3,True,"[7.28, 193.02, 108.52]",1.0,1.0,1.0,0.0
X00123,icefishball,all,atr_blend,atr_blend,2.5,0.75,3,7,241.32,6.163,0.8571,34.4743,46.74,288.06,-46.74,3,3,True,"[99.28, 19.52, 122.52]",1.0,1.0,1.0,0.0
X00200,icefishball,all,fixed,fixed,80.0,120.0,6,5,429.8,6.1485,0.6,85.96,83.24,513.28,-83.48,3,3,True,"[238.52, 35.02, 156.26]",1.0,1.0,1.0,0.0
X00236,icefishball,all,atr,atr,2.5,4.0,6,5,419.3,6.0228,0.6,83.86,83.24,502.78,-83.48,3,3,True,"[228.02, 35.02, 156.26]",1.0,1.0,1.0,0.0
X00272,icefishball,all,atr_blend,atr_blend,2.5,4.0,6,5,401.3,5.8071,0.6,80.26,83.24,484.78,-83.48,3,3,True,"[210.02, 35.02, 156.26]",1.0,1.0,1.0,0.0
X00235,icefishball,all,atr,atr,2.5,3.0,6,5,361.8,5.334,0.6,72.36,83.24,445.28,-83.48,3,3,True,"[170.52, 35.02, 156.26]",1.0,1.0,1.0,0.0
X00199,icefishball,all,fixed,fixed,80.0,80.0,6,5,352.3,5.2202,0.6,70.46,83.24,435.78,-83.48,3,3,True,"[158.52, 35.02, 158.76]",1.0,1.0,1.0,0.0
X00271,icefishball,all,atr_blend,atr_blend,2.5,3.0,6,5,348.3,5.1723,0.6,69.66,83.24,431.78,-83.48,3,3,True,"[157.02, 35.02, 156.26]",1.0,1.0,1.0,0.0
X00393,icefishball,all,atr_blend,atr_blend,1.25,0.75,12,7,274.32,5.0797,0.8571,39.1886,67.24,341.56,-67.24,3,3,True,"[3.28, 148.52, 122.52]",1.0,1.0,1.0,0.0
X00537,icefishball,all,atr_blend,atr_blend,1.25,0.75,24,7,274.32,5.0797,0.8571,39.1886,67.24,341.56,-67.24,3,3,True,"[3.28, 148.52, 122.52]",1.0,1.0,1.0,0.0
X00681,icefishball,all,atr_blend,atr_blend,1.25,0.75,48,7,274.32,5.0797,0.8571,39.1886,67.24,341.56,-67.24,3,3,True,"[3.28, 148.52, 122.52]",1.0,1.0,1.0,0.0
X00054,icefishball,all,fixed,fixed,80.0,60.0,3,6,286.56,4.9266,0.6667,47.76,46.74,359.54,-72.98,3,3,True,"[92.52, 72.02, 122.02]",1.0,1.0,1.0,0.0
X00202,icefishball,all,atr,atr,0.75,1.0,6,6,238.06,4.6081,0.6667,39.6767,44.24,304.04,-65.98,3,3,True,"[1.02, 90.52, 146.52]",1.0,1.0,1.0,0.0
X00270,icefishball,all,atr_blend,atr_blend,2.5,2.0,6,5,299.8,4.5913,0.6,59.96,83.24,383.28,-83.48,3,3,True,"[104.52, 35.02, 160.26]",1.0,1.0,1.0,0.0
X00125,icefishball,all,atr_blend,atr_blend,2.5,1.5,3,6,261.06,4.5771,0.6667,43.51,46.74,334.04,-72.98,3,3,True,"[52.02, 87.02, 122.02]",1.0,1.0,1.0,0.0
X00234,icefishball,all,atr,atr,2.5,2.0,6,5,287.3,4.4415,0.6,57.46,83.24,370.78,-83.48,3,3,True,"[113.02, 35.02, 139.26]",1.0,1.0,1.0,0.0
X01459,icefishball,short_only,fixed,fixed,20.0,20.0,3,4,90.04,4.4314,0.75,22.51,26.24,116.28,-26.24,3,3,True,"[12.52, 38.76, 38.76]",1.0,1.0,1.0,0.0
X01467,icefishball,short_only,fixed,fixed,30.0,20.0,3,4,90.04,4.4314,0.75,22.51,26.24,116.28,-26.24,3,3,True,"[12.52, 38.76, 38.76]",1.0,1.0,1.0,0.0
X01475,icefishball,short_only,fixed,fixed,40.0,20.0,3,4,90.04,4.4314,0.75,22.51,26.24,116.28,-26.24,3,3,True,"[12.52, 38.76, 38.76]",1.0,1.0,1.0,0.0
X01483,icefishball,short_only,fixed,fixed,60.0,20.0,3,4,90.04,4.4314,0.75,22.51,26.24,116.28,-26.24,3,3,True,"[12.52, 38.76, 38.76]",1.0,1.0,1.0,0.0
X01491,icefishball,short_only,fixed,fixed,80.0,20.0,3,4,90.04,4.4314,0.75,22.51,26.24,116.28,-26.24,3,3,True,"[12.52, 38.76, 38.76]",1.0,1.0,1.0,0.0
X01497,icefishball,short_only,atr,atr,0.75,0.75,3,5,160.3,4.4296,0.8,32.06,46.74,207.04,-46.74,3,3,True,"[66.02, 37.02, 57.26]",1.0,1.0,1.0,0.0
X01503,icefishball,short_only,atr,atr,1.0,0.75,3,5,160.3,4.4296,0.8,32.06,46.74,207.04,-46.74,3,3,True,"[66.02, 37.02, 57.26]",1.0,1.0,1.0,0.0
X01509,icefishball,short_only,atr,atr,1.25,0.75,3,5,160.3,4.4296,0.8,32.06,46.74,207.04,-46.74,3,3,True,"[66.02, 37.02, 57.26]",1.0,1.0,1.0,0.0
X01515,icefishball,short_only,atr,atr,1.5,0.75,3,5,160.3,4.4296,0.8,32.06,46.74,207.04,-46.74,3,3,True,"[66.02, 37.02, 57.26]",1.0,1.0,1.0,0.0
X01521,icefishball,short_only,atr,atr,2.0,0.75,3,5,160.3,4.4296,0.8,32.06,46.74,207.04,-46.74,3,3,True,"[66.02, 37.02, 57.26]",1.0,1.0,1.0,0.0
X01527,icefishball,short_only,atr,atr,2.5,0.75,3,5,160.3,4.4296,0.8,32.06,46.74,207.04,-46.74,3,3,True,"[66.02, 37.02, 57.26]",1.0,1.0,1.0,0.0
X00632,icefishball,all,fixed,fixed,80.0,120.0,48,5,544.8,4.177,0.6,108.96,161.24,716.28,-171.48,3,3,True,"[228.52, 77.52, 238.76]",1.0,1.0,1.0,0.0
X01539,icefishball,short_only,atr_blend,atr_blend,1.0,0.75,3,5,143.8,4.0766,0.8,28.76,46.74,190.54,-46.74,3,3,True,"[61.02, 19.52, 63.26]",1.0,1.0,1.0,0.0
X01545,icefishball,short_only,atr_blend,atr_blend,1.25,0.75,3,5,143.8,4.0766,0.8,28.76,46.74,190.54,-46.74,3,3,True,"[61.02, 19.52, 63.26]",1.0,1.0,1.0,0.0
X01551,icefishball,short_only,atr_blend,atr_blend,1.5,0.75,3,5,143.8,4.0766,0.8,28.76,46.74,190.54,-46.74,3,3,True,"[61.02, 19.52, 63.26]",1.0,1.0,1.0,0.0
X01557,icefishball,short_only,atr_blend,atr_blend,2.0,0.75,3,5,143.8,4.0766,0.8,28.76,46.74,190.54,-46.74,3,3,True,"[61.02, 19.52, 63.26]",1.0,1.0,1.0,0.0
X01563,icefishball,short_only,atr_blend,atr_blend,2.5,0.75,3,5,143.8,4.0766,0.8,28.76,46.74,190.54,-46.74,3,3,True,"[61.02, 19.52, 63.26]",1.0,1.0,1.0,0.0
X00201,icefishball,all,atr,atr,0.75,0.75,6,7,192.32,3.9148,0.7143,27.4743,44.24,258.3,-65.98,3,3,True,"[21.78, 62.02, 108.52]",1.0,1.0,1.0,0.0
X00488,icefishball,all,fixed,fixed,80.0,120.0,24,5,532.8,3.9039,0.6,106.56,161.24,716.28,-183.48,3,3,True,"[216.52, 77.52, 238.76]",1.0,1.0,1.0,0.0
X00088,icefishball,all,atr,atr,2.5,1.0,3,6,209.06,3.8646,0.6667,34.8433,46.74,282.04,-72.98,3,3,True,"[30.02, 65.52, 113.52]",1.0,1.0,1.0,0.0
X00053,icefishball,all,fixed,fixed,80.0,40.0,3,6,199.56,3.7344,0.6667,33.26,46.74,272.54,-72.98,3,3,True,"[52.52, 32.02, 115.02]",1.0,1.0,1.0,0.0
X00233,icefishball,all,atr,atr,2.5,1.5,6,5,221.8,3.6569,0.6,44.36,83.24,305.28,-83.48,3,3,True,"[84.52, 33.02, 104.26]",1.0,1.0,1.0,0.0
X00413,icefishball,all,atr_blend,atr_blend,2.5,1.5,12,6,333.06,3.6438,0.6667,55.51,92.74,459.04,-125.98,3,3,True,"[45.02, 41.02, 247.02]",1.0,1.0,1.0,0.0
X00524,icefishball,all,atr,atr,2.5,4.0,24,5,591.3,3.5823,0.6,118.26,206.74,820.28,-228.98,3,3,True,"[206.02, 105.02, 280.26]",1.0,1.0,1.0,0.0
X00124,icefishball,all,atr_blend,atr_blend,2.5,1.0,3,6,188.06,3.5769,0.6667,31.3433,46.74,261.04,-72.98,3,3,True,"[25.52, 42.02, 120.52]",1.0,1.0,1.0,0.0
X00380,icefishball,all,atr,atr,2.5,4.0,12,5,362.8,3.5374,0.6,72.56,109.74,505.78,-142.98,3,3,True,"[195.02, 4.52, 163.26]",1.0,1.0,1.0,0.0
X00243,icefishball,all,atr_blend,atr_blend,1.0,0.75,6,7,183.32,3.4127,0.7143,26.1886,54.24,259.3,-75.98,3,3,True,"[16.28, 44.52, 122.52]",1.0,1.0,1.0,0.0
X00416,icefishball,all,atr_blend,atr_blend,2.5,4.0,12,5,344.8,3.4115,0.6,68.96,109.74,487.78,-142.98,3,3,True,"[177.02, 4.52, 163.26]",1.0,1.0,1.0,0.0
X00052,icefishball,all,fixed,fixed,80.0,30.0,3,6,162.06,3.2206,0.6667,27.01,46.74,235.04,-72.98,3,3,True,"[32.52, 12.02, 117.52]",1.0,1.0,1.0,0.0
X00207,icefishball,all,atr,atr,1.0,0.75,6,7,177.82,3.2095,0.7143,25.4029,58.74,258.3,-80.48,3,3,True,"[7.28, 62.02, 108.52]",1.0,1.0,1.0,0.0
X00560,icefishball,all,atr_blend,atr_blend,2.5,4.0,24,5,540.3,3.1744,0.6,108.06,226.24,788.78,-248.48,3,3,True,"[188.02, 115.52, 236.76]",1.0,1.0,1.0,0.0
X00379,icefishball,all,atr,atr,2.5,3.0,12,5,305.3,3.1353,0.6,61.06,109.74,448.28,-142.98,3,3,True,"[137.52, 4.52, 163.26]",1.0,1.0,1.0,0.0
X00713,icefishball,all,range15_pct,range15_pct,1.0,0.5,48,5,192.8,3.0789,0.8,38.56,92.74,285.54,-92.74,3,3,True,"[47.02, 68.52, 77.26]",1.0,1.0,1.0,0.0
X00414,icefishball,all,atr_blend,atr_blend,2.5,2.0,12,5,292.3,3.0443,0.6,58.46,109.74,435.28,-142.98,3,3,True,"[71.52, 60.52, 160.26]",1.0,1.0,1.0,0.0
X00415,icefishball,all,atr_blend,atr_blend,2.5,3.0,12,5,291.8,3.0408,0.6,58.36,109.74,434.78,-142.98,3,3,True,"[124.02, 4.52, 163.26]",1.0,1.0,1.0,0.0
X00470,icefishball,all,fixed,fixed,40.0,60.0,24,6,312.56,2.9237,0.6667,52.0933,81.24,475.04,-162.48,3,3,True,"[37.52, 37.52, 237.52]",1.0,1.0,1.0,0.0
X00614,icefishball,all,fixed,fixed,40.0,60.0,48,6,312.56,2.9237,0.6667,52.0933,81.24,475.04,-162.48,3,3,True,"[37.52, 37.52, 237.52]",1.0,1.0,1.0,0.0
X00249,icefishball,all,atr_blend,atr_blend,1.25,0.75,6,7,170.32,2.9141,0.7143,24.3314,67.24,259.3,-88.98,3,3,True,"[3.28, 44.52, 122.52]",1.0,1.0,1.0,0.0
X00378,icefishball,all,atr,atr,2.5,2.0,12,5,264.8,2.852,0.6,52.96,109.74,407.78,-142.98,3,3,True,"[80.02, 45.52, 139.26]",1.0,1.0,1.0,0.0
X00057,icefishball,all,atr,atr,0.75,0.75,3,7,167.32,2.8391,0.7143,23.9029,46.74,258.3,-90.98,3,3,True,"[21.78, 37.02, 108.52]",1.0,1.0,1.0,0.0
X00703,icefishball,all,atr_blend,atr_blend,2.5,3.0,48,5,417.3,2.7646,0.6,83.46,226.24,653.78,-236.48,3,3,True,"[147.02, 29.52, 240.76]",1.0,1.0,1.0,0.0
X00704,icefishball,all,atr_blend,atr_blend,2.5,4.0,48,5,417.3,2.7646,0.6,83.46,226.24,653.78,-236.48,3,3,True,"[200.02, 115.52, 101.76]",1.0,1.0,1.0,0.0
X00523,icefishball,all,atr,atr,2.5,3.0,24,5,385.3,2.6827,0.6,77.06,206.74,614.28,-228.98,3,3,True,"[148.52, 27.02, 209.76]",1.0,1.0,1.0,0.0
X00559,icefishball,all,atr_blend,atr_blend,2.5,3.0,24,5,405.3,2.6311,0.6,81.06,226.24,653.78,-248.48,3,3,True,"[135.02, 29.52, 240.76]",1.0,1.0,1.0,0.0
X00099,icefishball,all,atr_blend,atr_blend,1.0,0.75,3,7,148.82,2.4738,0.7143,21.26,54.24,249.8,-100.98,3,3,True,"[6.78, 19.52, 122.52]",1.0,1.0,1.0,0.0
X00717,icefishball,all,range15_pct,range15_pct,1.25,0.5,48,5,169.8,2.4671,0.8,33.96,115.74,285.54,-115.74,3,3,True,"[47.02, 45.52, 77.26]",1.0,1.0,1.0,0.0
X00063,icefishball,all,atr,atr,1.0,0.75,3,7,152.82,2.4488,0.7143,21.8314,58.74,258.3,-105.48,3,3,True,"[7.28, 37.02, 108.52]",1.0,1.0,1.0,0.0
X00238,icefishball,all,atr_blend,atr_blend,0.75,1.0,6,6,174.56,2.3911,0.6667,29.0933,84.74,300.04,-125.48,3,3,True,"[7.02, 4.02, 163.52]",1.0,1.0,1.0,0.0
X00382,icefishball,all,atr_blend,atr_blend,0.75,1.0,12,6,174.56,2.3911,0.6667,29.0933,84.74,300.04,-125.48,3,3,True,"[7.02, 4.02, 163.52]",1.0,1.0,1.0,0.0
X00526,icefishball,all,atr_blend,atr_blend,0.75,1.0,24,6,174.56,2.3911,0.6667,29.0933,84.74,300.04,-125.48,3,3,True,"[7.02, 4.02, 163.52]",1.0,1.0,1.0,0.0
X00670,icefishball,all,atr_blend,atr_blend,0.75,1.0,48,6,174.56,2.3911,0.6667,29.0933,84.74,300.04,-125.48,3,3,True,"[7.02, 4.02, 163.52]",1.0,1.0,1.0,0.0
X00377,icefishball,all,atr,atr,2.5,1.5,12,5,162.3,2.1351,0.6,32.46,109.74,305.28,-142.98,3,3,True,"[51.52, 6.52, 104.26]",1.0,1.0,1.0,0.0
X00164,icefishball,all,fixed,fixed,20.0,30.0,6,6,52.56,1.4248,0.5,8.76,41.24,176.28,-123.72,3,3,True,"[17.52, 17.52, 17.52]",1.0,1.0,1.0,0.0
X00308,icefishball,all,fixed,fixed,20.0,30.0,12,6,52.56,1.4248,0.5,8.76,41.24,176.28,-123.72,3,3,True,"[17.52, 17.52, 17.52]",1.0,1.0,1.0,0.0
X00452,icefishball,all,fixed,fixed,20.0,30.0,24,6,52.56,1.4248,0.5,8.76,41.24,176.28,-123.72,3,3,True,"[17.52, 17.52, 17.52]",1.0,1.0,1.0,0.0
X00596,icefishball,all,fixed,fixed,20.0,30.0,48,6,52.56,1.4248,0.5,8.76,41.24,176.28,-123.72,3,3,True,"[17.52, 17.52, 17.52]",1.0,1.0,1.0,0.0
X00668,icefishball,all,atr,atr,2.5,4.0,48,3,365.28,36.6719,0.6667,121.76,10.24,375.52,-10.24,3,2,False,"[-10.24, 228.26, 147.26]",1.0,1.0,1.0,0.0
X00667,icefishball,all,atr,atr,2.5,3.0,48,3,307.78,31.0566,0.6667,102.5933,10.24,318.02,-10.24,3,2,False,"[-10.24, 170.76, 147.26]",1.0,1.0,1.0,0.0
X02107,icefishball,short_only,atr,atr,2.5,3.0,48,2,137.02,14.3809,0.5,68.51,10.24,147.26,-10.24,2,1,False,"[-10.24, 147.26]",1.0,1.0,1.0,0.0
X02108,icefishball,short_only,atr,atr,2.5,4.0,48,2,137.02,14.3809,0.5,68.51,10.24,147.26,-10.24,2,1,False,"[-10.24, 147.26]",1.0,1.0,1.0,0.0
X01685,icefishball,short_only,atr_blend,atr_blend,1.0,1.5,6,4,239.04,11.8753,0.5,59.76,21.74,261.02,-21.98,3,2,False,"[133.52, -21.74, 127.26]",1.0,1.0,1.0,0.0
X01691,icefishball,short_only,atr_blend,atr_blend,1.25,1.5,6,4,239.04,11.8753,0.5,59.76,21.74,261.02,-21.98,3,2,False,"[133.52, -21.74, 127.26]",1.0,1.0,1.0,0.0
X01697,icefishball,short_only,atr_blend,atr_blend,1.5,1.5,6,4,239.04,11.8753,0.5,59.76,21.74,261.02,-21.98,3,2,False,"[133.52, -21.74, 127.26]",1.0,1.0,1.0,0.0
X01703,icefishball,short_only,atr_blend,atr_blend,2.0,1.5,6,4,239.04,11.8753,0.5,59.76,21.74,261.02,-21.98,3,2,False,"[133.52, -21.74, 127.26]",1.0,1.0,1.0,0.0
X01709,icefishball,short_only,atr_blend,atr_blend,2.5,1.5,6,4,239.04,11.8753,0.5,59.76,21.74,261.02,-21.98,3,2,False,"[133.52, -21.74, 127.26]",1.0,1.0,1.0,0.0
X01630,icefishball,short_only,fixed,fixed,60.0,60.0,6,4,215.54,10.8062,0.5,53.885,21.74,237.52,-21.98,3,2,False,"[118.52, -21.74, 118.76]",1.0,1.0,1.0,0.0
X01638,icefishball,short_only,fixed,fixed,80.0,60.0,6,4,215.54,10.8062,0.5,53.885,21.74,237.52,-21.98,3,2,False,"[118.52, -21.74, 118.76]",1.0,1.0,1.0,0.0
X01642,icefishball,short_only,atr,atr,0.75,1.0,6,4,213.04,10.7994,0.75,53.26,21.74,234.78,-21.74,3,2,False,"[157.52, -21.74, 77.26]",1.0,1.0,1.0,0.0
X01648,icefishball,short_only,atr,atr,1.0,1.0,6,4,213.04,10.7994,0.75,53.26,21.74,234.78,-21.74,3,2,False,"[157.52, -21.74, 77.26]",1.0,1.0,1.0,0.0
X01654,icefishball,short_only,atr,atr,1.25,1.0,6,4,213.04,10.7994,0.75,53.26,21.74,234.78,-21.74,3,2,False,"[157.52, -21.74, 77.26]",1.0,1.0,1.0,0.0
X01660,icefishball,short_only,atr,atr,1.5,1.0,6,4,213.04,10.7994,0.75,53.26,21.74,234.78,-21.74,3,2,False,"[157.52, -21.74, 77.26]",1.0,1.0,1.0,0.0
X01666,icefishball,short_only,atr,atr,2.0,1.0,6,4,213.04,10.7994,0.75,53.26,21.74,234.78,-21.74,3,2,False,"[157.52, -21.74, 77.26]",1.0,1.0,1.0,0.0
X01672,icefishball,short_only,atr,atr,2.5,1.0,6,4,213.04,10.7994,0.75,53.26,21.74,234.78,-21.74,3,2,False,"[157.52, -21.74, 77.26]",1.0,1.0,1.0,0.0
X01684,icefishball,short_only,atr_blend,atr_blend,1.0,1.0,6,4,199.04,10.1555,0.75,49.76,21.74,220.78,-21.74,3,2,False,"[136.52, -21.74, 84.26]",1.0,1.0,1.0,0.0
X01690,icefishball,short_only,atr_blend,atr_blend,1.25,1.0,6,4,199.04,10.1555,0.75,49.76,21.74,220.78,-21.74,3,2,False,"[136.52, -21.74, 84.26]",1.0,1.0,1.0,0.0
X01696,icefishball,short_only,atr_blend,atr_blend,1.5,1.0,6,4,199.04,10.1555,0.75,49.76,21.74,220.78,-21.74,3,2,False,"[136.52, -21.74, 84.26]",1.0,1.0,1.0,0.0
X01702,icefishball,short_only,atr_blend,atr_blend,2.0,1.0,6,4,199.04,10.1555,0.75,49.76,21.74,220.78,-21.74,3,2,False,"[136.52, -21.74, 84.26]",1.0,1.0,1.0,0.0
X01708,icefishball,short_only,atr_blend,atr_blend,2.5,1.0,6,4,199.04,10.1555,0.75,49.76,21.74,220.78,-21.74,3,2,False,"[136.52, -21.74, 84.26]",1.0,1.0,1.0,0.0
X01628,icefishball,short_only,fixed,fixed,60.0,30.0,6,4,154.54,8.1086,0.75,38.635,21.74,176.28,-21.74,3,2,False,"[117.52, -21.74, 58.76]",1.0,1.0,1.0,0.0
X01636,icefishball,short_only,fixed,fixed,80.0,30.0,6,4,154.54,8.1086,0.75,38.635,21.74,176.28,-21.74,3,2,False,"[117.52, -21.74, 58.76]",1.0,1.0,1.0,0.0
X00352,icefishball,all,atr,atr,1.0,1.0,12,6,391.06,7.6575,0.8333,65.1767,58.74,449.8,-58.74,3,2,False,"[-13.48, 258.02, 146.52]",1.0,1.0,1.0,0.0
X00496,icefishball,all,atr,atr,1.0,1.0,24,6,391.06,7.6575,0.8333,65.1767,58.74,449.8,-58.74,3,2,False,"[-13.48, 258.02, 146.52]",1.0,1.0,1.0,0.0
X00640,icefishball,all,atr,atr,1.0,1.0,48,6,391.06,7.6575,0.8333,65.1767,58.74,449.8,-58.74,3,2,False,"[-13.48, 258.02, 146.52]",1.0,1.0,1.0,0.0
X00388,icefishball,all,atr_blend,atr_blend,1.0,1.0,12,6,356.06,7.5645,0.8333,59.3433,54.24,410.3,-54.24,3,2,False,"[-6.48, 199.02, 163.52]",1.0,1.0,1.0,0.0
X00532,icefishball,all,atr_blend,atr_blend,1.0,1.0,24,6,356.06,7.5645,0.8333,59.3433,54.24,410.3,-54.24,3,2,False,"[-6.48, 199.02, 163.52]",1.0,1.0,1.0,0.0
X00676,icefishball,all,atr_blend,atr_blend,1.0,1.0,48,6,356.06,7.5645,0.8333,59.3433,54.24,410.3,-54.24,3,2,False,"[-6.48, 199.02, 163.52]",1.0,1.0,1.0,0.0
X01629,icefishball,short_only,fixed,fixed,60.0,40.0,6,4,135.54,7.1665,0.5,33.885,21.74,157.52,-21.98,3,2,False,"[78.52, -21.74, 78.76]",1.0,1.0,1.0,0.0
X01637,icefishball,short_only,fixed,fixed,80.0,40.0,6,4,135.54,7.1665,0.5,33.885,21.74,157.52,-21.98,3,2,False,"[78.52, -21.74, 78.76]",1.0,1.0,1.0,0.0
X01214,icefishball,long_only,atr,atr,0.75,4.0,24,2,236.02,6.335,0.5,118.01,44.24,280.26,-44.24,2,1,False,"[-44.24, 280.26]",1.0,1.0,1.0,0.0
X01358,icefishball,long_only,atr,atr,0.75,4.0,48,2,236.02,6.335,0.5,118.01,44.24,280.26,-44.24,2,1,False,"[-44.24, 280.26]",1.0,1.0,1.0,0.0
X00358,icefishball,all,atr,atr,1.25,1.0,12,6,377.06,6.1837,0.8333,62.8433,72.74,449.8,-72.74,3,2,False,"[-27.48, 258.02, 146.52]",1.0,1.0,1.0,0.0
X00502,icefishball,all,atr,atr,1.25,1.0,24,6,377.06,6.1837,0.8333,62.8433,72.74,449.8,-72.74,3,2,False,"[-27.48, 258.02, 146.52]",1.0,1.0,1.0,0.0
X00646,icefishball,all,atr,atr,1.25,1.0,48,6,377.06,6.1837,0.8333,62.8433,72.74,449.8,-72.74,3,2,False,"[-27.48, 258.02, 146.52]",1.0,1.0,1.0,0.0
X00394,icefishball,all,atr_blend,atr_blend,1.25,1.0,12,6,343.06,6.102,0.8333,57.1767,67.24,410.3,-67.24,3,2,False,"[-19.48, 199.02, 163.52]",1.0,1.0,1.0,0.0
X00538,icefishball,all,atr_blend,atr_blend,1.25,1.0,24,6,343.06,6.102,0.8333,57.1767,67.24,410.3,-67.24,3,2,False,"[-19.48, 199.02, 163.52]",1.0,1.0,1.0,0.0
X00682,icefishball,all,atr_blend,atr_blend,1.25,1.0,48,6,343.06,6.102,0.8333,57.1767,67.24,410.3,-67.24,3,2,False,"[-19.48, 199.02, 163.52]",1.0,1.0,1.0,0.0
X01249,icefishball,long_only,atr_blend,atr_blend,0.75,3.0,24,2,200.02,5.9097,0.5,100.01,40.74,240.76,-40.74,2,1,False,"[-40.74, 240.76]",1.0,1.0,1.0,0.0
X01393,icefishball,long_only,atr_blend,atr_blend,0.75,3.0,48,2,200.02,5.9097,0.5,100.01,40.74,240.76,-40.74,2,1,False,"[-40.74, 240.76]",1.0,1.0,1.0,0.0
X01250,icefishball,long_only,atr_blend,atr_blend,0.75,4.0,24,2,196.02,5.8115,0.5,98.01,40.74,236.76,-40.74,2,1,False,"[-40.74, 236.76]",1.0,1.0,1.0,0.0
X01606,icefishball,short_only,fixed,fixed,20.0,60.0,6,4,196.04,5.7261,0.5,49.01,41.24,237.52,-41.48,3,2,False,"[118.52, -41.24, 118.76]",1.0,1.0,1.0,0.0
X01991,icefishball,short_only,atr_blend,atr_blend,2.0,1.5,24,3,169.78,5.6211,0.6667,56.5933,36.74,206.52,-36.74,3,2,False,"[72.76, 133.76, -36.74]",1.0,1.0,1.0,0.0
X01997,icefishball,short_only,atr_blend,atr_blend,2.5,1.5,24,3,169.78,5.6211,0.6667,56.5933,36.74,206.52,-36.74,3,2,False,"[72.76, 133.76, -36.74]",1.0,1.0,1.0,0.0
X00364,icefishball,all,atr,atr,1.5,1.0,12,6,362.56,5.1559,0.8333,60.4267,87.24,449.8,-87.24,3,2,False,"[-41.98, 258.02, 146.52]",1.0,1.0,1.0,0.0
X00508,icefishball,all,atr,atr,1.5,1.0,24,6,362.56,5.1559,0.8333,60.4267,87.24,449.8,-87.24,3,2,False,"[-41.98, 258.02, 146.52]",1.0,1.0,1.0,0.0
X00652,icefishball,all,atr,atr,1.5,1.0,48,6,362.56,5.1559,0.8333,60.4267,87.24,449.8,-87.24,3,2,False,"[-41.98, 258.02, 146.52]",1.0,1.0,1.0,0.0
X00400,icefishball,all,atr_blend,atr_blend,1.5,1.0,12,6,329.56,5.0817,0.8333,54.9267,80.74,410.3,-80.74,3,2,False,"[-32.98, 199.02, 163.52]",1.0,1.0,1.0,0.0
X00544,icefishball,all,atr_blend,atr_blend,1.5,1.0,24,6,329.56,5.0817,0.8333,54.9267,80.74,410.3,-80.74,3,2,False,"[-32.98, 199.02, 163.52]",1.0,1.0,1.0,0.0
X00688,icefishball,all,atr_blend,atr_blend,1.5,1.0,48,6,329.56,5.0817,0.8333,54.9267,80.74,410.3,-80.74,3,2,False,"[-32.98, 199.02, 163.52]",1.0,1.0,1.0,0.0
X00357,icefishball,all,atr,atr,1.25,0.75,12,7,294.82,5.0531,0.8571,42.1171,72.74,367.56,-72.74,3,2,False,"[-6.72, 193.02, 108.52]",1.0,1.0,1.0,0.0
X00501,icefishball,all,atr,atr,1.25,0.75,24,7,294.82,5.0531,0.8571,42.1171,72.74,367.56,-72.74,3,2,False,"[-6.72, 193.02, 108.52]",1.0,1.0,1.0,0.0
X00645,icefishball,all,atr,atr,1.25,0.75,48,7,294.82,5.0531,0.8571,42.1171,72.74,367.56,-72.74,3,2,False,"[-6.72, 193.02, 108.52]",1.0,1.0,1.0,0.0
X01284,icefishball,long_only,range15_pct,range15_pct,0.5,2.0,24,2,189.52,5.0119,0.5,94.76,47.24,236.76,-47.24,2,1,False,"[-47.24, 236.76]",1.0,1.0,1.0,0.0
X00245,icefishball,all,atr_blend,atr_blend,1.0,1.5,6,6,304.56,4.9958,0.5,50.76,54.48,380.78,-76.22,3,2,False,"[-54.48, 112.02, 247.02]",1.0,1.0,1.0,0.0
X01283,icefishball,long_only,range15_pct,range15_pct,0.5,1.5,24,2,188.02,4.9801,0.5,94.01,47.24,235.26,-47.24,2,1,False,"[-47.24, 235.26]",1.0,1.0,1.0,0.0
X01427,icefishball,long_only,range15_pct,range15_pct,0.5,1.5,48,2,188.02,4.9801,0.5,94.01,47.24,235.26,-47.24,2,1,False,"[-47.24, 235.26]",1.0,1.0,1.0,0.0
X00478,icefishball,all,fixed,fixed,60.0,60.0,24,6,472.56,4.8977,0.8333,78.76,121.24,593.8,-121.24,3,2,False,"[-2.48, 237.52, 237.52]",1.0,1.0,1.0,0.0
X00622,icefishball,all,fixed,fixed,60.0,60.0,48,6,472.56,4.8977,0.8333,78.76,121.24,593.8,-121.24,3,2,False,"[-2.48, 237.52, 237.52]",1.0,1.0,1.0,0.0
X01220,icefishball,long_only,atr,atr,1.0,4.0,24,2,221.52,4.7712,0.5,110.76,58.74,280.26,-58.74,2,1,False,"[-58.74, 280.26]",1.0,1.0,1.0,0.0
X01364,icefishball,long_only,atr,atr,1.0,4.0,48,2,221.52,4.7712,0.5,110.76,58.74,280.26,-58.74,2,1,False,"[-58.74, 280.26]",1.0,1.0,1.0,0.0
X01213,icefishball,long_only,atr,atr,0.75,3.0,24,2,165.52,4.7414,0.5,82.76,44.24,209.76,-44.24,2,1,False,"[-44.24, 209.76]",1.0,1.0,1.0,0.0
X01357,icefishball,long_only,atr,atr,0.75,3.0,48,2,165.52,4.7414,0.5,82.76,44.24,209.76,-44.24,2,1,False,"[-44.24, 209.76]",1.0,1.0,1.0,0.0
X00695,icefishball,all,atr_blend,atr_blend,2.0,1.5,48,5,384.8,4.5882,0.8,76.96,107.24,492.04,-107.24,3,2,False,"[-34.48, 299.52, 119.76]",1.0,1.0,1.0,0.0
X01255,icefishball,long_only,atr_blend,atr_blend,1.0,3.0,24,2,186.52,4.4388,0.5,93.26,54.24,240.76,-54.24,2,1,False,"[-54.24, 240.76]",1.0,1.0,1.0,0.0
X01399,icefishball,long_only,atr_blend,atr_blend,1.0,3.0,48,2,186.52,4.4388,0.5,93.26,54.24,240.76,-54.24,2,1,False,"[-54.24, 240.76]",1.0,1.0,1.0,0.0
X01910,icefishball,short_only,fixed,fixed,40.0,60.0,24,4,275.04,4.3855,0.75,68.76,81.24,356.28,-81.24,3,2,False,"[237.52, -81.24, 118.76]",1.0,1.0,1.0,0.0
X02054,icefishball,short_only,fixed,fixed,40.0,60.0,48,4,275.04,4.3855,0.75,68.76,81.24,356.28,-81.24,3,2,False,"[237.52, -81.24, 118.76]",1.0,1.0,1.0,0.0
X01256,icefishball,long_only,atr_blend,atr_blend,1.0,4.0,24,2,182.52,4.365,0.5,91.26,54.24,236.76,-54.24,2,1,False,"[-54.24, 236.76]",1.0,1.0,1.0,0.0
X01604,icefishball,short_only,fixed,fixed,20.0,30.0,6,4,135.04,4.2745,0.75,33.76,41.24,176.28,-41.24,3,2,False,"[117.52, -41.24, 58.76]",1.0,1.0,1.0,0.0
X01748,icefishball,short_only,fixed,fixed,20.0,30.0,12,4,135.04,4.2745,0.75,33.76,41.24,176.28,-41.24,3,2,False,"[117.52, -41.24, 58.76]",1.0,1.0,1.0,0.0
X01892,icefishball,short_only,fixed,fixed,20.0,30.0,24,4,135.04,4.2745,0.75,33.76,41.24,176.28,-41.24,3,2,False,"[117.52, -41.24, 58.76]",1.0,1.0,1.0,0.0
X02036,icefishball,short_only,fixed,fixed,20.0,30.0,48,4,135.04,4.2745,0.75,33.76,41.24,176.28,-41.24,3,2,False,"[117.52, -41.24, 58.76]",1.0,1.0,1.0,0.0
X00251,icefishball,all,atr_blend,atr_blend,1.25,1.5,6,6,291.56,4.2679,0.5,48.5933,67.48,380.78,-89.22,3,2,False,"[-67.48, 112.02, 247.02]",1.0,1.0,1.0,0.0
X00399,icefishball,all,atr_blend,atr_blend,1.5,0.75,12,7,260.82,4.2304,0.8571,37.26,80.74,341.56,-80.74,3,2,False,"[-10.22, 148.52, 122.52]",1.0,1.0,1.0,0.0
X00543,icefishball,all,atr_blend,atr_blend,1.5,0.75,24,7,260.82,4.2304,0.8571,37.26,80.74,341.56,-80.74,3,2,False,"[-10.22, 148.52, 122.52]",1.0,1.0,1.0,0.0
X00687,icefishball,all,atr_blend,atr_blend,1.5,0.75,48,7,260.82,4.2304,0.8571,37.26,80.74,341.56,-80.74,3,2,False,"[-10.22, 148.52, 122.52]",1.0,1.0,1.0,0.0
X00363,icefishball,all,atr,atr,1.5,0.75,12,7,280.32,4.2132,0.8571,40.0457,87.24,367.56,-87.24,3,2,False,"[-21.22, 193.02, 108.52]",1.0,1.0,1.0,0.0
X00507,icefishball,all,atr,atr,1.5,0.75,24,7,280.32,4.2132,0.8571,40.0457,87.24,367.56,-87.24,3,2,False,"[-21.22, 193.02, 108.52]",1.0,1.0,1.0,0.0
X00651,icefishball,all,atr,atr,1.5,0.75,48,7,280.32,4.2132,0.8571,40.0457,87.24,367.56,-87.24,3,2,False,"[-21.22, 193.02, 108.52]",1.0,1.0,1.0,0.0
X01105,icefishball,long_only,atr_blend,atr_blend,0.75,3.0,12,2,122.52,4.0074,0.5,61.26,40.74,163.26,-40.74,2,1,False,"[-40.74, 163.26]",1.0,1.0,1.0,0.0
X01106,icefishball,long_only,atr_blend,atr_blend,0.75,4.0,12,2,122.52,4.0074,0.5,61.26,40.74,163.26,-40.74,2,1,False,"[-40.74, 163.26]",1.0,1.0,1.0,0.0
X02129,icefishball,short_only,atr_blend,atr_blend,1.5,1.5,48,3,224.28,3.9809,0.6667,74.76,75.24,299.52,-75.24,3,2,False,"[-75.24, 133.76, 165.76]",1.0,1.0,1.0,0.0
X00244,icefishball,all,atr_blend,atr_blend,1.0,1.0,6,6,224.06,3.9489,0.6667,37.3433,54.24,300.04,-75.98,3,2,False,"[-6.48, 67.02, 163.52]",1.0,1.0,1.0,0.0
X00960,icefishball,long_only,atr_blend,atr_blend,0.75,2.0,6,2,119.52,3.9337,0.5,59.76,40.74,160.26,-40.74,2,1,False,"[-40.74, 160.26]",1.0,1.0,1.0,0.0
X01104,icefishball,long_only,atr_blend,atr_blend,0.75,2.0,12,2,119.52,3.9337,0.5,59.76,40.74,160.26,-40.74,2,1,False,"[-40.74, 160.26]",1.0,1.0,1.0,0.0
X01248,icefishball,long_only,atr_blend,atr_blend,0.75,2.0,24,2,119.52,3.9337,0.5,59.76,40.74,160.26,-40.74,2,1,False,"[-40.74, 160.26]",1.0,1.0,1.0,0.0
X01392,icefishball,long_only,atr_blend,atr_blend,0.75,2.0,48,2,119.52,3.9337,0.5,59.76,40.74,160.26,-40.74,2,1,False,"[-40.74, 160.26]",1.0,1.0,1.0,0.0
X01184,icefishball,long_only,fixed,fixed,30.0,120.0,24,2,177.52,3.8988,0.5,88.76,61.24,238.76,-61.24,2,1,False,"[-61.24, 238.76]",1.0,1.0,1.0,0.0
X01328,icefishball,long_only,fixed,fixed,30.0,120.0,48,2,177.52,3.8988,0.5,88.76,61.24,238.76,-61.24,2,1,False,"[-61.24, 238.76]",1.0,1.0,1.0,0.0
X00370,icefishball,all,atr,atr,2.0,1.0,12,6,334.06,3.8863,0.8333,55.6767,115.74,449.8,-115.74,3,2,False,"[-70.48, 258.02, 146.52]",1.0,1.0,1.0,0.0
X00514,icefishball,all,atr,atr,2.0,1.0,24,6,334.06,3.8863,0.8333,55.6767,115.74,449.8,-115.74,3,2,False,"[-70.48, 258.02, 146.52]",1.0,1.0,1.0,0.0
X00658,icefishball,all,atr,atr,2.0,1.0,48,6,334.06,3.8863,0.8333,55.6767,115.74,449.8,-115.74,3,2,False,"[-70.48, 258.02, 146.52]",1.0,1.0,1.0,0.0
X01614,icefishball,short_only,fixed,fixed,30.0,60.0,6,4,176.04,3.8634,0.5,44.01,61.24,237.52,-61.48,3,2,False,"[118.52, -61.24, 118.76]",1.0,1.0,1.0,0.0
X01226,icefishball,long_only,atr,atr,1.25,4.0,24,2,207.52,3.8529,0.5,103.76,72.74,280.26,-72.74,2,1,False,"[-72.74, 280.26]",1.0,1.0,1.0,0.0
X01370,icefishball,long_only,atr,atr,1.25,4.0,48,2,207.52,3.8529,0.5,103.76,72.74,280.26,-72.74,2,1,False,"[-72.74, 280.26]",1.0,1.0,1.0,0.0
X00961,icefishball,long_only,atr_blend,atr_blend,0.75,3.0,6,2,115.52,3.8355,0.5,57.76,40.74,156.26,-40.74,2,1,False,"[-40.74, 156.26]",1.0,1.0,1.0,0.0
X00962,icefishball,long_only,atr_blend,atr_blend,0.75,4.0,6,2,115.52,3.8355,0.5,57.76,40.74,156.26,-40.74,2,1,False,"[-40.74, 156.26]",1.0,1.0,1.0,0.0
X00406,icefishball,all,atr_blend,atr_blend,2.0,1.0,12,6,303.06,3.826,0.8333,50.51,107.24,410.3,-107.24,3,2,False,"[-59.48, 199.02, 163.52]",1.0,1.0,1.0,0.0
X00550,icefishball,all,atr_blend,atr_blend,2.0,1.0,24,6,303.06,3.826,0.8333,50.51,107.24,410.3,-107.24,3,2,False,"[-59.48, 199.02, 163.52]",1.0,1.0,1.0,0.0
X00694,icefishball,all,atr_blend,atr_blend,2.0,1.0,48,6,303.06,3.826,0.8333,50.51,107.24,410.3,-107.24,3,2,False,"[-59.48, 199.02, 163.52]",1.0,1.0,1.0,0.0
X01605,icefishball,short_only,fixed,fixed,20.0,40.0,6,4,116.04,3.7975,0.5,29.01,41.24,157.52,-41.48,3,2,False,"[78.52, -41.24, 78.76]",1.0,1.0,1.0,0.0
X00208,icefishball,all,atr,atr,1.0,1.0,6,6,223.56,3.7778,0.6667,37.26,58.74,304.04,-80.48,3,2,False,"[-13.48, 90.52, 146.52]",1.0,1.0,1.0,0.0
X00257,icefishball,all,atr_blend,atr_blend,1.5,1.5,6,6,278.06,3.707,0.5,46.3433,80.98,380.78,-102.72,3,2,False,"[-80.98, 112.02, 247.02]",1.0,1.0,1.0,0.0
X01069,icefishball,long_only,atr,atr,0.75,3.0,12,2,119.02,3.6903,0.5,59.51,44.24,163.26,-44.24,2,1,False,"[-44.24, 163.26]",1.0,1.0,1.0,0.0
X01070,icefishball,long_only,atr,atr,0.75,4.0,12,2,119.02,3.6903,0.5,59.51,44.24,163.26,-44.24,2,1,False,"[-44.24, 163.26]",1.0,1.0,1.0,0.0
X01261,icefishball,long_only,atr_blend,atr_blend,1.25,3.0,24,2,173.52,3.5806,0.5,86.76,67.24,240.76,-67.24,2,1,False,"[-67.24, 240.76]",1.0,1.0,1.0,0.0
X01405,icefishball,long_only,atr_blend,atr_blend,1.25,3.0,48,2,173.52,3.5806,0.5,86.76,67.24,240.76,-67.24,2,1,False,"[-67.24, 240.76]",1.0,1.0,1.0,0.0
X01219,icefishball,long_only,atr,atr,1.0,3.0,24,2,151.02,3.571,0.5,75.51,58.74,209.76,-58.74,2,1,False,"[-58.74, 209.76]",1.0,1.0,1.0,0.0
X01363,icefishball,long_only,atr,atr,1.0,3.0,48,2,151.02,3.571,0.5,75.51,58.74,209.76,-58.74,2,1,False,"[-58.74, 209.76]",1.0,1.0,1.0,0.0
X00925,icefishball,long_only,atr,atr,0.75,3.0,6,2,112.02,3.5321,0.5,56.01,44.24,156.26,-44.24,2,1,False,"[-44.24, 156.26]",1.0,1.0,1.0,0.0
X00926,icefishball,long_only,atr,atr,0.75,4.0,6,2,112.02,3.5321,0.5,56.01,44.24,156.26,-44.24,2,1,False,"[-44.24, 156.26]",1.0,1.0,1.0,0.0
X01262,icefishball,long_only,atr_blend,atr_blend,1.25,4.0,24,2,169.52,3.5211,0.5,84.76,67.24,236.76,-67.24,2,1,False,"[-67.24, 236.76]",1.0,1.0,1.0,0.0
X01139,icefishball,long_only,range15_pct,range15_pct,0.5,1.5,12,2,116.02,3.456,0.5,58.01,47.24,163.26,-47.24,2,1,False,"[-47.24, 163.26]",1.0,1.0,1.0,0.0
X01140,icefishball,long_only,range15_pct,range15_pct,0.5,2.0,12,2,116.02,3.456,0.5,58.01,47.24,163.26,-47.24,2,1,False,"[-47.24, 163.26]",1.0,1.0,1.0,0.0
X01288,icefishball,long_only,range15_pct,range15_pct,0.75,2.0,24,2,167.02,3.3949,0.5,83.51,69.74,236.76,-69.74,2,1,False,"[-69.74, 236.76]",1.0,1.0,1.0,0.0
X01287,icefishball,long_only,range15_pct,range15_pct,0.75,1.5,24,2,165.52,3.3734,0.5,82.76,69.74,235.26,-69.74,2,1,False,"[-69.74, 235.26]",1.0,1.0,1.0,0.0
X01431,icefishball,long_only,range15_pct,range15_pct,0.75,1.5,48,2,165.52,3.3734,0.5,82.76,69.74,235.26,-69.74,2,1,False,"[-69.74, 235.26]",1.0,1.0,1.0,0.0
X00250,icefishball,all,atr_blend,atr_blend,1.25,1.0,6,6,211.06,3.372,0.6667,35.1767,67.24,300.04,-88.98,3,2,False,"[-19.48, 67.02, 163.52]",1.0,1.0,1.0,0.0
X00994,icefishball,long_only,range15_pct,range15_pct,0.5,1.0,6,2,109.02,3.3078,0.5,54.51,47.24,156.26,-47.24,2,1,False,"[-47.24, 156.26]",1.0,1.0,1.0,0.0
X00995,icefishball,long_only,range15_pct,range15_pct,0.5,1.5,6,2,109.02,3.3078,0.5,54.51,47.24,156.26,-47.24,2,1,False,"[-47.24, 156.26]",1.0,1.0,1.0,0.0
X00996,icefishball,long_only,range15_pct,range15_pct,0.5,2.0,6,2,109.02,3.3078,0.5,54.51,47.24,156.26,-47.24,2,1,False,"[-47.24, 156.26]",1.0,1.0,1.0,0.0
X01138,icefishball,long_only,range15_pct,range15_pct,0.5,1.0,12,2,109.02,3.3078,0.5,54.51,47.24,156.26,-47.24,2,1,False,"[-47.24, 156.26]",1.0,1.0,1.0,0.0
X01282,icefishball,long_only,range15_pct,range15_pct,0.5,1.0,24,2,109.02,3.3078,0.5,54.51,47.24,156.26,-47.24,2,1,False,"[-47.24, 156.26]",1.0,1.0,1.0,0.0
X01426,icefishball,long_only,range15_pct,range15_pct,0.5,1.0,48,2,109.02,3.3078,0.5,54.51,47.24,156.26,-47.24,2,1,False,"[-47.24, 156.26]",1.0,1.0,1.0,0.0
X00477,icefishball,all,fixed,fixed,60.0,40.0,24,6,272.56,3.2481,0.8333,45.4267,121.24,393.8,-121.24,3,2,False,"[-42.48, 157.52, 157.52]",1.0,1.0,1.0,0.0
X00621,icefishball,all,fixed,fixed,60.0,40.0,48,6,272.56,3.2481,0.8333,45.4267,121.24,393.8,-121.24,3,2,False,"[-42.48, 157.52, 157.52]",1.0,1.0,1.0,0.0
X00214,icefishball,all,atr,atr,1.25,1.0,6,6,209.56,3.218,0.6667,34.9267,72.74,304.04,-94.48,3,2,False,"[-27.48, 90.52, 146.52]",1.0,1.0,1.0,0.0
X01232,icefishball,long_only,atr,atr,1.5,4.0,24,2,193.02,3.2125,0.5,96.51,87.24,280.26,-87.24,2,1,False,"[-87.24, 280.26]",1.0,1.0,1.0,0.0
X01376,icefishball,long_only,atr,atr,1.5,4.0,48,2,193.02,3.2125,0.5,96.51,87.24,280.26,-87.24,2,1,False,"[-87.24, 280.26]",1.0,1.0,1.0,0.0
X00405,icefishball,all,atr_blend,atr_blend,2.0,0.75,12,7,234.32,3.185,0.8571,33.4743,107.24,341.56,-107.24,3,2,False,"[-36.72, 148.52, 122.52]",1.0,1.0,1.0,0.0
X00549,icefishball,all,atr_blend,atr_blend,2.0,0.75,24,7,234.32,3.185,0.8571,33.4743,107.24,341.56,-107.24,3,2,False,"[-36.72, 148.52, 122.52]",1.0,1.0,1.0,0.0
X00693,icefishball,all,atr_blend,atr_blend,2.0,0.75,48,7,234.32,3.185,0.8571,33.4743,107.24,341.56,-107.24,3,2,False,"[-36.72, 148.52, 122.52]",1.0,1.0,1.0,0.0
X00369,icefishball,all,atr,atr,2.0,0.75,12,7,251.82,3.1757,0.8571,35.9743,115.74,367.56,-115.74,3,2,False,"[-49.72, 193.02, 108.52]",1.0,1.0,1.0,0.0
X00513,icefishball,all,atr,atr,2.0,0.75,24,7,251.82,3.1757,0.8571,35.9743,115.74,367.56,-115.74,3,2,False,"[-49.72, 193.02, 108.52]",1.0,1.0,1.0,0.0
X00657,icefishball,all,atr,atr,2.0,0.75,48,7,251.82,3.1757,0.8571,35.9743,115.74,367.56,-115.74,3,2,False,"[-49.72, 193.02, 108.52]",1.0,1.0,1.0,0.0
X00171,icefishball,all,fixed,fixed,30.0,20.0,6,6,132.56,3.1646,0.8333,22.0933,61.24,193.8,-61.24,3,2,False,"[-22.48, 77.52, 77.52]",1.0,1.0,1.0,0.0
X00315,icefishball,all,fixed,fixed,30.0,20.0,12,6,132.56,3.1646,0.8333,22.0933,61.24,193.8,-61.24,3,2,False,"[-22.48, 77.52, 77.52]",1.0,1.0,1.0,0.0
X00459,icefishball,all,fixed,fixed,30.0,20.0,24,6,132.56,3.1646,0.8333,22.0933,61.24,193.8,-61.24,3,2,False,"[-22.48, 77.52, 77.52]",1.0,1.0,1.0,0.0
X00603,icefishball,all,fixed,fixed,30.0,20.0,48,6,132.56,3.1646,0.8333,22.0933,61.24,193.8,-61.24,3,2,False,"[-22.48, 77.52, 77.52]",1.0,1.0,1.0,0.0
X00924,icefishball,long_only,atr,atr,0.75,2.0,6,2,95.02,3.1478,0.5,47.51,44.24,139.26,-44.24,2,1,False,"[-44.24, 139.26]",1.0,1.0,1.0,0.0
X01068,icefishball,long_only,atr,atr,0.75,2.0,12,2,95.02,3.1478,0.5,47.51,44.24,139.26,-44.24,2,1,False,"[-44.24, 139.26]",1.0,1.0,1.0,0.0
X01212,icefishball,long_only,atr,atr,0.75,2.0,24,2,95.02,3.1478,0.5,47.51,44.24,139.26,-44.24,2,1,False,"[-44.24, 139.26]",1.0,1.0,1.0,0.0
X01356,icefishball,long_only,atr,atr,0.75,2.0,48,2,95.02,3.1478,0.5,47.51,44.24,139.26,-44.24,2,1,False,"[-44.24, 139.26]",1.0,1.0,1.0,0.0
X02155,icefishball,short_only,range15_pct,range15_pct,1.0,1.5,48,2,99.52,3.0846,0.5,49.76,47.74,147.26,-47.74,2,1,False,"[-47.74, 147.26]",1.0,1.0,1.0,0.0
X02156,icefishball,short_only,range15_pct,range15_pct,1.0,2.0,48,2,99.52,3.0846,0.5,49.76,47.74,147.26,-47.74,2,1,False,"[-47.74, 147.26]",1.0,1.0,1.0,0.0
X00334,icefishball,all,fixed,fixed,60.0,60.0,12,6,320.56,3.0751,0.6667,53.4267,154.48,475.04,-154.48,3,2,False,"[-154.48, 237.52, 237.52]",1.0,1.0,1.0,0.0
X01679,icefishball,short_only,atr_blend,atr_blend,0.75,1.5,6,4,176.04,3.0715,0.5,44.01,84.74,261.02,-84.98,3,2,False,"[133.52, -84.74, 127.26]",1.0,1.0,1.0,0.0
X01462,icefishball,short_only,fixed,fixed,20.0,60.0,3,4,137.04,3.0308,0.5,34.26,41.24,204.52,-67.48,3,2,False,"[92.52, -41.24, 85.76]",1.0,1.0,1.0,0.0
X00239,icefishball,all,atr_blend,atr_blend,0.75,1.5,6,6,255.06,3.0288,0.5,42.51,84.74,380.78,-125.72,3,2,False,"[-40.98, 49.02, 247.02]",1.0,1.0,1.0,0.0
X01111,icefishball,long_only,atr_blend,atr_blend,1.0,3.0,12,2,109.02,3.01,0.5,54.51,54.24,163.26,-54.24,2,1,False,"[-54.24, 163.26]",1.0,1.0,1.0,0.0
X01112,icefishball,long_only,atr_blend,atr_blend,1.0,4.0,12,2,109.02,3.01,0.5,54.51,54.24,163.26,-54.24,2,1,False,"[-54.24, 163.26]",1.0,1.0,1.0,0.0
X01541,icefishball,short_only,atr_blend,atr_blend,1.0,1.5,3,4,146.54,3.0079,0.5,36.635,46.74,219.52,-72.98,3,2,False,"[107.52, -46.74, 85.76]",1.0,1.0,1.0,0.0
X01547,icefishball,short_only,atr_blend,atr_blend,1.25,1.5,3,4,146.54,3.0079,0.5,36.635,46.74,219.52,-72.98,3,2,False,"[107.52, -46.74, 85.76]",1.0,1.0,1.0,0.0
X01553,icefishball,short_only,atr_blend,atr_blend,1.5,1.5,3,4,146.54,3.0079,0.5,36.635,46.74,219.52,-72.98,3,2,False,"[107.52, -46.74, 85.76]",1.0,1.0,1.0,0.0
X01559,icefishball,short_only,atr_blend,atr_blend,2.0,1.5,3,4,146.54,3.0079,0.5,36.635,46.74,219.52,-72.98,3,2,False,"[107.52, -46.74, 85.76]",1.0,1.0,1.0,0.0
X01565,icefishball,short_only,atr_blend,atr_blend,2.5,1.5,3,4,146.54,3.0079,0.5,36.635,46.74,219.52,-72.98,3,2,False,"[107.52, -46.74, 85.76]",1.0,1.0,1.0,0.0
X01267,icefishball,long_only,atr_blend,atr_blend,1.5,3.0,24,2,160.02,2.9819,0.5,80.01,80.74,240.76,-80.74,2,1,False,"[-80.74, 240.76]",1.0,1.0,1.0,0.0
X01411,icefishball,long_only,atr_blend,atr_blend,1.5,3.0,48,2,160.02,2.9819,0.5,80.01,80.74,240.76,-80.74,2,1,False,"[-80.74, 240.76]",1.0,1.0,1.0,0.0
X00966,icefishball,long_only,atr_blend,atr_blend,1.0,2.0,6,2,106.02,2.9546,0.5,53.01,54.24,160.26,-54.24,2,1,False,"[-54.24, 160.26]",1.0,1.0,1.0,0.0
X01110,icefishball,long_only,atr_blend,atr_blend,1.0,2.0,12,2,106.02,2.9546,0.5,53.01,54.24,160.26,-54.24,2,1,False,"[-54.24, 160.26]",1.0,1.0,1.0,0.0
X01254,icefishball,long_only,atr_blend,atr_blend,1.0,2.0,24,2,106.02,2.9546,0.5,53.01,54.24,160.26,-54.24,2,1,False,"[-54.24, 160.26]",1.0,1.0,1.0,0.0
X01398,icefishball,long_only,atr_blend,atr_blend,1.0,2.0,48,2,106.02,2.9546,0.5,53.01,54.24,160.26,-54.24,2,1,False,"[-54.24, 160.26]",1.0,1.0,1.0,0.0
X00263,icefishball,all,atr_blend,atr_blend,2.0,1.5,6,6,251.56,2.9468,0.5,41.9267,107.48,380.78,-129.22,3,2,False,"[-107.48, 112.02, 247.02]",1.0,1.0,1.0,0.0
X00959,icefishball,long_only,atr_blend,atr_blend,0.75,1.5,6,2,79.02,2.9396,0.5,39.51,40.74,119.76,-40.74,2,1,False,"[-40.74, 119.76]",1.0,1.0,1.0,0.0
X01103,icefishball,long_only,atr_blend,atr_blend,0.75,1.5,12,2,79.02,2.9396,0.5,39.51,40.74,119.76,-40.74,2,1,False,"[-40.74, 119.76]",1.0,1.0,1.0,0.0
X01247,icefishball,long_only,atr_blend,atr_blend,0.75,1.5,24,2,79.02,2.9396,0.5,39.51,40.74,119.76,-40.74,2,1,False,"[-40.74, 119.76]",1.0,1.0,1.0,0.0
X01391,icefishball,long_only,atr_blend,atr_blend,0.75,1.5,48,2,79.02,2.9396,0.5,39.51,40.74,119.76,-40.74,2,1,False,"[-40.74, 119.76]",1.0,1.0,1.0,0.0
X01192,icefishball,long_only,fixed,fixed,40.0,120.0,24,2,157.52,2.9389,0.5,78.76,81.24,238.76,-81.24,2,1,False,"[-81.24, 238.76]",1.0,1.0,1.0,0.0
X01336,icefishball,long_only,fixed,fixed,40.0,120.0,48,2,157.52,2.9389,0.5,78.76,81.24,238.76,-81.24,2,1,False,"[-81.24, 238.76]",1.0,1.0,1.0,0.0
X01268,icefishball,long_only,atr_blend,atr_blend,1.5,4.0,24,2,156.02,2.9324,0.5,78.01,80.74,236.76,-80.74,2,1,False,"[-80.74, 236.76]",1.0,1.0,1.0,0.0
X00256,icefishball,all,atr_blend,atr_blend,1.5,1.0,6,6,197.56,2.9278,0.6667,32.9267,80.74,300.04,-102.48,3,2,False,"[-32.98, 67.02, 163.52]",1.0,1.0,1.0,0.0
X01622,icefishball,short_only,fixed,fixed,40.0,60.0,6,4,156.04,2.9151,0.5,39.01,81.24,237.52,-81.48,3,2,False,"[118.52, -81.24, 118.76]",1.0,1.0,1.0,0.0
X01909,icefishball,short_only,fixed,fixed,40.0,40.0,24,4,155.04,2.9084,0.75,38.76,81.24,236.28,-81.24,3,2,False,"[157.52, -81.24, 78.76]",1.0,1.0,1.0,0.0
X02053,icefishball,short_only,fixed,fixed,40.0,40.0,48,4,155.04,2.9084,0.75,38.76,81.24,236.28,-81.24,3,2,False,"[157.52, -81.24, 78.76]",1.0,1.0,1.0,0.0
X00174,icefishball,all,fixed,fixed,30.0,60.0,6,6,233.56,2.9032,0.5,38.9267,61.48,356.28,-122.72,3,2,False,"[-61.48, 57.52, 237.52]",1.0,1.0,1.0,0.0
X01225,icefishball,long_only,atr,atr,1.25,3.0,24,2,137.02,2.8837,0.5,68.51,72.74,209.76,-72.74,2,1,False,"[-72.74, 209.76]",1.0,1.0,1.0,0.0
X01369,icefishball,long_only,atr,atr,1.25,3.0,48,2,137.02,2.8837,0.5,68.51,72.74,209.76,-72.74,2,1,False,"[-72.74, 209.76]",1.0,1.0,1.0,0.0
X00967,icefishball,long_only,atr_blend,atr_blend,1.0,3.0,6,2,102.02,2.8809,0.5,51.01,54.24,156.26,-54.24,2,1,False,"[-54.24, 156.26]",1.0,1.0,1.0,0.0
X00968,icefishball,long_only,atr_blend,atr_blend,1.0,4.0,6,2,102.02,2.8809,0.5,51.01,54.24,156.26,-54.24,2,1,False,"[-54.24, 156.26]",1.0,1.0,1.0,0.0
X01750,icefishball,short_only,fixed,fixed,20.0,60.0,12,4,155.04,2.8797,0.5,38.76,41.24,237.52,-82.48,3,2,False,"[77.52, -41.24, 118.76]",1.0,1.0,1.0,0.0
X01894,icefishball,short_only,fixed,fixed,20.0,60.0,24,4,155.04,2.8797,0.5,38.76,41.24,237.52,-82.48,3,2,False,"[77.52, -41.24, 118.76]",1.0,1.0,1.0,0.0
X02038,icefishball,short_only,fixed,fixed,20.0,60.0,48,4,155.04,2.8797,0.5,38.76,41.24,237.52,-82.48,3,2,False,"[77.52, -41.24, 118.76]",1.0,1.0,1.0,0.0
X01612,icefishball,short_only,fixed,fixed,30.0,30.0,6,4,115.04,2.8785,0.75,28.76,61.24,176.28,-61.24,3,2,False,"[117.52, -61.24, 58.76]",1.0,1.0,1.0,0.0
X01756,icefishball,short_only,fixed,fixed,30.0,30.0,12,4,115.04,2.8785,0.75,28.76,61.24,176.28,-61.24,3,2,False,"[117.52, -61.24, 58.76]",1.0,1.0,1.0,0.0
X01900,icefishball,short_only,fixed,fixed,30.0,30.0,24,4,115.04,2.8785,0.75,28.76,61.24,176.28,-61.24,3,2,False,"[117.52, -61.24, 58.76]",1.0,1.0,1.0,0.0
X02044,icefishball,short_only,fixed,fixed,30.0,30.0,48,4,115.04,2.8785,0.75,28.76,61.24,176.28,-61.24,3,2,False,"[117.52, -61.24, 58.76]",1.0,1.0,1.0,0.0
X00026,icefishball,all,fixed,fixed,30.0,15.0,3,7,111.32,2.8178,0.8571,15.9029,61.24,172.56,-61.24,3,2,False,"[-3.72, 57.52, 57.52]",1.0,1.0,1.0,0.0
X00170,icefishball,all,fixed,fixed,30.0,15.0,6,7,111.32,2.8178,0.8571,15.9029,61.24,172.56,-61.24,3,2,False,"[-3.72, 57.52, 57.52]",1.0,1.0,1.0,0.0
X00314,icefishball,all,fixed,fixed,30.0,15.0,12,7,111.32,2.8178,0.8571,15.9029,61.24,172.56,-61.24,3,2,False,"[-3.72, 57.52, 57.52]",1.0,1.0,1.0,0.0
X00458,icefishball,all,fixed,fixed,30.0,15.0,24,7,111.32,2.8178,0.8571,15.9029,61.24,172.56,-61.24,3,2,False,"[-3.72, 57.52, 57.52]",1.0,1.0,1.0,0.0
X00602,icefishball,all,fixed,fixed,30.0,15.0,48,7,111.32,2.8178,0.8571,15.9029,61.24,172.56,-61.24,3,2,False,"[-3.72, 57.52, 57.52]",1.0,1.0,1.0,0.0
X01486,icefishball,short_only,fixed,fixed,60.0,60.0,3,4,131.54,2.8024,0.5,32.885,46.74,204.52,-72.98,3,2,False,"[92.52, -46.74, 85.76]",1.0,1.0,1.0,0.0
X01494,icefishball,short_only,fixed,fixed,80.0,60.0,3,4,131.54,2.8024,0.5,32.885,46.74,204.52,-72.98,3,2,False,"[92.52, -46.74, 85.76]",1.0,1.0,1.0,0.0
X00220,icefishball,all,atr,atr,1.5,1.0,6,6,195.06,2.7899,0.6667,32.51,87.24,304.04,-108.98,3,2,False,"[-41.98, 90.52, 146.52]",1.0,1.0,1.0,0.0
X01075,icefishball,long_only,atr,atr,1.0,3.0,12,2,104.52,2.7794,0.5,52.26,58.74,163.26,-58.74,2,1,False,"[-58.74, 163.26]",1.0,1.0,1.0,0.0
X01076,icefishball,long_only,atr,atr,1.0,4.0,12,2,104.52,2.7794,0.5,52.26,58.74,163.26,-58.74,2,1,False,"[-58.74, 163.26]",1.0,1.0,1.0,0.0
X00631,icefishball,all,fixed,fixed,80.0,80.0,48,5,304.8,2.7775,0.6,60.96,161.24,476.28,-171.48,3,2,False,"[148.52, -2.48, 158.76]",1.0,1.0,1.0,0.0
X00213,icefishball,all,atr,atr,1.25,0.75,6,7,163.82,2.7339,0.7143,23.4029,72.74,258.3,-94.48,3,2,False,"[-6.72, 62.02, 108.52]",1.0,1.0,1.0,0.0
X00689,icefishball,all,atr_blend,atr_blend,1.5,1.5,48,5,263.3,2.688,0.6,52.66,155.98,419.28,-155.98,3,2,False,"[-155.98, 299.52, 119.76]",1.0,1.0,1.0,0.0
X01040,icefishball,long_only,fixed,fixed,30.0,120.0,12,2,102.02,2.6659,0.5,51.01,61.24,163.26,-61.24,2,1,False,"[-61.24, 163.26]",1.0,1.0,1.0,0.0
X00931,icefishball,long_only,atr,atr,1.0,3.0,6,2,97.52,2.6602,0.5,48.76,58.74,156.26,-58.74,2,1,False,"[-58.74, 156.26]",1.0,1.0,1.0,0.0
X00932,icefishball,long_only,atr,atr,1.0,4.0,6,2,97.52,2.6602,0.5,48.76,58.74,156.26,-58.74,2,1,False,"[-58.74, 156.26]",1.0,1.0,1.0,0.0
X00344,icefishball,all,fixed,fixed,80.0,120.0,12,5,321.8,2.6547,0.6,64.36,161.24,516.28,-194.48,3,2,False,"[205.52, -46.98, 163.26]",1.0,1.0,1.0,0.0
X01678,icefishball,short_only,atr_blend,atr_blend,0.75,1.0,6,4,136.04,2.6054,0.75,34.01,84.74,220.78,-84.74,3,2,False,"[136.52, -84.74, 84.26]",1.0,1.0,1.0,0.0
X01822,icefishball,short_only,atr_blend,atr_blend,0.75,1.0,12,4,136.04,2.6054,0.75,34.01,84.74,220.78,-84.74,3,2,False,"[136.52, -84.74, 84.26]",1.0,1.0,1.0,0.0
X01966,icefishball,short_only,atr_blend,atr_blend,0.75,1.0,24,4,136.04,2.6054,0.75,34.01,84.74,220.78,-84.74,3,2,False,"[136.52, -84.74, 84.26]",1.0,1.0,1.0,0.0
X02110,icefishball,short_only,atr_blend,atr_blend,0.75,1.0,48,4,136.04,2.6054,0.75,34.01,84.74,220.78,-84.74,3,2,False,"[136.52, -84.74, 84.26]",1.0,1.0,1.0,0.0
X01498,icefishball,short_only,atr,atr,0.75,1.0,3,4,116.54,2.5969,0.5,29.135,46.74,189.52,-72.98,3,2,False,"[86.02, -46.74, 77.26]",1.0,1.0,1.0,0.0
X01504,icefishball,short_only,atr,atr,1.0,1.0,3,4,116.54,2.5969,0.5,29.135,46.74,189.52,-72.98,3,2,False,"[86.02, -46.74, 77.26]",1.0,1.0,1.0,0.0
X01510,icefishball,short_only,atr,atr,1.25,1.0,3,4,116.54,2.5969,0.5,29.135,46.74,189.52,-72.98,3,2,False,"[86.02, -46.74, 77.26]",1.0,1.0,1.0,0.0
X01516,icefishball,short_only,atr,atr,1.5,1.0,3,4,116.54,2.5969,0.5,29.135,46.74,189.52,-72.98,3,2,False,"[86.02, -46.74, 77.26]",1.0,1.0,1.0,0.0
X01522,icefishball,short_only,atr,atr,2.0,1.0,3,4,116.54,2.5969,0.5,29.135,46.74,189.52,-72.98,3,2,False,"[86.02, -46.74, 77.26]",1.0,1.0,1.0,0.0
X01528,icefishball,short_only,atr,atr,2.5,1.0,3,4,116.54,2.5969,0.5,29.135,46.74,189.52,-72.98,3,2,False,"[86.02, -46.74, 77.26]",1.0,1.0,1.0,0.0
X00487,icefishball,all,fixed,fixed,80.0,80.0,24,5,292.8,2.5958,0.6,58.56,161.24,476.28,-183.48,3,2,False,"[136.52, -2.48, 158.76]",1.0,1.0,1.0,0.0
X00895,icefishball,long_only,fixed,fixed,30.0,80.0,6,2,97.52,2.5924,0.5,48.76,61.24,158.76,-61.24,2,1,False,"[-61.24, 158.76]",1.0,1.0,1.0,0.0
X01039,icefishball,long_only,fixed,fixed,30.0,80.0,12,2,97.52,2.5924,0.5,48.76,61.24,158.76,-61.24,2,1,False,"[-61.24, 158.76]",1.0,1.0,1.0,0.0
X01183,icefishball,long_only,fixed,fixed,30.0,80.0,24,2,97.52,2.5924,0.5,48.76,61.24,158.76,-61.24,2,1,False,"[-61.24, 158.76]",1.0,1.0,1.0,0.0
X01327,icefishball,long_only,fixed,fixed,30.0,80.0,48,2,97.52,2.5924,0.5,48.76,61.24,158.76,-61.24,2,1,False,"[-61.24, 158.76]",1.0,1.0,1.0,0.0
X01613,icefishball,short_only,fixed,fixed,30.0,40.0,6,4,96.04,2.5621,0.5,24.01,61.24,157.52,-61.48,3,2,False,"[78.52, -61.24, 78.76]",1.0,1.0,1.0,0.0
X01292,icefishball,long_only,range15_pct,range15_pct,1.0,2.0,24,2,144.02,2.5529,0.5,72.01,92.74,236.76,-92.74,2,1,False,"[-92.74, 236.76]",1.0,1.0,1.0,0.0
X00896,icefishball,long_only,fixed,fixed,30.0,120.0,6,2,95.02,2.5516,0.5,47.51,61.24,156.26,-61.24,2,1,False,"[-61.24, 156.26]",1.0,1.0,1.0,0.0
X01291,icefishball,long_only,range15_pct,range15_pct,1.0,1.5,24,2,142.52,2.5368,0.5,71.26,92.74,235.26,-92.74,2,1,False,"[-92.74, 235.26]",1.0,1.0,1.0,0.0
X01435,icefishball,long_only,range15_pct,range15_pct,1.0,1.5,48,2,142.52,2.5368,0.5,71.26,92.74,235.26,-92.74,2,1,False,"[-92.74, 235.26]",1.0,1.0,1.0,0.0
X00255,icefishball,all,atr_blend,atr_blend,1.5,0.75,6,7,156.82,2.5302,0.7143,22.4029,80.74,259.3,-102.48,3,2,False,"[-10.22, 44.52, 122.52]",1.0,1.0,1.0,0.0
X01394,icefishball,long_only,atr_blend,atr_blend,0.75,4.0,48,2,61.02,2.4978,0.5,30.51,40.74,101.76,-40.74,2,1,False,"[-40.74, 101.76]",1.0,1.0,1.0,0.0
X00530,icefishball,all,atr_blend,atr_blend,0.75,4.0,24,6,346.06,2.4887,0.3333,57.6767,232.46,578.52,-232.46,3,1,False,"[-78.98, -153.48, 578.52]",1.0,1.0,1.0,0.0
X00190,icefishball,all,fixed,fixed,60.0,60.0,6,6,213.06,2.4876,0.5,35.51,121.48,356.28,-143.22,3,2,False,"[-121.48, 97.02, 237.52]",1.0,1.0,1.0,0.0
X02159,icefishball,short_only,range15_pct,range15_pct,1.25,1.5,48,2,88.02,2.4858,0.5,44.01,59.24,147.26,-59.24,2,1,False,"[-59.24, 147.26]",1.0,1.0,1.0,0.0
X02160,icefishball,short_only,range15_pct,range15_pct,1.25,2.0,48,2,88.02,2.4858,0.5,44.01,59.24,147.26,-59.24,2,1,False,"[-59.24, 147.26]",1.0,1.0,1.0,0.0
X00343,icefishball,all,fixed,fixed,80.0,80.0,12,5,281.8,2.449,0.6,56.36,161.24,476.28,-194.48,3,2,False,"[125.52, -2.48, 158.76]",1.0,1.0,1.0,0.0
X01117,icefishball,long_only,atr_blend,atr_blend,1.25,3.0,12,2,96.02,2.428,0.5,48.01,67.24,163.26,-67.24,2,1,False,"[-67.24, 163.26]",1.0,1.0,1.0,0.0
X01118,icefishball,long_only,atr_blend,atr_blend,1.25,4.0,12,2,96.02,2.428,0.5,48.01,67.24,163.26,-67.24,2,1,False,"[-67.24, 163.26]",1.0,1.0,1.0,0.0
X00332,icefishball,all,fixed,fixed,60.0,30.0,12,6,172.56,2.4233,0.8333,28.76,121.24,293.8,-121.24,3,2,False,"[-62.48, 117.52, 117.52]",1.0,1.0,1.0,0.0
X00476,icefishball,all,fixed,fixed,60.0,30.0,24,6,172.56,2.4233,0.8333,28.76,121.24,293.8,-121.24,3,2,False,"[-62.48, 117.52, 117.52]",1.0,1.0,1.0,0.0
X00620,icefishball,all,fixed,fixed,60.0,30.0,48,6,172.56,2.4233,0.8333,28.76,121.24,293.8,-121.24,3,2,False,"[-62.48, 117.52, 117.52]",1.0,1.0,1.0,0.0
X01238,icefishball,long_only,atr,atr,2.0,4.0,24,2,164.52,2.4215,0.5,82.26,115.74,280.26,-115.74,2,1,False,"[-115.74, 280.26]",1.0,1.0,1.0,0.0
X01382,icefishball,long_only,atr,atr,2.0,4.0,48,2,164.52,2.4215,0.5,82.26,115.74,280.26,-115.74,2,1,False,"[-115.74, 280.26]",1.0,1.0,1.0,0.0
X00522,icefishball,all,atr,atr,2.5,2.0,24,5,292.8,2.4163,0.8,58.56,206.74,499.54,-206.74,3,2,False,"[205.02, -51.48, 139.26]",1.0,1.0,1.0,0.0
X01231,icefishball,long_only,atr,atr,1.5,3.0,24,2,122.52,2.4044,0.5,61.26,87.24,209.76,-87.24,2,1,False,"[-87.24, 209.76]",1.0,1.0,1.0,0.0
X01375,icefishball,long_only,atr,atr,1.5,3.0,48,2,122.52,2.4044,0.5,61.26,87.24,209.76,-87.24,2,1,False,"[-87.24, 209.76]",1.0,1.0,1.0,0.0
X00179,icefishball,all,fixed,fixed,40.0,20.0,6,6,112.56,2.3855,0.8333,18.76,81.24,193.8,-81.24,3,2,False,"[-42.48, 77.52, 77.52]",1.0,1.0,1.0,0.0
X00323,icefishball,all,fixed,fixed,40.0,20.0,12,6,112.56,2.3855,0.8333,18.76,81.24,193.8,-81.24,3,2,False,"[-42.48, 77.52, 77.52]",1.0,1.0,1.0,0.0
X00467,icefishball,all,fixed,fixed,40.0,20.0,24,6,112.56,2.3855,0.8333,18.76,81.24,193.8,-81.24,3,2,False,"[-42.48, 77.52, 77.52]",1.0,1.0,1.0,0.0
X00611,icefishball,all,fixed,fixed,40.0,20.0,48,6,112.56,2.3855,0.8333,18.76,81.24,193.8,-81.24,3,2,False,"[-42.48, 77.52, 77.52]",1.0,1.0,1.0,0.0
X00972,icefishball,long_only,atr_blend,atr_blend,1.25,2.0,6,2,93.02,2.3834,0.5,46.51,67.24,160.26,-67.24,2,1,False,"[-67.24, 160.26]",1.0,1.0,1.0,0.0
X01116,icefishball,long_only,atr_blend,atr_blend,1.25,2.0,12,2,93.02,2.3834,0.5,46.51,67.24,160.26,-67.24,2,1,False,"[-67.24, 160.26]",1.0,1.0,1.0,0.0
X01260,icefishball,long_only,atr_blend,atr_blend,1.25,2.0,24,2,93.02,2.3834,0.5,46.51,67.24,160.26,-67.24,2,1,False,"[-67.24, 160.26]",1.0,1.0,1.0,0.0
X01404,icefishball,long_only,atr_blend,atr_blend,1.25,2.0,48,2,93.02,2.3834,0.5,46.51,67.24,160.26,-67.24,2,1,False,"[-67.24, 160.26]",1.0,1.0,1.0,0.0
X00930,icefishball,long_only,atr,atr,1.0,2.0,6,2,80.52,2.3708,0.5,40.26,58.74,139.26,-58.74,2,1,False,"[-58.74, 139.26]",1.0,1.0,1.0,0.0
X01074,icefishball,long_only,atr,atr,1.0,2.0,12,2,80.52,2.3708,0.5,40.26,58.74,139.26,-58.74,2,1,False,"[-58.74, 139.26]",1.0,1.0,1.0,0.0
X01218,icefishball,long_only,atr,atr,1.0,2.0,24,2,80.52,2.3708,0.5,40.26,58.74,139.26,-58.74,2,1,False,"[-58.74, 139.26]",1.0,1.0,1.0,0.0
X01362,icefishball,long_only,atr,atr,1.0,2.0,48,2,80.52,2.3708,0.5,40.26,58.74,139.26,-58.74,2,1,False,"[-58.74, 139.26]",1.0,1.0,1.0,0.0
X01540,icefishball,short_only,atr_blend,atr_blend,1.0,1.0,3,4,100.04,2.3708,0.5,25.01,46.74,173.02,-72.98,3,2,False,"[62.52, -46.74, 84.26]",1.0,1.0,1.0,0.0
X01546,icefishball,short_only,atr_blend,atr_blend,1.25,1.0,3,4,100.04,2.3708,0.5,25.01,46.74,173.02,-72.98,3,2,False,"[62.52, -46.74, 84.26]",1.0,1.0,1.0,0.0
X01552,icefishball,short_only,atr_blend,atr_blend,1.5,1.0,3,4,100.04,2.3708,0.5,25.01,46.74,173.02,-72.98,3,2,False,"[62.52, -46.74, 84.26]",1.0,1.0,1.0,0.0
X01558,icefishball,short_only,atr_blend,atr_blend,2.0,1.0,3,4,100.04,2.3708,0.5,25.01,46.74,173.02,-72.98,3,2,False,"[62.52, -46.74, 84.26]",1.0,1.0,1.0,0.0
X01564,icefishball,short_only,atr_blend,atr_blend,2.5,1.0,3,4,100.04,2.3708,0.5,25.01,46.74,173.02,-72.98,3,2,False,"[62.52, -46.74, 84.26]",1.0,1.0,1.0,0.0
X00219,icefishball,all,atr,atr,1.5,0.75,6,7,149.32,2.3702,0.7143,21.3314,87.24,258.3,-108.98,3,2,False,"[-21.22, 62.02, 108.52]",1.0,1.0,1.0,0.0
X01677,icefishball,short_only,atr_blend,atr_blend,0.75,0.75,6,5,115.3,2.3606,0.8,23.06,84.74,200.04,-84.74,3,2,False,"[70.52, -18.48, 63.26]",1.0,1.0,1.0,0.0
X01821,icefishball,short_only,atr_blend,atr_blend,0.75,0.75,12,5,115.3,2.3606,0.8,23.06,84.74,200.04,-84.74,3,2,False,"[70.52, -18.48, 63.26]",1.0,1.0,1.0,0.0
X01965,icefishball,short_only,atr_blend,atr_blend,0.75,0.75,24,5,115.3,2.3606,0.8,23.06,84.74,200.04,-84.74,3,2,False,"[70.52, -18.48, 63.26]",1.0,1.0,1.0,0.0
X02109,icefishball,short_only,atr_blend,atr_blend,0.75,0.75,48,5,115.3,2.3606,0.8,23.06,84.74,200.04,-84.74,3,2,False,"[70.52, -18.48, 63.26]",1.0,1.0,1.0,0.0
X00923,icefishball,long_only,atr,atr,0.75,1.5,6,2,60.02,2.3567,0.5,30.01,44.24,104.26,-44.24,2,1,False,"[-44.24, 104.26]",1.0,1.0,1.0,0.0
X01067,icefishball,long_only,atr,atr,0.75,1.5,12,2,60.02,2.3567,0.5,30.01,44.24,104.26,-44.24,2,1,False,"[-44.24, 104.26]",1.0,1.0,1.0,0.0
X01211,icefishball,long_only,atr,atr,0.75,1.5,24,2,60.02,2.3567,0.5,30.01,44.24,104.26,-44.24,2,1,False,"[-44.24, 104.26]",1.0,1.0,1.0,0.0
X01355,icefishball,long_only,atr,atr,0.75,1.5,48,2,60.02,2.3567,0.5,30.01,44.24,104.26,-44.24,2,1,False,"[-44.24, 104.26]",1.0,1.0,1.0,0.0
X00558,icefishball,all,atr_blend,atr_blend,2.5,2.0,24,5,306.3,2.3539,0.8,61.26,226.24,532.54,-226.24,3,2,False,"[202.02, -55.98, 160.26]",1.0,1.0,1.0,0.0
X00702,icefishball,all,atr_blend,atr_blend,2.5,2.0,48,5,306.3,2.3539,0.8,61.26,226.24,532.54,-226.24,3,2,False,"[202.02, -55.98, 160.26]",1.0,1.0,1.0,0.0
X01143,icefishball,long_only,range15_pct,range15_pct,0.75,1.5,12,2,93.52,2.341,0.5,46.76,69.74,163.26,-69.74,2,1,False,"[-69.74, 163.26]",1.0,1.0,1.0,0.0
X01144,icefishball,long_only,range15_pct,range15_pct,0.75,2.0,12,2,93.52,2.341,0.5,46.76,69.74,163.26,-69.74,2,1,False,"[-69.74, 163.26]",1.0,1.0,1.0,0.0
X01470,icefishball,short_only,fixed,fixed,30.0,60.0,3,4,117.04,2.3379,0.5,29.26,61.24,204.52,-87.48,3,2,False,"[92.52, -61.24, 85.76]",1.0,1.0,1.0,0.0
X01461,icefishball,short_only,fixed,fixed,20.0,40.0,3,4,90.04,2.3343,0.5,22.51,41.24,157.52,-67.48,3,2,False,"[52.52, -41.24, 78.76]",1.0,1.0,1.0,0.0
X00262,icefishball,all,atr_blend,atr_blend,2.0,1.0,6,6,171.06,2.3263,0.6667,28.51,107.24,300.04,-128.98,3,2,False,"[-59.48, 67.02, 163.52]",1.0,1.0,1.0,0.0
X00383,icefishball,all,atr_blend,atr_blend,0.75,1.5,12,6,217.06,2.3258,0.5,36.1767,84.74,380.78,-163.72,3,2,False,"[-78.98, 49.02, 247.02]",1.0,1.0,1.0,0.0
X00527,icefishball,all,atr_blend,atr_blend,0.75,1.5,24,6,217.06,2.3258,0.5,36.1767,84.74,380.78,-163.72,3,2,False,"[-78.98, 49.02, 247.02]",1.0,1.0,1.0,0.0
X00671,icefishball,all,atr_blend,atr_blend,0.75,1.5,48,6,217.06,2.3258,0.5,36.1767,84.74,380.78,-163.72,3,2,False,"[-78.98, 49.02, 247.02]",1.0,1.0,1.0,0.0
X00973,icefishball,long_only,atr_blend,atr_blend,1.25,3.0,6,2,89.02,2.3239,0.5,44.51,67.24,156.26,-67.24,2,1,False,"[-67.24, 156.26]",1.0,1.0,1.0,0.0
X00974,icefishball,long_only,atr_blend,atr_blend,1.25,4.0,6,2,89.02,2.3239,0.5,44.51,67.24,156.26,-67.24,2,1,False,"[-67.24, 156.26]",1.0,1.0,1.0,0.0
X00551,icefishball,all,atr_blend,atr_blend,2.0,1.5,24,5,182.3,2.2661,0.6,36.46,107.24,326.28,-143.98,3,2,False,"[-34.48, 97.02, 119.76]",1.0,1.0,1.0,0.0
X01533,icefishball,short_only,atr_blend,atr_blend,0.75,0.75,3,5,105.8,2.2485,0.8,21.16,84.74,190.54,-84.74,3,2,False,"[61.02, -18.48, 63.26]",1.0,1.0,1.0,0.0
X01273,icefishball,long_only,atr_blend,atr_blend,2.0,3.0,24,2,133.52,2.2451,0.5,66.76,107.24,240.76,-107.24,2,1,False,"[-107.24, 240.76]",1.0,1.0,1.0,0.0
X01417,icefishball,long_only,atr_blend,atr_blend,2.0,3.0,48,2,133.52,2.2451,0.5,66.76,107.24,240.76,-107.24,2,1,False,"[-107.24, 240.76]",1.0,1.0,1.0,0.0
X01081,icefishball,long_only,atr,atr,1.25,3.0,12,2,90.52,2.2444,0.5,45.26,72.74,163.26,-72.74,2,1,False,"[-72.74, 163.26]",1.0,1.0,1.0,0.0
X01082,icefishball,long_only,atr,atr,1.25,4.0,12,2,90.52,2.2444,0.5,45.26,72.74,163.26,-72.74,2,1,False,"[-72.74, 163.26]",1.0,1.0,1.0,0.0
X00998,icefishball,long_only,range15_pct,range15_pct,0.75,1.0,6,2,86.52,2.2406,0.5,43.26,69.74,156.26,-69.74,2,1,False,"[-69.74, 156.26]",1.0,1.0,1.0,0.0
X00999,icefishball,long_only,range15_pct,range15_pct,0.75,1.5,6,2,86.52,2.2406,0.5,43.26,69.74,156.26,-69.74,2,1,False,"[-69.74, 156.26]",1.0,1.0,1.0,0.0
X01000,icefishball,long_only,range15_pct,range15_pct,0.75,2.0,6,2,86.52,2.2406,0.5,43.26,69.74,156.26,-69.74,2,1,False,"[-69.74, 156.26]",1.0,1.0,1.0,0.0
X01142,icefishball,long_only,range15_pct,range15_pct,0.75,1.0,12,2,86.52,2.2406,0.5,43.26,69.74,156.26,-69.74,2,1,False,"[-69.74, 156.26]",1.0,1.0,1.0,0.0
X01286,icefishball,long_only,range15_pct,range15_pct,0.75,1.0,24,2,86.52,2.2406,0.5,43.26,69.74,156.26,-69.74,2,1,False,"[-69.74, 156.26]",1.0,1.0,1.0,0.0
X01430,icefishball,long_only,range15_pct,range15_pct,0.75,1.0,48,2,86.52,2.2406,0.5,43.26,69.74,156.26,-69.74,2,1,False,"[-69.74, 156.26]",1.0,1.0,1.0,0.0
X00226,icefishball,all,atr,atr,2.0,1.0,6,6,166.56,2.2115,0.6667,27.76,115.74,304.04,-137.48,3,2,False,"[-70.48, 90.52, 146.52]",1.0,1.0,1.0,0.0
X00965,icefishball,long_only,atr_blend,atr_blend,1.0,1.5,6,2,65.52,2.208,0.5,32.76,54.24,119.76,-54.24,2,1,False,"[-54.24, 119.76]",1.0,1.0,1.0,0.0
X01109,icefishball,long_only,atr_blend,atr_blend,1.0,1.5,12,2,65.52,2.208,0.5,32.76,54.24,119.76,-54.24,2,1,False,"[-54.24, 119.76]",1.0,1.0,1.0,0.0
X01253,icefishball,long_only,atr_blend,atr_blend,1.0,1.5,24,2,65.52,2.208,0.5,32.76,54.24,119.76,-54.24,2,1,False,"[-54.24, 119.76]",1.0,1.0,1.0,0.0
X01397,icefishball,long_only,atr_blend,atr_blend,1.0,1.5,48,2,65.52,2.208,0.5,32.76,54.24,119.76,-54.24,2,1,False,"[-54.24, 119.76]",1.0,1.0,1.0,0.0
X01274,icefishball,long_only,atr_blend,atr_blend,2.0,4.0,24,2,129.52,2.2078,0.5,64.76,107.24,236.76,-107.24,2,1,False,"[-107.24, 236.76]",1.0,1.0,1.0,0.0
X00105,icefishball,all,atr_blend,atr_blend,1.25,0.75,3,7,135.82,2.1916,0.7143,19.4029,67.24,249.8,-113.98,3,2,False,"[-6.22, 19.52, 122.52]",1.0,1.0,1.0,0.0
X00182,icefishball,all,fixed,fixed,40.0,60.0,6,6,193.56,2.1895,0.5,32.26,81.48,356.28,-162.72,3,2,False,"[-81.48, 37.52, 237.52]",1.0,1.0,1.0,0.0
X01620,icefishball,short_only,fixed,fixed,40.0,30.0,6,4,95.04,2.1699,0.75,23.76,81.24,176.28,-81.24,3,2,False,"[117.52, -81.24, 58.76]",1.0,1.0,1.0,0.0
X01764,icefishball,short_only,fixed,fixed,40.0,30.0,12,4,95.04,2.1699,0.75,23.76,81.24,176.28,-81.24,3,2,False,"[117.52, -81.24, 58.76]",1.0,1.0,1.0,0.0
X01908,icefishball,short_only,fixed,fixed,40.0,30.0,24,4,95.04,2.1699,0.75,23.76,81.24,176.28,-81.24,3,2,False,"[117.52, -81.24, 58.76]",1.0,1.0,1.0,0.0
X02052,icefishball,short_only,fixed,fixed,40.0,30.0,48,4,95.04,2.1699,0.75,23.76,81.24,176.28,-81.24,3,2,False,"[117.52, -81.24, 58.76]",1.0,1.0,1.0,0.0
X00069,icefishball,all,atr,atr,1.25,0.75,3,7,138.82,2.1619,0.7143,19.8314,72.74,258.3,-119.48,3,2,False,"[-6.72, 37.02, 108.52]",1.0,1.0,1.0,0.0
X01485,icefishball,short_only,fixed,fixed,60.0,40.0,3,4,84.54,2.1584,0.5,21.135,46.74,157.52,-72.98,3,2,False,"[52.52, -46.74, 78.76]",1.0,1.0,1.0,0.0
X01493,icefishball,short_only,fixed,fixed,80.0,40.0,3,4,84.54,2.1584,0.5,21.135,46.74,157.52,-72.98,3,2,False,"[52.52, -46.74, 78.76]",1.0,1.0,1.0,0.0
X01428,icefishball,long_only,range15_pct,range15_pct,0.5,2.0,48,2,54.52,2.1541,0.5,27.26,47.24,101.76,-47.24,2,1,False,"[-47.24, 101.76]",1.0,1.0,1.0,0.0
X00937,icefishball,long_only,atr,atr,1.25,3.0,6,2,83.52,2.1482,0.5,41.76,72.74,156.26,-72.74,2,1,False,"[-72.74, 156.26]",1.0,1.0,1.0,0.0
X00938,icefishball,long_only,atr,atr,1.25,4.0,6,2,83.52,2.1482,0.5,41.76,72.74,156.26,-72.74,2,1,False,"[-72.74, 156.26]",1.0,1.0,1.0,0.0
X00529,icefishball,all,atr_blend,atr_blend,0.75,3.0,24,6,264.06,2.1359,0.3333,44.01,232.46,496.52,-232.46,3,1,False,"[-78.98, -153.48, 496.52]",1.0,1.0,1.0,0.0
X00673,icefishball,all,atr_blend,atr_blend,0.75,3.0,48,6,264.06,2.1359,0.3333,44.01,232.46,496.52,-232.46,3,1,False,"[-78.98, -153.48, 496.52]",1.0,1.0,1.0,0.0
X00494,icefishball,all,atr,atr,0.75,4.0,24,6,313.56,2.1261,0.3333,52.26,278.46,592.02,-278.46,3,1,False,"[-80.48, -197.98, 592.02]",1.0,1.0,1.0,0.0
X00638,icefishball,all,atr,atr,0.75,4.0,48,6,313.56,2.1261,0.3333,52.26,278.46,592.02,-278.46,3,1,False,"[-80.48, -197.98, 592.02]",1.0,1.0,1.0,0.0
X00034,icefishball,all,fixed,fixed,40.0,15.0,3,7,91.32,2.1241,0.8571,13.0457,81.24,172.56,-81.24,3,2,False,"[-23.72, 57.52, 57.52]",1.0,1.0,1.0,0.0
X00178,icefishball,all,fixed,fixed,40.0,15.0,6,7,91.32,2.1241,0.8571,13.0457,81.24,172.56,-81.24,3,2,False,"[-23.72, 57.52, 57.52]",1.0,1.0,1.0,0.0
X00322,icefishball,all,fixed,fixed,40.0,15.0,12,7,91.32,2.1241,0.8571,13.0457,81.24,172.56,-81.24,3,2,False,"[-23.72, 57.52, 57.52]",1.0,1.0,1.0,0.0
X00466,icefishball,all,fixed,fixed,40.0,15.0,24,7,91.32,2.1241,0.8571,13.0457,81.24,172.56,-81.24,3,2,False,"[-23.72, 57.52, 57.52]",1.0,1.0,1.0,0.0
X00610,icefishball,all,fixed,fixed,40.0,15.0,48,7,91.32,2.1241,0.8571,13.0457,81.24,172.56,-81.24,3,2,False,"[-23.72, 57.52, 57.52]",1.0,1.0,1.0,0.0
X01823,icefishball,short_only,atr_blend,atr_blend,0.75,1.5,12,4,138.04,2.1225,0.5,34.51,84.74,261.02,-122.98,3,2,False,"[95.52, -84.74, 127.26]",1.0,1.0,1.0,0.0
X01967,icefishball,short_only,atr_blend,atr_blend,0.75,1.5,24,4,138.04,2.1225,0.5,34.51,84.74,261.02,-122.98,3,2,False,"[95.52, -84.74, 127.26]",1.0,1.0,1.0,0.0
X02111,icefishball,short_only,atr_blend,atr_blend,0.75,1.5,48,4,138.04,2.1225,0.5,34.51,84.74,261.02,-122.98,3,2,False,"[95.52, -84.74, 127.26]",1.0,1.0,1.0,0.0
X00714,icefishball,all,range15_pct,range15_pct,1.0,1.0,48,3,99.78,2.0759,0.6667,33.26,92.74,192.52,-92.74,3,2,False,"[45.26, -92.74, 147.26]",1.0,1.0,1.0,0.0
X01766,icefishball,short_only,fixed,fixed,40.0,60.0,12,4,123.04,2.0748,0.5,30.76,81.24,237.52,-114.48,3,2,False,"[85.52, -81.24, 118.76]",1.0,1.0,1.0,0.0
X01841,icefishball,short_only,atr_blend,atr_blend,1.5,1.5,12,4,135.04,2.0719,0.5,33.76,92.74,261.02,-125.98,3,2,False,"[100.52, -92.74, 127.26]",1.0,1.0,1.0,0.0
X01847,icefishball,short_only,atr_blend,atr_blend,2.0,1.5,12,4,135.04,2.0719,0.5,33.76,92.74,261.02,-125.98,3,2,False,"[100.52, -92.74, 127.26]",1.0,1.0,1.0,0.0
X01853,icefishball,short_only,atr_blend,atr_blend,2.5,1.5,12,4,135.04,2.0719,0.5,33.76,92.74,261.02,-125.98,3,2,False,"[100.52, -92.74, 127.26]",1.0,1.0,1.0,0.0
X00237,icefishball,all,atr_blend,atr_blend,0.75,0.75,6,7,133.82,2.0665,0.7143,19.1171,84.74,259.3,-125.48,3,2,False,"[29.78, -18.48, 122.52]",1.0,1.0,1.0,0.0
X00381,icefishball,all,atr_blend,atr_blend,0.75,0.75,12,7,133.82,2.0665,0.7143,19.1171,84.74,259.3,-125.48,3,2,False,"[29.78, -18.48, 122.52]",1.0,1.0,1.0,0.0
X00525,icefishball,all,atr_blend,atr_blend,0.75,0.75,24,7,133.82,2.0665,0.7143,19.1171,84.74,259.3,-125.48,3,2,False,"[29.78, -18.48, 122.52]",1.0,1.0,1.0,0.0
X00669,icefishball,all,atr_blend,atr_blend,0.75,0.75,48,7,133.82,2.0665,0.7143,19.1171,84.74,259.3,-125.48,3,2,False,"[29.78, -18.48, 122.52]",1.0,1.0,1.0,0.0
X01296,icefishball,long_only,range15_pct,range15_pct,1.25,2.0,24,2,121.02,2.0456,0.5,60.51,115.74,236.76,-115.74,2,1,False,"[-115.74, 236.76]",1.0,1.0,1.0,0.0
X00056,icefishball,all,fixed,fixed,80.0,120.0,3,6,184.06,2.0415,0.5,30.6767,150.48,360.78,-176.72,3,2,False,"[212.52, -150.48, 122.02]",1.0,1.0,1.0,0.0
X00333,icefishball,all,fixed,fixed,60.0,40.0,12,6,160.56,2.0394,0.6667,26.76,154.48,315.04,-154.48,3,2,False,"[-154.48, 157.52, 157.52]",1.0,1.0,1.0,0.0
X01295,icefishball,long_only,range15_pct,range15_pct,1.25,1.5,24,2,119.52,2.0327,0.5,59.76,115.74,235.26,-115.74,2,1,False,"[-115.74, 235.26]",1.0,1.0,1.0,0.0
X01439,icefishball,long_only,range15_pct,range15_pct,1.25,1.5,48,2,119.52,2.0327,0.5,59.76,115.74,235.26,-115.74,2,1,False,"[-115.74, 235.26]",1.0,1.0,1.0,0.0
X01123,icefishball,long_only,atr_blend,atr_blend,1.5,3.0,12,2,82.52,2.022,0.5,41.26,80.74,163.26,-80.74,2,1,False,"[-80.74, 163.26]",1.0,1.0,1.0,0.0
X01124,icefishball,long_only,atr_blend,atr_blend,1.5,4.0,12,2,82.52,2.022,0.5,41.26,80.74,163.26,-80.74,2,1,False,"[-80.74, 163.26]",1.0,1.0,1.0,0.0
X00101,icefishball,all,atr_blend,atr_blend,1.0,1.5,3,6,128.56,2.0105,0.5,21.4267,80.48,255.78,-127.22,3,2,False,"[-80.48, 87.02, 122.02]",1.0,1.0,1.0,0.0
X00261,icefishball,all,atr_blend,atr_blend,2.0,0.75,6,7,130.32,2.0104,0.7143,18.6171,107.24,259.3,-128.98,3,2,False,"[-36.72, 44.52, 122.52]",1.0,1.0,1.0,0.0
X01048,icefishball,long_only,fixed,fixed,40.0,120.0,12,2,82.02,2.0096,0.5,41.01,81.24,163.26,-81.24,2,1,False,"[-81.24, 163.26]",1.0,1.0,1.0,0.0
X00093,icefishball,all,atr_blend,atr_blend,0.75,0.75,3,7,124.32,1.9908,0.7143,17.76,84.74,249.8,-125.48,3,2,False,"[20.28, -18.48, 122.52]",1.0,1.0,1.0,0.0
X00978,icefishball,long_only,atr_blend,atr_blend,1.5,2.0,6,2,79.52,1.9849,0.5,39.76,80.74,160.26,-80.74,2,1,False,"[-80.74, 160.26]",1.0,1.0,1.0,0.0
X01122,icefishball,long_only,atr_blend,atr_blend,1.5,2.0,12,2,79.52,1.9849,0.5,39.76,80.74,160.26,-80.74,2,1,False,"[-80.74, 160.26]",1.0,1.0,1.0,0.0
X01266,icefishball,long_only,atr_blend,atr_blend,1.5,2.0,24,2,79.52,1.9849,0.5,39.76,80.74,160.26,-80.74,2,1,False,"[-80.74, 160.26]",1.0,1.0,1.0,0.0
X01410,icefishball,long_only,atr_blend,atr_blend,1.5,2.0,48,2,79.52,1.9849,0.5,39.76,80.74,160.26,-80.74,2,1,False,"[-80.74, 160.26]",1.0,1.0,1.0,0.0
X00092,icefishball,all,atr,atr,2.5,4.0,3,6,173.56,1.9821,0.5,28.9267,150.48,350.28,-176.72,3,2,False,"[202.02, -150.48, 122.02]",1.0,1.0,1.0,0.0
X01535,icefishball,short_only,atr_blend,atr_blend,0.75,1.5,3,4,108.54,1.978,0.5,27.135,84.74,219.52,-110.98,3,2,False,"[107.52, -84.74, 85.76]",1.0,1.0,1.0,0.0
X01200,icefishball,long_only,fixed,fixed,60.0,120.0,24,2,117.52,1.9693,0.5,58.76,121.24,238.76,-121.24,2,1,False,"[-121.24, 238.76]",1.0,1.0,1.0,0.0
X01344,icefishball,long_only,fixed,fixed,60.0,120.0,48,2,117.52,1.9693,0.5,58.76,121.24,238.76,-121.24,2,1,False,"[-121.24, 238.76]",1.0,1.0,1.0,0.0
X00111,icefishball,all,atr_blend,atr_blend,1.5,0.75,3,7,122.32,1.9595,0.7143,17.4743,80.74,249.8,-127.48,3,2,False,"[-19.72, 19.52, 122.52]",1.0,1.0,1.0,0.0
X00903,icefishball,long_only,fixed,fixed,40.0,80.0,6,2,77.52,1.9542,0.5,38.76,81.24,158.76,-81.24,2,1,False,"[-81.24, 158.76]",1.0,1.0,1.0,0.0
X01047,icefishball,long_only,fixed,fixed,40.0,80.0,12,2,77.52,1.9542,0.5,38.76,81.24,158.76,-81.24,2,1,False,"[-81.24, 158.76]",1.0,1.0,1.0,0.0
X01191,icefishball,long_only,fixed,fixed,40.0,80.0,24,2,77.52,1.9542,0.5,38.76,81.24,158.76,-81.24,2,1,False,"[-81.24, 158.76]",1.0,1.0,1.0,0.0
X01335,icefishball,long_only,fixed,fixed,40.0,80.0,48,2,77.52,1.9542,0.5,38.76,81.24,158.76,-81.24,2,1,False,"[-81.24, 158.76]",1.0,1.0,1.0,0.0
X00464,icefishball,all,fixed,fixed,30.0,120.0,24,6,232.56,1.9494,0.3333,38.76,244.96,477.52,-244.96,3,1,False,"[-122.48, -122.48, 477.52]",1.0,1.0,1.0,0.0
X00608,icefishball,all,fixed,fixed,30.0,120.0,48,6,232.56,1.9494,0.3333,38.76,244.96,477.52,-244.96,3,1,False,"[-122.48, -122.48, 477.52]",1.0,1.0,1.0,0.0
X00958,icefishball,long_only,atr_blend,atr_blend,0.75,1.0,6,2,38.52,1.9455,0.5,19.26,40.74,79.26,-40.74,2,1,False,"[-40.74, 79.26]",1.0,1.0,1.0,0.0
X01102,icefishball,long_only,atr_blend,atr_blend,0.75,1.0,12,2,38.52,1.9455,0.5,19.26,40.74,79.26,-40.74,2,1,False,"[-40.74, 79.26]",1.0,1.0,1.0,0.0
X01246,icefishball,long_only,atr_blend,atr_blend,0.75,1.0,24,2,38.52,1.9455,0.5,19.26,40.74,79.26,-40.74,2,1,False,"[-40.74, 79.26]",1.0,1.0,1.0,0.0
X01390,icefishball,long_only,atr_blend,atr_blend,0.75,1.0,48,2,38.52,1.9455,0.5,19.26,40.74,79.26,-40.74,2,1,False,"[-40.74, 79.26]",1.0,1.0,1.0,0.0
X00318,icefishball,all,fixed,fixed,30.0,60.0,12,6,172.56,1.9393,0.5,28.76,122.48,356.28,-183.72,3,2,False,"[-122.48, 57.52, 237.52]",1.0,1.0,1.0,0.0
X00462,icefishball,all,fixed,fixed,30.0,60.0,24,6,172.56,1.9393,0.5,28.76,122.48,356.28,-183.72,3,2,False,"[-122.48, 57.52, 237.52]",1.0,1.0,1.0,0.0
X00606,icefishball,all,fixed,fixed,30.0,60.0,48,6,172.56,1.9393,0.5,28.76,122.48,356.28,-183.72,3,2,False,"[-122.48, 57.52, 237.52]",1.0,1.0,1.0,0.0
X01758,icefishball,short_only,fixed,fixed,30.0,60.0,12,4,115.04,1.9393,0.5,28.76,61.24,237.52,-122.48,3,2,False,"[57.52, -61.24, 118.76]",1.0,1.0,1.0,0.0
X01902,icefishball,short_only,fixed,fixed,30.0,60.0,24,4,115.04,1.9393,0.5,28.76,61.24,237.52,-122.48,3,2,False,"[57.52, -61.24, 118.76]",1.0,1.0,1.0,0.0
X02046,icefishball,short_only,fixed,fixed,30.0,60.0,48,4,115.04,1.9393,0.5,28.76,61.24,237.52,-122.48,3,2,False,"[57.52, -61.24, 118.76]",1.0,1.0,1.0,0.0
X00894,icefishball,long_only,fixed,fixed,30.0,60.0,6,2,57.52,1.9393,0.5,28.76,61.24,118.76,-61.24,2,1,False,"[-61.24, 118.76]",1.0,1.0,1.0,0.0
X01038,icefishball,long_only,fixed,fixed,30.0,60.0,12,2,57.52,1.9393,0.5,28.76,61.24,118.76,-61.24,2,1,False,"[-61.24, 118.76]",1.0,1.0,1.0,0.0
X01182,icefishball,long_only,fixed,fixed,30.0,60.0,24,2,57.52,1.9393,0.5,28.76,61.24,118.76,-61.24,2,1,False,"[-61.24, 118.76]",1.0,1.0,1.0,0.0
X01326,icefishball,long_only,fixed,fixed,30.0,60.0,48,2,57.52,1.9393,0.5,28.76,61.24,118.76,-61.24,2,1,False,"[-61.24, 118.76]",1.0,1.0,1.0,0.0
X00469,icefishball,all,fixed,fixed,40.0,40.0,24,6,152.56,1.9389,0.6667,25.4267,83.72,315.04,-162.48,3,1,False,"[-2.48, -2.48, 157.52]",1.0,1.0,1.0,0.0
X00613,icefishball,all,fixed,fixed,40.0,40.0,48,6,152.56,1.9389,0.6667,25.4267,83.72,315.04,-162.48,3,1,False,"[-2.48, -2.48, 157.52]",1.0,1.0,1.0,0.0
X00979,icefishball,long_only,atr_blend,atr_blend,1.5,3.0,6,2,75.52,1.9353,0.5,37.76,80.74,156.26,-80.74,2,1,False,"[-80.74, 156.26]",1.0,1.0,1.0,0.0
X00980,icefishball,long_only,atr_blend,atr_blend,1.5,4.0,6,2,75.52,1.9353,0.5,37.76,80.74,156.26,-80.74,2,1,False,"[-80.74, 156.26]",1.0,1.0,1.0,0.0
X01621,icefishball,short_only,fixed,fixed,40.0,40.0,6,4,76.04,1.9332,0.5,19.01,81.24,157.52,-81.48,3,2,False,"[78.52, -81.24, 78.76]",1.0,1.0,1.0,0.0
X00389,icefishball,all,atr_blend,atr_blend,1.0,1.5,12,6,183.56,1.9307,0.5,30.5933,104.48,380.78,-197.22,3,2,False,"[-104.48, 41.02, 247.02]",1.0,1.0,1.0,0.0
X01896,icefishball,short_only,fixed,fixed,20.0,120.0,24,4,115.04,1.9298,0.25,28.76,123.72,238.76,-123.72,3,1,False,"[-82.48, -41.24, 238.76]",1.0,1.0,1.0,0.0
X02040,icefishball,short_only,fixed,fixed,20.0,120.0,48,4,115.04,1.9298,0.25,28.76,123.72,238.76,-123.72,3,1,False,"[-82.48, -41.24, 238.76]",1.0,1.0,1.0,0.0
X00075,icefishball,all,atr,atr,1.5,0.75,3,7,124.32,1.9279,0.7143,17.76,87.24,258.3,-133.98,3,2,False,"[-21.22, 37.02, 108.52]",1.0,1.0,1.0,0.0
X00058,icefishball,all,atr,atr,0.75,1.0,3,6,108.56,1.9261,0.5,18.0933,70.48,225.78,-117.22,3,2,False,"[-70.48, 65.52, 113.52]",1.0,1.0,1.0,0.0
X00173,icefishball,all,fixed,fixed,30.0,40.0,6,6,113.56,1.9254,0.5,18.9267,61.48,236.28,-122.72,3,2,False,"[-61.48, 17.52, 157.52]",1.0,1.0,1.0,0.0
X00904,icefishball,long_only,fixed,fixed,40.0,120.0,6,2,75.02,1.9234,0.5,37.51,81.24,156.26,-81.24,2,1,False,"[-81.24, 156.26]",1.0,1.0,1.0,0.0
X00172,icefishball,all,fixed,fixed,30.0,30.0,6,6,112.56,1.919,0.6667,18.76,63.72,235.04,-122.48,3,1,False,"[-2.48, -2.48, 117.52]",1.0,1.0,1.0,0.0
X00316,icefishball,all,fixed,fixed,30.0,30.0,12,6,112.56,1.919,0.6667,18.76,63.72,235.04,-122.48,3,1,False,"[-2.48, -2.48, 117.52]",1.0,1.0,1.0,0.0
X00460,icefishball,all,fixed,fixed,30.0,30.0,24,6,112.56,1.919,0.6667,18.76,63.72,235.04,-122.48,3,1,False,"[-2.48, -2.48, 117.52]",1.0,1.0,1.0,0.0
X00604,icefishball,all,fixed,fixed,30.0,30.0,48,6,112.56,1.919,0.6667,18.76,63.72,235.04,-122.48,3,1,False,"[-2.48, -2.48, 117.52]",1.0,1.0,1.0,0.0
X00166,icefishball,all,fixed,fixed,20.0,60.0,6,6,113.56,1.9161,0.3333,18.9267,41.48,237.52,-123.96,3,2,False,"[-41.48, 77.52, 77.52]",1.0,1.0,1.0,0.0
X00936,icefishball,long_only,atr,atr,1.25,2.0,6,2,66.52,1.9145,0.5,33.26,72.74,139.26,-72.74,2,1,False,"[-72.74, 139.26]",1.0,1.0,1.0,0.0
X01080,icefishball,long_only,atr,atr,1.25,2.0,12,2,66.52,1.9145,0.5,33.26,72.74,139.26,-72.74,2,1,False,"[-72.74, 139.26]",1.0,1.0,1.0,0.0
X01224,icefishball,long_only,atr,atr,1.25,2.0,24,2,66.52,1.9145,0.5,33.26,72.74,139.26,-72.74,2,1,False,"[-72.74, 139.26]",1.0,1.0,1.0,0.0
X01368,icefishball,long_only,atr,atr,1.25,2.0,48,2,66.52,1.9145,0.5,33.26,72.74,139.26,-72.74,2,1,False,"[-72.74, 139.26]",1.0,1.0,1.0,0.0
X01749,icefishball,short_only,fixed,fixed,20.0,40.0,12,4,75.04,1.9098,0.5,18.76,41.24,157.52,-82.48,3,2,False,"[37.52, -41.24, 78.76]",1.0,1.0,1.0,0.0
X01893,icefishball,short_only,fixed,fixed,20.0,40.0,24,4,75.04,1.9098,0.5,18.76,41.24,157.52,-82.48,3,2,False,"[37.52, -41.24, 78.76]",1.0,1.0,1.0,0.0
X02037,icefishball,short_only,fixed,fixed,20.0,40.0,48,4,75.04,1.9098,0.5,18.76,41.24,157.52,-82.48,3,2,False,"[37.52, -41.24, 78.76]",1.0,1.0,1.0,0.0
X00674,icefishball,all,atr_blend,atr_blend,0.75,4.0,48,6,211.06,1.9079,0.3333,35.1767,232.46,443.52,-232.46,3,1,False,"[-78.98, -153.48, 443.52]",1.0,1.0,1.0,0.0
X01478,icefishball,short_only,fixed,fixed,40.0,60.0,3,4,97.04,1.9029,0.5,24.26,81.24,204.52,-107.48,3,2,False,"[92.52, -81.24, 85.76]",1.0,1.0,1.0,0.0
X00128,icefishball,all,atr_blend,atr_blend,2.5,4.0,3,6,155.56,1.8803,0.5,25.9267,150.48,332.28,-176.72,3,2,False,"[184.02, -150.48, 122.02]",1.0,1.0,1.0,0.0
X00163,icefishball,all,fixed,fixed,20.0,20.0,6,6,72.56,1.8797,0.6667,12.0933,41.24,155.04,-82.48,3,1,False,"[-2.48, 77.52, -2.48]",1.0,1.0,1.0,0.0
X00307,icefishball,all,fixed,fixed,20.0,20.0,12,6,72.56,1.8797,0.6667,12.0933,41.24,155.04,-82.48,3,1,False,"[-2.48, 77.52, -2.48]",1.0,1.0,1.0,0.0
X00451,icefishball,all,fixed,fixed,20.0,20.0,24,6,72.56,1.8797,0.6667,12.0933,41.24,155.04,-82.48,3,1,False,"[-2.48, 77.52, -2.48]",1.0,1.0,1.0,0.0
X00595,icefishball,all,fixed,fixed,20.0,20.0,48,6,72.56,1.8797,0.6667,12.0933,41.24,155.04,-82.48,3,1,False,"[-2.48, 77.52, -2.48]",1.0,1.0,1.0,0.0
X00225,icefishball,all,atr,atr,2.0,0.75,6,7,120.82,1.8788,0.7143,17.26,115.74,258.3,-137.48,3,2,False,"[-49.72, 62.02, 108.52]",1.0,1.0,1.0,0.0
X01400,icefishball,long_only,atr_blend,atr_blend,1.0,4.0,48,2,47.52,1.8761,0.5,23.76,54.24,101.76,-54.24,2,1,False,"[-54.24, 101.76]",1.0,1.0,1.0,0.0
X00536,icefishball,all,atr_blend,atr_blend,1.0,4.0,24,6,270.06,1.8755,0.3333,45.01,308.46,578.52,-308.46,3,1,False,"[-104.48, -203.98, 578.52]",1.0,1.0,1.0,0.0
X01087,icefishball,long_only,atr,atr,1.5,3.0,12,2,76.02,1.8714,0.5,38.01,87.24,163.26,-87.24,2,1,False,"[-87.24, 163.26]",1.0,1.0,1.0,0.0
X01088,icefishball,long_only,atr,atr,1.5,4.0,12,2,76.02,1.8714,0.5,38.01,87.24,163.26,-87.24,2,1,False,"[-87.24, 163.26]",1.0,1.0,1.0,0.0
X00554,icefishball,all,atr_blend,atr_blend,2.0,4.0,24,5,267.8,1.8619,0.4,53.56,310.72,578.52,-310.72,3,2,False,"[-129.48, 160.52, 236.76]",1.0,1.0,1.0,0.0
X00401,icefishball,all,atr_blend,atr_blend,1.5,1.5,12,6,174.06,1.842,0.5,29.01,113.98,380.78,-206.72,3,2,False,"[-113.98, 41.02, 247.02]",1.0,1.0,1.0,0.0
X00025,icefishball,all,fixed,fixed,30.0,10.0,3,7,51.32,1.838,0.8571,7.3314,61.24,112.56,-61.24,3,2,False,"[-23.72, 37.52, 37.52]",1.0,1.0,1.0,0.0
X00169,icefishball,all,fixed,fixed,30.0,10.0,6,7,51.32,1.838,0.8571,7.3314,61.24,112.56,-61.24,3,2,False,"[-23.72, 37.52, 37.52]",1.0,1.0,1.0,0.0
X00313,icefishball,all,fixed,fixed,30.0,10.0,12,7,51.32,1.838,0.8571,7.3314,61.24,112.56,-61.24,3,2,False,"[-23.72, 37.52, 37.52]",1.0,1.0,1.0,0.0
X00457,icefishball,all,fixed,fixed,30.0,10.0,24,7,51.32,1.838,0.8571,7.3314,61.24,112.56,-61.24,3,2,False,"[-23.72, 37.52, 37.52]",1.0,1.0,1.0,0.0
X00601,icefishball,all,fixed,fixed,30.0,10.0,48,7,51.32,1.838,0.8571,7.3314,61.24,112.56,-61.24,3,2,False,"[-23.72, 37.52, 37.52]",1.0,1.0,1.0,0.0
X00278,icefishball,all,range15_pct,range15_pct,0.75,1.0,6,5,127.8,1.8354,0.6,25.56,152.98,280.78,-152.98,3,1,False,"[-24.48, -3.98, 156.26]",1.0,1.0,1.0,0.0
X01829,icefishball,short_only,atr_blend,atr_blend,1.0,1.5,12,4,118.04,1.8256,0.5,29.51,92.74,261.02,-142.98,3,2,False,"[83.52, -92.74, 127.26]",1.0,1.0,1.0,0.0
X00107,icefishball,all,atr_blend,atr_blend,1.25,1.5,3,6,115.56,1.8241,0.5,19.26,93.48,255.78,-140.22,3,2,False,"[-93.48, 87.02, 122.02]",1.0,1.0,1.0,0.0
X00326,icefishball,all,fixed,fixed,40.0,60.0,12,6,160.56,1.8204,0.5,26.76,114.48,356.28,-195.72,3,2,False,"[-114.48, 37.52, 237.52]",1.0,1.0,1.0,0.0
X01237,icefishball,long_only,atr,atr,2.0,3.0,24,2,94.02,1.8123,0.5,47.01,115.74,209.76,-115.74,2,1,False,"[-115.74, 209.76]",1.0,1.0,1.0,0.0
X01381,icefishball,long_only,atr,atr,2.0,3.0,48,2,94.02,1.8123,0.5,47.01,115.74,209.76,-115.74,2,1,False,"[-115.74, 209.76]",1.0,1.0,1.0,0.0
X00521,icefishball,all,atr,atr,2.5,1.5,24,5,167.3,1.8092,0.8,33.46,206.74,374.04,-206.74,3,2,False,"[153.52, -90.48, 104.26]",1.0,1.0,1.0,0.0
X00279,icefishball,all,range15_pct,range15_pct,0.75,1.5,6,5,122.8,1.8015,0.4,24.56,153.22,276.02,-153.22,3,2,False,"[-69.98, 36.52, 156.26]",1.0,1.0,1.0,0.0
X00205,icefishball,all,atr,atr,0.75,3.0,6,6,122.06,1.8006,0.3333,20.3433,152.46,274.52,-152.46,3,1,False,"[-44.48, -107.98, 274.52]",1.0,1.0,1.0,0.0
X00206,icefishball,all,atr,atr,0.75,4.0,6,6,122.06,1.8006,0.3333,20.3433,152.46,274.52,-152.46,3,1,False,"[-44.48, -107.98, 274.52]",1.0,1.0,1.0,0.0
X01469,icefishball,short_only,fixed,fixed,30.0,40.0,3,4,70.04,1.8006,0.5,17.51,61.24,157.52,-87.48,3,2,False,"[52.52, -61.24, 78.76]",1.0,1.0,1.0,0.0
X00512,icefishball,all,atr,atr,1.5,4.0,24,5,262.3,1.7955,0.4,52.46,329.72,592.02,-329.72,3,2,False,"[-158.48, 140.52, 280.26]",1.0,1.0,1.0,0.0
X00656,icefishball,all,atr,atr,1.5,4.0,48,5,262.3,1.7955,0.4,52.46,329.72,592.02,-329.72,3,2,False,"[-158.48, 140.52, 280.26]",1.0,1.0,1.0,0.0
X00472,icefishball,all,fixed,fixed,40.0,120.0,24,6,211.56,1.7955,0.3333,35.26,265.96,477.52,-265.96,3,1,False,"[-103.48, -162.48, 477.52]",1.0,1.0,1.0,0.0
X00280,icefishball,all,range15_pct,range15_pct,0.75,2.0,6,5,121.3,1.7917,0.4,24.26,153.22,274.52,-153.22,3,2,False,"[-69.98, 35.02, 156.26]",1.0,1.0,1.0,0.0
X00943,icefishball,long_only,atr,atr,1.5,3.0,6,2,69.02,1.7912,0.5,34.51,87.24,156.26,-87.24,2,1,False,"[-87.24, 156.26]",1.0,1.0,1.0,0.0
X00944,icefishball,long_only,atr,atr,1.5,4.0,6,2,69.02,1.7912,0.5,34.51,87.24,156.26,-87.24,2,1,False,"[-87.24, 156.26]",1.0,1.0,1.0,0.0
X02138,icefishball,short_only,atr_blend,atr_blend,2.0,4.0,48,3,150.28,1.7848,0.3333,50.0933,191.48,341.76,-191.48,3,1,False,"[-10.24, -181.24, 341.76]",1.0,1.0,1.0,0.0
X00275,icefishball,all,range15_pct,range15_pct,0.5,1.5,6,5,121.3,1.784,0.4,24.26,154.72,276.02,-154.72,3,2,False,"[-71.48, 36.52, 156.26]",1.0,1.0,1.0,0.0
X01970,icefishball,short_only,atr_blend,atr_blend,0.75,4.0,24,4,150.04,1.7826,0.25,37.51,191.72,341.76,-191.72,3,1,False,"[-106.98, -84.74, 341.76]",1.0,1.0,1.0,0.0
X02114,icefishball,short_only,atr_blend,atr_blend,0.75,4.0,48,4,150.04,1.7826,0.25,37.51,191.72,341.76,-191.72,3,1,False,"[-106.98, -84.74, 341.76]",1.0,1.0,1.0,0.0
X00971,icefishball,long_only,atr_blend,atr_blend,1.25,1.5,6,2,52.52,1.7811,0.5,26.26,67.24,119.76,-67.24,2,1,False,"[-67.24, 119.76]",1.0,1.0,1.0,0.0
X01115,icefishball,long_only,atr_blend,atr_blend,1.25,1.5,12,2,52.52,1.7811,0.5,26.26,67.24,119.76,-67.24,2,1,False,"[-67.24, 119.76]",1.0,1.0,1.0,0.0
X01259,icefishball,long_only,atr_blend,atr_blend,1.25,1.5,24,2,52.52,1.7811,0.5,26.26,67.24,119.76,-67.24,2,1,False,"[-67.24, 119.76]",1.0,1.0,1.0,0.0
X01403,icefishball,long_only,atr_blend,atr_blend,1.25,1.5,48,2,52.52,1.7811,0.5,26.26,67.24,119.76,-67.24,2,1,False,"[-67.24, 119.76]",1.0,1.0,1.0,0.0
X00929,icefishball,long_only,atr,atr,1.0,1.5,6,2,45.52,1.7749,0.5,22.76,58.74,104.26,-58.74,2,1,False,"[-58.74, 104.26]",1.0,1.0,1.0,0.0
X01073,icefishball,long_only,atr,atr,1.0,1.5,12,2,45.52,1.7749,0.5,22.76,58.74,104.26,-58.74,2,1,False,"[-58.74, 104.26]",1.0,1.0,1.0,0.0
X01217,icefishball,long_only,atr,atr,1.0,1.5,24,2,45.52,1.7749,0.5,22.76,58.74,104.26,-58.74,2,1,False,"[-58.74, 104.26]",1.0,1.0,1.0,0.0
X01361,icefishball,long_only,atr,atr,1.0,1.5,48,2,45.52,1.7749,0.5,22.76,58.74,104.26,-58.74,2,1,False,"[-58.74, 104.26]",1.0,1.0,1.0,0.0
X00276,icefishball,all,range15_pct,range15_pct,0.5,2.0,6,5,119.8,1.7743,0.4,23.96,154.72,274.52,-154.72,3,2,False,"[-71.48, 35.02, 156.26]",1.0,1.0,1.0,0.0
X00027,icefishball,all,fixed,fixed,30.0,20.0,3,6,67.56,1.7723,0.6667,11.26,87.48,155.04,-87.48,3,2,False,"[-87.48, 77.52, 77.52]",1.0,1.0,1.0,0.0
X01147,icefishball,long_only,range15_pct,range15_pct,1.0,1.5,12,2,70.52,1.7604,0.5,35.26,92.74,163.26,-92.74,2,1,False,"[-92.74, 163.26]",1.0,1.0,1.0,0.0
X01148,icefishball,long_only,range15_pct,range15_pct,1.0,2.0,12,2,70.52,1.7604,0.5,35.26,92.74,163.26,-92.74,2,1,False,"[-92.74, 163.26]",1.0,1.0,1.0,0.0
X00533,icefishball,all,atr_blend,atr_blend,1.0,1.5,24,6,163.56,1.753,0.5,27.26,112.74,380.78,-217.22,3,2,False,"[-104.48, 21.02, 247.02]",1.0,1.0,1.0,0.0
X00677,icefishball,all,atr_blend,atr_blend,1.0,1.5,48,6,163.56,1.753,0.5,27.26,112.74,380.78,-217.22,3,2,False,"[-104.48, 21.02, 247.02]",1.0,1.0,1.0,0.0
X00018,icefishball,all,fixed,fixed,20.0,15.0,3,7,61.32,1.7435,0.7143,8.76,41.24,143.8,-82.48,3,2,False,"[16.28, 57.52, -12.48]",1.0,1.0,1.0,0.0
X00162,icefishball,all,fixed,fixed,20.0,15.0,6,7,61.32,1.7435,0.7143,8.76,41.24,143.8,-82.48,3,2,False,"[16.28, 57.52, -12.48]",1.0,1.0,1.0,0.0
X00306,icefishball,all,fixed,fixed,20.0,15.0,12,7,61.32,1.7435,0.7143,8.76,41.24,143.8,-82.48,3,2,False,"[16.28, 57.52, -12.48]",1.0,1.0,1.0,0.0
X00450,icefishball,all,fixed,fixed,20.0,15.0,24,7,61.32,1.7435,0.7143,8.76,41.24,143.8,-82.48,3,2,False,"[16.28, 57.52, -12.48]",1.0,1.0,1.0,0.0
X00594,icefishball,all,fixed,fixed,20.0,15.0,48,7,61.32,1.7435,0.7143,8.76,41.24,143.8,-82.48,3,2,False,"[16.28, 57.52, -12.48]",1.0,1.0,1.0,0.0
X01460,icefishball,short_only,fixed,fixed,20.0,30.0,3,4,50.04,1.7416,0.5,12.51,41.24,117.52,-67.48,3,2,False,"[32.52, -41.24, 58.76]",1.0,1.0,1.0,0.0
X00064,icefishball,all,atr,atr,1.0,1.0,3,6,94.06,1.7141,0.5,15.6767,84.98,225.78,-131.72,3,2,False,"[-84.98, 65.52, 113.52]",1.0,1.0,1.0,0.0
X00395,icefishball,all,atr_blend,atr_blend,1.25,1.5,12,6,158.06,1.7097,0.5,26.3433,129.98,380.78,-222.72,3,2,False,"[-129.98, 41.02, 247.02]",1.0,1.0,1.0,0.0
X00204,icefishball,all,atr,atr,0.75,2.0,6,6,105.06,1.6891,0.3333,17.51,152.46,257.52,-152.46,3,1,False,"[-44.48, -107.98, 257.52]",1.0,1.0,1.0,0.0
X00095,icefishball,all,atr_blend,atr_blend,0.75,1.5,3,6,104.06,1.6859,0.5,17.3433,84.74,255.78,-151.72,3,2,False,"[-66.98, 49.02, 122.02]",1.0,1.0,1.0,0.0
X00564,icefishball,all,range15_pct,range15_pct,0.5,2.0,24,5,161.3,1.6857,0.4,32.26,235.22,396.52,-235.22,3,1,False,"[-71.48, -3.98, 236.76]",1.0,1.0,1.0,0.0
X01002,icefishball,long_only,range15_pct,range15_pct,1.0,1.0,6,2,63.52,1.6849,0.5,31.76,92.74,156.26,-92.74,2,1,False,"[-92.74, 156.26]",1.0,1.0,1.0,0.0
X01003,icefishball,long_only,range15_pct,range15_pct,1.0,1.5,6,2,63.52,1.6849,0.5,31.76,92.74,156.26,-92.74,2,1,False,"[-92.74, 156.26]",1.0,1.0,1.0,0.0
X01004,icefishball,long_only,range15_pct,range15_pct,1.0,2.0,6,2,63.52,1.6849,0.5,31.76,92.74,156.26,-92.74,2,1,False,"[-92.74, 156.26]",1.0,1.0,1.0,0.0
X01146,icefishball,long_only,range15_pct,range15_pct,1.0,1.0,12,2,63.52,1.6849,0.5,31.76,92.74,156.26,-92.74,2,1,False,"[-92.74, 156.26]",1.0,1.0,1.0,0.0
X01290,icefishball,long_only,range15_pct,range15_pct,1.0,1.0,24,2,63.52,1.6849,0.5,31.76,92.74,156.26,-92.74,2,1,False,"[-92.74, 156.26]",1.0,1.0,1.0,0.0
X01434,icefishball,long_only,range15_pct,range15_pct,1.0,1.0,48,2,63.52,1.6849,0.5,31.76,92.74,156.26,-92.74,2,1,False,"[-92.74, 156.26]",1.0,1.0,1.0,0.0
X01994,icefishball,short_only,atr_blend,atr_blend,2.0,4.0,24,3,138.28,1.6796,0.3333,46.0933,203.48,341.76,-203.48,3,1,False,"[-22.24, -181.24, 341.76]",1.0,1.0,1.0,0.0
X01835,icefishball,short_only,atr_blend,atr_blend,1.25,1.5,12,4,105.54,1.6788,0.5,26.385,92.74,261.02,-155.48,3,2,False,"[71.02, -92.74, 127.26]",1.0,1.0,1.0,0.0
X00113,icefishball,all,atr_blend,atr_blend,1.5,1.5,3,6,102.06,1.6639,0.5,17.01,106.98,255.78,-153.72,3,2,False,"[-106.98, 87.02, 122.02]",1.0,1.0,1.0,0.0
X00718,icefishball,all,range15_pct,range15_pct,1.25,1.0,48,3,76.78,1.6634,0.6667,25.5933,115.74,192.52,-115.74,3,2,False,"[45.26, -115.74, 147.26]",1.0,1.0,1.0,0.0
X00246,icefishball,all,atr_blend,atr_blend,1.0,2.0,6,6,111.06,1.6632,0.3333,18.51,167.46,278.52,-167.46,3,1,False,"[-54.48, -112.98, 278.52]",1.0,1.0,1.0,0.0
X00697,icefishball,all,atr_blend,atr_blend,2.0,3.0,48,5,197.8,1.6622,0.4,39.56,298.72,496.52,-298.72,3,2,False,"[-117.48, 74.52, 240.76]",1.0,1.0,1.0,0.0
X00091,icefishball,all,atr,atr,2.5,3.0,3,6,116.06,1.6567,0.5,19.3433,150.48,292.78,-176.72,3,2,False,"[144.52, -150.48, 122.02]",1.0,1.0,1.0,0.0
X00189,icefishball,all,fixed,fixed,60.0,40.0,6,6,93.06,1.6498,0.5,15.51,121.48,236.28,-143.22,3,2,False,"[-121.48, 57.02, 157.52]",1.0,1.0,1.0,0.0
X00100,icefishball,all,atr_blend,atr_blend,1.0,1.0,3,6,82.06,1.645,0.5,13.6767,80.48,209.28,-127.22,3,2,False,"[-80.48, 42.02, 120.52]",1.0,1.0,1.0,0.0
X00188,icefishball,all,fixed,fixed,60.0,30.0,6,6,92.06,1.6439,0.6667,15.3433,121.24,235.04,-142.98,3,2,False,"[-62.48, 37.02, 117.52]",1.0,1.0,1.0,0.0
X00247,icefishball,all,atr_blend,atr_blend,1.0,3.0,6,6,107.06,1.6393,0.3333,17.8433,167.46,274.52,-167.46,3,1,False,"[-54.48, -112.98, 274.52]",1.0,1.0,1.0,0.0
X00248,icefishball,all,atr_blend,atr_blend,1.0,4.0,6,6,107.06,1.6393,0.3333,17.8433,167.46,274.52,-167.46,3,1,False,"[-54.48, -112.98, 274.52]",1.0,1.0,1.0,0.0
X00993,icefishball,long_only,range15_pct,range15_pct,0.5,0.5,6,2,30.02,1.6355,0.5,15.01,47.24,77.26,-47.24,2,1,False,"[-47.24, 77.26]",1.0,1.0,1.0,0.0
X01137,icefishball,long_only,range15_pct,range15_pct,0.5,0.5,12,2,30.02,1.6355,0.5,15.01,47.24,77.26,-47.24,2,1,False,"[-47.24, 77.26]",1.0,1.0,1.0,0.0
X01281,icefishball,long_only,range15_pct,range15_pct,0.5,0.5,24,2,30.02,1.6355,0.5,15.01,47.24,77.26,-47.24,2,1,False,"[-47.24, 77.26]",1.0,1.0,1.0,0.0
X01425,icefishball,long_only,range15_pct,range15_pct,0.5,0.5,48,2,30.02,1.6355,0.5,15.01,47.24,77.26,-47.24,2,1,False,"[-47.24, 77.26]",1.0,1.0,1.0,0.0
X00407,icefishball,all,atr_blend,atr_blend,2.0,1.5,12,6,147.56,1.6327,0.5,24.5933,140.48,380.78,-233.22,3,2,False,"[-140.48, 41.02, 247.02]",1.0,1.0,1.0,0.0
X00117,icefishball,all,atr_blend,atr_blend,2.0,0.75,3,7,95.82,1.6223,0.7143,13.6886,107.24,249.8,-153.98,3,2,False,"[-46.22, 19.52, 122.52]",1.0,1.0,1.0,0.0
X00030,icefishball,all,fixed,fixed,30.0,60.0,3,6,92.06,1.619,0.5,15.3433,87.48,240.78,-148.72,3,2,False,"[-87.48, 57.52, 122.02]",1.0,1.0,1.0,0.0
X00518,icefishball,all,atr,atr,2.0,4.0,24,5,226.3,1.6188,0.4,45.26,365.72,592.02,-365.72,3,2,False,"[-137.98, 84.02, 280.26]",1.0,1.0,1.0,0.0
X01484,icefishball,short_only,fixed,fixed,60.0,30.0,3,4,44.54,1.6103,0.5,11.135,46.74,117.52,-72.98,3,2,False,"[32.52, -46.74, 58.76]",1.0,1.0,1.0,0.0
X01492,icefishball,short_only,fixed,fixed,80.0,30.0,3,4,44.54,1.6103,0.5,11.135,46.74,117.52,-72.98,3,2,False,"[32.52, -46.74, 58.76]",1.0,1.0,1.0,0.0
X00535,icefishball,all,atr_blend,atr_blend,1.0,3.0,24,6,188.06,1.6097,0.3333,31.3433,308.46,496.52,-308.46,3,1,False,"[-104.48, -203.98, 496.52]",1.0,1.0,1.0,0.0
X00679,icefishball,all,atr_blend,atr_blend,1.0,3.0,48,6,188.06,1.6097,0.3333,31.3433,308.46,496.52,-308.46,3,1,False,"[-104.48, -203.98, 496.52]",1.0,1.0,1.0,0.0
X00223,icefishball,all,atr,atr,1.5,3.0,6,5,103.8,1.608,0.4,20.76,170.72,274.52,-170.72,3,2,False,"[-87.48, 35.02, 156.26]",1.0,1.0,1.0,0.0
X00224,icefishball,all,atr,atr,1.5,4.0,6,5,103.8,1.608,0.4,20.76,170.72,274.52,-170.72,3,2,False,"[-87.48, 35.02, 156.26]",1.0,1.0,1.0,0.0
X00500,icefishball,all,atr,atr,1.0,4.0,24,6,222.56,1.6024,0.3333,37.0933,369.46,592.02,-369.46,3,1,False,"[-106.48, -262.98, 592.02]",1.0,1.0,1.0,0.0
X00644,icefishball,all,atr,atr,1.0,4.0,48,6,222.56,1.6024,0.3333,37.0933,369.46,592.02,-369.46,3,1,False,"[-106.48, -262.98, 592.02]",1.0,1.0,1.0,0.0
X01973,icefishball,short_only,atr_blend,atr_blend,1.0,1.5,24,4,98.04,1.6015,0.5,24.51,112.74,261.02,-162.98,3,2,False,"[83.52, -112.74, 127.26]",1.0,1.0,1.0,0.0
X02117,icefishball,short_only,atr_blend,atr_blend,1.0,1.5,48,4,98.04,1.6015,0.5,24.51,112.74,261.02,-162.98,3,2,False,"[83.52, -112.74, 127.26]",1.0,1.0,1.0,0.0
X00187,icefishball,all,fixed,fixed,60.0,20.0,6,6,72.56,1.5985,0.8333,12.0933,121.24,193.8,-121.24,3,2,False,"[-82.48, 77.52, 77.52]",1.0,1.0,1.0,0.0
X00331,icefishball,all,fixed,fixed,60.0,20.0,12,6,72.56,1.5985,0.8333,12.0933,121.24,193.8,-121.24,3,2,False,"[-82.48, 77.52, 77.52]",1.0,1.0,1.0,0.0
X00475,icefishball,all,fixed,fixed,60.0,20.0,24,6,72.56,1.5985,0.8333,12.0933,121.24,193.8,-121.24,3,2,False,"[-82.48, 77.52, 77.52]",1.0,1.0,1.0,0.0
X00619,icefishball,all,fixed,fixed,60.0,20.0,48,6,72.56,1.5985,0.8333,12.0933,121.24,193.8,-121.24,3,2,False,"[-82.48, 77.52, 77.52]",1.0,1.0,1.0,0.0
X00553,icefishball,all,atr_blend,atr_blend,2.0,3.0,24,5,185.8,1.598,0.4,37.16,310.72,496.52,-310.72,3,2,False,"[-129.48, 74.52, 240.76]",1.0,1.0,1.0,0.0
X00942,icefishball,long_only,atr,atr,1.5,2.0,6,2,52.02,1.5963,0.5,26.01,87.24,139.26,-87.24,2,1,False,"[-87.24, 139.26]",1.0,1.0,1.0,0.0
X01086,icefishball,long_only,atr,atr,1.5,2.0,12,2,52.02,1.5963,0.5,26.01,87.24,139.26,-87.24,2,1,False,"[-87.24, 139.26]",1.0,1.0,1.0,0.0
X01230,icefishball,long_only,atr,atr,1.5,2.0,24,2,52.02,1.5963,0.5,26.01,87.24,139.26,-87.24,2,1,False,"[-87.24, 139.26]",1.0,1.0,1.0,0.0
X01374,icefishball,long_only,atr,atr,1.5,2.0,48,2,52.02,1.5963,0.5,26.01,87.24,139.26,-87.24,2,1,False,"[-87.24, 139.26]",1.0,1.0,1.0,0.0
X00282,icefishball,all,range15_pct,range15_pct,1.0,1.0,6,5,104.8,1.5955,0.6,20.96,175.98,280.78,-175.98,3,1,False,"[-47.48, -3.98, 156.26]",1.0,1.0,1.0,0.0
X00493,icefishball,all,atr,atr,0.75,3.0,24,6,165.06,1.5928,0.3333,27.51,278.46,443.52,-278.46,3,1,False,"[-80.48, -197.98, 443.52]",1.0,1.0,1.0,0.0
X00637,icefishball,all,atr,atr,0.75,3.0,48,6,165.06,1.5928,0.3333,27.51,278.46,443.52,-278.46,3,1,False,"[-80.48, -197.98, 443.52]",1.0,1.0,1.0,0.0
X00081,icefishball,all,atr,atr,2.0,0.75,3,7,95.82,1.5897,0.7143,13.6886,115.74,258.3,-162.48,3,2,False,"[-49.72, 37.02, 108.52]",1.0,1.0,1.0,0.0
X00055,icefishball,all,fixed,fixed,80.0,80.0,3,6,104.06,1.5888,0.5,17.3433,150.48,280.78,-176.72,3,2,False,"[132.52, -150.48, 122.02]",1.0,1.0,1.0,0.0
X00127,icefishball,all,atr_blend,atr_blend,2.5,3.0,3,6,102.56,1.5804,0.5,17.0933,150.48,279.28,-176.72,3,2,False,"[131.02, -150.48, 122.02]",1.0,1.0,1.0,0.0
X00283,icefishball,all,range15_pct,range15_pct,1.0,1.5,6,5,99.8,1.5663,0.4,19.96,176.22,276.02,-176.22,3,2,False,"[-92.98, 36.52, 156.26]",1.0,1.0,1.0,0.0
X00922,icefishball,long_only,atr,atr,0.75,1.0,6,2,25.02,1.5656,0.5,12.51,44.24,69.26,-44.24,2,1,False,"[-44.24, 69.26]",1.0,1.0,1.0,0.0
X01066,icefishball,long_only,atr,atr,0.75,1.0,12,2,25.02,1.5656,0.5,12.51,44.24,69.26,-44.24,2,1,False,"[-44.24, 69.26]",1.0,1.0,1.0,0.0
X01210,icefishball,long_only,atr,atr,0.75,1.0,24,2,25.02,1.5656,0.5,12.51,44.24,69.26,-44.24,2,1,False,"[-44.24, 69.26]",1.0,1.0,1.0,0.0
X01354,icefishball,long_only,atr,atr,0.75,1.0,48,2,25.02,1.5656,0.5,12.51,44.24,69.26,-44.24,2,1,False,"[-44.24, 69.26]",1.0,1.0,1.0,0.0
X00422,icefishball,all,range15_pct,range15_pct,0.75,1.0,12,5,101.3,1.5644,0.6,20.26,179.48,280.78,-179.48,3,1,False,"[-24.48, -30.48, 156.26]",1.0,1.0,1.0,0.0
X01534,icefishball,short_only,atr_blend,atr_blend,0.75,1.0,3,4,62.04,1.559,0.5,15.51,84.74,173.02,-110.98,3,2,False,"[62.52, -84.74, 84.26]",1.0,1.0,1.0,0.0
X00284,icefishball,all,range15_pct,range15_pct,1.0,2.0,6,5,98.3,1.5578,0.4,19.66,176.22,274.52,-176.22,3,2,False,"[-92.98, 35.02, 156.26]",1.0,1.0,1.0,0.0
X00070,icefishball,all,atr,atr,1.25,1.0,3,6,80.06,1.5494,0.5,13.3433,98.98,225.78,-145.72,3,2,False,"[-98.98, 65.52, 113.52]",1.0,1.0,1.0,0.0
X01129,icefishball,long_only,atr_blend,atr_blend,2.0,3.0,12,2,56.02,1.5224,0.5,28.01,107.24,163.26,-107.24,2,1,False,"[-107.24, 163.26]",1.0,1.0,1.0,0.0
X01130,icefishball,long_only,atr_blend,atr_blend,2.0,4.0,12,2,56.02,1.5224,0.5,28.01,107.24,163.26,-107.24,2,1,False,"[-107.24, 163.26]",1.0,1.0,1.0,0.0
X00274,icefishball,all,range15_pct,range15_pct,0.5,1.0,6,5,80.8,1.5222,0.4,16.16,154.72,235.52,-154.72,3,1,False,"[-71.48, -3.98, 156.26]",1.0,1.0,1.0,0.0
X01406,icefishball,long_only,atr_blend,atr_blend,1.25,4.0,48,2,34.52,1.5134,0.5,17.26,67.24,101.76,-67.24,2,1,False,"[-67.24, 101.76]",1.0,1.0,1.0,0.0
X00563,icefishball,all,range15_pct,range15_pct,0.5,1.5,24,5,119.8,1.5093,0.4,23.96,235.22,355.02,-235.22,3,1,False,"[-71.48, -43.98, 235.26]",1.0,1.0,1.0,0.0
X00707,icefishball,all,range15_pct,range15_pct,0.5,1.5,48,5,119.8,1.5093,0.4,23.96,235.22,355.02,-235.22,3,1,False,"[-71.48, -43.98, 235.26]",1.0,1.0,1.0,0.0
X00222,icefishball,all,atr,atr,1.5,2.0,6,5,86.8,1.5084,0.4,17.36,170.72,257.52,-170.72,3,2,False,"[-87.48, 35.02, 139.26]",1.0,1.0,1.0,0.0
X00542,icefishball,all,atr_blend,atr_blend,1.25,4.0,24,6,194.56,1.5067,0.3333,32.4267,383.96,578.52,-383.96,3,1,False,"[-129.98, -253.98, 578.52]",1.0,1.0,1.0,0.0
X00175,icefishball,all,fixed,fixed,30.0,80.0,6,6,93.06,1.5059,0.3333,15.51,183.96,277.02,-183.96,3,1,False,"[-61.48, -122.48, 277.02]",1.0,1.0,1.0,0.0
X00424,icefishball,all,range15_pct,range15_pct,0.75,2.0,12,5,107.3,1.4974,0.4,21.46,215.72,323.02,-215.72,3,2,False,"[-105.98, 50.02, 163.26]",1.0,1.0,1.0,0.0
X01718,icefishball,short_only,range15_pct,range15_pct,0.75,1.0,6,3,41.28,1.4959,0.6667,13.76,83.24,124.52,-83.24,3,2,False,"[45.26, -83.24, 79.26]",1.0,1.0,1.0,0.0
X01722,icefishball,short_only,range15_pct,range15_pct,1.0,1.0,6,3,41.28,1.4959,0.6667,13.76,83.24,124.52,-83.24,3,2,False,"[45.26, -83.24, 79.26]",1.0,1.0,1.0,0.0
X01726,icefishball,short_only,range15_pct,range15_pct,1.25,1.0,6,3,41.28,1.4959,0.6667,13.76,83.24,124.52,-83.24,3,2,False,"[45.26, -83.24, 79.26]",1.0,1.0,1.0,0.0
X00984,icefishball,long_only,atr_blend,atr_blend,2.0,2.0,6,2,53.02,1.4944,0.5,26.51,107.24,160.26,-107.24,2,1,False,"[-107.24, 160.26]",1.0,1.0,1.0,0.0
X01128,icefishball,long_only,atr_blend,atr_blend,2.0,2.0,12,2,53.02,1.4944,0.5,26.51,107.24,160.26,-107.24,2,1,False,"[-107.24, 160.26]",1.0,1.0,1.0,0.0
X01272,icefishball,long_only,atr_blend,atr_blend,2.0,2.0,24,2,53.02,1.4944,0.5,26.51,107.24,160.26,-107.24,2,1,False,"[-107.24, 160.26]",1.0,1.0,1.0,0.0
X01416,icefishball,long_only,atr_blend,atr_blend,2.0,2.0,48,2,53.02,1.4944,0.5,26.51,107.24,160.26,-107.24,2,1,False,"[-107.24, 160.26]",1.0,1.0,1.0,0.0
X00106,icefishball,all,atr_blend,atr_blend,1.25,1.0,3,6,69.06,1.4925,0.5,11.51,93.48,209.28,-140.22,3,2,False,"[-93.48, 42.02, 120.52]",1.0,1.0,1.0,0.0
X00176,icefishball,all,fixed,fixed,30.0,120.0,6,6,90.56,1.4923,0.3333,15.0933,183.96,274.52,-183.96,3,1,False,"[-61.48, -122.48, 274.52]",1.0,1.0,1.0,0.0
X00698,icefishball,all,atr_blend,atr_blend,2.0,4.0,48,5,144.8,1.4847,0.4,28.96,298.72,443.52,-298.72,3,2,False,"[-117.48, 160.52, 101.76]",1.0,1.0,1.0,0.0
X00977,icefishball,long_only,atr_blend,atr_blend,1.5,1.5,6,2,39.02,1.4833,0.5,19.51,80.74,119.76,-80.74,2,1,False,"[-80.74, 119.76]",1.0,1.0,1.0,0.0
X01121,icefishball,long_only,atr_blend,atr_blend,1.5,1.5,12,2,39.02,1.4833,0.5,19.51,80.74,119.76,-80.74,2,1,False,"[-80.74, 119.76]",1.0,1.0,1.0,0.0
X01265,icefishball,long_only,atr_blend,atr_blend,1.5,1.5,24,2,39.02,1.4833,0.5,19.51,80.74,119.76,-80.74,2,1,False,"[-80.74, 119.76]",1.0,1.0,1.0,0.0
X01409,icefishball,long_only,atr_blend,atr_blend,1.5,1.5,48,2,39.02,1.4833,0.5,19.51,80.74,119.76,-80.74,2,1,False,"[-80.74, 119.76]",1.0,1.0,1.0,0.0
X00552,icefishball,all,atr_blend,atr_blend,2.0,2.0,24,5,139.3,1.4829,0.6,27.86,288.48,427.78,-288.48,3,1,False,"[-9.98, -10.98, 160.26]",1.0,1.0,1.0,0.0
X00696,icefishball,all,atr_blend,atr_blend,2.0,2.0,48,5,139.3,1.4829,0.6,27.86,288.48,427.78,-288.48,3,1,False,"[-9.98, -10.98, 160.26]",1.0,1.0,1.0,0.0
X01992,icefishball,short_only,atr_blend,atr_blend,2.0,2.0,24,3,86.28,1.4761,0.6667,28.76,181.24,267.52,-181.24,3,2,False,"[97.26, -181.24, 170.26]",1.0,1.0,1.0,0.0
X02136,icefishball,short_only,atr_blend,atr_blend,2.0,2.0,48,3,86.28,1.4761,0.6667,28.76,181.24,267.52,-181.24,3,2,False,"[97.26, -181.24, 170.26]",1.0,1.0,1.0,0.0
X00616,icefishball,all,fixed,fixed,40.0,120.0,48,6,152.56,1.4695,0.3333,25.4267,324.96,477.52,-324.96,3,1,False,"[-162.48, -162.48, 477.52]",1.0,1.0,1.0,0.0
X01477,icefishball,short_only,fixed,fixed,40.0,40.0,3,4,50.04,1.4656,0.5,12.51,81.24,157.52,-107.48,3,2,False,"[52.52, -81.24, 78.76]",1.0,1.0,1.0,0.0
X00902,icefishball,long_only,fixed,fixed,40.0,60.0,6,2,37.52,1.4618,0.5,18.76,81.24,118.76,-81.24,2,1,False,"[-81.24, 118.76]",1.0,1.0,1.0,0.0
X01046,icefishball,long_only,fixed,fixed,40.0,60.0,12,2,37.52,1.4618,0.5,18.76,81.24,118.76,-81.24,2,1,False,"[-81.24, 118.76]",1.0,1.0,1.0,0.0
X01190,icefishball,long_only,fixed,fixed,40.0,60.0,24,2,37.52,1.4618,0.5,18.76,81.24,118.76,-81.24,2,1,False,"[-81.24, 118.76]",1.0,1.0,1.0,0.0
X01334,icefishball,long_only,fixed,fixed,40.0,60.0,48,2,37.52,1.4618,0.5,18.76,81.24,118.76,-81.24,2,1,False,"[-81.24, 118.76]",1.0,1.0,1.0,0.0
X00964,icefishball,long_only,atr_blend,atr_blend,1.0,1.0,6,2,25.02,1.4613,0.5,12.51,54.24,79.26,-54.24,2,1,False,"[-54.24, 79.26]",1.0,1.0,1.0,0.0
X01108,icefishball,long_only,atr_blend,atr_blend,1.0,1.0,12,2,25.02,1.4613,0.5,12.51,54.24,79.26,-54.24,2,1,False,"[-54.24, 79.26]",1.0,1.0,1.0,0.0
X01252,icefishball,long_only,atr_blend,atr_blend,1.0,1.0,24,2,25.02,1.4613,0.5,12.51,54.24,79.26,-54.24,2,1,False,"[-54.24, 79.26]",1.0,1.0,1.0,0.0
X01396,icefishball,long_only,atr_blend,atr_blend,1.0,1.0,48,2,25.02,1.4613,0.5,12.51,54.24,79.26,-54.24,2,1,False,"[-54.24, 79.26]",1.0,1.0,1.0,0.0
X00264,icefishball,all,atr_blend,atr_blend,2.0,2.0,6,5,87.8,1.4604,0.4,17.56,190.72,278.52,-190.72,3,2,False,"[-107.48, 35.02, 160.26]",1.0,1.0,1.0,0.0
X01432,icefishball,long_only,range15_pct,range15_pct,0.75,2.0,48,2,32.02,1.4591,0.5,16.01,69.74,101.76,-69.74,2,1,False,"[-69.74, 101.76]",1.0,1.0,1.0,0.0
X00985,icefishball,long_only,atr_blend,atr_blend,2.0,3.0,6,2,49.02,1.4571,0.5,24.51,107.24,156.26,-107.24,2,1,False,"[-107.24, 156.26]",1.0,1.0,1.0,0.0
X00986,icefishball,long_only,atr_blend,atr_blend,2.0,4.0,6,2,49.02,1.4571,0.5,24.51,107.24,156.26,-107.24,2,1,False,"[-107.24, 156.26]",1.0,1.0,1.0,0.0
X00813,icefishball,long_only,atr_blend,atr_blend,0.75,0.75,3,2,18.52,1.4546,0.5,9.26,40.74,59.26,-40.74,2,1,False,"[-40.74, 59.26]",1.0,1.0,1.0,0.0
X00957,icefishball,long_only,atr_blend,atr_blend,0.75,0.75,6,2,18.52,1.4546,0.5,9.26,40.74,59.26,-40.74,2,1,False,"[-40.74, 59.26]",1.0,1.0,1.0,0.0
X01101,icefishball,long_only,atr_blend,atr_blend,0.75,0.75,12,2,18.52,1.4546,0.5,9.26,40.74,59.26,-40.74,2,1,False,"[-40.74, 59.26]",1.0,1.0,1.0,0.0
X01245,icefishball,long_only,atr_blend,atr_blend,0.75,0.75,24,2,18.52,1.4546,0.5,9.26,40.74,59.26,-40.74,2,1,False,"[-40.74, 59.26]",1.0,1.0,1.0,0.0
X01389,icefishball,long_only,atr_blend,atr_blend,0.75,0.75,48,2,18.52,1.4546,0.5,9.26,40.74,59.26,-40.74,2,1,False,"[-40.74, 59.26]",1.0,1.0,1.0,0.0
X00181,icefishball,all,fixed,fixed,40.0,40.0,6,6,73.56,1.4521,0.5,12.26,83.96,236.28,-162.72,3,1,False,"[-81.48, -2.48, 157.52]",1.0,1.0,1.0,0.0
X00180,icefishball,all,fixed,fixed,40.0,30.0,6,6,72.56,1.4466,0.6667,12.0933,103.72,235.04,-162.48,3,1,False,"[-22.48, -22.48, 117.52]",1.0,1.0,1.0,0.0
X00324,icefishball,all,fixed,fixed,40.0,30.0,12,6,72.56,1.4466,0.6667,12.0933,103.72,235.04,-162.48,3,1,False,"[-22.48, -22.48, 117.52]",1.0,1.0,1.0,0.0
X00468,icefishball,all,fixed,fixed,40.0,30.0,24,6,72.56,1.4466,0.6667,12.0933,103.72,235.04,-162.48,3,1,False,"[-22.48, -22.48, 117.52]",1.0,1.0,1.0,0.0
X00612,icefishball,all,fixed,fixed,40.0,30.0,48,6,72.56,1.4466,0.6667,12.0933,103.72,235.04,-162.48,3,1,False,"[-22.48, -22.48, 117.52]",1.0,1.0,1.0,0.0
X00203,icefishball,all,atr,atr,0.75,1.5,6,6,68.06,1.4464,0.3333,11.3433,152.46,220.52,-152.46,3,1,False,"[-44.48, -107.98, 220.52]",1.0,1.0,1.0,0.0
X02144,icefishball,short_only,atr_blend,atr_blend,2.5,4.0,48,3,105.28,1.4452,0.3333,35.0933,236.48,341.76,-236.48,3,1,False,"[-10.24, -226.24, 341.76]",1.0,1.0,1.0,0.0
X00035,icefishball,all,fixed,fixed,40.0,20.0,3,6,47.56,1.4425,0.6667,7.9267,107.48,155.04,-107.48,3,2,False,"[-107.48, 77.52, 77.52]",1.0,1.0,1.0,0.0
X00310,icefishball,all,fixed,fixed,20.0,60.0,12,6,72.56,1.4399,0.3333,12.0933,82.48,237.52,-164.96,3,2,False,"[-82.48, 77.52, 77.52]",1.0,1.0,1.0,0.0
X00454,icefishball,all,fixed,fixed,20.0,60.0,24,6,72.56,1.4399,0.3333,12.0933,82.48,237.52,-164.96,3,2,False,"[-82.48, 77.52, 77.52]",1.0,1.0,1.0,0.0
X00598,icefishball,all,fixed,fixed,20.0,60.0,48,6,72.56,1.4399,0.3333,12.0933,82.48,237.52,-164.96,3,2,False,"[-82.48, 77.52, 77.52]",1.0,1.0,1.0,0.0
X00265,icefishball,all,atr_blend,atr_blend,2.0,3.0,6,5,83.8,1.4394,0.4,16.76,190.72,274.52,-190.72,3,2,False,"[-107.48, 35.02, 156.26]",1.0,1.0,1.0,0.0
X00266,icefishball,all,atr_blend,atr_blend,2.0,4.0,6,5,83.8,1.4394,0.4,16.76,190.72,274.52,-190.72,3,2,False,"[-107.48, 35.02, 156.26]",1.0,1.0,1.0,0.0
X00680,icefishball,all,atr_blend,atr_blend,1.0,4.0,48,6,135.06,1.4379,0.3333,22.51,308.46,443.52,-308.46,3,1,False,"[-104.48, -203.98, 443.52]",1.0,1.0,1.0,0.0
X01719,icefishball,short_only,range15_pct,range15_pct,0.75,1.5,6,3,36.28,1.4346,0.3333,12.0933,83.48,119.76,-83.48,3,1,False,"[-0.24, -83.24, 119.76]",1.0,1.0,1.0,0.0
X01723,icefishball,short_only,range15_pct,range15_pct,1.0,1.5,6,3,36.28,1.4346,0.3333,12.0933,83.48,119.76,-83.48,3,1,False,"[-0.24, -83.24, 119.76]",1.0,1.0,1.0,0.0
X01727,icefishball,short_only,range15_pct,range15_pct,1.25,1.5,6,3,36.28,1.4346,0.3333,12.0933,83.48,119.76,-83.48,3,1,False,"[-0.24, -83.24, 119.76]",1.0,1.0,1.0,0.0
X00935,icefishball,long_only,atr,atr,1.25,1.5,6,2,31.52,1.4333,0.5,15.76,72.74,104.26,-72.74,2,1,False,"[-72.74, 104.26]",1.0,1.0,1.0,0.0
X01079,icefishball,long_only,atr,atr,1.25,1.5,12,2,31.52,1.4333,0.5,15.76,72.74,104.26,-72.74,2,1,False,"[-72.74, 104.26]",1.0,1.0,1.0,0.0
X01223,icefishball,long_only,atr,atr,1.25,1.5,24,2,31.52,1.4333,0.5,15.76,72.74,104.26,-72.74,2,1,False,"[-72.74, 104.26]",1.0,1.0,1.0,0.0
X01367,icefishball,long_only,atr,atr,1.25,1.5,48,2,31.52,1.4333,0.5,15.76,72.74,104.26,-72.74,2,1,False,"[-72.74, 104.26]",1.0,1.0,1.0,0.0
X00240,icefishball,all,atr_blend,atr_blend,0.75,2.0,6,6,84.06,1.4323,0.3333,14.01,194.46,278.52,-194.46,3,1,False,"[-40.98, -153.48, 278.52]",1.0,1.0,1.0,0.0
X01607,icefishball,short_only,fixed,fixed,20.0,80.0,6,4,35.54,1.4296,0.25,8.885,82.72,118.26,-82.72,3,1,False,"[-41.48, -41.24, 118.26]",1.0,1.0,1.0,0.0
X01608,icefishball,short_only,fixed,fixed,20.0,120.0,6,4,35.54,1.4296,0.25,8.885,82.72,118.26,-82.72,3,1,False,"[-41.48, -41.24, 118.26]",1.0,1.0,1.0,0.0
X00042,icefishball,all,fixed,fixed,60.0,15.0,3,7,51.32,1.4233,0.8571,7.3314,121.24,172.56,-121.24,3,2,False,"[-63.72, 57.52, 57.52]",1.0,1.0,1.0,0.0
X00186,icefishball,all,fixed,fixed,60.0,15.0,6,7,51.32,1.4233,0.8571,7.3314,121.24,172.56,-121.24,3,2,False,"[-63.72, 57.52, 57.52]",1.0,1.0,1.0,0.0
X00330,icefishball,all,fixed,fixed,60.0,15.0,12,7,51.32,1.4233,0.8571,7.3314,121.24,172.56,-121.24,3,2,False,"[-63.72, 57.52, 57.52]",1.0,1.0,1.0,0.0
X00474,icefishball,all,fixed,fixed,60.0,15.0,24,7,51.32,1.4233,0.8571,7.3314,121.24,172.56,-121.24,3,2,False,"[-63.72, 57.52, 57.52]",1.0,1.0,1.0,0.0
X00618,icefishball,all,fixed,fixed,60.0,15.0,48,7,51.32,1.4233,0.8571,7.3314,121.24,172.56,-121.24,3,2,False,"[-63.72, 57.52, 57.52]",1.0,1.0,1.0,0.0
X00384,icefishball,all,atr_blend,atr_blend,0.75,2.0,12,6,98.06,1.4218,0.3333,16.3433,232.46,330.52,-232.46,3,1,False,"[-78.98, -153.48, 330.52]",1.0,1.0,1.0,0.0
X00528,icefishball,all,atr_blend,atr_blend,0.75,2.0,24,6,98.06,1.4218,0.3333,16.3433,232.46,330.52,-232.46,3,1,False,"[-78.98, -153.48, 330.52]",1.0,1.0,1.0,0.0
X00672,icefishball,all,atr_blend,atr_blend,0.75,2.0,48,6,98.06,1.4218,0.3333,16.3433,232.46,330.52,-232.46,3,1,False,"[-78.98, -153.48, 330.52]",1.0,1.0,1.0,0.0
X00119,icefishball,all,atr_blend,atr_blend,2.0,1.5,3,6,75.56,1.4193,0.5,12.5933,133.48,255.78,-180.22,3,2,False,"[-133.48, 87.02, 122.02]",1.0,1.0,1.0,0.0
X01639,icefishball,short_only,fixed,fixed,80.0,80.0,6,3,34.78,1.4166,0.3333,11.5933,83.48,118.26,-83.48,3,1,False,"[-0.24, -83.24, 118.26]",1.0,1.0,1.0,0.0
X01640,icefishball,short_only,fixed,fixed,80.0,120.0,6,3,34.78,1.4166,0.3333,11.5933,83.48,118.26,-83.48,3,1,False,"[-0.24, -83.24, 118.26]",1.0,1.0,1.0,0.0
X01662,icefishball,short_only,atr,atr,1.5,2.0,6,3,34.78,1.4166,0.3333,11.5933,83.48,118.26,-83.48,3,1,False,"[-0.24, -83.24, 118.26]",1.0,1.0,1.0,0.0
X01663,icefishball,short_only,atr,atr,1.5,3.0,6,3,34.78,1.4166,0.3333,11.5933,83.48,118.26,-83.48,3,1,False,"[-0.24, -83.24, 118.26]",1.0,1.0,1.0,0.0
X01664,icefishball,short_only,atr,atr,1.5,4.0,6,3,34.78,1.4166,0.3333,11.5933,83.48,118.26,-83.48,3,1,False,"[-0.24, -83.24, 118.26]",1.0,1.0,1.0,0.0
X01668,icefishball,short_only,atr,atr,2.0,2.0,6,3,34.78,1.4166,0.3333,11.5933,83.48,118.26,-83.48,3,1,False,"[-0.24, -83.24, 118.26]",1.0,1.0,1.0,0.0
X01669,icefishball,short_only,atr,atr,2.0,3.0,6,3,34.78,1.4166,0.3333,11.5933,83.48,118.26,-83.48,3,1,False,"[-0.24, -83.24, 118.26]",1.0,1.0,1.0,0.0
X01670,icefishball,short_only,atr,atr,2.0,4.0,6,3,34.78,1.4166,0.3333,11.5933,83.48,118.26,-83.48,3,1,False,"[-0.24, -83.24, 118.26]",1.0,1.0,1.0,0.0
X01674,icefishball,short_only,atr,atr,2.5,2.0,6,3,34.78,1.4166,0.3333,11.5933,83.48,118.26,-83.48,3,1,False,"[-0.24, -83.24, 118.26]",1.0,1.0,1.0,0.0
X01675,icefishball,short_only,atr,atr,2.5,3.0,6,3,34.78,1.4166,0.3333,11.5933,83.48,118.26,-83.48,3,1,False,"[-0.24, -83.24, 118.26]",1.0,1.0,1.0,0.0
X01676,icefishball,short_only,atr,atr,2.5,4.0,6,3,34.78,1.4166,0.3333,11.5933,83.48,118.26,-83.48,3,1,False,"[-0.24, -83.24, 118.26]",1.0,1.0,1.0,0.0
X01704,icefishball,short_only,atr_blend,atr_blend,2.0,2.0,6,3,34.78,1.4166,0.3333,11.5933,83.48,118.26,-83.48,3,1,False,"[-0.24, -83.24, 118.26]",1.0,1.0,1.0,0.0
X01705,icefishball,short_only,atr_blend,atr_blend,2.0,3.0,6,3,34.78,1.4166,0.3333,11.5933,83.48,118.26,-83.48,3,1,False,"[-0.24, -83.24, 118.26]",1.0,1.0,1.0,0.0
X01706,icefishball,short_only,atr_blend,atr_blend,2.0,4.0,6,3,34.78,1.4166,0.3333,11.5933,83.48,118.26,-83.48,3,1,False,"[-0.24, -83.24, 118.26]",1.0,1.0,1.0,0.0
X01710,icefishball,short_only,atr_blend,atr_blend,2.5,2.0,6,3,34.78,1.4166,0.3333,11.5933,83.48,118.26,-83.48,3,1,False,"[-0.24, -83.24, 118.26]",1.0,1.0,1.0,0.0
X01711,icefishball,short_only,atr_blend,atr_blend,2.5,3.0,6,3,34.78,1.4166,0.3333,11.5933,83.48,118.26,-83.48,3,1,False,"[-0.24, -83.24, 118.26]",1.0,1.0,1.0,0.0
X01712,icefishball,short_only,atr_blend,atr_blend,2.5,4.0,6,3,34.78,1.4166,0.3333,11.5933,83.48,118.26,-83.48,3,1,False,"[-0.24, -83.24, 118.26]",1.0,1.0,1.0,0.0
X01720,icefishball,short_only,range15_pct,range15_pct,0.75,2.0,6,3,34.78,1.4166,0.3333,11.5933,83.48,118.26,-83.48,3,1,False,"[-0.24, -83.24, 118.26]",1.0,1.0,1.0,0.0
X01724,icefishball,short_only,range15_pct,range15_pct,1.0,2.0,6,3,34.78,1.4166,0.3333,11.5933,83.48,118.26,-83.48,3,1,False,"[-0.24, -83.24, 118.26]",1.0,1.0,1.0,0.0
X01728,icefishball,short_only,range15_pct,range15_pct,1.25,2.0,6,3,34.78,1.4166,0.3333,11.5933,83.48,118.26,-83.48,3,1,False,"[-0.24, -83.24, 118.26]",1.0,1.0,1.0,0.0
X00241,icefishball,all,atr_blend,atr_blend,0.75,3.0,6,6,80.06,1.4117,0.3333,13.3433,194.46,274.52,-194.46,3,1,False,"[-40.98, -153.48, 274.52]",1.0,1.0,1.0,0.0
X00242,icefishball,all,atr_blend,atr_blend,0.75,4.0,6,6,80.06,1.4117,0.3333,13.3433,194.46,274.52,-194.46,3,1,False,"[-40.98, -153.48, 274.52]",1.0,1.0,1.0,0.0
X00286,icefishball,all,range15_pct,range15_pct,1.25,1.0,6,5,81.8,1.4111,0.6,16.36,198.98,280.78,-198.98,3,1,False,"[-70.48, -3.98, 156.26]",1.0,1.0,1.0,0.0
X01093,icefishball,long_only,atr,atr,2.0,3.0,12,2,47.52,1.4106,0.5,23.76,115.74,163.26,-115.74,2,1,False,"[-115.74, 163.26]",1.0,1.0,1.0,0.0
X01094,icefishball,long_only,atr,atr,2.0,4.0,12,2,47.52,1.4106,0.5,23.76,115.74,163.26,-115.74,2,1,False,"[-115.74, 163.26]",1.0,1.0,1.0,0.0
X01151,icefishball,long_only,range15_pct,range15_pct,1.25,1.5,12,2,47.52,1.4106,0.5,23.76,115.74,163.26,-115.74,2,1,False,"[-115.74, 163.26]",1.0,1.0,1.0,0.0
X01152,icefishball,long_only,range15_pct,range15_pct,1.25,2.0,12,2,47.52,1.4106,0.5,23.76,115.74,163.26,-115.74,2,1,False,"[-115.74, 163.26]",1.0,1.0,1.0,0.0
X00076,icefishball,all,atr,atr,1.5,1.0,3,6,65.56,1.4092,0.5,10.9267,113.48,225.78,-160.22,3,2,False,"[-113.48, 65.52, 113.52]",1.0,1.0,1.0,0.0
X00539,icefishball,all,atr_blend,atr_blend,1.25,1.5,24,6,110.56,1.4091,0.5,18.4267,140.24,380.78,-270.22,3,1,False,"[-129.98, -6.48, 247.02]",1.0,1.0,1.0,0.0
X00683,icefishball,all,atr_blend,atr_blend,1.25,1.5,48,6,110.56,1.4091,0.5,18.4267,140.24,380.78,-270.22,3,1,False,"[-129.98, -6.48, 247.02]",1.0,1.0,1.0,0.0
X00211,icefishball,all,atr,atr,1.0,3.0,6,6,79.06,1.4045,0.3333,13.1767,195.46,274.52,-195.46,3,1,False,"[-58.98, -136.48, 274.52]",1.0,1.0,1.0,0.0
X00212,icefishball,all,atr,atr,1.0,4.0,6,6,79.06,1.4045,0.3333,13.1767,195.46,274.52,-195.46,3,1,False,"[-58.98, -136.48, 274.52]",1.0,1.0,1.0,0.0
X01661,icefishball,short_only,atr,atr,1.5,1.5,6,3,32.78,1.3927,0.3333,10.9267,83.48,116.26,-83.48,3,1,False,"[-0.24, -83.24, 116.26]",1.0,1.0,1.0,0.0
X01667,icefishball,short_only,atr,atr,2.0,1.5,6,3,32.78,1.3927,0.3333,10.9267,83.48,116.26,-83.48,3,1,False,"[-0.24, -83.24, 116.26]",1.0,1.0,1.0,0.0
X01673,icefishball,short_only,atr,atr,2.5,1.5,6,3,32.78,1.3927,0.3333,10.9267,83.48,116.26,-83.48,3,1,False,"[-0.24, -83.24, 116.26]",1.0,1.0,1.0,0.0
X02072,icefishball,short_only,fixed,fixed,80.0,120.0,48,3,67.28,1.3923,0.3333,22.4267,171.48,238.76,-171.48,3,1,False,"[-10.24, -161.24, 238.76]",1.0,1.0,1.0,0.0
X00426,icefishball,all,range15_pct,range15_pct,1.0,1.0,12,5,78.3,1.3867,0.6,15.66,202.48,280.78,-202.48,3,1,False,"[-47.48, -30.48, 156.26]",1.0,1.0,1.0,0.0
X00287,icefishball,all,range15_pct,range15_pct,1.25,1.5,6,5,76.8,1.3855,0.4,15.36,199.22,276.02,-199.22,3,2,False,"[-115.98, 36.52, 156.26]",1.0,1.0,1.0,0.0
X00033,icefishball,all,fixed,fixed,40.0,10.0,3,7,31.32,1.3855,0.8571,4.4743,81.24,112.56,-81.24,3,2,False,"[-43.72, 37.52, 37.52]",1.0,1.0,1.0,0.0
X00177,icefishball,all,fixed,fixed,40.0,10.0,6,7,31.32,1.3855,0.8571,4.4743,81.24,112.56,-81.24,3,2,False,"[-43.72, 37.52, 37.52]",1.0,1.0,1.0,0.0
X00321,icefishball,all,fixed,fixed,40.0,10.0,12,7,31.32,1.3855,0.8571,4.4743,81.24,112.56,-81.24,3,2,False,"[-43.72, 37.52, 37.52]",1.0,1.0,1.0,0.0
X00465,icefishball,all,fixed,fixed,40.0,10.0,24,7,31.32,1.3855,0.8571,4.4743,81.24,112.56,-81.24,3,2,False,"[-43.72, 37.52, 37.52]",1.0,1.0,1.0,0.0
X00609,icefishball,all,fixed,fixed,40.0,10.0,48,7,31.32,1.3855,0.8571,4.4743,81.24,112.56,-81.24,3,2,False,"[-43.72, 37.52, 37.52]",1.0,1.0,1.0,0.0
X00094,icefishball,all,atr_blend,atr_blend,0.75,1.0,3,6,57.56,1.3794,0.5,9.5933,84.74,209.28,-151.72,3,2,False,"[-66.98, 4.02, 120.52]",1.0,1.0,1.0,0.0
X00229,icefishball,all,atr,atr,2.0,3.0,6,5,75.3,1.378,0.4,15.06,199.22,274.52,-199.22,3,2,False,"[-115.98, 35.02, 156.26]",1.0,1.0,1.0,0.0
X00230,icefishball,all,atr,atr,2.0,4.0,6,5,75.3,1.378,0.4,15.06,199.22,274.52,-199.22,3,2,False,"[-115.98, 35.02, 156.26]",1.0,1.0,1.0,0.0
X00288,icefishball,all,range15_pct,range15_pct,1.25,2.0,6,5,75.3,1.378,0.4,15.06,199.22,274.52,-199.22,3,2,False,"[-115.98, 35.02, 156.26]",1.0,1.0,1.0,0.0
X01765,icefishball,short_only,fixed,fixed,40.0,40.0,12,4,43.04,1.376,0.5,10.76,81.24,157.52,-114.48,3,2,False,"[45.52, -81.24, 78.76]",1.0,1.0,1.0,0.0
X02000,icefishball,short_only,atr_blend,atr_blend,2.5,4.0,24,3,93.28,1.3754,0.3333,31.0933,248.48,341.76,-248.48,3,1,False,"[-22.24, -226.24, 341.76]",1.0,1.0,1.0,0.0
X00420,icefishball,all,range15_pct,range15_pct,0.5,2.0,12,5,87.8,1.3733,0.4,17.56,235.22,323.02,-235.22,3,1,False,"[-71.48, -3.98, 163.26]",1.0,1.0,1.0,0.0
X00252,icefishball,all,atr_blend,atr_blend,1.25,2.0,6,6,75.56,1.3723,0.3333,12.5933,202.96,278.52,-202.96,3,1,False,"[-67.48, -135.48, 278.52]",1.0,1.0,1.0,0.0
X00022,icefishball,all,fixed,fixed,20.0,60.0,3,6,54.56,1.3638,0.3333,9.0933,67.48,204.52,-149.96,3,2,False,"[-67.48, 77.52, 44.52]",1.0,1.0,1.0,0.0
X01964,icefishball,short_only,atr,atr,2.5,4.0,24,3,82.78,1.3615,0.3333,27.5933,228.98,311.76,-228.98,3,1,False,"[-22.24, -206.74, 311.76]",1.0,1.0,1.0,0.0
X00112,icefishball,all,atr_blend,atr_blend,1.5,1.0,3,6,55.56,1.3614,0.5,9.26,106.98,209.28,-153.72,3,2,False,"[-106.98, 42.02, 120.52]",1.0,1.0,1.0,0.0
X00253,icefishball,all,atr_blend,atr_blend,1.25,3.0,6,6,71.56,1.3526,0.3333,11.9267,202.96,274.52,-202.96,3,1,False,"[-67.48, -135.48, 274.52]",1.0,1.0,1.0,0.0
X00254,icefishball,all,atr_blend,atr_blend,1.25,4.0,6,6,71.56,1.3526,0.3333,11.9267,202.96,274.52,-202.96,3,1,False,"[-67.48, -135.48, 274.52]",1.0,1.0,1.0,0.0
X00662,icefishball,all,atr,atr,2.0,4.0,48,5,154.3,1.3525,0.4,30.86,437.72,592.02,-437.72,3,2,False,"[-209.98, 84.02, 280.26]",1.0,1.0,1.0,0.0
X00949,icefishball,long_only,atr,atr,2.0,3.0,6,2,40.52,1.3501,0.5,20.26,115.74,156.26,-115.74,2,1,False,"[-115.74, 156.26]",1.0,1.0,1.0,0.0
X00950,icefishball,long_only,atr,atr,2.0,4.0,6,2,40.52,1.3501,0.5,20.26,115.74,156.26,-115.74,2,1,False,"[-115.74, 156.26]",1.0,1.0,1.0,0.0
X01006,icefishball,long_only,range15_pct,range15_pct,1.25,1.0,6,2,40.52,1.3501,0.5,20.26,115.74,156.26,-115.74,2,1,False,"[-115.74, 156.26]",1.0,1.0,1.0,0.0
X01007,icefishball,long_only,range15_pct,range15_pct,1.25,1.5,6,2,40.52,1.3501,0.5,20.26,115.74,156.26,-115.74,2,1,False,"[-115.74, 156.26]",1.0,1.0,1.0,0.0
X01008,icefishball,long_only,range15_pct,range15_pct,1.25,2.0,6,2,40.52,1.3501,0.5,20.26,115.74,156.26,-115.74,2,1,False,"[-115.74, 156.26]",1.0,1.0,1.0,0.0
X01150,icefishball,long_only,range15_pct,range15_pct,1.25,1.0,12,2,40.52,1.3501,0.5,20.26,115.74,156.26,-115.74,2,1,False,"[-115.74, 156.26]",1.0,1.0,1.0,0.0
X01294,icefishball,long_only,range15_pct,range15_pct,1.25,1.0,24,2,40.52,1.3501,0.5,20.26,115.74,156.26,-115.74,2,1,False,"[-115.74, 156.26]",1.0,1.0,1.0,0.0
X01438,icefishball,long_only,range15_pct,range15_pct,1.25,1.0,48,2,40.52,1.3501,0.5,20.26,115.74,156.26,-115.74,2,1,False,"[-115.74, 156.26]",1.0,1.0,1.0,0.0
X01056,icefishball,long_only,fixed,fixed,60.0,120.0,12,2,42.02,1.3466,0.5,21.01,121.24,163.26,-121.24,2,1,False,"[-121.24, 163.26]",1.0,1.0,1.0,0.0
X00511,icefishball,all,atr,atr,1.5,3.0,24,5,113.8,1.3451,0.4,22.76,329.72,443.52,-329.72,3,2,False,"[-158.48, 62.52, 209.76]",1.0,1.0,1.0,0.0
X00655,icefishball,all,atr,atr,1.5,3.0,48,5,113.8,1.3451,0.4,22.76,329.72,443.52,-329.72,3,2,False,"[-158.48, 62.52, 209.76]",1.0,1.0,1.0,0.0
X01976,icefishball,short_only,atr_blend,atr_blend,1.0,4.0,24,4,87.54,1.3443,0.25,21.885,254.22,341.76,-254.22,3,1,False,"[-141.48, -112.74, 341.76]",1.0,1.0,1.0,0.0
X02120,icefishball,short_only,atr_blend,atr_blend,1.0,4.0,48,4,87.54,1.3443,0.25,21.885,254.22,341.76,-254.22,3,1,False,"[-141.48, -112.74, 341.76]",1.0,1.0,1.0,0.0
X01468,icefishball,short_only,fixed,fixed,30.0,30.0,3,4,30.04,1.3434,0.5,7.51,61.24,117.52,-87.48,3,2,False,"[32.52, -61.24, 58.76]",1.0,1.0,1.0,0.0
X02137,icefishball,short_only,atr_blend,atr_blend,2.0,3.0,48,3,64.28,1.3357,0.3333,21.4267,191.48,255.76,-191.48,3,1,False,"[-10.24, -181.24, 255.76]",1.0,1.0,1.0,0.0
X01969,icefishball,short_only,atr_blend,atr_blend,0.75,3.0,24,4,64.04,1.334,0.25,16.01,191.72,255.76,-191.72,3,1,False,"[-106.98, -84.74, 255.76]",1.0,1.0,1.0,0.0
X02113,icefishball,short_only,atr_blend,atr_blend,0.75,3.0,48,4,64.04,1.334,0.25,16.01,191.72,255.76,-191.72,3,1,False,"[-106.98, -84.74, 255.76]",1.0,1.0,1.0,0.0
X00090,icefishball,all,atr,atr,2.5,2.0,3,6,58.56,1.3314,0.5,9.76,150.48,235.28,-176.72,3,2,False,"[87.02, -150.48, 122.02]",1.0,1.0,1.0,0.0
X01934,icefishball,short_only,atr,atr,0.75,4.0,24,4,77.54,1.3311,0.25,19.385,234.22,311.76,-234.22,3,1,False,"[-122.48, -111.74, 311.76]",1.0,1.0,1.0,0.0
X02078,icefishball,short_only,atr,atr,0.75,4.0,48,4,77.54,1.3311,0.25,19.385,234.22,311.76,-234.22,3,1,False,"[-122.48, -111.74, 311.76]",1.0,1.0,1.0,0.0
X00210,icefishball,all,atr,atr,1.0,2.0,6,6,62.06,1.3175,0.3333,10.3433,195.46,257.52,-195.46,3,1,False,"[-58.98, -136.48, 257.52]",1.0,1.0,1.0,0.0
X00545,icefishball,all,atr_blend,atr_blend,1.5,1.5,24,5,60.8,1.3155,0.4,12.16,155.98,253.52,-192.72,3,2,False,"[-155.98, 97.02, 119.76]",1.0,1.0,1.0,0.0
X00423,icefishball,all,range15_pct,range15_pct,0.75,1.5,12,5,67.3,1.312,0.4,13.46,215.72,283.02,-215.72,3,2,False,"[-105.98, 10.02, 163.26]",1.0,1.0,1.0,0.0
X00911,icefishball,long_only,fixed,fixed,60.0,80.0,6,2,37.52,1.3095,0.5,18.76,121.24,158.76,-121.24,2,1,False,"[-121.24, 158.76]",1.0,1.0,1.0,0.0
X01055,icefishball,long_only,fixed,fixed,60.0,80.0,12,2,37.52,1.3095,0.5,18.76,121.24,158.76,-121.24,2,1,False,"[-121.24, 158.76]",1.0,1.0,1.0,0.0
X01199,icefishball,long_only,fixed,fixed,60.0,80.0,24,2,37.52,1.3095,0.5,18.76,121.24,158.76,-121.24,2,1,False,"[-121.24, 158.76]",1.0,1.0,1.0,0.0
X01343,icefishball,long_only,fixed,fixed,60.0,80.0,48,2,37.52,1.3095,0.5,18.76,121.24,158.76,-121.24,2,1,False,"[-121.24, 158.76]",1.0,1.0,1.0,0.0
X00690,icefishball,all,atr_blend,atr_blend,1.5,2.0,48,5,89.3,1.3056,0.4,17.86,292.22,381.52,-292.22,3,2,False,"[-155.98, 85.02, 160.26]",1.0,1.0,1.0,0.0
X00029,icefishball,all,fixed,fixed,30.0,40.0,3,6,45.06,1.303,0.5,7.51,87.48,193.78,-148.72,3,2,False,"[-87.48, 17.52, 115.02]",1.0,1.0,1.0,0.0
X01928,icefishball,short_only,fixed,fixed,80.0,120.0,24,3,55.28,1.3013,0.3333,18.4267,183.48,238.76,-183.48,3,1,False,"[-22.24, -161.24, 238.76]",1.0,1.0,1.0,0.0
X01904,icefishball,short_only,fixed,fixed,30.0,120.0,24,4,55.04,1.2996,0.25,13.76,183.72,238.76,-183.72,3,1,False,"[-122.48, -61.24, 238.76]",1.0,1.0,1.0,0.0
X02048,icefishball,short_only,fixed,fixed,30.0,120.0,48,4,55.04,1.2996,0.25,13.76,183.72,238.76,-183.72,3,1,False,"[-122.48, -61.24, 238.76]",1.0,1.0,1.0,0.0
X00319,icefishball,all,fixed,fixed,30.0,80.0,12,6,72.56,1.2962,0.3333,12.0933,244.96,317.52,-244.96,3,1,False,"[-122.48, -122.48, 317.52]",1.0,1.0,1.0,0.0
X00463,icefishball,all,fixed,fixed,30.0,80.0,24,6,72.56,1.2962,0.3333,12.0933,244.96,317.52,-244.96,3,1,False,"[-122.48, -122.48, 317.52]",1.0,1.0,1.0,0.0
X00607,icefishball,all,fixed,fixed,30.0,80.0,48,6,72.56,1.2962,0.3333,12.0933,244.96,317.52,-244.96,3,1,False,"[-122.48, -122.48, 317.52]",1.0,1.0,1.0,0.0
X00541,icefishball,all,atr_blend,atr_blend,1.25,3.0,24,6,112.56,1.2932,0.3333,18.76,383.96,496.52,-383.96,3,1,False,"[-129.98, -253.98, 496.52]",1.0,1.0,1.0,0.0
X00685,icefishball,all,atr_blend,atr_blend,1.25,3.0,48,6,112.56,1.2932,0.3333,18.76,383.96,496.52,-383.96,3,1,False,"[-129.98, -253.98, 496.52]",1.0,1.0,1.0,0.0
X01912,icefishball,short_only,fixed,fixed,40.0,120.0,24,4,54.04,1.2926,0.25,13.51,184.72,238.76,-184.72,3,1,False,"[-103.48, -81.24, 238.76]",1.0,1.0,1.0,0.0
X00228,icefishball,all,atr,atr,2.0,2.0,6,5,58.3,1.2926,0.4,11.66,199.22,257.52,-199.22,3,2,False,"[-115.98, 35.02, 139.26]",1.0,1.0,1.0,0.0
X00221,icefishball,all,atr,atr,1.5,1.5,6,5,49.8,1.2917,0.4,9.96,170.72,220.52,-170.72,3,2,False,"[-87.48, 33.02, 104.26]",1.0,1.0,1.0,0.0
X00428,icefishball,all,range15_pct,range15_pct,1.0,2.0,12,5,72.8,1.2909,0.4,14.56,250.22,323.02,-250.22,3,2,False,"[-140.48, 50.02, 163.26]",1.0,1.0,1.0,0.0
X00912,icefishball,long_only,fixed,fixed,60.0,120.0,6,2,35.02,1.2888,0.5,17.51,121.24,156.26,-121.24,2,1,False,"[-121.24, 156.26]",1.0,1.0,1.0,0.0
X00317,icefishball,all,fixed,fixed,30.0,40.0,12,6,52.56,1.2861,0.5,8.76,122.48,236.28,-183.72,3,2,False,"[-122.48, 17.52, 157.52]",1.0,1.0,1.0,0.0
X00461,icefishball,all,fixed,fixed,30.0,40.0,24,6,52.56,1.2861,0.5,8.76,122.48,236.28,-183.72,3,2,False,"[-122.48, 17.52, 157.52]",1.0,1.0,1.0,0.0
X00605,icefishball,all,fixed,fixed,30.0,40.0,48,6,52.56,1.2861,0.5,8.76,122.48,236.28,-183.72,3,2,False,"[-122.48, 17.52, 157.52]",1.0,1.0,1.0,0.0
X01757,icefishball,short_only,fixed,fixed,30.0,40.0,12,4,35.04,1.2861,0.5,8.76,61.24,157.52,-122.48,3,2,False,"[17.52, -61.24, 78.76]",1.0,1.0,1.0,0.0
X01901,icefishball,short_only,fixed,fixed,30.0,40.0,24,4,35.04,1.2861,0.5,8.76,61.24,157.52,-122.48,3,2,False,"[17.52, -61.24, 78.76]",1.0,1.0,1.0,0.0
X02045,icefishball,short_only,fixed,fixed,30.0,40.0,48,4,35.04,1.2861,0.5,8.76,61.24,157.52,-122.48,3,2,False,"[17.52, -61.24, 78.76]",1.0,1.0,1.0,0.0
X00893,icefishball,long_only,fixed,fixed,30.0,40.0,6,2,17.52,1.2861,0.5,8.76,61.24,78.76,-61.24,2,1,False,"[-61.24, 78.76]",1.0,1.0,1.0,0.0
X01037,icefishball,long_only,fixed,fixed,30.0,40.0,12,2,17.52,1.2861,0.5,8.76,61.24,78.76,-61.24,2,1,False,"[-61.24, 78.76]",1.0,1.0,1.0,0.0
X01181,icefishball,long_only,fixed,fixed,30.0,40.0,24,2,17.52,1.2861,0.5,8.76,61.24,78.76,-61.24,2,1,False,"[-61.24, 78.76]",1.0,1.0,1.0,0.0
X01325,icefishball,long_only,fixed,fixed,30.0,40.0,48,2,17.52,1.2861,0.5,8.76,61.24,78.76,-61.24,2,1,False,"[-61.24, 78.76]",1.0,1.0,1.0,0.0
X01979,icefishball,short_only,atr_blend,atr_blend,1.25,1.5,24,4,58.04,1.2859,0.5,14.51,140.24,261.02,-202.98,3,2,False,"[71.02, -140.24, 127.26]",1.0,1.0,1.0,0.0
X02123,icefishball,short_only,atr_blend,atr_blend,1.25,1.5,48,4,58.04,1.2859,0.5,14.51,140.24,261.02,-202.98,3,2,False,"[71.02, -140.24, 127.26]",1.0,1.0,1.0,0.0
X01952,icefishball,short_only,atr,atr,1.5,4.0,24,3,69.28,1.2857,0.3333,23.0933,242.48,311.76,-242.48,3,1,False,"[-71.24, -171.24, 311.76]",1.0,1.0,1.0,0.0
X02096,icefishball,short_only,atr,atr,1.5,4.0,48,3,69.28,1.2857,0.3333,23.0933,242.48,311.76,-242.48,3,1,False,"[-71.24, -171.24, 311.76]",1.0,1.0,1.0,0.0
X00126,icefishball,all,atr_blend,atr_blend,2.5,2.0,3,6,50.06,1.2833,0.5,8.3433,150.48,226.78,-176.72,3,2,False,"[78.52, -150.48, 122.02]",1.0,1.0,1.0,0.0
X01751,icefishball,short_only,fixed,fixed,20.0,80.0,12,4,35.04,1.2832,0.25,8.76,123.72,158.76,-123.72,3,1,False,"[-82.48, -41.24, 158.76]",1.0,1.0,1.0,0.0
X01895,icefishball,short_only,fixed,fixed,20.0,80.0,24,4,35.04,1.2832,0.25,8.76,123.72,158.76,-123.72,3,1,False,"[-82.48, -41.24, 158.76]",1.0,1.0,1.0,0.0
X02039,icefishball,short_only,fixed,fixed,20.0,80.0,48,4,35.04,1.2832,0.25,8.76,123.72,158.76,-123.72,3,1,False,"[-82.48, -41.24, 158.76]",1.0,1.0,1.0,0.0
X00624,icefishball,all,fixed,fixed,60.0,120.0,48,6,103.56,1.2769,0.3333,17.26,373.96,477.52,-373.96,3,1,False,"[-131.48, -242.48, 477.52]",1.0,1.0,1.0,0.0
X00038,icefishball,all,fixed,fixed,40.0,60.0,3,6,52.06,1.2759,0.5,8.6767,107.48,240.78,-188.72,3,2,False,"[-107.48, 37.52, 122.02]",1.0,1.0,1.0,0.0
X00165,icefishball,all,fixed,fixed,20.0,40.0,6,6,33.56,1.2707,0.3333,5.5933,41.48,157.52,-123.96,3,2,False,"[-41.48, 37.52, 37.52]",1.0,1.0,1.0,0.0
X00568,icefishball,all,range15_pct,range15_pct,0.75,2.0,24,5,83.8,1.268,0.4,16.76,312.72,396.52,-312.72,3,1,False,"[-105.98, -46.98, 236.76]",1.0,1.0,1.0,0.0
X01412,icefishball,long_only,atr_blend,atr_blend,1.5,4.0,48,2,21.02,1.2603,0.5,10.51,80.74,101.76,-80.74,2,1,False,"[-80.74, 101.76]",1.0,1.0,1.0,0.0
X01993,icefishball,short_only,atr_blend,atr_blend,2.0,3.0,24,3,52.28,1.2569,0.3333,17.4267,203.48,255.76,-203.48,3,1,False,"[-22.24, -181.24, 255.76]",1.0,1.0,1.0,0.0
X01958,icefishball,short_only,atr,atr,2.0,4.0,24,3,61.78,1.2471,0.3333,20.5933,249.98,311.76,-249.98,3,1,False,"[-22.24, -227.74, 311.76]",1.0,1.0,1.0,0.0
X00430,icefishball,all,range15_pct,range15_pct,1.25,1.0,12,5,55.3,1.2453,0.6,11.06,225.48,280.78,-225.48,3,1,False,"[-70.48, -30.48, 156.26]",1.0,1.0,1.0,0.0
X00046,icefishball,all,fixed,fixed,60.0,60.0,3,6,46.56,1.2397,0.5,7.76,147.48,240.78,-194.22,3,2,False,"[-147.48, 72.02, 122.02]",1.0,1.0,1.0,0.0
X00480,icefishball,all,fixed,fixed,60.0,120.0,24,6,91.56,1.2372,0.3333,15.26,385.96,477.52,-385.96,3,1,False,"[-143.48, -242.48, 477.52]",1.0,1.0,1.0,0.0
X00517,icefishball,all,atr,atr,2.0,3.0,24,5,77.8,1.2127,0.4,15.56,365.72,443.52,-365.72,3,2,False,"[-137.98, 6.02, 209.76]",1.0,1.0,1.0,0.0
X00325,icefishball,all,fixed,fixed,40.0,40.0,12,6,40.56,1.2072,0.5,6.76,116.96,236.28,-195.72,3,1,False,"[-114.48, -2.48, 157.52]",1.0,1.0,1.0,0.0
X00948,icefishball,long_only,atr,atr,2.0,2.0,6,2,23.52,1.2032,0.5,11.76,115.74,139.26,-115.74,2,1,False,"[-115.74, 139.26]",1.0,1.0,1.0,0.0
X01092,icefishball,long_only,atr,atr,2.0,2.0,12,2,23.52,1.2032,0.5,11.76,115.74,139.26,-115.74,2,1,False,"[-115.74, 139.26]",1.0,1.0,1.0,0.0
X01236,icefishball,long_only,atr,atr,2.0,2.0,24,2,23.52,1.2032,0.5,11.76,115.74,139.26,-115.74,2,1,False,"[-115.74, 139.26]",1.0,1.0,1.0,0.0
X01380,icefishball,long_only,atr,atr,2.0,2.0,48,2,23.52,1.2032,0.5,11.76,115.74,139.26,-115.74,2,1,False,"[-115.74, 139.26]",1.0,1.0,1.0,0.0
X00419,icefishball,all,range15_pct,range15_pct,0.5,1.5,12,5,47.8,1.2032,0.4,9.56,235.22,283.02,-235.22,3,1,False,"[-71.48, -43.98, 163.26]",1.0,1.0,1.0,0.0
X00499,icefishball,all,atr,atr,1.0,3.0,24,6,74.06,1.2005,0.3333,12.3433,369.46,443.52,-369.46,3,1,False,"[-106.48, -262.98, 443.52]",1.0,1.0,1.0,0.0
X00643,icefishball,all,atr,atr,1.0,3.0,48,6,74.06,1.2005,0.3333,12.3433,369.46,443.52,-369.46,3,1,False,"[-106.48, -262.98, 443.52]",1.0,1.0,1.0,0.0
X00082,icefishball,all,atr,atr,2.0,1.0,3,6,37.06,1.1964,0.5,6.1767,141.98,225.78,-188.72,3,2,False,"[-141.98, 65.52, 113.52]",1.0,1.0,1.0,0.0
X00941,icefishball,long_only,atr,atr,1.5,1.5,6,2,17.02,1.1951,0.5,8.51,87.24,104.26,-87.24,2,1,False,"[-87.24, 104.26]",1.0,1.0,1.0,0.0
X01085,icefishball,long_only,atr,atr,1.5,1.5,12,2,17.02,1.1951,0.5,8.51,87.24,104.26,-87.24,2,1,False,"[-87.24, 104.26]",1.0,1.0,1.0,0.0
X01229,icefishball,long_only,atr,atr,1.5,1.5,24,2,17.02,1.1951,0.5,8.51,87.24,104.26,-87.24,2,1,False,"[-87.24, 104.26]",1.0,1.0,1.0,0.0
X01373,icefishball,long_only,atr,atr,1.5,1.5,48,2,17.02,1.1951,0.5,8.51,87.24,104.26,-87.24,2,1,False,"[-87.24, 104.26]",1.0,1.0,1.0,0.0
X01962,icefishball,short_only,atr,atr,2.5,2.0,24,3,40.28,1.1948,0.6667,13.4267,206.74,247.02,-206.74,3,2,False,"[91.76, -206.74, 155.26]",1.0,1.0,1.0,0.0
X01985,icefishball,short_only,atr_blend,atr_blend,1.5,1.5,24,3,21.78,1.1945,0.3333,7.26,75.24,133.76,-111.98,3,1,False,"[-75.24, 133.76, -36.74]",1.0,1.0,1.0,0.0
X00471,icefishball,all,fixed,fixed,40.0,80.0,24,6,51.56,1.1939,0.3333,8.5933,265.96,317.52,-265.96,3,1,False,"[-103.48, -162.48, 317.52]",1.0,1.0,1.0,0.0
X00385,icefishball,all,atr_blend,atr_blend,0.75,3.0,12,6,45.06,1.1938,0.3333,7.51,232.46,277.52,-232.46,3,1,False,"[-78.98, -153.48, 277.52]",1.0,1.0,1.0,0.0
X00386,icefishball,all,atr_blend,atr_blend,0.75,4.0,12,6,45.06,1.1938,0.3333,7.51,232.46,277.52,-232.46,3,1,False,"[-78.98, -153.48, 277.52]",1.0,1.0,1.0,0.0
X01854,icefishball,short_only,atr_blend,atr_blend,2.5,2.0,12,3,27.28,1.1908,0.3333,9.0933,142.98,170.26,-142.98,3,1,False,"[-33.24, -109.74, 170.26]",1.0,1.0,1.0,0.0
X00028,icefishball,all,fixed,fixed,30.0,30.0,3,6,27.56,1.1853,0.5,4.5933,89.96,176.28,-148.72,3,1,False,"[-87.48, -2.48, 117.52]",1.0,1.0,1.0,0.0
X01998,icefishball,short_only,atr_blend,atr_blend,2.5,2.0,24,3,41.28,1.1825,0.6667,13.76,226.24,267.52,-226.24,3,2,False,"[97.26, -226.24, 170.26]",1.0,1.0,1.0,0.0
X02142,icefishball,short_only,atr_blend,atr_blend,2.5,2.0,48,3,41.28,1.1825,0.6667,13.76,226.24,267.52,-226.24,3,2,False,"[97.26, -226.24, 170.26]",1.0,1.0,1.0,0.0
X00647,icefishball,all,atr,atr,1.25,1.5,48,5,49.3,1.1795,0.4,9.86,274.72,324.02,-274.72,3,2,False,"[-131.98, 77.02, 104.26]",1.0,1.0,1.0,0.0
X00928,icefishball,long_only,atr,atr,1.0,1.0,6,2,10.52,1.1791,0.5,5.26,58.74,69.26,-58.74,2,1,False,"[-58.74, 69.26]",1.0,1.0,1.0,0.0
X01072,icefishball,long_only,atr,atr,1.0,1.0,12,2,10.52,1.1791,0.5,5.26,58.74,69.26,-58.74,2,1,False,"[-58.74, 69.26]",1.0,1.0,1.0,0.0
X01216,icefishball,long_only,atr,atr,1.0,1.0,24,2,10.52,1.1791,0.5,5.26,58.74,69.26,-58.74,2,1,False,"[-58.74, 69.26]",1.0,1.0,1.0,0.0
X01360,icefishball,long_only,atr,atr,1.0,1.0,48,2,10.52,1.1791,0.5,5.26,58.74,69.26,-58.74,2,1,False,"[-58.74, 69.26]",1.0,1.0,1.0,0.0
X00970,icefishball,long_only,atr_blend,atr_blend,1.25,1.0,6,2,12.02,1.1788,0.5,6.01,67.24,79.26,-67.24,2,1,False,"[-67.24, 79.26]",1.0,1.0,1.0,0.0
X01114,icefishball,long_only,atr_blend,atr_blend,1.25,1.0,12,2,12.02,1.1788,0.5,6.01,67.24,79.26,-67.24,2,1,False,"[-67.24, 79.26]",1.0,1.0,1.0,0.0
X01258,icefishball,long_only,atr_blend,atr_blend,1.25,1.0,24,2,12.02,1.1788,0.5,6.01,67.24,79.26,-67.24,2,1,False,"[-67.24, 79.26]",1.0,1.0,1.0,0.0
X01402,icefishball,long_only,atr_blend,atr_blend,1.25,1.0,48,2,12.02,1.1788,0.5,6.01,67.24,79.26,-67.24,2,1,False,"[-67.24, 79.26]",1.0,1.0,1.0,0.0
X00089,icefishball,all,atr,atr,2.5,1.5,3,6,30.06,1.1701,0.5,5.01,150.48,206.78,-176.72,3,2,False,"[58.52, -150.48, 122.02]",1.0,1.0,1.0,0.0
X00258,icefishball,all,atr_blend,atr_blend,1.5,2.0,6,6,39.56,1.1656,0.3333,6.5933,238.96,278.52,-238.96,3,1,False,"[-80.98, -157.98, 278.52]",1.0,1.0,1.0,0.0
X00118,icefishball,all,atr_blend,atr_blend,2.0,1.0,3,6,29.06,1.1612,0.5,4.8433,133.48,209.28,-180.22,3,2,False,"[-133.48, 42.02, 120.52]",1.0,1.0,1.0,0.0
X00777,icefishball,long_only,atr,atr,0.75,0.75,3,2,7.02,1.1587,0.5,3.51,44.24,51.26,-44.24,2,1,False,"[-44.24, 51.26]",1.0,1.0,1.0,0.0
X00921,icefishball,long_only,atr,atr,0.75,0.75,6,2,7.02,1.1587,0.5,3.51,44.24,51.26,-44.24,2,1,False,"[-44.24, 51.26]",1.0,1.0,1.0,0.0
X01065,icefishball,long_only,atr,atr,0.75,0.75,12,2,7.02,1.1587,0.5,3.51,44.24,51.26,-44.24,2,1,False,"[-44.24, 51.26]",1.0,1.0,1.0,0.0
X01209,icefishball,long_only,atr,atr,0.75,0.75,24,2,7.02,1.1587,0.5,3.51,44.24,51.26,-44.24,2,1,False,"[-44.24, 51.26]",1.0,1.0,1.0,0.0
X01353,icefishball,long_only,atr,atr,0.75,0.75,48,2,7.02,1.1587,0.5,3.51,44.24,51.26,-44.24,2,1,False,"[-44.24, 51.26]",1.0,1.0,1.0,0.0
X00456,icefishball,all,fixed,fixed,20.0,120.0,24,6,32.56,1.1579,0.1667,5.4267,164.96,238.76,-206.2,3,1,False,"[-82.48, -82.48, 197.52]",1.0,1.0,1.0,0.0
X00600,icefishball,all,fixed,fixed,20.0,120.0,48,6,32.56,1.1579,0.1667,5.4267,164.96,238.76,-206.2,3,1,False,"[-82.48, -82.48, 197.52]",1.0,1.0,1.0,0.0
X00217,icefishball,all,atr,atr,1.25,3.0,6,6,37.06,1.1561,0.3333,6.1767,237.46,274.52,-237.46,3,1,False,"[-72.98, -164.48, 274.52]",1.0,1.0,1.0,0.0
X00218,icefishball,all,atr,atr,1.25,4.0,6,6,37.06,1.1561,0.3333,6.1767,237.46,274.52,-237.46,3,1,False,"[-72.98, -164.48, 274.52]",1.0,1.0,1.0,0.0
X00686,icefishball,all,atr_blend,atr_blend,1.25,4.0,48,6,59.56,1.1551,0.3333,9.9267,383.96,443.52,-383.96,3,1,False,"[-129.98, -253.98, 443.52]",1.0,1.0,1.0,0.0
X00259,icefishball,all,atr_blend,atr_blend,1.5,3.0,6,6,35.56,1.1488,0.3333,5.9267,238.96,274.52,-238.96,3,1,False,"[-80.98, -157.98, 274.52]",1.0,1.0,1.0,0.0
X00260,icefishball,all,atr_blend,atr_blend,1.5,4.0,6,6,35.56,1.1488,0.3333,5.9267,238.96,274.52,-238.96,3,1,False,"[-80.98, -157.98, 274.52]",1.0,1.0,1.0,0.0
X00327,icefishball,all,fixed,fixed,40.0,80.0,12,6,40.56,1.1464,0.3333,6.76,276.96,317.52,-276.96,3,1,False,"[-114.48, -162.48, 317.52]",1.0,1.0,1.0,0.0
X00390,icefishball,all,atr_blend,atr_blend,1.0,2.0,12,6,42.06,1.1458,0.3333,7.01,288.46,330.52,-288.46,3,1,False,"[-104.48, -183.98, 330.52]",1.0,1.0,1.0,0.0
X00572,icefishball,all,range15_pct,range15_pct,1.0,2.0,24,5,49.3,1.142,0.4,9.86,347.22,396.52,-347.22,3,1,False,"[-140.48, -46.98, 236.76]",1.0,1.0,1.0,0.0
X00372,icefishball,all,atr,atr,2.0,2.0,12,5,35.8,1.1384,0.4,7.16,258.72,294.52,-258.72,3,2,False,"[-148.98, 45.52, 139.26]",1.0,1.0,1.0,0.0
X00017,icefishball,all,fixed,fixed,20.0,10.0,3,7,11.32,1.1372,0.7143,1.6171,41.24,93.8,-82.48,3,1,False,"[-3.72, 37.52, -22.48]",1.0,1.0,1.0,0.0
X00161,icefishball,all,fixed,fixed,20.0,10.0,6,7,11.32,1.1372,0.7143,1.6171,41.24,93.8,-82.48,3,1,False,"[-3.72, 37.52, -22.48]",1.0,1.0,1.0,0.0
X00305,icefishball,all,fixed,fixed,20.0,10.0,12,7,11.32,1.1372,0.7143,1.6171,41.24,93.8,-82.48,3,1,False,"[-3.72, 37.52, -22.48]",1.0,1.0,1.0,0.0
X00449,icefishball,all,fixed,fixed,20.0,10.0,24,7,11.32,1.1372,0.7143,1.6171,41.24,93.8,-82.48,3,1,False,"[-3.72, 37.52, -22.48]",1.0,1.0,1.0,0.0
X00593,icefishball,all,fixed,fixed,20.0,10.0,48,7,11.32,1.1372,0.7143,1.6171,41.24,93.8,-82.48,3,1,False,"[-3.72, 37.52, -22.48]",1.0,1.0,1.0,0.0
X00183,icefishball,all,fixed,fixed,40.0,80.0,6,6,33.06,1.1355,0.3333,5.51,243.96,277.02,-243.96,3,1,False,"[-81.48, -162.48, 277.02]",1.0,1.0,1.0,0.0
X00567,icefishball,all,range15_pct,range15_pct,0.75,1.5,24,5,42.3,1.1353,0.4,8.46,312.72,355.02,-312.72,3,1,False,"[-105.98, -86.98, 235.26]",1.0,1.0,1.0,0.0
X00348,icefishball,all,atr,atr,0.75,2.0,12,6,35.06,1.1351,0.3333,5.8433,259.46,294.52,-259.46,3,1,False,"[-80.48, -178.98, 294.52]",1.0,1.0,1.0,0.0
X01862,icefishball,short_only,range15_pct,range15_pct,0.75,1.0,12,3,14.78,1.1347,0.6667,4.9267,109.74,124.52,-109.74,3,2,False,"[45.26, -109.74, 79.26]",1.0,1.0,1.0,0.0
X01866,icefishball,short_only,range15_pct,range15_pct,1.0,1.0,12,3,14.78,1.1347,0.6667,4.9267,109.74,124.52,-109.74,3,2,False,"[45.26, -109.74, 79.26]",1.0,1.0,1.0,0.0
X01870,icefishball,short_only,range15_pct,range15_pct,1.25,1.0,12,3,14.78,1.1347,0.6667,4.9267,109.74,124.52,-109.74,3,2,False,"[45.26, -109.74, 79.26]",1.0,1.0,1.0,0.0
X00432,icefishball,all,range15_pct,range15_pct,1.25,2.0,12,5,38.3,1.1345,0.4,7.66,284.72,323.02,-284.72,3,2,False,"[-174.98, 50.02, 163.26]",1.0,1.0,1.0,0.0
X00320,icefishball,all,fixed,fixed,30.0,120.0,12,6,32.56,1.1329,0.3333,5.4267,244.96,277.52,-244.96,3,1,False,"[-122.48, -122.48, 277.52]",1.0,1.0,1.0,0.0
X00427,icefishball,all,range15_pct,range15_pct,1.0,1.5,12,5,32.8,1.1311,0.4,6.56,250.22,283.02,-250.22,3,2,False,"[-140.48, 10.02, 163.26]",1.0,1.0,1.0,0.0
X00209,icefishball,all,atr,atr,1.0,1.5,6,6,25.06,1.1282,0.3333,4.1767,195.46,220.52,-195.46,3,1,False,"[-58.98, -136.48, 220.52]",1.0,1.0,1.0,0.0
X00184,icefishball,all,fixed,fixed,40.0,120.0,6,6,30.56,1.1253,0.3333,5.0933,243.96,274.52,-243.96,3,1,False,"[-81.48, -162.48, 274.52]",1.0,1.0,1.0,0.0
X00516,icefishball,all,atr,atr,2.0,2.0,24,5,42.8,1.1246,0.6,8.56,343.48,386.28,-343.48,3,1,False,"[-23.98, -72.48, 139.26]",1.0,1.0,1.0,0.0
X00660,icefishball,all,atr,atr,2.0,2.0,48,5,42.8,1.1246,0.6,8.56,343.48,386.28,-343.48,3,1,False,"[-23.98, -72.48, 139.26]",1.0,1.0,1.0,0.0
X00983,icefishball,long_only,atr_blend,atr_blend,2.0,1.5,6,2,12.52,1.1167,0.5,6.26,107.24,119.76,-107.24,2,1,False,"[-107.24, 119.76]",1.0,1.0,1.0,0.0
X01127,icefishball,long_only,atr_blend,atr_blend,2.0,1.5,12,2,12.52,1.1167,0.5,6.26,107.24,119.76,-107.24,2,1,False,"[-107.24, 119.76]",1.0,1.0,1.0,0.0
X01271,icefishball,long_only,atr_blend,atr_blend,2.0,1.5,24,2,12.52,1.1167,0.5,6.26,107.24,119.76,-107.24,2,1,False,"[-107.24, 119.76]",1.0,1.0,1.0,0.0
X01415,icefishball,long_only,atr_blend,atr_blend,2.0,1.5,48,2,12.52,1.1167,0.5,6.26,107.24,119.76,-107.24,2,1,False,"[-107.24, 119.76]",1.0,1.0,1.0,0.0
X01715,icefishball,short_only,range15_pct,range15_pct,0.5,1.5,6,3,12.28,1.1143,0.3333,4.0933,107.48,119.76,-107.48,3,1,False,"[-24.24, -83.24, 119.76]",1.0,1.0,1.0,0.0
X00708,icefishball,all,range15_pct,range15_pct,0.5,2.0,48,5,26.3,1.1118,0.4,5.26,235.22,261.52,-235.22,3,1,False,"[-71.48, -3.98, 101.76]",1.0,1.0,1.0,0.0
X00997,icefishball,long_only,range15_pct,range15_pct,0.75,0.5,6,2,7.52,1.1078,0.5,3.76,69.74,77.26,-69.74,2,1,False,"[-69.74, 77.26]",1.0,1.0,1.0,0.0
X01141,icefishball,long_only,range15_pct,range15_pct,0.75,0.5,12,2,7.52,1.1078,0.5,3.76,69.74,77.26,-69.74,2,1,False,"[-69.74, 77.26]",1.0,1.0,1.0,0.0
X01285,icefishball,long_only,range15_pct,range15_pct,0.75,0.5,24,2,7.52,1.1078,0.5,3.76,69.74,77.26,-69.74,2,1,False,"[-69.74, 77.26]",1.0,1.0,1.0,0.0
X01429,icefishball,long_only,range15_pct,range15_pct,0.75,0.5,48,2,7.52,1.1078,0.5,3.76,69.74,77.26,-69.74,2,1,False,"[-69.74, 77.26]",1.0,1.0,1.0,0.0
X00227,icefishball,all,atr,atr,2.0,1.5,6,5,21.3,1.1069,0.4,4.26,199.22,220.52,-199.22,3,2,False,"[-115.98, 33.02, 104.26]",1.0,1.0,1.0,0.0
X01716,icefishball,short_only,range15_pct,range15_pct,0.5,2.0,6,3,10.78,1.1003,0.3333,3.5933,107.48,118.26,-107.48,3,1,False,"[-24.24, -83.24, 118.26]",1.0,1.0,1.0,0.0
X01436,icefishball,long_only,range15_pct,range15_pct,1.0,2.0,48,2,9.02,1.0973,0.5,4.51,92.74,101.76,-92.74,2,1,False,"[-92.74, 101.76]",1.0,1.0,1.0,0.0
X01864,icefishball,short_only,range15_pct,range15_pct,0.75,2.0,12,3,13.78,1.0944,0.3333,4.5933,145.98,159.76,-145.98,3,1,False,"[-36.24, -109.74, 159.76]",1.0,1.0,1.0,0.0
X01476,icefishball,short_only,fixed,fixed,40.0,30.0,3,4,10.04,1.0934,0.5,2.51,81.24,117.52,-107.48,3,2,False,"[32.52, -81.24, 58.76]",1.0,1.0,1.0,0.0
X01644,icefishball,short_only,atr,atr,0.75,2.0,6,4,10.04,1.0928,0.25,2.51,108.22,118.26,-108.22,3,1,False,"[-86.48, -21.74, 118.26]",1.0,1.0,1.0,0.0
X01645,icefishball,short_only,atr,atr,0.75,3.0,6,4,10.04,1.0928,0.25,2.51,108.22,118.26,-108.22,3,1,False,"[-86.48, -21.74, 118.26]",1.0,1.0,1.0,0.0
X01646,icefishball,short_only,atr,atr,0.75,4.0,6,4,10.04,1.0928,0.25,2.51,108.22,118.26,-108.22,3,1,False,"[-86.48, -21.74, 118.26]",1.0,1.0,1.0,0.0
X00819,icefishball,long_only,atr_blend,atr_blend,1.0,0.75,3,2,5.02,1.0926,0.5,2.51,54.24,59.26,-54.24,2,1,False,"[-54.24, 59.26]",1.0,1.0,1.0,0.0
X00963,icefishball,long_only,atr_blend,atr_blend,1.0,0.75,6,2,5.02,1.0926,0.5,2.51,54.24,59.26,-54.24,2,1,False,"[-54.24, 59.26]",1.0,1.0,1.0,0.0
X01107,icefishball,long_only,atr_blend,atr_blend,1.0,0.75,12,2,5.02,1.0926,0.5,2.51,54.24,59.26,-54.24,2,1,False,"[-54.24, 59.26]",1.0,1.0,1.0,0.0
X01251,icefishball,long_only,atr_blend,atr_blend,1.0,0.75,24,2,5.02,1.0926,0.5,2.51,54.24,59.26,-54.24,2,1,False,"[-54.24, 59.26]",1.0,1.0,1.0,0.0
X01395,icefishball,long_only,atr_blend,atr_blend,1.0,0.75,48,2,5.02,1.0926,0.5,2.51,54.24,59.26,-54.24,2,1,False,"[-54.24, 59.26]",1.0,1.0,1.0,0.0
X02087,icefishball,short_only,atr,atr,1.25,1.5,48,3,17.78,1.088,0.3333,5.9267,201.98,219.76,-201.98,3,1,False,"[-59.24, -142.74, 219.76]",1.0,1.0,1.0,0.0
X01812,icefishball,short_only,atr,atr,2.0,2.0,12,3,12.28,1.0859,0.3333,4.0933,142.98,155.26,-142.98,3,1,False,"[-33.24, -109.74, 155.26]",1.0,1.0,1.0,0.0
X01818,icefishball,short_only,atr,atr,2.5,2.0,12,3,12.28,1.0859,0.3333,4.0933,142.98,155.26,-142.98,3,1,False,"[-33.24, -109.74, 155.26]",1.0,1.0,1.0,0.0
X01956,icefishball,short_only,atr,atr,2.0,2.0,24,3,19.28,1.0847,0.6667,6.4267,227.74,247.02,-227.74,3,2,False,"[91.76, -227.74, 155.26]",1.0,1.0,1.0,0.0
X02100,icefishball,short_only,atr,atr,2.0,2.0,48,3,19.28,1.0847,0.6667,6.4267,227.74,247.02,-227.74,3,2,False,"[91.76, -227.74, 155.26]",1.0,1.0,1.0,0.0
X00216,icefishball,all,atr,atr,1.25,2.0,6,6,20.06,1.0845,0.3333,3.3433,237.46,257.52,-237.46,3,1,False,"[-72.98, -164.48, 257.52]",1.0,1.0,1.0,0.0
X02143,icefishball,short_only,atr_blend,atr_blend,2.5,3.0,48,3,19.28,1.0815,0.3333,6.4267,236.48,255.76,-236.48,3,1,False,"[-10.24, -226.24, 255.76]",1.0,1.0,1.0,0.0
X01982,icefishball,short_only,atr_blend,atr_blend,1.25,4.0,24,4,25.04,1.0791,0.25,6.26,316.72,341.76,-316.72,3,1,False,"[-176.48, -140.24, 341.76]",1.0,1.0,1.0,0.0
X02126,icefishball,short_only,atr_blend,atr_blend,1.25,4.0,48,4,25.04,1.0791,0.25,6.26,316.72,341.76,-316.72,3,1,False,"[-176.48, -140.24, 341.76]",1.0,1.0,1.0,0.0
X01643,icefishball,short_only,atr,atr,0.75,1.5,6,4,8.04,1.0743,0.25,2.01,108.22,116.26,-108.22,3,1,False,"[-86.48, -21.74, 116.26]",1.0,1.0,1.0,0.0
X00373,icefishball,all,atr,atr,2.0,3.0,12,5,18.8,1.0727,0.4,3.76,258.72,277.52,-258.72,3,2,False,"[-148.98, 4.52, 163.26]",1.0,1.0,1.0,0.0
X00374,icefishball,all,atr,atr,2.0,4.0,12,5,18.8,1.0727,0.4,3.76,258.72,277.52,-258.72,3,2,False,"[-148.98, 4.52, 163.26]",1.0,1.0,1.0,0.0
X00534,icefishball,all,atr_blend,atr_blend,1.0,2.0,24,6,22.06,1.0715,0.3333,3.6767,308.46,330.52,-308.46,3,1,False,"[-104.48, -203.98, 330.52]",1.0,1.0,1.0,0.0
X00678,icefishball,all,atr_blend,atr_blend,1.0,2.0,48,6,22.06,1.0715,0.3333,3.6767,308.46,330.52,-308.46,3,1,False,"[-104.48, -203.98, 330.52]",1.0,1.0,1.0,0.0
X00349,icefishball,all,atr,atr,0.75,3.0,12,6,18.06,1.0696,0.3333,3.01,259.46,277.52,-259.46,3,1,False,"[-80.48, -178.98, 277.52]",1.0,1.0,1.0,0.0
X00350,icefishball,all,atr,atr,0.75,4.0,12,6,18.06,1.0696,0.3333,3.01,259.46,277.52,-259.46,3,1,False,"[-80.48, -178.98, 277.52]",1.0,1.0,1.0,0.0
X00019,icefishball,all,fixed,fixed,20.0,20.0,3,6,7.56,1.0695,0.5,1.26,67.48,116.28,-108.72,3,1,False,"[-67.48, 77.52, -2.48]",1.0,1.0,1.0,0.0
X00277,icefishball,all,range15_pct,range15_pct,0.75,0.5,6,6,10.06,1.0658,0.6667,1.6767,152.98,163.04,-152.98,3,2,False,"[47.02, -152.98, 116.02]",1.0,1.0,1.0,0.0
X00492,icefishball,all,atr,atr,0.75,2.0,24,6,16.06,1.0577,0.3333,2.6767,278.46,294.52,-278.46,3,1,False,"[-80.48, -197.98, 294.52]",1.0,1.0,1.0,0.0
X00636,icefishball,all,atr,atr,0.75,2.0,48,6,16.06,1.0577,0.3333,2.6767,278.46,294.52,-278.46,3,1,False,"[-80.48, -197.98, 294.52]",1.0,1.0,1.0,0.0
X00043,icefishball,all,fixed,fixed,60.0,20.0,3,6,7.56,1.0513,0.6667,1.26,147.48,155.04,-147.48,3,2,False,"[-147.48, 77.52, 77.52]",1.0,1.0,1.0,0.0
X00021,icefishball,all,fixed,fixed,20.0,40.0,3,6,7.56,1.0504,0.3333,1.26,67.48,157.52,-149.96,3,2,False,"[-67.48, 37.52, 37.52]",1.0,1.0,1.0,0.0
X00715,icefishball,all,range15_pct,range15_pct,1.0,1.5,48,3,6.78,1.0483,0.3333,2.26,140.48,147.26,-140.48,3,1,False,"[-47.74, -92.74, 147.26]",1.0,1.0,1.0,0.0
X00716,icefishball,all,range15_pct,range15_pct,1.0,2.0,48,3,6.78,1.0483,0.3333,2.26,140.48,147.26,-140.48,3,1,False,"[-47.74, -92.74, 147.26]",1.0,1.0,1.0,0.0
X00191,icefishball,all,fixed,fixed,60.0,80.0,6,6,12.56,1.0475,0.3333,2.0933,264.46,277.02,-264.46,3,1,False,"[-121.48, -142.98, 277.02]",1.0,1.0,1.0,0.0
X02130,icefishball,short_only,atr_blend,atr_blend,1.5,2.0,48,3,9.78,1.0462,0.3333,3.26,211.48,221.26,-211.48,3,1,False,"[-75.24, -136.24, 221.26]",1.0,1.0,1.0,0.0
X01686,icefishball,short_only,atr_blend,atr_blend,1.0,2.0,6,4,5.04,1.0445,0.25,1.26,113.22,118.26,-113.22,3,1,False,"[-91.48, -21.74, 118.26]",1.0,1.0,1.0,0.0
X01687,icefishball,short_only,atr_blend,atr_blend,1.0,3.0,6,4,5.04,1.0445,0.25,1.26,113.22,118.26,-113.22,3,1,False,"[-91.48, -21.74, 118.26]",1.0,1.0,1.0,0.0
X01688,icefishball,short_only,atr_blend,atr_blend,1.0,4.0,6,4,5.04,1.0445,0.25,1.26,113.22,118.26,-113.22,3,1,False,"[-91.48, -21.74, 118.26]",1.0,1.0,1.0,0.0
X00576,icefishball,all,range15_pct,range15_pct,1.25,2.0,24,5,14.8,1.0388,0.4,2.96,381.72,396.52,-381.72,3,1,False,"[-174.98, -46.98, 236.76]",1.0,1.0,1.0,0.0
X00192,icefishball,all,fixed,fixed,60.0,120.0,6,6,10.06,1.038,0.3333,1.6767,264.46,274.52,-264.46,3,1,False,"[-121.48, -142.98, 274.52]",1.0,1.0,1.0,0.0
X01717,icefishball,short_only,range15_pct,range15_pct,0.75,0.5,6,4,2.54,1.0305,0.75,0.635,83.24,85.78,-83.24,3,2,False,"[47.02, -83.24, 38.76]",1.0,1.0,1.0,0.0
X01721,icefishball,short_only,range15_pct,range15_pct,1.0,0.5,6,4,2.54,1.0305,0.75,0.635,83.24,85.78,-83.24,3,2,False,"[47.02, -83.24, 38.76]",1.0,1.0,1.0,0.0
X01725,icefishball,short_only,range15_pct,range15_pct,1.25,0.5,6,4,2.54,1.0305,0.75,0.635,83.24,85.78,-83.24,3,2,False,"[47.02, -83.24, 38.76]",1.0,1.0,1.0,0.0
X01999,icefishball,short_only,atr_blend,atr_blend,2.5,3.0,24,3,7.28,1.0293,0.3333,2.4267,248.48,255.76,-248.48,3,1,False,"[-22.24, -226.24, 255.76]",1.0,1.0,1.0,0.0
X00408,icefishball,all,atr_blend,atr_blend,2.0,2.0,12,5,8.8,1.0274,0.4,1.76,321.72,330.52,-321.72,3,1,False,"[-140.48, -10.98, 160.26]",1.0,1.0,1.0,0.0
X00037,icefishball,all,fixed,fixed,40.0,40.0,3,6,5.06,1.0268,0.5,0.8433,109.96,193.78,-188.72,3,1,False,"[-107.48, -2.48, 115.02]",1.0,1.0,1.0,0.0
X00571,icefishball,all,range15_pct,range15_pct,1.0,1.5,24,5,7.8,1.0225,0.4,1.56,347.22,355.02,-347.22,3,1,False,"[-140.48, -86.98, 235.26]",1.0,1.0,1.0,0.0
X01963,icefishball,short_only,atr,atr,2.5,3.0,24,3,4.78,1.0209,0.3333,1.5933,228.98,233.76,-228.98,3,1,False,"[-22.24, -206.74, 233.76]",1.0,1.0,1.0,0.0
X00566,icefishball,all,range15_pct,range15_pct,0.75,1.0,24,5,4.3,1.0156,0.6,0.86,276.48,280.78,-276.48,3,1,False,"[-24.48, -127.48, 156.26]",1.0,1.0,1.0,0.0
X01868,icefishball,short_only,range15_pct,range15_pct,1.0,2.0,12,3,2.28,1.0145,0.3333,0.76,157.48,159.76,-157.48,3,1,False,"[-47.74, -109.74, 159.76]",1.0,1.0,1.0,0.0
X00661,icefishball,all,atr,atr,2.0,3.0,48,5,5.8,1.0133,0.4,1.16,437.72,443.52,-437.72,3,2,False,"[-209.98, 6.02, 209.76]",1.0,1.0,1.0,0.0
X00366,icefishball,all,atr,atr,1.5,2.0,12,5,2.8,1.0096,0.4,0.56,291.72,294.52,-291.72,3,1,False,"[-120.48, -15.98, 139.26]",1.0,1.0,1.0,0.0
X01975,icefishball,short_only,atr_blend,atr_blend,1.0,3.0,24,4,1.54,1.0061,0.25,0.385,254.22,255.76,-254.22,3,1,False,"[-141.48, -112.74, 255.76]",1.0,1.0,1.0,0.0
X02119,icefishball,short_only,atr_blend,atr_blend,1.0,3.0,48,4,1.54,1.0061,0.25,0.385,254.22,255.76,-254.22,3,1,False,"[-141.48, -112.74, 255.76]",1.0,1.0,1.0,0.0
X01940,icefishball,short_only,atr,atr,1.0,4.0,24,4,1.04,1.0033,0.25,0.26,310.72,311.76,-310.72,3,1,False,"[-162.48, -148.24, 311.76]",1.0,1.0,1.0,0.0
X02084,icefishball,short_only,atr,atr,1.0,4.0,48,4,1.04,1.0033,0.25,0.26,310.72,311.76,-310.72,3,1,False,"[-162.48, -148.24, 311.76]",1.0,1.0,1.0,0.0
X00328,icefishball,all,fixed,fixed,40.0,120.0,12,6,0.56,1.002,0.3333,0.0933,276.96,277.52,-276.96,3,1,False,"[-114.48, -162.48, 277.52]",1.0,1.0,1.0,0.0
X00418,icefishball,all,range15_pct,range15_pct,0.5,1.0,12,5,0.3,1.0013,0.4,0.06,235.22,235.52,-235.22,3,1,False,"[-71.48, -84.48, 156.26]",1.0,1.0,1.0,0.0
X00562,icefishball,all,range15_pct,range15_pct,0.5,1.0,24,5,0.3,1.0013,0.4,0.06,235.22,235.52,-235.22,3,1,False,"[-71.48, -84.48, 156.26]",1.0,1.0,1.0,0.0
X00706,icefishball,all,range15_pct,range15_pct,0.5,1.0,48,5,0.3,1.0013,0.4,0.06,235.22,235.52,-235.22,3,1,False,"[-71.48, -84.48, 156.26]",1.0,1.0,1.0,0.0
X01933,icefishball,short_only,atr,atr,0.75,3.0,24,4,-0.46,0.998,0.25,-0.115,234.22,233.76,-234.22,3,1,False,"[-122.48, -111.74, 233.76]",0.0,0.0,0.0,0.0
X02077,icefishball,short_only,atr,atr,0.75,3.0,48,4,-0.46,0.998,0.25,-0.115,234.22,233.76,-234.22,3,1,False,"[-122.48, -111.74, 233.76]",0.0,0.0,0.0,0.0
X00045,icefishball,all,fixed,fixed,60.0,40.0,3,6,-0.44,0.9977,0.5,-0.0733,147.48,193.78,-194.22,3,2,False,"[-147.48, 32.02, 115.02]",0.0,0.0,0.0,0.0
X00431,icefishball,all,range15_pct,range15_pct,1.25,1.5,12,5,-1.7,0.994,0.4,-0.34,284.72,283.02,-284.72,3,2,False,"[-174.98, 10.02, 163.26]",0.0,0.0,0.0,0.0
X00396,icefishball,all,atr_blend,atr_blend,1.25,2.0,12,6,-5.94,0.9823,0.3333,-0.99,336.46,330.52,-336.46,3,1,False,"[-129.98, -206.48, 330.52]",0.0,0.0,0.0,0.0
X00976,icefishball,long_only,atr_blend,atr_blend,1.5,1.0,6,2,-1.48,0.9817,0.5,-0.74,80.74,79.26,-80.74,2,1,False,"[-80.74, 79.26]",0.0,0.0,0.0,0.0
X01120,icefishball,long_only,atr_blend,atr_blend,1.5,1.0,12,2,-1.48,0.9817,0.5,-0.74,80.74,79.26,-80.74,2,1,False,"[-80.74, 79.26]",0.0,0.0,0.0,0.0
X01264,icefishball,long_only,atr_blend,atr_blend,1.5,1.0,24,2,-1.48,0.9817,0.5,-0.74,80.74,79.26,-80.74,2,1,False,"[-80.74, 79.26]",0.0,0.0,0.0,0.0
X01408,icefishball,long_only,atr_blend,atr_blend,1.5,1.0,48,2,-1.48,0.9817,0.5,-0.74,80.74,79.26,-80.74,2,1,False,"[-80.74, 79.26]",0.0,0.0,0.0,0.0
X02056,icefishball,short_only,fixed,fixed,40.0,120.0,48,4,-4.96,0.9796,0.25,-1.24,243.72,238.76,-243.72,3,1,False,"[-162.48, -81.24, 238.76]",0.0,0.0,0.0,0.0
X00910,icefishball,long_only,fixed,fixed,60.0,60.0,6,2,-2.48,0.9795,0.5,-1.24,121.24,118.76,-121.24,2,1,False,"[-121.24, 118.76]",0.0,0.0,0.0,0.0
X01054,icefishball,long_only,fixed,fixed,60.0,60.0,12,2,-2.48,0.9795,0.5,-1.24,121.24,118.76,-121.24,2,1,False,"[-121.24, 118.76]",0.0,0.0,0.0,0.0
X01198,icefishball,long_only,fixed,fixed,60.0,60.0,24,2,-2.48,0.9795,0.5,-1.24,121.24,118.76,-121.24,2,1,False,"[-121.24, 118.76]",0.0,0.0,0.0,0.0
X01342,icefishball,long_only,fixed,fixed,60.0,60.0,48,2,-2.48,0.9795,0.5,-1.24,121.24,118.76,-121.24,2,1,False,"[-121.24, 118.76]",0.0,0.0,0.0,0.0
X00615,icefishball,all,fixed,fixed,40.0,80.0,48,6,-7.44,0.9771,0.3333,-1.24,324.96,317.52,-324.96,3,1,False,"[-162.48, -162.48, 317.52]",0.0,0.0,0.0,0.0
X00901,icefishball,long_only,fixed,fixed,40.0,40.0,6,2,-2.48,0.9695,0.5,-1.24,81.24,78.76,-81.24,2,1,False,"[-81.24, 78.76]",0.0,0.0,0.0,0.0
X01045,icefishball,long_only,fixed,fixed,40.0,40.0,12,2,-2.48,0.9695,0.5,-1.24,81.24,78.76,-81.24,2,1,False,"[-81.24, 78.76]",0.0,0.0,0.0,0.0
X01189,icefishball,long_only,fixed,fixed,40.0,40.0,24,2,-2.48,0.9695,0.5,-1.24,81.24,78.76,-81.24,2,1,False,"[-81.24, 78.76]",0.0,0.0,0.0,0.0
X01333,icefishball,long_only,fixed,fixed,40.0,40.0,48,2,-2.48,0.9695,0.5,-1.24,81.24,78.76,-81.24,2,1,False,"[-81.24, 78.76]",0.0,0.0,0.0,0.0
X02102,icefishball,short_only,atr,atr,2.0,4.0,48,3,-10.22,0.9683,0.3333,-3.4067,321.98,311.76,-321.98,3,1,False,"[-94.24, -227.74, 311.76]",0.0,0.0,0.0,0.0
X01951,icefishball,short_only,atr,atr,1.5,3.0,24,3,-8.72,0.964,0.3333,-2.9067,242.48,233.76,-242.48,3,1,False,"[-71.24, -171.24, 233.76]",0.0,0.0,0.0,0.0
X02095,icefishball,short_only,atr,atr,1.5,3.0,48,3,-8.72,0.964,0.3333,-2.9067,242.48,233.76,-242.48,3,1,False,"[-71.24, -171.24, 233.76]",0.0,0.0,0.0,0.0
X01615,icefishball,short_only,fixed,fixed,30.0,80.0,6,4,-4.46,0.9637,0.25,-1.115,122.72,118.26,-122.72,3,1,False,"[-61.48, -61.24, 118.26]",0.0,0.0,0.0,0.0
X01616,icefishball,short_only,fixed,fixed,30.0,120.0,6,4,-4.46,0.9637,0.25,-1.115,122.72,118.26,-122.72,3,1,False,"[-61.48, -61.24, 118.26]",0.0,0.0,0.0,0.0
X00402,icefishball,all,atr_blend,atr_blend,1.5,2.0,12,6,-12.44,0.9637,0.3333,-2.0733,342.96,330.52,-342.96,3,1,False,"[-113.98, -228.98, 330.52]",0.0,0.0,0.0,0.0
X00391,icefishball,all,atr_blend,atr_blend,1.0,3.0,12,6,-10.94,0.9621,0.3333,-1.8233,288.46,277.52,-288.46,3,1,False,"[-104.48, -183.98, 277.52]",0.0,0.0,0.0,0.0
X00392,icefishball,all,atr_blend,atr_blend,1.0,4.0,12,6,-10.94,0.9621,0.3333,-1.8233,288.46,277.52,-288.46,3,1,False,"[-104.48, -183.98, 277.52]",0.0,0.0,0.0,0.0
X00748,icefishball,long_only,fixed,fixed,30.0,30.0,3,2,-2.48,0.9595,0.5,-1.24,61.24,58.76,-61.24,2,1,False,"[-61.24, 58.76]",0.0,0.0,0.0,0.0
X00892,icefishball,long_only,fixed,fixed,30.0,30.0,6,2,-2.48,0.9595,0.5,-1.24,61.24,58.76,-61.24,2,1,False,"[-61.24, 58.76]",0.0,0.0,0.0,0.0
X01036,icefishball,long_only,fixed,fixed,30.0,30.0,12,2,-2.48,0.9595,0.5,-1.24,61.24,58.76,-61.24,2,1,False,"[-61.24, 58.76]",0.0,0.0,0.0,0.0
X01180,icefishball,long_only,fixed,fixed,30.0,30.0,24,2,-2.48,0.9595,0.5,-1.24,61.24,58.76,-61.24,2,1,False,"[-61.24, 58.76]",0.0,0.0,0.0,0.0
X01324,icefishball,long_only,fixed,fixed,30.0,30.0,48,2,-2.48,0.9595,0.5,-1.24,61.24,58.76,-61.24,2,1,False,"[-61.24, 58.76]",0.0,0.0,0.0,0.0
X00309,icefishball,all,fixed,fixed,20.0,40.0,12,6,-7.44,0.9549,0.3333,-1.24,82.48,157.52,-164.96,3,2,False,"[-82.48, 37.52, 37.52]",0.0,0.0,0.0,0.0
X00453,icefishball,all,fixed,fixed,20.0,40.0,24,6,-7.44,0.9549,0.3333,-1.24,82.48,157.52,-164.96,3,2,False,"[-82.48, 37.52, 37.52]",0.0,0.0,0.0,0.0
X00597,icefishball,all,fixed,fixed,20.0,40.0,48,6,-7.44,0.9549,0.3333,-1.24,82.48,157.52,-164.96,3,2,False,"[-82.48, 37.52, 37.52]",0.0,0.0,0.0,0.0
X00934,icefishball,long_only,atr,atr,1.25,1.0,6,2,-3.48,0.9522,0.5,-1.74,72.74,69.26,-72.74,2,1,False,"[-72.74, 69.26]",0.0,0.0,0.0,0.0
X01078,icefishball,long_only,atr,atr,1.25,1.0,12,2,-3.48,0.9522,0.5,-1.74,72.74,69.26,-72.74,2,1,False,"[-72.74, 69.26]",0.0,0.0,0.0,0.0
X01222,icefishball,long_only,atr,atr,1.25,1.0,24,2,-3.48,0.9522,0.5,-1.74,72.74,69.26,-72.74,2,1,False,"[-72.74, 69.26]",0.0,0.0,0.0,0.0
X01366,icefishball,long_only,atr,atr,1.25,1.0,48,2,-3.48,0.9522,0.5,-1.74,72.74,69.26,-72.74,2,1,False,"[-72.74, 69.26]",0.0,0.0,0.0,0.0
X00367,icefishball,all,atr,atr,1.5,3.0,12,5,-14.2,0.9513,0.4,-2.84,291.72,277.52,-291.72,3,1,False,"[-120.48, -56.98, 163.26]",0.0,0.0,0.0,0.0
X00368,icefishball,all,atr,atr,1.5,4.0,12,5,-14.2,0.9513,0.4,-2.84,291.72,277.52,-291.72,3,1,False,"[-120.48, -56.98, 163.26]",0.0,0.0,0.0,0.0
X01418,icefishball,long_only,atr_blend,atr_blend,2.0,4.0,48,2,-5.48,0.9489,0.5,-2.74,107.24,101.76,-107.24,2,1,False,"[-107.24, 101.76]",0.0,0.0,0.0,0.0
X01872,icefishball,short_only,range15_pct,range15_pct,1.25,2.0,12,3,-9.22,0.9454,0.3333,-3.0733,168.98,159.76,-168.98,3,1,False,"[-59.24, -109.74, 159.76]",0.0,0.0,0.0,0.0
X02064,icefishball,short_only,fixed,fixed,60.0,120.0,48,4,-13.96,0.9448,0.25,-3.49,252.72,238.76,-252.72,3,1,False,"[-131.48, -121.24, 238.76]",0.0,0.0,0.0,0.0
X00354,icefishball,all,atr,atr,1.0,2.0,12,6,-19.44,0.9381,0.3333,-3.24,313.96,294.52,-313.96,3,1,False,"[-106.48, -207.48, 294.52]",0.0,0.0,0.0,0.0
X00570,icefishball,all,range15_pct,range15_pct,1.0,1.0,24,5,-18.7,0.9376,0.6,-3.74,299.48,280.78,-299.48,3,1,False,"[-47.48, -127.48, 156.26]",0.0,0.0,0.0,0.0
X01957,icefishball,short_only,atr,atr,2.0,3.0,24,3,-16.22,0.9351,0.3333,-5.4067,249.98,233.76,-249.98,3,1,False,"[-22.24, -227.74, 233.76]",0.0,0.0,0.0,0.0
X00036,icefishball,all,fixed,fixed,40.0,30.0,3,6,-12.44,0.9341,0.5,-2.0733,129.96,176.28,-188.72,3,1,False,"[-107.48, -22.48, 117.52]",0.0,0.0,0.0,0.0
X00575,icefishball,all,range15_pct,range15_pct,1.25,1.5,24,5,-26.7,0.9301,0.4,-5.34,381.72,355.02,-381.72,3,1,False,"[-174.98, -86.98, 235.26]",0.0,0.0,0.0,0.0
X00215,icefishball,all,atr,atr,1.25,1.5,6,6,-16.94,0.9287,0.3333,-2.8233,237.46,220.52,-237.46,3,1,False,"[-72.98, -164.48, 220.52]",0.0,0.0,0.0,0.0
X00041,icefishball,all,fixed,fixed,60.0,10.0,3,7,-8.68,0.9284,0.8571,-1.24,121.24,112.56,-121.24,3,2,False,"[-83.72, 37.52, 37.52]",0.0,0.0,0.0,0.0
X00185,icefishball,all,fixed,fixed,60.0,10.0,6,7,-8.68,0.9284,0.8571,-1.24,121.24,112.56,-121.24,3,2,False,"[-83.72, 37.52, 37.52]",0.0,0.0,0.0,0.0
X00329,icefishball,all,fixed,fixed,60.0,10.0,12,7,-8.68,0.9284,0.8571,-1.24,121.24,112.56,-121.24,3,2,False,"[-83.72, 37.52, 37.52]",0.0,0.0,0.0,0.0
X00473,icefishball,all,fixed,fixed,60.0,10.0,24,7,-8.68,0.9284,0.8571,-1.24,121.24,112.56,-121.24,3,2,False,"[-83.72, 37.52, 37.52]",0.0,0.0,0.0,0.0
X00617,icefishball,all,fixed,fixed,60.0,10.0,48,7,-8.68,0.9284,0.8571,-1.24,121.24,112.56,-121.24,3,2,False,"[-83.72, 37.52, 37.52]",0.0,0.0,0.0,0.0
X00281,icefishball,all,range15_pct,range15_pct,1.0,0.5,6,6,-12.94,0.9265,0.6667,-2.1567,175.98,163.04,-175.98,3,2,False,"[47.02, -175.98, 116.02]",0.0,0.0,0.0,0.0
X02071,icefishball,short_only,fixed,fixed,80.0,80.0,48,3,-12.72,0.9258,0.3333,-4.24,171.48,158.76,-171.48,3,1,False,"[-10.24, -161.24, 158.76]",0.0,0.0,0.0,0.0
X01752,icefishball,short_only,fixed,fixed,20.0,120.0,12,4,-9.46,0.9235,0.25,-2.365,123.72,114.26,-123.72,3,1,False,"[-82.48, -41.24, 114.26]",0.0,0.0,0.0,0.0
X00421,icefishball,all,range15_pct,range15_pct,0.75,0.5,12,6,-16.44,0.9084,0.6667,-2.74,179.48,163.04,-179.48,3,2,False,"[47.02, -179.48, 116.02]",0.0,0.0,0.0,0.0
X00044,icefishball,all,fixed,fixed,60.0,30.0,3,6,-17.94,0.9076,0.5,-2.99,147.48,176.28,-194.22,3,2,False,"[-147.48, 12.02, 117.52]",0.0,0.0,0.0,0.0
X01920,icefishball,short_only,fixed,fixed,60.0,120.0,24,4,-25.96,0.9019,0.25,-6.49,264.72,238.76,-264.72,3,1,False,"[-143.48, -121.24, 238.76]",0.0,0.0,0.0,0.0
X00947,icefishball,long_only,atr,atr,2.0,1.5,6,2,-11.48,0.9008,0.5,-5.74,115.74,104.26,-115.74,2,1,False,"[-115.74, 104.26]",0.0,0.0,0.0,0.0
X01091,icefishball,long_only,atr,atr,2.0,1.5,12,2,-11.48,0.9008,0.5,-5.74,115.74,104.26,-115.74,2,1,False,"[-115.74, 104.26]",0.0,0.0,0.0,0.0
X01235,icefishball,long_only,atr,atr,2.0,1.5,24,2,-11.48,0.9008,0.5,-5.74,115.74,104.26,-115.74,2,1,False,"[-115.74, 104.26]",0.0,0.0,0.0,0.0
X01379,icefishball,long_only,atr,atr,2.0,1.5,48,2,-11.48,0.9008,0.5,-5.74,115.74,104.26,-115.74,2,1,False,"[-115.74, 104.26]",0.0,0.0,0.0,0.0
X00506,icefishball,all,atr,atr,1.25,4.0,24,5,-31.2,0.8998,0.2,-6.24,311.46,280.26,-311.46,3,1,False,"[-131.98, -179.48, 280.26]",0.0,0.0,0.0,0.0
X01961,icefishball,short_only,atr,atr,2.5,1.5,24,3,-21.72,0.8949,0.6667,-7.24,206.74,185.02,-206.74,3,2,False,"[68.76, -206.74, 116.26]",0.0,0.0,0.0,0.0
X00510,icefishball,all,atr,atr,1.5,2.0,24,5,-35.2,0.8932,0.4,-7.04,329.72,294.52,-329.72,3,1,False,"[-158.48, -15.98, 139.26]",0.0,0.0,0.0,0.0
X00654,icefishball,all,atr,atr,1.5,2.0,48,5,-35.2,0.8932,0.4,-7.04,329.72,294.52,-329.72,3,1,False,"[-158.48, -15.98, 139.26]",0.0,0.0,0.0,0.0
X00814,icefishball,long_only,atr_blend,atr_blend,0.75,1.0,3,2,-4.48,0.89,0.5,-2.24,40.74,36.26,-40.74,2,1,False,"[-40.74, 36.26]",0.0,0.0,0.0,0.0
X00815,icefishball,long_only,atr_blend,atr_blend,0.75,1.5,3,2,-4.48,0.89,0.5,-2.24,40.74,36.26,-40.74,2,1,False,"[-40.74, 36.26]",0.0,0.0,0.0,0.0
X00816,icefishball,long_only,atr_blend,atr_blend,0.75,2.0,3,2,-4.48,0.89,0.5,-2.24,40.74,36.26,-40.74,2,1,False,"[-40.74, 36.26]",0.0,0.0,0.0,0.0
X00817,icefishball,long_only,atr_blend,atr_blend,0.75,3.0,3,2,-4.48,0.89,0.5,-2.24,40.74,36.26,-40.74,2,1,False,"[-40.74, 36.26]",0.0,0.0,0.0,0.0
X00818,icefishball,long_only,atr_blend,atr_blend,0.75,4.0,3,2,-4.48,0.89,0.5,-2.24,40.74,36.26,-40.74,2,1,False,"[-40.74, 36.26]",0.0,0.0,0.0,0.0
X01824,icefishball,short_only,atr_blend,atr_blend,0.75,2.0,12,4,-21.46,0.8881,0.25,-5.365,191.72,170.26,-191.72,3,1,False,"[-106.98, -84.74, 170.26]",0.0,0.0,0.0,0.0
X01968,icefishball,short_only,atr_blend,atr_blend,0.75,2.0,24,4,-21.46,0.8881,0.25,-5.365,191.72,170.26,-191.72,3,1,False,"[-106.98, -84.74, 170.26]",0.0,0.0,0.0,0.0
X02112,icefishball,short_only,atr_blend,atr_blend,0.75,2.0,48,4,-21.46,0.8881,0.25,-5.365,191.72,170.26,-191.72,3,1,False,"[-106.98, -84.74, 170.26]",0.0,0.0,0.0,0.0
X00355,icefishball,all,atr,atr,1.0,3.0,12,6,-36.44,0.8839,0.3333,-6.0733,313.96,277.52,-313.96,3,1,False,"[-106.48, -207.48, 277.52]",0.0,0.0,0.0,0.0
X00356,icefishball,all,atr,atr,1.0,4.0,12,6,-36.44,0.8839,0.3333,-6.0733,313.96,277.52,-313.96,3,1,False,"[-106.48, -207.48, 277.52]",0.0,0.0,0.0,0.0
X00825,icefishball,long_only,atr_blend,atr_blend,1.25,0.75,3,2,-7.98,0.8813,0.5,-3.99,67.24,59.26,-67.24,2,1,False,"[-67.24, 59.26]",0.0,0.0,0.0,0.0
X00969,icefishball,long_only,atr_blend,atr_blend,1.25,0.75,6,2,-7.98,0.8813,0.5,-3.99,67.24,59.26,-67.24,2,1,False,"[-67.24, 59.26]",0.0,0.0,0.0,0.0
X01113,icefishball,long_only,atr_blend,atr_blend,1.25,0.75,12,2,-7.98,0.8813,0.5,-3.99,67.24,59.26,-67.24,2,1,False,"[-67.24, 59.26]",0.0,0.0,0.0,0.0
X01257,icefishball,long_only,atr_blend,atr_blend,1.25,0.75,24,2,-7.98,0.8813,0.5,-3.99,67.24,59.26,-67.24,2,1,False,"[-67.24, 59.26]",0.0,0.0,0.0,0.0
X01401,icefishball,long_only,atr_blend,atr_blend,1.25,0.75,48,2,-7.98,0.8813,0.5,-3.99,67.24,59.26,-67.24,2,1,False,"[-67.24, 59.26]",0.0,0.0,0.0,0.0
X01440,icefishball,long_only,range15_pct,range15_pct,1.25,2.0,48,2,-13.98,0.8792,0.5,-6.99,115.74,101.76,-115.74,2,1,False,"[-115.74, 101.76]",0.0,0.0,0.0,0.0
X00783,icefishball,long_only,atr,atr,1.0,0.75,3,2,-7.48,0.8727,0.5,-3.74,58.74,51.26,-58.74,2,1,False,"[-58.74, 51.26]",0.0,0.0,0.0,0.0
X00927,icefishball,long_only,atr,atr,1.0,0.75,6,2,-7.48,0.8727,0.5,-3.74,58.74,51.26,-58.74,2,1,False,"[-58.74, 51.26]",0.0,0.0,0.0,0.0
X01071,icefishball,long_only,atr,atr,1.0,0.75,12,2,-7.48,0.8727,0.5,-3.74,58.74,51.26,-58.74,2,1,False,"[-58.74, 51.26]",0.0,0.0,0.0,0.0
X01215,icefishball,long_only,atr,atr,1.0,0.75,24,2,-7.48,0.8727,0.5,-3.74,58.74,51.26,-58.74,2,1,False,"[-58.74, 51.26]",0.0,0.0,0.0,0.0
X01359,icefishball,long_only,atr,atr,1.0,0.75,48,2,-7.48,0.8727,0.5,-3.74,58.74,51.26,-58.74,2,1,False,"[-58.74, 51.26]",0.0,0.0,0.0,0.0
X01692,icefishball,short_only,atr_blend,atr_blend,1.25,2.0,6,4,-17.46,0.8714,0.25,-4.365,135.72,118.26,-135.72,3,1,False,"[-113.98, -21.74, 118.26]",0.0,0.0,0.0,0.0
X01693,icefishball,short_only,atr_blend,atr_blend,1.25,3.0,6,4,-17.46,0.8714,0.25,-4.365,135.72,118.26,-135.72,3,1,False,"[-113.98, -21.74, 118.26]",0.0,0.0,0.0,0.0
X01694,icefishball,short_only,atr_blend,atr_blend,1.25,4.0,6,4,-17.46,0.8714,0.25,-4.365,135.72,118.26,-135.72,3,1,False,"[-113.98, -21.74, 118.26]",0.0,0.0,0.0,0.0
X00273,icefishball,all,range15_pct,range15_pct,0.5,0.5,6,6,-20.44,0.8708,0.5,-3.4067,158.22,137.78,-158.22,3,1,False,"[-5.98, -130.48, 116.02]",0.0,0.0,0.0,0.0
X00574,icefishball,all,range15_pct,range15_pct,1.25,1.0,24,5,-41.7,0.8707,0.6,-8.34,322.48,280.78,-322.48,3,1,False,"[-70.48, -127.48, 156.26]",0.0,0.0,0.0,0.0
X01927,icefishball,short_only,fixed,fixed,80.0,80.0,24,3,-24.72,0.8653,0.3333,-8.24,183.48,158.76,-183.48,3,1,False,"[-22.24, -161.24, 158.76]",0.0,0.0,0.0,0.0
X01650,icefishball,short_only,atr,atr,1.0,2.0,6,4,-18.46,0.865,0.25,-4.615,136.72,118.26,-136.72,3,1,False,"[-114.98, -21.74, 118.26]",0.0,0.0,0.0,0.0
X01651,icefishball,short_only,atr,atr,1.0,3.0,6,4,-18.46,0.865,0.25,-4.615,136.72,118.26,-136.72,3,1,False,"[-114.98, -21.74, 118.26]",0.0,0.0,0.0,0.0
X01652,icefishball,short_only,atr,atr,1.0,4.0,6,4,-18.46,0.865,0.25,-4.615,136.72,118.26,-136.72,3,1,False,"[-114.98, -21.74, 118.26]",0.0,0.0,0.0,0.0
X01759,icefishball,short_only,fixed,fixed,30.0,80.0,12,4,-24.96,0.8641,0.25,-6.24,183.72,158.76,-183.72,3,1,False,"[-122.48, -61.24, 158.76]",0.0,0.0,0.0,0.0
X01903,icefishball,short_only,fixed,fixed,30.0,80.0,24,4,-24.96,0.8641,0.25,-6.24,183.72,158.76,-183.72,3,1,False,"[-122.48, -61.24, 158.76]",0.0,0.0,0.0,0.0
X02047,icefishball,short_only,fixed,fixed,30.0,80.0,48,4,-24.96,0.8641,0.25,-6.24,183.72,158.76,-183.72,3,1,False,"[-122.48, -61.24, 158.76]",0.0,0.0,0.0,0.0
X00409,icefishball,all,atr_blend,atr_blend,2.0,3.0,12,5,-44.2,0.8626,0.4,-8.84,321.72,277.52,-321.72,3,1,False,"[-140.48, -66.98, 163.26]",0.0,0.0,0.0,0.0
X00410,icefishball,all,atr_blend,atr_blend,2.0,4.0,12,5,-44.2,0.8626,0.4,-8.84,321.72,277.52,-321.72,3,1,False,"[-140.48, -66.98, 163.26]",0.0,0.0,0.0,0.0
X00335,icefishball,all,fixed,fixed,60.0,80.0,12,6,-50.94,0.8617,0.3333,-8.49,368.46,317.52,-368.46,3,1,False,"[-154.48, -213.98, 317.52]",0.0,0.0,0.0,0.0
X00540,icefishball,all,atr_blend,atr_blend,1.25,2.0,24,6,-53.44,0.8608,0.3333,-8.9067,383.96,330.52,-383.96,3,1,False,"[-129.98, -253.98, 330.52]",0.0,0.0,0.0,0.0
X00684,icefishball,all,atr_blend,atr_blend,1.25,2.0,48,6,-53.44,0.8608,0.3333,-8.9067,383.96,330.52,-383.96,3,1,False,"[-129.98, -253.98, 330.52]",0.0,0.0,0.0,0.0
X01911,icefishball,short_only,fixed,fixed,40.0,80.0,24,4,-25.96,0.8595,0.25,-6.49,184.72,158.76,-184.72,3,1,False,"[-103.48, -81.24, 158.76]",0.0,0.0,0.0,0.0
X00371,icefishball,all,atr,atr,2.0,1.5,12,5,-38.2,0.8524,0.4,-7.64,258.72,220.52,-258.72,3,2,False,"[-148.98, 6.52, 104.26]",0.0,0.0,0.0,0.0
X01649,icefishball,short_only,atr,atr,1.0,1.5,6,4,-20.46,0.8504,0.25,-5.115,136.72,116.26,-136.72,3,1,False,"[-114.98, -21.74, 116.26]",0.0,0.0,0.0,0.0
X00347,icefishball,all,atr,atr,0.75,1.5,12,6,-38.94,0.8499,0.3333,-6.49,259.46,220.52,-259.46,3,1,False,"[-80.48, -178.98, 220.52]",0.0,0.0,0.0,0.0
X01860,icefishball,short_only,range15_pct,range15_pct,0.5,2.0,12,3,-28.22,0.8499,0.3333,-9.4067,187.98,159.76,-187.98,3,1,False,"[-24.24, -163.74, 159.76]",0.0,0.0,0.0,0.0
X02004,icefishball,short_only,range15_pct,range15_pct,0.5,2.0,24,3,-28.22,0.8499,0.3333,-9.4067,187.98,159.76,-187.98,3,1,False,"[-24.24, -163.74, 159.76]",0.0,0.0,0.0,0.0
X02148,icefishball,short_only,range15_pct,range15_pct,0.5,2.0,48,3,-28.22,0.8499,0.3333,-9.4067,187.98,159.76,-187.98,3,1,False,"[-24.24, -163.74, 159.76]",0.0,0.0,0.0,0.0
X00623,icefishball,all,fixed,fixed,60.0,80.0,48,6,-56.44,0.8491,0.3333,-9.4067,373.96,317.52,-373.96,3,1,False,"[-131.48, -242.48, 317.52]",0.0,0.0,0.0,0.0
X00515,icefishball,all,atr,atr,2.0,1.5,24,5,-54.2,0.8422,0.6,-10.84,343.48,289.28,-343.48,3,1,False,"[-46.98, -111.48, 104.26]",0.0,0.0,0.0,0.0
X00659,icefishball,all,atr,atr,2.0,1.5,48,5,-54.2,0.8422,0.6,-10.84,343.48,289.28,-343.48,3,1,False,"[-46.98, -111.48, 104.26]",0.0,0.0,0.0,0.0
X00719,icefishball,all,range15_pct,range15_pct,1.25,1.5,48,3,-27.72,0.8416,0.3333,-9.24,174.98,147.26,-174.98,3,1,False,"[-59.24, -115.74, 147.26]",0.0,0.0,0.0,0.0
X00720,icefishball,all,range15_pct,range15_pct,1.25,2.0,48,3,-27.72,0.8416,0.3333,-9.24,174.98,147.26,-174.98,3,1,False,"[-59.24, -115.74, 147.26]",0.0,0.0,0.0,0.0
X01001,icefishball,long_only,range15_pct,range15_pct,1.0,0.5,6,2,-15.48,0.8331,0.5,-7.74,92.74,77.26,-92.74,2,1,False,"[-92.74, 77.26]",0.0,0.0,0.0,0.0
X01145,icefishball,long_only,range15_pct,range15_pct,1.0,0.5,12,2,-15.48,0.8331,0.5,-7.74,92.74,77.26,-92.74,2,1,False,"[-92.74, 77.26]",0.0,0.0,0.0,0.0
X01289,icefishball,long_only,range15_pct,range15_pct,1.0,0.5,24,2,-15.48,0.8331,0.5,-7.74,92.74,77.26,-92.74,2,1,False,"[-92.74, 77.26]",0.0,0.0,0.0,0.0
X01433,icefishball,long_only,range15_pct,range15_pct,1.0,0.5,48,2,-15.48,0.8331,0.5,-7.74,92.74,77.26,-92.74,2,1,False,"[-92.74, 77.26]",0.0,0.0,0.0,0.0
X01631,icefishball,short_only,fixed,fixed,60.0,80.0,6,4,-24.96,0.8257,0.25,-6.24,143.22,118.26,-143.22,3,1,False,"[-121.48, -21.74, 118.26]",0.0,0.0,0.0,0.0
X01632,icefishball,short_only,fixed,fixed,60.0,120.0,6,4,-24.96,0.8257,0.25,-6.24,143.22,118.26,-143.22,3,1,False,"[-121.48, -21.74, 118.26]",0.0,0.0,0.0,0.0
X00397,icefishball,all,atr_blend,atr_blend,1.25,3.0,12,6,-58.94,0.8248,0.3333,-9.8233,336.46,277.52,-336.46,3,1,False,"[-129.98, -206.48, 277.52]",0.0,0.0,0.0,0.0
X00398,icefishball,all,atr_blend,atr_blend,1.25,4.0,12,6,-58.94,0.8248,0.3333,-9.8233,336.46,277.52,-336.46,3,1,False,"[-129.98, -206.48, 277.52]",0.0,0.0,0.0,0.0
X00479,icefishball,all,fixed,fixed,60.0,80.0,24,6,-68.44,0.8227,0.3333,-11.4067,385.96,317.52,-385.96,3,1,False,"[-143.48, -242.48, 317.52]",0.0,0.0,0.0,0.0
X01863,icefishball,short_only,range15_pct,range15_pct,0.75,1.5,12,3,-26.22,0.8204,0.3333,-8.74,145.98,119.76,-145.98,3,1,False,"[-36.24, -109.74, 119.76]",0.0,0.0,0.0,0.0
X00778,icefishball,long_only,atr,atr,0.75,1.0,3,2,-7.98,0.8196,0.5,-3.99,44.24,36.26,-44.24,2,1,False,"[-44.24, 36.26]",0.0,0.0,0.0,0.0
X00779,icefishball,long_only,atr,atr,0.75,1.5,3,2,-7.98,0.8196,0.5,-3.99,44.24,36.26,-44.24,2,1,False,"[-44.24, 36.26]",0.0,0.0,0.0,0.0
X00780,icefishball,long_only,atr,atr,0.75,2.0,3,2,-7.98,0.8196,0.5,-3.99,44.24,36.26,-44.24,2,1,False,"[-44.24, 36.26]",0.0,0.0,0.0,0.0
X00781,icefishball,long_only,atr,atr,0.75,3.0,3,2,-7.98,0.8196,0.5,-3.99,44.24,36.26,-44.24,2,1,False,"[-44.24, 36.26]",0.0,0.0,0.0,0.0
X00782,icefishball,long_only,atr,atr,0.75,4.0,3,2,-7.98,0.8196,0.5,-3.99,44.24,36.26,-44.24,2,1,False,"[-44.24, 36.26]",0.0,0.0,0.0,0.0
X00285,icefishball,all,range15_pct,range15_pct,1.25,0.5,6,6,-35.94,0.8194,0.6667,-5.99,198.98,163.04,-198.98,3,2,False,"[47.02, -198.98, 116.02]",0.0,0.0,0.0,0.0
X01783,icefishball,short_only,fixed,fixed,80.0,80.0,12,3,-35.72,0.8163,0.3333,-11.9067,194.48,158.76,-194.48,3,1,False,"[-33.24, -161.24, 158.76]",0.0,0.0,0.0,0.0
X01811,icefishball,short_only,atr,atr,2.0,1.5,12,3,-26.72,0.8131,0.3333,-8.9067,142.98,116.26,-142.98,3,1,False,"[-33.24, -109.74, 116.26]",0.0,0.0,0.0,0.0
X01817,icefishball,short_only,atr,atr,2.5,1.5,12,3,-26.72,0.8131,0.3333,-8.9067,142.98,116.26,-142.98,3,1,False,"[-33.24, -109.74, 116.26]",0.0,0.0,0.0,0.0
X01955,icefishball,short_only,atr,atr,2.0,1.5,24,3,-42.72,0.8124,0.6667,-14.24,227.74,185.02,-227.74,3,2,False,"[68.76, -227.74, 116.26]",0.0,0.0,0.0,0.0
X02099,icefishball,short_only,atr,atr,2.0,1.5,48,3,-42.72,0.8124,0.6667,-14.24,227.74,185.02,-227.74,3,2,False,"[68.76, -227.74, 116.26]",0.0,0.0,0.0,0.0
X01767,icefishball,short_only,fixed,fixed,40.0,80.0,12,4,-36.96,0.8112,0.25,-9.24,195.72,158.76,-195.72,3,1,False,"[-114.48, -81.24, 158.76]",0.0,0.0,0.0,0.0
X00403,icefishball,all,atr_blend,atr_blend,1.5,3.0,12,6,-65.44,0.8092,0.3333,-10.9067,342.96,277.52,-342.96,3,1,False,"[-113.98, -228.98, 277.52]",0.0,0.0,0.0,0.0
X00404,icefishball,all,atr_blend,atr_blend,1.5,4.0,12,6,-65.44,0.8092,0.3333,-10.9067,342.96,277.52,-342.96,3,1,False,"[-113.98, -228.98, 277.52]",0.0,0.0,0.0,0.0
X01981,icefishball,short_only,atr_blend,atr_blend,1.25,3.0,24,4,-60.96,0.8075,0.25,-15.24,316.72,255.76,-316.72,3,1,False,"[-176.48, -140.24, 255.76]",0.0,0.0,0.0,0.0
X02125,icefishball,short_only,atr_blend,atr_blend,1.25,3.0,48,4,-60.96,0.8075,0.25,-15.24,316.72,255.76,-316.72,3,1,False,"[-176.48, -140.24, 255.76]",0.0,0.0,0.0,0.0
X00425,icefishball,all,range15_pct,range15_pct,1.0,0.5,12,6,-39.44,0.8052,0.6667,-6.5733,202.48,163.04,-202.48,3,2,False,"[47.02, -202.48, 116.02]",0.0,0.0,0.0,0.0
X00360,icefishball,all,atr,atr,1.25,2.0,12,6,-72.94,0.8015,0.3333,-12.1567,367.46,294.52,-367.46,3,1,False,"[-131.98, -235.48, 294.52]",0.0,0.0,0.0,0.0
X01813,icefishball,short_only,atr,atr,2.0,3.0,12,3,-28.72,0.7991,0.3333,-9.5733,142.98,114.26,-142.98,3,1,False,"[-33.24, -109.74, 114.26]",0.0,0.0,0.0,0.0
X01814,icefishball,short_only,atr,atr,2.0,4.0,12,3,-28.72,0.7991,0.3333,-9.5733,142.98,114.26,-142.98,3,1,False,"[-33.24, -109.74, 114.26]",0.0,0.0,0.0,0.0
X01819,icefishball,short_only,atr,atr,2.5,3.0,12,3,-28.72,0.7991,0.3333,-9.5733,142.98,114.26,-142.98,3,1,False,"[-33.24, -109.74, 114.26]",0.0,0.0,0.0,0.0
X01820,icefishball,short_only,atr,atr,2.5,4.0,12,3,-28.72,0.7991,0.3333,-9.5733,142.98,114.26,-142.98,3,1,False,"[-33.24, -109.74, 114.26]",0.0,0.0,0.0,0.0
X01855,icefishball,short_only,atr_blend,atr_blend,2.5,3.0,12,3,-28.72,0.7991,0.3333,-9.5733,142.98,114.26,-142.98,3,1,False,"[-33.24, -109.74, 114.26]",0.0,0.0,0.0,0.0
X01856,icefishball,short_only,atr_blend,atr_blend,2.5,4.0,12,3,-28.72,0.7991,0.3333,-9.5733,142.98,114.26,-142.98,3,1,False,"[-33.24, -109.74, 114.26]",0.0,0.0,0.0,0.0
X00498,icefishball,all,atr,atr,1.0,2.0,24,6,-74.94,0.7972,0.3333,-12.49,369.46,294.52,-369.46,3,1,False,"[-106.48, -262.98, 294.52]",0.0,0.0,0.0,0.0
X00642,icefishball,all,atr,atr,1.0,2.0,48,6,-74.94,0.7972,0.3333,-12.49,369.46,294.52,-369.46,3,1,False,"[-106.48, -262.98, 294.52]",0.0,0.0,0.0,0.0
X00940,icefishball,long_only,atr,atr,1.5,1.0,6,2,-17.98,0.7939,0.5,-8.99,87.24,69.26,-87.24,2,1,False,"[-87.24, 69.26]",0.0,0.0,0.0,0.0
X01084,icefishball,long_only,atr,atr,1.5,1.0,12,2,-17.98,0.7939,0.5,-8.99,87.24,69.26,-87.24,2,1,False,"[-87.24, 69.26]",0.0,0.0,0.0,0.0
X01228,icefishball,long_only,atr,atr,1.5,1.0,24,2,-17.98,0.7939,0.5,-8.99,87.24,69.26,-87.24,2,1,False,"[-87.24, 69.26]",0.0,0.0,0.0,0.0
X01372,icefishball,long_only,atr,atr,1.5,1.0,48,2,-17.98,0.7939,0.5,-8.99,87.24,69.26,-87.24,2,1,False,"[-87.24, 69.26]",0.0,0.0,0.0,0.0
X01848,icefishball,short_only,atr_blend,atr_blend,2.0,2.0,12,3,-44.22,0.7938,0.3333,-14.74,214.48,170.26,-214.48,3,1,False,"[-33.24, -181.24, 170.26]",0.0,0.0,0.0,0.0
X00491,icefishball,all,atr,atr,0.75,1.5,24,6,-57.94,0.7919,0.3333,-9.6567,278.46,220.52,-278.46,3,1,False,"[-80.48, -197.98, 220.52]",0.0,0.0,0.0,0.0
X00635,icefishball,all,atr,atr,0.75,1.5,48,6,-57.94,0.7919,0.3333,-9.6567,278.46,220.52,-278.46,3,1,False,"[-80.48, -197.98, 220.52]",0.0,0.0,0.0,0.0
X01463,icefishball,short_only,fixed,fixed,20.0,80.0,3,4,-22.96,0.7888,0.25,-5.74,108.72,85.76,-108.72,3,1,False,"[-67.48, -41.24, 85.76]",0.0,0.0,0.0,0.0
X01464,icefishball,short_only,fixed,fixed,20.0,120.0,3,4,-22.96,0.7888,0.25,-5.74,108.72,85.76,-108.72,3,1,False,"[-67.48, -41.24, 85.76]",0.0,0.0,0.0,0.0
X00020,icefishball,all,fixed,fixed,20.0,30.0,3,6,-32.44,0.7837,0.3333,-5.4067,67.48,117.52,-149.96,3,2,False,"[-67.48, 17.52, 17.52]",0.0,0.0,0.0,0.0
X01861,icefishball,short_only,range15_pct,range15_pct,0.75,0.5,12,4,-23.96,0.7817,0.75,-5.99,109.74,85.78,-109.74,3,2,False,"[47.02, -109.74, 38.76]",0.0,0.0,0.0,0.0
X01865,icefishball,short_only,range15_pct,range15_pct,1.0,0.5,12,4,-23.96,0.7817,0.75,-5.99,109.74,85.78,-109.74,3,2,False,"[47.02, -109.74, 38.76]",0.0,0.0,0.0,0.0
X01869,icefishball,short_only,range15_pct,range15_pct,1.25,0.5,12,4,-23.96,0.7817,0.75,-5.99,109.74,85.78,-109.74,3,2,False,"[47.02, -109.74, 38.76]",0.0,0.0,0.0,0.0
X00311,icefishball,all,fixed,fixed,20.0,80.0,12,6,-47.44,0.7699,0.1667,-7.9067,164.96,158.76,-206.2,3,1,False,"[-82.48, -82.48, 117.52]",0.0,0.0,0.0,0.0
X00455,icefishball,all,fixed,fixed,20.0,80.0,24,6,-47.44,0.7699,0.1667,-7.9067,164.96,158.76,-206.2,3,1,False,"[-82.48, -82.48, 117.52]",0.0,0.0,0.0,0.0
X00599,icefishball,all,fixed,fixed,20.0,80.0,48,6,-47.44,0.7699,0.1667,-7.9067,164.96,158.76,-206.2,3,1,False,"[-82.48, -82.48, 117.52]",0.0,0.0,0.0,0.0
X01680,icefishball,short_only,atr_blend,atr_blend,0.75,2.0,6,4,-35.46,0.7693,0.25,-8.865,153.72,118.26,-153.72,3,1,False,"[-68.98, -84.74, 118.26]",0.0,0.0,0.0,0.0
X01681,icefishball,short_only,atr_blend,atr_blend,0.75,3.0,6,4,-35.46,0.7693,0.25,-8.865,153.72,118.26,-153.72,3,1,False,"[-68.98, -84.74, 118.26]",0.0,0.0,0.0,0.0
X01682,icefishball,short_only,atr_blend,atr_blend,0.75,4.0,6,4,-35.46,0.7693,0.25,-8.865,153.72,118.26,-153.72,3,1,False,"[-68.98, -84.74, 118.26]",0.0,0.0,0.0,0.0
X00849,icefishball,long_only,range15_pct,range15_pct,0.5,0.5,3,2,-10.98,0.7676,0.5,-5.49,47.24,36.26,-47.24,2,1,False,"[-47.24, 36.26]",0.0,0.0,0.0,0.0
X00850,icefishball,long_only,range15_pct,range15_pct,0.5,1.0,3,2,-10.98,0.7676,0.5,-5.49,47.24,36.26,-47.24,2,1,False,"[-47.24, 36.26]",0.0,0.0,0.0,0.0
X00851,icefishball,long_only,range15_pct,range15_pct,0.5,1.5,3,2,-10.98,0.7676,0.5,-5.49,47.24,36.26,-47.24,2,1,False,"[-47.24, 36.26]",0.0,0.0,0.0,0.0
X00852,icefishball,long_only,range15_pct,range15_pct,0.5,2.0,3,2,-10.98,0.7676,0.5,-5.49,47.24,36.26,-47.24,2,1,False,"[-47.24, 36.26]",0.0,0.0,0.0,0.0
X01867,icefishball,short_only,range15_pct,range15_pct,1.0,1.5,12,3,-37.72,0.7605,0.3333,-12.5733,157.48,119.76,-157.48,3,1,False,"[-47.74, -109.74, 119.76]",0.0,0.0,0.0,0.0
X01806,icefishball,short_only,atr,atr,1.5,2.0,12,3,-49.22,0.7593,0.3333,-16.4067,204.48,155.26,-204.48,3,1,False,"[-33.24, -171.24, 155.26]",0.0,0.0,0.0,0.0
X00365,icefishball,all,atr,atr,1.5,1.5,12,5,-71.2,0.7559,0.4,-14.24,291.72,220.52,-291.72,3,1,False,"[-120.48, -54.98, 104.26]",0.0,0.0,0.0,0.0
X00361,icefishball,all,atr,atr,1.25,3.0,12,6,-89.94,0.7552,0.3333,-14.99,367.46,277.52,-367.46,3,1,False,"[-131.98, -235.48, 277.52]",0.0,0.0,0.0,0.0
X00362,icefishball,all,atr,atr,1.25,4.0,12,6,-89.94,0.7552,0.3333,-14.99,367.46,277.52,-367.46,3,1,False,"[-131.98, -235.48, 277.52]",0.0,0.0,0.0,0.0
X00336,icefishball,all,fixed,fixed,60.0,120.0,12,6,-90.94,0.7532,0.3333,-15.1567,368.46,277.52,-368.46,3,1,False,"[-154.48, -213.98, 277.52]",0.0,0.0,0.0,0.0
X01939,icefishball,short_only,atr,atr,1.0,3.0,24,4,-76.96,0.7523,0.25,-19.24,310.72,233.76,-310.72,3,1,False,"[-162.48, -148.24, 233.76]",0.0,0.0,0.0,0.0
X02083,icefishball,short_only,atr,atr,1.0,3.0,48,4,-76.96,0.7523,0.25,-19.24,310.72,233.76,-310.72,3,1,False,"[-162.48, -148.24, 233.76]",0.0,0.0,0.0,0.0
X01698,icefishball,short_only,atr_blend,atr_blend,1.5,2.0,6,4,-39.96,0.7474,0.25,-9.99,158.22,118.26,-158.22,3,1,False,"[-136.48, -21.74, 118.26]",0.0,0.0,0.0,0.0
X01699,icefishball,short_only,atr_blend,atr_blend,1.5,3.0,6,4,-39.96,0.7474,0.25,-9.99,158.22,118.26,-158.22,3,1,False,"[-136.48, -21.74, 118.26]",0.0,0.0,0.0,0.0
X01700,icefishball,short_only,atr_blend,atr_blend,1.5,4.0,6,4,-39.96,0.7474,0.25,-9.99,158.22,118.26,-158.22,3,1,False,"[-136.48, -21.74, 118.26]",0.0,0.0,0.0,0.0
X00982,icefishball,long_only,atr_blend,atr_blend,2.0,1.0,6,2,-27.98,0.7391,0.5,-13.99,107.24,79.26,-107.24,2,1,False,"[-107.24, 79.26]",0.0,0.0,0.0,0.0
X01126,icefishball,long_only,atr_blend,atr_blend,2.0,1.0,12,2,-27.98,0.7391,0.5,-13.99,107.24,79.26,-107.24,2,1,False,"[-107.24, 79.26]",0.0,0.0,0.0,0.0
X01270,icefishball,long_only,atr_blend,atr_blend,2.0,1.0,24,2,-27.98,0.7391,0.5,-13.99,107.24,79.26,-107.24,2,1,False,"[-107.24, 79.26]",0.0,0.0,0.0,0.0
X01414,icefishball,long_only,atr_blend,atr_blend,2.0,1.0,48,2,-27.98,0.7391,0.5,-13.99,107.24,79.26,-107.24,2,1,False,"[-107.24, 79.26]",0.0,0.0,0.0,0.0
X01714,icefishball,short_only,range15_pct,range15_pct,0.5,1.0,6,3,-28.22,0.7374,0.3333,-9.4067,107.48,79.26,-107.48,3,1,False,"[-24.24, -83.24, 79.26]",0.0,0.0,0.0,0.0
X00831,icefishball,long_only,atr_blend,atr_blend,1.5,0.75,3,2,-21.48,0.734,0.5,-10.74,80.74,59.26,-80.74,2,1,False,"[-80.74, 59.26]",0.0,0.0,0.0,0.0
X00975,icefishball,long_only,atr_blend,atr_blend,1.5,0.75,6,2,-21.48,0.734,0.5,-10.74,80.74,59.26,-80.74,2,1,False,"[-80.74, 59.26]",0.0,0.0,0.0,0.0
X01119,icefishball,long_only,atr_blend,atr_blend,1.5,0.75,12,2,-21.48,0.734,0.5,-10.74,80.74,59.26,-80.74,2,1,False,"[-80.74, 59.26]",0.0,0.0,0.0,0.0
X01263,icefishball,long_only,atr_blend,atr_blend,1.5,0.75,24,2,-21.48,0.734,0.5,-10.74,80.74,59.26,-80.74,2,1,False,"[-80.74, 59.26]",0.0,0.0,0.0,0.0
X01407,icefishball,long_only,atr_blend,atr_blend,1.5,0.75,48,2,-21.48,0.734,0.5,-10.74,80.74,59.26,-80.74,2,1,False,"[-80.74, 59.26]",0.0,0.0,0.0,0.0
X00547,icefishball,all,atr_blend,atr_blend,1.5,3.0,24,5,-88.2,0.7319,0.2,-17.64,328.96,240.76,-328.96,3,1,False,"[-155.98, -172.98, 240.76]",0.0,0.0,0.0,0.0
X01830,icefishball,short_only,atr_blend,atr_blend,1.0,2.0,12,4,-63.96,0.7269,0.25,-15.99,234.22,170.26,-234.22,3,1,False,"[-141.48, -92.74, 170.26]",0.0,0.0,0.0,0.0
X01623,icefishball,short_only,fixed,fixed,40.0,80.0,6,4,-44.46,0.7268,0.25,-11.115,162.72,118.26,-162.72,3,1,False,"[-81.48, -81.24, 118.26]",0.0,0.0,0.0,0.0
X01624,icefishball,short_only,fixed,fixed,40.0,120.0,6,4,-44.46,0.7268,0.25,-11.115,162.72,118.26,-162.72,3,1,False,"[-81.48, -81.24, 118.26]",0.0,0.0,0.0,0.0
X02101,icefishball,short_only,atr,atr,2.0,3.0,48,3,-88.22,0.726,0.3333,-29.4067,321.98,233.76,-321.98,3,1,False,"[-94.24, -227.74, 233.76]",0.0,0.0,0.0,0.0
X00756,icefishball,long_only,fixed,fixed,40.0,30.0,3,2,-22.48,0.7233,0.5,-11.24,81.24,58.76,-81.24,2,1,False,"[-81.24, 58.76]",0.0,0.0,0.0,0.0
X00900,icefishball,long_only,fixed,fixed,40.0,30.0,6,2,-22.48,0.7233,0.5,-11.24,81.24,58.76,-81.24,2,1,False,"[-81.24, 58.76]",0.0,0.0,0.0,0.0
X01044,icefishball,long_only,fixed,fixed,40.0,30.0,12,2,-22.48,0.7233,0.5,-11.24,81.24,58.76,-81.24,2,1,False,"[-81.24, 58.76]",0.0,0.0,0.0,0.0
X01188,icefishball,long_only,fixed,fixed,40.0,30.0,24,2,-22.48,0.7233,0.5,-11.24,81.24,58.76,-81.24,2,1,False,"[-81.24, 58.76]",0.0,0.0,0.0,0.0
X01332,icefishball,long_only,fixed,fixed,40.0,30.0,48,2,-22.48,0.7233,0.5,-11.24,81.24,58.76,-81.24,2,1,False,"[-81.24, 58.76]",0.0,0.0,0.0,0.0
X00429,icefishball,all,range15_pct,range15_pct,1.25,0.5,12,6,-62.44,0.7231,0.6667,-10.4067,225.48,163.04,-225.48,3,2,False,"[47.02, -225.48, 116.02]",0.0,0.0,0.0,0.0
X01788,icefishball,short_only,atr,atr,0.75,2.0,12,4,-59.96,0.7214,0.25,-14.99,215.22,155.26,-215.22,3,1,False,"[-122.48, -92.74, 155.26]",0.0,0.0,0.0,0.0
X00548,icefishball,all,atr_blend,atr_blend,1.5,4.0,24,5,-92.2,0.7197,0.2,-18.44,328.96,236.76,-328.96,3,1,False,"[-155.98, -172.98, 236.76]",0.0,0.0,0.0,0.0
X01656,icefishball,short_only,atr,atr,1.25,2.0,6,4,-46.46,0.7179,0.25,-11.615,164.72,118.26,-164.72,3,1,False,"[-142.98, -21.74, 118.26]",0.0,0.0,0.0,0.0
X01657,icefishball,short_only,atr,atr,1.25,3.0,6,4,-46.46,0.7179,0.25,-11.615,164.72,118.26,-164.72,3,1,False,"[-142.98, -21.74, 118.26]",0.0,0.0,0.0,0.0
X01658,icefishball,short_only,atr,atr,1.25,4.0,6,4,-46.46,0.7179,0.25,-11.615,164.72,118.26,-164.72,3,1,False,"[-142.98, -21.74, 118.26]",0.0,0.0,0.0,0.0
X00167,icefishball,all,fixed,fixed,20.0,80.0,6,6,-46.94,0.7159,0.1667,-7.8233,123.96,118.26,-165.2,3,1,False,"[-41.48, -82.48, 77.02]",0.0,0.0,0.0,0.0
X00168,icefishball,all,fixed,fixed,20.0,120.0,6,6,-46.94,0.7159,0.1667,-7.8233,123.96,118.26,-165.2,3,1,False,"[-41.48, -82.48, 77.02]",0.0,0.0,0.0,0.0
X01871,icefishball,short_only,range15_pct,range15_pct,1.25,1.5,12,3,-49.22,0.7087,0.3333,-16.4067,168.98,119.76,-168.98,3,1,False,"[-59.24, -109.74, 119.76]",0.0,0.0,0.0,0.0
X01655,icefishball,short_only,atr,atr,1.25,1.5,6,4,-48.46,0.7058,0.25,-12.115,164.72,116.26,-164.72,3,1,False,"[-142.98, -21.74, 116.26]",0.0,0.0,0.0,0.0
X00789,icefishball,long_only,atr,atr,1.25,0.75,3,2,-21.48,0.7047,0.5,-10.74,72.74,51.26,-72.74,2,1,False,"[-72.74, 51.26]",0.0,0.0,0.0,0.0
X00933,icefishball,long_only,atr,atr,1.25,0.75,6,2,-21.48,0.7047,0.5,-10.74,72.74,51.26,-72.74,2,1,False,"[-72.74, 51.26]",0.0,0.0,0.0,0.0
X01077,icefishball,long_only,atr,atr,1.25,0.75,12,2,-21.48,0.7047,0.5,-10.74,72.74,51.26,-72.74,2,1,False,"[-72.74, 51.26]",0.0,0.0,0.0,0.0
X01221,icefishball,long_only,atr,atr,1.25,0.75,24,2,-21.48,0.7047,0.5,-10.74,72.74,51.26,-72.74,2,1,False,"[-72.74, 51.26]",0.0,0.0,0.0,0.0
X01365,icefishball,long_only,atr,atr,1.25,0.75,48,2,-21.48,0.7047,0.5,-10.74,72.74,51.26,-72.74,2,1,False,"[-72.74, 51.26]",0.0,0.0,0.0,0.0
X00353,icefishball,all,atr,atr,1.0,1.5,12,6,-93.44,0.7024,0.3333,-15.5733,313.96,220.52,-313.96,3,1,False,"[-106.48, -207.48, 220.52]",0.0,0.0,0.0,0.0
X00505,icefishball,all,atr,atr,1.25,3.0,24,5,-101.7,0.6735,0.2,-20.34,311.46,209.76,-311.46,3,1,False,"[-131.98, -179.48, 209.76]",0.0,0.0,0.0,0.0
X00711,icefishball,all,range15_pct,range15_pct,0.75,1.5,48,4,-115.46,0.6708,0.25,-28.865,350.72,235.26,-350.72,3,1,False,"[-105.98, -244.74, 235.26]",0.0,0.0,0.0,0.0
X01974,icefishball,short_only,atr_blend,atr_blend,1.0,2.0,24,4,-83.96,0.6697,0.25,-20.99,254.22,170.26,-254.22,3,1,False,"[-141.48, -112.74, 170.26]",0.0,0.0,0.0,0.0
X02118,icefishball,short_only,atr_blend,atr_blend,1.0,2.0,48,4,-83.96,0.6697,0.25,-20.99,254.22,170.26,-254.22,3,1,False,"[-141.48, -112.74, 170.26]",0.0,0.0,0.0,0.0
X00509,icefishball,all,atr,atr,1.5,1.5,24,5,-109.2,0.6688,0.4,-21.84,329.72,220.52,-329.72,3,1,False,"[-158.48, -54.98, 104.26]",0.0,0.0,0.0,0.0
X00653,icefishball,all,atr,atr,1.5,1.5,48,5,-109.2,0.6688,0.4,-21.84,329.72,220.52,-329.72,3,1,False,"[-158.48, -54.98, 104.26]",0.0,0.0,0.0,0.0
X00820,icefishball,long_only,atr_blend,atr_blend,1.0,1.0,3,2,-17.98,0.6685,0.5,-8.99,54.24,36.26,-54.24,2,1,False,"[-54.24, 36.26]",0.0,0.0,0.0,0.0
X00821,icefishball,long_only,atr_blend,atr_blend,1.0,1.5,3,2,-17.98,0.6685,0.5,-8.99,54.24,36.26,-54.24,2,1,False,"[-54.24, 36.26]",0.0,0.0,0.0,0.0
X00822,icefishball,long_only,atr_blend,atr_blend,1.0,2.0,3,2,-17.98,0.6685,0.5,-8.99,54.24,36.26,-54.24,2,1,False,"[-54.24, 36.26]",0.0,0.0,0.0,0.0
X00823,icefishball,long_only,atr_blend,atr_blend,1.0,3.0,3,2,-17.98,0.6685,0.5,-8.99,54.24,36.26,-54.24,2,1,False,"[-54.24, 36.26]",0.0,0.0,0.0,0.0
X00824,icefishball,long_only,atr_blend,atr_blend,1.0,4.0,3,2,-17.98,0.6685,0.5,-8.99,54.24,36.26,-54.24,2,1,False,"[-54.24, 36.26]",0.0,0.0,0.0,0.0
X01005,icefishball,long_only,range15_pct,range15_pct,1.25,0.5,6,2,-38.48,0.6675,0.5,-19.24,115.74,77.26,-115.74,2,1,False,"[-115.74, 77.26]",0.0,0.0,0.0,0.0
X01149,icefishball,long_only,range15_pct,range15_pct,1.25,0.5,12,2,-38.48,0.6675,0.5,-19.24,115.74,77.26,-115.74,2,1,False,"[-115.74, 77.26]",0.0,0.0,0.0,0.0
X01293,icefishball,long_only,range15_pct,range15_pct,1.25,0.5,24,2,-38.48,0.6675,0.5,-19.24,115.74,77.26,-115.74,2,1,False,"[-115.74, 77.26]",0.0,0.0,0.0,0.0
X01437,icefishball,long_only,range15_pct,range15_pct,1.25,0.5,48,2,-38.48,0.6675,0.5,-19.24,115.74,77.26,-115.74,2,1,False,"[-115.74, 77.26]",0.0,0.0,0.0,0.0
X01932,icefishball,short_only,atr,atr,0.75,2.0,24,4,-78.96,0.6629,0.25,-19.74,234.22,155.26,-234.22,3,1,False,"[-122.48, -111.74, 155.26]",0.0,0.0,0.0,0.0
X02076,icefishball,short_only,atr,atr,0.75,2.0,48,4,-78.96,0.6629,0.25,-19.74,234.22,155.26,-234.22,3,1,False,"[-122.48, -111.74, 155.26]",0.0,0.0,0.0,0.0
X02008,icefishball,short_only,range15_pct,range15_pct,0.75,2.0,24,3,-83.22,0.6575,0.3333,-27.74,242.98,159.76,-242.98,3,1,False,"[-36.24, -206.74, 159.76]",0.0,0.0,0.0,0.0
X02055,icefishball,short_only,fixed,fixed,40.0,80.0,48,4,-84.96,0.6514,0.25,-21.24,243.72,158.76,-243.72,3,1,False,"[-162.48, -81.24, 158.76]",0.0,0.0,0.0,0.0
X00909,icefishball,long_only,fixed,fixed,60.0,40.0,6,2,-42.48,0.6496,0.5,-21.24,121.24,78.76,-121.24,2,1,False,"[-121.24, 78.76]",0.0,0.0,0.0,0.0
X01053,icefishball,long_only,fixed,fixed,60.0,40.0,12,2,-42.48,0.6496,0.5,-21.24,121.24,78.76,-121.24,2,1,False,"[-121.24, 78.76]",0.0,0.0,0.0,0.0
X01197,icefishball,long_only,fixed,fixed,60.0,40.0,24,2,-42.48,0.6496,0.5,-21.24,121.24,78.76,-121.24,2,1,False,"[-121.24, 78.76]",0.0,0.0,0.0,0.0
X01341,icefishball,long_only,fixed,fixed,60.0,40.0,48,2,-42.48,0.6496,0.5,-21.24,121.24,78.76,-121.24,2,1,False,"[-121.24, 78.76]",0.0,0.0,0.0,0.0
X01842,icefishball,short_only,atr_blend,atr_blend,1.5,2.0,12,4,-91.96,0.6493,0.25,-22.99,262.22,170.26,-262.22,3,1,False,"[-169.48, -92.74, 170.26]",0.0,0.0,0.0,0.0
X01775,icefishball,short_only,fixed,fixed,60.0,80.0,12,4,-88.46,0.6422,0.25,-22.115,247.22,158.76,-247.22,3,1,False,"[-154.48, -92.74, 158.76]",0.0,0.0,0.0,0.0
X00710,icefishball,all,range15_pct,range15_pct,0.75,1.0,48,4,-112.96,0.6408,0.5,-28.24,314.48,201.52,-314.48,3,1,False,"[-24.48, -244.74, 156.26]",0.0,0.0,0.0,0.0
X01950,icefishball,short_only,atr,atr,1.5,2.0,24,3,-87.22,0.6403,0.3333,-29.0733,242.48,155.26,-242.48,3,1,False,"[-71.24, -171.24, 155.26]",0.0,0.0,0.0,0.0
X02094,icefishball,short_only,atr,atr,1.5,2.0,48,3,-87.22,0.6403,0.3333,-29.0733,242.48,155.26,-242.48,3,1,False,"[-71.24, -171.24, 155.26]",0.0,0.0,0.0,0.0
X01859,icefishball,short_only,range15_pct,range15_pct,0.5,1.5,12,3,-68.22,0.6371,0.3333,-22.74,187.98,119.76,-187.98,3,1,False,"[-24.24, -163.74, 119.76]",0.0,0.0,0.0,0.0
X02003,icefishball,short_only,range15_pct,range15_pct,0.5,1.5,24,3,-68.22,0.6371,0.3333,-22.74,187.98,119.76,-187.98,3,1,False,"[-24.24, -163.74, 119.76]",0.0,0.0,0.0,0.0
X02147,icefishball,short_only,range15_pct,range15_pct,0.5,1.5,48,3,-68.22,0.6371,0.3333,-22.74,187.98,119.76,-187.98,3,1,False,"[-24.24, -163.74, 119.76]",0.0,0.0,0.0,0.0
X00747,icefishball,long_only,fixed,fixed,30.0,20.0,3,2,-22.48,0.6329,0.5,-11.24,61.24,38.76,-61.24,2,1,False,"[-61.24, 38.76]",0.0,0.0,0.0,0.0
X00891,icefishball,long_only,fixed,fixed,30.0,20.0,6,2,-22.48,0.6329,0.5,-11.24,61.24,38.76,-61.24,2,1,False,"[-61.24, 38.76]",0.0,0.0,0.0,0.0
X01035,icefishball,long_only,fixed,fixed,30.0,20.0,12,2,-22.48,0.6329,0.5,-11.24,61.24,38.76,-61.24,2,1,False,"[-61.24, 38.76]",0.0,0.0,0.0,0.0
X01179,icefishball,long_only,fixed,fixed,30.0,20.0,24,2,-22.48,0.6329,0.5,-11.24,61.24,38.76,-61.24,2,1,False,"[-61.24, 38.76]",0.0,0.0,0.0,0.0
X01323,icefishball,long_only,fixed,fixed,30.0,20.0,48,2,-22.48,0.6329,0.5,-11.24,61.24,38.76,-61.24,2,1,False,"[-61.24, 38.76]",0.0,0.0,0.0,0.0
X01836,icefishball,short_only,atr_blend,atr_blend,1.25,2.0,12,4,-98.96,0.6324,0.25,-24.74,269.22,170.26,-269.22,3,1,False,"[-176.48, -92.74, 170.26]",0.0,0.0,0.0,0.0
X02063,icefishball,short_only,fixed,fixed,60.0,80.0,48,4,-93.96,0.6282,0.25,-23.49,252.72,158.76,-252.72,3,1,False,"[-131.48, -121.24, 158.76]",0.0,0.0,0.0,0.0
X02012,icefishball,short_only,range15_pct,range15_pct,1.0,2.0,24,3,-94.72,0.6278,0.3333,-31.5733,254.48,159.76,-254.48,3,1,False,"[-47.74, -206.74, 159.76]",0.0,0.0,0.0,0.0
X01760,icefishball,short_only,fixed,fixed,30.0,120.0,12,4,-69.46,0.6219,0.25,-17.365,183.72,114.26,-183.72,3,1,False,"[-122.48, -61.24, 114.26]",0.0,0.0,0.0,0.0
X00784,icefishball,long_only,atr,atr,1.0,1.0,3,2,-22.48,0.6173,0.5,-11.24,58.74,36.26,-58.74,2,1,False,"[-58.74, 36.26]",0.0,0.0,0.0,0.0
X00785,icefishball,long_only,atr,atr,1.0,1.5,3,2,-22.48,0.6173,0.5,-11.24,58.74,36.26,-58.74,2,1,False,"[-58.74, 36.26]",0.0,0.0,0.0,0.0
X00786,icefishball,long_only,atr,atr,1.0,2.0,3,2,-22.48,0.6173,0.5,-11.24,58.74,36.26,-58.74,2,1,False,"[-58.74, 36.26]",0.0,0.0,0.0,0.0
X00787,icefishball,long_only,atr,atr,1.0,3.0,3,2,-22.48,0.6173,0.5,-11.24,58.74,36.26,-58.74,2,1,False,"[-58.74, 36.26]",0.0,0.0,0.0,0.0
X00788,icefishball,long_only,atr,atr,1.0,4.0,3,2,-22.48,0.6173,0.5,-11.24,58.74,36.26,-58.74,2,1,False,"[-58.74, 36.26]",0.0,0.0,0.0,0.0
X01794,icefishball,short_only,atr,atr,1.0,2.0,12,4,-99.96,0.6083,0.25,-24.99,255.22,155.26,-255.22,3,1,False,"[-162.48, -92.74, 155.26]",0.0,0.0,0.0,0.0
X02006,icefishball,short_only,range15_pct,range15_pct,0.75,1.0,24,3,-82.22,0.6023,0.6667,-27.4067,206.74,124.52,-206.74,3,2,False,"[45.26, -206.74, 79.26]",0.0,0.0,0.0,0.0
X02010,icefishball,short_only,range15_pct,range15_pct,1.0,1.0,24,3,-82.22,0.6023,0.6667,-27.4067,206.74,124.52,-206.74,3,2,False,"[45.26, -206.74, 79.26]",0.0,0.0,0.0,0.0
X02014,icefishball,short_only,range15_pct,range15_pct,1.25,1.0,24,3,-82.22,0.6023,0.6667,-27.4067,206.74,124.52,-206.74,3,2,False,"[45.26, -206.74, 79.26]",0.0,0.0,0.0,0.0
X02016,icefishball,short_only,range15_pct,range15_pct,1.25,2.0,24,3,-106.22,0.6006,0.3333,-35.4067,265.98,159.76,-265.98,3,1,False,"[-59.24, -206.74, 159.76]",0.0,0.0,0.0,0.0
X00359,icefishball,all,atr,atr,1.25,1.5,12,6,-146.94,0.6001,0.3333,-24.49,367.46,220.52,-367.46,3,1,False,"[-131.98, -235.48, 220.52]",0.0,0.0,0.0,0.0
X00059,icefishball,all,atr,atr,0.75,1.5,3,6,-81.44,0.5997,0.3333,-13.5733,203.46,122.02,-203.46,3,1,False,"[-70.48, -132.98, 122.02]",0.0,0.0,0.0,0.0
X00060,icefishball,all,atr,atr,0.75,2.0,3,6,-81.44,0.5997,0.3333,-13.5733,203.46,122.02,-203.46,3,1,False,"[-70.48, -132.98, 122.02]",0.0,0.0,0.0,0.0
X00061,icefishball,all,atr,atr,0.75,3.0,3,6,-81.44,0.5997,0.3333,-13.5733,203.46,122.02,-203.46,3,1,False,"[-70.48, -132.98, 122.02]",0.0,0.0,0.0,0.0
X00062,icefishball,all,atr,atr,0.75,4.0,3,6,-81.44,0.5997,0.3333,-13.5733,203.46,122.02,-203.46,3,1,False,"[-70.48, -132.98, 122.02]",0.0,0.0,0.0,0.0
X01919,icefishball,short_only,fixed,fixed,60.0,80.0,24,4,-105.96,0.5997,0.25,-26.49,264.72,158.76,-264.72,3,1,False,"[-143.48, -121.24, 158.76]",0.0,0.0,0.0,0.0
X00946,icefishball,long_only,atr,atr,2.0,1.0,6,2,-46.48,0.5984,0.5,-23.24,115.74,69.26,-115.74,2,1,False,"[-115.74, 69.26]",0.0,0.0,0.0,0.0
X01090,icefishball,long_only,atr,atr,2.0,1.0,12,2,-46.48,0.5984,0.5,-23.24,115.74,69.26,-115.74,2,1,False,"[-115.74, 69.26]",0.0,0.0,0.0,0.0
X01234,icefishball,long_only,atr,atr,2.0,1.0,24,2,-46.48,0.5984,0.5,-23.24,115.74,69.26,-115.74,2,1,False,"[-115.74, 69.26]",0.0,0.0,0.0,0.0
X01378,icefishball,long_only,atr,atr,2.0,1.0,48,2,-46.48,0.5984,0.5,-23.24,115.74,69.26,-115.74,2,1,False,"[-115.74, 69.26]",0.0,0.0,0.0,0.0
X00497,icefishball,all,atr,atr,1.0,1.5,24,6,-148.94,0.5969,0.3333,-24.8233,369.46,220.52,-369.46,3,1,False,"[-106.48, -262.98, 220.52]",0.0,0.0,0.0,0.0
X00641,icefishball,all,atr,atr,1.0,1.5,48,6,-148.94,0.5969,0.3333,-24.8233,369.46,220.52,-369.46,3,1,False,"[-106.48, -262.98, 220.52]",0.0,0.0,0.0,0.0
X01825,icefishball,short_only,atr_blend,atr_blend,0.75,3.0,12,4,-77.46,0.596,0.25,-19.365,191.72,114.26,-191.72,3,1,False,"[-106.98, -84.74, 114.26]",0.0,0.0,0.0,0.0
X01826,icefishball,short_only,atr_blend,atr_blend,0.75,4.0,12,4,-77.46,0.596,0.25,-19.365,191.72,114.26,-191.72,3,1,False,"[-106.98, -84.74, 114.26]",0.0,0.0,0.0,0.0
X00749,icefishball,long_only,fixed,fixed,30.0,40.0,3,2,-24.98,0.5921,0.5,-12.49,61.24,36.26,-61.24,2,1,False,"[-61.24, 36.26]",0.0,0.0,0.0,0.0
X00750,icefishball,long_only,fixed,fixed,30.0,60.0,3,2,-24.98,0.5921,0.5,-12.49,61.24,36.26,-61.24,2,1,False,"[-61.24, 36.26]",0.0,0.0,0.0,0.0
X00751,icefishball,long_only,fixed,fixed,30.0,80.0,3,2,-24.98,0.5921,0.5,-12.49,61.24,36.26,-61.24,2,1,False,"[-61.24, 36.26]",0.0,0.0,0.0,0.0
X00752,icefishball,long_only,fixed,fixed,30.0,120.0,3,2,-24.98,0.5921,0.5,-12.49,61.24,36.26,-61.24,2,1,False,"[-61.24, 36.26]",0.0,0.0,0.0,0.0
X00565,icefishball,all,range15_pct,range15_pct,0.75,0.5,24,6,-113.44,0.5897,0.6667,-18.9067,276.48,163.04,-276.48,3,2,False,"[47.02, -276.48, 116.02]",0.0,0.0,0.0,0.0
X00795,icefishball,long_only,atr,atr,1.5,0.75,3,2,-35.98,0.5876,0.5,-17.99,87.24,51.26,-87.24,2,1,False,"[-87.24, 51.26]",0.0,0.0,0.0,0.0
X00939,icefishball,long_only,atr,atr,1.5,0.75,6,2,-35.98,0.5876,0.5,-17.99,87.24,51.26,-87.24,2,1,False,"[-87.24, 51.26]",0.0,0.0,0.0,0.0
X01083,icefishball,long_only,atr,atr,1.5,0.75,12,2,-35.98,0.5876,0.5,-17.99,87.24,51.26,-87.24,2,1,False,"[-87.24, 51.26]",0.0,0.0,0.0,0.0
X01227,icefishball,long_only,atr,atr,1.5,0.75,24,2,-35.98,0.5876,0.5,-17.99,87.24,51.26,-87.24,2,1,False,"[-87.24, 51.26]",0.0,0.0,0.0,0.0
X01371,icefishball,long_only,atr,atr,1.5,0.75,48,2,-35.98,0.5876,0.5,-17.99,87.24,51.26,-87.24,2,1,False,"[-87.24, 51.26]",0.0,0.0,0.0,0.0
X01784,icefishball,short_only,fixed,fixed,80.0,120.0,12,3,-80.22,0.5875,0.3333,-26.74,194.48,114.26,-194.48,3,1,False,"[-33.24, -161.24, 114.26]",0.0,0.0,0.0,0.0
X01768,icefishball,short_only,fixed,fixed,40.0,120.0,12,4,-81.46,0.5838,0.25,-20.365,195.72,114.26,-195.72,3,1,False,"[-114.48, -81.24, 114.26]",0.0,0.0,0.0,0.0
X00031,icefishball,all,fixed,fixed,30.0,80.0,3,6,-87.94,0.5812,0.3333,-14.6567,209.96,122.02,-209.96,3,1,False,"[-87.48, -122.48, 122.02]",0.0,0.0,0.0,0.0
X00032,icefishball,all,fixed,fixed,30.0,120.0,3,6,-87.94,0.5812,0.3333,-14.6567,209.96,122.02,-209.96,3,1,False,"[-87.48, -122.48, 122.02]",0.0,0.0,0.0,0.0
X00417,icefishball,all,range15_pct,range15_pct,0.5,0.5,12,6,-100.94,0.5772,0.5,-16.8233,238.72,137.78,-238.72,3,1,False,"[-5.98, -210.98, 116.02]",0.0,0.0,0.0,0.0
X00561,icefishball,all,range15_pct,range15_pct,0.5,0.5,24,6,-100.94,0.5772,0.5,-16.8233,238.72,137.78,-238.72,3,1,False,"[-5.98, -210.98, 116.02]",0.0,0.0,0.0,0.0
X00705,icefishball,all,range15_pct,range15_pct,0.5,0.5,48,6,-100.94,0.5772,0.5,-16.8233,238.72,137.78,-238.72,3,1,False,"[-5.98, -210.98, 116.02]",0.0,0.0,0.0,0.0
X01471,icefishball,short_only,fixed,fixed,30.0,80.0,3,4,-62.96,0.5767,0.25,-15.74,148.72,85.76,-148.72,3,1,False,"[-87.48, -61.24, 85.76]",0.0,0.0,0.0,0.0
X01472,icefishball,short_only,fixed,fixed,30.0,120.0,3,4,-62.96,0.5767,0.25,-15.74,148.72,85.76,-148.72,3,1,False,"[-87.48, -61.24, 85.76]",0.0,0.0,0.0,0.0
X01573,icefishball,short_only,range15_pct,range15_pct,0.75,0.5,3,5,-64.7,0.57,0.6,-12.94,150.48,85.78,-150.48,3,2,False,"[47.02, -150.48, 38.76]",0.0,0.0,0.0,0.0
X01577,icefishball,short_only,range15_pct,range15_pct,1.0,0.5,3,5,-64.7,0.57,0.6,-12.94,150.48,85.78,-150.48,3,2,False,"[47.02, -150.48, 38.76]",0.0,0.0,0.0,0.0
X01581,icefishball,short_only,range15_pct,range15_pct,1.25,0.5,3,5,-64.7,0.57,0.6,-12.94,150.48,85.78,-150.48,3,2,False,"[47.02, -150.48, 38.76]",0.0,0.0,0.0,0.0
X01805,icefishball,short_only,atr,atr,1.5,1.5,12,3,-88.22,0.5686,0.3333,-29.4067,204.48,116.26,-204.48,3,1,False,"[-33.24, -171.24, 116.26]",0.0,0.0,0.0,0.0
X01807,icefishball,short_only,atr,atr,1.5,3.0,12,3,-90.22,0.5588,0.3333,-30.0733,204.48,114.26,-204.48,3,1,False,"[-33.24, -171.24, 114.26]",0.0,0.0,0.0,0.0
X01808,icefishball,short_only,atr,atr,1.5,4.0,12,3,-90.22,0.5588,0.3333,-30.0733,204.48,114.26,-204.48,3,1,False,"[-33.24, -171.24, 114.26]",0.0,0.0,0.0,0.0
X00102,icefishball,all,atr_blend,atr_blend,1.0,2.0,3,6,-96.44,0.5585,0.3333,-16.0733,218.46,122.02,-218.46,3,1,False,"[-80.48, -137.98, 122.02]",0.0,0.0,0.0,0.0
X00103,icefishball,all,atr_blend,atr_blend,1.0,3.0,3,6,-96.44,0.5585,0.3333,-16.0733,218.46,122.02,-218.46,3,1,False,"[-80.48, -137.98, 122.02]",0.0,0.0,0.0,0.0
X00104,icefishball,all,atr_blend,atr_blend,1.0,4.0,3,6,-96.44,0.5585,0.3333,-16.0733,218.46,122.02,-218.46,3,1,False,"[-80.48, -137.98, 122.02]",0.0,0.0,0.0,0.0
X00133,icefishball,all,range15_pct,range15_pct,0.75,0.5,3,7,-98.18,0.5542,0.5714,-14.0257,220.22,122.04,-220.22,3,1,False,"[-22.72, -150.48, 75.02]",0.0,0.0,0.0,0.0
X00312,icefishball,all,fixed,fixed,20.0,120.0,12,6,-91.94,0.5541,0.1667,-15.3233,164.96,114.26,-206.2,3,1,False,"[-82.48, -82.48, 73.02]",0.0,0.0,0.0,0.0
X00096,icefishball,all,atr_blend,atr_blend,0.75,2.0,3,6,-98.44,0.5535,0.3333,-16.4067,220.46,122.02,-220.46,3,1,False,"[-66.98, -153.48, 122.02]",0.0,0.0,0.0,0.0
X00097,icefishball,all,atr_blend,atr_blend,0.75,3.0,3,6,-98.44,0.5535,0.3333,-16.4067,220.46,122.02,-220.46,3,1,False,"[-66.98, -153.48, 122.02]",0.0,0.0,0.0,0.0
X00098,icefishball,all,atr_blend,atr_blend,0.75,4.0,3,6,-98.44,0.5535,0.3333,-16.4067,220.46,122.02,-220.46,3,1,False,"[-66.98, -153.48, 122.02]",0.0,0.0,0.0,0.0
X00837,icefishball,long_only,atr_blend,atr_blend,2.0,0.75,3,2,-47.98,0.5526,0.5,-23.99,107.24,59.26,-107.24,2,1,False,"[-107.24, 59.26]",0.0,0.0,0.0,0.0
X00981,icefishball,long_only,atr_blend,atr_blend,2.0,0.75,6,2,-47.98,0.5526,0.5,-23.99,107.24,59.26,-107.24,2,1,False,"[-107.24, 59.26]",0.0,0.0,0.0,0.0
X01125,icefishball,long_only,atr_blend,atr_blend,2.0,0.75,12,2,-47.98,0.5526,0.5,-23.99,107.24,59.26,-107.24,2,1,False,"[-107.24, 59.26]",0.0,0.0,0.0,0.0
X01269,icefishball,long_only,atr_blend,atr_blend,2.0,0.75,24,2,-47.98,0.5526,0.5,-23.99,107.24,59.26,-107.24,2,1,False,"[-107.24, 59.26]",0.0,0.0,0.0,0.0
X01413,icefishball,long_only,atr_blend,atr_blend,2.0,0.75,48,2,-47.98,0.5526,0.5,-23.99,107.24,59.26,-107.24,2,1,False,"[-107.24, 59.26]",0.0,0.0,0.0,0.0
X01713,icefishball,short_only,range15_pct,range15_pct,0.5,0.5,6,4,-50.46,0.5453,0.5,-12.615,110.98,60.52,-110.98,3,1,False,"[-5.98, -83.24, 38.76]",0.0,0.0,0.0,0.0
X00569,icefishball,all,range15_pct,range15_pct,1.0,0.5,24,6,-136.44,0.5444,0.6667,-22.74,299.48,163.04,-299.48,3,2,False,"[47.02, -299.48, 116.02]",0.0,0.0,0.0,0.0
X01787,icefishball,short_only,atr,atr,0.75,1.5,12,4,-98.96,0.5402,0.25,-24.74,215.22,116.26,-215.22,3,1,False,"[-122.48, -92.74, 116.26]",0.0,0.0,0.0,0.0
X00826,icefishball,long_only,atr_blend,atr_blend,1.25,1.0,3,2,-30.98,0.5393,0.5,-15.49,67.24,36.26,-67.24,2,1,False,"[-67.24, 36.26]",0.0,0.0,0.0,0.0
X00827,icefishball,long_only,atr_blend,atr_blend,1.25,1.5,3,2,-30.98,0.5393,0.5,-15.49,67.24,36.26,-67.24,2,1,False,"[-67.24, 36.26]",0.0,0.0,0.0,0.0
X00828,icefishball,long_only,atr_blend,atr_blend,1.25,2.0,3,2,-30.98,0.5393,0.5,-15.49,67.24,36.26,-67.24,2,1,False,"[-67.24, 36.26]",0.0,0.0,0.0,0.0
X00829,icefishball,long_only,atr_blend,atr_blend,1.25,3.0,3,2,-30.98,0.5393,0.5,-15.49,67.24,36.26,-67.24,2,1,False,"[-67.24, 36.26]",0.0,0.0,0.0,0.0
X00830,icefishball,long_only,atr_blend,atr_blend,1.25,4.0,3,2,-30.98,0.5393,0.5,-15.49,67.24,36.26,-67.24,2,1,False,"[-67.24, 36.26]",0.0,0.0,0.0,0.0
X01499,icefishball,short_only,atr,atr,0.75,1.5,3,4,-73.46,0.5386,0.25,-18.365,159.22,85.76,-159.22,3,1,False,"[-112.48, -46.74, 85.76]",0.0,0.0,0.0,0.0
X01500,icefishball,short_only,atr,atr,0.75,2.0,3,4,-73.46,0.5386,0.25,-18.365,159.22,85.76,-159.22,3,1,False,"[-112.48, -46.74, 85.76]",0.0,0.0,0.0,0.0
X01501,icefishball,short_only,atr,atr,0.75,3.0,3,4,-73.46,0.5386,0.25,-18.365,159.22,85.76,-159.22,3,1,False,"[-112.48, -46.74, 85.76]",0.0,0.0,0.0,0.0
X01502,icefishball,short_only,atr,atr,0.75,4.0,3,4,-73.46,0.5386,0.25,-18.365,159.22,85.76,-159.22,3,1,False,"[-112.48, -46.74, 85.76]",0.0,0.0,0.0,0.0
X01980,icefishball,short_only,atr_blend,atr_blend,1.25,2.0,24,4,-146.46,0.5376,0.25,-36.615,316.72,170.26,-316.72,3,1,False,"[-176.48, -140.24, 170.26]",0.0,0.0,0.0,0.0
X02124,icefishball,short_only,atr_blend,atr_blend,1.25,2.0,48,4,-146.46,0.5376,0.25,-36.615,316.72,170.26,-316.72,3,1,False,"[-176.48, -140.24, 170.26]",0.0,0.0,0.0,0.0
X01849,icefishball,short_only,atr_blend,atr_blend,2.0,3.0,12,3,-100.22,0.5327,0.3333,-33.4067,214.48,114.26,-214.48,3,1,False,"[-33.24, -181.24, 114.26]",0.0,0.0,0.0,0.0
X01850,icefishball,short_only,atr_blend,atr_blend,2.0,4.0,12,3,-100.22,0.5327,0.3333,-33.4067,214.48,114.26,-214.48,3,1,False,"[-33.24, -181.24, 114.26]",0.0,0.0,0.0,0.0
X01789,icefishball,short_only,atr,atr,0.75,3.0,12,4,-100.96,0.5309,0.25,-25.24,215.22,114.26,-215.22,3,1,False,"[-122.48, -92.74, 114.26]",0.0,0.0,0.0,0.0
X01790,icefishball,short_only,atr,atr,0.75,4.0,12,4,-100.96,0.5309,0.25,-25.24,215.22,114.26,-215.22,3,1,False,"[-122.48, -92.74, 114.26]",0.0,0.0,0.0,0.0
X01800,icefishball,short_only,atr,atr,1.25,2.0,12,4,-139.46,0.5268,0.25,-34.865,294.72,155.26,-294.72,3,1,False,"[-201.98, -92.74, 155.26]",0.0,0.0,0.0,0.0
X01542,icefishball,short_only,atr_blend,atr_blend,1.0,2.0,3,4,-78.46,0.5222,0.25,-19.615,164.22,85.76,-164.22,3,1,False,"[-117.48, -46.74, 85.76]",0.0,0.0,0.0,0.0
X01543,icefishball,short_only,atr_blend,atr_blend,1.0,3.0,3,4,-78.46,0.5222,0.25,-19.615,164.22,85.76,-164.22,3,1,False,"[-117.48, -46.74, 85.76]",0.0,0.0,0.0,0.0
X01544,icefishball,short_only,atr_blend,atr_blend,1.0,4.0,3,4,-78.46,0.5222,0.25,-19.615,164.22,85.76,-164.22,3,1,False,"[-117.48, -46.74, 85.76]",0.0,0.0,0.0,0.0
X00853,icefishball,long_only,range15_pct,range15_pct,0.75,0.5,3,2,-33.48,0.5199,0.5,-16.74,69.74,36.26,-69.74,2,1,False,"[-69.74, 36.26]",0.0,0.0,0.0,0.0
X00854,icefishball,long_only,range15_pct,range15_pct,0.75,1.0,3,2,-33.48,0.5199,0.5,-16.74,69.74,36.26,-69.74,2,1,False,"[-69.74, 36.26]",0.0,0.0,0.0,0.0
X00855,icefishball,long_only,range15_pct,range15_pct,0.75,1.5,3,2,-33.48,0.5199,0.5,-16.74,69.74,36.26,-69.74,2,1,False,"[-69.74, 36.26]",0.0,0.0,0.0,0.0
X00856,icefishball,long_only,range15_pct,range15_pct,0.75,2.0,3,2,-33.48,0.5199,0.5,-16.74,69.74,36.26,-69.74,2,1,False,"[-69.74, 36.26]",0.0,0.0,0.0,0.0
X00065,icefishball,all,atr,atr,1.0,1.5,3,6,-113.44,0.5182,0.3333,-18.9067,235.46,122.02,-235.46,3,1,False,"[-84.98, -150.48, 122.02]",0.0,0.0,0.0,0.0
X00066,icefishball,all,atr,atr,1.0,2.0,3,6,-113.44,0.5182,0.3333,-18.9067,235.46,122.02,-235.46,3,1,False,"[-84.98, -150.48, 122.02]",0.0,0.0,0.0,0.0
X00067,icefishball,all,atr,atr,1.0,3.0,3,6,-113.44,0.5182,0.3333,-18.9067,235.46,122.02,-235.46,3,1,False,"[-84.98, -150.48, 122.02]",0.0,0.0,0.0,0.0
X00068,icefishball,all,atr,atr,1.0,4.0,3,6,-113.44,0.5182,0.3333,-18.9067,235.46,122.02,-235.46,3,1,False,"[-84.98, -150.48, 122.02]",0.0,0.0,0.0,0.0
X00573,icefishball,all,range15_pct,range15_pct,1.25,0.5,24,6,-159.44,0.5056,0.6667,-26.5733,322.48,163.04,-322.48,3,2,False,"[47.02, -322.48, 116.02]",0.0,0.0,0.0,0.0
X00137,icefishball,all,range15_pct,range15_pct,1.0,0.5,3,7,-121.18,0.5018,0.5714,-17.3114,243.22,122.04,-243.22,3,1,False,"[-45.72, -150.48, 75.02]",0.0,0.0,0.0,0.0
X01938,icefishball,short_only,atr,atr,1.0,2.0,24,4,-155.46,0.4997,0.25,-38.865,310.72,155.26,-310.72,3,1,False,"[-162.48, -148.24, 155.26]",0.0,0.0,0.0,0.0
X02082,icefishball,short_only,atr,atr,1.0,2.0,48,4,-155.46,0.4997,0.25,-38.865,310.72,155.26,-310.72,3,1,False,"[-162.48, -148.24, 155.26]",0.0,0.0,0.0,0.0
X00790,icefishball,long_only,atr,atr,1.25,1.0,3,2,-36.48,0.4985,0.5,-18.24,72.74,36.26,-72.74,2,1,False,"[-72.74, 36.26]",0.0,0.0,0.0,0.0
X00791,icefishball,long_only,atr,atr,1.25,1.5,3,2,-36.48,0.4985,0.5,-18.24,72.74,36.26,-72.74,2,1,False,"[-72.74, 36.26]",0.0,0.0,0.0,0.0
X00792,icefishball,long_only,atr,atr,1.25,2.0,3,2,-36.48,0.4985,0.5,-18.24,72.74,36.26,-72.74,2,1,False,"[-72.74, 36.26]",0.0,0.0,0.0,0.0
X00793,icefishball,long_only,atr,atr,1.25,3.0,3,2,-36.48,0.4985,0.5,-18.24,72.74,36.26,-72.74,2,1,False,"[-72.74, 36.26]",0.0,0.0,0.0,0.0
X00794,icefishball,long_only,atr,atr,1.25,4.0,3,2,-36.48,0.4985,0.5,-18.24,72.74,36.26,-72.74,2,1,False,"[-72.74, 36.26]",0.0,0.0,0.0,0.0
X01931,icefishball,short_only,atr,atr,0.75,1.5,24,4,-117.96,0.4964,0.25,-29.49,234.22,116.26,-234.22,3,1,False,"[-122.48, -111.74, 116.26]",0.0,0.0,0.0,0.0
X02075,icefishball,short_only,atr,atr,0.75,1.5,48,4,-117.96,0.4964,0.25,-29.49,234.22,116.26,-234.22,3,1,False,"[-122.48, -111.74, 116.26]",0.0,0.0,0.0,0.0
X00135,icefishball,all,range15_pct,range15_pct,0.75,1.5,3,6,-124.44,0.4951,0.3333,-20.74,246.46,122.02,-246.46,3,1,False,"[-95.98, -150.48, 122.02]",0.0,0.0,0.0,0.0
X00136,icefishball,all,range15_pct,range15_pct,0.75,2.0,3,6,-124.44,0.4951,0.3333,-20.74,246.46,122.02,-246.46,3,1,False,"[-95.98, -150.48, 122.02]",0.0,0.0,0.0,0.0
X02007,icefishball,short_only,range15_pct,range15_pct,0.75,1.5,24,3,-123.22,0.4929,0.3333,-41.0733,242.98,119.76,-242.98,3,1,False,"[-36.24, -206.74, 119.76]",0.0,0.0,0.0,0.0
X00071,icefishball,all,atr,atr,1.25,1.5,3,6,-127.44,0.4891,0.3333,-21.24,249.46,122.02,-249.46,3,1,False,"[-98.98, -150.48, 122.02]",0.0,0.0,0.0,0.0
X00072,icefishball,all,atr,atr,1.25,2.0,3,6,-127.44,0.4891,0.3333,-21.24,249.46,122.02,-249.46,3,1,False,"[-98.98, -150.48, 122.02]",0.0,0.0,0.0,0.0
X00073,icefishball,all,atr,atr,1.25,3.0,3,6,-127.44,0.4891,0.3333,-21.24,249.46,122.02,-249.46,3,1,False,"[-98.98, -150.48, 122.02]",0.0,0.0,0.0,0.0
X00074,icefishball,all,atr,atr,1.25,4.0,3,6,-127.44,0.4891,0.3333,-21.24,249.46,122.02,-249.46,3,1,False,"[-98.98, -150.48, 122.02]",0.0,0.0,0.0,0.0
X00131,icefishball,all,range15_pct,range15_pct,0.5,1.5,3,6,-127.94,0.4882,0.3333,-21.3233,249.96,122.02,-249.96,3,1,False,"[-71.48, -178.48, 122.02]",0.0,0.0,0.0,0.0
X00132,icefishball,all,range15_pct,range15_pct,0.5,2.0,3,6,-127.94,0.4882,0.3333,-21.3233,249.96,122.02,-249.96,3,1,False,"[-71.48, -178.48, 122.02]",0.0,0.0,0.0,0.0
X01831,icefishball,short_only,atr_blend,atr_blend,1.0,3.0,12,4,-119.96,0.4878,0.25,-29.99,234.22,114.26,-234.22,3,1,False,"[-141.48, -92.74, 114.26]",0.0,0.0,0.0,0.0
X01832,icefishball,short_only,atr_blend,atr_blend,1.0,4.0,12,4,-119.96,0.4878,0.25,-29.99,234.22,114.26,-234.22,3,1,False,"[-141.48, -92.74, 114.26]",0.0,0.0,0.0,0.0
X00546,icefishball,all,atr_blend,atr_blend,1.5,2.0,24,5,-168.7,0.4872,0.2,-33.74,328.96,160.26,-328.96,3,1,False,"[-155.98, -172.98, 160.26]",0.0,0.0,0.0,0.0
X01487,icefishball,short_only,fixed,fixed,60.0,80.0,3,4,-90.96,0.4853,0.25,-22.74,176.72,85.76,-176.72,3,1,False,"[-129.98, -46.74, 85.76]",0.0,0.0,0.0,0.0
X01488,icefishball,short_only,fixed,fixed,60.0,120.0,3,4,-90.96,0.4853,0.25,-22.74,176.72,85.76,-176.72,3,1,False,"[-129.98, -46.74, 85.76]",0.0,0.0,0.0,0.0
X01495,icefishball,short_only,fixed,fixed,80.0,80.0,3,4,-90.96,0.4853,0.25,-22.74,176.72,85.76,-176.72,3,1,False,"[-129.98, -46.74, 85.76]",0.0,0.0,0.0,0.0
X01496,icefishball,short_only,fixed,fixed,80.0,120.0,3,4,-90.96,0.4853,0.25,-22.74,176.72,85.76,-176.72,3,1,False,"[-129.98, -46.74, 85.76]",0.0,0.0,0.0,0.0
X01505,icefishball,short_only,atr,atr,1.0,1.5,3,4,-90.96,0.4853,0.25,-22.74,176.72,85.76,-176.72,3,1,False,"[-129.98, -46.74, 85.76]",0.0,0.0,0.0,0.0
X01506,icefishball,short_only,atr,atr,1.0,2.0,3,4,-90.96,0.4853,0.25,-22.74,176.72,85.76,-176.72,3,1,False,"[-129.98, -46.74, 85.76]",0.0,0.0,0.0,0.0
X01507,icefishball,short_only,atr,atr,1.0,3.0,3,4,-90.96,0.4853,0.25,-22.74,176.72,85.76,-176.72,3,1,False,"[-129.98, -46.74, 85.76]",0.0,0.0,0.0,0.0
X01508,icefishball,short_only,atr,atr,1.0,4.0,3,4,-90.96,0.4853,0.25,-22.74,176.72,85.76,-176.72,3,1,False,"[-129.98, -46.74, 85.76]",0.0,0.0,0.0,0.0
X01511,icefishball,short_only,atr,atr,1.25,1.5,3,4,-90.96,0.4853,0.25,-22.74,176.72,85.76,-176.72,3,1,False,"[-129.98, -46.74, 85.76]",0.0,0.0,0.0,0.0
X01512,icefishball,short_only,atr,atr,1.25,2.0,3,4,-90.96,0.4853,0.25,-22.74,176.72,85.76,-176.72,3,1,False,"[-129.98, -46.74, 85.76]",0.0,0.0,0.0,0.0
X01513,icefishball,short_only,atr,atr,1.25,3.0,3,4,-90.96,0.4853,0.25,-22.74,176.72,85.76,-176.72,3,1,False,"[-129.98, -46.74, 85.76]",0.0,0.0,0.0,0.0
X01514,icefishball,short_only,atr,atr,1.25,4.0,3,4,-90.96,0.4853,0.25,-22.74,176.72,85.76,-176.72,3,1,False,"[-129.98, -46.74, 85.76]",0.0,0.0,0.0,0.0
X01517,icefishball,short_only,atr,atr,1.5,1.5,3,4,-90.96,0.4853,0.25,-22.74,176.72,85.76,-176.72,3,1,False,"[-129.98, -46.74, 85.76]",0.0,0.0,0.0,0.0
X01518,icefishball,short_only,atr,atr,1.5,2.0,3,4,-90.96,0.4853,0.25,-22.74,176.72,85.76,-176.72,3,1,False,"[-129.98, -46.74, 85.76]",0.0,0.0,0.0,0.0
X01519,icefishball,short_only,atr,atr,1.5,3.0,3,4,-90.96,0.4853,0.25,-22.74,176.72,85.76,-176.72,3,1,False,"[-129.98, -46.74, 85.76]",0.0,0.0,0.0,0.0
X01520,icefishball,short_only,atr,atr,1.5,4.0,3,4,-90.96,0.4853,0.25,-22.74,176.72,85.76,-176.72,3,1,False,"[-129.98, -46.74, 85.76]",0.0,0.0,0.0,0.0
X01523,icefishball,short_only,atr,atr,2.0,1.5,3,4,-90.96,0.4853,0.25,-22.74,176.72,85.76,-176.72,3,1,False,"[-129.98, -46.74, 85.76]",0.0,0.0,0.0,0.0
X01524,icefishball,short_only,atr,atr,2.0,2.0,3,4,-90.96,0.4853,0.25,-22.74,176.72,85.76,-176.72,3,1,False,"[-129.98, -46.74, 85.76]",0.0,0.0,0.0,0.0
X01525,icefishball,short_only,atr,atr,2.0,3.0,3,4,-90.96,0.4853,0.25,-22.74,176.72,85.76,-176.72,3,1,False,"[-129.98, -46.74, 85.76]",0.0,0.0,0.0,0.0
X01526,icefishball,short_only,atr,atr,2.0,4.0,3,4,-90.96,0.4853,0.25,-22.74,176.72,85.76,-176.72,3,1,False,"[-129.98, -46.74, 85.76]",0.0,0.0,0.0,0.0
X01529,icefishball,short_only,atr,atr,2.5,1.5,3,4,-90.96,0.4853,0.25,-22.74,176.72,85.76,-176.72,3,1,False,"[-129.98, -46.74, 85.76]",0.0,0.0,0.0,0.0
X01530,icefishball,short_only,atr,atr,2.5,2.0,3,4,-90.96,0.4853,0.25,-22.74,176.72,85.76,-176.72,3,1,False,"[-129.98, -46.74, 85.76]",0.0,0.0,0.0,0.0
X01531,icefishball,short_only,atr,atr,2.5,3.0,3,4,-90.96,0.4853,0.25,-22.74,176.72,85.76,-176.72,3,1,False,"[-129.98, -46.74, 85.76]",0.0,0.0,0.0,0.0
X01532,icefishball,short_only,atr,atr,2.5,4.0,3,4,-90.96,0.4853,0.25,-22.74,176.72,85.76,-176.72,3,1,False,"[-129.98, -46.74, 85.76]",0.0,0.0,0.0,0.0
X01554,icefishball,short_only,atr_blend,atr_blend,1.5,2.0,3,4,-90.96,0.4853,0.25,-22.74,176.72,85.76,-176.72,3,1,False,"[-129.98, -46.74, 85.76]",0.0,0.0,0.0,0.0
X01555,icefishball,short_only,atr_blend,atr_blend,1.5,3.0,3,4,-90.96,0.4853,0.25,-22.74,176.72,85.76,-176.72,3,1,False,"[-129.98, -46.74, 85.76]",0.0,0.0,0.0,0.0
X01556,icefishball,short_only,atr_blend,atr_blend,1.5,4.0,3,4,-90.96,0.4853,0.25,-22.74,176.72,85.76,-176.72,3,1,False,"[-129.98, -46.74, 85.76]",0.0,0.0,0.0,0.0
X01560,icefishball,short_only,atr_blend,atr_blend,2.0,2.0,3,4,-90.96,0.4853,0.25,-22.74,176.72,85.76,-176.72,3,1,False,"[-129.98, -46.74, 85.76]",0.0,0.0,0.0,0.0
X01561,icefishball,short_only,atr_blend,atr_blend,2.0,3.0,3,4,-90.96,0.4853,0.25,-22.74,176.72,85.76,-176.72,3,1,False,"[-129.98, -46.74, 85.76]",0.0,0.0,0.0,0.0
X01562,icefishball,short_only,atr_blend,atr_blend,2.0,4.0,3,4,-90.96,0.4853,0.25,-22.74,176.72,85.76,-176.72,3,1,False,"[-129.98, -46.74, 85.76]",0.0,0.0,0.0,0.0
X01566,icefishball,short_only,atr_blend,atr_blend,2.5,2.0,3,4,-90.96,0.4853,0.25,-22.74,176.72,85.76,-176.72,3,1,False,"[-129.98, -46.74, 85.76]",0.0,0.0,0.0,0.0
X01567,icefishball,short_only,atr_blend,atr_blend,2.5,3.0,3,4,-90.96,0.4853,0.25,-22.74,176.72,85.76,-176.72,3,1,False,"[-129.98, -46.74, 85.76]",0.0,0.0,0.0,0.0
X01568,icefishball,short_only,atr_blend,atr_blend,2.5,4.0,3,4,-90.96,0.4853,0.25,-22.74,176.72,85.76,-176.72,3,1,False,"[-129.98, -46.74, 85.76]",0.0,0.0,0.0,0.0
X01575,icefishball,short_only,range15_pct,range15_pct,0.75,1.5,3,4,-90.96,0.4853,0.25,-22.74,176.72,85.76,-176.72,3,1,False,"[-129.98, -46.74, 85.76]",0.0,0.0,0.0,0.0
X01576,icefishball,short_only,range15_pct,range15_pct,0.75,2.0,3,4,-90.96,0.4853,0.25,-22.74,176.72,85.76,-176.72,3,1,False,"[-129.98, -46.74, 85.76]",0.0,0.0,0.0,0.0
X01579,icefishball,short_only,range15_pct,range15_pct,1.0,1.5,3,4,-90.96,0.4853,0.25,-22.74,176.72,85.76,-176.72,3,1,False,"[-129.98, -46.74, 85.76]",0.0,0.0,0.0,0.0
X01580,icefishball,short_only,range15_pct,range15_pct,1.0,2.0,3,4,-90.96,0.4853,0.25,-22.74,176.72,85.76,-176.72,3,1,False,"[-129.98, -46.74, 85.76]",0.0,0.0,0.0,0.0
X01583,icefishball,short_only,range15_pct,range15_pct,1.25,1.5,3,4,-90.96,0.4853,0.25,-22.74,176.72,85.76,-176.72,3,1,False,"[-129.98, -46.74, 85.76]",0.0,0.0,0.0,0.0
X01584,icefishball,short_only,range15_pct,range15_pct,1.25,2.0,3,4,-90.96,0.4853,0.25,-22.74,176.72,85.76,-176.72,3,1,False,"[-129.98, -46.74, 85.76]",0.0,0.0,0.0,0.0
X00764,icefishball,long_only,fixed,fixed,60.0,30.0,3,2,-62.48,0.4847,0.5,-31.24,121.24,58.76,-121.24,2,1,False,"[-121.24, 58.76]",0.0,0.0,0.0,0.0
X00908,icefishball,long_only,fixed,fixed,60.0,30.0,6,2,-62.48,0.4847,0.5,-31.24,121.24,58.76,-121.24,2,1,False,"[-121.24, 58.76]",0.0,0.0,0.0,0.0
X01052,icefishball,long_only,fixed,fixed,60.0,30.0,12,2,-62.48,0.4847,0.5,-31.24,121.24,58.76,-121.24,2,1,False,"[-121.24, 58.76]",0.0,0.0,0.0,0.0
X01196,icefishball,long_only,fixed,fixed,60.0,30.0,24,2,-62.48,0.4847,0.5,-31.24,121.24,58.76,-121.24,2,1,False,"[-121.24, 58.76]",0.0,0.0,0.0,0.0
X01340,icefishball,long_only,fixed,fixed,60.0,30.0,48,2,-62.48,0.4847,0.5,-31.24,121.24,58.76,-121.24,2,1,False,"[-121.24, 58.76]",0.0,0.0,0.0,0.0
X00108,icefishball,all,atr_blend,atr_blend,1.25,2.0,3,6,-131.94,0.4805,0.3333,-21.99,253.96,122.02,-253.96,3,1,False,"[-93.48, -160.48, 122.02]",0.0,0.0,0.0,0.0
X00109,icefishball,all,atr_blend,atr_blend,1.25,3.0,3,6,-131.94,0.4805,0.3333,-21.99,253.96,122.02,-253.96,3,1,False,"[-93.48, -160.48, 122.02]",0.0,0.0,0.0,0.0
X00110,icefishball,all,atr_blend,atr_blend,1.25,4.0,3,6,-131.94,0.4805,0.3333,-21.99,253.96,122.02,-253.96,3,1,False,"[-93.48, -160.48, 122.02]",0.0,0.0,0.0,0.0
X01949,icefishball,short_only,atr,atr,1.5,1.5,24,3,-126.22,0.4795,0.3333,-42.0733,242.48,116.26,-242.48,3,1,False,"[-71.24, -171.24, 116.26]",0.0,0.0,0.0,0.0
X02093,icefishball,short_only,atr,atr,1.5,1.5,48,3,-126.22,0.4795,0.3333,-42.0733,242.48,116.26,-242.48,3,1,False,"[-71.24, -171.24, 116.26]",0.0,0.0,0.0,0.0
X01536,icefishball,short_only,atr_blend,atr_blend,0.75,2.0,3,4,-93.96,0.4772,0.25,-23.49,179.72,85.76,-179.72,3,1,False,"[-94.98, -84.74, 85.76]",0.0,0.0,0.0,0.0
X01537,icefishball,short_only,atr_blend,atr_blend,0.75,3.0,3,4,-93.96,0.4772,0.25,-23.49,179.72,85.76,-179.72,3,1,False,"[-94.98, -84.74, 85.76]",0.0,0.0,0.0,0.0
X01538,icefishball,short_only,atr_blend,atr_blend,0.75,4.0,3,4,-93.96,0.4772,0.25,-23.49,179.72,85.76,-179.72,3,1,False,"[-94.98, -84.74, 85.76]",0.0,0.0,0.0,0.0
X00755,icefishball,long_only,fixed,fixed,40.0,20.0,3,2,-42.48,0.4771,0.5,-21.24,81.24,38.76,-81.24,2,1,False,"[-81.24, 38.76]",0.0,0.0,0.0,0.0
X00899,icefishball,long_only,fixed,fixed,40.0,20.0,6,2,-42.48,0.4771,0.5,-21.24,81.24,38.76,-81.24,2,1,False,"[-81.24, 38.76]",0.0,0.0,0.0,0.0
X01043,icefishball,long_only,fixed,fixed,40.0,20.0,12,2,-42.48,0.4771,0.5,-21.24,81.24,38.76,-81.24,2,1,False,"[-81.24, 38.76]",0.0,0.0,0.0,0.0
X01187,icefishball,long_only,fixed,fixed,40.0,20.0,24,2,-42.48,0.4771,0.5,-21.24,81.24,38.76,-81.24,2,1,False,"[-81.24, 38.76]",0.0,0.0,0.0,0.0
X01331,icefishball,long_only,fixed,fixed,40.0,20.0,48,2,-42.48,0.4771,0.5,-21.24,81.24,38.76,-81.24,2,1,False,"[-81.24, 38.76]",0.0,0.0,0.0,0.0
X00114,icefishball,all,atr_blend,atr_blend,1.5,2.0,3,6,-135.44,0.4739,0.3333,-22.5733,257.46,122.02,-257.46,3,1,False,"[-106.98, -150.48, 122.02]",0.0,0.0,0.0,0.0
X00115,icefishball,all,atr_blend,atr_blend,1.5,3.0,3,6,-135.44,0.4739,0.3333,-22.5733,257.46,122.02,-257.46,3,1,False,"[-106.98, -150.48, 122.02]",0.0,0.0,0.0,0.0
X00116,icefishball,all,atr_blend,atr_blend,1.5,4.0,3,6,-135.44,0.4739,0.3333,-22.5733,257.46,122.02,-257.46,3,1,False,"[-106.98, -150.48, 122.02]",0.0,0.0,0.0,0.0
X02011,icefishball,short_only,range15_pct,range15_pct,1.0,1.5,24,3,-134.72,0.4706,0.3333,-44.9067,254.48,119.76,-254.48,3,1,False,"[-47.74, -206.74, 119.76]",0.0,0.0,0.0,0.0
X00746,icefishball,long_only,fixed,fixed,30.0,15.0,3,2,-32.48,0.4696,0.5,-16.24,61.24,28.76,-61.24,2,1,False,"[-61.24, 28.76]",0.0,0.0,0.0,0.0
X00890,icefishball,long_only,fixed,fixed,30.0,15.0,6,2,-32.48,0.4696,0.5,-16.24,61.24,28.76,-61.24,2,1,False,"[-61.24, 28.76]",0.0,0.0,0.0,0.0
X01034,icefishball,long_only,fixed,fixed,30.0,15.0,12,2,-32.48,0.4696,0.5,-16.24,61.24,28.76,-61.24,2,1,False,"[-61.24, 28.76]",0.0,0.0,0.0,0.0
X01178,icefishball,long_only,fixed,fixed,30.0,15.0,24,2,-32.48,0.4696,0.5,-16.24,61.24,28.76,-61.24,2,1,False,"[-61.24, 28.76]",0.0,0.0,0.0,0.0
X01322,icefishball,long_only,fixed,fixed,30.0,15.0,48,2,-32.48,0.4696,0.5,-16.24,61.24,28.76,-61.24,2,1,False,"[-61.24, 28.76]",0.0,0.0,0.0,0.0
X00134,icefishball,all,range15_pct,range15_pct,0.75,1.0,3,6,-130.94,0.4687,0.3333,-21.8233,246.46,115.52,-246.46,3,1,False,"[-95.98, -150.48, 115.52]",0.0,0.0,0.0,0.0
X00077,icefishball,all,atr,atr,1.5,1.5,3,6,-141.94,0.4623,0.3333,-23.6567,263.96,122.02,-263.96,3,1,False,"[-113.48, -150.48, 122.02]",0.0,0.0,0.0,0.0
X00078,icefishball,all,atr,atr,1.5,2.0,3,6,-141.94,0.4623,0.3333,-23.6567,263.96,122.02,-263.96,3,1,False,"[-113.48, -150.48, 122.02]",0.0,0.0,0.0,0.0
X00079,icefishball,all,atr,atr,1.5,3.0,3,6,-141.94,0.4623,0.3333,-23.6567,263.96,122.02,-263.96,3,1,False,"[-113.48, -150.48, 122.02]",0.0,0.0,0.0,0.0
X00080,icefishball,all,atr,atr,1.5,4.0,3,6,-141.94,0.4623,0.3333,-23.6567,263.96,122.02,-263.96,3,1,False,"[-113.48, -150.48, 122.02]",0.0,0.0,0.0,0.0
X00130,icefishball,all,range15_pct,range15_pct,0.5,1.0,3,6,-134.44,0.4622,0.3333,-22.4067,249.96,115.52,-249.96,3,1,False,"[-71.48, -178.48, 115.52]",0.0,0.0,0.0,0.0
X01776,icefishball,short_only,fixed,fixed,60.0,120.0,12,4,-132.96,0.4622,0.25,-33.24,247.22,114.26,-247.22,3,1,False,"[-154.48, -92.74, 114.26]",0.0,0.0,0.0,0.0
X01548,icefishball,short_only,atr_blend,atr_blend,1.25,2.0,3,4,-100.96,0.4593,0.25,-25.24,186.72,85.76,-186.72,3,1,False,"[-139.98, -46.74, 85.76]",0.0,0.0,0.0,0.0
X01549,icefishball,short_only,atr_blend,atr_blend,1.25,3.0,3,4,-100.96,0.4593,0.25,-25.24,186.72,85.76,-186.72,3,1,False,"[-139.98, -46.74, 85.76]",0.0,0.0,0.0,0.0
X01550,icefishball,short_only,atr_blend,atr_blend,1.25,4.0,3,4,-100.96,0.4593,0.25,-25.24,186.72,85.76,-186.72,3,1,False,"[-139.98, -46.74, 85.76]",0.0,0.0,0.0,0.0
X00141,icefishball,all,range15_pct,range15_pct,1.25,0.5,3,7,-144.18,0.4584,0.5714,-20.5971,266.22,122.04,-266.22,3,1,False,"[-68.72, -150.48, 75.02]",0.0,0.0,0.0,0.0
X01793,icefishball,short_only,atr,atr,1.0,1.5,12,4,-138.96,0.4555,0.25,-34.74,255.22,116.26,-255.22,3,1,False,"[-162.48, -92.74, 116.26]",0.0,0.0,0.0,0.0
X01479,icefishball,short_only,fixed,fixed,40.0,80.0,3,4,-102.96,0.4544,0.25,-25.74,188.72,85.76,-188.72,3,1,False,"[-107.48, -81.24, 85.76]",0.0,0.0,0.0,0.0
X01480,icefishball,short_only,fixed,fixed,40.0,120.0,3,4,-102.96,0.4544,0.25,-25.74,188.72,85.76,-188.72,3,1,False,"[-107.48, -81.24, 85.76]",0.0,0.0,0.0,0.0
X00139,icefishball,all,range15_pct,range15_pct,1.0,1.5,3,6,-147.44,0.4528,0.3333,-24.5733,269.46,122.02,-269.46,3,1,False,"[-118.98, -150.48, 122.02]",0.0,0.0,0.0,0.0
X00140,icefishball,all,range15_pct,range15_pct,1.0,2.0,3,6,-147.44,0.4528,0.3333,-24.5733,269.46,122.02,-269.46,3,1,False,"[-118.98, -150.48, 122.02]",0.0,0.0,0.0,0.0
X00039,icefishball,all,fixed,fixed,40.0,80.0,3,6,-147.94,0.452,0.3333,-24.6567,269.96,122.02,-269.96,3,1,False,"[-107.48, -162.48, 122.02]",0.0,0.0,0.0,0.0
X00040,icefishball,all,fixed,fixed,40.0,120.0,3,6,-147.94,0.452,0.3333,-24.6567,269.96,122.02,-269.96,3,1,False,"[-107.48, -162.48, 122.02]",0.0,0.0,0.0,0.0
X02015,icefishball,short_only,range15_pct,range15_pct,1.25,1.5,24,3,-146.22,0.4503,0.3333,-48.74,265.98,119.76,-265.98,3,1,False,"[-59.24, -206.74, 119.76]",0.0,0.0,0.0,0.0
X00832,icefishball,long_only,atr_blend,atr_blend,1.5,1.0,3,2,-44.48,0.4491,0.5,-22.24,80.74,36.26,-80.74,2,1,False,"[-80.74, 36.26]",0.0,0.0,0.0,0.0
X00833,icefishball,long_only,atr_blend,atr_blend,1.5,1.5,3,2,-44.48,0.4491,0.5,-22.24,80.74,36.26,-80.74,2,1,False,"[-80.74, 36.26]",0.0,0.0,0.0,0.0
X00834,icefishball,long_only,atr_blend,atr_blend,1.5,2.0,3,2,-44.48,0.4491,0.5,-22.24,80.74,36.26,-80.74,2,1,False,"[-80.74, 36.26]",0.0,0.0,0.0,0.0
X00835,icefishball,long_only,atr_blend,atr_blend,1.5,3.0,3,2,-44.48,0.4491,0.5,-22.24,80.74,36.26,-80.74,2,1,False,"[-80.74, 36.26]",0.0,0.0,0.0,0.0
X00836,icefishball,long_only,atr_blend,atr_blend,1.5,4.0,3,2,-44.48,0.4491,0.5,-22.24,80.74,36.26,-80.74,2,1,False,"[-80.74, 36.26]",0.0,0.0,0.0,0.0
X00023,icefishball,all,fixed,fixed,20.0,80.0,3,6,-105.44,0.4485,0.1667,-17.5733,149.96,85.76,-191.2,3,1,False,"[-67.48, -82.48, 44.52]",0.0,0.0,0.0,0.0
X00024,icefishball,all,fixed,fixed,20.0,120.0,3,6,-105.44,0.4485,0.1667,-17.5733,149.96,85.76,-191.2,3,1,False,"[-67.48, -82.48, 44.52]",0.0,0.0,0.0,0.0
X01574,icefishball,short_only,range15_pct,range15_pct,0.75,1.0,3,4,-97.46,0.4485,0.25,-24.365,176.72,79.26,-176.72,3,1,False,"[-129.98, -46.74, 79.26]",0.0,0.0,0.0,0.0
X01578,icefishball,short_only,range15_pct,range15_pct,1.0,1.0,3,4,-97.46,0.4485,0.25,-24.365,176.72,79.26,-176.72,3,1,False,"[-129.98, -46.74, 79.26]",0.0,0.0,0.0,0.0
X01582,icefishball,short_only,range15_pct,range15_pct,1.25,1.0,3,4,-97.46,0.4485,0.25,-24.365,176.72,79.26,-176.72,3,1,False,"[-129.98, -46.74, 79.26]",0.0,0.0,0.0,0.0
X01795,icefishball,short_only,atr,atr,1.0,3.0,12,4,-140.96,0.4477,0.25,-35.24,255.22,114.26,-255.22,3,1,False,"[-162.48, -92.74, 114.26]",0.0,0.0,0.0,0.0
X01796,icefishball,short_only,atr,atr,1.0,4.0,12,4,-140.96,0.4477,0.25,-35.24,255.22,114.26,-255.22,3,1,False,"[-162.48, -92.74, 114.26]",0.0,0.0,0.0,0.0
X00504,icefishball,all,atr,atr,1.25,2.0,24,5,-172.2,0.4471,0.2,-34.44,311.46,139.26,-311.46,3,1,False,"[-131.98, -179.48, 139.26]",0.0,0.0,0.0,0.0
X00757,icefishball,long_only,fixed,fixed,40.0,40.0,3,2,-44.98,0.4463,0.5,-22.49,81.24,36.26,-81.24,2,1,False,"[-81.24, 36.26]",0.0,0.0,0.0,0.0
X00758,icefishball,long_only,fixed,fixed,40.0,60.0,3,2,-44.98,0.4463,0.5,-22.49,81.24,36.26,-81.24,2,1,False,"[-81.24, 36.26]",0.0,0.0,0.0,0.0
X00759,icefishball,long_only,fixed,fixed,40.0,80.0,3,2,-44.98,0.4463,0.5,-22.49,81.24,36.26,-81.24,2,1,False,"[-81.24, 36.26]",0.0,0.0,0.0,0.0
X00760,icefishball,long_only,fixed,fixed,40.0,120.0,3,2,-44.98,0.4463,0.5,-22.49,81.24,36.26,-81.24,2,1,False,"[-81.24, 36.26]",0.0,0.0,0.0,0.0
X00801,icefishball,long_only,atr,atr,2.0,0.75,3,2,-64.48,0.4429,0.5,-32.24,115.74,51.26,-115.74,2,1,False,"[-115.74, 51.26]",0.0,0.0,0.0,0.0
X00945,icefishball,long_only,atr,atr,2.0,0.75,6,2,-64.48,0.4429,0.5,-32.24,115.74,51.26,-115.74,2,1,False,"[-115.74, 51.26]",0.0,0.0,0.0,0.0
X01089,icefishball,long_only,atr,atr,2.0,0.75,12,2,-64.48,0.4429,0.5,-32.24,115.74,51.26,-115.74,2,1,False,"[-115.74, 51.26]",0.0,0.0,0.0,0.0
X01233,icefishball,long_only,atr,atr,2.0,0.75,24,2,-64.48,0.4429,0.5,-32.24,115.74,51.26,-115.74,2,1,False,"[-115.74, 51.26]",0.0,0.0,0.0,0.0
X01377,icefishball,long_only,atr,atr,2.0,0.75,48,2,-64.48,0.4429,0.5,-32.24,115.74,51.26,-115.74,2,1,False,"[-115.74, 51.26]",0.0,0.0,0.0,0.0
X01843,icefishball,short_only,atr_blend,atr_blend,1.5,3.0,12,4,-147.96,0.4357,0.25,-36.99,262.22,114.26,-262.22,3,1,False,"[-169.48, -92.74, 114.26]",0.0,0.0,0.0,0.0
X01844,icefishball,short_only,atr_blend,atr_blend,1.5,4.0,12,4,-147.96,0.4357,0.25,-36.99,262.22,114.26,-262.22,3,1,False,"[-169.48, -92.74, 114.26]",0.0,0.0,0.0,0.0
X00120,icefishball,all,atr_blend,atr_blend,2.0,2.0,3,6,-161.94,0.4297,0.3333,-26.99,283.96,122.02,-283.96,3,1,False,"[-133.48, -150.48, 122.02]",0.0,0.0,0.0,0.0
X00121,icefishball,all,atr_blend,atr_blend,2.0,3.0,3,6,-161.94,0.4297,0.3333,-26.99,283.96,122.02,-283.96,3,1,False,"[-133.48, -150.48, 122.02]",0.0,0.0,0.0,0.0
X00122,icefishball,all,atr_blend,atr_blend,2.0,4.0,3,6,-161.94,0.4297,0.3333,-26.99,283.96,122.02,-283.96,3,1,False,"[-133.48, -150.48, 122.02]",0.0,0.0,0.0,0.0
X00138,icefishball,all,range15_pct,range15_pct,1.0,1.0,3,6,-153.94,0.4287,0.3333,-25.6567,269.46,115.52,-269.46,3,1,False,"[-118.98, -150.48, 115.52]",0.0,0.0,0.0,0.0
X02088,icefishball,short_only,atr,atr,1.25,2.0,48,3,-116.22,0.4246,0.3333,-38.74,201.98,85.76,-201.98,3,1,False,"[-59.24, -142.74, 85.76]",0.0,0.0,0.0,0.0
X02089,icefishball,short_only,atr,atr,1.25,3.0,48,3,-116.22,0.4246,0.3333,-38.74,201.98,85.76,-201.98,3,1,False,"[-59.24, -142.74, 85.76]",0.0,0.0,0.0,0.0
X02090,icefishball,short_only,atr,atr,1.25,4.0,48,3,-116.22,0.4246,0.3333,-38.74,201.98,85.76,-201.98,3,1,False,"[-59.24, -142.74, 85.76]",0.0,0.0,0.0,0.0
X01837,icefishball,short_only,atr_blend,atr_blend,1.25,3.0,12,4,-154.96,0.4244,0.25,-38.74,269.22,114.26,-269.22,3,1,False,"[-176.48, -92.74, 114.26]",0.0,0.0,0.0,0.0
X01838,icefishball,short_only,atr_blend,atr_blend,1.25,4.0,12,4,-154.96,0.4244,0.25,-38.74,269.22,114.26,-269.22,3,1,False,"[-176.48, -92.74, 114.26]",0.0,0.0,0.0,0.0
X01571,icefishball,short_only,range15_pct,range15_pct,0.5,1.5,3,4,-116.96,0.423,0.25,-29.24,202.72,85.76,-202.72,3,1,False,"[-127.98, -74.74, 85.76]",0.0,0.0,0.0,0.0
X01572,icefishball,short_only,range15_pct,range15_pct,0.5,2.0,3,4,-116.96,0.423,0.25,-29.24,202.72,85.76,-202.72,3,1,False,"[-127.98, -74.74, 85.76]",0.0,0.0,0.0,0.0
X01858,icefishball,short_only,range15_pct,range15_pct,0.5,1.0,12,3,-108.72,0.4216,0.3333,-36.24,187.98,79.26,-187.98,3,1,False,"[-24.24, -163.74, 79.26]",0.0,0.0,0.0,0.0
X02002,icefishball,short_only,range15_pct,range15_pct,0.5,1.0,24,3,-108.72,0.4216,0.3333,-36.24,187.98,79.26,-187.98,3,1,False,"[-24.24, -163.74, 79.26]",0.0,0.0,0.0,0.0
X02146,icefishball,short_only,range15_pct,range15_pct,0.5,1.0,48,3,-108.72,0.4216,0.3333,-36.24,187.98,79.26,-187.98,3,1,False,"[-24.24, -163.74, 79.26]",0.0,0.0,0.0,0.0
X00083,icefishball,all,atr,atr,2.0,1.5,3,6,-170.44,0.4172,0.3333,-28.4067,292.46,122.02,-292.46,3,1,False,"[-141.98, -150.48, 122.02]",0.0,0.0,0.0,0.0
X00084,icefishball,all,atr,atr,2.0,2.0,3,6,-170.44,0.4172,0.3333,-28.4067,292.46,122.02,-292.46,3,1,False,"[-141.98, -150.48, 122.02]",0.0,0.0,0.0,0.0
X00085,icefishball,all,atr,atr,2.0,3.0,3,6,-170.44,0.4172,0.3333,-28.4067,292.46,122.02,-292.46,3,1,False,"[-141.98, -150.48, 122.02]",0.0,0.0,0.0,0.0
X00086,icefishball,all,atr,atr,2.0,4.0,3,6,-170.44,0.4172,0.3333,-28.4067,292.46,122.02,-292.46,3,1,False,"[-141.98, -150.48, 122.02]",0.0,0.0,0.0,0.0
X00143,icefishball,all,range15_pct,range15_pct,1.25,1.5,3,6,-170.44,0.4172,0.3333,-28.4067,292.46,122.02,-292.46,3,1,False,"[-141.98, -150.48, 122.02]",0.0,0.0,0.0,0.0
X00144,icefishball,all,range15_pct,range15_pct,1.25,2.0,3,6,-170.44,0.4172,0.3333,-28.4067,292.46,122.02,-292.46,3,1,False,"[-141.98, -150.48, 122.02]",0.0,0.0,0.0,0.0
X00796,icefishball,long_only,atr,atr,1.5,1.0,3,2,-50.98,0.4156,0.5,-25.49,87.24,36.26,-87.24,2,1,False,"[-87.24, 36.26]",0.0,0.0,0.0,0.0
X00797,icefishball,long_only,atr,atr,1.5,1.5,3,2,-50.98,0.4156,0.5,-25.49,87.24,36.26,-87.24,2,1,False,"[-87.24, 36.26]",0.0,0.0,0.0,0.0
X00798,icefishball,long_only,atr,atr,1.5,2.0,3,2,-50.98,0.4156,0.5,-25.49,87.24,36.26,-87.24,2,1,False,"[-87.24, 36.26]",0.0,0.0,0.0,0.0
X00799,icefishball,long_only,atr,atr,1.5,3.0,3,2,-50.98,0.4156,0.5,-25.49,87.24,36.26,-87.24,2,1,False,"[-87.24, 36.26]",0.0,0.0,0.0,0.0
X00800,icefishball,long_only,atr,atr,1.5,4.0,3,2,-50.98,0.4156,0.5,-25.49,87.24,36.26,-87.24,2,1,False,"[-87.24, 36.26]",0.0,0.0,0.0,0.0
X02005,icefishball,short_only,range15_pct,range15_pct,0.75,0.5,24,4,-120.96,0.4149,0.75,-30.24,206.74,85.78,-206.74,3,2,False,"[47.02, -206.74, 38.76]",0.0,0.0,0.0,0.0
X02009,icefishball,short_only,range15_pct,range15_pct,1.0,0.5,24,4,-120.96,0.4149,0.75,-30.24,206.74,85.78,-206.74,3,2,False,"[47.02, -206.74, 38.76]",0.0,0.0,0.0,0.0
X02013,icefishball,short_only,range15_pct,range15_pct,1.25,0.5,24,4,-120.96,0.4149,0.75,-30.24,206.74,85.78,-206.74,3,2,False,"[47.02, -206.74, 38.76]",0.0,0.0,0.0,0.0
X00047,icefishball,all,fixed,fixed,60.0,80.0,3,6,-175.94,0.4095,0.3333,-29.3233,297.96,122.02,-297.96,3,1,False,"[-147.48, -150.48, 122.02]",0.0,0.0,0.0,0.0
X00048,icefishball,all,fixed,fixed,60.0,120.0,3,6,-175.94,0.4095,0.3333,-29.3233,297.96,122.02,-297.96,3,1,False,"[-147.48, -150.48, 122.02]",0.0,0.0,0.0,0.0
X02131,icefishball,short_only,atr_blend,atr_blend,1.5,3.0,48,3,-125.72,0.4055,0.3333,-41.9067,211.48,85.76,-211.48,3,1,False,"[-75.24, -136.24, 85.76]",0.0,0.0,0.0,0.0
X02132,icefishball,short_only,atr_blend,atr_blend,1.5,4.0,48,3,-125.72,0.4055,0.3333,-41.9067,211.48,85.76,-211.48,3,1,False,"[-75.24, -136.24, 85.76]",0.0,0.0,0.0,0.0
X00709,icefishball,all,range15_pct,range15_pct,0.75,0.5,48,5,-190.2,0.3952,0.6,-38.04,314.48,124.28,-314.48,3,2,False,"[47.02, -314.48, 77.26]",0.0,0.0,0.0,0.0
X00142,icefishball,all,range15_pct,range15_pct,1.25,1.0,3,6,-176.94,0.395,0.3333,-29.49,292.46,115.52,-292.46,3,1,False,"[-141.98, -150.48, 115.52]",0.0,0.0,0.0,0.0
X01799,icefishball,short_only,atr,atr,1.25,1.5,12,4,-178.46,0.3945,0.25,-44.615,294.72,116.26,-294.72,3,1,False,"[-201.98, -92.74, 116.26]",0.0,0.0,0.0,0.0
X00857,icefishball,long_only,range15_pct,range15_pct,1.0,0.5,3,2,-56.48,0.391,0.5,-28.24,92.74,36.26,-92.74,2,1,False,"[-92.74, 36.26]",0.0,0.0,0.0,0.0
X00858,icefishball,long_only,range15_pct,range15_pct,1.0,1.0,3,2,-56.48,0.391,0.5,-28.24,92.74,36.26,-92.74,2,1,False,"[-92.74, 36.26]",0.0,0.0,0.0,0.0
X00859,icefishball,long_only,range15_pct,range15_pct,1.0,1.5,3,2,-56.48,0.391,0.5,-28.24,92.74,36.26,-92.74,2,1,False,"[-92.74, 36.26]",0.0,0.0,0.0,0.0
X00860,icefishball,long_only,range15_pct,range15_pct,1.0,2.0,3,2,-56.48,0.391,0.5,-28.24,92.74,36.26,-92.74,2,1,False,"[-92.74, 36.26]",0.0,0.0,0.0,0.0
X01570,icefishball,short_only,range15_pct,range15_pct,0.5,1.0,3,4,-123.46,0.391,0.25,-30.865,202.72,79.26,-202.72,3,1,False,"[-127.98, -74.74, 79.26]",0.0,0.0,0.0,0.0
X01801,icefishball,short_only,atr,atr,1.25,3.0,12,4,-180.46,0.3877,0.25,-45.115,294.72,114.26,-294.72,3,1,False,"[-201.98, -92.74, 114.26]",0.0,0.0,0.0,0.0
X01802,icefishball,short_only,atr,atr,1.25,4.0,12,4,-180.46,0.3877,0.25,-45.115,294.72,114.26,-294.72,3,1,False,"[-201.98, -92.74, 114.26]",0.0,0.0,0.0,0.0
X00129,icefishball,all,range15_pct,range15_pct,0.5,0.5,3,7,-156.68,0.3818,0.4286,-22.3829,253.46,96.78,-253.46,3,1,False,"[-53.22, -178.48, 75.02]",0.0,0.0,0.0,0.0
X01937,icefishball,short_only,atr,atr,1.0,1.5,24,4,-194.46,0.3742,0.25,-48.615,310.72,116.26,-310.72,3,1,False,"[-162.48, -148.24, 116.26]",0.0,0.0,0.0,0.0
X02081,icefishball,short_only,atr,atr,1.0,1.5,48,4,-194.46,0.3742,0.25,-48.615,310.72,116.26,-310.72,3,1,False,"[-162.48, -148.24, 116.26]",0.0,0.0,0.0,0.0
X00754,icefishball,long_only,fixed,fixed,40.0,15.0,3,2,-52.48,0.354,0.5,-26.24,81.24,28.76,-81.24,2,1,False,"[-81.24, 28.76]",0.0,0.0,0.0,0.0
X00898,icefishball,long_only,fixed,fixed,40.0,15.0,6,2,-52.48,0.354,0.5,-26.24,81.24,28.76,-81.24,2,1,False,"[-81.24, 28.76]",0.0,0.0,0.0,0.0
X01042,icefishball,long_only,fixed,fixed,40.0,15.0,12,2,-52.48,0.354,0.5,-26.24,81.24,28.76,-81.24,2,1,False,"[-81.24, 28.76]",0.0,0.0,0.0,0.0
X01186,icefishball,long_only,fixed,fixed,40.0,15.0,24,2,-52.48,0.354,0.5,-26.24,81.24,28.76,-81.24,2,1,False,"[-81.24, 28.76]",0.0,0.0,0.0,0.0
X01330,icefishball,long_only,fixed,fixed,40.0,15.0,48,2,-52.48,0.354,0.5,-26.24,81.24,28.76,-81.24,2,1,False,"[-81.24, 28.76]",0.0,0.0,0.0,0.0
X01442,icefishball,short_only,fixed,fixed,10.0,15.0,3,5,-56.2,0.3385,0.2,-11.24,84.96,28.76,-84.96,3,1,False,"[7.52, -42.48, -21.24]",0.0,0.0,0.0,0.0
X01586,icefishball,short_only,fixed,fixed,10.0,15.0,6,5,-56.2,0.3385,0.2,-11.24,84.96,28.76,-84.96,3,1,False,"[7.52, -42.48, -21.24]",0.0,0.0,0.0,0.0
X01730,icefishball,short_only,fixed,fixed,10.0,15.0,12,5,-56.2,0.3385,0.2,-11.24,84.96,28.76,-84.96,3,1,False,"[7.52, -42.48, -21.24]",0.0,0.0,0.0,0.0
X01874,icefishball,short_only,fixed,fixed,10.0,15.0,24,5,-56.2,0.3385,0.2,-11.24,84.96,28.76,-84.96,3,1,False,"[7.52, -42.48, -21.24]",0.0,0.0,0.0,0.0
X02018,icefishball,short_only,fixed,fixed,10.0,15.0,48,5,-56.2,0.3385,0.2,-11.24,84.96,28.76,-84.96,3,1,False,"[7.52, -42.48, -21.24]",0.0,0.0,0.0,0.0
X00838,icefishball,long_only,atr_blend,atr_blend,2.0,1.0,3,2,-70.98,0.3381,0.5,-35.49,107.24,36.26,-107.24,2,1,False,"[-107.24, 36.26]",0.0,0.0,0.0,0.0
X00839,icefishball,long_only,atr_blend,atr_blend,2.0,1.5,3,2,-70.98,0.3381,0.5,-35.49,107.24,36.26,-107.24,2,1,False,"[-107.24, 36.26]",0.0,0.0,0.0,0.0
X00840,icefishball,long_only,atr_blend,atr_blend,2.0,2.0,3,2,-70.98,0.3381,0.5,-35.49,107.24,36.26,-107.24,2,1,False,"[-107.24, 36.26]",0.0,0.0,0.0,0.0
X00841,icefishball,long_only,atr_blend,atr_blend,2.0,3.0,3,2,-70.98,0.3381,0.5,-35.49,107.24,36.26,-107.24,2,1,False,"[-107.24, 36.26]",0.0,0.0,0.0,0.0
X00842,icefishball,long_only,atr_blend,atr_blend,2.0,4.0,3,2,-70.98,0.3381,0.5,-35.49,107.24,36.26,-107.24,2,1,False,"[-107.24, 36.26]",0.0,0.0,0.0,0.0
X00503,icefishball,all,atr,atr,1.25,1.5,24,5,-207.2,0.3347,0.2,-41.44,311.46,104.26,-311.46,3,1,False,"[-131.98, -179.48, 104.26]",0.0,0.0,0.0,0.0
X00763,icefishball,long_only,fixed,fixed,60.0,20.0,3,2,-82.48,0.3197,0.5,-41.24,121.24,38.76,-121.24,2,1,False,"[-121.24, 38.76]",0.0,0.0,0.0,0.0
X00907,icefishball,long_only,fixed,fixed,60.0,20.0,6,2,-82.48,0.3197,0.5,-41.24,121.24,38.76,-121.24,2,1,False,"[-121.24, 38.76]",0.0,0.0,0.0,0.0
X01051,icefishball,long_only,fixed,fixed,60.0,20.0,12,2,-82.48,0.3197,0.5,-41.24,121.24,38.76,-121.24,2,1,False,"[-121.24, 38.76]",0.0,0.0,0.0,0.0
X01195,icefishball,long_only,fixed,fixed,60.0,20.0,24,2,-82.48,0.3197,0.5,-41.24,121.24,38.76,-121.24,2,1,False,"[-121.24, 38.76]",0.0,0.0,0.0,0.0
X01339,icefishball,long_only,fixed,fixed,60.0,20.0,48,2,-82.48,0.3197,0.5,-41.24,121.24,38.76,-121.24,2,1,False,"[-121.24, 38.76]",0.0,0.0,0.0,0.0
X01857,icefishball,short_only,range15_pct,range15_pct,0.5,0.5,12,4,-130.96,0.3161,0.5,-32.74,191.48,60.52,-191.48,3,1,False,"[-5.98, -163.74, 38.76]",0.0,0.0,0.0,0.0
X02001,icefishball,short_only,range15_pct,range15_pct,0.5,0.5,24,4,-130.96,0.3161,0.5,-32.74,191.48,60.52,-191.48,3,1,False,"[-5.98, -163.74, 38.76]",0.0,0.0,0.0,0.0
X02145,icefishball,short_only,range15_pct,range15_pct,0.5,0.5,48,4,-130.96,0.3161,0.5,-32.74,191.48,60.52,-191.48,3,1,False,"[-5.98, -163.74, 38.76]",0.0,0.0,0.0,0.0
X00802,icefishball,long_only,atr,atr,2.0,1.0,3,2,-79.48,0.3133,0.5,-39.74,115.74,36.26,-115.74,2,1,False,"[-115.74, 36.26]",0.0,0.0,0.0,0.0
X00803,icefishball,long_only,atr,atr,2.0,1.5,3,2,-79.48,0.3133,0.5,-39.74,115.74,36.26,-115.74,2,1,False,"[-115.74, 36.26]",0.0,0.0,0.0,0.0
X00804,icefishball,long_only,atr,atr,2.0,2.0,3,2,-79.48,0.3133,0.5,-39.74,115.74,36.26,-115.74,2,1,False,"[-115.74, 36.26]",0.0,0.0,0.0,0.0
X00805,icefishball,long_only,atr,atr,2.0,3.0,3,2,-79.48,0.3133,0.5,-39.74,115.74,36.26,-115.74,2,1,False,"[-115.74, 36.26]",0.0,0.0,0.0,0.0
X00806,icefishball,long_only,atr,atr,2.0,4.0,3,2,-79.48,0.3133,0.5,-39.74,115.74,36.26,-115.74,2,1,False,"[-115.74, 36.26]",0.0,0.0,0.0,0.0
X00861,icefishball,long_only,range15_pct,range15_pct,1.25,0.5,3,2,-79.48,0.3133,0.5,-39.74,115.74,36.26,-115.74,2,1,False,"[-115.74, 36.26]",0.0,0.0,0.0,0.0
X00862,icefishball,long_only,range15_pct,range15_pct,1.25,1.0,3,2,-79.48,0.3133,0.5,-39.74,115.74,36.26,-115.74,2,1,False,"[-115.74, 36.26]",0.0,0.0,0.0,0.0
X00863,icefishball,long_only,range15_pct,range15_pct,1.25,1.5,3,2,-79.48,0.3133,0.5,-39.74,115.74,36.26,-115.74,2,1,False,"[-115.74, 36.26]",0.0,0.0,0.0,0.0
X00864,icefishball,long_only,range15_pct,range15_pct,1.25,2.0,3,2,-79.48,0.3133,0.5,-39.74,115.74,36.26,-115.74,2,1,False,"[-115.74, 36.26]",0.0,0.0,0.0,0.0
X00648,icefishball,all,atr,atr,1.25,2.0,48,4,-188.96,0.3122,0.25,-47.24,274.72,85.76,-274.72,3,1,False,"[-131.98, -142.74, 85.76]",0.0,0.0,0.0,0.0
X00649,icefishball,all,atr,atr,1.25,3.0,48,4,-188.96,0.3122,0.25,-47.24,274.72,85.76,-274.72,3,1,False,"[-131.98, -142.74, 85.76]",0.0,0.0,0.0,0.0
X00650,icefishball,all,atr,atr,1.25,4.0,48,4,-188.96,0.3122,0.25,-47.24,274.72,85.76,-274.72,3,1,False,"[-131.98, -142.74, 85.76]",0.0,0.0,0.0,0.0
X00745,icefishball,long_only,fixed,fixed,30.0,10.0,3,2,-42.48,0.3063,0.5,-21.24,61.24,18.76,-61.24,2,1,False,"[-61.24, 18.76]",0.0,0.0,0.0,0.0
X00889,icefishball,long_only,fixed,fixed,30.0,10.0,6,2,-42.48,0.3063,0.5,-21.24,61.24,18.76,-61.24,2,1,False,"[-61.24, 18.76]",0.0,0.0,0.0,0.0
X01033,icefishball,long_only,fixed,fixed,30.0,10.0,12,2,-42.48,0.3063,0.5,-21.24,61.24,18.76,-61.24,2,1,False,"[-61.24, 18.76]",0.0,0.0,0.0,0.0
X01177,icefishball,long_only,fixed,fixed,30.0,10.0,24,2,-42.48,0.3063,0.5,-21.24,61.24,18.76,-61.24,2,1,False,"[-61.24, 18.76]",0.0,0.0,0.0,0.0
X01321,icefishball,long_only,fixed,fixed,30.0,10.0,48,2,-42.48,0.3063,0.5,-21.24,61.24,18.76,-61.24,2,1,False,"[-61.24, 18.76]",0.0,0.0,0.0,0.0
X00765,icefishball,long_only,fixed,fixed,60.0,40.0,3,2,-84.98,0.2991,0.5,-42.49,121.24,36.26,-121.24,2,1,False,"[-121.24, 36.26]",0.0,0.0,0.0,0.0
X00766,icefishball,long_only,fixed,fixed,60.0,60.0,3,2,-84.98,0.2991,0.5,-42.49,121.24,36.26,-121.24,2,1,False,"[-121.24, 36.26]",0.0,0.0,0.0,0.0
X00767,icefishball,long_only,fixed,fixed,60.0,80.0,3,2,-84.98,0.2991,0.5,-42.49,121.24,36.26,-121.24,2,1,False,"[-121.24, 36.26]",0.0,0.0,0.0,0.0
X00768,icefishball,long_only,fixed,fixed,60.0,120.0,3,2,-84.98,0.2991,0.5,-42.49,121.24,36.26,-121.24,2,1,False,"[-121.24, 36.26]",0.0,0.0,0.0,0.0
X01569,icefishball,short_only,range15_pct,range15_pct,0.5,0.5,3,5,-145.7,0.2935,0.4,-29.14,206.22,60.52,-206.22,3,1,False,"[-5.98, -178.48, 38.76]",0.0,0.0,0.0,0.0
X00691,icefishball,all,atr_blend,atr_blend,1.5,3.0,48,4,-206.46,0.2935,0.25,-51.615,292.22,85.76,-292.22,3,1,False,"[-155.98, -136.24, 85.76]",0.0,0.0,0.0,0.0
X00692,icefishball,all,atr_blend,atr_blend,1.5,4.0,48,4,-206.46,0.2935,0.25,-51.615,292.22,85.76,-292.22,3,1,False,"[-155.98, -136.24, 85.76]",0.0,0.0,0.0,0.0
X00712,icefishball,all,range15_pct,range15_pct,0.75,2.0,48,4,-248.96,0.2901,0.25,-62.24,350.72,101.76,-350.72,3,1,False,"[-105.98, -244.74, 101.76]",0.0,0.0,0.0,0.0
X00762,icefishball,long_only,fixed,fixed,60.0,15.0,3,2,-92.48,0.2372,0.5,-46.24,121.24,28.76,-121.24,2,1,False,"[-121.24, 28.76]",0.0,0.0,0.0,0.0
X00906,icefishball,long_only,fixed,fixed,60.0,15.0,6,2,-92.48,0.2372,0.5,-46.24,121.24,28.76,-121.24,2,1,False,"[-121.24, 28.76]",0.0,0.0,0.0,0.0
X01050,icefishball,long_only,fixed,fixed,60.0,15.0,12,2,-92.48,0.2372,0.5,-46.24,121.24,28.76,-121.24,2,1,False,"[-121.24, 28.76]",0.0,0.0,0.0,0.0
X01194,icefishball,long_only,fixed,fixed,60.0,15.0,24,2,-92.48,0.2372,0.5,-46.24,121.24,28.76,-121.24,2,1,False,"[-121.24, 28.76]",0.0,0.0,0.0,0.0
X01338,icefishball,long_only,fixed,fixed,60.0,15.0,48,2,-92.48,0.2372,0.5,-46.24,121.24,28.76,-121.24,2,1,False,"[-121.24, 28.76]",0.0,0.0,0.0,0.0
X00753,icefishball,long_only,fixed,fixed,40.0,10.0,3,2,-62.48,0.2309,0.5,-31.24,81.24,18.76,-81.24,2,1,False,"[-81.24, 18.76]",0.0,0.0,0.0,0.0
X00897,icefishball,long_only,fixed,fixed,40.0,10.0,6,2,-62.48,0.2309,0.5,-31.24,81.24,18.76,-81.24,2,1,False,"[-81.24, 18.76]",0.0,0.0,0.0,0.0
X01041,icefishball,long_only,fixed,fixed,40.0,10.0,12,2,-62.48,0.2309,0.5,-31.24,81.24,18.76,-81.24,2,1,False,"[-81.24, 18.76]",0.0,0.0,0.0,0.0
X01185,icefishball,long_only,fixed,fixed,40.0,10.0,24,2,-62.48,0.2309,0.5,-31.24,81.24,18.76,-81.24,2,1,False,"[-81.24, 18.76]",0.0,0.0,0.0,0.0
X01329,icefishball,long_only,fixed,fixed,40.0,10.0,48,2,-62.48,0.2309,0.5,-31.24,81.24,18.76,-81.24,2,1,False,"[-81.24, 18.76]",0.0,0.0,0.0,0.0
X01450,icefishball,short_only,fixed,fixed,15.0,15.0,3,5,-96.2,0.2302,0.2,-19.24,124.96,28.76,-124.96,3,0,False,"[-2.48, -62.48, -31.24]",0.0,0.0,0.0,0.0
X01594,icefishball,short_only,fixed,fixed,15.0,15.0,6,5,-96.2,0.2302,0.2,-19.24,124.96,28.76,-124.96,3,0,False,"[-2.48, -62.48, -31.24]",0.0,0.0,0.0,0.0
X01738,icefishball,short_only,fixed,fixed,15.0,15.0,12,5,-96.2,0.2302,0.2,-19.24,124.96,28.76,-124.96,3,0,False,"[-2.48, -62.48, -31.24]",0.0,0.0,0.0,0.0
X01882,icefishball,short_only,fixed,fixed,15.0,15.0,24,5,-96.2,0.2302,0.2,-19.24,124.96,28.76,-124.96,3,0,False,"[-2.48, -62.48, -31.24]",0.0,0.0,0.0,0.0
X02026,icefishball,short_only,fixed,fixed,15.0,15.0,48,5,-96.2,0.2302,0.2,-19.24,124.96,28.76,-124.96,3,0,False,"[-2.48, -62.48, -31.24]",0.0,0.0,0.0,0.0
X00002,icefishball,all,fixed,fixed,10.0,15.0,3,7,-98.68,0.2257,0.1429,-14.0971,127.44,28.76,-127.44,3,0,False,"[-13.72, -42.48, -42.48]",0.0,0.0,0.0,0.0
X00146,icefishball,all,fixed,fixed,10.0,15.0,6,7,-98.68,0.2257,0.1429,-14.0971,127.44,28.76,-127.44,3,0,False,"[-13.72, -42.48, -42.48]",0.0,0.0,0.0,0.0
X00290,icefishball,all,fixed,fixed,10.0,15.0,12,7,-98.68,0.2257,0.1429,-14.0971,127.44,28.76,-127.44,3,0,False,"[-13.72, -42.48, -42.48]",0.0,0.0,0.0,0.0
X00434,icefishball,all,fixed,fixed,10.0,15.0,24,7,-98.68,0.2257,0.1429,-14.0971,127.44,28.76,-127.44,3,0,False,"[-13.72, -42.48, -42.48]",0.0,0.0,0.0,0.0
X00578,icefishball,all,fixed,fixed,10.0,15.0,48,7,-98.68,0.2257,0.1429,-14.0971,127.44,28.76,-127.44,3,0,False,"[-13.72, -42.48, -42.48]",0.0,0.0,0.0,0.0
X01441,icefishball,short_only,fixed,fixed,10.0,10.0,3,5,-66.2,0.2208,0.2,-13.24,84.96,18.76,-84.96,3,0,False,"[-2.48, -42.48, -21.24]",0.0,0.0,0.0,0.0
X01585,icefishball,short_only,fixed,fixed,10.0,10.0,6,5,-66.2,0.2208,0.2,-13.24,84.96,18.76,-84.96,3,0,False,"[-2.48, -42.48, -21.24]",0.0,0.0,0.0,0.0
X01729,icefishball,short_only,fixed,fixed,10.0,10.0,12,5,-66.2,0.2208,0.2,-13.24,84.96,18.76,-84.96,3,0,False,"[-2.48, -42.48, -21.24]",0.0,0.0,0.0,0.0
X01873,icefishball,short_only,fixed,fixed,10.0,10.0,24,5,-66.2,0.2208,0.2,-13.24,84.96,18.76,-84.96,3,0,False,"[-2.48, -42.48, -21.24]",0.0,0.0,0.0,0.0
X02017,icefishball,short_only,fixed,fixed,10.0,10.0,48,5,-66.2,0.2208,0.2,-13.24,84.96,18.76,-84.96,3,0,False,"[-2.48, -42.48, -21.24]",0.0,0.0,0.0,0.0
X02149,icefishball,short_only,range15_pct,range15_pct,0.75,0.5,48,3,-197.72,0.1921,0.6667,-65.9067,244.74,47.02,-244.74,3,2,False,"[21.76, 25.26, -244.74]",0.0,0.0,0.0,0.0
X02150,icefishball,short_only,range15_pct,range15_pct,0.75,1.0,48,2,-199.48,0.1849,0.5,-99.74,244.74,45.26,-244.74,2,1,False,"[45.26, -244.74]",0.0,0.0,0.0,0.0
X00761,icefishball,long_only,fixed,fixed,60.0,10.0,3,2,-102.48,0.1547,0.5,-51.24,121.24,18.76,-121.24,2,1,False,"[-121.24, 18.76]",0.0,0.0,0.0,0.0
X00905,icefishball,long_only,fixed,fixed,60.0,10.0,6,2,-102.48,0.1547,0.5,-51.24,121.24,18.76,-121.24,2,1,False,"[-121.24, 18.76]",0.0,0.0,0.0,0.0
X01049,icefishball,long_only,fixed,fixed,60.0,10.0,12,2,-102.48,0.1547,0.5,-51.24,121.24,18.76,-121.24,2,1,False,"[-121.24, 18.76]",0.0,0.0,0.0,0.0
X01193,icefishball,long_only,fixed,fixed,60.0,10.0,24,2,-102.48,0.1547,0.5,-51.24,121.24,18.76,-121.24,2,1,False,"[-121.24, 18.76]",0.0,0.0,0.0,0.0
X01337,icefishball,long_only,fixed,fixed,60.0,10.0,48,2,-102.48,0.1547,0.5,-51.24,121.24,18.76,-121.24,2,1,False,"[-121.24, 18.76]",0.0,0.0,0.0,0.0
X00010,icefishball,all,fixed,fixed,15.0,15.0,3,7,-158.68,0.1534,0.1429,-22.6686,187.44,28.76,-187.44,3,0,False,"[-33.72, -62.48, -62.48]",0.0,0.0,0.0,0.0
X00154,icefishball,all,fixed,fixed,15.0,15.0,6,7,-158.68,0.1534,0.1429,-22.6686,187.44,28.76,-187.44,3,0,False,"[-33.72, -62.48, -62.48]",0.0,0.0,0.0,0.0
X00298,icefishball,all,fixed,fixed,15.0,15.0,12,7,-158.68,0.1534,0.1429,-22.6686,187.44,28.76,-187.44,3,0,False,"[-33.72, -62.48, -62.48]",0.0,0.0,0.0,0.0
X00442,icefishball,all,fixed,fixed,15.0,15.0,24,7,-158.68,0.1534,0.1429,-22.6686,187.44,28.76,-187.44,3,0,False,"[-33.72, -62.48, -62.48]",0.0,0.0,0.0,0.0
X00586,icefishball,all,fixed,fixed,15.0,15.0,48,7,-158.68,0.1534,0.1429,-22.6686,187.44,28.76,-187.44,3,0,False,"[-33.72, -62.48, -62.48]",0.0,0.0,0.0,0.0
X01449,icefishball,short_only,fixed,fixed,15.0,10.0,3,5,-106.2,0.1501,0.2,-21.24,124.96,18.76,-124.96,3,0,False,"[-12.48, -62.48, -31.24]",0.0,0.0,0.0,0.0
X01593,icefishball,short_only,fixed,fixed,15.0,10.0,6,5,-106.2,0.1501,0.2,-21.24,124.96,18.76,-124.96,3,0,False,"[-12.48, -62.48, -31.24]",0.0,0.0,0.0,0.0
X01737,icefishball,short_only,fixed,fixed,15.0,10.0,12,5,-106.2,0.1501,0.2,-21.24,124.96,18.76,-124.96,3,0,False,"[-12.48, -62.48, -31.24]",0.0,0.0,0.0,0.0
X01881,icefishball,short_only,fixed,fixed,15.0,10.0,24,5,-106.2,0.1501,0.2,-21.24,124.96,18.76,-124.96,3,0,False,"[-12.48, -62.48, -31.24]",0.0,0.0,0.0,0.0
X02025,icefishball,short_only,fixed,fixed,15.0,10.0,48,5,-106.2,0.1501,0.2,-21.24,124.96,18.76,-124.96,3,0,False,"[-12.48, -62.48, -31.24]",0.0,0.0,0.0,0.0
X00001,icefishball,all,fixed,fixed,10.0,10.0,3,7,-108.68,0.1472,0.1429,-15.5257,127.44,18.76,-127.44,3,0,False,"[-23.72, -42.48, -42.48]",0.0,0.0,0.0,0.0
X00145,icefishball,all,fixed,fixed,10.0,10.0,6,7,-108.68,0.1472,0.1429,-15.5257,127.44,18.76,-127.44,3,0,False,"[-23.72, -42.48, -42.48]",0.0,0.0,0.0,0.0
X00289,icefishball,all,fixed,fixed,10.0,10.0,12,7,-108.68,0.1472,0.1429,-15.5257,127.44,18.76,-127.44,3,0,False,"[-23.72, -42.48, -42.48]",0.0,0.0,0.0,0.0
X00433,icefishball,all,fixed,fixed,10.0,10.0,24,7,-108.68,0.1472,0.1429,-15.5257,127.44,18.76,-127.44,3,0,False,"[-23.72, -42.48, -42.48]",0.0,0.0,0.0,0.0
X00577,icefishball,all,fixed,fixed,10.0,10.0,48,7,-108.68,0.1472,0.1429,-15.5257,127.44,18.76,-127.44,3,0,False,"[-23.72, -42.48, -42.48]",0.0,0.0,0.0,0.0
X00009,icefishball,all,fixed,fixed,15.0,10.0,3,7,-168.68,0.1001,0.1429,-24.0971,187.44,18.76,-187.44,3,0,False,"[-43.72, -62.48, -62.48]",0.0,0.0,0.0,0.0
X00153,icefishball,all,fixed,fixed,15.0,10.0,6,7,-168.68,0.1001,0.1429,-24.0971,187.44,18.76,-187.44,3,0,False,"[-43.72, -62.48, -62.48]",0.0,0.0,0.0,0.0
X00297,icefishball,all,fixed,fixed,15.0,10.0,12,7,-168.68,0.1001,0.1429,-24.0971,187.44,18.76,-187.44,3,0,False,"[-43.72, -62.48, -62.48]",0.0,0.0,0.0,0.0
X00441,icefishball,all,fixed,fixed,15.0,10.0,24,7,-168.68,0.1001,0.1429,-24.0971,187.44,18.76,-187.44,3,0,False,"[-43.72, -62.48, -62.48]",0.0,0.0,0.0,0.0
X00585,icefishball,all,fixed,fixed,15.0,10.0,48,7,-168.68,0.1001,0.1429,-24.0971,187.44,18.76,-187.44,3,0,False,"[-43.72, -62.48, -62.48]",0.0,0.0,0.0,0.0
X02161,momentum_reversion,all,fixed,fixed,10.0,10.0,3,1,-21.24,0.0,0.0,-21.24,21.24,0.0,-21.24,1,0,False,[-21.24],0.0,0.0,0.0,0.0
X02162,momentum_reversion,all,fixed,fixed,10.0,15.0,3,1,-21.24,0.0,0.0,-21.24,21.24,0.0,-21.24,1,0,False,[-21.24],0.0,0.0,0.0,0.0
X02163,momentum_reversion,all,fixed,fixed,10.0,20.0,3,1,-21.24,0.0,0.0,-21.24,21.24,0.0,-21.24,1,0,False,[-21.24],0.0,0.0,0.0,0.0
X02164,momentum_reversion,all,fixed,fixed,10.0,30.0,3,1,-21.24,0.0,0.0,-21.24,21.24,0.0,-21.24,1,0,False,[-21.24],0.0,0.0,0.0,0.0
X02165,momentum_reversion,all,fixed,fixed,10.0,40.0,3,1,-21.24,0.0,0.0,-21.24,21.24,0.0,-21.24,1,0,False,[-21.24],0.0,0.0,0.0,0.0
X02166,momentum_reversion,all,fixed,fixed,10.0,60.0,3,1,-21.24,0.0,0.0,-21.24,21.24,0.0,-21.24,1,0,False,[-21.24],0.0,0.0,0.0,0.0
X02167,momentum_reversion,all,fixed,fixed,10.0,80.0,3,1,-21.24,0.0,0.0,-21.24,21.24,0.0,-21.24,1,0,False,[-21.24],0.0,0.0,0.0,0.0
X02168,momentum_reversion,all,fixed,fixed,10.0,120.0,3,1,-21.24,0.0,0.0,-21.24,21.24,0.0,-21.24,1,0,False,[-21.24],0.0,0.0,0.0,0.0
X02305,momentum_reversion,all,fixed,fixed,10.0,10.0,6,1,-21.24,0.0,0.0,-21.24,21.24,0.0,-21.24,1,0,False,[-21.24],0.0,0.0,0.0,0.0
X02306,momentum_reversion,all,fixed,fixed,10.0,15.0,6,1,-21.24,0.0,0.0,-21.24,21.24,0.0,-21.24,1,0,False,[-21.24],0.0,0.0,0.0,0.0
X02307,momentum_reversion,all,fixed,fixed,10.0,20.0,6,1,-21.24,0.0,0.0,-21.24,21.24,0.0,-21.24,1,0,False,[-21.24],0.0,0.0,0.0,0.0
X02308,momentum_reversion,all,fixed,fixed,10.0,30.0,6,1,-21.24,0.0,0.0,-21.24,21.24,0.0,-21.24,1,0,False,[-21.24],0.0,0.0,0.0,0.0
X02309,momentum_reversion,all,fixed,fixed,10.0,40.0,6,1,-21.24,0.0,0.0,-21.24,21.24,0.0,-21.24,1,0,False,[-21.24],0.0,0.0,0.0,0.0
X02310,momentum_reversion,all,fixed,fixed,10.0,60.0,6,1,-21.24,0.0,0.0,-21.24,21.24,0.0,-21.24,1,0,False,[-21.24],0.0,0.0,0.0,0.0
X02311,momentum_reversion,all,fixed,fixed,10.0,80.0,6,1,-21.24,0.0,0.0,-21.24,21.24,0.0,-21.24,1,0,False,[-21.24],0.0,0.0,0.0,0.0
X02312,momentum_reversion,all,fixed,fixed,10.0,120.0,6,1,-21.24,0.0,0.0,-21.24,21.24,0.0,-21.24,1,0,False,[-21.24],0.0,0.0,0.0,0.0
X02449,momentum_reversion,all,fixed,fixed,10.0,10.0,12,1,-21.24,0.0,0.0,-21.24,21.24,0.0,-21.24,1,0,False,[-21.24],0.0,0.0,0.0,0.0
X02450,momentum_reversion,all,fixed,fixed,10.0,15.0,12,1,-21.24,0.0,0.0,-21.24,21.24,0.0,-21.24,1,0,False,[-21.24],0.0,0.0,0.0,0.0
X02451,momentum_reversion,all,fixed,fixed,10.0,20.0,12,1,-21.24,0.0,0.0,-21.24,21.24,0.0,-21.24,1,0,False,[-21.24],0.0,0.0,0.0,0.0
X02452,momentum_reversion,all,fixed,fixed,10.0,30.0,12,1,-21.24,0.0,0.0,-21.24,21.24,0.0,-21.24,1,0,False,[-21.24],0.0,0.0,0.0,0.0
X02453,momentum_reversion,all,fixed,fixed,10.0,40.0,12,1,-21.24,0.0,0.0,-21.24,21.24,0.0,-21.24,1,0,False,[-21.24],0.0,0.0,0.0,0.0
X02454,momentum_reversion,all,fixed,fixed,10.0,60.0,12,1,-21.24,0.0,0.0,-21.24,21.24,0.0,-21.24,1,0,False,[-21.24],0.0,0.0,0.0,0.0
X02455,momentum_reversion,all,fixed,fixed,10.0,80.0,12,1,-21.24,0.0,0.0,-21.24,21.24,0.0,-21.24,1,0,False,[-21.24],0.0,0.0,0.0,0.0
X02456,momentum_reversion,all,fixed,fixed,10.0,120.0,12,1,-21.24,0.0,0.0,-21.24,21.24,0.0,-21.24,1,0,False,[-21.24],0.0,0.0,0.0,0.0
X02593,momentum_reversion,all,fixed,fixed,10.0,10.0,24,1,-21.24,0.0,0.0,-21.24,21.24,0.0,-21.24,1,0,False,[-21.24],0.0,0.0,0.0,0.0
X02594,momentum_reversion,all,fixed,fixed,10.0,15.0,24,1,-21.24,0.0,0.0,-21.24,21.24,0.0,-21.24,1,0,False,[-21.24],0.0,0.0,0.0,0.0
X02595,momentum_reversion,all,fixed,fixed,10.0,20.0,24,1,-21.24,0.0,0.0,-21.24,21.24,0.0,-21.24,1,0,False,[-21.24],0.0,0.0,0.0,0.0
X02596,momentum_reversion,all,fixed,fixed,10.0,30.0,24,1,-21.24,0.0,0.0,-21.24,21.24,0.0,-21.24,1,0,False,[-21.24],0.0,0.0,0.0,0.0
X02597,momentum_reversion,all,fixed,fixed,10.0,40.0,24,1,-21.24,0.0,0.0,-21.24,21.24,0.0,-21.24,1,0,False,[-21.24],0.0,0.0,0.0,0.0
X02598,momentum_reversion,all,fixed,fixed,10.0,60.0,24,1,-21.24,0.0,0.0,-21.24,21.24,0.0,-21.24,1,0,False,[-21.24],0.0,0.0,0.0,0.0
X02599,momentum_reversion,all,fixed,fixed,10.0,80.0,24,1,-21.24,0.0,0.0,-21.24,21.24,0.0,-21.24,1,0,False,[-21.24],0.0,0.0,0.0,0.0
X02600,momentum_reversion,all,fixed,fixed,10.0,120.0,24,1,-21.24,0.0,0.0,-21.24,21.24,0.0,-21.24,1,0,False,[-21.24],0.0,0.0,0.0,0.0
X02737,momentum_reversion,all,fixed,fixed,10.0,10.0,48,1,-21.24,0.0,0.0,-21.24,21.24,0.0,-21.24,1,0,False,[-21.24],0.0,0.0,0.0,0.0
X02738,momentum_reversion,all,fixed,fixed,10.0,15.0,48,1,-21.24,0.0,0.0,-21.24,21.24,0.0,-21.24,1,0,False,[-21.24],0.0,0.0,0.0,0.0
X02739,momentum_reversion,all,fixed,fixed,10.0,20.0,48,1,-21.24,0.0,0.0,-21.24,21.24,0.0,-21.24,1,0,False,[-21.24],0.0,0.0,0.0,0.0
X02740,momentum_reversion,all,fixed,fixed,10.0,30.0,48,1,-21.24,0.0,0.0,-21.24,21.24,0.0,-21.24,1,0,False,[-21.24],0.0,0.0,0.0,0.0
X02741,momentum_reversion,all,fixed,fixed,10.0,40.0,48,1,-21.24,0.0,0.0,-21.24,21.24,0.0,-21.24,1,0,False,[-21.24],0.0,0.0,0.0,0.0
X02742,momentum_reversion,all,fixed,fixed,10.0,60.0,48,1,-21.24,0.0,0.0,-21.24,21.24,0.0,-21.24,1,0,False,[-21.24],0.0,0.0,0.0,0.0
X02743,momentum_reversion,all,fixed,fixed,10.0,80.0,48,1,-21.24,0.0,0.0,-21.24,21.24,0.0,-21.24,1,0,False,[-21.24],0.0,0.0,0.0,0.0
X02744,momentum_reversion,all,fixed,fixed,10.0,120.0,48,1,-21.24,0.0,0.0,-21.24,21.24,0.0,-21.24,1,0,False,[-21.24],0.0,0.0,0.0,0.0
X02881,momentum_reversion,long_only,fixed,fixed,10.0,10.0,3,1,-21.24,0.0,0.0,-21.24,21.24,0.0,-21.24,1,0,False,[-21.24],0.0,0.0,0.0,0.0
X02882,momentum_reversion,long_only,fixed,fixed,10.0,15.0,3,1,-21.24,0.0,0.0,-21.24,21.24,0.0,-21.24,1,0,False,[-21.24],0.0,0.0,0.0,0.0
X02883,momentum_reversion,long_only,fixed,fixed,10.0,20.0,3,1,-21.24,0.0,0.0,-21.24,21.24,0.0,-21.24,1,0,False,[-21.24],0.0,0.0,0.0,0.0
X02884,momentum_reversion,long_only,fixed,fixed,10.0,30.0,3,1,-21.24,0.0,0.0,-21.24,21.24,0.0,-21.24,1,0,False,[-21.24],0.0,0.0,0.0,0.0
X02885,momentum_reversion,long_only,fixed,fixed,10.0,40.0,3,1,-21.24,0.0,0.0,-21.24,21.24,0.0,-21.24,1,0,False,[-21.24],0.0,0.0,0.0,0.0
X02886,momentum_reversion,long_only,fixed,fixed,10.0,60.0,3,1,-21.24,0.0,0.0,-21.24,21.24,0.0,-21.24,1,0,False,[-21.24],0.0,0.0,0.0,0.0
X02887,momentum_reversion,long_only,fixed,fixed,10.0,80.0,3,1,-21.24,0.0,0.0,-21.24,21.24,0.0,-21.24,1,0,False,[-21.24],0.0,0.0,0.0,0.0
X02888,momentum_reversion,long_only,fixed,fixed,10.0,120.0,3,1,-21.24,0.0,0.0,-21.24,21.24,0.0,-21.24,1,0,False,[-21.24],0.0,0.0,0.0,0.0
X03025,momentum_reversion,long_only,fixed,fixed,10.0,10.0,6,1,-21.24,0.0,0.0,-21.24,21.24,0.0,-21.24,1,0,False,[-21.24],0.0,0.0,0.0,0.0
X03026,momentum_reversion,long_only,fixed,fixed,10.0,15.0,6,1,-21.24,0.0,0.0,-21.24,21.24,0.0,-21.24,1,0,False,[-21.24],0.0,0.0,0.0,0.0
X03027,momentum_reversion,long_only,fixed,fixed,10.0,20.0,6,1,-21.24,0.0,0.0,-21.24,21.24,0.0,-21.24,1,0,False,[-21.24],0.0,0.0,0.0,0.0
X03028,momentum_reversion,long_only,fixed,fixed,10.0,30.0,6,1,-21.24,0.0,0.0,-21.24,21.24,0.0,-21.24,1,0,False,[-21.24],0.0,0.0,0.0,0.0
X03029,momentum_reversion,long_only,fixed,fixed,10.0,40.0,6,1,-21.24,0.0,0.0,-21.24,21.24,0.0,-21.24,1,0,False,[-21.24],0.0,0.0,0.0,0.0
X03030,momentum_reversion,long_only,fixed,fixed,10.0,60.0,6,1,-21.24,0.0,0.0,-21.24,21.24,0.0,-21.24,1,0,False,[-21.24],0.0,0.0,0.0,0.0
X03031,momentum_reversion,long_only,fixed,fixed,10.0,80.0,6,1,-21.24,0.0,0.0,-21.24,21.24,0.0,-21.24,1,0,False,[-21.24],0.0,0.0,0.0,0.0
X03032,momentum_reversion,long_only,fixed,fixed,10.0,120.0,6,1,-21.24,0.0,0.0,-21.24,21.24,0.0,-21.24,1,0,False,[-21.24],0.0,0.0,0.0,0.0
X03169,momentum_reversion,long_only,fixed,fixed,10.0,10.0,12,1,-21.24,0.0,0.0,-21.24,21.24,0.0,-21.24,1,0,False,[-21.24],0.0,0.0,0.0,0.0
X03170,momentum_reversion,long_only,fixed,fixed,10.0,15.0,12,1,-21.24,0.0,0.0,-21.24,21.24,0.0,-21.24,1,0,False,[-21.24],0.0,0.0,0.0,0.0
X03171,momentum_reversion,long_only,fixed,fixed,10.0,20.0,12,1,-21.24,0.0,0.0,-21.24,21.24,0.0,-21.24,1,0,False,[-21.24],0.0,0.0,0.0,0.0
X03172,momentum_reversion,long_only,fixed,fixed,10.0,30.0,12,1,-21.24,0.0,0.0,-21.24,21.24,0.0,-21.24,1,0,False,[-21.24],0.0,0.0,0.0,0.0
X03173,momentum_reversion,long_only,fixed,fixed,10.0,40.0,12,1,-21.24,0.0,0.0,-21.24,21.24,0.0,-21.24,1,0,False,[-21.24],0.0,0.0,0.0,0.0
X03174,momentum_reversion,long_only,fixed,fixed,10.0,60.0,12,1,-21.24,0.0,0.0,-21.24,21.24,0.0,-21.24,1,0,False,[-21.24],0.0,0.0,0.0,0.0
X03175,momentum_reversion,long_only,fixed,fixed,10.0,80.0,12,1,-21.24,0.0,0.0,-21.24,21.24,0.0,-21.24,1,0,False,[-21.24],0.0,0.0,0.0,0.0
X03176,momentum_reversion,long_only,fixed,fixed,10.0,120.0,12,1,-21.24,0.0,0.0,-21.24,21.24,0.0,-21.24,1,0,False,[-21.24],0.0,0.0,0.0,0.0
X03313,momentum_reversion,long_only,fixed,fixed,10.0,10.0,24,1,-21.24,0.0,0.0,-21.24,21.24,0.0,-21.24,1,0,False,[-21.24],0.0,0.0,0.0,0.0
X03314,momentum_reversion,long_only,fixed,fixed,10.0,15.0,24,1,-21.24,0.0,0.0,-21.24,21.24,0.0,-21.24,1,0,False,[-21.24],0.0,0.0,0.0,0.0
X03315,momentum_reversion,long_only,fixed,fixed,10.0,20.0,24,1,-21.24,0.0,0.0,-21.24,21.24,0.0,-21.24,1,0,False,[-21.24],0.0,0.0,0.0,0.0
X03316,momentum_reversion,long_only,fixed,fixed,10.0,30.0,24,1,-21.24,0.0,0.0,-21.24,21.24,0.0,-21.24,1,0,False,[-21.24],0.0,0.0,0.0,0.0
X03317,momentum_reversion,long_only,fixed,fixed,10.0,40.0,24,1,-21.24,0.0,0.0,-21.24,21.24,0.0,-21.24,1,0,False,[-21.24],0.0,0.0,0.0,0.0
X03318,momentum_reversion,long_only,fixed,fixed,10.0,60.0,24,1,-21.24,0.0,0.0,-21.24,21.24,0.0,-21.24,1,0,False,[-21.24],0.0,0.0,0.0,0.0
X03319,momentum_reversion,long_only,fixed,fixed,10.0,80.0,24,1,-21.24,0.0,0.0,-21.24,21.24,0.0,-21.24,1,0,False,[-21.24],0.0,0.0,0.0,0.0
X03320,momentum_reversion,long_only,fixed,fixed,10.0,120.0,24,1,-21.24,0.0,0.0,-21.24,21.24,0.0,-21.24,1,0,False,[-21.24],0.0,0.0,0.0,0.0
X03457,momentum_reversion,long_only,fixed,fixed,10.0,10.0,48,1,-21.24,0.0,0.0,-21.24,21.24,0.0,-21.24,1,0,False,[-21.24],0.0,0.0,0.0,0.0
X03458,momentum_reversion,long_only,fixed,fixed,10.0,15.0,48,1,-21.24,0.0,0.0,-21.24,21.24,0.0,-21.24,1,0,False,[-21.24],0.0,0.0,0.0,0.0
X03459,momentum_reversion,long_only,fixed,fixed,10.0,20.0,48,1,-21.24,0.0,0.0,-21.24,21.24,0.0,-21.24,1,0,False,[-21.24],0.0,0.0,0.0,0.0
X03460,momentum_reversion,long_only,fixed,fixed,10.0,30.0,48,1,-21.24,0.0,0.0,-21.24,21.24,0.0,-21.24,1,0,False,[-21.24],0.0,0.0,0.0,0.0
X03461,momentum_reversion,long_only,fixed,fixed,10.0,40.0,48,1,-21.24,0.0,0.0,-21.24,21.24,0.0,-21.24,1,0,False,[-21.24],0.0,0.0,0.0,0.0
X03462,momentum_reversion,long_only,fixed,fixed,10.0,60.0,48,1,-21.24,0.0,0.0,-21.24,21.24,0.0,-21.24,1,0,False,[-21.24],0.0,0.0,0.0,0.0
X03463,momentum_reversion,long_only,fixed,fixed,10.0,80.0,48,1,-21.24,0.0,0.0,-21.24,21.24,0.0,-21.24,1,0,False,[-21.24],0.0,0.0,0.0,0.0
X03464,momentum_reversion,long_only,fixed,fixed,10.0,120.0,48,1,-21.24,0.0,0.0,-21.24,21.24,0.0,-21.24,1,0,False,[-21.24],0.0,0.0,0.0,0.0
X00721,icefishball,long_only,fixed,fixed,10.0,10.0,3,2,-42.48,0.0,0.0,-21.24,42.48,0.0,-42.48,2,0,False,"[-21.24, -21.24]",0.0,0.0,0.0,0.0
X00722,icefishball,long_only,fixed,fixed,10.0,15.0,3,2,-42.48,0.0,0.0,-21.24,42.48,0.0,-42.48,2,0,False,"[-21.24, -21.24]",0.0,0.0,0.0,0.0
X00723,icefishball,long_only,fixed,fixed,10.0,20.0,3,2,-42.48,0.0,0.0,-21.24,42.48,0.0,-42.48,2,0,False,"[-21.24, -21.24]",0.0,0.0,0.0,0.0
X00724,icefishball,long_only,fixed,fixed,10.0,30.0,3,2,-42.48,0.0,0.0,-21.24,42.48,0.0,-42.48,2,0,False,"[-21.24, -21.24]",0.0,0.0,0.0,0.0
X00725,icefishball,long_only,fixed,fixed,10.0,40.0,3,2,-42.48,0.0,0.0,-21.24,42.48,0.0,-42.48,2,0,False,"[-21.24, -21.24]",0.0,0.0,0.0,0.0
X00726,icefishball,long_only,fixed,fixed,10.0,60.0,3,2,-42.48,0.0,0.0,-21.24,42.48,0.0,-42.48,2,0,False,"[-21.24, -21.24]",0.0,0.0,0.0,0.0
X00727,icefishball,long_only,fixed,fixed,10.0,80.0,3,2,-42.48,0.0,0.0,-21.24,42.48,0.0,-42.48,2,0,False,"[-21.24, -21.24]",0.0,0.0,0.0,0.0
X00728,icefishball,long_only,fixed,fixed,10.0,120.0,3,2,-42.48,0.0,0.0,-21.24,42.48,0.0,-42.48,2,0,False,"[-21.24, -21.24]",0.0,0.0,0.0,0.0
X00865,icefishball,long_only,fixed,fixed,10.0,10.0,6,2,-42.48,0.0,0.0,-21.24,42.48,0.0,-42.48,2,0,False,"[-21.24, -21.24]",0.0,0.0,0.0,0.0
X00866,icefishball,long_only,fixed,fixed,10.0,15.0,6,2,-42.48,0.0,0.0,-21.24,42.48,0.0,-42.48,2,0,False,"[-21.24, -21.24]",0.0,0.0,0.0,0.0
X00867,icefishball,long_only,fixed,fixed,10.0,20.0,6,2,-42.48,0.0,0.0,-21.24,42.48,0.0,-42.48,2,0,False,"[-21.24, -21.24]",0.0,0.0,0.0,0.0
X00868,icefishball,long_only,fixed,fixed,10.0,30.0,6,2,-42.48,0.0,0.0,-21.24,42.48,0.0,-42.48,2,0,False,"[-21.24, -21.24]",0.0,0.0,0.0,0.0
X00869,icefishball,long_only,fixed,fixed,10.0,40.0,6,2,-42.48,0.0,0.0,-21.24,42.48,0.0,-42.48,2,0,False,"[-21.24, -21.24]",0.0,0.0,0.0,0.0
X00870,icefishball,long_only,fixed,fixed,10.0,60.0,6,2,-42.48,0.0,0.0,-21.24,42.48,0.0,-42.48,2,0,False,"[-21.24, -21.24]",0.0,0.0,0.0,0.0
X00871,icefishball,long_only,fixed,fixed,10.0,80.0,6,2,-42.48,0.0,0.0,-21.24,42.48,0.0,-42.48,2,0,False,"[-21.24, -21.24]",0.0,0.0,0.0,0.0
X00872,icefishball,long_only,fixed,fixed,10.0,120.0,6,2,-42.48,0.0,0.0,-21.24,42.48,0.0,-42.48,2,0,False,"[-21.24, -21.24]",0.0,0.0,0.0,0.0
X01009,icefishball,long_only,fixed,fixed,10.0,10.0,12,2,-42.48,0.0,0.0,-21.24,42.48,0.0,-42.48,2,0,False,"[-21.24, -21.24]",0.0,0.0,0.0,0.0
X01010,icefishball,long_only,fixed,fixed,10.0,15.0,12,2,-42.48,0.0,0.0,-21.24,42.48,0.0,-42.48,2,0,False,"[-21.24, -21.24]",0.0,0.0,0.0,0.0
X01011,icefishball,long_only,fixed,fixed,10.0,20.0,12,2,-42.48,0.0,0.0,-21.24,42.48,0.0,-42.48,2,0,False,"[-21.24, -21.24]",0.0,0.0,0.0,0.0
X01012,icefishball,long_only,fixed,fixed,10.0,30.0,12,2,-42.48,0.0,0.0,-21.24,42.48,0.0,-42.48,2,0,False,"[-21.24, -21.24]",0.0,0.0,0.0,0.0
X01013,icefishball,long_only,fixed,fixed,10.0,40.0,12,2,-42.48,0.0,0.0,-21.24,42.48,0.0,-42.48,2,0,False,"[-21.24, -21.24]",0.0,0.0,0.0,0.0
X01014,icefishball,long_only,fixed,fixed,10.0,60.0,12,2,-42.48,0.0,0.0,-21.24,42.48,0.0,-42.48,2,0,False,"[-21.24, -21.24]",0.0,0.0,0.0,0.0
X01015,icefishball,long_only,fixed,fixed,10.0,80.0,12,2,-42.48,0.0,0.0,-21.24,42.48,0.0,-42.48,2,0,False,"[-21.24, -21.24]",0.0,0.0,0.0,0.0
X01016,icefishball,long_only,fixed,fixed,10.0,120.0,12,2,-42.48,0.0,0.0,-21.24,42.48,0.0,-42.48,2,0,False,"[-21.24, -21.24]",0.0,0.0,0.0,0.0
X01153,icefishball,long_only,fixed,fixed,10.0,10.0,24,2,-42.48,0.0,0.0,-21.24,42.48,0.0,-42.48,2,0,False,"[-21.24, -21.24]",0.0,0.0,0.0,0.0
X01154,icefishball,long_only,fixed,fixed,10.0,15.0,24,2,-42.48,0.0,0.0,-21.24,42.48,0.0,-42.48,2,0,False,"[-21.24, -21.24]",0.0,0.0,0.0,0.0
X01155,icefishball,long_only,fixed,fixed,10.0,20.0,24,2,-42.48,0.0,0.0,-21.24,42.48,0.0,-42.48,2,0,False,"[-21.24, -21.24]",0.0,0.0,0.0,0.0
X01156,icefishball,long_only,fixed,fixed,10.0,30.0,24,2,-42.48,0.0,0.0,-21.24,42.48,0.0,-42.48,2,0,False,"[-21.24, -21.24]",0.0,0.0,0.0,0.0
X01157,icefishball,long_only,fixed,fixed,10.0,40.0,24,2,-42.48,0.0,0.0,-21.24,42.48,0.0,-42.48,2,0,False,"[-21.24, -21.24]",0.0,0.0,0.0,0.0
X01158,icefishball,long_only,fixed,fixed,10.0,60.0,24,2,-42.48,0.0,0.0,-21.24,42.48,0.0,-42.48,2,0,False,"[-21.24, -21.24]",0.0,0.0,0.0,0.0
X01159,icefishball,long_only,fixed,fixed,10.0,80.0,24,2,-42.48,0.0,0.0,-21.24,42.48,0.0,-42.48,2,0,False,"[-21.24, -21.24]",0.0,0.0,0.0,0.0
X01160,icefishball,long_only,fixed,fixed,10.0,120.0,24,2,-42.48,0.0,0.0,-21.24,42.48,0.0,-42.48,2,0,False,"[-21.24, -21.24]",0.0,0.0,0.0,0.0
X01297,icefishball,long_only,fixed,fixed,10.0,10.0,48,2,-42.48,0.0,0.0,-21.24,42.48,0.0,-42.48,2,0,False,"[-21.24, -21.24]",0.0,0.0,0.0,0.0
X01298,icefishball,long_only,fixed,fixed,10.0,15.0,48,2,-42.48,0.0,0.0,-21.24,42.48,0.0,-42.48,2,0,False,"[-21.24, -21.24]",0.0,0.0,0.0,0.0
X01299,icefishball,long_only,fixed,fixed,10.0,20.0,48,2,-42.48,0.0,0.0,-21.24,42.48,0.0,-42.48,2,0,False,"[-21.24, -21.24]",0.0,0.0,0.0,0.0
X01300,icefishball,long_only,fixed,fixed,10.0,30.0,48,2,-42.48,0.0,0.0,-21.24,42.48,0.0,-42.48,2,0,False,"[-21.24, -21.24]",0.0,0.0,0.0,0.0
X01301,icefishball,long_only,fixed,fixed,10.0,40.0,48,2,-42.48,0.0,0.0,-21.24,42.48,0.0,-42.48,2,0,False,"[-21.24, -21.24]",0.0,0.0,0.0,0.0
X01302,icefishball,long_only,fixed,fixed,10.0,60.0,48,2,-42.48,0.0,0.0,-21.24,42.48,0.0,-42.48,2,0,False,"[-21.24, -21.24]",0.0,0.0,0.0,0.0
X01303,icefishball,long_only,fixed,fixed,10.0,80.0,48,2,-42.48,0.0,0.0,-21.24,42.48,0.0,-42.48,2,0,False,"[-21.24, -21.24]",0.0,0.0,0.0,0.0
X01304,icefishball,long_only,fixed,fixed,10.0,120.0,48,2,-42.48,0.0,0.0,-21.24,42.48,0.0,-42.48,2,0,False,"[-21.24, -21.24]",0.0,0.0,0.0,0.0
X01443,icefishball,short_only,fixed,fixed,10.0,20.0,3,4,-84.96,0.0,0.0,-21.24,84.96,0.0,-84.96,3,0,False,"[-42.48, -21.24, -21.24]",0.0,0.0,0.0,0.0
X01444,icefishball,short_only,fixed,fixed,10.0,30.0,3,4,-84.96,0.0,0.0,-21.24,84.96,0.0,-84.96,3,0,False,"[-42.48, -21.24, -21.24]",0.0,0.0,0.0,0.0
X01445,icefishball,short_only,fixed,fixed,10.0,40.0,3,4,-84.96,0.0,0.0,-21.24,84.96,0.0,-84.96,3,0,False,"[-42.48, -21.24, -21.24]",0.0,0.0,0.0,0.0
X01446,icefishball,short_only,fixed,fixed,10.0,60.0,3,4,-84.96,0.0,0.0,-21.24,84.96,0.0,-84.96,3,0,False,"[-42.48, -21.24, -21.24]",0.0,0.0,0.0,0.0
X01447,icefishball,short_only,fixed,fixed,10.0,80.0,3,4,-84.96,0.0,0.0,-21.24,84.96,0.0,-84.96,3,0,False,"[-42.48, -21.24, -21.24]",0.0,0.0,0.0,0.0
X01448,icefishball,short_only,fixed,fixed,10.0,120.0,3,4,-84.96,0.0,0.0,-21.24,84.96,0.0,-84.96,3,0,False,"[-42.48, -21.24, -21.24]",0.0,0.0,0.0,0.0
X01587,icefishball,short_only,fixed,fixed,10.0,20.0,6,4,-84.96,0.0,0.0,-21.24,84.96,0.0,-84.96,3,0,False,"[-42.48, -21.24, -21.24]",0.0,0.0,0.0,0.0
X01588,icefishball,short_only,fixed,fixed,10.0,30.0,6,4,-84.96,0.0,0.0,-21.24,84.96,0.0,-84.96,3,0,False,"[-42.48, -21.24, -21.24]",0.0,0.0,0.0,0.0
X01589,icefishball,short_only,fixed,fixed,10.0,40.0,6,4,-84.96,0.0,0.0,-21.24,84.96,0.0,-84.96,3,0,False,"[-42.48, -21.24, -21.24]",0.0,0.0,0.0,0.0
X01590,icefishball,short_only,fixed,fixed,10.0,60.0,6,4,-84.96,0.0,0.0,-21.24,84.96,0.0,-84.96,3,0,False,"[-42.48, -21.24, -21.24]",0.0,0.0,0.0,0.0
X01591,icefishball,short_only,fixed,fixed,10.0,80.0,6,4,-84.96,0.0,0.0,-21.24,84.96,0.0,-84.96,3,0,False,"[-42.48, -21.24, -21.24]",0.0,0.0,0.0,0.0
X01592,icefishball,short_only,fixed,fixed,10.0,120.0,6,4,-84.96,0.0,0.0,-21.24,84.96,0.0,-84.96,3,0,False,"[-42.48, -21.24, -21.24]",0.0,0.0,0.0,0.0
X01731,icefishball,short_only,fixed,fixed,10.0,20.0,12,4,-84.96,0.0,0.0,-21.24,84.96,0.0,-84.96,3,0,False,"[-42.48, -21.24, -21.24]",0.0,0.0,0.0,0.0
X01732,icefishball,short_only,fixed,fixed,10.0,30.0,12,4,-84.96,0.0,0.0,-21.24,84.96,0.0,-84.96,3,0,False,"[-42.48, -21.24, -21.24]",0.0,0.0,0.0,0.0
X01733,icefishball,short_only,fixed,fixed,10.0,40.0,12,4,-84.96,0.0,0.0,-21.24,84.96,0.0,-84.96,3,0,False,"[-42.48, -21.24, -21.24]",0.0,0.0,0.0,0.0
X01734,icefishball,short_only,fixed,fixed,10.0,60.0,12,4,-84.96,0.0,0.0,-21.24,84.96,0.0,-84.96,3,0,False,"[-42.48, -21.24, -21.24]",0.0,0.0,0.0,0.0
X01735,icefishball,short_only,fixed,fixed,10.0,80.0,12,4,-84.96,0.0,0.0,-21.24,84.96,0.0,-84.96,3,0,False,"[-42.48, -21.24, -21.24]",0.0,0.0,0.0,0.0
X01736,icefishball,short_only,fixed,fixed,10.0,120.0,12,4,-84.96,0.0,0.0,-21.24,84.96,0.0,-84.96,3,0,False,"[-42.48, -21.24, -21.24]",0.0,0.0,0.0,0.0
X01875,icefishball,short_only,fixed,fixed,10.0,20.0,24,4,-84.96,0.0,0.0,-21.24,84.96,0.0,-84.96,3,0,False,"[-42.48, -21.24, -21.24]",0.0,0.0,0.0,0.0
X01876,icefishball,short_only,fixed,fixed,10.0,30.0,24,4,-84.96,0.0,0.0,-21.24,84.96,0.0,-84.96,3,0,False,"[-42.48, -21.24, -21.24]",0.0,0.0,0.0,0.0
X01877,icefishball,short_only,fixed,fixed,10.0,40.0,24,4,-84.96,0.0,0.0,-21.24,84.96,0.0,-84.96,3,0,False,"[-42.48, -21.24, -21.24]",0.0,0.0,0.0,0.0
X01878,icefishball,short_only,fixed,fixed,10.0,60.0,24,4,-84.96,0.0,0.0,-21.24,84.96,0.0,-84.96,3,0,False,"[-42.48, -21.24, -21.24]",0.0,0.0,0.0,0.0
X01879,icefishball,short_only,fixed,fixed,10.0,80.0,24,4,-84.96,0.0,0.0,-21.24,84.96,0.0,-84.96,3,0,False,"[-42.48, -21.24, -21.24]",0.0,0.0,0.0,0.0
X01880,icefishball,short_only,fixed,fixed,10.0,120.0,24,4,-84.96,0.0,0.0,-21.24,84.96,0.0,-84.96,3,0,False,"[-42.48, -21.24, -21.24]",0.0,0.0,0.0,0.0
X02019,icefishball,short_only,fixed,fixed,10.0,20.0,48,4,-84.96,0.0,0.0,-21.24,84.96,0.0,-84.96,3,0,False,"[-42.48, -21.24, -21.24]",0.0,0.0,0.0,0.0
X02020,icefishball,short_only,fixed,fixed,10.0,30.0,48,4,-84.96,0.0,0.0,-21.24,84.96,0.0,-84.96,3,0,False,"[-42.48, -21.24, -21.24]",0.0,0.0,0.0,0.0
X02021,icefishball,short_only,fixed,fixed,10.0,40.0,48,4,-84.96,0.0,0.0,-21.24,84.96,0.0,-84.96,3,0,False,"[-42.48, -21.24, -21.24]",0.0,0.0,0.0,0.0
X02022,icefishball,short_only,fixed,fixed,10.0,60.0,48,4,-84.96,0.0,0.0,-21.24,84.96,0.0,-84.96,3,0,False,"[-42.48, -21.24, -21.24]",0.0,0.0,0.0,0.0
X02023,icefishball,short_only,fixed,fixed,10.0,80.0,48,4,-84.96,0.0,0.0,-21.24,84.96,0.0,-84.96,3,0,False,"[-42.48, -21.24, -21.24]",0.0,0.0,0.0,0.0
X02024,icefishball,short_only,fixed,fixed,10.0,120.0,48,4,-84.96,0.0,0.0,-21.24,84.96,0.0,-84.96,3,0,False,"[-42.48, -21.24, -21.24]",0.0,0.0,0.0,0.0
X00003,icefishball,all,fixed,fixed,10.0,20.0,3,6,-127.44,0.0,0.0,-21.24,127.44,0.0,-127.44,3,0,False,"[-42.48, -42.48, -42.48]",0.0,0.0,0.0,0.0
X00004,icefishball,all,fixed,fixed,10.0,30.0,3,6,-127.44,0.0,0.0,-21.24,127.44,0.0,-127.44,3,0,False,"[-42.48, -42.48, -42.48]",0.0,0.0,0.0,0.0
X00005,icefishball,all,fixed,fixed,10.0,40.0,3,6,-127.44,0.0,0.0,-21.24,127.44,0.0,-127.44,3,0,False,"[-42.48, -42.48, -42.48]",0.0,0.0,0.0,0.0
X00006,icefishball,all,fixed,fixed,10.0,60.0,3,6,-127.44,0.0,0.0,-21.24,127.44,0.0,-127.44,3,0,False,"[-42.48, -42.48, -42.48]",0.0,0.0,0.0,0.0
X00007,icefishball,all,fixed,fixed,10.0,80.0,3,6,-127.44,0.0,0.0,-21.24,127.44,0.0,-127.44,3,0,False,"[-42.48, -42.48, -42.48]",0.0,0.0,0.0,0.0
X00008,icefishball,all,fixed,fixed,10.0,120.0,3,6,-127.44,0.0,0.0,-21.24,127.44,0.0,-127.44,3,0,False,"[-42.48, -42.48, -42.48]",0.0,0.0,0.0,0.0
X00147,icefishball,all,fixed,fixed,10.0,20.0,6,6,-127.44,0.0,0.0,-21.24,127.44,0.0,-127.44,3,0,False,"[-42.48, -42.48, -42.48]",0.0,0.0,0.0,0.0
X00148,icefishball,all,fixed,fixed,10.0,30.0,6,6,-127.44,0.0,0.0,-21.24,127.44,0.0,-127.44,3,0,False,"[-42.48, -42.48, -42.48]",0.0,0.0,0.0,0.0
X00149,icefishball,all,fixed,fixed,10.0,40.0,6,6,-127.44,0.0,0.0,-21.24,127.44,0.0,-127.44,3,0,False,"[-42.48, -42.48, -42.48]",0.0,0.0,0.0,0.0
X00150,icefishball,all,fixed,fixed,10.0,60.0,6,6,-127.44,0.0,0.0,-21.24,127.44,0.0,-127.44,3,0,False,"[-42.48, -42.48, -42.48]",0.0,0.0,0.0,0.0
X00151,icefishball,all,fixed,fixed,10.0,80.0,6,6,-127.44,0.0,0.0,-21.24,127.44,0.0,-127.44,3,0,False,"[-42.48, -42.48, -42.48]",0.0,0.0,0.0,0.0
X00152,icefishball,all,fixed,fixed,10.0,120.0,6,6,-127.44,0.0,0.0,-21.24,127.44,0.0,-127.44,3,0,False,"[-42.48, -42.48, -42.48]",0.0,0.0,0.0,0.0
X00291,icefishball,all,fixed,fixed,10.0,20.0,12,6,-127.44,0.0,0.0,-21.24,127.44,0.0,-127.44,3,0,False,"[-42.48, -42.48, -42.48]",0.0,0.0,0.0,0.0
X00292,icefishball,all,fixed,fixed,10.0,30.0,12,6,-127.44,0.0,0.0,-21.24,127.44,0.0,-127.44,3,0,False,"[-42.48, -42.48, -42.48]",0.0,0.0,0.0,0.0
X00293,icefishball,all,fixed,fixed,10.0,40.0,12,6,-127.44,0.0,0.0,-21.24,127.44,0.0,-127.44,3,0,False,"[-42.48, -42.48, -42.48]",0.0,0.0,0.0,0.0
X00294,icefishball,all,fixed,fixed,10.0,60.0,12,6,-127.44,0.0,0.0,-21.24,127.44,0.0,-127.44,3,0,False,"[-42.48, -42.48, -42.48]",0.0,0.0,0.0,0.0
X00295,icefishball,all,fixed,fixed,10.0,80.0,12,6,-127.44,0.0,0.0,-21.24,127.44,0.0,-127.44,3,0,False,"[-42.48, -42.48, -42.48]",0.0,0.0,0.0,0.0
X00296,icefishball,all,fixed,fixed,10.0,120.0,12,6,-127.44,0.0,0.0,-21.24,127.44,0.0,-127.44,3,0,False,"[-42.48, -42.48, -42.48]",0.0,0.0,0.0,0.0
X00435,icefishball,all,fixed,fixed,10.0,20.0,24,6,-127.44,0.0,0.0,-21.24,127.44,0.0,-127.44,3,0,False,"[-42.48, -42.48, -42.48]",0.0,0.0,0.0,0.0
X00436,icefishball,all,fixed,fixed,10.0,30.0,24,6,-127.44,0.0,0.0,-21.24,127.44,0.0,-127.44,3,0,False,"[-42.48, -42.48, -42.48]",0.0,0.0,0.0,0.0
X00437,icefishball,all,fixed,fixed,10.0,40.0,24,6,-127.44,0.0,0.0,-21.24,127.44,0.0,-127.44,3,0,False,"[-42.48, -42.48, -42.48]",0.0,0.0,0.0,0.0
X00438,icefishball,all,fixed,fixed,10.0,60.0,24,6,-127.44,0.0,0.0,-21.24,127.44,0.0,-127.44,3,0,False,"[-42.48, -42.48, -42.48]",0.0,0.0,0.0,0.0
X00439,icefishball,all,fixed,fixed,10.0,80.0,24,6,-127.44,0.0,0.0,-21.24,127.44,0.0,-127.44,3,0,False,"[-42.48, -42.48, -42.48]",0.0,0.0,0.0,0.0
X00440,icefishball,all,fixed,fixed,10.0,120.0,24,6,-127.44,0.0,0.0,-21.24,127.44,0.0,-127.44,3,0,False,"[-42.48, -42.48, -42.48]",0.0,0.0,0.0,0.0
X00579,icefishball,all,fixed,fixed,10.0,20.0,48,6,-127.44,0.0,0.0,-21.24,127.44,0.0,-127.44,3,0,False,"[-42.48, -42.48, -42.48]",0.0,0.0,0.0,0.0
X00580,icefishball,all,fixed,fixed,10.0,30.0,48,6,-127.44,0.0,0.0,-21.24,127.44,0.0,-127.44,3,0,False,"[-42.48, -42.48, -42.48]",0.0,0.0,0.0,0.0
X00581,icefishball,all,fixed,fixed,10.0,40.0,48,6,-127.44,0.0,0.0,-21.24,127.44,0.0,-127.44,3,0,False,"[-42.48, -42.48, -42.48]",0.0,0.0,0.0,0.0
X00582,icefishball,all,fixed,fixed,10.0,60.0,48,6,-127.44,0.0,0.0,-21.24,127.44,0.0,-127.44,3,0,False,"[-42.48, -42.48, -42.48]",0.0,0.0,0.0,0.0
X00583,icefishball,all,fixed,fixed,10.0,80.0,48,6,-127.44,0.0,0.0,-21.24,127.44,0.0,-127.44,3,0,False,"[-42.48, -42.48, -42.48]",0.0,0.0,0.0,0.0
X00584,icefishball,all,fixed,fixed,10.0,120.0,48,6,-127.44,0.0,0.0,-21.24,127.44,0.0,-127.44,3,0,False,"[-42.48, -42.48, -42.48]",0.0,0.0,0.0,0.0
X02318,momentum_reversion,all,fixed,fixed,15.0,60.0,6,1,-31.24,0.0,0.0,-31.24,31.24,0.0,-31.24,1,0,False,[-31.24],0.0,0.0,0.0,0.0
X02319,momentum_reversion,all,fixed,fixed,15.0,80.0,6,1,-31.24,0.0,0.0,-31.24,31.24,0.0,-31.24,1,0,False,[-31.24],0.0,0.0,0.0,0.0
X02320,momentum_reversion,all,fixed,fixed,15.0,120.0,6,1,-31.24,0.0,0.0,-31.24,31.24,0.0,-31.24,1,0,False,[-31.24],0.0,0.0,0.0,0.0
X02462,momentum_reversion,all,fixed,fixed,15.0,60.0,12,1,-31.24,0.0,0.0,-31.24,31.24,0.0,-31.24,1,0,False,[-31.24],0.0,0.0,0.0,0.0
X02463,momentum_reversion,all,fixed,fixed,15.0,80.0,12,1,-31.24,0.0,0.0,-31.24,31.24,0.0,-31.24,1,0,False,[-31.24],0.0,0.0,0.0,0.0
X02464,momentum_reversion,all,fixed,fixed,15.0,120.0,12,1,-31.24,0.0,0.0,-31.24,31.24,0.0,-31.24,1,0,False,[-31.24],0.0,0.0,0.0,0.0
X02606,momentum_reversion,all,fixed,fixed,15.0,60.0,24,1,-31.24,0.0,0.0,-31.24,31.24,0.0,-31.24,1,0,False,[-31.24],0.0,0.0,0.0,0.0
X02607,momentum_reversion,all,fixed,fixed,15.0,80.0,24,1,-31.24,0.0,0.0,-31.24,31.24,0.0,-31.24,1,0,False,[-31.24],0.0,0.0,0.0,0.0
X02608,momentum_reversion,all,fixed,fixed,15.0,120.0,24,1,-31.24,0.0,0.0,-31.24,31.24,0.0,-31.24,1,0,False,[-31.24],0.0,0.0,0.0,0.0
X02750,momentum_reversion,all,fixed,fixed,15.0,60.0,48,1,-31.24,0.0,0.0,-31.24,31.24,0.0,-31.24,1,0,False,[-31.24],0.0,0.0,0.0,0.0
X02751,momentum_reversion,all,fixed,fixed,15.0,80.0,48,1,-31.24,0.0,0.0,-31.24,31.24,0.0,-31.24,1,0,False,[-31.24],0.0,0.0,0.0,0.0
X02752,momentum_reversion,all,fixed,fixed,15.0,120.0,48,1,-31.24,0.0,0.0,-31.24,31.24,0.0,-31.24,1,0,False,[-31.24],0.0,0.0,0.0,0.0
X03038,momentum_reversion,long_only,fixed,fixed,15.0,60.0,6,1,-31.24,0.0,0.0,-31.24,31.24,0.0,-31.24,1,0,False,[-31.24],0.0,0.0,0.0,0.0
X03039,momentum_reversion,long_only,fixed,fixed,15.0,80.0,6,1,-31.24,0.0,0.0,-31.24,31.24,0.0,-31.24,1,0,False,[-31.24],0.0,0.0,0.0,0.0
X03040,momentum_reversion,long_only,fixed,fixed,15.0,120.0,6,1,-31.24,0.0,0.0,-31.24,31.24,0.0,-31.24,1,0,False,[-31.24],0.0,0.0,0.0,0.0
X03182,momentum_reversion,long_only,fixed,fixed,15.0,60.0,12,1,-31.24,0.0,0.0,-31.24,31.24,0.0,-31.24,1,0,False,[-31.24],0.0,0.0,0.0,0.0
X03183,momentum_reversion,long_only,fixed,fixed,15.0,80.0,12,1,-31.24,0.0,0.0,-31.24,31.24,0.0,-31.24,1,0,False,[-31.24],0.0,0.0,0.0,0.0
X03184,momentum_reversion,long_only,fixed,fixed,15.0,120.0,12,1,-31.24,0.0,0.0,-31.24,31.24,0.0,-31.24,1,0,False,[-31.24],0.0,0.0,0.0,0.0
X03326,momentum_reversion,long_only,fixed,fixed,15.0,60.0,24,1,-31.24,0.0,0.0,-31.24,31.24,0.0,-31.24,1,0,False,[-31.24],0.0,0.0,0.0,0.0
X03327,momentum_reversion,long_only,fixed,fixed,15.0,80.0,24,1,-31.24,0.0,0.0,-31.24,31.24,0.0,-31.24,1,0,False,[-31.24],0.0,0.0,0.0,0.0
X03328,momentum_reversion,long_only,fixed,fixed,15.0,120.0,24,1,-31.24,0.0,0.0,-31.24,31.24,0.0,-31.24,1,0,False,[-31.24],0.0,0.0,0.0,0.0
X03470,momentum_reversion,long_only,fixed,fixed,15.0,60.0,48,1,-31.24,0.0,0.0,-31.24,31.24,0.0,-31.24,1,0,False,[-31.24],0.0,0.0,0.0,0.0
X03471,momentum_reversion,long_only,fixed,fixed,15.0,80.0,48,1,-31.24,0.0,0.0,-31.24,31.24,0.0,-31.24,1,0,False,[-31.24],0.0,0.0,0.0,0.0
X03472,momentum_reversion,long_only,fixed,fixed,15.0,120.0,48,1,-31.24,0.0,0.0,-31.24,31.24,0.0,-31.24,1,0,False,[-31.24],0.0,0.0,0.0,0.0
X00729,icefishball,long_only,fixed,fixed,15.0,10.0,3,2,-62.48,0.0,0.0,-31.24,62.48,0.0,-62.48,2,0,False,"[-31.24, -31.24]",0.0,0.0,0.0,0.0
X00730,icefishball,long_only,fixed,fixed,15.0,15.0,3,2,-62.48,0.0,0.0,-31.24,62.48,0.0,-62.48,2,0,False,"[-31.24, -31.24]",0.0,0.0,0.0,0.0
X00731,icefishball,long_only,fixed,fixed,15.0,20.0,3,2,-62.48,0.0,0.0,-31.24,62.48,0.0,-62.48,2,0,False,"[-31.24, -31.24]",0.0,0.0,0.0,0.0
X00732,icefishball,long_only,fixed,fixed,15.0,30.0,3,2,-62.48,0.0,0.0,-31.24,62.48,0.0,-62.48,2,0,False,"[-31.24, -31.24]",0.0,0.0,0.0,0.0
X00733,icefishball,long_only,fixed,fixed,15.0,40.0,3,2,-62.48,0.0,0.0,-31.24,62.48,0.0,-62.48,2,0,False,"[-31.24, -31.24]",0.0,0.0,0.0,0.0
X00734,icefishball,long_only,fixed,fixed,15.0,60.0,3,2,-62.48,0.0,0.0,-31.24,62.48,0.0,-62.48,2,0,False,"[-31.24, -31.24]",0.0,0.0,0.0,0.0
X00735,icefishball,long_only,fixed,fixed,15.0,80.0,3,2,-62.48,0.0,0.0,-31.24,62.48,0.0,-62.48,2,0,False,"[-31.24, -31.24]",0.0,0.0,0.0,0.0
X00736,icefishball,long_only,fixed,fixed,15.0,120.0,3,2,-62.48,0.0,0.0,-31.24,62.48,0.0,-62.48,2,0,False,"[-31.24, -31.24]",0.0,0.0,0.0,0.0
X00873,icefishball,long_only,fixed,fixed,15.0,10.0,6,2,-62.48,0.0,0.0,-31.24,62.48,0.0,-62.48,2,0,False,"[-31.24, -31.24]",0.0,0.0,0.0,0.0
X00874,icefishball,long_only,fixed,fixed,15.0,15.0,6,2,-62.48,0.0,0.0,-31.24,62.48,0.0,-62.48,2,0,False,"[-31.24, -31.24]",0.0,0.0,0.0,0.0
X00875,icefishball,long_only,fixed,fixed,15.0,20.0,6,2,-62.48,0.0,0.0,-31.24,62.48,0.0,-62.48,2,0,False,"[-31.24, -31.24]",0.0,0.0,0.0,0.0
X00876,icefishball,long_only,fixed,fixed,15.0,30.0,6,2,-62.48,0.0,0.0,-31.24,62.48,0.0,-62.48,2,0,False,"[-31.24, -31.24]",0.0,0.0,0.0,0.0
X00877,icefishball,long_only,fixed,fixed,15.0,40.0,6,2,-62.48,0.0,0.0,-31.24,62.48,0.0,-62.48,2,0,False,"[-31.24, -31.24]",0.0,0.0,0.0,0.0
X00878,icefishball,long_only,fixed,fixed,15.0,60.0,6,2,-62.48,0.0,0.0,-31.24,62.48,0.0,-62.48,2,0,False,"[-31.24, -31.24]",0.0,0.0,0.0,0.0
X00879,icefishball,long_only,fixed,fixed,15.0,80.0,6,2,-62.48,0.0,0.0,-31.24,62.48,0.0,-62.48,2,0,False,"[-31.24, -31.24]",0.0,0.0,0.0,0.0
X00880,icefishball,long_only,fixed,fixed,15.0,120.0,6,2,-62.48,0.0,0.0,-31.24,62.48,0.0,-62.48,2,0,False,"[-31.24, -31.24]",0.0,0.0,0.0,0.0
X01017,icefishball,long_only,fixed,fixed,15.0,10.0,12,2,-62.48,0.0,0.0,-31.24,62.48,0.0,-62.48,2,0,False,"[-31.24, -31.24]",0.0,0.0,0.0,0.0
X01018,icefishball,long_only,fixed,fixed,15.0,15.0,12,2,-62.48,0.0,0.0,-31.24,62.48,0.0,-62.48,2,0,False,"[-31.24, -31.24]",0.0,0.0,0.0,0.0
X01019,icefishball,long_only,fixed,fixed,15.0,20.0,12,2,-62.48,0.0,0.0,-31.24,62.48,0.0,-62.48,2,0,False,"[-31.24, -31.24]",0.0,0.0,0.0,0.0
X01020,icefishball,long_only,fixed,fixed,15.0,30.0,12,2,-62.48,0.0,0.0,-31.24,62.48,0.0,-62.48,2,0,False,"[-31.24, -31.24]",0.0,0.0,0.0,0.0
X01021,icefishball,long_only,fixed,fixed,15.0,40.0,12,2,-62.48,0.0,0.0,-31.24,62.48,0.0,-62.48,2,0,False,"[-31.24, -31.24]",0.0,0.0,0.0,0.0
X01022,icefishball,long_only,fixed,fixed,15.0,60.0,12,2,-62.48,0.0,0.0,-31.24,62.48,0.0,-62.48,2,0,False,"[-31.24, -31.24]",0.0,0.0,0.0,0.0
X01023,icefishball,long_only,fixed,fixed,15.0,80.0,12,2,-62.48,0.0,0.0,-31.24,62.48,0.0,-62.48,2,0,False,"[-31.24, -31.24]",0.0,0.0,0.0,0.0
X01024,icefishball,long_only,fixed,fixed,15.0,120.0,12,2,-62.48,0.0,0.0,-31.24,62.48,0.0,-62.48,2,0,False,"[-31.24, -31.24]",0.0,0.0,0.0,0.0
X01161,icefishball,long_only,fixed,fixed,15.0,10.0,24,2,-62.48,0.0,0.0,-31.24,62.48,0.0,-62.48,2,0,False,"[-31.24, -31.24]",0.0,0.0,0.0,0.0
X01162,icefishball,long_only,fixed,fixed,15.0,15.0,24,2,-62.48,0.0,0.0,-31.24,62.48,0.0,-62.48,2,0,False,"[-31.24, -31.24]",0.0,0.0,0.0,0.0
X01163,icefishball,long_only,fixed,fixed,15.0,20.0,24,2,-62.48,0.0,0.0,-31.24,62.48,0.0,-62.48,2,0,False,"[-31.24, -31.24]",0.0,0.0,0.0,0.0
X01164,icefishball,long_only,fixed,fixed,15.0,30.0,24,2,-62.48,0.0,0.0,-31.24,62.48,0.0,-62.48,2,0,False,"[-31.24, -31.24]",0.0,0.0,0.0,0.0
X01165,icefishball,long_only,fixed,fixed,15.0,40.0,24,2,-62.48,0.0,0.0,-31.24,62.48,0.0,-62.48,2,0,False,"[-31.24, -31.24]",0.0,0.0,0.0,0.0
X01166,icefishball,long_only,fixed,fixed,15.0,60.0,24,2,-62.48,0.0,0.0,-31.24,62.48,0.0,-62.48,2,0,False,"[-31.24, -31.24]",0.0,0.0,0.0,0.0
X01167,icefishball,long_only,fixed,fixed,15.0,80.0,24,2,-62.48,0.0,0.0,-31.24,62.48,0.0,-62.48,2,0,False,"[-31.24, -31.24]",0.0,0.0,0.0,0.0
X01168,icefishball,long_only,fixed,fixed,15.0,120.0,24,2,-62.48,0.0,0.0,-31.24,62.48,0.0,-62.48,2,0,False,"[-31.24, -31.24]",0.0,0.0,0.0,0.0
X01305,icefishball,long_only,fixed,fixed,15.0,10.0,48,2,-62.48,0.0,0.0,-31.24,62.48,0.0,-62.48,2,0,False,"[-31.24, -31.24]",0.0,0.0,0.0,0.0
X01306,icefishball,long_only,fixed,fixed,15.0,15.0,48,2,-62.48,0.0,0.0,-31.24,62.48,0.0,-62.48,2,0,False,"[-31.24, -31.24]",0.0,0.0,0.0,0.0
X01307,icefishball,long_only,fixed,fixed,15.0,20.0,48,2,-62.48,0.0,0.0,-31.24,62.48,0.0,-62.48,2,0,False,"[-31.24, -31.24]",0.0,0.0,0.0,0.0
X01308,icefishball,long_only,fixed,fixed,15.0,30.0,48,2,-62.48,0.0,0.0,-31.24,62.48,0.0,-62.48,2,0,False,"[-31.24, -31.24]",0.0,0.0,0.0,0.0
X01309,icefishball,long_only,fixed,fixed,15.0,40.0,48,2,-62.48,0.0,0.0,-31.24,62.48,0.0,-62.48,2,0,False,"[-31.24, -31.24]",0.0,0.0,0.0,0.0
X01310,icefishball,long_only,fixed,fixed,15.0,60.0,48,2,-62.48,0.0,0.0,-31.24,62.48,0.0,-62.48,2,0,False,"[-31.24, -31.24]",0.0,0.0,0.0,0.0
X01311,icefishball,long_only,fixed,fixed,15.0,80.0,48,2,-62.48,0.0,0.0,-31.24,62.48,0.0,-62.48,2,0,False,"[-31.24, -31.24]",0.0,0.0,0.0,0.0
X01312,icefishball,long_only,fixed,fixed,15.0,120.0,48,2,-62.48,0.0,0.0,-31.24,62.48,0.0,-62.48,2,0,False,"[-31.24, -31.24]",0.0,0.0,0.0,0.0
X01451,icefishball,short_only,fixed,fixed,15.0,20.0,3,4,-124.96,0.0,0.0,-31.24,124.96,0.0,-124.96,3,0,False,"[-62.48, -31.24, -31.24]",0.0,0.0,0.0,0.0
X01452,icefishball,short_only,fixed,fixed,15.0,30.0,3,4,-124.96,0.0,0.0,-31.24,124.96,0.0,-124.96,3,0,False,"[-62.48, -31.24, -31.24]",0.0,0.0,0.0,0.0
X01453,icefishball,short_only,fixed,fixed,15.0,40.0,3,4,-124.96,0.0,0.0,-31.24,124.96,0.0,-124.96,3,0,False,"[-62.48, -31.24, -31.24]",0.0,0.0,0.0,0.0
X01454,icefishball,short_only,fixed,fixed,15.0,60.0,3,4,-124.96,0.0,0.0,-31.24,124.96,0.0,-124.96,3,0,False,"[-62.48, -31.24, -31.24]",0.0,0.0,0.0,0.0
X01455,icefishball,short_only,fixed,fixed,15.0,80.0,3,4,-124.96,0.0,0.0,-31.24,124.96,0.0,-124.96,3,0,False,"[-62.48, -31.24, -31.24]",0.0,0.0,0.0,0.0
X01456,icefishball,short_only,fixed,fixed,15.0,120.0,3,4,-124.96,0.0,0.0,-31.24,124.96,0.0,-124.96,3,0,False,"[-62.48, -31.24, -31.24]",0.0,0.0,0.0,0.0
X01595,icefishball,short_only,fixed,fixed,15.0,20.0,6,4,-124.96,0.0,0.0,-31.24,124.96,0.0,-124.96,3,0,False,"[-62.48, -31.24, -31.24]",0.0,0.0,0.0,0.0
X01596,icefishball,short_only,fixed,fixed,15.0,30.0,6,4,-124.96,0.0,0.0,-31.24,124.96,0.0,-124.96,3,0,False,"[-62.48, -31.24, -31.24]",0.0,0.0,0.0,0.0
X01597,icefishball,short_only,fixed,fixed,15.0,40.0,6,4,-124.96,0.0,0.0,-31.24,124.96,0.0,-124.96,3,0,False,"[-62.48, -31.24, -31.24]",0.0,0.0,0.0,0.0
X01598,icefishball,short_only,fixed,fixed,15.0,60.0,6,4,-124.96,0.0,0.0,-31.24,124.96,0.0,-124.96,3,0,False,"[-62.48, -31.24, -31.24]",0.0,0.0,0.0,0.0
X01599,icefishball,short_only,fixed,fixed,15.0,80.0,6,4,-124.96,0.0,0.0,-31.24,124.96,0.0,-124.96,3,0,False,"[-62.48, -31.24, -31.24]",0.0,0.0,0.0,0.0
X01600,icefishball,short_only,fixed,fixed,15.0,120.0,6,4,-124.96,0.0,0.0,-31.24,124.96,0.0,-124.96,3,0,False,"[-62.48, -31.24, -31.24]",0.0,0.0,0.0,0.0
X01739,icefishball,short_only,fixed,fixed,15.0,20.0,12,4,-124.96,0.0,0.0,-31.24,124.96,0.0,-124.96,3,0,False,"[-62.48, -31.24, -31.24]",0.0,0.0,0.0,0.0
X01740,icefishball,short_only,fixed,fixed,15.0,30.0,12,4,-124.96,0.0,0.0,-31.24,124.96,0.0,-124.96,3,0,False,"[-62.48, -31.24, -31.24]",0.0,0.0,0.0,0.0
X01741,icefishball,short_only,fixed,fixed,15.0,40.0,12,4,-124.96,0.0,0.0,-31.24,124.96,0.0,-124.96,3,0,False,"[-62.48, -31.24, -31.24]",0.0,0.0,0.0,0.0
X01742,icefishball,short_only,fixed,fixed,15.0,60.0,12,4,-124.96,0.0,0.0,-31.24,124.96,0.0,-124.96,3,0,False,"[-62.48, -31.24, -31.24]",0.0,0.0,0.0,0.0
X01743,icefishball,short_only,fixed,fixed,15.0,80.0,12,4,-124.96,0.0,0.0,-31.24,124.96,0.0,-124.96,3,0,False,"[-62.48, -31.24, -31.24]",0.0,0.0,0.0,0.0
X01744,icefishball,short_only,fixed,fixed,15.0,120.0,12,4,-124.96,0.0,0.0,-31.24,124.96,0.0,-124.96,3,0,False,"[-62.48, -31.24, -31.24]",0.0,0.0,0.0,0.0
X01883,icefishball,short_only,fixed,fixed,15.0,20.0,24,4,-124.96,0.0,0.0,-31.24,124.96,0.0,-124.96,3,0,False,"[-62.48, -31.24, -31.24]",0.0,0.0,0.0,0.0
X01884,icefishball,short_only,fixed,fixed,15.0,30.0,24,4,-124.96,0.0,0.0,-31.24,124.96,0.0,-124.96,3,0,False,"[-62.48, -31.24, -31.24]",0.0,0.0,0.0,0.0
X01885,icefishball,short_only,fixed,fixed,15.0,40.0,24,4,-124.96,0.0,0.0,-31.24,124.96,0.0,-124.96,3,0,False,"[-62.48, -31.24, -31.24]",0.0,0.0,0.0,0.0
X01886,icefishball,short_only,fixed,fixed,15.0,60.0,24,4,-124.96,0.0,0.0,-31.24,124.96,0.0,-124.96,3,0,False,"[-62.48, -31.24, -31.24]",0.0,0.0,0.0,0.0
X01887,icefishball,short_only,fixed,fixed,15.0,80.0,24,4,-124.96,0.0,0.0,-31.24,124.96,0.0,-124.96,3,0,False,"[-62.48, -31.24, -31.24]",0.0,0.0,0.0,0.0
X01888,icefishball,short_only,fixed,fixed,15.0,120.0,24,4,-124.96,0.0,0.0,-31.24,124.96,0.0,-124.96,3,0,False,"[-62.48, -31.24, -31.24]",0.0,0.0,0.0,0.0
X02027,icefishball,short_only,fixed,fixed,15.0,20.0,48,4,-124.96,0.0,0.0,-31.24,124.96,0.0,-124.96,3,0,False,"[-62.48, -31.24, -31.24]",0.0,0.0,0.0,0.0
X02028,icefishball,short_only,fixed,fixed,15.0,30.0,48,4,-124.96,0.0,0.0,-31.24,124.96,0.0,-124.96,3,0,False,"[-62.48, -31.24, -31.24]",0.0,0.0,0.0,0.0
X02029,icefishball,short_only,fixed,fixed,15.0,40.0,48,4,-124.96,0.0,0.0,-31.24,124.96,0.0,-124.96,3,0,False,"[-62.48, -31.24, -31.24]",0.0,0.0,0.0,0.0
X02030,icefishball,short_only,fixed,fixed,15.0,60.0,48,4,-124.96,0.0,0.0,-31.24,124.96,0.0,-124.96,3,0,False,"[-62.48, -31.24, -31.24]",0.0,0.0,0.0,0.0
X02031,icefishball,short_only,fixed,fixed,15.0,80.0,48,4,-124.96,0.0,0.0,-31.24,124.96,0.0,-124.96,3,0,False,"[-62.48, -31.24, -31.24]",0.0,0.0,0.0,0.0
X02032,icefishball,short_only,fixed,fixed,15.0,120.0,48,4,-124.96,0.0,0.0,-31.24,124.96,0.0,-124.96,3,0,False,"[-62.48, -31.24, -31.24]",0.0,0.0,0.0,0.0
X00011,icefishball,all,fixed,fixed,15.0,20.0,3,6,-187.44,0.0,0.0,-31.24,187.44,0.0,-187.44,3,0,False,"[-62.48, -62.48, -62.48]",0.0,0.0,0.0,0.0
X00012,icefishball,all,fixed,fixed,15.0,30.0,3,6,-187.44,0.0,0.0,-31.24,187.44,0.0,-187.44,3,0,False,"[-62.48, -62.48, -62.48]",0.0,0.0,0.0,0.0
X00013,icefishball,all,fixed,fixed,15.0,40.0,3,6,-187.44,0.0,0.0,-31.24,187.44,0.0,-187.44,3,0,False,"[-62.48, -62.48, -62.48]",0.0,0.0,0.0,0.0
X00014,icefishball,all,fixed,fixed,15.0,60.0,3,6,-187.44,0.0,0.0,-31.24,187.44,0.0,-187.44,3,0,False,"[-62.48, -62.48, -62.48]",0.0,0.0,0.0,0.0
X00015,icefishball,all,fixed,fixed,15.0,80.0,3,6,-187.44,0.0,0.0,-31.24,187.44,0.0,-187.44,3,0,False,"[-62.48, -62.48, -62.48]",0.0,0.0,0.0,0.0
X00016,icefishball,all,fixed,fixed,15.0,120.0,3,6,-187.44,0.0,0.0,-31.24,187.44,0.0,-187.44,3,0,False,"[-62.48, -62.48, -62.48]",0.0,0.0,0.0,0.0
X00155,icefishball,all,fixed,fixed,15.0,20.0,6,6,-187.44,0.0,0.0,-31.24,187.44,0.0,-187.44,3,0,False,"[-62.48, -62.48, -62.48]",0.0,0.0,0.0,0.0
X00156,icefishball,all,fixed,fixed,15.0,30.0,6,6,-187.44,0.0,0.0,-31.24,187.44,0.0,-187.44,3,0,False,"[-62.48, -62.48, -62.48]",0.0,0.0,0.0,0.0
X00157,icefishball,all,fixed,fixed,15.0,40.0,6,6,-187.44,0.0,0.0,-31.24,187.44,0.0,-187.44,3,0,False,"[-62.48, -62.48, -62.48]",0.0,0.0,0.0,0.0
X00158,icefishball,all,fixed,fixed,15.0,60.0,6,6,-187.44,0.0,0.0,-31.24,187.44,0.0,-187.44,3,0,False,"[-62.48, -62.48, -62.48]",0.0,0.0,0.0,0.0
X00159,icefishball,all,fixed,fixed,15.0,80.0,6,6,-187.44,0.0,0.0,-31.24,187.44,0.0,-187.44,3,0,False,"[-62.48, -62.48, -62.48]",0.0,0.0,0.0,0.0
X00160,icefishball,all,fixed,fixed,15.0,120.0,6,6,-187.44,0.0,0.0,-31.24,187.44,0.0,-187.44,3,0,False,"[-62.48, -62.48, -62.48]",0.0,0.0,0.0,0.0
X00299,icefishball,all,fixed,fixed,15.0,20.0,12,6,-187.44,0.0,0.0,-31.24,187.44,0.0,-187.44,3,0,False,"[-62.48, -62.48, -62.48]",0.0,0.0,0.0,0.0
X00300,icefishball,all,fixed,fixed,15.0,30.0,12,6,-187.44,0.0,0.0,-31.24,187.44,0.0,-187.44,3,0,False,"[-62.48, -62.48, -62.48]",0.0,0.0,0.0,0.0
X00301,icefishball,all,fixed,fixed,15.0,40.0,12,6,-187.44,0.0,0.0,-31.24,187.44,0.0,-187.44,3,0,False,"[-62.48, -62.48, -62.48]",0.0,0.0,0.0,0.0
X00302,icefishball,all,fixed,fixed,15.0,60.0,12,6,-187.44,0.0,0.0,-31.24,187.44,0.0,-187.44,3,0,False,"[-62.48, -62.48, -62.48]",0.0,0.0,0.0,0.0
X00303,icefishball,all,fixed,fixed,15.0,80.0,12,6,-187.44,0.0,0.0,-31.24,187.44,0.0,-187.44,3,0,False,"[-62.48, -62.48, -62.48]",0.0,0.0,0.0,0.0
X00304,icefishball,all,fixed,fixed,15.0,120.0,12,6,-187.44,0.0,0.0,-31.24,187.44,0.0,-187.44,3,0,False,"[-62.48, -62.48, -62.48]",0.0,0.0,0.0,0.0
X00443,icefishball,all,fixed,fixed,15.0,20.0,24,6,-187.44,0.0,0.0,-31.24,187.44,0.0,-187.44,3,0,False,"[-62.48, -62.48, -62.48]",0.0,0.0,0.0,0.0
X00444,icefishball,all,fixed,fixed,15.0,30.0,24,6,-187.44,0.0,0.0,-31.24,187.44,0.0,-187.44,3,0,False,"[-62.48, -62.48, -62.48]",0.0,0.0,0.0,0.0
X00445,icefishball,all,fixed,fixed,15.0,40.0,24,6,-187.44,0.0,0.0,-31.24,187.44,0.0,-187.44,3,0,False,"[-62.48, -62.48, -62.48]",0.0,0.0,0.0,0.0
X00446,icefishball,all,fixed,fixed,15.0,60.0,24,6,-187.44,0.0,0.0,-31.24,187.44,0.0,-187.44,3,0,False,"[-62.48, -62.48, -62.48]",0.0,0.0,0.0,0.0
X00447,icefishball,all,fixed,fixed,15.0,80.0,24,6,-187.44,0.0,0.0,-31.24,187.44,0.0,-187.44,3,0,False,"[-62.48, -62.48, -62.48]",0.0,0.0,0.0,0.0
X00448,icefishball,all,fixed,fixed,15.0,120.0,24,6,-187.44,0.0,0.0,-31.24,187.44,0.0,-187.44,3,0,False,"[-62.48, -62.48, -62.48]",0.0,0.0,0.0,0.0
X00587,icefishball,all,fixed,fixed,15.0,20.0,48,6,-187.44,0.0,0.0,-31.24,187.44,0.0,-187.44,3,0,False,"[-62.48, -62.48, -62.48]",0.0,0.0,0.0,0.0
X00588,icefishball,all,fixed,fixed,15.0,30.0,48,6,-187.44,0.0,0.0,-31.24,187.44,0.0,-187.44,3,0,False,"[-62.48, -62.48, -62.48]",0.0,0.0,0.0,0.0
X00589,icefishball,all,fixed,fixed,15.0,40.0,48,6,-187.44,0.0,0.0,-31.24,187.44,0.0,-187.44,3,0,False,"[-62.48, -62.48, -62.48]",0.0,0.0,0.0,0.0
X00590,icefishball,all,fixed,fixed,15.0,60.0,48,6,-187.44,0.0,0.0,-31.24,187.44,0.0,-187.44,3,0,False,"[-62.48, -62.48, -62.48]",0.0,0.0,0.0,0.0
X00591,icefishball,all,fixed,fixed,15.0,80.0,48,6,-187.44,0.0,0.0,-31.24,187.44,0.0,-187.44,3,0,False,"[-62.48, -62.48, -62.48]",0.0,0.0,0.0,0.0
X00592,icefishball,all,fixed,fixed,15.0,120.0,48,6,-187.44,0.0,0.0,-31.24,187.44,0.0,-187.44,3,0,False,"[-62.48, -62.48, -62.48]",0.0,0.0,0.0,0.0
X02326,momentum_reversion,all,fixed,fixed,20.0,60.0,6,1,-41.24,0.0,0.0,-41.24,41.24,0.0,-41.24,1,0,False,[-41.24],0.0,0.0,0.0,0.0
X02327,momentum_reversion,all,fixed,fixed,20.0,80.0,6,1,-41.24,0.0,0.0,-41.24,41.24,0.0,-41.24,1,0,False,[-41.24],0.0,0.0,0.0,0.0
X02328,momentum_reversion,all,fixed,fixed,20.0,120.0,6,1,-41.24,0.0,0.0,-41.24,41.24,0.0,-41.24,1,0,False,[-41.24],0.0,0.0,0.0,0.0
X02470,momentum_reversion,all,fixed,fixed,20.0,60.0,12,1,-41.24,0.0,0.0,-41.24,41.24,0.0,-41.24,1,0,False,[-41.24],0.0,0.0,0.0,0.0
X02471,momentum_reversion,all,fixed,fixed,20.0,80.0,12,1,-41.24,0.0,0.0,-41.24,41.24,0.0,-41.24,1,0,False,[-41.24],0.0,0.0,0.0,0.0
X02472,momentum_reversion,all,fixed,fixed,20.0,120.0,12,1,-41.24,0.0,0.0,-41.24,41.24,0.0,-41.24,1,0,False,[-41.24],0.0,0.0,0.0,0.0
X02614,momentum_reversion,all,fixed,fixed,20.0,60.0,24,1,-41.24,0.0,0.0,-41.24,41.24,0.0,-41.24,1,0,False,[-41.24],0.0,0.0,0.0,0.0
X02615,momentum_reversion,all,fixed,fixed,20.0,80.0,24,1,-41.24,0.0,0.0,-41.24,41.24,0.0,-41.24,1,0,False,[-41.24],0.0,0.0,0.0,0.0
X02616,momentum_reversion,all,fixed,fixed,20.0,120.0,24,1,-41.24,0.0,0.0,-41.24,41.24,0.0,-41.24,1,0,False,[-41.24],0.0,0.0,0.0,0.0
X02758,momentum_reversion,all,fixed,fixed,20.0,60.0,48,1,-41.24,0.0,0.0,-41.24,41.24,0.0,-41.24,1,0,False,[-41.24],0.0,0.0,0.0,0.0
X02759,momentum_reversion,all,fixed,fixed,20.0,80.0,48,1,-41.24,0.0,0.0,-41.24,41.24,0.0,-41.24,1,0,False,[-41.24],0.0,0.0,0.0,0.0
X02760,momentum_reversion,all,fixed,fixed,20.0,120.0,48,1,-41.24,0.0,0.0,-41.24,41.24,0.0,-41.24,1,0,False,[-41.24],0.0,0.0,0.0,0.0
X03046,momentum_reversion,long_only,fixed,fixed,20.0,60.0,6,1,-41.24,0.0,0.0,-41.24,41.24,0.0,-41.24,1,0,False,[-41.24],0.0,0.0,0.0,0.0
X03047,momentum_reversion,long_only,fixed,fixed,20.0,80.0,6,1,-41.24,0.0,0.0,-41.24,41.24,0.0,-41.24,1,0,False,[-41.24],0.0,0.0,0.0,0.0
X03048,momentum_reversion,long_only,fixed,fixed,20.0,120.0,6,1,-41.24,0.0,0.0,-41.24,41.24,0.0,-41.24,1,0,False,[-41.24],0.0,0.0,0.0,0.0
X03190,momentum_reversion,long_only,fixed,fixed,20.0,60.0,12,1,-41.24,0.0,0.0,-41.24,41.24,0.0,-41.24,1,0,False,[-41.24],0.0,0.0,0.0,0.0
X03191,momentum_reversion,long_only,fixed,fixed,20.0,80.0,12,1,-41.24,0.0,0.0,-41.24,41.24,0.0,-41.24,1,0,False,[-41.24],0.0,0.0,0.0,0.0
X03192,momentum_reversion,long_only,fixed,fixed,20.0,120.0,12,1,-41.24,0.0,0.0,-41.24,41.24,0.0,-41.24,1,0,False,[-41.24],0.0,0.0,0.0,0.0
X03334,momentum_reversion,long_only,fixed,fixed,20.0,60.0,24,1,-41.24,0.0,0.0,-41.24,41.24,0.0,-41.24,1,0,False,[-41.24],0.0,0.0,0.0,0.0
X03335,momentum_reversion,long_only,fixed,fixed,20.0,80.0,24,1,-41.24,0.0,0.0,-41.24,41.24,0.0,-41.24,1,0,False,[-41.24],0.0,0.0,0.0,0.0
X03336,momentum_reversion,long_only,fixed,fixed,20.0,120.0,24,1,-41.24,0.0,0.0,-41.24,41.24,0.0,-41.24,1,0,False,[-41.24],0.0,0.0,0.0,0.0
X03478,momentum_reversion,long_only,fixed,fixed,20.0,60.0,48,1,-41.24,0.0,0.0,-41.24,41.24,0.0,-41.24,1,0,False,[-41.24],0.0,0.0,0.0,0.0
X03479,momentum_reversion,long_only,fixed,fixed,20.0,80.0,48,1,-41.24,0.0,0.0,-41.24,41.24,0.0,-41.24,1,0,False,[-41.24],0.0,0.0,0.0,0.0
X03480,momentum_reversion,long_only,fixed,fixed,20.0,120.0,48,1,-41.24,0.0,0.0,-41.24,41.24,0.0,-41.24,1,0,False,[-41.24],0.0,0.0,0.0,0.0
X00737,icefishball,long_only,fixed,fixed,20.0,10.0,3,2,-82.48,0.0,0.0,-41.24,82.48,0.0,-82.48,2,0,False,"[-41.24, -41.24]",0.0,0.0,0.0,0.0
X00738,icefishball,long_only,fixed,fixed,20.0,15.0,3,2,-82.48,0.0,0.0,-41.24,82.48,0.0,-82.48,2,0,False,"[-41.24, -41.24]",0.0,0.0,0.0,0.0
X00739,icefishball,long_only,fixed,fixed,20.0,20.0,3,2,-82.48,0.0,0.0,-41.24,82.48,0.0,-82.48,2,0,False,"[-41.24, -41.24]",0.0,0.0,0.0,0.0
X00740,icefishball,long_only,fixed,fixed,20.0,30.0,3,2,-82.48,0.0,0.0,-41.24,82.48,0.0,-82.48,2,0,False,"[-41.24, -41.24]",0.0,0.0,0.0,0.0
X00741,icefishball,long_only,fixed,fixed,20.0,40.0,3,2,-82.48,0.0,0.0,-41.24,82.48,0.0,-82.48,2,0,False,"[-41.24, -41.24]",0.0,0.0,0.0,0.0
X00742,icefishball,long_only,fixed,fixed,20.0,60.0,3,2,-82.48,0.0,0.0,-41.24,82.48,0.0,-82.48,2,0,False,"[-41.24, -41.24]",0.0,0.0,0.0,0.0
X00743,icefishball,long_only,fixed,fixed,20.0,80.0,3,2,-82.48,0.0,0.0,-41.24,82.48,0.0,-82.48,2,0,False,"[-41.24, -41.24]",0.0,0.0,0.0,0.0
X00744,icefishball,long_only,fixed,fixed,20.0,120.0,3,2,-82.48,0.0,0.0,-41.24,82.48,0.0,-82.48,2,0,False,"[-41.24, -41.24]",0.0,0.0,0.0,0.0
X00881,icefishball,long_only,fixed,fixed,20.0,10.0,6,2,-82.48,0.0,0.0,-41.24,82.48,0.0,-82.48,2,0,False,"[-41.24, -41.24]",0.0,0.0,0.0,0.0
X00882,icefishball,long_only,fixed,fixed,20.0,15.0,6,2,-82.48,0.0,0.0,-41.24,82.48,0.0,-82.48,2,0,False,"[-41.24, -41.24]",0.0,0.0,0.0,0.0
X00883,icefishball,long_only,fixed,fixed,20.0,20.0,6,2,-82.48,0.0,0.0,-41.24,82.48,0.0,-82.48,2,0,False,"[-41.24, -41.24]",0.0,0.0,0.0,0.0
X00884,icefishball,long_only,fixed,fixed,20.0,30.0,6,2,-82.48,0.0,0.0,-41.24,82.48,0.0,-82.48,2,0,False,"[-41.24, -41.24]",0.0,0.0,0.0,0.0
X00885,icefishball,long_only,fixed,fixed,20.0,40.0,6,2,-82.48,0.0,0.0,-41.24,82.48,0.0,-82.48,2,0,False,"[-41.24, -41.24]",0.0,0.0,0.0,0.0
X00886,icefishball,long_only,fixed,fixed,20.0,60.0,6,2,-82.48,0.0,0.0,-41.24,82.48,0.0,-82.48,2,0,False,"[-41.24, -41.24]",0.0,0.0,0.0,0.0
X00887,icefishball,long_only,fixed,fixed,20.0,80.0,6,2,-82.48,0.0,0.0,-41.24,82.48,0.0,-82.48,2,0,False,"[-41.24, -41.24]",0.0,0.0,0.0,0.0
X00888,icefishball,long_only,fixed,fixed,20.0,120.0,6,2,-82.48,0.0,0.0,-41.24,82.48,0.0,-82.48,2,0,False,"[-41.24, -41.24]",0.0,0.0,0.0,0.0
X01025,icefishball,long_only,fixed,fixed,20.0,10.0,12,2,-82.48,0.0,0.0,-41.24,82.48,0.0,-82.48,2,0,False,"[-41.24, -41.24]",0.0,0.0,0.0,0.0
X01026,icefishball,long_only,fixed,fixed,20.0,15.0,12,2,-82.48,0.0,0.0,-41.24,82.48,0.0,-82.48,2,0,False,"[-41.24, -41.24]",0.0,0.0,0.0,0.0
X01027,icefishball,long_only,fixed,fixed,20.0,20.0,12,2,-82.48,0.0,0.0,-41.24,82.48,0.0,-82.48,2,0,False,"[-41.24, -41.24]",0.0,0.0,0.0,0.0
X01028,icefishball,long_only,fixed,fixed,20.0,30.0,12,2,-82.48,0.0,0.0,-41.24,82.48,0.0,-82.48,2,0,False,"[-41.24, -41.24]",0.0,0.0,0.0,0.0
X01029,icefishball,long_only,fixed,fixed,20.0,40.0,12,2,-82.48,0.0,0.0,-41.24,82.48,0.0,-82.48,2,0,False,"[-41.24, -41.24]",0.0,0.0,0.0,0.0
X01030,icefishball,long_only,fixed,fixed,20.0,60.0,12,2,-82.48,0.0,0.0,-41.24,82.48,0.0,-82.48,2,0,False,"[-41.24, -41.24]",0.0,0.0,0.0,0.0
X01031,icefishball,long_only,fixed,fixed,20.0,80.0,12,2,-82.48,0.0,0.0,-41.24,82.48,0.0,-82.48,2,0,False,"[-41.24, -41.24]",0.0,0.0,0.0,0.0
X01032,icefishball,long_only,fixed,fixed,20.0,120.0,12,2,-82.48,0.0,0.0,-41.24,82.48,0.0,-82.48,2,0,False,"[-41.24, -41.24]",0.0,0.0,0.0,0.0
X01169,icefishball,long_only,fixed,fixed,20.0,10.0,24,2,-82.48,0.0,0.0,-41.24,82.48,0.0,-82.48,2,0,False,"[-41.24, -41.24]",0.0,0.0,0.0,0.0
X01170,icefishball,long_only,fixed,fixed,20.0,15.0,24,2,-82.48,0.0,0.0,-41.24,82.48,0.0,-82.48,2,0,False,"[-41.24, -41.24]",0.0,0.0,0.0,0.0
X01171,icefishball,long_only,fixed,fixed,20.0,20.0,24,2,-82.48,0.0,0.0,-41.24,82.48,0.0,-82.48,2,0,False,"[-41.24, -41.24]",0.0,0.0,0.0,0.0
X01172,icefishball,long_only,fixed,fixed,20.0,30.0,24,2,-82.48,0.0,0.0,-41.24,82.48,0.0,-82.48,2,0,False,"[-41.24, -41.24]",0.0,0.0,0.0,0.0
X01173,icefishball,long_only,fixed,fixed,20.0,40.0,24,2,-82.48,0.0,0.0,-41.24,82.48,0.0,-82.48,2,0,False,"[-41.24, -41.24]",0.0,0.0,0.0,0.0
X01174,icefishball,long_only,fixed,fixed,20.0,60.0,24,2,-82.48,0.0,0.0,-41.24,82.48,0.0,-82.48,2,0,False,"[-41.24, -41.24]",0.0,0.0,0.0,0.0
X01175,icefishball,long_only,fixed,fixed,20.0,80.0,24,2,-82.48,0.0,0.0,-41.24,82.48,0.0,-82.48,2,0,False,"[-41.24, -41.24]",0.0,0.0,0.0,0.0
X01176,icefishball,long_only,fixed,fixed,20.0,120.0,24,2,-82.48,0.0,0.0,-41.24,82.48,0.0,-82.48,2,0,False,"[-41.24, -41.24]",0.0,0.0,0.0,0.0
X01313,icefishball,long_only,fixed,fixed,20.0,10.0,48,2,-82.48,0.0,0.0,-41.24,82.48,0.0,-82.48,2,0,False,"[-41.24, -41.24]",0.0,0.0,0.0,0.0
X01314,icefishball,long_only,fixed,fixed,20.0,15.0,48,2,-82.48,0.0,0.0,-41.24,82.48,0.0,-82.48,2,0,False,"[-41.24, -41.24]",0.0,0.0,0.0,0.0
X01315,icefishball,long_only,fixed,fixed,20.0,20.0,48,2,-82.48,0.0,0.0,-41.24,82.48,0.0,-82.48,2,0,False,"[-41.24, -41.24]",0.0,0.0,0.0,0.0
X01316,icefishball,long_only,fixed,fixed,20.0,30.0,48,2,-82.48,0.0,0.0,-41.24,82.48,0.0,-82.48,2,0,False,"[-41.24, -41.24]",0.0,0.0,0.0,0.0
X01317,icefishball,long_only,fixed,fixed,20.0,40.0,48,2,-82.48,0.0,0.0,-41.24,82.48,0.0,-82.48,2,0,False,"[-41.24, -41.24]",0.0,0.0,0.0,0.0
X01318,icefishball,long_only,fixed,fixed,20.0,60.0,48,2,-82.48,0.0,0.0,-41.24,82.48,0.0,-82.48,2,0,False,"[-41.24, -41.24]",0.0,0.0,0.0,0.0
X01319,icefishball,long_only,fixed,fixed,20.0,80.0,48,2,-82.48,0.0,0.0,-41.24,82.48,0.0,-82.48,2,0,False,"[-41.24, -41.24]",0.0,0.0,0.0,0.0
X01320,icefishball,long_only,fixed,fixed,20.0,120.0,48,2,-82.48,0.0,0.0,-41.24,82.48,0.0,-82.48,2,0,False,"[-41.24, -41.24]",0.0,0.0,0.0,0.0
X02364,momentum_reversion,all,atr,atr,0.75,2.0,6,1,-46.74,0.0,0.0,-46.74,46.74,0.0,-46.74,1,0,False,[-46.74],0.0,0.0,0.0,0.0
X02365,momentum_reversion,all,atr,atr,0.75,3.0,6,1,-46.74,0.0,0.0,-46.74,46.74,0.0,-46.74,1,0,False,[-46.74],0.0,0.0,0.0,0.0
X02366,momentum_reversion,all,atr,atr,0.75,4.0,6,1,-46.74,0.0,0.0,-46.74,46.74,0.0,-46.74,1,0,False,[-46.74],0.0,0.0,0.0,0.0
X02508,momentum_reversion,all,atr,atr,0.75,2.0,12,1,-46.74,0.0,0.0,-46.74,46.74,0.0,-46.74,1,0,False,[-46.74],0.0,0.0,0.0,0.0
X02509,momentum_reversion,all,atr,atr,0.75,3.0,12,1,-46.74,0.0,0.0,-46.74,46.74,0.0,-46.74,1,0,False,[-46.74],0.0,0.0,0.0,0.0
X02510,momentum_reversion,all,atr,atr,0.75,4.0,12,1,-46.74,0.0,0.0,-46.74,46.74,0.0,-46.74,1,0,False,[-46.74],0.0,0.0,0.0,0.0
X02652,momentum_reversion,all,atr,atr,0.75,2.0,24,1,-46.74,0.0,0.0,-46.74,46.74,0.0,-46.74,1,0,False,[-46.74],0.0,0.0,0.0,0.0
X02653,momentum_reversion,all,atr,atr,0.75,3.0,24,1,-46.74,0.0,0.0,-46.74,46.74,0.0,-46.74,1,0,False,[-46.74],0.0,0.0,0.0,0.0
X02654,momentum_reversion,all,atr,atr,0.75,4.0,24,1,-46.74,0.0,0.0,-46.74,46.74,0.0,-46.74,1,0,False,[-46.74],0.0,0.0,0.0,0.0
X02796,momentum_reversion,all,atr,atr,0.75,2.0,48,1,-46.74,0.0,0.0,-46.74,46.74,0.0,-46.74,1,0,False,[-46.74],0.0,0.0,0.0,0.0
X02797,momentum_reversion,all,atr,atr,0.75,3.0,48,1,-46.74,0.0,0.0,-46.74,46.74,0.0,-46.74,1,0,False,[-46.74],0.0,0.0,0.0,0.0
X02798,momentum_reversion,all,atr,atr,0.75,4.0,48,1,-46.74,0.0,0.0,-46.74,46.74,0.0,-46.74,1,0,False,[-46.74],0.0,0.0,0.0,0.0
X03084,momentum_reversion,long_only,atr,atr,0.75,2.0,6,1,-46.74,0.0,0.0,-46.74,46.74,0.0,-46.74,1,0,False,[-46.74],0.0,0.0,0.0,0.0
X03085,momentum_reversion,long_only,atr,atr,0.75,3.0,6,1,-46.74,0.0,0.0,-46.74,46.74,0.0,-46.74,1,0,False,[-46.74],0.0,0.0,0.0,0.0
X03086,momentum_reversion,long_only,atr,atr,0.75,4.0,6,1,-46.74,0.0,0.0,-46.74,46.74,0.0,-46.74,1,0,False,[-46.74],0.0,0.0,0.0,0.0
X03228,momentum_reversion,long_only,atr,atr,0.75,2.0,12,1,-46.74,0.0,0.0,-46.74,46.74,0.0,-46.74,1,0,False,[-46.74],0.0,0.0,0.0,0.0
X03229,momentum_reversion,long_only,atr,atr,0.75,3.0,12,1,-46.74,0.0,0.0,-46.74,46.74,0.0,-46.74,1,0,False,[-46.74],0.0,0.0,0.0,0.0
X03230,momentum_reversion,long_only,atr,atr,0.75,4.0,12,1,-46.74,0.0,0.0,-46.74,46.74,0.0,-46.74,1,0,False,[-46.74],0.0,0.0,0.0,0.0
X03372,momentum_reversion,long_only,atr,atr,0.75,2.0,24,1,-46.74,0.0,0.0,-46.74,46.74,0.0,-46.74,1,0,False,[-46.74],0.0,0.0,0.0,0.0
X03373,momentum_reversion,long_only,atr,atr,0.75,3.0,24,1,-46.74,0.0,0.0,-46.74,46.74,0.0,-46.74,1,0,False,[-46.74],0.0,0.0,0.0,0.0
X03374,momentum_reversion,long_only,atr,atr,0.75,4.0,24,1,-46.74,0.0,0.0,-46.74,46.74,0.0,-46.74,1,0,False,[-46.74],0.0,0.0,0.0,0.0
X03516,momentum_reversion,long_only,atr,atr,0.75,2.0,48,1,-46.74,0.0,0.0,-46.74,46.74,0.0,-46.74,1,0,False,[-46.74],0.0,0.0,0.0,0.0
X03517,momentum_reversion,long_only,atr,atr,0.75,3.0,48,1,-46.74,0.0,0.0,-46.74,46.74,0.0,-46.74,1,0,False,[-46.74],0.0,0.0,0.0,0.0
X03518,momentum_reversion,long_only,atr,atr,0.75,4.0,48,1,-46.74,0.0,0.0,-46.74,46.74,0.0,-46.74,1,0,False,[-46.74],0.0,0.0,0.0,0.0
X02399,momentum_reversion,all,atr_blend,atr_blend,0.75,1.5,6,1,-59.24,0.0,0.0,-59.24,59.24,0.0,-59.24,1,0,False,[-59.24],0.0,0.0,0.0,0.0
X02400,momentum_reversion,all,atr_blend,atr_blend,0.75,2.0,6,1,-59.24,0.0,0.0,-59.24,59.24,0.0,-59.24,1,0,False,[-59.24],0.0,0.0,0.0,0.0
X02401,momentum_reversion,all,atr_blend,atr_blend,0.75,3.0,6,1,-59.24,0.0,0.0,-59.24,59.24,0.0,-59.24,1,0,False,[-59.24],0.0,0.0,0.0,0.0
X02402,momentum_reversion,all,atr_blend,atr_blend,0.75,4.0,6,1,-59.24,0.0,0.0,-59.24,59.24,0.0,-59.24,1,0,False,[-59.24],0.0,0.0,0.0,0.0
X02543,momentum_reversion,all,atr_blend,atr_blend,0.75,1.5,12,1,-59.24,0.0,0.0,-59.24,59.24,0.0,-59.24,1,0,False,[-59.24],0.0,0.0,0.0,0.0
X02544,momentum_reversion,all,atr_blend,atr_blend,0.75,2.0,12,1,-59.24,0.0,0.0,-59.24,59.24,0.0,-59.24,1,0,False,[-59.24],0.0,0.0,0.0,0.0
X02545,momentum_reversion,all,atr_blend,atr_blend,0.75,3.0,12,1,-59.24,0.0,0.0,-59.24,59.24,0.0,-59.24,1,0,False,[-59.24],0.0,0.0,0.0,0.0
X02546,momentum_reversion,all,atr_blend,atr_blend,0.75,4.0,12,1,-59.24,0.0,0.0,-59.24,59.24,0.0,-59.24,1,0,False,[-59.24],0.0,0.0,0.0,0.0
X02687,momentum_reversion,all,atr_blend,atr_blend,0.75,1.5,24,1,-59.24,0.0,0.0,-59.24,59.24,0.0,-59.24,1,0,False,[-59.24],0.0,0.0,0.0,0.0
X02688,momentum_reversion,all,atr_blend,atr_blend,0.75,2.0,24,1,-59.24,0.0,0.0,-59.24,59.24,0.0,-59.24,1,0,False,[-59.24],0.0,0.0,0.0,0.0
X02689,momentum_reversion,all,atr_blend,atr_blend,0.75,3.0,24,1,-59.24,0.0,0.0,-59.24,59.24,0.0,-59.24,1,0,False,[-59.24],0.0,0.0,0.0,0.0
X02690,momentum_reversion,all,atr_blend,atr_blend,0.75,4.0,24,1,-59.24,0.0,0.0,-59.24,59.24,0.0,-59.24,1,0,False,[-59.24],0.0,0.0,0.0,0.0
X02831,momentum_reversion,all,atr_blend,atr_blend,0.75,1.5,48,1,-59.24,0.0,0.0,-59.24,59.24,0.0,-59.24,1,0,False,[-59.24],0.0,0.0,0.0,0.0
X02832,momentum_reversion,all,atr_blend,atr_blend,0.75,2.0,48,1,-59.24,0.0,0.0,-59.24,59.24,0.0,-59.24,1,0,False,[-59.24],0.0,0.0,0.0,0.0
X02833,momentum_reversion,all,atr_blend,atr_blend,0.75,3.0,48,1,-59.24,0.0,0.0,-59.24,59.24,0.0,-59.24,1,0,False,[-59.24],0.0,0.0,0.0,0.0
X02834,momentum_reversion,all,atr_blend,atr_blend,0.75,4.0,48,1,-59.24,0.0,0.0,-59.24,59.24,0.0,-59.24,1,0,False,[-59.24],0.0,0.0,0.0,0.0
X03119,momentum_reversion,long_only,atr_blend,atr_blend,0.75,1.5,6,1,-59.24,0.0,0.0,-59.24,59.24,0.0,-59.24,1,0,False,[-59.24],0.0,0.0,0.0,0.0
X03120,momentum_reversion,long_only,atr_blend,atr_blend,0.75,2.0,6,1,-59.24,0.0,0.0,-59.24,59.24,0.0,-59.24,1,0,False,[-59.24],0.0,0.0,0.0,0.0
X03121,momentum_reversion,long_only,atr_blend,atr_blend,0.75,3.0,6,1,-59.24,0.0,0.0,-59.24,59.24,0.0,-59.24,1,0,False,[-59.24],0.0,0.0,0.0,0.0
X03122,momentum_reversion,long_only,atr_blend,atr_blend,0.75,4.0,6,1,-59.24,0.0,0.0,-59.24,59.24,0.0,-59.24,1,0,False,[-59.24],0.0,0.0,0.0,0.0
X03263,momentum_reversion,long_only,atr_blend,atr_blend,0.75,1.5,12,1,-59.24,0.0,0.0,-59.24,59.24,0.0,-59.24,1,0,False,[-59.24],0.0,0.0,0.0,0.0
X03264,momentum_reversion,long_only,atr_blend,atr_blend,0.75,2.0,12,1,-59.24,0.0,0.0,-59.24,59.24,0.0,-59.24,1,0,False,[-59.24],0.0,0.0,0.0,0.0
X03265,momentum_reversion,long_only,atr_blend,atr_blend,0.75,3.0,12,1,-59.24,0.0,0.0,-59.24,59.24,0.0,-59.24,1,0,False,[-59.24],0.0,0.0,0.0,0.0
X03266,momentum_reversion,long_only,atr_blend,atr_blend,0.75,4.0,12,1,-59.24,0.0,0.0,-59.24,59.24,0.0,-59.24,1,0,False,[-59.24],0.0,0.0,0.0,0.0
X03407,momentum_reversion,long_only,atr_blend,atr_blend,0.75,1.5,24,1,-59.24,0.0,0.0,-59.24,59.24,0.0,-59.24,1,0,False,[-59.24],0.0,0.0,0.0,0.0
X03408,momentum_reversion,long_only,atr_blend,atr_blend,0.75,2.0,24,1,-59.24,0.0,0.0,-59.24,59.24,0.0,-59.24,1,0,False,[-59.24],0.0,0.0,0.0,0.0
X03409,momentum_reversion,long_only,atr_blend,atr_blend,0.75,3.0,24,1,-59.24,0.0,0.0,-59.24,59.24,0.0,-59.24,1,0,False,[-59.24],0.0,0.0,0.0,0.0
X03410,momentum_reversion,long_only,atr_blend,atr_blend,0.75,4.0,24,1,-59.24,0.0,0.0,-59.24,59.24,0.0,-59.24,1,0,False,[-59.24],0.0,0.0,0.0,0.0
X03551,momentum_reversion,long_only,atr_blend,atr_blend,0.75,1.5,48,1,-59.24,0.0,0.0,-59.24,59.24,0.0,-59.24,1,0,False,[-59.24],0.0,0.0,0.0,0.0
X03552,momentum_reversion,long_only,atr_blend,atr_blend,0.75,2.0,48,1,-59.24,0.0,0.0,-59.24,59.24,0.0,-59.24,1,0,False,[-59.24],0.0,0.0,0.0,0.0
X03553,momentum_reversion,long_only,atr_blend,atr_blend,0.75,3.0,48,1,-59.24,0.0,0.0,-59.24,59.24,0.0,-59.24,1,0,False,[-59.24],0.0,0.0,0.0,0.0
X03554,momentum_reversion,long_only,atr_blend,atr_blend,0.75,4.0,48,1,-59.24,0.0,0.0,-59.24,59.24,0.0,-59.24,1,0,False,[-59.24],0.0,0.0,0.0,0.0
X02334,momentum_reversion,all,fixed,fixed,30.0,60.0,6,1,-61.24,0.0,0.0,-61.24,61.24,0.0,-61.24,1,0,False,[-61.24],0.0,0.0,0.0,0.0
X02335,momentum_reversion,all,fixed,fixed,30.0,80.0,6,1,-61.24,0.0,0.0,-61.24,61.24,0.0,-61.24,1,0,False,[-61.24],0.0,0.0,0.0,0.0
X02336,momentum_reversion,all,fixed,fixed,30.0,120.0,6,1,-61.24,0.0,0.0,-61.24,61.24,0.0,-61.24,1,0,False,[-61.24],0.0,0.0,0.0,0.0
X02434,momentum_reversion,all,range15_pct,range15_pct,0.5,1.0,6,1,-61.24,0.0,0.0,-61.24,61.24,0.0,-61.24,1,0,False,[-61.24],0.0,0.0,0.0,0.0
X02435,momentum_reversion,all,range15_pct,range15_pct,0.5,1.5,6,1,-61.24,0.0,0.0,-61.24,61.24,0.0,-61.24,1,0,False,[-61.24],0.0,0.0,0.0,0.0
X02436,momentum_reversion,all,range15_pct,range15_pct,0.5,2.0,6,1,-61.24,0.0,0.0,-61.24,61.24,0.0,-61.24,1,0,False,[-61.24],0.0,0.0,0.0,0.0
X02478,momentum_reversion,all,fixed,fixed,30.0,60.0,12,1,-61.24,0.0,0.0,-61.24,61.24,0.0,-61.24,1,0,False,[-61.24],0.0,0.0,0.0,0.0
X02479,momentum_reversion,all,fixed,fixed,30.0,80.0,12,1,-61.24,0.0,0.0,-61.24,61.24,0.0,-61.24,1,0,False,[-61.24],0.0,0.0,0.0,0.0
X02480,momentum_reversion,all,fixed,fixed,30.0,120.0,12,1,-61.24,0.0,0.0,-61.24,61.24,0.0,-61.24,1,0,False,[-61.24],0.0,0.0,0.0,0.0
X02578,momentum_reversion,all,range15_pct,range15_pct,0.5,1.0,12,1,-61.24,0.0,0.0,-61.24,61.24,0.0,-61.24,1,0,False,[-61.24],0.0,0.0,0.0,0.0
X02579,momentum_reversion,all,range15_pct,range15_pct,0.5,1.5,12,1,-61.24,0.0,0.0,-61.24,61.24,0.0,-61.24,1,0,False,[-61.24],0.0,0.0,0.0,0.0
X02580,momentum_reversion,all,range15_pct,range15_pct,0.5,2.0,12,1,-61.24,0.0,0.0,-61.24,61.24,0.0,-61.24,1,0,False,[-61.24],0.0,0.0,0.0,0.0
X02622,momentum_reversion,all,fixed,fixed,30.0,60.0,24,1,-61.24,0.0,0.0,-61.24,61.24,0.0,-61.24,1,0,False,[-61.24],0.0,0.0,0.0,0.0
X02623,momentum_reversion,all,fixed,fixed,30.0,80.0,24,1,-61.24,0.0,0.0,-61.24,61.24,0.0,-61.24,1,0,False,[-61.24],0.0,0.0,0.0,0.0
X02624,momentum_reversion,all,fixed,fixed,30.0,120.0,24,1,-61.24,0.0,0.0,-61.24,61.24,0.0,-61.24,1,0,False,[-61.24],0.0,0.0,0.0,0.0
X02722,momentum_reversion,all,range15_pct,range15_pct,0.5,1.0,24,1,-61.24,0.0,0.0,-61.24,61.24,0.0,-61.24,1,0,False,[-61.24],0.0,0.0,0.0,0.0
X02723,momentum_reversion,all,range15_pct,range15_pct,0.5,1.5,24,1,-61.24,0.0,0.0,-61.24,61.24,0.0,-61.24,1,0,False,[-61.24],0.0,0.0,0.0,0.0
X02724,momentum_reversion,all,range15_pct,range15_pct,0.5,2.0,24,1,-61.24,0.0,0.0,-61.24,61.24,0.0,-61.24,1,0,False,[-61.24],0.0,0.0,0.0,0.0
X02766,momentum_reversion,all,fixed,fixed,30.0,60.0,48,1,-61.24,0.0,0.0,-61.24,61.24,0.0,-61.24,1,0,False,[-61.24],0.0,0.0,0.0,0.0
X02767,momentum_reversion,all,fixed,fixed,30.0,80.0,48,1,-61.24,0.0,0.0,-61.24,61.24,0.0,-61.24,1,0,False,[-61.24],0.0,0.0,0.0,0.0
X02768,momentum_reversion,all,fixed,fixed,30.0,120.0,48,1,-61.24,0.0,0.0,-61.24,61.24,0.0,-61.24,1,0,False,[-61.24],0.0,0.0,0.0,0.0
X02866,momentum_reversion,all,range15_pct,range15_pct,0.5,1.0,48,1,-61.24,0.0,0.0,-61.24,61.24,0.0,-61.24,1,0,False,[-61.24],0.0,0.0,0.0,0.0
X02867,momentum_reversion,all,range15_pct,range15_pct,0.5,1.5,48,1,-61.24,0.0,0.0,-61.24,61.24,0.0,-61.24,1,0,False,[-61.24],0.0,0.0,0.0,0.0
X02868,momentum_reversion,all,range15_pct,range15_pct,0.5,2.0,48,1,-61.24,0.0,0.0,-61.24,61.24,0.0,-61.24,1,0,False,[-61.24],0.0,0.0,0.0,0.0
X03054,momentum_reversion,long_only,fixed,fixed,30.0,60.0,6,1,-61.24,0.0,0.0,-61.24,61.24,0.0,-61.24,1,0,False,[-61.24],0.0,0.0,0.0,0.0
X03055,momentum_reversion,long_only,fixed,fixed,30.0,80.0,6,1,-61.24,0.0,0.0,-61.24,61.24,0.0,-61.24,1,0,False,[-61.24],0.0,0.0,0.0,0.0
X03056,momentum_reversion,long_only,fixed,fixed,30.0,120.0,6,1,-61.24,0.0,0.0,-61.24,61.24,0.0,-61.24,1,0,False,[-61.24],0.0,0.0,0.0,0.0
X03154,momentum_reversion,long_only,range15_pct,range15_pct,0.5,1.0,6,1,-61.24,0.0,0.0,-61.24,61.24,0.0,-61.24,1,0,False,[-61.24],0.0,0.0,0.0,0.0
X03155,momentum_reversion,long_only,range15_pct,range15_pct,0.5,1.5,6,1,-61.24,0.0,0.0,-61.24,61.24,0.0,-61.24,1,0,False,[-61.24],0.0,0.0,0.0,0.0
X03156,momentum_reversion,long_only,range15_pct,range15_pct,0.5,2.0,6,1,-61.24,0.0,0.0,-61.24,61.24,0.0,-61.24,1,0,False,[-61.24],0.0,0.0,0.0,0.0
X03198,momentum_reversion,long_only,fixed,fixed,30.0,60.0,12,1,-61.24,0.0,0.0,-61.24,61.24,0.0,-61.24,1,0,False,[-61.24],0.0,0.0,0.0,0.0
X03199,momentum_reversion,long_only,fixed,fixed,30.0,80.0,12,1,-61.24,0.0,0.0,-61.24,61.24,0.0,-61.24,1,0,False,[-61.24],0.0,0.0,0.0,0.0
X03200,momentum_reversion,long_only,fixed,fixed,30.0,120.0,12,1,-61.24,0.0,0.0,-61.24,61.24,0.0,-61.24,1,0,False,[-61.24],0.0,0.0,0.0,0.0
X03298,momentum_reversion,long_only,range15_pct,range15_pct,0.5,1.0,12,1,-61.24,0.0,0.0,-61.24,61.24,0.0,-61.24,1,0,False,[-61.24],0.0,0.0,0.0,0.0
X03299,momentum_reversion,long_only,range15_pct,range15_pct,0.5,1.5,12,1,-61.24,0.0,0.0,-61.24,61.24,0.0,-61.24,1,0,False,[-61.24],0.0,0.0,0.0,0.0
X03300,momentum_reversion,long_only,range15_pct,range15_pct,0.5,2.0,12,1,-61.24,0.0,0.0,-61.24,61.24,0.0,-61.24,1,0,False,[-61.24],0.0,0.0,0.0,0.0
X03342,momentum_reversion,long_only,fixed,fixed,30.0,60.0,24,1,-61.24,0.0,0.0,-61.24,61.24,0.0,-61.24,1,0,False,[-61.24],0.0,0.0,0.0,0.0
X03343,momentum_reversion,long_only,fixed,fixed,30.0,80.0,24,1,-61.24,0.0,0.0,-61.24,61.24,0.0,-61.24,1,0,False,[-61.24],0.0,0.0,0.0,0.0
X03344,momentum_reversion,long_only,fixed,fixed,30.0,120.0,24,1,-61.24,0.0,0.0,-61.24,61.24,0.0,-61.24,1,0,False,[-61.24],0.0,0.0,0.0,0.0
X03442,momentum_reversion,long_only,range15_pct,range15_pct,0.5,1.0,24,1,-61.24,0.0,0.0,-61.24,61.24,0.0,-61.24,1,0,False,[-61.24],0.0,0.0,0.0,0.0
X03443,momentum_reversion,long_only,range15_pct,range15_pct,0.5,1.5,24,1,-61.24,0.0,0.0,-61.24,61.24,0.0,-61.24,1,0,False,[-61.24],0.0,0.0,0.0,0.0
X03444,momentum_reversion,long_only,range15_pct,range15_pct,0.5,2.0,24,1,-61.24,0.0,0.0,-61.24,61.24,0.0,-61.24,1,0,False,[-61.24],0.0,0.0,0.0,0.0
X03486,momentum_reversion,long_only,fixed,fixed,30.0,60.0,48,1,-61.24,0.0,0.0,-61.24,61.24,0.0,-61.24,1,0,False,[-61.24],0.0,0.0,0.0,0.0
X03487,momentum_reversion,long_only,fixed,fixed,30.0,80.0,48,1,-61.24,0.0,0.0,-61.24,61.24,0.0,-61.24,1,0,False,[-61.24],0.0,0.0,0.0,0.0
X03488,momentum_reversion,long_only,fixed,fixed,30.0,120.0,48,1,-61.24,0.0,0.0,-61.24,61.24,0.0,-61.24,1,0,False,[-61.24],0.0,0.0,0.0,0.0
X03586,momentum_reversion,long_only,range15_pct,range15_pct,0.5,1.0,48,1,-61.24,0.0,0.0,-61.24,61.24,0.0,-61.24,1,0,False,[-61.24],0.0,0.0,0.0,0.0
X03587,momentum_reversion,long_only,range15_pct,range15_pct,0.5,1.5,48,1,-61.24,0.0,0.0,-61.24,61.24,0.0,-61.24,1,0,False,[-61.24],0.0,0.0,0.0,0.0
X03588,momentum_reversion,long_only,range15_pct,range15_pct,0.5,2.0,48,1,-61.24,0.0,0.0,-61.24,61.24,0.0,-61.24,1,0,False,[-61.24],0.0,0.0,0.0,0.0
X02370,momentum_reversion,all,atr,atr,1.0,2.0,6,1,-61.74,0.0,0.0,-61.74,61.74,0.0,-61.74,1,0,False,[-61.74],0.0,0.0,0.0,0.0
X02371,momentum_reversion,all,atr,atr,1.0,3.0,6,1,-61.74,0.0,0.0,-61.74,61.74,0.0,-61.74,1,0,False,[-61.74],0.0,0.0,0.0,0.0
X02372,momentum_reversion,all,atr,atr,1.0,4.0,6,1,-61.74,0.0,0.0,-61.74,61.74,0.0,-61.74,1,0,False,[-61.74],0.0,0.0,0.0,0.0
X02514,momentum_reversion,all,atr,atr,1.0,2.0,12,1,-61.74,0.0,0.0,-61.74,61.74,0.0,-61.74,1,0,False,[-61.74],0.0,0.0,0.0,0.0
X02515,momentum_reversion,all,atr,atr,1.0,3.0,12,1,-61.74,0.0,0.0,-61.74,61.74,0.0,-61.74,1,0,False,[-61.74],0.0,0.0,0.0,0.0
X02516,momentum_reversion,all,atr,atr,1.0,4.0,12,1,-61.74,0.0,0.0,-61.74,61.74,0.0,-61.74,1,0,False,[-61.74],0.0,0.0,0.0,0.0
X02658,momentum_reversion,all,atr,atr,1.0,2.0,24,1,-61.74,0.0,0.0,-61.74,61.74,0.0,-61.74,1,0,False,[-61.74],0.0,0.0,0.0,0.0
X02659,momentum_reversion,all,atr,atr,1.0,3.0,24,1,-61.74,0.0,0.0,-61.74,61.74,0.0,-61.74,1,0,False,[-61.74],0.0,0.0,0.0,0.0
X02660,momentum_reversion,all,atr,atr,1.0,4.0,24,1,-61.74,0.0,0.0,-61.74,61.74,0.0,-61.74,1,0,False,[-61.74],0.0,0.0,0.0,0.0
X02802,momentum_reversion,all,atr,atr,1.0,2.0,48,1,-61.74,0.0,0.0,-61.74,61.74,0.0,-61.74,1,0,False,[-61.74],0.0,0.0,0.0,0.0
X02803,momentum_reversion,all,atr,atr,1.0,3.0,48,1,-61.74,0.0,0.0,-61.74,61.74,0.0,-61.74,1,0,False,[-61.74],0.0,0.0,0.0,0.0
X02804,momentum_reversion,all,atr,atr,1.0,4.0,48,1,-61.74,0.0,0.0,-61.74,61.74,0.0,-61.74,1,0,False,[-61.74],0.0,0.0,0.0,0.0
X03090,momentum_reversion,long_only,atr,atr,1.0,2.0,6,1,-61.74,0.0,0.0,-61.74,61.74,0.0,-61.74,1,0,False,[-61.74],0.0,0.0,0.0,0.0
X03091,momentum_reversion,long_only,atr,atr,1.0,3.0,6,1,-61.74,0.0,0.0,-61.74,61.74,0.0,-61.74,1,0,False,[-61.74],0.0,0.0,0.0,0.0
X03092,momentum_reversion,long_only,atr,atr,1.0,4.0,6,1,-61.74,0.0,0.0,-61.74,61.74,0.0,-61.74,1,0,False,[-61.74],0.0,0.0,0.0,0.0
X03234,momentum_reversion,long_only,atr,atr,1.0,2.0,12,1,-61.74,0.0,0.0,-61.74,61.74,0.0,-61.74,1,0,False,[-61.74],0.0,0.0,0.0,0.0
X03235,momentum_reversion,long_only,atr,atr,1.0,3.0,12,1,-61.74,0.0,0.0,-61.74,61.74,0.0,-61.74,1,0,False,[-61.74],0.0,0.0,0.0,0.0
X03236,momentum_reversion,long_only,atr,atr,1.0,4.0,12,1,-61.74,0.0,0.0,-61.74,61.74,0.0,-61.74,1,0,False,[-61.74],0.0,0.0,0.0,0.0
X03378,momentum_reversion,long_only,atr,atr,1.0,2.0,24,1,-61.74,0.0,0.0,-61.74,61.74,0.0,-61.74,1,0,False,[-61.74],0.0,0.0,0.0,0.0
X03379,momentum_reversion,long_only,atr,atr,1.0,3.0,24,1,-61.74,0.0,0.0,-61.74,61.74,0.0,-61.74,1,0,False,[-61.74],0.0,0.0,0.0,0.0
X03380,momentum_reversion,long_only,atr,atr,1.0,4.0,24,1,-61.74,0.0,0.0,-61.74,61.74,0.0,-61.74,1,0,False,[-61.74],0.0,0.0,0.0,0.0
X03522,momentum_reversion,long_only,atr,atr,1.0,2.0,48,1,-61.74,0.0,0.0,-61.74,61.74,0.0,-61.74,1,0,False,[-61.74],0.0,0.0,0.0,0.0
X03523,momentum_reversion,long_only,atr,atr,1.0,3.0,48,1,-61.74,0.0,0.0,-61.74,61.74,0.0,-61.74,1,0,False,[-61.74],0.0,0.0,0.0,0.0
X03524,momentum_reversion,long_only,atr,atr,1.0,4.0,48,1,-61.74,0.0,0.0,-61.74,61.74,0.0,-61.74,1,0,False,[-61.74],0.0,0.0,0.0,0.0
X02376,momentum_reversion,all,atr,atr,1.25,2.0,6,1,-77.24,0.0,0.0,-77.24,77.24,0.0,-77.24,1,0,False,[-77.24],0.0,0.0,0.0,0.0
X02377,momentum_reversion,all,atr,atr,1.25,3.0,6,1,-77.24,0.0,0.0,-77.24,77.24,0.0,-77.24,1,0,False,[-77.24],0.0,0.0,0.0,0.0
X02378,momentum_reversion,all,atr,atr,1.25,4.0,6,1,-77.24,0.0,0.0,-77.24,77.24,0.0,-77.24,1,0,False,[-77.24],0.0,0.0,0.0,0.0
X02520,momentum_reversion,all,atr,atr,1.25,2.0,12,1,-77.24,0.0,0.0,-77.24,77.24,0.0,-77.24,1,0,False,[-77.24],0.0,0.0,0.0,0.0
X02521,momentum_reversion,all,atr,atr,1.25,3.0,12,1,-77.24,0.0,0.0,-77.24,77.24,0.0,-77.24,1,0,False,[-77.24],0.0,0.0,0.0,0.0
X02522,momentum_reversion,all,atr,atr,1.25,4.0,12,1,-77.24,0.0,0.0,-77.24,77.24,0.0,-77.24,1,0,False,[-77.24],0.0,0.0,0.0,0.0
X02664,momentum_reversion,all,atr,atr,1.25,2.0,24,1,-77.24,0.0,0.0,-77.24,77.24,0.0,-77.24,1,0,False,[-77.24],0.0,0.0,0.0,0.0
X02665,momentum_reversion,all,atr,atr,1.25,3.0,24,1,-77.24,0.0,0.0,-77.24,77.24,0.0,-77.24,1,0,False,[-77.24],0.0,0.0,0.0,0.0
X02666,momentum_reversion,all,atr,atr,1.25,4.0,24,1,-77.24,0.0,0.0,-77.24,77.24,0.0,-77.24,1,0,False,[-77.24],0.0,0.0,0.0,0.0
X02808,momentum_reversion,all,atr,atr,1.25,2.0,48,1,-77.24,0.0,0.0,-77.24,77.24,0.0,-77.24,1,0,False,[-77.24],0.0,0.0,0.0,0.0
X02809,momentum_reversion,all,atr,atr,1.25,3.0,48,1,-77.24,0.0,0.0,-77.24,77.24,0.0,-77.24,1,0,False,[-77.24],0.0,0.0,0.0,0.0
X02810,momentum_reversion,all,atr,atr,1.25,4.0,48,1,-77.24,0.0,0.0,-77.24,77.24,0.0,-77.24,1,0,False,[-77.24],0.0,0.0,0.0,0.0
X03096,momentum_reversion,long_only,atr,atr,1.25,2.0,6,1,-77.24,0.0,0.0,-77.24,77.24,0.0,-77.24,1,0,False,[-77.24],0.0,0.0,0.0,0.0
X03097,momentum_reversion,long_only,atr,atr,1.25,3.0,6,1,-77.24,0.0,0.0,-77.24,77.24,0.0,-77.24,1,0,False,[-77.24],0.0,0.0,0.0,0.0
X03098,momentum_reversion,long_only,atr,atr,1.25,4.0,6,1,-77.24,0.0,0.0,-77.24,77.24,0.0,-77.24,1,0,False,[-77.24],0.0,0.0,0.0,0.0
X03240,momentum_reversion,long_only,atr,atr,1.25,2.0,12,1,-77.24,0.0,0.0,-77.24,77.24,0.0,-77.24,1,0,False,[-77.24],0.0,0.0,0.0,0.0
X03241,momentum_reversion,long_only,atr,atr,1.25,3.0,12,1,-77.24,0.0,0.0,-77.24,77.24,0.0,-77.24,1,0,False,[-77.24],0.0,0.0,0.0,0.0
X03242,momentum_reversion,long_only,atr,atr,1.25,4.0,12,1,-77.24,0.0,0.0,-77.24,77.24,0.0,-77.24,1,0,False,[-77.24],0.0,0.0,0.0,0.0
X03384,momentum_reversion,long_only,atr,atr,1.25,2.0,24,1,-77.24,0.0,0.0,-77.24,77.24,0.0,-77.24,1,0,False,[-77.24],0.0,0.0,0.0,0.0
X03385,momentum_reversion,long_only,atr,atr,1.25,3.0,24,1,-77.24,0.0,0.0,-77.24,77.24,0.0,-77.24,1,0,False,[-77.24],0.0,0.0,0.0,0.0
X03386,momentum_reversion,long_only,atr,atr,1.25,4.0,24,1,-77.24,0.0,0.0,-77.24,77.24,0.0,-77.24,1,0,False,[-77.24],0.0,0.0,0.0,0.0
X03528,momentum_reversion,long_only,atr,atr,1.25,2.0,48,1,-77.24,0.0,0.0,-77.24,77.24,0.0,-77.24,1,0,False,[-77.24],0.0,0.0,0.0,0.0
X03529,momentum_reversion,long_only,atr,atr,1.25,3.0,48,1,-77.24,0.0,0.0,-77.24,77.24,0.0,-77.24,1,0,False,[-77.24],0.0,0.0,0.0,0.0
X03530,momentum_reversion,long_only,atr,atr,1.25,4.0,48,1,-77.24,0.0,0.0,-77.24,77.24,0.0,-77.24,1,0,False,[-77.24],0.0,0.0,0.0,0.0
X02405,momentum_reversion,all,atr_blend,atr_blend,1.0,1.5,6,1,-78.74,0.0,0.0,-78.74,78.74,0.0,-78.74,1,0,False,[-78.74],0.0,0.0,0.0,0.0
X02406,momentum_reversion,all,atr_blend,atr_blend,1.0,2.0,6,1,-78.74,0.0,0.0,-78.74,78.74,0.0,-78.74,1,0,False,[-78.74],0.0,0.0,0.0,0.0
X02407,momentum_reversion,all,atr_blend,atr_blend,1.0,3.0,6,1,-78.74,0.0,0.0,-78.74,78.74,0.0,-78.74,1,0,False,[-78.74],0.0,0.0,0.0,0.0
X02408,momentum_reversion,all,atr_blend,atr_blend,1.0,4.0,6,1,-78.74,0.0,0.0,-78.74,78.74,0.0,-78.74,1,0,False,[-78.74],0.0,0.0,0.0,0.0
X02549,momentum_reversion,all,atr_blend,atr_blend,1.0,1.5,12,1,-78.74,0.0,0.0,-78.74,78.74,0.0,-78.74,1,0,False,[-78.74],0.0,0.0,0.0,0.0
X02550,momentum_reversion,all,atr_blend,atr_blend,1.0,2.0,12,1,-78.74,0.0,0.0,-78.74,78.74,0.0,-78.74,1,0,False,[-78.74],0.0,0.0,0.0,0.0
X02551,momentum_reversion,all,atr_blend,atr_blend,1.0,3.0,12,1,-78.74,0.0,0.0,-78.74,78.74,0.0,-78.74,1,0,False,[-78.74],0.0,0.0,0.0,0.0
X02552,momentum_reversion,all,atr_blend,atr_blend,1.0,4.0,12,1,-78.74,0.0,0.0,-78.74,78.74,0.0,-78.74,1,0,False,[-78.74],0.0,0.0,0.0,0.0
X02693,momentum_reversion,all,atr_blend,atr_blend,1.0,1.5,24,1,-78.74,0.0,0.0,-78.74,78.74,0.0,-78.74,1,0,False,[-78.74],0.0,0.0,0.0,0.0
X02694,momentum_reversion,all,atr_blend,atr_blend,1.0,2.0,24,1,-78.74,0.0,0.0,-78.74,78.74,0.0,-78.74,1,0,False,[-78.74],0.0,0.0,0.0,0.0
X02695,momentum_reversion,all,atr_blend,atr_blend,1.0,3.0,24,1,-78.74,0.0,0.0,-78.74,78.74,0.0,-78.74,1,0,False,[-78.74],0.0,0.0,0.0,0.0
X02696,momentum_reversion,all,atr_blend,atr_blend,1.0,4.0,24,1,-78.74,0.0,0.0,-78.74,78.74,0.0,-78.74,1,0,False,[-78.74],0.0,0.0,0.0,0.0
X02837,momentum_reversion,all,atr_blend,atr_blend,1.0,1.5,48,1,-78.74,0.0,0.0,-78.74,78.74,0.0,-78.74,1,0,False,[-78.74],0.0,0.0,0.0,0.0
X02838,momentum_reversion,all,atr_blend,atr_blend,1.0,2.0,48,1,-78.74,0.0,0.0,-78.74,78.74,0.0,-78.74,1,0,False,[-78.74],0.0,0.0,0.0,0.0
X02839,momentum_reversion,all,atr_blend,atr_blend,1.0,3.0,48,1,-78.74,0.0,0.0,-78.74,78.74,0.0,-78.74,1,0,False,[-78.74],0.0,0.0,0.0,0.0
X02840,momentum_reversion,all,atr_blend,atr_blend,1.0,4.0,48,1,-78.74,0.0,0.0,-78.74,78.74,0.0,-78.74,1,0,False,[-78.74],0.0,0.0,0.0,0.0
X03125,momentum_reversion,long_only,atr_blend,atr_blend,1.0,1.5,6,1,-78.74,0.0,0.0,-78.74,78.74,0.0,-78.74,1,0,False,[-78.74],0.0,0.0,0.0,0.0
X03126,momentum_reversion,long_only,atr_blend,atr_blend,1.0,2.0,6,1,-78.74,0.0,0.0,-78.74,78.74,0.0,-78.74,1,0,False,[-78.74],0.0,0.0,0.0,0.0
X03127,momentum_reversion,long_only,atr_blend,atr_blend,1.0,3.0,6,1,-78.74,0.0,0.0,-78.74,78.74,0.0,-78.74,1,0,False,[-78.74],0.0,0.0,0.0,0.0
X03128,momentum_reversion,long_only,atr_blend,atr_blend,1.0,4.0,6,1,-78.74,0.0,0.0,-78.74,78.74,0.0,-78.74,1,0,False,[-78.74],0.0,0.0,0.0,0.0
X03269,momentum_reversion,long_only,atr_blend,atr_blend,1.0,1.5,12,1,-78.74,0.0,0.0,-78.74,78.74,0.0,-78.74,1,0,False,[-78.74],0.0,0.0,0.0,0.0
X03270,momentum_reversion,long_only,atr_blend,atr_blend,1.0,2.0,12,1,-78.74,0.0,0.0,-78.74,78.74,0.0,-78.74,1,0,False,[-78.74],0.0,0.0,0.0,0.0
X03271,momentum_reversion,long_only,atr_blend,atr_blend,1.0,3.0,12,1,-78.74,0.0,0.0,-78.74,78.74,0.0,-78.74,1,0,False,[-78.74],0.0,0.0,0.0,0.0
X03272,momentum_reversion,long_only,atr_blend,atr_blend,1.0,4.0,12,1,-78.74,0.0,0.0,-78.74,78.74,0.0,-78.74,1,0,False,[-78.74],0.0,0.0,0.0,0.0
X03413,momentum_reversion,long_only,atr_blend,atr_blend,1.0,1.5,24,1,-78.74,0.0,0.0,-78.74,78.74,0.0,-78.74,1,0,False,[-78.74],0.0,0.0,0.0,0.0
X03414,momentum_reversion,long_only,atr_blend,atr_blend,1.0,2.0,24,1,-78.74,0.0,0.0,-78.74,78.74,0.0,-78.74,1,0,False,[-78.74],0.0,0.0,0.0,0.0
X03415,momentum_reversion,long_only,atr_blend,atr_blend,1.0,3.0,24,1,-78.74,0.0,0.0,-78.74,78.74,0.0,-78.74,1,0,False,[-78.74],0.0,0.0,0.0,0.0
X03416,momentum_reversion,long_only,atr_blend,atr_blend,1.0,4.0,24,1,-78.74,0.0,0.0,-78.74,78.74,0.0,-78.74,1,0,False,[-78.74],0.0,0.0,0.0,0.0
X03557,momentum_reversion,long_only,atr_blend,atr_blend,1.0,1.5,48,1,-78.74,0.0,0.0,-78.74,78.74,0.0,-78.74,1,0,False,[-78.74],0.0,0.0,0.0,0.0
X03558,momentum_reversion,long_only,atr_blend,atr_blend,1.0,2.0,48,1,-78.74,0.0,0.0,-78.74,78.74,0.0,-78.74,1,0,False,[-78.74],0.0,0.0,0.0,0.0
X03559,momentum_reversion,long_only,atr_blend,atr_blend,1.0,3.0,48,1,-78.74,0.0,0.0,-78.74,78.74,0.0,-78.74,1,0,False,[-78.74],0.0,0.0,0.0,0.0
X03560,momentum_reversion,long_only,atr_blend,atr_blend,1.0,4.0,48,1,-78.74,0.0,0.0,-78.74,78.74,0.0,-78.74,1,0,False,[-78.74],0.0,0.0,0.0,0.0
X01943,icefishball,short_only,atr,atr,1.25,1.5,24,3,-238.72,0.0,0.0,-79.5733,238.72,0.0,-238.72,3,0,False,"[-59.24, -142.74, -36.74]",0.0,0.0,0.0,0.0
X01944,icefishball,short_only,atr,atr,1.25,2.0,24,3,-238.72,0.0,0.0,-79.5733,238.72,0.0,-238.72,3,0,False,"[-59.24, -142.74, -36.74]",0.0,0.0,0.0,0.0
X01945,icefishball,short_only,atr,atr,1.25,3.0,24,3,-238.72,0.0,0.0,-79.5733,238.72,0.0,-238.72,3,0,False,"[-59.24, -142.74, -36.74]",0.0,0.0,0.0,0.0
X01946,icefishball,short_only,atr,atr,1.25,4.0,24,3,-238.72,0.0,0.0,-79.5733,238.72,0.0,-238.72,3,0,False,"[-59.24, -142.74, -36.74]",0.0,0.0,0.0,0.0
X02342,momentum_reversion,all,fixed,fixed,40.0,60.0,6,1,-81.24,0.0,0.0,-81.24,81.24,0.0,-81.24,1,0,False,[-81.24],0.0,0.0,0.0,0.0
X02343,momentum_reversion,all,fixed,fixed,40.0,80.0,6,1,-81.24,0.0,0.0,-81.24,81.24,0.0,-81.24,1,0,False,[-81.24],0.0,0.0,0.0,0.0
X02344,momentum_reversion,all,fixed,fixed,40.0,120.0,6,1,-81.24,0.0,0.0,-81.24,81.24,0.0,-81.24,1,0,False,[-81.24],0.0,0.0,0.0,0.0
X02486,momentum_reversion,all,fixed,fixed,40.0,60.0,12,1,-81.24,0.0,0.0,-81.24,81.24,0.0,-81.24,1,0,False,[-81.24],0.0,0.0,0.0,0.0
X02487,momentum_reversion,all,fixed,fixed,40.0,80.0,12,1,-81.24,0.0,0.0,-81.24,81.24,0.0,-81.24,1,0,False,[-81.24],0.0,0.0,0.0,0.0
X02488,momentum_reversion,all,fixed,fixed,40.0,120.0,12,1,-81.24,0.0,0.0,-81.24,81.24,0.0,-81.24,1,0,False,[-81.24],0.0,0.0,0.0,0.0
X02630,momentum_reversion,all,fixed,fixed,40.0,60.0,24,1,-81.24,0.0,0.0,-81.24,81.24,0.0,-81.24,1,0,False,[-81.24],0.0,0.0,0.0,0.0
X02631,momentum_reversion,all,fixed,fixed,40.0,80.0,24,1,-81.24,0.0,0.0,-81.24,81.24,0.0,-81.24,1,0,False,[-81.24],0.0,0.0,0.0,0.0
X02632,momentum_reversion,all,fixed,fixed,40.0,120.0,24,1,-81.24,0.0,0.0,-81.24,81.24,0.0,-81.24,1,0,False,[-81.24],0.0,0.0,0.0,0.0
X02774,momentum_reversion,all,fixed,fixed,40.0,60.0,48,1,-81.24,0.0,0.0,-81.24,81.24,0.0,-81.24,1,0,False,[-81.24],0.0,0.0,0.0,0.0
X02775,momentum_reversion,all,fixed,fixed,40.0,80.0,48,1,-81.24,0.0,0.0,-81.24,81.24,0.0,-81.24,1,0,False,[-81.24],0.0,0.0,0.0,0.0
X02776,momentum_reversion,all,fixed,fixed,40.0,120.0,48,1,-81.24,0.0,0.0,-81.24,81.24,0.0,-81.24,1,0,False,[-81.24],0.0,0.0,0.0,0.0
X03062,momentum_reversion,long_only,fixed,fixed,40.0,60.0,6,1,-81.24,0.0,0.0,-81.24,81.24,0.0,-81.24,1,0,False,[-81.24],0.0,0.0,0.0,0.0
X03063,momentum_reversion,long_only,fixed,fixed,40.0,80.0,6,1,-81.24,0.0,0.0,-81.24,81.24,0.0,-81.24,1,0,False,[-81.24],0.0,0.0,0.0,0.0
X03064,momentum_reversion,long_only,fixed,fixed,40.0,120.0,6,1,-81.24,0.0,0.0,-81.24,81.24,0.0,-81.24,1,0,False,[-81.24],0.0,0.0,0.0,0.0
X03206,momentum_reversion,long_only,fixed,fixed,40.0,60.0,12,1,-81.24,0.0,0.0,-81.24,81.24,0.0,-81.24,1,0,False,[-81.24],0.0,0.0,0.0,0.0
X03207,momentum_reversion,long_only,fixed,fixed,40.0,80.0,12,1,-81.24,0.0,0.0,-81.24,81.24,0.0,-81.24,1,0,False,[-81.24],0.0,0.0,0.0,0.0
X03208,momentum_reversion,long_only,fixed,fixed,40.0,120.0,12,1,-81.24,0.0,0.0,-81.24,81.24,0.0,-81.24,1,0,False,[-81.24],0.0,0.0,0.0,0.0
X03350,momentum_reversion,long_only,fixed,fixed,40.0,60.0,24,1,-81.24,0.0,0.0,-81.24,81.24,0.0,-81.24,1,0,False,[-81.24],0.0,0.0,0.0,0.0
X03351,momentum_reversion,long_only,fixed,fixed,40.0,80.0,24,1,-81.24,0.0,0.0,-81.24,81.24,0.0,-81.24,1,0,False,[-81.24],0.0,0.0,0.0,0.0
X03352,momentum_reversion,long_only,fixed,fixed,40.0,120.0,24,1,-81.24,0.0,0.0,-81.24,81.24,0.0,-81.24,1,0,False,[-81.24],0.0,0.0,0.0,0.0
X03494,momentum_reversion,long_only,fixed,fixed,40.0,60.0,48,1,-81.24,0.0,0.0,-81.24,81.24,0.0,-81.24,1,0,False,[-81.24],0.0,0.0,0.0,0.0
X03495,momentum_reversion,long_only,fixed,fixed,40.0,80.0,48,1,-81.24,0.0,0.0,-81.24,81.24,0.0,-81.24,1,0,False,[-81.24],0.0,0.0,0.0,0.0
X03496,momentum_reversion,long_only,fixed,fixed,40.0,120.0,48,1,-81.24,0.0,0.0,-81.24,81.24,0.0,-81.24,1,0,False,[-81.24],0.0,0.0,0.0,0.0
X01986,icefishball,short_only,atr_blend,atr_blend,1.5,2.0,24,3,-248.22,0.0,0.0,-82.74,248.22,0.0,-248.22,3,0,False,"[-75.24, -136.24, -36.74]",0.0,0.0,0.0,0.0
X01987,icefishball,short_only,atr_blend,atr_blend,1.5,3.0,24,3,-248.22,0.0,0.0,-82.74,248.22,0.0,-248.22,3,0,False,"[-75.24, -136.24, -36.74]",0.0,0.0,0.0,0.0
X01988,icefishball,short_only,atr_blend,atr_blend,1.5,4.0,24,3,-248.22,0.0,0.0,-82.74,248.22,0.0,-248.22,3,0,False,"[-75.24, -136.24, -36.74]",0.0,0.0,0.0,0.0
X02438,momentum_reversion,all,range15_pct,range15_pct,0.75,1.0,6,1,-91.24,0.0,0.0,-91.24,91.24,0.0,-91.24,1,0,False,[-91.24],0.0,0.0,0.0,0.0
X02439,momentum_reversion,all,range15_pct,range15_pct,0.75,1.5,6,1,-91.24,0.0,0.0,-91.24,91.24,0.0,-91.24,1,0,False,[-91.24],0.0,0.0,0.0,0.0
X02440,momentum_reversion,all,range15_pct,range15_pct,0.75,2.0,6,1,-91.24,0.0,0.0,-91.24,91.24,0.0,-91.24,1,0,False,[-91.24],0.0,0.0,0.0,0.0
X02582,momentum_reversion,all,range15_pct,range15_pct,0.75,1.0,12,1,-91.24,0.0,0.0,-91.24,91.24,0.0,-91.24,1,0,False,[-91.24],0.0,0.0,0.0,0.0
X02583,momentum_reversion,all,range15_pct,range15_pct,0.75,1.5,12,1,-91.24,0.0,0.0,-91.24,91.24,0.0,-91.24,1,0,False,[-91.24],0.0,0.0,0.0,0.0
X02584,momentum_reversion,all,range15_pct,range15_pct,0.75,2.0,12,1,-91.24,0.0,0.0,-91.24,91.24,0.0,-91.24,1,0,False,[-91.24],0.0,0.0,0.0,0.0
X02726,momentum_reversion,all,range15_pct,range15_pct,0.75,1.0,24,1,-91.24,0.0,0.0,-91.24,91.24,0.0,-91.24,1,0,False,[-91.24],0.0,0.0,0.0,0.0
X02727,momentum_reversion,all,range15_pct,range15_pct,0.75,1.5,24,1,-91.24,0.0,0.0,-91.24,91.24,0.0,-91.24,1,0,False,[-91.24],0.0,0.0,0.0,0.0
X02728,momentum_reversion,all,range15_pct,range15_pct,0.75,2.0,24,1,-91.24,0.0,0.0,-91.24,91.24,0.0,-91.24,1,0,False,[-91.24],0.0,0.0,0.0,0.0
X02870,momentum_reversion,all,range15_pct,range15_pct,0.75,1.0,48,1,-91.24,0.0,0.0,-91.24,91.24,0.0,-91.24,1,0,False,[-91.24],0.0,0.0,0.0,0.0
X02871,momentum_reversion,all,range15_pct,range15_pct,0.75,1.5,48,1,-91.24,0.0,0.0,-91.24,91.24,0.0,-91.24,1,0,False,[-91.24],0.0,0.0,0.0,0.0
X02872,momentum_reversion,all,range15_pct,range15_pct,0.75,2.0,48,1,-91.24,0.0,0.0,-91.24,91.24,0.0,-91.24,1,0,False,[-91.24],0.0,0.0,0.0,0.0
X03158,momentum_reversion,long_only,range15_pct,range15_pct,0.75,1.0,6,1,-91.24,0.0,0.0,-91.24,91.24,0.0,-91.24,1,0,False,[-91.24],0.0,0.0,0.0,0.0
X03159,momentum_reversion,long_only,range15_pct,range15_pct,0.75,1.5,6,1,-91.24,0.0,0.0,-91.24,91.24,0.0,-91.24,1,0,False,[-91.24],0.0,0.0,0.0,0.0
X03160,momentum_reversion,long_only,range15_pct,range15_pct,0.75,2.0,6,1,-91.24,0.0,0.0,-91.24,91.24,0.0,-91.24,1,0,False,[-91.24],0.0,0.0,0.0,0.0
X03302,momentum_reversion,long_only,range15_pct,range15_pct,0.75,1.0,12,1,-91.24,0.0,0.0,-91.24,91.24,0.0,-91.24,1,0,False,[-91.24],0.0,0.0,0.0,0.0
X03303,momentum_reversion,long_only,range15_pct,range15_pct,0.75,1.5,12,1,-91.24,0.0,0.0,-91.24,91.24,0.0,-91.24,1,0,False,[-91.24],0.0,0.0,0.0,0.0
X03304,momentum_reversion,long_only,range15_pct,range15_pct,0.75,2.0,12,1,-91.24,0.0,0.0,-91.24,91.24,0.0,-91.24,1,0,False,[-91.24],0.0,0.0,0.0,0.0
X03446,momentum_reversion,long_only,range15_pct,range15_pct,0.75,1.0,24,1,-91.24,0.0,0.0,-91.24,91.24,0.0,-91.24,1,0,False,[-91.24],0.0,0.0,0.0,0.0
X03447,momentum_reversion,long_only,range15_pct,range15_pct,0.75,1.5,24,1,-91.24,0.0,0.0,-91.24,91.24,0.0,-91.24,1,0,False,[-91.24],0.0,0.0,0.0,0.0
X03448,momentum_reversion,long_only,range15_pct,range15_pct,0.75,2.0,24,1,-91.24,0.0,0.0,-91.24,91.24,0.0,-91.24,1,0,False,[-91.24],0.0,0.0,0.0,0.0
X03590,momentum_reversion,long_only,range15_pct,range15_pct,0.75,1.0,48,1,-91.24,0.0,0.0,-91.24,91.24,0.0,-91.24,1,0,False,[-91.24],0.0,0.0,0.0,0.0
X03591,momentum_reversion,long_only,range15_pct,range15_pct,0.75,1.5,48,1,-91.24,0.0,0.0,-91.24,91.24,0.0,-91.24,1,0,False,[-91.24],0.0,0.0,0.0,0.0
X03592,momentum_reversion,long_only,range15_pct,range15_pct,0.75,2.0,48,1,-91.24,0.0,0.0,-91.24,91.24,0.0,-91.24,1,0,False,[-91.24],0.0,0.0,0.0,0.0
X02382,momentum_reversion,all,atr,atr,1.5,2.0,6,1,-92.24,0.0,0.0,-92.24,92.24,0.0,-92.24,1,0,False,[-92.24],0.0,0.0,0.0,0.0
X02383,momentum_reversion,all,atr,atr,1.5,3.0,6,1,-92.24,0.0,0.0,-92.24,92.24,0.0,-92.24,1,0,False,[-92.24],0.0,0.0,0.0,0.0
X02384,momentum_reversion,all,atr,atr,1.5,4.0,6,1,-92.24,0.0,0.0,-92.24,92.24,0.0,-92.24,1,0,False,[-92.24],0.0,0.0,0.0,0.0
X02526,momentum_reversion,all,atr,atr,1.5,2.0,12,1,-92.24,0.0,0.0,-92.24,92.24,0.0,-92.24,1,0,False,[-92.24],0.0,0.0,0.0,0.0
X02527,momentum_reversion,all,atr,atr,1.5,3.0,12,1,-92.24,0.0,0.0,-92.24,92.24,0.0,-92.24,1,0,False,[-92.24],0.0,0.0,0.0,0.0
X02528,momentum_reversion,all,atr,atr,1.5,4.0,12,1,-92.24,0.0,0.0,-92.24,92.24,0.0,-92.24,1,0,False,[-92.24],0.0,0.0,0.0,0.0
X02670,momentum_reversion,all,atr,atr,1.5,2.0,24,1,-92.24,0.0,0.0,-92.24,92.24,0.0,-92.24,1,0,False,[-92.24],0.0,0.0,0.0,0.0
X02671,momentum_reversion,all,atr,atr,1.5,3.0,24,1,-92.24,0.0,0.0,-92.24,92.24,0.0,-92.24,1,0,False,[-92.24],0.0,0.0,0.0,0.0
X02672,momentum_reversion,all,atr,atr,1.5,4.0,24,1,-92.24,0.0,0.0,-92.24,92.24,0.0,-92.24,1,0,False,[-92.24],0.0,0.0,0.0,0.0
X02814,momentum_reversion,all,atr,atr,1.5,2.0,48,1,-92.24,0.0,0.0,-92.24,92.24,0.0,-92.24,1,0,False,[-92.24],0.0,0.0,0.0,0.0
X02815,momentum_reversion,all,atr,atr,1.5,3.0,48,1,-92.24,0.0,0.0,-92.24,92.24,0.0,-92.24,1,0,False,[-92.24],0.0,0.0,0.0,0.0
X02816,momentum_reversion,all,atr,atr,1.5,4.0,48,1,-92.24,0.0,0.0,-92.24,92.24,0.0,-92.24,1,0,False,[-92.24],0.0,0.0,0.0,0.0
X03102,momentum_reversion,long_only,atr,atr,1.5,2.0,6,1,-92.24,0.0,0.0,-92.24,92.24,0.0,-92.24,1,0,False,[-92.24],0.0,0.0,0.0,0.0
X03103,momentum_reversion,long_only,atr,atr,1.5,3.0,6,1,-92.24,0.0,0.0,-92.24,92.24,0.0,-92.24,1,0,False,[-92.24],0.0,0.0,0.0,0.0
X03104,momentum_reversion,long_only,atr,atr,1.5,4.0,6,1,-92.24,0.0,0.0,-92.24,92.24,0.0,-92.24,1,0,False,[-92.24],0.0,0.0,0.0,0.0
X03246,momentum_reversion,long_only,atr,atr,1.5,2.0,12,1,-92.24,0.0,0.0,-92.24,92.24,0.0,-92.24,1,0,False,[-92.24],0.0,0.0,0.0,0.0
X03247,momentum_reversion,long_only,atr,atr,1.5,3.0,12,1,-92.24,0.0,0.0,-92.24,92.24,0.0,-92.24,1,0,False,[-92.24],0.0,0.0,0.0,0.0
X03248,momentum_reversion,long_only,atr,atr,1.5,4.0,12,1,-92.24,0.0,0.0,-92.24,92.24,0.0,-92.24,1,0,False,[-92.24],0.0,0.0,0.0,0.0
X03390,momentum_reversion,long_only,atr,atr,1.5,2.0,24,1,-92.24,0.0,0.0,-92.24,92.24,0.0,-92.24,1,0,False,[-92.24],0.0,0.0,0.0,0.0
X03391,momentum_reversion,long_only,atr,atr,1.5,3.0,24,1,-92.24,0.0,0.0,-92.24,92.24,0.0,-92.24,1,0,False,[-92.24],0.0,0.0,0.0,0.0
X03392,momentum_reversion,long_only,atr,atr,1.5,4.0,24,1,-92.24,0.0,0.0,-92.24,92.24,0.0,-92.24,1,0,False,[-92.24],0.0,0.0,0.0,0.0
X03534,momentum_reversion,long_only,atr,atr,1.5,2.0,48,1,-92.24,0.0,0.0,-92.24,92.24,0.0,-92.24,1,0,False,[-92.24],0.0,0.0,0.0,0.0
X03535,momentum_reversion,long_only,atr,atr,1.5,3.0,48,1,-92.24,0.0,0.0,-92.24,92.24,0.0,-92.24,1,0,False,[-92.24],0.0,0.0,0.0,0.0
X03536,momentum_reversion,long_only,atr,atr,1.5,4.0,48,1,-92.24,0.0,0.0,-92.24,92.24,0.0,-92.24,1,0,False,[-92.24],0.0,0.0,0.0,0.0
X02411,momentum_reversion,all,atr_blend,atr_blend,1.25,1.5,6,1,-97.74,0.0,0.0,-97.74,97.74,0.0,-97.74,1,0,False,[-97.74],0.0,0.0,0.0,0.0
X02412,momentum_reversion,all,atr_blend,atr_blend,1.25,2.0,6,1,-97.74,0.0,0.0,-97.74,97.74,0.0,-97.74,1,0,False,[-97.74],0.0,0.0,0.0,0.0
X02413,momentum_reversion,all,atr_blend,atr_blend,1.25,3.0,6,1,-97.74,0.0,0.0,-97.74,97.74,0.0,-97.74,1,0,False,[-97.74],0.0,0.0,0.0,0.0
X02414,momentum_reversion,all,atr_blend,atr_blend,1.25,4.0,6,1,-97.74,0.0,0.0,-97.74,97.74,0.0,-97.74,1,0,False,[-97.74],0.0,0.0,0.0,0.0
X02555,momentum_reversion,all,atr_blend,atr_blend,1.25,1.5,12,1,-97.74,0.0,0.0,-97.74,97.74,0.0,-97.74,1,0,False,[-97.74],0.0,0.0,0.0,0.0
X02556,momentum_reversion,all,atr_blend,atr_blend,1.25,2.0,12,1,-97.74,0.0,0.0,-97.74,97.74,0.0,-97.74,1,0,False,[-97.74],0.0,0.0,0.0,0.0
X02557,momentum_reversion,all,atr_blend,atr_blend,1.25,3.0,12,1,-97.74,0.0,0.0,-97.74,97.74,0.0,-97.74,1,0,False,[-97.74],0.0,0.0,0.0,0.0
X02558,momentum_reversion,all,atr_blend,atr_blend,1.25,4.0,12,1,-97.74,0.0,0.0,-97.74,97.74,0.0,-97.74,1,0,False,[-97.74],0.0,0.0,0.0,0.0
X02699,momentum_reversion,all,atr_blend,atr_blend,1.25,1.5,24,1,-97.74,0.0,0.0,-97.74,97.74,0.0,-97.74,1,0,False,[-97.74],0.0,0.0,0.0,0.0
X02700,momentum_reversion,all,atr_blend,atr_blend,1.25,2.0,24,1,-97.74,0.0,0.0,-97.74,97.74,0.0,-97.74,1,0,False,[-97.74],0.0,0.0,0.0,0.0
X02701,momentum_reversion,all,atr_blend,atr_blend,1.25,3.0,24,1,-97.74,0.0,0.0,-97.74,97.74,0.0,-97.74,1,0,False,[-97.74],0.0,0.0,0.0,0.0
X02702,momentum_reversion,all,atr_blend,atr_blend,1.25,4.0,24,1,-97.74,0.0,0.0,-97.74,97.74,0.0,-97.74,1,0,False,[-97.74],0.0,0.0,0.0,0.0
X02843,momentum_reversion,all,atr_blend,atr_blend,1.25,1.5,48,1,-97.74,0.0,0.0,-97.74,97.74,0.0,-97.74,1,0,False,[-97.74],0.0,0.0,0.0,0.0
X02844,momentum_reversion,all,atr_blend,atr_blend,1.25,2.0,48,1,-97.74,0.0,0.0,-97.74,97.74,0.0,-97.74,1,0,False,[-97.74],0.0,0.0,0.0,0.0
X02845,momentum_reversion,all,atr_blend,atr_blend,1.25,3.0,48,1,-97.74,0.0,0.0,-97.74,97.74,0.0,-97.74,1,0,False,[-97.74],0.0,0.0,0.0,0.0
X02846,momentum_reversion,all,atr_blend,atr_blend,1.25,4.0,48,1,-97.74,0.0,0.0,-97.74,97.74,0.0,-97.74,1,0,False,[-97.74],0.0,0.0,0.0,0.0
X03131,momentum_reversion,long_only,atr_blend,atr_blend,1.25,1.5,6,1,-97.74,0.0,0.0,-97.74,97.74,0.0,-97.74,1,0,False,[-97.74],0.0,0.0,0.0,0.0
X03132,momentum_reversion,long_only,atr_blend,atr_blend,1.25,2.0,6,1,-97.74,0.0,0.0,-97.74,97.74,0.0,-97.74,1,0,False,[-97.74],0.0,0.0,0.0,0.0
X03133,momentum_reversion,long_only,atr_blend,atr_blend,1.25,3.0,6,1,-97.74,0.0,0.0,-97.74,97.74,0.0,-97.74,1,0,False,[-97.74],0.0,0.0,0.0,0.0
X03134,momentum_reversion,long_only,atr_blend,atr_blend,1.25,4.0,6,1,-97.74,0.0,0.0,-97.74,97.74,0.0,-97.74,1,0,False,[-97.74],0.0,0.0,0.0,0.0
X03275,momentum_reversion,long_only,atr_blend,atr_blend,1.25,1.5,12,1,-97.74,0.0,0.0,-97.74,97.74,0.0,-97.74,1,0,False,[-97.74],0.0,0.0,0.0,0.0
X03276,momentum_reversion,long_only,atr_blend,atr_blend,1.25,2.0,12,1,-97.74,0.0,0.0,-97.74,97.74,0.0,-97.74,1,0,False,[-97.74],0.0,0.0,0.0,0.0
X03277,momentum_reversion,long_only,atr_blend,atr_blend,1.25,3.0,12,1,-97.74,0.0,0.0,-97.74,97.74,0.0,-97.74,1,0,False,[-97.74],0.0,0.0,0.0,0.0
X03278,momentum_reversion,long_only,atr_blend,atr_blend,1.25,4.0,12,1,-97.74,0.0,0.0,-97.74,97.74,0.0,-97.74,1,0,False,[-97.74],0.0,0.0,0.0,0.0
X03419,momentum_reversion,long_only,atr_blend,atr_blend,1.25,1.5,24,1,-97.74,0.0,0.0,-97.74,97.74,0.0,-97.74,1,0,False,[-97.74],0.0,0.0,0.0,0.0
X03420,momentum_reversion,long_only,atr_blend,atr_blend,1.25,2.0,24,1,-97.74,0.0,0.0,-97.74,97.74,0.0,-97.74,1,0,False,[-97.74],0.0,0.0,0.0,0.0
X03421,momentum_reversion,long_only,atr_blend,atr_blend,1.25,3.0,24,1,-97.74,0.0,0.0,-97.74,97.74,0.0,-97.74,1,0,False,[-97.74],0.0,0.0,0.0,0.0
X03422,momentum_reversion,long_only,atr_blend,atr_blend,1.25,4.0,24,1,-97.74,0.0,0.0,-97.74,97.74,0.0,-97.74,1,0,False,[-97.74],0.0,0.0,0.0,0.0
X03563,momentum_reversion,long_only,atr_blend,atr_blend,1.25,1.5,48,1,-97.74,0.0,0.0,-97.74,97.74,0.0,-97.74,1,0,False,[-97.74],0.0,0.0,0.0,0.0
X03564,momentum_reversion,long_only,atr_blend,atr_blend,1.25,2.0,48,1,-97.74,0.0,0.0,-97.74,97.74,0.0,-97.74,1,0,False,[-97.74],0.0,0.0,0.0,0.0
X03565,momentum_reversion,long_only,atr_blend,atr_blend,1.25,3.0,48,1,-97.74,0.0,0.0,-97.74,97.74,0.0,-97.74,1,0,False,[-97.74],0.0,0.0,0.0,0.0
X03566,momentum_reversion,long_only,atr_blend,atr_blend,1.25,4.0,48,1,-97.74,0.0,0.0,-97.74,97.74,0.0,-97.74,1,0,False,[-97.74],0.0,0.0,0.0,0.0
X02358,momentum_reversion,all,fixed,fixed,80.0,60.0,6,1,-113.24,0.0,0.0,-113.24,113.24,0.0,-113.24,1,0,False,[-113.24],0.0,0.0,0.0,0.0
X02359,momentum_reversion,all,fixed,fixed,80.0,80.0,6,1,-113.24,0.0,0.0,-113.24,113.24,0.0,-113.24,1,0,False,[-113.24],0.0,0.0,0.0,0.0
X02360,momentum_reversion,all,fixed,fixed,80.0,120.0,6,1,-113.24,0.0,0.0,-113.24,113.24,0.0,-113.24,1,0,False,[-113.24],0.0,0.0,0.0,0.0
X02394,momentum_reversion,all,atr,atr,2.5,2.0,6,1,-113.24,0.0,0.0,-113.24,113.24,0.0,-113.24,1,0,False,[-113.24],0.0,0.0,0.0,0.0
X02395,momentum_reversion,all,atr,atr,2.5,3.0,6,1,-113.24,0.0,0.0,-113.24,113.24,0.0,-113.24,1,0,False,[-113.24],0.0,0.0,0.0,0.0
X02396,momentum_reversion,all,atr,atr,2.5,4.0,6,1,-113.24,0.0,0.0,-113.24,113.24,0.0,-113.24,1,0,False,[-113.24],0.0,0.0,0.0,0.0
X02423,momentum_reversion,all,atr_blend,atr_blend,2.0,1.5,6,1,-113.24,0.0,0.0,-113.24,113.24,0.0,-113.24,1,0,False,[-113.24],0.0,0.0,0.0,0.0
X02424,momentum_reversion,all,atr_blend,atr_blend,2.0,2.0,6,1,-113.24,0.0,0.0,-113.24,113.24,0.0,-113.24,1,0,False,[-113.24],0.0,0.0,0.0,0.0
X02425,momentum_reversion,all,atr_blend,atr_blend,2.0,3.0,6,1,-113.24,0.0,0.0,-113.24,113.24,0.0,-113.24,1,0,False,[-113.24],0.0,0.0,0.0,0.0
X02426,momentum_reversion,all,atr_blend,atr_blend,2.0,4.0,6,1,-113.24,0.0,0.0,-113.24,113.24,0.0,-113.24,1,0,False,[-113.24],0.0,0.0,0.0,0.0
X02429,momentum_reversion,all,atr_blend,atr_blend,2.5,1.5,6,1,-113.24,0.0,0.0,-113.24,113.24,0.0,-113.24,1,0,False,[-113.24],0.0,0.0,0.0,0.0
X02430,momentum_reversion,all,atr_blend,atr_blend,2.5,2.0,6,1,-113.24,0.0,0.0,-113.24,113.24,0.0,-113.24,1,0,False,[-113.24],0.0,0.0,0.0,0.0
X02431,momentum_reversion,all,atr_blend,atr_blend,2.5,3.0,6,1,-113.24,0.0,0.0,-113.24,113.24,0.0,-113.24,1,0,False,[-113.24],0.0,0.0,0.0,0.0
X02432,momentum_reversion,all,atr_blend,atr_blend,2.5,4.0,6,1,-113.24,0.0,0.0,-113.24,113.24,0.0,-113.24,1,0,False,[-113.24],0.0,0.0,0.0,0.0
X02446,momentum_reversion,all,range15_pct,range15_pct,1.25,1.0,6,1,-113.24,0.0,0.0,-113.24,113.24,0.0,-113.24,1,0,False,[-113.24],0.0,0.0,0.0,0.0
X02447,momentum_reversion,all,range15_pct,range15_pct,1.25,1.5,6,1,-113.24,0.0,0.0,-113.24,113.24,0.0,-113.24,1,0,False,[-113.24],0.0,0.0,0.0,0.0
X02448,momentum_reversion,all,range15_pct,range15_pct,1.25,2.0,6,1,-113.24,0.0,0.0,-113.24,113.24,0.0,-113.24,1,0,False,[-113.24],0.0,0.0,0.0,0.0
X03078,momentum_reversion,long_only,fixed,fixed,80.0,60.0,6,1,-113.24,0.0,0.0,-113.24,113.24,0.0,-113.24,1,0,False,[-113.24],0.0,0.0,0.0,0.0
X03079,momentum_reversion,long_only,fixed,fixed,80.0,80.0,6,1,-113.24,0.0,0.0,-113.24,113.24,0.0,-113.24,1,0,False,[-113.24],0.0,0.0,0.0,0.0
X03080,momentum_reversion,long_only,fixed,fixed,80.0,120.0,6,1,-113.24,0.0,0.0,-113.24,113.24,0.0,-113.24,1,0,False,[-113.24],0.0,0.0,0.0,0.0
X03114,momentum_reversion,long_only,atr,atr,2.5,2.0,6,1,-113.24,0.0,0.0,-113.24,113.24,0.0,-113.24,1,0,False,[-113.24],0.0,0.0,0.0,0.0
X03115,momentum_reversion,long_only,atr,atr,2.5,3.0,6,1,-113.24,0.0,0.0,-113.24,113.24,0.0,-113.24,1,0,False,[-113.24],0.0,0.0,0.0,0.0
X03116,momentum_reversion,long_only,atr,atr,2.5,4.0,6,1,-113.24,0.0,0.0,-113.24,113.24,0.0,-113.24,1,0,False,[-113.24],0.0,0.0,0.0,0.0
X03143,momentum_reversion,long_only,atr_blend,atr_blend,2.0,1.5,6,1,-113.24,0.0,0.0,-113.24,113.24,0.0,-113.24,1,0,False,[-113.24],0.0,0.0,0.0,0.0
X03144,momentum_reversion,long_only,atr_blend,atr_blend,2.0,2.0,6,1,-113.24,0.0,0.0,-113.24,113.24,0.0,-113.24,1,0,False,[-113.24],0.0,0.0,0.0,0.0
X03145,momentum_reversion,long_only,atr_blend,atr_blend,2.0,3.0,6,1,-113.24,0.0,0.0,-113.24,113.24,0.0,-113.24,1,0,False,[-113.24],0.0,0.0,0.0,0.0
X03146,momentum_reversion,long_only,atr_blend,atr_blend,2.0,4.0,6,1,-113.24,0.0,0.0,-113.24,113.24,0.0,-113.24,1,0,False,[-113.24],0.0,0.0,0.0,0.0
X03149,momentum_reversion,long_only,atr_blend,atr_blend,2.5,1.5,6,1,-113.24,0.0,0.0,-113.24,113.24,0.0,-113.24,1,0,False,[-113.24],0.0,0.0,0.0,0.0
X03150,momentum_reversion,long_only,atr_blend,atr_blend,2.5,2.0,6,1,-113.24,0.0,0.0,-113.24,113.24,0.0,-113.24,1,0,False,[-113.24],0.0,0.0,0.0,0.0
X03151,momentum_reversion,long_only,atr_blend,atr_blend,2.5,3.0,6,1,-113.24,0.0,0.0,-113.24,113.24,0.0,-113.24,1,0,False,[-113.24],0.0,0.0,0.0,0.0
X03152,momentum_reversion,long_only,atr_blend,atr_blend,2.5,4.0,6,1,-113.24,0.0,0.0,-113.24,113.24,0.0,-113.24,1,0,False,[-113.24],0.0,0.0,0.0,0.0
X03166,momentum_reversion,long_only,range15_pct,range15_pct,1.25,1.0,6,1,-113.24,0.0,0.0,-113.24,113.24,0.0,-113.24,1,0,False,[-113.24],0.0,0.0,0.0,0.0
X03167,momentum_reversion,long_only,range15_pct,range15_pct,1.25,1.5,6,1,-113.24,0.0,0.0,-113.24,113.24,0.0,-113.24,1,0,False,[-113.24],0.0,0.0,0.0,0.0
X03168,momentum_reversion,long_only,range15_pct,range15_pct,1.25,2.0,6,1,-113.24,0.0,0.0,-113.24,113.24,0.0,-113.24,1,0,False,[-113.24],0.0,0.0,0.0,0.0
X02417,momentum_reversion,all,atr_blend,atr_blend,1.5,1.5,6,1,-117.24,0.0,0.0,-117.24,117.24,0.0,-117.24,1,0,False,[-117.24],0.0,0.0,0.0,0.0
X02418,momentum_reversion,all,atr_blend,atr_blend,1.5,2.0,6,1,-117.24,0.0,0.0,-117.24,117.24,0.0,-117.24,1,0,False,[-117.24],0.0,0.0,0.0,0.0
X02419,momentum_reversion,all,atr_blend,atr_blend,1.5,3.0,6,1,-117.24,0.0,0.0,-117.24,117.24,0.0,-117.24,1,0,False,[-117.24],0.0,0.0,0.0,0.0
X02420,momentum_reversion,all,atr_blend,atr_blend,1.5,4.0,6,1,-117.24,0.0,0.0,-117.24,117.24,0.0,-117.24,1,0,False,[-117.24],0.0,0.0,0.0,0.0
X02561,momentum_reversion,all,atr_blend,atr_blend,1.5,1.5,12,1,-117.24,0.0,0.0,-117.24,117.24,0.0,-117.24,1,0,False,[-117.24],0.0,0.0,0.0,0.0
X02562,momentum_reversion,all,atr_blend,atr_blend,1.5,2.0,12,1,-117.24,0.0,0.0,-117.24,117.24,0.0,-117.24,1,0,False,[-117.24],0.0,0.0,0.0,0.0
X02563,momentum_reversion,all,atr_blend,atr_blend,1.5,3.0,12,1,-117.24,0.0,0.0,-117.24,117.24,0.0,-117.24,1,0,False,[-117.24],0.0,0.0,0.0,0.0
X02564,momentum_reversion,all,atr_blend,atr_blend,1.5,4.0,12,1,-117.24,0.0,0.0,-117.24,117.24,0.0,-117.24,1,0,False,[-117.24],0.0,0.0,0.0,0.0
X02705,momentum_reversion,all,atr_blend,atr_blend,1.5,1.5,24,1,-117.24,0.0,0.0,-117.24,117.24,0.0,-117.24,1,0,False,[-117.24],0.0,0.0,0.0,0.0
X02706,momentum_reversion,all,atr_blend,atr_blend,1.5,2.0,24,1,-117.24,0.0,0.0,-117.24,117.24,0.0,-117.24,1,0,False,[-117.24],0.0,0.0,0.0,0.0
X02707,momentum_reversion,all,atr_blend,atr_blend,1.5,3.0,24,1,-117.24,0.0,0.0,-117.24,117.24,0.0,-117.24,1,0,False,[-117.24],0.0,0.0,0.0,0.0
X02708,momentum_reversion,all,atr_blend,atr_blend,1.5,4.0,24,1,-117.24,0.0,0.0,-117.24,117.24,0.0,-117.24,1,0,False,[-117.24],0.0,0.0,0.0,0.0
X02849,momentum_reversion,all,atr_blend,atr_blend,1.5,1.5,48,1,-117.24,0.0,0.0,-117.24,117.24,0.0,-117.24,1,0,False,[-117.24],0.0,0.0,0.0,0.0
X02850,momentum_reversion,all,atr_blend,atr_blend,1.5,2.0,48,1,-117.24,0.0,0.0,-117.24,117.24,0.0,-117.24,1,0,False,[-117.24],0.0,0.0,0.0,0.0
X02851,momentum_reversion,all,atr_blend,atr_blend,1.5,3.0,48,1,-117.24,0.0,0.0,-117.24,117.24,0.0,-117.24,1,0,False,[-117.24],0.0,0.0,0.0,0.0
X02852,momentum_reversion,all,atr_blend,atr_blend,1.5,4.0,48,1,-117.24,0.0,0.0,-117.24,117.24,0.0,-117.24,1,0,False,[-117.24],0.0,0.0,0.0,0.0
X03137,momentum_reversion,long_only,atr_blend,atr_blend,1.5,1.5,6,1,-117.24,0.0,0.0,-117.24,117.24,0.0,-117.24,1,0,False,[-117.24],0.0,0.0,0.0,0.0
X03138,momentum_reversion,long_only,atr_blend,atr_blend,1.5,2.0,6,1,-117.24,0.0,0.0,-117.24,117.24,0.0,-117.24,1,0,False,[-117.24],0.0,0.0,0.0,0.0
X03139,momentum_reversion,long_only,atr_blend,atr_blend,1.5,3.0,6,1,-117.24,0.0,0.0,-117.24,117.24,0.0,-117.24,1,0,False,[-117.24],0.0,0.0,0.0,0.0
X03140,momentum_reversion,long_only,atr_blend,atr_blend,1.5,4.0,6,1,-117.24,0.0,0.0,-117.24,117.24,0.0,-117.24,1,0,False,[-117.24],0.0,0.0,0.0,0.0
X03281,momentum_reversion,long_only,atr_blend,atr_blend,1.5,1.5,12,1,-117.24,0.0,0.0,-117.24,117.24,0.0,-117.24,1,0,False,[-117.24],0.0,0.0,0.0,0.0
X03282,momentum_reversion,long_only,atr_blend,atr_blend,1.5,2.0,12,1,-117.24,0.0,0.0,-117.24,117.24,0.0,-117.24,1,0,False,[-117.24],0.0,0.0,0.0,0.0
X03283,momentum_reversion,long_only,atr_blend,atr_blend,1.5,3.0,12,1,-117.24,0.0,0.0,-117.24,117.24,0.0,-117.24,1,0,False,[-117.24],0.0,0.0,0.0,0.0
X03284,momentum_reversion,long_only,atr_blend,atr_blend,1.5,4.0,12,1,-117.24,0.0,0.0,-117.24,117.24,0.0,-117.24,1,0,False,[-117.24],0.0,0.0,0.0,0.0
X03425,momentum_reversion,long_only,atr_blend,atr_blend,1.5,1.5,24,1,-117.24,0.0,0.0,-117.24,117.24,0.0,-117.24,1,0,False,[-117.24],0.0,0.0,0.0,0.0
X03426,momentum_reversion,long_only,atr_blend,atr_blend,1.5,2.0,24,1,-117.24,0.0,0.0,-117.24,117.24,0.0,-117.24,1,0,False,[-117.24],0.0,0.0,0.0,0.0
X03427,momentum_reversion,long_only,atr_blend,atr_blend,1.5,3.0,24,1,-117.24,0.0,0.0,-117.24,117.24,0.0,-117.24,1,0,False,[-117.24],0.0,0.0,0.0,0.0
X03428,momentum_reversion,long_only,atr_blend,atr_blend,1.5,4.0,24,1,-117.24,0.0,0.0,-117.24,117.24,0.0,-117.24,1,0,False,[-117.24],0.0,0.0,0.0,0.0
X03569,momentum_reversion,long_only,atr_blend,atr_blend,1.5,1.5,48,1,-117.24,0.0,0.0,-117.24,117.24,0.0,-117.24,1,0,False,[-117.24],0.0,0.0,0.0,0.0
X03570,momentum_reversion,long_only,atr_blend,atr_blend,1.5,2.0,48,1,-117.24,0.0,0.0,-117.24,117.24,0.0,-117.24,1,0,False,[-117.24],0.0,0.0,0.0,0.0
X03571,momentum_reversion,long_only,atr_blend,atr_blend,1.5,3.0,48,1,-117.24,0.0,0.0,-117.24,117.24,0.0,-117.24,1,0,False,[-117.24],0.0,0.0,0.0,0.0
X03572,momentum_reversion,long_only,atr_blend,atr_blend,1.5,4.0,48,1,-117.24,0.0,0.0,-117.24,117.24,0.0,-117.24,1,0,False,[-117.24],0.0,0.0,0.0,0.0
X02350,momentum_reversion,all,fixed,fixed,60.0,60.0,6,1,-121.24,0.0,0.0,-121.24,121.24,0.0,-121.24,1,0,False,[-121.24],0.0,0.0,0.0,0.0
X02351,momentum_reversion,all,fixed,fixed,60.0,80.0,6,1,-121.24,0.0,0.0,-121.24,121.24,0.0,-121.24,1,0,False,[-121.24],0.0,0.0,0.0,0.0
X02352,momentum_reversion,all,fixed,fixed,60.0,120.0,6,1,-121.24,0.0,0.0,-121.24,121.24,0.0,-121.24,1,0,False,[-121.24],0.0,0.0,0.0,0.0
X02442,momentum_reversion,all,range15_pct,range15_pct,1.0,1.0,6,1,-121.24,0.0,0.0,-121.24,121.24,0.0,-121.24,1,0,False,[-121.24],0.0,0.0,0.0,0.0
X02443,momentum_reversion,all,range15_pct,range15_pct,1.0,1.5,6,1,-121.24,0.0,0.0,-121.24,121.24,0.0,-121.24,1,0,False,[-121.24],0.0,0.0,0.0,0.0
X02444,momentum_reversion,all,range15_pct,range15_pct,1.0,2.0,6,1,-121.24,0.0,0.0,-121.24,121.24,0.0,-121.24,1,0,False,[-121.24],0.0,0.0,0.0,0.0
X02494,momentum_reversion,all,fixed,fixed,60.0,60.0,12,1,-121.24,0.0,0.0,-121.24,121.24,0.0,-121.24,1,0,False,[-121.24],0.0,0.0,0.0,0.0
X02495,momentum_reversion,all,fixed,fixed,60.0,80.0,12,1,-121.24,0.0,0.0,-121.24,121.24,0.0,-121.24,1,0,False,[-121.24],0.0,0.0,0.0,0.0
X02496,momentum_reversion,all,fixed,fixed,60.0,120.0,12,1,-121.24,0.0,0.0,-121.24,121.24,0.0,-121.24,1,0,False,[-121.24],0.0,0.0,0.0,0.0
X02586,momentum_reversion,all,range15_pct,range15_pct,1.0,1.0,12,1,-121.24,0.0,0.0,-121.24,121.24,0.0,-121.24,1,0,False,[-121.24],0.0,0.0,0.0,0.0
X02587,momentum_reversion,all,range15_pct,range15_pct,1.0,1.5,12,1,-121.24,0.0,0.0,-121.24,121.24,0.0,-121.24,1,0,False,[-121.24],0.0,0.0,0.0,0.0
X02588,momentum_reversion,all,range15_pct,range15_pct,1.0,2.0,12,1,-121.24,0.0,0.0,-121.24,121.24,0.0,-121.24,1,0,False,[-121.24],0.0,0.0,0.0,0.0
X02638,momentum_reversion,all,fixed,fixed,60.0,60.0,24,1,-121.24,0.0,0.0,-121.24,121.24,0.0,-121.24,1,0,False,[-121.24],0.0,0.0,0.0,0.0
X02639,momentum_reversion,all,fixed,fixed,60.0,80.0,24,1,-121.24,0.0,0.0,-121.24,121.24,0.0,-121.24,1,0,False,[-121.24],0.0,0.0,0.0,0.0
X02640,momentum_reversion,all,fixed,fixed,60.0,120.0,24,1,-121.24,0.0,0.0,-121.24,121.24,0.0,-121.24,1,0,False,[-121.24],0.0,0.0,0.0,0.0
X02730,momentum_reversion,all,range15_pct,range15_pct,1.0,1.0,24,1,-121.24,0.0,0.0,-121.24,121.24,0.0,-121.24,1,0,False,[-121.24],0.0,0.0,0.0,0.0
X02731,momentum_reversion,all,range15_pct,range15_pct,1.0,1.5,24,1,-121.24,0.0,0.0,-121.24,121.24,0.0,-121.24,1,0,False,[-121.24],0.0,0.0,0.0,0.0
X02732,momentum_reversion,all,range15_pct,range15_pct,1.0,2.0,24,1,-121.24,0.0,0.0,-121.24,121.24,0.0,-121.24,1,0,False,[-121.24],0.0,0.0,0.0,0.0
X02782,momentum_reversion,all,fixed,fixed,60.0,60.0,48,1,-121.24,0.0,0.0,-121.24,121.24,0.0,-121.24,1,0,False,[-121.24],0.0,0.0,0.0,0.0
X02783,momentum_reversion,all,fixed,fixed,60.0,80.0,48,1,-121.24,0.0,0.0,-121.24,121.24,0.0,-121.24,1,0,False,[-121.24],0.0,0.0,0.0,0.0
X02784,momentum_reversion,all,fixed,fixed,60.0,120.0,48,1,-121.24,0.0,0.0,-121.24,121.24,0.0,-121.24,1,0,False,[-121.24],0.0,0.0,0.0,0.0
X02874,momentum_reversion,all,range15_pct,range15_pct,1.0,1.0,48,1,-121.24,0.0,0.0,-121.24,121.24,0.0,-121.24,1,0,False,[-121.24],0.0,0.0,0.0,0.0
X02875,momentum_reversion,all,range15_pct,range15_pct,1.0,1.5,48,1,-121.24,0.0,0.0,-121.24,121.24,0.0,-121.24,1,0,False,[-121.24],0.0,0.0,0.0,0.0
X02876,momentum_reversion,all,range15_pct,range15_pct,1.0,2.0,48,1,-121.24,0.0,0.0,-121.24,121.24,0.0,-121.24,1,0,False,[-121.24],0.0,0.0,0.0,0.0
X03070,momentum_reversion,long_only,fixed,fixed,60.0,60.0,6,1,-121.24,0.0,0.0,-121.24,121.24,0.0,-121.24,1,0,False,[-121.24],0.0,0.0,0.0,0.0
X03071,momentum_reversion,long_only,fixed,fixed,60.0,80.0,6,1,-121.24,0.0,0.0,-121.24,121.24,0.0,-121.24,1,0,False,[-121.24],0.0,0.0,0.0,0.0
X03072,momentum_reversion,long_only,fixed,fixed,60.0,120.0,6,1,-121.24,0.0,0.0,-121.24,121.24,0.0,-121.24,1,0,False,[-121.24],0.0,0.0,0.0,0.0
X03162,momentum_reversion,long_only,range15_pct,range15_pct,1.0,1.0,6,1,-121.24,0.0,0.0,-121.24,121.24,0.0,-121.24,1,0,False,[-121.24],0.0,0.0,0.0,0.0
X03163,momentum_reversion,long_only,range15_pct,range15_pct,1.0,1.5,6,1,-121.24,0.0,0.0,-121.24,121.24,0.0,-121.24,1,0,False,[-121.24],0.0,0.0,0.0,0.0
X03164,momentum_reversion,long_only,range15_pct,range15_pct,1.0,2.0,6,1,-121.24,0.0,0.0,-121.24,121.24,0.0,-121.24,1,0,False,[-121.24],0.0,0.0,0.0,0.0
X03214,momentum_reversion,long_only,fixed,fixed,60.0,60.0,12,1,-121.24,0.0,0.0,-121.24,121.24,0.0,-121.24,1,0,False,[-121.24],0.0,0.0,0.0,0.0
X03215,momentum_reversion,long_only,fixed,fixed,60.0,80.0,12,1,-121.24,0.0,0.0,-121.24,121.24,0.0,-121.24,1,0,False,[-121.24],0.0,0.0,0.0,0.0
X03216,momentum_reversion,long_only,fixed,fixed,60.0,120.0,12,1,-121.24,0.0,0.0,-121.24,121.24,0.0,-121.24,1,0,False,[-121.24],0.0,0.0,0.0,0.0
X03306,momentum_reversion,long_only,range15_pct,range15_pct,1.0,1.0,12,1,-121.24,0.0,0.0,-121.24,121.24,0.0,-121.24,1,0,False,[-121.24],0.0,0.0,0.0,0.0
X03307,momentum_reversion,long_only,range15_pct,range15_pct,1.0,1.5,12,1,-121.24,0.0,0.0,-121.24,121.24,0.0,-121.24,1,0,False,[-121.24],0.0,0.0,0.0,0.0
X03308,momentum_reversion,long_only,range15_pct,range15_pct,1.0,2.0,12,1,-121.24,0.0,0.0,-121.24,121.24,0.0,-121.24,1,0,False,[-121.24],0.0,0.0,0.0,0.0
X03358,momentum_reversion,long_only,fixed,fixed,60.0,60.0,24,1,-121.24,0.0,0.0,-121.24,121.24,0.0,-121.24,1,0,False,[-121.24],0.0,0.0,0.0,0.0
X03359,momentum_reversion,long_only,fixed,fixed,60.0,80.0,24,1,-121.24,0.0,0.0,-121.24,121.24,0.0,-121.24,1,0,False,[-121.24],0.0,0.0,0.0,0.0
X03360,momentum_reversion,long_only,fixed,fixed,60.0,120.0,24,1,-121.24,0.0,0.0,-121.24,121.24,0.0,-121.24,1,0,False,[-121.24],0.0,0.0,0.0,0.0
X03450,momentum_reversion,long_only,range15_pct,range15_pct,1.0,1.0,24,1,-121.24,0.0,0.0,-121.24,121.24,0.0,-121.24,1,0,False,[-121.24],0.0,0.0,0.0,0.0
X03451,momentum_reversion,long_only,range15_pct,range15_pct,1.0,1.5,24,1,-121.24,0.0,0.0,-121.24,121.24,0.0,-121.24,1,0,False,[-121.24],0.0,0.0,0.0,0.0
X03452,momentum_reversion,long_only,range15_pct,range15_pct,1.0,2.0,24,1,-121.24,0.0,0.0,-121.24,121.24,0.0,-121.24,1,0,False,[-121.24],0.0,0.0,0.0,0.0
X03502,momentum_reversion,long_only,fixed,fixed,60.0,60.0,48,1,-121.24,0.0,0.0,-121.24,121.24,0.0,-121.24,1,0,False,[-121.24],0.0,0.0,0.0,0.0
X03503,momentum_reversion,long_only,fixed,fixed,60.0,80.0,48,1,-121.24,0.0,0.0,-121.24,121.24,0.0,-121.24,1,0,False,[-121.24],0.0,0.0,0.0,0.0
X03504,momentum_reversion,long_only,fixed,fixed,60.0,120.0,48,1,-121.24,0.0,0.0,-121.24,121.24,0.0,-121.24,1,0,False,[-121.24],0.0,0.0,0.0,0.0
X03594,momentum_reversion,long_only,range15_pct,range15_pct,1.0,1.0,48,1,-121.24,0.0,0.0,-121.24,121.24,0.0,-121.24,1,0,False,[-121.24],0.0,0.0,0.0,0.0
X03595,momentum_reversion,long_only,range15_pct,range15_pct,1.0,1.5,48,1,-121.24,0.0,0.0,-121.24,121.24,0.0,-121.24,1,0,False,[-121.24],0.0,0.0,0.0,0.0
X03596,momentum_reversion,long_only,range15_pct,range15_pct,1.0,2.0,48,1,-121.24,0.0,0.0,-121.24,121.24,0.0,-121.24,1,0,False,[-121.24],0.0,0.0,0.0,0.0
X02388,momentum_reversion,all,atr,atr,2.0,2.0,6,1,-122.74,0.0,0.0,-122.74,122.74,0.0,-122.74,1,0,False,[-122.74],0.0,0.0,0.0,0.0
X02389,momentum_reversion,all,atr,atr,2.0,3.0,6,1,-122.74,0.0,0.0,-122.74,122.74,0.0,-122.74,1,0,False,[-122.74],0.0,0.0,0.0,0.0
X02390,momentum_reversion,all,atr,atr,2.0,4.0,6,1,-122.74,0.0,0.0,-122.74,122.74,0.0,-122.74,1,0,False,[-122.74],0.0,0.0,0.0,0.0
X02532,momentum_reversion,all,atr,atr,2.0,2.0,12,1,-122.74,0.0,0.0,-122.74,122.74,0.0,-122.74,1,0,False,[-122.74],0.0,0.0,0.0,0.0
X02533,momentum_reversion,all,atr,atr,2.0,3.0,12,1,-122.74,0.0,0.0,-122.74,122.74,0.0,-122.74,1,0,False,[-122.74],0.0,0.0,0.0,0.0
X02534,momentum_reversion,all,atr,atr,2.0,4.0,12,1,-122.74,0.0,0.0,-122.74,122.74,0.0,-122.74,1,0,False,[-122.74],0.0,0.0,0.0,0.0
X02676,momentum_reversion,all,atr,atr,2.0,2.0,24,1,-122.74,0.0,0.0,-122.74,122.74,0.0,-122.74,1,0,False,[-122.74],0.0,0.0,0.0,0.0
X02677,momentum_reversion,all,atr,atr,2.0,3.0,24,1,-122.74,0.0,0.0,-122.74,122.74,0.0,-122.74,1,0,False,[-122.74],0.0,0.0,0.0,0.0
X02678,momentum_reversion,all,atr,atr,2.0,4.0,24,1,-122.74,0.0,0.0,-122.74,122.74,0.0,-122.74,1,0,False,[-122.74],0.0,0.0,0.0,0.0
X02820,momentum_reversion,all,atr,atr,2.0,2.0,48,1,-122.74,0.0,0.0,-122.74,122.74,0.0,-122.74,1,0,False,[-122.74],0.0,0.0,0.0,0.0
X02821,momentum_reversion,all,atr,atr,2.0,3.0,48,1,-122.74,0.0,0.0,-122.74,122.74,0.0,-122.74,1,0,False,[-122.74],0.0,0.0,0.0,0.0
X02822,momentum_reversion,all,atr,atr,2.0,4.0,48,1,-122.74,0.0,0.0,-122.74,122.74,0.0,-122.74,1,0,False,[-122.74],0.0,0.0,0.0,0.0
X03108,momentum_reversion,long_only,atr,atr,2.0,2.0,6,1,-122.74,0.0,0.0,-122.74,122.74,0.0,-122.74,1,0,False,[-122.74],0.0,0.0,0.0,0.0
X03109,momentum_reversion,long_only,atr,atr,2.0,3.0,6,1,-122.74,0.0,0.0,-122.74,122.74,0.0,-122.74,1,0,False,[-122.74],0.0,0.0,0.0,0.0
X03110,momentum_reversion,long_only,atr,atr,2.0,4.0,6,1,-122.74,0.0,0.0,-122.74,122.74,0.0,-122.74,1,0,False,[-122.74],0.0,0.0,0.0,0.0
X03252,momentum_reversion,long_only,atr,atr,2.0,2.0,12,1,-122.74,0.0,0.0,-122.74,122.74,0.0,-122.74,1,0,False,[-122.74],0.0,0.0,0.0,0.0
X03253,momentum_reversion,long_only,atr,atr,2.0,3.0,12,1,-122.74,0.0,0.0,-122.74,122.74,0.0,-122.74,1,0,False,[-122.74],0.0,0.0,0.0,0.0
X03254,momentum_reversion,long_only,atr,atr,2.0,4.0,12,1,-122.74,0.0,0.0,-122.74,122.74,0.0,-122.74,1,0,False,[-122.74],0.0,0.0,0.0,0.0
X03396,momentum_reversion,long_only,atr,atr,2.0,2.0,24,1,-122.74,0.0,0.0,-122.74,122.74,0.0,-122.74,1,0,False,[-122.74],0.0,0.0,0.0,0.0
X03397,momentum_reversion,long_only,atr,atr,2.0,3.0,24,1,-122.74,0.0,0.0,-122.74,122.74,0.0,-122.74,1,0,False,[-122.74],0.0,0.0,0.0,0.0
X03398,momentum_reversion,long_only,atr,atr,2.0,4.0,24,1,-122.74,0.0,0.0,-122.74,122.74,0.0,-122.74,1,0,False,[-122.74],0.0,0.0,0.0,0.0
X03540,momentum_reversion,long_only,atr,atr,2.0,2.0,48,1,-122.74,0.0,0.0,-122.74,122.74,0.0,-122.74,1,0,False,[-122.74],0.0,0.0,0.0,0.0
X03541,momentum_reversion,long_only,atr,atr,2.0,3.0,48,1,-122.74,0.0,0.0,-122.74,122.74,0.0,-122.74,1,0,False,[-122.74],0.0,0.0,0.0,0.0
X03542,momentum_reversion,long_only,atr,atr,2.0,4.0,48,1,-122.74,0.0,0.0,-122.74,122.74,0.0,-122.74,1,0,False,[-122.74],0.0,0.0,0.0,0.0
X02151,icefishball,short_only,range15_pct,range15_pct,0.75,1.5,48,2,-280.98,0.0,0.0,-140.49,280.98,0.0,-280.98,2,0,False,"[-36.24, -244.74]",0.0,0.0,0.0,0.0
X02152,icefishball,short_only,range15_pct,range15_pct,0.75,2.0,48,2,-280.98,0.0,0.0,-140.49,280.98,0.0,-280.98,2,0,False,"[-36.24, -244.74]",0.0,0.0,0.0,0.0
X02590,momentum_reversion,all,range15_pct,range15_pct,1.25,1.0,12,1,-151.24,0.0,0.0,-151.24,151.24,0.0,-151.24,1,0,False,[-151.24],0.0,0.0,0.0,0.0
X02591,momentum_reversion,all,range15_pct,range15_pct,1.25,1.5,12,1,-151.24,0.0,0.0,-151.24,151.24,0.0,-151.24,1,0,False,[-151.24],0.0,0.0,0.0,0.0
X02592,momentum_reversion,all,range15_pct,range15_pct,1.25,2.0,12,1,-151.24,0.0,0.0,-151.24,151.24,0.0,-151.24,1,0,False,[-151.24],0.0,0.0,0.0,0.0
X02734,momentum_reversion,all,range15_pct,range15_pct,1.25,1.0,24,1,-151.24,0.0,0.0,-151.24,151.24,0.0,-151.24,1,0,False,[-151.24],0.0,0.0,0.0,0.0
X02735,momentum_reversion,all,range15_pct,range15_pct,1.25,1.5,24,1,-151.24,0.0,0.0,-151.24,151.24,0.0,-151.24,1,0,False,[-151.24],0.0,0.0,0.0,0.0
X02736,momentum_reversion,all,range15_pct,range15_pct,1.25,2.0,24,1,-151.24,0.0,0.0,-151.24,151.24,0.0,-151.24,1,0,False,[-151.24],0.0,0.0,0.0,0.0
X02878,momentum_reversion,all,range15_pct,range15_pct,1.25,1.0,48,1,-151.24,0.0,0.0,-151.24,151.24,0.0,-151.24,1,0,False,[-151.24],0.0,0.0,0.0,0.0
X02879,momentum_reversion,all,range15_pct,range15_pct,1.25,1.5,48,1,-151.24,0.0,0.0,-151.24,151.24,0.0,-151.24,1,0,False,[-151.24],0.0,0.0,0.0,0.0
X02880,momentum_reversion,all,range15_pct,range15_pct,1.25,2.0,48,1,-151.24,0.0,0.0,-151.24,151.24,0.0,-151.24,1,0,False,[-151.24],0.0,0.0,0.0,0.0
X03310,momentum_reversion,long_only,range15_pct,range15_pct,1.25,1.0,12,1,-151.24,0.0,0.0,-151.24,151.24,0.0,-151.24,1,0,False,[-151.24],0.0,0.0,0.0,0.0
X03311,momentum_reversion,long_only,range15_pct,range15_pct,1.25,1.5,12,1,-151.24,0.0,0.0,-151.24,151.24,0.0,-151.24,1,0,False,[-151.24],0.0,0.0,0.0,0.0
X03312,momentum_reversion,long_only,range15_pct,range15_pct,1.25,2.0,12,1,-151.24,0.0,0.0,-151.24,151.24,0.0,-151.24,1,0,False,[-151.24],0.0,0.0,0.0,0.0
X03454,momentum_reversion,long_only,range15_pct,range15_pct,1.25,1.0,24,1,-151.24,0.0,0.0,-151.24,151.24,0.0,-151.24,1,0,False,[-151.24],0.0,0.0,0.0,0.0
X03455,momentum_reversion,long_only,range15_pct,range15_pct,1.25,1.5,24,1,-151.24,0.0,0.0,-151.24,151.24,0.0,-151.24,1,0,False,[-151.24],0.0,0.0,0.0,0.0
X03456,momentum_reversion,long_only,range15_pct,range15_pct,1.25,2.0,24,1,-151.24,0.0,0.0,-151.24,151.24,0.0,-151.24,1,0,False,[-151.24],0.0,0.0,0.0,0.0
X03598,momentum_reversion,long_only,range15_pct,range15_pct,1.25,1.0,48,1,-151.24,0.0,0.0,-151.24,151.24,0.0,-151.24,1,0,False,[-151.24],0.0,0.0,0.0,0.0
X03599,momentum_reversion,long_only,range15_pct,range15_pct,1.25,1.5,48,1,-151.24,0.0,0.0,-151.24,151.24,0.0,-151.24,1,0,False,[-151.24],0.0,0.0,0.0,0.0
X03600,momentum_reversion,long_only,range15_pct,range15_pct,1.25,2.0,48,1,-151.24,0.0,0.0,-151.24,151.24,0.0,-151.24,1,0,False,[-151.24],0.0,0.0,0.0,0.0
X02538,momentum_reversion,all,atr,atr,2.5,2.0,12,1,-152.74,0.0,0.0,-152.74,152.74,0.0,-152.74,1,0,False,[-152.74],0.0,0.0,0.0,0.0
X02539,momentum_reversion,all,atr,atr,2.5,3.0,12,1,-152.74,0.0,0.0,-152.74,152.74,0.0,-152.74,1,0,False,[-152.74],0.0,0.0,0.0,0.0
X02540,momentum_reversion,all,atr,atr,2.5,4.0,12,1,-152.74,0.0,0.0,-152.74,152.74,0.0,-152.74,1,0,False,[-152.74],0.0,0.0,0.0,0.0
X02682,momentum_reversion,all,atr,atr,2.5,2.0,24,1,-152.74,0.0,0.0,-152.74,152.74,0.0,-152.74,1,0,False,[-152.74],0.0,0.0,0.0,0.0
X02683,momentum_reversion,all,atr,atr,2.5,3.0,24,1,-152.74,0.0,0.0,-152.74,152.74,0.0,-152.74,1,0,False,[-152.74],0.0,0.0,0.0,0.0
X02684,momentum_reversion,all,atr,atr,2.5,4.0,24,1,-152.74,0.0,0.0,-152.74,152.74,0.0,-152.74,1,0,False,[-152.74],0.0,0.0,0.0,0.0
X02826,momentum_reversion,all,atr,atr,2.5,2.0,48,1,-152.74,0.0,0.0,-152.74,152.74,0.0,-152.74,1,0,False,[-152.74],0.0,0.0,0.0,0.0
X02827,momentum_reversion,all,atr,atr,2.5,3.0,48,1,-152.74,0.0,0.0,-152.74,152.74,0.0,-152.74,1,0,False,[-152.74],0.0,0.0,0.0,0.0
X02828,momentum_reversion,all,atr,atr,2.5,4.0,48,1,-152.74,0.0,0.0,-152.74,152.74,0.0,-152.74,1,0,False,[-152.74],0.0,0.0,0.0,0.0
X03258,momentum_reversion,long_only,atr,atr,2.5,2.0,12,1,-152.74,0.0,0.0,-152.74,152.74,0.0,-152.74,1,0,False,[-152.74],0.0,0.0,0.0,0.0
X03259,momentum_reversion,long_only,atr,atr,2.5,3.0,12,1,-152.74,0.0,0.0,-152.74,152.74,0.0,-152.74,1,0,False,[-152.74],0.0,0.0,0.0,0.0
X03260,momentum_reversion,long_only,atr,atr,2.5,4.0,12,1,-152.74,0.0,0.0,-152.74,152.74,0.0,-152.74,1,0,False,[-152.74],0.0,0.0,0.0,0.0
X03402,momentum_reversion,long_only,atr,atr,2.5,2.0,24,1,-152.74,0.0,0.0,-152.74,152.74,0.0,-152.74,1,0,False,[-152.74],0.0,0.0,0.0,0.0
X03403,momentum_reversion,long_only,atr,atr,2.5,3.0,24,1,-152.74,0.0,0.0,-152.74,152.74,0.0,-152.74,1,0,False,[-152.74],0.0,0.0,0.0,0.0
X03404,momentum_reversion,long_only,atr,atr,2.5,4.0,24,1,-152.74,0.0,0.0,-152.74,152.74,0.0,-152.74,1,0,False,[-152.74],0.0,0.0,0.0,0.0
X03546,momentum_reversion,long_only,atr,atr,2.5,2.0,48,1,-152.74,0.0,0.0,-152.74,152.74,0.0,-152.74,1,0,False,[-152.74],0.0,0.0,0.0,0.0
X03547,momentum_reversion,long_only,atr,atr,2.5,3.0,48,1,-152.74,0.0,0.0,-152.74,152.74,0.0,-152.74,1,0,False,[-152.74],0.0,0.0,0.0,0.0
X03548,momentum_reversion,long_only,atr,atr,2.5,4.0,48,1,-152.74,0.0,0.0,-152.74,152.74,0.0,-152.74,1,0,False,[-152.74],0.0,0.0,0.0,0.0
X02567,momentum_reversion,all,atr_blend,atr_blend,2.0,1.5,12,1,-155.74,0.0,0.0,-155.74,155.74,0.0,-155.74,1,0,False,[-155.74],0.0,0.0,0.0,0.0
X02568,momentum_reversion,all,atr_blend,atr_blend,2.0,2.0,12,1,-155.74,0.0,0.0,-155.74,155.74,0.0,-155.74,1,0,False,[-155.74],0.0,0.0,0.0,0.0
X02569,momentum_reversion,all,atr_blend,atr_blend,2.0,3.0,12,1,-155.74,0.0,0.0,-155.74,155.74,0.0,-155.74,1,0,False,[-155.74],0.0,0.0,0.0,0.0
X02570,momentum_reversion,all,atr_blend,atr_blend,2.0,4.0,12,1,-155.74,0.0,0.0,-155.74,155.74,0.0,-155.74,1,0,False,[-155.74],0.0,0.0,0.0,0.0
X02711,momentum_reversion,all,atr_blend,atr_blend,2.0,1.5,24,1,-155.74,0.0,0.0,-155.74,155.74,0.0,-155.74,1,0,False,[-155.74],0.0,0.0,0.0,0.0
X02712,momentum_reversion,all,atr_blend,atr_blend,2.0,2.0,24,1,-155.74,0.0,0.0,-155.74,155.74,0.0,-155.74,1,0,False,[-155.74],0.0,0.0,0.0,0.0
X02713,momentum_reversion,all,atr_blend,atr_blend,2.0,3.0,24,1,-155.74,0.0,0.0,-155.74,155.74,0.0,-155.74,1,0,False,[-155.74],0.0,0.0,0.0,0.0
X02714,momentum_reversion,all,atr_blend,atr_blend,2.0,4.0,24,1,-155.74,0.0,0.0,-155.74,155.74,0.0,-155.74,1,0,False,[-155.74],0.0,0.0,0.0,0.0
X02855,momentum_reversion,all,atr_blend,atr_blend,2.0,1.5,48,1,-155.74,0.0,0.0,-155.74,155.74,0.0,-155.74,1,0,False,[-155.74],0.0,0.0,0.0,0.0
X02856,momentum_reversion,all,atr_blend,atr_blend,2.0,2.0,48,1,-155.74,0.0,0.0,-155.74,155.74,0.0,-155.74,1,0,False,[-155.74],0.0,0.0,0.0,0.0
X02857,momentum_reversion,all,atr_blend,atr_blend,2.0,3.0,48,1,-155.74,0.0,0.0,-155.74,155.74,0.0,-155.74,1,0,False,[-155.74],0.0,0.0,0.0,0.0
X02858,momentum_reversion,all,atr_blend,atr_blend,2.0,4.0,48,1,-155.74,0.0,0.0,-155.74,155.74,0.0,-155.74,1,0,False,[-155.74],0.0,0.0,0.0,0.0
X03287,momentum_reversion,long_only,atr_blend,atr_blend,2.0,1.5,12,1,-155.74,0.0,0.0,-155.74,155.74,0.0,-155.74,1,0,False,[-155.74],0.0,0.0,0.0,0.0
X03288,momentum_reversion,long_only,atr_blend,atr_blend,2.0,2.0,12,1,-155.74,0.0,0.0,-155.74,155.74,0.0,-155.74,1,0,False,[-155.74],0.0,0.0,0.0,0.0
X03289,momentum_reversion,long_only,atr_blend,atr_blend,2.0,3.0,12,1,-155.74,0.0,0.0,-155.74,155.74,0.0,-155.74,1,0,False,[-155.74],0.0,0.0,0.0,0.0
X03290,momentum_reversion,long_only,atr_blend,atr_blend,2.0,4.0,12,1,-155.74,0.0,0.0,-155.74,155.74,0.0,-155.74,1,0,False,[-155.74],0.0,0.0,0.0,0.0
X03431,momentum_reversion,long_only,atr_blend,atr_blend,2.0,1.5,24,1,-155.74,0.0,0.0,-155.74,155.74,0.0,-155.74,1,0,False,[-155.74],0.0,0.0,0.0,0.0
X03432,momentum_reversion,long_only,atr_blend,atr_blend,2.0,2.0,24,1,-155.74,0.0,0.0,-155.74,155.74,0.0,-155.74,1,0,False,[-155.74],0.0,0.0,0.0,0.0
X03433,momentum_reversion,long_only,atr_blend,atr_blend,2.0,3.0,24,1,-155.74,0.0,0.0,-155.74,155.74,0.0,-155.74,1,0,False,[-155.74],0.0,0.0,0.0,0.0
X03434,momentum_reversion,long_only,atr_blend,atr_blend,2.0,4.0,24,1,-155.74,0.0,0.0,-155.74,155.74,0.0,-155.74,1,0,False,[-155.74],0.0,0.0,0.0,0.0
X03575,momentum_reversion,long_only,atr_blend,atr_blend,2.0,1.5,48,1,-155.74,0.0,0.0,-155.74,155.74,0.0,-155.74,1,0,False,[-155.74],0.0,0.0,0.0,0.0
X03576,momentum_reversion,long_only,atr_blend,atr_blend,2.0,2.0,48,1,-155.74,0.0,0.0,-155.74,155.74,0.0,-155.74,1,0,False,[-155.74],0.0,0.0,0.0,0.0
X03577,momentum_reversion,long_only,atr_blend,atr_blend,2.0,3.0,48,1,-155.74,0.0,0.0,-155.74,155.74,0.0,-155.74,1,0,False,[-155.74],0.0,0.0,0.0,0.0
X03578,momentum_reversion,long_only,atr_blend,atr_blend,2.0,4.0,48,1,-155.74,0.0,0.0,-155.74,155.74,0.0,-155.74,1,0,False,[-155.74],0.0,0.0,0.0,0.0
X02502,momentum_reversion,all,fixed,fixed,80.0,60.0,12,1,-161.24,0.0,0.0,-161.24,161.24,0.0,-161.24,1,0,False,[-161.24],0.0,0.0,0.0,0.0
X02503,momentum_reversion,all,fixed,fixed,80.0,80.0,12,1,-161.24,0.0,0.0,-161.24,161.24,0.0,-161.24,1,0,False,[-161.24],0.0,0.0,0.0,0.0
X02504,momentum_reversion,all,fixed,fixed,80.0,120.0,12,1,-161.24,0.0,0.0,-161.24,161.24,0.0,-161.24,1,0,False,[-161.24],0.0,0.0,0.0,0.0
X02646,momentum_reversion,all,fixed,fixed,80.0,60.0,24,1,-161.24,0.0,0.0,-161.24,161.24,0.0,-161.24,1,0,False,[-161.24],0.0,0.0,0.0,0.0
X02647,momentum_reversion,all,fixed,fixed,80.0,80.0,24,1,-161.24,0.0,0.0,-161.24,161.24,0.0,-161.24,1,0,False,[-161.24],0.0,0.0,0.0,0.0
X02648,momentum_reversion,all,fixed,fixed,80.0,120.0,24,1,-161.24,0.0,0.0,-161.24,161.24,0.0,-161.24,1,0,False,[-161.24],0.0,0.0,0.0,0.0
X02790,momentum_reversion,all,fixed,fixed,80.0,60.0,48,1,-161.24,0.0,0.0,-161.24,161.24,0.0,-161.24,1,0,False,[-161.24],0.0,0.0,0.0,0.0
X02791,momentum_reversion,all,fixed,fixed,80.0,80.0,48,1,-161.24,0.0,0.0,-161.24,161.24,0.0,-161.24,1,0,False,[-161.24],0.0,0.0,0.0,0.0
X02792,momentum_reversion,all,fixed,fixed,80.0,120.0,48,1,-161.24,0.0,0.0,-161.24,161.24,0.0,-161.24,1,0,False,[-161.24],0.0,0.0,0.0,0.0
X03222,momentum_reversion,long_only,fixed,fixed,80.0,60.0,12,1,-161.24,0.0,0.0,-161.24,161.24,0.0,-161.24,1,0,False,[-161.24],0.0,0.0,0.0,0.0
X03223,momentum_reversion,long_only,fixed,fixed,80.0,80.0,12,1,-161.24,0.0,0.0,-161.24,161.24,0.0,-161.24,1,0,False,[-161.24],0.0,0.0,0.0,0.0
X03224,momentum_reversion,long_only,fixed,fixed,80.0,120.0,12,1,-161.24,0.0,0.0,-161.24,161.24,0.0,-161.24,1,0,False,[-161.24],0.0,0.0,0.0,0.0
X03366,momentum_reversion,long_only,fixed,fixed,80.0,60.0,24,1,-161.24,0.0,0.0,-161.24,161.24,0.0,-161.24,1,0,False,[-161.24],0.0,0.0,0.0,0.0
X03367,momentum_reversion,long_only,fixed,fixed,80.0,80.0,24,1,-161.24,0.0,0.0,-161.24,161.24,0.0,-161.24,1,0,False,[-161.24],0.0,0.0,0.0,0.0
X03368,momentum_reversion,long_only,fixed,fixed,80.0,120.0,24,1,-161.24,0.0,0.0,-161.24,161.24,0.0,-161.24,1,0,False,[-161.24],0.0,0.0,0.0,0.0
X03510,momentum_reversion,long_only,fixed,fixed,80.0,60.0,48,1,-161.24,0.0,0.0,-161.24,161.24,0.0,-161.24,1,0,False,[-161.24],0.0,0.0,0.0,0.0
X03511,momentum_reversion,long_only,fixed,fixed,80.0,80.0,48,1,-161.24,0.0,0.0,-161.24,161.24,0.0,-161.24,1,0,False,[-161.24],0.0,0.0,0.0,0.0
X03512,momentum_reversion,long_only,fixed,fixed,80.0,120.0,48,1,-161.24,0.0,0.0,-161.24,161.24,0.0,-161.24,1,0,False,[-161.24],0.0,0.0,0.0,0.0
X02573,momentum_reversion,all,atr_blend,atr_blend,2.5,1.5,12,1,-194.24,0.0,0.0,-194.24,194.24,0.0,-194.24,1,0,False,[-194.24],0.0,0.0,0.0,0.0
X02574,momentum_reversion,all,atr_blend,atr_blend,2.5,2.0,12,1,-194.24,0.0,0.0,-194.24,194.24,0.0,-194.24,1,0,False,[-194.24],0.0,0.0,0.0,0.0
X02575,momentum_reversion,all,atr_blend,atr_blend,2.5,3.0,12,1,-194.24,0.0,0.0,-194.24,194.24,0.0,-194.24,1,0,False,[-194.24],0.0,0.0,0.0,0.0
X02576,momentum_reversion,all,atr_blend,atr_blend,2.5,4.0,12,1,-194.24,0.0,0.0,-194.24,194.24,0.0,-194.24,1,0,False,[-194.24],0.0,0.0,0.0,0.0
X02717,momentum_reversion,all,atr_blend,atr_blend,2.5,1.5,24,1,-194.24,0.0,0.0,-194.24,194.24,0.0,-194.24,1,0,False,[-194.24],0.0,0.0,0.0,0.0
X02718,momentum_reversion,all,atr_blend,atr_blend,2.5,2.0,24,1,-194.24,0.0,0.0,-194.24,194.24,0.0,-194.24,1,0,False,[-194.24],0.0,0.0,0.0,0.0
X02719,momentum_reversion,all,atr_blend,atr_blend,2.5,3.0,24,1,-194.24,0.0,0.0,-194.24,194.24,0.0,-194.24,1,0,False,[-194.24],0.0,0.0,0.0,0.0
X02720,momentum_reversion,all,atr_blend,atr_blend,2.5,4.0,24,1,-194.24,0.0,0.0,-194.24,194.24,0.0,-194.24,1,0,False,[-194.24],0.0,0.0,0.0,0.0
X02861,momentum_reversion,all,atr_blend,atr_blend,2.5,1.5,48,1,-194.24,0.0,0.0,-194.24,194.24,0.0,-194.24,1,0,False,[-194.24],0.0,0.0,0.0,0.0
X02862,momentum_reversion,all,atr_blend,atr_blend,2.5,2.0,48,1,-194.24,0.0,0.0,-194.24,194.24,0.0,-194.24,1,0,False,[-194.24],0.0,0.0,0.0,0.0
X02863,momentum_reversion,all,atr_blend,atr_blend,2.5,3.0,48,1,-194.24,0.0,0.0,-194.24,194.24,0.0,-194.24,1,0,False,[-194.24],0.0,0.0,0.0,0.0
X02864,momentum_reversion,all,atr_blend,atr_blend,2.5,4.0,48,1,-194.24,0.0,0.0,-194.24,194.24,0.0,-194.24,1,0,False,[-194.24],0.0,0.0,0.0,0.0
X03293,momentum_reversion,long_only,atr_blend,atr_blend,2.5,1.5,12,1,-194.24,0.0,0.0,-194.24,194.24,0.0,-194.24,1,0,False,[-194.24],0.0,0.0,0.0,0.0
X03294,momentum_reversion,long_only,atr_blend,atr_blend,2.5,2.0,12,1,-194.24,0.0,0.0,-194.24,194.24,0.0,-194.24,1,0,False,[-194.24],0.0,0.0,0.0,0.0
X03295,momentum_reversion,long_only,atr_blend,atr_blend,2.5,3.0,12,1,-194.24,0.0,0.0,-194.24,194.24,0.0,-194.24,1,0,False,[-194.24],0.0,0.0,0.0,0.0
X03296,momentum_reversion,long_only,atr_blend,atr_blend,2.5,4.0,12,1,-194.24,0.0,0.0,-194.24,194.24,0.0,-194.24,1,0,False,[-194.24],0.0,0.0,0.0,0.0
X03437,momentum_reversion,long_only,atr_blend,atr_blend,2.5,1.5,24,1,-194.24,0.0,0.0,-194.24,194.24,0.0,-194.24,1,0,False,[-194.24],0.0,0.0,0.0,0.0
X03438,momentum_reversion,long_only,atr_blend,atr_blend,2.5,2.0,24,1,-194.24,0.0,0.0,-194.24,194.24,0.0,-194.24,1,0,False,[-194.24],0.0,0.0,0.0,0.0
X03439,momentum_reversion,long_only,atr_blend,atr_blend,2.5,3.0,24,1,-194.24,0.0,0.0,-194.24,194.24,0.0,-194.24,1,0,False,[-194.24],0.0,0.0,0.0,0.0
X03440,momentum_reversion,long_only,atr_blend,atr_blend,2.5,4.0,24,1,-194.24,0.0,0.0,-194.24,194.24,0.0,-194.24,1,0,False,[-194.24],0.0,0.0,0.0,0.0
X03581,momentum_reversion,long_only,atr_blend,atr_blend,2.5,1.5,48,1,-194.24,0.0,0.0,-194.24,194.24,0.0,-194.24,1,0,False,[-194.24],0.0,0.0,0.0,0.0
X03582,momentum_reversion,long_only,atr_blend,atr_blend,2.5,2.0,48,1,-194.24,0.0,0.0,-194.24,194.24,0.0,-194.24,1,0,False,[-194.24],0.0,0.0,0.0,0.0
X03583,momentum_reversion,long_only,atr_blend,atr_blend,2.5,3.0,48,1,-194.24,0.0,0.0,-194.24,194.24,0.0,-194.24,1,0,False,[-194.24],0.0,0.0,0.0,0.0
X03584,momentum_reversion,long_only,atr_blend,atr_blend,2.5,4.0,48,1,-194.24,0.0,0.0,-194.24,194.24,0.0,-194.24,1,0,False,[-194.24],0.0,0.0,0.0,0.0
