param_id,signal_name,side_mode,session_set,sl_atr,tp_atr,max_hold_bars,exit_on_opposite,max_trades_per_day,all_trades,all_pnl,all_max_dd,all_profit_factor,all_win_rate,all_expectancy,all_total_gain,all_total_loss,is_trades,is_pnl,is_max_dd,is_profit_factor,is_win_rate,is_expectancy,is_total_gain,is_total_loss,oos_trades,oos_pnl,oos_max_dd,oos_profit_factor,oos_win_rate,oos_expectancy,oos_total_gain,oos_total_loss,wf_positive
IFB_0185,emapmo_normal,long,ALL,1.5,1.5,12,False,1,5,253.8,86.24,3.9429,0.8,50.76,340.04,-86.24,3,157.53,86.24,2.8266,0.6667,52.51,243.77,-86.24,2,96.27,0.0,999.0,1.0,48.135,96.27,0.0,False
IFB_0186,emapmo_normal,long,ALL,1.5,1.5,12,False,3,5,253.8,86.24,3.9429,0.8,50.76,340.04,-86.24,3,157.53,86.24,2.8266,0.6667,52.51,243.77,-86.24,2,96.27,0.0,999.0,1.0,48.135,96.27,0.0,False
IFB_0187,emapmo_normal,long,ALL,1.5,1.5,12,True,1,5,253.8,86.24,3.9429,0.8,50.76,340.04,-86.24,3,157.53,86.24,2.8266,0.6667,52.51,243.77,-86.24,2,96.27,0.0,999.0,1.0,48.135,96.27,0.0,False
IFB_0188,emapmo_normal,long,ALL,1.5,1.5,12,True,3,5,253.8,86.24,3.9429,0.8,50.76,340.04,-86.24,3,157.53,86.24,2.8266,0.6667,52.51,243.77,-86.24,2,96.27,0.0,999.0,1.0,48.135,96.27,0.0,False
IFB_0189,emapmo_normal,long,ALL,1.5,1.5,24,False,1,5,253.8,86.24,3.9429,0.8,50.76,340.04,-86.24,3,157.53,86.24,2.8266,0.6667,52.51,243.77,-86.24,2,96.27,0.0,999.0,1.0,48.135,96.27,0.0,False
IFB_0190,emapmo_normal,long,ALL,1.5,1.5,24,False,3,5,253.8,86.24,3.9429,0.8,50.76,340.04,-86.24,3,157.53,86.24,2.8266,0.6667,52.51,243.77,-86.24,2,96.27,0.0,999.0,1.0,48.135,96.27,0.0,False
IFB_0191,emapmo_normal,long,ALL,1.5,1.5,24,True,1,5,253.8,86.24,3.9429,0.8,50.76,340.04,-86.24,3,157.53,86.24,2.8266,0.6667,52.51,243.77,-86.24,2,96.27,0.0,999.0,1.0,48.135,96.27,0.0,False
IFB_0192,emapmo_normal,long,ALL,1.5,1.5,24,True,3,5,253.8,86.24,3.9429,0.8,50.76,340.04,-86.24,3,157.53,86.24,2.8266,0.6667,52.51,243.77,-86.24,2,96.27,0.0,999.0,1.0,48.135,96.27,0.0,False
IFB_0161,emapmo_normal,long,ALL,1.0,1.0,12,False,1,5,167.55,57.49,3.9144,0.8,33.51,225.04,-57.49,3,103.78,57.49,2.8052,0.6667,34.593,161.27,-57.49,2,63.77,0.0,999.0,1.0,31.885,63.77,0.0,False
IFB_0162,emapmo_normal,long,ALL,1.0,1.0,12,False,3,5,167.55,57.49,3.9144,0.8,33.51,225.04,-57.49,3,103.78,57.49,2.8052,0.6667,34.593,161.27,-57.49,2,63.77,0.0,999.0,1.0,31.885,63.77,0.0,False
IFB_0163,emapmo_normal,long,ALL,1.0,1.0,12,True,1,5,167.55,57.49,3.9144,0.8,33.51,225.04,-57.49,3,103.78,57.49,2.8052,0.6667,34.593,161.27,-57.49,2,63.77,0.0,999.0,1.0,31.885,63.77,0.0,False
IFB_0164,emapmo_normal,long,ALL,1.0,1.0,12,True,3,5,167.55,57.49,3.9144,0.8,33.51,225.04,-57.49,3,103.78,57.49,2.8052,0.6667,34.593,161.27,-57.49,2,63.77,0.0,999.0,1.0,31.885,63.77,0.0,False
IFB_0165,emapmo_normal,long,ALL,1.0,1.0,24,False,1,5,167.55,57.49,3.9144,0.8,33.51,225.04,-57.49,3,103.78,57.49,2.8052,0.6667,34.593,161.27,-57.49,2,63.77,0.0,999.0,1.0,31.885,63.77,0.0,False
IFB_0166,emapmo_normal,long,ALL,1.0,1.0,24,False,3,5,167.55,57.49,3.9144,0.8,33.51,225.04,-57.49,3,103.78,57.49,2.8052,0.6667,34.593,161.27,-57.49,2,63.77,0.0,999.0,1.0,31.885,63.77,0.0,False
IFB_0167,emapmo_normal,long,ALL,1.0,1.0,24,True,1,5,167.55,57.49,3.9144,0.8,33.51,225.04,-57.49,3,103.78,57.49,2.8052,0.6667,34.593,161.27,-57.49,2,63.77,0.0,999.0,1.0,31.885,63.77,0.0,False
IFB_0168,emapmo_normal,long,ALL,1.0,1.0,24,True,3,5,167.55,57.49,3.9144,0.8,33.51,225.04,-57.49,3,103.78,57.49,2.8052,0.6667,34.593,161.27,-57.49,2,63.77,0.0,999.0,1.0,31.885,63.77,0.0,False
IFB_1201,kdjma,short,PRE_RTH,1.0,0.75,6,False,1,42,449.17,96.17,2.3565,0.7143,10.695,780.3,-331.13,30,306.55,96.17,2.3705,0.7333,10.218,530.22,-223.67,12,142.62,46.24,2.3272,0.6667,11.885,250.08,-107.46,True
IFB_1203,kdjma,short,PRE_RTH,1.0,0.75,6,True,1,42,449.17,96.17,2.3565,0.7143,10.695,780.3,-331.13,30,306.55,96.17,2.3705,0.7333,10.218,530.22,-223.67,12,142.62,46.24,2.3272,0.6667,11.885,250.08,-107.46,True
IFB_1205,kdjma,short,PRE_RTH,1.0,0.75,12,False,1,42,449.17,96.17,2.3565,0.7143,10.695,780.3,-331.13,30,306.55,96.17,2.3705,0.7333,10.218,530.22,-223.67,12,142.62,46.24,2.3272,0.6667,11.885,250.08,-107.46,True
IFB_1207,kdjma,short,PRE_RTH,1.0,0.75,12,True,1,42,449.17,96.17,2.3565,0.7143,10.695,780.3,-331.13,30,306.55,96.17,2.3705,0.7333,10.218,530.22,-223.67,12,142.62,46.24,2.3272,0.6667,11.885,250.08,-107.46,True
IFB_1209,kdjma,short,PRE_RTH,1.0,0.75,24,False,1,42,449.17,96.17,2.3565,0.7143,10.695,780.3,-331.13,30,306.55,96.17,2.3705,0.7333,10.218,530.22,-223.67,12,142.62,46.24,2.3272,0.6667,11.885,250.08,-107.46,True
IFB_1211,kdjma,short,PRE_RTH,1.0,0.75,24,True,1,42,449.17,96.17,2.3565,0.7143,10.695,780.3,-331.13,30,306.55,96.17,2.3705,0.7333,10.218,530.22,-223.67,12,142.62,46.24,2.3272,0.6667,11.885,250.08,-107.46,True
IFB_0157,emapmo_normal,long,ALL,1.0,1.0,6,False,1,5,132.55,57.49,3.3056,0.8,26.51,190.04,-57.49,3,68.78,57.49,2.1964,0.6667,22.927,126.27,-57.49,2,63.77,0.0,999.0,1.0,31.885,63.77,0.0,False
IFB_0158,emapmo_normal,long,ALL,1.0,1.0,6,False,3,5,132.55,57.49,3.3056,0.8,26.51,190.04,-57.49,3,68.78,57.49,2.1964,0.6667,22.927,126.27,-57.49,2,63.77,0.0,999.0,1.0,31.885,63.77,0.0,False
IFB_0159,emapmo_normal,long,ALL,1.0,1.0,6,True,1,5,132.55,57.49,3.3056,0.8,26.51,190.04,-57.49,3,68.78,57.49,2.1964,0.6667,22.927,126.27,-57.49,2,63.77,0.0,999.0,1.0,31.885,63.77,0.0,False
IFB_0160,emapmo_normal,long,ALL,1.0,1.0,6,True,3,5,132.55,57.49,3.3056,0.8,26.51,190.04,-57.49,3,68.78,57.49,2.1964,0.6667,22.927,126.27,-57.49,2,63.77,0.0,999.0,1.0,31.885,63.77,0.0,False
IFB_1229,kdjma,short,PRE_RTH,1.5,1.0,12,False,1,42,577.92,107.47,2.2601,0.7381,13.76,1036.56,-458.64,30,401.55,107.47,2.3333,0.7667,13.385,702.73,-301.18,12,176.37,68.74,2.1201,0.6667,14.697,333.83,-157.46,True
IFB_1231,kdjma,short,PRE_RTH,1.5,1.0,12,True,1,42,577.92,107.47,2.2601,0.7381,13.76,1036.56,-458.64,30,401.55,107.47,2.3333,0.7667,13.385,702.73,-301.18,12,176.37,68.74,2.1201,0.6667,14.697,333.83,-157.46,True
IFB_1233,kdjma,short,PRE_RTH,1.5,1.0,24,False,1,42,610.42,107.47,2.3309,0.7381,14.534,1069.06,-458.64,30,434.05,107.47,2.4412,0.7667,14.468,735.23,-301.18,12,176.37,68.74,2.1201,0.6667,14.697,333.83,-157.46,True
IFB_1235,kdjma,short,PRE_RTH,1.5,1.0,24,True,1,42,610.42,107.47,2.3309,0.7381,14.534,1069.06,-458.64,30,434.05,107.47,2.4412,0.7667,14.468,735.23,-301.18,12,176.37,68.74,2.1201,0.6667,14.697,333.83,-157.46,True
IFB_0017,emapmo_normal,both,ALL,1.0,1.0,12,False,1,13,181.38,57.49,2.3196,0.6154,13.952,318.83,-137.45,8,113.83,57.49,2.1109,0.625,14.229,216.3,-102.47,5,67.55,21.24,2.9311,0.6,13.51,102.53,-34.98,False
IFB_0019,emapmo_normal,both,ALL,1.0,1.0,12,True,1,13,181.38,57.49,2.3196,0.6154,13.952,318.83,-137.45,8,113.83,57.49,2.1109,0.625,14.229,216.3,-102.47,5,67.55,21.24,2.9311,0.6,13.51,102.53,-34.98,False
IFB_0021,emapmo_normal,both,ALL,1.0,1.0,24,False,1,13,181.38,57.49,2.3196,0.6154,13.952,318.83,-137.45,8,113.83,57.49,2.1109,0.625,14.229,216.3,-102.47,5,67.55,21.24,2.9311,0.6,13.51,102.53,-34.98,False
IFB_0023,emapmo_normal,both,ALL,1.0,1.0,24,True,1,13,181.38,57.49,2.3196,0.6154,13.952,318.83,-137.45,8,113.83,57.49,2.1109,0.625,14.229,216.3,-102.47,5,67.55,21.24,2.9311,0.6,13.51,102.53,-34.98,False
IFB_0149,emapmo_normal,long,ALL,1.0,0.75,12,False,1,5,110.05,57.49,2.9142,0.8,22.01,167.54,-57.49,3,62.53,57.49,2.0877,0.6667,20.843,120.02,-57.49,2,47.52,0.0,999.0,1.0,23.76,47.52,0.0,False
IFB_0150,emapmo_normal,long,ALL,1.0,0.75,12,False,3,5,110.05,57.49,2.9142,0.8,22.01,167.54,-57.49,3,62.53,57.49,2.0877,0.6667,20.843,120.02,-57.49,2,47.52,0.0,999.0,1.0,23.76,47.52,0.0,False
IFB_0151,emapmo_normal,long,ALL,1.0,0.75,12,True,1,5,110.05,57.49,2.9142,0.8,22.01,167.54,-57.49,3,62.53,57.49,2.0877,0.6667,20.843,120.02,-57.49,2,47.52,0.0,999.0,1.0,23.76,47.52,0.0,False
IFB_0152,emapmo_normal,long,ALL,1.0,0.75,12,True,3,5,110.05,57.49,2.9142,0.8,22.01,167.54,-57.49,3,62.53,57.49,2.0877,0.6667,20.843,120.02,-57.49,2,47.52,0.0,999.0,1.0,23.76,47.52,0.0,False
IFB_0153,emapmo_normal,long,ALL,1.0,0.75,24,False,1,5,110.05,57.49,2.9142,0.8,22.01,167.54,-57.49,3,62.53,57.49,2.0877,0.6667,20.843,120.02,-57.49,2,47.52,0.0,999.0,1.0,23.76,47.52,0.0,False
IFB_0154,emapmo_normal,long,ALL,1.0,0.75,24,False,3,5,110.05,57.49,2.9142,0.8,22.01,167.54,-57.49,3,62.53,57.49,2.0877,0.6667,20.843,120.02,-57.49,2,47.52,0.0,999.0,1.0,23.76,47.52,0.0,False
IFB_0155,emapmo_normal,long,ALL,1.0,0.75,24,True,1,5,110.05,57.49,2.9142,0.8,22.01,167.54,-57.49,3,62.53,57.49,2.0877,0.6667,20.843,120.02,-57.49,2,47.52,0.0,999.0,1.0,23.76,47.52,0.0,False
IFB_0156,emapmo_normal,long,ALL,1.0,0.75,24,True,3,5,110.05,57.49,2.9142,0.8,22.01,167.54,-57.49,3,62.53,57.49,2.0877,0.6667,20.843,120.02,-57.49,2,47.52,0.0,999.0,1.0,23.76,47.52,0.0,False
IFB_0145,emapmo_normal,long,ALL,1.0,0.75,6,False,1,5,102.55,57.49,2.7838,0.8,20.51,160.04,-57.49,3,55.03,57.49,1.9572,0.6667,18.343,112.52,-57.49,2,47.52,0.0,999.0,1.0,23.76,47.52,0.0,False
IFB_0146,emapmo_normal,long,ALL,1.0,0.75,6,False,3,5,102.55,57.49,2.7838,0.8,20.51,160.04,-57.49,3,55.03,57.49,1.9572,0.6667,18.343,112.52,-57.49,2,47.52,0.0,999.0,1.0,23.76,47.52,0.0,False
IFB_0147,emapmo_normal,long,ALL,1.0,0.75,6,True,1,5,102.55,57.49,2.7838,0.8,20.51,160.04,-57.49,3,55.03,57.49,1.9572,0.6667,18.343,112.52,-57.49,2,47.52,0.0,999.0,1.0,23.76,47.52,0.0,False
IFB_0148,emapmo_normal,long,ALL,1.0,0.75,6,True,3,5,102.55,57.49,2.7838,0.8,20.51,160.04,-57.49,3,55.03,57.49,1.9572,0.6667,18.343,112.52,-57.49,2,47.52,0.0,999.0,1.0,23.76,47.52,0.0,False
IFB_0173,emapmo_normal,long,ALL,1.5,1.0,12,False,1,5,138.8,86.24,2.6095,0.8,27.76,225.04,-86.24,3,75.03,86.24,1.87,0.6667,25.01,161.27,-86.24,2,63.77,0.0,999.0,1.0,31.885,63.77,0.0,False
IFB_0174,emapmo_normal,long,ALL,1.5,1.0,12,False,3,5,138.8,86.24,2.6095,0.8,27.76,225.04,-86.24,3,75.03,86.24,1.87,0.6667,25.01,161.27,-86.24,2,63.77,0.0,999.0,1.0,31.885,63.77,0.0,False
IFB_0175,emapmo_normal,long,ALL,1.5,1.0,12,True,1,5,138.8,86.24,2.6095,0.8,27.76,225.04,-86.24,3,75.03,86.24,1.87,0.6667,25.01,161.27,-86.24,2,63.77,0.0,999.0,1.0,31.885,63.77,0.0,False
IFB_0176,emapmo_normal,long,ALL,1.5,1.0,12,True,3,5,138.8,86.24,2.6095,0.8,27.76,225.04,-86.24,3,75.03,86.24,1.87,0.6667,25.01,161.27,-86.24,2,63.77,0.0,999.0,1.0,31.885,63.77,0.0,False
IFB_0177,emapmo_normal,long,ALL,1.5,1.0,24,False,1,5,138.8,86.24,2.6095,0.8,27.76,225.04,-86.24,3,75.03,86.24,1.87,0.6667,25.01,161.27,-86.24,2,63.77,0.0,999.0,1.0,31.885,63.77,0.0,False
IFB_0178,emapmo_normal,long,ALL,1.5,1.0,24,False,3,5,138.8,86.24,2.6095,0.8,27.76,225.04,-86.24,3,75.03,86.24,1.87,0.6667,25.01,161.27,-86.24,2,63.77,0.0,999.0,1.0,31.885,63.77,0.0,False
IFB_0179,emapmo_normal,long,ALL,1.5,1.0,24,True,1,5,138.8,86.24,2.6095,0.8,27.76,225.04,-86.24,3,75.03,86.24,1.87,0.6667,25.01,161.27,-86.24,2,63.77,0.0,999.0,1.0,31.885,63.77,0.0,False
IFB_0180,emapmo_normal,long,ALL,1.5,1.0,24,True,3,5,138.8,86.24,2.6095,0.8,27.76,225.04,-86.24,3,75.03,86.24,1.87,0.6667,25.01,161.27,-86.24,2,63.77,0.0,999.0,1.0,31.885,63.77,0.0,False
IFB_0181,emapmo_normal,long,ALL,1.5,1.5,6,False,1,5,132.55,86.24,2.537,0.8,26.51,218.79,-86.24,3,67.53,86.24,1.783,0.6667,22.51,153.77,-86.24,2,65.02,0.0,999.0,1.0,32.51,65.02,0.0,False
IFB_0182,emapmo_normal,long,ALL,1.5,1.5,6,False,3,5,132.55,86.24,2.537,0.8,26.51,218.79,-86.24,3,67.53,86.24,1.783,0.6667,22.51,153.77,-86.24,2,65.02,0.0,999.0,1.0,32.51,65.02,0.0,False
IFB_0183,emapmo_normal,long,ALL,1.5,1.5,6,True,1,5,132.55,86.24,2.537,0.8,26.51,218.79,-86.24,3,67.53,86.24,1.783,0.6667,22.51,153.77,-86.24,2,65.02,0.0,999.0,1.0,32.51,65.02,0.0,False
IFB_0184,emapmo_normal,long,ALL,1.5,1.5,6,True,3,5,132.55,86.24,2.537,0.8,26.51,218.79,-86.24,3,67.53,86.24,1.783,0.6667,22.51,153.77,-86.24,2,65.02,0.0,999.0,1.0,32.51,65.02,0.0,False
IFB_0013,emapmo_normal,both,ALL,1.0,1.0,6,False,1,13,121.38,57.49,1.8831,0.6154,9.337,258.83,-137.45,8,78.83,57.49,1.7693,0.625,9.854,181.3,-102.47,5,42.55,21.24,2.2164,0.6,8.51,77.53,-34.98,False
IFB_0015,emapmo_normal,both,ALL,1.0,1.0,6,True,1,13,121.38,57.49,1.8831,0.6154,9.337,258.83,-137.45,8,78.83,57.49,1.7693,0.625,9.854,181.3,-102.47,5,42.55,21.24,2.2164,0.6,8.51,77.53,-34.98,False
IFB_0041,emapmo_normal,both,ALL,1.5,1.5,12,False,1,13,237.63,89.97,2.0564,0.5385,18.279,462.57,-224.94,8,132.58,89.97,1.7578,0.5,16.572,307.54,-174.96,5,105.05,29.99,3.1018,0.6,21.01,155.03,-49.98,False
IFB_0043,emapmo_normal,both,ALL,1.5,1.5,12,True,1,13,237.63,89.97,2.0564,0.5385,18.279,462.57,-224.94,8,132.58,89.97,1.7578,0.5,16.572,307.54,-174.96,5,105.05,29.99,3.1018,0.6,21.01,155.03,-49.98,False
IFB_0045,emapmo_normal,both,ALL,1.5,1.5,24,False,1,13,237.63,89.97,2.0564,0.5385,18.279,462.57,-224.94,8,132.58,89.97,1.7578,0.5,16.572,307.54,-174.96,5,105.05,29.99,3.1018,0.6,21.01,155.03,-49.98,False
IFB_0047,emapmo_normal,both,ALL,1.5,1.5,24,True,1,13,237.63,89.97,2.0564,0.5385,18.279,462.57,-224.94,8,132.58,89.97,1.7578,0.5,16.572,307.54,-174.96,5,105.05,29.99,3.1018,0.6,21.01,155.03,-49.98,False
IFB_0005,emapmo_normal,both,ALL,1.0,0.75,12,False,1,13,98.88,57.49,1.7194,0.6154,7.606,236.33,-137.45,8,57.58,57.49,1.5619,0.625,7.198,160.05,-102.47,5,41.3,21.24,2.1807,0.6,8.26,76.28,-34.98,False
IFB_0007,emapmo_normal,both,ALL,1.0,0.75,12,True,1,13,98.88,57.49,1.7194,0.6154,7.606,236.33,-137.45,8,57.58,57.49,1.5619,0.625,7.198,160.05,-102.47,5,41.3,21.24,2.1807,0.6,8.26,76.28,-34.98,False
IFB_0009,emapmo_normal,both,ALL,1.0,0.75,24,False,1,13,98.88,57.49,1.7194,0.6154,7.606,236.33,-137.45,8,57.58,57.49,1.5619,0.625,7.198,160.05,-102.47,5,41.3,21.24,2.1807,0.6,8.26,76.28,-34.98,False
IFB_0011,emapmo_normal,both,ALL,1.0,0.75,24,True,1,13,98.88,57.49,1.7194,0.6154,7.606,236.33,-137.45,8,57.58,57.49,1.5619,0.625,7.198,160.05,-102.47,5,41.3,21.24,2.1807,0.6,8.26,76.28,-34.98,False
IFB_0614,emapmo_early,long,ALL,1.5,1.5,6,False,3,14,216.39,149.98,1.6206,0.5714,15.456,565.08,-348.69,9,156.34,149.98,1.5511,0.5556,17.371,440.05,-283.71,5,60.05,64.98,1.9241,0.6,12.01,125.03,-64.98,False
IFB_0616,emapmo_early,long,ALL,1.5,1.5,6,True,3,14,216.39,149.98,1.6206,0.5714,15.456,565.08,-348.69,9,156.34,149.98,1.5511,0.5556,17.371,440.05,-283.71,5,60.05,64.98,1.9241,0.6,12.01,125.03,-64.98,False
IFB_0037,emapmo_normal,both,ALL,1.5,1.5,6,False,1,13,106.38,86.24,1.5528,0.6154,8.183,298.83,-192.45,8,77.58,86.24,1.5445,0.625,9.698,220.05,-142.47,5,28.8,29.99,1.5762,0.6,5.76,78.78,-49.98,False
IFB_0039,emapmo_normal,both,ALL,1.5,1.5,6,True,1,13,106.38,86.24,1.5528,0.6154,8.183,298.83,-192.45,8,77.58,86.24,1.5445,0.625,9.698,220.05,-142.47,5,28.8,29.99,1.5762,0.6,5.76,78.78,-49.98,False
IFB_0001,emapmo_normal,both,ALL,1.0,0.75,6,False,1,13,91.38,57.49,1.6648,0.6154,7.029,228.83,-137.45,8,50.08,57.49,1.4887,0.625,6.26,152.55,-102.47,5,41.3,21.24,2.1807,0.6,8.26,76.28,-34.98,False
IFB_0003,emapmo_normal,both,ALL,1.0,0.75,6,True,1,13,91.38,57.49,1.6648,0.6154,7.029,228.83,-137.45,8,50.08,57.49,1.4887,0.625,6.26,152.55,-102.47,5,41.3,21.24,2.1807,0.6,8.26,76.28,-34.98,False
IFB_0602,emapmo_early,long,ALL,1.5,1.0,6,False,3,15,228.9,166.21,1.6859,0.6667,15.26,562.6,-333.7,10,133.85,166.21,1.476,0.6,13.385,415.06,-281.21,5,95.05,52.49,2.8108,0.8,19.01,147.54,-52.49,False
IFB_0604,emapmo_early,long,ALL,1.5,1.0,6,True,3,15,228.9,166.21,1.6859,0.6667,15.26,562.6,-333.7,10,133.85,166.21,1.476,0.6,13.385,415.06,-281.21,5,95.05,52.49,2.8108,0.8,19.01,147.54,-52.49,False
IFB_0169,emapmo_normal,long,ALL,1.5,1.0,6,False,1,5,103.8,86.24,2.2036,0.8,20.76,190.04,-86.24,3,40.03,86.24,1.4642,0.6667,13.343,126.27,-86.24,2,63.77,0.0,999.0,1.0,31.885,63.77,0.0,False
IFB_0170,emapmo_normal,long,ALL,1.5,1.0,6,False,3,5,103.8,86.24,2.2036,0.8,20.76,190.04,-86.24,3,40.03,86.24,1.4642,0.6667,13.343,126.27,-86.24,2,63.77,0.0,999.0,1.0,31.885,63.77,0.0,False
IFB_0171,emapmo_normal,long,ALL,1.5,1.0,6,True,1,5,103.8,86.24,2.2036,0.8,20.76,190.04,-86.24,3,40.03,86.24,1.4642,0.6667,13.343,126.27,-86.24,2,63.77,0.0,999.0,1.0,31.885,63.77,0.0,False
IFB_0172,emapmo_normal,long,ALL,1.5,1.0,6,True,3,5,103.8,86.24,2.2036,0.8,20.76,190.04,-86.24,3,40.03,86.24,1.4642,0.6667,13.343,126.27,-86.24,2,63.77,0.0,999.0,1.0,31.885,63.77,0.0,False
IFB_0029,emapmo_normal,both,ALL,1.5,1.0,12,False,1,13,116.38,86.24,1.5749,0.6154,8.952,318.83,-202.45,8,63.83,86.24,1.4186,0.625,7.979,216.3,-152.47,5,52.55,29.99,2.0514,0.6,10.51,102.53,-49.98,False
IFB_0031,emapmo_normal,both,ALL,1.5,1.0,12,True,1,13,116.38,86.24,1.5749,0.6154,8.952,318.83,-202.45,8,63.83,86.24,1.4186,0.625,7.979,216.3,-152.47,5,52.55,29.99,2.0514,0.6,10.51,102.53,-49.98,False
IFB_0033,emapmo_normal,both,ALL,1.5,1.0,24,False,1,13,116.38,86.24,1.5749,0.6154,8.952,318.83,-202.45,8,63.83,86.24,1.4186,0.625,7.979,216.3,-152.47,5,52.55,29.99,2.0514,0.6,10.51,102.53,-49.98,False
IFB_0035,emapmo_normal,both,ALL,1.5,1.0,24,True,1,13,116.38,86.24,1.5749,0.6154,8.952,318.83,-202.45,8,63.83,86.24,1.4186,0.625,7.979,216.3,-152.47,5,52.55,29.99,2.0514,0.6,10.51,102.53,-49.98,False
IFB_1037,kdjma,long,ALL,1.5,1.0,12,False,1,46,175.46,106.18,1.3647,0.6304,3.814,656.54,-481.08,32,122.82,106.18,1.4028,0.6562,3.838,427.71,-304.89,14,52.64,97.43,1.2988,0.5714,3.76,228.83,-176.19,False
IFB_1039,kdjma,long,ALL,1.5,1.0,12,True,1,46,175.46,106.18,1.3647,0.6304,3.814,656.54,-481.08,32,122.82,106.18,1.4028,0.6562,3.838,427.71,-304.89,14,52.64,97.43,1.2988,0.5714,3.76,228.83,-176.19,False
IFB_1041,kdjma,long,ALL,1.5,1.0,24,False,1,46,175.46,106.18,1.3647,0.6304,3.814,656.54,-481.08,32,122.82,106.18,1.4028,0.6562,3.838,427.71,-304.89,14,52.64,97.43,1.2988,0.5714,3.76,228.83,-176.19,False
IFB_1043,kdjma,long,ALL,1.5,1.0,24,True,1,46,175.46,106.18,1.3647,0.6304,3.814,656.54,-481.08,32,122.82,106.18,1.4028,0.6562,3.838,427.71,-304.89,14,52.64,97.43,1.2988,0.5714,3.76,228.83,-176.19,False
IFB_0949,kdjma,both,PRE_RTH,1.5,1.5,6,False,1,49,234.24,214.91,1.3396,0.5306,4.78,924.01,-689.77,35,151.6,142.47,1.2895,0.5429,4.331,675.19,-523.59,14,82.64,93.71,1.4973,0.5,5.903,248.82,-166.18,False
IFB_0951,kdjma,both,PRE_RTH,1.5,1.5,6,True,1,49,234.24,214.91,1.3396,0.5306,4.78,924.01,-689.77,35,151.6,142.47,1.2895,0.5429,4.331,675.19,-523.59,14,82.64,93.71,1.4973,0.5,5.903,248.82,-166.18,False
IFB_1045,kdjma,long,ALL,1.5,1.5,6,False,1,46,181.71,146.18,1.3618,0.5652,3.95,684.01,-502.3,32,131.57,107.43,1.405,0.5938,4.112,456.44,-324.87,14,50.14,146.18,1.2826,0.5,3.581,227.57,-177.43,False
IFB_1047,kdjma,long,ALL,1.5,1.5,6,True,1,46,181.71,146.18,1.3618,0.5652,3.95,684.01,-502.3,32,131.57,107.43,1.405,0.5938,4.112,456.44,-324.87,14,50.14,146.18,1.2826,0.5,3.581,227.57,-177.43,False
IFB_0025,emapmo_normal,both,ALL,1.5,1.0,6,False,1,13,66.38,86.24,1.3449,0.6154,5.106,258.83,-192.45,8,38.83,86.24,1.2725,0.625,4.854,181.3,-142.47,5,27.55,29.99,1.5512,0.6,5.51,77.53,-49.98,False
IFB_0027,emapmo_normal,both,ALL,1.5,1.0,6,True,1,13,66.38,86.24,1.3449,0.6154,5.106,258.83,-192.45,8,38.83,86.24,1.2725,0.625,4.854,181.3,-142.47,5,27.55,29.99,1.5512,0.6,5.51,77.53,-49.98,False
IFB_1049,kdjma,long,ALL,1.5,1.5,12,False,1,46,262.96,119.79,1.4827,0.5652,5.717,807.76,-544.8,32,92.82,119.79,1.2518,0.5625,2.901,461.43,-368.61,14,170.14,82.47,1.9657,0.5714,12.153,346.33,-176.19,True
IFB_1051,kdjma,long,ALL,1.5,1.5,12,True,1,46,262.96,119.79,1.4827,0.5652,5.717,807.76,-544.8,32,92.82,119.79,1.2518,0.5625,2.901,461.43,-368.61,14,170.14,82.47,1.9657,0.5714,12.153,346.33,-176.19,True
IFB_1241,kdjma,short,PRE_RTH,1.5,1.5,12,False,1,42,189.17,178.72,1.2336,0.5714,4.504,998.99,-809.82,30,129.05,167.48,1.231,0.6,4.302,687.68,-558.63,12,60.12,178.72,1.2393,0.5,5.01,311.31,-251.19,False
IFB_1243,kdjma,short,PRE_RTH,1.5,1.5,12,True,1,42,189.17,178.72,1.2336,0.5714,4.504,998.99,-809.82,30,129.05,167.48,1.231,0.6,4.302,687.68,-558.63,12,60.12,178.72,1.2393,0.5,5.01,311.31,-251.19,False
IFB_0622,emapmo_early,long,ALL,1.5,1.5,24,False,3,12,188.87,239.98,1.4431,0.5833,15.739,615.07,-426.2,9,85.09,239.98,1.2277,0.5556,9.454,458.8,-373.71,3,103.78,52.49,2.9771,0.6667,34.593,156.27,-52.49,False
IFB_0624,emapmo_early,long,ALL,1.5,1.5,24,True,3,12,188.87,239.98,1.4431,0.5833,15.739,615.07,-426.2,9,85.09,239.98,1.2277,0.5556,9.454,458.8,-373.71,3,103.78,52.49,2.9771,0.6667,34.593,156.27,-52.49,False
IFB_0618,emapmo_early,long,ALL,1.5,1.5,12,False,3,12,158.87,239.98,1.3728,0.5833,13.239,585.07,-426.2,9,85.09,239.98,1.2277,0.5556,9.454,458.8,-373.71,3,73.78,52.49,2.4056,0.6667,24.593,126.27,-52.49,False
IFB_0620,emapmo_early,long,ALL,1.5,1.5,12,True,3,12,158.87,239.98,1.3728,0.5833,13.239,585.07,-426.2,9,85.09,239.98,1.2277,0.5556,9.454,458.8,-373.71,3,73.78,52.49,2.4056,0.6667,24.593,126.27,-52.49,False
IFB_1225,kdjma,short,PRE_RTH,1.5,1.0,6,False,1,42,254.17,174.9,1.4797,0.5952,6.052,784.0,-529.83,30,77.8,174.9,1.2089,0.5667,2.593,450.17,-372.37,12,176.37,68.74,2.1201,0.6667,14.697,333.83,-157.46,False
IFB_1227,kdjma,short,PRE_RTH,1.5,1.0,6,True,1,42,254.17,174.9,1.4797,0.5952,6.052,784.0,-529.83,30,77.8,174.9,1.2089,0.5667,2.593,450.17,-372.37,12,176.37,68.74,2.1201,0.6667,14.697,333.83,-157.46,False
IFB_0910,kdjma,both,ALL,1.5,1.5,24,False,3,149,521.49,180.99,1.2625,0.5302,3.5,2508.29,-1986.8,103,268.53,180.99,1.1995,0.5243,2.607,1614.29,-1345.76,46,252.96,139.88,1.3946,0.5435,5.499,894.0,-641.04,True
IFB_0912,kdjma,both,ALL,1.5,1.5,24,True,3,149,521.49,180.99,1.2625,0.5302,3.5,2508.29,-1986.8,103,268.53,180.99,1.1995,0.5243,2.607,1614.29,-1345.76,46,252.96,139.88,1.3946,0.5435,5.499,894.0,-641.04,True
IFB_0941,kdjma,both,PRE_RTH,1.5,1.0,12,False,1,49,229.24,186.16,1.3534,0.6531,4.678,877.82,-648.58,35,97.85,161.23,1.1972,0.6571,2.796,593.98,-496.13,14,131.39,79.96,1.8619,0.6429,9.385,283.84,-152.45,False
IFB_0943,kdjma,both,PRE_RTH,1.5,1.0,12,True,1,49,229.24,186.16,1.3534,0.6531,4.678,877.82,-648.58,35,97.85,161.23,1.1972,0.6571,2.796,593.98,-496.13,14,131.39,79.96,1.8619,0.6429,9.385,283.84,-152.45,False
IFB_0945,kdjma,both,PRE_RTH,1.5,1.0,24,False,1,49,229.24,186.16,1.3534,0.6531,4.678,877.82,-648.58,35,97.85,161.23,1.1972,0.6571,2.796,593.98,-496.13,14,131.39,79.96,1.8619,0.6429,9.385,283.84,-152.45,False
IFB_0947,kdjma,both,PRE_RTH,1.5,1.0,24,True,1,49,229.24,186.16,1.3534,0.6531,4.678,877.82,-648.58,35,97.85,161.23,1.1972,0.6571,2.796,593.98,-496.13,14,131.39,79.96,1.8619,0.6429,9.385,283.84,-152.45,False
IFB_1277,kdjma,short,RTH,1.5,1.0,12,False,1,38,251.63,314.92,1.3514,0.6842,6.622,967.76,-716.13,28,102.78,314.92,1.1913,0.6786,3.671,640.19,-537.41,10,148.85,82.47,1.8329,0.7,14.885,327.57,-178.72,False
IFB_1279,kdjma,short,RTH,1.5,1.0,12,True,1,38,251.63,314.92,1.3514,0.6842,6.622,967.76,-716.13,28,102.78,314.92,1.1913,0.6786,3.671,640.19,-537.41,10,148.85,82.47,1.8329,0.7,14.885,327.57,-178.72,False
IFB_0894,kdjma,both,ALL,1.5,1.0,12,False,3,149,330.24,173.49,1.2149,0.6174,2.216,1867.17,-1536.93,103,236.03,173.49,1.2332,0.6214,2.292,1248.14,-1012.11,46,94.21,128.64,1.1795,0.6087,2.048,619.03,-524.82,True
IFB_0896,kdjma,both,ALL,1.5,1.0,12,True,3,149,330.24,173.49,1.2149,0.6174,2.216,1867.17,-1536.93,103,236.03,173.49,1.2332,0.6214,2.292,1248.14,-1012.11,46,94.21,128.64,1.1795,0.6087,2.048,619.03,-524.82,True
IFB_1281,kdjma,short,RTH,1.5,1.0,24,False,1,38,312.88,314.92,1.4145,0.6842,8.234,1067.76,-754.88,28,96.53,314.92,1.1675,0.6786,3.448,672.69,-576.16,10,216.35,82.47,2.2106,0.7,21.635,395.07,-178.72,False
IFB_1283,kdjma,short,RTH,1.5,1.0,24,True,1,38,312.88,314.92,1.4145,0.6842,8.234,1067.76,-754.88,28,96.53,314.92,1.1675,0.6786,3.448,672.69,-576.16,10,216.35,82.47,2.2106,0.7,21.635,395.07,-178.72,False
IFB_0578,emapmo_early,long,ALL,1.0,0.75,6,False,3,15,55.15,104.98,1.1801,0.5333,3.677,361.33,-306.18,10,37.6,104.98,1.1626,0.5,3.76,268.8,-231.2,5,17.55,74.98,1.2341,0.6,3.51,92.53,-74.98,False
IFB_0580,emapmo_early,long,ALL,1.0,0.75,6,True,3,15,55.15,104.98,1.1801,0.5333,3.677,361.33,-306.18,10,37.6,104.98,1.1626,0.5,3.76,268.8,-231.2,5,17.55,74.98,1.2341,0.6,3.51,92.53,-74.98,False
IFB_0906,kdjma,both,ALL,1.5,1.5,12,False,3,149,426.49,177.04,1.2316,0.5503,2.862,2268.32,-1841.83,103,197.28,177.04,1.1596,0.5437,1.915,1433.06,-1235.78,46,229.21,137.38,1.3782,0.5652,4.983,835.26,-606.05,False
IFB_0908,kdjma,both,ALL,1.5,1.5,12,True,3,149,426.49,177.04,1.2316,0.5503,2.862,2268.32,-1841.83,103,197.28,177.04,1.1596,0.5437,1.915,1433.06,-1235.78,46,229.21,137.38,1.3782,0.5652,4.983,835.26,-606.05,False
IFB_0042,emapmo_normal,both,ALL,1.5,1.5,12,False,3,16,188.91,136.21,1.612,0.5,11.807,497.58,-308.67,9,167.59,89.97,1.9579,0.5556,18.621,342.55,-174.96,7,21.32,103.72,1.1594,0.4286,3.046,155.03,-133.71,False
IFB_0044,emapmo_normal,both,ALL,1.5,1.5,12,True,3,16,188.91,136.21,1.612,0.5,11.807,497.58,-308.67,9,167.59,89.97,1.9579,0.5556,18.621,342.55,-174.96,7,21.32,103.72,1.1594,0.4286,3.046,155.03,-133.71,False
IFB_0046,emapmo_normal,both,ALL,1.5,1.5,24,False,3,16,188.91,136.21,1.612,0.5,11.807,497.58,-308.67,9,167.59,89.97,1.9579,0.5556,18.621,342.55,-174.96,7,21.32,103.72,1.1594,0.4286,3.046,155.03,-133.71,False
IFB_0048,emapmo_normal,both,ALL,1.5,1.5,24,True,3,16,188.91,136.21,1.612,0.5,11.807,497.58,-308.67,9,167.59,89.97,1.9579,0.5556,18.621,342.55,-174.96,7,21.32,103.72,1.1594,0.4286,3.046,155.03,-133.71,False
IFB_1053,kdjma,long,ALL,1.5,1.5,24,False,1,46,241.71,184.79,1.3853,0.5435,5.255,869.0,-627.29,32,71.57,184.79,1.1587,0.5312,2.237,522.67,-451.1,14,170.14,82.47,1.9657,0.5714,12.153,346.33,-176.19,False
IFB_1055,kdjma,long,ALL,1.5,1.5,24,True,1,46,241.71,184.79,1.3853,0.5435,5.255,869.0,-627.29,32,71.57,184.79,1.1587,0.5312,2.237,522.67,-451.1,14,170.14,82.47,1.9657,0.5714,12.153,346.33,-176.19,False
IFB_0913,kdjma,both,PRE_RTH,1.0,0.75,6,False,1,49,154.24,168.5,1.3266,0.6327,3.148,626.56,-472.32,35,47.85,158.57,1.1303,0.6286,1.367,415.22,-367.37,14,106.39,53.71,2.0137,0.6429,7.599,211.34,-104.95,False
IFB_0915,kdjma,both,PRE_RTH,1.0,0.75,6,True,1,49,154.24,168.5,1.3266,0.6327,3.148,626.56,-472.32,35,47.85,158.57,1.1303,0.6286,1.367,415.22,-367.37,14,106.39,53.71,2.0137,0.6429,7.599,211.34,-104.95,False
IFB_0917,kdjma,both,PRE_RTH,1.0,0.75,12,False,1,49,154.24,168.5,1.3266,0.6327,3.148,626.56,-472.32,35,47.85,158.57,1.1303,0.6286,1.367,415.22,-367.37,14,106.39,53.71,2.0137,0.6429,7.599,211.34,-104.95,False
IFB_0919,kdjma,both,PRE_RTH,1.0,0.75,12,True,1,49,154.24,168.5,1.3266,0.6327,3.148,626.56,-472.32,35,47.85,158.57,1.1303,0.6286,1.367,415.22,-367.37,14,106.39,53.71,2.0137,0.6429,7.599,211.34,-104.95,False
IFB_0921,kdjma,both,PRE_RTH,1.0,0.75,24,False,1,49,154.24,168.5,1.3266,0.6327,3.148,626.56,-472.32,35,47.85,158.57,1.1303,0.6286,1.367,415.22,-367.37,14,106.39,53.71,2.0137,0.6429,7.599,211.34,-104.95,False
IFB_0923,kdjma,both,PRE_RTH,1.0,0.75,24,True,1,49,154.24,168.5,1.3266,0.6327,3.148,626.56,-472.32,35,47.85,158.57,1.1303,0.6286,1.367,415.22,-367.37,14,106.39,53.71,2.0137,0.6429,7.599,211.34,-104.95,False
IFB_0890,kdjma,both,ALL,1.5,1.0,6,False,3,149,211.49,197.27,1.1464,0.604,1.419,1655.9,-1444.41,103,156.03,197.27,1.1573,0.6117,1.515,1148.13,-992.1,46,55.46,107.38,1.1226,0.587,1.206,507.77,-452.31,False
IFB_0892,kdjma,both,ALL,1.5,1.0,6,True,3,149,211.49,197.27,1.1464,0.604,1.419,1655.9,-1444.41,103,156.03,197.27,1.1573,0.6117,1.515,1148.13,-992.1,46,55.46,107.38,1.1226,0.587,1.206,507.77,-452.31,False
IFB_0606,emapmo_early,long,ALL,1.5,1.0,12,False,3,14,131.39,256.21,1.3101,0.6429,9.385,555.09,-423.7,10,43.85,256.21,1.1181,0.6,4.385,415.06,-371.21,4,87.54,52.49,2.6677,0.75,21.885,140.03,-52.49,False
IFB_0608,emapmo_early,long,ALL,1.5,1.0,12,True,3,14,131.39,256.21,1.3101,0.6429,9.385,555.09,-423.7,10,43.85,256.21,1.1181,0.6,4.385,415.06,-371.21,4,87.54,52.49,2.6677,0.75,21.885,140.03,-52.49,False
IFB_0610,emapmo_early,long,ALL,1.5,1.0,24,False,3,14,131.39,256.21,1.3101,0.6429,9.385,555.09,-423.7,10,43.85,256.21,1.1181,0.6,4.385,415.06,-371.21,4,87.54,52.49,2.6677,0.75,21.885,140.03,-52.49,False
IFB_0612,emapmo_early,long,ALL,1.5,1.0,24,True,3,14,131.39,256.21,1.3101,0.6429,9.385,555.09,-423.7,10,43.85,256.21,1.1181,0.6,4.385,415.06,-371.21,4,87.54,52.49,2.6677,0.75,21.885,140.03,-52.49,False
IFB_0898,kdjma,both,ALL,1.5,1.0,24,False,3,149,321.49,149.77,1.2027,0.6174,2.158,1907.17,-1585.68,103,256.03,149.77,1.2496,0.6311,2.486,1281.9,-1025.87,46,65.46,131.14,1.1169,0.587,1.423,625.27,-559.81,True
IFB_0900,kdjma,both,ALL,1.5,1.0,24,True,3,149,321.49,149.77,1.2027,0.6174,2.158,1907.17,-1585.68,103,256.03,149.77,1.2496,0.6311,2.486,1281.9,-1025.87,46,65.46,131.14,1.1169,0.587,1.423,625.27,-559.81,True
IFB_1025,kdjma,long,ALL,1.0,1.0,12,False,1,46,94.21,114.79,1.2089,0.5217,2.048,545.24,-451.03,32,35.32,114.79,1.1159,0.5312,1.104,340.17,-304.85,14,58.89,101.18,1.4029,0.5,4.206,205.07,-146.18,False
IFB_1027,kdjma,long,ALL,1.0,1.0,12,True,1,46,94.21,114.79,1.2089,0.5217,2.048,545.24,-451.03,32,35.32,114.79,1.1159,0.5312,1.104,340.17,-304.85,14,58.89,101.18,1.4029,0.5,4.206,205.07,-146.18,False
IFB_1029,kdjma,long,ALL,1.0,1.0,24,False,1,46,94.21,114.79,1.2089,0.5217,2.048,545.24,-451.03,32,35.32,114.79,1.1159,0.5312,1.104,340.17,-304.85,14,58.89,101.18,1.4029,0.5,4.206,205.07,-146.18,False
IFB_1031,kdjma,long,ALL,1.0,1.0,24,True,1,46,94.21,114.79,1.2089,0.5217,2.048,545.24,-451.03,32,35.32,114.79,1.1159,0.5312,1.104,340.17,-304.85,14,58.89,101.18,1.4029,0.5,4.206,205.07,-146.18,False
IFB_1021,kdjma,long,ALL,1.0,1.0,6,False,1,46,66.71,128.68,1.1475,0.5,1.45,518.98,-452.27,32,35.32,114.79,1.1159,0.5312,1.104,340.17,-304.85,14,31.39,128.68,1.2129,0.4286,2.242,178.81,-147.42,False
IFB_1023,kdjma,long,ALL,1.0,1.0,6,True,1,46,66.71,128.68,1.1475,0.5,1.45,518.98,-452.27,32,35.32,114.79,1.1159,0.5312,1.104,340.17,-304.85,14,31.39,128.68,1.2129,0.4286,2.242,178.81,-147.42,False
IFB_0946,kdjma,both,PRE_RTH,1.5,1.0,24,False,3,129,368.79,361.16,1.1521,0.6357,2.859,2793.32,-2424.53,93,197.18,361.16,1.113,0.6452,2.12,1941.85,-1744.67,36,171.61,182.43,1.2524,0.6111,4.767,851.47,-679.86,False
IFB_0948,kdjma,both,PRE_RTH,1.5,1.0,24,True,3,129,368.79,361.16,1.1521,0.6357,2.859,2793.32,-2424.53,93,197.18,361.16,1.113,0.6452,2.12,1941.85,-1744.67,36,171.61,182.43,1.2524,0.6111,4.767,851.47,-679.86,False
IFB_1050,kdjma,long,ALL,1.5,1.5,12,False,3,123,263.73,369.79,1.1324,0.5203,2.144,2255.64,-1991.91,87,142.12,304.68,1.1103,0.5287,1.634,1430.46,-1288.34,36,121.61,369.79,1.1728,0.5,3.378,825.18,-703.57,False
IFB_1052,kdjma,long,ALL,1.5,1.5,12,True,3,123,263.73,369.79,1.1324,0.5203,2.144,2255.64,-1991.91,87,142.12,304.68,1.1103,0.5287,1.634,1430.46,-1288.34,36,121.61,369.79,1.1728,0.5,3.378,825.18,-703.57,False
IFB_0018,emapmo_normal,both,ALL,1.0,1.0,12,False,3,16,146.41,93.71,1.7511,0.5625,9.151,341.34,-194.93,9,136.34,57.49,2.3305,0.6667,15.149,238.81,-102.47,7,10.07,71.22,1.1089,0.4286,1.439,102.53,-92.46,False
IFB_0020,emapmo_normal,both,ALL,1.0,1.0,12,True,3,16,146.41,93.71,1.7511,0.5625,9.151,341.34,-194.93,9,136.34,57.49,2.3305,0.6667,15.149,238.81,-102.47,7,10.07,71.22,1.1089,0.4286,1.439,102.53,-92.46,False
IFB_0022,emapmo_normal,both,ALL,1.0,1.0,24,False,3,16,146.41,93.71,1.7511,0.5625,9.151,341.34,-194.93,9,136.34,57.49,2.3305,0.6667,15.149,238.81,-102.47,7,10.07,71.22,1.1089,0.4286,1.439,102.53,-92.46,False
IFB_0024,emapmo_normal,both,ALL,1.0,1.0,24,True,3,16,146.41,93.71,1.7511,0.5625,9.151,341.34,-194.93,9,136.34,57.49,2.3305,0.6667,15.149,238.81,-102.47,7,10.07,71.22,1.1089,0.4286,1.439,102.53,-92.46,False
IFB_0305,emapmo_normal,short,ALL,1.0,1.0,12,False,1,8,13.83,36.23,1.173,0.5,1.729,93.79,-79.96,5,10.05,22.49,1.2234,0.6,2.01,55.03,-44.98,3,3.78,21.24,1.1081,0.3333,1.26,38.76,-34.98,False
IFB_0307,emapmo_normal,short,ALL,1.0,1.0,12,True,1,8,13.83,36.23,1.173,0.5,1.729,93.79,-79.96,5,10.05,22.49,1.2234,0.6,2.01,55.03,-44.98,3,3.78,21.24,1.1081,0.3333,1.26,38.76,-34.98,False
IFB_0309,emapmo_normal,short,ALL,1.0,1.0,24,False,1,8,13.83,36.23,1.173,0.5,1.729,93.79,-79.96,5,10.05,22.49,1.2234,0.6,2.01,55.03,-44.98,3,3.78,21.24,1.1081,0.3333,1.26,38.76,-34.98,False
IFB_0311,emapmo_normal,short,ALL,1.0,1.0,24,True,1,8,13.83,36.23,1.173,0.5,1.729,93.79,-79.96,5,10.05,22.49,1.2234,0.6,2.01,55.03,-44.98,3,3.78,21.24,1.1081,0.3333,1.26,38.76,-34.98,False
IFB_0902,kdjma,both,ALL,1.5,1.5,6,False,3,149,201.49,195.79,1.1181,0.5235,1.352,1907.03,-1705.54,103,117.28,195.79,1.1002,0.5243,1.139,1288.04,-1170.76,46,84.21,169.78,1.1575,0.5217,1.831,618.99,-534.78,False
IFB_0904,kdjma,both,ALL,1.5,1.5,6,True,3,149,201.49,195.79,1.1181,0.5235,1.352,1907.03,-1705.54,103,117.28,195.79,1.1002,0.5243,1.139,1288.04,-1170.76,46,84.21,169.78,1.1575,0.5217,1.831,618.99,-534.78,False
IFB_0942,kdjma,both,PRE_RTH,1.5,1.0,12,False,3,129,271.29,361.16,1.114,0.6279,2.103,2650.81,-2379.52,93,132.18,361.16,1.0762,0.6344,1.421,1866.84,-1734.66,36,139.11,246.15,1.2157,0.6111,3.864,783.97,-644.86,False
IFB_0944,kdjma,both,PRE_RTH,1.5,1.0,12,True,3,129,271.29,361.16,1.114,0.6279,2.103,2650.81,-2379.52,93,132.18,361.16,1.0762,0.6344,1.421,1866.84,-1734.66,36,139.11,246.15,1.2157,0.6111,3.864,783.97,-644.86,False
IFB_1230,kdjma,short,PRE_RTH,1.5,1.0,12,False,3,86,240.86,390.93,1.1649,0.6163,2.801,1701.78,-1460.92,62,78.12,390.93,1.0719,0.6129,1.26,1164.13,-1086.01,24,162.74,178.71,1.4341,0.625,6.781,537.65,-374.91,False
IFB_1232,kdjma,short,PRE_RTH,1.5,1.0,12,True,3,86,240.86,390.93,1.1649,0.6163,2.801,1701.78,-1460.92,62,78.12,390.93,1.0719,0.6129,1.26,1164.13,-1086.01,24,162.74,178.71,1.4341,0.625,6.781,537.65,-374.91,False
IFB_0930,kdjma,both,PRE_RTH,1.0,1.0,12,False,3,129,203.79,506.1,1.0963,0.5426,1.58,2319.45,-2115.66,93,107.18,506.1,1.0707,0.5484,1.152,1623.01,-1515.83,36,96.61,207.4,1.1611,0.5278,2.684,696.44,-599.83,False
IFB_0932,kdjma,both,PRE_RTH,1.0,1.0,12,True,3,129,203.79,506.1,1.0963,0.5426,1.58,2319.45,-2115.66,93,107.18,506.1,1.0707,0.5484,1.152,1623.01,-1515.83,36,96.61,207.4,1.1611,0.5278,2.684,696.44,-599.83,False
IFB_0934,kdjma,both,PRE_RTH,1.0,1.0,24,False,3,129,203.79,506.1,1.0963,0.5426,1.58,2319.45,-2115.66,93,107.18,506.1,1.0707,0.5484,1.152,1623.01,-1515.83,36,96.61,207.4,1.1611,0.5278,2.684,696.44,-599.83,False
IFB_0936,kdjma,both,PRE_RTH,1.0,1.0,24,True,3,129,203.79,506.1,1.0963,0.5426,1.58,2319.45,-2115.66,93,107.18,506.1,1.0707,0.5484,1.152,1623.01,-1515.83,36,96.61,207.4,1.1611,0.5278,2.684,696.44,-599.83,False
IFB_1234,kdjma,short,PRE_RTH,1.5,1.0,24,False,3,86,267.11,375.93,1.1741,0.6163,3.106,1801.78,-1534.67,62,71.87,375.93,1.0639,0.6129,1.159,1196.63,-1124.76,24,195.24,213.71,1.4763,0.625,8.135,605.15,-409.91,False
IFB_1236,kdjma,short,PRE_RTH,1.5,1.0,24,True,3,86,267.11,375.93,1.1741,0.6163,3.106,1801.78,-1534.67,62,71.87,375.93,1.0639,0.6129,1.159,1196.63,-1124.76,24,195.24,213.71,1.4763,0.625,8.135,605.15,-409.91,False
IFB_1186,kdjma,short,ALL,1.5,1.0,24,False,3,130,103.8,153.59,1.0649,0.6154,0.798,1702.05,-1598.25,90,54.65,153.59,1.0507,0.6222,0.607,1131.81,-1077.16,40,49.15,83.72,1.0943,0.6,1.229,570.24,-521.09,True
IFB_1188,kdjma,short,ALL,1.5,1.0,24,True,3,130,103.8,153.59,1.0649,0.6154,0.798,1702.05,-1598.25,90,54.65,153.59,1.0507,0.6222,0.607,1131.81,-1077.16,40,49.15,83.72,1.0943,0.6,1.229,570.24,-521.09,True
IFB_1054,kdjma,long,ALL,1.5,1.5,24,False,3,123,188.73,383.43,1.0887,0.5041,1.534,2316.87,-2128.14,87,67.12,383.43,1.0471,0.5057,0.771,1491.69,-1424.57,36,121.61,369.79,1.1728,0.5,3.378,825.18,-703.57,False
IFB_1056,kdjma,long,ALL,1.5,1.5,24,True,3,123,188.73,383.43,1.0887,0.5041,1.534,2316.87,-2128.14,87,67.12,383.43,1.0471,0.5057,0.771,1491.69,-1424.57,36,121.61,369.79,1.1728,0.5,3.378,825.18,-703.57,False
IFB_0090,emapmo_normal,both,PRE_RTH,1.5,1.5,12,False,3,8,207.58,57.49,2.8876,0.625,25.947,317.55,-109.97,4,203.79,22.49,10.0614,0.75,50.947,226.28,-22.49,4,3.79,57.49,1.0433,0.5,0.947,91.27,-87.48,False
IFB_0092,emapmo_normal,both,PRE_RTH,1.5,1.5,12,True,3,8,207.58,57.49,2.8876,0.625,25.947,317.55,-109.97,4,203.79,22.49,10.0614,0.75,50.947,226.28,-22.49,4,3.79,57.49,1.0433,0.5,0.947,91.27,-87.48,False
IFB_0094,emapmo_normal,both,PRE_RTH,1.5,1.5,24,False,3,8,207.58,57.49,2.8876,0.625,25.947,317.55,-109.97,4,203.79,22.49,10.0614,0.75,50.947,226.28,-22.49,4,3.79,57.49,1.0433,0.5,0.947,91.27,-87.48,False
IFB_0096,emapmo_normal,both,PRE_RTH,1.5,1.5,24,True,3,8,207.58,57.49,2.8876,0.625,25.947,317.55,-109.97,4,203.79,22.49,10.0614,0.75,50.947,226.28,-22.49,4,3.79,57.49,1.0433,0.5,0.947,91.27,-87.48,False
IFB_0138,emapmo_normal,both,RTH,1.5,1.5,12,False,3,7,162.57,57.49,2.4783,0.5714,23.224,272.54,-109.97,3,158.78,22.49,8.06,0.6667,52.927,181.27,-22.49,4,3.79,57.49,1.0433,0.5,0.947,91.27,-87.48,False
IFB_0140,emapmo_normal,both,RTH,1.5,1.5,12,True,3,7,162.57,57.49,2.4783,0.5714,23.224,272.54,-109.97,3,158.78,22.49,8.06,0.6667,52.927,181.27,-22.49,4,3.79,57.49,1.0433,0.5,0.947,91.27,-87.48,False
IFB_0142,emapmo_normal,both,RTH,1.5,1.5,24,False,3,7,162.57,57.49,2.4783,0.5714,23.224,272.54,-109.97,3,158.78,22.49,8.06,0.6667,52.927,181.27,-22.49,4,3.79,57.49,1.0433,0.5,0.947,91.27,-87.48,False
IFB_0144,emapmo_normal,both,RTH,1.5,1.5,24,True,3,7,162.57,57.49,2.4783,0.5714,23.224,272.54,-109.97,3,158.78,22.49,8.06,0.6667,52.927,181.27,-22.49,4,3.79,57.49,1.0433,0.5,0.947,91.27,-87.48,False
IFB_0378,emapmo_normal,short,PRE_RTH,1.5,1.5,12,False,3,7,45.07,61.22,1.4098,0.5714,6.439,155.04,-109.97,3,41.28,22.49,2.8355,0.6667,13.76,63.77,-22.49,4,3.79,57.49,1.0433,0.5,0.947,91.27,-87.48,False
IFB_0380,emapmo_normal,short,PRE_RTH,1.5,1.5,12,True,3,7,45.07,61.22,1.4098,0.5714,6.439,155.04,-109.97,3,41.28,22.49,2.8355,0.6667,13.76,63.77,-22.49,4,3.79,57.49,1.0433,0.5,0.947,91.27,-87.48,False
IFB_0382,emapmo_normal,short,PRE_RTH,1.5,1.5,24,False,3,7,45.07,61.22,1.4098,0.5714,6.439,155.04,-109.97,3,41.28,22.49,2.8355,0.6667,13.76,63.77,-22.49,4,3.79,57.49,1.0433,0.5,0.947,91.27,-87.48,False
IFB_0384,emapmo_normal,short,PRE_RTH,1.5,1.5,24,True,3,7,45.07,61.22,1.4098,0.5714,6.439,155.04,-109.97,3,41.28,22.49,2.8355,0.6667,13.76,63.77,-22.49,4,3.79,57.49,1.0433,0.5,0.947,91.27,-87.48,False
IFB_1193,kdjma,short,ALL,1.5,1.5,12,False,1,49,36.74,183.61,1.0548,0.5102,0.75,707.75,-671.01,34,27.84,183.61,1.0605,0.4706,0.819,487.66,-459.82,15,8.9,123.71,1.0421,0.6,0.593,220.09,-211.19,False
IFB_1195,kdjma,short,ALL,1.5,1.5,12,True,1,49,36.74,183.61,1.0548,0.5102,0.75,707.75,-671.01,34,27.84,183.61,1.0605,0.4706,0.819,487.66,-459.82,15,8.9,123.71,1.0421,0.6,0.593,220.09,-211.19,False
IFB_1197,kdjma,short,ALL,1.5,1.5,24,False,1,49,36.74,187.22,1.0494,0.4898,0.75,780.24,-743.5,34,20.34,187.22,1.041,0.4706,0.598,516.41,-496.07,15,16.4,126.21,1.0663,0.5333,1.093,263.83,-247.43,False
IFB_1199,kdjma,short,ALL,1.5,1.5,24,True,1,49,36.74,187.22,1.0494,0.4898,0.75,780.24,-743.5,34,20.34,187.22,1.041,0.4706,0.598,516.41,-496.07,15,16.4,126.21,1.0663,0.5333,1.093,263.83,-247.43,False
IFB_1237,kdjma,short,PRE_RTH,1.5,1.5,6,False,1,42,167.92,223.57,1.2726,0.5,3.998,783.96,-616.04,30,15.3,223.57,1.0344,0.5,0.51,460.15,-444.85,12,152.62,111.22,1.8915,0.5,12.718,323.81,-171.19,False
IFB_1239,kdjma,short,PRE_RTH,1.5,1.5,6,True,1,42,167.92,223.57,1.2726,0.5,3.998,783.96,-616.04,30,15.3,223.57,1.0344,0.5,0.51,460.15,-444.85,12,152.62,111.22,1.8915,0.5,12.718,323.81,-171.19,False
IFB_0870,kdjma,both,ALL,1.0,0.75,12,False,3,149,47.74,151.11,1.0384,0.5705,0.32,1290.85,-1243.11,103,36.03,150.93,1.0439,0.5728,0.35,856.84,-820.81,46,11.71,151.11,1.0277,0.5652,0.255,434.01,-422.3,False
IFB_0872,kdjma,both,ALL,1.0,0.75,12,True,3,149,47.74,151.11,1.0384,0.5705,0.32,1290.85,-1243.11,103,36.03,150.93,1.0439,0.5728,0.35,856.84,-820.81,46,11.71,151.11,1.0277,0.5652,0.255,434.01,-422.3,False
IFB_1009,kdjma,long,ALL,1.0,0.75,6,False,1,46,20.46,108.68,1.0501,0.5652,0.445,429.01,-408.55,32,16.57,87.47,1.0632,0.5938,0.518,278.94,-262.37,14,3.89,108.68,1.0266,0.5,0.278,150.07,-146.18,False
IFB_1011,kdjma,long,ALL,1.0,0.75,6,True,1,46,20.46,108.68,1.0501,0.5652,0.445,429.01,-408.55,32,16.57,87.47,1.0632,0.5938,0.518,278.94,-262.37,14,3.89,108.68,1.0266,0.5,0.278,150.07,-146.18,False
IFB_1013,kdjma,long,ALL,1.0,0.75,12,False,1,46,20.46,108.68,1.0501,0.5652,0.445,429.01,-408.55,32,16.57,87.47,1.0632,0.5938,0.518,278.94,-262.37,14,3.89,108.68,1.0266,0.5,0.278,150.07,-146.18,False
IFB_1015,kdjma,long,ALL,1.0,0.75,12,True,1,46,20.46,108.68,1.0501,0.5652,0.445,429.01,-408.55,32,16.57,87.47,1.0632,0.5938,0.518,278.94,-262.37,14,3.89,108.68,1.0266,0.5,0.278,150.07,-146.18,False
IFB_1017,kdjma,long,ALL,1.0,0.75,24,False,1,46,20.46,108.68,1.0501,0.5652,0.445,429.01,-408.55,32,16.57,87.47,1.0632,0.5938,0.518,278.94,-262.37,14,3.89,108.68,1.0266,0.5,0.278,150.07,-146.18,False
IFB_1019,kdjma,long,ALL,1.0,0.75,24,True,1,46,20.46,108.68,1.0501,0.5652,0.445,429.01,-408.55,32,16.57,87.47,1.0632,0.5938,0.518,278.94,-262.37,14,3.89,108.68,1.0266,0.5,0.278,150.07,-146.18,False
IFB_1033,kdjma,long,ALL,1.5,1.0,6,False,1,46,117.96,146.18,1.2446,0.6087,2.564,600.28,-482.32,32,114.07,106.18,1.3741,0.6562,3.565,418.96,-304.89,14,3.89,146.18,1.0219,0.5,0.278,181.32,-177.43,False
IFB_1035,kdjma,long,ALL,1.5,1.0,6,True,1,46,117.96,146.18,1.2446,0.6087,2.564,600.28,-482.32,32,114.07,106.18,1.3741,0.6562,3.565,418.96,-304.89,14,3.89,146.18,1.0219,0.5,0.278,181.32,-177.43,False
IFB_1182,kdjma,short,ALL,1.5,1.0,12,False,3,130,66.3,177.31,1.0436,0.6154,0.51,1585.8,-1519.5,90,55.9,177.31,1.0541,0.6111,0.621,1089.3,-1033.4,40,10.4,98.65,1.0214,0.625,0.26,496.5,-486.1,True
IFB_1184,kdjma,short,ALL,1.5,1.0,12,True,3,130,66.3,177.31,1.0436,0.6154,0.51,1585.8,-1519.5,90,55.9,177.31,1.0541,0.6111,0.621,1089.3,-1033.4,40,10.4,98.65,1.0214,0.625,0.26,496.5,-486.1,True
IFB_0926,kdjma,both,PRE_RTH,1.0,1.0,6,False,3,129,140.04,483.63,1.0684,0.5426,1.086,2186.95,-2046.91,93,20.93,483.63,1.0141,0.5484,0.225,1503.01,-1482.08,36,119.11,229.9,1.2109,0.5278,3.309,683.94,-564.83,False
IFB_0928,kdjma,both,PRE_RTH,1.0,1.0,6,True,3,129,140.04,483.63,1.0684,0.5426,1.086,2186.95,-2046.91,93,20.93,483.63,1.0141,0.5484,0.225,1503.01,-1482.08,36,119.11,229.9,1.2109,0.5278,3.309,683.94,-564.83,False
IFB_0937,kdjma,both,PRE_RTH,1.5,1.0,6,False,1,49,137.99,241.05,1.22,0.6122,2.816,765.3,-627.31,35,6.6,161.09,1.0139,0.6,0.189,481.46,-474.86,14,131.39,79.96,1.8619,0.6429,9.385,283.84,-152.45,False
IFB_0939,kdjma,both,PRE_RTH,1.5,1.0,6,True,1,49,137.99,241.05,1.22,0.6122,2.816,765.3,-627.31,35,6.6,161.09,1.0139,0.6,0.189,481.46,-474.86,14,131.39,79.96,1.8619,0.6429,9.385,283.84,-152.45,False
IFB_1161,kdjma,short,ALL,1.0,0.75,24,False,1,49,9.24,134.75,1.0208,0.5714,0.189,454.03,-444.79,34,1.59,134.75,1.0052,0.5294,0.047,307.68,-306.09,15,7.65,117.45,1.0552,0.6667,0.51,146.35,-138.7,False
IFB_1163,kdjma,short,ALL,1.0,0.75,24,True,1,49,9.24,134.75,1.0208,0.5714,0.189,454.03,-444.79,34,1.59,134.75,1.0052,0.5294,0.047,307.68,-306.09,15,7.65,117.45,1.0552,0.6667,0.51,146.35,-138.7,False
IFB_1157,kdjma,short,ALL,1.0,0.75,12,False,1,49,6.74,134.75,1.0152,0.5714,0.138,451.53,-444.79,34,1.59,134.75,1.0052,0.5294,0.047,307.68,-306.09,15,5.15,117.45,1.0371,0.6667,0.343,143.85,-138.7,False
IFB_1159,kdjma,short,ALL,1.0,0.75,12,True,1,49,6.74,134.75,1.0152,0.5714,0.138,451.53,-444.79,34,1.59,134.75,1.0052,0.5294,0.047,307.68,-306.09,15,5.15,117.45,1.0371,0.6667,0.343,143.85,-138.7,False
IFB_1217,kdjma,short,PRE_RTH,1.0,1.0,12,False,1,42,227.92,268.58,1.3897,0.5714,5.427,812.74,-584.82,30,1.55,268.58,1.0032,0.5333,0.052,478.91,-477.36,12,226.37,46.24,3.1066,0.6667,18.864,333.83,-107.46,False
IFB_1219,kdjma,short,PRE_RTH,1.0,1.0,12,True,1,42,227.92,268.58,1.3897,0.5714,5.427,812.74,-584.82,30,1.55,268.58,1.0032,0.5333,0.052,478.91,-477.36,12,226.37,46.24,3.1066,0.6667,18.864,333.83,-107.46,False
IFB_1221,kdjma,short,PRE_RTH,1.0,1.0,24,False,1,42,227.92,268.58,1.3897,0.5714,5.427,812.74,-584.82,30,1.55,268.58,1.0032,0.5333,0.052,478.91,-477.36,12,226.37,46.24,3.1066,0.6667,18.864,333.83,-107.46,False
IFB_1223,kdjma,short,PRE_RTH,1.0,1.0,24,True,1,42,227.92,268.58,1.3897,0.5714,5.427,812.74,-584.82,30,1.55,268.58,1.0032,0.5333,0.052,478.91,-477.36,12,226.37,46.24,3.1066,0.6667,18.864,333.83,-107.46,False
IFB_0066,emapmo_normal,both,PRE_RTH,1.0,1.0,12,False,3,8,162.58,38.74,3.7106,0.75,20.323,222.56,-59.98,4,162.54,0.0,999.0,1.0,40.635,162.54,0.0,4,0.04,38.74,1.0007,0.5,0.01,60.02,-59.98,False
IFB_0068,emapmo_normal,both,PRE_RTH,1.0,1.0,12,True,3,8,162.58,38.74,3.7106,0.75,20.323,222.56,-59.98,4,162.54,0.0,999.0,1.0,40.635,162.54,0.0,4,0.04,38.74,1.0007,0.5,0.01,60.02,-59.98,False
IFB_0070,emapmo_normal,both,PRE_RTH,1.0,1.0,24,False,3,8,162.58,38.74,3.7106,0.75,20.323,222.56,-59.98,4,162.54,0.0,999.0,1.0,40.635,162.54,0.0,4,0.04,38.74,1.0007,0.5,0.01,60.02,-59.98,False
IFB_0072,emapmo_normal,both,PRE_RTH,1.0,1.0,24,True,3,8,162.58,38.74,3.7106,0.75,20.323,222.56,-59.98,4,162.54,0.0,999.0,1.0,40.635,162.54,0.0,4,0.04,38.74,1.0007,0.5,0.01,60.02,-59.98,False
IFB_0114,emapmo_normal,both,RTH,1.0,1.0,12,False,3,7,133.82,38.74,3.2311,0.7143,19.117,193.8,-59.98,3,133.78,0.0,999.0,1.0,44.593,133.78,0.0,4,0.04,38.74,1.0007,0.5,0.01,60.02,-59.98,False
IFB_0116,emapmo_normal,both,RTH,1.0,1.0,12,True,3,7,133.82,38.74,3.2311,0.7143,19.117,193.8,-59.98,3,133.78,0.0,999.0,1.0,44.593,133.78,0.0,4,0.04,38.74,1.0007,0.5,0.01,60.02,-59.98,False
IFB_0118,emapmo_normal,both,RTH,1.0,1.0,24,False,3,7,133.82,38.74,3.2311,0.7143,19.117,193.8,-59.98,3,133.78,0.0,999.0,1.0,44.593,133.78,0.0,4,0.04,38.74,1.0007,0.5,0.01,60.02,-59.98,False
IFB_0120,emapmo_normal,both,RTH,1.0,1.0,24,True,3,7,133.82,38.74,3.2311,0.7143,19.117,193.8,-59.98,3,133.78,0.0,999.0,1.0,44.593,133.78,0.0,4,0.04,38.74,1.0007,0.5,0.01,60.02,-59.98,False
IFB_0354,emapmo_normal,short,PRE_RTH,1.0,1.0,12,False,3,7,55.07,38.74,1.9181,0.7143,7.867,115.05,-59.98,3,55.03,0.0,999.0,1.0,18.343,55.03,0.0,4,0.04,38.74,1.0007,0.5,0.01,60.02,-59.98,False
IFB_0356,emapmo_normal,short,PRE_RTH,1.0,1.0,12,True,3,7,55.07,38.74,1.9181,0.7143,7.867,115.05,-59.98,3,55.03,0.0,999.0,1.0,18.343,55.03,0.0,4,0.04,38.74,1.0007,0.5,0.01,60.02,-59.98,False
IFB_0358,emapmo_normal,short,PRE_RTH,1.0,1.0,24,False,3,7,55.07,38.74,1.9181,0.7143,7.867,115.05,-59.98,3,55.03,0.0,999.0,1.0,18.343,55.03,0.0,4,0.04,38.74,1.0007,0.5,0.01,60.02,-59.98,False
IFB_0360,emapmo_normal,short,PRE_RTH,1.0,1.0,24,True,3,7,55.07,38.74,1.9181,0.7143,7.867,115.05,-59.98,3,55.03,0.0,999.0,1.0,18.343,55.03,0.0,4,0.04,38.74,1.0007,0.5,0.01,60.02,-59.98,False
IFB_0402,emapmo_normal,short,RTH,1.0,1.0,12,False,3,6,26.31,38.74,1.4386,0.6667,4.385,86.29,-59.98,2,26.27,0.0,999.0,1.0,13.135,26.27,0.0,4,0.04,38.74,1.0007,0.5,0.01,60.02,-59.98,False
IFB_0404,emapmo_normal,short,RTH,1.0,1.0,12,True,3,6,26.31,38.74,1.4386,0.6667,4.385,86.29,-59.98,2,26.27,0.0,999.0,1.0,13.135,26.27,0.0,4,0.04,38.74,1.0007,0.5,0.01,60.02,-59.98,False
IFB_0406,emapmo_normal,short,RTH,1.0,1.0,24,False,3,6,26.31,38.74,1.4386,0.6667,4.385,86.29,-59.98,2,26.27,0.0,999.0,1.0,13.135,26.27,0.0,4,0.04,38.74,1.0007,0.5,0.01,60.02,-59.98,False
IFB_0408,emapmo_normal,short,RTH,1.0,1.0,24,True,3,6,26.31,38.74,1.4386,0.6667,4.385,86.29,-59.98,2,26.27,0.0,999.0,1.0,13.135,26.27,0.0,4,0.04,38.74,1.0007,0.5,0.01,60.02,-59.98,False
IFB_0874,kdjma,both,ALL,1.0,0.75,24,False,3,149,33.99,167.34,1.027,0.5705,0.228,1293.35,-1259.36,103,36.03,150.93,1.0439,0.5728,0.35,856.84,-820.81,46,-2.04,167.34,0.9953,0.5652,-0.044,436.51,-438.55,False
IFB_0876,kdjma,both,ALL,1.0,0.75,24,True,3,149,33.99,167.34,1.027,0.5705,0.228,1293.35,-1259.36,103,36.03,150.93,1.0439,0.5728,0.35,856.84,-820.81,46,-2.04,167.34,0.9953,0.5652,-0.044,436.51,-438.55,False
IFB_1249,kdjma,short,RTH,1.0,0.75,6,False,1,38,175.38,184.9,1.3147,0.6579,4.615,732.75,-557.37,28,176.53,184.9,1.5291,0.7143,6.305,510.2,-333.67,10,-1.15,177.46,0.9949,0.5,-0.115,222.55,-223.7,False
IFB_1251,kdjma,short,RTH,1.0,0.75,6,True,1,38,175.38,184.9,1.3147,0.6579,4.615,732.75,-557.37,28,176.53,184.9,1.5291,0.7143,6.305,510.2,-333.67,10,-1.15,177.46,0.9949,0.5,-0.115,222.55,-223.7,False
IFB_1253,kdjma,short,RTH,1.0,0.75,12,False,1,38,194.13,182.43,1.3452,0.6579,5.109,756.5,-562.37,28,195.28,182.43,1.5766,0.7143,6.974,533.95,-338.67,10,-1.15,177.46,0.9949,0.5,-0.115,222.55,-223.7,False
IFB_1255,kdjma,short,RTH,1.0,0.75,12,True,1,38,194.13,182.43,1.3452,0.6579,5.109,756.5,-562.37,28,195.28,182.43,1.5766,0.7143,6.974,533.95,-338.67,10,-1.15,177.46,0.9949,0.5,-0.115,222.55,-223.7,False
IFB_1257,kdjma,short,RTH,1.0,0.75,24,False,1,38,194.13,182.43,1.3452,0.6579,5.109,756.5,-562.37,28,195.28,182.43,1.5766,0.7143,6.974,533.95,-338.67,10,-1.15,177.46,0.9949,0.5,-0.115,222.55,-223.7,False
IFB_1259,kdjma,short,RTH,1.0,0.75,24,True,1,38,194.13,182.43,1.3452,0.6579,5.109,756.5,-562.37,28,195.28,182.43,1.5766,0.7143,6.974,533.95,-338.67,10,-1.15,177.46,0.9949,0.5,-0.115,222.55,-223.7,False
IFB_0914,kdjma,both,PRE_RTH,1.0,0.75,6,False,3,129,145.04,289.91,1.0826,0.6047,1.124,1902.03,-1756.99,93,154.68,289.91,1.1279,0.6237,1.663,1364.33,-1209.65,36,-9.64,209.9,0.9824,0.5556,-0.268,537.7,-547.34,False
IFB_0916,kdjma,both,PRE_RTH,1.0,0.75,6,True,3,129,145.04,289.91,1.0826,0.6047,1.124,1902.03,-1756.99,93,154.68,289.91,1.1279,0.6237,1.663,1364.33,-1209.65,36,-9.64,209.9,0.9824,0.5556,-0.268,537.7,-547.34,False
IFB_0929,kdjma,both,PRE_RTH,1.0,1.0,12,False,1,49,170.49,264.75,1.2947,0.5714,3.479,749.03,-578.54,35,-8.4,226.06,0.9823,0.5429,-0.24,465.19,-473.59,14,178.89,51.21,2.7045,0.6429,12.778,283.84,-104.95,False
IFB_0931,kdjma,both,PRE_RTH,1.0,1.0,12,True,1,49,170.49,264.75,1.2947,0.5714,3.479,749.03,-578.54,35,-8.4,226.06,0.9823,0.5429,-0.24,465.19,-473.59,14,178.89,51.21,2.7045,0.6429,12.778,283.84,-104.95,False
IFB_0933,kdjma,both,PRE_RTH,1.0,1.0,24,False,1,49,170.49,264.75,1.2947,0.5714,3.479,749.03,-578.54,35,-8.4,226.06,0.9823,0.5429,-0.24,465.19,-473.59,14,178.89,51.21,2.7045,0.6429,12.778,283.84,-104.95,False
IFB_0935,kdjma,both,PRE_RTH,1.0,1.0,24,True,1,49,170.49,264.75,1.2947,0.5714,3.479,749.03,-578.54,35,-8.4,226.06,0.9823,0.5429,-0.24,465.19,-473.59,14,178.89,51.21,2.7045,0.6429,12.778,283.84,-104.95,False
IFB_1038,kdjma,long,ALL,1.5,1.0,12,False,3,124,17.49,336.06,1.0099,0.5968,0.141,1779.49,-1762.0,88,29.63,223.42,1.0258,0.6136,0.337,1178.04,-1148.41,36,-12.14,336.06,0.9802,0.5556,-0.337,601.45,-613.59,False
IFB_1040,kdjma,long,ALL,1.5,1.0,12,True,3,124,17.49,336.06,1.0099,0.5968,0.141,1779.49,-1762.0,88,29.63,223.42,1.0258,0.6136,0.337,1178.04,-1148.41,36,-12.14,336.06,0.9802,0.5556,-0.337,601.45,-613.59,False
IFB_1042,kdjma,long,ALL,1.5,1.0,24,False,3,124,17.49,336.06,1.0099,0.5968,0.141,1779.49,-1762.0,88,29.63,223.42,1.0258,0.6136,0.337,1178.04,-1148.41,36,-12.14,336.06,0.9802,0.5556,-0.337,601.45,-613.59,False
IFB_1044,kdjma,long,ALL,1.5,1.0,24,True,3,124,17.49,336.06,1.0099,0.5968,0.141,1779.49,-1762.0,88,29.63,223.42,1.0258,0.6136,0.337,1178.04,-1148.41,36,-12.14,336.06,0.9802,0.5556,-0.337,601.45,-613.59,False
IFB_1169,kdjma,short,ALL,1.0,1.0,12,False,1,49,20.49,168.5,1.0412,0.5306,0.418,517.76,-497.27,34,24.09,168.5,1.0709,0.5,0.709,363.92,-339.83,15,-3.6,114.95,0.9771,0.6,-0.24,153.84,-157.44,False
IFB_1171,kdjma,short,ALL,1.0,1.0,12,True,1,49,20.49,168.5,1.0412,0.5306,0.418,517.76,-497.27,34,24.09,168.5,1.0709,0.5,0.709,363.92,-339.83,15,-3.6,114.95,0.9771,0.6,-0.24,153.84,-157.44,False
IFB_0434,emapmo_early,both,ALL,1.0,0.75,6,False,3,40,15.4,132.39,1.0264,0.525,0.385,598.96,-583.56,26,20.26,132.39,1.0535,0.5385,0.779,398.89,-378.63,14,-4.86,91.21,0.9763,0.5,-0.347,200.07,-204.93,False
IFB_0436,emapmo_early,both,ALL,1.0,0.75,6,True,3,40,15.4,132.39,1.0264,0.525,0.385,598.96,-583.56,26,20.26,132.39,1.0535,0.5385,0.779,398.89,-378.63,14,-4.86,91.21,0.9763,0.5,-0.347,200.07,-204.93,False
IFB_0925,kdjma,both,PRE_RTH,1.0,1.0,6,False,1,49,167.99,226.0,1.3028,0.5714,3.428,722.78,-554.79,35,-10.9,187.31,0.9758,0.5429,-0.311,438.94,-449.84,14,178.89,51.21,2.7045,0.6429,12.778,283.84,-104.95,False
IFB_0927,kdjma,both,PRE_RTH,1.0,1.0,6,True,1,49,167.99,226.0,1.3028,0.5714,3.428,722.78,-554.79,35,-10.9,187.31,0.9758,0.5429,-0.311,438.94,-449.84,14,178.89,51.21,2.7045,0.6429,12.778,283.84,-104.95,False
IFB_0905,kdjma,both,ALL,1.5,1.5,12,False,1,51,-14.49,199.69,0.9805,0.4706,-0.284,728.99,-743.48,35,-12.15,199.69,0.9738,0.4571,-0.347,451.41,-463.56,16,-2.34,167.46,0.9916,0.5,-0.146,277.58,-279.92,False
IFB_0907,kdjma,both,ALL,1.5,1.5,12,True,1,51,-14.49,199.69,0.9805,0.4706,-0.284,728.99,-743.48,35,-12.15,199.69,0.9738,0.4571,-0.347,451.41,-463.56,16,-2.34,167.46,0.9916,0.5,-0.146,277.58,-279.92,False
IFB_1026,kdjma,long,ALL,1.0,1.0,12,False,3,124,76.24,257.31,1.0524,0.5,0.615,1531.87,-1455.63,88,-26.62,220.72,0.9733,0.5,-0.302,970.44,-997.06,36,102.86,257.31,1.2243,0.5,2.857,561.43,-458.57,False
IFB_1028,kdjma,long,ALL,1.0,1.0,12,True,3,124,76.24,257.31,1.0524,0.5,0.615,1531.87,-1455.63,88,-26.62,220.72,0.9733,0.5,-0.302,970.44,-997.06,36,102.86,257.31,1.2243,0.5,2.857,561.43,-458.57,False
IFB_1030,kdjma,long,ALL,1.0,1.0,24,False,3,124,76.24,257.31,1.0524,0.5,0.615,1531.87,-1455.63,88,-26.62,220.72,0.9733,0.5,-0.302,970.44,-997.06,36,102.86,257.31,1.2243,0.5,2.857,561.43,-458.57,False
IFB_1032,kdjma,long,ALL,1.0,1.0,24,True,3,124,76.24,257.31,1.0524,0.5,0.615,1531.87,-1455.63,88,-26.62,220.72,0.9733,0.5,-0.302,970.44,-997.06,36,102.86,257.31,1.2243,0.5,2.857,561.43,-458.57,False
IFB_0866,kdjma,both,ALL,1.0,0.75,6,False,3,149,6.49,151.11,1.0053,0.5705,0.044,1227.1,-1220.61,103,19.78,142.18,1.0246,0.5728,0.192,824.34,-804.56,46,-13.29,151.11,0.9681,0.5652,-0.289,402.76,-416.05,False
IFB_0868,kdjma,both,ALL,1.0,0.75,6,True,3,149,6.49,151.11,1.0053,0.5705,0.044,1227.1,-1220.61,103,19.78,142.18,1.0246,0.5728,0.192,824.34,-804.56,46,-13.29,151.11,0.9681,0.5652,-0.289,402.76,-416.05,False
IFB_1213,kdjma,short,PRE_RTH,1.0,1.0,6,False,1,42,211.67,243.58,1.3773,0.5714,5.04,772.74,-561.07,30,-14.7,243.58,0.9676,0.5333,-0.49,438.91,-453.61,12,226.37,46.24,3.1066,0.6667,18.864,333.83,-107.46,False
IFB_1215,kdjma,short,PRE_RTH,1.0,1.0,6,True,1,42,211.67,243.58,1.3773,0.5714,5.04,772.74,-561.07,30,-14.7,243.58,0.9676,0.5333,-0.49,438.91,-453.61,12,226.37,46.24,3.1066,0.6667,18.864,333.83,-107.46,False
IFB_0953,kdjma,both,PRE_RTH,1.5,1.5,12,False,1,49,86.74,337.41,1.0983,0.551,1.77,969.02,-882.28,35,96.6,252.47,1.1519,0.5714,2.76,732.7,-636.1,14,-9.86,139.97,0.9599,0.5,-0.704,236.32,-246.18,False
IFB_0955,kdjma,both,PRE_RTH,1.5,1.5,12,True,1,49,86.74,337.41,1.0983,0.551,1.77,969.02,-882.28,35,96.6,252.47,1.1519,0.5714,2.76,732.7,-636.1,14,-9.86,139.97,0.9599,0.5,-0.704,236.32,-246.18,False
IFB_1245,kdjma,short,PRE_RTH,1.5,1.5,24,False,1,42,32.92,253.61,1.0324,0.5476,0.784,1050.23,-1017.31,30,49.05,237.48,1.0727,0.5667,1.635,723.92,-674.87,12,-16.13,212.45,0.9529,0.5,-1.344,326.31,-342.44,False
IFB_1247,kdjma,short,PRE_RTH,1.5,1.5,24,True,1,42,32.92,253.61,1.0324,0.5476,0.784,1050.23,-1017.31,30,49.05,237.48,1.0727,0.5667,1.635,723.92,-674.87,12,-16.13,212.45,0.9529,0.5,-1.344,326.31,-342.44,False
IFB_0882,kdjma,both,ALL,1.0,1.0,12,False,3,149,175.24,194.67,1.1264,0.5168,1.176,1562.02,-1386.78,103,199.78,194.67,1.2246,0.5437,1.94,1089.31,-889.53,46,-24.54,156.07,0.9506,0.4565,-0.533,472.71,-497.25,True
IFB_0884,kdjma,both,ALL,1.0,1.0,12,True,3,149,175.24,194.67,1.1264,0.5168,1.176,1562.02,-1386.78,103,199.78,194.67,1.2246,0.5437,1.94,1089.31,-889.53,46,-24.54,156.07,0.9506,0.4565,-0.533,472.71,-497.25,True
IFB_1181,kdjma,short,ALL,1.5,1.0,12,False,1,49,-30.76,217.36,0.9492,0.5714,-0.628,575.28,-606.04,34,-23.41,217.36,0.9441,0.5294,-0.689,395.18,-418.59,15,-7.35,129.96,0.9608,0.6667,-0.49,180.1,-187.45,False
IFB_1183,kdjma,short,ALL,1.5,1.0,12,True,1,49,-30.76,217.36,0.9492,0.5714,-0.628,575.28,-606.04,34,-23.41,217.36,0.9441,0.5294,-0.689,395.18,-418.59,15,-7.35,129.96,0.9608,0.6667,-0.49,180.1,-187.45,False
IFB_0918,kdjma,both,PRE_RTH,1.0,0.75,12,False,3,129,152.54,299.91,1.0852,0.6047,1.182,1943.28,-1790.74,93,185.93,299.91,1.1524,0.6237,1.999,1405.58,-1219.65,36,-33.39,233.65,0.9415,0.5556,-0.927,537.7,-571.09,False
IFB_0920,kdjma,both,PRE_RTH,1.0,0.75,12,True,3,129,152.54,299.91,1.0852,0.6047,1.182,1943.28,-1790.74,93,185.93,299.91,1.1524,0.6237,1.999,1405.58,-1219.65,36,-33.39,233.65,0.9415,0.5556,-0.927,537.7,-571.09,False
IFB_0922,kdjma,both,PRE_RTH,1.0,0.75,24,False,3,129,152.54,299.91,1.0852,0.6047,1.182,1943.28,-1790.74,93,185.93,299.91,1.1524,0.6237,1.999,1405.58,-1219.65,36,-33.39,233.65,0.9415,0.5556,-0.927,537.7,-571.09,False
IFB_0924,kdjma,both,PRE_RTH,1.0,0.75,24,True,3,129,152.54,299.91,1.0852,0.6047,1.182,1943.28,-1790.74,93,185.93,299.91,1.1524,0.6237,1.999,1405.58,-1219.65,36,-33.39,233.65,0.9415,0.5556,-0.927,537.7,-571.09,False
IFB_1158,kdjma,short,ALL,1.0,0.75,12,False,3,132,-38.68,198.61,0.9689,0.5985,-0.293,1204.54,-1243.22,92,-14.08,152.14,0.9831,0.587,-0.153,819.29,-833.37,40,-24.6,198.61,0.94,0.625,-0.615,385.25,-409.85,False
IFB_1160,kdjma,short,ALL,1.0,0.75,12,True,3,132,-38.68,198.61,0.9689,0.5985,-0.293,1204.54,-1243.22,92,-14.08,152.14,0.9831,0.587,-0.153,819.29,-833.37,40,-24.6,198.61,0.94,0.625,-0.615,385.25,-409.85,False
IFB_0993,kdjma,both,RTH,1.5,1.0,24,False,1,46,-52.04,349.87,0.9539,0.6304,-1.131,1076.54,-1128.58,33,-44.67,244.96,0.9391,0.6667,-1.354,688.97,-733.64,13,-7.37,236.18,0.9813,0.5385,-0.567,387.57,-394.94,False
IFB_0995,kdjma,both,RTH,1.5,1.0,24,True,1,46,-52.04,349.87,0.9539,0.6304,-1.131,1076.54,-1128.58,33,-44.67,244.96,0.9391,0.6667,-1.354,688.97,-733.64,13,-7.37,236.18,0.9813,0.5385,-0.567,387.57,-394.94,False
IFB_0977,kdjma,both,RTH,1.0,1.0,12,False,1,46,-27.04,312.19,0.9712,0.5435,-0.588,910.25,-937.29,33,-5.92,227.4,0.9901,0.5758,-0.179,592.69,-598.61,13,-21.12,272.43,0.9376,0.4615,-1.625,317.56,-338.68,False
IFB_0979,kdjma,both,RTH,1.0,1.0,12,True,1,46,-27.04,312.19,0.9712,0.5435,-0.588,910.25,-937.29,33,-5.92,227.4,0.9901,0.5758,-0.179,592.69,-598.61,13,-21.12,272.43,0.9376,0.4615,-1.625,317.56,-338.68,False
IFB_0981,kdjma,both,RTH,1.0,1.0,24,False,1,46,-27.04,312.19,0.9712,0.5435,-0.588,910.25,-937.29,33,-5.92,227.4,0.9901,0.5758,-0.179,592.69,-598.61,13,-21.12,272.43,0.9376,0.4615,-1.625,317.56,-338.68,False
IFB_0983,kdjma,both,RTH,1.0,1.0,24,True,1,46,-27.04,312.19,0.9712,0.5435,-0.588,910.25,-937.29,33,-5.92,227.4,0.9901,0.5758,-0.179,592.69,-598.61,13,-21.12,272.43,0.9376,0.4615,-1.625,317.56,-338.68,False
IFB_0886,kdjma,both,ALL,1.0,1.0,24,False,3,149,145.24,194.67,1.101,0.5101,0.975,1583.26,-1438.02,103,179.78,194.67,1.1988,0.534,1.745,1084.3,-904.52,46,-34.54,142.3,0.9353,0.4565,-0.751,498.96,-533.5,True
IFB_0888,kdjma,both,ALL,1.0,1.0,24,True,3,149,145.24,194.67,1.101,0.5101,0.975,1583.26,-1438.02,103,179.78,194.67,1.1988,0.534,1.745,1084.3,-904.52,46,-34.54,142.3,0.9353,0.4565,-0.751,498.96,-533.5,True
IFB_0582,emapmo_early,long,ALL,1.0,0.75,12,False,3,14,-16.11,161.23,0.9556,0.5,-1.151,346.32,-362.43,10,-18.65,161.23,0.9351,0.5,-1.865,268.8,-287.45,4,2.54,74.98,1.0339,0.5,0.635,77.52,-74.98,False
IFB_0584,emapmo_early,long,ALL,1.0,0.75,12,True,3,14,-16.11,161.23,0.9556,0.5,-1.151,346.32,-362.43,10,-18.65,161.23,0.9351,0.5,-1.865,268.8,-287.45,4,2.54,74.98,1.0339,0.5,0.635,77.52,-74.98,False
IFB_0586,emapmo_early,long,ALL,1.0,0.75,24,False,3,14,-16.11,161.23,0.9556,0.5,-1.151,346.32,-362.43,10,-18.65,161.23,0.9351,0.5,-1.865,268.8,-287.45,4,2.54,74.98,1.0339,0.5,0.635,77.52,-74.98,False
IFB_0588,emapmo_early,long,ALL,1.0,0.75,24,True,3,14,-16.11,161.23,0.9556,0.5,-1.151,346.32,-362.43,10,-18.65,161.23,0.9351,0.5,-1.865,268.8,-287.45,4,2.54,74.98,1.0339,0.5,0.635,77.52,-74.98,False
IFB_1122,kdjma,long,RTH,1.0,1.0,12,False,3,53,-35.72,339.9,0.9683,0.5283,-0.674,1090.28,-1126.0,37,-9.63,339.9,0.9871,0.5405,-0.26,735.2,-744.83,16,-26.09,192.46,0.9316,0.5,-1.631,355.08,-381.17,False
IFB_1124,kdjma,long,RTH,1.0,1.0,12,True,3,53,-35.72,339.9,0.9683,0.5283,-0.674,1090.28,-1126.0,37,-9.63,339.9,0.9871,0.5405,-0.26,735.2,-744.83,16,-26.09,192.46,0.9316,0.5,-1.631,355.08,-381.17,False
IFB_1126,kdjma,long,RTH,1.0,1.0,24,False,3,53,-35.72,339.9,0.9683,0.5283,-0.674,1090.28,-1126.0,37,-9.63,339.9,0.9871,0.5405,-0.26,735.2,-744.83,16,-26.09,192.46,0.9316,0.5,-1.631,355.08,-381.17,False
IFB_1128,kdjma,long,RTH,1.0,1.0,24,True,3,53,-35.72,339.9,0.9683,0.5283,-0.674,1090.28,-1126.0,37,-9.63,339.9,0.9871,0.5405,-0.26,735.2,-744.83,16,-26.09,192.46,0.9316,0.5,-1.631,355.08,-381.17,False
IFB_1034,kdjma,long,ALL,1.5,1.0,6,False,3,124,-46.26,384.81,0.973,0.5887,-0.373,1668.23,-1714.49,88,-4.12,274.67,0.9963,0.6136,-0.047,1114.29,-1118.41,36,-42.14,384.81,0.9293,0.5278,-1.171,553.94,-596.08,False
IFB_1036,kdjma,long,ALL,1.5,1.0,6,True,3,124,-46.26,384.81,0.973,0.5887,-0.373,1668.23,-1714.49,88,-4.12,274.67,0.9963,0.6136,-0.047,1114.29,-1118.41,36,-42.14,384.81,0.9293,0.5278,-1.171,553.94,-596.08,False
IFB_1118,kdjma,long,RTH,1.0,1.0,6,False,3,53,-56.97,339.9,0.9468,0.5094,-1.075,1014.02,-1070.99,37,-57.13,339.9,0.9233,0.5405,-1.544,687.7,-744.83,16,0.16,127.38,1.0005,0.4375,0.01,326.32,-326.16,False
IFB_1120,kdjma,long,RTH,1.0,1.0,6,True,3,53,-56.97,339.9,0.9468,0.5094,-1.075,1014.02,-1070.99,37,-57.13,339.9,0.9233,0.5405,-1.544,687.7,-744.83,16,0.16,127.38,1.0005,0.4375,0.01,326.32,-326.16,False
IFB_1265,kdjma,short,RTH,1.0,1.0,12,False,1,38,30.38,296.16,1.0389,0.5263,0.799,811.45,-781.07,28,-43.47,296.16,0.922,0.5357,-1.553,513.9,-557.37,10,73.85,177.46,1.3301,0.5,7.385,297.55,-223.7,False
IFB_1267,kdjma,short,RTH,1.0,1.0,12,True,1,38,30.38,296.16,1.0389,0.5263,0.799,811.45,-781.07,28,-43.47,296.16,0.922,0.5357,-1.553,513.9,-557.37,10,73.85,177.46,1.3301,0.5,7.385,297.55,-223.7,False
IFB_1269,kdjma,short,RTH,1.0,1.0,24,False,1,38,30.38,296.16,1.0389,0.5263,0.799,811.45,-781.07,28,-43.47,296.16,0.922,0.5357,-1.553,513.9,-557.37,10,73.85,177.46,1.3301,0.5,7.385,297.55,-223.7,False
IFB_1271,kdjma,short,RTH,1.0,1.0,24,True,1,38,30.38,296.16,1.0389,0.5263,0.799,811.45,-781.07,28,-43.47,296.16,0.922,0.5357,-1.553,513.9,-557.37,10,73.85,177.46,1.3301,0.5,7.385,297.55,-223.7,False
IFB_0958,kdjma,both,PRE_RTH,1.5,1.5,24,False,3,127,-38.73,716.08,0.9879,0.5118,-0.305,3170.65,-3209.38,92,-181.58,716.08,0.9215,0.5109,-1.974,2131.72,-2313.3,35,142.85,253.68,1.1594,0.5143,4.081,1038.93,-896.08,False
IFB_0960,kdjma,both,PRE_RTH,1.5,1.5,24,True,3,127,-38.73,716.08,0.9879,0.5118,-0.305,3170.65,-3209.38,92,-181.58,716.08,0.9215,0.5109,-1.974,2131.72,-2313.3,35,142.85,253.68,1.1594,0.5143,4.081,1038.93,-896.08,False
IFB_0909,kdjma,both,ALL,1.5,1.5,24,False,1,51,-1.99,173.57,0.9976,0.451,-0.039,813.98,-815.97,35,24.1,173.57,1.0482,0.4571,0.689,523.91,-499.81,16,-26.09,169.96,0.9175,0.4375,-1.631,290.07,-316.16,False
IFB_0911,kdjma,both,ALL,1.5,1.5,24,True,1,51,-1.99,173.57,0.9976,0.451,-0.039,813.98,-815.97,35,24.1,173.57,1.0482,0.4571,0.689,523.91,-499.81,16,-26.09,169.96,0.9175,0.4375,-1.631,290.07,-316.16,False
IFB_1198,kdjma,short,ALL,1.5,1.5,24,False,3,130,-22.45,299.84,0.9894,0.5077,-0.173,2103.16,-2125.61,90,-125.35,264.91,0.9152,0.5,-1.393,1352.95,-1478.3,40,102.9,154.93,1.159,0.525,2.573,750.21,-647.31,False
IFB_1200,kdjma,short,ALL,1.5,1.5,24,True,3,130,-22.45,299.84,0.9894,0.5077,-0.173,2103.16,-2125.61,90,-125.35,264.91,0.9152,0.5,-1.393,1352.95,-1478.3,40,102.9,154.93,1.159,0.525,2.573,750.21,-647.31,False
IFB_1046,kdjma,long,ALL,1.5,1.5,6,False,3,123,134.98,444.79,1.0717,0.5285,1.097,2016.9,-1881.92,87,194.62,287.19,1.1627,0.5517,2.237,1390.48,-1195.86,36,-59.64,444.79,0.9131,0.4722,-1.657,626.42,-686.06,False
IFB_1048,kdjma,long,ALL,1.5,1.5,6,True,3,123,134.98,444.79,1.0717,0.5285,1.097,2016.9,-1881.92,87,194.62,287.19,1.1627,0.5517,2.237,1390.48,-1195.86,36,-59.64,444.79,0.9131,0.4722,-1.657,626.42,-686.06,False
IFB_1162,kdjma,short,ALL,1.0,0.75,24,False,3,132,-52.43,198.61,0.9584,0.5985,-0.397,1207.04,-1259.47,92,-14.08,152.14,0.9831,0.587,-0.153,819.29,-833.37,40,-38.35,198.61,0.91,0.625,-0.959,387.75,-426.1,False
IFB_1164,kdjma,short,ALL,1.0,0.75,24,True,3,132,-52.43,198.61,0.9584,0.5985,-0.397,1207.04,-1259.47,92,-14.08,152.14,0.9831,0.587,-0.153,819.29,-833.37,40,-38.35,198.61,0.91,0.625,-0.959,387.75,-426.1,False
IFB_0938,kdjma,both,PRE_RTH,1.5,1.0,6,False,3,129,-67.46,545.48,0.9718,0.5891,-0.523,2328.26,-2395.72,93,-155.32,534.5,0.9094,0.5914,-1.67,1559.3,-1714.62,36,87.86,321.15,1.129,0.5833,2.441,768.96,-681.1,False
IFB_0940,kdjma,both,PRE_RTH,1.5,1.0,6,True,3,129,-67.46,545.48,0.9718,0.5891,-0.523,2328.26,-2395.72,93,-155.32,534.5,0.9094,0.5914,-1.67,1559.3,-1714.62,36,87.86,321.15,1.129,0.5833,2.441,768.96,-681.1,False
IFB_0438,emapmo_early,both,ALL,1.0,0.75,12,False,3,39,-44.61,188.64,0.9303,0.5128,-1.144,595.2,-639.81,26,-24.74,188.64,0.9431,0.5385,-0.952,410.14,-434.88,13,-19.87,91.21,0.903,0.4615,-1.528,185.06,-204.93,False
IFB_0440,emapmo_early,both,ALL,1.0,0.75,12,True,3,39,-44.61,188.64,0.9303,0.5128,-1.144,595.2,-639.81,26,-24.74,188.64,0.9431,0.5385,-0.952,410.14,-434.88,13,-19.87,91.21,0.903,0.4615,-1.528,185.06,-204.93,False
IFB_0442,emapmo_early,both,ALL,1.0,0.75,24,False,3,39,-44.61,188.64,0.9303,0.5128,-1.144,595.2,-639.81,26,-24.74,188.64,0.9431,0.5385,-0.952,410.14,-434.88,13,-19.87,91.21,0.903,0.4615,-1.528,185.06,-204.93,False
IFB_0444,emapmo_early,both,ALL,1.0,0.75,24,True,3,39,-44.61,188.64,0.9303,0.5128,-1.144,595.2,-639.81,26,-24.74,188.64,0.9431,0.5385,-0.952,410.14,-434.88,13,-19.87,91.21,0.903,0.4615,-1.528,185.06,-204.93,False
IFB_1189,kdjma,short,ALL,1.5,1.5,6,False,1,49,-43.26,244.74,0.9341,0.4694,-0.883,612.73,-655.99,34,-49.66,244.74,0.8954,0.4412,-1.461,425.15,-474.81,15,6.4,91.21,1.0353,0.5333,0.427,187.58,-181.18,False
IFB_1191,kdjma,short,ALL,1.5,1.5,6,True,1,49,-43.26,244.74,0.9341,0.4694,-0.883,612.73,-655.99,34,-49.66,244.74,0.8954,0.4412,-1.461,425.15,-474.81,15,6.4,91.21,1.0353,0.5333,0.427,187.58,-181.18,False
IFB_1102,kdjma,long,PRE_RTH,1.5,1.5,24,False,3,73,-150.52,569.93,0.9225,0.5068,-2.062,1791.62,-1942.14,52,-138.23,569.93,0.8949,0.5,-2.658,1176.51,-1314.74,21,-12.29,229.84,0.9804,0.5238,-0.585,615.11,-627.4,False
IFB_1104,kdjma,long,PRE_RTH,1.5,1.5,24,True,3,73,-150.52,569.93,0.9225,0.5068,-2.062,1791.62,-1942.14,52,-138.23,569.93,0.8949,0.5,-2.658,1176.51,-1314.74,21,-12.29,229.84,0.9804,0.5238,-0.585,615.11,-627.4,False
IFB_1070,kdjma,long,PRE_RTH,1.0,1.0,6,False,3,75,25.75,297.43,1.0208,0.5333,0.343,1264.15,-1238.4,54,68.04,297.43,1.0796,0.5741,1.26,922.81,-854.77,21,-42.29,187.34,0.8898,0.4286,-2.014,341.34,-383.63,False
IFB_1072,kdjma,long,PRE_RTH,1.0,1.0,6,True,3,75,25.75,297.43,1.0208,0.5333,0.343,1264.15,-1238.4,54,68.04,297.43,1.0796,0.5741,1.26,922.81,-854.77,21,-42.29,187.34,0.8898,0.4286,-2.014,341.34,-383.63,False
IFB_1022,kdjma,long,ALL,1.0,1.0,6,False,3,124,-27.51,284.81,0.9812,0.4839,-0.222,1436.85,-1464.36,88,-114.12,281.97,0.8877,0.4886,-1.297,901.68,-1015.8,36,86.61,284.81,1.1931,0.4722,2.406,535.17,-448.56,False
IFB_1024,kdjma,long,ALL,1.0,1.0,6,True,3,124,-27.51,284.81,0.9812,0.4839,-0.222,1436.85,-1464.36,88,-114.12,281.97,0.8877,0.4886,-1.297,901.68,-1015.8,36,86.61,284.81,1.1931,0.4722,2.406,535.17,-448.56,False
IFB_1154,kdjma,short,ALL,1.0,0.75,6,False,3,132,-86.18,240.23,0.9294,0.5985,-0.653,1134.54,-1220.72,92,-36.58,145.72,0.9552,0.587,-0.398,780.54,-817.12,40,-49.6,198.61,0.8771,0.625,-1.24,354.0,-403.6,False
IFB_1156,kdjma,short,ALL,1.0,0.75,6,True,3,132,-86.18,240.23,0.9294,0.5985,-0.653,1134.54,-1220.72,92,-36.58,145.72,0.9552,0.587,-0.398,780.54,-817.12,40,-49.6,198.61,0.8771,0.625,-1.24,354.0,-403.6,False
IFB_1282,kdjma,short,RTH,1.5,1.0,24,False,3,71,81.96,495.97,1.0558,0.5915,1.154,1550.42,-1468.46,52,-136.98,495.97,0.8757,0.5769,-2.634,965.3,-1102.28,19,218.94,213.71,1.5979,0.6316,11.523,585.12,-366.18,False
IFB_1284,kdjma,short,RTH,1.5,1.0,24,True,3,71,81.96,495.97,1.0558,0.5915,1.154,1550.42,-1468.46,52,-136.98,495.97,0.8757,0.5769,-2.634,965.3,-1102.28,19,218.94,213.71,1.5979,0.6316,11.523,585.12,-366.18,False
IFB_0950,kdjma,both,PRE_RTH,1.5,1.5,6,False,3,129,-267.46,653.91,0.8999,0.5039,-2.073,2405.65,-2673.11,93,-241.57,548.0,0.8741,0.5161,-2.598,1676.73,-1918.3,36,-25.89,312.28,0.9657,0.4722,-0.719,728.92,-754.81,False
IFB_0952,kdjma,both,PRE_RTH,1.5,1.5,6,True,3,129,-267.46,653.91,0.8999,0.5039,-2.073,2405.65,-2673.11,93,-241.57,548.0,0.8741,0.5161,-2.598,1676.73,-1918.3,36,-25.89,312.28,0.9657,0.4722,-0.719,728.92,-754.81,False
IFB_1218,kdjma,short,PRE_RTH,1.0,1.0,12,False,3,88,-175.37,302.17,0.8864,0.4886,-1.993,1367.93,-1543.3,63,-138.12,302.17,0.8716,0.4921,-2.192,937.81,-1075.93,25,-37.25,161.14,0.9203,0.48,-1.49,430.12,-467.37,False
IFB_1220,kdjma,short,PRE_RTH,1.0,1.0,12,True,3,88,-175.37,302.17,0.8864,0.4886,-1.993,1367.93,-1543.3,63,-138.12,302.17,0.8716,0.4921,-2.192,937.81,-1075.93,25,-37.25,161.14,0.9203,0.48,-1.49,430.12,-467.37,False
IFB_1222,kdjma,short,PRE_RTH,1.0,1.0,24,False,3,88,-175.37,302.17,0.8864,0.4886,-1.993,1367.93,-1543.3,63,-138.12,302.17,0.8716,0.4921,-2.192,937.81,-1075.93,25,-37.25,161.14,0.9203,0.48,-1.49,430.12,-467.37,False
IFB_1224,kdjma,short,PRE_RTH,1.0,1.0,24,True,3,88,-175.37,302.17,0.8864,0.4886,-1.993,1367.93,-1543.3,63,-138.12,302.17,0.8716,0.4921,-2.192,937.81,-1075.93,25,-37.25,161.14,0.9203,0.48,-1.49,430.12,-467.37,False
IFB_1173,kdjma,short,ALL,1.0,1.0,24,False,1,49,5.49,163.5,1.0105,0.5102,0.112,529.0,-523.51,34,29.09,163.5,1.0856,0.5,0.856,368.92,-339.83,15,-23.6,114.95,0.8715,0.5333,-1.573,160.08,-183.68,False
IFB_1175,kdjma,short,ALL,1.0,1.0,24,True,1,49,5.49,163.5,1.0105,0.5102,0.112,529.0,-523.51,34,29.09,163.5,1.0856,0.5,0.856,368.92,-339.83,15,-23.6,114.95,0.8715,0.5333,-1.573,160.08,-183.68,False
IFB_0878,kdjma,both,ALL,1.0,1.0,6,False,3,149,51.49,188.42,1.0377,0.5101,0.346,1418.26,-1366.77,103,113.53,188.42,1.1273,0.534,1.102,1005.55,-892.02,46,-62.04,173.57,0.8693,0.4565,-1.349,412.71,-474.75,False
IFB_0880,kdjma,both,ALL,1.0,1.0,6,True,3,149,51.49,188.42,1.0377,0.5101,0.346,1418.26,-1366.77,103,113.53,188.42,1.1273,0.534,1.102,1005.55,-892.02,46,-62.04,173.57,0.8693,0.4565,-1.349,412.71,-474.75,False
IFB_0973,kdjma,both,RTH,1.0,1.0,6,False,1,46,-100.79,368.38,0.8932,0.5217,-2.191,842.74,-943.53,33,-79.67,251.09,0.8683,0.5455,-2.414,525.18,-604.85,13,-21.12,272.43,0.9376,0.4615,-1.625,317.56,-338.68,False
IFB_0975,kdjma,both,RTH,1.0,1.0,6,True,1,46,-100.79,368.38,0.8932,0.5217,-2.191,842.74,-943.53,33,-79.67,251.09,0.8683,0.5455,-2.414,525.18,-604.85,13,-21.12,272.43,0.9376,0.4615,-1.625,317.56,-338.68,False
IFB_1278,kdjma,short,RTH,1.5,1.0,12,False,3,71,11.96,510.97,1.0085,0.5915,0.168,1417.92,-1405.96,52,-141.98,510.97,0.8679,0.5769,-2.73,932.8,-1074.78,19,153.94,178.71,1.4648,0.6316,8.102,485.12,-331.18,False
IFB_1280,kdjma,short,RTH,1.5,1.0,12,True,3,71,11.96,510.97,1.0085,0.5915,0.168,1417.92,-1405.96,52,-141.98,510.97,0.8679,0.5769,-2.73,932.8,-1074.78,19,153.94,178.71,1.4648,0.6316,8.102,485.12,-331.18,False
IFB_1142,kdjma,long,RTH,1.5,1.5,6,False,3,52,-173.23,509.88,0.8739,0.5577,-3.331,1200.29,-1373.52,36,-132.14,509.88,0.8622,0.5833,-3.671,826.46,-958.6,16,-41.09,152.38,0.901,0.5,-2.568,373.83,-414.92,False
IFB_1144,kdjma,long,RTH,1.5,1.5,6,True,3,52,-173.23,509.88,0.8739,0.5577,-3.331,1200.29,-1373.52,36,-132.14,509.88,0.8622,0.5833,-3.671,826.46,-958.6,16,-41.09,152.38,0.901,0.5,-2.568,373.83,-414.92,False
IFB_1062,kdjma,long,PRE_RTH,1.0,0.75,12,False,3,75,-170.5,319.5,0.8605,0.56,-2.273,1051.67,-1222.17,54,-119.46,314.74,0.8577,0.5741,-2.212,720.31,-839.77,21,-51.04,161.11,0.8665,0.5238,-2.43,331.36,-382.4,False
IFB_1064,kdjma,long,PRE_RTH,1.0,0.75,12,True,3,75,-170.5,319.5,0.8605,0.56,-2.273,1051.67,-1222.17,54,-119.46,314.74,0.8577,0.5741,-2.212,720.31,-839.77,21,-51.04,161.11,0.8665,0.5238,-2.43,331.36,-382.4,False
IFB_1066,kdjma,long,PRE_RTH,1.0,0.75,24,False,3,75,-170.5,319.5,0.8605,0.56,-2.273,1051.67,-1222.17,54,-119.46,314.74,0.8577,0.5741,-2.212,720.31,-839.77,21,-51.04,161.11,0.8665,0.5238,-2.43,331.36,-382.4,False
IFB_1068,kdjma,long,PRE_RTH,1.0,0.75,24,True,3,75,-170.5,319.5,0.8605,0.56,-2.273,1051.67,-1222.17,54,-119.46,314.74,0.8577,0.5741,-2.212,720.31,-839.77,21,-51.04,161.11,0.8665,0.5238,-2.43,331.36,-382.4,False
IFB_1178,kdjma,short,ALL,1.5,1.0,6,False,3,130,-166.2,282.74,0.8877,0.5923,-1.278,1313.27,-1479.47,90,-146.6,248.38,0.8555,0.5778,-1.629,868.02,-1014.62,40,-19.6,158.58,0.9578,0.625,-0.49,445.25,-464.85,False
IFB_1180,kdjma,short,ALL,1.5,1.0,6,True,3,130,-166.2,282.74,0.8877,0.5923,-1.278,1313.27,-1479.47,90,-146.6,248.38,0.8555,0.5778,-1.629,868.02,-1014.62,40,-19.6,158.58,0.9578,0.625,-0.49,445.25,-464.85,False
IFB_1194,kdjma,short,ALL,1.5,1.5,12,False,3,130,-202.45,314.19,0.8962,0.5154,-1.557,1748.17,-1950.62,90,-194.1,283.3,0.855,0.5,-2.157,1144.2,-1338.3,40,-8.35,158.56,0.9864,0.55,-0.209,603.97,-612.32,False
IFB_1196,kdjma,short,ALL,1.5,1.5,12,True,3,130,-202.45,314.19,0.8962,0.5154,-1.557,1748.17,-1950.62,90,-194.1,283.3,0.855,0.5,-2.157,1144.2,-1338.3,40,-8.35,158.56,0.9864,0.55,-0.209,603.97,-612.32,False
IFB_0954,kdjma,both,PRE_RTH,1.5,1.5,12,False,3,128,-253.72,656.99,0.9165,0.5,-1.982,2784.39,-3038.11,93,-324.07,647.32,0.8549,0.4946,-3.485,1909.21,-2233.28,35,70.35,283.54,1.0874,0.5143,2.01,875.18,-804.83,False
IFB_0956,kdjma,both,PRE_RTH,1.5,1.5,12,True,3,128,-253.72,656.99,0.9165,0.5,-1.982,2784.39,-3038.11,93,-324.07,647.32,0.8549,0.4946,-3.485,1909.21,-2233.28,35,70.35,283.54,1.0874,0.5143,2.01,875.18,-804.83,False
IFB_1214,kdjma,short,PRE_RTH,1.0,1.0,6,False,3,88,-139.12,318.42,0.9041,0.5,-1.581,1311.69,-1450.81,63,-146.87,318.42,0.8549,0.4921,-2.331,865.31,-1012.18,25,7.75,158.71,1.0177,0.52,0.31,446.38,-438.63,False
IFB_1216,kdjma,short,PRE_RTH,1.0,1.0,6,True,3,88,-139.12,318.42,0.9041,0.5,-1.581,1311.69,-1450.81,63,-146.87,318.42,0.8549,0.4921,-2.331,865.31,-1012.18,25,7.75,158.71,1.0177,0.52,0.31,446.38,-438.63,False
IFB_1246,kdjma,short,PRE_RTH,1.5,1.5,24,False,3,83,-196.67,409.76,0.9079,0.4819,-2.37,1939.15,-2135.82,60,-239.4,351.03,0.8414,0.4833,-3.99,1270.29,-1509.69,23,42.73,353.67,1.0682,0.4783,1.858,668.86,-626.13,False
IFB_1248,kdjma,short,PRE_RTH,1.5,1.5,24,True,3,83,-196.67,409.76,0.9079,0.4819,-2.37,1939.15,-2135.82,60,-239.4,351.03,0.8414,0.4833,-3.99,1270.29,-1509.69,23,42.73,353.67,1.0682,0.4783,1.858,668.86,-626.13,False
IFB_1289,kdjma,short,RTH,1.5,1.5,12,False,1,38,-62.12,363.67,0.9386,0.5263,-1.635,948.95,-1011.07,28,-120.97,363.67,0.8395,0.5,-4.32,632.64,-753.61,10,58.85,147.48,1.2286,0.6,5.885,316.31,-257.46,False
IFB_1291,kdjma,short,RTH,1.5,1.5,12,True,1,38,-62.12,363.67,0.9386,0.5263,-1.635,948.95,-1011.07,28,-120.97,363.67,0.8395,0.5,-4.32,632.64,-753.61,10,58.85,147.48,1.2286,0.6,5.885,316.31,-257.46,False
IFB_0014,emapmo_normal,both,ALL,1.0,1.0,6,False,3,16,86.41,93.71,1.4433,0.5625,5.401,281.34,-194.93,9,101.34,57.49,1.989,0.6667,11.26,203.81,-102.47,7,-14.93,71.22,0.8385,0.4286,-2.133,77.53,-92.46,False
IFB_0016,emapmo_normal,both,ALL,1.0,1.0,6,True,3,16,86.41,93.71,1.4433,0.5625,5.401,281.34,-194.93,9,101.34,57.49,1.989,0.6667,11.26,203.81,-102.47,7,-14.93,71.22,0.8385,0.4286,-2.133,77.53,-92.46,False
IFB_0978,kdjma,both,RTH,1.0,1.0,12,False,3,112,-346.38,559.02,0.8556,0.4732,-3.093,2051.78,-2398.16,80,-214.2,545.64,0.8645,0.5,-2.678,1366.65,-1580.85,32,-132.18,244.75,0.8383,0.4062,-4.131,685.13,-817.31,False
IFB_0980,kdjma,both,RTH,1.0,1.0,12,True,3,112,-346.38,559.02,0.8556,0.4732,-3.093,2051.78,-2398.16,80,-214.2,545.64,0.8645,0.5,-2.678,1366.65,-1580.85,32,-132.18,244.75,0.8383,0.4062,-4.131,685.13,-817.31,False
IFB_0982,kdjma,both,RTH,1.0,1.0,24,False,3,112,-346.38,559.02,0.8556,0.4732,-3.093,2051.78,-2398.16,80,-214.2,545.64,0.8645,0.5,-2.678,1366.65,-1580.85,32,-132.18,244.75,0.8383,0.4062,-4.131,685.13,-817.31,False
IFB_0984,kdjma,both,RTH,1.0,1.0,24,True,3,112,-346.38,559.02,0.8556,0.4732,-3.093,2051.78,-2398.16,80,-214.2,545.64,0.8645,0.5,-2.678,1366.65,-1580.85,32,-132.18,244.75,0.8383,0.4062,-4.131,685.13,-817.31,False
IFB_1058,kdjma,long,PRE_RTH,1.0,0.75,6,False,3,75,-164.25,314.74,0.8629,0.56,-2.19,1034.17,-1198.42,54,-136.96,314.74,0.8369,0.5741,-2.536,702.81,-839.77,21,-27.29,137.36,0.9239,0.5238,-1.3,331.36,-358.65,False
IFB_1060,kdjma,long,PRE_RTH,1.0,0.75,6,True,3,75,-164.25,314.74,0.8629,0.56,-2.19,1034.17,-1198.42,54,-136.96,314.74,0.8369,0.5741,-2.536,702.81,-839.77,21,-27.29,137.36,0.9239,0.5238,-1.3,331.36,-358.65,False
IFB_1170,kdjma,short,ALL,1.0,1.0,12,False,3,132,-141.18,332.72,0.905,0.5227,-1.07,1345.69,-1486.87,92,-61.58,243.06,0.9385,0.5326,-0.669,939.24,-1000.82,40,-79.6,197.36,0.8362,0.5,-1.99,406.45,-486.05,False
IFB_1172,kdjma,short,ALL,1.0,1.0,12,True,3,132,-141.18,332.72,0.905,0.5227,-1.07,1345.69,-1486.87,92,-61.58,243.06,0.9385,0.5326,-0.669,939.24,-1000.82,40,-79.6,197.36,0.8362,0.5,-1.99,406.45,-486.05,False
IFB_0426,emapmo_normal,short,RTH,1.5,1.5,12,False,3,6,0.06,61.22,1.0005,0.5,0.01,110.03,-109.97,2,-3.73,22.49,0.8341,0.5,-1.865,18.76,-22.49,4,3.79,57.49,1.0433,0.5,0.947,91.27,-87.48,False
IFB_0428,emapmo_normal,short,RTH,1.5,1.5,12,True,3,6,0.06,61.22,1.0005,0.5,0.01,110.03,-109.97,2,-3.73,22.49,0.8341,0.5,-1.865,18.76,-22.49,4,3.79,57.49,1.0433,0.5,0.947,91.27,-87.48,False
IFB_0430,emapmo_normal,short,RTH,1.5,1.5,24,False,3,6,0.06,61.22,1.0005,0.5,0.01,110.03,-109.97,2,-3.73,22.49,0.8341,0.5,-1.865,18.76,-22.49,4,3.79,57.49,1.0433,0.5,0.947,91.27,-87.48,False
IFB_0432,emapmo_normal,short,RTH,1.5,1.5,24,True,3,6,0.06,61.22,1.0005,0.5,0.01,110.03,-109.97,2,-3.73,22.49,0.8341,0.5,-1.865,18.76,-22.49,4,3.79,57.49,1.0433,0.5,0.947,91.27,-87.48,False
IFB_1185,kdjma,short,ALL,1.5,1.0,24,False,1,49,-32.01,212.36,0.9499,0.5714,-0.653,606.53,-638.54,34,5.34,212.36,1.0129,0.5588,0.157,420.19,-414.85,15,-37.35,132.46,0.833,0.6,-2.49,186.34,-223.69,False
IFB_1187,kdjma,short,ALL,1.5,1.0,24,True,1,49,-32.01,212.36,0.9499,0.5714,-0.653,606.53,-638.54,34,5.34,212.36,1.0129,0.5588,0.157,420.19,-414.85,15,-37.35,132.46,0.833,0.6,-2.49,186.34,-223.69,False
IFB_0962,kdjma,both,RTH,1.0,0.75,6,False,3,112,-315.13,651.82,0.8453,0.5357,-2.814,1721.85,-2036.98,80,-194.2,494.54,0.8538,0.5625,-2.427,1134.2,-1328.4,32,-120.93,278.59,0.8293,0.4688,-3.779,587.65,-708.58,False
IFB_0964,kdjma,both,RTH,1.0,0.75,6,True,3,112,-315.13,651.82,0.8453,0.5357,-2.814,1721.85,-2036.98,80,-194.2,494.54,0.8538,0.5625,-2.427,1134.2,-1328.4,32,-120.93,278.59,0.8293,0.4688,-3.779,587.65,-708.58,False
IFB_0966,kdjma,both,RTH,1.0,0.75,12,False,3,112,-307.63,656.82,0.8514,0.5357,-2.747,1763.1,-2070.73,80,-186.7,499.54,0.8629,0.5625,-2.334,1175.45,-1362.15,32,-120.93,278.59,0.8293,0.4688,-3.779,587.65,-708.58,False
IFB_0968,kdjma,both,RTH,1.0,0.75,12,True,3,112,-307.63,656.82,0.8514,0.5357,-2.747,1763.1,-2070.73,80,-186.7,499.54,0.8629,0.5625,-2.334,1175.45,-1362.15,32,-120.93,278.59,0.8293,0.4688,-3.779,587.65,-708.58,False
IFB_0970,kdjma,both,RTH,1.0,0.75,24,False,3,112,-307.63,656.82,0.8514,0.5357,-2.747,1763.1,-2070.73,80,-186.7,499.54,0.8629,0.5625,-2.334,1175.45,-1362.15,32,-120.93,278.59,0.8293,0.4688,-3.779,587.65,-708.58,False
IFB_0972,kdjma,both,RTH,1.0,0.75,24,True,3,112,-307.63,656.82,0.8514,0.5357,-2.747,1763.1,-2070.73,80,-186.7,499.54,0.8629,0.5625,-2.334,1175.45,-1362.15,32,-120.93,278.59,0.8293,0.4688,-3.779,587.65,-708.58,False
IFB_1174,kdjma,short,ALL,1.0,1.0,24,False,3,132,-143.68,345.22,0.9057,0.5227,-1.088,1379.44,-1523.12,92,-54.08,235.56,0.946,0.5326,-0.588,946.74,-1000.82,40,-89.6,197.36,0.8285,0.5,-2.24,432.7,-522.3,False
IFB_1176,kdjma,short,ALL,1.0,1.0,24,True,3,132,-143.68,345.22,0.9057,0.5227,-1.088,1379.44,-1523.12,92,-54.08,235.56,0.946,0.5326,-0.588,946.74,-1000.82,40,-89.6,197.36,0.8285,0.5,-2.24,432.7,-522.3,False
IFB_0722,emapmo_early,short,ALL,1.0,0.75,6,False,3,28,-18.47,69.92,0.945,0.5357,-0.66,317.65,-336.12,19,3.94,69.92,1.0191,0.5789,0.207,210.11,-206.17,9,-22.41,58.72,0.8275,0.4444,-2.49,107.54,-129.95,False
IFB_0724,emapmo_early,short,ALL,1.0,0.75,6,True,3,28,-18.47,69.92,0.945,0.5357,-0.66,317.65,-336.12,19,3.94,69.92,1.0191,0.5789,0.207,210.11,-206.17,9,-22.41,58.72,0.8275,0.4444,-2.49,107.54,-129.95,False
IFB_0726,emapmo_early,short,ALL,1.0,0.75,12,False,3,28,-7.22,69.92,0.9785,0.5357,-0.258,328.9,-336.12,19,15.19,69.92,1.0737,0.5789,0.799,221.36,-206.17,9,-22.41,58.72,0.8275,0.4444,-2.49,107.54,-129.95,False
IFB_0728,emapmo_early,short,ALL,1.0,0.75,12,True,3,28,-7.22,69.92,0.9785,0.5357,-0.258,328.9,-336.12,19,15.19,69.92,1.0737,0.5789,0.799,221.36,-206.17,9,-22.41,58.72,0.8275,0.4444,-2.49,107.54,-129.95,False
IFB_0730,emapmo_early,short,ALL,1.0,0.75,24,False,3,28,-7.22,69.92,0.9785,0.5357,-0.258,328.9,-336.12,19,15.19,69.92,1.0737,0.5789,0.799,221.36,-206.17,9,-22.41,58.72,0.8275,0.4444,-2.49,107.54,-129.95,False
IFB_0732,emapmo_early,short,ALL,1.0,0.75,24,True,3,28,-7.22,69.92,0.9785,0.5357,-0.258,328.9,-336.12,19,15.19,69.92,1.0737,0.5789,0.799,221.36,-206.17,9,-22.41,58.72,0.8275,0.4444,-2.49,107.54,-129.95,False
IFB_1098,kdjma,long,PRE_RTH,1.5,1.5,12,False,3,73,-203.02,496.18,0.8866,0.4932,-2.781,1586.61,-1789.63,52,-215.73,496.18,0.8251,0.4808,-4.149,1017.75,-1233.48,21,12.71,204.84,1.0229,0.5238,0.605,568.86,-556.15,False
IFB_1100,kdjma,long,PRE_RTH,1.5,1.5,12,True,3,73,-203.02,496.18,0.8866,0.4932,-2.781,1586.61,-1789.63,52,-215.73,496.18,0.8251,0.4808,-4.149,1017.75,-1233.48,21,12.71,204.84,1.0229,0.5238,0.605,568.86,-556.15,False
IFB_0002,emapmo_normal,both,ALL,1.0,0.75,6,False,3,16,51.41,93.71,1.2637,0.5625,3.213,246.34,-194.93,9,67.59,57.49,1.6596,0.6667,7.51,170.06,-102.47,7,-16.18,71.22,0.825,0.4286,-2.311,76.28,-92.46,False
IFB_0004,emapmo_normal,both,ALL,1.0,0.75,6,True,3,16,51.41,93.71,1.2637,0.5625,3.213,246.34,-194.93,9,67.59,57.49,1.6596,0.6667,7.51,170.06,-102.47,7,-16.18,71.22,0.825,0.4286,-2.311,76.28,-92.46,False
IFB_0006,emapmo_normal,both,ALL,1.0,0.75,12,False,3,16,58.91,93.71,1.3022,0.5625,3.682,253.84,-194.93,9,75.09,57.49,1.7328,0.6667,8.343,177.56,-102.47,7,-16.18,71.22,0.825,0.4286,-2.311,76.28,-92.46,False
IFB_0008,emapmo_normal,both,ALL,1.0,0.75,12,True,3,16,58.91,93.71,1.3022,0.5625,3.682,253.84,-194.93,9,75.09,57.49,1.7328,0.6667,8.343,177.56,-102.47,7,-16.18,71.22,0.825,0.4286,-2.311,76.28,-92.46,False
IFB_0010,emapmo_normal,both,ALL,1.0,0.75,24,False,3,16,58.91,93.71,1.3022,0.5625,3.682,253.84,-194.93,9,75.09,57.49,1.7328,0.6667,8.343,177.56,-102.47,7,-16.18,71.22,0.825,0.4286,-2.311,76.28,-92.46,False
IFB_0012,emapmo_normal,both,ALL,1.0,0.75,24,True,3,16,58.91,93.71,1.3022,0.5625,3.682,253.84,-194.93,9,75.09,57.49,1.7328,0.6667,8.343,177.56,-102.47,7,-16.18,71.22,0.825,0.4286,-2.311,76.28,-92.46,False
IFB_1250,kdjma,short,RTH,1.0,0.75,6,False,3,74,-29.26,281.13,0.9738,0.5541,-0.395,1085.41,-1114.67,55,43.05,281.13,1.0609,0.5818,0.783,750.32,-707.27,19,-72.31,246.17,0.8225,0.4737,-3.806,335.09,-407.4,False
IFB_1252,kdjma,short,RTH,1.0,0.75,6,True,3,74,-29.26,281.13,0.9738,0.5541,-0.395,1085.41,-1114.67,55,43.05,281.13,1.0609,0.5818,0.783,750.32,-707.27,19,-72.31,246.17,0.8225,0.4737,-3.806,335.09,-407.4,False
IFB_1254,kdjma,short,RTH,1.0,0.75,12,False,3,74,-65.51,303.59,0.9442,0.5541,-0.885,1109.16,-1174.67,55,6.8,303.59,1.0089,0.5818,0.124,774.07,-767.27,19,-72.31,246.17,0.8225,0.4737,-3.806,335.09,-407.4,False
IFB_1256,kdjma,short,RTH,1.0,0.75,12,True,3,74,-65.51,303.59,0.9442,0.5541,-0.885,1109.16,-1174.67,55,6.8,303.59,1.0089,0.5818,0.124,774.07,-767.27,19,-72.31,246.17,0.8225,0.4737,-3.806,335.09,-407.4,False
IFB_1258,kdjma,short,RTH,1.0,0.75,24,False,3,74,-65.51,303.59,0.9442,0.5541,-0.885,1109.16,-1174.67,55,6.8,303.59,1.0089,0.5818,0.124,774.07,-767.27,19,-72.31,246.17,0.8225,0.4737,-3.806,335.09,-407.4,False
IFB_1260,kdjma,short,RTH,1.0,0.75,24,True,3,74,-65.51,303.59,0.9442,0.5541,-0.885,1109.16,-1174.67,55,6.8,303.59,1.0089,0.5818,0.124,774.07,-767.27,19,-72.31,246.17,0.8225,0.4737,-3.806,335.09,-407.4,False
IFB_0289,emapmo_normal,short,ALL,1.0,0.75,6,False,1,8,-11.17,36.23,0.8603,0.5,-1.396,68.79,-79.96,5,-4.95,22.49,0.89,0.6,-0.99,40.03,-44.98,3,-6.22,21.24,0.8222,0.3333,-2.073,28.76,-34.98,False
IFB_0291,emapmo_normal,short,ALL,1.0,0.75,6,True,1,8,-11.17,36.23,0.8603,0.5,-1.396,68.79,-79.96,5,-4.95,22.49,0.89,0.6,-0.99,40.03,-44.98,3,-6.22,21.24,0.8222,0.3333,-2.073,28.76,-34.98,False
IFB_0293,emapmo_normal,short,ALL,1.0,0.75,12,False,1,8,-11.17,36.23,0.8603,0.5,-1.396,68.79,-79.96,5,-4.95,22.49,0.89,0.6,-0.99,40.03,-44.98,3,-6.22,21.24,0.8222,0.3333,-2.073,28.76,-34.98,False
IFB_0295,emapmo_normal,short,ALL,1.0,0.75,12,True,1,8,-11.17,36.23,0.8603,0.5,-1.396,68.79,-79.96,5,-4.95,22.49,0.89,0.6,-0.99,40.03,-44.98,3,-6.22,21.24,0.8222,0.3333,-2.073,28.76,-34.98,False
IFB_0297,emapmo_normal,short,ALL,1.0,0.75,24,False,1,8,-11.17,36.23,0.8603,0.5,-1.396,68.79,-79.96,5,-4.95,22.49,0.89,0.6,-0.99,40.03,-44.98,3,-6.22,21.24,0.8222,0.3333,-2.073,28.76,-34.98,False
IFB_0299,emapmo_normal,short,ALL,1.0,0.75,24,True,1,8,-11.17,36.23,0.8603,0.5,-1.396,68.79,-79.96,5,-4.95,22.49,0.89,0.6,-0.99,40.03,-44.98,3,-6.22,21.24,0.8222,0.3333,-2.073,28.76,-34.98,False
IFB_0994,kdjma,both,RTH,1.5,1.0,24,False,3,110,-351.4,586.83,0.8741,0.5727,-3.195,2439.38,-2790.78,78,-359.22,586.83,0.8125,0.5769,-4.605,1556.7,-1915.92,32,7.82,346.16,1.0089,0.5625,0.244,882.68,-874.86,False
IFB_0996,kdjma,both,RTH,1.5,1.0,24,True,3,110,-351.4,586.83,0.8741,0.5727,-3.195,2439.38,-2790.78,78,-359.22,586.83,0.8125,0.5769,-4.605,1556.7,-1915.92,32,7.82,346.16,1.0089,0.5625,0.244,882.68,-874.86,False
IFB_1261,kdjma,short,RTH,1.0,1.0,6,False,1,38,-27.12,311.12,0.9642,0.5,-0.714,730.19,-757.31,28,-100.97,311.12,0.8108,0.5,-3.606,432.64,-533.61,10,73.85,177.46,1.3301,0.5,7.385,297.55,-223.7,False
IFB_1263,kdjma,short,RTH,1.0,1.0,6,True,1,38,-27.12,311.12,0.9642,0.5,-0.714,730.19,-757.31,28,-100.97,311.12,0.8108,0.5,-3.606,432.64,-533.61,10,73.85,177.46,1.3301,0.5,7.385,297.55,-223.7,False
IFB_0989,kdjma,both,RTH,1.5,1.0,12,False,1,46,-152.04,417.37,0.8653,0.6304,-3.305,976.54,-1128.58,33,-77.17,244.96,0.8948,0.6667,-2.338,656.47,-733.64,13,-74.87,303.68,0.8104,0.5385,-5.759,320.07,-394.94,False
IFB_0991,kdjma,both,RTH,1.5,1.0,12,True,1,46,-152.04,417.37,0.8653,0.6304,-3.305,976.54,-1128.58,33,-77.17,244.96,0.8948,0.6667,-2.338,656.47,-733.64,13,-74.87,303.68,0.8104,0.5385,-5.759,320.07,-394.94,False
IFB_0974,kdjma,both,RTH,1.0,1.0,6,False,3,112,-351.38,679.17,0.8447,0.4643,-3.137,1910.52,-2261.9,80,-290.45,625.64,0.81,0.4875,-3.631,1237.89,-1528.34,32,-60.93,284.9,0.9169,0.4062,-1.904,672.63,-733.56,False
IFB_0976,kdjma,both,RTH,1.0,1.0,6,True,3,112,-351.38,679.17,0.8447,0.4643,-3.137,1910.52,-2261.9,80,-290.45,625.64,0.81,0.4875,-3.631,1237.89,-1528.34,32,-60.93,284.9,0.9169,0.4062,-1.904,672.63,-733.56,False
IFB_1094,kdjma,long,PRE_RTH,1.5,1.5,6,False,3,74,-130.51,447.43,0.9217,0.5405,-1.764,1535.4,-1665.91,53,-31.97,447.43,0.9727,0.566,-0.603,1139.05,-1171.02,21,-98.54,236.09,0.8009,0.4762,-4.692,396.35,-494.89,False
IFB_1096,kdjma,long,PRE_RTH,1.5,1.5,6,True,3,74,-130.51,447.43,0.9217,0.5405,-1.764,1535.4,-1665.91,53,-31.97,447.43,0.9727,0.566,-0.603,1139.05,-1171.02,21,-98.54,236.09,0.8009,0.4762,-4.692,396.35,-494.89,False
IFB_1074,kdjma,long,PRE_RTH,1.0,1.0,12,False,3,75,23.25,297.43,1.0177,0.5467,0.31,1340.41,-1317.16,54,115.54,297.43,1.1352,0.5741,2.14,970.31,-854.77,21,-92.29,237.34,0.8004,0.4762,-4.395,370.1,-462.39,False
IFB_1076,kdjma,long,PRE_RTH,1.0,1.0,12,True,3,75,23.25,297.43,1.0177,0.5467,0.31,1340.41,-1317.16,54,115.54,297.43,1.1352,0.5741,2.14,970.31,-854.77,21,-92.29,237.34,0.8004,0.4762,-4.395,370.1,-462.39,False
IFB_1078,kdjma,long,PRE_RTH,1.0,1.0,24,False,3,75,23.25,297.43,1.0177,0.5467,0.31,1340.41,-1317.16,54,115.54,297.43,1.1352,0.5741,2.14,970.31,-854.77,21,-92.29,237.34,0.8004,0.4762,-4.395,370.1,-462.39,False
IFB_1080,kdjma,long,PRE_RTH,1.0,1.0,24,True,3,75,23.25,297.43,1.0177,0.5467,0.31,1340.41,-1317.16,54,115.54,297.43,1.1352,0.5741,2.14,970.31,-854.77,21,-92.29,237.34,0.8004,0.4762,-4.395,370.1,-462.39,False
IFB_1014,kdjma,long,ALL,1.0,0.75,12,False,3,124,-208.76,324.11,0.8485,0.5323,-1.684,1169.41,-1378.17,88,-192.87,289.47,0.7945,0.5341,-2.192,745.47,-938.34,36,-15.89,291.06,0.9639,0.5278,-0.441,423.94,-439.83,False
IFB_1016,kdjma,long,ALL,1.0,0.75,12,True,3,124,-208.76,324.11,0.8485,0.5323,-1.684,1169.41,-1378.17,88,-192.87,289.47,0.7945,0.5341,-2.192,745.47,-938.34,36,-15.89,291.06,0.9639,0.5278,-0.441,423.94,-439.83,False
IFB_1018,kdjma,long,ALL,1.0,0.75,24,False,3,124,-208.76,324.11,0.8485,0.5323,-1.684,1169.41,-1378.17,88,-192.87,289.47,0.7945,0.5341,-2.192,745.47,-938.34,36,-15.89,291.06,0.9639,0.5278,-0.441,423.94,-439.83,False
IFB_1020,kdjma,long,ALL,1.0,0.75,24,True,3,124,-208.76,324.11,0.8485,0.5323,-1.684,1169.41,-1378.17,88,-192.87,289.47,0.7945,0.5341,-2.192,745.47,-938.34,36,-15.89,291.06,0.9639,0.5278,-0.441,423.94,-439.83,False
IFB_1242,kdjma,short,PRE_RTH,1.5,1.5,12,False,3,84,-289.16,518.0,0.8556,0.4762,-3.442,1712.9,-2002.06,61,-305.64,425.71,0.7917,0.4754,-5.01,1161.54,-1467.18,23,16.48,319.94,1.0308,0.4783,0.717,551.36,-534.88,False
IFB_1244,kdjma,short,PRE_RTH,1.5,1.5,12,True,3,84,-289.16,518.0,0.8556,0.4762,-3.442,1712.9,-2002.06,61,-305.64,425.71,0.7917,0.4754,-5.01,1161.54,-1467.18,23,16.48,319.94,1.0308,0.4783,0.717,551.36,-534.88,False
IFB_1166,kdjma,short,ALL,1.0,1.0,6,False,3,132,-158.68,341.47,0.8889,0.5379,-1.202,1269.46,-1428.14,92,-57.83,188.06,0.9394,0.5435,-0.629,896.75,-954.58,40,-100.85,197.36,0.787,0.525,-2.521,372.71,-473.56,False
IFB_1168,kdjma,short,ALL,1.0,1.0,6,True,3,132,-158.68,341.47,0.8889,0.5379,-1.202,1269.46,-1428.14,92,-57.83,188.06,0.9394,0.5435,-0.629,896.75,-954.58,40,-100.85,197.36,0.787,0.525,-2.521,372.71,-473.56,False
IFB_1130,kdjma,long,RTH,1.5,1.0,6,False,3,52,-248.23,444.88,0.8132,0.5769,-4.774,1080.3,-1328.53,36,-195.89,444.88,0.7856,0.6111,-5.441,717.72,-913.61,16,-52.34,179.94,0.8739,0.5,-3.271,362.58,-414.92,False
IFB_1132,kdjma,long,RTH,1.5,1.0,6,True,3,52,-248.23,444.88,0.8132,0.5769,-4.774,1080.3,-1328.53,36,-195.89,444.88,0.7856,0.6111,-5.441,717.72,-913.61,16,-52.34,179.94,0.8739,0.5,-3.271,362.58,-414.92,False
IFB_1150,kdjma,long,RTH,1.5,1.5,24,False,3,51,-154.49,632.38,0.9041,0.5098,-3.029,1456.51,-1611.0,35,-238.4,632.38,0.7837,0.4857,-6.811,863.92,-1102.32,16,83.91,228.72,1.165,0.5625,5.244,592.59,-508.68,False
IFB_1152,kdjma,long,RTH,1.5,1.5,24,True,3,51,-154.49,632.38,0.9041,0.5098,-3.029,1456.51,-1611.0,35,-238.4,632.38,0.7837,0.4857,-6.811,863.92,-1102.32,16,83.91,228.72,1.165,0.5625,5.244,592.59,-508.68,False
IFB_0990,kdjma,both,RTH,1.5,1.0,12,False,3,110,-400.15,663.08,0.8498,0.5636,-3.638,2264.37,-2664.52,78,-414.22,663.08,0.7815,0.5641,-5.311,1481.69,-1895.91,32,14.07,239.91,1.0183,0.5625,0.44,782.68,-768.61,False
IFB_0992,kdjma,both,RTH,1.5,1.0,12,True,3,110,-400.15,663.08,0.8498,0.5636,-3.638,2264.37,-2664.52,78,-414.22,663.08,0.7815,0.5641,-5.311,1481.69,-1895.91,32,14.07,239.91,1.0183,0.5625,0.44,782.68,-768.61,False
IFB_1226,kdjma,short,PRE_RTH,1.5,1.0,6,False,3,86,-104.14,487.18,0.931,0.5465,-1.211,1404.22,-1508.36,62,-244.38,487.18,0.7773,0.5161,-3.942,852.82,-1097.2,24,140.24,149.97,1.3411,0.625,5.843,551.4,-411.16,False
IFB_1228,kdjma,short,PRE_RTH,1.5,1.0,6,True,3,86,-104.14,487.18,0.931,0.5465,-1.211,1404.22,-1508.36,62,-244.38,487.18,0.7773,0.5161,-3.942,852.82,-1097.2,24,140.24,149.97,1.3411,0.625,5.843,551.4,-411.16,False
IFB_1010,kdjma,long,ALL,1.0,0.75,6,False,3,124,-226.26,324.11,0.8358,0.5323,-1.825,1151.91,-1378.17,88,-210.37,289.47,0.7758,0.5341,-2.391,727.97,-938.34,36,-15.89,291.06,0.9639,0.5278,-0.441,423.94,-439.83,False
IFB_1012,kdjma,long,ALL,1.0,0.75,6,True,3,124,-226.26,324.11,0.8358,0.5323,-1.825,1151.91,-1378.17,88,-210.37,289.47,0.7758,0.5341,-2.391,727.97,-938.34,36,-15.89,291.06,0.9639,0.5278,-0.441,423.94,-439.83,False
IFB_0317,emapmo_normal,short,ALL,1.5,1.0,12,False,1,8,-22.42,52.48,0.8071,0.5,-2.803,93.79,-116.21,5,-11.2,33.74,0.8309,0.6,-2.24,55.03,-66.23,3,-11.22,29.99,0.7755,0.3333,-3.74,38.76,-49.98,False
IFB_0319,emapmo_normal,short,ALL,1.5,1.0,12,True,1,8,-22.42,52.48,0.8071,0.5,-2.803,93.79,-116.21,5,-11.2,33.74,0.8309,0.6,-2.24,55.03,-66.23,3,-11.22,29.99,0.7755,0.3333,-3.74,38.76,-49.98,False
IFB_0321,emapmo_normal,short,ALL,1.5,1.0,24,False,1,8,-22.42,52.48,0.8071,0.5,-2.803,93.79,-116.21,5,-11.2,33.74,0.8309,0.6,-2.24,55.03,-66.23,3,-11.22,29.99,0.7755,0.3333,-3.74,38.76,-49.98,False
IFB_0323,emapmo_normal,short,ALL,1.5,1.0,24,True,1,8,-22.42,52.48,0.8071,0.5,-2.803,93.79,-116.21,5,-11.2,33.74,0.8309,0.6,-2.24,55.03,-66.23,3,-11.22,29.99,0.7755,0.3333,-3.74,38.76,-49.98,False
IFB_1202,kdjma,short,PRE_RTH,1.0,0.75,6,False,3,89,138.39,209.85,1.1212,0.6067,1.555,1280.54,-1142.15,64,236.89,209.85,1.3367,0.6406,3.701,940.41,-703.52,25,-98.5,182.27,0.7754,0.52,-3.94,340.13,-438.63,False
IFB_1204,kdjma,short,PRE_RTH,1.0,0.75,6,True,3,89,138.39,209.85,1.1212,0.6067,1.555,1280.54,-1142.15,64,236.89,209.85,1.3367,0.6406,3.701,940.41,-703.52,25,-98.5,182.27,0.7754,0.52,-3.94,340.13,-438.63,False
IFB_1206,kdjma,short,PRE_RTH,1.0,0.75,12,False,3,89,147.14,209.85,1.1272,0.6067,1.653,1304.29,-1157.15,64,245.64,209.85,1.3419,0.6406,3.838,964.16,-718.52,25,-98.5,182.27,0.7754,0.52,-3.94,340.13,-438.63,False
IFB_1208,kdjma,short,PRE_RTH,1.0,0.75,12,True,3,89,147.14,209.85,1.1272,0.6067,1.653,1304.29,-1157.15,64,245.64,209.85,1.3419,0.6406,3.838,964.16,-718.52,25,-98.5,182.27,0.7754,0.52,-3.94,340.13,-438.63,False
IFB_1210,kdjma,short,PRE_RTH,1.0,0.75,24,False,3,89,147.14,209.85,1.1272,0.6067,1.653,1304.29,-1157.15,64,245.64,209.85,1.3419,0.6406,3.838,964.16,-718.52,25,-98.5,182.27,0.7754,0.52,-3.94,340.13,-438.63,False
IFB_1212,kdjma,short,PRE_RTH,1.0,0.75,24,True,3,89,147.14,209.85,1.1272,0.6067,1.653,1304.29,-1157.15,64,245.64,209.85,1.3419,0.6406,3.838,964.16,-718.52,25,-98.5,182.27,0.7754,0.52,-3.94,340.13,-438.63,False
IFB_1138,kdjma,long,RTH,1.5,1.0,24,False,3,51,-289.49,468.45,0.7995,0.5882,-5.676,1154.05,-1443.54,35,-172.15,444.88,0.8159,0.6,-4.919,762.71,-934.86,16,-117.34,233.63,0.7693,0.5625,-7.334,391.34,-508.68,False
IFB_1140,kdjma,long,RTH,1.5,1.0,24,True,3,51,-289.49,468.45,0.7995,0.5882,-5.676,1154.05,-1443.54,35,-172.15,444.88,0.8159,0.6,-4.919,762.71,-934.86,16,-117.34,233.63,0.7693,0.5625,-7.334,391.34,-508.68,False
IFB_0873,kdjma,both,ALL,1.0,0.75,24,False,1,51,28.01,166.17,1.0604,0.549,0.549,491.53,-463.52,35,74.1,78.65,1.2798,0.5714,2.117,338.95,-264.85,16,-46.09,166.17,0.768,0.5,-2.881,152.58,-198.67,False
IFB_0875,kdjma,both,ALL,1.0,0.75,24,True,1,51,28.01,166.17,1.0604,0.549,0.549,491.53,-463.52,35,74.1,78.65,1.2798,0.5714,2.117,338.95,-264.85,16,-46.09,166.17,0.768,0.5,-2.881,152.58,-198.67,False
IFB_1190,kdjma,short,ALL,1.5,1.5,6,False,3,130,-246.2,376.36,0.8539,0.5077,-1.894,1439.41,-1685.61,90,-276.6,328.0,0.7672,0.4889,-3.073,911.69,-1188.29,40,30.4,174.81,1.0611,0.55,0.76,527.72,-497.32,False
IFB_1192,kdjma,short,ALL,1.5,1.5,6,True,3,130,-246.2,376.36,0.8539,0.5077,-1.894,1439.41,-1685.61,90,-276.6,328.0,0.7672,0.4889,-3.073,911.69,-1188.29,40,30.4,174.81,1.0611,0.55,0.76,527.72,-497.32,False
IFB_0030,emapmo_normal,both,ALL,1.5,1.0,12,False,3,16,55.16,136.21,1.1927,0.5625,3.448,341.34,-286.18,9,86.34,86.24,1.5663,0.6667,9.593,238.81,-152.47,7,-31.18,103.72,0.7668,0.4286,-4.454,102.53,-133.71,False
IFB_0032,emapmo_normal,both,ALL,1.5,1.0,12,True,3,16,55.16,136.21,1.1927,0.5625,3.448,341.34,-286.18,9,86.34,86.24,1.5663,0.6667,9.593,238.81,-152.47,7,-31.18,103.72,0.7668,0.4286,-4.454,102.53,-133.71,False
IFB_0034,emapmo_normal,both,ALL,1.5,1.0,24,False,3,16,55.16,136.21,1.1927,0.5625,3.448,341.34,-286.18,9,86.34,86.24,1.5663,0.6667,9.593,238.81,-152.47,7,-31.18,103.72,0.7668,0.4286,-4.454,102.53,-133.71,False
IFB_0036,emapmo_normal,both,ALL,1.5,1.0,24,True,3,16,55.16,136.21,1.1927,0.5625,3.448,341.34,-286.18,9,86.34,86.24,1.5663,0.6667,9.593,238.81,-152.47,7,-31.18,103.72,0.7668,0.4286,-4.454,102.53,-133.71,False
IFB_1153,kdjma,short,ALL,1.0,0.75,6,False,1,49,-60.76,144.75,0.8638,0.551,-1.24,385.27,-446.03,34,-27.16,144.75,0.9102,0.5294,-0.799,275.18,-302.34,15,-33.6,117.45,0.7662,0.6,-2.24,110.09,-143.69,False
IFB_1155,kdjma,short,ALL,1.0,0.75,6,True,1,49,-60.76,144.75,0.8638,0.551,-1.24,385.27,-446.03,34,-27.16,144.75,0.9102,0.5294,-0.799,275.18,-302.34,15,-33.6,117.45,0.7662,0.6,-2.24,110.09,-143.69,False
IFB_1134,kdjma,long,RTH,1.5,1.0,12,False,3,51,-268.24,444.88,0.8056,0.5686,-5.26,1111.54,-1379.78,35,-222.15,444.88,0.7643,0.5714,-6.347,720.2,-942.35,16,-46.09,162.38,0.8946,0.5625,-2.881,391.34,-437.43,False
IFB_1136,kdjma,long,RTH,1.5,1.0,12,True,3,51,-268.24,444.88,0.8056,0.5686,-5.26,1111.54,-1379.78,35,-222.15,444.88,0.7643,0.5714,-6.347,720.2,-942.35,16,-46.09,162.38,0.8946,0.5625,-2.881,391.34,-437.43,False
IFB_1266,kdjma,short,RTH,1.0,1.0,12,False,3,73,-253.02,489.7,0.8261,0.4521,-3.466,1201.58,-1454.6,54,-240.71,489.7,0.7637,0.463,-4.458,777.75,-1018.46,19,-12.31,232.35,0.9718,0.4211,-0.648,423.83,-436.14,False
IFB_1268,kdjma,short,RTH,1.0,1.0,12,True,3,73,-253.02,489.7,0.8261,0.4521,-3.466,1201.58,-1454.6,54,-240.71,489.7,0.7637,0.463,-4.458,777.75,-1018.46,19,-12.31,232.35,0.9718,0.4211,-0.648,423.83,-436.14,False
IFB_1270,kdjma,short,RTH,1.0,1.0,24,False,3,73,-253.02,489.7,0.8261,0.4521,-3.466,1201.58,-1454.6,54,-240.71,489.7,0.7637,0.463,-4.458,777.75,-1018.46,19,-12.31,232.35,0.9718,0.4211,-0.648,423.83,-436.14,False
IFB_1272,kdjma,short,RTH,1.0,1.0,24,True,3,73,-253.02,489.7,0.8261,0.4521,-3.466,1201.58,-1454.6,54,-240.71,489.7,0.7637,0.463,-4.458,777.75,-1018.46,19,-12.31,232.35,0.9718,0.4211,-0.648,423.83,-436.14,False
IFB_1082,kdjma,long,PRE_RTH,1.5,1.0,6,False,3,74,-208.01,433.34,0.8658,0.5946,-2.811,1341.69,-1549.7,53,-90.72,377.33,0.914,0.6415,-1.712,964.09,-1054.81,21,-117.29,251.09,0.763,0.4762,-5.585,377.6,-494.89,False
IFB_1084,kdjma,long,PRE_RTH,1.5,1.0,6,True,3,74,-208.01,433.34,0.8658,0.5946,-2.811,1341.69,-1549.7,53,-90.72,377.33,0.914,0.6415,-1.712,964.09,-1054.81,21,-117.29,251.09,0.763,0.4762,-5.585,377.6,-494.89,False
IFB_0869,kdjma,both,ALL,1.0,0.75,12,False,1,51,25.51,166.17,1.055,0.549,0.5,489.03,-463.52,35,74.1,78.65,1.2798,0.5714,2.117,338.95,-264.85,16,-48.59,166.17,0.7554,0.5,-3.037,150.08,-198.67,False
IFB_0871,kdjma,both,ALL,1.0,0.75,12,True,1,51,25.51,166.17,1.055,0.549,0.5,489.03,-463.52,35,74.1,78.65,1.2798,0.5714,2.117,338.95,-264.85,16,-48.59,166.17,0.7554,0.5,-3.037,150.08,-198.67,False
IFB_0050,emapmo_normal,both,PRE_RTH,1.0,0.75,6,False,3,8,97.58,38.74,2.6269,0.75,12.198,157.56,-59.98,4,112.54,0.0,999.0,1.0,28.135,112.54,0.0,4,-14.96,38.74,0.7506,0.5,-3.74,45.02,-59.98,False
IFB_0052,emapmo_normal,both,PRE_RTH,1.0,0.75,6,True,3,8,97.58,38.74,2.6269,0.75,12.198,157.56,-59.98,4,112.54,0.0,999.0,1.0,28.135,112.54,0.0,4,-14.96,38.74,0.7506,0.5,-3.74,45.02,-59.98,False
IFB_0054,emapmo_normal,both,PRE_RTH,1.0,0.75,12,False,3,8,105.08,38.74,2.7519,0.75,13.135,165.06,-59.98,4,120.04,0.0,999.0,1.0,30.01,120.04,0.0,4,-14.96,38.74,0.7506,0.5,-3.74,45.02,-59.98,False
IFB_0056,emapmo_normal,both,PRE_RTH,1.0,0.75,12,True,3,8,105.08,38.74,2.7519,0.75,13.135,165.06,-59.98,4,120.04,0.0,999.0,1.0,30.01,120.04,0.0,4,-14.96,38.74,0.7506,0.5,-3.74,45.02,-59.98,False
IFB_0058,emapmo_normal,both,PRE_RTH,1.0,0.75,24,False,3,8,105.08,38.74,2.7519,0.75,13.135,165.06,-59.98,4,120.04,0.0,999.0,1.0,30.01,120.04,0.0,4,-14.96,38.74,0.7506,0.5,-3.74,45.02,-59.98,False
IFB_0060,emapmo_normal,both,PRE_RTH,1.0,0.75,24,True,3,8,105.08,38.74,2.7519,0.75,13.135,165.06,-59.98,4,120.04,0.0,999.0,1.0,30.01,120.04,0.0,4,-14.96,38.74,0.7506,0.5,-3.74,45.02,-59.98,False
IFB_0098,emapmo_normal,both,RTH,1.0,0.75,6,False,3,7,76.32,38.74,2.2724,0.7143,10.903,136.3,-59.98,3,91.28,0.0,999.0,1.0,30.427,91.28,0.0,4,-14.96,38.74,0.7506,0.5,-3.74,45.02,-59.98,False
IFB_0100,emapmo_normal,both,RTH,1.0,0.75,6,True,3,7,76.32,38.74,2.2724,0.7143,10.903,136.3,-59.98,3,91.28,0.0,999.0,1.0,30.427,91.28,0.0,4,-14.96,38.74,0.7506,0.5,-3.74,45.02,-59.98,False
IFB_0102,emapmo_normal,both,RTH,1.0,0.75,12,False,3,7,83.82,38.74,2.3975,0.7143,11.974,143.8,-59.98,3,98.78,0.0,999.0,1.0,32.927,98.78,0.0,4,-14.96,38.74,0.7506,0.5,-3.74,45.02,-59.98,False
IFB_0104,emapmo_normal,both,RTH,1.0,0.75,12,True,3,7,83.82,38.74,2.3975,0.7143,11.974,143.8,-59.98,3,98.78,0.0,999.0,1.0,32.927,98.78,0.0,4,-14.96,38.74,0.7506,0.5,-3.74,45.02,-59.98,False
IFB_0106,emapmo_normal,both,RTH,1.0,0.75,24,False,3,7,83.82,38.74,2.3975,0.7143,11.974,143.8,-59.98,3,98.78,0.0,999.0,1.0,32.927,98.78,0.0,4,-14.96,38.74,0.7506,0.5,-3.74,45.02,-59.98,False
IFB_0108,emapmo_normal,both,RTH,1.0,0.75,24,True,3,7,83.82,38.74,2.3975,0.7143,11.974,143.8,-59.98,3,98.78,0.0,999.0,1.0,32.927,98.78,0.0,4,-14.96,38.74,0.7506,0.5,-3.74,45.02,-59.98,False
IFB_0338,emapmo_normal,short,PRE_RTH,1.0,0.75,6,False,3,7,25.07,38.74,1.418,0.7143,3.581,85.05,-59.98,3,40.03,0.0,999.0,1.0,13.343,40.03,0.0,4,-14.96,38.74,0.7506,0.5,-3.74,45.02,-59.98,False
IFB_0340,emapmo_normal,short,PRE_RTH,1.0,0.75,6,True,3,7,25.07,38.74,1.418,0.7143,3.581,85.05,-59.98,3,40.03,0.0,999.0,1.0,13.343,40.03,0.0,4,-14.96,38.74,0.7506,0.5,-3.74,45.02,-59.98,False
IFB_0342,emapmo_normal,short,PRE_RTH,1.0,0.75,12,False,3,7,25.07,38.74,1.418,0.7143,3.581,85.05,-59.98,3,40.03,0.0,999.0,1.0,13.343,40.03,0.0,4,-14.96,38.74,0.7506,0.5,-3.74,45.02,-59.98,False
IFB_0344,emapmo_normal,short,PRE_RTH,1.0,0.75,12,True,3,7,25.07,38.74,1.418,0.7143,3.581,85.05,-59.98,3,40.03,0.0,999.0,1.0,13.343,40.03,0.0,4,-14.96,38.74,0.7506,0.5,-3.74,45.02,-59.98,False
IFB_0346,emapmo_normal,short,PRE_RTH,1.0,0.75,24,False,3,7,25.07,38.74,1.418,0.7143,3.581,85.05,-59.98,3,40.03,0.0,999.0,1.0,13.343,40.03,0.0,4,-14.96,38.74,0.7506,0.5,-3.74,45.02,-59.98,False
IFB_0348,emapmo_normal,short,PRE_RTH,1.0,0.75,24,True,3,7,25.07,38.74,1.418,0.7143,3.581,85.05,-59.98,3,40.03,0.0,999.0,1.0,13.343,40.03,0.0,4,-14.96,38.74,0.7506,0.5,-3.74,45.02,-59.98,False
IFB_0386,emapmo_normal,short,RTH,1.0,0.75,6,False,3,6,3.81,38.74,1.0635,0.6667,0.635,63.79,-59.98,2,18.77,0.0,999.0,1.0,9.385,18.77,0.0,4,-14.96,38.74,0.7506,0.5,-3.74,45.02,-59.98,False
IFB_0388,emapmo_normal,short,RTH,1.0,0.75,6,True,3,6,3.81,38.74,1.0635,0.6667,0.635,63.79,-59.98,2,18.77,0.0,999.0,1.0,9.385,18.77,0.0,4,-14.96,38.74,0.7506,0.5,-3.74,45.02,-59.98,False
IFB_0390,emapmo_normal,short,RTH,1.0,0.75,12,False,3,6,3.81,38.74,1.0635,0.6667,0.635,63.79,-59.98,2,18.77,0.0,999.0,1.0,9.385,18.77,0.0,4,-14.96,38.74,0.7506,0.5,-3.74,45.02,-59.98,False
IFB_0392,emapmo_normal,short,RTH,1.0,0.75,12,True,3,6,3.81,38.74,1.0635,0.6667,0.635,63.79,-59.98,2,18.77,0.0,999.0,1.0,9.385,18.77,0.0,4,-14.96,38.74,0.7506,0.5,-3.74,45.02,-59.98,False
IFB_0394,emapmo_normal,short,RTH,1.0,0.75,24,False,3,6,3.81,38.74,1.0635,0.6667,0.635,63.79,-59.98,2,18.77,0.0,999.0,1.0,9.385,18.77,0.0,4,-14.96,38.74,0.7506,0.5,-3.74,45.02,-59.98,False
IFB_0396,emapmo_normal,short,RTH,1.0,0.75,24,True,3,6,3.81,38.74,1.0635,0.6667,0.635,63.79,-59.98,2,18.77,0.0,999.0,1.0,9.385,18.77,0.0,4,-14.96,38.74,0.7506,0.5,-3.74,45.02,-59.98,False
IFB_1177,kdjma,short,ALL,1.5,1.0,6,False,1,49,-127.01,253.5,0.786,0.5306,-2.592,466.51,-593.52,34,-109.66,253.5,0.7485,0.5,-3.225,326.42,-436.08,15,-17.35,97.46,0.8898,0.6,-1.157,140.09,-157.44,False
IFB_1179,kdjma,short,ALL,1.5,1.0,6,True,1,49,-127.01,253.5,0.786,0.5306,-2.592,466.51,-593.52,34,-109.66,253.5,0.7485,0.5,-3.225,326.42,-436.08,15,-17.35,97.46,0.8898,0.6,-1.157,140.09,-157.44,False
IFB_0901,kdjma,both,ALL,1.5,1.5,6,False,1,51,-96.99,199.73,0.8614,0.4314,-1.902,602.72,-699.71,35,-33.4,199.73,0.9255,0.4571,-0.954,415.16,-448.56,16,-63.59,198.67,0.7468,0.375,-3.974,187.56,-251.15,False
IFB_0903,kdjma,both,ALL,1.5,1.5,6,True,1,51,-96.99,199.73,0.8614,0.4314,-1.902,602.72,-699.71,35,-33.4,199.73,0.9255,0.4571,-0.954,415.16,-448.56,16,-63.59,198.67,0.7468,0.375,-3.974,187.56,-251.15,False
IFB_0957,kdjma,both,PRE_RTH,1.5,1.5,24,False,1,49,47.99,343.57,1.0493,0.551,0.979,1021.52,-973.53,35,134.1,252.47,1.2108,0.5714,3.831,770.2,-636.1,14,-86.11,173.7,0.7448,0.5,-6.151,251.32,-337.43,False
IFB_0959,kdjma,both,PRE_RTH,1.5,1.5,24,True,1,49,47.99,343.57,1.0493,0.551,0.979,1021.52,-973.53,35,134.1,252.47,1.2108,0.5714,3.831,770.2,-636.1,14,-86.11,173.7,0.7448,0.5,-6.151,251.32,-337.43,False
IFB_0881,kdjma,both,ALL,1.0,1.0,12,False,1,51,35.51,158.67,1.0677,0.4902,0.696,560.25,-524.74,35,91.6,122.32,1.2981,0.5143,2.617,398.93,-307.33,16,-56.09,158.67,0.742,0.4375,-3.506,161.32,-217.41,False
IFB_0883,kdjma,both,ALL,1.0,1.0,12,True,1,51,35.51,158.67,1.0677,0.4902,0.696,560.25,-524.74,35,91.6,122.32,1.2981,0.5143,2.617,398.93,-307.33,16,-56.09,158.67,0.742,0.4375,-3.506,161.32,-217.41,False
IFB_1262,kdjma,short,RTH,1.0,1.0,6,False,3,73,-210.52,479.7,0.8437,0.4521,-2.884,1136.58,-1347.1,54,-243.21,479.7,0.7412,0.4444,-4.504,696.49,-939.7,19,32.69,229.92,1.0802,0.4737,1.721,440.09,-407.4,False
IFB_1264,kdjma,short,RTH,1.0,1.0,6,True,3,73,-210.52,479.7,0.8437,0.4521,-2.884,1136.58,-1347.1,54,-243.21,479.7,0.7412,0.4444,-4.504,696.49,-939.7,19,32.69,229.92,1.0802,0.4737,1.721,440.09,-407.4,False
IFB_1294,kdjma,short,RTH,1.5,1.5,24,False,3,68,-333.07,469.73,0.8293,0.4412,-4.898,1617.8,-1950.87,50,-355.75,469.73,0.7396,0.44,-7.115,1010.22,-1365.97,18,22.68,322.43,1.0388,0.4444,1.26,607.58,-584.9,False
IFB_1296,kdjma,short,RTH,1.5,1.5,24,True,3,68,-333.07,469.73,0.8293,0.4412,-4.898,1617.8,-1950.87,50,-355.75,469.73,0.7396,0.44,-7.115,1010.22,-1365.97,18,22.68,322.43,1.0388,0.4444,1.26,607.58,-584.9,False
IFB_1293,kdjma,short,RTH,1.5,1.5,24,False,1,38,-187.12,413.46,0.8529,0.4737,-4.924,1085.18,-1272.3,28,-239.72,396.05,0.7362,0.4643,-8.561,668.88,-908.6,10,52.6,181.21,1.1446,0.5,5.26,416.3,-363.7,False
IFB_1295,kdjma,short,RTH,1.5,1.5,24,True,1,38,-187.12,413.46,0.8529,0.4737,-4.924,1085.18,-1272.3,28,-239.72,396.05,0.7362,0.4643,-8.561,668.88,-908.6,10,52.6,181.21,1.1446,0.5,5.26,416.3,-363.7,False
IFB_1110,kdjma,long,RTH,1.0,0.75,12,False,3,53,-178.22,376.05,0.8296,0.5472,-3.363,867.79,-1046.01,37,-198.38,376.05,0.7337,0.5405,-5.362,546.45,-744.83,16,20.16,82.44,1.0669,0.5625,1.26,321.34,-301.18,False
IFB_1112,kdjma,long,RTH,1.0,0.75,12,True,3,53,-178.22,376.05,0.8296,0.5472,-3.363,867.79,-1046.01,37,-198.38,376.05,0.7337,0.5405,-5.362,546.45,-744.83,16,20.16,82.44,1.0669,0.5625,1.26,321.34,-301.18,False
IFB_1114,kdjma,long,RTH,1.0,0.75,24,False,3,53,-178.22,376.05,0.8296,0.5472,-3.363,867.79,-1046.01,37,-198.38,376.05,0.7337,0.5405,-5.362,546.45,-744.83,16,20.16,82.44,1.0669,0.5625,1.26,321.34,-301.18,False
IFB_1116,kdjma,long,RTH,1.0,0.75,24,True,3,53,-178.22,376.05,0.8296,0.5472,-3.363,867.79,-1046.01,37,-198.38,376.05,0.7337,0.5405,-5.362,546.45,-744.83,16,20.16,82.44,1.0669,0.5625,1.26,321.34,-301.18,False
IFB_1086,kdjma,long,PRE_RTH,1.5,1.0,12,False,3,73,-266.77,485.74,0.8373,0.589,-3.654,1372.93,-1639.7,52,-116.98,397.23,0.892,0.6154,-2.25,966.57,-1083.55,21,-149.79,283.59,0.7307,0.5238,-7.133,406.36,-556.15,False
IFB_1088,kdjma,long,PRE_RTH,1.5,1.0,12,True,3,73,-266.77,485.74,0.8373,0.589,-3.654,1372.93,-1639.7,52,-116.98,397.23,0.892,0.6154,-2.25,966.57,-1083.55,21,-149.79,283.59,0.7307,0.5238,-7.133,406.36,-556.15,False
IFB_1273,kdjma,short,RTH,1.5,1.0,6,False,1,38,-79.62,374.9,0.9049,0.5263,-2.095,757.7,-837.32,28,-160.97,374.9,0.7288,0.5,-5.749,432.64,-593.61,10,81.35,147.46,1.3338,0.6,8.135,325.06,-243.71,False
IFB_1275,kdjma,short,RTH,1.5,1.0,6,True,1,38,-79.62,374.9,0.9049,0.5263,-2.095,757.7,-837.32,28,-160.97,374.9,0.7288,0.5,-5.749,432.64,-593.61,10,81.35,147.46,1.3338,0.6,8.135,325.06,-243.71,False
IFB_1238,kdjma,short,PRE_RTH,1.5,1.5,6,False,3,85,-262.9,494.24,0.8421,0.4471,-3.093,1401.63,-1664.53,61,-320.64,443.21,0.7282,0.4426,-5.256,859.02,-1179.66,24,57.74,201.18,1.1191,0.4583,2.406,542.61,-484.87,False
IFB_1240,kdjma,short,PRE_RTH,1.5,1.5,6,True,3,85,-262.9,494.24,0.8421,0.4471,-3.093,1401.63,-1664.53,61,-320.64,443.21,0.7282,0.4426,-5.256,859.02,-1179.66,24,57.74,201.18,1.1191,0.4583,2.406,542.61,-484.87,False
IFB_0329,emapmo_normal,short,ALL,1.5,1.5,12,False,1,8,-16.17,56.21,0.8834,0.375,-2.021,122.53,-138.7,5,-24.95,36.22,0.7188,0.4,-4.99,63.77,-88.72,3,8.78,29.99,1.1757,0.3333,2.927,58.76,-49.98,False
IFB_0331,emapmo_normal,short,ALL,1.5,1.5,12,True,1,8,-16.17,56.21,0.8834,0.375,-2.021,122.53,-138.7,5,-24.95,36.22,0.7188,0.4,-4.99,63.77,-88.72,3,8.78,29.99,1.1757,0.3333,2.927,58.76,-49.98,False
IFB_0333,emapmo_normal,short,ALL,1.5,1.5,24,False,1,8,-16.17,56.21,0.8834,0.375,-2.021,122.53,-138.7,5,-24.95,36.22,0.7188,0.4,-4.99,63.77,-88.72,3,8.78,29.99,1.1757,0.3333,2.927,58.76,-49.98,False
IFB_0335,emapmo_normal,short,ALL,1.5,1.5,24,True,1,8,-16.17,56.21,0.8834,0.375,-2.021,122.53,-138.7,5,-24.95,36.22,0.7188,0.4,-4.99,63.77,-88.72,3,8.78,29.99,1.1757,0.3333,2.927,58.76,-49.98,False
IFB_1106,kdjma,long,RTH,1.0,0.75,6,False,3,53,-195.72,376.05,0.8129,0.5472,-3.693,850.29,-1046.01,37,-215.88,376.05,0.7102,0.5405,-5.835,528.95,-744.83,16,20.16,82.44,1.0669,0.5625,1.26,321.34,-301.18,False
IFB_1108,kdjma,long,RTH,1.0,0.75,6,True,3,53,-195.72,376.05,0.8129,0.5472,-3.693,850.29,-1046.01,37,-215.88,376.05,0.7102,0.5405,-5.835,528.95,-744.83,16,20.16,82.44,1.0669,0.5625,1.26,321.34,-301.18,False
IFB_0865,kdjma,both,ALL,1.0,0.75,6,False,1,51,-14.49,166.17,0.9688,0.5294,-0.284,450.27,-464.76,35,45.35,84.86,1.1737,0.5714,1.296,306.45,-261.1,16,-59.84,166.17,0.7062,0.4375,-3.74,143.82,-203.66,False
IFB_0867,kdjma,both,ALL,1.0,0.75,6,True,1,51,-14.49,166.17,0.9688,0.5294,-0.284,450.27,-464.76,35,45.35,84.86,1.1737,0.5714,1.296,306.45,-261.1,16,-59.84,166.17,0.7062,0.4375,-3.74,143.82,-203.66,False
IFB_0961,kdjma,both,RTH,1.0,0.75,6,False,1,46,-118.29,387.23,0.8591,0.6087,-2.572,721.53,-839.82,33,-17.17,207.32,0.9657,0.6667,-0.52,483.97,-501.14,13,-101.12,277.43,0.7014,0.4615,-7.778,237.56,-338.68,False
IFB_0963,kdjma,both,RTH,1.0,0.75,6,True,1,46,-118.29,387.23,0.8591,0.6087,-2.572,721.53,-839.82,33,-17.17,207.32,0.9657,0.6667,-0.52,483.97,-501.14,13,-101.12,277.43,0.7014,0.4615,-7.778,237.56,-338.68,False
IFB_0965,kdjma,both,RTH,1.0,0.75,12,False,1,46,-94.54,363.48,0.8874,0.6087,-2.055,745.28,-839.82,33,6.58,183.57,1.0131,0.6667,0.199,507.72,-501.14,13,-101.12,277.43,0.7014,0.4615,-7.778,237.56,-338.68,False
IFB_0967,kdjma,both,RTH,1.0,0.75,12,True,1,46,-94.54,363.48,0.8874,0.6087,-2.055,745.28,-839.82,33,6.58,183.57,1.0131,0.6667,0.199,507.72,-501.14,13,-101.12,277.43,0.7014,0.4615,-7.778,237.56,-338.68,False
IFB_0969,kdjma,both,RTH,1.0,0.75,24,False,1,46,-94.54,363.48,0.8874,0.6087,-2.055,745.28,-839.82,33,6.58,183.57,1.0131,0.6667,0.199,507.72,-501.14,13,-101.12,277.43,0.7014,0.4615,-7.778,237.56,-338.68,False
IFB_0971,kdjma,both,RTH,1.0,0.75,24,True,1,46,-94.54,363.48,0.8874,0.6087,-2.055,745.28,-839.82,33,6.58,183.57,1.0131,0.6667,0.199,507.72,-501.14,13,-101.12,277.43,0.7014,0.4615,-7.778,237.56,-338.68,False
IFB_1165,kdjma,short,ALL,1.0,1.0,6,False,1,49,-58.26,164.75,0.8831,0.5102,-1.189,440.25,-498.51,34,-9.66,164.75,0.9713,0.5,-0.284,326.42,-336.08,15,-48.6,114.95,0.7008,0.5333,-3.24,113.83,-162.43,False
IFB_1167,kdjma,short,ALL,1.0,1.0,6,True,1,49,-58.26,164.75,0.8831,0.5102,-1.189,440.25,-498.51,34,-9.66,164.75,0.9713,0.5,-0.284,326.42,-336.08,15,-48.6,114.95,0.7008,0.5333,-3.24,113.83,-162.43,False
IFB_1005,kdjma,both,RTH,1.5,1.5,24,False,1,46,-199.54,483.56,0.8646,0.5,-4.338,1273.98,-1473.52,33,-23.42,309.94,0.9738,0.5455,-0.71,870.18,-893.6,13,-176.12,372.39,0.6963,0.3846,-13.548,403.8,-579.92,False
IFB_1007,kdjma,both,RTH,1.5,1.5,24,True,1,46,-199.54,483.56,0.8646,0.5,-4.338,1273.98,-1473.52,33,-23.42,309.94,0.9738,0.5455,-0.71,870.18,-893.6,13,-176.12,372.39,0.6963,0.3846,-13.548,403.8,-579.92,False
IFB_0613,emapmo_early,long,ALL,1.5,1.5,6,False,1,7,-26.18,149.98,0.8707,0.5714,-3.74,176.29,-202.47,4,-46.21,149.98,0.6919,0.5,-11.553,103.77,-149.98,3,20.03,52.49,1.3816,0.6667,6.677,72.52,-52.49,False
IFB_0615,emapmo_early,long,ALL,1.5,1.5,6,True,1,7,-26.18,149.98,0.8707,0.5714,-3.74,176.29,-202.47,4,-46.21,149.98,0.6919,0.5,-11.553,103.77,-149.98,3,20.03,52.49,1.3816,0.6667,6.677,72.52,-52.49,False
IFB_1146,kdjma,long,RTH,1.5,1.5,12,False,3,51,-206.99,558.63,0.8581,0.4902,-4.059,1251.5,-1458.49,35,-315.9,558.63,0.6906,0.4571,-9.026,705.16,-1021.06,16,108.91,157.47,1.249,0.5625,6.807,546.34,-437.43,False
IFB_1148,kdjma,long,RTH,1.5,1.5,12,True,3,51,-206.99,558.63,0.8581,0.4902,-4.059,1251.5,-1458.49,35,-315.9,558.63,0.6906,0.4571,-9.026,705.16,-1021.06,16,108.91,157.47,1.249,0.5625,6.807,546.34,-437.43,False
IFB_0985,kdjma,both,RTH,1.5,1.0,6,False,1,46,-345.79,590.88,0.7165,0.5435,-7.517,874.0,-1219.79,33,-203.42,350.97,0.7323,0.5758,-6.164,556.44,-759.86,13,-142.37,371.18,0.6905,0.4615,-10.952,317.56,-459.93,False
IFB_0987,kdjma,both,RTH,1.5,1.0,6,True,1,46,-345.79,590.88,0.7165,0.5435,-7.517,874.0,-1219.79,33,-203.42,350.97,0.7323,0.5758,-6.164,556.44,-759.86,13,-142.37,371.18,0.6905,0.4615,-10.952,317.56,-459.93,False
IFB_0885,kdjma,both,ALL,1.0,1.0,24,False,1,51,20.51,158.67,1.0372,0.4706,0.402,571.49,-550.98,35,96.6,117.32,1.3143,0.5143,2.76,403.93,-307.33,16,-76.09,158.67,0.6877,0.375,-4.756,167.56,-243.65,False
IFB_0887,kdjma,both,ALL,1.0,1.0,24,True,1,51,20.51,158.67,1.0372,0.4706,0.402,571.49,-550.98,35,96.6,117.32,1.3143,0.5143,2.76,403.93,-307.33,16,-76.09,158.67,0.6877,0.375,-4.756,167.56,-243.65,False
IFB_0078,emapmo_normal,both,PRE_RTH,1.5,1.0,12,False,3,8,135.08,57.49,2.5441,0.75,16.885,222.56,-87.48,4,162.54,0.0,999.0,1.0,40.635,162.54,0.0,4,-27.46,57.49,0.6861,0.5,-6.865,60.02,-87.48,False
IFB_0080,emapmo_normal,both,PRE_RTH,1.5,1.0,12,True,3,8,135.08,57.49,2.5441,0.75,16.885,222.56,-87.48,4,162.54,0.0,999.0,1.0,40.635,162.54,0.0,4,-27.46,57.49,0.6861,0.5,-6.865,60.02,-87.48,False
IFB_0082,emapmo_normal,both,PRE_RTH,1.5,1.0,24,False,3,8,135.08,57.49,2.5441,0.75,16.885,222.56,-87.48,4,162.54,0.0,999.0,1.0,40.635,162.54,0.0,4,-27.46,57.49,0.6861,0.5,-6.865,60.02,-87.48,False
IFB_0084,emapmo_normal,both,PRE_RTH,1.5,1.0,24,True,3,8,135.08,57.49,2.5441,0.75,16.885,222.56,-87.48,4,162.54,0.0,999.0,1.0,40.635,162.54,0.0,4,-27.46,57.49,0.6861,0.5,-6.865,60.02,-87.48,False
IFB_0126,emapmo_normal,both,RTH,1.5,1.0,12,False,3,7,106.32,57.49,2.2154,0.7143,15.189,193.8,-87.48,3,133.78,0.0,999.0,1.0,44.593,133.78,0.0,4,-27.46,57.49,0.6861,0.5,-6.865,60.02,-87.48,False
IFB_0128,emapmo_normal,both,RTH,1.5,1.0,12,True,3,7,106.32,57.49,2.2154,0.7143,15.189,193.8,-87.48,3,133.78,0.0,999.0,1.0,44.593,133.78,0.0,4,-27.46,57.49,0.6861,0.5,-6.865,60.02,-87.48,False
IFB_0130,emapmo_normal,both,RTH,1.5,1.0,24,False,3,7,106.32,57.49,2.2154,0.7143,15.189,193.8,-87.48,3,133.78,0.0,999.0,1.0,44.593,133.78,0.0,4,-27.46,57.49,0.6861,0.5,-6.865,60.02,-87.48,False
IFB_0132,emapmo_normal,both,RTH,1.5,1.0,24,True,3,7,106.32,57.49,2.2154,0.7143,15.189,193.8,-87.48,3,133.78,0.0,999.0,1.0,44.593,133.78,0.0,4,-27.46,57.49,0.6861,0.5,-6.865,60.02,-87.48,False
IFB_0366,emapmo_normal,short,PRE_RTH,1.5,1.0,12,False,3,7,27.57,57.49,1.3152,0.7143,3.939,115.05,-87.48,3,55.03,0.0,999.0,1.0,18.343,55.03,0.0,4,-27.46,57.49,0.6861,0.5,-6.865,60.02,-87.48,False
IFB_0368,emapmo_normal,short,PRE_RTH,1.5,1.0,12,True,3,7,27.57,57.49,1.3152,0.7143,3.939,115.05,-87.48,3,55.03,0.0,999.0,1.0,18.343,55.03,0.0,4,-27.46,57.49,0.6861,0.5,-6.865,60.02,-87.48,False
IFB_0370,emapmo_normal,short,PRE_RTH,1.5,1.0,24,False,3,7,27.57,57.49,1.3152,0.7143,3.939,115.05,-87.48,3,55.03,0.0,999.0,1.0,18.343,55.03,0.0,4,-27.46,57.49,0.6861,0.5,-6.865,60.02,-87.48,False
IFB_0372,emapmo_normal,short,PRE_RTH,1.5,1.0,24,True,3,7,27.57,57.49,1.3152,0.7143,3.939,115.05,-87.48,3,55.03,0.0,999.0,1.0,18.343,55.03,0.0,4,-27.46,57.49,0.6861,0.5,-6.865,60.02,-87.48,False
IFB_0414,emapmo_normal,short,RTH,1.5,1.0,12,False,3,6,-1.19,57.49,0.9864,0.6667,-0.198,86.29,-87.48,2,26.27,0.0,999.0,1.0,13.135,26.27,0.0,4,-27.46,57.49,0.6861,0.5,-6.865,60.02,-87.48,False
IFB_0416,emapmo_normal,short,RTH,1.5,1.0,12,True,3,6,-1.19,57.49,0.9864,0.6667,-0.198,86.29,-87.48,2,26.27,0.0,999.0,1.0,13.135,26.27,0.0,4,-27.46,57.49,0.6861,0.5,-6.865,60.02,-87.48,False
IFB_0418,emapmo_normal,short,RTH,1.5,1.0,24,False,3,6,-1.19,57.49,0.9864,0.6667,-0.198,86.29,-87.48,2,26.27,0.0,999.0,1.0,13.135,26.27,0.0,4,-27.46,57.49,0.6861,0.5,-6.865,60.02,-87.48,False
IFB_0420,emapmo_normal,short,RTH,1.5,1.0,24,True,3,6,-1.19,57.49,0.9864,0.6667,-0.198,86.29,-87.48,2,26.27,0.0,999.0,1.0,13.135,26.27,0.0,4,-27.46,57.49,0.6861,0.5,-6.865,60.02,-87.48,False
IFB_1290,kdjma,short,RTH,1.5,1.5,12,False,3,69,-416.81,581.88,0.7646,0.4493,-6.041,1354.06,-1770.87,51,-421.99,563.48,0.6811,0.4314,-8.274,901.47,-1323.46,18,5.18,288.7,1.0116,0.5,0.288,452.59,-447.41,False
IFB_1292,kdjma,short,RTH,1.5,1.5,12,True,3,69,-416.81,581.88,0.7646,0.4493,-6.041,1354.06,-1770.87,51,-421.99,563.48,0.6811,0.4314,-8.274,901.47,-1323.46,18,5.18,288.7,1.0116,0.5,0.288,452.59,-447.41,False
IFB_0986,kdjma,both,RTH,1.5,1.0,6,False,3,111,-653.89,942.87,0.7539,0.5135,-5.891,2003.07,-2656.96,79,-599.21,841.82,0.6797,0.519,-7.585,1271.66,-1870.87,32,-54.68,298.66,0.9304,0.5,-1.709,731.41,-786.09,False
IFB_0988,kdjma,both,RTH,1.5,1.0,6,True,3,111,-653.89,942.87,0.7539,0.5135,-5.891,2003.07,-2656.96,79,-599.21,841.82,0.6797,0.519,-7.585,1271.66,-1870.87,32,-54.68,298.66,0.9304,0.5,-1.709,731.41,-786.09,False
IFB_1006,kdjma,both,RTH,1.5,1.5,24,False,3,108,-711.42,903.06,0.7935,0.4444,-6.587,2732.98,-3444.4,77,-774.23,903.06,0.676,0.4286,-10.055,1615.33,-2389.56,31,62.81,447.41,1.0595,0.4839,2.026,1117.65,-1054.84,False
IFB_1008,kdjma,both,RTH,1.5,1.5,24,True,3,108,-711.42,903.06,0.7935,0.4444,-6.587,2732.98,-3444.4,77,-774.23,903.06,0.676,0.4286,-10.055,1615.33,-2389.56,31,62.81,447.41,1.0595,0.4839,2.026,1117.65,-1054.84,False
IFB_0089,emapmo_normal,both,PRE_RTH,1.5,1.5,12,False,1,7,175.07,57.49,2.592,0.5714,25.01,285.04,-109.97,4,203.79,22.49,10.0614,0.75,50.947,226.28,-22.49,3,-28.72,57.49,0.6717,0.3333,-9.573,58.76,-87.48,False
IFB_0091,emapmo_normal,both,PRE_RTH,1.5,1.5,12,True,1,7,175.07,57.49,2.592,0.5714,25.01,285.04,-109.97,4,203.79,22.49,10.0614,0.75,50.947,226.28,-22.49,3,-28.72,57.49,0.6717,0.3333,-9.573,58.76,-87.48,False
IFB_0093,emapmo_normal,both,PRE_RTH,1.5,1.5,24,False,1,7,175.07,57.49,2.592,0.5714,25.01,285.04,-109.97,4,203.79,22.49,10.0614,0.75,50.947,226.28,-22.49,3,-28.72,57.49,0.6717,0.3333,-9.573,58.76,-87.48,False
IFB_0095,emapmo_normal,both,PRE_RTH,1.5,1.5,24,True,1,7,175.07,57.49,2.592,0.5714,25.01,285.04,-109.97,4,203.79,22.49,10.0614,0.75,50.947,226.28,-22.49,3,-28.72,57.49,0.6717,0.3333,-9.573,58.76,-87.48,False
IFB_0137,emapmo_normal,both,RTH,1.5,1.5,12,False,1,6,130.06,57.49,2.1827,0.5,21.677,240.03,-109.97,3,158.78,22.49,8.06,0.6667,52.927,181.27,-22.49,3,-28.72,57.49,0.6717,0.3333,-9.573,58.76,-87.48,False
IFB_0139,emapmo_normal,both,RTH,1.5,1.5,12,True,1,6,130.06,57.49,2.1827,0.5,21.677,240.03,-109.97,3,158.78,22.49,8.06,0.6667,52.927,181.27,-22.49,3,-28.72,57.49,0.6717,0.3333,-9.573,58.76,-87.48,False
IFB_0141,emapmo_normal,both,RTH,1.5,1.5,24,False,1,6,130.06,57.49,2.1827,0.5,21.677,240.03,-109.97,3,158.78,22.49,8.06,0.6667,52.927,181.27,-22.49,3,-28.72,57.49,0.6717,0.3333,-9.573,58.76,-87.48,False
IFB_0143,emapmo_normal,both,RTH,1.5,1.5,24,True,1,6,130.06,57.49,2.1827,0.5,21.677,240.03,-109.97,3,158.78,22.49,8.06,0.6667,52.927,181.27,-22.49,3,-28.72,57.49,0.6717,0.3333,-9.573,58.76,-87.48,False
IFB_0377,emapmo_normal,short,PRE_RTH,1.5,1.5,12,False,1,6,12.56,61.22,1.1142,0.5,2.093,122.53,-109.97,3,41.28,22.49,2.8355,0.6667,13.76,63.77,-22.49,3,-28.72,57.49,0.6717,0.3333,-9.573,58.76,-87.48,False
IFB_0379,emapmo_normal,short,PRE_RTH,1.5,1.5,12,True,1,6,12.56,61.22,1.1142,0.5,2.093,122.53,-109.97,3,41.28,22.49,2.8355,0.6667,13.76,63.77,-22.49,3,-28.72,57.49,0.6717,0.3333,-9.573,58.76,-87.48,False
IFB_0381,emapmo_normal,short,PRE_RTH,1.5,1.5,24,False,1,6,12.56,61.22,1.1142,0.5,2.093,122.53,-109.97,3,41.28,22.49,2.8355,0.6667,13.76,63.77,-22.49,3,-28.72,57.49,0.6717,0.3333,-9.573,58.76,-87.48,False
IFB_0383,emapmo_normal,short,PRE_RTH,1.5,1.5,24,True,1,6,12.56,61.22,1.1142,0.5,2.093,122.53,-109.97,3,41.28,22.49,2.8355,0.6667,13.76,63.77,-22.49,3,-28.72,57.49,0.6717,0.3333,-9.573,58.76,-87.48,False
IFB_0425,emapmo_normal,short,RTH,1.5,1.5,12,False,1,5,-32.45,61.22,0.7049,0.4,-6.49,77.52,-109.97,2,-3.73,22.49,0.8341,0.5,-1.865,18.76,-22.49,3,-28.72,57.49,0.6717,0.3333,-9.573,58.76,-87.48,False
IFB_0427,emapmo_normal,short,RTH,1.5,1.5,12,True,1,5,-32.45,61.22,0.7049,0.4,-6.49,77.52,-109.97,2,-3.73,22.49,0.8341,0.5,-1.865,18.76,-22.49,3,-28.72,57.49,0.6717,0.3333,-9.573,58.76,-87.48,False
IFB_0429,emapmo_normal,short,RTH,1.5,1.5,24,False,1,5,-32.45,61.22,0.7049,0.4,-6.49,77.52,-109.97,2,-3.73,22.49,0.8341,0.5,-1.865,18.76,-22.49,3,-28.72,57.49,0.6717,0.3333,-9.573,58.76,-87.48,False
IFB_0431,emapmo_normal,short,RTH,1.5,1.5,24,True,1,5,-32.45,61.22,0.7049,0.4,-6.49,77.52,-109.97,2,-3.73,22.49,0.8341,0.5,-1.865,18.76,-22.49,3,-28.72,57.49,0.6717,0.3333,-9.573,58.76,-87.48,False
IFB_0997,kdjma,both,RTH,1.5,1.5,6,False,1,46,-264.54,494.63,0.7992,0.4783,-5.751,1052.72,-1317.26,33,-107.17,332.22,0.8733,0.5152,-3.248,738.92,-846.09,13,-157.37,361.18,0.666,0.3846,-12.105,313.8,-471.17,False
IFB_0999,kdjma,both,RTH,1.5,1.5,6,True,1,46,-264.54,494.63,0.7992,0.4783,-5.751,1052.72,-1317.26,33,-107.17,332.22,0.8733,0.5152,-3.248,738.92,-846.09,13,-157.37,361.18,0.666,0.3846,-12.105,313.8,-471.17,False
IFB_0893,kdjma,both,ALL,1.5,1.0,12,False,1,51,-118.24,260.9,0.8316,0.5098,-2.318,584.01,-702.25,35,-23.4,229.82,0.9446,0.5143,-0.669,398.93,-422.33,16,-94.84,182.42,0.6612,0.5,-5.927,185.08,-279.92,False
IFB_0895,kdjma,both,ALL,1.5,1.0,12,True,1,51,-118.24,260.9,0.8316,0.5098,-2.318,584.01,-702.25,35,-23.4,229.82,0.9446,0.5143,-0.669,398.93,-422.33,16,-94.84,182.42,0.6612,0.5,-5.927,185.08,-279.92,False
IFB_0478,emapmo_early,both,ALL,1.5,1.5,24,False,3,35,59.1,239.98,1.0654,0.4857,1.689,962.67,-903.57,24,172.74,239.98,1.3018,0.5833,7.198,745.14,-572.4,11,-113.64,132.47,0.6569,0.2727,-10.331,217.53,-331.17,False
IFB_0480,emapmo_early,both,ALL,1.5,1.5,24,True,3,35,59.1,239.98,1.0654,0.4857,1.689,962.67,-903.57,24,172.74,239.98,1.3018,0.5833,7.198,745.14,-572.4,11,-113.64,132.47,0.6569,0.2727,-10.331,217.53,-331.17,False
IFB_0590,emapmo_early,long,ALL,1.0,1.0,6,False,3,15,-13.6,157.45,0.9657,0.4,-0.907,382.56,-396.16,10,26.35,157.45,1.0933,0.4,2.635,308.79,-282.44,5,-39.95,113.72,0.6487,0.4,-7.99,73.77,-113.72,False
IFB_0592,emapmo_early,long,ALL,1.0,1.0,6,True,3,15,-13.6,157.45,0.9657,0.4,-0.907,382.56,-396.16,10,26.35,157.45,1.0933,0.4,2.635,308.79,-282.44,5,-39.95,113.72,0.6487,0.4,-7.99,73.77,-113.72,False
IFB_1090,kdjma,long,PRE_RTH,1.5,1.0,24,False,3,73,-288.02,556.99,0.8309,0.6027,-3.945,1415.44,-1703.46,52,-66.98,397.23,0.9378,0.6346,-1.288,1009.08,-1076.06,21,-221.04,354.84,0.6477,0.5238,-10.526,406.36,-627.4,False
IFB_1092,kdjma,long,PRE_RTH,1.5,1.0,24,True,3,73,-288.02,556.99,0.8309,0.6027,-3.945,1415.44,-1703.46,52,-66.98,397.23,0.9378,0.6346,-1.288,1009.08,-1076.06,21,-221.04,354.84,0.6477,0.5238,-10.526,406.36,-627.4,False
IFB_0065,emapmo_normal,both,PRE_RTH,1.0,1.0,12,False,1,7,141.32,38.74,3.3561,0.7143,20.189,201.3,-59.98,4,162.54,0.0,999.0,1.0,40.635,162.54,0.0,3,-21.22,38.74,0.6462,0.3333,-7.073,38.76,-59.98,False
IFB_0067,emapmo_normal,both,PRE_RTH,1.0,1.0,12,True,1,7,141.32,38.74,3.3561,0.7143,20.189,201.3,-59.98,4,162.54,0.0,999.0,1.0,40.635,162.54,0.0,3,-21.22,38.74,0.6462,0.3333,-7.073,38.76,-59.98,False
IFB_0069,emapmo_normal,both,PRE_RTH,1.0,1.0,24,False,1,7,141.32,38.74,3.3561,0.7143,20.189,201.3,-59.98,4,162.54,0.0,999.0,1.0,40.635,162.54,0.0,3,-21.22,38.74,0.6462,0.3333,-7.073,38.76,-59.98,False
IFB_0071,emapmo_normal,both,PRE_RTH,1.0,1.0,24,True,1,7,141.32,38.74,3.3561,0.7143,20.189,201.3,-59.98,4,162.54,0.0,999.0,1.0,40.635,162.54,0.0,3,-21.22,38.74,0.6462,0.3333,-7.073,38.76,-59.98,False
IFB_0113,emapmo_normal,both,RTH,1.0,1.0,12,False,1,6,112.56,38.74,2.8766,0.6667,18.76,172.54,-59.98,3,133.78,0.0,999.0,1.0,44.593,133.78,0.0,3,-21.22,38.74,0.6462,0.3333,-7.073,38.76,-59.98,False
IFB_0115,emapmo_normal,both,RTH,1.0,1.0,12,True,1,6,112.56,38.74,2.8766,0.6667,18.76,172.54,-59.98,3,133.78,0.0,999.0,1.0,44.593,133.78,0.0,3,-21.22,38.74,0.6462,0.3333,-7.073,38.76,-59.98,False
IFB_0117,emapmo_normal,both,RTH,1.0,1.0,24,False,1,6,112.56,38.74,2.8766,0.6667,18.76,172.54,-59.98,3,133.78,0.0,999.0,1.0,44.593,133.78,0.0,3,-21.22,38.74,0.6462,0.3333,-7.073,38.76,-59.98,False
IFB_0119,emapmo_normal,both,RTH,1.0,1.0,24,True,1,6,112.56,38.74,2.8766,0.6667,18.76,172.54,-59.98,3,133.78,0.0,999.0,1.0,44.593,133.78,0.0,3,-21.22,38.74,0.6462,0.3333,-7.073,38.76,-59.98,False
IFB_0353,emapmo_normal,short,PRE_RTH,1.0,1.0,12,False,1,6,33.81,38.74,1.5637,0.6667,5.635,93.79,-59.98,3,55.03,0.0,999.0,1.0,18.343,55.03,0.0,3,-21.22,38.74,0.6462,0.3333,-7.073,38.76,-59.98,False
IFB_0355,emapmo_normal,short,PRE_RTH,1.0,1.0,12,True,1,6,33.81,38.74,1.5637,0.6667,5.635,93.79,-59.98,3,55.03,0.0,999.0,1.0,18.343,55.03,0.0,3,-21.22,38.74,0.6462,0.3333,-7.073,38.76,-59.98,False
IFB_0357,emapmo_normal,short,PRE_RTH,1.0,1.0,24,False,1,6,33.81,38.74,1.5637,0.6667,5.635,93.79,-59.98,3,55.03,0.0,999.0,1.0,18.343,55.03,0.0,3,-21.22,38.74,0.6462,0.3333,-7.073,38.76,-59.98,False
IFB_0359,emapmo_normal,short,PRE_RTH,1.0,1.0,24,True,1,6,33.81,38.74,1.5637,0.6667,5.635,93.79,-59.98,3,55.03,0.0,999.0,1.0,18.343,55.03,0.0,3,-21.22,38.74,0.6462,0.3333,-7.073,38.76,-59.98,False
IFB_0401,emapmo_normal,short,RTH,1.0,1.0,12,False,1,5,5.05,38.74,1.0842,0.6,1.01,65.03,-59.98,2,26.27,0.0,999.0,1.0,13.135,26.27,0.0,3,-21.22,38.74,0.6462,0.3333,-7.073,38.76,-59.98,False
IFB_0403,emapmo_normal,short,RTH,1.0,1.0,12,True,1,5,5.05,38.74,1.0842,0.6,1.01,65.03,-59.98,2,26.27,0.0,999.0,1.0,13.135,26.27,0.0,3,-21.22,38.74,0.6462,0.3333,-7.073,38.76,-59.98,False
IFB_0405,emapmo_normal,short,RTH,1.0,1.0,24,False,1,5,5.05,38.74,1.0842,0.6,1.01,65.03,-59.98,2,26.27,0.0,999.0,1.0,13.135,26.27,0.0,3,-21.22,38.74,0.6462,0.3333,-7.073,38.76,-59.98,False
IFB_0407,emapmo_normal,short,RTH,1.0,1.0,24,True,1,5,5.05,38.74,1.0842,0.6,1.01,65.03,-59.98,2,26.27,0.0,999.0,1.0,13.135,26.27,0.0,3,-21.22,38.74,0.6462,0.3333,-7.073,38.76,-59.98,False
IFB_1274,kdjma,short,RTH,1.5,1.0,6,False,3,71,-291.79,607.22,0.7992,0.507,-4.11,1161.61,-1453.4,52,-383.23,607.22,0.6459,0.4808,-7.37,699.0,-1082.23,19,91.44,149.97,1.2464,0.5789,4.813,462.61,-371.17,False
IFB_1276,kdjma,short,RTH,1.5,1.0,6,True,3,71,-291.79,607.22,0.7992,0.507,-4.11,1161.61,-1453.4,52,-383.23,607.22,0.6459,0.4808,-7.37,699.0,-1082.23,19,91.44,149.97,1.2464,0.5789,4.813,462.61,-371.17,False
IFB_0998,kdjma,both,RTH,1.5,1.5,6,False,3,111,-851.39,1055.22,0.6996,0.4414,-7.67,1982.99,-2834.38,79,-715.46,934.32,0.6444,0.443,-9.056,1296.6,-2012.06,32,-135.93,307.26,0.8347,0.4375,-4.248,686.39,-822.32,False
IFB_1000,kdjma,both,RTH,1.5,1.5,6,True,3,111,-851.39,1055.22,0.6996,0.4414,-7.67,1982.99,-2834.38,79,-715.46,934.32,0.6444,0.443,-9.056,1296.6,-2012.06,32,-135.93,307.26,0.8347,0.4375,-4.248,686.39,-822.32,False
IFB_1001,kdjma,both,RTH,1.5,1.5,12,False,1,46,-205.79,477.31,0.8468,0.5435,-4.474,1137.75,-1343.54,33,-35.92,309.94,0.9587,0.5758,-1.088,833.94,-869.86,13,-169.87,366.14,0.6414,0.4615,-13.067,303.81,-473.68,False
IFB_1003,kdjma,both,RTH,1.5,1.5,12,True,1,46,-205.79,477.31,0.8468,0.5435,-4.474,1137.75,-1343.54,33,-35.92,309.94,0.9587,0.5758,-1.088,833.94,-869.86,13,-169.87,366.14,0.6414,0.4615,-13.067,303.81,-473.68,False
IFB_1285,kdjma,short,RTH,1.5,1.5,6,False,1,38,-178.37,432.3,0.8063,0.4474,-4.694,742.67,-921.04,28,-249.72,432.3,0.6251,0.4286,-8.919,416.37,-666.09,10,71.35,142.48,1.2799,0.5,7.135,326.3,-254.95,False
IFB_1287,kdjma,short,RTH,1.5,1.5,6,True,1,38,-178.37,432.3,0.8063,0.4474,-4.694,742.67,-921.04,28,-249.72,432.3,0.6251,0.4286,-8.919,416.37,-666.09,10,71.35,142.48,1.2799,0.5,7.135,326.3,-254.95,False
IFB_1002,kdjma,both,RTH,1.5,1.5,12,False,3,109,-832.66,1035.55,0.735,0.4404,-7.639,2309.23,-3141.89,78,-870.47,1035.55,0.6154,0.4103,-11.16,1392.82,-2263.29,31,37.81,376.16,1.043,0.5161,1.22,916.41,-878.6,False
IFB_1004,kdjma,both,RTH,1.5,1.5,12,True,3,109,-832.66,1035.55,0.735,0.4404,-7.639,2309.23,-3141.89,78,-870.47,1035.55,0.6154,0.4103,-11.16,1392.82,-2263.29,31,37.81,376.16,1.043,0.5161,1.22,916.41,-878.6,False
IFB_0897,kdjma,both,ALL,1.5,1.0,24,False,1,51,-119.49,285.9,0.8374,0.5098,-2.343,615.26,-734.75,35,5.35,224.82,1.0128,0.5429,0.153,423.94,-418.59,16,-124.84,184.92,0.6051,0.4375,-7.802,191.32,-316.16,False
IFB_0899,kdjma,both,ALL,1.5,1.0,24,True,1,51,-119.49,285.9,0.8374,0.5098,-2.343,615.26,-734.75,35,5.35,224.82,1.0128,0.5429,0.153,423.94,-418.59,16,-124.84,184.92,0.6051,0.4375,-7.802,191.32,-316.16,False
IFB_0877,kdjma,both,ALL,1.0,1.0,6,False,1,51,-30.74,186.17,0.9417,0.451,-0.603,496.48,-527.22,35,57.85,112.32,1.1906,0.5143,1.653,361.43,-303.58,16,-88.59,186.17,0.6039,0.3125,-5.537,135.05,-223.64,False
IFB_0879,kdjma,both,ALL,1.0,1.0,6,True,1,51,-30.74,186.17,0.9417,0.451,-0.603,496.48,-527.22,35,57.85,112.32,1.1906,0.5143,1.653,361.43,-303.58,16,-88.59,186.17,0.6039,0.3125,-5.537,135.05,-223.64,False
IFB_1286,kdjma,short,RTH,1.5,1.5,6,False,3,70,-460.55,639.37,0.7021,0.4143,-6.579,1085.29,-1545.84,51,-461.99,587.23,0.5942,0.3922,-9.059,676.45,-1138.44,19,1.44,208.59,1.0035,0.4737,0.076,408.84,-407.4,False
IFB_1288,kdjma,short,RTH,1.5,1.5,6,True,3,70,-460.55,639.37,0.7021,0.4143,-6.579,1085.29,-1545.84,51,-461.99,587.23,0.5942,0.3922,-9.059,676.45,-1138.44,19,1.44,208.59,1.0035,0.4737,0.076,408.84,-407.4,False
IFB_0038,emapmo_normal,both,ALL,1.5,1.5,6,False,3,16,57.66,136.21,1.2088,0.5625,3.604,333.84,-276.18,9,112.59,86.24,1.7903,0.6667,12.51,255.06,-142.47,7,-54.93,103.72,0.5892,0.4286,-7.847,78.78,-133.71,False
IFB_0040,emapmo_normal,both,ALL,1.5,1.5,6,True,3,16,57.66,136.21,1.2088,0.5625,3.604,333.84,-276.18,9,112.59,86.24,1.7903,0.6667,12.51,255.06,-142.47,7,-54.93,103.72,0.5892,0.4286,-7.847,78.78,-133.71,False
IFB_0474,emapmo_early,both,ALL,1.5,1.5,12,False,3,35,60.35,239.98,1.0693,0.4857,1.724,931.42,-871.07,24,192.74,239.98,1.3497,0.5833,8.031,743.89,-551.15,11,-132.39,132.39,0.5862,0.2727,-12.035,187.53,-319.92,False
IFB_0476,emapmo_early,both,ALL,1.5,1.5,12,True,3,35,60.35,239.98,1.0693,0.4857,1.724,931.42,-871.07,24,192.74,239.98,1.3497,0.5833,8.031,743.89,-551.15,11,-132.39,132.39,0.5862,0.2727,-12.035,187.53,-319.92,False
IFB_0062,emapmo_normal,both,PRE_RTH,1.0,1.0,6,False,3,8,102.58,38.74,2.7102,0.75,12.823,162.56,-59.98,4,127.54,0.0,999.0,1.0,31.885,127.54,0.0,4,-24.96,38.74,0.5839,0.5,-6.24,35.02,-59.98,False
IFB_0064,emapmo_normal,both,PRE_RTH,1.0,1.0,6,True,3,8,102.58,38.74,2.7102,0.75,12.823,162.56,-59.98,4,127.54,0.0,999.0,1.0,31.885,127.54,0.0,4,-24.96,38.74,0.5839,0.5,-6.24,35.02,-59.98,False
IFB_0110,emapmo_normal,both,RTH,1.0,1.0,6,False,3,7,73.82,38.74,2.2307,0.7143,10.546,133.8,-59.98,3,98.78,0.0,999.0,1.0,32.927,98.78,0.0,4,-24.96,38.74,0.5839,0.5,-6.24,35.02,-59.98,False
IFB_0112,emapmo_normal,both,RTH,1.0,1.0,6,True,3,7,73.82,38.74,2.2307,0.7143,10.546,133.8,-59.98,3,98.78,0.0,999.0,1.0,32.927,98.78,0.0,4,-24.96,38.74,0.5839,0.5,-6.24,35.02,-59.98,False
IFB_0350,emapmo_normal,short,PRE_RTH,1.0,1.0,6,False,3,7,30.07,38.74,1.5013,0.7143,4.296,90.05,-59.98,3,55.03,0.0,999.0,1.0,18.343,55.03,0.0,4,-24.96,38.74,0.5839,0.5,-6.24,35.02,-59.98,False
IFB_0352,emapmo_normal,short,PRE_RTH,1.0,1.0,6,True,3,7,30.07,38.74,1.5013,0.7143,4.296,90.05,-59.98,3,55.03,0.0,999.0,1.0,18.343,55.03,0.0,4,-24.96,38.74,0.5839,0.5,-6.24,35.02,-59.98,False
IFB_0398,emapmo_normal,short,RTH,1.0,1.0,6,False,3,6,1.31,38.74,1.0218,0.6667,0.218,61.29,-59.98,2,26.27,0.0,999.0,1.0,13.135,26.27,0.0,4,-24.96,38.74,0.5839,0.5,-6.24,35.02,-59.98,False
IFB_0400,emapmo_normal,short,RTH,1.0,1.0,6,True,3,6,1.31,38.74,1.0218,0.6667,0.218,61.29,-59.98,2,26.27,0.0,999.0,1.0,13.135,26.27,0.0,4,-24.96,38.74,0.5839,0.5,-6.24,35.02,-59.98,False
IFB_0594,emapmo_early,long,ALL,1.0,1.0,12,False,3,14,-77.36,213.7,0.829,0.3571,-5.526,375.05,-452.41,10,-29.9,213.7,0.9117,0.4,-2.99,308.79,-338.69,4,-47.46,113.72,0.5827,0.25,-11.865,66.26,-113.72,False
IFB_0596,emapmo_early,long,ALL,1.0,1.0,12,True,3,14,-77.36,213.7,0.829,0.3571,-5.526,375.05,-452.41,10,-29.9,213.7,0.9117,0.4,-2.99,308.79,-338.69,4,-47.46,113.72,0.5827,0.25,-11.865,66.26,-113.72,False
IFB_0598,emapmo_early,long,ALL,1.0,1.0,24,False,3,14,-77.36,213.7,0.829,0.3571,-5.526,375.05,-452.41,10,-29.9,213.7,0.9117,0.4,-2.99,308.79,-338.69,4,-47.46,113.72,0.5827,0.25,-11.865,66.26,-113.72,False
IFB_0600,emapmo_early,long,ALL,1.0,1.0,24,True,3,14,-77.36,213.7,0.829,0.3571,-5.526,375.05,-452.41,10,-29.9,213.7,0.9117,0.4,-2.99,308.79,-338.69,4,-47.46,113.72,0.5827,0.25,-11.865,66.26,-113.72,False
IFB_0026,emapmo_normal,both,ALL,1.5,1.0,6,False,3,16,5.16,136.21,1.0187,0.5625,0.323,281.34,-276.18,9,61.34,86.24,1.4305,0.6667,6.816,203.81,-142.47,7,-56.18,103.72,0.5798,0.4286,-8.026,77.53,-133.71,False
IFB_0028,emapmo_normal,both,ALL,1.5,1.0,6,True,3,16,5.16,136.21,1.0187,0.5625,0.323,281.34,-276.18,9,61.34,86.24,1.4305,0.6667,6.816,203.81,-142.47,7,-56.18,103.72,0.5798,0.4286,-8.026,77.53,-133.71,False
IFB_0462,emapmo_early,both,ALL,1.5,1.0,12,False,3,37,-74.63,256.21,0.9128,0.5135,-2.017,781.44,-856.07,25,65.25,256.21,1.1217,0.6,2.61,601.4,-536.15,12,-139.88,139.88,0.5628,0.3333,-11.657,180.04,-319.92,False
IFB_0464,emapmo_early,both,ALL,1.5,1.0,12,True,3,37,-74.63,256.21,0.9128,0.5135,-2.017,781.44,-856.07,25,65.25,256.21,1.1217,0.6,2.61,601.4,-536.15,12,-139.88,139.88,0.5628,0.3333,-11.657,180.04,-319.92,False
IFB_0889,kdjma,both,ALL,1.5,1.0,6,False,1,51,-161.99,282.15,0.7549,0.4706,-3.176,498.99,-660.98,35,-48.4,213.57,0.8819,0.5143,-1.383,361.43,-409.83,16,-113.59,198.67,0.5477,0.375,-7.099,137.56,-251.15,False
IFB_0891,kdjma,both,ALL,1.5,1.0,6,True,1,51,-161.99,282.15,0.7549,0.4706,-3.176,498.99,-660.98,35,-48.4,213.57,0.8819,0.5143,-1.383,361.43,-409.83,16,-113.59,198.67,0.5477,0.375,-7.099,137.56,-251.15,False
IFB_0466,emapmo_early,both,ALL,1.5,1.0,24,False,3,37,-107.13,256.21,0.8794,0.5135,-2.895,781.44,-888.57,25,44.0,256.21,1.0789,0.6,1.76,601.4,-557.4,12,-151.13,151.13,0.5436,0.3333,-12.594,180.04,-331.17,False
IFB_0468,emapmo_early,both,ALL,1.5,1.0,24,True,3,37,-107.13,256.21,0.8794,0.5135,-2.895,781.44,-888.57,25,44.0,256.21,1.0789,0.6,1.76,601.4,-557.4,12,-151.13,151.13,0.5436,0.3333,-12.594,180.04,-331.17,False
IFB_0601,emapmo_early,long,ALL,1.5,1.0,6,False,1,7,-47.43,149.98,0.7657,0.5714,-6.776,155.04,-202.47,4,-68.71,149.98,0.5419,0.5,-17.178,81.27,-149.98,3,21.28,52.49,1.4054,0.6667,7.093,73.77,-52.49,False
IFB_0603,emapmo_early,long,ALL,1.5,1.0,6,True,1,7,-47.43,149.98,0.7657,0.5714,-6.776,155.04,-202.47,4,-68.71,149.98,0.5419,0.5,-17.178,81.27,-149.98,3,21.28,52.49,1.4054,0.6667,7.093,73.77,-52.49,False
IFB_0721,emapmo_early,short,ALL,1.0,0.75,6,False,1,10,-43.65,62.48,0.716,0.4,-4.365,110.04,-153.69,7,-14.93,36.23,0.8363,0.4286,-2.133,76.28,-91.21,3,-28.72,62.48,0.5403,0.3333,-9.573,33.76,-62.48,False
IFB_0723,emapmo_early,short,ALL,1.0,0.75,6,True,1,10,-43.65,62.48,0.716,0.4,-4.365,110.04,-153.69,7,-14.93,36.23,0.8363,0.4286,-2.133,76.28,-91.21,3,-28.72,62.48,0.5403,0.3333,-9.573,33.76,-62.48,False
IFB_0725,emapmo_early,short,ALL,1.0,0.75,12,False,1,10,-43.65,62.48,0.716,0.4,-4.365,110.04,-153.69,7,-14.93,36.23,0.8363,0.4286,-2.133,76.28,-91.21,3,-28.72,62.48,0.5403,0.3333,-9.573,33.76,-62.48,False
IFB_0727,emapmo_early,short,ALL,1.0,0.75,12,True,1,10,-43.65,62.48,0.716,0.4,-4.365,110.04,-153.69,7,-14.93,36.23,0.8363,0.4286,-2.133,76.28,-91.21,3,-28.72,62.48,0.5403,0.3333,-9.573,33.76,-62.48,False
IFB_0729,emapmo_early,short,ALL,1.0,0.75,24,False,1,10,-43.65,62.48,0.716,0.4,-4.365,110.04,-153.69,7,-14.93,36.23,0.8363,0.4286,-2.133,76.28,-91.21,3,-28.72,62.48,0.5403,0.3333,-9.573,33.76,-62.48,False
IFB_0731,emapmo_early,short,ALL,1.0,0.75,24,True,1,10,-43.65,62.48,0.716,0.4,-4.365,110.04,-153.69,7,-14.93,36.23,0.8363,0.4286,-2.133,76.28,-91.21,3,-28.72,62.48,0.5403,0.3333,-9.573,33.76,-62.48,False
IFB_0086,emapmo_normal,both,PRE_RTH,1.5,1.5,6,False,3,8,97.58,57.49,2.1155,0.75,12.198,185.06,-87.48,4,138.79,0.0,999.0,1.0,34.698,138.79,0.0,4,-41.21,57.49,0.5289,0.5,-10.303,46.27,-87.48,False
IFB_0088,emapmo_normal,both,PRE_RTH,1.5,1.5,6,True,3,8,97.58,57.49,2.1155,0.75,12.198,185.06,-87.48,4,138.79,0.0,999.0,1.0,34.698,138.79,0.0,4,-41.21,57.49,0.5289,0.5,-10.303,46.27,-87.48,False
IFB_0134,emapmo_normal,both,RTH,1.5,1.5,6,False,3,7,52.57,57.49,1.6009,0.7143,7.51,140.05,-87.48,3,93.78,0.0,999.0,1.0,31.26,93.78,0.0,4,-41.21,57.49,0.5289,0.5,-10.303,46.27,-87.48,False
IFB_0136,emapmo_normal,both,RTH,1.5,1.5,6,True,3,7,52.57,57.49,1.6009,0.7143,7.51,140.05,-87.48,3,93.78,0.0,999.0,1.0,31.26,93.78,0.0,4,-41.21,57.49,0.5289,0.5,-10.303,46.27,-87.48,False
IFB_0374,emapmo_normal,short,PRE_RTH,1.5,1.5,6,False,3,7,25.07,57.49,1.2866,0.7143,3.581,112.55,-87.48,3,66.28,0.0,999.0,1.0,22.093,66.28,0.0,4,-41.21,57.49,0.5289,0.5,-10.303,46.27,-87.48,False
IFB_0376,emapmo_normal,short,PRE_RTH,1.5,1.5,6,True,3,7,25.07,57.49,1.2866,0.7143,3.581,112.55,-87.48,3,66.28,0.0,999.0,1.0,22.093,66.28,0.0,4,-41.21,57.49,0.5289,0.5,-10.303,46.27,-87.48,False
IFB_0422,emapmo_normal,short,RTH,1.5,1.5,6,False,3,6,-19.94,57.49,0.7721,0.6667,-3.323,67.54,-87.48,2,21.27,0.0,999.0,1.0,10.635,21.27,0.0,4,-41.21,57.49,0.5289,0.5,-10.303,46.27,-87.48,False
IFB_0424,emapmo_normal,short,RTH,1.5,1.5,6,True,3,6,-19.94,57.49,0.7721,0.6667,-3.323,67.54,-87.48,2,21.27,0.0,999.0,1.0,10.635,21.27,0.0,4,-41.21,57.49,0.5289,0.5,-10.303,46.27,-87.48,False
IFB_0458,emapmo_early,both,ALL,1.5,1.0,6,False,3,39,17.89,166.21,1.0243,0.5128,0.459,752.7,-734.81,26,150.26,166.21,1.3303,0.6154,5.779,605.16,-454.9,13,-132.37,148.7,0.5271,0.3077,-10.182,147.54,-279.91,False
IFB_0460,emapmo_early,both,ALL,1.5,1.0,6,True,3,39,17.89,166.21,1.0243,0.5128,0.459,752.7,-734.81,26,150.26,166.21,1.3303,0.6154,5.779,605.16,-454.9,13,-132.37,148.7,0.5271,0.3077,-10.182,147.54,-279.91,False
IFB_1057,kdjma,long,PRE_RTH,1.0,0.75,6,False,1,41,-252.09,339.72,0.6201,0.4634,-6.149,411.44,-663.53,29,-150.96,233.6,0.6663,0.4828,-5.206,301.39,-452.35,12,-101.13,184.91,0.5211,0.4167,-8.428,110.05,-211.18,False
IFB_1059,kdjma,long,PRE_RTH,1.0,0.75,6,True,1,41,-252.09,339.72,0.6201,0.4634,-6.149,411.44,-663.53,29,-150.96,233.6,0.6663,0.4828,-5.206,301.39,-452.35,12,-101.13,184.91,0.5211,0.4167,-8.428,110.05,-211.18,False
IFB_0621,emapmo_early,long,ALL,1.5,1.5,24,False,1,6,-69.94,239.98,0.7609,0.5,-11.657,222.53,-292.47,4,-117.46,239.98,0.5105,0.5,-29.365,122.52,-239.98,2,47.52,52.49,1.9053,0.5,23.76,100.01,-52.49,False
IFB_0623,emapmo_early,long,ALL,1.5,1.5,24,True,1,6,-69.94,239.98,0.7609,0.5,-11.657,222.53,-292.47,4,-117.46,239.98,0.5105,0.5,-29.365,122.52,-239.98,2,47.52,52.49,1.9053,0.5,23.76,100.01,-52.49,False
IFB_0617,emapmo_early,long,ALL,1.5,1.5,12,False,1,6,-87.44,239.98,0.701,0.5,-14.573,205.03,-292.47,4,-117.46,239.98,0.5105,0.5,-29.365,122.52,-239.98,2,30.02,52.49,1.5719,0.5,15.01,82.51,-52.49,False
IFB_0619,emapmo_early,long,ALL,1.5,1.5,12,True,1,6,-87.44,239.98,0.701,0.5,-14.573,205.03,-292.47,4,-117.46,239.98,0.5105,0.5,-29.365,122.52,-239.98,2,30.02,52.49,1.5719,0.5,15.01,82.51,-52.49,False
IFB_1097,kdjma,long,PRE_RTH,1.5,1.5,12,False,1,41,-365.84,427.18,0.639,0.3902,-8.923,647.66,-1013.5,29,-193.46,249.81,0.7138,0.3793,-6.671,482.61,-676.07,12,-172.38,228.65,0.4891,0.4167,-14.365,165.05,-337.43,False
IFB_1099,kdjma,long,PRE_RTH,1.5,1.5,12,True,1,41,-365.84,427.18,0.639,0.3902,-8.923,647.66,-1013.5,29,-193.46,249.81,0.7138,0.3793,-6.671,482.61,-676.07,12,-172.38,228.65,0.4891,0.4167,-14.365,165.05,-337.43,False
IFB_1093,kdjma,long,PRE_RTH,1.5,1.5,6,False,1,41,-299.59,325.85,0.6652,0.439,-7.307,595.18,-894.77,29,-165.96,217.24,0.7391,0.4483,-5.723,470.13,-636.09,12,-133.63,189.9,0.4834,0.4167,-11.136,125.05,-258.68,False
IFB_1095,kdjma,long,PRE_RTH,1.5,1.5,6,True,1,41,-299.59,325.85,0.6652,0.439,-7.307,595.18,-894.77,29,-165.96,217.24,0.7391,0.4483,-5.723,470.13,-636.09,12,-133.63,189.9,0.4834,0.4167,-11.136,125.05,-258.68,False
IFB_0522,emapmo_early,both,PRE_RTH,1.5,1.5,12,False,3,23,125.23,138.74,1.2499,0.5217,5.445,626.37,-501.14,16,228.91,138.74,1.76,0.625,14.307,530.1,-301.19,7,-103.68,103.68,0.4815,0.2857,-14.811,96.27,-199.95,False
IFB_0524,emapmo_early,both,PRE_RTH,1.5,1.5,12,True,3,23,125.23,138.74,1.2499,0.5217,5.445,626.37,-501.14,16,228.91,138.74,1.76,0.625,14.307,530.1,-301.19,7,-103.68,103.68,0.4815,0.2857,-14.811,96.27,-199.95,False
IFB_0526,emapmo_early,both,PRE_RTH,1.5,1.5,24,False,3,23,36.48,154.92,1.0636,0.4783,1.586,610.11,-573.63,16,140.16,138.74,1.3751,0.5625,8.76,513.84,-373.68,7,-103.68,103.68,0.4815,0.2857,-14.811,96.27,-199.95,False
IFB_0528,emapmo_early,both,PRE_RTH,1.5,1.5,24,True,3,23,36.48,154.92,1.0636,0.4783,1.586,610.11,-573.63,16,140.16,138.74,1.3751,0.5625,8.76,513.84,-373.68,7,-103.68,103.68,0.4815,0.2857,-14.811,96.27,-199.95,False
IFB_0570,emapmo_early,both,RTH,1.5,1.5,12,False,3,21,38.96,138.74,1.0777,0.4762,1.855,540.1,-501.14,14,142.64,138.74,1.4736,0.5714,10.189,443.83,-301.19,7,-103.68,103.68,0.4815,0.2857,-14.811,96.27,-199.95,False
IFB_0572,emapmo_early,both,RTH,1.5,1.5,12,True,3,21,38.96,138.74,1.0777,0.4762,1.855,540.1,-501.14,14,142.64,138.74,1.4736,0.5714,10.189,443.83,-301.19,7,-103.68,103.68,0.4815,0.2857,-14.811,96.27,-199.95,False
IFB_0574,emapmo_early,both,RTH,1.5,1.5,24,False,3,21,-49.79,154.92,0.9132,0.4286,-2.371,523.84,-573.63,14,53.89,138.74,1.1442,0.5,3.849,427.57,-373.68,7,-103.68,103.68,0.4815,0.2857,-14.811,96.27,-199.95,False
IFB_0576,emapmo_early,both,RTH,1.5,1.5,24,True,3,21,-49.79,154.92,0.9132,0.4286,-2.371,523.84,-573.63,14,53.89,138.74,1.1442,0.5,3.849,427.57,-373.68,7,-103.68,103.68,0.4815,0.2857,-14.811,96.27,-199.95,False
IFB_0810,emapmo_early,short,PRE_RTH,1.5,1.5,12,False,3,18,3.93,103.68,1.0138,0.5,0.218,288.84,-284.91,11,107.61,31.24,2.2666,0.6364,9.783,192.57,-84.96,7,-103.68,103.68,0.4815,0.2857,-14.811,96.27,-199.95,False
IFB_0812,emapmo_early,short,PRE_RTH,1.5,1.5,12,True,3,18,3.93,103.68,1.0138,0.5,0.218,288.84,-284.91,11,107.61,31.24,2.2666,0.6364,9.783,192.57,-84.96,7,-103.68,103.68,0.4815,0.2857,-14.811,96.27,-199.95,False
IFB_0814,emapmo_early,short,PRE_RTH,1.5,1.5,24,False,3,18,-84.82,183.64,0.7627,0.4444,-4.712,272.58,-357.4,11,18.86,79.96,1.1198,0.5455,1.715,176.31,-157.45,7,-103.68,103.68,0.4815,0.2857,-14.811,96.27,-199.95,False
IFB_0816,emapmo_early,short,PRE_RTH,1.5,1.5,24,True,3,18,-84.82,183.64,0.7627,0.4444,-4.712,272.58,-357.4,11,18.86,79.96,1.1198,0.5455,1.715,176.31,-157.45,7,-103.68,103.68,0.4815,0.2857,-14.811,96.27,-199.95,False
IFB_0858,emapmo_early,short,RTH,1.5,1.5,12,False,3,16,-82.34,103.68,0.711,0.4375,-5.146,202.57,-284.91,9,21.34,31.24,1.2512,0.5556,2.371,106.3,-84.96,7,-103.68,103.68,0.4815,0.2857,-14.811,96.27,-199.95,False
IFB_0860,emapmo_early,short,RTH,1.5,1.5,12,True,3,16,-82.34,103.68,0.711,0.4375,-5.146,202.57,-284.91,9,21.34,31.24,1.2512,0.5556,2.371,106.3,-84.96,7,-103.68,103.68,0.4815,0.2857,-14.811,96.27,-199.95,False
IFB_0862,emapmo_early,short,RTH,1.5,1.5,24,False,3,16,-171.09,183.64,0.5213,0.375,-10.693,186.31,-357.4,9,-67.41,79.96,0.5719,0.4444,-7.49,90.04,-157.45,7,-103.68,103.68,0.4815,0.2857,-14.811,96.27,-199.95,False
IFB_0864,emapmo_early,short,RTH,1.5,1.5,24,True,3,16,-171.09,183.64,0.5213,0.375,-10.693,186.31,-357.4,9,-67.41,79.96,0.5719,0.4444,-7.49,90.04,-157.45,7,-103.68,103.68,0.4815,0.2857,-14.811,96.27,-199.95,False
IFB_0469,emapmo_early,both,ALL,1.5,1.5,6,False,1,16,-182.34,227.4,0.5807,0.375,-11.396,252.56,-434.9,10,-103.65,149.98,0.6346,0.4,-10.365,180.04,-283.69,6,-78.69,143.72,0.4796,0.3333,-13.115,72.52,-151.21,False
IFB_0471,emapmo_early,both,ALL,1.5,1.5,6,True,1,16,-182.34,227.4,0.5807,0.375,-11.396,252.56,-434.9,10,-103.65,149.98,0.6346,0.4,-10.365,180.04,-283.69,6,-78.69,143.72,0.4796,0.3333,-13.115,72.52,-151.21,False
IFB_0049,emapmo_normal,both,PRE_RTH,1.0,0.75,6,False,1,7,81.32,38.74,2.3558,0.7143,11.617,141.3,-59.98,4,112.54,0.0,999.0,1.0,28.135,112.54,0.0,3,-31.22,38.74,0.4795,0.3333,-10.407,28.76,-59.98,False
IFB_0051,emapmo_normal,both,PRE_RTH,1.0,0.75,6,True,1,7,81.32,38.74,2.3558,0.7143,11.617,141.3,-59.98,4,112.54,0.0,999.0,1.0,28.135,112.54,0.0,3,-31.22,38.74,0.4795,0.3333,-10.407,28.76,-59.98,False
IFB_0053,emapmo_normal,both,PRE_RTH,1.0,0.75,12,False,1,7,88.82,38.74,2.4808,0.7143,12.689,148.8,-59.98,4,120.04,0.0,999.0,1.0,30.01,120.04,0.0,3,-31.22,38.74,0.4795,0.3333,-10.407,28.76,-59.98,False
IFB_0055,emapmo_normal,both,PRE_RTH,1.0,0.75,12,True,1,7,88.82,38.74,2.4808,0.7143,12.689,148.8,-59.98,4,120.04,0.0,999.0,1.0,30.01,120.04,0.0,3,-31.22,38.74,0.4795,0.3333,-10.407,28.76,-59.98,False
IFB_0057,emapmo_normal,both,PRE_RTH,1.0,0.75,24,False,1,7,88.82,38.74,2.4808,0.7143,12.689,148.8,-59.98,4,120.04,0.0,999.0,1.0,30.01,120.04,0.0,3,-31.22,38.74,0.4795,0.3333,-10.407,28.76,-59.98,False
IFB_0059,emapmo_normal,both,PRE_RTH,1.0,0.75,24,True,1,7,88.82,38.74,2.4808,0.7143,12.689,148.8,-59.98,4,120.04,0.0,999.0,1.0,30.01,120.04,0.0,3,-31.22,38.74,0.4795,0.3333,-10.407,28.76,-59.98,False
IFB_0097,emapmo_normal,both,RTH,1.0,0.75,6,False,1,6,60.06,38.74,2.0013,0.6667,10.01,120.04,-59.98,3,91.28,0.0,999.0,1.0,30.427,91.28,0.0,3,-31.22,38.74,0.4795,0.3333,-10.407,28.76,-59.98,False
IFB_0099,emapmo_normal,both,RTH,1.0,0.75,6,True,1,6,60.06,38.74,2.0013,0.6667,10.01,120.04,-59.98,3,91.28,0.0,999.0,1.0,30.427,91.28,0.0,3,-31.22,38.74,0.4795,0.3333,-10.407,28.76,-59.98,False
IFB_0101,emapmo_normal,both,RTH,1.0,0.75,12,False,1,6,67.56,38.74,2.1264,0.6667,11.26,127.54,-59.98,3,98.78,0.0,999.0,1.0,32.927,98.78,0.0,3,-31.22,38.74,0.4795,0.3333,-10.407,28.76,-59.98,False
IFB_0103,emapmo_normal,both,RTH,1.0,0.75,12,True,1,6,67.56,38.74,2.1264,0.6667,11.26,127.54,-59.98,3,98.78,0.0,999.0,1.0,32.927,98.78,0.0,3,-31.22,38.74,0.4795,0.3333,-10.407,28.76,-59.98,False
IFB_0105,emapmo_normal,both,RTH,1.0,0.75,24,False,1,6,67.56,38.74,2.1264,0.6667,11.26,127.54,-59.98,3,98.78,0.0,999.0,1.0,32.927,98.78,0.0,3,-31.22,38.74,0.4795,0.3333,-10.407,28.76,-59.98,False
IFB_0107,emapmo_normal,both,RTH,1.0,0.75,24,True,1,6,67.56,38.74,2.1264,0.6667,11.26,127.54,-59.98,3,98.78,0.0,999.0,1.0,32.927,98.78,0.0,3,-31.22,38.74,0.4795,0.3333,-10.407,28.76,-59.98,False
IFB_0337,emapmo_normal,short,PRE_RTH,1.0,0.75,6,False,1,6,8.81,38.74,1.1469,0.6667,1.468,68.79,-59.98,3,40.03,0.0,999.0,1.0,13.343,40.03,0.0,3,-31.22,38.74,0.4795,0.3333,-10.407,28.76,-59.98,False
IFB_0339,emapmo_normal,short,PRE_RTH,1.0,0.75,6,True,1,6,8.81,38.74,1.1469,0.6667,1.468,68.79,-59.98,3,40.03,0.0,999.0,1.0,13.343,40.03,0.0,3,-31.22,38.74,0.4795,0.3333,-10.407,28.76,-59.98,False
IFB_0341,emapmo_normal,short,PRE_RTH,1.0,0.75,12,False,1,6,8.81,38.74,1.1469,0.6667,1.468,68.79,-59.98,3,40.03,0.0,999.0,1.0,13.343,40.03,0.0,3,-31.22,38.74,0.4795,0.3333,-10.407,28.76,-59.98,False
IFB_0343,emapmo_normal,short,PRE_RTH,1.0,0.75,12,True,1,6,8.81,38.74,1.1469,0.6667,1.468,68.79,-59.98,3,40.03,0.0,999.0,1.0,13.343,40.03,0.0,3,-31.22,38.74,0.4795,0.3333,-10.407,28.76,-59.98,False
IFB_0345,emapmo_normal,short,PRE_RTH,1.0,0.75,24,False,1,6,8.81,38.74,1.1469,0.6667,1.468,68.79,-59.98,3,40.03,0.0,999.0,1.0,13.343,40.03,0.0,3,-31.22,38.74,0.4795,0.3333,-10.407,28.76,-59.98,False
IFB_0347,emapmo_normal,short,PRE_RTH,1.0,0.75,24,True,1,6,8.81,38.74,1.1469,0.6667,1.468,68.79,-59.98,3,40.03,0.0,999.0,1.0,13.343,40.03,0.0,3,-31.22,38.74,0.4795,0.3333,-10.407,28.76,-59.98,False
IFB_0385,emapmo_normal,short,RTH,1.0,0.75,6,False,1,5,-12.45,38.74,0.7924,0.6,-2.49,47.53,-59.98,2,18.77,0.0,999.0,1.0,9.385,18.77,0.0,3,-31.22,38.74,0.4795,0.3333,-10.407,28.76,-59.98,False
IFB_0387,emapmo_normal,short,RTH,1.0,0.75,6,True,1,5,-12.45,38.74,0.7924,0.6,-2.49,47.53,-59.98,2,18.77,0.0,999.0,1.0,9.385,18.77,0.0,3,-31.22,38.74,0.4795,0.3333,-10.407,28.76,-59.98,False
IFB_0389,emapmo_normal,short,RTH,1.0,0.75,12,False,1,5,-12.45,38.74,0.7924,0.6,-2.49,47.53,-59.98,2,18.77,0.0,999.0,1.0,9.385,18.77,0.0,3,-31.22,38.74,0.4795,0.3333,-10.407,28.76,-59.98,False
IFB_0391,emapmo_normal,short,RTH,1.0,0.75,12,True,1,5,-12.45,38.74,0.7924,0.6,-2.49,47.53,-59.98,2,18.77,0.0,999.0,1.0,9.385,18.77,0.0,3,-31.22,38.74,0.4795,0.3333,-10.407,28.76,-59.98,False
IFB_0393,emapmo_normal,short,RTH,1.0,0.75,24,False,1,5,-12.45,38.74,0.7924,0.6,-2.49,47.53,-59.98,2,18.77,0.0,999.0,1.0,9.385,18.77,0.0,3,-31.22,38.74,0.4795,0.3333,-10.407,28.76,-59.98,False
IFB_0395,emapmo_normal,short,RTH,1.0,0.75,24,True,1,5,-12.45,38.74,0.7924,0.6,-2.49,47.53,-59.98,2,18.77,0.0,999.0,1.0,9.385,18.77,0.0,3,-31.22,38.74,0.4795,0.3333,-10.407,28.76,-59.98,False
IFB_1061,kdjma,long,PRE_RTH,1.0,0.75,12,False,1,41,-258.34,363.47,0.6241,0.4634,-6.301,428.94,-687.28,29,-133.46,233.6,0.705,0.4828,-4.602,318.89,-452.35,12,-124.88,208.66,0.4684,0.4167,-10.407,110.05,-234.93,False
IFB_1063,kdjma,long,PRE_RTH,1.0,0.75,12,True,1,41,-258.34,363.47,0.6241,0.4634,-6.301,428.94,-687.28,29,-133.46,233.6,0.705,0.4828,-4.602,318.89,-452.35,12,-124.88,208.66,0.4684,0.4167,-10.407,110.05,-234.93,False
IFB_1065,kdjma,long,PRE_RTH,1.0,0.75,24,False,1,41,-258.34,363.47,0.6241,0.4634,-6.301,428.94,-687.28,29,-133.46,233.6,0.705,0.4828,-4.602,318.89,-452.35,12,-124.88,208.66,0.4684,0.4167,-10.407,110.05,-234.93,False
IFB_1067,kdjma,long,PRE_RTH,1.0,0.75,24,True,1,41,-258.34,363.47,0.6241,0.4634,-6.301,428.94,-687.28,29,-133.46,233.6,0.705,0.4828,-4.602,318.89,-452.35,12,-124.88,208.66,0.4684,0.4167,-10.407,110.05,-234.93,False
IFB_0477,emapmo_early,both,ALL,1.5,1.5,24,False,1,15,-289.85,353.66,0.5076,0.3333,-19.323,298.8,-588.65,10,-174.9,239.98,0.532,0.4,-17.49,198.79,-373.69,5,-114.95,143.72,0.4652,0.2,-22.99,100.01,-214.96,False
IFB_0479,emapmo_early,both,ALL,1.5,1.5,24,True,1,15,-289.85,353.66,0.5076,0.3333,-19.323,298.8,-588.65,10,-174.9,239.98,0.532,0.4,-17.49,198.79,-373.69,5,-114.95,143.72,0.4652,0.2,-22.99,100.01,-214.96,False
IFB_0457,emapmo_early,both,ALL,1.5,1.0,6,False,1,16,-229.84,248.62,0.4715,0.375,-14.365,205.06,-434.9,10,-152.4,171.18,0.4628,0.4,-15.24,131.29,-283.69,6,-77.44,143.72,0.4879,0.3333,-12.907,73.77,-151.21,False
IFB_0459,emapmo_early,both,ALL,1.5,1.0,6,True,1,16,-229.84,248.62,0.4715,0.375,-14.365,205.06,-434.9,10,-152.4,171.18,0.4628,0.4,-15.24,131.29,-283.69,6,-77.44,143.72,0.4879,0.3333,-12.907,73.77,-151.21,False
IFB_0482,emapmo_early,both,PRE_RTH,1.0,0.75,6,False,3,27,10.27,121.15,1.0244,0.4815,0.38,431.38,-421.11,18,98.93,121.15,1.3843,0.5556,5.496,356.35,-257.42,9,-88.66,88.71,0.4584,0.3333,-9.851,75.03,-163.69,False
IFB_0484,emapmo_early,both,PRE_RTH,1.0,0.75,6,True,3,27,10.27,121.15,1.0244,0.4815,0.38,431.38,-421.11,18,98.93,121.15,1.3843,0.5556,5.496,356.35,-257.42,9,-88.66,88.71,0.4584,0.3333,-9.851,75.03,-163.69,False
IFB_0486,emapmo_early,both,PRE_RTH,1.0,0.75,12,False,3,27,10.27,121.15,1.0244,0.4815,0.38,431.38,-421.11,18,98.93,121.15,1.3843,0.5556,5.496,356.35,-257.42,9,-88.66,88.71,0.4584,0.3333,-9.851,75.03,-163.69,False
IFB_0488,emapmo_early,both,PRE_RTH,1.0,0.75,12,True,3,27,10.27,121.15,1.0244,0.4815,0.38,431.38,-421.11,18,98.93,121.15,1.3843,0.5556,5.496,356.35,-257.42,9,-88.66,88.71,0.4584,0.3333,-9.851,75.03,-163.69,False
IFB_0490,emapmo_early,both,PRE_RTH,1.0,0.75,24,False,3,27,10.27,121.15,1.0244,0.4815,0.38,431.38,-421.11,18,98.93,121.15,1.3843,0.5556,5.496,356.35,-257.42,9,-88.66,88.71,0.4584,0.3333,-9.851,75.03,-163.69,False
IFB_0492,emapmo_early,both,PRE_RTH,1.0,0.75,24,True,3,27,10.27,121.15,1.0244,0.4815,0.38,431.38,-421.11,18,98.93,121.15,1.3843,0.5556,5.496,356.35,-257.42,9,-88.66,88.71,0.4584,0.3333,-9.851,75.03,-163.69,False
IFB_0530,emapmo_early,both,RTH,1.0,0.75,6,False,3,25,-31.0,152.37,0.9264,0.44,-1.24,390.11,-421.11,16,57.66,152.37,1.224,0.5,3.604,315.08,-257.42,9,-88.66,88.71,0.4584,0.3333,-9.851,75.03,-163.69,False
IFB_0532,emapmo_early,both,RTH,1.0,0.75,6,True,3,25,-31.0,152.37,0.9264,0.44,-1.24,390.11,-421.11,16,57.66,152.37,1.224,0.5,3.604,315.08,-257.42,9,-88.66,88.71,0.4584,0.3333,-9.851,75.03,-163.69,False
IFB_0534,emapmo_early,both,RTH,1.0,0.75,12,False,3,25,-31.0,152.37,0.9264,0.44,-1.24,390.11,-421.11,16,57.66,152.37,1.224,0.5,3.604,315.08,-257.42,9,-88.66,88.71,0.4584,0.3333,-9.851,75.03,-163.69,False
IFB_0536,emapmo_early,both,RTH,1.0,0.75,12,True,3,25,-31.0,152.37,0.9264,0.44,-1.24,390.11,-421.11,16,57.66,152.37,1.224,0.5,3.604,315.08,-257.42,9,-88.66,88.71,0.4584,0.3333,-9.851,75.03,-163.69,False
IFB_0538,emapmo_early,both,RTH,1.0,0.75,24,False,3,25,-31.0,152.37,0.9264,0.44,-1.24,390.11,-421.11,16,57.66,152.37,1.224,0.5,3.604,315.08,-257.42,9,-88.66,88.71,0.4584,0.3333,-9.851,75.03,-163.69,False
IFB_0540,emapmo_early,both,RTH,1.0,0.75,24,True,3,25,-31.0,152.37,0.9264,0.44,-1.24,390.11,-421.11,16,57.66,152.37,1.224,0.5,3.604,315.08,-257.42,9,-88.66,88.71,0.4584,0.3333,-9.851,75.03,-163.69,False
IFB_0770,emapmo_early,short,PRE_RTH,1.0,0.75,6,False,3,21,-89.79,99.89,0.6763,0.4286,-4.276,187.59,-277.38,12,-1.13,58.7,0.9901,0.5,-0.094,112.56,-113.69,9,-88.66,88.71,0.4584,0.3333,-9.851,75.03,-163.69,False
IFB_0772,emapmo_early,short,PRE_RTH,1.0,0.75,6,True,3,21,-89.79,99.89,0.6763,0.4286,-4.276,187.59,-277.38,12,-1.13,58.7,0.9901,0.5,-0.094,112.56,-113.69,9,-88.66,88.71,0.4584,0.3333,-9.851,75.03,-163.69,False
IFB_0774,emapmo_early,short,PRE_RTH,1.0,0.75,12,False,3,21,-89.79,99.89,0.6763,0.4286,-4.276,187.59,-277.38,12,-1.13,58.7,0.9901,0.5,-0.094,112.56,-113.69,9,-88.66,88.71,0.4584,0.3333,-9.851,75.03,-163.69,False
IFB_0776,emapmo_early,short,PRE_RTH,1.0,0.75,12,True,3,21,-89.79,99.89,0.6763,0.4286,-4.276,187.59,-277.38,12,-1.13,58.7,0.9901,0.5,-0.094,112.56,-113.69,9,-88.66,88.71,0.4584,0.3333,-9.851,75.03,-163.69,False
IFB_0778,emapmo_early,short,PRE_RTH,1.0,0.75,24,False,3,21,-89.79,99.89,0.6763,0.4286,-4.276,187.59,-277.38,12,-1.13,58.7,0.9901,0.5,-0.094,112.56,-113.69,9,-88.66,88.71,0.4584,0.3333,-9.851,75.03,-163.69,False
IFB_0780,emapmo_early,short,PRE_RTH,1.0,0.75,24,True,3,21,-89.79,99.89,0.6763,0.4286,-4.276,187.59,-277.38,12,-1.13,58.7,0.9901,0.5,-0.094,112.56,-113.69,9,-88.66,88.71,0.4584,0.3333,-9.851,75.03,-163.69,False
IFB_0818,emapmo_early,short,RTH,1.0,0.75,6,False,3,19,-131.06,131.11,0.5275,0.3684,-6.898,146.32,-277.38,10,-42.4,89.92,0.6271,0.4,-4.24,71.29,-113.69,9,-88.66,88.71,0.4584,0.3333,-9.851,75.03,-163.69,False
IFB_0820,emapmo_early,short,RTH,1.0,0.75,6,True,3,19,-131.06,131.11,0.5275,0.3684,-6.898,146.32,-277.38,10,-42.4,89.92,0.6271,0.4,-4.24,71.29,-113.69,9,-88.66,88.71,0.4584,0.3333,-9.851,75.03,-163.69,False
IFB_0822,emapmo_early,short,RTH,1.0,0.75,12,False,3,19,-131.06,131.11,0.5275,0.3684,-6.898,146.32,-277.38,10,-42.4,89.92,0.6271,0.4,-4.24,71.29,-113.69,9,-88.66,88.71,0.4584,0.3333,-9.851,75.03,-163.69,False
IFB_0824,emapmo_early,short,RTH,1.0,0.75,12,True,3,19,-131.06,131.11,0.5275,0.3684,-6.898,146.32,-277.38,10,-42.4,89.92,0.6271,0.4,-4.24,71.29,-113.69,9,-88.66,88.71,0.4584,0.3333,-9.851,75.03,-163.69,False
IFB_0826,emapmo_early,short,RTH,1.0,0.75,24,False,3,19,-131.06,131.11,0.5275,0.3684,-6.898,146.32,-277.38,10,-42.4,89.92,0.6271,0.4,-4.24,71.29,-113.69,9,-88.66,88.71,0.4584,0.3333,-9.851,75.03,-163.69,False
IFB_0828,emapmo_early,short,RTH,1.0,0.75,24,True,3,19,-131.06,131.11,0.5275,0.3684,-6.898,146.32,-277.38,10,-42.4,89.92,0.6271,0.4,-4.24,71.29,-113.69,9,-88.66,88.71,0.4584,0.3333,-9.851,75.03,-163.69,False
IFB_1145,kdjma,long,RTH,1.5,1.5,12,False,1,34,-373.41,437.19,0.6374,0.4118,-10.983,656.39,-1029.8,24,-174.76,311.05,0.7371,0.4167,-7.282,490.1,-664.86,10,-198.65,228.66,0.4557,0.4,-19.865,166.29,-364.94,False
IFB_1147,kdjma,long,RTH,1.5,1.5,12,True,1,34,-373.41,437.19,0.6374,0.4118,-10.983,656.39,-1029.8,24,-174.76,311.05,0.7371,0.4167,-7.282,490.1,-664.86,10,-198.65,228.66,0.4557,0.4,-19.865,166.29,-364.94,False
IFB_0077,emapmo_normal,both,PRE_RTH,1.5,1.0,12,False,1,7,113.82,57.49,2.3011,0.7143,16.26,201.3,-87.48,4,162.54,0.0,999.0,1.0,40.635,162.54,0.0,3,-48.72,57.49,0.4431,0.3333,-16.24,38.76,-87.48,False
IFB_0079,emapmo_normal,both,PRE_RTH,1.5,1.0,12,True,1,7,113.82,57.49,2.3011,0.7143,16.26,201.3,-87.48,4,162.54,0.0,999.0,1.0,40.635,162.54,0.0,3,-48.72,57.49,0.4431,0.3333,-16.24,38.76,-87.48,False
IFB_0081,emapmo_normal,both,PRE_RTH,1.5,1.0,24,False,1,7,113.82,57.49,2.3011,0.7143,16.26,201.3,-87.48,4,162.54,0.0,999.0,1.0,40.635,162.54,0.0,3,-48.72,57.49,0.4431,0.3333,-16.24,38.76,-87.48,False
IFB_0083,emapmo_normal,both,PRE_RTH,1.5,1.0,24,True,1,7,113.82,57.49,2.3011,0.7143,16.26,201.3,-87.48,4,162.54,0.0,999.0,1.0,40.635,162.54,0.0,3,-48.72,57.49,0.4431,0.3333,-16.24,38.76,-87.48,False
IFB_0125,emapmo_normal,both,RTH,1.5,1.0,12,False,1,6,85.06,57.49,1.9723,0.6667,14.177,172.54,-87.48,3,133.78,0.0,999.0,1.0,44.593,133.78,0.0,3,-48.72,57.49,0.4431,0.3333,-16.24,38.76,-87.48,False
IFB_0127,emapmo_normal,both,RTH,1.5,1.0,12,True,1,6,85.06,57.49,1.9723,0.6667,14.177,172.54,-87.48,3,133.78,0.0,999.0,1.0,44.593,133.78,0.0,3,-48.72,57.49,0.4431,0.3333,-16.24,38.76,-87.48,False
IFB_0129,emapmo_normal,both,RTH,1.5,1.0,24,False,1,6,85.06,57.49,1.9723,0.6667,14.177,172.54,-87.48,3,133.78,0.0,999.0,1.0,44.593,133.78,0.0,3,-48.72,57.49,0.4431,0.3333,-16.24,38.76,-87.48,False
IFB_0131,emapmo_normal,both,RTH,1.5,1.0,24,True,1,6,85.06,57.49,1.9723,0.6667,14.177,172.54,-87.48,3,133.78,0.0,999.0,1.0,44.593,133.78,0.0,3,-48.72,57.49,0.4431,0.3333,-16.24,38.76,-87.48,False
IFB_0365,emapmo_normal,short,PRE_RTH,1.5,1.0,12,False,1,6,6.31,57.49,1.0721,0.6667,1.052,93.79,-87.48,3,55.03,0.0,999.0,1.0,18.343,55.03,0.0,3,-48.72,57.49,0.4431,0.3333,-16.24,38.76,-87.48,False
IFB_0367,emapmo_normal,short,PRE_RTH,1.5,1.0,12,True,1,6,6.31,57.49,1.0721,0.6667,1.052,93.79,-87.48,3,55.03,0.0,999.0,1.0,18.343,55.03,0.0,3,-48.72,57.49,0.4431,0.3333,-16.24,38.76,-87.48,False
IFB_0369,emapmo_normal,short,PRE_RTH,1.5,1.0,24,False,1,6,6.31,57.49,1.0721,0.6667,1.052,93.79,-87.48,3,55.03,0.0,999.0,1.0,18.343,55.03,0.0,3,-48.72,57.49,0.4431,0.3333,-16.24,38.76,-87.48,False
IFB_0371,emapmo_normal,short,PRE_RTH,1.5,1.0,24,True,1,6,6.31,57.49,1.0721,0.6667,1.052,93.79,-87.48,3,55.03,0.0,999.0,1.0,18.343,55.03,0.0,3,-48.72,57.49,0.4431,0.3333,-16.24,38.76,-87.48,False
IFB_0413,emapmo_normal,short,RTH,1.5,1.0,12,False,1,5,-22.45,57.49,0.7434,0.6,-4.49,65.03,-87.48,2,26.27,0.0,999.0,1.0,13.135,26.27,0.0,3,-48.72,57.49,0.4431,0.3333,-16.24,38.76,-87.48,False
IFB_0415,emapmo_normal,short,RTH,1.5,1.0,12,True,1,5,-22.45,57.49,0.7434,0.6,-4.49,65.03,-87.48,2,26.27,0.0,999.0,1.0,13.135,26.27,0.0,3,-48.72,57.49,0.4431,0.3333,-16.24,38.76,-87.48,False
IFB_0417,emapmo_normal,short,RTH,1.5,1.0,24,False,1,5,-22.45,57.49,0.7434,0.6,-4.49,65.03,-87.48,2,26.27,0.0,999.0,1.0,13.135,26.27,0.0,3,-48.72,57.49,0.4431,0.3333,-16.24,38.76,-87.48,False
IFB_0419,emapmo_normal,short,RTH,1.5,1.0,24,True,1,5,-22.45,57.49,0.7434,0.6,-4.49,65.03,-87.48,2,26.27,0.0,999.0,1.0,13.135,26.27,0.0,3,-48.72,57.49,0.4431,0.3333,-16.24,38.76,-87.48,False
IFB_1105,kdjma,long,RTH,1.0,0.75,6,False,1,34,-290.91,417.2,0.5952,0.4706,-8.556,427.66,-718.57,24,-149.76,318.56,0.6787,0.5,-6.24,316.37,-466.13,10,-141.15,212.42,0.4409,0.4,-14.115,111.29,-252.44,False
IFB_1107,kdjma,long,RTH,1.0,0.75,6,True,1,34,-290.91,417.2,0.5952,0.4706,-8.556,427.66,-718.57,24,-149.76,318.56,0.6787,0.5,-6.24,316.37,-466.13,10,-141.15,212.42,0.4409,0.4,-14.115,111.29,-252.44,False
IFB_1109,kdjma,long,RTH,1.0,0.75,12,False,1,34,-273.41,401.03,0.6195,0.4706,-8.041,445.16,-718.57,24,-132.26,302.39,0.7163,0.5,-5.511,333.87,-466.13,10,-141.15,212.42,0.4409,0.4,-14.115,111.29,-252.44,False
IFB_1111,kdjma,long,RTH,1.0,0.75,12,True,1,34,-273.41,401.03,0.6195,0.4706,-8.041,445.16,-718.57,24,-132.26,302.39,0.7163,0.5,-5.511,333.87,-466.13,10,-141.15,212.42,0.4409,0.4,-14.115,111.29,-252.44,False
IFB_1113,kdjma,long,RTH,1.0,0.75,24,False,1,34,-273.41,401.03,0.6195,0.4706,-8.041,445.16,-718.57,24,-132.26,302.39,0.7163,0.5,-5.511,333.87,-466.13,10,-141.15,212.42,0.4409,0.4,-14.115,111.29,-252.44,False
IFB_1115,kdjma,long,RTH,1.0,0.75,24,True,1,34,-273.41,401.03,0.6195,0.4706,-8.041,445.16,-718.57,24,-132.26,302.39,0.7163,0.5,-5.511,333.87,-466.13,10,-141.15,212.42,0.4409,0.4,-14.115,111.29,-252.44,False
IFB_0330,emapmo_normal,short,ALL,1.5,1.5,12,False,3,11,-64.89,139.94,0.7083,0.3636,-5.899,157.54,-222.43,6,10.06,36.22,1.1134,0.5,1.677,98.78,-88.72,5,-74.95,103.72,0.4395,0.2,-14.99,58.76,-133.71,False
IFB_0332,emapmo_normal,short,ALL,1.5,1.5,12,True,3,11,-64.89,139.94,0.7083,0.3636,-5.899,157.54,-222.43,6,10.06,36.22,1.1134,0.5,1.677,98.78,-88.72,5,-74.95,103.72,0.4395,0.2,-14.99,58.76,-133.71,False
IFB_0334,emapmo_normal,short,ALL,1.5,1.5,24,False,3,11,-64.89,139.94,0.7083,0.3636,-5.899,157.54,-222.43,6,10.06,36.22,1.1134,0.5,1.677,98.78,-88.72,5,-74.95,103.72,0.4395,0.2,-14.99,58.76,-133.71,False
IFB_0336,emapmo_normal,short,ALL,1.5,1.5,24,True,3,11,-64.89,139.94,0.7083,0.3636,-5.899,157.54,-222.43,6,10.06,36.22,1.1134,0.5,1.677,98.78,-88.72,5,-74.95,103.72,0.4395,0.2,-14.99,58.76,-133.71,False
IFB_0470,emapmo_early,both,ALL,1.5,1.5,6,False,3,38,-23.37,237.34,0.9711,0.4211,-0.615,785.16,-808.53,25,144.0,149.98,1.279,0.52,5.76,660.13,-516.13,13,-167.37,167.37,0.4276,0.2308,-12.875,125.03,-292.4,False
IFB_0472,emapmo_early,both,ALL,1.5,1.5,6,True,3,38,-23.37,237.34,0.9711,0.4211,-0.615,785.16,-808.53,25,144.0,149.98,1.279,0.52,5.76,660.13,-516.13,13,-167.37,167.37,0.4276,0.2308,-12.875,125.03,-292.4,False
IFB_1081,kdjma,long,PRE_RTH,1.5,1.0,6,False,1,41,-184.59,245.96,0.7629,0.5366,-4.502,593.97,-778.56,29,-35.96,163.6,0.9308,0.5862,-1.24,483.92,-519.88,12,-148.63,186.15,0.4254,0.4167,-12.386,110.05,-258.68,False
IFB_1083,kdjma,long,PRE_RTH,1.5,1.0,6,True,1,41,-184.59,245.96,0.7629,0.5366,-4.502,593.97,-778.56,29,-35.96,163.6,0.9308,0.5862,-1.24,483.92,-519.88,12,-148.63,186.15,0.4254,0.4167,-12.386,110.05,-258.68,False
IFB_0454,emapmo_early,both,ALL,1.0,1.0,24,False,3,37,-173.38,257.39,0.7769,0.4054,-4.686,603.9,-777.28,25,-4.75,257.39,0.9902,0.48,-0.19,481.37,-486.12,12,-168.63,176.17,0.4208,0.25,-14.053,122.53,-291.16,False
IFB_0456,emapmo_early,both,ALL,1.0,1.0,24,True,3,37,-173.38,257.39,0.7769,0.4054,-4.686,603.9,-777.28,25,-4.75,257.39,0.9902,0.48,-0.19,481.37,-486.12,12,-168.63,176.17,0.4208,0.25,-14.053,122.53,-291.16,False
IFB_0306,emapmo_normal,short,ALL,1.0,1.0,12,False,3,11,-21.14,93.71,0.8462,0.4545,-1.922,116.3,-137.44,6,32.56,22.49,1.7239,0.6667,5.427,77.54,-44.98,5,-53.7,71.22,0.4192,0.2,-10.74,38.76,-92.46,False
IFB_0308,emapmo_normal,short,ALL,1.0,1.0,12,True,3,11,-21.14,93.71,0.8462,0.4545,-1.922,116.3,-137.44,6,32.56,22.49,1.7239,0.6667,5.427,77.54,-44.98,5,-53.7,71.22,0.4192,0.2,-10.74,38.76,-92.46,False
IFB_0310,emapmo_normal,short,ALL,1.0,1.0,24,False,3,11,-21.14,93.71,0.8462,0.4545,-1.922,116.3,-137.44,6,32.56,22.49,1.7239,0.6667,5.427,77.54,-44.98,5,-53.7,71.22,0.4192,0.2,-10.74,38.76,-92.46,False
IFB_0312,emapmo_normal,short,ALL,1.0,1.0,24,True,3,11,-21.14,93.71,0.8462,0.4545,-1.922,116.3,-137.44,6,32.56,22.49,1.7239,0.6667,5.427,77.54,-44.98,5,-53.7,71.22,0.4192,0.2,-10.74,38.76,-92.46,False
IFB_0446,emapmo_early,both,ALL,1.0,1.0,6,False,3,39,-103.36,239.82,0.8528,0.4103,-2.65,598.91,-702.27,26,55.26,201.14,1.1286,0.5,2.125,485.13,-429.87,13,-158.62,176.17,0.4177,0.2308,-12.202,113.78,-272.4,False
IFB_0448,emapmo_early,both,ALL,1.0,1.0,6,True,3,39,-103.36,239.82,0.8528,0.4103,-2.65,598.91,-702.27,26,55.26,201.14,1.1286,0.5,2.125,485.13,-429.87,13,-158.62,176.17,0.4177,0.2308,-12.202,113.78,-272.4,False
IFB_0510,emapmo_early,both,PRE_RTH,1.5,1.0,12,False,3,26,54.01,154.97,1.1017,0.5385,2.077,585.14,-531.13,18,171.43,154.97,1.5176,0.6111,9.524,502.61,-331.18,8,-117.42,117.42,0.4128,0.375,-14.678,82.53,-199.95,False
IFB_0512,emapmo_early,both,PRE_RTH,1.5,1.0,12,True,3,26,54.01,154.97,1.1017,0.5385,2.077,585.14,-531.13,18,171.43,154.97,1.5176,0.6111,9.524,502.61,-331.18,8,-117.42,117.42,0.4128,0.375,-14.678,82.53,-199.95,False
IFB_0514,emapmo_early,both,PRE_RTH,1.5,1.0,24,False,3,26,32.76,154.97,1.0593,0.5385,1.26,585.14,-552.38,18,150.18,154.97,1.4261,0.6111,8.343,502.61,-352.43,8,-117.42,117.42,0.4128,0.375,-14.678,82.53,-199.95,False
IFB_0516,emapmo_early,both,PRE_RTH,1.5,1.0,24,True,3,26,32.76,154.97,1.0593,0.5385,1.26,585.14,-552.38,18,150.18,154.97,1.4261,0.6111,8.343,502.61,-352.43,8,-117.42,117.42,0.4128,0.375,-14.678,82.53,-199.95,False
IFB_0558,emapmo_early,both,RTH,1.5,1.0,12,False,3,24,-2.26,164.87,0.9957,0.5,-0.094,528.87,-531.13,16,115.16,164.87,1.3477,0.5625,7.198,446.34,-331.18,8,-117.42,117.42,0.4128,0.375,-14.678,82.53,-199.95,False
IFB_0560,emapmo_early,both,RTH,1.5,1.0,12,True,3,24,-2.26,164.87,0.9957,0.5,-0.094,528.87,-531.13,16,115.16,164.87,1.3477,0.5625,7.198,446.34,-331.18,8,-117.42,117.42,0.4128,0.375,-14.678,82.53,-199.95,False
IFB_0562,emapmo_early,both,RTH,1.5,1.0,24,False,3,24,-23.51,186.12,0.9574,0.5,-0.98,528.87,-552.38,16,93.91,186.12,1.2665,0.5625,5.869,446.34,-352.43,8,-117.42,117.42,0.4128,0.375,-14.678,82.53,-199.95,False
IFB_0564,emapmo_early,both,RTH,1.5,1.0,24,True,3,24,-23.51,186.12,0.9574,0.5,-0.98,528.87,-552.38,16,93.91,186.12,1.2665,0.5625,5.869,446.34,-352.43,8,-117.42,117.42,0.4128,0.375,-14.678,82.53,-199.95,False
IFB_0798,emapmo_early,short,PRE_RTH,1.5,1.0,12,False,3,20,-64.8,117.42,0.7942,0.5,-3.24,250.1,-314.9,12,52.62,43.72,1.4578,0.5833,4.385,167.57,-114.95,8,-117.42,117.42,0.4128,0.375,-14.678,82.53,-199.95,False
IFB_0800,emapmo_early,short,PRE_RTH,1.5,1.0,12,True,3,20,-64.8,117.42,0.7942,0.5,-3.24,250.1,-314.9,12,52.62,43.72,1.4578,0.5833,4.385,167.57,-114.95,8,-117.42,117.42,0.4128,0.375,-14.678,82.53,-199.95,False
IFB_0802,emapmo_early,short,PRE_RTH,1.5,1.0,24,False,3,20,-86.05,117.42,0.744,0.5,-4.303,250.1,-336.15,12,31.37,47.48,1.2303,0.5833,2.614,167.57,-136.2,8,-117.42,117.42,0.4128,0.375,-14.678,82.53,-199.95,False
IFB_0804,emapmo_early,short,PRE_RTH,1.5,1.0,24,True,3,20,-86.05,117.42,0.744,0.5,-4.303,250.1,-336.15,12,31.37,47.48,1.2303,0.5833,2.614,167.57,-136.2,8,-117.42,117.42,0.4128,0.375,-14.678,82.53,-199.95,False
IFB_0846,emapmo_early,short,RTH,1.5,1.0,12,False,3,18,-121.07,121.07,0.6155,0.4444,-6.726,193.83,-314.9,10,-3.65,71.21,0.9682,0.5,-0.365,111.3,-114.95,8,-117.42,117.42,0.4128,0.375,-14.678,82.53,-199.95,False
IFB_0848,emapmo_early,short,RTH,1.5,1.0,12,True,3,18,-121.07,121.07,0.6155,0.4444,-6.726,193.83,-314.9,10,-3.65,71.21,0.9682,0.5,-0.365,111.3,-114.95,8,-117.42,117.42,0.4128,0.375,-14.678,82.53,-199.95,False
IFB_0850,emapmo_early,short,RTH,1.5,1.0,24,False,3,18,-142.32,142.32,0.5766,0.4444,-7.907,193.83,-336.15,10,-24.9,89.92,0.8172,0.5,-2.49,111.3,-136.2,8,-117.42,117.42,0.4128,0.375,-14.678,82.53,-199.95,False
IFB_0852,emapmo_early,short,RTH,1.5,1.0,24,True,3,18,-142.32,142.32,0.5766,0.4444,-7.907,193.83,-336.15,10,-24.9,89.92,0.8172,0.5,-2.49,111.3,-136.2,8,-117.42,117.42,0.4128,0.375,-14.678,82.53,-199.95,False
IFB_1101,kdjma,long,PRE_RTH,1.5,1.5,24,False,1,41,-510.84,572.18,0.5591,0.3902,-12.46,647.66,-1158.5,29,-267.21,323.56,0.6436,0.3793,-9.214,482.61,-749.82,12,-243.63,299.9,0.4039,0.4167,-20.302,165.05,-408.68,False
IFB_1103,kdjma,long,PRE_RTH,1.5,1.5,24,True,1,41,-510.84,572.18,0.5591,0.3902,-12.46,647.66,-1158.5,29,-267.21,323.56,0.6436,0.3793,-9.214,482.61,-749.82,12,-243.63,299.9,0.4039,0.4167,-20.302,165.05,-408.68,False
IFB_0074,emapmo_normal,both,PRE_RTH,1.5,1.0,6,False,3,8,75.08,57.49,1.8583,0.75,9.385,162.56,-87.48,4,127.54,0.0,999.0,1.0,31.885,127.54,0.0,4,-52.46,57.49,0.4003,0.5,-13.115,35.02,-87.48,False
IFB_0076,emapmo_normal,both,PRE_RTH,1.5,1.0,6,True,3,8,75.08,57.49,1.8583,0.75,9.385,162.56,-87.48,4,127.54,0.0,999.0,1.0,31.885,127.54,0.0,4,-52.46,57.49,0.4003,0.5,-13.115,35.02,-87.48,False
IFB_0122,emapmo_normal,both,RTH,1.5,1.0,6,False,3,7,46.32,57.49,1.5295,0.7143,6.617,133.8,-87.48,3,98.78,0.0,999.0,1.0,32.927,98.78,0.0,4,-52.46,57.49,0.4003,0.5,-13.115,35.02,-87.48,False
IFB_0124,emapmo_normal,both,RTH,1.5,1.0,6,True,3,7,46.32,57.49,1.5295,0.7143,6.617,133.8,-87.48,3,98.78,0.0,999.0,1.0,32.927,98.78,0.0,4,-52.46,57.49,0.4003,0.5,-13.115,35.02,-87.48,False
IFB_0362,emapmo_normal,short,PRE_RTH,1.5,1.0,6,False,3,7,2.57,57.49,1.0294,0.7143,0.367,90.05,-87.48,3,55.03,0.0,999.0,1.0,18.343,55.03,0.0,4,-52.46,57.49,0.4003,0.5,-13.115,35.02,-87.48,False
IFB_0364,emapmo_normal,short,PRE_RTH,1.5,1.0,6,True,3,7,2.57,57.49,1.0294,0.7143,0.367,90.05,-87.48,3,55.03,0.0,999.0,1.0,18.343,55.03,0.0,4,-52.46,57.49,0.4003,0.5,-13.115,35.02,-87.48,False
IFB_0410,emapmo_normal,short,RTH,1.5,1.0,6,False,3,6,-26.19,57.49,0.7006,0.6667,-4.365,61.29,-87.48,2,26.27,0.0,999.0,1.0,13.135,26.27,0.0,4,-52.46,57.49,0.4003,0.5,-13.115,35.02,-87.48,False
IFB_0412,emapmo_normal,short,RTH,1.5,1.0,6,True,3,6,-26.19,57.49,0.7006,0.6667,-4.365,61.29,-87.48,2,26.27,0.0,999.0,1.0,13.135,26.27,0.0,4,-52.46,57.49,0.4003,0.5,-13.115,35.02,-87.48,False
IFB_0301,emapmo_normal,short,ALL,1.0,1.0,6,False,1,8,-11.17,43.71,0.8603,0.5,-1.396,68.79,-79.96,5,10.05,22.49,1.2234,0.6,2.01,55.03,-44.98,3,-21.22,21.24,0.3934,0.3333,-7.073,13.76,-34.98,False
IFB_0303,emapmo_normal,short,ALL,1.0,1.0,6,True,1,8,-11.17,43.71,0.8603,0.5,-1.396,68.79,-79.96,5,10.05,22.49,1.2234,0.6,2.01,55.03,-44.98,3,-21.22,21.24,0.3934,0.3333,-7.073,13.76,-34.98,False
IFB_1141,kdjma,long,RTH,1.5,1.5,6,False,1,34,-300.91,409.69,0.6781,0.5,-8.85,633.92,-934.83,24,-102.26,313.56,0.8323,0.5417,-4.261,507.63,-609.89,10,-198.65,228.66,0.3887,0.4,-19.865,126.29,-324.94,False
IFB_1143,kdjma,long,RTH,1.5,1.5,6,True,1,34,-300.91,409.69,0.6781,0.5,-8.85,633.92,-934.83,24,-102.26,313.56,0.8323,0.5417,-4.261,507.63,-609.89,10,-198.65,228.66,0.3887,0.4,-19.865,126.29,-324.94,False
IFB_0473,emapmo_early,both,ALL,1.5,1.5,12,False,1,15,-307.35,371.16,0.4779,0.3333,-20.49,281.3,-588.65,10,-174.9,239.98,0.532,0.4,-17.49,198.79,-373.69,5,-132.45,143.72,0.3838,0.2,-26.49,82.51,-214.96,False
IFB_0475,emapmo_early,both,ALL,1.5,1.5,12,True,1,15,-307.35,371.16,0.4779,0.3333,-20.49,281.3,-588.65,10,-174.9,239.98,0.532,0.4,-17.49,198.79,-373.69,5,-132.45,143.72,0.3838,0.2,-26.49,82.51,-214.96,False
IFB_0494,emapmo_early,both,PRE_RTH,1.0,1.0,6,False,3,26,19.01,189.9,1.0402,0.4231,0.731,491.36,-472.35,18,120.18,189.9,1.3894,0.5,6.677,428.84,-308.66,8,-101.17,101.17,0.3819,0.25,-12.646,62.52,-163.69,False
IFB_0496,emapmo_early,both,PRE_RTH,1.0,1.0,6,True,3,26,19.01,189.9,1.0402,0.4231,0.731,491.36,-472.35,18,120.18,189.9,1.3894,0.5,6.677,428.84,-308.66,8,-101.17,101.17,0.3819,0.25,-12.646,62.52,-163.69,False
IFB_0498,emapmo_early,both,PRE_RTH,1.0,1.0,12,False,3,26,19.01,189.9,1.0402,0.4231,0.731,491.36,-472.35,18,120.18,189.9,1.3894,0.5,6.677,428.84,-308.66,8,-101.17,101.17,0.3819,0.25,-12.646,62.52,-163.69,False
IFB_0500,emapmo_early,both,PRE_RTH,1.0,1.0,12,True,3,26,19.01,189.9,1.0402,0.4231,0.731,491.36,-472.35,18,120.18,189.9,1.3894,0.5,6.677,428.84,-308.66,8,-101.17,101.17,0.3819,0.25,-12.646,62.52,-163.69,False
IFB_0502,emapmo_early,both,PRE_RTH,1.0,1.0,24,False,3,26,19.01,189.9,1.0402,0.4231,0.731,491.36,-472.35,18,120.18,189.9,1.3894,0.5,6.677,428.84,-308.66,8,-101.17,101.17,0.3819,0.25,-12.646,62.52,-163.69,False
IFB_0504,emapmo_early,both,PRE_RTH,1.0,1.0,24,True,3,26,19.01,189.9,1.0402,0.4231,0.731,491.36,-472.35,18,120.18,189.9,1.3894,0.5,6.677,428.84,-308.66,8,-101.17,101.17,0.3819,0.25,-12.646,62.52,-163.69,False
IFB_0542,emapmo_early,both,RTH,1.0,1.0,6,False,3,24,-37.26,216.12,0.9211,0.375,-1.552,435.09,-472.35,16,63.91,216.12,1.2071,0.4375,3.994,372.57,-308.66,8,-101.17,101.17,0.3819,0.25,-12.646,62.52,-163.69,False
IFB_0544,emapmo_early,both,RTH,1.0,1.0,6,True,3,24,-37.26,216.12,0.9211,0.375,-1.552,435.09,-472.35,16,63.91,216.12,1.2071,0.4375,3.994,372.57,-308.66,8,-101.17,101.17,0.3819,0.25,-12.646,62.52,-163.69,False
IFB_0546,emapmo_early,both,RTH,1.0,1.0,12,False,3,24,-37.26,216.12,0.9211,0.375,-1.552,435.09,-472.35,16,63.91,216.12,1.2071,0.4375,3.994,372.57,-308.66,8,-101.17,101.17,0.3819,0.25,-12.646,62.52,-163.69,False
IFB_0548,emapmo_early,both,RTH,1.0,1.0,12,True,3,24,-37.26,216.12,0.9211,0.375,-1.552,435.09,-472.35,16,63.91,216.12,1.2071,0.4375,3.994,372.57,-308.66,8,-101.17,101.17,0.3819,0.25,-12.646,62.52,-163.69,False
IFB_0550,emapmo_early,both,RTH,1.0,1.0,24,False,3,24,-37.26,216.12,0.9211,0.375,-1.552,435.09,-472.35,16,63.91,216.12,1.2071,0.4375,3.994,372.57,-308.66,8,-101.17,101.17,0.3819,0.25,-12.646,62.52,-163.69,False
IFB_0552,emapmo_early,both,RTH,1.0,1.0,24,True,3,24,-37.26,216.12,0.9211,0.375,-1.552,435.09,-472.35,16,63.91,216.12,1.2071,0.4375,3.994,372.57,-308.66,8,-101.17,101.17,0.3819,0.25,-12.646,62.52,-163.69,False
IFB_0782,emapmo_early,short,PRE_RTH,1.0,1.0,6,False,3,20,-61.05,101.17,0.7799,0.4,-3.052,216.33,-277.38,12,40.12,54.95,1.3529,0.5,3.343,153.81,-113.69,8,-101.17,101.17,0.3819,0.25,-12.646,62.52,-163.69,False
IFB_0784,emapmo_early,short,PRE_RTH,1.0,1.0,6,True,3,20,-61.05,101.17,0.7799,0.4,-3.052,216.33,-277.38,12,40.12,54.95,1.3529,0.5,3.343,153.81,-113.69,8,-101.17,101.17,0.3819,0.25,-12.646,62.52,-163.69,False
IFB_0786,emapmo_early,short,PRE_RTH,1.0,1.0,12,False,3,20,-61.05,101.17,0.7799,0.4,-3.052,216.33,-277.38,12,40.12,54.95,1.3529,0.5,3.343,153.81,-113.69,8,-101.17,101.17,0.3819,0.25,-12.646,62.52,-163.69,False
IFB_0788,emapmo_early,short,PRE_RTH,1.0,1.0,12,True,3,20,-61.05,101.17,0.7799,0.4,-3.052,216.33,-277.38,12,40.12,54.95,1.3529,0.5,3.343,153.81,-113.69,8,-101.17,101.17,0.3819,0.25,-12.646,62.52,-163.69,False
IFB_0790,emapmo_early,short,PRE_RTH,1.0,1.0,24,False,3,20,-61.05,101.17,0.7799,0.4,-3.052,216.33,-277.38,12,40.12,54.95,1.3529,0.5,3.343,153.81,-113.69,8,-101.17,101.17,0.3819,0.25,-12.646,62.52,-163.69,False
IFB_0792,emapmo_early,short,PRE_RTH,1.0,1.0,24,True,3,20,-61.05,101.17,0.7799,0.4,-3.052,216.33,-277.38,12,40.12,54.95,1.3529,0.5,3.343,153.81,-113.69,8,-101.17,101.17,0.3819,0.25,-12.646,62.52,-163.69,False
IFB_0830,emapmo_early,short,RTH,1.0,1.0,6,False,3,18,-117.32,117.32,0.577,0.3333,-6.518,160.06,-277.38,10,-16.15,81.17,0.8579,0.4,-1.615,97.54,-113.69,8,-101.17,101.17,0.3819,0.25,-12.646,62.52,-163.69,False
IFB_0832,emapmo_early,short,RTH,1.0,1.0,6,True,3,18,-117.32,117.32,0.577,0.3333,-6.518,160.06,-277.38,10,-16.15,81.17,0.8579,0.4,-1.615,97.54,-113.69,8,-101.17,101.17,0.3819,0.25,-12.646,62.52,-163.69,False
IFB_0834,emapmo_early,short,RTH,1.0,1.0,12,False,3,18,-117.32,117.32,0.577,0.3333,-6.518,160.06,-277.38,10,-16.15,81.17,0.8579,0.4,-1.615,97.54,-113.69,8,-101.17,101.17,0.3819,0.25,-12.646,62.52,-163.69,False
IFB_0836,emapmo_early,short,RTH,1.0,1.0,12,True,3,18,-117.32,117.32,0.577,0.3333,-6.518,160.06,-277.38,10,-16.15,81.17,0.8579,0.4,-1.615,97.54,-113.69,8,-101.17,101.17,0.3819,0.25,-12.646,62.52,-163.69,False
IFB_0838,emapmo_early,short,RTH,1.0,1.0,24,False,3,18,-117.32,117.32,0.577,0.3333,-6.518,160.06,-277.38,10,-16.15,81.17,0.8579,0.4,-1.615,97.54,-113.69,8,-101.17,101.17,0.3819,0.25,-12.646,62.52,-163.69,False
IFB_0840,emapmo_early,short,RTH,1.0,1.0,24,True,3,18,-117.32,117.32,0.577,0.3333,-6.518,160.06,-277.38,10,-16.15,81.17,0.8579,0.4,-1.615,97.54,-113.69,8,-101.17,101.17,0.3819,0.25,-12.646,62.52,-163.69,False
IFB_1149,kdjma,long,RTH,1.5,1.5,24,False,1,34,-533.41,582.19,0.5517,0.4118,-15.689,656.39,-1189.8,24,-263.51,384.8,0.6503,0.4167,-10.98,490.1,-753.61,10,-269.9,299.91,0.3812,0.4,-26.99,166.29,-436.19,False
IFB_1151,kdjma,long,RTH,1.5,1.5,24,True,1,34,-533.41,582.19,0.5517,0.4118,-15.689,656.39,-1189.8,24,-263.51,384.8,0.6503,0.4167,-10.98,490.1,-753.61,10,-269.9,299.91,0.3812,0.4,-26.99,166.29,-436.19,False
IFB_0450,emapmo_early,both,ALL,1.0,1.0,12,False,3,37,-204.63,284.84,0.7417,0.3784,-5.531,587.64,-792.27,25,-4.75,257.39,0.9902,0.48,-0.19,481.37,-486.12,12,-199.88,199.88,0.3471,0.1667,-16.657,106.27,-306.15,False
IFB_0452,emapmo_early,both,ALL,1.0,1.0,12,True,3,37,-204.63,284.84,0.7417,0.3784,-5.531,587.64,-792.27,25,-4.75,257.39,0.9902,0.48,-0.19,481.37,-486.12,12,-199.88,199.88,0.3471,0.1667,-16.657,106.27,-306.15,False
IFB_0445,emapmo_early,both,ALL,1.0,1.0,6,False,1,16,-193.59,222.37,0.4487,0.3125,-12.099,157.55,-351.14,10,-162.4,191.2,0.3403,0.3,-16.24,83.78,-246.18,6,-31.19,97.47,0.7028,0.3333,-5.198,73.77,-104.96,False
IFB_0447,emapmo_early,both,ALL,1.0,1.0,6,True,1,16,-193.59,222.37,0.4487,0.3125,-12.099,157.55,-351.14,10,-162.4,191.2,0.3403,0.3,-16.24,83.78,-246.18,6,-31.19,97.47,0.7028,0.3333,-5.198,73.77,-104.96,False
IFB_0605,emapmo_early,long,ALL,1.5,1.0,12,False,1,6,-144.94,239.98,0.5044,0.5,-24.157,147.53,-292.47,4,-158.71,239.98,0.3387,0.5,-39.678,81.27,-239.98,2,13.77,52.49,1.2623,0.5,6.885,66.26,-52.49,False
IFB_0607,emapmo_early,long,ALL,1.5,1.0,12,True,1,6,-144.94,239.98,0.5044,0.5,-24.157,147.53,-292.47,4,-158.71,239.98,0.3387,0.5,-39.678,81.27,-239.98,2,13.77,52.49,1.2623,0.5,6.885,66.26,-52.49,False
IFB_0609,emapmo_early,long,ALL,1.5,1.0,24,False,1,6,-144.94,239.98,0.5044,0.5,-24.157,147.53,-292.47,4,-158.71,239.98,0.3387,0.5,-39.678,81.27,-239.98,2,13.77,52.49,1.2623,0.5,6.885,66.26,-52.49,False
IFB_0611,emapmo_early,long,ALL,1.5,1.0,24,True,1,6,-144.94,239.98,0.5044,0.5,-24.157,147.53,-292.47,4,-158.71,239.98,0.3387,0.5,-39.678,81.27,-239.98,2,13.77,52.49,1.2623,0.5,6.885,66.26,-52.49,False
IFB_1129,kdjma,long,RTH,1.5,1.0,6,False,1,34,-290.91,384.69,0.6731,0.5294,-8.556,598.93,-889.84,24,-76.01,304.81,0.8654,0.5833,-3.167,488.89,-564.9,10,-214.9,234.91,0.3386,0.4,-21.49,110.04,-324.94,False
IFB_1131,kdjma,long,RTH,1.5,1.0,6,True,1,34,-290.91,384.69,0.6731,0.5294,-8.556,598.93,-889.84,24,-76.01,304.81,0.8654,0.5833,-3.167,488.89,-564.9,10,-214.9,234.91,0.3386,0.4,-21.49,110.04,-324.94,False
IFB_1069,kdjma,long,PRE_RTH,1.0,1.0,6,False,1,41,-193.34,263.46,0.7119,0.439,-4.716,477.68,-671.02,29,-48.46,201.1,0.8929,0.4828,-1.671,403.89,-452.35,12,-144.88,182.4,0.3374,0.3333,-12.073,73.79,-218.67,False
IFB_1071,kdjma,long,PRE_RTH,1.0,1.0,6,True,1,41,-193.34,263.46,0.7119,0.439,-4.716,477.68,-671.02,29,-48.46,201.1,0.8929,0.4828,-1.671,403.89,-452.35,12,-144.88,182.4,0.3374,0.3333,-12.073,73.79,-218.67,False
IFB_1085,kdjma,long,PRE_RTH,1.5,1.0,12,False,1,41,-258.34,345.96,0.706,0.5366,-6.301,620.22,-878.56,29,-30.96,184.85,0.9428,0.5862,-1.068,510.17,-541.13,12,-227.38,264.9,0.3261,0.4167,-18.948,110.05,-337.43,False
IFB_1087,kdjma,long,PRE_RTH,1.5,1.0,12,True,1,41,-258.34,345.96,0.706,0.5366,-6.301,620.22,-878.56,29,-30.96,184.85,0.9428,0.5862,-1.068,510.17,-541.13,12,-227.38,264.9,0.3261,0.4167,-18.948,110.05,-337.43,False
IFB_0742,emapmo_early,short,ALL,1.0,1.0,24,False,3,24,-67.26,154.9,0.8078,0.4583,-2.802,282.61,-349.87,16,53.91,58.74,1.3126,0.5625,3.369,226.34,-172.43,8,-121.17,121.17,0.3171,0.25,-15.146,56.27,-177.44,False
IFB_0744,emapmo_early,short,ALL,1.0,1.0,24,True,3,24,-67.26,154.9,0.8078,0.4583,-2.802,282.61,-349.87,16,53.91,58.74,1.3126,0.5625,3.369,226.34,-172.43,8,-121.17,121.17,0.3171,0.25,-15.146,56.27,-177.44,False
IFB_0290,emapmo_normal,short,ALL,1.0,0.75,6,False,3,11,-51.14,93.71,0.6279,0.4545,-4.649,86.3,-137.44,6,12.56,22.49,1.2792,0.6667,2.093,57.54,-44.98,5,-63.7,71.22,0.3111,0.2,-12.74,28.76,-92.46,False
IFB_0292,emapmo_normal,short,ALL,1.0,0.75,6,True,3,11,-51.14,93.71,0.6279,0.4545,-4.649,86.3,-137.44,6,12.56,22.49,1.2792,0.6667,2.093,57.54,-44.98,5,-63.7,71.22,0.3111,0.2,-12.74,28.76,-92.46,False
IFB_0294,emapmo_normal,short,ALL,1.0,0.75,12,False,3,11,-51.14,93.71,0.6279,0.4545,-4.649,86.3,-137.44,6,12.56,22.49,1.2792,0.6667,2.093,57.54,-44.98,5,-63.7,71.22,0.3111,0.2,-12.74,28.76,-92.46,False
IFB_0296,emapmo_normal,short,ALL,1.0,0.75,12,True,3,11,-51.14,93.71,0.6279,0.4545,-4.649,86.3,-137.44,6,12.56,22.49,1.2792,0.6667,2.093,57.54,-44.98,5,-63.7,71.22,0.3111,0.2,-12.74,28.76,-92.46,False
IFB_0298,emapmo_normal,short,ALL,1.0,0.75,24,False,3,11,-51.14,93.71,0.6279,0.4545,-4.649,86.3,-137.44,6,12.56,22.49,1.2792,0.6667,2.093,57.54,-44.98,5,-63.7,71.22,0.3111,0.2,-12.74,28.76,-92.46,False
IFB_0300,emapmo_normal,short,ALL,1.0,0.75,24,True,3,11,-51.14,93.71,0.6279,0.4545,-4.649,86.3,-137.44,6,12.56,22.49,1.2792,0.6667,2.093,57.54,-44.98,5,-63.7,71.22,0.3111,0.2,-12.74,28.76,-92.46,False
IFB_0461,emapmo_early,both,ALL,1.5,1.0,12,False,1,15,-391.1,409.88,0.3356,0.3333,-26.073,197.55,-588.65,10,-242.4,261.18,0.3513,0.4,-24.24,131.29,-373.69,5,-148.7,148.7,0.3082,0.2,-29.74,66.26,-214.96,False
IFB_0463,emapmo_early,both,ALL,1.5,1.0,12,True,1,15,-391.1,409.88,0.3356,0.3333,-26.073,197.55,-588.65,10,-242.4,261.18,0.3513,0.4,-24.24,131.29,-373.69,5,-148.7,148.7,0.3082,0.2,-29.74,66.26,-214.96,False
IFB_0465,emapmo_early,both,ALL,1.5,1.0,24,False,1,15,-391.1,409.88,0.3356,0.3333,-26.073,197.55,-588.65,10,-242.4,261.18,0.3513,0.4,-24.24,131.29,-373.69,5,-148.7,148.7,0.3082,0.2,-29.74,66.26,-214.96,False
IFB_0467,emapmo_early,both,ALL,1.5,1.0,24,True,1,15,-391.1,409.88,0.3356,0.3333,-26.073,197.55,-588.65,10,-242.4,261.18,0.3513,0.4,-24.24,131.29,-373.69,5,-148.7,148.7,0.3082,0.2,-29.74,66.26,-214.96,False
IFB_1133,kdjma,long,RTH,1.5,1.0,12,False,1,34,-325.91,419.69,0.6573,0.5294,-9.586,625.18,-951.09,24,-71.01,299.81,0.8789,0.5833,-2.959,515.14,-586.15,10,-254.9,274.91,0.3015,0.4,-25.49,110.04,-364.94,False
IFB_1135,kdjma,long,RTH,1.5,1.0,12,True,1,34,-325.91,419.69,0.6573,0.5294,-9.586,625.18,-951.09,24,-71.01,299.81,0.8789,0.5833,-2.959,515.14,-586.15,10,-254.9,274.91,0.3015,0.4,-25.49,110.04,-364.94,False
IFB_0318,emapmo_normal,short,ALL,1.5,1.0,12,False,3,11,-83.64,136.21,0.5817,0.4545,-7.604,116.3,-199.94,6,11.31,33.74,1.1708,0.6667,1.885,77.54,-66.23,5,-94.95,103.72,0.2899,0.2,-18.99,38.76,-133.71,False
IFB_0320,emapmo_normal,short,ALL,1.5,1.0,12,True,3,11,-83.64,136.21,0.5817,0.4545,-7.604,116.3,-199.94,6,11.31,33.74,1.1708,0.6667,1.885,77.54,-66.23,5,-94.95,103.72,0.2899,0.2,-18.99,38.76,-133.71,False
IFB_0322,emapmo_normal,short,ALL,1.5,1.0,24,False,3,11,-83.64,136.21,0.5817,0.4545,-7.604,116.3,-199.94,6,11.31,33.74,1.1708,0.6667,1.885,77.54,-66.23,5,-94.95,103.72,0.2899,0.2,-18.99,38.76,-133.71,False
IFB_0324,emapmo_normal,short,ALL,1.5,1.0,24,True,3,11,-83.64,136.21,0.5817,0.4545,-7.604,116.3,-199.94,6,11.31,33.74,1.1708,0.6667,1.885,77.54,-66.23,5,-94.95,103.72,0.2899,0.2,-18.99,38.76,-133.71,False
IFB_0518,emapmo_early,both,PRE_RTH,1.5,1.5,6,False,3,24,20.24,148.7,1.04,0.4167,0.843,526.35,-506.11,16,143.91,138.74,1.4329,0.5,8.994,476.33,-332.42,8,-123.67,148.7,0.288,0.25,-15.459,50.02,-173.69,False
IFB_0520,emapmo_early,both,PRE_RTH,1.5,1.5,6,True,3,24,20.24,148.7,1.04,0.4167,0.843,526.35,-506.11,16,143.91,138.74,1.4329,0.5,8.994,476.33,-332.42,8,-123.67,148.7,0.288,0.25,-15.459,50.02,-173.69,False
IFB_0566,emapmo_early,both,RTH,1.5,1.5,6,False,3,22,-66.03,148.7,0.8695,0.3636,-3.001,440.08,-506.11,14,57.64,138.74,1.1734,0.4286,4.117,390.06,-332.42,8,-123.67,148.7,0.288,0.25,-15.459,50.02,-173.69,False
IFB_0568,emapmo_early,both,RTH,1.5,1.5,6,True,3,22,-66.03,148.7,0.8695,0.3636,-3.001,440.08,-506.11,14,57.64,138.74,1.1734,0.4286,4.117,390.06,-332.42,8,-123.67,148.7,0.288,0.25,-15.459,50.02,-173.69,False
IFB_0806,emapmo_early,short,PRE_RTH,1.5,1.5,6,False,3,19,-82.31,181.13,0.7161,0.3684,-4.332,207.57,-289.88,11,41.36,57.46,1.356,0.4545,3.76,157.55,-116.19,8,-123.67,148.7,0.288,0.25,-15.459,50.02,-173.69,False
IFB_0808,emapmo_early,short,PRE_RTH,1.5,1.5,6,True,3,19,-82.31,181.13,0.7161,0.3684,-4.332,207.57,-289.88,11,41.36,57.46,1.356,0.4545,3.76,157.55,-116.19,8,-123.67,148.7,0.288,0.25,-15.459,50.02,-173.69,False
IFB_0854,emapmo_early,short,RTH,1.5,1.5,6,False,3,17,-168.58,181.13,0.4184,0.2941,-9.916,121.3,-289.88,9,-44.91,57.46,0.6135,0.3333,-4.99,71.28,-116.19,8,-123.67,148.7,0.288,0.25,-15.459,50.02,-173.69,False
IFB_0856,emapmo_early,short,RTH,1.5,1.5,6,True,3,17,-168.58,181.13,0.4184,0.2941,-9.916,121.3,-289.88,9,-44.91,57.46,0.6135,0.3333,-4.99,71.28,-116.19,8,-123.67,148.7,0.288,0.25,-15.459,50.02,-173.69,False
IFB_1117,kdjma,long,RTH,1.0,1.0,6,False,1,34,-230.91,332.27,0.682,0.4412,-6.791,495.15,-726.06,24,-44.76,281.14,0.904,0.5,-1.865,421.37,-466.13,10,-186.15,206.16,0.2838,0.3,-18.615,73.78,-259.93,False
IFB_1119,kdjma,long,RTH,1.0,1.0,6,True,1,34,-230.91,332.27,0.682,0.4412,-6.791,495.15,-726.06,24,-44.76,281.14,0.904,0.5,-1.865,421.37,-466.13,10,-186.15,206.16,0.2838,0.3,-18.615,73.78,-259.93,False
IFB_0449,emapmo_early,both,ALL,1.0,1.0,12,False,1,15,-298.6,327.38,0.3344,0.2667,-19.907,150.04,-448.64,10,-218.65,247.45,0.277,0.3,-21.865,83.78,-302.43,5,-79.95,97.47,0.4532,0.2,-15.99,66.26,-146.21,False
IFB_0451,emapmo_early,both,ALL,1.0,1.0,12,True,1,15,-298.6,327.38,0.3344,0.2667,-19.907,150.04,-448.64,10,-218.65,247.45,0.277,0.3,-21.865,83.78,-302.43,5,-79.95,97.47,0.4532,0.2,-15.99,66.26,-146.21,False
IFB_0453,emapmo_early,both,ALL,1.0,1.0,24,False,1,15,-298.6,327.38,0.3344,0.2667,-19.907,150.04,-448.64,10,-218.65,247.45,0.277,0.3,-21.865,83.78,-302.43,5,-79.95,97.47,0.4532,0.2,-15.99,66.26,-146.21,False
IFB_0455,emapmo_early,both,ALL,1.0,1.0,24,True,1,15,-298.6,327.38,0.3344,0.2667,-19.907,150.04,-448.64,10,-218.65,247.45,0.277,0.3,-21.865,83.78,-302.43,5,-79.95,97.47,0.4532,0.2,-15.99,66.26,-146.21,False
IFB_0313,emapmo_normal,short,ALL,1.5,1.0,6,False,1,8,-37.42,68.71,0.6477,0.5,-4.678,68.79,-106.21,5,-1.2,32.49,0.9787,0.6,-0.24,55.03,-56.23,3,-36.22,36.22,0.2753,0.3333,-12.073,13.76,-49.98,False
IFB_0315,emapmo_normal,short,ALL,1.5,1.0,6,True,1,8,-37.42,68.71,0.6477,0.5,-4.678,68.79,-106.21,5,-1.2,32.49,0.9787,0.6,-0.24,55.03,-56.23,3,-36.22,36.22,0.2753,0.3333,-12.073,13.76,-49.98,False
IFB_0325,emapmo_normal,short,ALL,1.5,1.5,6,False,1,8,-26.17,68.71,0.7536,0.5,-3.271,80.04,-106.21,5,10.05,32.49,1.1787,0.6,2.01,66.28,-56.23,3,-36.22,36.22,0.2753,0.3333,-12.073,13.76,-49.98,False
IFB_0327,emapmo_normal,short,ALL,1.5,1.5,6,True,1,8,-26.17,68.71,0.7536,0.5,-3.271,80.04,-106.21,5,10.05,32.49,1.1787,0.6,2.01,66.28,-56.23,3,-36.22,36.22,0.2753,0.3333,-12.073,13.76,-49.98,False
IFB_1089,kdjma,long,PRE_RTH,1.5,1.0,24,False,1,41,-329.59,417.21,0.653,0.5366,-8.039,620.22,-949.81,29,-30.96,184.85,0.9428,0.5862,-1.068,510.17,-541.13,12,-298.63,336.15,0.2693,0.4167,-24.886,110.05,-408.68,False
IFB_1091,kdjma,long,PRE_RTH,1.5,1.0,24,True,1,41,-329.59,417.21,0.653,0.5366,-8.039,620.22,-949.81,29,-30.96,184.85,0.9428,0.5862,-1.068,510.17,-541.13,12,-298.63,336.15,0.2693,0.4167,-24.886,110.05,-408.68,False
IFB_1137,kdjma,long,RTH,1.5,1.0,24,False,1,34,-397.16,490.94,0.6115,0.5294,-11.681,625.18,-1022.34,24,-71.01,299.81,0.8789,0.5833,-2.959,515.14,-586.15,10,-326.15,346.16,0.2523,0.4,-32.615,110.04,-436.19,False
IFB_1139,kdjma,long,RTH,1.5,1.0,24,True,1,34,-397.16,490.94,0.6115,0.5294,-11.681,625.18,-1022.34,24,-71.01,299.81,0.8789,0.5833,-2.959,515.14,-586.15,10,-326.15,346.16,0.2523,0.4,-32.615,110.04,-436.19,False
IFB_0734,emapmo_early,short,ALL,1.0,1.0,6,False,3,26,5.26,132.39,1.0167,0.4615,0.202,320.12,-314.86,18,123.93,54.95,1.7935,0.6111,6.885,280.11,-156.18,8,-118.67,118.67,0.2521,0.125,-14.834,40.01,-158.68,False
IFB_0736,emapmo_early,short,ALL,1.0,1.0,6,True,3,26,5.26,132.39,1.0167,0.4615,0.202,320.12,-314.86,18,123.93,54.95,1.7935,0.6111,6.885,280.11,-156.18,8,-118.67,118.67,0.2521,0.125,-14.834,40.01,-158.68,False
IFB_0433,emapmo_early,both,ALL,1.0,0.75,6,False,1,16,-183.59,199.93,0.4658,0.375,-11.474,160.06,-343.65,10,-184.9,199.93,0.2489,0.3,-18.49,61.28,-246.18,6,1.31,97.47,1.0134,0.5,0.218,98.78,-97.47,False
IFB_0435,emapmo_early,both,ALL,1.0,0.75,6,True,1,16,-183.59,199.93,0.4658,0.375,-11.474,160.06,-343.65,10,-184.9,199.93,0.2489,0.3,-18.49,61.28,-246.18,6,1.31,97.47,1.0134,0.5,0.218,98.78,-97.47,False
IFB_0506,emapmo_early,both,PRE_RTH,1.5,1.0,6,False,3,26,31.51,154.97,1.0613,0.5,1.212,545.13,-513.62,18,162.68,154.97,1.4786,0.6111,9.038,502.61,-339.93,8,-131.17,148.7,0.2448,0.25,-16.396,42.52,-173.69,False
IFB_0508,emapmo_early,both,PRE_RTH,1.5,1.0,6,True,3,26,31.51,154.97,1.0613,0.5,1.212,545.13,-513.62,18,162.68,154.97,1.4786,0.6111,9.038,502.61,-339.93,8,-131.17,148.7,0.2448,0.25,-16.396,42.52,-173.69,False
IFB_0554,emapmo_early,both,RTH,1.5,1.0,6,False,3,24,-24.76,173.62,0.9518,0.4583,-1.032,488.86,-513.62,16,106.41,173.62,1.313,0.5625,6.651,446.34,-339.93,8,-131.17,148.7,0.2448,0.25,-16.396,42.52,-173.69,False
IFB_0556,emapmo_early,both,RTH,1.5,1.0,6,True,3,24,-24.76,173.62,0.9518,0.4583,-1.032,488.86,-513.62,16,106.41,173.62,1.313,0.5625,6.651,446.34,-339.93,8,-131.17,148.7,0.2448,0.25,-16.396,42.52,-173.69,False
IFB_0794,emapmo_early,short,PRE_RTH,1.5,1.0,6,False,3,20,-87.3,148.7,0.7064,0.45,-4.365,210.09,-297.39,12,43.87,43.72,1.3546,0.5833,3.656,167.57,-123.7,8,-131.17,148.7,0.2448,0.25,-16.396,42.52,-173.69,False
IFB_0796,emapmo_early,short,PRE_RTH,1.5,1.0,6,True,3,20,-87.3,148.7,0.7064,0.45,-4.365,210.09,-297.39,12,43.87,43.72,1.3546,0.5833,3.656,167.57,-123.7,8,-131.17,148.7,0.2448,0.25,-16.396,42.52,-173.69,False
IFB_0842,emapmo_early,short,RTH,1.5,1.0,6,False,3,18,-143.57,148.7,0.5172,0.3889,-7.976,153.82,-297.39,10,-12.4,77.42,0.8998,0.5,-1.24,111.3,-123.7,8,-131.17,148.7,0.2448,0.25,-16.396,42.52,-173.69,False
IFB_0844,emapmo_early,short,RTH,1.5,1.0,6,True,3,18,-143.57,148.7,0.5172,0.3889,-7.976,153.82,-297.39,10,-12.4,77.42,0.8998,0.5,-1.24,111.3,-123.7,8,-131.17,148.7,0.2448,0.25,-16.396,42.52,-173.69,False
IFB_1073,kdjma,long,PRE_RTH,1.0,1.0,12,False,1,41,-263.34,359.71,0.6568,0.439,-6.423,503.93,-767.27,29,-22.21,201.1,0.9509,0.4828,-0.766,430.14,-452.35,12,-241.13,278.65,0.2343,0.3333,-20.094,73.79,-314.92,False
IFB_1075,kdjma,long,PRE_RTH,1.0,1.0,12,True,1,41,-263.34,359.71,0.6568,0.439,-6.423,503.93,-767.27,29,-22.21,201.1,0.9509,0.4828,-0.766,430.14,-452.35,12,-241.13,278.65,0.2343,0.3333,-20.094,73.79,-314.92,False
IFB_1077,kdjma,long,PRE_RTH,1.0,1.0,24,False,1,41,-263.34,359.71,0.6568,0.439,-6.423,503.93,-767.27,29,-22.21,201.1,0.9509,0.4828,-0.766,430.14,-452.35,12,-241.13,278.65,0.2343,0.3333,-20.094,73.79,-314.92,False
IFB_1079,kdjma,long,PRE_RTH,1.0,1.0,24,True,1,41,-263.34,359.71,0.6568,0.439,-6.423,503.93,-767.27,29,-22.21,201.1,0.9509,0.4828,-0.766,430.14,-452.35,12,-241.13,278.65,0.2343,0.3333,-20.094,73.79,-314.92,False
IFB_0061,emapmo_normal,both,PRE_RTH,1.0,1.0,6,False,1,7,81.32,46.22,2.3558,0.7143,11.617,141.3,-59.98,4,127.54,0.0,999.0,1.0,31.885,127.54,0.0,3,-46.22,46.22,0.2294,0.3333,-15.407,13.76,-59.98,False
IFB_0063,emapmo_normal,both,PRE_RTH,1.0,1.0,6,True,1,7,81.32,46.22,2.3558,0.7143,11.617,141.3,-59.98,4,127.54,0.0,999.0,1.0,31.885,127.54,0.0,3,-46.22,46.22,0.2294,0.3333,-15.407,13.76,-59.98,False
IFB_0109,emapmo_normal,both,RTH,1.0,1.0,6,False,1,6,52.56,46.22,1.8763,0.6667,8.76,112.54,-59.98,3,98.78,0.0,999.0,1.0,32.927,98.78,0.0,3,-46.22,46.22,0.2294,0.3333,-15.407,13.76,-59.98,False
IFB_0111,emapmo_normal,both,RTH,1.0,1.0,6,True,1,6,52.56,46.22,1.8763,0.6667,8.76,112.54,-59.98,3,98.78,0.0,999.0,1.0,32.927,98.78,0.0,3,-46.22,46.22,0.2294,0.3333,-15.407,13.76,-59.98,False
IFB_0349,emapmo_normal,short,PRE_RTH,1.0,1.0,6,False,1,6,8.81,46.22,1.1469,0.6667,1.468,68.79,-59.98,3,55.03,0.0,999.0,1.0,18.343,55.03,0.0,3,-46.22,46.22,0.2294,0.3333,-15.407,13.76,-59.98,False
IFB_0351,emapmo_normal,short,PRE_RTH,1.0,1.0,6,True,1,6,8.81,46.22,1.1469,0.6667,1.468,68.79,-59.98,3,55.03,0.0,999.0,1.0,18.343,55.03,0.0,3,-46.22,46.22,0.2294,0.3333,-15.407,13.76,-59.98,False
IFB_0397,emapmo_normal,short,RTH,1.0,1.0,6,False,1,5,-19.95,46.22,0.6674,0.6,-3.99,40.03,-59.98,2,26.27,0.0,999.0,1.0,13.135,26.27,0.0,3,-46.22,46.22,0.2294,0.3333,-15.407,13.76,-59.98,False
IFB_0399,emapmo_normal,short,RTH,1.0,1.0,6,True,1,5,-19.95,46.22,0.6674,0.6,-3.99,40.03,-59.98,2,26.27,0.0,999.0,1.0,13.135,26.27,0.0,3,-46.22,46.22,0.2294,0.3333,-15.407,13.76,-59.98,False
IFB_0762,emapmo_early,short,ALL,1.5,1.5,12,False,3,24,-81.01,218.65,0.8179,0.4583,-3.375,363.86,-444.87,16,125.16,49.99,1.7054,0.625,7.822,302.6,-177.44,8,-206.17,206.17,0.2291,0.125,-25.771,61.26,-267.43,False
IFB_0764,emapmo_early,short,ALL,1.5,1.5,12,True,3,24,-81.01,218.65,0.8179,0.4583,-3.375,363.86,-444.87,16,125.16,49.99,1.7054,0.625,7.822,302.6,-177.44,8,-206.17,206.17,0.2291,0.125,-25.771,61.26,-267.43,False
IFB_1121,kdjma,long,RTH,1.0,1.0,12,False,1,34,-277.16,404.77,0.6529,0.4412,-8.152,521.4,-798.56,24,-18.51,281.14,0.9603,0.5,-0.771,447.62,-466.13,10,-258.65,278.66,0.2219,0.3,-25.865,73.78,-332.43,False
IFB_1123,kdjma,long,RTH,1.0,1.0,12,True,1,34,-277.16,404.77,0.6529,0.4412,-8.152,521.4,-798.56,24,-18.51,281.14,0.9603,0.5,-0.771,447.62,-466.13,10,-258.65,278.66,0.2219,0.3,-25.865,73.78,-332.43,False
IFB_1125,kdjma,long,RTH,1.0,1.0,24,False,1,34,-277.16,404.77,0.6529,0.4412,-8.152,521.4,-798.56,24,-18.51,281.14,0.9603,0.5,-0.771,447.62,-466.13,10,-258.65,278.66,0.2219,0.3,-25.865,73.78,-332.43,False
IFB_1127,kdjma,long,RTH,1.0,1.0,24,True,1,34,-277.16,404.77,0.6529,0.4412,-8.152,521.4,-798.56,24,-18.51,281.14,0.9603,0.5,-0.771,447.62,-466.13,10,-258.65,278.66,0.2219,0.3,-25.865,73.78,-332.43,False
IFB_0766,emapmo_early,short,ALL,1.5,1.5,24,False,3,23,-206.02,334.87,0.6008,0.3913,-8.957,310.09,-516.11,15,11.4,117.45,1.048,0.5333,0.76,248.83,-237.43,8,-217.42,217.42,0.2198,0.125,-27.177,61.26,-278.68,False
IFB_0768,emapmo_early,short,ALL,1.5,1.5,24,True,3,23,-206.02,334.87,0.6008,0.3913,-8.957,310.09,-516.11,15,11.4,117.45,1.048,0.5333,0.76,248.83,-237.43,8,-217.42,217.42,0.2198,0.125,-27.177,61.26,-278.68,False
IFB_0589,emapmo_early,long,ALL,1.0,1.0,6,False,1,7,-82.43,154.97,0.5661,0.4286,-11.776,107.53,-189.96,4,-121.21,154.97,0.2178,0.25,-30.303,33.76,-154.97,3,38.78,34.99,2.1083,0.6667,12.927,73.77,-34.99,False
IFB_0591,emapmo_early,long,ALL,1.0,1.0,6,True,1,7,-82.43,154.97,0.5661,0.4286,-11.776,107.53,-189.96,4,-121.21,154.97,0.2178,0.25,-30.303,33.76,-154.97,3,38.78,34.99,2.1083,0.6667,12.927,73.77,-34.99,False
IFB_0738,emapmo_early,short,ALL,1.0,1.0,12,False,3,24,-88.51,176.15,0.7506,0.4167,-3.688,266.35,-354.86,16,63.91,54.95,1.3935,0.5625,3.994,226.34,-162.43,8,-152.42,152.42,0.2079,0.125,-19.053,40.01,-192.43,False
IFB_0740,emapmo_early,short,ALL,1.0,1.0,12,True,3,24,-88.51,176.15,0.7506,0.4167,-3.688,266.35,-354.86,16,63.91,54.95,1.3935,0.5625,3.994,226.34,-162.43,8,-152.42,152.42,0.2079,0.125,-19.053,40.01,-192.43,False
IFB_0437,emapmo_early,both,ALL,1.0,0.75,12,False,1,15,-254.85,269.88,0.3627,0.3333,-16.99,145.05,-399.9,10,-241.15,256.18,0.2026,0.3,-24.115,61.28,-302.43,5,-13.7,97.47,0.8594,0.4,-2.74,83.77,-97.47,False
IFB_0439,emapmo_early,both,ALL,1.0,0.75,12,True,1,15,-254.85,269.88,0.3627,0.3333,-16.99,145.05,-399.9,10,-241.15,256.18,0.2026,0.3,-24.115,61.28,-302.43,5,-13.7,97.47,0.8594,0.4,-2.74,83.77,-97.47,False
IFB_0441,emapmo_early,both,ALL,1.0,0.75,24,False,1,15,-254.85,269.88,0.3627,0.3333,-16.99,145.05,-399.9,10,-241.15,256.18,0.2026,0.3,-24.115,61.28,-302.43,5,-13.7,97.47,0.8594,0.4,-2.74,83.77,-97.47,False
IFB_0443,emapmo_early,both,ALL,1.0,0.75,24,True,1,15,-254.85,269.88,0.3627,0.3333,-16.99,145.05,-399.9,10,-241.15,256.18,0.2026,0.3,-24.115,61.28,-302.43,5,-13.7,97.47,0.8594,0.4,-2.74,83.77,-97.47,False
IFB_0577,emapmo_early,long,ALL,1.0,0.75,6,False,1,7,-99.93,154.97,0.4739,0.4286,-14.276,90.03,-189.96,4,-129.96,154.97,0.1614,0.25,-32.49,25.01,-154.97,3,30.03,34.99,1.8582,0.6667,10.01,65.02,-34.99,False
IFB_0579,emapmo_early,long,ALL,1.0,0.75,6,True,1,7,-99.93,154.97,0.4739,0.4286,-14.276,90.03,-189.96,4,-129.96,154.97,0.1614,0.25,-32.49,25.01,-154.97,3,30.03,34.99,1.8582,0.6667,10.01,65.02,-34.99,False
IFB_0593,emapmo_early,long,ALL,1.0,1.0,12,False,1,6,-146.19,211.22,0.4062,0.3333,-24.365,100.02,-246.21,4,-177.46,211.22,0.1598,0.25,-44.365,33.76,-211.22,2,31.27,34.99,1.8937,0.5,15.635,66.26,-34.99,False
IFB_0595,emapmo_early,long,ALL,1.0,1.0,12,True,1,6,-146.19,211.22,0.4062,0.3333,-24.365,100.02,-246.21,4,-177.46,211.22,0.1598,0.25,-44.365,33.76,-211.22,2,31.27,34.99,1.8937,0.5,15.635,66.26,-34.99,False
IFB_0597,emapmo_early,long,ALL,1.0,1.0,24,False,1,6,-146.19,211.22,0.4062,0.3333,-24.365,100.02,-246.21,4,-177.46,211.22,0.1598,0.25,-44.365,33.76,-211.22,2,31.27,34.99,1.8937,0.5,15.635,66.26,-34.99,False
IFB_0599,emapmo_early,long,ALL,1.0,1.0,24,True,1,6,-146.19,211.22,0.4062,0.3333,-24.365,100.02,-246.21,4,-177.46,211.22,0.1598,0.25,-44.365,33.76,-211.22,2,31.27,34.99,1.8937,0.5,15.635,66.26,-34.99,False
IFB_0073,emapmo_normal,both,PRE_RTH,1.5,1.0,6,False,1,7,53.82,73.72,1.6152,0.7143,7.689,141.3,-87.48,4,127.54,0.0,999.0,1.0,31.885,127.54,0.0,3,-73.72,73.72,0.1573,0.3333,-24.573,13.76,-87.48,False
IFB_0075,emapmo_normal,both,PRE_RTH,1.5,1.0,6,True,1,7,53.82,73.72,1.6152,0.7143,7.689,141.3,-87.48,4,127.54,0.0,999.0,1.0,31.885,127.54,0.0,3,-73.72,73.72,0.1573,0.3333,-24.573,13.76,-87.48,False
IFB_0085,emapmo_normal,both,PRE_RTH,1.5,1.5,6,False,1,7,65.07,73.72,1.7438,0.7143,9.296,152.55,-87.48,4,138.79,0.0,999.0,1.0,34.698,138.79,0.0,3,-73.72,73.72,0.1573,0.3333,-24.573,13.76,-87.48,False
IFB_0087,emapmo_normal,both,PRE_RTH,1.5,1.5,6,True,1,7,65.07,73.72,1.7438,0.7143,9.296,152.55,-87.48,4,138.79,0.0,999.0,1.0,34.698,138.79,0.0,3,-73.72,73.72,0.1573,0.3333,-24.573,13.76,-87.48,False
IFB_0121,emapmo_normal,both,RTH,1.5,1.0,6,False,1,6,25.06,73.72,1.2865,0.6667,4.177,112.54,-87.48,3,98.78,0.0,999.0,1.0,32.927,98.78,0.0,3,-73.72,73.72,0.1573,0.3333,-24.573,13.76,-87.48,False
IFB_0123,emapmo_normal,both,RTH,1.5,1.0,6,True,1,6,25.06,73.72,1.2865,0.6667,4.177,112.54,-87.48,3,98.78,0.0,999.0,1.0,32.927,98.78,0.0,3,-73.72,73.72,0.1573,0.3333,-24.573,13.76,-87.48,False
IFB_0133,emapmo_normal,both,RTH,1.5,1.5,6,False,1,6,20.06,73.72,1.2293,0.6667,3.343,107.54,-87.48,3,93.78,0.0,999.0,1.0,31.26,93.78,0.0,3,-73.72,73.72,0.1573,0.3333,-24.573,13.76,-87.48,False
IFB_0135,emapmo_normal,both,RTH,1.5,1.5,6,True,1,6,20.06,73.72,1.2293,0.6667,3.343,107.54,-87.48,3,93.78,0.0,999.0,1.0,31.26,93.78,0.0,3,-73.72,73.72,0.1573,0.3333,-24.573,13.76,-87.48,False
IFB_0361,emapmo_normal,short,PRE_RTH,1.5,1.0,6,False,1,6,-18.69,73.72,0.7864,0.6667,-3.115,68.79,-87.48,3,55.03,0.0,999.0,1.0,18.343,55.03,0.0,3,-73.72,73.72,0.1573,0.3333,-24.573,13.76,-87.48,False
IFB_0363,emapmo_normal,short,PRE_RTH,1.5,1.0,6,True,1,6,-18.69,73.72,0.7864,0.6667,-3.115,68.79,-87.48,3,55.03,0.0,999.0,1.0,18.343,55.03,0.0,3,-73.72,73.72,0.1573,0.3333,-24.573,13.76,-87.48,False
IFB_0373,emapmo_normal,short,PRE_RTH,1.5,1.5,6,False,1,6,-7.44,73.72,0.915,0.6667,-1.24,80.04,-87.48,3,66.28,0.0,999.0,1.0,22.093,66.28,0.0,3,-73.72,73.72,0.1573,0.3333,-24.573,13.76,-87.48,False
IFB_0375,emapmo_normal,short,PRE_RTH,1.5,1.5,6,True,1,6,-7.44,73.72,0.915,0.6667,-1.24,80.04,-87.48,3,66.28,0.0,999.0,1.0,22.093,66.28,0.0,3,-73.72,73.72,0.1573,0.3333,-24.573,13.76,-87.48,False
IFB_0409,emapmo_normal,short,RTH,1.5,1.0,6,False,1,5,-47.45,73.72,0.4576,0.6,-9.49,40.03,-87.48,2,26.27,0.0,999.0,1.0,13.135,26.27,0.0,3,-73.72,73.72,0.1573,0.3333,-24.573,13.76,-87.48,False
IFB_0411,emapmo_normal,short,RTH,1.5,1.0,6,True,1,5,-47.45,73.72,0.4576,0.6,-9.49,40.03,-87.48,2,26.27,0.0,999.0,1.0,13.135,26.27,0.0,3,-73.72,73.72,0.1573,0.3333,-24.573,13.76,-87.48,False
IFB_0421,emapmo_normal,short,RTH,1.5,1.5,6,False,1,5,-52.45,73.72,0.4004,0.6,-10.49,35.03,-87.48,2,21.27,0.0,999.0,1.0,10.635,21.27,0.0,3,-73.72,73.72,0.1573,0.3333,-24.573,13.76,-87.48,False
IFB_0423,emapmo_normal,short,RTH,1.5,1.5,6,True,1,5,-52.45,73.72,0.4004,0.6,-10.49,35.03,-87.48,2,21.27,0.0,999.0,1.0,10.635,21.27,0.0,3,-73.72,73.72,0.1573,0.3333,-24.573,13.76,-87.48,False
IFB_0750,emapmo_early,short,ALL,1.5,1.0,12,False,3,24,-151.01,251.15,0.6497,0.4583,-6.292,280.11,-431.12,16,76.41,48.74,1.4668,0.625,4.776,240.1,-163.69,8,-227.42,227.42,0.1496,0.125,-28.427,40.01,-267.43,False
IFB_0752,emapmo_early,short,ALL,1.5,1.0,12,True,3,24,-151.01,251.15,0.6497,0.4583,-6.292,280.11,-431.12,16,76.41,48.74,1.4668,0.625,4.776,240.1,-163.69,8,-227.42,227.42,0.1496,0.125,-28.427,40.01,-267.43,False
IFB_0302,emapmo_normal,short,ALL,1.0,1.0,6,False,3,11,-46.14,101.19,0.6643,0.4545,-4.195,91.3,-137.44,6,32.56,22.49,1.7239,0.6667,5.427,77.54,-44.98,5,-78.7,78.7,0.1488,0.2,-15.74,13.76,-92.46,False
IFB_0304,emapmo_normal,short,ALL,1.0,1.0,6,True,3,11,-46.14,101.19,0.6643,0.4545,-4.195,91.3,-137.44,6,32.56,22.49,1.7239,0.6667,5.427,77.54,-44.98,5,-78.7,78.7,0.1488,0.2,-15.74,13.76,-92.46,False
IFB_0754,emapmo_early,short,ALL,1.5,1.0,24,False,3,24,-176.01,254.9,0.6088,0.4583,-7.334,273.86,-449.87,16,62.66,47.48,1.366,0.625,3.916,233.85,-171.19,8,-238.67,238.67,0.1436,0.125,-29.834,40.01,-278.68,False
IFB_0756,emapmo_early,short,ALL,1.5,1.0,24,True,3,24,-176.01,254.9,0.6088,0.4583,-7.334,273.86,-449.87,16,62.66,47.48,1.366,0.625,3.916,233.85,-171.19,8,-238.67,238.67,0.1436,0.125,-29.834,40.01,-278.68,False
IFB_0581,emapmo_early,long,ALL,1.0,0.75,12,False,1,6,-171.19,211.22,0.3047,0.3333,-28.532,75.02,-246.21,4,-186.21,211.22,0.1184,0.25,-46.552,25.01,-211.22,2,15.02,34.99,1.4293,0.5,7.51,50.01,-34.99,False
IFB_0583,emapmo_early,long,ALL,1.0,0.75,12,True,1,6,-171.19,211.22,0.3047,0.3333,-28.532,75.02,-246.21,4,-186.21,211.22,0.1184,0.25,-46.552,25.01,-211.22,2,15.02,34.99,1.4293,0.5,7.51,50.01,-34.99,False
IFB_0585,emapmo_early,long,ALL,1.0,0.75,24,False,1,6,-171.19,211.22,0.3047,0.3333,-28.532,75.02,-246.21,4,-186.21,211.22,0.1184,0.25,-46.552,25.01,-211.22,2,15.02,34.99,1.4293,0.5,7.51,50.01,-34.99,False
IFB_0587,emapmo_early,long,ALL,1.0,0.75,24,True,1,6,-171.19,211.22,0.3047,0.3333,-28.532,75.02,-246.21,4,-186.21,211.22,0.1184,0.25,-46.552,25.01,-211.22,2,15.02,34.99,1.4293,0.5,7.51,50.01,-34.99,False
IFB_0314,emapmo_normal,short,ALL,1.5,1.0,6,False,3,11,-98.64,152.44,0.4807,0.4545,-8.967,91.3,-189.94,6,21.31,32.49,1.379,0.6667,3.552,77.54,-56.23,5,-119.95,119.95,0.1029,0.2,-23.99,13.76,-133.71,False
IFB_0316,emapmo_normal,short,ALL,1.5,1.0,6,True,3,11,-98.64,152.44,0.4807,0.4545,-8.967,91.3,-189.94,6,21.31,32.49,1.379,0.6667,3.552,77.54,-56.23,5,-119.95,119.95,0.1029,0.2,-23.99,13.76,-133.71,False
IFB_0326,emapmo_normal,short,ALL,1.5,1.5,6,False,3,11,-74.89,152.44,0.6057,0.4545,-6.808,115.05,-189.94,6,45.06,32.49,1.8014,0.6667,7.51,101.29,-56.23,5,-119.95,119.95,0.1029,0.2,-23.99,13.76,-133.71,False
IFB_0328,emapmo_normal,short,ALL,1.5,1.5,6,True,3,11,-74.89,152.44,0.6057,0.4545,-6.808,115.05,-189.94,6,45.06,32.49,1.8014,0.6667,7.51,101.29,-56.23,5,-119.95,119.95,0.1029,0.2,-23.99,13.76,-133.71,False
IFB_0193,emapmo_normal,long,PRE_RTH,1.0,0.75,6,False,1,1,72.51,0.0,999.0,1.0,72.51,72.51,0.0,1,72.51,0.0,999.0,1.0,72.51,72.51,0.0,0,0.0,0.0,0.0,0.0,0.0,0.0,0.0,False
IFB_0194,emapmo_normal,long,PRE_RTH,1.0,0.75,6,False,3,1,72.51,0.0,999.0,1.0,72.51,72.51,0.0,1,72.51,0.0,999.0,1.0,72.51,72.51,0.0,0,0.0,0.0,0.0,0.0,0.0,0.0,0.0,False
IFB_0195,emapmo_normal,long,PRE_RTH,1.0,0.75,6,True,1,1,72.51,0.0,999.0,1.0,72.51,72.51,0.0,1,72.51,0.0,999.0,1.0,72.51,72.51,0.0,0,0.0,0.0,0.0,0.0,0.0,0.0,0.0,False
IFB_0196,emapmo_normal,long,PRE_RTH,1.0,0.75,6,True,3,1,72.51,0.0,999.0,1.0,72.51,72.51,0.0,1,72.51,0.0,999.0,1.0,72.51,72.51,0.0,0,0.0,0.0,0.0,0.0,0.0,0.0,0.0,False
IFB_0197,emapmo_normal,long,PRE_RTH,1.0,0.75,12,False,1,1,80.01,0.0,999.0,1.0,80.01,80.01,0.0,1,80.01,0.0,999.0,1.0,80.01,80.01,0.0,0,0.0,0.0,0.0,0.0,0.0,0.0,0.0,False
IFB_0198,emapmo_normal,long,PRE_RTH,1.0,0.75,12,False,3,1,80.01,0.0,999.0,1.0,80.01,80.01,0.0,1,80.01,0.0,999.0,1.0,80.01,80.01,0.0,0,0.0,0.0,0.0,0.0,0.0,0.0,0.0,False
IFB_0199,emapmo_normal,long,PRE_RTH,1.0,0.75,12,True,1,1,80.01,0.0,999.0,1.0,80.01,80.01,0.0,1,80.01,0.0,999.0,1.0,80.01,80.01,0.0,0,0.0,0.0,0.0,0.0,0.0,0.0,0.0,False
IFB_0200,emapmo_normal,long,PRE_RTH,1.0,0.75,12,True,3,1,80.01,0.0,999.0,1.0,80.01,80.01,0.0,1,80.01,0.0,999.0,1.0,80.01,80.01,0.0,0,0.0,0.0,0.0,0.0,0.0,0.0,0.0,False
IFB_0201,emapmo_normal,long,PRE_RTH,1.0,0.75,24,False,1,1,80.01,0.0,999.0,1.0,80.01,80.01,0.0,1,80.01,0.0,999.0,1.0,80.01,80.01,0.0,0,0.0,0.0,0.0,0.0,0.0,0.0,0.0,False
IFB_0202,emapmo_normal,long,PRE_RTH,1.0,0.75,24,False,3,1,80.01,0.0,999.0,1.0,80.01,80.01,0.0,1,80.01,0.0,999.0,1.0,80.01,80.01,0.0,0,0.0,0.0,0.0,0.0,0.0,0.0,0.0,False
IFB_0203,emapmo_normal,long,PRE_RTH,1.0,0.75,24,True,1,1,80.01,0.0,999.0,1.0,80.01,80.01,0.0,1,80.01,0.0,999.0,1.0,80.01,80.01,0.0,0,0.0,0.0,0.0,0.0,0.0,0.0,0.0,False
IFB_0204,emapmo_normal,long,PRE_RTH,1.0,0.75,24,True,3,1,80.01,0.0,999.0,1.0,80.01,80.01,0.0,1,80.01,0.0,999.0,1.0,80.01,80.01,0.0,0,0.0,0.0,0.0,0.0,0.0,0.0,0.0,False
IFB_0205,emapmo_normal,long,PRE_RTH,1.0,1.0,6,False,1,1,72.51,0.0,999.0,1.0,72.51,72.51,0.0,1,72.51,0.0,999.0,1.0,72.51,72.51,0.0,0,0.0,0.0,0.0,0.0,0.0,0.0,0.0,False
IFB_0206,emapmo_normal,long,PRE_RTH,1.0,1.0,6,False,3,1,72.51,0.0,999.0,1.0,72.51,72.51,0.0,1,72.51,0.0,999.0,1.0,72.51,72.51,0.0,0,0.0,0.0,0.0,0.0,0.0,0.0,0.0,False
IFB_0207,emapmo_normal,long,PRE_RTH,1.0,1.0,6,True,1,1,72.51,0.0,999.0,1.0,72.51,72.51,0.0,1,72.51,0.0,999.0,1.0,72.51,72.51,0.0,0,0.0,0.0,0.0,0.0,0.0,0.0,0.0,False
IFB_0208,emapmo_normal,long,PRE_RTH,1.0,1.0,6,True,3,1,72.51,0.0,999.0,1.0,72.51,72.51,0.0,1,72.51,0.0,999.0,1.0,72.51,72.51,0.0,0,0.0,0.0,0.0,0.0,0.0,0.0,0.0,False
IFB_0209,emapmo_normal,long,PRE_RTH,1.0,1.0,12,False,1,1,107.51,0.0,999.0,1.0,107.51,107.51,0.0,1,107.51,0.0,999.0,1.0,107.51,107.51,0.0,0,0.0,0.0,0.0,0.0,0.0,0.0,0.0,False
IFB_0210,emapmo_normal,long,PRE_RTH,1.0,1.0,12,False,3,1,107.51,0.0,999.0,1.0,107.51,107.51,0.0,1,107.51,0.0,999.0,1.0,107.51,107.51,0.0,0,0.0,0.0,0.0,0.0,0.0,0.0,0.0,False
IFB_0211,emapmo_normal,long,PRE_RTH,1.0,1.0,12,True,1,1,107.51,0.0,999.0,1.0,107.51,107.51,0.0,1,107.51,0.0,999.0,1.0,107.51,107.51,0.0,0,0.0,0.0,0.0,0.0,0.0,0.0,0.0,False
IFB_0212,emapmo_normal,long,PRE_RTH,1.0,1.0,12,True,3,1,107.51,0.0,999.0,1.0,107.51,107.51,0.0,1,107.51,0.0,999.0,1.0,107.51,107.51,0.0,0,0.0,0.0,0.0,0.0,0.0,0.0,0.0,False
IFB_0213,emapmo_normal,long,PRE_RTH,1.0,1.0,24,False,1,1,107.51,0.0,999.0,1.0,107.51,107.51,0.0,1,107.51,0.0,999.0,1.0,107.51,107.51,0.0,0,0.0,0.0,0.0,0.0,0.0,0.0,0.0,False
IFB_0214,emapmo_normal,long,PRE_RTH,1.0,1.0,24,False,3,1,107.51,0.0,999.0,1.0,107.51,107.51,0.0,1,107.51,0.0,999.0,1.0,107.51,107.51,0.0,0,0.0,0.0,0.0,0.0,0.0,0.0,0.0,False
IFB_0215,emapmo_normal,long,PRE_RTH,1.0,1.0,24,True,1,1,107.51,0.0,999.0,1.0,107.51,107.51,0.0,1,107.51,0.0,999.0,1.0,107.51,107.51,0.0,0,0.0,0.0,0.0,0.0,0.0,0.0,0.0,False
IFB_0216,emapmo_normal,long,PRE_RTH,1.0,1.0,24,True,3,1,107.51,0.0,999.0,1.0,107.51,107.51,0.0,1,107.51,0.0,999.0,1.0,107.51,107.51,0.0,0,0.0,0.0,0.0,0.0,0.0,0.0,0.0,False
IFB_0217,emapmo_normal,long,PRE_RTH,1.5,1.0,6,False,1,1,72.51,0.0,999.0,1.0,72.51,72.51,0.0,1,72.51,0.0,999.0,1.0,72.51,72.51,0.0,0,0.0,0.0,0.0,0.0,0.0,0.0,0.0,False
IFB_0218,emapmo_normal,long,PRE_RTH,1.5,1.0,6,False,3,1,72.51,0.0,999.0,1.0,72.51,72.51,0.0,1,72.51,0.0,999.0,1.0,72.51,72.51,0.0,0,0.0,0.0,0.0,0.0,0.0,0.0,0.0,False
IFB_0219,emapmo_normal,long,PRE_RTH,1.5,1.0,6,True,1,1,72.51,0.0,999.0,1.0,72.51,72.51,0.0,1,72.51,0.0,999.0,1.0,72.51,72.51,0.0,0,0.0,0.0,0.0,0.0,0.0,0.0,0.0,False
IFB_0220,emapmo_normal,long,PRE_RTH,1.5,1.0,6,True,3,1,72.51,0.0,999.0,1.0,72.51,72.51,0.0,1,72.51,0.0,999.0,1.0,72.51,72.51,0.0,0,0.0,0.0,0.0,0.0,0.0,0.0,0.0,False
IFB_0221,emapmo_normal,long,PRE_RTH,1.5,1.0,12,False,1,1,107.51,0.0,999.0,1.0,107.51,107.51,0.0,1,107.51,0.0,999.0,1.0,107.51,107.51,0.0,0,0.0,0.0,0.0,0.0,0.0,0.0,0.0,False
IFB_0222,emapmo_normal,long,PRE_RTH,1.5,1.0,12,False,3,1,107.51,0.0,999.0,1.0,107.51,107.51,0.0,1,107.51,0.0,999.0,1.0,107.51,107.51,0.0,0,0.0,0.0,0.0,0.0,0.0,0.0,0.0,False
IFB_0223,emapmo_normal,long,PRE_RTH,1.5,1.0,12,True,1,1,107.51,0.0,999.0,1.0,107.51,107.51,0.0,1,107.51,0.0,999.0,1.0,107.51,107.51,0.0,0,0.0,0.0,0.0,0.0,0.0,0.0,0.0,False
IFB_0224,emapmo_normal,long,PRE_RTH,1.5,1.0,12,True,3,1,107.51,0.0,999.0,1.0,107.51,107.51,0.0,1,107.51,0.0,999.0,1.0,107.51,107.51,0.0,0,0.0,0.0,0.0,0.0,0.0,0.0,0.0,False
IFB_0225,emapmo_normal,long,PRE_RTH,1.5,1.0,24,False,1,1,107.51,0.0,999.0,1.0,107.51,107.51,0.0,1,107.51,0.0,999.0,1.0,107.51,107.51,0.0,0,0.0,0.0,0.0,0.0,0.0,0.0,0.0,False
IFB_0226,emapmo_normal,long,PRE_RTH,1.5,1.0,24,False,3,1,107.51,0.0,999.0,1.0,107.51,107.51,0.0,1,107.51,0.0,999.0,1.0,107.51,107.51,0.0,0,0.0,0.0,0.0,0.0,0.0,0.0,0.0,False
IFB_0227,emapmo_normal,long,PRE_RTH,1.5,1.0,24,True,1,1,107.51,0.0,999.0,1.0,107.51,107.51,0.0,1,107.51,0.0,999.0,1.0,107.51,107.51,0.0,0,0.0,0.0,0.0,0.0,0.0,0.0,0.0,False
IFB_0228,emapmo_normal,long,PRE_RTH,1.5,1.0,24,True,3,1,107.51,0.0,999.0,1.0,107.51,107.51,0.0,1,107.51,0.0,999.0,1.0,107.51,107.51,0.0,0,0.0,0.0,0.0,0.0,0.0,0.0,0.0,False
IFB_0229,emapmo_normal,long,PRE_RTH,1.5,1.5,6,False,1,1,72.51,0.0,999.0,1.0,72.51,72.51,0.0,1,72.51,0.0,999.0,1.0,72.51,72.51,0.0,0,0.0,0.0,0.0,0.0,0.0,0.0,0.0,False
IFB_0230,emapmo_normal,long,PRE_RTH,1.5,1.5,6,False,3,1,72.51,0.0,999.0,1.0,72.51,72.51,0.0,1,72.51,0.0,999.0,1.0,72.51,72.51,0.0,0,0.0,0.0,0.0,0.0,0.0,0.0,0.0,False
IFB_0231,emapmo_normal,long,PRE_RTH,1.5,1.5,6,True,1,1,72.51,0.0,999.0,1.0,72.51,72.51,0.0,1,72.51,0.0,999.0,1.0,72.51,72.51,0.0,0,0.0,0.0,0.0,0.0,0.0,0.0,0.0,False
IFB_0232,emapmo_normal,long,PRE_RTH,1.5,1.5,6,True,3,1,72.51,0.0,999.0,1.0,72.51,72.51,0.0,1,72.51,0.0,999.0,1.0,72.51,72.51,0.0,0,0.0,0.0,0.0,0.0,0.0,0.0,0.0,False
IFB_0233,emapmo_normal,long,PRE_RTH,1.5,1.5,12,False,1,1,162.51,0.0,999.0,1.0,162.51,162.51,0.0,1,162.51,0.0,999.0,1.0,162.51,162.51,0.0,0,0.0,0.0,0.0,0.0,0.0,0.0,0.0,False
IFB_0234,emapmo_normal,long,PRE_RTH,1.5,1.5,12,False,3,1,162.51,0.0,999.0,1.0,162.51,162.51,0.0,1,162.51,0.0,999.0,1.0,162.51,162.51,0.0,0,0.0,0.0,0.0,0.0,0.0,0.0,0.0,False
IFB_0235,emapmo_normal,long,PRE_RTH,1.5,1.5,12,True,1,1,162.51,0.0,999.0,1.0,162.51,162.51,0.0,1,162.51,0.0,999.0,1.0,162.51,162.51,0.0,0,0.0,0.0,0.0,0.0,0.0,0.0,0.0,False
IFB_0236,emapmo_normal,long,PRE_RTH,1.5,1.5,12,True,3,1,162.51,0.0,999.0,1.0,162.51,162.51,0.0,1,162.51,0.0,999.0,1.0,162.51,162.51,0.0,0,0.0,0.0,0.0,0.0,0.0,0.0,0.0,False
IFB_0237,emapmo_normal,long,PRE_RTH,1.5,1.5,24,False,1,1,162.51,0.0,999.0,1.0,162.51,162.51,0.0,1,162.51,0.0,999.0,1.0,162.51,162.51,0.0,0,0.0,0.0,0.0,0.0,0.0,0.0,0.0,False
IFB_0238,emapmo_normal,long,PRE_RTH,1.5,1.5,24,False,3,1,162.51,0.0,999.0,1.0,162.51,162.51,0.0,1,162.51,0.0,999.0,1.0,162.51,162.51,0.0,0,0.0,0.0,0.0,0.0,0.0,0.0,0.0,False
IFB_0239,emapmo_normal,long,PRE_RTH,1.5,1.5,24,True,1,1,162.51,0.0,999.0,1.0,162.51,162.51,0.0,1,162.51,0.0,999.0,1.0,162.51,162.51,0.0,0,0.0,0.0,0.0,0.0,0.0,0.0,0.0,False
IFB_0240,emapmo_normal,long,PRE_RTH,1.5,1.5,24,True,3,1,162.51,0.0,999.0,1.0,162.51,162.51,0.0,1,162.51,0.0,999.0,1.0,162.51,162.51,0.0,0,0.0,0.0,0.0,0.0,0.0,0.0,0.0,False
IFB_0241,emapmo_normal,long,RTH,1.0,0.75,6,False,1,1,72.51,0.0,999.0,1.0,72.51,72.51,0.0,1,72.51,0.0,999.0,1.0,72.51,72.51,0.0,0,0.0,0.0,0.0,0.0,0.0,0.0,0.0,False
IFB_0242,emapmo_normal,long,RTH,1.0,0.75,6,False,3,1,72.51,0.0,999.0,1.0,72.51,72.51,0.0,1,72.51,0.0,999.0,1.0,72.51,72.51,0.0,0,0.0,0.0,0.0,0.0,0.0,0.0,0.0,False
IFB_0243,emapmo_normal,long,RTH,1.0,0.75,6,True,1,1,72.51,0.0,999.0,1.0,72.51,72.51,0.0,1,72.51,0.0,999.0,1.0,72.51,72.51,0.0,0,0.0,0.0,0.0,0.0,0.0,0.0,0.0,False
IFB_0244,emapmo_normal,long,RTH,1.0,0.75,6,True,3,1,72.51,0.0,999.0,1.0,72.51,72.51,0.0,1,72.51,0.0,999.0,1.0,72.51,72.51,0.0,0,0.0,0.0,0.0,0.0,0.0,0.0,0.0,False
IFB_0245,emapmo_normal,long,RTH,1.0,0.75,12,False,1,1,80.01,0.0,999.0,1.0,80.01,80.01,0.0,1,80.01,0.0,999.0,1.0,80.01,80.01,0.0,0,0.0,0.0,0.0,0.0,0.0,0.0,0.0,False
IFB_0246,emapmo_normal,long,RTH,1.0,0.75,12,False,3,1,80.01,0.0,999.0,1.0,80.01,80.01,0.0,1,80.01,0.0,999.0,1.0,80.01,80.01,0.0,0,0.0,0.0,0.0,0.0,0.0,0.0,0.0,False
IFB_0247,emapmo_normal,long,RTH,1.0,0.75,12,True,1,1,80.01,0.0,999.0,1.0,80.01,80.01,0.0,1,80.01,0.0,999.0,1.0,80.01,80.01,0.0,0,0.0,0.0,0.0,0.0,0.0,0.0,0.0,False
IFB_0248,emapmo_normal,long,RTH,1.0,0.75,12,True,3,1,80.01,0.0,999.0,1.0,80.01,80.01,0.0,1,80.01,0.0,999.0,1.0,80.01,80.01,0.0,0,0.0,0.0,0.0,0.0,0.0,0.0,0.0,False
IFB_0249,emapmo_normal,long,RTH,1.0,0.75,24,False,1,1,80.01,0.0,999.0,1.0,80.01,80.01,0.0,1,80.01,0.0,999.0,1.0,80.01,80.01,0.0,0,0.0,0.0,0.0,0.0,0.0,0.0,0.0,False
IFB_0250,emapmo_normal,long,RTH,1.0,0.75,24,False,3,1,80.01,0.0,999.0,1.0,80.01,80.01,0.0,1,80.01,0.0,999.0,1.0,80.01,80.01,0.0,0,0.0,0.0,0.0,0.0,0.0,0.0,0.0,False
IFB_0251,emapmo_normal,long,RTH,1.0,0.75,24,True,1,1,80.01,0.0,999.0,1.0,80.01,80.01,0.0,1,80.01,0.0,999.0,1.0,80.01,80.01,0.0,0,0.0,0.0,0.0,0.0,0.0,0.0,0.0,False
IFB_0252,emapmo_normal,long,RTH,1.0,0.75,24,True,3,1,80.01,0.0,999.0,1.0,80.01,80.01,0.0,1,80.01,0.0,999.0,1.0,80.01,80.01,0.0,0,0.0,0.0,0.0,0.0,0.0,0.0,0.0,False
IFB_0253,emapmo_normal,long,RTH,1.0,1.0,6,False,1,1,72.51,0.0,999.0,1.0,72.51,72.51,0.0,1,72.51,0.0,999.0,1.0,72.51,72.51,0.0,0,0.0,0.0,0.0,0.0,0.0,0.0,0.0,False
IFB_0254,emapmo_normal,long,RTH,1.0,1.0,6,False,3,1,72.51,0.0,999.0,1.0,72.51,72.51,0.0,1,72.51,0.0,999.0,1.0,72.51,72.51,0.0,0,0.0,0.0,0.0,0.0,0.0,0.0,0.0,False
IFB_0255,emapmo_normal,long,RTH,1.0,1.0,6,True,1,1,72.51,0.0,999.0,1.0,72.51,72.51,0.0,1,72.51,0.0,999.0,1.0,72.51,72.51,0.0,0,0.0,0.0,0.0,0.0,0.0,0.0,0.0,False
IFB_0256,emapmo_normal,long,RTH,1.0,1.0,6,True,3,1,72.51,0.0,999.0,1.0,72.51,72.51,0.0,1,72.51,0.0,999.0,1.0,72.51,72.51,0.0,0,0.0,0.0,0.0,0.0,0.0,0.0,0.0,False
IFB_0257,emapmo_normal,long,RTH,1.0,1.0,12,False,1,1,107.51,0.0,999.0,1.0,107.51,107.51,0.0,1,107.51,0.0,999.0,1.0,107.51,107.51,0.0,0,0.0,0.0,0.0,0.0,0.0,0.0,0.0,False
IFB_0258,emapmo_normal,long,RTH,1.0,1.0,12,False,3,1,107.51,0.0,999.0,1.0,107.51,107.51,0.0,1,107.51,0.0,999.0,1.0,107.51,107.51,0.0,0,0.0,0.0,0.0,0.0,0.0,0.0,0.0,False
IFB_0259,emapmo_normal,long,RTH,1.0,1.0,12,True,1,1,107.51,0.0,999.0,1.0,107.51,107.51,0.0,1,107.51,0.0,999.0,1.0,107.51,107.51,0.0,0,0.0,0.0,0.0,0.0,0.0,0.0,0.0,False
IFB_0260,emapmo_normal,long,RTH,1.0,1.0,12,True,3,1,107.51,0.0,999.0,1.0,107.51,107.51,0.0,1,107.51,0.0,999.0,1.0,107.51,107.51,0.0,0,0.0,0.0,0.0,0.0,0.0,0.0,0.0,False
IFB_0261,emapmo_normal,long,RTH,1.0,1.0,24,False,1,1,107.51,0.0,999.0,1.0,107.51,107.51,0.0,1,107.51,0.0,999.0,1.0,107.51,107.51,0.0,0,0.0,0.0,0.0,0.0,0.0,0.0,0.0,False
IFB_0262,emapmo_normal,long,RTH,1.0,1.0,24,False,3,1,107.51,0.0,999.0,1.0,107.51,107.51,0.0,1,107.51,0.0,999.0,1.0,107.51,107.51,0.0,0,0.0,0.0,0.0,0.0,0.0,0.0,0.0,False
IFB_0263,emapmo_normal,long,RTH,1.0,1.0,24,True,1,1,107.51,0.0,999.0,1.0,107.51,107.51,0.0,1,107.51,0.0,999.0,1.0,107.51,107.51,0.0,0,0.0,0.0,0.0,0.0,0.0,0.0,0.0,False
IFB_0264,emapmo_normal,long,RTH,1.0,1.0,24,True,3,1,107.51,0.0,999.0,1.0,107.51,107.51,0.0,1,107.51,0.0,999.0,1.0,107.51,107.51,0.0,0,0.0,0.0,0.0,0.0,0.0,0.0,0.0,False
IFB_0265,emapmo_normal,long,RTH,1.5,1.0,6,False,1,1,72.51,0.0,999.0,1.0,72.51,72.51,0.0,1,72.51,0.0,999.0,1.0,72.51,72.51,0.0,0,0.0,0.0,0.0,0.0,0.0,0.0,0.0,False
IFB_0266,emapmo_normal,long,RTH,1.5,1.0,6,False,3,1,72.51,0.0,999.0,1.0,72.51,72.51,0.0,1,72.51,0.0,999.0,1.0,72.51,72.51,0.0,0,0.0,0.0,0.0,0.0,0.0,0.0,0.0,False
IFB_0267,emapmo_normal,long,RTH,1.5,1.0,6,True,1,1,72.51,0.0,999.0,1.0,72.51,72.51,0.0,1,72.51,0.0,999.0,1.0,72.51,72.51,0.0,0,0.0,0.0,0.0,0.0,0.0,0.0,0.0,False
IFB_0268,emapmo_normal,long,RTH,1.5,1.0,6,True,3,1,72.51,0.0,999.0,1.0,72.51,72.51,0.0,1,72.51,0.0,999.0,1.0,72.51,72.51,0.0,0,0.0,0.0,0.0,0.0,0.0,0.0,0.0,False
IFB_0269,emapmo_normal,long,RTH,1.5,1.0,12,False,1,1,107.51,0.0,999.0,1.0,107.51,107.51,0.0,1,107.51,0.0,999.0,1.0,107.51,107.51,0.0,0,0.0,0.0,0.0,0.0,0.0,0.0,0.0,False
IFB_0270,emapmo_normal,long,RTH,1.5,1.0,12,False,3,1,107.51,0.0,999.0,1.0,107.51,107.51,0.0,1,107.51,0.0,999.0,1.0,107.51,107.51,0.0,0,0.0,0.0,0.0,0.0,0.0,0.0,0.0,False
IFB_0271,emapmo_normal,long,RTH,1.5,1.0,12,True,1,1,107.51,0.0,999.0,1.0,107.51,107.51,0.0,1,107.51,0.0,999.0,1.0,107.51,107.51,0.0,0,0.0,0.0,0.0,0.0,0.0,0.0,0.0,False
IFB_0272,emapmo_normal,long,RTH,1.5,1.0,12,True,3,1,107.51,0.0,999.0,1.0,107.51,107.51,0.0,1,107.51,0.0,999.0,1.0,107.51,107.51,0.0,0,0.0,0.0,0.0,0.0,0.0,0.0,0.0,False
IFB_0273,emapmo_normal,long,RTH,1.5,1.0,24,False,1,1,107.51,0.0,999.0,1.0,107.51,107.51,0.0,1,107.51,0.0,999.0,1.0,107.51,107.51,0.0,0,0.0,0.0,0.0,0.0,0.0,0.0,0.0,False
IFB_0274,emapmo_normal,long,RTH,1.5,1.0,24,False,3,1,107.51,0.0,999.0,1.0,107.51,107.51,0.0,1,107.51,0.0,999.0,1.0,107.51,107.51,0.0,0,0.0,0.0,0.0,0.0,0.0,0.0,0.0,False
IFB_0275,emapmo_normal,long,RTH,1.5,1.0,24,True,1,1,107.51,0.0,999.0,1.0,107.51,107.51,0.0,1,107.51,0.0,999.0,1.0,107.51,107.51,0.0,0,0.0,0.0,0.0,0.0,0.0,0.0,0.0,False
IFB_0276,emapmo_normal,long,RTH,1.5,1.0,24,True,3,1,107.51,0.0,999.0,1.0,107.51,107.51,0.0,1,107.51,0.0,999.0,1.0,107.51,107.51,0.0,0,0.0,0.0,0.0,0.0,0.0,0.0,0.0,False
IFB_0277,emapmo_normal,long,RTH,1.5,1.5,6,False,1,1,72.51,0.0,999.0,1.0,72.51,72.51,0.0,1,72.51,0.0,999.0,1.0,72.51,72.51,0.0,0,0.0,0.0,0.0,0.0,0.0,0.0,0.0,False
IFB_0278,emapmo_normal,long,RTH,1.5,1.5,6,False,3,1,72.51,0.0,999.0,1.0,72.51,72.51,0.0,1,72.51,0.0,999.0,1.0,72.51,72.51,0.0,0,0.0,0.0,0.0,0.0,0.0,0.0,0.0,False
IFB_0279,emapmo_normal,long,RTH,1.5,1.5,6,True,1,1,72.51,0.0,999.0,1.0,72.51,72.51,0.0,1,72.51,0.0,999.0,1.0,72.51,72.51,0.0,0,0.0,0.0,0.0,0.0,0.0,0.0,0.0,False
IFB_0280,emapmo_normal,long,RTH,1.5,1.5,6,True,3,1,72.51,0.0,999.0,1.0,72.51,72.51,0.0,1,72.51,0.0,999.0,1.0,72.51,72.51,0.0,0,0.0,0.0,0.0,0.0,0.0,0.0,0.0,False
IFB_0281,emapmo_normal,long,RTH,1.5,1.5,12,False,1,1,162.51,0.0,999.0,1.0,162.51,162.51,0.0,1,162.51,0.0,999.0,1.0,162.51,162.51,0.0,0,0.0,0.0,0.0,0.0,0.0,0.0,0.0,False
IFB_0282,emapmo_normal,long,RTH,1.5,1.5,12,False,3,1,162.51,0.0,999.0,1.0,162.51,162.51,0.0,1,162.51,0.0,999.0,1.0,162.51,162.51,0.0,0,0.0,0.0,0.0,0.0,0.0,0.0,0.0,False
IFB_0283,emapmo_normal,long,RTH,1.5,1.5,12,True,1,1,162.51,0.0,999.0,1.0,162.51,162.51,0.0,1,162.51,0.0,999.0,1.0,162.51,162.51,0.0,0,0.0,0.0,0.0,0.0,0.0,0.0,0.0,False
IFB_0284,emapmo_normal,long,RTH,1.5,1.5,12,True,3,1,162.51,0.0,999.0,1.0,162.51,162.51,0.0,1,162.51,0.0,999.0,1.0,162.51,162.51,0.0,0,0.0,0.0,0.0,0.0,0.0,0.0,0.0,False
IFB_0285,emapmo_normal,long,RTH,1.5,1.5,24,False,1,1,162.51,0.0,999.0,1.0,162.51,162.51,0.0,1,162.51,0.0,999.0,1.0,162.51,162.51,0.0,0,0.0,0.0,0.0,0.0,0.0,0.0,0.0,False
IFB_0286,emapmo_normal,long,RTH,1.5,1.5,24,False,3,1,162.51,0.0,999.0,1.0,162.51,162.51,0.0,1,162.51,0.0,999.0,1.0,162.51,162.51,0.0,0,0.0,0.0,0.0,0.0,0.0,0.0,0.0,False
IFB_0287,emapmo_normal,long,RTH,1.5,1.5,24,True,1,1,162.51,0.0,999.0,1.0,162.51,162.51,0.0,1,162.51,0.0,999.0,1.0,162.51,162.51,0.0,0,0.0,0.0,0.0,0.0,0.0,0.0,0.0,False
IFB_0288,emapmo_normal,long,RTH,1.5,1.5,24,True,3,1,162.51,0.0,999.0,1.0,162.51,162.51,0.0,1,162.51,0.0,999.0,1.0,162.51,162.51,0.0,0,0.0,0.0,0.0,0.0,0.0,0.0,0.0,False
IFB_0625,emapmo_early,long,PRE_RTH,1.0,0.75,6,False,1,2,-143.73,143.73,0.0,0.0,-71.865,0.0,-143.73,2,-143.73,143.73,0.0,0.0,-71.865,0.0,-143.73,0,0.0,0.0,0.0,0.0,0.0,0.0,0.0,False
IFB_0626,emapmo_early,long,PRE_RTH,1.0,0.75,6,False,3,6,100.06,93.74,1.6962,0.6667,16.677,243.79,-143.73,6,100.06,93.74,1.6962,0.6667,16.677,243.79,-143.73,0,0.0,0.0,0.0,0.0,0.0,0.0,0.0,False
IFB_0627,emapmo_early,long,PRE_RTH,1.0,0.75,6,True,1,2,-143.73,143.73,0.0,0.0,-71.865,0.0,-143.73,2,-143.73,143.73,0.0,0.0,-71.865,0.0,-143.73,0,0.0,0.0,0.0,0.0,0.0,0.0,0.0,False
IFB_0628,emapmo_early,long,PRE_RTH,1.0,0.75,6,True,3,6,100.06,93.74,1.6962,0.6667,16.677,243.79,-143.73,6,100.06,93.74,1.6962,0.6667,16.677,243.79,-143.73,0,0.0,0.0,0.0,0.0,0.0,0.0,0.0,False
IFB_0629,emapmo_early,long,PRE_RTH,1.0,0.75,12,False,1,2,-143.73,143.73,0.0,0.0,-71.865,0.0,-143.73,2,-143.73,143.73,0.0,0.0,-71.865,0.0,-143.73,0,0.0,0.0,0.0,0.0,0.0,0.0,0.0,False
IFB_0630,emapmo_early,long,PRE_RTH,1.0,0.75,12,False,3,6,100.06,93.74,1.6962,0.6667,16.677,243.79,-143.73,6,100.06,93.74,1.6962,0.6667,16.677,243.79,-143.73,0,0.0,0.0,0.0,0.0,0.0,0.0,0.0,False
IFB_0631,emapmo_early,long,PRE_RTH,1.0,0.75,12,True,1,2,-143.73,143.73,0.0,0.0,-71.865,0.0,-143.73,2,-143.73,143.73,0.0,0.0,-71.865,0.0,-143.73,0,0.0,0.0,0.0,0.0,0.0,0.0,0.0,False
IFB_0632,emapmo_early,long,PRE_RTH,1.0,0.75,12,True,3,6,100.06,93.74,1.6962,0.6667,16.677,243.79,-143.73,6,100.06,93.74,1.6962,0.6667,16.677,243.79,-143.73,0,0.0,0.0,0.0,0.0,0.0,0.0,0.0,False
IFB_0633,emapmo_early,long,PRE_RTH,1.0,0.75,24,False,1,2,-143.73,143.73,0.0,0.0,-71.865,0.0,-143.73,2,-143.73,143.73,0.0,0.0,-71.865,0.0,-143.73,0,0.0,0.0,0.0,0.0,0.0,0.0,0.0,False
IFB_0634,emapmo_early,long,PRE_RTH,1.0,0.75,24,False,3,6,100.06,93.74,1.6962,0.6667,16.677,243.79,-143.73,6,100.06,93.74,1.6962,0.6667,16.677,243.79,-143.73,0,0.0,0.0,0.0,0.0,0.0,0.0,0.0,False
IFB_0635,emapmo_early,long,PRE_RTH,1.0,0.75,24,True,1,2,-143.73,143.73,0.0,0.0,-71.865,0.0,-143.73,2,-143.73,143.73,0.0,0.0,-71.865,0.0,-143.73,0,0.0,0.0,0.0,0.0,0.0,0.0,0.0,False
IFB_0636,emapmo_early,long,PRE_RTH,1.0,0.75,24,True,3,6,100.06,93.74,1.6962,0.6667,16.677,243.79,-143.73,6,100.06,93.74,1.6962,0.6667,16.677,243.79,-143.73,0,0.0,0.0,0.0,0.0,0.0,0.0,0.0,False
IFB_0637,emapmo_early,long,PRE_RTH,1.0,1.0,6,False,1,2,-143.73,143.73,0.0,0.0,-71.865,0.0,-143.73,2,-143.73,143.73,0.0,0.0,-71.865,0.0,-143.73,0,0.0,0.0,0.0,0.0,0.0,0.0,0.0,False
IFB_0638,emapmo_early,long,PRE_RTH,1.0,1.0,6,False,3,6,80.06,146.21,1.4106,0.5,13.343,275.03,-194.97,6,80.06,146.21,1.4106,0.5,13.343,275.03,-194.97,0,0.0,0.0,0.0,0.0,0.0,0.0,0.0,False
IFB_0639,emapmo_early,long,PRE_RTH,1.0,1.0,6,True,1,2,-143.73,143.73,0.0,0.0,-71.865,0.0,-143.73,2,-143.73,143.73,0.0,0.0,-71.865,0.0,-143.73,0,0.0,0.0,0.0,0.0,0.0,0.0,0.0,False
IFB_0640,emapmo_early,long,PRE_RTH,1.0,1.0,6,True,3,6,80.06,146.21,1.4106,0.5,13.343,275.03,-194.97,6,80.06,146.21,1.4106,0.5,13.343,275.03,-194.97,0,0.0,0.0,0.0,0.0,0.0,0.0,0.0,False
IFB_0641,emapmo_early,long,PRE_RTH,1.0,1.0,12,False,1,2,-143.73,143.73,0.0,0.0,-71.865,0.0,-143.73,2,-143.73,143.73,0.0,0.0,-71.865,0.0,-143.73,0,0.0,0.0,0.0,0.0,0.0,0.0,0.0,False
IFB_0642,emapmo_early,long,PRE_RTH,1.0,1.0,12,False,3,6,80.06,146.21,1.4106,0.5,13.343,275.03,-194.97,6,80.06,146.21,1.4106,0.5,13.343,275.03,-194.97,0,0.0,0.0,0.0,0.0,0.0,0.0,0.0,False
IFB_0643,emapmo_early,long,PRE_RTH,1.0,1.0,12,True,1,2,-143.73,143.73,0.0,0.0,-71.865,0.0,-143.73,2,-143.73,143.73,0.0,0.0,-71.865,0.0,-143.73,0,0.0,0.0,0.0,0.0,0.0,0.0,0.0,False
IFB_0644,emapmo_early,long,PRE_RTH,1.0,1.0,12,True,3,6,80.06,146.21,1.4106,0.5,13.343,275.03,-194.97,6,80.06,146.21,1.4106,0.5,13.343,275.03,-194.97,0,0.0,0.0,0.0,0.0,0.0,0.0,0.0,False
IFB_0645,emapmo_early,long,PRE_RTH,1.0,1.0,24,False,1,2,-143.73,143.73,0.0,0.0,-71.865,0.0,-143.73,2,-143.73,143.73,0.0,0.0,-71.865,0.0,-143.73,0,0.0,0.0,0.0,0.0,0.0,0.0,0.0,False
IFB_0646,emapmo_early,long,PRE_RTH,1.0,1.0,24,False,3,6,80.06,146.21,1.4106,0.5,13.343,275.03,-194.97,6,80.06,146.21,1.4106,0.5,13.343,275.03,-194.97,0,0.0,0.0,0.0,0.0,0.0,0.0,0.0,False
IFB_0647,emapmo_early,long,PRE_RTH,1.0,1.0,24,True,1,2,-143.73,143.73,0.0,0.0,-71.865,0.0,-143.73,2,-143.73,143.73,0.0,0.0,-71.865,0.0,-143.73,0,0.0,0.0,0.0,0.0,0.0,0.0,0.0,False
IFB_0648,emapmo_early,long,PRE_RTH,1.0,1.0,24,True,3,6,80.06,146.21,1.4106,0.5,13.343,275.03,-194.97,6,80.06,146.21,1.4106,0.5,13.343,275.03,-194.97,0,0.0,0.0,0.0,0.0,0.0,0.0,0.0,False
IFB_0649,emapmo_early,long,PRE_RTH,1.5,1.0,6,False,1,2,-91.23,138.74,0.3424,0.5,-45.615,47.51,-138.74,2,-91.23,138.74,0.3424,0.5,-45.615,47.51,-138.74,0,0.0,0.0,0.0,0.0,0.0,0.0,0.0,False
IFB_0650,emapmo_early,long,PRE_RTH,1.5,1.0,6,False,3,6,118.81,154.97,1.5495,0.6667,19.802,335.04,-216.23,6,118.81,154.97,1.5495,0.6667,19.802,335.04,-216.23,0,0.0,0.0,0.0,0.0,0.0,0.0,0.0,False
IFB_0651,emapmo_early,long,PRE_RTH,1.5,1.0,6,True,1,2,-91.23,138.74,0.3424,0.5,-45.615,47.51,-138.74,2,-91.23,138.74,0.3424,0.5,-45.615,47.51,-138.74,0,0.0,0.0,0.0,0.0,0.0,0.0,0.0,False
IFB_0652,emapmo_early,long,PRE_RTH,1.5,1.0,6,True,3,6,118.81,154.97,1.5495,0.6667,19.802,335.04,-216.23,6,118.81,154.97,1.5495,0.6667,19.802,335.04,-216.23,0,0.0,0.0,0.0,0.0,0.0,0.0,0.0,False
IFB_0653,emapmo_early,long,PRE_RTH,1.5,1.0,12,False,1,2,-91.23,138.74,0.3424,0.5,-45.615,47.51,-138.74,2,-91.23,138.74,0.3424,0.5,-45.615,47.51,-138.74,0,0.0,0.0,0.0,0.0,0.0,0.0,0.0,False
IFB_0654,emapmo_early,long,PRE_RTH,1.5,1.0,12,False,3,6,118.81,154.97,1.5495,0.6667,19.802,335.04,-216.23,6,118.81,154.97,1.5495,0.6667,19.802,335.04,-216.23,0,0.0,0.0,0.0,0.0,0.0,0.0,0.0,False
IFB_0655,emapmo_early,long,PRE_RTH,1.5,1.0,12,True,1,2,-91.23,138.74,0.3424,0.5,-45.615,47.51,-138.74,2,-91.23,138.74,0.3424,0.5,-45.615,47.51,-138.74,0,0.0,0.0,0.0,0.0,0.0,0.0,0.0,False
IFB_0656,emapmo_early,long,PRE_RTH,1.5,1.0,12,True,3,6,118.81,154.97,1.5495,0.6667,19.802,335.04,-216.23,6,118.81,154.97,1.5495,0.6667,19.802,335.04,-216.23,0,0.0,0.0,0.0,0.0,0.0,0.0,0.0,False
IFB_0657,emapmo_early,long,PRE_RTH,1.5,1.0,24,False,1,2,-91.23,138.74,0.3424,0.5,-45.615,47.51,-138.74,2,-91.23,138.74,0.3424,0.5,-45.615,47.51,-138.74,0,0.0,0.0,0.0,0.0,0.0,0.0,0.0,False
IFB_0658,emapmo_early,long,PRE_RTH,1.5,1.0,24,False,3,6,118.81,154.97,1.5495,0.6667,19.802,335.04,-216.23,6,118.81,154.97,1.5495,0.6667,19.802,335.04,-216.23,0,0.0,0.0,0.0,0.0,0.0,0.0,0.0,False
IFB_0659,emapmo_early,long,PRE_RTH,1.5,1.0,24,True,1,2,-91.23,138.74,0.3424,0.5,-45.615,47.51,-138.74,2,-91.23,138.74,0.3424,0.5,-45.615,47.51,-138.74,0,0.0,0.0,0.0,0.0,0.0,0.0,0.0,False
IFB_0660,emapmo_early,long,PRE_RTH,1.5,1.0,24,True,3,6,118.81,154.97,1.5495,0.6667,19.802,335.04,-216.23,6,118.81,154.97,1.5495,0.6667,19.802,335.04,-216.23,0,0.0,0.0,0.0,0.0,0.0,0.0,0.0,False
IFB_0661,emapmo_early,long,PRE_RTH,1.5,1.5,6,False,1,2,-86.23,138.74,0.3785,0.5,-43.115,52.51,-138.74,2,-86.23,138.74,0.3785,0.5,-43.115,52.51,-138.74,0,0.0,0.0,0.0,0.0,0.0,0.0,0.0,False
IFB_0662,emapmo_early,long,PRE_RTH,1.5,1.5,6,False,3,5,102.55,138.74,1.4743,0.6,20.51,318.78,-216.23,5,102.55,138.74,1.4743,0.6,20.51,318.78,-216.23,0,0.0,0.0,0.0,0.0,0.0,0.0,0.0,False
IFB_0663,emapmo_early,long,PRE_RTH,1.5,1.5,6,True,1,2,-86.23,138.74,0.3785,0.5,-43.115,52.51,-138.74,2,-86.23,138.74,0.3785,0.5,-43.115,52.51,-138.74,0,0.0,0.0,0.0,0.0,0.0,0.0,0.0,False
IFB_0664,emapmo_early,long,PRE_RTH,1.5,1.5,6,True,3,5,102.55,138.74,1.4743,0.6,20.51,318.78,-216.23,5,102.55,138.74,1.4743,0.6,20.51,318.78,-216.23,0,0.0,0.0,0.0,0.0,0.0,0.0,0.0,False
IFB_0665,emapmo_early,long,PRE_RTH,1.5,1.5,12,False,1,2,-67.48,138.74,0.5136,0.5,-33.74,71.26,-138.74,2,-67.48,138.74,0.5136,0.5,-33.74,71.26,-138.74,0,0.0,0.0,0.0,0.0,0.0,0.0,0.0,False
IFB_0666,emapmo_early,long,PRE_RTH,1.5,1.5,12,False,3,5,121.3,138.74,1.561,0.6,24.26,337.53,-216.23,5,121.3,138.74,1.561,0.6,24.26,337.53,-216.23,0,0.0,0.0,0.0,0.0,0.0,0.0,0.0,False
IFB_0667,emapmo_early,long,PRE_RTH,1.5,1.5,12,True,1,2,-67.48,138.74,0.5136,0.5,-33.74,71.26,-138.74,2,-67.48,138.74,0.5136,0.5,-33.74,71.26,-138.74,0,0.0,0.0,0.0,0.0,0.0,0.0,0.0,False
IFB_0668,emapmo_early,long,PRE_RTH,1.5,1.5,12,True,3,5,121.3,138.74,1.561,0.6,24.26,337.53,-216.23,5,121.3,138.74,1.561,0.6,24.26,337.53,-216.23,0,0.0,0.0,0.0,0.0,0.0,0.0,0.0,False
IFB_0669,emapmo_early,long,PRE_RTH,1.5,1.5,24,False,1,2,-67.48,138.74,0.5136,0.5,-33.74,71.26,-138.74,2,-67.48,138.74,0.5136,0.5,-33.74,71.26,-138.74,0,0.0,0.0,0.0,0.0,0.0,0.0,0.0,False
IFB_0670,emapmo_early,long,PRE_RTH,1.5,1.5,24,False,3,5,121.3,138.74,1.561,0.6,24.26,337.53,-216.23,5,121.3,138.74,1.561,0.6,24.26,337.53,-216.23,0,0.0,0.0,0.0,0.0,0.0,0.0,0.0,False
IFB_0671,emapmo_early,long,PRE_RTH,1.5,1.5,24,True,1,2,-67.48,138.74,0.5136,0.5,-33.74,71.26,-138.74,2,-67.48,138.74,0.5136,0.5,-33.74,71.26,-138.74,0,0.0,0.0,0.0,0.0,0.0,0.0,0.0,False
IFB_0672,emapmo_early,long,PRE_RTH,1.5,1.5,24,True,3,5,121.3,138.74,1.561,0.6,24.26,337.53,-216.23,5,121.3,138.74,1.561,0.6,24.26,337.53,-216.23,0,0.0,0.0,0.0,0.0,0.0,0.0,0.0,False
IFB_0673,emapmo_early,long,RTH,1.0,0.75,6,False,1,2,-143.73,143.73,0.0,0.0,-71.865,0.0,-143.73,2,-143.73,143.73,0.0,0.0,-71.865,0.0,-143.73,0,0.0,0.0,0.0,0.0,0.0,0.0,0.0,False
IFB_0674,emapmo_early,long,RTH,1.0,0.75,6,False,3,6,100.06,93.74,1.6962,0.6667,16.677,243.79,-143.73,6,100.06,93.74,1.6962,0.6667,16.677,243.79,-143.73,0,0.0,0.0,0.0,0.0,0.0,0.0,0.0,False
IFB_0675,emapmo_early,long,RTH,1.0,0.75,6,True,1,2,-143.73,143.73,0.0,0.0,-71.865,0.0,-143.73,2,-143.73,143.73,0.0,0.0,-71.865,0.0,-143.73,0,0.0,0.0,0.0,0.0,0.0,0.0,0.0,False
IFB_0676,emapmo_early,long,RTH,1.0,0.75,6,True,3,6,100.06,93.74,1.6962,0.6667,16.677,243.79,-143.73,6,100.06,93.74,1.6962,0.6667,16.677,243.79,-143.73,0,0.0,0.0,0.0,0.0,0.0,0.0,0.0,False
IFB_0677,emapmo_early,long,RTH,1.0,0.75,12,False,1,2,-143.73,143.73,0.0,0.0,-71.865,0.0,-143.73,2,-143.73,143.73,0.0,0.0,-71.865,0.0,-143.73,0,0.0,0.0,0.0,0.0,0.0,0.0,0.0,False
IFB_0678,emapmo_early,long,RTH,1.0,0.75,12,False,3,6,100.06,93.74,1.6962,0.6667,16.677,243.79,-143.73,6,100.06,93.74,1.6962,0.6667,16.677,243.79,-143.73,0,0.0,0.0,0.0,0.0,0.0,0.0,0.0,False
IFB_0679,emapmo_early,long,RTH,1.0,0.75,12,True,1,2,-143.73,143.73,0.0,0.0,-71.865,0.0,-143.73,2,-143.73,143.73,0.0,0.0,-71.865,0.0,-143.73,0,0.0,0.0,0.0,0.0,0.0,0.0,0.0,False
IFB_0680,emapmo_early,long,RTH,1.0,0.75,12,True,3,6,100.06,93.74,1.6962,0.6667,16.677,243.79,-143.73,6,100.06,93.74,1.6962,0.6667,16.677,243.79,-143.73,0,0.0,0.0,0.0,0.0,0.0,0.0,0.0,False
IFB_0681,emapmo_early,long,RTH,1.0,0.75,24,False,1,2,-143.73,143.73,0.0,0.0,-71.865,0.0,-143.73,2,-143.73,143.73,0.0,0.0,-71.865,0.0,-143.73,0,0.0,0.0,0.0,0.0,0.0,0.0,0.0,False
IFB_0682,emapmo_early,long,RTH,1.0,0.75,24,False,3,6,100.06,93.74,1.6962,0.6667,16.677,243.79,-143.73,6,100.06,93.74,1.6962,0.6667,16.677,243.79,-143.73,0,0.0,0.0,0.0,0.0,0.0,0.0,0.0,False
IFB_0683,emapmo_early,long,RTH,1.0,0.75,24,True,1,2,-143.73,143.73,0.0,0.0,-71.865,0.0,-143.73,2,-143.73,143.73,0.0,0.0,-71.865,0.0,-143.73,0,0.0,0.0,0.0,0.0,0.0,0.0,0.0,False
IFB_0684,emapmo_early,long,RTH,1.0,0.75,24,True,3,6,100.06,93.74,1.6962,0.6667,16.677,243.79,-143.73,6,100.06,93.74,1.6962,0.6667,16.677,243.79,-143.73,0,0.0,0.0,0.0,0.0,0.0,0.0,0.0,False
IFB_0685,emapmo_early,long,RTH,1.0,1.0,6,False,1,2,-143.73,143.73,0.0,0.0,-71.865,0.0,-143.73,2,-143.73,143.73,0.0,0.0,-71.865,0.0,-143.73,0,0.0,0.0,0.0,0.0,0.0,0.0,0.0,False
IFB_0686,emapmo_early,long,RTH,1.0,1.0,6,False,3,6,80.06,146.21,1.4106,0.5,13.343,275.03,-194.97,6,80.06,146.21,1.4106,0.5,13.343,275.03,-194.97,0,0.0,0.0,0.0,0.0,0.0,0.0,0.0,False
IFB_0687,emapmo_early,long,RTH,1.0,1.0,6,True,1,2,-143.73,143.73,0.0,0.0,-71.865,0.0,-143.73,2,-143.73,143.73,0.0,0.0,-71.865,0.0,-143.73,0,0.0,0.0,0.0,0.0,0.0,0.0,0.0,False
IFB_0688,emapmo_early,long,RTH,1.0,1.0,6,True,3,6,80.06,146.21,1.4106,0.5,13.343,275.03,-194.97,6,80.06,146.21,1.4106,0.5,13.343,275.03,-194.97,0,0.0,0.0,0.0,0.0,0.0,0.0,0.0,False
IFB_0689,emapmo_early,long,RTH,1.0,1.0,12,False,1,2,-143.73,143.73,0.0,0.0,-71.865,0.0,-143.73,2,-143.73,143.73,0.0,0.0,-71.865,0.0,-143.73,0,0.0,0.0,0.0,0.0,0.0,0.0,0.0,False
IFB_0690,emapmo_early,long,RTH,1.0,1.0,12,False,3,6,80.06,146.21,1.4106,0.5,13.343,275.03,-194.97,6,80.06,146.21,1.4106,0.5,13.343,275.03,-194.97,0,0.0,0.0,0.0,0.0,0.0,0.0,0.0,False
IFB_0691,emapmo_early,long,RTH,1.0,1.0,12,True,1,2,-143.73,143.73,0.0,0.0,-71.865,0.0,-143.73,2,-143.73,143.73,0.0,0.0,-71.865,0.0,-143.73,0,0.0,0.0,0.0,0.0,0.0,0.0,0.0,False
IFB_0692,emapmo_early,long,RTH,1.0,1.0,12,True,3,6,80.06,146.21,1.4106,0.5,13.343,275.03,-194.97,6,80.06,146.21,1.4106,0.5,13.343,275.03,-194.97,0,0.0,0.0,0.0,0.0,0.0,0.0,0.0,False
IFB_0693,emapmo_early,long,RTH,1.0,1.0,24,False,1,2,-143.73,143.73,0.0,0.0,-71.865,0.0,-143.73,2,-143.73,143.73,0.0,0.0,-71.865,0.0,-143.73,0,0.0,0.0,0.0,0.0,0.0,0.0,0.0,False
IFB_0694,emapmo_early,long,RTH,1.0,1.0,24,False,3,6,80.06,146.21,1.4106,0.5,13.343,275.03,-194.97,6,80.06,146.21,1.4106,0.5,13.343,275.03,-194.97,0,0.0,0.0,0.0,0.0,0.0,0.0,0.0,False
IFB_0695,emapmo_early,long,RTH,1.0,1.0,24,True,1,2,-143.73,143.73,0.0,0.0,-71.865,0.0,-143.73,2,-143.73,143.73,0.0,0.0,-71.865,0.0,-143.73,0,0.0,0.0,0.0,0.0,0.0,0.0,0.0,False
IFB_0696,emapmo_early,long,RTH,1.0,1.0,24,True,3,6,80.06,146.21,1.4106,0.5,13.343,275.03,-194.97,6,80.06,146.21,1.4106,0.5,13.343,275.03,-194.97,0,0.0,0.0,0.0,0.0,0.0,0.0,0.0,False
IFB_0697,emapmo_early,long,RTH,1.5,1.0,6,False,1,2,-91.23,138.74,0.3424,0.5,-45.615,47.51,-138.74,2,-91.23,138.74,0.3424,0.5,-45.615,47.51,-138.74,0,0.0,0.0,0.0,0.0,0.0,0.0,0.0,False
IFB_0698,emapmo_early,long,RTH,1.5,1.0,6,False,3,6,118.81,154.97,1.5495,0.6667,19.802,335.04,-216.23,6,118.81,154.97,1.5495,0.6667,19.802,335.04,-216.23,0,0.0,0.0,0.0,0.0,0.0,0.0,0.0,False
IFB_0699,emapmo_early,long,RTH,1.5,1.0,6,True,1,2,-91.23,138.74,0.3424,0.5,-45.615,47.51,-138.74,2,-91.23,138.74,0.3424,0.5,-45.615,47.51,-138.74,0,0.0,0.0,0.0,0.0,0.0,0.0,0.0,False
IFB_0700,emapmo_early,long,RTH,1.5,1.0,6,True,3,6,118.81,154.97,1.5495,0.6667,19.802,335.04,-216.23,6,118.81,154.97,1.5495,0.6667,19.802,335.04,-216.23,0,0.0,0.0,0.0,0.0,0.0,0.0,0.0,False
IFB_0701,emapmo_early,long,RTH,1.5,1.0,12,False,1,2,-91.23,138.74,0.3424,0.5,-45.615,47.51,-138.74,2,-91.23,138.74,0.3424,0.5,-45.615,47.51,-138.74,0,0.0,0.0,0.0,0.0,0.0,0.0,0.0,False
IFB_0702,emapmo_early,long,RTH,1.5,1.0,12,False,3,6,118.81,154.97,1.5495,0.6667,19.802,335.04,-216.23,6,118.81,154.97,1.5495,0.6667,19.802,335.04,-216.23,0,0.0,0.0,0.0,0.0,0.0,0.0,0.0,False
IFB_0703,emapmo_early,long,RTH,1.5,1.0,12,True,1,2,-91.23,138.74,0.3424,0.5,-45.615,47.51,-138.74,2,-91.23,138.74,0.3424,0.5,-45.615,47.51,-138.74,0,0.0,0.0,0.0,0.0,0.0,0.0,0.0,False
IFB_0704,emapmo_early,long,RTH,1.5,1.0,12,True,3,6,118.81,154.97,1.5495,0.6667,19.802,335.04,-216.23,6,118.81,154.97,1.5495,0.6667,19.802,335.04,-216.23,0,0.0,0.0,0.0,0.0,0.0,0.0,0.0,False
IFB_0705,emapmo_early,long,RTH,1.5,1.0,24,False,1,2,-91.23,138.74,0.3424,0.5,-45.615,47.51,-138.74,2,-91.23,138.74,0.3424,0.5,-45.615,47.51,-138.74,0,0.0,0.0,0.0,0.0,0.0,0.0,0.0,False
IFB_0706,emapmo_early,long,RTH,1.5,1.0,24,False,3,6,118.81,154.97,1.5495,0.6667,19.802,335.04,-216.23,6,118.81,154.97,1.5495,0.6667,19.802,335.04,-216.23,0,0.0,0.0,0.0,0.0,0.0,0.0,0.0,False
IFB_0707,emapmo_early,long,RTH,1.5,1.0,24,True,1,2,-91.23,138.74,0.3424,0.5,-45.615,47.51,-138.74,2,-91.23,138.74,0.3424,0.5,-45.615,47.51,-138.74,0,0.0,0.0,0.0,0.0,0.0,0.0,0.0,False
IFB_0708,emapmo_early,long,RTH,1.5,1.0,24,True,3,6,118.81,154.97,1.5495,0.6667,19.802,335.04,-216.23,6,118.81,154.97,1.5495,0.6667,19.802,335.04,-216.23,0,0.0,0.0,0.0,0.0,0.0,0.0,0.0,False
IFB_0709,emapmo_early,long,RTH,1.5,1.5,6,False,1,2,-86.23,138.74,0.3785,0.5,-43.115,52.51,-138.74,2,-86.23,138.74,0.3785,0.5,-43.115,52.51,-138.74,0,0.0,0.0,0.0,0.0,0.0,0.0,0.0,False
IFB_0710,emapmo_early,long,RTH,1.5,1.5,6,False,3,5,102.55,138.74,1.4743,0.6,20.51,318.78,-216.23,5,102.55,138.74,1.4743,0.6,20.51,318.78,-216.23,0,0.0,0.0,0.0,0.0,0.0,0.0,0.0,False
IFB_0711,emapmo_early,long,RTH,1.5,1.5,6,True,1,2,-86.23,138.74,0.3785,0.5,-43.115,52.51,-138.74,2,-86.23,138.74,0.3785,0.5,-43.115,52.51,-138.74,0,0.0,0.0,0.0,0.0,0.0,0.0,0.0,False
IFB_0712,emapmo_early,long,RTH,1.5,1.5,6,True,3,5,102.55,138.74,1.4743,0.6,20.51,318.78,-216.23,5,102.55,138.74,1.4743,0.6,20.51,318.78,-216.23,0,0.0,0.0,0.0,0.0,0.0,0.0,0.0,False
IFB_0713,emapmo_early,long,RTH,1.5,1.5,12,False,1,2,-67.48,138.74,0.5136,0.5,-33.74,71.26,-138.74,2,-67.48,138.74,0.5136,0.5,-33.74,71.26,-138.74,0,0.0,0.0,0.0,0.0,0.0,0.0,0.0,False
IFB_0714,emapmo_early,long,RTH,1.5,1.5,12,False,3,5,121.3,138.74,1.561,0.6,24.26,337.53,-216.23,5,121.3,138.74,1.561,0.6,24.26,337.53,-216.23,0,0.0,0.0,0.0,0.0,0.0,0.0,0.0,False
IFB_0715,emapmo_early,long,RTH,1.5,1.5,12,True,1,2,-67.48,138.74,0.5136,0.5,-33.74,71.26,-138.74,2,-67.48,138.74,0.5136,0.5,-33.74,71.26,-138.74,0,0.0,0.0,0.0,0.0,0.0,0.0,0.0,False
IFB_0716,emapmo_early,long,RTH,1.5,1.5,12,True,3,5,121.3,138.74,1.561,0.6,24.26,337.53,-216.23,5,121.3,138.74,1.561,0.6,24.26,337.53,-216.23,0,0.0,0.0,0.0,0.0,0.0,0.0,0.0,False
IFB_0717,emapmo_early,long,RTH,1.5,1.5,24,False,1,2,-67.48,138.74,0.5136,0.5,-33.74,71.26,-138.74,2,-67.48,138.74,0.5136,0.5,-33.74,71.26,-138.74,0,0.0,0.0,0.0,0.0,0.0,0.0,0.0,False
IFB_0718,emapmo_early,long,RTH,1.5,1.5,24,False,3,5,121.3,138.74,1.561,0.6,24.26,337.53,-216.23,5,121.3,138.74,1.561,0.6,24.26,337.53,-216.23,0,0.0,0.0,0.0,0.0,0.0,0.0,0.0,False
IFB_0719,emapmo_early,long,RTH,1.5,1.5,24,True,1,2,-67.48,138.74,0.5136,0.5,-33.74,71.26,-138.74,2,-67.48,138.74,0.5136,0.5,-33.74,71.26,-138.74,0,0.0,0.0,0.0,0.0,0.0,0.0,0.0,False
IFB_0720,emapmo_early,long,RTH,1.5,1.5,24,True,3,5,121.3,138.74,1.561,0.6,24.26,337.53,-216.23,5,121.3,138.74,1.561,0.6,24.26,337.53,-216.23,0,0.0,0.0,0.0,0.0,0.0,0.0,0.0,False
IFB_0733,emapmo_early,short,ALL,1.0,1.0,6,False,1,10,-57.4,103.71,0.6439,0.3,-5.74,103.78,-161.18,7,12.57,36.23,1.1378,0.4286,1.796,103.78,-91.21,3,-69.97,69.97,0.0,0.0,-23.323,0.0,-69.97,False
IFB_0735,emapmo_early,short,ALL,1.0,1.0,6,True,1,10,-57.4,103.71,0.6439,0.3,-5.74,103.78,-161.18,7,12.57,36.23,1.1378,0.4286,1.796,103.78,-91.21,3,-69.97,69.97,0.0,0.0,-23.323,0.0,-69.97,False
IFB_0481,emapmo_early,both,PRE_RTH,1.0,0.75,6,False,1,10,-241.15,241.15,0.196,0.2,-24.115,58.77,-299.92,7,-142.43,182.44,0.2921,0.2857,-20.347,58.77,-201.2,3,-98.72,98.72,0.0,0.0,-32.907,0.0,-98.72,False
IFB_0483,emapmo_early,both,PRE_RTH,1.0,0.75,6,True,1,10,-241.15,241.15,0.196,0.2,-24.115,58.77,-299.92,7,-142.43,182.44,0.2921,0.2857,-20.347,58.77,-201.2,3,-98.72,98.72,0.0,0.0,-32.907,0.0,-98.72,False
IFB_0485,emapmo_early,both,PRE_RTH,1.0,0.75,12,False,1,10,-241.15,241.15,0.196,0.2,-24.115,58.77,-299.92,7,-142.43,182.44,0.2921,0.2857,-20.347,58.77,-201.2,3,-98.72,98.72,0.0,0.0,-32.907,0.0,-98.72,False
IFB_0487,emapmo_early,both,PRE_RTH,1.0,0.75,12,True,1,10,-241.15,241.15,0.196,0.2,-24.115,58.77,-299.92,7,-142.43,182.44,0.2921,0.2857,-20.347,58.77,-201.2,3,-98.72,98.72,0.0,0.0,-32.907,0.0,-98.72,False
IFB_0489,emapmo_early,both,PRE_RTH,1.0,0.75,24,False,1,10,-241.15,241.15,0.196,0.2,-24.115,58.77,-299.92,7,-142.43,182.44,0.2921,0.2857,-20.347,58.77,-201.2,3,-98.72,98.72,0.0,0.0,-32.907,0.0,-98.72,False
IFB_0491,emapmo_early,both,PRE_RTH,1.0,0.75,24,True,1,10,-241.15,241.15,0.196,0.2,-24.115,58.77,-299.92,7,-142.43,182.44,0.2921,0.2857,-20.347,58.77,-201.2,3,-98.72,98.72,0.0,0.0,-32.907,0.0,-98.72,False
IFB_0493,emapmo_early,both,PRE_RTH,1.0,1.0,6,False,1,10,-219.9,224.92,0.2668,0.2,-21.99,80.02,-299.92,7,-121.18,179.96,0.3977,0.2857,-17.311,80.02,-201.2,3,-98.72,98.72,0.0,0.0,-32.907,0.0,-98.72,False
IFB_0495,emapmo_early,both,PRE_RTH,1.0,1.0,6,True,1,10,-219.9,224.92,0.2668,0.2,-21.99,80.02,-299.92,7,-121.18,179.96,0.3977,0.2857,-17.311,80.02,-201.2,3,-98.72,98.72,0.0,0.0,-32.907,0.0,-98.72,False
IFB_0497,emapmo_early,both,PRE_RTH,1.0,1.0,12,False,1,10,-219.9,224.92,0.2668,0.2,-21.99,80.02,-299.92,7,-121.18,179.96,0.3977,0.2857,-17.311,80.02,-201.2,3,-98.72,98.72,0.0,0.0,-32.907,0.0,-98.72,False
IFB_0499,emapmo_early,both,PRE_RTH,1.0,1.0,12,True,1,10,-219.9,224.92,0.2668,0.2,-21.99,80.02,-299.92,7,-121.18,179.96,0.3977,0.2857,-17.311,80.02,-201.2,3,-98.72,98.72,0.0,0.0,-32.907,0.0,-98.72,False
IFB_0501,emapmo_early,both,PRE_RTH,1.0,1.0,24,False,1,10,-219.9,224.92,0.2668,0.2,-21.99,80.02,-299.92,7,-121.18,179.96,0.3977,0.2857,-17.311,80.02,-201.2,3,-98.72,98.72,0.0,0.0,-32.907,0.0,-98.72,False
IFB_0503,emapmo_early,both,PRE_RTH,1.0,1.0,24,True,1,10,-219.9,224.92,0.2668,0.2,-21.99,80.02,-299.92,7,-121.18,179.96,0.3977,0.2857,-17.311,80.02,-201.2,3,-98.72,98.72,0.0,0.0,-32.907,0.0,-98.72,False
IFB_0529,emapmo_early,both,RTH,1.0,0.75,6,False,1,9,-259.91,259.91,0.1334,0.1111,-28.879,40.01,-299.92,6,-161.19,201.2,0.1989,0.1667,-26.865,40.01,-201.2,3,-98.72,98.72,0.0,0.0,-32.907,0.0,-98.72,False
IFB_0531,emapmo_early,both,RTH,1.0,0.75,6,True,1,9,-259.91,259.91,0.1334,0.1111,-28.879,40.01,-299.92,6,-161.19,201.2,0.1989,0.1667,-26.865,40.01,-201.2,3,-98.72,98.72,0.0,0.0,-32.907,0.0,-98.72,False
IFB_0533,emapmo_early,both,RTH,1.0,0.75,12,False,1,9,-259.91,259.91,0.1334,0.1111,-28.879,40.01,-299.92,6,-161.19,201.2,0.1989,0.1667,-26.865,40.01,-201.2,3,-98.72,98.72,0.0,0.0,-32.907,0.0,-98.72,False
IFB_0535,emapmo_early,both,RTH,1.0,0.75,12,True,1,9,-259.91,259.91,0.1334,0.1111,-28.879,40.01,-299.92,6,-161.19,201.2,0.1989,0.1667,-26.865,40.01,-201.2,3,-98.72,98.72,0.0,0.0,-32.907,0.0,-98.72,False
IFB_0537,emapmo_early,both,RTH,1.0,0.75,24,False,1,9,-259.91,259.91,0.1334,0.1111,-28.879,40.01,-299.92,6,-161.19,201.2,0.1989,0.1667,-26.865,40.01,-201.2,3,-98.72,98.72,0.0,0.0,-32.907,0.0,-98.72,False
IFB_0539,emapmo_early,both,RTH,1.0,0.75,24,True,1,9,-259.91,259.91,0.1334,0.1111,-28.879,40.01,-299.92,6,-161.19,201.2,0.1989,0.1667,-26.865,40.01,-201.2,3,-98.72,98.72,0.0,0.0,-32.907,0.0,-98.72,False
IFB_0541,emapmo_early,both,RTH,1.0,1.0,6,False,1,9,-246.16,246.16,0.1792,0.1111,-27.351,53.76,-299.92,6,-147.44,201.2,0.2672,0.1667,-24.573,53.76,-201.2,3,-98.72,98.72,0.0,0.0,-32.907,0.0,-98.72,False
IFB_0543,emapmo_early,both,RTH,1.0,1.0,6,True,1,9,-246.16,246.16,0.1792,0.1111,-27.351,53.76,-299.92,6,-147.44,201.2,0.2672,0.1667,-24.573,53.76,-201.2,3,-98.72,98.72,0.0,0.0,-32.907,0.0,-98.72,False
IFB_0545,emapmo_early,both,RTH,1.0,1.0,12,False,1,9,-246.16,246.16,0.1792,0.1111,-27.351,53.76,-299.92,6,-147.44,201.2,0.2672,0.1667,-24.573,53.76,-201.2,3,-98.72,98.72,0.0,0.0,-32.907,0.0,-98.72,False
IFB_0547,emapmo_early,both,RTH,1.0,1.0,12,True,1,9,-246.16,246.16,0.1792,0.1111,-27.351,53.76,-299.92,6,-147.44,201.2,0.2672,0.1667,-24.573,53.76,-201.2,3,-98.72,98.72,0.0,0.0,-32.907,0.0,-98.72,False
IFB_0549,emapmo_early,both,RTH,1.0,1.0,24,False,1,9,-246.16,246.16,0.1792,0.1111,-27.351,53.76,-299.92,6,-147.44,201.2,0.2672,0.1667,-24.573,53.76,-201.2,3,-98.72,98.72,0.0,0.0,-32.907,0.0,-98.72,False
IFB_0551,emapmo_early,both,RTH,1.0,1.0,24,True,1,9,-246.16,246.16,0.1792,0.1111,-27.351,53.76,-299.92,6,-147.44,201.2,0.2672,0.1667,-24.573,53.76,-201.2,3,-98.72,98.72,0.0,0.0,-32.907,0.0,-98.72,False
IFB_0745,emapmo_early,short,ALL,1.5,1.0,6,False,1,10,-128.65,148.71,0.4465,0.3,-12.865,103.78,-232.43,7,-29.93,52.48,0.7762,0.4286,-4.276,103.78,-133.71,3,-98.72,98.72,0.0,0.0,-32.907,0.0,-98.72,False
IFB_0747,emapmo_early,short,ALL,1.5,1.0,6,True,1,10,-128.65,148.71,0.4465,0.3,-12.865,103.78,-232.43,7,-29.93,52.48,0.7762,0.4286,-4.276,103.78,-133.71,3,-98.72,98.72,0.0,0.0,-32.907,0.0,-98.72,False
IFB_0757,emapmo_early,short,ALL,1.5,1.5,6,False,1,10,-158.65,203.68,0.3247,0.2,-15.865,76.27,-234.92,7,-59.93,104.96,0.56,0.2857,-8.561,76.27,-136.2,3,-98.72,98.72,0.0,0.0,-32.907,0.0,-98.72,False
IFB_0759,emapmo_early,short,ALL,1.5,1.5,6,True,1,10,-158.65,203.68,0.3247,0.2,-15.865,76.27,-234.92,7,-59.93,104.96,0.56,0.2857,-8.561,76.27,-136.2,3,-98.72,98.72,0.0,0.0,-32.907,0.0,-98.72,False
IFB_0769,emapmo_early,short,PRE_RTH,1.0,0.75,6,False,1,8,-97.42,98.72,0.3763,0.25,-12.178,58.77,-156.19,5,1.3,38.71,1.0226,0.4,0.26,58.77,-57.47,3,-98.72,98.72,0.0,0.0,-32.907,0.0,-98.72,False
IFB_0771,emapmo_early,short,PRE_RTH,1.0,0.75,6,True,1,8,-97.42,98.72,0.3763,0.25,-12.178,58.77,-156.19,5,1.3,38.71,1.0226,0.4,0.26,58.77,-57.47,3,-98.72,98.72,0.0,0.0,-32.907,0.0,-98.72,False
IFB_0773,emapmo_early,short,PRE_RTH,1.0,0.75,12,False,1,8,-97.42,98.72,0.3763,0.25,-12.178,58.77,-156.19,5,1.3,38.71,1.0226,0.4,0.26,58.77,-57.47,3,-98.72,98.72,0.0,0.0,-32.907,0.0,-98.72,False
IFB_0775,emapmo_early,short,PRE_RTH,1.0,0.75,12,True,1,8,-97.42,98.72,0.3763,0.25,-12.178,58.77,-156.19,5,1.3,38.71,1.0226,0.4,0.26,58.77,-57.47,3,-98.72,98.72,0.0,0.0,-32.907,0.0,-98.72,False
IFB_0777,emapmo_early,short,PRE_RTH,1.0,0.75,24,False,1,8,-97.42,98.72,0.3763,0.25,-12.178,58.77,-156.19,5,1.3,38.71,1.0226,0.4,0.26,58.77,-57.47,3,-98.72,98.72,0.0,0.0,-32.907,0.0,-98.72,False
IFB_0779,emapmo_early,short,PRE_RTH,1.0,0.75,24,True,1,8,-97.42,98.72,0.3763,0.25,-12.178,58.77,-156.19,5,1.3,38.71,1.0226,0.4,0.26,58.77,-57.47,3,-98.72,98.72,0.0,0.0,-32.907,0.0,-98.72,False
IFB_0781,emapmo_early,short,PRE_RTH,1.0,1.0,6,False,1,8,-76.17,98.72,0.5123,0.25,-9.521,80.02,-156.19,5,22.55,36.23,1.3924,0.4,4.51,80.02,-57.47,3,-98.72,98.72,0.0,0.0,-32.907,0.0,-98.72,False
IFB_0783,emapmo_early,short,PRE_RTH,1.0,1.0,6,True,1,8,-76.17,98.72,0.5123,0.25,-9.521,80.02,-156.19,5,22.55,36.23,1.3924,0.4,4.51,80.02,-57.47,3,-98.72,98.72,0.0,0.0,-32.907,0.0,-98.72,False
IFB_0785,emapmo_early,short,PRE_RTH,1.0,1.0,12,False,1,8,-76.17,98.72,0.5123,0.25,-9.521,80.02,-156.19,5,22.55,36.23,1.3924,0.4,4.51,80.02,-57.47,3,-98.72,98.72,0.0,0.0,-32.907,0.0,-98.72,False
IFB_0787,emapmo_early,short,PRE_RTH,1.0,1.0,12,True,1,8,-76.17,98.72,0.5123,0.25,-9.521,80.02,-156.19,5,22.55,36.23,1.3924,0.4,4.51,80.02,-57.47,3,-98.72,98.72,0.0,0.0,-32.907,0.0,-98.72,False
IFB_0789,emapmo_early,short,PRE_RTH,1.0,1.0,24,False,1,8,-76.17,98.72,0.5123,0.25,-9.521,80.02,-156.19,5,22.55,36.23,1.3924,0.4,4.51,80.02,-57.47,3,-98.72,98.72,0.0,0.0,-32.907,0.0,-98.72,False
IFB_0791,emapmo_early,short,PRE_RTH,1.0,1.0,24,True,1,8,-76.17,98.72,0.5123,0.25,-9.521,80.02,-156.19,5,22.55,36.23,1.3924,0.4,4.51,80.02,-57.47,3,-98.72,98.72,0.0,0.0,-32.907,0.0,-98.72,False
IFB_0817,emapmo_early,short,RTH,1.0,0.75,6,False,1,7,-116.18,116.18,0.2562,0.1429,-16.597,40.01,-156.19,4,-17.46,57.47,0.6962,0.25,-4.365,40.01,-57.47,3,-98.72,98.72,0.0,0.0,-32.907,0.0,-98.72,False
IFB_0819,emapmo_early,short,RTH,1.0,0.75,6,True,1,7,-116.18,116.18,0.2562,0.1429,-16.597,40.01,-156.19,4,-17.46,57.47,0.6962,0.25,-4.365,40.01,-57.47,3,-98.72,98.72,0.0,0.0,-32.907,0.0,-98.72,False
IFB_0821,emapmo_early,short,RTH,1.0,0.75,12,False,1,7,-116.18,116.18,0.2562,0.1429,-16.597,40.01,-156.19,4,-17.46,57.47,0.6962,0.25,-4.365,40.01,-57.47,3,-98.72,98.72,0.0,0.0,-32.907,0.0,-98.72,False
IFB_0823,emapmo_early,short,RTH,1.0,0.75,12,True,1,7,-116.18,116.18,0.2562,0.1429,-16.597,40.01,-156.19,4,-17.46,57.47,0.6962,0.25,-4.365,40.01,-57.47,3,-98.72,98.72,0.0,0.0,-32.907,0.0,-98.72,False
IFB_0825,emapmo_early,short,RTH,1.0,0.75,24,False,1,7,-116.18,116.18,0.2562,0.1429,-16.597,40.01,-156.19,4,-17.46,57.47,0.6962,0.25,-4.365,40.01,-57.47,3,-98.72,98.72,0.0,0.0,-32.907,0.0,-98.72,False
IFB_0827,emapmo_early,short,RTH,1.0,0.75,24,True,1,7,-116.18,116.18,0.2562,0.1429,-16.597,40.01,-156.19,4,-17.46,57.47,0.6962,0.25,-4.365,40.01,-57.47,3,-98.72,98.72,0.0,0.0,-32.907,0.0,-98.72,False
IFB_0829,emapmo_early,short,RTH,1.0,1.0,6,False,1,7,-102.43,102.43,0.3442,0.1429,-14.633,53.76,-156.19,4,-3.71,57.47,0.9354,0.25,-0.928,53.76,-57.47,3,-98.72,98.72,0.0,0.0,-32.907,0.0,-98.72,False
IFB_0831,emapmo_early,short,RTH,1.0,1.0,6,True,1,7,-102.43,102.43,0.3442,0.1429,-14.633,53.76,-156.19,4,-3.71,57.47,0.9354,0.25,-0.928,53.76,-57.47,3,-98.72,98.72,0.0,0.0,-32.907,0.0,-98.72,False
IFB_0833,emapmo_early,short,RTH,1.0,1.0,12,False,1,7,-102.43,102.43,0.3442,0.1429,-14.633,53.76,-156.19,4,-3.71,57.47,0.9354,0.25,-0.928,53.76,-57.47,3,-98.72,98.72,0.0,0.0,-32.907,0.0,-98.72,False
IFB_0835,emapmo_early,short,RTH,1.0,1.0,12,True,1,7,-102.43,102.43,0.3442,0.1429,-14.633,53.76,-156.19,4,-3.71,57.47,0.9354,0.25,-0.928,53.76,-57.47,3,-98.72,98.72,0.0,0.0,-32.907,0.0,-98.72,False
IFB_0837,emapmo_early,short,RTH,1.0,1.0,24,False,1,7,-102.43,102.43,0.3442,0.1429,-14.633,53.76,-156.19,4,-3.71,57.47,0.9354,0.25,-0.928,53.76,-57.47,3,-98.72,98.72,0.0,0.0,-32.907,0.0,-98.72,False
IFB_0839,emapmo_early,short,RTH,1.0,1.0,24,True,1,7,-102.43,102.43,0.3442,0.1429,-14.633,53.76,-156.19,4,-3.71,57.47,0.9354,0.25,-0.928,53.76,-57.47,3,-98.72,98.72,0.0,0.0,-32.907,0.0,-98.72,False
IFB_0737,emapmo_early,short,ALL,1.0,1.0,12,False,1,10,-98.65,144.96,0.5127,0.3,-9.865,103.78,-202.43,7,12.57,36.23,1.1378,0.4286,1.796,103.78,-91.21,3,-111.22,111.22,0.0,0.0,-37.073,0.0,-111.22,False
IFB_0739,emapmo_early,short,ALL,1.0,1.0,12,True,1,10,-98.65,144.96,0.5127,0.3,-9.865,103.78,-202.43,7,12.57,36.23,1.1378,0.4286,1.796,103.78,-91.21,3,-111.22,111.22,0.0,0.0,-37.073,0.0,-111.22,False
IFB_0741,emapmo_early,short,ALL,1.0,1.0,24,False,1,10,-98.65,144.96,0.5127,0.3,-9.865,103.78,-202.43,7,12.57,36.23,1.1378,0.4286,1.796,103.78,-91.21,3,-111.22,111.22,0.0,0.0,-37.073,0.0,-111.22,False
IFB_0743,emapmo_early,short,ALL,1.0,1.0,24,True,1,10,-98.65,144.96,0.5127,0.3,-9.865,103.78,-202.43,7,12.57,36.23,1.1378,0.4286,1.796,103.78,-91.21,3,-111.22,111.22,0.0,0.0,-37.073,0.0,-111.22,False
IFB_0505,emapmo_early,both,PRE_RTH,1.5,1.0,6,False,1,10,-211.15,211.15,0.3766,0.3,-21.115,127.53,-338.68,7,-94.93,148.69,0.5733,0.4286,-13.561,127.53,-222.46,3,-116.22,116.22,0.0,0.0,-38.74,0.0,-116.22,False
IFB_0507,emapmo_early,both,PRE_RTH,1.5,1.0,6,True,1,10,-211.15,211.15,0.3766,0.3,-21.115,127.53,-338.68,7,-94.93,148.69,0.5733,0.4286,-13.561,127.53,-222.46,3,-116.22,116.22,0.0,0.0,-38.74,0.0,-116.22,False
IFB_0517,emapmo_early,both,PRE_RTH,1.5,1.5,6,False,1,10,-248.65,257.45,0.2712,0.2,-24.865,92.52,-341.17,7,-132.43,141.23,0.4113,0.2857,-18.919,92.52,-224.95,3,-116.22,116.22,0.0,0.0,-38.74,0.0,-116.22,False
IFB_0519,emapmo_early,both,PRE_RTH,1.5,1.5,6,True,1,10,-248.65,257.45,0.2712,0.2,-24.865,92.52,-341.17,7,-132.43,141.23,0.4113,0.2857,-18.919,92.52,-224.95,3,-116.22,116.22,0.0,0.0,-38.74,0.0,-116.22,False
IFB_0553,emapmo_early,both,RTH,1.5,1.0,6,False,1,9,-237.41,237.41,0.299,0.2222,-26.379,101.27,-338.68,6,-121.19,174.95,0.4552,0.3333,-20.198,101.27,-222.46,3,-116.22,116.22,0.0,0.0,-38.74,0.0,-116.22,False
IFB_0555,emapmo_early,both,RTH,1.5,1.0,6,True,1,9,-237.41,237.41,0.299,0.2222,-26.379,101.27,-338.68,6,-121.19,174.95,0.4552,0.3333,-20.198,101.27,-222.46,3,-116.22,116.22,0.0,0.0,-38.74,0.0,-116.22,False
IFB_0565,emapmo_early,both,RTH,1.5,1.5,6,False,1,9,-288.66,288.66,0.1539,0.1111,-32.073,52.51,-341.17,6,-172.44,172.44,0.2334,0.1667,-28.74,52.51,-224.95,3,-116.22,116.22,0.0,0.0,-38.74,0.0,-116.22,False
IFB_0567,emapmo_early,both,RTH,1.5,1.5,6,True,1,9,-288.66,288.66,0.1539,0.1111,-32.073,52.51,-341.17,6,-172.44,172.44,0.2334,0.1667,-28.74,52.51,-224.95,3,-116.22,116.22,0.0,0.0,-38.74,0.0,-116.22,False
IFB_0793,emapmo_early,short,PRE_RTH,1.5,1.0,6,False,1,8,-119.92,119.92,0.4002,0.25,-14.99,80.02,-199.94,5,-3.7,57.46,0.9558,0.4,-0.74,80.02,-83.72,3,-116.22,116.22,0.0,0.0,-38.74,0.0,-116.22,False
IFB_0795,emapmo_early,short,PRE_RTH,1.5,1.0,6,True,1,8,-119.92,119.92,0.4002,0.25,-14.99,80.02,-199.94,5,-3.7,57.46,0.9558,0.4,-0.74,80.02,-83.72,3,-116.22,116.22,0.0,0.0,-38.74,0.0,-116.22,False
IFB_0805,emapmo_early,short,PRE_RTH,1.5,1.5,6,False,1,8,-162.42,171.19,0.1976,0.125,-20.303,40.01,-202.43,5,-46.2,54.97,0.4641,0.2,-9.24,40.01,-86.21,3,-116.22,116.22,0.0,0.0,-38.74,0.0,-116.22,False
IFB_0807,emapmo_early,short,PRE_RTH,1.5,1.5,6,True,1,8,-162.42,171.19,0.1976,0.125,-20.303,40.01,-202.43,5,-46.2,54.97,0.4641,0.2,-9.24,40.01,-86.21,3,-116.22,116.22,0.0,0.0,-38.74,0.0,-116.22,False
IFB_0841,emapmo_early,short,RTH,1.5,1.0,6,False,1,7,-146.18,146.18,0.2689,0.1429,-20.883,53.76,-199.94,4,-29.96,83.72,0.6421,0.25,-7.49,53.76,-83.72,3,-116.22,116.22,0.0,0.0,-38.74,0.0,-116.22,False
IFB_0843,emapmo_early,short,RTH,1.5,1.0,6,True,1,7,-146.18,146.18,0.2689,0.1429,-20.883,53.76,-199.94,4,-29.96,83.72,0.6421,0.25,-7.49,53.76,-83.72,3,-116.22,116.22,0.0,0.0,-38.74,0.0,-116.22,False
IFB_0853,emapmo_early,short,RTH,1.5,1.5,6,False,1,7,-202.43,202.43,0.0,0.0,-28.919,0.0,-202.43,4,-86.21,86.21,0.0,0.0,-21.552,0.0,-86.21,3,-116.22,116.22,0.0,0.0,-38.74,0.0,-116.22,False
IFB_0855,emapmo_early,short,RTH,1.5,1.5,6,True,1,7,-202.43,202.43,0.0,0.0,-28.919,0.0,-202.43,4,-86.21,86.21,0.0,0.0,-21.552,0.0,-86.21,3,-116.22,116.22,0.0,0.0,-38.74,0.0,-116.22,False
IFB_0509,emapmo_early,both,PRE_RTH,1.5,1.0,12,False,1,10,-239.9,239.9,0.3471,0.3,-23.99,127.53,-367.43,7,-94.93,148.69,0.5733,0.4286,-13.561,127.53,-222.46,3,-144.97,144.97,0.0,0.0,-48.323,0.0,-144.97,False
IFB_0511,emapmo_early,both,PRE_RTH,1.5,1.0,12,True,1,10,-239.9,239.9,0.3471,0.3,-23.99,127.53,-367.43,7,-94.93,148.69,0.5733,0.4286,-13.561,127.53,-222.46,3,-144.97,144.97,0.0,0.0,-48.323,0.0,-144.97,False
IFB_0513,emapmo_early,both,PRE_RTH,1.5,1.0,24,False,1,10,-239.9,239.9,0.3471,0.3,-23.99,127.53,-367.43,7,-94.93,148.69,0.5733,0.4286,-13.561,127.53,-222.46,3,-144.97,144.97,0.0,0.0,-48.323,0.0,-144.97,False
IFB_0515,emapmo_early,both,PRE_RTH,1.5,1.0,24,True,1,10,-239.9,239.9,0.3471,0.3,-23.99,127.53,-367.43,7,-94.93,148.69,0.5733,0.4286,-13.561,127.53,-222.46,3,-144.97,144.97,0.0,0.0,-48.323,0.0,-144.97,False
IFB_0521,emapmo_early,both,PRE_RTH,1.5,1.5,12,False,1,10,-238.65,266.2,0.3505,0.3,-23.865,128.78,-367.43,7,-93.68,138.74,0.5789,0.4286,-13.383,128.78,-222.46,3,-144.97,144.97,0.0,0.0,-48.323,0.0,-144.97,False
IFB_0523,emapmo_early,both,PRE_RTH,1.5,1.5,12,True,1,10,-238.65,266.2,0.3505,0.3,-23.865,128.78,-367.43,7,-93.68,138.74,0.5789,0.4286,-13.383,128.78,-222.46,3,-144.97,144.97,0.0,0.0,-48.323,0.0,-144.97,False
IFB_0525,emapmo_early,both,PRE_RTH,1.5,1.5,24,False,1,10,-307.4,334.95,0.2658,0.2,-30.74,111.27,-418.67,7,-162.43,189.98,0.4065,0.2857,-23.204,111.27,-273.7,3,-144.97,144.97,0.0,0.0,-48.323,0.0,-144.97,False
IFB_0527,emapmo_early,both,PRE_RTH,1.5,1.5,24,True,1,10,-307.4,334.95,0.2658,0.2,-30.74,111.27,-418.67,7,-162.43,189.98,0.4065,0.2857,-23.204,111.27,-273.7,3,-144.97,144.97,0.0,0.0,-48.323,0.0,-144.97,False
IFB_0557,emapmo_early,both,RTH,1.5,1.0,12,False,1,9,-266.16,266.16,0.2756,0.2222,-29.573,101.27,-367.43,6,-121.19,174.95,0.4552,0.3333,-20.198,101.27,-222.46,3,-144.97,144.97,0.0,0.0,-48.323,0.0,-144.97,False
IFB_0559,emapmo_early,both,RTH,1.5,1.0,12,True,1,9,-266.16,266.16,0.2756,0.2222,-29.573,101.27,-367.43,6,-121.19,174.95,0.4552,0.3333,-20.198,101.27,-222.46,3,-144.97,144.97,0.0,0.0,-48.323,0.0,-144.97,False
IFB_0561,emapmo_early,both,RTH,1.5,1.0,24,False,1,9,-266.16,266.16,0.2756,0.2222,-29.573,101.27,-367.43,6,-121.19,174.95,0.4552,0.3333,-20.198,101.27,-222.46,3,-144.97,144.97,0.0,0.0,-48.323,0.0,-144.97,False
IFB_0563,emapmo_early,both,RTH,1.5,1.0,24,True,1,9,-266.16,266.16,0.2756,0.2222,-29.573,101.27,-367.43,6,-121.19,174.95,0.4552,0.3333,-20.198,101.27,-222.46,3,-144.97,144.97,0.0,0.0,-48.323,0.0,-144.97,False
IFB_0569,emapmo_early,both,RTH,1.5,1.5,12,False,1,9,-278.66,278.66,0.2416,0.2222,-30.962,88.77,-367.43,6,-133.69,151.2,0.399,0.3333,-22.282,88.77,-222.46,3,-144.97,144.97,0.0,0.0,-48.323,0.0,-144.97,False
IFB_0571,emapmo_early,both,RTH,1.5,1.5,12,True,1,9,-278.66,278.66,0.2416,0.2222,-30.962,88.77,-367.43,6,-133.69,151.2,0.399,0.3333,-22.282,88.77,-222.46,3,-144.97,144.97,0.0,0.0,-48.323,0.0,-144.97,False
IFB_0573,emapmo_early,both,RTH,1.5,1.5,24,False,1,9,-347.41,347.41,0.1702,0.1111,-38.601,71.26,-418.67,6,-202.44,202.44,0.2604,0.1667,-33.74,71.26,-273.7,3,-144.97,144.97,0.0,0.0,-48.323,0.0,-144.97,False
IFB_0575,emapmo_early,both,RTH,1.5,1.5,24,True,1,9,-347.41,347.41,0.1702,0.1111,-38.601,71.26,-418.67,6,-202.44,202.44,0.2604,0.1667,-33.74,71.26,-273.7,3,-144.97,144.97,0.0,0.0,-48.323,0.0,-144.97,False
IFB_0797,emapmo_early,short,PRE_RTH,1.5,1.0,12,False,1,8,-148.67,148.67,0.3499,0.25,-18.584,80.02,-228.69,5,-3.7,57.46,0.9558,0.4,-0.74,80.02,-83.72,3,-144.97,144.97,0.0,0.0,-48.323,0.0,-144.97,False
IFB_0799,emapmo_early,short,PRE_RTH,1.5,1.0,12,True,1,8,-148.67,148.67,0.3499,0.25,-18.584,80.02,-228.69,5,-3.7,57.46,0.9558,0.4,-0.74,80.02,-83.72,3,-144.97,144.97,0.0,0.0,-48.323,0.0,-144.97,False
IFB_0801,emapmo_early,short,PRE_RTH,1.5,1.0,24,False,1,8,-148.67,148.67,0.3499,0.25,-18.584,80.02,-228.69,5,-3.7,57.46,0.9558,0.4,-0.74,80.02,-83.72,3,-144.97,144.97,0.0,0.0,-48.323,0.0,-144.97,False
IFB_0803,emapmo_early,short,PRE_RTH,1.5,1.0,24,True,1,8,-148.67,148.67,0.3499,0.25,-18.584,80.02,-228.69,5,-3.7,57.46,0.9558,0.4,-0.74,80.02,-83.72,3,-144.97,144.97,0.0,0.0,-48.323,0.0,-144.97,False
IFB_0809,emapmo_early,short,PRE_RTH,1.5,1.5,12,False,1,8,-171.17,179.94,0.2515,0.25,-21.396,57.52,-228.69,5,-26.2,52.48,0.6871,0.4,-5.24,57.52,-83.72,3,-144.97,144.97,0.0,0.0,-48.323,0.0,-144.97,False
IFB_0811,emapmo_early,short,PRE_RTH,1.5,1.5,12,True,1,8,-171.17,179.94,0.2515,0.25,-21.396,57.52,-228.69,5,-26.2,52.48,0.6871,0.4,-5.24,57.52,-83.72,3,-144.97,144.97,0.0,0.0,-48.323,0.0,-144.97,False
IFB_0813,emapmo_early,short,PRE_RTH,1.5,1.5,24,False,1,8,-239.92,248.69,0.1429,0.125,-29.99,40.01,-279.93,5,-94.95,103.72,0.2965,0.2,-18.99,40.01,-134.96,3,-144.97,144.97,0.0,0.0,-48.323,0.0,-144.97,False
IFB_0815,emapmo_early,short,PRE_RTH,1.5,1.5,24,True,1,8,-239.92,248.69,0.1429,0.125,-29.99,40.01,-279.93,5,-94.95,103.72,0.2965,0.2,-18.99,40.01,-134.96,3,-144.97,144.97,0.0,0.0,-48.323,0.0,-144.97,False
IFB_0845,emapmo_early,short,RTH,1.5,1.0,12,False,1,7,-174.93,174.93,0.2351,0.1429,-24.99,53.76,-228.69,4,-29.96,83.72,0.6421,0.25,-7.49,53.76,-83.72,3,-144.97,144.97,0.0,0.0,-48.323,0.0,-144.97,False
IFB_0847,emapmo_early,short,RTH,1.5,1.0,12,True,1,7,-174.93,174.93,0.2351,0.1429,-24.99,53.76,-228.69,4,-29.96,83.72,0.6421,0.25,-7.49,53.76,-83.72,3,-144.97,144.97,0.0,0.0,-48.323,0.0,-144.97,False
IFB_0849,emapmo_early,short,RTH,1.5,1.0,24,False,1,7,-174.93,174.93,0.2351,0.1429,-24.99,53.76,-228.69,4,-29.96,83.72,0.6421,0.25,-7.49,53.76,-83.72,3,-144.97,144.97,0.0,0.0,-48.323,0.0,-144.97,False
IFB_0851,emapmo_early,short,RTH,1.5,1.0,24,True,1,7,-174.93,174.93,0.2351,0.1429,-24.99,53.76,-228.69,4,-29.96,83.72,0.6421,0.25,-7.49,53.76,-83.72,3,-144.97,144.97,0.0,0.0,-48.323,0.0,-144.97,False
IFB_0857,emapmo_early,short,RTH,1.5,1.5,12,False,1,7,-211.18,211.18,0.0766,0.1429,-30.169,17.51,-228.69,4,-66.21,83.72,0.2091,0.25,-16.552,17.51,-83.72,3,-144.97,144.97,0.0,0.0,-48.323,0.0,-144.97,False
IFB_0859,emapmo_early,short,RTH,1.5,1.5,12,True,1,7,-211.18,211.18,0.0766,0.1429,-30.169,17.51,-228.69,4,-66.21,83.72,0.2091,0.25,-16.552,17.51,-83.72,3,-144.97,144.97,0.0,0.0,-48.323,0.0,-144.97,False
IFB_0861,emapmo_early,short,RTH,1.5,1.5,24,False,1,7,-279.93,279.93,0.0,0.0,-39.99,0.0,-279.93,4,-134.96,134.96,0.0,0.0,-33.74,0.0,-134.96,3,-144.97,144.97,0.0,0.0,-48.323,0.0,-144.97,False
IFB_0863,emapmo_early,short,RTH,1.5,1.5,24,True,1,7,-279.93,279.93,0.0,0.0,-39.99,0.0,-279.93,4,-134.96,134.96,0.0,0.0,-33.74,0.0,-134.96,3,-144.97,144.97,0.0,0.0,-48.323,0.0,-144.97,False
IFB_0749,emapmo_early,short,ALL,1.5,1.0,12,False,1,10,-192.4,212.46,0.3504,0.3,-19.24,103.78,-296.18,7,-29.93,52.48,0.7762,0.4286,-4.276,103.78,-133.71,3,-162.47,162.47,0.0,0.0,-54.157,0.0,-162.47,False
IFB_0751,emapmo_early,short,ALL,1.5,1.0,12,True,1,10,-192.4,212.46,0.3504,0.3,-19.24,103.78,-296.18,7,-29.93,52.48,0.7762,0.4286,-4.276,103.78,-133.71,3,-162.47,162.47,0.0,0.0,-54.157,0.0,-162.47,False
IFB_0753,emapmo_early,short,ALL,1.5,1.0,24,False,1,10,-192.4,212.46,0.3504,0.3,-19.24,103.78,-296.18,7,-29.93,52.48,0.7762,0.4286,-4.276,103.78,-133.71,3,-162.47,162.47,0.0,0.0,-54.157,0.0,-162.47,False
IFB_0755,emapmo_early,short,ALL,1.5,1.0,24,True,1,10,-192.4,212.46,0.3504,0.3,-19.24,103.78,-296.18,7,-29.93,52.48,0.7762,0.4286,-4.276,103.78,-133.71,3,-162.47,162.47,0.0,0.0,-54.157,0.0,-162.47,False
IFB_0761,emapmo_early,short,ALL,1.5,1.5,12,False,1,10,-202.4,247.43,0.3166,0.3,-20.24,93.78,-296.18,7,-39.93,84.96,0.7014,0.4286,-5.704,93.78,-133.71,3,-162.47,162.47,0.0,0.0,-54.157,0.0,-162.47,False
IFB_0763,emapmo_early,short,ALL,1.5,1.5,12,True,1,10,-202.4,247.43,0.3166,0.3,-20.24,93.78,-296.18,7,-39.93,84.96,0.7014,0.4286,-5.704,93.78,-133.71,3,-162.47,162.47,0.0,0.0,-54.157,0.0,-162.47,False
IFB_0765,emapmo_early,short,ALL,1.5,1.5,24,False,1,10,-258.65,303.68,0.2277,0.2,-25.865,76.27,-334.92,7,-96.18,141.21,0.4423,0.2857,-13.74,76.27,-172.45,3,-162.47,162.47,0.0,0.0,-54.157,0.0,-162.47,False
IFB_0767,emapmo_early,short,ALL,1.5,1.5,24,True,1,10,-258.65,303.68,0.2277,0.2,-25.865,76.27,-334.92,7,-96.18,141.21,0.4423,0.2857,-13.74,76.27,-172.45,3,-162.47,162.47,0.0,0.0,-54.157,0.0,-162.47,False
IFB_0746,emapmo_early,short,ALL,1.5,1.0,6,False,3,26,-119.74,261.14,0.7105,0.4615,-4.605,293.87,-413.61,18,107.68,62.49,1.5783,0.6667,5.982,293.87,-186.19,8,-227.42,227.42,0.0,0.0,-28.428,0.0,-227.42,False
IFB_0748,emapmo_early,short,ALL,1.5,1.0,6,True,3,26,-119.74,261.14,0.7105,0.4615,-4.605,293.87,-413.61,18,107.68,62.49,1.5783,0.6667,5.982,293.87,-186.19,8,-227.42,227.42,0.0,0.0,-28.428,0.0,-227.42,False
IFB_0758,emapmo_early,short,ALL,1.5,1.5,6,False,3,25,-228.5,341.1,0.4906,0.32,-9.14,220.08,-448.58,17,-1.08,113.68,0.9951,0.4706,-0.064,220.08,-221.16,8,-227.42,227.42,0.0,0.0,-28.428,0.0,-227.42,False
IFB_0760,emapmo_early,short,ALL,1.5,1.5,6,True,3,25,-228.5,341.1,0.4906,0.32,-9.14,220.08,-448.58,17,-1.08,113.68,0.9951,0.4706,-0.064,220.08,-221.16,8,-227.42,227.42,0.0,0.0,-28.428,0.0,-227.42,False
