param_id,signal_name,side_mode,session_set,sl_atr,tp_atr,max_hold_bars,exit_on_opposite,max_trades_per_day,all_trades,all_pnl,all_max_dd,all_profit_factor,all_win_rate,all_expectancy,all_total_gain,all_total_loss,is_trades,is_pnl,is_max_dd,is_profit_factor,is_win_rate,is_expectancy,is_total_gain,is_total_loss,oos_trades,oos_pnl,oos_max_dd,oos_profit_factor,oos_win_rate,oos_expectancy,oos_total_gain,oos_total_loss,wf_positive
IFB_0069,emapmo_normal,both,PRE_RTH,1.0,1.0,24,False,1,25,1195.0,111.8,3.6403,0.72,47.8,1647.6,-452.6,19,839.8,111.8,3.4484,0.7368,44.2,1182.8,-343.0,6,355.2,57.8,4.2409,0.6667,59.2,464.8,-109.6,False
IFB_0071,emapmo_normal,both,PRE_RTH,1.0,1.0,24,True,1,25,1195.0,111.8,3.6403,0.72,47.8,1647.6,-452.6,19,839.8,111.8,3.4484,0.7368,44.2,1182.8,-343.0,6,355.2,57.8,4.2409,0.6667,59.2,464.8,-109.6,False
IFB_0065,emapmo_normal,both,PRE_RTH,1.0,1.0,12,False,1,25,1111.0,111.8,3.4547,0.72,44.44,1563.6,-452.6,19,839.8,111.8,3.4484,0.7368,44.2,1182.8,-343.0,6,271.2,57.8,3.4745,0.6667,45.2,380.8,-109.6,False
IFB_0067,emapmo_normal,both,PRE_RTH,1.0,1.0,12,True,1,25,1111.0,111.8,3.4547,0.72,44.44,1563.6,-452.6,19,839.8,111.8,3.4484,0.7368,44.2,1182.8,-343.0,6,271.2,57.8,3.4745,0.6667,45.2,380.8,-109.6,False
IFB_0053,emapmo_normal,both,PRE_RTH,1.0,0.75,12,False,1,25,865.0,111.8,3.2248,0.76,34.6,1253.8,-388.8,19,629.8,111.8,3.2557,0.7895,33.147,909.0,-279.2,6,235.2,57.8,3.146,0.6667,39.2,344.8,-109.6,False
IFB_0055,emapmo_normal,both,PRE_RTH,1.0,0.75,12,True,1,25,865.0,111.8,3.2248,0.76,34.6,1253.8,-388.8,19,629.8,111.8,3.2557,0.7895,33.147,909.0,-279.2,6,235.2,57.8,3.146,0.6667,39.2,344.8,-109.6,False
IFB_0057,emapmo_normal,both,PRE_RTH,1.0,0.75,24,False,1,25,865.0,111.8,3.2248,0.76,34.6,1253.8,-388.8,19,629.8,111.8,3.2557,0.7895,33.147,909.0,-279.2,6,235.2,57.8,3.146,0.6667,39.2,344.8,-109.6,False
IFB_0059,emapmo_normal,both,PRE_RTH,1.0,0.75,24,True,1,25,865.0,111.8,3.2248,0.76,34.6,1253.8,-388.8,19,629.8,111.8,3.2557,0.7895,33.147,909.0,-279.2,6,235.2,57.8,3.146,0.6667,39.2,344.8,-109.6,False
IFB_0177,emapmo_normal,long,ALL,1.5,1.0,24,False,1,18,555.6,87.8,3.1771,0.7778,30.867,810.8,-255.2,11,390.2,87.8,3.0387,0.7273,35.473,581.6,-191.4,7,165.4,63.8,3.5925,0.8571,23.629,229.2,-63.8,False
IFB_0179,emapmo_normal,long,ALL,1.5,1.0,24,True,1,18,555.6,87.8,3.1771,0.7778,30.867,810.8,-255.2,11,390.2,87.8,3.0387,0.7273,35.473,581.6,-191.4,7,165.4,63.8,3.5925,0.8571,23.629,229.2,-63.8,False
IFB_0081,emapmo_normal,both,PRE_RTH,1.5,1.0,24,False,1,25,1261.0,165.8,3.5578,0.8,50.44,1754.0,-493.0,19,827.8,165.8,3.0131,0.7895,43.568,1239.0,-411.2,6,433.2,81.8,6.2958,0.8333,72.2,515.0,-81.8,False
IFB_0083,emapmo_normal,both,PRE_RTH,1.5,1.0,24,True,1,25,1261.0,165.8,3.5578,0.8,50.44,1754.0,-493.0,19,827.8,165.8,3.0131,0.7895,43.568,1239.0,-411.2,6,433.2,81.8,6.2958,0.8333,72.2,515.0,-81.8,False
IFB_0077,emapmo_normal,both,PRE_RTH,1.5,1.0,12,False,1,25,1177.0,165.8,3.3874,0.8,47.08,1670.0,-493.0,19,827.8,165.8,3.0131,0.7895,43.568,1239.0,-411.2,6,349.2,81.8,5.269,0.8333,58.2,431.0,-81.8,False
IFB_0079,emapmo_normal,both,PRE_RTH,1.5,1.0,12,True,1,25,1177.0,165.8,3.3874,0.8,47.08,1670.0,-493.0,19,827.8,165.8,3.0131,0.7895,43.568,1239.0,-411.2,6,349.2,81.8,5.269,0.8333,58.2,431.0,-81.8,False
IFB_0221,emapmo_normal,long,PRE_RTH,1.5,1.0,12,False,1,11,744.2,87.8,5.388,0.8182,67.655,913.8,-169.6,7,585.4,87.8,7.6674,0.8571,83.629,673.2,-87.8,4,158.8,81.8,2.9413,0.75,39.7,240.6,-81.8,False
IFB_0223,emapmo_normal,long,PRE_RTH,1.5,1.0,12,True,1,11,744.2,87.8,5.388,0.8182,67.655,913.8,-169.6,7,585.4,87.8,7.6674,0.8571,83.629,673.2,-87.8,4,158.8,81.8,2.9413,0.75,39.7,240.6,-81.8,False
IFB_0397,emapmo_normal,short,RTH,1.0,1.0,6,False,1,11,432.2,111.8,3.3038,0.8182,39.291,619.8,-187.6,9,307.8,111.8,2.6407,0.7778,34.2,495.4,-187.6,2,124.4,0.0,999.0,1.0,62.2,124.4,0.0,False
IFB_0399,emapmo_normal,short,RTH,1.0,1.0,6,True,1,11,432.2,111.8,3.3038,0.8182,39.291,619.8,-187.6,9,307.8,111.8,2.6407,0.7778,34.2,495.4,-187.6,2,124.4,0.0,999.0,1.0,62.2,124.4,0.0,False
IFB_0401,emapmo_normal,short,RTH,1.0,1.0,12,False,1,11,432.2,111.8,3.3038,0.8182,39.291,619.8,-187.6,9,307.8,111.8,2.6407,0.7778,34.2,495.4,-187.6,2,124.4,0.0,999.0,1.0,62.2,124.4,0.0,False
IFB_0403,emapmo_normal,short,RTH,1.0,1.0,12,True,1,11,432.2,111.8,3.3038,0.8182,39.291,619.8,-187.6,9,307.8,111.8,2.6407,0.7778,34.2,495.4,-187.6,2,124.4,0.0,999.0,1.0,62.2,124.4,0.0,False
IFB_0405,emapmo_normal,short,RTH,1.0,1.0,24,False,1,11,432.2,111.8,3.3038,0.8182,39.291,619.8,-187.6,9,307.8,111.8,2.6407,0.7778,34.2,495.4,-187.6,2,124.4,0.0,999.0,1.0,62.2,124.4,0.0,False
IFB_0407,emapmo_normal,short,RTH,1.0,1.0,24,True,1,11,432.2,111.8,3.3038,0.8182,39.291,619.8,-187.6,9,307.8,111.8,2.6407,0.7778,34.2,495.4,-187.6,2,124.4,0.0,999.0,1.0,62.2,124.4,0.0,False
IFB_0073,emapmo_normal,both,PRE_RTH,1.5,1.0,6,False,1,25,955.0,165.8,2.7924,0.76,38.2,1487.8,-532.8,19,731.8,165.8,2.6226,0.7368,38.516,1182.8,-451.0,6,223.2,81.8,3.7286,0.8333,37.2,305.0,-81.8,False
IFB_0075,emapmo_normal,both,PRE_RTH,1.5,1.0,6,True,1,25,955.0,165.8,2.7924,0.76,38.2,1487.8,-532.8,19,731.8,165.8,2.6226,0.7368,38.516,1182.8,-451.0,6,223.2,81.8,3.7286,0.8333,37.2,305.0,-81.8,False
IFB_0421,emapmo_normal,short,RTH,1.5,1.5,6,False,1,11,588.2,165.8,3.1358,0.7273,53.473,863.6,-275.4,9,391.8,165.8,2.4226,0.6667,43.533,667.2,-275.4,2,196.4,0.0,999.0,1.0,98.2,196.4,0.0,False
IFB_0423,emapmo_normal,short,RTH,1.5,1.5,6,True,1,11,588.2,165.8,3.1358,0.7273,53.473,863.6,-275.4,9,391.8,165.8,2.4226,0.6667,43.533,667.2,-275.4,2,196.4,0.0,999.0,1.0,98.2,196.4,0.0,False
IFB_0061,emapmo_normal,both,PRE_RTH,1.0,1.0,6,False,1,25,985.0,111.8,3.1763,0.72,39.4,1437.6,-452.6,19,839.8,111.8,3.4484,0.7368,44.2,1182.8,-343.0,6,145.2,57.8,2.3248,0.6667,24.2,254.8,-109.6,False
IFB_0063,emapmo_normal,both,PRE_RTH,1.0,1.0,6,True,1,25,985.0,111.8,3.1763,0.72,39.4,1437.6,-452.6,19,839.8,111.8,3.4484,0.7368,44.2,1182.8,-343.0,6,145.2,57.8,2.3248,0.6667,24.2,254.8,-109.6,False
IFB_0125,emapmo_normal,both,RTH,1.5,1.0,12,False,1,21,904.2,183.8,2.6646,0.8095,43.057,1447.4,-543.2,15,681.0,165.8,2.8948,0.8,45.4,1040.4,-359.4,6,223.2,183.8,2.2144,0.8333,37.2,407.0,-183.8,False
IFB_0127,emapmo_normal,both,RTH,1.5,1.0,12,True,1,21,904.2,183.8,2.6646,0.8095,43.057,1447.4,-543.2,15,681.0,165.8,2.8948,0.8,45.4,1040.4,-359.4,6,223.2,183.8,2.2144,0.8333,37.2,407.0,-183.8,False
IFB_0093,emapmo_normal,both,PRE_RTH,1.5,1.5,24,False,1,25,1093.0,442.8,2.0331,0.6,43.72,2151.0,-1058.0,19,767.8,442.8,1.9887,0.6316,40.411,1544.4,-776.6,6,325.2,193.6,2.1557,0.5,54.2,606.6,-281.4,False
IFB_0095,emapmo_normal,both,PRE_RTH,1.5,1.5,24,True,1,25,1093.0,442.8,2.0331,0.6,43.72,2151.0,-1058.0,19,767.8,442.8,1.9887,0.6316,40.411,1544.4,-776.6,6,325.2,193.6,2.1557,0.5,54.2,606.6,-281.4,False
IFB_0217,emapmo_normal,long,PRE_RTH,1.5,1.0,6,False,1,11,666.2,87.8,4.9281,0.8182,60.563,835.8,-169.6,7,585.4,87.8,7.6674,0.8571,83.629,673.2,-87.8,4,80.8,81.8,1.9878,0.75,20.2,162.6,-81.8,False
IFB_0219,emapmo_normal,long,PRE_RTH,1.5,1.0,6,True,1,11,666.2,87.8,4.9281,0.8182,60.563,835.8,-169.6,7,585.4,87.8,7.6674,0.8571,83.629,673.2,-87.8,4,80.8,81.8,1.9878,0.75,20.2,162.6,-81.8,False
IFB_0066,emapmo_normal,both,PRE_RTH,1.0,1.0,12,False,3,33,1242.6,197.4,2.6792,0.697,37.655,1982.6,-740.0,23,938.6,197.4,3.1787,0.7391,40.809,1369.4,-430.8,10,304.0,175.6,1.9832,0.6,30.4,613.2,-309.2,True
IFB_0068,emapmo_normal,both,PRE_RTH,1.0,1.0,12,True,3,33,1242.6,197.4,2.6792,0.697,37.655,1982.6,-740.0,23,938.6,197.4,3.1787,0.7391,40.809,1369.4,-430.8,10,304.0,175.6,1.9832,0.6,30.4,613.2,-309.2,True
IFB_0113,emapmo_normal,both,RTH,1.0,1.0,12,False,1,21,970.2,123.8,3.2721,0.7619,46.2,1397.2,-427.0,15,795.0,111.8,4.2396,0.8,53.0,1040.4,-245.4,6,175.2,123.8,1.9648,0.6667,29.2,356.8,-181.6,False
IFB_0115,emapmo_normal,both,RTH,1.0,1.0,12,True,1,21,970.2,123.8,3.2721,0.7619,46.2,1397.2,-427.0,15,795.0,111.8,4.2396,0.8,53.0,1040.4,-245.4,6,175.2,123.8,1.9648,0.6667,29.2,356.8,-181.6,False
IFB_0070,emapmo_normal,both,PRE_RTH,1.0,1.0,24,False,3,33,1224.6,197.4,2.6549,0.697,37.109,1964.6,-740.0,23,938.6,197.4,3.1787,0.7391,40.809,1369.4,-430.8,10,286.0,175.6,1.925,0.6,28.6,595.2,-309.2,True
IFB_0072,emapmo_normal,both,PRE_RTH,1.0,1.0,24,True,3,33,1224.6,197.4,2.6549,0.697,37.109,1964.6,-740.0,23,938.6,197.4,3.1787,0.7391,40.809,1369.4,-430.8,10,286.0,175.6,1.925,0.6,28.6,595.2,-309.2,True
IFB_0049,emapmo_normal,both,PRE_RTH,1.0,0.75,6,False,1,25,727.0,111.8,2.8699,0.76,29.08,1115.8,-388.8,19,629.8,111.8,3.2557,0.7895,33.147,909.0,-279.2,6,97.2,57.8,1.8869,0.6667,16.2,206.8,-109.6,False
IFB_0051,emapmo_normal,both,PRE_RTH,1.0,0.75,6,True,1,25,727.0,111.8,2.8699,0.76,29.08,1115.8,-388.8,19,629.8,111.8,3.2557,0.7895,33.147,909.0,-279.2,6,97.2,57.8,1.8869,0.6667,16.2,206.8,-109.6,False
IFB_0385,emapmo_normal,short,RTH,1.0,0.75,6,False,1,11,258.2,111.8,2.3763,0.8182,23.473,445.8,-187.6,9,163.8,111.8,1.8731,0.7778,18.2,351.4,-187.6,2,94.4,0.0,999.0,1.0,47.2,94.4,0.0,False
IFB_0387,emapmo_normal,short,RTH,1.0,0.75,6,True,1,11,258.2,111.8,2.3763,0.8182,23.473,445.8,-187.6,9,163.8,111.8,1.8731,0.7778,18.2,351.4,-187.6,2,94.4,0.0,999.0,1.0,47.2,94.4,0.0,False
IFB_0389,emapmo_normal,short,RTH,1.0,0.75,12,False,1,11,258.2,111.8,2.3763,0.8182,23.473,445.8,-187.6,9,163.8,111.8,1.8731,0.7778,18.2,351.4,-187.6,2,94.4,0.0,999.0,1.0,47.2,94.4,0.0,False
IFB_0391,emapmo_normal,short,RTH,1.0,0.75,12,True,1,11,258.2,111.8,2.3763,0.8182,23.473,445.8,-187.6,9,163.8,111.8,1.8731,0.7778,18.2,351.4,-187.6,2,94.4,0.0,999.0,1.0,47.2,94.4,0.0,False
IFB_0393,emapmo_normal,short,RTH,1.0,0.75,24,False,1,11,258.2,111.8,2.3763,0.8182,23.473,445.8,-187.6,9,163.8,111.8,1.8731,0.7778,18.2,351.4,-187.6,2,94.4,0.0,999.0,1.0,47.2,94.4,0.0,False
IFB_0395,emapmo_normal,short,RTH,1.0,0.75,24,True,1,11,258.2,111.8,2.3763,0.8182,23.473,445.8,-187.6,9,163.8,111.8,1.8731,0.7778,18.2,351.4,-187.6,2,94.4,0.0,999.0,1.0,47.2,94.4,0.0,False
IFB_0425,emapmo_normal,short,RTH,1.5,1.5,12,False,1,11,504.2,165.8,2.4029,0.7273,45.836,863.6,-359.4,9,307.8,165.8,1.8564,0.6667,34.2,667.2,-359.4,2,196.4,0.0,999.0,1.0,98.2,196.4,0.0,False
IFB_0427,emapmo_normal,short,RTH,1.5,1.5,12,True,1,11,504.2,165.8,2.4029,0.7273,45.836,863.6,-359.4,9,307.8,165.8,1.8564,0.6667,34.2,667.2,-359.4,2,196.4,0.0,999.0,1.0,98.2,196.4,0.0,False
IFB_0429,emapmo_normal,short,RTH,1.5,1.5,24,False,1,11,504.2,165.8,2.4029,0.7273,45.836,863.6,-359.4,9,307.8,165.8,1.8564,0.6667,34.2,667.2,-359.4,2,196.4,0.0,999.0,1.0,98.2,196.4,0.0,False
IFB_0431,emapmo_normal,short,RTH,1.5,1.5,24,True,1,11,504.2,165.8,2.4029,0.7273,45.836,863.6,-359.4,9,307.8,165.8,1.8564,0.6667,34.2,667.2,-359.4,2,196.4,0.0,999.0,1.0,98.2,196.4,0.0,False
IFB_0022,emapmo_normal,both,ALL,1.0,1.0,24,False,3,80,1928.0,179.4,2.2751,0.625,24.1,3440.0,-1512.0,52,858.4,163.6,1.8414,0.6346,16.508,1878.6,-1020.2,28,1069.6,179.4,3.1749,0.6071,38.2,1561.4,-491.8,True
IFB_0024,emapmo_normal,both,ALL,1.0,1.0,24,True,3,80,1928.0,179.4,2.2751,0.625,24.1,3440.0,-1512.0,52,858.4,163.6,1.8414,0.6346,16.508,1878.6,-1020.2,28,1069.6,179.4,3.1749,0.6071,38.2,1561.4,-491.8,True
IFB_0409,emapmo_normal,short,RTH,1.5,1.0,6,False,1,11,348.2,165.8,2.282,0.8182,31.655,619.8,-271.6,9,223.8,165.8,1.824,0.7778,24.867,495.4,-271.6,2,124.4,0.0,999.0,1.0,62.2,124.4,0.0,False
IFB_0411,emapmo_normal,short,RTH,1.5,1.0,6,True,1,11,348.2,165.8,2.282,0.8182,31.655,619.8,-271.6,9,223.8,165.8,1.824,0.7778,24.867,495.4,-271.6,2,124.4,0.0,999.0,1.0,62.2,124.4,0.0,False
IFB_0413,emapmo_normal,short,RTH,1.5,1.0,12,False,1,11,348.2,165.8,2.282,0.8182,31.655,619.8,-271.6,9,223.8,165.8,1.824,0.7778,24.867,495.4,-271.6,2,124.4,0.0,999.0,1.0,62.2,124.4,0.0,False
IFB_0415,emapmo_normal,short,RTH,1.5,1.0,12,True,1,11,348.2,165.8,2.282,0.8182,31.655,619.8,-271.6,9,223.8,165.8,1.824,0.7778,24.867,495.4,-271.6,2,124.4,0.0,999.0,1.0,62.2,124.4,0.0,False
IFB_0417,emapmo_normal,short,RTH,1.5,1.0,24,False,1,11,348.2,165.8,2.282,0.8182,31.655,619.8,-271.6,9,223.8,165.8,1.824,0.7778,24.867,495.4,-271.6,2,124.4,0.0,999.0,1.0,62.2,124.4,0.0,False
IFB_0419,emapmo_normal,short,RTH,1.5,1.0,24,True,1,11,348.2,165.8,2.282,0.8182,31.655,619.8,-271.6,9,223.8,165.8,1.824,0.7778,24.867,495.4,-271.6,2,124.4,0.0,999.0,1.0,62.2,124.4,0.0,False
IFB_0341,emapmo_normal,short,PRE_RTH,1.0,0.75,12,False,1,15,477.0,111.8,3.1545,0.8,31.8,698.4,-221.4,12,182.4,111.8,1.8238,0.75,15.2,403.8,-221.4,3,294.6,0.0,999.0,1.0,98.2,294.6,0.0,False
IFB_0343,emapmo_normal,short,PRE_RTH,1.0,0.75,12,True,1,15,477.0,111.8,3.1545,0.8,31.8,698.4,-221.4,12,182.4,111.8,1.8238,0.75,15.2,403.8,-221.4,3,294.6,0.0,999.0,1.0,98.2,294.6,0.0,False
IFB_0345,emapmo_normal,short,PRE_RTH,1.0,0.75,24,False,1,15,477.0,111.8,3.1545,0.8,31.8,698.4,-221.4,12,182.4,111.8,1.8238,0.75,15.2,403.8,-221.4,3,294.6,0.0,999.0,1.0,98.2,294.6,0.0,False
IFB_0347,emapmo_normal,short,PRE_RTH,1.0,0.75,24,True,1,15,477.0,111.8,3.1545,0.8,31.8,698.4,-221.4,12,182.4,111.8,1.8238,0.75,15.2,403.8,-221.4,3,294.6,0.0,999.0,1.0,98.2,294.6,0.0,False
IFB_0337,emapmo_normal,short,PRE_RTH,1.0,0.75,6,False,1,15,339.0,111.8,2.5312,0.8,22.6,560.4,-221.4,12,182.4,111.8,1.8238,0.75,15.2,403.8,-221.4,3,156.6,0.0,999.0,1.0,52.201,156.6,0.0,False
IFB_0339,emapmo_normal,short,PRE_RTH,1.0,0.75,6,True,1,15,339.0,111.8,2.5312,0.8,22.6,560.4,-221.4,12,182.4,111.8,1.8238,0.75,15.2,403.8,-221.4,3,156.6,0.0,999.0,1.0,52.201,156.6,0.0,False
IFB_0398,emapmo_normal,short,RTH,1.0,1.0,6,False,3,12,344.4,163.6,2.2505,0.75,28.7,619.8,-275.4,10,220.0,163.6,1.7988,0.7,22.0,495.4,-275.4,2,124.4,0.0,999.0,1.0,62.2,124.4,0.0,False
IFB_0400,emapmo_normal,short,RTH,1.0,1.0,6,True,3,12,344.4,163.6,2.2505,0.75,28.7,619.8,-275.4,10,220.0,163.6,1.7988,0.7,22.0,495.4,-275.4,2,124.4,0.0,999.0,1.0,62.2,124.4,0.0,False
IFB_0402,emapmo_normal,short,RTH,1.0,1.0,12,False,3,12,344.4,163.6,2.2505,0.75,28.7,619.8,-275.4,10,220.0,163.6,1.7988,0.7,22.0,495.4,-275.4,2,124.4,0.0,999.0,1.0,62.2,124.4,0.0,False
IFB_0404,emapmo_normal,short,RTH,1.0,1.0,12,True,3,12,344.4,163.6,2.2505,0.75,28.7,619.8,-275.4,10,220.0,163.6,1.7988,0.7,22.0,495.4,-275.4,2,124.4,0.0,999.0,1.0,62.2,124.4,0.0,False
IFB_0406,emapmo_normal,short,RTH,1.0,1.0,24,False,3,12,344.4,163.6,2.2505,0.75,28.7,619.8,-275.4,10,220.0,163.6,1.7988,0.7,22.0,495.4,-275.4,2,124.4,0.0,999.0,1.0,62.2,124.4,0.0,False
IFB_0408,emapmo_normal,short,RTH,1.0,1.0,24,True,3,12,344.4,163.6,2.2505,0.75,28.7,619.8,-275.4,10,220.0,163.6,1.7988,0.7,22.0,495.4,-275.4,2,124.4,0.0,999.0,1.0,62.2,124.4,0.0,False
IFB_0121,emapmo_normal,both,RTH,1.5,1.0,6,False,1,21,826.2,183.8,2.521,0.8095,39.343,1369.4,-543.2,15,681.0,165.8,2.8948,0.8,45.4,1040.4,-359.4,6,145.2,183.8,1.79,0.8333,24.2,329.0,-183.8,False
IFB_0123,emapmo_normal,both,RTH,1.5,1.0,6,True,1,21,826.2,183.8,2.521,0.8095,39.343,1369.4,-543.2,15,681.0,165.8,2.8948,0.8,45.4,1040.4,-359.4,6,145.2,183.8,1.79,0.8333,24.2,329.0,-183.8,False
IFB_0357,emapmo_normal,short,PRE_RTH,1.0,1.0,24,False,1,15,621.0,173.4,3.1774,0.7333,41.4,906.2,-285.2,12,224.4,173.4,1.7868,0.6667,18.7,509.6,-285.2,3,396.6,0.0,999.0,1.0,132.2,396.6,0.0,False
IFB_0359,emapmo_normal,short,PRE_RTH,1.0,1.0,24,True,1,15,621.0,173.4,3.1774,0.7333,41.4,906.2,-285.2,12,224.4,173.4,1.7868,0.6667,18.7,509.6,-285.2,3,396.6,0.0,999.0,1.0,132.2,396.6,0.0,False
IFB_0353,emapmo_normal,short,PRE_RTH,1.0,1.0,12,False,1,15,537.0,173.4,2.8829,0.7333,35.8,822.2,-285.2,12,224.4,173.4,1.7868,0.6667,18.7,509.6,-285.2,3,312.6,0.0,999.0,1.0,104.201,312.6,0.0,False
IFB_0355,emapmo_normal,short,PRE_RTH,1.0,1.0,12,True,1,15,537.0,173.4,2.8829,0.7333,35.8,822.2,-285.2,12,224.4,173.4,1.7868,0.6667,18.7,509.6,-285.2,3,312.6,0.0,999.0,1.0,104.201,312.6,0.0,False
IFB_0349,emapmo_normal,short,PRE_RTH,1.0,1.0,6,False,1,15,411.0,173.4,2.4411,0.7333,27.4,696.2,-285.2,12,224.4,173.4,1.7868,0.6667,18.7,509.6,-285.2,3,186.6,0.0,999.0,1.0,62.201,186.6,0.0,False
IFB_0351,emapmo_normal,short,PRE_RTH,1.0,1.0,6,True,1,15,411.0,173.4,2.4411,0.7333,27.4,696.2,-285.2,12,224.4,173.4,1.7868,0.6667,18.7,509.6,-285.2,3,186.6,0.0,999.0,1.0,62.201,186.6,0.0,False
IFB_0137,emapmo_normal,both,RTH,1.5,1.5,12,False,1,21,934.2,391.0,2.049,0.6667,44.486,1824.8,-890.6,15,723.0,391.0,2.168,0.6667,48.2,1342.0,-619.0,6,211.2,183.8,1.7776,0.6667,35.2,482.8,-271.6,False
IFB_0139,emapmo_normal,both,RTH,1.5,1.5,12,True,1,21,934.2,391.0,2.049,0.6667,44.486,1824.8,-890.6,15,723.0,391.0,2.168,0.6667,48.2,1342.0,-619.0,6,211.2,183.8,1.7776,0.6667,35.2,482.8,-271.6,False
IFB_0054,emapmo_normal,both,PRE_RTH,1.0,0.75,12,False,3,33,912.6,197.4,2.3496,0.7273,27.655,1588.8,-676.2,23,674.6,197.4,2.8381,0.7826,29.33,1041.6,-367.0,10,238.0,175.6,1.7697,0.6,23.8,547.2,-309.2,True
IFB_0056,emapmo_normal,both,PRE_RTH,1.0,0.75,12,True,3,33,912.6,197.4,2.3496,0.7273,27.655,1588.8,-676.2,23,674.6,197.4,2.8381,0.7826,29.33,1041.6,-367.0,10,238.0,175.6,1.7697,0.6,23.8,547.2,-309.2,True
IFB_0078,emapmo_normal,both,PRE_RTH,1.5,1.0,12,False,3,33,1170.6,287.4,2.2746,0.7576,35.473,2089.0,-918.4,23,884.6,287.4,2.6351,0.7826,38.461,1425.6,-541.0,10,286.0,265.6,1.7578,0.7,28.6,663.4,-377.4,True
IFB_0080,emapmo_normal,both,PRE_RTH,1.5,1.0,12,True,3,33,1170.6,287.4,2.2746,0.7576,35.473,2089.0,-918.4,23,884.6,287.4,2.6351,0.7826,38.461,1425.6,-541.0,10,286.0,265.6,1.7578,0.7,28.6,663.4,-377.4,True
IFB_0045,emapmo_normal,both,ALL,1.5,1.5,24,False,1,38,1247.6,203.4,2.6044,0.6842,32.832,2025.2,-777.6,27,557.4,203.4,1.7555,0.5926,20.645,1295.2,-737.8,11,690.2,39.8,18.3418,0.9091,62.746,730.0,-39.8,True
IFB_0047,emapmo_normal,both,ALL,1.5,1.5,24,True,1,38,1247.6,203.4,2.6044,0.6842,32.832,2025.2,-777.6,27,557.4,203.4,1.7555,0.5926,20.645,1295.2,-737.8,11,690.2,39.8,18.3418,0.9091,62.746,730.0,-39.8,True
IFB_0369,emapmo_normal,short,PRE_RTH,1.5,1.0,24,False,1,15,639.0,165.8,2.9759,0.8,42.6,962.4,-323.4,12,242.4,165.8,1.7495,0.75,20.2,565.8,-323.4,3,396.6,0.0,999.0,1.0,132.2,396.6,0.0,False
IFB_0371,emapmo_normal,short,PRE_RTH,1.5,1.0,24,True,1,15,639.0,165.8,2.9759,0.8,42.6,962.4,-323.4,12,242.4,165.8,1.7495,0.75,20.2,565.8,-323.4,3,396.6,0.0,999.0,1.0,132.2,396.6,0.0,False
IFB_0365,emapmo_normal,short,PRE_RTH,1.5,1.0,12,False,1,15,555.0,165.8,2.7161,0.8,37.0,878.4,-323.4,12,242.4,165.8,1.7495,0.75,20.2,565.8,-323.4,3,312.6,0.0,999.0,1.0,104.201,312.6,0.0,False
IFB_0367,emapmo_normal,short,PRE_RTH,1.5,1.0,12,True,1,15,555.0,165.8,2.7161,0.8,37.0,878.4,-323.4,12,242.4,165.8,1.7495,0.75,20.2,565.8,-323.4,3,312.6,0.0,999.0,1.0,104.201,312.6,0.0,False
IFB_0209,emapmo_normal,long,PRE_RTH,1.0,1.0,12,False,1,11,696.2,57.8,5.1589,0.7273,63.291,863.6,-167.4,7,615.4,57.8,11.6471,0.8571,87.914,673.2,-57.8,4,80.8,57.8,1.7372,0.5,20.2,190.4,-109.6,False
IFB_0211,emapmo_normal,long,PRE_RTH,1.0,1.0,12,True,1,11,696.2,57.8,5.1589,0.7273,63.291,863.6,-167.4,7,615.4,57.8,11.6471,0.8571,87.914,673.2,-57.8,4,80.8,57.8,1.7372,0.5,20.2,190.4,-109.6,False
IFB_0018,emapmo_normal,both,ALL,1.0,1.0,12,False,3,80,1184.0,231.2,1.7553,0.6,14.8,2751.6,-1567.6,52,792.4,163.6,1.7738,0.6154,15.238,1816.4,-1024.0,28,391.6,231.2,1.7204,0.5714,13.986,935.2,-543.6,True
IFB_0020,emapmo_normal,both,ALL,1.0,1.0,12,True,3,80,1184.0,231.2,1.7553,0.6,14.8,2751.6,-1567.6,52,792.4,163.6,1.7738,0.6154,15.238,1816.4,-1024.0,28,391.6,231.2,1.7204,0.5714,13.986,935.2,-543.6,True
IFB_0358,emapmo_normal,short,PRE_RTH,1.0,1.0,24,False,3,18,663.6,261.2,2.7791,0.7222,36.867,1036.6,-373.0,15,267.0,261.2,1.7158,0.6667,17.8,640.0,-373.0,3,396.6,0.0,999.0,1.0,132.2,396.6,0.0,False
IFB_0360,emapmo_normal,short,PRE_RTH,1.0,1.0,24,True,3,18,663.6,261.2,2.7791,0.7222,36.867,1036.6,-373.0,15,267.0,261.2,1.7158,0.6667,17.8,640.0,-373.0,3,396.6,0.0,999.0,1.0,132.2,396.6,0.0,False
IFB_0354,emapmo_normal,short,PRE_RTH,1.0,1.0,12,False,3,18,579.6,261.2,2.5539,0.7222,32.2,952.6,-373.0,15,267.0,261.2,1.7158,0.6667,17.8,640.0,-373.0,3,312.6,0.0,999.0,1.0,104.201,312.6,0.0,False
IFB_0356,emapmo_normal,short,PRE_RTH,1.0,1.0,12,True,3,18,579.6,261.2,2.5539,0.7222,32.2,952.6,-373.0,15,267.0,261.2,1.7158,0.6667,17.8,640.0,-373.0,3,312.6,0.0,999.0,1.0,104.201,312.6,0.0,False
IFB_0350,emapmo_normal,short,PRE_RTH,1.0,1.0,6,False,3,18,453.6,261.2,2.2161,0.7222,25.2,826.6,-373.0,15,267.0,261.2,1.7158,0.6667,17.8,640.0,-373.0,3,186.6,0.0,999.0,1.0,62.201,186.6,0.0,False
IFB_0352,emapmo_normal,short,PRE_RTH,1.0,1.0,6,True,3,18,453.6,261.2,2.2161,0.7222,25.2,826.6,-373.0,15,267.0,261.2,1.7158,0.6667,17.8,640.0,-373.0,3,186.6,0.0,999.0,1.0,62.201,186.6,0.0,False
IFB_0082,emapmo_normal,both,PRE_RTH,1.5,1.0,24,False,3,33,1152.6,287.4,2.255,0.7576,34.927,2071.0,-918.4,23,884.6,287.4,2.6351,0.7826,38.461,1425.6,-541.0,10,268.0,265.6,1.7101,0.7,26.8,645.4,-377.4,True
IFB_0084,emapmo_normal,both,PRE_RTH,1.5,1.0,24,True,3,33,1152.6,287.4,2.255,0.7576,34.927,2071.0,-918.4,23,884.6,287.4,2.6351,0.7826,38.461,1425.6,-541.0,10,268.0,265.6,1.7101,0.7,26.8,645.4,-377.4,True
IFB_0813,emapmo_early,short,PRE_RTH,1.5,1.5,24,False,1,21,958.2,265.6,2.2668,0.619,45.629,1714.6,-756.4,14,396.8,265.6,1.6976,0.5714,28.343,965.6,-568.8,7,561.4,153.8,3.9925,0.7143,80.2,749.0,-187.6,False
IFB_0815,emapmo_early,short,PRE_RTH,1.5,1.5,24,True,1,21,958.2,265.6,2.2668,0.619,45.629,1714.6,-756.4,14,396.8,265.6,1.6976,0.5714,28.343,965.6,-568.8,7,561.4,153.8,3.9925,0.7143,80.2,749.0,-187.6,False
IFB_0225,emapmo_normal,long,PRE_RTH,1.5,1.0,24,False,1,11,642.2,87.8,4.7866,0.8182,58.382,811.8,-169.6,7,585.4,87.8,7.6674,0.8571,83.629,673.2,-87.8,4,56.8,81.8,1.6944,0.75,14.201,138.6,-81.8,False
IFB_0227,emapmo_normal,long,PRE_RTH,1.5,1.0,24,True,1,11,642.2,87.8,4.7866,0.8182,58.382,811.8,-169.6,7,585.4,87.8,7.6674,0.8571,83.629,673.2,-87.8,4,56.8,81.8,1.6944,0.75,14.201,138.6,-81.8,False
IFB_0034,emapmo_normal,both,ALL,1.5,1.0,24,False,3,80,2240.0,249.2,2.4179,0.7375,28.0,3819.8,-1579.8,52,834.4,249.2,1.6846,0.6923,16.046,2053.2,-1218.8,28,1405.6,153.2,4.8936,0.8214,50.2,1766.6,-361.0,True
IFB_0036,emapmo_normal,both,ALL,1.5,1.0,24,True,3,80,2240.0,249.2,2.4179,0.7375,28.0,3819.8,-1579.8,52,834.4,249.2,1.6846,0.6923,16.046,2053.2,-1218.8,28,1405.6,153.2,4.8936,0.8214,50.2,1766.6,-361.0,True
IFB_0046,emapmo_normal,both,ALL,1.5,1.5,24,False,3,80,2528.01,370.8,2.1604,0.6625,31.6,4706.61,-2178.6,52,1080.4,370.8,1.6677,0.6154,20.777,2698.4,-1618.0,28,1447.6,199.6,3.5822,0.75,51.7,2008.2,-560.6,True
IFB_0048,emapmo_normal,both,ALL,1.5,1.5,24,True,3,80,2528.01,370.8,2.1604,0.6625,31.6,4706.61,-2178.6,52,1080.4,370.8,1.6677,0.6154,20.777,2698.4,-1618.0,28,1447.6,199.6,3.5822,0.75,51.7,2008.2,-560.6,True
IFB_0129,emapmo_normal,both,RTH,1.5,1.0,24,False,1,21,802.2,183.8,2.4768,0.8095,38.2,1345.4,-543.2,15,681.0,165.8,2.8948,0.8,45.4,1040.4,-359.4,6,121.2,183.8,1.6594,0.8333,20.2,305.0,-183.8,False
IFB_0131,emapmo_normal,both,RTH,1.5,1.0,24,True,1,21,802.2,183.8,2.4768,0.8095,38.2,1345.4,-543.2,15,681.0,165.8,2.8948,0.8,45.4,1040.4,-359.4,6,121.2,183.8,1.6594,0.8333,20.2,305.0,-183.8,False
IFB_0173,emapmo_normal,long,ALL,1.5,1.0,12,False,1,18,417.6,87.8,2.3603,0.7222,23.2,724.6,-307.0,11,342.2,87.8,2.7879,0.7273,31.109,533.6,-191.4,7,75.4,63.8,1.6522,0.7143,10.771,191.0,-115.6,False
IFB_0175,emapmo_normal,long,ALL,1.5,1.0,12,True,1,18,417.6,87.8,2.3603,0.7222,23.2,724.6,-307.0,11,342.2,87.8,2.7879,0.7273,31.109,533.6,-191.4,7,75.4,63.8,1.6522,0.7143,10.771,191.0,-115.6,False
IFB_0089,emapmo_normal,both,PRE_RTH,1.5,1.5,12,False,1,25,919.0,442.8,1.9099,0.6,36.76,1929.0,-1010.0,19,767.8,442.8,1.9887,0.6316,40.411,1544.4,-776.6,6,151.2,145.6,1.6478,0.5,25.2,384.6,-233.4,False
IFB_0091,emapmo_normal,both,PRE_RTH,1.5,1.5,12,True,1,25,919.0,442.8,1.9099,0.6,36.76,1929.0,-1010.0,19,767.8,442.8,1.9887,0.6316,40.411,1544.4,-776.6,6,151.2,145.6,1.6478,0.5,25.2,384.6,-233.4,False
IFB_0422,emapmo_normal,short,RTH,1.5,1.5,6,False,3,12,458.4,235.6,2.1313,0.6667,38.2,863.6,-405.2,10,262.0,235.6,1.6466,0.6,26.2,667.2,-405.2,2,196.4,0.0,999.0,1.0,98.2,196.4,0.0,False
IFB_0424,emapmo_normal,short,RTH,1.5,1.5,6,True,3,12,458.4,235.6,2.1313,0.6667,38.2,863.6,-405.2,10,262.0,235.6,1.6466,0.6,26.2,667.2,-405.2,2,196.4,0.0,999.0,1.0,98.2,196.4,0.0,False
IFB_0085,emapmo_normal,both,PRE_RTH,1.5,1.5,6,False,1,25,811.0,280.8,1.9842,0.6,32.44,1635.0,-824.0,19,701.8,280.8,2.0724,0.5789,36.937,1356.2,-654.4,6,109.2,87.8,1.6439,0.6667,18.2,278.8,-169.6,False
IFB_0087,emapmo_normal,both,PRE_RTH,1.5,1.5,6,True,1,25,811.0,280.8,1.9842,0.6,32.44,1635.0,-824.0,19,701.8,280.8,2.0724,0.5789,36.937,1356.2,-654.4,6,109.2,87.8,1.6439,0.6667,18.2,278.8,-169.6,False
IFB_0010,emapmo_normal,both,ALL,1.0,0.75,24,False,3,80,1232.0,179.4,1.8938,0.65,15.4,2610.4,-1378.4,52,564.4,171.2,1.6366,0.6731,10.854,1451.0,-886.6,28,667.6,179.4,2.3575,0.6071,23.843,1159.4,-491.8,True
IFB_0012,emapmo_normal,both,ALL,1.0,0.75,24,True,3,80,1232.0,179.4,1.8938,0.65,15.4,2610.4,-1378.4,52,564.4,171.2,1.6366,0.6731,10.854,1451.0,-886.6,28,667.6,179.4,2.3575,0.6071,23.843,1159.4,-491.8,True
IFB_0757,emapmo_early,short,ALL,1.5,1.5,6,False,1,28,763.61,215.4,2.2605,0.6071,27.272,1369.41,-605.8,18,351.6,215.4,1.6365,0.5556,19.533,904.0,-552.4,10,412.01,27.8,8.7158,0.7,41.201,465.4,-53.4,False
IFB_0759,emapmo_early,short,ALL,1.5,1.5,6,True,1,28,763.61,215.4,2.2605,0.6071,27.272,1369.41,-605.8,18,351.6,215.4,1.6365,0.5556,19.533,904.0,-552.4,10,412.01,27.8,8.7158,0.7,41.201,465.4,-53.4,False
IFB_0101,emapmo_normal,both,RTH,1.0,0.75,12,False,1,21,634.2,123.8,2.4852,0.7619,30.2,1061.2,-427.0,15,519.0,111.8,3.1149,0.8,34.6,764.4,-245.4,6,115.2,123.8,1.6344,0.6667,19.2,296.8,-181.6,False
IFB_0103,emapmo_normal,both,RTH,1.0,0.75,12,True,1,21,634.2,123.8,2.4852,0.7619,30.2,1061.2,-427.0,15,519.0,111.8,3.1149,0.8,34.6,764.4,-245.4,6,115.2,123.8,1.6344,0.6667,19.2,296.8,-181.6,False
IFB_0750,emapmo_early,short,ALL,1.5,1.0,12,False,3,73,1528.6,313.0,2.0033,0.6986,20.94,3052.2,-1523.6,48,699.6,313.0,1.6311,0.6458,14.575,1808.2,-1108.6,25,829.0,153.8,2.9976,0.8,33.16,1244.0,-415.0,False
IFB_0752,emapmo_early,short,ALL,1.5,1.0,12,True,3,73,1492.61,313.0,1.9797,0.6986,20.447,3016.2,-1523.6,48,699.6,313.0,1.6311,0.6458,14.575,1808.2,-1108.6,25,793.0,153.8,2.9109,0.8,31.72,1208.0,-415.0,False
IFB_0169,emapmo_normal,long,ALL,1.5,1.0,6,False,1,18,255.59,182.6,1.6715,0.6111,14.2,636.2,-380.61,11,180.2,182.6,1.6188,0.6364,16.382,471.4,-291.2,7,75.4,79.6,1.8433,0.5714,10.771,164.8,-89.4,False
IFB_0171,emapmo_normal,long,ALL,1.5,1.0,6,True,1,18,255.59,182.6,1.6715,0.6111,14.2,636.2,-380.61,11,180.2,182.6,1.6188,0.6364,16.382,471.4,-291.2,7,75.4,79.6,1.8433,0.5714,10.771,164.8,-89.4,False
IFB_0342,emapmo_normal,short,PRE_RTH,1.0,0.75,12,False,3,18,483.6,197.4,2.564,0.7778,26.867,792.8,-309.2,15,189.0,197.4,1.6113,0.7333,12.6,498.2,-309.2,3,294.6,0.0,999.0,1.0,98.2,294.6,0.0,False
IFB_0344,emapmo_normal,short,PRE_RTH,1.0,0.75,12,True,3,18,483.6,197.4,2.564,0.7778,26.867,792.8,-309.2,15,189.0,197.4,1.6113,0.7333,12.6,498.2,-309.2,3,294.6,0.0,999.0,1.0,98.2,294.6,0.0,False
IFB_0346,emapmo_normal,short,PRE_RTH,1.0,0.75,24,False,3,18,483.6,197.4,2.564,0.7778,26.867,792.8,-309.2,15,189.0,197.4,1.6113,0.7333,12.6,498.2,-309.2,3,294.6,0.0,999.0,1.0,98.2,294.6,0.0,False
IFB_0348,emapmo_normal,short,PRE_RTH,1.0,0.75,24,True,3,18,483.6,197.4,2.564,0.7778,26.867,792.8,-309.2,15,189.0,197.4,1.6113,0.7333,12.6,498.2,-309.2,3,294.6,0.0,999.0,1.0,98.2,294.6,0.0,False
IFB_0338,emapmo_normal,short,PRE_RTH,1.0,0.75,6,False,3,18,345.6,197.4,2.1177,0.7778,19.2,654.8,-309.2,15,189.0,197.4,1.6113,0.7333,12.6,498.2,-309.2,3,156.6,0.0,999.0,1.0,52.201,156.6,0.0,False
IFB_0340,emapmo_normal,short,PRE_RTH,1.0,0.75,6,True,3,18,345.6,197.4,2.1177,0.7778,19.2,654.8,-309.2,15,189.0,197.4,1.6113,0.7333,12.6,498.2,-309.2,3,156.6,0.0,999.0,1.0,52.201,156.6,0.0,False
IFB_0041,emapmo_normal,both,ALL,1.5,1.5,12,False,1,38,719.6,203.4,1.8264,0.5789,18.937,1590.4,-870.8,27,449.4,203.4,1.606,0.5556,16.645,1191.0,-741.6,11,270.2,51.8,3.0913,0.6364,24.563,399.4,-129.2,True
IFB_0043,emapmo_normal,both,ALL,1.5,1.5,12,True,1,38,719.6,203.4,1.8264,0.5789,18.937,1590.4,-870.8,27,449.4,203.4,1.606,0.5556,16.645,1191.0,-741.6,11,270.2,51.8,3.0913,0.6364,24.563,399.4,-129.2,True
IFB_0178,emapmo_normal,long,ALL,1.5,1.0,24,False,3,30,1044.0,329.4,2.6503,0.7667,34.8,1676.6,-632.6,15,777.0,87.8,5.0596,0.8,51.8,968.4,-191.4,15,267.0,329.4,1.6052,0.7333,17.8,708.2,-441.2,True
IFB_0180,emapmo_normal,long,ALL,1.5,1.0,24,True,3,30,1044.0,329.4,2.6503,0.7667,34.8,1676.6,-632.6,15,777.0,87.8,5.0596,0.8,51.8,968.4,-191.4,15,267.0,329.4,1.6052,0.7333,17.8,708.2,-441.2,True
IFB_0042,emapmo_normal,both,ALL,1.5,1.5,12,False,3,80,1562.0,370.8,1.6864,0.6,19.525,3837.6,-2275.6,52,972.4,370.8,1.5996,0.5962,18.7,2594.2,-1621.8,28,589.6,303.2,1.9018,0.6071,21.057,1243.4,-653.8,True
IFB_0044,emapmo_normal,both,ALL,1.5,1.5,12,True,3,80,1562.0,370.8,1.6864,0.6,19.525,3837.6,-2275.6,52,972.4,370.8,1.5996,0.5962,18.7,2594.2,-1621.8,28,589.6,303.2,1.9018,0.6071,21.057,1243.4,-653.8,True
IFB_0030,emapmo_normal,both,ALL,1.5,1.0,12,False,3,80,1232.0,249.2,1.7143,0.675,15.4,2956.8,-1724.8,52,720.4,249.2,1.5892,0.6731,13.854,1943.0,-1222.6,28,511.6,215.4,2.0187,0.6786,18.271,1013.8,-502.2,True
IFB_0032,emapmo_normal,both,ALL,1.5,1.0,12,True,3,80,1232.0,249.2,1.7143,0.675,15.4,2956.8,-1724.8,52,720.4,249.2,1.5892,0.6731,13.854,1943.0,-1222.6,28,511.6,215.4,2.0187,0.6786,18.271,1013.8,-502.2,True
IFB_0197,emapmo_normal,long,PRE_RTH,1.0,0.75,12,False,1,11,510.2,57.8,4.0478,0.7273,46.382,677.6,-167.4,7,447.4,57.8,8.7405,0.8571,63.914,505.2,-57.8,4,62.8,57.8,1.573,0.5,15.7,172.4,-109.6,False
IFB_0199,emapmo_normal,long,PRE_RTH,1.0,0.75,12,True,1,11,510.2,57.8,4.0478,0.7273,46.382,677.6,-167.4,7,447.4,57.8,8.7405,0.8571,63.914,505.2,-57.8,4,62.8,57.8,1.573,0.5,15.7,172.4,-109.6,False
IFB_0738,emapmo_early,short,ALL,1.0,1.0,12,False,3,76,1181.2,283.0,1.7281,0.6184,15.542,2803.4,-1622.2,50,626.0,279.2,1.5712,0.6,12.52,1722.0,-1096.0,26,555.2,283.0,2.0551,0.6538,21.354,1081.4,-526.2,True
IFB_0740,emapmo_early,short,ALL,1.0,1.0,12,True,3,76,1145.2,283.0,1.706,0.6184,15.068,2767.4,-1622.2,50,626.0,279.2,1.5712,0.6,12.52,1722.0,-1096.0,26,519.2,283.0,1.9867,0.6538,19.969,1045.4,-526.2,True
IFB_0809,emapmo_early,short,PRE_RTH,1.5,1.5,12,False,1,21,946.2,266.6,2.3094,0.6667,45.057,1668.8,-722.6,14,318.8,266.6,1.5605,0.5714,22.771,887.6,-568.8,7,627.4,153.8,5.0793,0.8571,89.629,781.2,-153.8,False
IFB_0811,emapmo_early,short,PRE_RTH,1.5,1.5,12,True,1,21,946.2,266.6,2.3094,0.6667,45.057,1668.8,-722.6,14,318.8,266.6,1.5605,0.5714,22.771,887.6,-568.8,7,627.4,153.8,5.0793,0.8571,89.629,781.2,-153.8,False
IFB_0269,emapmo_normal,long,RTH,1.5,1.0,12,False,1,10,556.0,183.8,3.0471,0.8,55.6,827.6,-271.6,6,457.2,87.8,6.2073,0.8333,76.2,545.0,-87.8,4,98.8,183.8,1.5375,0.75,24.7,282.6,-183.8,False
IFB_0271,emapmo_normal,long,RTH,1.5,1.0,12,True,1,10,556.0,183.8,3.0471,0.8,55.6,827.6,-271.6,6,457.2,87.8,6.2073,0.8333,76.2,545.0,-87.8,4,98.8,183.8,1.5375,0.75,24.7,282.6,-183.8,False
IFB_0761,emapmo_early,short,ALL,1.5,1.5,12,False,1,28,673.61,187.6,1.8,0.6429,24.057,1515.6,-842.0,18,525.61,187.6,1.9277,0.6111,29.2,1092.2,-566.6,10,148.0,153.8,1.5374,0.7,14.8,423.4,-275.4,False
IFB_0763,emapmo_early,short,ALL,1.5,1.5,12,True,1,28,673.61,187.6,1.8,0.6429,24.057,1515.6,-842.0,18,525.61,187.6,1.9277,0.6111,29.2,1092.2,-566.6,10,148.0,153.8,1.5374,0.7,14.8,423.4,-275.4,False
IFB_0370,emapmo_normal,short,PRE_RTH,1.5,1.0,24,False,3,18,639.6,287.4,2.4113,0.7778,35.533,1092.8,-453.2,15,243.0,287.4,1.5362,0.7333,16.2,696.2,-453.2,3,396.6,0.0,999.0,1.0,132.2,396.6,0.0,False
IFB_0372,emapmo_normal,short,PRE_RTH,1.5,1.0,24,True,3,18,639.6,287.4,2.4113,0.7778,35.533,1092.8,-453.2,15,243.0,287.4,1.5362,0.7333,16.2,696.2,-453.2,3,396.6,0.0,999.0,1.0,132.2,396.6,0.0,False
IFB_0366,emapmo_normal,short,PRE_RTH,1.5,1.0,12,False,3,18,555.6,287.4,2.226,0.7778,30.867,1008.8,-453.2,15,243.0,287.4,1.5362,0.7333,16.2,696.2,-453.2,3,312.6,0.0,999.0,1.0,104.201,312.6,0.0,False
IFB_0368,emapmo_normal,short,PRE_RTH,1.5,1.0,12,True,3,18,555.6,287.4,2.226,0.7778,30.867,1008.8,-453.2,15,243.0,287.4,1.5362,0.7333,16.2,696.2,-453.2,3,312.6,0.0,999.0,1.0,104.201,312.6,0.0,False
IFB_0109,emapmo_normal,both,RTH,1.0,1.0,6,False,1,21,892.2,123.8,3.0895,0.7619,42.486,1319.2,-427.0,15,795.0,111.8,4.2396,0.8,53.0,1040.4,-245.4,6,97.2,123.8,1.5352,0.6667,16.2,278.8,-181.6,False
IFB_0111,emapmo_normal,both,RTH,1.0,1.0,6,True,1,21,892.2,123.8,3.0895,0.7619,42.486,1319.2,-427.0,15,795.0,111.8,4.2396,0.8,53.0,1040.4,-245.4,6,97.2,123.8,1.5352,0.6667,16.2,278.8,-181.6,False
IFB_0525,emapmo_early,both,PRE_RTH,1.5,1.5,24,False,1,32,1390.4,485.4,2.0022,0.5938,43.45,2777.8,-1387.4,23,632.6,485.4,1.5273,0.5217,27.504,1832.4,-1199.8,9,757.8,153.8,5.0395,0.7778,84.2,945.4,-187.6,True
IFB_0527,emapmo_early,both,PRE_RTH,1.5,1.5,24,True,1,32,1390.4,485.4,2.0022,0.5938,43.45,2777.8,-1387.4,23,632.6,485.4,1.5273,0.5217,27.504,1832.4,-1199.8,9,757.8,153.8,5.0395,0.7778,84.2,945.4,-187.6,True
IFB_0742,emapmo_early,short,ALL,1.0,1.0,24,False,3,76,1247.2,295.0,1.7494,0.6184,16.411,2911.4,-1664.2,50,590.0,279.2,1.524,0.6,11.8,1716.0,-1126.0,26,657.2,295.0,2.2211,0.6538,25.277,1195.4,-538.2,True
IFB_0744,emapmo_early,short,ALL,1.0,1.0,24,True,3,76,1085.2,295.0,1.6521,0.6184,14.279,2749.4,-1664.2,50,590.0,279.2,1.524,0.6,11.8,1716.0,-1126.0,26,495.2,295.0,1.9201,0.6538,19.046,1033.4,-538.2,True
IFB_0861,emapmo_early,short,RTH,1.5,1.5,24,False,1,18,909.6,412.8,2.0922,0.6667,50.533,1742.4,-832.8,11,324.2,412.8,1.5025,0.6364,29.473,969.4,-645.2,7,585.4,153.8,4.1205,0.7143,83.629,773.0,-187.6,False
IFB_0863,emapmo_early,short,RTH,1.5,1.5,24,True,1,18,909.6,412.8,2.0922,0.6667,50.533,1742.4,-832.8,11,324.2,412.8,1.5025,0.6364,29.473,969.4,-645.2,7,585.4,153.8,4.1205,0.7143,83.629,773.0,-187.6,False
IFB_0014,emapmo_normal,both,ALL,1.0,1.0,6,False,3,80,1052.0,189.2,1.6825,0.5875,13.15,2593.4,-1541.4,52,792.4,163.6,1.7738,0.6154,15.238,1816.4,-1024.0,28,259.6,189.2,1.5017,0.5357,9.271,777.0,-517.4,True
IFB_0016,emapmo_normal,both,ALL,1.0,1.0,6,True,3,80,1052.0,189.2,1.6825,0.5875,13.15,2593.4,-1541.4,52,792.4,163.6,1.7738,0.6154,15.238,1816.4,-1024.0,28,259.6,189.2,1.5017,0.5357,9.271,777.0,-517.4,True
IFB_0133,emapmo_normal,both,RTH,1.5,1.5,6,False,1,21,916.2,229.0,2.2575,0.6667,43.628,1644.8,-728.6,15,783.0,229.0,2.7133,0.6667,52.2,1240.0,-457.0,6,133.2,183.8,1.4904,0.6667,22.2,404.8,-271.6,False
IFB_0135,emapmo_normal,both,RTH,1.5,1.5,6,True,1,21,916.2,229.0,2.2575,0.6667,43.628,1644.8,-728.6,15,783.0,229.0,2.7133,0.6667,52.2,1240.0,-457.0,6,133.2,183.8,1.4904,0.6667,22.2,404.8,-271.6,False
IFB_0753,emapmo_early,short,ALL,1.5,1.0,24,False,1,28,415.6,187.6,1.5167,0.7143,14.843,1220.0,-804.4,18,243.6,187.6,1.4732,0.6667,13.533,758.4,-514.8,10,172.0,153.8,1.5939,0.8,17.2,461.6,-289.6,False
IFB_0755,emapmo_early,short,ALL,1.5,1.0,24,True,1,28,415.6,187.6,1.5167,0.7143,14.843,1220.0,-804.4,18,243.6,187.6,1.4732,0.6667,13.533,758.4,-514.8,10,172.0,153.8,1.5939,0.8,17.2,461.6,-289.6,False
IFB_0038,emapmo_normal,both,ALL,1.5,1.5,6,False,3,80,1118.0,328.8,1.5145,0.5625,13.975,3291.0,-2173.0,52,702.4,328.8,1.4425,0.5577,13.508,2289.8,-1587.4,28,415.6,219.2,1.7097,0.5714,14.843,1001.2,-585.6,True
IFB_0040,emapmo_normal,both,ALL,1.5,1.5,6,True,3,80,1118.0,328.8,1.5145,0.5625,13.975,3291.0,-2173.0,52,702.4,328.8,1.4425,0.5577,13.508,2289.8,-1587.4,28,415.6,219.2,1.7097,0.5714,14.843,1001.2,-585.6,True
IFB_0058,emapmo_normal,both,PRE_RTH,1.0,0.75,24,False,3,33,810.6,197.4,2.1988,0.7273,24.564,1486.8,-676.2,23,674.6,197.4,2.8381,0.7826,29.33,1041.6,-367.0,10,136.0,175.6,1.4399,0.6,13.6,445.2,-309.2,True
IFB_0060,emapmo_normal,both,PRE_RTH,1.0,0.75,24,True,3,33,810.6,197.4,2.1988,0.7273,24.564,1486.8,-676.2,23,674.6,197.4,2.8381,0.7826,29.33,1041.6,-367.0,10,136.0,175.6,1.4399,0.6,13.6,445.2,-309.2,True
IFB_0166,emapmo_normal,long,ALL,1.0,1.0,24,False,3,30,792.0,221.4,2.1789,0.6333,26.4,1463.8,-671.8,15,609.0,117.8,3.4438,0.7333,40.6,858.2,-249.2,15,183.0,221.4,1.433,0.5333,12.2,605.6,-422.6,True
IFB_0168,emapmo_normal,long,ALL,1.0,1.0,24,True,3,30,792.0,221.4,2.1789,0.6333,26.4,1463.8,-671.8,15,609.0,117.8,3.4438,0.7333,40.6,858.2,-249.2,15,183.0,221.4,1.433,0.5333,12.2,605.6,-422.6,True
IFB_0754,emapmo_early,short,ALL,1.5,1.0,24,False,3,73,1504.6,313.0,1.879,0.7123,20.611,3216.4,-1711.8,48,549.6,313.0,1.4278,0.6667,11.45,1834.4,-1284.8,25,955.0,153.8,3.2365,0.8,38.2,1382.0,-427.0,True
IFB_0756,emapmo_early,short,ALL,1.5,1.0,24,True,3,73,1342.6,313.0,1.7843,0.7123,18.392,3054.4,-1711.8,48,549.6,313.0,1.4278,0.6667,11.45,1834.4,-1284.8,25,793.0,153.8,2.8572,0.8,31.72,1220.0,-427.0,True
IFB_0361,emapmo_normal,short,PRE_RTH,1.5,1.0,6,False,1,15,333.0,197.4,1.9169,0.7333,22.2,696.2,-363.2,12,146.4,197.4,1.4031,0.6667,12.2,509.6,-363.2,3,186.6,0.0,999.0,1.0,62.201,186.6,0.0,False
IFB_0363,emapmo_normal,short,PRE_RTH,1.5,1.0,6,True,1,15,333.0,197.4,1.9169,0.7333,22.2,696.2,-363.2,12,146.4,197.4,1.4031,0.6667,12.2,509.6,-363.2,3,186.6,0.0,999.0,1.0,62.201,186.6,0.0,False
IFB_0117,emapmo_normal,both,RTH,1.0,1.0,24,False,1,21,868.2,123.8,3.0333,0.7619,41.343,1295.2,-427.0,15,795.0,111.8,4.2396,0.8,53.0,1040.4,-245.4,6,73.2,123.8,1.4031,0.6667,12.2,254.8,-181.6,False
IFB_0119,emapmo_normal,both,RTH,1.0,1.0,24,True,1,21,868.2,123.8,3.0333,0.7619,41.343,1295.2,-427.0,15,795.0,111.8,4.2396,0.8,53.0,1040.4,-245.4,6,73.2,123.8,1.4031,0.6667,12.2,254.8,-181.6,False
IFB_0141,emapmo_normal,both,RTH,1.5,1.5,24,False,1,21,832.2,391.0,1.9344,0.6667,39.629,1722.8,-890.6,15,723.0,391.0,2.168,0.6667,48.2,1342.0,-619.0,6,109.2,183.8,1.4021,0.6667,18.2,380.8,-271.6,False
IFB_0143,emapmo_normal,both,RTH,1.5,1.5,24,True,1,21,832.2,391.0,1.9344,0.6667,39.629,1722.8,-890.6,15,723.0,391.0,2.168,0.6667,48.2,1342.0,-619.0,6,109.2,183.8,1.4021,0.6667,18.2,380.8,-271.6,False
IFB_0006,emapmo_normal,both,ALL,1.0,0.75,12,False,3,80,734.0,231.2,1.5119,0.625,9.175,2168.0,-1434.0,52,516.4,171.2,1.58,0.6538,9.931,1406.8,-890.4,28,217.6,231.2,1.4003,0.5714,7.771,761.2,-543.6,True
IFB_0008,emapmo_normal,both,ALL,1.0,0.75,12,True,3,80,734.0,231.2,1.5119,0.625,9.175,2168.0,-1434.0,52,516.4,171.2,1.58,0.6538,9.931,1406.8,-890.4,28,217.6,231.2,1.4003,0.5714,7.771,761.2,-543.6,True
IFB_0762,emapmo_early,short,ALL,1.5,1.5,12,False,3,73,1600.6,610.8,1.7867,0.6301,21.926,3635.2,-2034.6,49,611.8,610.8,1.3963,0.5714,12.486,2155.6,-1543.8,24,988.8,251.4,3.0147,0.75,41.2,1479.6,-490.8,False
IFB_0764,emapmo_early,short,ALL,1.5,1.5,12,True,3,73,1564.6,610.8,1.769,0.6301,21.433,3599.2,-2034.6,49,611.8,610.8,1.3963,0.5714,12.486,2155.6,-1543.8,24,952.8,251.4,2.9413,0.75,39.7,1443.6,-490.8,False
IFB_0114,emapmo_normal,both,RTH,1.0,1.0,12,False,3,24,862.8,163.6,2.4609,0.7083,35.95,1453.4,-590.6,17,763.4,163.6,3.2911,0.7647,44.906,1096.6,-333.2,7,99.4,133.6,1.3862,0.5714,14.2,356.8,-257.4,False
IFB_0116,emapmo_normal,both,RTH,1.0,1.0,12,True,3,24,862.8,163.6,2.4609,0.7083,35.95,1453.4,-590.6,17,763.4,163.6,3.2911,0.7647,44.906,1096.6,-333.2,7,99.4,133.6,1.3862,0.5714,14.2,356.8,-257.4,False
IFB_0857,emapmo_early,short,RTH,1.5,1.5,12,False,1,18,897.6,490.8,2.1234,0.7222,49.867,1696.6,-799.0,11,246.2,490.8,1.3816,0.6364,22.382,891.4,-645.2,7,651.4,153.8,5.2354,0.8571,93.057,805.2,-153.8,False
IFB_0859,emapmo_early,short,RTH,1.5,1.5,12,True,1,18,897.6,490.8,2.1234,0.7222,49.867,1696.6,-799.0,11,246.2,490.8,1.3816,0.6364,22.382,891.4,-645.2,7,651.4,153.8,5.2354,0.8571,93.057,805.2,-153.8,False
IFB_0126,emapmo_normal,both,RTH,1.5,1.0,12,False,3,24,718.8,235.6,1.9159,0.75,29.95,1503.6,-784.8,17,607.4,235.6,2.2416,0.7647,35.729,1096.6,-489.2,7,111.4,183.8,1.3769,0.7143,15.914,407.0,-295.6,False
IFB_0128,emapmo_normal,both,RTH,1.5,1.0,12,True,3,24,718.8,235.6,1.9159,0.75,29.95,1503.6,-784.8,17,607.4,235.6,2.2416,0.7647,35.729,1096.6,-489.2,7,111.4,183.8,1.3769,0.7143,15.914,407.0,-295.6,False
IFB_0094,emapmo_normal,both,PRE_RTH,1.5,1.5,24,False,3,33,1134.6,459.2,1.7649,0.6061,34.382,2618.0,-1483.4,23,920.6,459.2,2.0157,0.6522,40.026,1827.0,-906.4,10,214.0,265.6,1.3709,0.5,21.4,791.0,-577.0,True
IFB_0096,emapmo_normal,both,PRE_RTH,1.5,1.5,24,True,3,33,1134.6,459.2,1.7649,0.6061,34.382,2618.0,-1483.4,23,920.6,459.2,2.0157,0.6522,40.026,1827.0,-906.4,10,214.0,265.6,1.3709,0.5,21.4,791.0,-577.0,True
IFB_0426,emapmo_normal,short,RTH,1.5,1.5,12,False,3,12,374.4,261.2,1.7653,0.6667,31.2,863.6,-489.2,10,178.0,261.2,1.3639,0.6,17.8,667.2,-489.2,2,196.4,0.0,999.0,1.0,98.2,196.4,0.0,False
IFB_0428,emapmo_normal,short,RTH,1.5,1.5,12,True,3,12,374.4,261.2,1.7653,0.6667,31.2,863.6,-489.2,10,178.0,261.2,1.3639,0.6,17.8,667.2,-489.2,2,196.4,0.0,999.0,1.0,98.2,196.4,0.0,False
IFB_0430,emapmo_normal,short,RTH,1.5,1.5,24,False,3,12,374.4,261.2,1.7653,0.6667,31.2,863.6,-489.2,10,178.0,261.2,1.3639,0.6,17.8,667.2,-489.2,2,196.4,0.0,999.0,1.0,98.2,196.4,0.0,False
IFB_0432,emapmo_normal,short,RTH,1.5,1.5,24,True,3,12,374.4,261.2,1.7653,0.6667,31.2,863.6,-489.2,10,178.0,261.2,1.3639,0.6,17.8,667.2,-489.2,2,196.4,0.0,999.0,1.0,98.2,196.4,0.0,False
IFB_0382,emapmo_normal,short,PRE_RTH,1.5,1.5,24,False,3,18,831.6,287.4,2.2857,0.6667,46.2,1478.4,-646.8,15,225.0,287.4,1.3479,0.6,15.0,871.8,-646.8,3,606.6,0.0,999.0,1.0,202.2,606.6,0.0,False
IFB_0384,emapmo_normal,short,PRE_RTH,1.5,1.5,24,True,3,18,831.6,287.4,2.2857,0.6667,46.2,1478.4,-646.8,15,225.0,287.4,1.3479,0.6,15.0,871.8,-646.8,3,606.6,0.0,999.0,1.0,202.2,606.6,0.0,False
IFB_0378,emapmo_normal,short,PRE_RTH,1.5,1.5,12,False,3,18,609.6,287.4,1.9425,0.6667,33.867,1256.4,-646.8,15,225.0,287.4,1.3479,0.6,15.0,871.8,-646.8,3,384.6,0.0,999.0,1.0,128.201,384.6,0.0,False
IFB_0380,emapmo_normal,short,PRE_RTH,1.5,1.5,12,True,3,18,609.6,287.4,1.9425,0.6667,33.867,1256.4,-646.8,15,225.0,287.4,1.3479,0.6,15.0,871.8,-646.8,3,384.6,0.0,999.0,1.0,128.201,384.6,0.0,False
IFB_0758,emapmo_early,short,ALL,1.5,1.5,6,False,3,75,1203.0,559.4,1.7044,0.5867,16.04,2910.8,-1707.8,48,453.6,559.4,1.3447,0.5625,9.45,1769.4,-1315.8,27,749.4,161.8,2.9118,0.6296,27.756,1141.4,-392.0,False
IFB_0760,emapmo_early,short,ALL,1.5,1.5,6,True,3,75,1203.0,559.4,1.7044,0.5867,16.04,2910.8,-1707.8,48,453.6,559.4,1.3447,0.5625,9.45,1769.4,-1315.8,27,749.4,161.8,2.9118,0.6296,27.756,1141.4,-392.0,False
IFB_0026,emapmo_normal,both,ALL,1.5,1.0,6,False,3,80,806.0,249.2,1.4333,0.625,10.075,2666.0,-1860.0,52,462.4,249.2,1.3395,0.6346,8.892,1824.6,-1362.2,28,343.6,203.8,1.6902,0.6071,12.271,841.4,-497.8,True
IFB_0028,emapmo_normal,both,ALL,1.5,1.0,6,True,3,80,806.0,249.2,1.4333,0.625,10.075,2666.0,-1860.0,52,462.4,249.2,1.3395,0.6346,8.892,1824.6,-1362.2,28,343.6,203.8,1.6902,0.6071,12.271,841.4,-497.8,True
IFB_0037,emapmo_normal,both,ALL,1.5,1.5,6,False,1,38,377.59,265.6,1.3884,0.5,9.937,1349.8,-972.2,27,269.4,265.6,1.3248,0.5185,9.978,1098.8,-829.4,11,108.19,83.4,1.7576,0.4545,9.836,251.0,-142.81,False
IFB_0039,emapmo_normal,both,ALL,1.5,1.5,6,True,1,38,377.59,265.6,1.3884,0.5,9.937,1349.8,-972.2,27,269.4,265.6,1.3248,0.5185,9.978,1098.8,-829.4,11,108.19,83.4,1.7576,0.4545,9.836,251.0,-142.81,False
IFB_0749,emapmo_early,short,ALL,1.5,1.0,12,False,1,28,421.6,187.6,1.5256,0.6786,15.057,1223.8,-802.2,18,183.6,187.6,1.324,0.6111,10.2,750.2,-566.6,10,238.0,153.8,2.0102,0.8,23.8,473.6,-235.6,False
IFB_0751,emapmo_early,short,ALL,1.5,1.0,12,True,1,28,421.6,187.6,1.5256,0.6786,15.057,1223.8,-802.2,18,183.6,187.6,1.324,0.6111,10.2,750.2,-566.6,10,238.0,153.8,2.0102,0.8,23.8,473.6,-235.6,False
IFB_0310,emapmo_normal,short,ALL,1.0,1.0,24,False,3,53,1082.6,304.8,2.123,0.6226,20.426,2046.6,-964.0,37,249.4,304.8,1.3235,0.5946,6.741,1020.4,-771.0,16,833.2,143.4,5.3171,0.6875,52.075,1026.2,-193.0,False
IFB_0312,emapmo_normal,short,ALL,1.0,1.0,24,True,3,53,1082.6,304.8,2.123,0.6226,20.426,2046.6,-964.0,37,249.4,304.8,1.3235,0.5946,6.741,1020.4,-771.0,16,833.2,143.4,5.3171,0.6875,52.075,1026.2,-193.0,False
IFB_0062,emapmo_normal,both,PRE_RTH,1.0,1.0,6,False,3,33,1038.6,197.4,2.4035,0.697,31.473,1778.6,-740.0,23,938.6,197.4,3.1787,0.7391,40.809,1369.4,-430.8,10,100.0,175.6,1.3234,0.6,10.0,409.2,-309.2,True
IFB_0064,emapmo_normal,both,PRE_RTH,1.0,1.0,6,True,3,33,1038.6,197.4,2.4035,0.697,31.473,1778.6,-740.0,23,938.6,197.4,3.1787,0.7391,40.809,1369.4,-430.8,10,100.0,175.6,1.3234,0.6,10.0,409.2,-309.2,True
IFB_0521,emapmo_early,both,PRE_RTH,1.5,1.5,12,False,1,32,1222.4,503.8,1.8721,0.625,38.2,2624.0,-1401.6,23,398.6,503.8,1.3194,0.5217,17.33,1646.4,-1247.8,9,823.8,153.8,6.3563,0.8889,91.533,977.6,-153.8,False
IFB_0523,emapmo_early,both,PRE_RTH,1.5,1.5,12,True,1,32,1222.4,503.8,1.8721,0.625,38.2,2624.0,-1401.6,23,398.6,503.8,1.3194,0.5217,17.33,1646.4,-1247.8,9,823.8,153.8,6.3563,0.8889,91.533,977.6,-153.8,False
IFB_0002,emapmo_normal,both,ALL,1.0,0.75,6,False,3,80,674.0,189.2,1.4842,0.625,8.425,2066.0,-1392.0,52,516.4,171.2,1.58,0.6538,9.931,1406.8,-890.4,28,157.6,189.2,1.3142,0.5714,5.629,659.2,-501.6,True
IFB_0004,emapmo_normal,both,ALL,1.0,0.75,6,True,3,80,674.0,189.2,1.4842,0.625,8.425,2066.0,-1392.0,52,516.4,171.2,1.58,0.6538,9.931,1406.8,-890.4,28,157.6,189.2,1.3142,0.5714,5.629,659.2,-501.6,True
IFB_0381,emapmo_normal,short,PRE_RTH,1.5,1.5,24,False,1,15,765.0,183.2,2.4797,0.6667,51.0,1282.0,-517.0,12,158.4,183.2,1.3064,0.5833,13.2,675.4,-517.0,3,606.6,0.0,999.0,1.0,202.2,606.6,0.0,False
IFB_0383,emapmo_normal,short,PRE_RTH,1.5,1.5,24,True,1,15,765.0,183.2,2.4797,0.6667,51.0,1282.0,-517.0,12,158.4,183.2,1.3064,0.5833,13.2,675.4,-517.0,3,606.6,0.0,999.0,1.0,202.2,606.6,0.0,False
IFB_0377,emapmo_normal,short,PRE_RTH,1.5,1.5,12,False,1,15,543.0,183.2,2.0503,0.6667,36.2,1060.0,-517.0,12,158.4,183.2,1.3064,0.5833,13.2,675.4,-517.0,3,384.6,0.0,999.0,1.0,128.201,384.6,0.0,False
IFB_0379,emapmo_normal,short,PRE_RTH,1.5,1.5,12,True,1,15,543.0,183.2,2.0503,0.6667,36.2,1060.0,-517.0,12,158.4,183.2,1.3064,0.5833,13.2,675.4,-517.0,3,384.6,0.0,999.0,1.0,128.201,384.6,0.0,False
IFB_0374,emapmo_normal,short,PRE_RTH,1.5,1.5,6,False,3,18,441.6,327.2,1.7328,0.6111,24.533,1044.2,-602.6,15,183.0,327.2,1.3037,0.5333,12.2,785.6,-602.6,3,258.6,0.0,999.0,1.0,86.201,258.6,0.0,False
IFB_0376,emapmo_normal,short,PRE_RTH,1.5,1.5,6,True,3,18,441.6,327.2,1.7328,0.6111,24.533,1044.2,-602.6,15,183.0,327.2,1.3037,0.5333,12.2,785.6,-602.6,3,258.6,0.0,999.0,1.0,86.201,258.6,0.0,False
IFB_0362,emapmo_normal,short,PRE_RTH,1.5,1.0,6,False,3,18,333.6,327.2,1.6767,0.7222,18.533,826.6,-493.0,15,147.0,327.2,1.2982,0.6667,9.8,640.0,-493.0,3,186.6,0.0,999.0,1.0,62.201,186.6,0.0,False
IFB_0364,emapmo_normal,short,PRE_RTH,1.5,1.0,6,True,3,18,333.6,327.2,1.6767,0.7222,18.533,826.6,-493.0,15,147.0,327.2,1.2982,0.6667,9.8,640.0,-493.0,3,186.6,0.0,999.0,1.0,62.201,186.6,0.0,False
IFB_0033,emapmo_normal,both,ALL,1.5,1.0,24,False,1,38,869.6,203.4,2.1691,0.7105,22.884,1613.4,-743.8,27,209.4,203.4,1.2974,0.6296,7.756,913.4,-704.0,11,660.2,39.8,17.5879,0.9091,60.018,700.0,-39.8,True
IFB_0035,emapmo_normal,both,ALL,1.5,1.0,24,True,1,38,869.6,203.4,2.1691,0.7105,22.884,1613.4,-743.8,27,209.4,203.4,1.2974,0.6296,7.756,913.4,-704.0,11,660.2,39.8,17.5879,0.9091,60.018,700.0,-39.8,True
IFB_0021,emapmo_normal,both,ALL,1.0,1.0,24,False,1,38,575.6,232.8,1.726,0.5789,15.147,1368.4,-792.8,27,179.4,229.6,1.2914,0.5556,6.644,795.0,-615.6,11,396.2,103.6,3.2359,0.6364,36.018,573.4,-177.2,False
IFB_0023,emapmo_normal,both,ALL,1.0,1.0,24,True,1,38,575.6,232.8,1.726,0.5789,15.147,1368.4,-792.8,27,179.4,229.6,1.2914,0.5556,6.644,795.0,-615.6,11,396.2,103.6,3.2359,0.6364,36.018,573.4,-177.2,False
IFB_0257,emapmo_normal,long,RTH,1.0,1.0,12,False,1,10,538.0,123.8,3.2473,0.7,53.8,777.4,-239.4,6,487.2,57.8,9.4291,0.8333,81.2,545.0,-57.8,4,50.8,123.8,1.2797,0.5,12.7,232.4,-181.6,False
IFB_0259,emapmo_normal,long,RTH,1.0,1.0,12,True,1,10,538.0,123.8,3.2473,0.7,53.8,777.4,-239.4,6,487.2,57.8,9.4291,0.8333,81.2,545.0,-57.8,4,50.8,123.8,1.2797,0.5,12.7,232.4,-181.6,False
IFB_0298,emapmo_normal,short,ALL,1.0,0.75,24,False,3,53,746.6,184.8,1.8991,0.6604,14.087,1577.0,-830.4,37,177.4,184.8,1.2783,0.6486,4.795,814.8,-637.4,16,569.2,143.4,3.9492,0.6875,35.575,762.2,-193.0,False
IFB_0300,emapmo_normal,short,ALL,1.0,0.75,24,True,3,53,746.6,184.8,1.8991,0.6604,14.087,1577.0,-830.4,37,177.4,184.8,1.2783,0.6486,4.795,814.8,-637.4,16,569.2,143.4,3.9492,0.6875,35.575,762.2,-193.0,False
IFB_0386,emapmo_normal,short,RTH,1.0,0.75,6,False,3,12,170.4,163.6,1.6187,0.75,14.2,445.8,-275.4,10,76.0,163.6,1.276,0.7,7.6,351.4,-275.4,2,94.4,0.0,999.0,1.0,47.2,94.4,0.0,False
IFB_0388,emapmo_normal,short,RTH,1.0,0.75,6,True,3,12,170.4,163.6,1.6187,0.75,14.2,445.8,-275.4,10,76.0,163.6,1.276,0.7,7.6,351.4,-275.4,2,94.4,0.0,999.0,1.0,47.2,94.4,0.0,False
IFB_0390,emapmo_normal,short,RTH,1.0,0.75,12,False,3,12,170.4,163.6,1.6187,0.75,14.2,445.8,-275.4,10,76.0,163.6,1.276,0.7,7.6,351.4,-275.4,2,94.4,0.0,999.0,1.0,47.2,94.4,0.0,False
IFB_0392,emapmo_normal,short,RTH,1.0,0.75,12,True,3,12,170.4,163.6,1.6187,0.75,14.2,445.8,-275.4,10,76.0,163.6,1.276,0.7,7.6,351.4,-275.4,2,94.4,0.0,999.0,1.0,47.2,94.4,0.0,False
IFB_0394,emapmo_normal,short,RTH,1.0,0.75,24,False,3,12,170.4,163.6,1.6187,0.75,14.2,445.8,-275.4,10,76.0,163.6,1.276,0.7,7.6,351.4,-275.4,2,94.4,0.0,999.0,1.0,47.2,94.4,0.0,False
IFB_0396,emapmo_normal,short,RTH,1.0,0.75,24,True,3,12,170.4,163.6,1.6187,0.75,14.2,445.8,-275.4,10,76.0,163.6,1.276,0.7,7.6,351.4,-275.4,2,94.4,0.0,999.0,1.0,47.2,94.4,0.0,False
IFB_0474,emapmo_early,both,ALL,1.5,1.5,12,False,3,108,1215.61,485.4,1.299,0.5833,11.256,5280.61,-4065.0,76,833.21,485.4,1.2694,0.5526,10.963,3926.4,-3093.2,32,382.4,345.8,1.3935,0.6562,11.95,1354.2,-971.8,True
IFB_0476,emapmo_early,both,ALL,1.5,1.5,12,True,3,108,1215.61,485.4,1.299,0.5833,11.256,5280.61,-4065.0,76,833.21,485.4,1.2694,0.5526,10.963,3926.4,-3093.2,32,382.4,345.8,1.3935,0.6562,11.95,1354.2,-971.8,True
IFB_0090,emapmo_normal,both,PRE_RTH,1.5,1.5,12,False,3,33,1062.6,459.2,1.7403,0.6061,32.2,2498.0,-1435.4,23,920.6,459.2,2.0157,0.6522,40.026,1827.0,-906.4,10,142.0,265.6,1.2684,0.5,14.2,671.0,-529.0,True
IFB_0092,emapmo_normal,both,PRE_RTH,1.5,1.5,12,True,3,33,1062.6,459.2,1.7403,0.6061,32.2,2498.0,-1435.4,23,920.6,459.2,2.0157,0.6522,40.026,1827.0,-906.4,10,142.0,265.6,1.2684,0.5,14.2,671.0,-529.0,True
IFB_0746,emapmo_early,short,ALL,1.5,1.0,6,False,3,77,901.39,340.8,1.5891,0.6104,11.706,2431.39,-1530.0,48,297.59,340.8,1.2615,0.5833,6.2,1435.59,-1138.0,29,603.8,123.2,2.5403,0.6552,20.821,995.8,-392.0,False
IFB_0748,emapmo_early,short,ALL,1.5,1.0,6,True,3,77,901.39,340.8,1.5891,0.6104,11.706,2431.39,-1530.0,48,297.59,340.8,1.2615,0.5833,6.2,1435.59,-1138.0,29,603.8,123.2,2.5403,0.6552,20.821,995.8,-392.0,False
IFB_0138,emapmo_normal,both,RTH,1.5,1.5,12,False,3,24,778.8,434.6,1.6879,0.625,32.45,1911.0,-1132.2,17,679.4,434.6,1.9073,0.6471,39.965,1428.2,-748.8,7,99.4,199.6,1.2593,0.5714,14.2,482.8,-383.4,False
IFB_0140,emapmo_normal,both,RTH,1.5,1.5,12,True,3,24,778.8,434.6,1.6879,0.625,32.45,1911.0,-1132.2,17,679.4,434.6,1.9073,0.6471,39.965,1428.2,-748.8,7,99.4,199.6,1.2593,0.5714,14.2,482.8,-383.4,False
IFB_0373,emapmo_normal,short,PRE_RTH,1.5,1.5,6,False,1,15,375.0,197.4,1.7931,0.6,25.0,847.8,-472.8,12,116.4,197.4,1.2462,0.5,9.7,589.2,-472.8,3,258.6,0.0,999.0,1.0,86.201,258.6,0.0,False
IFB_0375,emapmo_normal,short,PRE_RTH,1.5,1.5,6,True,1,15,375.0,197.4,1.7931,0.6,25.0,847.8,-472.8,12,116.4,197.4,1.2462,0.5,9.7,589.2,-472.8,3,258.6,0.0,999.0,1.0,86.201,258.6,0.0,False
IFB_0306,emapmo_normal,short,ALL,1.0,1.0,12,False,3,53,644.6,308.6,1.666,0.6038,12.162,1612.4,-967.8,37,183.4,308.6,1.2367,0.5676,4.957,958.2,-774.8,16,461.2,143.4,3.3896,0.6875,28.825,654.2,-193.0,False
IFB_0308,emapmo_normal,short,ALL,1.0,1.0,12,True,3,53,644.6,308.6,1.666,0.6038,12.162,1612.4,-967.8,37,183.4,308.6,1.2367,0.5676,4.957,958.2,-774.8,16,461.2,143.4,3.3896,0.6875,28.825,654.2,-193.0,False
IFB_0302,emapmo_normal,short,ALL,1.0,1.0,6,False,3,53,464.6,308.6,1.4752,0.5849,8.766,1442.2,-977.6,37,183.4,308.6,1.2367,0.5676,4.957,958.2,-774.8,16,281.2,143.4,2.3866,0.625,17.575,484.0,-202.8,False
IFB_0304,emapmo_normal,short,ALL,1.0,1.0,6,True,3,53,464.6,308.6,1.4752,0.5849,8.766,1442.2,-977.6,37,183.4,308.6,1.2367,0.5676,4.957,958.2,-774.8,16,281.2,143.4,2.3866,0.625,17.575,484.0,-202.8,False
IFB_0726,emapmo_early,short,ALL,1.0,0.75,12,False,3,78,423.6,331.0,1.2506,0.641,5.431,2114.0,-1690.4,52,282.4,331.0,1.2586,0.6346,5.431,1374.6,-1092.2,26,141.2,294.4,1.236,0.6538,5.431,739.4,-598.2,True
IFB_0728,emapmo_early,short,ALL,1.0,0.75,12,True,3,78,423.6,331.0,1.2506,0.641,5.431,2114.0,-1690.4,52,282.4,331.0,1.2586,0.6346,5.431,1374.6,-1092.2,26,141.2,294.4,1.236,0.6538,5.431,739.4,-598.2,True
IFB_0745,emapmo_early,short,ALL,1.5,1.0,6,False,1,28,571.6,238.2,1.9889,0.6429,20.414,1149.6,-578.0,18,129.6,238.2,1.2346,0.5556,7.2,682.0,-552.4,10,442.0,15.8,18.2666,0.8,44.2,467.6,-25.6,False
IFB_0747,emapmo_early,short,ALL,1.5,1.0,6,True,1,28,571.6,238.2,1.9889,0.6429,20.414,1149.6,-578.0,18,129.6,238.2,1.2346,0.5556,7.2,682.0,-552.4,10,442.0,15.8,18.2666,0.8,44.2,467.6,-25.6,False
IFB_0410,emapmo_normal,short,RTH,1.5,1.0,6,False,3,12,218.4,235.6,1.5441,0.75,18.2,619.8,-401.4,10,94.0,235.6,1.2342,0.7,9.4,495.4,-401.4,2,124.4,0.0,999.0,1.0,62.2,124.4,0.0,False
IFB_0412,emapmo_normal,short,RTH,1.5,1.0,6,True,3,12,218.4,235.6,1.5441,0.75,18.2,619.8,-401.4,10,94.0,235.6,1.2342,0.7,9.4,495.4,-401.4,2,124.4,0.0,999.0,1.0,62.2,124.4,0.0,False
IFB_0414,emapmo_normal,short,RTH,1.5,1.0,12,False,3,12,218.4,235.6,1.5441,0.75,18.2,619.8,-401.4,10,94.0,235.6,1.2342,0.7,9.4,495.4,-401.4,2,124.4,0.0,999.0,1.0,62.2,124.4,0.0,False
IFB_0416,emapmo_normal,short,RTH,1.5,1.0,12,True,3,12,218.4,235.6,1.5441,0.75,18.2,619.8,-401.4,10,94.0,235.6,1.2342,0.7,9.4,495.4,-401.4,2,124.4,0.0,999.0,1.0,62.2,124.4,0.0,False
IFB_0418,emapmo_normal,short,RTH,1.5,1.0,24,False,3,12,218.4,235.6,1.5441,0.75,18.2,619.8,-401.4,10,94.0,235.6,1.2342,0.7,9.4,495.4,-401.4,2,124.4,0.0,999.0,1.0,62.2,124.4,0.0,False
IFB_0420,emapmo_normal,short,RTH,1.5,1.0,24,True,3,12,218.4,235.6,1.5441,0.75,18.2,619.8,-401.4,10,94.0,235.6,1.2342,0.7,9.4,495.4,-401.4,2,124.4,0.0,999.0,1.0,62.2,124.4,0.0,False
IFB_0730,emapmo_early,short,ALL,1.0,0.75,24,False,3,78,393.6,331.0,1.2288,0.641,5.046,2114.0,-1720.4,52,252.4,331.0,1.2249,0.6346,4.854,1374.6,-1122.2,26,141.2,294.4,1.236,0.6538,5.431,739.4,-598.2,True
IFB_0732,emapmo_early,short,ALL,1.0,0.75,24,True,3,78,393.6,331.0,1.2288,0.641,5.046,2114.0,-1720.4,52,252.4,331.0,1.2249,0.6346,4.854,1374.6,-1122.2,26,141.2,294.4,1.236,0.6538,5.431,739.4,-598.2,True
IFB_0074,emapmo_normal,both,PRE_RTH,1.5,1.0,6,False,3,33,870.6,287.4,1.9086,0.7273,26.382,1828.8,-958.2,23,788.6,287.4,2.3578,0.7391,34.287,1369.4,-580.8,10,82.0,265.6,1.2173,0.7,8.2,459.4,-377.4,True
IFB_0076,emapmo_normal,both,PRE_RTH,1.5,1.0,6,True,3,33,870.6,287.4,1.9086,0.7273,26.382,1828.8,-958.2,23,788.6,287.4,2.3578,0.7391,34.287,1369.4,-580.8,10,82.0,265.6,1.2173,0.7,8.2,459.4,-377.4,True
IFB_0765,emapmo_early,short,ALL,1.5,1.5,24,False,1,28,715.6,195.2,1.8263,0.6429,25.557,1581.6,-866.0,18,639.6,187.6,2.2424,0.6667,35.533,1154.4,-514.8,10,76.0,195.2,1.2164,0.6,7.6,427.2,-351.2,False
IFB_0767,emapmo_early,short,ALL,1.5,1.5,24,True,1,28,715.6,195.2,1.8263,0.6429,25.557,1581.6,-866.0,18,639.6,187.6,2.2424,0.6667,35.533,1154.4,-514.8,10,76.0,195.2,1.2164,0.6,7.6,427.2,-351.2,False
IFB_0097,emapmo_normal,both,RTH,1.0,0.75,6,False,1,21,556.2,123.8,2.3026,0.7619,26.486,983.2,-427.0,15,519.0,111.8,3.1149,0.8,34.6,764.4,-245.4,6,37.2,123.8,1.2048,0.6667,6.2,218.8,-181.6,False
IFB_0099,emapmo_normal,both,RTH,1.0,0.75,6,True,1,21,556.2,123.8,2.3026,0.7619,26.486,983.2,-427.0,15,519.0,111.8,3.1149,0.8,34.6,764.4,-245.4,6,37.2,123.8,1.2048,0.6667,6.2,218.8,-181.6,False
IFB_0294,emapmo_normal,short,ALL,1.0,0.75,12,False,3,53,488.6,184.8,1.5857,0.6415,9.219,1322.8,-834.2,37,129.4,184.8,1.2018,0.6216,3.497,770.6,-641.2,16,359.2,143.4,2.8611,0.6875,22.45,552.2,-193.0,False
IFB_0296,emapmo_normal,short,ALL,1.0,0.75,12,True,3,53,488.6,184.8,1.5857,0.6415,9.219,1322.8,-834.2,37,129.4,184.8,1.2018,0.6216,3.497,770.6,-641.2,16,359.2,143.4,2.8611,0.6875,22.45,552.2,-193.0,False
IFB_0290,emapmo_normal,short,ALL,1.0,0.75,6,False,3,53,338.6,184.8,1.4012,0.6226,6.389,1182.6,-844.0,37,129.4,184.8,1.2018,0.6216,3.497,770.6,-641.2,16,209.2,143.4,2.0316,0.625,13.075,412.0,-202.8,False
IFB_0292,emapmo_normal,short,ALL,1.0,0.75,6,True,3,53,338.6,184.8,1.4012,0.6226,6.389,1182.6,-844.0,37,129.4,184.8,1.2018,0.6216,3.497,770.6,-641.2,16,209.2,143.4,2.0316,0.625,13.075,412.0,-202.8,False
IFB_0734,emapmo_early,short,ALL,1.0,1.0,6,False,3,79,533.79,293.2,1.3254,0.5316,6.757,2174.39,-1640.6,50,229.99,293.2,1.2001,0.54,4.6,1379.39,-1149.4,29,303.8,196.8,1.6185,0.5172,10.476,795.0,-491.2,True
IFB_0736,emapmo_early,short,ALL,1.0,1.0,6,True,3,79,533.79,293.2,1.3254,0.5316,6.757,2174.39,-1640.6,50,229.99,293.2,1.2001,0.54,4.6,1379.39,-1149.4,29,303.8,196.8,1.6185,0.5172,10.476,795.0,-491.2,True
IFB_0522,emapmo_early,both,PRE_RTH,1.5,1.5,12,False,3,77,1153.4,1068.0,1.2659,0.5714,14.979,5490.8,-4337.4,56,627.2,1068.0,1.1978,0.5357,11.2,3798.0,-3170.8,21,526.2,751.0,1.4511,0.6667,25.057,1692.8,-1166.6,False
IFB_0477,emapmo_early,both,ALL,1.5,1.5,24,False,1,40,490.0,298.8,1.3088,0.625,12.25,2077.0,-1587.0,28,247.6,298.8,1.195,0.5714,8.843,1517.2,-1269.6,12,242.4,153.8,1.7637,0.75,20.2,559.8,-317.4,False
IFB_0479,emapmo_early,both,ALL,1.5,1.5,24,True,1,40,490.0,298.8,1.3088,0.625,12.25,2077.0,-1587.0,28,247.6,298.8,1.195,0.5714,8.843,1517.2,-1269.6,12,242.4,153.8,1.7637,0.75,20.2,559.8,-317.4,False
IFB_0017,emapmo_normal,both,ALL,1.0,1.0,12,False,1,38,221.6,232.8,1.2782,0.5526,5.832,1018.2,-796.6,27,113.4,229.6,1.1831,0.5185,4.2,732.8,-619.4,11,108.2,103.6,1.6106,0.6364,9.836,285.4,-177.2,False
IFB_0019,emapmo_normal,both,ALL,1.0,1.0,12,True,1,38,221.6,232.8,1.2782,0.5526,5.832,1018.2,-796.6,27,113.4,229.6,1.1831,0.5185,4.2,732.8,-619.4,11,108.2,103.6,1.6106,0.6364,9.836,285.4,-177.2,False
IFB_0853,emapmo_early,short,RTH,1.5,1.5,6,False,1,18,927.6,544.8,2.4033,0.7222,51.534,1588.6,-661.0,11,120.2,544.8,1.1818,0.5455,10.927,781.2,-661.0,7,807.4,0.0,999.0,1.0,115.343,807.4,0.0,False
IFB_0855,emapmo_early,short,RTH,1.5,1.5,6,True,1,18,927.6,544.8,2.4033,0.7222,51.534,1588.6,-661.0,11,120.2,544.8,1.1818,0.5455,10.927,781.2,-661.0,7,807.4,0.0,999.0,1.0,115.343,807.4,0.0,False
IFB_0766,emapmo_early,short,ALL,1.5,1.5,24,False,3,70,1822.0,772.6,1.7757,0.6286,26.029,4170.8,-2348.8,49,299.8,772.6,1.1536,0.5714,6.118,2251.6,-1951.8,21,1522.2,169.6,4.8343,0.7619,72.486,1919.2,-397.0,False
IFB_0768,emapmo_early,short,ALL,1.5,1.5,24,True,3,70,1522.0,772.6,1.648,0.6286,21.743,3870.8,-2348.8,49,299.8,772.6,1.1536,0.5714,6.118,2251.6,-1951.8,21,1222.2,169.6,4.0786,0.7619,58.2,1619.2,-397.0,False
IFB_0102,emapmo_normal,both,RTH,1.0,0.75,12,False,3,24,508.8,169.0,1.8615,0.7083,21.2,1099.4,-590.6,17,469.4,163.6,2.4088,0.7647,27.612,802.6,-333.2,7,39.4,133.6,1.1531,0.5714,5.629,296.8,-257.4,False
IFB_0104,emapmo_normal,both,RTH,1.0,0.75,12,True,3,24,508.8,169.0,1.8615,0.7083,21.2,1099.4,-590.6,17,469.4,163.6,2.4088,0.7647,27.612,802.6,-333.2,7,39.4,133.6,1.1531,0.5714,5.629,296.8,-257.4,False
IFB_0478,emapmo_early,both,ALL,1.5,1.5,24,False,3,105,1155.0,575.2,1.2618,0.5905,11.0,5566.4,-4411.4,74,510.8,575.2,1.1504,0.5541,6.903,3906.2,-3395.4,31,644.2,356.6,1.6341,0.6774,20.781,1660.2,-1016.0,True
IFB_0480,emapmo_early,both,ALL,1.5,1.5,24,True,3,105,1155.0,575.2,1.2618,0.5905,11.0,5566.4,-4411.4,74,510.8,575.2,1.1504,0.5541,6.903,3906.2,-3395.4,31,644.2,356.6,1.6341,0.6774,20.781,1660.2,-1016.0,True
IFB_0334,emapmo_normal,short,ALL,1.5,1.5,24,False,3,53,1490.6,366.8,2.1253,0.6792,28.125,2815.2,-1324.6,37,177.4,366.8,1.1453,0.5946,4.795,1398.4,-1221.0,16,1313.2,63.8,13.6757,0.875,82.075,1416.8,-103.6,False
IFB_0336,emapmo_normal,short,ALL,1.5,1.5,24,True,3,53,1490.6,366.8,2.1253,0.6792,28.125,2815.2,-1324.6,37,177.4,366.8,1.1453,0.5946,4.795,1398.4,-1221.0,16,1313.2,63.8,13.6757,0.875,82.075,1416.8,-103.6,False
IFB_0330,emapmo_normal,short,ALL,1.5,1.5,12,False,3,53,950.6,372.8,1.6959,0.6226,17.936,2316.6,-1366.0,37,171.4,372.8,1.1399,0.5676,4.632,1396.2,-1224.8,16,779.2,101.4,6.5184,0.75,48.7,920.4,-141.2,False
IFB_0332,emapmo_normal,short,ALL,1.5,1.5,12,True,3,53,950.6,372.8,1.6959,0.6226,17.936,2316.6,-1366.0,37,171.4,372.8,1.1399,0.5676,4.632,1396.2,-1224.8,16,779.2,101.4,6.5184,0.75,48.7,920.4,-141.2,False
IFB_0029,emapmo_normal,both,ALL,1.5,1.0,12,False,1,38,251.6,203.4,1.3006,0.6053,6.621,1088.6,-837.0,27,95.4,203.4,1.1348,0.5926,3.533,803.2,-707.8,11,156.2,51.8,2.2089,0.6364,14.2,285.4,-129.2,True
IFB_0031,emapmo_normal,both,ALL,1.5,1.0,12,True,1,38,251.6,203.4,1.3006,0.6053,6.621,1088.6,-837.0,27,95.4,203.4,1.1348,0.5926,3.533,803.2,-707.8,11,156.2,51.8,2.2089,0.6364,14.2,285.4,-129.2,True
IFB_0462,emapmo_early,both,ALL,1.5,1.0,12,False,3,108,1113.61,566.6,1.3543,0.6667,10.311,4256.4,-3142.79,75,357.0,566.6,1.1343,0.6,4.76,3015.0,-2658.0,33,756.6,223.6,2.5607,0.8182,22.927,1241.4,-484.8,True
IFB_0464,emapmo_early,both,ALL,1.5,1.0,12,True,3,108,1113.61,566.6,1.3543,0.6667,10.311,4256.4,-3142.79,75,357.0,566.6,1.1343,0.6,4.76,3015.0,-2658.0,33,756.6,223.6,2.5607,0.8182,22.927,1241.4,-484.8,True
IFB_0805,emapmo_early,short,PRE_RTH,1.5,1.5,6,False,1,21,862.2,342.4,2.4218,0.619,41.057,1468.6,-606.4,14,78.8,342.4,1.1299,0.4286,5.629,685.2,-606.4,7,783.4,0.0,999.0,1.0,111.915,783.4,0.0,False
IFB_0807,emapmo_early,short,PRE_RTH,1.5,1.5,6,True,1,21,862.2,342.4,2.4218,0.619,41.057,1468.6,-606.4,14,78.8,342.4,1.1299,0.4286,5.629,685.2,-606.4,7,783.4,0.0,999.0,1.0,111.915,783.4,0.0,False
IFB_0793,emapmo_early,short,PRE_RTH,1.5,1.0,6,False,1,21,694.2,272.6,2.2205,0.7143,33.057,1263.0,-568.8,14,72.8,272.6,1.128,0.5714,5.2,641.6,-568.8,7,621.4,0.0,999.0,1.0,88.772,621.4,0.0,False
IFB_0795,emapmo_early,short,PRE_RTH,1.5,1.0,6,True,1,21,694.2,272.6,2.2205,0.7143,33.057,1263.0,-568.8,14,72.8,272.6,1.128,0.5714,5.2,641.6,-568.8,7,621.4,0.0,999.0,1.0,88.772,621.4,0.0,False
IFB_0797,emapmo_early,short,PRE_RTH,1.5,1.0,12,False,1,21,490.2,272.6,1.6784,0.6667,23.343,1212.8,-722.6,14,72.8,272.6,1.128,0.5714,5.2,641.6,-568.8,7,417.4,153.8,3.7139,0.8571,59.629,571.2,-153.8,False
IFB_0799,emapmo_early,short,PRE_RTH,1.5,1.0,12,True,1,21,490.2,272.6,1.6784,0.6667,23.343,1212.8,-722.6,14,72.8,272.6,1.128,0.5714,5.2,641.6,-568.8,7,417.4,153.8,3.7139,0.8571,59.629,571.2,-153.8,False
IFB_0801,emapmo_early,short,PRE_RTH,1.5,1.0,24,False,1,21,490.2,272.6,1.6784,0.6667,23.343,1212.8,-722.6,14,72.8,272.6,1.128,0.5714,5.2,641.6,-568.8,7,417.4,153.8,3.7139,0.8571,59.629,571.2,-153.8,False
IFB_0803,emapmo_early,short,PRE_RTH,1.5,1.0,24,True,1,21,490.2,272.6,1.6784,0.6667,23.343,1212.8,-722.6,14,72.8,272.6,1.128,0.5714,5.2,641.6,-568.8,7,417.4,153.8,3.7139,0.8571,59.629,571.2,-153.8,False
IFB_0722,emapmo_early,short,ALL,1.0,0.75,6,False,3,81,316.2,371.2,1.1989,0.5926,3.904,1905.6,-1589.4,52,132.4,371.2,1.1217,0.5962,2.546,1220.2,-1087.8,29,183.8,202.8,1.3664,0.5862,6.338,685.4,-501.6,False
IFB_0724,emapmo_early,short,ALL,1.0,0.75,6,True,3,81,316.2,371.2,1.1989,0.5926,3.904,1905.6,-1589.4,52,132.4,371.2,1.1217,0.5962,2.546,1220.2,-1087.8,29,183.8,202.8,1.3664,0.5862,6.338,685.4,-501.6,False
IFB_0473,emapmo_early,both,ALL,1.5,1.5,12,False,1,40,394.01,350.4,1.2477,0.6,9.85,1984.8,-1590.8,28,151.61,350.4,1.1153,0.5357,5.415,1467.0,-1315.39,12,242.4,153.8,1.8802,0.75,20.2,517.8,-275.4,False
IFB_0475,emapmo_early,both,ALL,1.5,1.5,12,True,1,40,394.01,350.4,1.2477,0.6,9.85,1984.8,-1590.8,28,151.61,350.4,1.1153,0.5357,5.415,1467.0,-1315.39,12,242.4,153.8,1.8802,0.75,20.2,517.8,-275.4,False
IFB_0245,emapmo_normal,long,RTH,1.0,0.75,12,False,1,10,376.0,123.8,2.5706,0.7,37.6,615.4,-239.4,6,355.2,57.8,7.1453,0.8333,59.2,413.0,-57.8,4,20.8,123.8,1.1145,0.5,5.2,202.4,-181.6,False
IFB_0247,emapmo_normal,long,RTH,1.0,0.75,12,True,1,10,376.0,123.8,2.5706,0.7,37.6,615.4,-239.4,6,355.2,57.8,7.1453,0.8333,59.2,413.0,-57.8,4,20.8,123.8,1.1145,0.5,5.2,202.4,-181.6,False
IFB_0265,emapmo_normal,long,RTH,1.5,1.0,6,False,1,10,478.0,183.8,2.7599,0.8,47.8,749.6,-271.6,6,457.2,87.8,6.2073,0.8333,76.2,545.0,-87.8,4,20.8,183.8,1.1132,0.75,5.2,204.6,-183.8,False
IFB_0267,emapmo_normal,long,RTH,1.5,1.0,6,True,1,10,478.0,183.8,2.7599,0.8,47.8,749.6,-271.6,6,457.2,87.8,6.2073,0.8333,76.2,545.0,-87.8,4,20.8,183.8,1.1132,0.75,5.2,204.6,-183.8,False
IFB_0122,emapmo_normal,both,RTH,1.5,1.0,6,False,3,24,640.8,235.6,1.8165,0.75,26.7,1425.6,-784.8,17,607.4,235.6,2.2416,0.7647,35.729,1096.6,-489.2,7,33.4,183.8,1.113,0.7143,4.771,329.0,-295.6,False
IFB_0124,emapmo_normal,both,RTH,1.5,1.0,6,True,3,24,640.8,235.6,1.8165,0.75,26.7,1425.6,-784.8,17,607.4,235.6,2.2416,0.7647,35.729,1096.6,-489.2,7,33.4,183.8,1.113,0.7143,4.771,329.0,-295.6,False
IFB_0834,emapmo_early,short,RTH,1.0,1.0,12,False,3,47,997.4,453.0,1.6139,0.6383,21.221,2622.0,-1624.6,30,144.0,453.0,1.1112,0.5333,4.8,1439.2,-1295.2,17,853.4,141.8,3.5908,0.8235,50.2,1182.8,-329.4,False
IFB_0836,emapmo_early,short,RTH,1.0,1.0,12,True,3,47,997.4,453.0,1.6139,0.6383,21.221,2622.0,-1624.6,30,144.0,453.0,1.1112,0.5333,4.8,1439.2,-1295.2,17,853.4,141.8,3.5908,0.8235,50.2,1182.8,-329.4,False
IFB_0838,emapmo_early,short,RTH,1.0,1.0,24,False,3,47,997.4,453.0,1.6139,0.6383,21.221,2622.0,-1624.6,30,144.0,453.0,1.1112,0.5333,4.8,1439.2,-1295.2,17,853.4,141.8,3.5908,0.8235,50.2,1182.8,-329.4,False
IFB_0840,emapmo_early,short,RTH,1.0,1.0,24,True,3,47,997.4,453.0,1.6139,0.6383,21.221,2622.0,-1624.6,30,144.0,453.0,1.1112,0.5333,4.8,1439.2,-1295.2,17,853.4,141.8,3.5908,0.8235,50.2,1182.8,-329.4,False
IFB_0790,emapmo_early,short,PRE_RTH,1.0,1.0,24,False,3,54,1180.8,308.4,1.7568,0.6481,21.867,2741.0,-1560.2,37,135.4,308.4,1.1084,0.5676,3.659,1384.2,-1248.8,17,1045.4,169.6,4.3571,0.8235,61.494,1356.8,-311.4,False
IFB_0786,emapmo_early,short,PRE_RTH,1.0,1.0,12,False,3,54,1054.8,308.4,1.6761,0.6481,19.533,2615.0,-1560.2,37,135.4,308.4,1.1084,0.5676,3.659,1384.2,-1248.8,17,919.4,169.6,3.9525,0.8235,54.082,1230.8,-311.4,False
IFB_0788,emapmo_early,short,PRE_RTH,1.0,1.0,12,True,3,54,1018.8,308.4,1.653,0.6481,18.867,2579.0,-1560.2,37,135.4,308.4,1.1084,0.5676,3.659,1384.2,-1248.8,17,883.4,169.6,3.8369,0.8235,51.965,1194.8,-311.4,False
IFB_0792,emapmo_early,short,PRE_RTH,1.0,1.0,24,True,3,54,1018.8,308.4,1.653,0.6481,18.867,2579.0,-1560.2,37,135.4,308.4,1.1084,0.5676,3.659,1384.2,-1248.8,17,883.4,169.6,3.8369,0.8235,51.965,1194.8,-311.4,False
IFB_0498,emapmo_early,both,PRE_RTH,1.0,1.0,12,False,3,83,1364.6,559.6,1.4729,0.6024,16.441,4250.0,-2885.4,60,216.0,559.6,1.0871,0.5167,3.6,2696.2,-2480.2,23,1148.6,141.8,3.8346,0.8261,49.939,1553.8,-405.2,True
IFB_0500,emapmo_early,both,PRE_RTH,1.0,1.0,12,True,3,83,1328.6,559.6,1.4605,0.6024,16.007,4214.0,-2885.4,60,216.0,559.6,1.0871,0.5167,3.6,2696.2,-2480.2,23,1112.6,141.8,3.7458,0.8261,48.374,1517.8,-405.2,True
IFB_0110,emapmo_normal,both,RTH,1.0,1.0,6,False,3,24,784.8,163.6,2.3288,0.7083,32.7,1375.4,-590.6,17,763.4,163.6,3.2911,0.7647,44.906,1096.6,-333.2,7,21.4,133.6,1.0831,0.5714,3.057,278.8,-257.4,False
IFB_0112,emapmo_normal,both,RTH,1.0,1.0,6,True,3,24,784.8,163.6,2.3288,0.7083,32.7,1375.4,-590.6,17,763.4,163.6,3.2911,0.7647,44.906,1096.6,-333.2,7,21.4,133.6,1.0831,0.5714,3.057,278.8,-257.4,False
IFB_0190,emapmo_normal,long,ALL,1.5,1.5,24,False,3,30,954.0,329.4,1.9193,0.6333,31.8,1991.8,-1037.8,15,903.0,207.2,3.2746,0.6667,60.2,1300.0,-397.0,15,51.0,329.4,1.0796,0.6,3.4,691.8,-640.8,True
IFB_0192,emapmo_normal,long,ALL,1.5,1.5,24,True,3,30,954.0,329.4,1.9193,0.6333,31.8,1991.8,-1037.8,15,903.0,207.2,3.2746,0.6667,60.2,1300.0,-397.0,15,51.0,329.4,1.0796,0.6,3.4,691.8,-640.8,True
IFB_0154,emapmo_normal,long,ALL,1.0,0.75,24,False,3,30,420.0,223.0,1.6252,0.6333,14.0,1091.8,-671.8,15,387.0,117.8,2.553,0.7333,25.8,636.2,-249.2,15,33.0,223.0,1.0781,0.5333,2.2,455.6,-422.6,False
IFB_0156,emapmo_normal,long,ALL,1.0,0.75,24,True,3,30,420.0,223.0,1.6252,0.6333,14.0,1091.8,-671.8,15,387.0,117.8,2.553,0.7333,25.8,636.2,-249.2,15,33.0,223.0,1.0781,0.5333,2.2,455.6,-422.6,False
IFB_0105,emapmo_normal,both,RTH,1.0,0.75,24,False,1,21,532.2,123.8,2.2464,0.7619,25.343,959.2,-427.0,15,519.0,111.8,3.1149,0.8,34.6,764.4,-245.4,6,13.2,123.8,1.0727,0.6667,2.2,194.8,-181.6,False
IFB_0107,emapmo_normal,both,RTH,1.0,0.75,24,True,1,21,532.2,123.8,2.2464,0.7619,25.343,959.2,-427.0,15,519.0,111.8,3.1149,0.8,34.6,764.4,-245.4,6,13.2,123.8,1.0727,0.6667,2.2,194.8,-181.6,False
IFB_0050,emapmo_normal,both,PRE_RTH,1.0,0.75,6,False,3,33,696.6,197.4,2.0302,0.7273,21.109,1372.8,-676.2,23,674.6,197.4,2.8381,0.7826,29.33,1041.6,-367.0,10,22.0,175.6,1.0712,0.6,2.2,331.2,-309.2,True
IFB_0052,emapmo_normal,both,PRE_RTH,1.0,0.75,6,True,3,33,696.6,197.4,2.0302,0.7273,21.109,1372.8,-676.2,23,674.6,197.4,2.8381,0.7826,29.33,1041.6,-367.0,10,22.0,175.6,1.0712,0.6,2.2,331.2,-309.2,True
IFB_0558,emapmo_early,both,RTH,1.5,1.0,12,False,3,69,841.8,884.4,1.2417,0.6667,12.2,4325.2,-3483.4,46,179.2,884.4,1.0704,0.587,3.896,2723.4,-2544.2,23,662.6,435.8,1.7055,0.8261,28.809,1601.8,-939.2,True
IFB_0560,emapmo_early,both,RTH,1.5,1.0,12,True,3,69,841.8,884.4,1.2417,0.6667,12.2,4325.2,-3483.4,46,179.2,884.4,1.0704,0.587,3.896,2723.4,-2544.2,23,662.6,435.8,1.7055,0.8261,28.809,1601.8,-939.2,True
IFB_0326,emapmo_normal,short,ALL,1.5,1.5,6,False,3,53,494.6,522.8,1.3545,0.566,9.332,1890.0,-1395.4,37,75.4,522.8,1.0639,0.5405,2.038,1256.0,-1180.6,16,419.2,131.4,2.9516,0.625,26.2,634.0,-214.8,False
IFB_0328,emapmo_normal,short,ALL,1.5,1.5,6,True,3,53,494.6,522.8,1.3545,0.566,9.332,1890.0,-1395.4,37,75.4,522.8,1.0639,0.5405,2.038,1256.0,-1180.6,16,419.2,131.4,2.9516,0.625,26.2,634.0,-214.8,False
IFB_0510,emapmo_early,both,PRE_RTH,1.5,1.0,12,False,3,79,1301.8,1127.6,1.3985,0.6709,16.478,4568.6,-3266.8,56,171.2,1127.6,1.062,0.5893,3.057,2934.6,-2763.4,23,1130.6,207.8,3.2459,0.8696,49.156,1634.0,-503.4,False
IFB_0512,emapmo_early,both,PRE_RTH,1.5,1.0,12,True,3,79,749.8,1127.6,1.2025,0.6582,9.491,4452.4,-3702.6,56,171.2,1127.6,1.062,0.5893,3.057,2934.6,-2763.4,23,578.6,435.8,1.6161,0.8261,25.157,1517.8,-939.2,False
IFB_0013,emapmo_normal,both,ALL,1.0,1.0,6,False,1,38,125.6,311.8,1.1528,0.5,3.305,947.8,-822.2,27,113.4,229.6,1.1831,0.5185,4.2,732.8,-619.4,11,12.2,119.4,1.0601,0.4545,1.109,215.0,-202.8,False
IFB_0015,emapmo_normal,both,ALL,1.0,1.0,6,True,1,38,125.6,311.8,1.1528,0.5,3.305,947.8,-822.2,27,113.4,229.6,1.1831,0.5185,4.2,732.8,-619.4,11,12.2,119.4,1.0601,0.4545,1.109,215.0,-202.8,False
IFB_0322,emapmo_normal,short,ALL,1.5,1.0,24,False,3,53,1082.6,327.0,1.9572,0.717,20.426,2213.6,-1131.0,37,57.4,327.0,1.0559,0.6486,1.551,1084.8,-1027.4,16,1025.2,63.8,10.8958,0.875,64.075,1128.8,-103.6,False
IFB_0324,emapmo_normal,short,ALL,1.5,1.0,24,True,3,53,1082.6,327.0,1.9572,0.717,20.426,2213.6,-1131.0,37,57.4,327.0,1.0559,0.6486,1.551,1084.8,-1027.4,16,1025.2,63.8,10.8958,0.875,64.075,1128.8,-103.6,False
IFB_0134,emapmo_normal,both,RTH,1.5,1.5,6,False,3,24,760.8,329.4,1.7842,0.625,31.7,1731.0,-970.2,17,739.4,329.4,2.2601,0.6471,43.494,1326.2,-586.8,7,21.4,199.6,1.0558,0.5714,3.057,404.8,-383.4,False
IFB_0136,emapmo_normal,both,RTH,1.5,1.5,6,True,3,24,760.8,329.4,1.7842,0.625,31.7,1731.0,-970.2,17,739.4,329.4,2.2601,0.6471,43.494,1326.2,-586.8,7,21.4,199.6,1.0558,0.5714,3.057,404.8,-383.4,False
IFB_0281,emapmo_normal,long,RTH,1.5,1.5,12,False,1,10,430.0,259.6,1.8095,0.6,43.0,961.2,-531.2,6,415.2,259.6,2.5994,0.6667,69.2,674.8,-259.6,4,14.8,183.8,1.0545,0.5,3.7,286.4,-271.6,False
IFB_0283,emapmo_normal,long,RTH,1.5,1.5,12,True,1,10,430.0,259.6,1.8095,0.6,43.0,961.2,-531.2,6,415.2,259.6,2.5994,0.6667,69.2,674.8,-259.6,4,14.8,183.8,1.0545,0.5,3.7,286.4,-271.6,False
IFB_0526,emapmo_early,both,PRE_RTH,1.5,1.5,24,False,3,71,978.2,1124.2,1.2256,0.5211,13.777,5313.4,-4335.2,52,174.4,1124.2,1.0523,0.4808,3.354,3511.0,-3336.6,19,803.8,443.4,1.8049,0.6316,42.305,1802.4,-998.6,False
IFB_0528,emapmo_early,both,PRE_RTH,1.5,1.5,24,True,3,71,414.2,1124.2,1.0901,0.5211,5.834,5013.4,-4599.2,52,174.4,1124.2,1.0523,0.4808,3.354,3511.0,-3336.6,19,239.8,703.0,1.1899,0.6316,12.621,1502.4,-1262.6,False
IFB_0502,emapmo_early,both,PRE_RTH,1.0,1.0,24,False,3,83,1400.6,649.6,1.4707,0.6024,16.875,4376.0,-2975.4,60,126.0,649.6,1.049,0.5167,2.1,2696.2,-2570.2,23,1274.6,141.8,4.1456,0.8261,55.417,1679.8,-405.2,False
IFB_0504,emapmo_early,both,PRE_RTH,1.0,1.0,24,True,3,83,1238.6,649.6,1.4163,0.6024,14.923,4214.0,-2975.4,60,126.0,649.6,1.049,0.5167,2.1,2696.2,-2570.2,23,1112.6,141.8,3.7458,0.8261,48.374,1517.8,-405.2,False
IFB_0086,emapmo_normal,both,PRE_RTH,1.5,1.5,6,False,3,33,876.6,381.2,1.7016,0.6061,26.564,2126.0,-1249.4,23,854.6,381.2,2.0898,0.6087,37.157,1638.8,-784.2,10,22.0,265.6,1.0473,0.6,2.2,487.2,-465.2,True
IFB_0088,emapmo_normal,both,PRE_RTH,1.5,1.5,6,True,3,33,876.6,381.2,1.7016,0.6061,26.564,2126.0,-1249.4,23,854.6,381.2,2.0898,0.6087,37.157,1638.8,-784.2,10,22.0,265.6,1.0473,0.6,2.2,487.2,-465.2,True
IFB_0466,emapmo_early,both,ALL,1.5,1.0,24,False,3,107,835.4,651.0,1.254,0.6729,7.808,4124.4,-3289.0,73,124.6,651.0,1.0457,0.6164,1.707,2853.0,-2728.4,34,710.8,191.4,2.2679,0.7941,20.906,1271.4,-560.6,False
IFB_0468,emapmo_early,both,ALL,1.5,1.0,24,True,3,107,835.4,651.0,1.254,0.6729,7.808,4124.4,-3289.0,73,124.6,651.0,1.0457,0.6164,1.707,2853.0,-2728.4,34,710.8,191.4,2.2679,0.7941,20.906,1271.4,-560.6,False
IFB_0574,emapmo_early,both,RTH,1.5,1.5,24,False,3,62,208.4,851.6,1.0457,0.5,3.361,4766.2,-4557.8,43,130.6,851.6,1.0419,0.4651,3.037,3248.0,-3117.4,19,77.8,549.2,1.054,0.5789,4.095,1518.2,-1440.4,False
IFB_0576,emapmo_early,both,RTH,1.5,1.5,24,True,3,62,208.4,851.6,1.0457,0.5,3.361,4766.2,-4557.8,43,130.6,851.6,1.0419,0.4651,3.037,3248.0,-3117.4,19,77.8,549.2,1.054,0.5789,4.095,1518.2,-1440.4,False
IFB_0573,emapmo_early,both,RTH,1.5,1.5,24,False,1,28,301.6,720.8,1.1431,0.5357,10.771,2409.0,-2107.4,19,275.8,614.6,1.2055,0.5263,14.516,1618.0,-1342.2,9,25.8,461.4,1.0337,0.5556,2.867,791.0,-765.2,False
IFB_0575,emapmo_early,both,RTH,1.5,1.5,24,True,1,28,301.6,720.8,1.1431,0.5357,10.771,2409.0,-2107.4,19,275.8,614.6,1.2055,0.5263,14.516,1618.0,-1342.2,9,25.8,461.4,1.0337,0.5556,2.867,791.0,-765.2,False
IFB_0130,emapmo_normal,both,RTH,1.5,1.0,24,False,3,24,616.8,235.6,1.7859,0.75,25.7,1401.6,-784.8,17,607.4,235.6,2.2416,0.7647,35.729,1096.6,-489.2,7,9.4,183.8,1.0318,0.7143,1.343,305.0,-295.6,False
IFB_0132,emapmo_normal,both,RTH,1.5,1.0,24,True,3,24,616.8,235.6,1.7859,0.75,25.7,1401.6,-784.8,17,607.4,235.6,2.2416,0.7647,35.729,1096.6,-489.2,7,9.4,183.8,1.0318,0.7143,1.343,305.0,-295.6,False
IFB_0569,emapmo_early,both,RTH,1.5,1.5,12,False,1,28,133.6,930.2,1.063,0.5714,4.771,2255.2,-2121.6,19,41.8,753.6,1.0301,0.5263,2.2,1432.0,-1390.2,9,91.8,461.4,1.1255,0.6667,10.2,823.2,-731.4,False
IFB_0571,emapmo_early,both,RTH,1.5,1.5,12,True,1,28,133.6,930.2,1.063,0.5714,4.771,2255.2,-2121.6,19,41.8,753.6,1.0301,0.5263,2.2,1432.0,-1390.2,9,91.8,461.4,1.1255,0.6667,10.2,823.2,-731.4,False
IFB_0470,emapmo_early,both,ALL,1.5,1.5,6,False,3,110,553.99,576.81,1.1606,0.5273,5.036,4003.6,-3449.61,76,83.19,576.81,1.0296,0.5,1.095,2897.6,-2814.41,34,470.8,225.8,1.7412,0.5882,13.847,1106.0,-635.2,False
IFB_0472,emapmo_early,both,ALL,1.5,1.5,6,True,3,110,553.99,576.81,1.1606,0.5273,5.036,4003.6,-3449.61,76,83.19,576.81,1.0296,0.5,1.095,2897.6,-2814.41,34,470.8,225.8,1.7412,0.5882,13.847,1106.0,-635.2,False
IFB_0562,emapmo_early,both,RTH,1.5,1.0,24,False,3,67,729.4,914.4,1.2105,0.6567,10.887,4194.8,-3465.4,44,66.8,914.4,1.0264,0.5682,1.518,2593.0,-2526.2,23,662.6,435.8,1.7055,0.8261,28.809,1601.8,-939.2,True
IFB_0564,emapmo_early,both,RTH,1.5,1.0,24,True,3,67,729.4,914.4,1.2105,0.6567,10.887,4194.8,-3465.4,44,66.8,914.4,1.0264,0.5682,1.518,2593.0,-2526.2,23,662.6,435.8,1.7055,0.8261,28.809,1601.8,-939.2,True
IFB_0205,emapmo_normal,long,PRE_RTH,1.0,1.0,6,False,1,11,618.2,57.8,4.6929,0.7273,56.2,785.6,-167.4,7,615.4,57.8,11.6471,0.8571,87.914,673.2,-57.8,4,2.8,57.8,1.0255,0.5,0.7,112.4,-109.6,False
IFB_0207,emapmo_normal,long,PRE_RTH,1.0,1.0,6,True,1,11,618.2,57.8,4.6929,0.7273,56.2,785.6,-167.4,7,615.4,57.8,11.6471,0.8571,87.914,673.2,-57.8,4,2.8,57.8,1.0255,0.5,0.7,112.4,-109.6,False
IFB_0514,emapmo_early,both,PRE_RTH,1.5,1.0,24,False,3,77,1063.4,1157.6,1.3109,0.6494,13.81,4484.0,-3420.6,54,58.8,1157.6,1.0214,0.5741,1.089,2804.2,-2745.4,23,1004.6,207.8,2.4879,0.8261,43.678,1679.8,-675.2,False
IFB_0516,emapmo_early,both,PRE_RTH,1.5,1.0,24,True,3,77,637.4,1157.6,1.173,0.6494,8.278,4322.0,-3684.6,54,58.8,1157.6,1.0214,0.5741,1.089,2804.2,-2745.4,23,578.6,435.8,1.6161,0.8261,25.157,1517.8,-939.2,False
IFB_0513,emapmo_early,both,PRE_RTH,1.5,1.0,24,False,1,32,556.4,515.8,1.4111,0.625,17.388,1910.0,-1353.6,23,8.6,515.8,1.0072,0.5217,0.374,1208.4,-1199.8,9,547.8,153.8,4.5618,0.8889,60.867,701.6,-153.8,False
IFB_0515,emapmo_early,both,PRE_RTH,1.5,1.0,24,True,1,32,556.4,515.8,1.4111,0.625,17.388,1910.0,-1353.6,23,8.6,515.8,1.0072,0.5217,0.374,1208.4,-1199.8,9,547.8,153.8,4.5618,0.8889,60.867,701.6,-153.8,False
IFB_0841,emapmo_early,short,RTH,1.5,1.0,6,False,1,18,639.6,490.8,1.9913,0.7778,35.533,1284.8,-645.2,11,0.2,490.8,1.0003,0.6364,0.018,645.4,-645.2,7,639.4,0.0,999.0,1.0,91.343,639.4,0.0,False
IFB_0843,emapmo_early,short,RTH,1.5,1.0,6,True,1,18,639.6,490.8,1.9913,0.7778,35.533,1284.8,-645.2,11,0.2,490.8,1.0003,0.6364,0.018,645.4,-645.2,7,639.4,0.0,999.0,1.0,91.343,639.4,0.0,False
IFB_0845,emapmo_early,short,RTH,1.5,1.0,12,False,1,18,435.6,490.8,1.5452,0.7222,24.2,1234.6,-799.0,11,0.2,490.8,1.0003,0.6364,0.018,645.4,-645.2,7,435.4,153.8,3.8309,0.8571,62.2,589.2,-153.8,False
IFB_0847,emapmo_early,short,RTH,1.5,1.0,12,True,1,18,435.6,490.8,1.5452,0.7222,24.2,1234.6,-799.0,11,0.2,490.8,1.0003,0.6364,0.018,645.4,-645.2,7,435.4,153.8,3.8309,0.8571,62.2,589.2,-153.8,False
IFB_0849,emapmo_early,short,RTH,1.5,1.0,24,False,1,18,435.6,490.8,1.5452,0.7222,24.2,1234.6,-799.0,11,0.2,490.8,1.0003,0.6364,0.018,645.4,-645.2,7,435.4,153.8,3.8309,0.8571,62.2,589.2,-153.8,False
IFB_0851,emapmo_early,short,RTH,1.5,1.0,24,True,1,18,435.6,490.8,1.5452,0.7222,24.2,1234.6,-799.0,11,0.2,490.8,1.0003,0.6364,0.018,645.4,-645.2,7,435.4,153.8,3.8309,0.8571,62.2,589.2,-153.8,False
IFB_0546,emapmo_early,both,RTH,1.0,1.0,12,False,3,73,766.6,658.8,1.2399,0.5753,10.501,3962.4,-3195.8,50,-10.0,658.8,0.9959,0.48,-0.2,2434.8,-2444.8,23,776.6,409.6,2.0341,0.7826,33.765,1527.6,-751.0,False
IFB_0548,emapmo_early,both,RTH,1.0,1.0,12,True,3,73,766.6,658.8,1.2399,0.5753,10.501,3962.4,-3195.8,50,-10.0,658.8,0.9959,0.48,-0.2,2434.8,-2444.8,23,776.6,409.6,2.0341,0.7826,33.765,1527.6,-751.0,False
IFB_0142,emapmo_normal,both,RTH,1.5,1.5,24,False,3,24,676.8,434.6,1.5978,0.625,28.2,1809.0,-1132.2,17,679.4,434.6,1.9073,0.6471,39.965,1428.2,-748.8,7,-2.6,199.6,0.9932,0.5714,-0.371,380.8,-383.4,False
IFB_0144,emapmo_normal,both,RTH,1.5,1.5,24,True,3,24,676.8,434.6,1.5978,0.625,28.2,1809.0,-1132.2,17,679.4,434.6,1.9073,0.6471,39.965,1428.2,-748.8,7,-2.6,199.6,0.9932,0.5714,-0.371,380.8,-383.4,False
IFB_0318,emapmo_normal,short,ALL,1.5,1.0,12,False,3,53,518.6,393.0,1.4423,0.6604,9.785,1691.0,-1172.4,37,-8.6,393.0,0.9917,0.6216,-0.232,1022.6,-1031.2,16,527.2,101.4,4.7337,0.75,32.95,668.4,-141.2,False
IFB_0320,emapmo_normal,short,ALL,1.5,1.0,12,True,3,53,518.6,393.0,1.4423,0.6604,9.785,1691.0,-1172.4,37,-8.6,393.0,0.9917,0.6216,-0.232,1022.6,-1031.2,16,527.2,101.4,4.7337,0.75,32.95,668.4,-141.2,False
IFB_0118,emapmo_normal,both,RTH,1.0,1.0,24,False,3,24,760.8,163.6,2.2882,0.7083,31.7,1351.4,-590.6,17,763.4,163.6,3.2911,0.7647,44.906,1096.6,-333.2,7,-2.6,133.6,0.9899,0.5714,-0.371,254.8,-257.4,False
IFB_0120,emapmo_normal,both,RTH,1.0,1.0,24,True,3,24,760.8,163.6,2.2882,0.7083,31.7,1351.4,-590.6,17,763.4,163.6,3.2911,0.7647,44.906,1096.6,-333.2,7,-2.6,133.6,0.9899,0.5714,-0.371,254.8,-257.4,False
IFB_0273,emapmo_normal,long,RTH,1.5,1.0,24,False,1,10,454.0,183.8,2.6716,0.8,45.4,725.6,-271.6,6,457.2,87.8,6.2073,0.8333,76.2,545.0,-87.8,4,-3.2,183.8,0.9826,0.75,-0.799,180.6,-183.8,False
IFB_0275,emapmo_normal,long,RTH,1.5,1.0,24,True,1,10,454.0,183.8,2.6716,0.8,45.4,725.6,-271.6,6,457.2,87.8,6.2073,0.8333,76.2,545.0,-87.8,4,-3.2,183.8,0.9826,0.75,-0.799,180.6,-183.8,False
IFB_0858,emapmo_early,short,RTH,1.5,1.5,12,False,3,45,159.0,852.4,1.0537,0.5556,3.533,3121.0,-2962.0,29,-44.2,852.4,0.9768,0.5172,-1.524,1863.0,-1907.2,16,203.2,751.0,1.1926,0.625,12.7,1258.0,-1054.8,False
IFB_0860,emapmo_early,short,RTH,1.5,1.5,12,True,3,45,159.0,852.4,1.0537,0.5556,3.533,3121.0,-2962.0,29,-44.2,852.4,0.9768,0.5172,-1.524,1863.0,-1907.2,16,203.2,751.0,1.1926,0.625,12.7,1258.0,-1054.8,False
IFB_0210,emapmo_normal,long,PRE_RTH,1.0,1.0,12,False,3,15,663.0,175.6,2.8065,0.6667,44.2,1030.0,-367.0,8,671.6,57.8,12.6194,0.875,83.95,729.4,-57.8,7,-8.6,175.6,0.9722,0.4286,-1.228,300.6,-309.2,False
IFB_0212,emapmo_normal,long,PRE_RTH,1.0,1.0,12,True,3,15,663.0,175.6,2.8065,0.6667,44.2,1030.0,-367.0,8,671.6,57.8,12.6194,0.875,83.95,729.4,-57.8,7,-8.6,175.6,0.9722,0.4286,-1.228,300.6,-309.2,False
IFB_0509,emapmo_early,both,PRE_RTH,1.5,1.0,12,False,1,32,508.4,563.8,1.3627,0.625,15.888,1910.0,-1401.6,23,-39.4,563.8,0.9684,0.5217,-1.713,1208.4,-1247.8,9,547.8,153.8,4.5618,0.8889,60.867,701.6,-153.8,False
IFB_0511,emapmo_early,both,PRE_RTH,1.5,1.0,12,True,1,32,508.4,563.8,1.3627,0.625,15.888,1910.0,-1401.6,23,-39.4,563.8,0.9684,0.5217,-1.713,1208.4,-1247.8,9,547.8,153.8,4.5618,0.8889,60.867,701.6,-153.8,False
IFB_0170,emapmo_normal,long,ALL,1.5,1.0,6,False,3,30,551.99,345.2,1.7282,0.6667,18.4,1310.0,-758.01,15,567.0,99.8,2.9471,0.7333,37.8,858.2,-291.2,15,-15.01,345.2,0.9679,0.6,-1.0,451.8,-466.8,False
IFB_0172,emapmo_normal,long,ALL,1.5,1.0,6,True,3,30,551.99,345.2,1.7282,0.6667,18.4,1310.0,-758.01,15,567.0,99.8,2.9471,0.7333,37.8,858.2,-291.2,15,-15.01,345.2,0.9679,0.6,-1.0,451.8,-466.8,False
IFB_1105,kdjma,long,RTH,1.0,0.75,6,False,1,24,16.8,270.4,1.0198,0.5833,0.7,864.8,-848.0,16,-24.8,237.2,0.9622,0.5625,-1.55,631.8,-656.6,8,41.6,93.8,1.2173,0.625,5.2,233.0,-191.4,False
IFB_1107,kdjma,long,RTH,1.0,0.75,6,True,1,24,16.8,270.4,1.0198,0.5833,0.7,864.8,-848.0,16,-24.8,237.2,0.9622,0.5625,-1.55,631.8,-656.6,8,41.6,93.8,1.2173,0.625,5.2,233.0,-191.4,False
IFB_0550,emapmo_early,both,RTH,1.0,1.0,24,False,3,73,676.6,748.8,1.2059,0.5753,9.268,3962.4,-3285.8,50,-100.0,748.8,0.9605,0.48,-2.0,2434.8,-2534.8,23,776.6,409.6,2.0341,0.7826,33.765,1527.6,-751.0,False
IFB_0552,emapmo_early,both,RTH,1.0,1.0,24,True,3,73,676.6,748.8,1.2059,0.5753,9.268,3962.4,-3285.8,50,-100.0,748.8,0.9605,0.48,-2.0,2434.8,-2534.8,23,776.6,409.6,2.0341,0.7826,33.765,1527.6,-751.0,False
IFB_0524,emapmo_early,both,PRE_RTH,1.5,1.5,12,True,3,77,559.4,1315.8,1.1172,0.5584,7.265,5332.6,-4773.2,56,627.2,1068.0,1.1978,0.5357,11.2,3798.0,-3170.8,21,-67.8,1010.6,0.9577,0.619,-3.229,1534.6,-1602.4,False
IFB_0270,emapmo_normal,long,RTH,1.5,1.0,12,False,3,12,500.4,183.8,2.3052,0.75,41.7,883.8,-383.4,7,513.4,87.8,6.8474,0.8571,73.343,601.2,-87.8,5,-13.0,183.8,0.956,0.6,-2.6,282.6,-295.6,False
IFB_0272,emapmo_normal,long,RTH,1.5,1.0,12,True,3,12,500.4,183.8,2.3052,0.75,41.7,883.8,-383.4,7,513.4,87.8,6.8474,0.8571,73.343,601.2,-87.8,5,-13.0,183.8,0.956,0.6,-2.6,282.6,-295.6,False
IFB_0162,emapmo_normal,long,ALL,1.0,1.0,12,False,3,30,588.0,231.2,1.8126,0.6,19.6,1311.6,-723.6,15,609.0,117.8,3.4438,0.7333,40.6,858.2,-249.2,15,-21.0,231.2,0.9557,0.4667,-1.4,453.4,-474.4,True
IFB_0164,emapmo_normal,long,ALL,1.0,1.0,12,True,3,30,588.0,231.2,1.8126,0.6,19.6,1311.6,-723.6,15,609.0,117.8,3.4438,0.7333,40.6,858.2,-249.2,15,-21.0,231.2,0.9557,0.4667,-1.4,453.4,-474.4,True
IFB_0174,emapmo_normal,long,ALL,1.5,1.0,12,False,3,30,702.0,329.4,1.9535,0.7,23.4,1438.2,-736.2,15,729.0,87.8,4.8088,0.8,48.6,920.4,-191.4,15,-27.0,329.4,0.9504,0.6,-1.8,517.8,-544.8,False
IFB_0176,emapmo_normal,long,ALL,1.5,1.0,12,True,3,30,702.0,329.4,1.9535,0.7,23.4,1438.2,-736.2,15,729.0,87.8,4.8088,0.8,48.6,920.4,-191.4,15,-27.0,329.4,0.9504,0.6,-1.8,517.8,-544.8,False
IFB_0309,emapmo_normal,short,ALL,1.0,1.0,24,False,1,28,679.6,137.4,2.2232,0.5714,24.271,1235.2,-555.6,18,-26.4,137.4,0.9378,0.5,-1.467,397.8,-424.2,10,706.0,103.6,6.3729,0.7,70.6,837.4,-131.4,False
IFB_0311,emapmo_normal,short,ALL,1.0,1.0,24,True,1,28,679.6,137.4,2.2232,0.5714,24.271,1235.2,-555.6,18,-26.4,137.4,0.9378,0.5,-1.467,397.8,-424.2,10,706.0,103.6,6.3729,0.7,70.6,837.4,-131.4,False
IFB_0009,emapmo_normal,both,ALL,1.0,0.75,24,False,1,38,215.6,277.4,1.2719,0.5789,5.674,1008.4,-792.8,27,-42.6,256.2,0.9308,0.5556,-1.578,573.0,-615.6,11,258.2,103.6,2.4571,0.6364,23.473,435.4,-177.2,False
IFB_0011,emapmo_normal,both,ALL,1.0,0.75,24,True,1,38,215.6,277.4,1.2719,0.5789,5.674,1008.4,-792.8,27,-42.6,256.2,0.9308,0.5556,-1.578,573.0,-615.6,11,258.2,103.6,2.4571,0.6364,23.473,435.4,-177.2,False
IFB_0222,emapmo_normal,long,PRE_RTH,1.5,1.0,12,False,3,15,615.0,265.6,2.322,0.7333,41.0,1080.2,-465.2,8,641.6,87.8,8.3075,0.875,80.2,729.4,-87.8,7,-26.6,265.6,0.9295,0.5714,-3.8,350.8,-377.4,False
IFB_0224,emapmo_normal,long,PRE_RTH,1.5,1.0,12,True,3,15,615.0,265.6,2.322,0.7333,41.0,1080.2,-465.2,8,641.6,87.8,8.3075,0.875,80.2,729.4,-87.8,7,-26.6,265.6,0.9295,0.5714,-3.8,350.8,-377.4,False
IFB_0469,emapmo_early,both,ALL,1.5,1.5,6,False,1,40,298.0,392.4,1.2551,0.5,7.45,1466.0,-1168.0,28,-82.4,392.4,0.9225,0.4286,-2.943,980.4,-1062.8,12,380.4,51.8,4.6161,0.6667,31.7,485.6,-105.2,False
IFB_0471,emapmo_early,both,ALL,1.5,1.5,6,True,1,40,298.0,392.4,1.2551,0.5,7.45,1466.0,-1168.0,28,-82.4,392.4,0.9225,0.4286,-2.943,980.4,-1062.8,12,380.4,51.8,4.6161,0.6667,31.7,485.6,-105.2,False
IFB_0822,emapmo_early,short,RTH,1.0,0.75,12,False,3,48,291.6,454.0,1.1743,0.6458,6.075,1964.2,-1672.6,31,-99.8,454.0,0.9205,0.5806,-3.219,1155.6,-1255.4,17,391.4,167.4,1.9382,0.7647,23.024,808.6,-417.2,False
IFB_0824,emapmo_early,short,RTH,1.0,0.75,12,True,3,48,291.6,454.0,1.1743,0.6458,6.075,1964.2,-1672.6,31,-99.8,454.0,0.9205,0.5806,-3.219,1155.6,-1255.4,17,391.4,167.4,1.9382,0.7647,23.024,808.6,-417.2,False
IFB_0826,emapmo_early,short,RTH,1.0,0.75,24,False,3,48,291.6,454.0,1.1743,0.6458,6.075,1964.2,-1672.6,31,-99.8,454.0,0.9205,0.5806,-3.219,1155.6,-1255.4,17,391.4,167.4,1.9382,0.7647,23.024,808.6,-417.2,False
IFB_0828,emapmo_early,short,RTH,1.0,0.75,24,True,3,48,291.6,454.0,1.1743,0.6458,6.075,1964.2,-1672.6,31,-99.8,454.0,0.9205,0.5806,-3.219,1155.6,-1255.4,17,391.4,167.4,1.9382,0.7647,23.024,808.6,-417.2,False
IFB_0025,emapmo_normal,both,ALL,1.5,1.0,6,False,1,38,5.59,308.41,1.0059,0.5263,0.147,956.0,-950.41,27,-66.6,281.8,0.9175,0.5556,-2.467,741.0,-807.6,11,72.19,83.4,1.5055,0.4545,6.563,215.0,-142.81,False
IFB_0027,emapmo_normal,both,ALL,1.5,1.0,6,True,1,38,5.59,308.41,1.0059,0.5263,0.147,956.0,-950.41,27,-66.6,281.8,0.9175,0.5556,-2.467,741.0,-807.6,11,72.19,83.4,1.5055,0.4545,6.563,215.0,-142.81,False
IFB_0450,emapmo_early,both,ALL,1.0,1.0,12,False,3,112,330.4,615.4,1.1023,0.5625,2.95,3558.6,-3228.2,78,-230.4,615.4,0.9135,0.5,-2.954,2431.8,-2662.2,34,560.8,283.0,1.9908,0.7059,16.494,1126.8,-566.0,False
IFB_0452,emapmo_early,both,ALL,1.0,1.0,12,True,3,112,330.4,615.4,1.1023,0.5625,2.95,3558.6,-3228.2,78,-230.4,615.4,0.9135,0.5,-2.954,2431.8,-2662.2,34,560.8,283.0,1.9908,0.7059,16.494,1126.8,-566.0,False
IFB_0518,emapmo_early,both,PRE_RTH,1.5,1.5,6,False,3,81,-37.8,1387.6,0.9916,0.4815,-0.467,4483.8,-4521.6,58,-316.4,1387.6,0.9084,0.431,-5.455,3139.0,-3455.4,23,278.6,529.6,1.2613,0.6087,12.113,1344.8,-1066.2,False
IFB_0520,emapmo_early,both,PRE_RTH,1.5,1.5,6,True,3,81,-37.8,1387.6,0.9916,0.4815,-0.467,4483.8,-4521.6,58,-316.4,1387.6,0.9084,0.431,-5.455,3139.0,-3455.4,23,278.6,529.6,1.2613,0.6087,12.113,1344.8,-1066.2,False
IFB_0517,emapmo_early,both,PRE_RTH,1.5,1.5,6,False,1,32,856.4,587.2,1.6705,0.5625,26.763,2133.61,-1277.2,23,-123.4,587.2,0.9034,0.3913,-5.365,1153.8,-1277.2,9,979.8,0.0,999.0,1.0,108.867,979.8,0.0,False
IFB_0519,emapmo_early,both,PRE_RTH,1.5,1.5,6,True,1,32,856.4,587.2,1.6705,0.5625,26.763,2133.61,-1277.2,23,-123.4,587.2,0.9034,0.3913,-5.365,1153.8,-1277.2,9,979.8,0.0,999.0,1.0,108.867,979.8,0.0,False
IFB_0258,emapmo_normal,long,RTH,1.0,1.0,12,False,3,12,518.4,133.6,2.6447,0.6667,43.2,833.6,-315.2,7,543.4,57.8,10.4014,0.8571,77.629,601.2,-57.8,5,-25.0,133.6,0.9029,0.4,-5.0,232.4,-257.4,False
IFB_0260,emapmo_normal,long,RTH,1.0,1.0,12,True,3,12,518.4,133.6,2.6447,0.6667,43.2,833.6,-315.2,7,543.4,57.8,10.4014,0.8571,77.629,601.2,-57.8,5,-25.0,133.6,0.9029,0.4,-5.0,232.4,-257.4,False
IFB_0314,emapmo_normal,short,ALL,1.5,1.0,6,False,3,53,164.6,489.0,1.128,0.6038,3.106,1450.4,-1285.8,37,-104.6,489.0,0.9023,0.5946,-2.827,966.4,-1071.0,16,269.2,131.4,2.2533,0.625,16.825,484.0,-214.8,False
IFB_0316,emapmo_normal,short,ALL,1.5,1.0,6,True,3,53,164.6,489.0,1.128,0.6038,3.106,1450.4,-1285.8,37,-104.6,489.0,0.9023,0.5946,-2.827,966.4,-1071.0,16,269.2,131.4,2.2533,0.625,16.825,484.0,-214.8,False
IFB_0333,emapmo_normal,short,ALL,1.5,1.5,24,False,1,28,997.6,230.6,2.5583,0.6786,35.629,1637.8,-640.2,18,-62.4,230.6,0.8961,0.5556,-3.467,538.0,-600.4,10,1060.0,39.8,27.6332,0.9,106.0,1099.8,-39.8,False
IFB_0335,emapmo_normal,short,ALL,1.5,1.5,24,True,1,28,997.6,230.6,2.5583,0.6786,35.629,1637.8,-640.2,18,-62.4,230.6,0.8961,0.5556,-3.467,538.0,-600.4,10,1060.0,39.8,27.6332,0.9,106.0,1099.8,-39.8,False
IFB_0622,emapmo_early,long,ALL,1.5,1.5,24,False,3,44,84.8,957.0,1.0368,0.5455,1.927,2386.8,-2302.0,26,171.2,651.2,1.1154,0.5,6.585,1654.6,-1483.4,18,-86.4,545.4,0.8945,0.6111,-4.8,732.2,-818.6,False
IFB_0624,emapmo_early,long,ALL,1.5,1.5,24,True,3,44,84.8,957.0,1.0368,0.5455,1.927,2386.8,-2302.0,26,171.2,651.2,1.1154,0.5,6.585,1654.6,-1483.4,18,-86.4,545.4,0.8945,0.6111,-4.8,732.2,-818.6,False
IFB_0846,emapmo_early,short,RTH,1.5,1.0,12,False,3,45,519.0,817.8,1.2454,0.6667,11.533,2634.0,-2115.0,28,-184.4,817.8,0.8873,0.5714,-6.586,1451.2,-1635.6,17,703.4,207.8,2.4673,0.8235,41.376,1182.8,-479.4,False
IFB_0848,emapmo_early,short,RTH,1.5,1.0,12,True,3,45,519.0,817.8,1.2454,0.6667,11.533,2634.0,-2115.0,28,-184.4,817.8,0.8873,0.5714,-6.586,1451.2,-1635.6,17,703.4,207.8,2.4673,0.8235,41.376,1182.8,-479.4,False
IFB_0850,emapmo_early,short,RTH,1.5,1.0,24,False,3,45,519.0,817.8,1.2454,0.6667,11.533,2634.0,-2115.0,28,-184.4,817.8,0.8873,0.5714,-6.586,1451.2,-1635.6,17,703.4,207.8,2.4673,0.8235,41.376,1182.8,-479.4,False
IFB_0852,emapmo_early,short,RTH,1.5,1.0,24,True,3,45,519.0,817.8,1.2454,0.6667,11.533,2634.0,-2115.0,28,-184.4,817.8,0.8873,0.5714,-6.586,1451.2,-1635.6,17,703.4,207.8,2.4673,0.8235,41.376,1182.8,-479.4,False
IFB_0329,emapmo_normal,short,ALL,1.5,1.5,12,False,1,28,457.6,236.6,1.6714,0.5714,16.343,1139.2,-681.6,18,-68.4,236.6,0.8868,0.5,-3.8,535.8,-604.2,10,526.0,39.8,7.7959,0.7,52.6,603.4,-77.4,False
IFB_0331,emapmo_normal,short,ALL,1.5,1.5,12,True,1,28,457.6,236.6,1.6714,0.5714,16.343,1139.2,-681.6,18,-68.4,236.6,0.8868,0.5,-3.8,535.8,-604.2,10,526.0,39.8,7.7959,0.7,52.6,603.4,-77.4,False
IFB_0182,emapmo_normal,long,ALL,1.5,1.5,6,False,3,30,563.99,345.2,1.5866,0.5667,18.8,1525.4,-961.4,15,627.0,117.2,2.5413,0.6,41.8,1033.8,-406.8,15,-63.01,345.2,0.8864,0.5333,-4.2,491.6,-554.6,False
IFB_0184,emapmo_normal,long,ALL,1.5,1.5,6,True,3,30,563.99,345.2,1.5866,0.5667,18.8,1525.4,-961.4,15,627.0,117.2,2.5413,0.6,41.8,1033.8,-406.8,15,-63.01,345.2,0.8864,0.5333,-4.2,491.6,-554.6,False
IFB_0158,emapmo_normal,long,ALL,1.0,1.0,6,False,3,30,558.0,259.0,1.8115,0.6,18.6,1245.6,-687.6,15,609.0,117.8,3.4438,0.7333,40.6,858.2,-249.2,15,-51.0,259.0,0.8837,0.4667,-3.4,387.4,-438.4,True
IFB_0160,emapmo_normal,long,ALL,1.0,1.0,6,True,3,30,558.0,259.0,1.8115,0.6,18.6,1245.6,-687.6,15,609.0,117.8,3.4438,0.7333,40.6,858.2,-249.2,15,-51.0,259.0,0.8837,0.4667,-3.4,387.4,-438.4,True
IFB_1093,kdjma,long,PRE_RTH,1.5,1.5,6,False,1,33,-101.4,656.6,0.9379,0.5152,-3.073,1531.4,-1632.8,23,-165.4,656.6,0.8805,0.4783,-7.191,1218.2,-1383.6,10,64.0,121.6,1.2568,0.6,6.4,313.2,-249.2,False
IFB_1095,kdjma,long,PRE_RTH,1.5,1.5,6,True,1,33,-101.4,656.6,0.9379,0.5152,-3.073,1531.4,-1632.8,23,-165.4,656.6,0.8805,0.4783,-7.191,1218.2,-1383.6,10,64.0,121.6,1.2568,0.6,6.4,313.2,-249.2,False
IFB_0494,emapmo_early,both,PRE_RTH,1.0,1.0,6,False,3,85,721.0,670.2,1.235,0.5647,8.482,3789.6,-3068.6,61,-333.8,670.2,0.8767,0.4754,-5.472,2373.8,-2707.6,24,1054.8,141.8,3.9219,0.7917,43.95,1415.8,-361.0,False
IFB_0496,emapmo_early,both,PRE_RTH,1.0,1.0,6,True,3,85,721.0,670.2,1.235,0.5647,8.482,3789.6,-3068.6,61,-333.8,670.2,0.8767,0.4754,-5.472,2373.8,-2707.6,24,1054.8,141.8,3.9219,0.7917,43.95,1415.8,-361.0,False
IFB_0570,emapmo_early,both,RTH,1.5,1.5,12,False,3,68,353.6,860.4,1.0747,0.5441,5.2,5085.4,-4731.8,47,583.4,809.6,1.1977,0.5319,12.413,3535.0,-2951.6,21,-229.8,843.6,0.8709,0.5714,-10.943,1550.4,-1780.2,False
IFB_0572,emapmo_early,both,RTH,1.5,1.5,12,True,3,68,353.6,860.4,1.0747,0.5441,5.2,5085.4,-4731.8,47,583.4,809.6,1.1977,0.5319,12.413,3535.0,-2951.6,21,-229.8,843.6,0.8709,0.5714,-10.943,1550.4,-1780.2,False
IFB_0454,emapmo_early,both,ALL,1.0,1.0,24,False,3,112,66.4,741.4,1.0195,0.5536,0.593,3466.4,-3400.0,77,-358.6,741.4,0.869,0.5065,-4.657,2377.8,-2736.4,35,425.0,316.2,1.6404,0.6571,12.143,1088.6,-663.6,False
IFB_0456,emapmo_early,both,ALL,1.0,1.0,24,True,3,112,66.4,741.4,1.0195,0.5536,0.593,3466.4,-3400.0,77,-358.6,741.4,0.869,0.5065,-4.657,2377.8,-2736.4,35,425.0,316.2,1.6404,0.6571,12.143,1088.6,-663.6,False
IFB_1117,kdjma,long,RTH,1.0,1.0,6,False,1,24,-97.2,259.8,0.9083,0.5,-4.05,962.4,-1059.6,16,-60.8,224.6,0.9227,0.5,-3.8,725.6,-786.4,8,-36.4,175.6,0.8668,0.5,-4.55,236.8,-273.2,False
IFB_1119,kdjma,long,RTH,1.0,1.0,6,True,1,24,-97.2,259.8,0.9083,0.5,-4.05,962.4,-1059.6,16,-60.8,224.6,0.9227,0.5,-3.8,725.6,-786.4,8,-36.4,175.6,0.8668,0.5,-4.55,236.8,-273.2,False
IFB_0690,emapmo_early,long,RTH,1.0,1.0,12,False,3,29,-158.2,409.6,0.9043,0.4828,-5.455,1494.8,-1653.0,20,-154.0,357.2,0.866,0.4,-7.7,995.6,-1149.6,9,-4.2,409.6,0.9917,0.6667,-0.467,499.2,-503.4,False
IFB_0692,emapmo_early,long,RTH,1.0,1.0,12,True,3,29,-158.2,409.6,0.9043,0.4828,-5.455,1494.8,-1653.0,20,-154.0,357.2,0.866,0.4,-7.7,995.6,-1149.6,9,-4.2,409.6,0.9917,0.6667,-0.467,499.2,-503.4,False
IFB_0702,emapmo_early,long,RTH,1.5,1.0,12,False,3,26,285.2,594.8,1.1919,0.6538,10.969,1771.4,-1486.2,18,363.6,385.0,1.4002,0.6111,20.2,1272.2,-908.6,8,-78.4,467.4,0.8643,0.75,-9.8,499.2,-577.6,False
IFB_0704,emapmo_early,long,RTH,1.5,1.0,12,True,3,26,285.2,594.8,1.1919,0.6538,10.969,1771.4,-1486.2,18,363.6,385.0,1.4002,0.6111,20.2,1272.2,-908.6,8,-78.4,467.4,0.8643,0.75,-9.8,499.2,-577.6,False
IFB_0706,emapmo_early,long,RTH,1.5,1.0,24,False,3,24,172.8,624.8,1.1177,0.625,7.2,1641.0,-1468.2,16,251.2,415.0,1.2821,0.5625,15.7,1141.8,-890.6,8,-78.4,467.4,0.8643,0.75,-9.8,499.2,-577.6,False
IFB_0708,emapmo_early,long,RTH,1.5,1.0,24,True,3,24,172.8,624.8,1.1177,0.625,7.2,1641.0,-1468.2,16,251.2,415.0,1.2821,0.5625,15.7,1141.8,-890.6,8,-78.4,467.4,0.8643,0.75,-9.8,499.2,-577.6,False
IFB_0193,emapmo_normal,long,PRE_RTH,1.0,0.75,6,False,1,11,432.2,57.8,3.5818,0.7273,39.291,599.6,-167.4,7,447.4,57.8,8.7405,0.8571,63.914,505.2,-57.8,4,-15.2,57.8,0.8613,0.5,-3.8,94.4,-109.6,False
IFB_0195,emapmo_normal,long,PRE_RTH,1.0,0.75,6,True,1,11,432.2,57.8,3.5818,0.7273,39.291,599.6,-167.4,7,447.4,57.8,8.7405,0.8571,63.914,505.2,-57.8,4,-15.2,57.8,0.8613,0.5,-3.8,94.4,-109.6,False
IFB_0638,emapmo_early,long,PRE_RTH,1.0,1.0,6,False,3,33,-149.4,565.8,0.9118,0.4545,-4.527,1545.0,-1694.4,24,-97.2,479.8,0.9263,0.4167,-4.05,1222.0,-1319.2,9,-52.2,331.0,0.8609,0.5556,-5.8,323.0,-375.2,False
IFB_0640,emapmo_early,long,PRE_RTH,1.0,1.0,6,True,3,33,-149.4,565.8,0.9118,0.4545,-4.527,1545.0,-1694.4,24,-97.2,479.8,0.9263,0.4167,-4.05,1222.0,-1319.2,9,-52.2,331.0,0.8609,0.5556,-5.8,323.0,-375.2,False
IFB_0642,emapmo_early,long,PRE_RTH,1.0,1.0,12,False,3,32,10.4,454.6,1.006,0.5,0.325,1745.2,-1734.8,23,80.6,357.2,1.0655,0.4348,3.504,1312.0,-1231.4,9,-70.2,409.6,0.8605,0.6667,-7.8,433.2,-503.4,False
IFB_0644,emapmo_early,long,PRE_RTH,1.0,1.0,12,True,3,32,10.4,454.6,1.006,0.5,0.325,1745.2,-1734.8,23,80.6,357.2,1.0655,0.4348,3.504,1312.0,-1231.4,9,-70.2,409.6,0.8605,0.6667,-7.8,433.2,-503.4,False
IFB_0646,emapmo_early,long,PRE_RTH,1.0,1.0,24,False,3,32,-79.6,536.8,0.9564,0.5,-2.487,1745.2,-1824.8,23,-9.4,439.4,0.9929,0.4348,-0.409,1312.0,-1321.4,9,-70.2,409.6,0.8605,0.6667,-7.8,433.2,-503.4,False
IFB_0648,emapmo_early,long,PRE_RTH,1.0,1.0,24,True,3,32,-79.6,536.8,0.9564,0.5,-2.487,1745.2,-1824.8,23,-9.4,439.4,0.9929,0.4348,-0.409,1312.0,-1321.4,9,-70.2,409.6,0.8605,0.6667,-7.8,433.2,-503.4,False
IFB_0862,emapmo_early,short,RTH,1.5,1.5,24,False,3,42,212.4,1086.8,1.0757,0.5238,5.057,3018.4,-2806.0,28,-298.4,1086.8,0.8573,0.4643,-10.657,1792.6,-2091.0,14,510.8,443.4,1.7144,0.6429,36.486,1225.8,-715.0,False
IFB_0864,emapmo_early,short,RTH,1.5,1.5,24,True,3,42,212.4,1086.8,1.0757,0.5238,5.057,3018.4,-2806.0,28,-298.4,1086.8,0.8573,0.4643,-10.657,1792.6,-2091.0,14,510.8,443.4,1.7144,0.6429,36.486,1225.8,-715.0,False
IFB_0005,emapmo_normal,both,ALL,1.0,0.75,12,False,1,38,-42.4,284.4,0.9468,0.5526,-1.116,754.2,-796.6,27,-90.6,256.2,0.8537,0.5185,-3.356,528.8,-619.4,11,48.2,103.6,1.272,0.6364,4.382,225.4,-177.2,False
IFB_0007,emapmo_normal,both,ALL,1.0,0.75,12,True,1,38,-42.4,284.4,0.9468,0.5526,-1.116,754.2,-796.6,27,-90.6,256.2,0.8537,0.5185,-3.356,528.8,-619.4,11,48.2,103.6,1.272,0.6364,4.382,225.4,-177.2,False
IFB_0001,emapmo_normal,both,ALL,1.0,0.75,6,False,1,38,-54.4,307.4,0.9325,0.5263,-1.432,752.0,-806.4,27,-90.6,256.2,0.8537,0.5185,-3.356,528.8,-619.4,11,36.2,103.6,1.1936,0.5455,3.291,223.2,-187.0,False
IFB_0003,emapmo_normal,both,ALL,1.0,0.75,6,True,1,38,-54.4,307.4,0.9325,0.5263,-1.432,752.0,-806.4,27,-90.6,256.2,0.8537,0.5185,-3.356,528.8,-619.4,11,36.2,103.6,1.1936,0.5455,3.291,223.2,-187.0,False
IFB_0737,emapmo_early,short,ALL,1.0,1.0,12,False,1,28,-64.4,279.6,0.935,0.5357,-2.3,927.0,-991.4,18,-98.4,279.6,0.8519,0.5,-5.467,565.8,-664.2,10,34.0,157.6,1.1039,0.6,3.4,361.2,-327.2,False
IFB_0739,emapmo_early,short,ALL,1.0,1.0,12,True,1,28,-64.4,279.6,0.935,0.5357,-2.3,927.0,-991.4,18,-98.4,279.6,0.8519,0.5,-5.467,565.8,-664.2,10,34.0,157.6,1.1039,0.6,3.4,361.2,-327.2,False
IFB_0741,emapmo_early,short,ALL,1.0,1.0,24,False,1,28,-76.4,279.6,0.9229,0.5357,-2.729,915.0,-991.4,18,-98.4,279.6,0.8519,0.5,-5.467,565.8,-664.2,10,22.0,157.6,1.0672,0.6,2.2,349.2,-327.2,False
IFB_0743,emapmo_early,short,ALL,1.0,1.0,24,True,1,28,-76.4,279.6,0.9229,0.5357,-2.729,915.0,-991.4,18,-98.4,279.6,0.8519,0.5,-5.467,565.8,-664.2,10,22.0,157.6,1.0672,0.6,2.2,349.2,-327.2,False
IFB_0253,emapmo_normal,long,RTH,1.0,1.0,6,False,1,10,460.0,123.8,2.9215,0.7,46.0,699.4,-239.4,6,487.2,57.8,9.4291,0.8333,81.2,545.0,-57.8,4,-27.2,123.8,0.8502,0.5,-6.8,154.4,-181.6,False
IFB_0255,emapmo_normal,long,RTH,1.0,1.0,6,True,1,10,460.0,123.8,2.9215,0.7,46.0,699.4,-239.4,6,487.2,57.8,9.4291,0.8333,81.2,545.0,-57.8,4,-27.2,123.8,0.8502,0.5,-6.8,154.4,-181.6,False
IFB_0098,emapmo_normal,both,RTH,1.0,0.75,6,False,3,24,430.8,169.0,1.7294,0.7083,17.95,1021.4,-590.6,17,469.4,163.6,2.4088,0.7647,27.612,802.6,-333.2,7,-38.6,133.6,0.85,0.5714,-5.515,218.8,-257.4,False
IFB_0100,emapmo_normal,both,RTH,1.0,0.75,6,True,3,24,430.8,169.0,1.7294,0.7083,17.95,1021.4,-590.6,17,469.4,163.6,2.4088,0.7647,27.612,802.6,-333.2,7,-38.6,133.6,0.85,0.5714,-5.515,218.8,-257.4,False
IFB_1289,kdjma,short,RTH,1.5,1.5,12,False,1,31,398.2,390.8,1.2534,0.5484,12.845,1969.4,-1571.2,23,476.6,390.8,1.4521,0.6087,20.722,1530.8,-1054.2,8,-78.4,155.4,0.8484,0.375,-9.8,438.6,-517.0,False
IFB_1291,kdjma,short,RTH,1.5,1.5,12,True,1,31,398.2,390.8,1.2534,0.5484,12.845,1969.4,-1571.2,23,476.6,390.8,1.4521,0.6087,20.722,1530.8,-1054.2,8,-78.4,155.4,0.8484,0.375,-9.8,438.6,-517.0,False
IFB_0830,emapmo_early,short,RTH,1.0,1.0,6,False,3,48,627.6,597.0,1.3574,0.5833,13.075,2383.6,-1756.0,30,-228.0,597.0,0.8411,0.4667,-7.6,1206.8,-1434.8,18,855.6,141.8,3.6637,0.7778,47.533,1176.8,-321.2,False
IFB_0832,emapmo_early,short,RTH,1.0,1.0,6,True,3,48,627.6,597.0,1.3574,0.5833,13.075,2383.6,-1756.0,30,-228.0,597.0,0.8411,0.4667,-7.6,1206.8,-1434.8,18,855.6,141.8,3.6637,0.7778,47.533,1176.8,-321.2,False
IFB_0538,emapmo_early,both,RTH,1.0,0.75,24,False,3,75,-153.0,820.8,0.953,0.6,-2.04,3105.0,-3258.0,52,-389.6,820.8,0.839,0.5385,-7.492,2029.6,-2419.2,23,236.6,409.6,1.2821,0.7391,10.287,1075.4,-838.8,False
IFB_0540,emapmo_early,both,RTH,1.0,0.75,24,True,3,75,-153.0,820.8,0.953,0.6,-2.04,3105.0,-3258.0,52,-389.6,820.8,0.839,0.5385,-7.492,2029.6,-2419.2,23,236.6,409.6,1.2821,0.7391,10.287,1075.4,-838.8,False
IFB_0325,emapmo_normal,short,ALL,1.5,1.5,6,False,1,28,127.6,236.6,1.1769,0.5357,4.557,849.0,-721.4,18,-98.4,236.6,0.8371,0.5,-5.467,505.8,-604.2,10,226.0,67.6,2.9283,0.6,22.6,343.2,-117.2,False
IFB_0327,emapmo_normal,short,ALL,1.5,1.5,6,True,1,28,127.6,236.6,1.1769,0.5357,4.557,849.0,-721.4,18,-98.4,236.6,0.8371,0.5,-5.467,505.8,-604.2,10,226.0,67.6,2.9283,0.6,22.6,343.2,-117.2,False
IFB_0810,emapmo_early,short,PRE_RTH,1.5,1.5,12,False,3,51,100.2,1054.6,1.0341,0.5686,1.965,3039.8,-2939.6,35,-331.0,1054.6,0.8347,0.5143,-9.457,1671.6,-2002.6,16,431.2,751.0,1.4602,0.6875,26.95,1368.2,-937.0,False
IFB_0812,emapmo_early,short,PRE_RTH,1.5,1.5,12,True,3,51,64.2,1054.6,1.0218,0.5686,1.259,3003.8,-2939.6,35,-331.0,1054.6,0.8347,0.5143,-9.457,1671.6,-2002.6,16,395.2,751.0,1.4218,0.6875,24.7,1332.2,-937.0,False
IFB_0818,emapmo_early,short,RTH,1.0,0.75,6,False,3,49,263.8,568.0,1.1579,0.6327,5.384,1934.2,-1670.4,31,-213.8,568.0,0.8342,0.5484,-6.897,1075.4,-1289.2,18,477.6,167.4,2.2529,0.7778,26.533,858.8,-381.2,False
IFB_0820,emapmo_early,short,RTH,1.0,0.75,6,True,3,49,263.8,568.0,1.1579,0.6327,5.384,1934.2,-1670.4,31,-213.8,568.0,0.8342,0.5484,-6.897,1075.4,-1289.2,18,477.6,167.4,2.2529,0.7778,26.533,858.8,-381.2,False
IFB_0782,emapmo_early,short,PRE_RTH,1.0,1.0,6,False,3,55,553.0,440.2,1.3269,0.6,10.055,2244.6,-1691.6,37,-236.6,440.2,0.8296,0.5135,-6.395,1151.8,-1388.4,18,789.6,141.8,3.6042,0.7778,43.867,1092.8,-303.2,False
IFB_0784,emapmo_early,short,PRE_RTH,1.0,1.0,6,True,3,55,553.0,440.2,1.3269,0.6,10.055,2244.6,-1691.6,37,-236.6,440.2,0.8296,0.5135,-6.395,1151.8,-1388.4,18,789.6,141.8,3.6042,0.7778,43.867,1092.8,-303.2,False
IFB_0534,emapmo_early,both,RTH,1.0,0.75,12,False,3,75,-189.0,856.8,0.9417,0.5867,-2.52,3054.8,-3243.8,52,-425.6,856.8,0.823,0.5192,-8.185,1979.4,-2405.0,23,236.6,409.6,1.2821,0.7391,10.287,1075.4,-838.8,False
IFB_0536,emapmo_early,both,RTH,1.0,0.75,12,True,3,75,-189.0,856.8,0.9417,0.5867,-2.52,3054.8,-3243.8,52,-425.6,856.8,0.823,0.5192,-8.185,1979.4,-2405.0,23,236.6,409.6,1.2821,0.7391,10.287,1075.4,-838.8,False
IFB_0606,emapmo_early,long,ALL,1.5,1.0,12,False,3,50,-154.0,1090.4,0.9292,0.64,-3.08,2020.4,-2174.4,29,-284.2,816.8,0.8177,0.5172,-9.8,1275.0,-1559.2,21,130.2,545.4,1.2116,0.8095,6.2,745.4,-615.2,False
IFB_0608,emapmo_early,long,ALL,1.5,1.0,12,True,3,50,-154.0,1090.4,0.9292,0.64,-3.08,2020.4,-2174.4,29,-284.2,816.8,0.8177,0.5172,-9.8,1275.0,-1559.2,21,130.2,545.4,1.2116,0.8095,6.2,745.4,-615.2,False
IFB_0198,emapmo_normal,long,PRE_RTH,1.0,0.75,12,False,3,15,429.0,175.6,2.1689,0.6667,28.6,796.0,-367.0,8,485.6,57.8,9.4014,0.875,60.7,543.4,-57.8,7,-56.6,175.6,0.817,0.4286,-8.086,252.6,-309.2,False
IFB_0200,emapmo_normal,long,PRE_RTH,1.0,0.75,12,True,3,15,429.0,175.6,2.1689,0.6667,28.6,796.0,-367.0,8,485.6,57.8,9.4014,0.875,60.7,543.4,-57.8,7,-56.6,175.6,0.817,0.4286,-8.086,252.6,-309.2,False
IFB_0490,emapmo_early,both,PRE_RTH,1.0,0.75,24,False,3,85,61.0,801.2,1.0196,0.6,0.718,3166.2,-3105.2,62,-481.6,801.2,0.8156,0.5323,-7.768,2130.6,-2612.2,23,542.6,167.4,2.1006,0.7826,23.591,1035.6,-493.0,False
IFB_0492,emapmo_early,both,PRE_RTH,1.0,0.75,24,True,3,85,61.0,801.2,1.0196,0.6,0.718,3166.2,-3105.2,62,-481.6,801.2,0.8156,0.5323,-7.768,2130.6,-2612.2,23,542.6,167.4,2.1006,0.7826,23.591,1035.6,-493.0,False
IFB_0566,emapmo_early,both,RTH,1.5,1.5,6,False,3,72,-711.6,1366.99,0.8482,0.4444,-9.883,3976.4,-4688.0,49,-432.2,1202.2,0.8663,0.4286,-8.82,2800.2,-3232.4,23,-279.4,781.4,0.8081,0.4783,-12.148,1176.2,-1455.6,False
IFB_0568,emapmo_early,both,RTH,1.5,1.5,6,True,3,72,-711.6,1366.99,0.8482,0.4444,-9.883,3976.4,-4688.0,49,-432.2,1202.2,0.8663,0.4286,-8.82,2800.2,-3232.4,23,-279.4,781.4,0.8081,0.4783,-12.148,1176.2,-1455.6,False
IFB_0213,emapmo_normal,long,PRE_RTH,1.0,1.0,24,False,1,11,594.2,57.8,4.5496,0.7273,54.018,761.6,-167.4,7,615.4,57.8,11.6471,0.8571,87.914,673.2,-57.8,4,-21.2,57.8,0.8066,0.5,-5.299,88.4,-109.6,False
IFB_0215,emapmo_normal,long,PRE_RTH,1.0,1.0,24,True,1,11,594.2,57.8,4.5496,0.7273,54.018,761.6,-167.4,7,615.4,57.8,11.6471,0.8571,87.914,673.2,-57.8,4,-21.2,57.8,0.8066,0.5,-5.299,88.4,-109.6,False
IFB_0698,emapmo_early,long,RTH,1.5,1.0,6,False,3,30,-246.0,942.2,0.8564,0.5,-8.2,1467.0,-1713.0,21,-151.8,663.6,0.8766,0.4762,-7.229,1078.0,-1229.8,9,-94.2,483.2,0.8051,0.5556,-10.466,389.0,-483.2,False
IFB_0700,emapmo_early,long,RTH,1.5,1.0,6,True,3,30,-246.0,942.2,0.8564,0.5,-8.2,1467.0,-1713.0,21,-151.8,663.6,0.8766,0.4762,-7.229,1078.0,-1229.8,9,-94.2,483.2,0.8051,0.5556,-10.466,389.0,-483.2,False
IFB_0694,emapmo_early,long,RTH,1.0,1.0,24,False,3,29,-248.2,449.0,0.8576,0.4828,-8.559,1494.8,-1743.0,20,-244.0,433.4,0.8032,0.4,-12.2,995.6,-1239.6,9,-4.2,409.6,0.9917,0.6667,-0.467,499.2,-503.4,False
IFB_0696,emapmo_early,long,RTH,1.0,1.0,24,True,3,29,-248.2,449.0,0.8576,0.4828,-8.559,1494.8,-1743.0,20,-244.0,433.4,0.8032,0.4,-12.2,995.6,-1239.6,9,-4.2,409.6,0.9917,0.6667,-0.467,499.2,-503.4,False
IFB_0486,emapmo_early,both,PRE_RTH,1.0,0.75,12,False,3,85,25.0,837.2,1.0081,0.5882,0.294,3116.0,-3091.0,62,-517.6,837.2,0.8008,0.5161,-8.348,2080.4,-2598.0,23,542.6,167.4,2.1006,0.7826,23.591,1035.6,-493.0,False
IFB_0488,emapmo_early,both,PRE_RTH,1.0,0.75,12,True,3,85,25.0,837.2,1.0081,0.5882,0.294,3116.0,-3091.0,62,-517.6,837.2,0.8008,0.5161,-8.348,2080.4,-2598.0,23,542.6,167.4,2.1006,0.7826,23.591,1035.6,-493.0,False
IFB_0561,emapmo_early,both,RTH,1.5,1.0,24,False,1,28,-400.4,1110.2,0.8069,0.5714,-14.3,1673.2,-2073.6,19,-270.2,741.6,0.7987,0.5263,-14.221,1072.0,-1342.2,9,-130.2,503.4,0.822,0.6667,-14.467,601.2,-731.4,False
IFB_0563,emapmo_early,both,RTH,1.5,1.0,24,True,1,28,-400.4,1110.2,0.8069,0.5714,-14.3,1673.2,-2073.6,19,-270.2,741.6,0.7987,0.5263,-14.221,1072.0,-1342.2,9,-130.2,503.4,0.822,0.6667,-14.467,601.2,-731.4,False
IFB_0458,emapmo_early,both,ALL,1.5,1.0,6,False,3,111,52.19,836.2,1.0167,0.5676,0.47,3168.59,-3116.4,77,-544.61,767.61,0.7983,0.5065,-7.073,2155.79,-2700.41,34,596.8,123.2,2.4346,0.7059,17.553,1012.8,-416.0,False
IFB_0460,emapmo_early,both,ALL,1.5,1.0,6,True,3,111,52.19,836.2,1.0167,0.5676,0.47,3168.59,-3116.4,77,-544.61,767.61,0.7983,0.5065,-7.073,2155.79,-2700.41,34,596.8,123.2,2.4346,0.7059,17.553,1012.8,-416.0,False
IFB_0461,emapmo_early,both,ALL,1.5,1.0,12,False,1,40,-19.99,537.4,0.9871,0.625,-0.5,1531.0,-1551.0,28,-268.4,536.39,0.796,0.5357,-9.586,1047.0,-1315.39,12,248.4,153.8,2.0543,0.8333,20.7,484.0,-235.6,False
IFB_0463,emapmo_early,both,ALL,1.5,1.0,12,True,1,40,-19.99,537.4,0.9871,0.625,-0.5,1531.0,-1551.0,28,-268.4,536.39,0.796,0.5357,-9.586,1047.0,-1315.39,12,248.4,153.8,2.0543,0.8333,20.7,484.0,-235.6,False
IFB_0465,emapmo_early,both,ALL,1.5,1.0,24,False,1,40,-74.0,531.4,0.9525,0.65,-1.85,1485.2,-1559.2,28,-262.4,482.4,0.7933,0.5714,-9.371,1007.2,-1269.6,12,188.4,153.8,1.6506,0.8333,15.7,478.0,-289.6,False
IFB_0467,emapmo_early,both,ALL,1.5,1.0,24,True,1,40,-74.0,531.4,0.9525,0.65,-1.85,1485.2,-1559.2,28,-262.4,482.4,0.7933,0.5714,-9.371,1007.2,-1269.6,12,188.4,153.8,1.6506,0.8333,15.7,478.0,-289.6,False
IFB_0542,emapmo_early,both,RTH,1.0,1.0,6,False,3,75,237.0,831.6,1.0721,0.52,3.16,3523.8,-3286.8,51,-559.8,831.6,0.7905,0.4314,-10.976,2112.4,-2672.2,24,796.8,317.4,2.2965,0.7083,33.2,1411.4,-614.6,False
IFB_0544,emapmo_early,both,RTH,1.0,1.0,6,True,3,75,237.0,831.6,1.0721,0.52,3.16,3523.8,-3286.8,51,-559.8,831.6,0.7905,0.4314,-10.976,2112.4,-2672.2,24,796.8,317.4,2.2965,0.7083,33.2,1411.4,-614.6,False
IFB_0505,emapmo_early,both,PRE_RTH,1.5,1.0,6,False,1,32,490.4,593.2,1.3956,0.625,15.325,1730.0,-1239.6,23,-261.4,593.2,0.7891,0.4783,-11.365,978.2,-1239.6,9,751.8,0.0,999.0,1.0,83.534,751.8,0.0,False
IFB_0507,emapmo_early,both,PRE_RTH,1.5,1.0,6,True,1,32,490.4,593.2,1.3956,0.625,15.325,1730.0,-1239.6,23,-261.4,593.2,0.7891,0.4783,-11.365,978.2,-1239.6,9,751.8,0.0,999.0,1.0,83.534,751.8,0.0,False
IFB_0246,emapmo_normal,long,RTH,1.0,0.75,12,False,3,12,338.4,133.6,2.0736,0.6667,28.2,653.6,-315.2,7,393.4,57.8,7.8062,0.8571,56.2,451.2,-57.8,5,-55.0,133.6,0.7863,0.4,-11.0,202.4,-257.4,False
IFB_0248,emapmo_normal,long,RTH,1.0,0.75,12,True,3,12,338.4,133.6,2.0736,0.6667,28.2,653.6,-315.2,7,393.4,57.8,7.8062,0.8571,56.2,451.2,-57.8,5,-55.0,133.6,0.7863,0.4,-11.0,202.4,-257.4,False
IFB_0506,emapmo_early,both,PRE_RTH,1.5,1.0,6,False,3,83,254.6,1417.2,1.0704,0.5783,3.067,3873.6,-3619.0,59,-674.2,1417.2,0.7847,0.4915,-11.427,2457.8,-3132.0,24,928.8,207.8,2.9072,0.7917,38.7,1415.8,-487.0,False
IFB_0508,emapmo_early,both,PRE_RTH,1.5,1.0,6,True,3,83,254.6,1417.2,1.0704,0.5783,3.067,3873.6,-3619.0,59,-674.2,1417.2,0.7847,0.4915,-11.427,2457.8,-3132.0,24,928.8,207.8,2.9072,0.7917,38.7,1415.8,-487.0,False
IFB_0305,emapmo_normal,short,ALL,1.0,1.0,12,False,1,28,241.6,174.8,1.4319,0.5357,8.629,801.0,-559.4,18,-92.4,174.8,0.7841,0.4444,-5.133,335.6,-428.0,10,334.0,103.6,3.5419,0.7,33.4,465.4,-131.4,False
IFB_0307,emapmo_normal,short,ALL,1.0,1.0,12,True,1,28,241.6,174.8,1.4319,0.5357,8.629,801.0,-559.4,18,-92.4,174.8,0.7841,0.4444,-5.133,335.6,-428.0,10,334.0,103.6,3.5419,0.7,33.4,465.4,-131.4,False
IFB_0301,emapmo_normal,short,ALL,1.0,1.0,6,False,1,28,61.6,174.8,1.1082,0.5,2.2,630.8,-569.2,18,-92.4,174.8,0.7841,0.4444,-5.133,335.6,-428.0,10,154.0,103.6,2.0907,0.6,15.4,295.2,-141.2,False
IFB_0303,emapmo_normal,short,ALL,1.0,1.0,6,True,1,28,61.6,174.8,1.1082,0.5,2.2,630.8,-569.2,18,-92.4,174.8,0.7841,0.4444,-5.133,335.6,-428.0,10,154.0,103.6,2.0907,0.6,15.4,295.2,-141.2,False
IFB_0530,emapmo_early,both,RTH,1.0,0.75,6,False,3,76,-156.8,958.8,0.9494,0.5658,-2.063,2944.6,-3101.4,52,-527.6,958.8,0.7826,0.5,-10.146,1899.2,-2426.8,24,370.8,317.4,1.5497,0.7083,15.45,1045.4,-674.6,False
IFB_0532,emapmo_early,both,RTH,1.0,0.75,6,True,3,76,-156.8,958.8,0.9494,0.5658,-2.063,2944.6,-3101.4,52,-527.6,958.8,0.7826,0.5,-10.146,1899.2,-2426.8,24,370.8,317.4,1.5497,0.7083,15.45,1045.4,-674.6,False
IFB_0146,emapmo_normal,long,ALL,1.0,0.75,6,False,3,30,294.0,223.0,1.4376,0.6333,9.8,965.8,-671.8,15,387.0,117.8,2.553,0.7333,25.8,636.2,-249.2,15,-93.0,223.0,0.7799,0.5333,-6.2,329.6,-422.6,False
IFB_0148,emapmo_normal,long,ALL,1.0,0.75,6,True,3,30,294.0,223.0,1.4376,0.6333,9.8,965.8,-671.8,15,387.0,117.8,2.553,0.7333,25.8,636.2,-249.2,15,-93.0,223.0,0.7799,0.5333,-6.2,329.6,-422.6,False
IFB_0150,emapmo_normal,long,ALL,1.0,0.75,12,False,3,30,282.0,231.2,1.3897,0.6,9.4,1005.6,-723.6,15,387.0,117.8,2.553,0.7333,25.8,636.2,-249.2,15,-105.0,231.2,0.7787,0.4667,-7.0,369.4,-474.4,False
IFB_0152,emapmo_normal,long,ALL,1.0,0.75,12,True,3,30,282.0,231.2,1.3897,0.6,9.4,1005.6,-723.6,15,387.0,117.8,2.553,0.7333,25.8,636.2,-249.2,15,-105.0,231.2,0.7787,0.4667,-7.0,369.4,-474.4,False
IFB_0802,emapmo_early,short,PRE_RTH,1.5,1.0,24,False,3,52,684.4,908.4,1.3271,0.6731,13.162,2777.0,-2092.6,35,-385.0,908.4,0.7776,0.5714,-11.0,1346.0,-1731.0,17,1069.4,207.8,3.9574,0.8824,62.906,1431.0,-361.6,False
IFB_0798,emapmo_early,short,PRE_RTH,1.5,1.0,12,False,3,52,558.4,908.4,1.2668,0.6731,10.738,2651.0,-2092.6,35,-385.0,908.4,0.7776,0.5714,-11.0,1346.0,-1731.0,17,943.4,207.8,3.609,0.8824,55.494,1305.0,-361.6,False
IFB_0800,emapmo_early,short,PRE_RTH,1.5,1.0,12,True,3,52,522.4,908.4,1.2496,0.6731,10.046,2615.0,-2092.6,35,-385.0,908.4,0.7776,0.5714,-11.0,1346.0,-1731.0,17,907.4,207.8,3.5094,0.8824,53.376,1269.0,-361.6,False
IFB_0804,emapmo_early,short,PRE_RTH,1.5,1.0,24,True,3,52,522.4,908.4,1.2496,0.6731,10.046,2615.0,-2092.6,35,-385.0,908.4,0.7776,0.5714,-11.0,1346.0,-1731.0,17,907.4,207.8,3.5094,0.8824,53.376,1269.0,-361.6,False
IFB_0781,emapmo_early,short,PRE_RTH,1.0,1.0,6,False,1,21,370.2,242.0,1.5676,0.5714,17.629,1022.4,-652.2,14,-131.2,242.0,0.777,0.4286,-9.371,457.2,-588.4,7,501.4,63.8,8.859,0.8571,71.629,565.2,-63.8,False
IFB_0783,emapmo_early,short,PRE_RTH,1.0,1.0,6,True,1,21,370.2,242.0,1.5676,0.5714,17.629,1022.4,-652.2,14,-131.2,242.0,0.777,0.4286,-9.371,457.2,-588.4,7,501.4,63.8,8.859,0.8571,71.629,565.2,-63.8,False
IFB_0785,emapmo_early,short,PRE_RTH,1.0,1.0,12,False,1,21,214.2,243.0,1.2826,0.5238,10.2,972.2,-758.0,14,-131.2,242.0,0.777,0.4286,-9.371,457.2,-588.4,7,345.4,169.6,3.0366,0.7143,49.343,515.0,-169.6,False
IFB_0787,emapmo_early,short,PRE_RTH,1.0,1.0,12,True,1,21,214.2,243.0,1.2826,0.5238,10.2,972.2,-758.0,14,-131.2,242.0,0.777,0.4286,-9.371,457.2,-588.4,7,345.4,169.6,3.0366,0.7143,49.343,515.0,-169.6,False
IFB_0789,emapmo_early,short,PRE_RTH,1.0,1.0,24,False,1,21,214.2,243.0,1.2826,0.5238,10.2,972.2,-758.0,14,-131.2,242.0,0.777,0.4286,-9.371,457.2,-588.4,7,345.4,169.6,3.0366,0.7143,49.343,515.0,-169.6,False
IFB_0791,emapmo_early,short,PRE_RTH,1.0,1.0,24,True,1,21,214.2,243.0,1.2826,0.5238,10.2,972.2,-758.0,14,-131.2,242.0,0.777,0.4286,-9.371,457.2,-588.4,7,345.4,169.6,3.0366,0.7143,49.343,515.0,-169.6,False
IFB_0725,emapmo_early,short,ALL,1.0,0.75,12,False,1,28,-184.4,381.4,0.7999,0.5714,-6.586,737.2,-921.6,18,-134.4,345.6,0.7739,0.5556,-7.467,460.0,-594.4,10,-50.0,157.6,0.8472,0.6,-5.0,277.2,-327.2,False
IFB_0727,emapmo_early,short,ALL,1.0,0.75,12,True,1,28,-184.4,381.4,0.7999,0.5714,-6.586,737.2,-921.6,18,-134.4,345.6,0.7739,0.5556,-7.467,460.0,-594.4,10,-50.0,157.6,0.8472,0.6,-5.0,277.2,-327.2,False
IFB_0729,emapmo_early,short,ALL,1.0,0.75,24,False,1,28,-184.4,381.4,0.7999,0.5714,-6.586,737.2,-921.6,18,-134.4,345.6,0.7739,0.5556,-7.467,460.0,-594.4,10,-50.0,157.6,0.8472,0.6,-5.0,277.2,-327.2,False
IFB_0731,emapmo_early,short,ALL,1.0,0.75,24,True,1,28,-184.4,381.4,0.7999,0.5714,-6.586,737.2,-921.6,18,-134.4,345.6,0.7739,0.5556,-7.467,460.0,-594.4,10,-50.0,157.6,0.8472,0.6,-5.0,277.2,-327.2,False
IFB_1081,kdjma,long,PRE_RTH,1.5,1.0,6,False,1,33,-107.4,695.6,0.9174,0.6364,-3.255,1192.2,-1299.6,23,-267.4,686.6,0.773,0.5652,-11.626,910.6,-1178.0,10,160.0,121.6,2.3158,0.8,16.0,281.6,-121.6,False
IFB_1083,kdjma,long,PRE_RTH,1.5,1.0,6,True,1,33,-107.4,695.6,0.9174,0.6364,-3.255,1192.2,-1299.6,23,-267.4,686.6,0.773,0.5652,-11.626,910.6,-1178.0,10,160.0,121.6,2.3158,0.8,16.0,281.6,-121.6,False
IFB_1094,kdjma,long,PRE_RTH,1.5,1.5,6,False,3,52,-485.6,1078.4,0.831,0.5192,-9.338,2387.4,-2873.0,35,-517.0,1078.4,0.7729,0.4857,-14.771,1759.4,-2276.4,17,31.4,265.0,1.0526,0.5882,1.847,628.0,-596.6,False
IFB_1096,kdjma,long,PRE_RTH,1.5,1.5,6,True,3,52,-485.6,1078.4,0.831,0.5192,-9.338,2387.4,-2873.0,35,-517.0,1078.4,0.7729,0.4857,-14.771,1759.4,-2276.4,17,31.4,265.0,1.0526,0.5882,1.847,628.0,-596.6,False
IFB_0557,emapmo_early,both,RTH,1.5,1.0,12,False,1,28,-448.4,1158.2,0.7887,0.5714,-16.014,1673.2,-2121.6,19,-318.2,789.6,0.7711,0.5263,-16.747,1072.0,-1390.2,9,-130.2,503.4,0.822,0.6667,-14.467,601.2,-731.4,False
IFB_0559,emapmo_early,both,RTH,1.5,1.0,12,True,1,28,-448.4,1158.2,0.7887,0.5714,-16.014,1673.2,-2121.6,19,-318.2,789.6,0.7711,0.5263,-16.747,1072.0,-1390.2,9,-130.2,503.4,0.822,0.6667,-14.467,601.2,-731.4,False
IFB_0277,emapmo_normal,long,RTH,1.5,1.5,6,False,1,10,328.0,183.8,1.7237,0.6,32.8,781.2,-453.2,6,391.2,181.6,3.1542,0.6667,65.2,572.8,-181.6,4,-63.2,183.8,0.7673,0.5,-15.8,208.4,-271.6,False
IFB_0279,emapmo_normal,long,RTH,1.5,1.5,6,True,1,10,328.0,183.8,1.7237,0.6,32.8,781.2,-453.2,6,391.2,181.6,3.1542,0.6667,65.2,572.8,-181.6,4,-63.2,183.8,0.7673,0.5,-15.8,208.4,-271.6,False
IFB_0554,emapmo_early,both,RTH,1.5,1.0,6,False,3,73,-91.4,1125.4,0.9756,0.5479,-1.252,3658.0,-3749.4,49,-684.2,1125.4,0.7665,0.4694,-13.963,2246.6,-2930.8,24,592.8,425.4,1.7242,0.7083,24.7,1411.4,-818.6,False
IFB_0556,emapmo_early,both,RTH,1.5,1.0,6,True,3,73,-91.4,1125.4,0.9756,0.5479,-1.252,3658.0,-3749.4,49,-684.2,1125.4,0.7665,0.4694,-13.963,2246.6,-2930.8,24,592.8,425.4,1.7242,0.7083,24.7,1411.4,-818.6,False
IFB_0614,emapmo_early,long,ALL,1.5,1.5,6,False,3,50,-238.01,817.6,0.8898,0.46,-4.76,1922.6,-2160.61,31,-375.81,757.8,0.7663,0.3871,-12.123,1232.4,-1608.21,19,137.8,395.4,1.2495,0.5789,7.253,690.2,-552.4,False
IFB_0616,emapmo_early,long,ALL,1.5,1.5,6,True,3,50,-238.01,817.6,0.8898,0.46,-4.76,1922.6,-2160.61,31,-375.81,757.8,0.7663,0.3871,-12.123,1232.4,-1608.21,19,137.8,395.4,1.2495,0.5789,7.253,690.2,-552.4,False
IFB_0482,emapmo_early,both,PRE_RTH,1.0,0.75,6,False,3,86,45.2,825.2,1.0149,0.5814,0.526,3086.0,-3040.8,62,-619.6,825.2,0.7635,0.5,-9.994,2000.2,-2619.8,24,664.8,167.4,2.5791,0.7917,27.7,1085.8,-421.0,False
IFB_0484,emapmo_early,both,PRE_RTH,1.0,0.75,6,True,3,86,45.2,825.2,1.0149,0.5814,0.526,3086.0,-3040.8,62,-619.6,825.2,0.7635,0.5,-9.994,2000.2,-2619.8,24,664.8,167.4,2.5791,0.7917,27.7,1085.8,-421.0,False
IFB_0106,emapmo_normal,both,RTH,1.0,0.75,24,False,3,24,406.8,192.4,1.6888,0.7083,16.95,997.4,-590.6,17,469.4,163.6,2.4088,0.7647,27.612,802.6,-333.2,7,-62.6,157.0,0.7568,0.5714,-8.943,194.8,-257.4,False
IFB_0108,emapmo_normal,both,RTH,1.0,0.75,24,True,3,24,406.8,192.4,1.6888,0.7083,16.95,997.4,-590.6,17,469.4,163.6,2.4088,0.7647,27.612,802.6,-333.2,7,-62.6,157.0,0.7568,0.5714,-8.943,194.8,-257.4,False
IFB_0186,emapmo_normal,long,ALL,1.5,1.5,12,False,3,30,630.0,369.6,1.5762,0.5667,21.0,1723.4,-1093.4,15,801.0,207.2,3.0176,0.6667,53.4,1198.0,-397.0,15,-171.0,369.6,0.7544,0.4667,-11.4,525.4,-696.4,False
IFB_0188,emapmo_normal,long,ALL,1.5,1.5,12,True,3,30,630.0,369.6,1.5762,0.5667,21.0,1723.4,-1093.4,15,801.0,207.2,3.0176,0.6667,53.4,1198.0,-397.0,15,-171.0,369.6,0.7544,0.4667,-11.4,525.4,-696.4,False
IFB_0438,emapmo_early,both,ALL,1.0,0.75,12,False,3,113,-315.4,985.4,0.8987,0.5929,-2.791,2799.4,-3114.8,80,-634.0,946.2,0.7539,0.5375,-7.925,1942.6,-2576.6,33,318.6,256.8,1.592,0.7273,9.655,856.8,-538.2,False
IFB_0440,emapmo_early,both,ALL,1.0,0.75,12,True,3,113,-315.4,985.4,0.8987,0.5929,-2.791,2799.4,-3114.8,80,-634.0,946.2,0.7539,0.5375,-7.925,1942.6,-2576.6,33,318.6,256.8,1.592,0.7273,9.655,856.8,-538.2,False
IFB_0654,emapmo_early,long,PRE_RTH,1.5,1.0,12,False,3,29,411.8,687.0,1.2558,0.6552,14.2,2021.8,-1610.0,21,556.2,455.8,1.5387,0.619,26.486,1588.6,-1032.4,8,-144.4,435.8,0.75,0.75,-18.05,433.2,-577.6,False
IFB_0656,emapmo_early,long,PRE_RTH,1.5,1.0,12,True,3,29,411.8,687.0,1.2558,0.6552,14.2,2021.8,-1610.0,21,556.2,455.8,1.5387,0.619,26.486,1588.6,-1032.4,8,-144.4,435.8,0.75,0.75,-18.05,433.2,-577.6,False
IFB_0658,emapmo_early,long,PRE_RTH,1.5,1.0,24,False,3,27,299.4,717.0,1.1881,0.6296,11.089,1891.4,-1592.0,19,443.8,485.8,1.4375,0.5789,23.358,1458.2,-1014.4,8,-144.4,435.8,0.75,0.75,-18.05,433.2,-577.6,False
IFB_0660,emapmo_early,long,PRE_RTH,1.5,1.0,24,True,3,27,299.4,717.0,1.1881,0.6296,11.089,1891.4,-1592.0,19,443.8,485.8,1.4375,0.5789,23.358,1458.2,-1014.4,8,-144.4,435.8,0.75,0.75,-18.05,433.2,-577.6,False
IFB_0282,emapmo_normal,long,RTH,1.5,1.5,12,False,3,12,404.4,199.6,1.6289,0.5833,33.7,1047.4,-643.0,7,501.4,173.4,2.9314,0.7143,71.629,761.0,-259.6,5,-97.0,199.6,0.747,0.4,-19.4,286.4,-383.4,False
IFB_0284,emapmo_normal,long,RTH,1.5,1.5,12,True,3,12,404.4,199.6,1.6289,0.5833,33.7,1047.4,-643.0,7,501.4,173.4,2.9314,0.7143,71.629,761.0,-259.6,5,-97.0,199.6,0.747,0.4,-19.4,286.4,-383.4,False
IFB_0774,emapmo_early,short,PRE_RTH,1.0,0.75,12,False,3,55,49.0,525.8,1.0277,0.6182,0.891,1814.8,-1765.8,38,-348.4,525.8,0.7451,0.5526,-9.168,1018.2,-1366.6,17,397.4,169.6,1.9955,0.7647,23.376,796.6,-399.2,False
IFB_0776,emapmo_early,short,PRE_RTH,1.0,0.75,12,True,3,55,49.0,525.8,1.0277,0.6182,0.891,1814.8,-1765.8,38,-348.4,525.8,0.7451,0.5526,-9.168,1018.2,-1366.6,17,397.4,169.6,1.9955,0.7647,23.376,796.6,-399.2,False
IFB_0778,emapmo_early,short,PRE_RTH,1.0,0.75,24,False,3,55,49.0,525.8,1.0277,0.6182,0.891,1814.8,-1765.8,38,-348.4,525.8,0.7451,0.5526,-9.168,1018.2,-1366.6,17,397.4,169.6,1.9955,0.7647,23.376,796.6,-399.2,False
IFB_0780,emapmo_early,short,PRE_RTH,1.0,0.75,24,True,3,55,49.0,525.8,1.0277,0.6182,0.891,1814.8,-1765.8,38,-348.4,525.8,0.7451,0.5526,-9.168,1018.2,-1366.6,17,397.4,169.6,1.9955,0.7647,23.376,796.6,-399.2,False
IFB_0662,emapmo_early,long,PRE_RTH,1.5,1.5,6,False,3,33,270.6,1000.0,1.1341,0.4545,8.2,2289.0,-2018.4,24,406.8,801.6,1.2731,0.4583,16.95,1896.2,-1489.4,9,-136.2,425.4,0.7425,0.4444,-15.133,392.8,-529.0,False
IFB_0664,emapmo_early,long,PRE_RTH,1.5,1.5,6,True,3,33,270.6,1000.0,1.1341,0.4545,8.2,2289.0,-2018.4,24,406.8,801.6,1.2731,0.4583,16.95,1896.2,-1489.4,9,-136.2,425.4,0.7425,0.4444,-15.133,392.8,-529.0,False
IFB_0682,emapmo_early,long,RTH,1.0,0.75,24,False,3,30,-420.0,562.4,0.7481,0.5333,-14.0,1247.2,-1667.2,21,-289.8,435.0,0.751,0.4762,-13.8,874.0,-1163.8,9,-130.2,423.2,0.7414,0.6667,-14.467,373.2,-503.4,False
IFB_0684,emapmo_early,long,RTH,1.0,0.75,24,True,3,30,-420.0,562.4,0.7481,0.5333,-14.0,1247.2,-1667.2,21,-289.8,435.0,0.751,0.4762,-13.8,874.0,-1163.8,9,-130.2,423.2,0.7414,0.6667,-14.467,373.2,-503.4,False
IFB_0161,emapmo_normal,long,ALL,1.0,1.0,12,False,1,18,177.6,261.2,1.4225,0.5556,9.867,598.0,-420.4,11,222.2,157.6,1.8917,0.6364,20.2,471.4,-249.2,7,-44.6,103.6,0.7395,0.4286,-6.371,126.6,-171.2,False
IFB_0163,emapmo_normal,long,ALL,1.0,1.0,12,True,1,18,177.6,261.2,1.4225,0.5556,9.867,598.0,-420.4,11,222.2,157.6,1.8917,0.6364,20.2,471.4,-249.2,7,-44.6,103.6,0.7395,0.4286,-6.371,126.6,-171.2,False
IFB_0165,emapmo_normal,long,ALL,1.0,1.0,24,False,1,18,177.6,261.2,1.4225,0.5556,9.867,598.0,-420.4,11,222.2,157.6,1.8917,0.6364,20.2,471.4,-249.2,7,-44.6,103.6,0.7395,0.4286,-6.371,126.6,-171.2,False
IFB_0167,emapmo_normal,long,ALL,1.0,1.0,24,True,1,18,177.6,261.2,1.4225,0.5556,9.867,598.0,-420.4,11,222.2,157.6,1.8917,0.6364,20.2,471.4,-249.2,7,-44.6,103.6,0.7395,0.4286,-6.371,126.6,-171.2,False
IFB_0565,emapmo_early,both,RTH,1.5,1.5,6,False,1,28,307.61,865.4,1.1985,0.5357,10.986,1857.01,-1549.4,19,-366.2,865.4,0.738,0.4211,-19.274,1031.6,-1397.8,9,673.81,93.8,5.4447,0.7778,74.867,825.4,-151.6,False
IFB_0567,emapmo_early,both,RTH,1.5,1.5,6,True,1,28,307.61,865.4,1.1985,0.5357,10.986,1857.01,-1549.4,19,-366.2,865.4,0.738,0.4211,-19.274,1031.6,-1397.8,9,673.81,93.8,5.4447,0.7778,74.867,825.4,-151.6,False
IFB_0829,emapmo_early,short,RTH,1.0,1.0,6,False,1,18,471.6,404.6,1.75,0.6667,26.2,1100.4,-628.8,11,-167.8,404.6,0.7331,0.4545,-15.255,461.0,-628.8,7,639.4,0.0,999.0,1.0,91.343,639.4,0.0,False
IFB_0831,emapmo_early,short,RTH,1.0,1.0,6,True,1,18,471.6,404.6,1.75,0.6667,26.2,1100.4,-628.8,11,-167.8,404.6,0.7331,0.4545,-15.255,461.0,-628.8,7,639.4,0.0,999.0,1.0,91.343,639.4,0.0,False
IFB_0833,emapmo_early,short,RTH,1.0,1.0,12,False,1,18,315.6,404.6,1.4296,0.6111,17.533,1050.2,-734.6,11,-167.8,404.6,0.7331,0.4545,-15.255,461.0,-628.8,7,483.4,105.8,5.569,0.8571,69.057,589.2,-105.8,False
IFB_0835,emapmo_early,short,RTH,1.0,1.0,12,True,1,18,315.6,404.6,1.4296,0.6111,17.533,1050.2,-734.6,11,-167.8,404.6,0.7331,0.4545,-15.255,461.0,-628.8,7,483.4,105.8,5.569,0.8571,69.057,589.2,-105.8,False
IFB_0837,emapmo_early,short,RTH,1.0,1.0,24,False,1,18,315.6,404.6,1.4296,0.6111,17.533,1050.2,-734.6,11,-167.8,404.6,0.7331,0.4545,-15.255,461.0,-628.8,7,483.4,105.8,5.569,0.8571,69.057,589.2,-105.8,False
IFB_0839,emapmo_early,short,RTH,1.0,1.0,24,True,1,18,315.6,404.6,1.4296,0.6111,17.533,1050.2,-734.6,11,-167.8,404.6,0.7331,0.4545,-15.255,461.0,-628.8,7,483.4,105.8,5.569,0.8571,69.057,589.2,-105.8,False
IFB_0814,emapmo_early,short,PRE_RTH,1.5,1.5,24,False,3,48,417.6,1148.8,1.15,0.5417,8.7,3201.2,-2783.6,34,-585.2,1148.8,0.7323,0.4706,-17.212,1601.2,-2186.4,14,1002.8,443.4,2.6792,0.7143,71.628,1600.0,-597.2,False
IFB_0816,emapmo_early,short,PRE_RTH,1.5,1.5,24,True,3,48,117.6,1148.8,1.0422,0.5417,2.45,2901.2,-2783.6,34,-585.2,1148.8,0.7323,0.4706,-17.212,1601.2,-2186.4,14,702.8,443.4,2.1768,0.7143,50.2,1300.0,-597.2,False
IFB_0686,emapmo_early,long,RTH,1.0,1.0,6,False,3,30,-318.0,528.2,0.8028,0.4333,-10.6,1294.6,-1612.6,21,-331.8,398.0,0.7319,0.381,-15.8,905.6,-1237.4,9,13.8,375.2,1.0368,0.5556,1.534,389.0,-375.2,False
IFB_0688,emapmo_early,long,RTH,1.0,1.0,6,True,3,30,-318.0,528.2,0.8028,0.4333,-10.6,1294.6,-1612.6,21,-331.8,398.0,0.7319,0.381,-15.8,905.6,-1237.4,9,13.8,375.2,1.0368,0.5556,1.534,389.0,-375.2,False
IFB_0854,emapmo_early,short,RTH,1.5,1.5,6,False,3,45,-411.0,1105.8,0.856,0.4889,-9.133,2442.4,-2853.4,28,-508.4,1105.8,0.7277,0.4286,-18.157,1358.4,-1866.8,17,97.4,529.6,1.0987,0.5882,5.729,1084.0,-986.6,False
IFB_0856,emapmo_early,short,RTH,1.5,1.5,6,True,3,45,-411.0,1105.8,0.856,0.4889,-9.133,2442.4,-2853.4,28,-508.4,1105.8,0.7277,0.4286,-18.157,1358.4,-1866.8,17,97.4,529.6,1.0987,0.5882,5.729,1084.0,-986.6,False
IFB_0446,emapmo_early,both,ALL,1.0,1.0,6,False,3,113,-387.41,1014.8,0.88,0.4956,-3.428,2841.2,-3228.6,79,-744.21,960.41,0.7269,0.4557,-9.42,1981.19,-2725.4,34,356.8,248.6,1.7091,0.5882,10.494,860.0,-503.2,False
IFB_0448,emapmo_early,both,ALL,1.0,1.0,6,True,3,113,-387.41,1014.8,0.88,0.4956,-3.428,2841.2,-3228.6,79,-744.21,960.41,0.7269,0.4557,-9.42,1981.19,-2725.4,34,356.8,248.6,1.7091,0.5882,10.494,860.0,-503.2,False
IFB_1142,kdjma,long,RTH,1.5,1.5,6,False,3,35,-337.0,1012.0,0.8503,0.5429,-9.629,1913.8,-2250.8,24,-511.2,1012.0,0.7266,0.5,-21.3,1358.4,-1869.6,11,174.2,135.8,1.457,0.6364,15.836,555.4,-381.2,False
IFB_1144,kdjma,long,RTH,1.5,1.5,6,True,3,35,-337.0,1012.0,0.8503,0.5429,-9.629,1913.8,-2250.8,24,-511.2,1012.0,0.7266,0.5,-21.3,1358.4,-1869.6,11,174.2,135.8,1.457,0.6364,15.836,555.4,-381.2,False
IFB_0666,emapmo_early,long,PRE_RTH,1.5,1.5,12,False,3,28,775.6,825.0,1.423,0.5714,27.7,2609.2,-1833.6,21,958.2,494.0,1.8202,0.5714,45.629,2126.4,-1168.2,7,-182.6,523.6,0.7256,0.5714,-26.086,482.8,-665.4,False
IFB_0668,emapmo_early,long,PRE_RTH,1.5,1.5,12,True,3,28,775.6,825.0,1.423,0.5714,27.7,2609.2,-1833.6,21,958.2,494.0,1.8202,0.5714,45.629,2126.4,-1168.2,7,-182.6,523.6,0.7256,0.5714,-26.086,482.8,-665.4,False
IFB_0670,emapmo_early,long,PRE_RTH,1.5,1.5,24,False,3,25,577.0,869.2,1.3178,0.52,23.08,2392.6,-1815.6,18,759.6,538.2,1.6604,0.5,42.2,1909.8,-1150.2,7,-182.6,523.6,0.7256,0.5714,-26.086,482.8,-665.4,False
IFB_0672,emapmo_early,long,PRE_RTH,1.5,1.5,24,True,3,25,577.0,869.2,1.3178,0.52,23.08,2392.6,-1815.6,18,759.6,538.2,1.6604,0.5,42.2,1909.8,-1150.2,7,-182.6,523.6,0.7256,0.5714,-26.086,482.8,-665.4,False
IFB_0674,emapmo_early,long,RTH,1.0,0.75,6,False,3,30,-396.0,538.4,0.7382,0.4667,-13.2,1116.8,-1512.8,21,-313.8,459.0,0.7242,0.4286,-14.943,823.8,-1137.6,9,-82.2,375.2,0.7809,0.5556,-9.133,293.0,-375.2,False
IFB_0676,emapmo_early,long,RTH,1.0,0.75,6,True,3,30,-396.0,538.4,0.7382,0.4667,-13.2,1116.8,-1512.8,21,-313.8,459.0,0.7242,0.4286,-14.943,823.8,-1137.6,9,-82.2,375.2,0.7809,0.5556,-9.133,293.0,-375.2,False
IFB_0218,emapmo_normal,long,PRE_RTH,1.5,1.0,6,False,3,15,537.0,265.6,2.1543,0.7333,35.8,1002.2,-465.2,8,641.6,87.8,8.3075,0.875,80.2,729.4,-87.8,7,-104.6,265.6,0.7228,0.5714,-14.943,272.8,-377.4,False
IFB_0220,emapmo_normal,long,PRE_RTH,1.5,1.0,6,True,3,15,537.0,265.6,2.1543,0.7333,35.8,1002.2,-465.2,8,641.6,87.8,8.3075,0.875,80.2,729.4,-87.8,7,-104.6,265.6,0.7228,0.5714,-14.943,272.8,-377.4,False
IFB_0497,emapmo_early,both,PRE_RTH,1.0,1.0,12,False,1,32,136.4,465.6,1.0984,0.5,4.263,1523.2,-1386.8,23,-339.4,465.6,0.7212,0.3913,-14.757,877.8,-1217.2,9,475.8,105.8,3.8054,0.7778,52.867,645.4,-169.6,False
IFB_0499,emapmo_early,both,PRE_RTH,1.0,1.0,12,True,1,32,136.4,465.6,1.0984,0.5,4.263,1523.2,-1386.8,23,-339.4,465.6,0.7212,0.3913,-14.757,877.8,-1217.2,9,475.8,105.8,3.8054,0.7778,52.867,645.4,-169.6,False
IFB_0442,emapmo_early,both,ALL,1.0,0.75,24,False,3,113,-447.4,1105.4,0.8655,0.5752,-3.959,2879.0,-3326.4,80,-754.0,1066.2,0.7204,0.5375,-9.425,1942.6,-2696.6,33,306.6,256.8,1.4868,0.6667,9.291,936.4,-629.8,False
IFB_0444,emapmo_early,both,ALL,1.0,0.75,24,True,3,113,-447.4,1105.4,0.8655,0.5752,-3.959,2879.0,-3326.4,80,-754.0,1066.2,0.7204,0.5375,-9.425,1942.6,-2696.6,33,306.6,256.8,1.4868,0.6667,9.291,936.4,-629.8,False
IFB_0206,emapmo_normal,long,PRE_RTH,1.0,1.0,6,False,3,15,585.0,175.6,2.594,0.6667,39.0,952.0,-367.0,8,671.6,57.8,12.6194,0.875,83.95,729.4,-57.8,7,-86.6,175.6,0.7199,0.4286,-12.372,222.6,-309.2,False
IFB_0208,emapmo_normal,long,PRE_RTH,1.0,1.0,6,True,3,15,585.0,175.6,2.594,0.6667,39.0,952.0,-367.0,8,671.6,57.8,12.6194,0.875,83.95,729.4,-57.8,7,-86.6,175.6,0.7199,0.4286,-12.372,222.6,-309.2,False
IFB_0733,emapmo_early,short,ALL,1.0,1.0,6,False,1,28,7.6,375.6,1.009,0.5,0.271,852.8,-845.2,18,-194.4,375.6,0.7191,0.4444,-10.8,497.6,-692.0,10,202.0,79.6,2.3186,0.6,20.2,355.2,-153.2,False
IFB_0735,emapmo_early,short,ALL,1.0,1.0,6,True,1,28,7.6,375.6,1.009,0.5,0.271,852.8,-845.2,18,-194.4,375.6,0.7191,0.4444,-10.8,497.6,-692.0,10,202.0,79.6,2.3186,0.6,20.2,355.2,-153.2,False
IFB_0261,emapmo_normal,long,RTH,1.0,1.0,24,False,1,10,436.0,123.8,2.8212,0.7,43.6,675.4,-239.4,6,487.2,57.8,9.4291,0.8333,81.2,545.0,-57.8,4,-51.2,123.8,0.7181,0.5,-12.799,130.4,-181.6,False
IFB_0263,emapmo_normal,long,RTH,1.0,1.0,24,True,1,10,436.0,123.8,2.8212,0.7,43.6,675.4,-239.4,6,487.2,57.8,9.4291,0.8333,81.2,545.0,-57.8,4,-51.2,123.8,0.7181,0.5,-12.799,130.4,-181.6,False
IFB_0678,emapmo_early,long,RTH,1.0,0.75,12,False,3,30,-456.0,598.4,0.7241,0.5,-15.2,1197.0,-1653.0,21,-325.8,471.0,0.7166,0.4286,-15.514,823.8,-1149.6,9,-130.2,423.2,0.7414,0.6667,-14.467,373.2,-503.4,False
IFB_0680,emapmo_early,long,RTH,1.0,0.75,12,True,3,30,-456.0,598.4,0.7241,0.5,-15.2,1197.0,-1653.0,21,-325.8,471.0,0.7166,0.4286,-15.514,823.8,-1149.6,9,-130.2,423.2,0.7414,0.6667,-14.467,373.2,-503.4,False
IFB_0618,emapmo_early,long,ALL,1.5,1.5,12,False,3,47,73.4,1113.0,1.0305,0.5106,1.562,2482.8,-2409.4,29,321.8,651.2,1.2064,0.5172,11.097,1881.0,-1559.2,18,-248.4,579.2,0.7078,0.5,-13.8,601.8,-850.2,False
IFB_0620,emapmo_early,long,ALL,1.5,1.5,12,True,3,47,73.4,1113.0,1.0305,0.5106,1.562,2482.8,-2409.4,29,321.8,651.2,1.2064,0.5172,11.097,1881.0,-1559.2,18,-248.4,579.2,0.7078,0.5,-13.8,601.8,-850.2,False
IFB_0661,emapmo_early,long,PRE_RTH,1.5,1.5,6,False,1,12,-99.6,541.0,0.8697,0.4167,-8.3,665.0,-764.6,9,-202.2,541.0,0.6986,0.3333,-22.467,468.6,-670.8,3,102.6,93.8,2.0938,0.6667,34.2,196.4,-93.8,False
IFB_0663,emapmo_early,long,PRE_RTH,1.5,1.5,6,True,1,12,-99.6,541.0,0.8697,0.4167,-8.3,665.0,-764.6,9,-202.2,541.0,0.6986,0.3333,-22.467,468.6,-670.8,3,102.6,93.8,2.0938,0.6667,34.2,196.4,-93.8,False
IFB_0457,emapmo_early,both,ALL,1.5,1.0,6,False,1,40,46.0,482.4,1.0403,0.525,1.15,1186.2,-1140.2,28,-322.41,482.4,0.6966,0.4286,-11.514,740.4,-1062.8,12,368.4,51.8,5.7599,0.75,30.7,445.8,-77.4,False
IFB_0459,emapmo_early,both,ALL,1.5,1.0,6,True,1,40,46.0,482.4,1.0403,0.525,1.15,1186.2,-1140.2,28,-322.41,482.4,0.6966,0.4286,-11.514,740.4,-1062.8,12,368.4,51.8,5.7599,0.75,30.7,445.8,-77.4,False
IFB_1146,kdjma,long,RTH,1.5,1.5,12,False,3,35,-649.0,1203.4,0.7633,0.4571,-18.543,2093.2,-2742.2,24,-391.2,1042.0,0.7938,0.4583,-16.3,1506.2,-1897.4,11,-257.8,325.6,0.6948,0.4545,-23.436,587.0,-844.8,False
IFB_1148,kdjma,long,RTH,1.5,1.5,12,True,3,35,-649.0,1203.4,0.7633,0.4571,-18.543,2093.2,-2742.2,24,-391.2,1042.0,0.7938,0.4583,-16.3,1506.2,-1897.4,11,-257.8,325.6,0.6948,0.4545,-23.436,587.0,-844.8,False
IFB_0434,emapmo_early,both,ALL,1.0,0.75,6,False,3,114,-601.21,1108.61,0.8016,0.5439,-5.274,2428.39,-3029.6,80,-778.01,1108.21,0.6932,0.5125,-9.725,1758.19,-2536.2,34,176.8,188.6,1.3583,0.6176,5.2,670.2,-493.4,False
IFB_0436,emapmo_early,both,ALL,1.0,0.75,6,True,3,114,-601.21,1108.61,0.8016,0.5439,-5.274,2428.39,-3029.6,80,-778.01,1108.21,0.6932,0.5125,-9.725,1758.19,-2536.2,34,176.8,188.6,1.3583,0.6176,5.2,670.2,-493.4,False
IFB_0266,emapmo_normal,long,RTH,1.5,1.0,6,False,3,12,422.4,183.8,2.1017,0.75,35.2,805.8,-383.4,7,513.4,87.8,6.8474,0.8571,73.343,601.2,-87.8,5,-91.0,183.8,0.6921,0.6,-18.2,204.6,-295.6,False
IFB_0268,emapmo_normal,long,RTH,1.5,1.0,6,True,3,12,422.4,183.8,2.1017,0.75,35.2,805.8,-383.4,7,513.4,87.8,6.8474,0.8571,73.343,601.2,-87.8,5,-91.0,183.8,0.6921,0.6,-18.2,204.6,-295.6,False
IFB_1194,kdjma,short,ALL,1.5,1.5,12,False,3,120,-1386.0,1514.2,0.7255,0.4417,-11.55,3662.6,-5048.6,86,-1130.8,1492.8,0.6876,0.407,-13.149,2489.0,-3619.8,34,-255.2,408.8,0.8214,0.5294,-7.506,1173.6,-1428.8,False
IFB_1196,kdjma,short,ALL,1.5,1.5,12,True,3,120,-1386.0,1514.2,0.7255,0.4417,-11.55,3662.6,-5048.6,86,-1130.8,1492.8,0.6876,0.407,-13.149,2489.0,-3619.8,34,-255.2,408.8,0.8214,0.5294,-7.506,1173.6,-1428.8,False
IFB_0842,emapmo_early,short,RTH,1.5,1.0,6,False,3,46,191.2,937.8,1.0888,0.587,4.157,2345.4,-2154.2,28,-532.4,937.8,0.687,0.4643,-19.014,1168.6,-1701.0,18,723.6,207.8,2.5966,0.7778,40.2,1176.8,-453.2,False
IFB_0844,emapmo_early,short,RTH,1.5,1.0,6,True,3,46,191.2,937.8,1.0888,0.587,4.157,2345.4,-2154.2,28,-532.4,937.8,0.687,0.4643,-19.014,1168.6,-1701.0,18,723.6,207.8,2.5966,0.7778,40.2,1176.8,-453.2,False
IFB_0610,emapmo_early,long,ALL,1.5,1.0,24,False,3,48,-380.4,1093.6,0.8241,0.625,-7.925,1782.0,-2162.4,26,-464.8,868.0,0.6867,0.5,-17.877,1018.6,-1483.4,22,84.4,545.4,1.1243,0.7727,3.836,763.4,-679.0,False
IFB_0612,emapmo_early,long,ALL,1.5,1.0,24,True,3,48,-380.4,1093.6,0.8241,0.625,-7.925,1782.0,-2162.4,26,-464.8,868.0,0.6867,0.5,-17.877,1018.6,-1483.4,22,84.4,545.4,1.1243,0.7727,3.836,763.4,-679.0,False
IFB_0241,emapmo_normal,long,RTH,1.0,0.75,6,False,1,10,298.0,123.8,2.2448,0.7,29.8,537.4,-239.4,6,355.2,57.8,7.1453,0.8333,59.2,413.0,-57.8,4,-57.2,123.8,0.685,0.5,-14.3,124.4,-181.6,False
IFB_0243,emapmo_normal,long,RTH,1.0,0.75,6,True,1,10,298.0,123.8,2.2448,0.7,29.8,537.4,-239.4,6,355.2,57.8,7.1453,0.8333,59.2,413.0,-57.8,4,-57.2,123.8,0.685,0.5,-14.3,124.4,-181.6,False
IFB_1141,kdjma,long,RTH,1.5,1.5,6,False,1,24,-85.2,441.6,0.9401,0.5417,-3.55,1336.6,-1421.8,16,35.2,321.2,1.0338,0.5625,2.2,1075.8,-1040.6,8,-120.4,253.6,0.6842,0.5,-15.05,260.8,-381.2,False
IFB_1143,kdjma,long,RTH,1.5,1.5,6,True,1,24,-85.2,441.6,0.9401,0.5417,-3.55,1336.6,-1421.8,16,35.2,321.2,1.0338,0.5625,2.2,1075.8,-1040.6,8,-120.4,253.6,0.6842,0.5,-15.05,260.8,-381.2,False
IFB_1069,kdjma,long,PRE_RTH,1.0,1.0,6,False,1,33,-365.4,680.0,0.7064,0.4545,-11.073,879.0,-1244.4,23,-327.4,680.0,0.6813,0.4348,-14.235,700.0,-1027.4,10,-38.0,96.4,0.8249,0.5,-3.8,179.0,-217.0,False
IFB_1071,kdjma,long,PRE_RTH,1.0,1.0,6,True,1,33,-365.4,680.0,0.7064,0.4545,-11.073,879.0,-1244.4,23,-327.4,680.0,0.6813,0.4348,-14.235,700.0,-1027.4,10,-38.0,96.4,0.8249,0.5,-3.8,179.0,-217.0,False
IFB_0285,emapmo_normal,long,RTH,1.5,1.5,24,False,1,10,328.0,259.6,1.6175,0.6,32.8,859.2,-531.2,6,415.2,259.6,2.5994,0.6667,69.2,674.8,-259.6,4,-87.2,183.8,0.6789,0.5,-21.799,184.4,-271.6,False
IFB_0287,emapmo_normal,long,RTH,1.5,1.5,24,True,1,10,328.0,259.6,1.6175,0.6,32.8,859.2,-531.2,6,415.2,259.6,2.5994,0.6667,69.2,674.8,-259.6,4,-87.2,183.8,0.6789,0.5,-21.799,184.4,-271.6,False
IFB_0321,emapmo_normal,short,ALL,1.5,1.0,24,False,1,28,691.6,276.8,2.0803,0.6786,24.7,1331.8,-640.2,18,-194.4,276.8,0.6762,0.5556,-10.8,406.0,-600.4,10,886.0,39.8,23.2613,0.9,88.6,925.8,-39.8,False
IFB_0323,emapmo_normal,short,ALL,1.5,1.0,24,True,1,28,691.6,276.8,2.0803,0.6786,24.7,1331.8,-640.2,18,-194.4,276.8,0.6762,0.5556,-10.8,406.0,-600.4,10,886.0,39.8,23.2613,0.9,88.6,925.8,-39.8,False
IFB_0501,emapmo_early,both,PRE_RTH,1.0,1.0,24,False,1,32,52.4,549.6,1.0356,0.5,1.638,1523.2,-1470.8,23,-423.4,549.6,0.6746,0.3913,-18.409,877.8,-1301.2,9,475.8,105.8,3.8054,0.7778,52.867,645.4,-169.6,False
IFB_0503,emapmo_early,both,PRE_RTH,1.0,1.0,24,True,1,32,52.4,549.6,1.0356,0.5,1.638,1523.2,-1470.8,23,-423.4,549.6,0.6746,0.3913,-18.409,877.8,-1301.2,9,475.8,105.8,3.8054,0.7778,52.867,645.4,-169.6,False
IFB_0493,emapmo_early,both,PRE_RTH,1.0,1.0,6,False,1,32,244.4,436.6,1.1963,0.5312,7.638,1489.4,-1245.0,23,-387.4,436.6,0.672,0.3913,-16.843,793.8,-1181.2,9,631.8,63.8,10.9028,0.8889,70.2,695.6,-63.8,False
IFB_0495,emapmo_early,both,PRE_RTH,1.0,1.0,6,True,1,32,244.4,436.6,1.1963,0.5312,7.638,1489.4,-1245.0,23,-387.4,436.6,0.672,0.3913,-16.843,793.8,-1181.2,9,631.8,63.8,10.9028,0.8889,70.2,695.6,-63.8,False
IFB_0770,emapmo_early,short,PRE_RTH,1.0,0.75,6,False,3,56,21.2,639.8,1.012,0.6071,0.379,1784.8,-1763.6,38,-462.4,639.8,0.6698,0.5263,-12.168,938.0,-1400.4,18,483.6,167.4,2.3315,0.7778,26.867,846.8,-363.2,False
IFB_0772,emapmo_early,short,PRE_RTH,1.0,0.75,6,True,3,56,21.2,639.8,1.012,0.6071,0.379,1784.8,-1763.6,38,-462.4,639.8,0.6698,0.5263,-12.168,938.0,-1400.4,18,483.6,167.4,2.3315,0.7778,26.867,846.8,-363.2,False
IFB_0297,emapmo_normal,short,ALL,1.0,0.75,24,False,1,28,355.6,204.8,1.64,0.5714,12.7,911.2,-555.6,18,-140.4,204.8,0.669,0.5,-7.8,283.8,-424.2,10,496.0,103.6,4.7747,0.7,49.6,627.4,-131.4,False
IFB_0299,emapmo_normal,short,ALL,1.0,0.75,24,True,1,28,355.6,204.8,1.64,0.5714,12.7,911.2,-555.6,18,-140.4,204.8,0.669,0.5,-7.8,283.8,-424.2,10,496.0,103.6,4.7747,0.7,49.6,627.4,-131.4,False
IFB_0650,emapmo_early,long,PRE_RTH,1.5,1.0,6,False,3,33,-119.4,1021.8,0.935,0.5152,-3.618,1717.4,-1836.8,24,40.8,787.4,1.0301,0.5,1.7,1394.4,-1353.6,9,-160.2,439.0,0.6685,0.5556,-17.8,323.0,-483.2,False
IFB_0652,emapmo_early,long,PRE_RTH,1.5,1.0,6,True,3,33,-119.4,1021.8,0.935,0.5152,-3.618,1717.4,-1836.8,24,40.8,787.4,1.0301,0.5,1.7,1394.4,-1353.6,9,-160.2,439.0,0.6685,0.5556,-17.8,323.0,-483.2,False
IFB_1082,kdjma,long,PRE_RTH,1.5,1.0,6,False,3,52,-629.6,1318.4,0.7521,0.5962,-12.108,1910.2,-2539.8,35,-703.0,1318.4,0.6605,0.5429,-20.086,1367.8,-2070.8,17,73.4,225.2,1.1565,0.7059,4.318,542.4,-469.0,False
IFB_1084,kdjma,long,PRE_RTH,1.5,1.0,6,True,3,52,-629.6,1318.4,0.7521,0.5962,-12.108,1910.2,-2539.8,35,-703.0,1318.4,0.6605,0.5429,-20.086,1367.8,-2070.8,17,73.4,225.2,1.1565,0.7059,4.318,542.4,-469.0,False
IFB_0226,emapmo_normal,long,PRE_RTH,1.5,1.0,24,False,3,15,513.0,265.6,2.1028,0.7333,34.2,978.2,-465.2,8,641.6,87.8,8.3075,0.875,80.2,729.4,-87.8,7,-128.6,265.6,0.6593,0.5714,-18.371,248.8,-377.4,False
IFB_0228,emapmo_normal,long,PRE_RTH,1.5,1.0,24,True,3,15,513.0,265.6,2.1028,0.7333,34.2,978.2,-465.2,8,641.6,87.8,8.3075,0.875,80.2,729.4,-87.8,7,-128.6,265.6,0.6593,0.5714,-18.371,248.8,-377.4,False
IFB_1057,kdjma,long,PRE_RTH,1.0,0.75,6,False,1,33,-299.4,600.4,0.7305,0.5152,-9.073,811.4,-1110.8,23,-225.4,600.4,0.7478,0.5217,-9.8,668.4,-893.8,10,-74.0,120.4,0.659,0.5,-7.4,143.0,-217.0,False
IFB_1059,kdjma,long,PRE_RTH,1.0,0.75,6,True,1,33,-299.4,600.4,0.7305,0.5152,-9.073,811.4,-1110.8,23,-225.4,600.4,0.7478,0.5217,-9.8,668.4,-893.8,10,-74.0,120.4,0.659,0.5,-7.4,143.0,-217.0,False
IFB_0721,emapmo_early,short,ALL,1.0,0.75,6,False,1,28,-88.4,423.6,0.886,0.5357,-3.157,687.0,-775.4,18,-212.4,423.6,0.6586,0.5,-11.8,409.8,-622.2,10,124.0,79.6,1.8094,0.6,12.4,277.2,-153.2,False
IFB_0723,emapmo_early,short,ALL,1.0,0.75,6,True,1,28,-88.4,423.6,0.886,0.5357,-3.157,687.0,-775.4,18,-212.4,423.6,0.6586,0.5,-11.8,409.8,-622.2,10,124.0,79.6,1.8094,0.6,12.4,277.2,-153.2,False
IFB_1070,kdjma,long,PRE_RTH,1.0,1.0,6,False,3,53,-633.4,881.4,0.718,0.4528,-11.951,1612.8,-2246.2,36,-616.8,881.4,0.6554,0.4167,-17.133,1173.0,-1789.8,17,-16.6,235.0,0.9636,0.5294,-0.977,439.8,-456.4,False
IFB_1072,kdjma,long,PRE_RTH,1.0,1.0,6,True,3,53,-633.4,881.4,0.718,0.4528,-11.951,1612.8,-2246.2,36,-616.8,881.4,0.6554,0.4167,-17.133,1173.0,-1789.8,17,-16.6,235.0,0.9636,0.5294,-0.977,439.8,-456.4,False
IFB_1170,kdjma,short,ALL,1.0,1.0,12,False,3,121,-1251.8,1272.0,0.6701,0.4463,-10.345,2542.8,-3794.6,87,-870.6,933.4,0.6769,0.4368,-10.007,1823.6,-2694.2,34,-381.2,472.4,0.6536,0.4706,-11.212,719.2,-1100.4,False
IFB_1172,kdjma,short,ALL,1.0,1.0,12,True,3,121,-1251.8,1272.0,0.6701,0.4463,-10.345,2542.8,-3794.6,87,-870.6,933.4,0.6769,0.4368,-10.007,1823.6,-2694.2,34,-381.2,472.4,0.6536,0.4706,-11.212,719.2,-1100.4,False
IFB_0201,emapmo_normal,long,PRE_RTH,1.0,0.75,24,False,1,11,408.2,57.8,3.4385,0.7273,37.109,575.6,-167.4,7,447.4,57.8,8.7405,0.8571,63.914,505.2,-57.8,4,-39.2,57.8,0.6424,0.5,-9.799,70.4,-109.6,False
IFB_0203,emapmo_normal,long,PRE_RTH,1.0,0.75,24,True,1,11,408.2,57.8,3.4385,0.7273,37.109,575.6,-167.4,7,447.4,57.8,8.7405,0.8571,63.914,505.2,-57.8,4,-39.2,57.8,0.6424,0.5,-9.799,70.4,-109.6,False
IFB_0214,emapmo_normal,long,PRE_RTH,1.0,1.0,24,False,3,15,561.0,175.6,2.5286,0.6667,37.4,928.0,-367.0,8,671.6,57.8,12.6194,0.875,83.95,729.4,-57.8,7,-110.6,175.6,0.6423,0.4286,-15.8,198.6,-309.2,False
IFB_0216,emapmo_normal,long,PRE_RTH,1.0,1.0,24,True,3,15,561.0,175.6,2.5286,0.6667,37.4,928.0,-367.0,8,671.6,57.8,12.6194,0.875,83.95,729.4,-57.8,7,-110.6,175.6,0.6423,0.4286,-15.8,198.6,-309.2,False
IFB_0626,emapmo_early,long,PRE_RTH,1.0,0.75,6,False,3,33,-293.4,594.0,0.816,0.4848,-8.891,1301.2,-1594.6,24,-157.2,465.0,0.8711,0.4583,-6.55,1062.2,-1219.4,9,-136.2,343.0,0.637,0.5556,-15.133,239.0,-375.2,False
IFB_0628,emapmo_early,long,PRE_RTH,1.0,0.75,6,True,3,33,-293.4,594.0,0.816,0.4848,-8.891,1301.2,-1594.6,24,-157.2,465.0,0.8711,0.4583,-6.55,1062.2,-1219.4,9,-136.2,343.0,0.637,0.5556,-15.133,239.0,-375.2,False
IFB_0630,emapmo_early,long,PRE_RTH,1.0,0.75,12,False,3,33,-353.4,672.6,0.7963,0.5152,-10.709,1381.4,-1734.8,24,-169.2,477.0,0.8626,0.4583,-7.05,1062.2,-1231.4,9,-184.2,409.6,0.6341,0.6667,-20.467,319.2,-503.4,False
IFB_0632,emapmo_early,long,PRE_RTH,1.0,0.75,12,True,3,33,-353.4,672.6,0.7963,0.5152,-10.709,1381.4,-1734.8,24,-169.2,477.0,0.8626,0.4583,-7.05,1062.2,-1231.4,9,-184.2,409.6,0.6341,0.6667,-20.467,319.2,-503.4,False
IFB_0634,emapmo_early,long,PRE_RTH,1.0,0.75,24,False,3,33,-317.4,636.6,0.8185,0.5455,-9.618,1431.6,-1749.0,24,-133.2,441.0,0.8931,0.5,-5.55,1112.4,-1245.6,9,-184.2,409.6,0.6341,0.6667,-20.467,319.2,-503.4,False
IFB_0636,emapmo_early,long,PRE_RTH,1.0,0.75,24,True,3,33,-317.4,636.6,0.8185,0.5455,-9.618,1431.6,-1749.0,24,-133.2,441.0,0.8931,0.5,-5.55,1112.4,-1245.6,9,-184.2,409.6,0.6341,0.6667,-20.467,319.2,-503.4,False
IFB_0806,emapmo_early,short,PRE_RTH,1.5,1.5,6,False,3,51,-529.8,1128.6,0.8131,0.4902,-10.388,2305.0,-2834.8,34,-723.2,1128.6,0.6321,0.4118,-21.271,1242.8,-1966.0,17,193.4,529.6,1.2226,0.6471,11.376,1062.2,-868.8,False
IFB_0808,emapmo_early,short,PRE_RTH,1.5,1.5,6,True,3,51,-529.8,1128.6,0.8131,0.4902,-10.388,2305.0,-2834.8,34,-723.2,1128.6,0.6321,0.4118,-21.271,1242.8,-1966.0,17,193.4,529.6,1.2226,0.6471,11.376,1062.2,-868.8,False
IFB_1182,kdjma,short,ALL,1.5,1.0,12,False,3,120,-1548.0,1568.2,0.6595,0.5167,-12.9,2998.4,-4546.4,86,-1028.8,1354.8,0.6748,0.5,-11.963,2134.6,-3163.4,34,-519.2,539.4,0.6246,0.5588,-15.271,863.8,-1383.0,False
IFB_1184,kdjma,short,ALL,1.5,1.0,12,True,3,120,-1548.0,1568.2,0.6595,0.5167,-12.9,2998.4,-4546.4,86,-1028.8,1354.8,0.6748,0.5,-11.963,2134.6,-3163.4,34,-519.2,539.4,0.6246,0.5588,-15.271,863.8,-1383.0,False
IFB_1098,kdjma,long,PRE_RTH,1.5,1.5,12,False,3,52,-743.6,1290.8,0.7787,0.4808,-14.3,2617.0,-3360.6,35,-343.0,1054.4,0.8509,0.4857,-9.8,1957.4,-2300.4,17,-400.6,445.0,0.6221,0.4706,-23.565,659.6,-1060.2,False
IFB_1100,kdjma,long,PRE_RTH,1.5,1.5,12,True,3,52,-743.6,1290.8,0.7787,0.4808,-14.3,2617.0,-3360.6,35,-343.0,1054.4,0.8509,0.4857,-9.8,1957.4,-2300.4,17,-400.6,445.0,0.6221,0.4706,-23.565,659.6,-1060.2,False
IFB_1129,kdjma,long,RTH,1.5,1.0,6,False,1,24,-385.2,703.8,0.7291,0.5417,-16.05,1036.6,-1421.8,16,-240.8,559.4,0.7686,0.5625,-15.05,799.8,-1040.6,8,-144.4,253.6,0.6212,0.5,-18.05,236.8,-381.2,False
IFB_1131,kdjma,long,RTH,1.5,1.0,6,True,1,24,-385.2,703.8,0.7291,0.5417,-16.05,1036.6,-1421.8,16,-240.8,559.4,0.7686,0.5625,-15.05,799.8,-1040.6,8,-144.4,253.6,0.6212,0.5,-18.05,236.8,-381.2,False
IFB_0938,kdjma,both,PRE_RTH,1.5,1.0,6,False,3,102,-1779.6,2155.8,0.6668,0.5196,-17.447,3560.6,-5340.21,71,-1259.8,1713.0,0.6836,0.5211,-17.744,2721.4,-3981.2,31,-519.8,525.0,0.6175,0.5161,-16.768,839.2,-1359.0,False
IFB_0940,kdjma,both,PRE_RTH,1.5,1.0,6,True,3,102,-1779.6,2155.8,0.6668,0.5196,-17.447,3560.6,-5340.21,71,-1259.8,1713.0,0.6836,0.5211,-17.744,2721.4,-3981.2,31,-519.8,525.0,0.6175,0.5161,-16.768,839.2,-1359.0,False
IFB_1118,kdjma,long,RTH,1.0,1.0,6,False,3,36,-418.8,847.8,0.7642,0.4722,-11.633,1357.4,-1776.2,25,-575.0,847.8,0.6174,0.4,-23.0,928.0,-1503.0,11,156.2,93.8,1.5717,0.6364,14.2,429.4,-273.2,False
IFB_1120,kdjma,long,RTH,1.0,1.0,6,True,3,36,-418.8,847.8,0.7642,0.4722,-11.633,1357.4,-1776.2,25,-575.0,847.8,0.6174,0.4,-23.0,928.0,-1503.0,11,156.2,93.8,1.5717,0.6364,14.2,429.4,-273.2,False
IFB_1122,kdjma,long,RTH,1.0,1.0,12,False,3,36,-778.8,979.2,0.6284,0.4167,-21.633,1317.0,-2095.8,25,-575.0,847.8,0.6174,0.4,-23.0,928.0,-1503.0,11,-203.8,241.6,0.6562,0.4545,-18.527,389.0,-592.8,False
IFB_1124,kdjma,long,RTH,1.0,1.0,12,True,3,36,-778.8,979.2,0.6284,0.4167,-21.633,1317.0,-2095.8,25,-575.0,847.8,0.6174,0.4,-23.0,928.0,-1503.0,11,-203.8,241.6,0.6562,0.4545,-18.527,389.0,-592.8,False
IFB_1058,kdjma,long,PRE_RTH,1.0,0.75,6,False,3,53,-621.4,834.0,0.694,0.5094,-11.725,1409.4,-2030.8,36,-634.8,834.0,0.6167,0.4722,-17.633,1021.4,-1656.2,17,13.4,180.4,1.0358,0.5882,0.788,388.0,-374.6,False
IFB_1060,kdjma,long,PRE_RTH,1.0,0.75,6,True,3,53,-621.4,834.0,0.694,0.5094,-11.725,1409.4,-2030.8,36,-634.8,834.0,0.6167,0.4722,-17.633,1021.4,-1656.2,17,13.4,180.4,1.0358,0.5882,0.788,388.0,-374.6,False
IFB_0274,emapmo_normal,long,RTH,1.5,1.0,24,False,3,12,398.4,183.8,2.0391,0.75,33.2,781.8,-383.4,7,513.4,87.8,6.8474,0.8571,73.343,601.2,-87.8,5,-115.0,183.8,0.611,0.6,-23.0,180.6,-295.6,False
IFB_0276,emapmo_normal,long,RTH,1.5,1.0,24,True,3,12,398.4,183.8,2.0391,0.75,33.2,781.8,-383.4,7,513.4,87.8,6.8474,0.8571,73.343,601.2,-87.8,5,-115.0,183.8,0.611,0.6,-23.0,180.6,-295.6,False
IFB_1002,kdjma,both,RTH,1.5,1.5,12,False,3,79,-684.2,1185.8,0.8712,0.4937,-8.661,4627.8,-5312.0,56,9.2,1083.8,1.0026,0.5357,0.164,3540.0,-3530.8,23,-693.4,693.4,0.6107,0.3913,-30.148,1087.8,-1781.2,False
IFB_1004,kdjma,both,RTH,1.5,1.5,12,True,3,79,-684.2,1185.8,0.8712,0.4937,-8.661,4627.8,-5312.0,56,9.2,1083.8,1.0026,0.5357,0.164,3540.0,-3530.8,23,-693.4,693.4,0.6107,0.3913,-30.148,1087.8,-1781.2,False
IFB_0553,emapmo_early,both,RTH,1.5,1.0,6,False,1,28,-40.4,865.4,0.9737,0.5714,-1.443,1493.2,-1533.6,19,-540.2,865.4,0.6091,0.4737,-28.432,841.8,-1382.0,9,499.8,93.8,4.2969,0.7778,55.534,651.4,-151.6,False
IFB_0555,emapmo_early,both,RTH,1.5,1.0,6,True,1,28,-40.4,865.4,0.9737,0.5714,-1.443,1493.2,-1533.6,19,-540.2,865.4,0.6091,0.4737,-28.432,841.8,-1382.0,9,499.8,93.8,4.2969,0.7778,55.534,651.4,-151.6,False
IFB_1034,kdjma,long,ALL,1.5,1.0,6,False,3,109,-600.2,1228.6,0.8182,0.578,-5.506,2700.6,-3300.8,70,-110.0,723.6,0.9465,0.6,-1.571,1946.4,-2056.4,39,-490.2,629.0,0.6061,0.5385,-12.569,754.2,-1244.4,False
IFB_1036,kdjma,long,ALL,1.5,1.0,6,True,3,109,-600.2,1228.6,0.8182,0.578,-5.506,2700.6,-3300.8,70,-110.0,723.6,0.9465,0.6,-1.571,1946.4,-2056.4,39,-490.2,629.0,0.6061,0.5385,-12.569,754.2,-1244.4,False
IFB_1277,kdjma,short,RTH,1.5,1.0,12,False,1,31,-117.8,558.8,0.925,0.5484,-3.8,1453.4,-1571.2,23,86.6,558.8,1.0821,0.6087,3.765,1140.8,-1054.2,8,-204.4,204.4,0.6046,0.375,-25.55,312.6,-517.0,False
IFB_1279,kdjma,short,RTH,1.5,1.0,12,True,1,31,-117.8,558.8,0.925,0.5484,-3.8,1453.4,-1571.2,23,86.6,558.8,1.0821,0.6087,3.765,1140.8,-1054.2,8,-204.4,204.4,0.6046,0.375,-25.55,312.6,-517.0,False
IFB_1085,kdjma,long,PRE_RTH,1.5,1.0,12,False,1,33,-377.4,965.6,0.7623,0.6364,-11.436,1210.2,-1587.6,23,-213.4,686.6,0.8183,0.6087,-9.278,960.8,-1174.2,10,-164.0,413.4,0.6033,0.7,-16.4,249.4,-413.4,False
IFB_1087,kdjma,long,PRE_RTH,1.5,1.0,12,True,1,33,-377.4,965.6,0.7623,0.6364,-11.436,1210.2,-1587.6,23,-213.4,686.6,0.8183,0.6087,-9.278,960.8,-1174.2,10,-164.0,413.4,0.6033,0.7,-16.4,249.4,-413.4,False
IFB_1053,kdjma,long,ALL,1.5,1.5,24,False,1,45,-735.0,903.6,0.6088,0.4,-16.333,1143.6,-1878.6,31,-525.8,762.6,0.6112,0.4194,-16.961,826.6,-1352.4,14,-209.2,349.0,0.6024,0.3571,-14.943,317.0,-526.2,False
IFB_1055,kdjma,long,ALL,1.5,1.5,24,True,1,45,-735.0,903.6,0.6088,0.4,-16.333,1143.6,-1878.6,31,-525.8,762.6,0.6112,0.4194,-16.961,826.6,-1352.4,14,-209.2,349.0,0.6024,0.3571,-14.943,317.0,-526.2,False
IFB_0954,kdjma,both,PRE_RTH,1.5,1.5,12,False,3,102,-633.6,1390.0,0.8951,0.5,-6.212,5404.2,-6037.8,71,162.2,1234.4,1.0401,0.5352,2.284,4205.6,-4043.4,31,-795.8,795.8,0.601,0.4194,-25.671,1198.6,-1994.4,False
IFB_0956,kdjma,both,PRE_RTH,1.5,1.5,12,True,3,102,-633.6,1390.0,0.8951,0.5,-6.212,5404.2,-6037.8,71,162.2,1234.4,1.0401,0.5352,2.284,4205.6,-4043.4,31,-795.8,795.8,0.601,0.4194,-25.671,1198.6,-1994.4,False
IFB_0254,emapmo_normal,long,RTH,1.0,1.0,6,False,3,12,440.4,133.6,2.3972,0.6667,36.7,755.6,-315.2,7,543.4,57.8,10.4014,0.8571,77.629,601.2,-57.8,5,-103.0,133.6,0.5998,0.4,-20.6,154.4,-257.4,False
IFB_0256,emapmo_normal,long,RTH,1.0,1.0,6,True,3,12,440.4,133.6,2.3972,0.6667,36.7,755.6,-315.2,7,543.4,57.8,10.4014,0.8571,77.629,601.2,-57.8,5,-103.0,133.6,0.5998,0.4,-20.6,154.4,-257.4,False
IFB_0794,emapmo_early,short,PRE_RTH,1.5,1.0,6,False,3,53,116.6,990.0,1.0552,0.6038,2.2,2230.4,-2113.8,35,-715.0,990.0,0.598,0.4857,-20.429,1063.4,-1778.4,18,831.6,207.8,3.4794,0.8333,46.2,1167.0,-335.4,False
IFB_0796,emapmo_early,short,PRE_RTH,1.5,1.0,6,True,3,53,116.6,990.0,1.0552,0.6038,2.2,2230.4,-2113.8,35,-715.0,990.0,0.598,0.4857,-20.429,1063.4,-1778.4,18,831.6,207.8,3.4794,0.8333,46.2,1167.0,-335.4,False
IFB_1241,kdjma,short,PRE_RTH,1.5,1.5,12,False,1,34,110.8,398.0,1.0662,0.5,3.259,1783.4,-1672.6,25,325.0,398.0,1.2822,0.56,13.0,1476.8,-1151.8,9,-214.2,231.2,0.5887,0.3333,-23.8,306.6,-520.8,False
IFB_1243,kdjma,short,PRE_RTH,1.5,1.5,12,True,1,34,110.8,398.0,1.0662,0.5,3.259,1783.4,-1672.6,25,325.0,398.0,1.2822,0.56,13.0,1476.8,-1151.8,9,-214.2,231.2,0.5887,0.3333,-23.8,306.6,-520.8,False
IFB_0950,kdjma,both,PRE_RTH,1.5,1.5,6,False,3,102,-1257.6,1741.8,0.7796,0.4706,-12.329,4449.61,-5707.2,71,-641.8,1329.0,0.8479,0.4789,-9.039,3578.8,-4220.6,31,-615.8,636.8,0.5858,0.4516,-19.865,870.8,-1486.6,False
IFB_0952,kdjma,both,PRE_RTH,1.5,1.5,6,True,3,102,-1257.6,1741.8,0.7796,0.4706,-12.329,4449.61,-5707.2,71,-641.8,1329.0,0.8479,0.4789,-9.039,3578.8,-4220.6,31,-615.8,636.8,0.5858,0.4516,-19.865,870.8,-1486.6,False
IFB_1198,kdjma,short,ALL,1.5,1.5,24,False,3,120,-1824.0,1879.2,0.6937,0.4417,-15.2,4130.6,-5954.6,86,-986.8,1539.8,0.7511,0.4186,-11.474,2977.2,-3964.0,34,-837.2,875.4,0.5794,0.5,-24.624,1153.4,-1990.6,False
IFB_1200,kdjma,short,ALL,1.5,1.5,24,True,3,120,-1824.0,1879.2,0.6937,0.4417,-15.2,4130.6,-5954.6,86,-986.8,1539.8,0.7511,0.4186,-11.474,2977.2,-3964.0,34,-837.2,875.4,0.5794,0.5,-24.624,1153.4,-1990.6,False
IFB_0926,kdjma,both,PRE_RTH,1.0,1.0,6,False,3,102,-1647.6,1951.2,0.6504,0.4216,-16.153,3064.6,-4712.2,71,-1127.8,1514.4,0.677,0.4225,-15.885,2364.0,-3491.8,31,-519.8,661.8,0.5741,0.4194,-16.768,700.6,-1220.4,False
IFB_0928,kdjma,both,PRE_RTH,1.0,1.0,6,True,3,102,-1647.6,1951.2,0.6504,0.4216,-16.153,3064.6,-4712.2,71,-1127.8,1514.4,0.677,0.4225,-15.885,2364.0,-3491.8,31,-519.8,661.8,0.5741,0.4194,-16.768,700.6,-1220.4,False
IFB_0317,emapmo_normal,short,ALL,1.5,1.0,12,False,1,28,127.6,342.8,1.1872,0.5714,4.557,809.2,-681.6,18,-260.4,342.8,0.569,0.5,-14.467,343.8,-604.2,10,388.0,39.8,6.013,0.7,38.8,465.4,-77.4,False
IFB_0319,emapmo_normal,short,ALL,1.5,1.0,12,True,1,28,127.6,342.8,1.1872,0.5714,4.557,809.2,-681.6,18,-260.4,342.8,0.569,0.5,-14.467,343.8,-604.2,10,388.0,39.8,6.013,0.7,38.8,465.4,-77.4,False
IFB_0313,emapmo_normal,short,ALL,1.5,1.0,6,False,1,28,-82.4,342.8,0.8858,0.5357,-2.943,639.0,-721.4,18,-260.4,342.8,0.569,0.5,-14.467,343.8,-604.2,10,178.0,67.6,2.5187,0.6,17.8,295.2,-117.2,False
IFB_0315,emapmo_normal,short,ALL,1.5,1.0,6,True,1,28,-82.4,342.8,0.8858,0.5357,-2.943,639.0,-721.4,18,-260.4,342.8,0.569,0.5,-14.467,343.8,-604.2,10,178.0,67.6,2.5187,0.6,17.8,295.2,-117.2,False
IFB_1106,kdjma,long,RTH,1.0,0.75,6,False,3,36,-406.8,775.8,0.74,0.5278,-11.3,1157.8,-1564.6,25,-593.0,775.8,0.5682,0.44,-23.72,780.2,-1373.2,11,186.2,93.8,1.9728,0.7273,16.927,377.6,-191.4,False
IFB_1108,kdjma,long,RTH,1.0,0.75,6,True,3,36,-406.8,775.8,0.74,0.5278,-11.3,1157.8,-1564.6,25,-593.0,775.8,0.5682,0.44,-23.72,780.2,-1373.2,11,186.2,93.8,1.9728,0.7273,16.927,377.6,-191.4,False
IFB_1110,kdjma,long,RTH,1.0,0.75,12,False,3,36,-766.8,981.8,0.593,0.4722,-21.3,1117.4,-1884.2,25,-593.0,775.8,0.5682,0.44,-23.72,780.2,-1373.2,11,-173.8,286.2,0.6599,0.5455,-15.8,337.2,-511.0,False
IFB_1112,kdjma,long,RTH,1.0,0.75,12,True,3,36,-766.8,981.8,0.593,0.4722,-21.3,1117.4,-1884.2,25,-593.0,775.8,0.5682,0.44,-23.72,780.2,-1373.2,11,-173.8,286.2,0.6599,0.5455,-15.8,337.2,-511.0,False
IFB_0545,emapmo_early,both,RTH,1.0,1.0,12,False,1,28,-454.4,943.8,0.7471,0.4643,-16.229,1342.6,-1797.0,19,-564.2,729.6,0.5679,0.3684,-29.695,741.4,-1305.6,9,109.8,311.4,1.2234,0.6667,12.2,601.2,-491.4,False
IFB_0547,emapmo_early,both,RTH,1.0,1.0,12,True,1,28,-454.4,943.8,0.7471,0.4643,-16.229,1342.6,-1797.0,19,-564.2,729.6,0.5679,0.3684,-29.695,741.4,-1305.6,9,109.8,311.4,1.2234,0.6667,12.2,601.2,-491.4,False
IFB_0637,emapmo_early,long,PRE_RTH,1.0,1.0,6,False,1,12,-219.6,416.0,0.6802,0.4167,-18.3,467.0,-686.6,9,-256.2,408.4,0.5678,0.3333,-28.467,336.6,-592.8,3,36.6,93.8,1.3902,0.6667,12.2,130.4,-93.8,False
IFB_0639,emapmo_early,long,PRE_RTH,1.0,1.0,6,True,1,12,-219.6,416.0,0.6802,0.4167,-18.3,467.0,-686.6,9,-256.2,408.4,0.5678,0.3333,-28.467,336.6,-592.8,3,36.6,93.8,1.3902,0.6667,12.2,130.4,-93.8,False
IFB_0194,emapmo_normal,long,PRE_RTH,1.0,0.75,6,False,3,15,351.0,175.6,1.9564,0.6667,23.4,718.0,-367.0,8,485.6,57.8,9.4014,0.875,60.7,543.4,-57.8,7,-134.6,175.6,0.5647,0.4286,-19.229,174.6,-309.2,False
IFB_0196,emapmo_normal,long,PRE_RTH,1.0,0.75,6,True,3,15,351.0,175.6,1.9564,0.6667,23.4,718.0,-367.0,8,485.6,57.8,9.4014,0.875,60.7,543.4,-57.8,7,-134.6,175.6,0.5647,0.4286,-19.229,174.6,-309.2,False
IFB_0889,kdjma,both,ALL,1.5,1.0,6,False,1,48,-602.4,602.4,0.5796,0.4792,-12.55,830.6,-1433.0,33,-437.4,517.2,0.5645,0.4545,-13.255,567.0,-1004.4,15,-165.0,290.0,0.615,0.5333,-11.0,263.6,-428.6,False
IFB_0891,kdjma,both,ALL,1.5,1.0,6,True,1,48,-602.4,602.4,0.5796,0.4792,-12.55,830.6,-1433.0,33,-437.4,517.2,0.5645,0.4545,-13.255,567.0,-1004.4,15,-165.0,290.0,0.615,0.5333,-11.0,263.6,-428.6,False
IFB_0145,emapmo_normal,long,ALL,1.0,0.75,6,False,1,18,21.6,274.2,1.0514,0.5556,1.2,442.0,-420.4,11,96.2,170.6,1.386,0.6364,8.745,345.4,-249.2,7,-74.6,103.6,0.5643,0.4286,-10.657,96.6,-171.2,False
IFB_0147,emapmo_normal,long,ALL,1.0,0.75,6,True,1,18,21.6,274.2,1.0514,0.5556,1.2,442.0,-420.4,11,96.2,170.6,1.386,0.6364,8.745,345.4,-249.2,7,-74.6,103.6,0.5643,0.4286,-10.657,96.6,-171.2,False
IFB_0149,emapmo_normal,long,ALL,1.0,0.75,12,False,1,18,21.6,274.2,1.0514,0.5556,1.2,442.0,-420.4,11,96.2,170.6,1.386,0.6364,8.745,345.4,-249.2,7,-74.6,103.6,0.5643,0.4286,-10.657,96.6,-171.2,False
IFB_0151,emapmo_normal,long,ALL,1.0,0.75,12,True,1,18,21.6,274.2,1.0514,0.5556,1.2,442.0,-420.4,11,96.2,170.6,1.386,0.6364,8.745,345.4,-249.2,7,-74.6,103.6,0.5643,0.4286,-10.657,96.6,-171.2,False
IFB_0153,emapmo_normal,long,ALL,1.0,0.75,24,False,1,18,21.6,274.2,1.0514,0.5556,1.2,442.0,-420.4,11,96.2,170.6,1.386,0.6364,8.745,345.4,-249.2,7,-74.6,103.6,0.5643,0.4286,-10.657,96.6,-171.2,False
IFB_0155,emapmo_normal,long,ALL,1.0,0.75,24,True,1,18,21.6,274.2,1.0514,0.5556,1.2,442.0,-420.4,11,96.2,170.6,1.386,0.6364,8.745,345.4,-249.2,7,-74.6,103.6,0.5643,0.4286,-10.657,96.6,-171.2,False
IFB_0769,emapmo_early,short,PRE_RTH,1.0,0.75,6,False,1,21,112.2,309.6,1.172,0.5714,5.343,764.4,-652.2,14,-257.2,309.6,0.5629,0.4286,-18.371,331.2,-588.4,7,369.4,63.8,6.79,0.8571,52.772,433.2,-63.8,False
IFB_0771,emapmo_early,short,PRE_RTH,1.0,0.75,6,True,1,21,112.2,309.6,1.172,0.5714,5.343,764.4,-652.2,14,-257.2,309.6,0.5629,0.4286,-18.371,331.2,-588.4,7,369.4,63.8,6.79,0.8571,52.772,433.2,-63.8,False
IFB_0773,emapmo_early,short,PRE_RTH,1.0,0.75,12,False,1,21,-43.8,376.6,0.9422,0.5238,-2.086,714.2,-758.0,14,-257.2,309.6,0.5629,0.4286,-18.371,331.2,-588.4,7,213.4,169.6,2.2583,0.7143,30.486,383.0,-169.6,False
IFB_0775,emapmo_early,short,PRE_RTH,1.0,0.75,12,True,1,21,-43.8,376.6,0.9422,0.5238,-2.086,714.2,-758.0,14,-257.2,309.6,0.5629,0.4286,-18.371,331.2,-588.4,7,213.4,169.6,2.2583,0.7143,30.486,383.0,-169.6,False
IFB_0777,emapmo_early,short,PRE_RTH,1.0,0.75,24,False,1,21,-43.8,376.6,0.9422,0.5238,-2.086,714.2,-758.0,14,-257.2,309.6,0.5629,0.4286,-18.371,331.2,-588.4,7,213.4,169.6,2.2583,0.7143,30.486,383.0,-169.6,False
IFB_0779,emapmo_early,short,PRE_RTH,1.0,0.75,24,True,1,21,-43.8,376.6,0.9422,0.5238,-2.086,714.2,-758.0,14,-257.2,309.6,0.5629,0.4286,-18.371,331.2,-588.4,7,213.4,169.6,2.2583,0.7143,30.486,383.0,-169.6,False
IFB_0293,emapmo_normal,short,ALL,1.0,0.75,12,False,1,28,97.6,252.8,1.1745,0.5357,3.486,657.0,-559.4,18,-188.4,252.8,0.5598,0.4444,-10.467,239.6,-428.0,10,286.0,103.6,3.1766,0.7,28.6,417.4,-131.4,False
IFB_0295,emapmo_normal,short,ALL,1.0,0.75,12,True,1,28,97.6,252.8,1.1745,0.5357,3.486,657.0,-559.4,18,-188.4,252.8,0.5598,0.4444,-10.467,239.6,-428.0,10,286.0,103.6,3.1766,0.7,28.6,417.4,-131.4,False
IFB_0289,emapmo_normal,short,ALL,1.0,0.75,6,False,1,28,-52.4,252.8,0.9079,0.5,-1.871,516.8,-569.2,18,-188.4,252.8,0.5598,0.4444,-10.467,239.6,-428.0,10,136.0,103.6,1.9632,0.6,13.6,277.2,-141.2,False
IFB_0291,emapmo_normal,short,ALL,1.0,0.75,6,True,1,28,-52.4,252.8,0.9079,0.5,-1.871,516.8,-569.2,18,-188.4,252.8,0.5598,0.4444,-10.467,239.6,-428.0,10,136.0,103.6,1.9632,0.6,13.6,277.2,-141.2,False
IFB_0189,emapmo_normal,long,ALL,1.5,1.5,24,False,1,18,531.6,231.2,2.088,0.6111,29.533,1020.2,-488.6,11,648.2,121.6,3.8783,0.6364,58.927,873.4,-225.2,7,-116.6,173.4,0.5573,0.5714,-16.657,146.8,-263.4,False
IFB_0191,emapmo_normal,long,ALL,1.5,1.5,24,True,1,18,531.6,231.2,2.088,0.6111,29.533,1020.2,-488.6,11,648.2,121.6,3.8783,0.6364,58.927,873.4,-225.2,7,-116.6,173.4,0.5573,0.5714,-16.657,146.8,-263.4,False
IFB_0710,emapmo_early,long,RTH,1.5,1.5,6,False,3,30,-186.0,934.0,0.9047,0.4,-6.2,1766.4,-1952.4,21,76.2,677.8,1.0558,0.4286,3.628,1441.8,-1365.6,9,-262.2,483.2,0.5532,0.3333,-29.133,324.6,-586.8,False
IFB_0712,emapmo_early,long,RTH,1.5,1.5,6,True,3,30,-186.0,934.0,0.9047,0.4,-6.2,1766.4,-1952.4,21,76.2,677.8,1.0558,0.4286,3.628,1441.8,-1365.6,9,-262.2,483.2,0.5532,0.3333,-29.133,324.6,-586.8,False
IFB_0249,emapmo_normal,long,RTH,1.0,0.75,24,False,1,10,274.0,123.8,2.1445,0.7,27.4,513.4,-239.4,6,355.2,57.8,7.1453,0.8333,59.2,413.0,-57.8,4,-81.2,123.8,0.5529,0.5,-20.299,100.4,-181.6,False
IFB_0251,emapmo_normal,long,RTH,1.0,0.75,24,True,1,10,274.0,123.8,2.1445,0.7,27.4,513.4,-239.4,6,355.2,57.8,7.1453,0.8333,59.2,413.0,-57.8,4,-81.2,123.8,0.5529,0.5,-20.299,100.4,-181.6,False
IFB_0481,emapmo_early,both,PRE_RTH,1.0,0.75,6,False,1,32,-67.6,531.4,0.9457,0.5312,-2.112,1177.4,-1245.0,23,-531.4,531.4,0.5501,0.3913,-23.104,649.8,-1181.2,9,463.8,63.8,8.2696,0.8889,51.534,527.6,-63.8,False
IFB_0483,emapmo_early,both,PRE_RTH,1.0,0.75,6,True,1,32,-67.6,531.4,0.9457,0.5312,-2.112,1177.4,-1245.0,23,-531.4,531.4,0.5501,0.3913,-23.104,649.8,-1181.2,9,463.8,63.8,8.2696,0.8889,51.534,527.6,-63.8,False
IFB_1293,kdjma,short,RTH,1.5,1.5,24,False,1,31,224.2,465.8,1.1089,0.5806,7.232,2283.6,-2059.4,23,602.6,396.8,1.493,0.6087,26.2,1824.8,-1222.2,8,-378.4,465.8,0.548,0.5,-47.3,458.8,-837.2,False
IFB_1295,kdjma,short,RTH,1.5,1.5,24,True,1,31,224.2,465.8,1.1089,0.5806,7.232,2283.6,-2059.4,23,602.6,396.8,1.493,0.6087,26.2,1824.8,-1222.2,8,-378.4,465.8,0.548,0.5,-47.3,458.8,-837.2,False
IFB_0181,emapmo_normal,long,ALL,1.5,1.5,6,False,1,18,213.6,295.41,1.4357,0.5,11.866,703.8,-490.2,11,294.2,164.6,1.9399,0.5455,26.746,607.2,-313.0,7,-80.61,130.81,0.5451,0.4286,-11.515,96.6,-177.2,False
IFB_0183,emapmo_normal,long,ALL,1.5,1.5,6,True,1,18,213.6,295.41,1.4357,0.5,11.866,703.8,-490.2,11,294.2,164.6,1.9399,0.5455,26.746,607.2,-313.0,7,-80.61,130.81,0.5451,0.4286,-11.515,96.6,-177.2,False
IFB_1001,kdjma,both,RTH,1.5,1.5,12,False,1,43,-295.4,695.2,0.8996,0.4651,-6.87,2648.0,-2943.4,30,204.0,695.2,1.1104,0.5333,6.8,2051.2,-1847.2,13,-499.4,533.8,0.5444,0.3077,-38.415,596.8,-1096.2,False
IFB_1003,kdjma,both,RTH,1.5,1.5,12,True,1,43,-295.4,695.2,0.8996,0.4651,-6.87,2648.0,-2943.4,30,204.0,695.2,1.1104,0.5333,6.8,2051.2,-1847.2,13,-499.4,533.8,0.5444,0.3077,-38.415,596.8,-1096.2,False
IFB_0278,emapmo_normal,long,RTH,1.5,1.5,6,False,3,12,302.4,199.6,1.5352,0.5833,25.2,867.4,-565.0,7,477.4,95.4,3.6289,0.7143,68.2,659.0,-181.6,5,-175.0,199.6,0.5436,0.4,-35.0,208.4,-383.4,False
IFB_0280,emapmo_normal,long,RTH,1.5,1.5,6,True,3,12,302.4,199.6,1.5352,0.5833,25.2,867.4,-565.0,7,477.4,95.4,3.6289,0.7143,68.2,659.0,-181.6,5,-175.0,199.6,0.5436,0.4,-35.0,208.4,-383.4,False
IFB_0234,emapmo_normal,long,PRE_RTH,1.5,1.5,12,False,3,15,453.0,265.6,1.5744,0.5333,30.2,1241.6,-788.6,8,695.6,173.4,3.6795,0.75,86.95,955.2,-259.6,7,-242.6,265.6,0.5414,0.2857,-34.657,286.4,-529.0,False
IFB_0236,emapmo_normal,long,PRE_RTH,1.5,1.5,12,True,3,15,453.0,265.6,1.5744,0.5333,30.2,1241.6,-788.6,8,695.6,173.4,3.6795,0.75,86.95,955.2,-259.6,7,-242.6,265.6,0.5414,0.2857,-34.657,286.4,-529.0,False
IFB_1086,kdjma,long,PRE_RTH,1.5,1.0,12,False,3,52,-1109.6,1614.8,0.6335,0.5577,-21.338,1917.8,-3027.4,35,-679.0,1294.4,0.6759,0.5429,-19.4,1415.8,-2094.8,17,-430.6,456.8,0.5383,0.5882,-25.329,502.0,-932.6,False
IFB_1088,kdjma,long,PRE_RTH,1.5,1.0,12,True,3,52,-1109.6,1614.8,0.6335,0.5577,-21.338,1917.8,-3027.4,35,-679.0,1294.4,0.6759,0.5429,-19.4,1415.8,-2094.8,17,-430.6,456.8,0.5383,0.5882,-25.329,502.0,-932.6,False
IFB_0449,emapmo_early,both,ALL,1.0,1.0,12,False,1,40,-548.0,782.8,0.6675,0.5,-13.7,1100.0,-1648.0,28,-616.4,763.2,0.5375,0.4286,-22.014,716.4,-1332.8,12,68.4,157.6,1.217,0.6667,5.7,383.6,-315.2,False
IFB_0451,emapmo_early,both,ALL,1.0,1.0,12,True,1,40,-548.0,782.8,0.6675,0.5,-13.7,1100.0,-1648.0,28,-616.4,763.2,0.5375,0.4286,-22.014,716.4,-1332.8,12,68.4,157.6,1.217,0.6667,5.7,383.6,-315.2,False
IFB_0625,emapmo_early,long,PRE_RTH,1.0,0.75,6,False,1,12,-273.6,422.0,0.6015,0.4167,-22.8,413.0,-686.6,9,-274.2,390.4,0.5374,0.3333,-30.467,318.6,-592.8,3,0.6,93.8,1.0064,0.6667,0.2,94.4,-93.8,False
IFB_0627,emapmo_early,long,PRE_RTH,1.0,0.75,6,True,1,12,-273.6,422.0,0.6015,0.4167,-22.8,413.0,-686.6,9,-274.2,390.4,0.5374,0.3333,-30.467,318.6,-592.8,3,0.6,93.8,1.0064,0.6667,0.2,94.4,-93.8,False
IFB_0157,emapmo_normal,long,ALL,1.0,1.0,6,False,1,18,135.6,276.4,1.3109,0.5,7.533,571.8,-436.2,11,222.2,157.6,1.8917,0.6364,20.2,471.4,-249.2,7,-86.6,118.8,0.5369,0.2857,-12.372,100.4,-187.0,False
IFB_0159,emapmo_normal,long,ALL,1.0,1.0,6,True,1,18,135.6,276.4,1.3109,0.5,7.533,571.8,-436.2,11,222.2,157.6,1.8917,0.6364,20.2,471.4,-249.2,7,-86.6,118.8,0.5369,0.2857,-12.372,100.4,-187.0,False
IFB_1290,kdjma,short,RTH,1.5,1.5,12,False,3,44,-35.2,689.6,0.9863,0.5227,-0.8,2534.6,-2569.8,32,400.4,689.6,1.2451,0.5938,12.512,2033.8,-1633.4,12,-435.6,490.2,0.5348,0.3333,-36.3,500.8,-936.4,False
IFB_1292,kdjma,short,RTH,1.5,1.5,12,True,3,44,-35.2,689.6,0.9863,0.5227,-0.8,2534.6,-2569.8,32,400.4,689.6,1.2451,0.5938,12.512,2033.8,-1633.4,12,-435.6,490.2,0.5348,0.3333,-36.3,500.8,-936.4,False
IFB_0485,emapmo_early,both,PRE_RTH,1.0,0.75,12,False,1,32,-259.6,624.6,0.8128,0.5,-8.112,1127.2,-1386.8,23,-567.4,567.4,0.5338,0.3913,-24.67,649.8,-1217.2,9,307.8,107.4,2.8149,0.7778,34.2,477.4,-169.6,False
IFB_0487,emapmo_early,both,PRE_RTH,1.0,0.75,12,True,1,32,-259.6,624.6,0.8128,0.5,-8.112,1127.2,-1386.8,23,-567.4,567.4,0.5338,0.3913,-24.67,649.8,-1217.2,9,307.8,107.4,2.8149,0.7778,34.2,477.4,-169.6,False
IFB_0549,emapmo_early,both,RTH,1.0,1.0,24,False,1,28,-538.4,1027.8,0.7138,0.4643,-19.229,1342.6,-1881.0,19,-648.2,813.6,0.5335,0.3684,-34.116,741.4,-1389.6,9,109.8,311.4,1.2234,0.6667,12.2,601.2,-491.4,False
IFB_0551,emapmo_early,both,RTH,1.0,1.0,24,True,1,28,-538.4,1027.8,0.7138,0.4643,-19.229,1342.6,-1881.0,19,-648.2,813.6,0.5335,0.3684,-34.116,741.4,-1389.6,9,109.8,311.4,1.2234,0.6667,12.2,601.2,-491.4,False
IFB_0817,emapmo_early,short,RTH,1.0,0.75,6,False,1,18,189.6,446.6,1.3015,0.6667,10.533,818.4,-628.8,11,-293.8,446.6,0.5328,0.4545,-26.709,335.0,-628.8,7,483.4,0.0,999.0,1.0,69.057,483.4,0.0,False
IFB_0819,emapmo_early,short,RTH,1.0,0.75,6,True,1,18,189.6,446.6,1.3015,0.6667,10.533,818.4,-628.8,11,-293.8,446.6,0.5328,0.4545,-26.709,335.0,-628.8,7,483.4,0.0,999.0,1.0,69.057,483.4,0.0,False
IFB_0821,emapmo_early,short,RTH,1.0,0.75,12,False,1,18,33.6,449.8,1.0457,0.6111,1.867,768.2,-734.6,11,-293.8,446.6,0.5328,0.4545,-26.709,335.0,-628.8,7,327.4,105.8,4.0945,0.8571,46.771,433.2,-105.8,False
IFB_0823,emapmo_early,short,RTH,1.0,0.75,12,True,1,18,33.6,449.8,1.0457,0.6111,1.867,768.2,-734.6,11,-293.8,446.6,0.5328,0.4545,-26.709,335.0,-628.8,7,327.4,105.8,4.0945,0.8571,46.771,433.2,-105.8,False
IFB_0825,emapmo_early,short,RTH,1.0,0.75,24,False,1,18,33.6,449.8,1.0457,0.6111,1.867,768.2,-734.6,11,-293.8,446.6,0.5328,0.4545,-26.709,335.0,-628.8,7,327.4,105.8,4.0945,0.8571,46.771,433.2,-105.8,False
IFB_0827,emapmo_early,short,RTH,1.0,0.75,24,True,1,18,33.6,449.8,1.0457,0.6111,1.867,768.2,-734.6,11,-293.8,446.6,0.5328,0.4545,-26.709,335.0,-628.8,7,327.4,105.8,4.0945,0.8571,46.771,433.2,-105.8,False
IFB_1054,kdjma,long,ALL,1.5,1.5,24,False,3,109,-1176.2,2013.0,0.7617,0.4862,-10.791,3758.6,-4934.8,70,-230.0,872.4,0.921,0.5143,-3.286,2683.2,-2913.2,39,-946.2,1183.2,0.532,0.4359,-24.261,1075.4,-2021.6,False
IFB_1056,kdjma,long,ALL,1.5,1.5,24,True,3,109,-1176.2,2013.0,0.7617,0.4862,-10.791,3758.6,-4934.8,70,-230.0,872.4,0.921,0.5143,-3.286,2683.2,-2913.2,39,-946.2,1183.2,0.532,0.4359,-24.261,1075.4,-2021.6,False
IFB_1178,kdjma,short,ALL,1.5,1.0,6,False,3,120,-2094.0,2126.8,0.5387,0.4667,-17.45,2445.2,-4539.2,86,-1514.8,1584.2,0.5305,0.4535,-17.614,1711.8,-3226.6,34,-579.2,599.4,0.5587,0.5,-17.035,733.4,-1312.6,False
IFB_1180,kdjma,short,ALL,1.5,1.0,6,True,3,120,-2094.0,2126.8,0.5387,0.4667,-17.45,2445.2,-4539.2,86,-1514.8,1584.2,0.5305,0.4535,-17.614,1711.8,-3226.6,34,-579.2,599.4,0.5587,0.5,-17.035,733.4,-1312.6,False
IFB_0937,kdjma,both,PRE_RTH,1.5,1.0,6,False,1,46,-1134.81,1256.01,0.5309,0.4783,-24.67,1284.4,-2419.2,32,-889.6,1109.6,0.5299,0.4375,-27.8,1002.8,-1892.4,14,-245.2,292.2,0.5345,0.5714,-17.514,281.6,-526.8,False
IFB_0939,kdjma,both,PRE_RTH,1.5,1.0,6,True,1,46,-1134.81,1256.01,0.5309,0.4783,-24.67,1284.4,-2419.2,32,-889.6,1109.6,0.5299,0.4375,-27.8,1002.8,-1892.4,14,-245.2,292.2,0.5345,0.5714,-17.514,281.6,-526.8,False
IFB_1130,kdjma,long,RTH,1.5,1.0,6,False,3,35,-835.0,1312.0,0.629,0.5429,-23.857,1415.8,-2250.8,24,-883.2,1312.0,0.5276,0.5,-36.8,986.4,-1869.6,11,48.2,171.2,1.1264,0.6364,4.382,429.4,-381.2,False
IFB_1132,kdjma,long,RTH,1.5,1.0,6,True,3,35,-835.0,1312.0,0.629,0.5429,-23.857,1415.8,-2250.8,24,-883.2,1312.0,0.5276,0.5,-36.8,986.4,-1869.6,11,48.2,171.2,1.1264,0.6364,4.382,429.4,-381.2,False
IFB_0985,kdjma,both,RTH,1.5,1.0,6,False,1,43,-1087.4,1161.6,0.6036,0.4419,-25.288,1655.8,-2743.2,30,-714.0,888.6,0.6351,0.4667,-23.8,1242.8,-1956.8,13,-373.4,422.6,0.5252,0.3846,-28.723,413.0,-786.4,False
IFB_0987,kdjma,both,RTH,1.5,1.0,6,True,1,43,-1087.4,1161.6,0.6036,0.4419,-25.288,1655.8,-2743.2,30,-714.0,888.6,0.6351,0.4667,-23.8,1242.8,-1956.8,13,-373.4,422.6,0.5252,0.3846,-28.723,413.0,-786.4,False
IFB_0233,emapmo_normal,long,PRE_RTH,1.5,1.5,12,False,1,11,498.2,259.6,2.0105,0.5455,45.291,991.2,-493.0,7,609.4,259.6,3.3475,0.7143,87.057,869.0,-259.6,4,-111.2,145.6,0.5236,0.25,-27.8,122.2,-233.4,False
IFB_0235,emapmo_normal,long,PRE_RTH,1.5,1.5,12,True,1,11,498.2,259.6,2.0105,0.5455,45.291,991.2,-493.0,7,609.4,259.6,3.3475,0.7143,87.057,869.0,-259.6,4,-111.2,145.6,0.5236,0.25,-27.8,122.2,-233.4,False
IFB_1046,kdjma,long,ALL,1.5,1.5,6,False,3,109,-510.2,1072.4,0.8647,0.5138,-4.681,3261.2,-3771.4,70,154.0,703.4,1.0646,0.5429,2.2,2537.6,-2383.6,39,-664.2,808.8,0.5214,0.4615,-17.031,723.59,-1387.8,False
IFB_1048,kdjma,long,ALL,1.5,1.5,6,True,3,109,-510.2,1072.4,0.8647,0.5138,-4.681,3261.2,-3771.4,70,154.0,703.4,1.0646,0.5429,2.2,2537.6,-2383.6,39,-664.2,808.8,0.5214,0.4615,-17.031,723.59,-1387.8,False
IFB_1190,kdjma,short,ALL,1.5,1.5,6,False,3,120,-2310.0,2348.2,0.5327,0.3833,-19.25,2633.2,-4943.2,86,-1712.8,1761.4,0.5201,0.3605,-19.916,1856.2,-3569.0,34,-597.2,635.4,0.5654,0.4412,-17.565,777.0,-1374.2,False
IFB_1192,kdjma,short,ALL,1.5,1.5,6,True,3,120,-2310.0,2348.2,0.5327,0.3833,-19.25,2633.2,-4943.2,86,-1712.8,1761.4,0.5201,0.3605,-19.916,1856.2,-3569.0,34,-597.2,635.4,0.5654,0.4412,-17.565,777.0,-1374.2,False
IFB_1097,kdjma,long,PRE_RTH,1.5,1.5,12,False,1,33,-371.4,827.6,0.8066,0.5152,-11.254,1549.4,-1920.8,23,-111.4,656.6,0.9193,0.5217,-4.843,1268.4,-1379.8,10,-260.0,413.4,0.5194,0.5,-26.0,281.0,-541.0,False
IFB_1099,kdjma,long,PRE_RTH,1.5,1.5,12,True,1,33,-371.4,827.6,0.8066,0.5152,-11.254,1549.4,-1920.8,23,-111.4,656.6,0.9193,0.5217,-4.843,1268.4,-1379.8,10,-260.0,413.4,0.5194,0.5,-26.0,281.0,-541.0,False
IFB_1281,kdjma,short,RTH,1.5,1.0,24,False,1,31,-99.8,491.4,0.9489,0.6129,-3.219,1853.8,-1953.6,23,302.6,486.4,1.271,0.6522,13.157,1419.0,-1116.4,8,-402.4,491.4,0.5193,0.5,-50.3,434.8,-837.2,False
IFB_1283,kdjma,short,RTH,1.5,1.0,24,True,1,31,-99.8,491.4,0.9489,0.6129,-3.219,1853.8,-1953.6,23,302.6,486.4,1.271,0.6522,13.157,1419.0,-1116.4,8,-402.4,491.4,0.5193,0.5,-50.3,434.8,-837.2,False
IFB_0541,emapmo_early,both,RTH,1.0,1.0,6,False,1,28,-112.4,748.6,0.9209,0.5,-4.014,1308.8,-1421.2,19,-612.2,748.6,0.5178,0.3684,-32.221,657.4,-1269.6,9,499.8,93.8,4.2969,0.7778,55.534,651.4,-151.6,False
IFB_0543,emapmo_early,both,RTH,1.0,1.0,6,True,1,28,-112.4,748.6,0.9209,0.5,-4.014,1308.8,-1421.2,19,-612.2,748.6,0.5178,0.3684,-32.221,657.4,-1269.6,9,499.8,93.8,4.2969,0.7778,55.534,651.4,-151.6,False
IFB_1158,kdjma,short,ALL,1.0,0.75,12,False,3,121,-1083.8,1098.0,0.6725,0.4959,-8.957,2226.0,-3309.8,87,-552.6,678.4,0.7499,0.5057,-6.352,1656.8,-2209.4,34,-531.2,562.4,0.5173,0.4706,-15.624,569.2,-1100.4,False
IFB_1160,kdjma,short,ALL,1.0,0.75,12,True,3,121,-1083.8,1098.0,0.6725,0.4959,-8.957,2226.0,-3309.8,87,-552.6,678.4,0.7499,0.5057,-6.352,1656.8,-2209.4,34,-531.2,562.4,0.5173,0.4706,-15.624,569.2,-1100.4,False
IFB_1174,kdjma,short,ALL,1.0,1.0,24,False,3,121,-1323.8,1539.0,0.6865,0.4545,-10.941,2899.0,-4222.8,87,-570.6,828.2,0.786,0.4483,-6.559,2095.8,-2666.4,34,-753.2,844.6,0.5161,0.4706,-22.153,803.2,-1556.4,False
IFB_1176,kdjma,short,ALL,1.0,1.0,24,True,3,121,-1323.8,1539.0,0.6865,0.4545,-10.941,2899.0,-4222.8,87,-570.6,828.2,0.786,0.4483,-6.559,2095.8,-2666.4,34,-753.2,844.6,0.5161,0.4706,-22.153,803.2,-1556.4,False
IFB_1074,kdjma,long,PRE_RTH,1.0,1.0,12,False,3,53,-939.4,1093.8,0.6333,0.434,-17.724,1622.6,-2562.0,36,-562.8,840.0,0.6849,0.4444,-15.633,1223.2,-1786.0,17,-376.6,402.8,0.5147,0.4118,-22.153,399.4,-776.0,False
IFB_1076,kdjma,long,PRE_RTH,1.0,1.0,12,True,3,53,-939.4,1093.8,0.6333,0.434,-17.724,1622.6,-2562.0,36,-562.8,840.0,0.6849,0.4444,-15.633,1223.2,-1786.0,17,-376.6,402.8,0.5147,0.4118,-22.153,399.4,-776.0,False
IFB_1166,kdjma,short,ALL,1.0,1.0,6,False,3,121,-1677.8,1698.0,0.5698,0.4132,-13.866,2222.0,-3899.8,87,-1122.6,1131.4,0.5926,0.4138,-12.903,1633.2,-2755.8,34,-555.2,634.4,0.5147,0.4118,-16.329,588.8,-1144.0,False
IFB_1168,kdjma,short,ALL,1.0,1.0,6,True,3,121,-1677.8,1698.0,0.5698,0.4132,-13.866,2222.0,-3899.8,87,-1122.6,1131.4,0.5926,0.4138,-12.903,1633.2,-2755.8,34,-555.2,634.4,0.5147,0.4118,-16.329,588.8,-1144.0,False
IFB_0262,emapmo_normal,long,RTH,1.0,1.0,24,False,3,12,416.4,133.6,2.3211,0.6667,34.7,731.6,-315.2,7,543.4,57.8,10.4014,0.8571,77.629,601.2,-57.8,5,-127.0,133.6,0.5066,0.4,-25.4,130.4,-257.4,False
IFB_0264,emapmo_normal,long,RTH,1.0,1.0,24,True,3,12,416.4,133.6,2.3211,0.6667,34.7,731.6,-315.2,7,543.4,57.8,10.4014,0.8571,77.629,601.2,-57.8,5,-127.0,133.6,0.5066,0.4,-25.4,130.4,-257.4,False
IFB_1109,kdjma,long,RTH,1.0,0.75,12,False,1,24,-223.2,510.4,0.7886,0.5417,-9.3,832.6,-1055.8,16,-24.8,237.2,0.9622,0.5625,-1.55,631.8,-656.6,8,-198.4,273.2,0.503,0.5,-24.8,200.8,-399.2,False
IFB_1111,kdjma,long,RTH,1.0,0.75,12,True,1,24,-223.2,510.4,0.7886,0.5417,-9.3,832.6,-1055.8,16,-24.8,237.2,0.9622,0.5625,-1.55,631.8,-656.6,8,-198.4,273.2,0.503,0.5,-24.8,200.8,-399.2,False
IFB_0649,emapmo_early,long,PRE_RTH,1.5,1.0,6,False,1,12,-297.6,548.6,0.6108,0.4167,-24.8,467.0,-764.6,9,-334.2,541.0,0.5018,0.3333,-37.133,336.6,-670.8,3,36.6,93.8,1.3902,0.6667,12.2,130.4,-93.8,False
IFB_0651,emapmo_early,long,PRE_RTH,1.5,1.0,6,True,1,12,-297.6,548.6,0.6108,0.4167,-24.8,467.0,-764.6,9,-334.2,541.0,0.5018,0.3333,-37.133,336.6,-670.8,3,36.6,93.8,1.3902,0.6667,12.2,130.4,-93.8,False
IFB_0453,emapmo_early,both,ALL,1.0,1.0,24,False,1,40,-602.0,838.4,0.6347,0.5,-15.05,1046.0,-1648.0,28,-664.4,763.2,0.5015,0.4286,-23.729,668.4,-1332.8,12,62.4,157.6,1.198,0.6667,5.2,377.6,-315.2,False
IFB_0455,emapmo_early,both,ALL,1.0,1.0,24,True,1,40,-602.0,838.4,0.6347,0.5,-15.05,1046.0,-1648.0,28,-664.4,763.2,0.5015,0.4286,-23.729,668.4,-1332.8,12,62.4,157.6,1.198,0.6667,5.2,377.6,-315.2,False
IFB_1062,kdjma,long,PRE_RTH,1.0,0.75,12,False,3,53,-981.4,1156.0,0.5825,0.4717,-18.517,1369.0,-2350.4,36,-634.8,834.0,0.6167,0.4722,-17.633,1021.4,-1656.2,17,-346.6,417.0,0.5007,0.4706,-20.388,347.6,-694.2,False
IFB_1064,kdjma,long,PRE_RTH,1.0,0.75,12,True,3,53,-981.4,1156.0,0.5825,0.4717,-18.517,1369.0,-2350.4,36,-634.8,834.0,0.6167,0.4722,-17.633,1021.4,-1656.2,17,-346.6,417.0,0.5007,0.4706,-20.388,347.6,-694.2,False
IFB_0489,emapmo_early,both,PRE_RTH,1.0,0.75,24,False,1,32,-343.6,708.6,0.7664,0.5,-10.737,1127.2,-1470.8,23,-651.4,651.4,0.4994,0.3913,-28.322,649.8,-1301.2,9,307.8,107.4,2.8149,0.7778,34.2,477.4,-169.6,False
IFB_0491,emapmo_early,both,PRE_RTH,1.0,0.75,24,True,1,32,-343.6,708.6,0.7664,0.5,-10.737,1127.2,-1470.8,23,-651.4,651.4,0.4994,0.3913,-28.322,649.8,-1301.2,9,307.8,107.4,2.8149,0.7778,34.2,477.4,-169.6,False
IFB_1242,kdjma,short,PRE_RTH,1.5,1.5,12,False,3,56,-44.8,639.6,0.9854,0.5,-0.8,3031.6,-3076.4,38,581.6,639.6,1.3177,0.5789,15.305,2412.4,-1830.8,18,-626.4,626.4,0.4971,0.3333,-34.8,619.2,-1245.6,False
IFB_1244,kdjma,short,PRE_RTH,1.5,1.5,12,True,3,56,-44.8,639.6,0.9854,0.5,-0.8,3031.6,-3076.4,38,581.6,639.6,1.3177,0.5789,15.305,2412.4,-1830.8,18,-626.4,626.4,0.4971,0.3333,-34.8,619.2,-1245.6,False
IFB_0714,emapmo_early,long,RTH,1.5,1.5,12,False,3,25,199.0,734.4,1.1054,0.52,7.96,2086.6,-1887.6,18,627.6,483.2,1.6009,0.5556,34.867,1672.0,-1044.4,7,-428.6,556.8,0.4917,0.4286,-61.229,414.6,-843.2,False
IFB_0716,emapmo_early,long,RTH,1.5,1.5,12,True,3,25,199.0,734.4,1.1054,0.52,7.96,2086.6,-1887.6,18,627.6,483.2,1.6009,0.5556,34.867,1672.0,-1044.4,7,-428.6,556.8,0.4917,0.4286,-61.229,414.6,-843.2,False
IFB_0718,emapmo_early,long,RTH,1.5,1.5,24,False,3,22,0.4,778.6,1.0002,0.4545,0.018,1870.0,-1869.6,15,429.0,513.2,1.418,0.4667,28.6,1455.4,-1026.4,7,-428.6,556.8,0.4917,0.4286,-61.229,414.6,-843.2,False
IFB_0720,emapmo_early,long,RTH,1.5,1.5,24,True,3,22,0.4,778.6,1.0002,0.4545,0.018,1870.0,-1869.6,15,429.0,513.2,1.418,0.4667,28.6,1455.4,-1026.4,7,-428.6,556.8,0.4917,0.4286,-61.229,414.6,-843.2,False
IFB_0230,emapmo_normal,long,PRE_RTH,1.5,1.5,6,False,3,15,435.0,265.6,1.6725,0.6,29.0,1081.8,-646.8,8,671.6,95.4,4.6982,0.75,83.95,853.2,-181.6,7,-236.6,265.6,0.4914,0.4286,-33.801,228.6,-465.2,False
IFB_0232,emapmo_normal,long,PRE_RTH,1.5,1.5,6,True,3,15,435.0,265.6,1.6725,0.6,29.0,1081.8,-646.8,8,671.6,95.4,4.6982,0.75,83.95,853.2,-181.6,7,-236.6,265.6,0.4914,0.4286,-33.801,228.6,-465.2,False
IFB_1186,kdjma,short,ALL,1.5,1.0,24,False,3,120,-1704.0,1768.8,0.6697,0.5417,-14.2,3455.0,-5159.0,86,-722.8,1172.8,0.7762,0.5349,-8.405,2507.2,-3230.0,34,-981.2,1030.0,0.4913,0.5588,-28.859,947.8,-1929.0,False
IFB_1188,kdjma,short,ALL,1.5,1.0,24,True,3,120,-1704.0,1768.8,0.6697,0.5417,-14.2,3455.0,-5159.0,86,-722.8,1172.8,0.7762,0.5349,-8.405,2507.2,-3230.0,34,-981.2,1030.0,0.4913,0.5588,-28.859,947.8,-1929.0,False
IFB_0901,kdjma,both,ALL,1.5,1.5,6,False,1,48,-830.4,830.4,0.4919,0.3958,-17.3,803.8,-1634.2,33,-605.4,739.8,0.4912,0.3636,-18.345,584.4,-1189.8,15,-225.0,319.4,0.4937,0.4667,-15.0,219.4,-444.39,False
IFB_0903,kdjma,both,ALL,1.5,1.5,6,True,1,48,-830.4,830.4,0.4919,0.3958,-17.3,803.8,-1634.2,33,-605.4,739.8,0.4912,0.3636,-18.345,584.4,-1189.8,15,-225.0,319.4,0.4937,0.4667,-15.0,219.4,-444.39,False
IFB_1150,kdjma,long,RTH,1.5,1.5,24,False,3,35,-1087.0,1641.4,0.6582,0.4571,-31.057,2093.2,-3180.2,24,-475.2,1126.0,0.7602,0.4583,-19.8,1506.2,-1981.4,11,-611.8,679.6,0.4897,0.4545,-55.618,587.0,-1198.8,False
IFB_1152,kdjma,long,RTH,1.5,1.5,24,True,3,35,-1087.0,1641.4,0.6582,0.4571,-31.057,2093.2,-3180.2,24,-475.2,1126.0,0.7602,0.4583,-19.8,1506.2,-1981.4,11,-611.8,679.6,0.4897,0.4545,-55.618,587.0,-1198.8,False
IFB_0202,emapmo_normal,long,PRE_RTH,1.0,0.75,24,False,3,15,327.0,175.6,1.891,0.6667,21.8,694.0,-367.0,8,485.6,57.8,9.4014,0.875,60.7,543.4,-57.8,7,-158.6,175.6,0.4871,0.4286,-22.657,150.6,-309.2,False
IFB_0204,emapmo_normal,long,PRE_RTH,1.0,0.75,24,True,3,15,327.0,175.6,1.891,0.6667,21.8,694.0,-367.0,8,485.6,57.8,9.4014,0.875,60.7,543.4,-57.8,7,-158.6,175.6,0.4871,0.4286,-22.657,150.6,-309.2,False
IFB_0905,kdjma,both,ALL,1.5,1.5,12,False,1,48,-866.4,866.4,0.5479,0.3958,-18.05,1049.8,-1916.2,33,-689.4,757.6,0.4869,0.3333,-20.891,654.2,-1343.6,15,-177.0,332.0,0.6909,0.5333,-11.8,395.6,-572.6,False
IFB_0907,kdjma,both,ALL,1.5,1.5,12,True,1,48,-866.4,866.4,0.5479,0.3958,-18.05,1049.8,-1916.2,33,-689.4,757.6,0.4869,0.3333,-20.891,654.2,-1343.6,15,-177.0,332.0,0.6909,0.5333,-11.8,395.6,-572.6,False
IFB_0974,kdjma,both,RTH,1.0,1.0,6,False,3,81,-1705.8,1965.2,0.6118,0.4074,-21.059,2688.6,-4394.4,57,-1056.6,1441.0,0.6626,0.4211,-18.537,2074.8,-3131.4,24,-649.2,690.8,0.486,0.375,-27.05,613.8,-1263.0,False
IFB_0976,kdjma,both,RTH,1.0,1.0,6,True,3,81,-1705.8,1965.2,0.6118,0.4074,-21.059,2688.6,-4394.4,57,-1056.6,1441.0,0.6626,0.4211,-18.537,2074.8,-3131.4,24,-649.2,690.8,0.486,0.375,-27.05,613.8,-1263.0,False
IFB_0897,kdjma,both,ALL,1.5,1.0,24,False,1,48,-800.4,800.4,0.5349,0.4792,-16.675,920.6,-1721.0,33,-653.4,697.6,0.4849,0.4545,-19.8,615.0,-1268.4,15,-147.0,268.8,0.6752,0.5333,-9.8,305.6,-452.6,False
IFB_0899,kdjma,both,ALL,1.5,1.0,24,True,1,48,-800.4,800.4,0.5349,0.4792,-16.675,920.6,-1721.0,33,-653.4,697.6,0.4849,0.4545,-19.8,615.0,-1268.4,15,-147.0,268.8,0.6752,0.5333,-9.8,305.6,-452.6,False
IFB_1126,kdjma,long,RTH,1.0,1.0,24,False,3,36,-988.8,1189.2,0.5712,0.4167,-27.467,1317.0,-2305.8,25,-575.0,847.8,0.6174,0.4,-23.0,928.0,-1503.0,11,-413.8,451.6,0.4846,0.4545,-37.618,389.0,-802.8,False
IFB_1128,kdjma,long,RTH,1.0,1.0,24,True,3,36,-988.8,1189.2,0.5712,0.4167,-27.467,1317.0,-2305.8,25,-575.0,847.8,0.6174,0.4,-23.0,928.0,-1503.0,11,-413.8,451.6,0.4846,0.4545,-37.618,389.0,-802.8,False
IFB_0242,emapmo_normal,long,RTH,1.0,0.75,6,False,3,12,260.4,133.6,1.8261,0.6667,21.7,575.6,-315.2,7,393.4,57.8,7.8062,0.8571,56.2,451.2,-57.8,5,-133.0,133.6,0.4833,0.4,-26.6,124.4,-257.4,False
IFB_0244,emapmo_normal,long,RTH,1.0,0.75,6,True,3,12,260.4,133.6,1.8261,0.6667,21.7,575.6,-315.2,7,393.4,57.8,7.8062,0.8571,56.2,451.2,-57.8,5,-133.0,133.6,0.4833,0.4,-26.6,124.4,-257.4,False
IFB_0893,kdjma,both,ALL,1.5,1.0,12,False,1,48,-824.4,824.4,0.5159,0.4792,-17.175,878.6,-1703.0,33,-527.4,571.6,0.5334,0.4545,-15.982,603.0,-1130.4,15,-297.0,386.0,0.4813,0.5333,-19.8,275.6,-572.6,False
IFB_0895,kdjma,both,ALL,1.5,1.0,12,True,1,48,-824.4,824.4,0.5159,0.4792,-17.175,878.6,-1703.0,33,-527.4,571.6,0.5334,0.4545,-15.982,603.0,-1130.4,15,-297.0,386.0,0.4813,0.5333,-19.8,275.6,-572.6,False
IFB_0286,emapmo_normal,long,RTH,1.5,1.5,24,False,3,12,302.4,199.6,1.4703,0.5833,25.2,945.4,-643.0,7,501.4,173.4,2.9314,0.7143,71.629,761.0,-259.6,5,-199.0,199.6,0.481,0.4,-39.8,184.4,-383.4,False
IFB_0288,emapmo_normal,long,RTH,1.5,1.5,24,True,3,12,302.4,199.6,1.4703,0.5833,25.2,945.4,-643.0,7,501.4,173.4,2.9314,0.7143,71.629,761.0,-259.6,5,-199.0,199.6,0.481,0.4,-39.8,184.4,-383.4,False
IFB_0942,kdjma,both,PRE_RTH,1.5,1.0,12,False,3,102,-1779.6,2182.0,0.688,0.5392,-17.447,3925.0,-5704.6,71,-809.8,1514.0,0.789,0.5634,-11.406,3028.0,-3837.8,31,-969.8,969.8,0.4805,0.4839,-31.284,897.0,-1866.8,False
IFB_0944,kdjma,both,PRE_RTH,1.5,1.0,12,True,3,102,-1779.6,2182.0,0.688,0.5392,-17.447,3925.0,-5704.6,71,-809.8,1514.0,0.789,0.5634,-11.406,3028.0,-3837.8,31,-969.8,969.8,0.4805,0.4839,-31.284,897.0,-1866.8,False
IFB_0949,kdjma,both,PRE_RTH,1.5,1.5,6,False,1,46,-1230.8,1269.0,0.5583,0.3696,-26.757,1555.4,-2786.2,32,-889.6,1083.4,0.5827,0.3438,-27.8,1242.2,-2131.8,14,-341.2,379.4,0.4786,0.4286,-24.372,313.2,-654.4,False
IFB_0951,kdjma,both,PRE_RTH,1.5,1.5,6,True,1,46,-1230.8,1269.0,0.5583,0.3696,-26.757,1555.4,-2786.2,32,-889.6,1083.4,0.5827,0.3438,-27.8,1242.2,-2131.8,14,-341.2,379.4,0.4786,0.4286,-24.372,313.2,-654.4,False
IFB_0602,emapmo_early,long,ALL,1.5,1.0,6,False,3,52,-473.61,1021.2,0.7669,0.5577,-9.108,1557.8,-2031.41,32,-883.61,1021.2,0.4715,0.375,-27.613,788.4,-1672.01,20,410.0,263.4,2.1408,0.85,20.5,769.4,-359.4,False
IFB_0604,emapmo_early,long,ALL,1.5,1.0,6,True,3,52,-473.61,1021.2,0.7669,0.5577,-9.108,1557.8,-2031.41,32,-883.61,1021.2,0.4715,0.375,-27.613,788.4,-1672.01,20,410.0,263.4,2.1408,0.85,20.5,769.4,-359.4,False
IFB_0961,kdjma,both,RTH,1.0,0.75,6,False,1,43,-367.4,730.6,0.8064,0.5116,-8.544,1530.4,-1897.8,30,-42.0,375.2,0.9673,0.5667,-1.4,1243.4,-1285.4,13,-325.4,406.2,0.4686,0.3846,-25.031,287.0,-612.4,False
IFB_0963,kdjma,both,RTH,1.0,0.75,6,True,1,43,-367.4,730.6,0.8064,0.5116,-8.544,1530.4,-1897.8,30,-42.0,375.2,0.9673,0.5667,-1.4,1243.4,-1285.4,13,-325.4,406.2,0.4686,0.3846,-25.031,287.0,-612.4,False
IFB_1114,kdjma,long,RTH,1.0,0.75,24,False,3,36,-976.8,1191.8,0.5336,0.4722,-27.133,1117.4,-2094.2,25,-593.0,775.8,0.5682,0.44,-23.72,780.2,-1373.2,11,-383.8,496.2,0.4677,0.5455,-34.891,337.2,-721.0,False
IFB_1116,kdjma,long,RTH,1.0,0.75,24,True,3,36,-976.8,1191.8,0.5336,0.4722,-27.133,1117.4,-2094.2,25,-593.0,775.8,0.5682,0.44,-23.72,780.2,-1373.2,11,-383.8,496.2,0.4677,0.5455,-34.891,337.2,-721.0,False
IFB_1102,kdjma,long,PRE_RTH,1.5,1.5,24,False,3,52,-1361.6,1908.8,0.6534,0.4615,-26.185,2566.8,-3928.4,35,-607.0,1318.4,0.7586,0.4571,-17.343,1907.2,-2514.2,17,-754.6,792.8,0.4664,0.4706,-44.388,659.6,-1414.2,False
IFB_1104,kdjma,long,PRE_RTH,1.5,1.5,24,True,3,52,-1361.6,1908.8,0.6534,0.4615,-26.185,2566.8,-3928.4,35,-607.0,1318.4,0.7586,0.4571,-17.343,1907.2,-2514.2,17,-754.6,792.8,0.4664,0.4706,-44.388,659.6,-1414.2,False
IFB_0910,kdjma,both,ALL,1.5,1.5,24,False,3,143,-2097.4,2135.6,0.6428,0.4406,-14.667,3774.6,-5872.0,98,-954.4,1211.0,0.7443,0.449,-9.739,2778.8,-3733.2,45,-1143.0,1181.2,0.4656,0.4222,-25.4,995.8,-2138.8,False
IFB_0912,kdjma,both,ALL,1.5,1.5,24,True,3,143,-2097.4,2135.6,0.6428,0.4406,-14.667,3774.6,-5872.0,98,-954.4,1211.0,0.7443,0.449,-9.739,2778.8,-3733.2,45,-1143.0,1181.2,0.4656,0.4222,-25.4,995.8,-2138.8,False
IFB_1042,kdjma,long,ALL,1.5,1.0,24,False,3,109,-1116.2,1786.6,0.7257,0.578,-10.24,2952.6,-4068.8,70,-146.0,768.4,0.9353,0.6143,-2.086,2110.6,-2256.6,39,-970.2,1100.8,0.4646,0.5128,-24.877,842.0,-1812.2,False
IFB_1044,kdjma,long,ALL,1.5,1.0,24,True,3,109,-1116.2,1786.6,0.7257,0.578,-10.24,2952.6,-4068.8,70,-146.0,768.4,0.9353,0.6143,-2.086,2110.6,-2256.6,39,-970.2,1100.8,0.4646,0.5128,-24.877,842.0,-1812.2,False
IFB_0441,emapmo_early,both,ALL,1.0,0.75,24,False,1,40,-566.0,947.4,0.6414,0.525,-14.15,1012.2,-1578.2,28,-676.4,901.2,0.4644,0.4643,-24.157,586.6,-1263.0,12,110.4,157.6,1.3503,0.6667,9.2,425.6,-315.2,False
IFB_0443,emapmo_early,both,ALL,1.0,0.75,24,True,1,40,-566.0,947.4,0.6414,0.525,-14.15,1012.2,-1578.2,28,-676.4,901.2,0.4644,0.4643,-24.157,586.6,-1263.0,12,110.4,157.6,1.3503,0.6667,9.2,425.6,-315.2,False
IFB_0437,emapmo_early,both,ALL,1.0,0.75,12,False,1,40,-692.0,947.4,0.5615,0.525,-17.3,886.2,-1578.2,28,-676.4,901.2,0.4644,0.4643,-24.157,586.6,-1263.0,12,-15.6,157.6,0.9505,0.6667,-1.3,299.6,-315.2,False
IFB_0439,emapmo_early,both,ALL,1.0,0.75,12,True,1,40,-692.0,947.4,0.5615,0.525,-17.3,886.2,-1578.2,28,-676.4,901.2,0.4644,0.4643,-24.157,586.6,-1263.0,12,-15.6,157.6,0.9505,0.6667,-1.3,299.6,-315.2,False
IFB_0998,kdjma,both,RTH,1.5,1.5,6,False,3,80,-1540.0,1769.4,0.7036,0.45,-19.25,3655.2,-5195.2,56,-740.8,1307.4,0.8,0.4821,-13.229,2963.4,-3704.2,24,-799.2,799.2,0.464,0.375,-33.3,691.8,-1491.0,False
IFB_1000,kdjma,both,RTH,1.5,1.5,6,True,3,80,-1540.0,1769.4,0.7036,0.45,-19.25,3655.2,-5195.2,56,-740.8,1307.4,0.8,0.4821,-13.229,2963.4,-3704.2,24,-799.2,799.2,0.464,0.375,-33.3,691.8,-1491.0,False
IFB_1134,kdjma,long,RTH,1.5,1.0,12,False,3,35,-1369.0,1687.6,0.5008,0.4571,-39.114,1373.2,-2742.2,24,-913.2,1342.0,0.5187,0.4583,-38.05,984.2,-1897.4,11,-455.8,455.8,0.4605,0.4545,-41.436,389.0,-844.8,False
IFB_1136,kdjma,long,RTH,1.5,1.0,12,True,3,35,-1369.0,1687.6,0.5008,0.4571,-39.114,1373.2,-2742.2,24,-913.2,1342.0,0.5187,0.4583,-38.05,984.2,-1897.4,11,-455.8,455.8,0.4605,0.4545,-41.436,389.0,-844.8,False
IFB_0665,emapmo_early,long,PRE_RTH,1.5,1.5,12,False,1,12,-159.6,782.6,0.8568,0.5,-13.3,955.2,-1114.8,9,79.8,475.0,1.1175,0.4444,8.867,758.8,-679.0,3,-239.4,435.8,0.4507,0.6667,-79.8,196.4,-435.8,False
IFB_0667,emapmo_early,long,PRE_RTH,1.5,1.5,12,True,1,12,-159.6,782.6,0.8568,0.5,-13.3,955.2,-1114.8,9,79.8,475.0,1.1175,0.4444,8.867,758.8,-679.0,3,-239.4,435.8,0.4507,0.6667,-79.8,196.4,-435.8,False
IFB_0669,emapmo_early,long,PRE_RTH,1.5,1.5,24,False,1,12,-3.6,674.6,0.9966,0.5,-0.3,1063.2,-1066.8,9,235.8,367.0,1.3737,0.4444,26.2,866.8,-631.0,3,-239.4,435.8,0.4507,0.6667,-79.8,196.4,-435.8,False
IFB_0671,emapmo_early,long,PRE_RTH,1.5,1.5,24,True,1,12,-3.6,674.6,0.9966,0.5,-0.3,1063.2,-1066.8,9,235.8,367.0,1.3737,0.4444,26.2,866.8,-631.0,3,-239.4,435.8,0.4507,0.6667,-79.8,196.4,-435.8,False
IFB_0962,kdjma,both,RTH,1.0,0.75,6,False,3,83,-1431.4,1761.8,0.6398,0.4819,-17.246,2542.0,-3973.4,59,-782.2,1136.0,0.7199,0.5085,-13.258,2010.0,-2792.2,24,-649.2,706.0,0.4504,0.4167,-27.05,532.0,-1181.2,False
IFB_0964,kdjma,both,RTH,1.0,0.75,6,True,3,83,-1431.4,1761.8,0.6398,0.4819,-17.246,2542.0,-3973.4,59,-782.2,1136.0,0.7199,0.5085,-13.258,2010.0,-2792.2,24,-649.2,706.0,0.4504,0.4167,-27.05,532.0,-1181.2,False
IFB_1269,kdjma,short,RTH,1.0,1.0,24,False,1,31,-771.8,949.8,0.6221,0.4194,-24.897,1270.6,-2042.4,23,-387.4,523.4,0.7121,0.4348,-16.843,958.0,-1345.4,8,-384.4,539.4,0.4485,0.375,-48.05,312.6,-697.0,False
IFB_1271,kdjma,short,RTH,1.0,1.0,24,True,1,31,-771.8,949.8,0.6221,0.4194,-24.897,1270.6,-2042.4,23,-387.4,523.4,0.7121,0.4348,-16.843,958.0,-1345.4,8,-384.4,539.4,0.4485,0.375,-48.05,312.6,-697.0,False
IFB_0641,emapmo_early,long,PRE_RTH,1.0,1.0,12,False,1,12,-369.6,566.0,0.5985,0.4167,-30.8,551.0,-920.6,9,-208.2,360.4,0.6689,0.3333,-23.133,420.6,-628.8,3,-161.4,291.8,0.4469,0.6667,-53.8,130.4,-291.8,False
IFB_0643,emapmo_early,long,PRE_RTH,1.0,1.0,12,True,1,12,-369.6,566.0,0.5985,0.4167,-30.8,551.0,-920.6,9,-208.2,360.4,0.6689,0.3333,-23.133,420.6,-628.8,3,-161.4,291.8,0.4469,0.6667,-53.8,130.4,-291.8,False
IFB_0645,emapmo_early,long,PRE_RTH,1.0,1.0,24,False,1,12,-453.6,650.0,0.5485,0.4167,-37.8,551.0,-1004.6,9,-292.2,444.4,0.5901,0.3333,-32.467,420.6,-712.8,3,-161.4,291.8,0.4469,0.6667,-53.8,130.4,-291.8,False
IFB_0647,emapmo_early,long,PRE_RTH,1.0,1.0,24,True,1,12,-453.6,650.0,0.5485,0.4167,-37.8,551.0,-1004.6,9,-292.2,444.4,0.5901,0.3333,-32.467,420.6,-712.8,3,-161.4,291.8,0.4469,0.6667,-53.8,130.4,-291.8,False
IFB_1145,kdjma,long,RTH,1.5,1.5,12,False,1,24,-187.2,693.6,0.8908,0.5,-7.8,1526.4,-1713.6,16,185.2,321.2,1.178,0.5625,11.575,1225.8,-1040.6,8,-372.4,372.4,0.4467,0.375,-46.55,300.6,-673.0,False
IFB_1147,kdjma,long,RTH,1.5,1.5,12,True,1,24,-187.2,693.6,0.8908,0.5,-7.8,1526.4,-1713.6,16,185.2,321.2,1.178,0.5625,11.575,1225.8,-1040.6,8,-372.4,372.4,0.4467,0.375,-46.55,300.6,-673.0,False
IFB_0990,kdjma,both,RTH,1.5,1.0,12,False,3,79,-2064.2,2220.8,0.6114,0.4937,-26.129,3247.8,-5312.0,56,-1070.8,1602.8,0.6967,0.5357,-19.121,2460.0,-3530.8,23,-993.4,993.4,0.4423,0.3913,-43.191,787.8,-1781.2,False
IFB_0992,kdjma,both,RTH,1.5,1.0,12,True,3,79,-2064.2,2220.8,0.6114,0.4937,-26.129,3247.8,-5312.0,56,-1070.8,1602.8,0.6967,0.5357,-19.121,2460.0,-3530.8,23,-993.4,993.4,0.4423,0.3913,-43.191,787.8,-1781.2,False
IFB_0914,kdjma,both,PRE_RTH,1.0,0.75,6,False,3,103,-1447.4,1759.2,0.6615,0.4854,-14.052,2828.0,-4275.4,72,-765.6,1082.4,0.7494,0.5139,-10.633,2289.4,-3055.0,31,-681.8,745.2,0.4413,0.4194,-21.994,538.6,-1220.4,False
IFB_0916,kdjma,both,PRE_RTH,1.0,0.75,6,True,3,103,-1447.4,1759.2,0.6615,0.4854,-14.052,2828.0,-4275.4,72,-765.6,1082.4,0.7494,0.5139,-10.633,2289.4,-3055.0,31,-681.8,745.2,0.4413,0.4194,-21.994,538.6,-1220.4,False
IFB_0978,kdjma,both,RTH,1.0,1.0,12,False,3,81,-1939.8,2225.4,0.5878,0.4074,-23.948,2766.6,-4706.4,57,-1092.6,1503.2,0.6579,0.4386,-19.168,2101.0,-3193.6,24,-847.2,847.2,0.44,0.3333,-35.3,665.6,-1512.8,False
IFB_0980,kdjma,both,RTH,1.0,1.0,12,True,3,81,-1939.8,2225.4,0.5878,0.4074,-23.948,2766.6,-4706.4,57,-1092.6,1503.2,0.6579,0.4386,-19.168,2101.0,-3193.6,24,-847.2,847.2,0.44,0.3333,-35.3,665.6,-1512.8,False
IFB_0986,kdjma,both,RTH,1.5,1.0,6,False,3,80,-2308.0,2464.6,0.5528,0.4625,-28.85,2853.4,-5161.4,56,-1466.8,1810.6,0.6004,0.5,-26.193,2203.6,-3670.4,24,-841.2,841.2,0.4358,0.375,-35.05,649.8,-1491.0,False
IFB_0988,kdjma,both,RTH,1.5,1.0,6,True,3,80,-2308.0,2464.6,0.5528,0.4625,-28.85,2853.4,-5161.4,56,-1466.8,1810.6,0.6004,0.5,-26.193,2203.6,-3670.4,24,-841.2,841.2,0.4358,0.375,-35.05,649.8,-1491.0,False
IFB_0930,kdjma,both,PRE_RTH,1.0,1.0,12,False,3,102,-1995.6,2308.0,0.6093,0.4216,-19.565,3112.6,-5108.2,71,-1109.8,1505.2,0.6874,0.4507,-15.631,2440.4,-3550.2,31,-885.8,983.0,0.4315,0.3548,-28.574,672.2,-1558.0,False
IFB_0932,kdjma,both,PRE_RTH,1.0,1.0,12,True,3,102,-1995.6,2308.0,0.6093,0.4216,-19.565,3112.6,-5108.2,71,-1109.8,1505.2,0.6874,0.4507,-15.631,2440.4,-3550.2,31,-885.8,983.0,0.4315,0.3548,-28.574,672.2,-1558.0,False
IFB_0529,emapmo_early,both,RTH,1.0,0.75,6,False,1,28,-382.4,826.6,0.7309,0.5,-13.657,1038.8,-1421.2,19,-726.2,826.6,0.428,0.3684,-38.221,543.4,-1269.6,9,343.8,93.8,3.2679,0.7778,38.2,495.4,-151.6,False
IFB_0531,emapmo_early,both,RTH,1.0,0.75,6,True,1,28,-382.4,826.6,0.7309,0.5,-13.657,1038.8,-1421.2,19,-726.2,826.6,0.428,0.3684,-38.221,543.4,-1269.6,9,343.8,93.8,3.2679,0.7778,38.2,495.4,-151.6,False
IFB_0997,kdjma,both,RTH,1.5,1.5,6,False,1,43,-913.4,913.4,0.6711,0.4186,-21.242,1863.6,-2777.0,30,-462.0,616.4,0.7679,0.4333,-15.4,1528.6,-1990.6,13,-451.4,451.4,0.426,0.3846,-34.723,335.0,-786.4,False
IFB_0999,kdjma,both,RTH,1.5,1.5,6,True,1,43,-913.4,913.4,0.6711,0.4186,-21.242,1863.6,-2777.0,30,-462.0,616.4,0.7679,0.4333,-15.4,1528.6,-1990.6,13,-451.4,451.4,0.426,0.3846,-34.723,335.0,-786.4,False
IFB_1278,kdjma,short,RTH,1.5,1.0,12,False,3,44,-695.2,953.6,0.7295,0.5227,-15.8,1874.6,-2569.8,32,-157.6,953.6,0.9035,0.5938,-4.925,1475.8,-1633.4,12,-537.6,616.2,0.4259,0.3333,-44.8,398.8,-936.4,False
IFB_1280,kdjma,short,RTH,1.5,1.0,12,True,3,44,-695.2,953.6,0.7295,0.5227,-15.8,1874.6,-2569.8,32,-157.6,953.6,0.9035,0.5938,-4.925,1475.8,-1633.4,12,-537.6,616.2,0.4259,0.3333,-44.8,398.8,-936.4,False
IFB_1121,kdjma,long,RTH,1.0,1.0,12,False,1,24,-337.2,499.8,0.7339,0.4583,-14.05,930.2,-1267.4,16,-60.8,224.6,0.9227,0.5,-3.8,725.6,-786.4,8,-276.4,276.4,0.4254,0.375,-34.55,204.6,-481.0,False
IFB_1123,kdjma,long,RTH,1.0,1.0,12,True,1,24,-337.2,499.8,0.7339,0.4583,-14.05,930.2,-1267.4,16,-60.8,224.6,0.9227,0.5,-3.8,725.6,-786.4,8,-276.4,276.4,0.4254,0.375,-34.55,204.6,-481.0,False
IFB_1006,kdjma,both,RTH,1.5,1.5,24,False,3,79,-1368.2,1902.0,0.781,0.4937,-17.319,4879.8,-6248.0,56,51.2,1152.0,1.0135,0.5357,0.914,3834.0,-3782.8,23,-1419.4,1419.4,0.4242,0.3913,-61.713,1045.8,-2465.2,False
IFB_1008,kdjma,both,RTH,1.5,1.5,24,True,3,79,-1368.2,1902.0,0.781,0.4937,-17.319,4879.8,-6248.0,56,51.2,1152.0,1.0135,0.5357,0.914,3834.0,-3782.8,23,-1419.4,1419.4,0.4242,0.3913,-61.713,1045.8,-2465.2,False
IFB_0973,kdjma,both,RTH,1.0,1.0,6,False,1,43,-1033.4,1069.0,0.579,0.3721,-24.033,1421.2,-2454.6,30,-630.0,718.0,0.6421,0.4,-21.0,1130.4,-1760.4,13,-403.4,440.0,0.4189,0.3077,-31.031,290.8,-694.2,False
IFB_0975,kdjma,both,RTH,1.0,1.0,6,True,1,43,-1033.4,1069.0,0.579,0.3721,-24.033,1421.2,-2454.6,30,-630.0,718.0,0.6421,0.4,-21.0,1130.4,-1760.4,13,-403.4,440.0,0.4189,0.3077,-31.031,290.8,-694.2,False
IFB_0982,kdjma,both,RTH,1.0,1.0,24,False,3,81,-2029.8,2519.0,0.6005,0.4198,-25.059,3050.8,-5080.6,57,-930.6,1503.2,0.7086,0.4386,-16.326,2263.0,-3193.6,24,-1099.2,1140.8,0.4175,0.375,-45.8,787.8,-1887.0,False
IFB_0984,kdjma,both,RTH,1.0,1.0,24,True,3,81,-2029.8,2519.0,0.6005,0.4198,-25.059,3050.8,-5080.6,57,-930.6,1503.2,0.7086,0.4386,-16.326,2263.0,-3193.6,24,-1099.2,1140.8,0.4175,0.375,-45.8,787.8,-1887.0,False
IFB_0533,emapmo_early,both,RTH,1.0,0.75,12,False,1,28,-808.4,1147.8,0.5501,0.4643,-28.871,988.6,-1797.0,19,-762.2,862.6,0.4162,0.3684,-40.116,543.4,-1305.6,9,-46.2,335.4,0.906,0.6667,-5.133,445.2,-491.4,False
IFB_0535,emapmo_early,both,RTH,1.0,0.75,12,True,1,28,-808.4,1147.8,0.5501,0.4643,-28.871,988.6,-1797.0,19,-762.2,862.6,0.4162,0.3684,-40.116,543.4,-1305.6,9,-46.2,335.4,0.906,0.6667,-5.133,445.2,-491.4,False
IFB_1282,kdjma,short,RTH,1.5,1.0,24,False,3,44,-677.2,990.4,0.7706,0.5682,-15.391,2275.0,-2952.2,32,58.4,779.6,1.0344,0.625,1.825,1754.0,-1695.6,12,-735.6,892.2,0.4146,0.4167,-61.3,521.0,-1256.6,False
IFB_1284,kdjma,short,RTH,1.5,1.0,24,True,3,44,-677.2,990.4,0.7706,0.5682,-15.391,2275.0,-2952.2,32,58.4,779.6,1.0344,0.625,1.825,1754.0,-1695.6,12,-735.6,892.2,0.4146,0.4167,-61.3,521.0,-1256.6,False
IFB_0621,emapmo_early,long,ALL,1.5,1.5,24,False,1,19,-408.2,663.0,0.666,0.5263,-21.484,814.0,-1222.2,12,-513.6,551.8,0.414,0.3333,-42.8,362.8,-876.4,7,105.4,345.8,1.3048,0.8571,15.057,451.2,-345.8,False
IFB_0623,emapmo_early,long,ALL,1.5,1.5,24,True,1,19,-408.2,663.0,0.666,0.5263,-21.484,814.0,-1222.2,12,-513.6,551.8,0.414,0.3333,-42.8,362.8,-876.4,7,105.4,345.8,1.3048,0.8571,15.057,451.2,-345.8,False
IFB_0890,kdjma,both,ALL,1.5,1.0,6,False,3,143,-1473.4,1493.6,0.6457,0.5245,-10.304,2684.99,-4158.4,98,-528.4,659.01,0.7925,0.5408,-5.392,2018.6,-2547.0,45,-945.0,1015.4,0.4136,0.4889,-21.0,666.4,-1611.4,False
IFB_0892,kdjma,both,ALL,1.5,1.0,6,True,3,143,-1473.4,1493.6,0.6457,0.5245,-10.304,2684.99,-4158.4,98,-528.4,659.01,0.7925,0.5408,-5.392,2018.6,-2547.0,45,-945.0,1015.4,0.4136,0.4889,-21.0,666.4,-1611.4,False
IFB_0958,kdjma,both,PRE_RTH,1.5,1.5,24,False,3,102,-1611.6,2400.2,0.7761,0.4804,-15.8,5585.8,-7197.4,71,24.2,1292.0,1.0055,0.5211,0.341,4449.4,-4425.2,31,-1635.8,1635.8,0.4099,0.3871,-52.768,1136.4,-2772.2,False
IFB_0960,kdjma,both,PRE_RTH,1.5,1.5,24,True,3,102,-1611.6,2400.2,0.7761,0.4804,-15.8,5585.8,-7197.4,71,24.2,1292.0,1.0055,0.5211,0.341,4449.4,-4425.2,31,-1635.8,1635.8,0.4099,0.3871,-52.768,1136.4,-2772.2,False
IFB_0617,emapmo_early,long,ALL,1.5,1.5,12,False,1,19,-444.2,693.0,0.6486,0.5263,-23.379,820.0,-1264.2,12,-543.6,629.8,0.4081,0.3333,-45.3,374.8,-918.4,7,99.4,345.8,1.2875,0.8571,14.2,445.2,-345.8,False
IFB_0619,emapmo_early,long,ALL,1.5,1.5,12,True,1,19,-444.2,693.0,0.6486,0.5263,-23.379,820.0,-1264.2,12,-543.6,629.8,0.4081,0.3333,-45.3,374.8,-918.4,7,99.4,345.8,1.2875,0.8571,14.2,445.2,-345.8,False
IFB_1078,kdjma,long,PRE_RTH,1.0,1.0,24,False,3,53,-1119.4,1273.8,0.5962,0.434,-21.121,1652.6,-2772.0,36,-532.8,840.0,0.7017,0.4444,-14.8,1253.2,-1786.0,17,-586.6,612.8,0.4051,0.4118,-34.506,399.4,-986.0,False
IFB_1080,kdjma,long,PRE_RTH,1.0,1.0,24,True,3,53,-1119.4,1273.8,0.5962,0.434,-21.121,1652.6,-2772.0,36,-532.8,840.0,0.7017,0.4444,-14.8,1253.2,-1786.0,17,-586.6,612.8,0.4051,0.4118,-34.506,399.4,-986.0,False
IFB_0445,emapmo_early,both,ALL,1.0,1.0,6,False,1,40,-674.0,898.4,0.5722,0.425,-16.85,901.4,-1575.4,28,-826.4,887.0,0.4022,0.3571,-29.514,556.0,-1382.4,12,152.4,131.4,1.7897,0.5833,12.7,345.4,-193.0,False
IFB_0447,emapmo_early,both,ALL,1.0,1.0,6,True,1,40,-674.0,898.4,0.5722,0.425,-16.85,901.4,-1575.4,28,-826.4,887.0,0.4022,0.3571,-29.514,556.0,-1382.4,12,152.4,131.4,1.7897,0.5833,12.7,345.4,-193.0,False
IFB_0594,emapmo_early,long,ALL,1.0,1.0,12,False,3,52,-689.6,1115.8,0.6812,0.5,-13.262,1473.2,-2162.8,31,-1059.8,1100.2,0.4011,0.2903,-34.187,709.8,-1769.6,21,370.2,245.4,1.9415,0.8095,17.629,763.4,-393.2,False
IFB_0596,emapmo_early,long,ALL,1.0,1.0,12,True,3,52,-689.6,1115.8,0.6812,0.5,-13.262,1473.2,-2162.8,31,-1059.8,1100.2,0.4011,0.2903,-34.187,709.8,-1769.6,21,370.2,245.4,1.9415,0.8095,17.629,763.4,-393.2,False
IFB_0878,kdjma,both,ALL,1.0,1.0,6,False,3,143,-1251.4,1271.6,0.6487,0.4406,-8.751,2310.59,-3561.99,98,-444.4,755.0,0.7996,0.4592,-4.535,1773.0,-2217.4,45,-807.0,877.4,0.3998,0.4,-17.933,537.6,-1344.6,False
IFB_0880,kdjma,both,ALL,1.0,1.0,6,True,3,143,-1251.4,1271.6,0.6487,0.4406,-8.751,2310.59,-3561.99,98,-444.4,755.0,0.7996,0.4592,-4.535,1773.0,-2217.4,45,-807.0,877.4,0.3998,0.4,-17.933,537.6,-1344.6,False
IFB_0966,kdjma,both,RTH,1.0,0.75,12,False,3,83,-1557.4,1913.4,0.6261,0.4819,-18.764,2608.0,-4165.4,59,-698.2,1078.2,0.7447,0.5254,-11.834,2036.2,-2734.4,24,-859.2,915.4,0.3996,0.375,-35.8,571.8,-1431.0,False
IFB_0968,kdjma,both,RTH,1.0,0.75,12,True,3,83,-1557.4,1913.4,0.6261,0.4819,-18.764,2608.0,-4165.4,59,-698.2,1078.2,0.7447,0.5254,-11.834,2036.2,-2734.4,24,-859.2,915.4,0.3996,0.375,-35.8,571.8,-1431.0,False
IFB_1022,kdjma,long,ALL,1.0,1.0,6,False,3,110,-730.0,1152.6,0.7471,0.4545,-6.636,2156.0,-2886.0,70,16.0,494.4,1.0097,0.5,0.229,1661.0,-1645.0,40,-746.0,811.0,0.3989,0.375,-18.65,495.0,-1241.0,False
IFB_1024,kdjma,long,ALL,1.0,1.0,6,True,3,110,-730.0,1152.6,0.7471,0.4545,-6.636,2156.0,-2886.0,70,16.0,494.4,1.0097,0.5,0.229,1661.0,-1645.0,40,-746.0,811.0,0.3989,0.375,-18.65,495.0,-1241.0,False
IFB_0898,kdjma,both,ALL,1.5,1.0,24,False,3,143,-1809.4,1829.6,0.6294,0.5385,-12.653,3073.4,-4882.8,98,-624.4,692.6,0.7855,0.5612,-6.371,2287.0,-2911.4,45,-1185.0,1205.2,0.3989,0.4889,-26.333,786.4,-1971.4,False
IFB_0900,kdjma,both,ALL,1.5,1.0,24,True,3,143,-1809.4,1829.6,0.6294,0.5385,-12.653,3073.4,-4882.8,98,-624.4,692.6,0.7855,0.5612,-6.371,2287.0,-2911.4,45,-1185.0,1205.2,0.3989,0.4889,-26.333,786.4,-1971.4,False
IFB_1222,kdjma,short,PRE_RTH,1.0,1.0,24,False,3,56,-962.8,1417.0,0.6811,0.4286,-17.193,2056.8,-3019.6,38,-246.4,780.2,0.8652,0.4737,-6.484,1581.6,-1828.0,18,-716.4,828.4,0.3988,0.3333,-39.8,475.2,-1191.6,False
IFB_1224,kdjma,short,PRE_RTH,1.0,1.0,24,True,3,56,-962.8,1417.0,0.6811,0.4286,-17.193,2056.8,-3019.6,38,-246.4,780.2,0.8652,0.4737,-6.484,1581.6,-1828.0,18,-716.4,828.4,0.3988,0.3333,-39.8,475.2,-1191.6,False
IFB_1050,kdjma,long,ALL,1.5,1.5,12,False,3,109,-924.2,1649.6,0.8002,0.4954,-8.479,3700.8,-4625.0,70,388.0,662.6,1.1586,0.5571,5.543,2833.8,-2445.8,39,-1312.2,1425.2,0.3979,0.3846,-33.646,867.0,-2179.2,False
IFB_1052,kdjma,long,ALL,1.5,1.5,12,True,3,109,-924.2,1649.6,0.8002,0.4954,-8.479,3700.8,-4625.0,70,388.0,662.6,1.1586,0.5571,5.543,2833.8,-2445.8,39,-1312.2,1425.2,0.3979,0.3846,-33.646,867.0,-2179.2,False
IFB_1225,kdjma,short,PRE_RTH,1.5,1.0,6,False,1,34,-789.2,863.4,0.5766,0.4118,-23.212,1074.8,-1864.0,25,-485.0,634.6,0.6437,0.44,-19.4,876.2,-1361.2,9,-304.2,304.2,0.395,0.3333,-33.8,198.6,-502.8,False
IFB_1227,kdjma,short,PRE_RTH,1.5,1.0,6,True,1,34,-789.2,863.4,0.5766,0.4118,-23.212,1074.8,-1864.0,25,-485.0,634.6,0.6437,0.44,-19.4,876.2,-1361.2,9,-304.2,304.2,0.395,0.3333,-33.8,198.6,-502.8,False
IFB_1154,kdjma,short,ALL,1.0,0.75,6,False,3,121,-1449.8,1464.0,0.5789,0.4545,-11.982,1993.0,-3442.8,87,-756.6,882.4,0.6709,0.4713,-8.697,1542.2,-2298.8,34,-693.2,724.4,0.3941,0.4118,-20.388,450.8,-1144.0,False
IFB_1156,kdjma,short,ALL,1.0,0.75,6,True,3,121,-1449.8,1464.0,0.5789,0.4545,-11.982,1993.0,-3442.8,87,-756.6,882.4,0.6709,0.4713,-8.697,1542.2,-2298.8,34,-693.2,724.4,0.3941,0.4118,-20.388,450.8,-1144.0,False
IFB_1162,kdjma,short,ALL,1.0,0.75,24,False,3,121,-1383.8,1398.0,0.6325,0.4959,-11.436,2382.0,-3765.8,87,-438.6,564.4,0.8015,0.5057,-5.041,1770.8,-2209.4,34,-945.2,976.4,0.3927,0.4706,-27.8,611.2,-1556.4,False
IFB_1164,kdjma,short,ALL,1.0,0.75,24,True,3,121,-1383.8,1398.0,0.6325,0.4959,-11.436,2382.0,-3765.8,87,-438.6,564.4,0.8015,0.5057,-5.041,1770.8,-2209.4,34,-945.2,976.4,0.3927,0.4706,-27.8,611.2,-1556.4,False
IFB_0877,kdjma,both,ALL,1.0,1.0,6,False,1,48,-776.4,776.4,0.4414,0.3542,-16.175,613.4,-1389.8,33,-485.4,529.6,0.4675,0.3333,-14.709,426.2,-911.6,15,-291.0,389.8,0.3915,0.4,-19.4,187.2,-478.2,False
IFB_0879,kdjma,both,ALL,1.0,1.0,6,True,1,48,-776.4,776.4,0.4414,0.3542,-16.175,613.4,-1389.8,33,-485.4,529.6,0.4675,0.3333,-14.709,426.2,-911.6,15,-291.0,389.8,0.3915,0.4,-19.4,187.2,-478.2,False
IFB_0537,emapmo_early,both,RTH,1.0,0.75,24,False,1,28,-892.4,1231.8,0.5256,0.4643,-31.871,988.6,-1881.0,19,-846.2,946.6,0.391,0.3684,-44.537,543.4,-1389.6,9,-46.2,335.4,0.906,0.6667,-5.133,445.2,-491.4,False
IFB_0539,emapmo_early,both,RTH,1.0,0.75,24,True,1,28,-892.4,1231.8,0.5256,0.4643,-31.871,988.6,-1881.0,19,-846.2,946.6,0.391,0.3684,-44.537,543.4,-1389.6,9,-46.2,335.4,0.906,0.6667,-5.133,445.2,-491.4,False
IFB_1090,kdjma,long,PRE_RTH,1.5,1.0,24,False,3,52,-1517.6,2022.8,0.5621,0.5577,-29.185,1947.8,-3465.4,35,-733.0,1348.4,0.6636,0.5429,-20.943,1445.8,-2178.8,17,-784.6,810.8,0.3902,0.5882,-46.153,502.0,-1286.6,False
IFB_1092,kdjma,long,PRE_RTH,1.5,1.0,24,True,3,52,-1517.6,2022.8,0.5621,0.5577,-29.185,1947.8,-3465.4,35,-733.0,1348.4,0.6636,0.5429,-20.943,1445.8,-2178.8,17,-784.6,810.8,0.3902,0.5882,-46.153,502.0,-1286.6,False
IFB_0250,emapmo_normal,long,RTH,1.0,0.75,24,False,3,12,236.4,157.0,1.75,0.6667,19.7,551.6,-315.2,7,393.4,57.8,7.8062,0.8571,56.2,451.2,-57.8,5,-157.0,157.0,0.3901,0.4,-31.4,100.4,-257.4,False
IFB_0252,emapmo_normal,long,RTH,1.0,0.75,24,True,3,12,236.4,157.0,1.75,0.6667,19.7,551.6,-315.2,7,393.4,57.8,7.8062,0.8571,56.2,451.2,-57.8,5,-157.0,157.0,0.3901,0.4,-31.4,100.4,-257.4,False
IFB_1041,kdjma,long,ALL,1.5,1.0,24,False,1,45,-711.0,853.0,0.5565,0.4667,-15.8,892.2,-1603.2,31,-387.8,574.0,0.6399,0.5161,-12.51,689.2,-1077.0,14,-323.2,376.2,0.3858,0.3571,-23.086,203.0,-526.2,False
IFB_1043,kdjma,long,ALL,1.5,1.0,24,True,1,45,-711.0,853.0,0.5565,0.4667,-15.8,892.2,-1603.2,31,-387.8,574.0,0.6399,0.5161,-12.51,689.2,-1077.0,14,-323.2,376.2,0.3858,0.3571,-23.086,203.0,-526.2,False
IFB_0909,kdjma,both,ALL,1.5,1.5,24,False,1,48,-962.4,1051.6,0.531,0.375,-20.05,1089.6,-2052.0,33,-983.4,1051.6,0.3851,0.303,-29.8,616.0,-1599.4,15,21.0,237.2,1.0464,0.5333,1.4,473.6,-452.6,False
IFB_0911,kdjma,both,ALL,1.5,1.5,24,True,1,48,-962.4,1051.6,0.531,0.375,-20.05,1089.6,-2052.0,33,-983.4,1051.6,0.3851,0.303,-29.8,616.0,-1599.4,15,21.0,237.2,1.0464,0.5333,1.4,473.6,-452.6,False
IFB_1066,kdjma,long,PRE_RTH,1.0,0.75,24,False,3,53,-1191.4,1366.0,0.5347,0.4717,-22.479,1369.0,-2560.4,36,-634.8,834.0,0.6167,0.4722,-17.633,1021.4,-1656.2,17,-556.6,627.0,0.3844,0.4706,-32.741,347.6,-904.2,False
IFB_1068,kdjma,long,PRE_RTH,1.0,0.75,24,True,3,53,-1191.4,1366.0,0.5347,0.4717,-22.479,1369.0,-2560.4,36,-634.8,834.0,0.6167,0.4722,-17.633,1021.4,-1656.2,17,-556.6,627.0,0.3844,0.4706,-32.741,347.6,-904.2,False
IFB_0902,kdjma,both,ALL,1.5,1.5,6,False,3,143,-1803.4,1841.6,0.6181,0.4476,-12.611,2918.8,-4722.2,98,-744.4,1121.0,0.7526,0.4592,-7.596,2265.0,-3009.4,45,-1059.0,1147.4,0.3817,0.4222,-23.533,653.79,-1712.79,False
IFB_0904,kdjma,both,ALL,1.5,1.5,6,True,3,143,-1803.4,1841.6,0.6181,0.4476,-12.611,2918.8,-4722.2,98,-744.4,1121.0,0.7526,0.4592,-7.596,2265.0,-3009.4,45,-1059.0,1147.4,0.3817,0.4222,-23.533,653.79,-1712.79,False
IFB_1230,kdjma,short,PRE_RTH,1.5,1.0,12,False,3,56,-878.8,1035.4,0.7143,0.5,-15.693,2197.6,-3076.4,38,-108.4,941.0,0.9408,0.5789,-2.853,1722.4,-1830.8,18,-770.4,770.4,0.3815,0.3333,-42.8,475.2,-1245.6,False
IFB_1232,kdjma,short,PRE_RTH,1.5,1.0,12,True,3,56,-878.8,1035.4,0.7143,0.5,-15.693,2197.6,-3076.4,38,-108.4,941.0,0.9408,0.5789,-2.853,1722.4,-1830.8,18,-770.4,770.4,0.3815,0.3333,-42.8,475.2,-1245.6,False
IFB_1234,kdjma,short,PRE_RTH,1.5,1.0,24,False,3,56,-860.8,1078.6,0.7511,0.5357,-15.371,2598.0,-3458.8,38,107.6,767.0,1.0568,0.6053,2.832,2000.6,-1893.0,18,-968.4,1029.6,0.3815,0.3889,-53.8,597.4,-1565.8,False
IFB_1236,kdjma,short,PRE_RTH,1.5,1.0,24,True,3,56,-860.8,1078.6,0.7511,0.5357,-15.371,2598.0,-3458.8,38,107.6,767.0,1.0568,0.6053,2.832,2000.6,-1893.0,18,-968.4,1029.6,0.3815,0.3889,-53.8,597.4,-1565.8,False
IFB_1229,kdjma,short,PRE_RTH,1.5,1.0,12,False,1,34,-399.2,502.6,0.7613,0.5,-11.741,1273.4,-1672.6,25,-77.0,502.6,0.9331,0.56,-3.08,1074.8,-1151.8,9,-322.2,322.2,0.3813,0.3333,-35.8,198.6,-520.8,False
IFB_1231,kdjma,short,PRE_RTH,1.5,1.0,12,True,1,34,-399.2,502.6,0.7613,0.5,-11.741,1273.4,-1672.6,25,-77.0,502.6,0.9331,0.56,-3.08,1074.8,-1151.8,9,-322.2,322.2,0.3813,0.3333,-35.8,198.6,-520.8,False
IFB_0229,emapmo_normal,long,PRE_RTH,1.5,1.5,6,False,1,11,480.2,181.6,2.3673,0.6364,43.654,831.4,-351.2,7,585.4,181.6,4.2236,0.7143,83.629,767.0,-181.6,4,-105.2,105.2,0.3797,0.5,-26.301,64.4,-169.6,False
IFB_0231,emapmo_normal,long,PRE_RTH,1.5,1.5,6,True,1,11,480.2,181.6,2.3673,0.6364,43.654,831.4,-351.2,7,585.4,181.6,4.2236,0.7143,83.629,767.0,-181.6,4,-105.2,105.2,0.3797,0.5,-26.301,64.4,-169.6,False
IFB_0886,kdjma,both,ALL,1.0,1.0,24,False,3,143,-1419.4,1439.6,0.6526,0.4476,-9.926,2666.8,-4086.2,98,-312.4,521.0,0.8654,0.4694,-3.188,2009.2,-2321.6,45,-1107.0,1127.2,0.3727,0.4,-24.6,657.6,-1764.6,False
IFB_0888,kdjma,both,ALL,1.0,1.0,24,True,3,143,-1419.4,1439.6,0.6526,0.4476,-9.926,2666.8,-4086.2,98,-312.4,521.0,0.8654,0.4694,-3.188,2009.2,-2321.6,45,-1107.0,1127.2,0.3727,0.4,-24.6,657.6,-1764.6,False
IFB_1038,kdjma,long,ALL,1.5,1.0,12,False,3,109,-1278.2,1876.4,0.6861,0.5688,-11.727,2794.4,-4072.6,70,-50.0,701.8,0.9764,0.6143,-0.714,2068.6,-2118.6,39,-1228.2,1300.8,0.3714,0.4872,-31.492,725.8,-1954.0,False
IFB_1040,kdjma,long,ALL,1.5,1.0,12,True,3,109,-1278.2,1876.4,0.6861,0.5688,-11.727,2794.4,-4072.6,70,-50.0,701.8,0.9764,0.6143,-0.714,2068.6,-2118.6,39,-1228.2,1300.8,0.3714,0.4872,-31.492,725.8,-1954.0,False
IFB_0994,kdjma,both,RTH,1.5,1.0,24,False,3,79,-2484.2,2808.0,0.5949,0.519,-31.446,3648.2,-6132.4,56,-938.8,1680.0,0.7447,0.5536,-16.764,2738.2,-3677.0,23,-1545.4,1545.4,0.3706,0.4348,-67.191,910.0,-2455.4,False
IFB_0996,kdjma,both,RTH,1.5,1.0,24,True,3,79,-2484.2,2808.0,0.5949,0.519,-31.446,3648.2,-6132.4,56,-938.8,1680.0,0.7447,0.5536,-16.764,2738.2,-3677.0,23,-1545.4,1545.4,0.3706,0.4348,-67.191,910.0,-2455.4,False
IFB_1049,kdjma,long,ALL,1.5,1.5,12,False,1,45,-669.0,837.6,0.6226,0.4222,-14.867,1103.8,-1772.8,31,-261.8,521.8,0.7676,0.4516,-8.445,864.8,-1126.6,14,-407.2,562.2,0.3699,0.3571,-29.086,239.0,-646.2,False
IFB_1051,kdjma,long,ALL,1.5,1.5,12,True,1,45,-669.0,837.6,0.6226,0.4222,-14.867,1103.8,-1772.8,31,-261.8,521.8,0.7676,0.4516,-8.445,864.8,-1126.6,14,-407.2,562.2,0.3699,0.3571,-29.086,239.0,-646.2,False
IFB_1270,kdjma,short,RTH,1.0,1.0,24,False,3,45,-1041.0,1420.4,0.6248,0.4222,-23.133,1733.8,-2774.8,32,-355.6,693.0,0.7897,0.4688,-11.113,1335.0,-1690.6,13,-685.4,779.8,0.3678,0.3077,-52.723,398.8,-1084.2,False
IFB_1272,kdjma,short,RTH,1.0,1.0,24,True,3,45,-1041.0,1420.4,0.6248,0.4222,-23.133,1733.8,-2774.8,32,-355.6,693.0,0.7897,0.4688,-11.113,1335.0,-1690.6,13,-685.4,779.8,0.3678,0.3077,-52.723,398.8,-1084.2,False
IFB_1246,kdjma,short,PRE_RTH,1.5,1.5,24,False,3,56,-290.8,998.4,0.9186,0.5,-5.193,3283.6,-3574.4,38,707.6,624.4,1.354,0.5789,18.621,2706.4,-1998.8,18,-998.4,998.4,0.3663,0.3333,-55.467,577.2,-1575.6,False
IFB_1248,kdjma,short,PRE_RTH,1.5,1.5,24,True,3,56,-290.8,998.4,0.9186,0.5,-5.193,3283.6,-3574.4,38,707.6,624.4,1.354,0.5789,18.621,2706.4,-1998.8,18,-998.4,998.4,0.3663,0.3333,-55.467,577.2,-1575.6,False
IFB_0598,emapmo_early,long,ALL,1.0,1.0,24,False,3,52,-893.6,1203.8,0.6102,0.4808,-17.185,1399.0,-2292.6,30,-1152.0,1190.2,0.3649,0.3,-38.4,661.8,-1813.8,22,258.4,245.4,1.5397,0.7273,11.746,737.2,-478.8,False
IFB_0600,emapmo_early,long,ALL,1.0,1.0,24,True,3,52,-893.6,1203.8,0.6102,0.4808,-17.185,1399.0,-2292.6,30,-1152.0,1190.2,0.3649,0.3,-38.4,661.8,-1813.8,22,258.4,245.4,1.5397,0.7273,11.746,737.2,-478.8,False
IFB_1273,kdjma,short,RTH,1.5,1.0,6,False,1,31,-723.8,798.0,0.6037,0.4194,-23.348,1102.6,-1826.4,23,-339.4,552.8,0.7222,0.4783,-14.757,882.2,-1221.6,8,-384.4,384.4,0.3644,0.25,-48.05,220.4,-604.8,False
IFB_1275,kdjma,short,RTH,1.5,1.0,6,True,1,31,-723.8,798.0,0.6037,0.4194,-23.348,1102.6,-1826.4,23,-339.4,552.8,0.7222,0.4783,-14.757,882.2,-1221.6,8,-384.4,384.4,0.3644,0.25,-48.05,220.4,-604.8,False
IFB_1294,kdjma,short,RTH,1.5,1.5,24,False,3,44,-281.2,807.6,0.9083,0.5227,-6.391,2786.6,-3067.8,32,526.4,695.6,1.2922,0.5938,16.45,2327.8,-1801.4,12,-807.6,807.6,0.3623,0.3333,-67.3,458.8,-1266.4,False
IFB_1296,kdjma,short,RTH,1.5,1.5,24,True,3,44,-281.2,807.6,0.9083,0.5227,-6.391,2786.6,-3067.8,32,526.4,695.6,1.2922,0.5938,16.45,2327.8,-1801.4,12,-807.6,807.6,0.3623,0.3333,-67.3,458.8,-1266.4,False
IFB_0970,kdjma,both,RTH,1.0,0.75,24,False,3,83,-1737.4,2222.8,0.6173,0.494,-20.933,2802.2,-4539.6,59,-584.2,1078.2,0.7864,0.5254,-9.902,2150.2,-2734.4,24,-1153.2,1224.8,0.3612,0.4167,-48.05,652.0,-1805.2,False
IFB_0972,kdjma,both,RTH,1.0,0.75,24,True,3,83,-1737.4,2222.8,0.6173,0.494,-20.933,2802.2,-4539.6,59,-584.2,1078.2,0.7864,0.5254,-9.902,2150.2,-2734.4,24,-1153.2,1224.8,0.3612,0.4167,-48.05,652.0,-1805.2,False
IFB_0925,kdjma,both,PRE_RTH,1.0,1.0,6,False,1,46,-1092.8,1092.8,0.4705,0.3478,-23.757,971.2,-2064.0,32,-775.6,987.4,0.5053,0.3438,-24.238,792.2,-1567.8,14,-317.2,317.2,0.3607,0.3571,-22.657,179.0,-496.2,False
IFB_0927,kdjma,both,PRE_RTH,1.0,1.0,6,True,1,46,-1092.8,1092.8,0.4705,0.3478,-23.757,971.2,-2064.0,32,-775.6,987.4,0.5053,0.3438,-24.238,792.2,-1567.8,14,-317.2,317.2,0.3607,0.3571,-22.657,179.0,-496.2,False
IFB_0989,kdjma,both,RTH,1.5,1.0,12,False,1,43,-1075.4,1149.6,0.6346,0.4651,-25.009,1868.0,-2943.4,30,-372.0,829.8,0.7986,0.5333,-12.4,1475.2,-1847.2,13,-703.4,703.4,0.3583,0.3077,-54.108,392.8,-1096.2,False
IFB_0991,kdjma,both,RTH,1.5,1.0,12,True,1,43,-1075.4,1149.6,0.6346,0.4651,-25.009,1868.0,-2943.4,30,-372.0,829.8,0.7986,0.5333,-12.4,1475.2,-1847.2,13,-703.4,703.4,0.3583,0.3077,-54.108,392.8,-1096.2,False
IFB_1265,kdjma,short,RTH,1.0,1.0,12,False,1,31,-891.8,908.2,0.5252,0.3871,-28.768,986.4,-1878.2,23,-549.4,601.8,0.5916,0.4348,-23.887,796.0,-1345.4,8,-342.4,375.2,0.3574,0.25,-42.8,190.4,-532.8,False
IFB_1267,kdjma,short,RTH,1.0,1.0,12,True,1,31,-891.8,908.2,0.5252,0.3871,-28.768,986.4,-1878.2,23,-549.4,601.8,0.5916,0.4348,-23.887,796.0,-1345.4,8,-342.4,375.2,0.3574,0.25,-42.8,190.4,-532.8,False
IFB_0874,kdjma,both,ALL,1.0,0.75,24,False,3,143,-1761.4,1791.6,0.548,0.4755,-12.317,2135.6,-3897.0,98,-660.4,710.6,0.6985,0.5,-6.739,1529.8,-2190.2,45,-1101.0,1163.4,0.3549,0.4222,-24.467,605.8,-1706.8,False
IFB_0876,kdjma,both,ALL,1.0,0.75,24,True,3,143,-1761.4,1791.6,0.548,0.4755,-12.317,2135.6,-3897.0,98,-660.4,710.6,0.6985,0.5,-6.739,1529.8,-2190.2,45,-1101.0,1163.4,0.3549,0.4222,-24.467,605.8,-1706.8,False
IFB_1257,kdjma,short,RTH,1.0,0.75,24,False,1,31,-303.8,670.2,0.8074,0.5484,-9.8,1273.4,-1577.2,23,146.6,301.0,1.1666,0.6087,6.374,1026.8,-880.2,8,-450.4,539.4,0.3538,0.375,-56.3,246.6,-697.0,False
IFB_1259,kdjma,short,RTH,1.0,0.75,24,True,1,31,-303.8,670.2,0.8074,0.5484,-9.8,1273.4,-1577.2,23,146.6,301.0,1.1666,0.6087,6.374,1026.8,-880.2,8,-450.4,539.4,0.3538,0.375,-56.3,246.6,-697.0,False
IFB_0433,emapmo_early,both,ALL,1.0,0.75,6,False,1,40,-782.0,1012.4,0.4806,0.45,-19.55,723.6,-1505.6,28,-856.4,1001.0,0.3476,0.3929,-30.586,456.2,-1312.6,12,74.4,131.4,1.3855,0.5833,6.2,267.4,-193.0,False
IFB_0435,emapmo_early,both,ALL,1.0,0.75,6,True,1,40,-782.0,1012.4,0.4806,0.45,-19.55,723.6,-1505.6,28,-856.4,1001.0,0.3476,0.3929,-30.586,456.2,-1312.6,12,74.4,131.4,1.3855,0.5833,6.2,267.4,-193.0,False
IFB_0586,emapmo_early,long,ALL,1.0,0.75,24,False,3,52,-1019.6,1265.8,0.5482,0.4808,-19.608,1237.0,-2256.6,32,-1165.6,1232.2,0.3466,0.3438,-36.425,618.2,-1783.8,20,146.0,257.4,1.3088,0.7,7.3,618.8,-472.8,False
IFB_0588,emapmo_early,long,ALL,1.0,0.75,24,True,3,52,-1019.6,1265.8,0.5482,0.4808,-19.608,1237.0,-2256.6,32,-1165.6,1232.2,0.3466,0.3438,-36.425,618.2,-1783.8,20,146.0,257.4,1.3088,0.7,7.3,618.8,-472.8,False
IFB_0906,kdjma,both,ALL,1.5,1.5,12,False,3,143,-2313.4,2351.6,0.588,0.4266,-16.178,3302.19,-5615.6,98,-822.4,1055.0,0.7534,0.4388,-8.392,2512.6,-3335.0,45,-1491.0,1543.4,0.3462,0.4,-33.133,789.6,-2280.6,False
IFB_0908,kdjma,both,ALL,1.5,1.5,12,True,3,143,-2313.4,2351.6,0.588,0.4266,-16.178,3302.19,-5615.6,98,-822.4,1055.0,0.7534,0.4388,-8.392,2512.6,-3335.0,45,-1491.0,1543.4,0.3462,0.4,-33.133,789.6,-2280.6,False
IFB_1073,kdjma,long,PRE_RTH,1.0,1.0,12,False,1,33,-551.4,705.8,0.6193,0.4545,-16.709,897.0,-1448.4,23,-273.4,680.0,0.7329,0.4783,-11.887,750.2,-1023.6,10,-278.0,304.2,0.3456,0.4,-27.8,146.8,-424.8,False
IFB_1075,kdjma,long,PRE_RTH,1.0,1.0,12,True,1,33,-551.4,705.8,0.6193,0.4545,-16.709,897.0,-1448.4,23,-273.4,680.0,0.7329,0.4783,-11.887,750.2,-1023.6,10,-278.0,304.2,0.3456,0.4,-27.8,146.8,-424.8,False
IFB_1218,kdjma,short,PRE_RTH,1.0,1.0,12,False,3,56,-1082.8,1334.0,0.6208,0.4107,-19.336,1772.6,-2855.4,38,-408.4,780.2,0.7766,0.4737,-10.747,1419.6,-1828.0,18,-674.4,745.4,0.3436,0.2778,-37.467,353.0,-1027.4,False
IFB_1220,kdjma,short,PRE_RTH,1.0,1.0,12,True,3,56,-1082.8,1334.0,0.6208,0.4107,-19.336,1772.6,-2855.4,38,-408.4,780.2,0.7766,0.4737,-10.747,1419.6,-1828.0,18,-674.4,745.4,0.3436,0.2778,-37.467,353.0,-1027.4,False
IFB_1033,kdjma,long,ALL,1.5,1.0,6,False,1,45,-543.0,685.0,0.5963,0.4667,-12.067,802.2,-1345.2,31,-231.8,418.0,0.7345,0.5161,-7.477,641.2,-873.0,14,-311.2,436.2,0.341,0.3571,-22.229,161.0,-472.2,False
IFB_1035,kdjma,long,ALL,1.5,1.0,6,True,1,45,-543.0,685.0,0.5963,0.4667,-12.067,802.2,-1345.2,31,-231.8,418.0,0.7345,0.5161,-7.477,641.2,-873.0,14,-311.2,436.2,0.341,0.3571,-22.229,161.0,-472.2,False
IFB_1165,kdjma,short,ALL,1.0,1.0,6,False,1,46,-882.8,882.8,0.4115,0.3478,-19.191,617.2,-1500.0,32,-769.6,837.8,0.3408,0.2812,-24.05,397.8,-1167.4,14,-113.2,148.8,0.6596,0.5,-8.086,219.4,-332.6,False
IFB_1167,kdjma,short,ALL,1.0,1.0,6,True,1,46,-882.8,882.8,0.4115,0.3478,-19.191,617.2,-1500.0,32,-769.6,837.8,0.3408,0.2812,-24.05,397.8,-1167.4,14,-113.2,148.8,0.6596,0.5,-8.086,219.4,-332.6,False
IFB_1169,kdjma,short,ALL,1.0,1.0,12,False,1,46,-900.8,900.8,0.4066,0.3478,-19.583,617.2,-1518.0,32,-769.6,837.8,0.3408,0.2812,-24.05,397.8,-1167.4,14,-131.2,148.8,0.6258,0.5,-9.371,219.4,-350.6,False
IFB_1171,kdjma,short,ALL,1.0,1.0,12,True,1,46,-900.8,900.8,0.4066,0.3478,-19.583,617.2,-1518.0,32,-769.6,837.8,0.3408,0.2812,-24.05,397.8,-1167.4,14,-131.2,148.8,0.6258,0.5,-9.371,219.4,-350.6,False
IFB_1173,kdjma,short,ALL,1.0,1.0,24,False,1,46,-1158.8,1158.8,0.3475,0.3478,-25.191,617.2,-1776.0,32,-769.6,837.8,0.3408,0.2812,-24.05,397.8,-1167.4,14,-389.2,389.2,0.3605,0.5,-27.8,219.4,-608.6,False
IFB_1175,kdjma,short,ALL,1.0,1.0,24,True,1,46,-1158.8,1158.8,0.3475,0.3478,-25.191,617.2,-1776.0,32,-769.6,837.8,0.3408,0.2812,-24.05,397.8,-1167.4,14,-389.2,389.2,0.3605,0.5,-27.8,219.4,-608.6,False
IFB_0946,kdjma,both,PRE_RTH,1.5,1.0,24,False,3,102,-2385.6,3024.2,0.6396,0.549,-23.388,4233.2,-6618.8,71,-647.8,1660.2,0.8374,0.5775,-9.124,3336.2,-3984.0,31,-1737.8,1737.8,0.3404,0.4839,-56.058,897.0,-2634.8,False
IFB_0948,kdjma,both,PRE_RTH,1.5,1.0,24,True,3,102,-2385.6,3024.2,0.6396,0.549,-23.388,4233.2,-6618.8,71,-647.8,1660.2,0.8374,0.5775,-9.124,3336.2,-3984.0,31,-1737.8,1737.8,0.3404,0.4839,-56.058,897.0,-2634.8,False
IFB_0709,emapmo_early,long,RTH,1.5,1.5,6,False,1,11,-509.8,630.4,0.4262,0.2727,-46.345,378.6,-888.4,8,-486.4,607.0,0.3398,0.25,-60.8,250.4,-736.8,3,-23.4,151.6,0.8457,0.3333,-7.799,128.2,-151.6,False
IFB_0711,emapmo_early,long,RTH,1.5,1.5,6,True,1,11,-509.8,630.4,0.4262,0.2727,-46.345,378.6,-888.4,8,-486.4,607.0,0.3398,0.25,-60.8,250.4,-736.8,3,-23.4,151.6,0.8457,0.3333,-7.799,128.2,-151.6,False
IFB_0185,emapmo_normal,long,ALL,1.5,1.5,12,False,1,18,369.6,284.6,1.7506,0.5556,20.533,862.0,-492.4,11,546.2,121.6,3.4254,0.6364,49.655,771.4,-225.2,7,-176.6,226.8,0.3391,0.4286,-25.229,90.6,-267.2,False
IFB_0187,emapmo_normal,long,ALL,1.5,1.5,12,True,1,18,369.6,284.6,1.7506,0.5556,20.533,862.0,-492.4,11,546.2,121.6,3.4254,0.6364,49.655,771.4,-225.2,7,-176.6,226.8,0.3391,0.4286,-25.229,90.6,-267.2,False
IFB_0590,emapmo_early,long,ALL,1.0,1.0,6,False,3,52,-827.6,1200.0,0.6191,0.4808,-15.915,1345.0,-2172.6,32,-1177.6,1200.0,0.3382,0.2812,-36.8,601.8,-1779.4,20,350.0,245.4,1.8901,0.8,17.5,743.2,-393.2,False
IFB_0592,emapmo_early,long,ALL,1.0,1.0,6,True,3,52,-827.6,1200.0,0.6191,0.4808,-15.915,1345.0,-2172.6,32,-1177.6,1200.0,0.3382,0.2812,-36.8,601.8,-1779.4,20,350.0,245.4,1.8901,0.8,17.5,743.2,-393.2,False
IFB_1177,kdjma,short,ALL,1.5,1.0,6,False,1,46,-1074.8,1094.6,0.4109,0.413,-23.365,749.8,-1824.6,32,-973.6,1041.8,0.3358,0.3438,-30.425,492.2,-1465.8,14,-101.2,121.0,0.718,0.5714,-7.228,257.6,-358.8,False
IFB_1179,kdjma,short,ALL,1.5,1.0,6,True,1,46,-1074.8,1094.6,0.4109,0.413,-23.365,749.8,-1824.6,32,-973.6,1041.8,0.3358,0.3438,-30.425,492.2,-1465.8,14,-101.2,121.0,0.718,0.5714,-7.228,257.6,-358.8,False
IFB_0934,kdjma,both,PRE_RTH,1.0,1.0,24,False,3,102,-2271.6,2746.0,0.5926,0.4216,-22.271,3304.6,-5576.2,71,-917.8,1475.2,0.7415,0.4507,-12.927,2632.4,-3550.2,31,-1353.8,1451.0,0.3318,0.3548,-43.671,672.2,-2026.0,False
IFB_0936,kdjma,both,PRE_RTH,1.0,1.0,24,True,3,102,-2271.6,2746.0,0.5926,0.4216,-22.271,3304.6,-5576.2,71,-917.8,1475.2,0.7415,0.4507,-12.927,2632.4,-3550.2,31,-1353.8,1451.0,0.3318,0.3548,-43.671,672.2,-2026.0,False
IFB_1113,kdjma,long,RTH,1.0,0.75,24,False,1,24,-433.2,720.4,0.6578,0.5417,-18.05,832.6,-1265.8,16,-24.8,237.2,0.9622,0.5625,-1.55,631.8,-656.6,8,-408.4,483.2,0.3296,0.5,-51.05,200.8,-609.2,False
IFB_1115,kdjma,long,RTH,1.0,0.75,24,True,1,24,-433.2,720.4,0.6578,0.5417,-18.05,832.6,-1265.8,16,-24.8,237.2,0.9622,0.5625,-1.55,631.8,-656.6,8,-408.4,483.2,0.3296,0.5,-51.05,200.8,-609.2,False
IFB_1245,kdjma,short,PRE_RTH,1.5,1.5,24,False,1,34,-147.2,628.2,0.9327,0.5,-4.329,2041.4,-2188.6,25,481.0,316.2,1.3836,0.56,19.24,1734.8,-1253.8,9,-628.2,628.2,0.328,0.3333,-69.8,306.6,-934.8,False
IFB_1247,kdjma,short,PRE_RTH,1.5,1.5,24,True,1,34,-147.2,628.2,0.9327,0.5,-4.329,2041.4,-2188.6,25,481.0,316.2,1.3836,0.56,19.24,1734.8,-1253.8,9,-628.2,628.2,0.328,0.3333,-69.8,306.6,-934.8,False
IFB_1153,kdjma,short,ALL,1.0,0.75,6,False,1,46,-894.8,894.8,0.362,0.3913,-19.452,507.6,-1402.4,32,-721.6,771.8,0.3255,0.3438,-22.55,348.2,-1069.8,14,-173.2,173.2,0.4793,0.5,-12.371,159.4,-332.6,False
IFB_1155,kdjma,short,ALL,1.0,0.75,6,True,1,46,-894.8,894.8,0.362,0.3913,-19.452,507.6,-1402.4,32,-721.6,771.8,0.3255,0.3438,-22.55,348.2,-1069.8,14,-173.2,173.2,0.4793,0.5,-12.371,159.4,-332.6,False
IFB_1157,kdjma,short,ALL,1.0,0.75,12,False,1,46,-912.8,912.8,0.3574,0.3913,-19.843,507.6,-1420.4,32,-721.6,771.8,0.3255,0.3438,-22.55,348.2,-1069.8,14,-191.2,191.2,0.4546,0.5,-13.657,159.4,-350.6,False
IFB_1159,kdjma,short,ALL,1.0,0.75,12,True,1,46,-912.8,912.8,0.3574,0.3913,-19.843,507.6,-1420.4,32,-721.6,771.8,0.3255,0.3438,-22.55,348.2,-1069.8,14,-191.2,191.2,0.4546,0.5,-13.657,159.4,-350.6,False
IFB_0673,emapmo_early,long,RTH,1.0,0.75,6,False,1,11,-521.8,521.8,0.3415,0.2727,-47.436,270.6,-792.4,8,-432.4,432.4,0.3252,0.25,-54.05,208.4,-640.8,3,-89.4,151.6,0.4103,0.3333,-29.799,62.2,-151.6,False
IFB_0675,emapmo_early,long,RTH,1.0,0.75,6,True,1,11,-521.8,521.8,0.3415,0.2727,-47.436,270.6,-792.4,8,-432.4,432.4,0.3252,0.25,-54.05,208.4,-640.8,3,-89.4,151.6,0.4103,0.3333,-29.799,62.2,-151.6,False
IFB_1089,kdjma,long,PRE_RTH,1.5,1.0,24,False,1,33,-701.4,1289.6,0.6388,0.6364,-21.255,1240.2,-1941.6,23,-183.4,686.6,0.8438,0.6087,-7.974,990.8,-1174.2,10,-518.0,767.4,0.325,0.7,-51.8,249.4,-767.4,False
IFB_1091,kdjma,long,PRE_RTH,1.5,1.0,24,True,1,33,-701.4,1289.6,0.6388,0.6364,-21.255,1240.2,-1941.6,23,-183.4,686.6,0.8438,0.6087,-7.974,990.8,-1174.2,10,-518.0,767.4,0.325,0.7,-51.8,249.4,-767.4,False
IFB_1138,kdjma,long,RTH,1.5,1.0,24,False,3,35,-1807.0,2125.6,0.4318,0.4571,-51.629,1373.2,-3180.2,24,-997.2,1426.0,0.4967,0.4583,-41.55,984.2,-1981.4,11,-809.8,809.8,0.3245,0.4545,-73.618,389.0,-1198.8,False
IFB_1140,kdjma,long,RTH,1.5,1.0,24,True,3,35,-1807.0,2125.6,0.4318,0.4571,-51.629,1373.2,-3180.2,24,-997.2,1426.0,0.4967,0.4583,-41.55,984.2,-1981.4,11,-809.8,809.8,0.3245,0.4545,-73.618,389.0,-1198.8,False
IFB_1181,kdjma,short,ALL,1.5,1.0,12,False,1,46,-1194.8,1194.8,0.3856,0.413,-25.974,749.8,-1944.6,32,-1027.6,1095.8,0.3239,0.3438,-32.112,492.2,-1519.8,14,-167.2,167.2,0.6064,0.5714,-11.943,257.6,-424.8,False
IFB_1183,kdjma,short,ALL,1.5,1.0,12,True,1,46,-1194.8,1194.8,0.3856,0.413,-25.974,749.8,-1944.6,32,-1027.6,1095.8,0.3239,0.3438,-32.112,492.2,-1519.8,14,-167.2,167.2,0.6064,0.5714,-11.943,257.6,-424.8,False
IFB_0629,emapmo_early,long,PRE_RTH,1.0,0.75,12,False,1,12,-507.6,656.0,0.4486,0.4167,-42.3,413.0,-920.6,9,-310.2,426.4,0.5067,0.3333,-34.467,318.6,-628.8,3,-197.4,291.8,0.3235,0.6667,-65.8,94.4,-291.8,False
IFB_0631,emapmo_early,long,PRE_RTH,1.0,0.75,12,True,1,12,-507.6,656.0,0.4486,0.4167,-42.3,413.0,-920.6,9,-310.2,426.4,0.5067,0.3333,-34.467,318.6,-628.8,3,-197.4,291.8,0.3235,0.6667,-65.8,94.4,-291.8,False
IFB_0633,emapmo_early,long,PRE_RTH,1.0,0.75,24,False,1,12,-591.6,740.0,0.4111,0.4167,-49.3,413.0,-1004.6,9,-394.2,510.4,0.447,0.3333,-43.8,318.6,-712.8,3,-197.4,291.8,0.3235,0.6667,-65.8,94.4,-291.8,False
IFB_0635,emapmo_early,long,PRE_RTH,1.0,0.75,24,True,1,12,-591.6,740.0,0.4111,0.4167,-49.3,413.0,-1004.6,9,-394.2,510.4,0.447,0.3333,-43.8,318.6,-712.8,3,-197.4,291.8,0.3235,0.6667,-65.8,94.4,-291.8,False
IFB_0605,emapmo_early,long,ALL,1.5,1.0,12,False,1,19,-666.2,837.0,0.473,0.5263,-35.063,598.0,-1264.2,12,-621.6,707.8,0.3232,0.3333,-51.8,296.8,-918.4,7,-44.6,345.8,0.871,0.8571,-6.371,301.2,-345.8,False
IFB_0607,emapmo_early,long,ALL,1.5,1.0,12,True,1,19,-666.2,837.0,0.473,0.5263,-35.063,598.0,-1264.2,12,-621.6,707.8,0.3232,0.3333,-51.8,296.8,-918.4,7,-44.6,345.8,0.871,0.8571,-6.371,301.2,-345.8,False
IFB_0582,emapmo_early,long,ALL,1.0,0.75,12,False,3,52,-1043.6,1301.8,0.5148,0.5,-20.069,1107.2,-2150.8,32,-1201.6,1268.2,0.321,0.3125,-37.55,568.0,-1769.6,20,158.0,257.4,1.4145,0.8,7.9,539.2,-381.2,False
IFB_0584,emapmo_early,long,ALL,1.0,0.75,12,True,3,52,-1043.6,1301.8,0.5148,0.5,-20.069,1107.2,-2150.8,32,-1201.6,1268.2,0.321,0.3125,-37.55,568.0,-1769.6,20,158.0,257.4,1.4145,0.8,7.9,539.2,-381.2,False
IFB_1005,kdjma,both,RTH,1.5,1.5,24,False,1,43,-805.4,1301.8,0.7866,0.4884,-18.73,2968.2,-3773.6,30,462.0,679.4,1.242,0.5667,15.4,2371.4,-1909.4,13,-1267.4,1301.8,0.3201,0.3077,-97.492,596.8,-1864.2,False
IFB_1007,kdjma,both,RTH,1.5,1.5,24,True,1,43,-805.4,1301.8,0.7866,0.4884,-18.73,2968.2,-3773.6,30,462.0,679.4,1.242,0.5667,15.4,2371.4,-1909.4,13,-1267.4,1301.8,0.3201,0.3077,-97.492,596.8,-1864.2,False
IFB_0918,kdjma,both,PRE_RTH,1.0,0.75,12,False,3,103,-1741.4,2053.2,0.6177,0.4757,-16.907,2813.8,-4555.2,72,-681.6,998.4,0.7726,0.5278,-9.467,2315.6,-2997.2,31,-1059.8,1091.0,0.3198,0.3548,-34.187,498.2,-1558.0,False
IFB_0920,kdjma,both,PRE_RTH,1.0,0.75,12,True,3,103,-1741.4,2053.2,0.6177,0.4757,-16.907,2813.8,-4555.2,72,-681.6,998.4,0.7726,0.5278,-9.467,2315.6,-2997.2,31,-1059.8,1091.0,0.3198,0.3548,-34.187,498.2,-1558.0,False
IFB_0238,emapmo_normal,long,PRE_RTH,1.5,1.5,24,False,3,15,303.0,392.6,1.3622,0.5333,20.2,1139.6,-836.6,8,695.6,173.4,3.6795,0.75,86.95,955.2,-259.6,7,-392.6,392.6,0.3196,0.2857,-56.085,184.4,-577.0,False
IFB_0240,emapmo_normal,long,PRE_RTH,1.5,1.5,24,True,3,15,303.0,392.6,1.3622,0.5333,20.2,1139.6,-836.6,8,695.6,173.4,3.6795,0.75,86.95,955.2,-259.6,7,-392.6,392.6,0.3196,0.2857,-56.085,184.4,-577.0,False
IFB_1030,kdjma,long,ALL,1.0,1.0,24,False,3,110,-1210.0,1639.8,0.6633,0.4545,-11.0,2384.0,-3594.0,70,40.0,422.4,1.0227,0.5143,0.571,1801.2,-1761.2,40,-1250.0,1272.0,0.318,0.35,-31.25,582.8,-1832.8,False
IFB_1032,kdjma,long,ALL,1.0,1.0,24,True,3,110,-1210.0,1639.8,0.6633,0.4545,-11.0,2384.0,-3594.0,70,40.0,422.4,1.0227,0.5143,0.571,1801.2,-1761.2,40,-1250.0,1272.0,0.318,0.35,-31.25,582.8,-1832.8,False
IFB_0894,kdjma,both,ALL,1.5,1.0,12,False,3,143,-2109.4,2129.6,0.5683,0.5105,-14.751,2776.6,-4886.0,98,-666.4,734.6,0.7597,0.5306,-6.8,2106.4,-2772.8,45,-1443.0,1477.4,0.3171,0.4667,-32.067,670.2,-2113.2,False
IFB_0896,kdjma,both,ALL,1.5,1.0,12,True,3,143,-2109.4,2129.6,0.5683,0.5105,-14.751,2776.6,-4886.0,98,-666.4,734.6,0.7597,0.5306,-6.8,2106.4,-2772.8,45,-1443.0,1477.4,0.3171,0.4667,-32.067,670.2,-2113.2,False
IFB_1101,kdjma,long,PRE_RTH,1.5,1.5,24,False,1,33,-905.4,1361.6,0.6235,0.4848,-27.436,1499.2,-2404.6,23,-291.4,656.6,0.807,0.4783,-12.67,1218.2,-1509.6,10,-614.0,767.4,0.314,0.5,-61.4,281.0,-895.0,False
IFB_1103,kdjma,long,PRE_RTH,1.5,1.5,24,True,1,33,-905.4,1361.6,0.6235,0.4848,-27.436,1499.2,-2404.6,23,-291.4,656.6,0.807,0.4783,-12.67,1218.2,-1509.6,10,-614.0,767.4,0.314,0.5,-61.4,281.0,-895.0,False
IFB_1253,kdjma,short,RTH,1.0,0.75,12,False,1,31,-333.8,550.2,0.7638,0.5161,-10.768,1079.2,-1413.0,23,32.6,301.0,1.037,0.6087,1.417,912.8,-880.2,8,-366.4,382.8,0.3123,0.25,-45.8,166.4,-532.8,False
IFB_1255,kdjma,short,RTH,1.0,0.75,12,True,1,31,-333.8,550.2,0.7638,0.5161,-10.768,1079.2,-1413.0,23,32.6,301.0,1.037,0.6087,1.417,912.8,-880.2,8,-366.4,382.8,0.3123,0.25,-45.8,166.4,-532.8,False
IFB_0941,kdjma,both,PRE_RTH,1.5,1.0,12,False,1,46,-1170.8,1292.0,0.552,0.5,-25.452,1442.6,-2613.4,32,-619.6,1061.6,0.6582,0.5,-19.363,1193.2,-1812.8,14,-551.2,598.2,0.3115,0.5,-39.371,249.4,-800.6,False
IFB_0943,kdjma,both,PRE_RTH,1.5,1.0,12,True,1,46,-1170.8,1292.0,0.552,0.5,-25.452,1442.6,-2613.4,32,-619.6,1061.6,0.6582,0.5,-19.363,1193.2,-1812.8,14,-551.2,598.2,0.3115,0.5,-39.371,249.4,-800.6,False
IFB_0578,emapmo_early,long,ALL,1.0,0.75,6,False,3,52,-1115.6,1295.8,0.4851,0.4808,-21.454,1051.0,-2166.6,32,-1195.6,1278.0,0.3103,0.3125,-37.363,538.0,-1733.6,20,80.0,257.4,1.1848,0.75,4.0,513.0,-433.0,False
IFB_0580,emapmo_early,long,ALL,1.0,0.75,6,True,3,52,-1115.6,1295.8,0.4851,0.4808,-21.454,1051.0,-2166.6,32,-1195.6,1278.0,0.3103,0.3125,-37.363,538.0,-1733.6,20,80.0,257.4,1.1848,0.75,4.0,513.0,-433.0,False
IFB_1018,kdjma,long,ALL,1.0,0.75,24,False,3,111,-1627.8,1957.2,0.5397,0.4685,-14.665,1908.4,-3536.2,71,-401.8,673.8,0.7719,0.5211,-5.659,1359.4,-1761.2,40,-1226.0,1315.6,0.3093,0.375,-30.65,549.0,-1775.0,False
IFB_1020,kdjma,long,ALL,1.0,0.75,24,True,3,111,-1627.8,1957.2,0.5397,0.4685,-14.665,1908.4,-3536.2,71,-401.8,673.8,0.7719,0.5211,-5.659,1359.4,-1761.2,40,-1226.0,1315.6,0.3093,0.375,-30.65,549.0,-1775.0,False
IFB_1210,kdjma,short,PRE_RTH,1.0,0.75,24,False,3,58,-766.4,1175.8,0.7151,0.5,-13.214,1923.8,-2690.2,40,58.0,412.0,1.0387,0.575,1.45,1556.6,-1498.6,18,-824.4,841.4,0.3082,0.3333,-45.8,367.2,-1191.6,False
IFB_1212,kdjma,short,PRE_RTH,1.0,0.75,24,True,3,58,-766.4,1175.8,0.7151,0.5,-13.214,1923.8,-2690.2,40,58.0,412.0,1.0387,0.575,1.45,1556.6,-1498.6,18,-824.4,841.4,0.3082,0.3333,-45.8,367.2,-1191.6,False
IFB_1185,kdjma,short,ALL,1.5,1.0,24,False,1,46,-1656.8,1656.8,0.3116,0.413,-36.017,749.8,-2406.6,32,-1075.6,1143.8,0.3139,0.3438,-33.613,492.2,-1567.8,14,-581.2,581.2,0.3071,0.5714,-41.514,257.6,-838.8,False
IFB_1187,kdjma,short,ALL,1.5,1.0,24,True,1,46,-1656.8,1656.8,0.3116,0.413,-36.017,749.8,-2406.6,32,-1075.6,1143.8,0.3139,0.3438,-33.613,492.2,-1567.8,14,-581.2,581.2,0.3071,0.5714,-41.514,257.6,-838.8,False
IFB_0685,emapmo_early,long,RTH,1.0,1.0,6,False,1,11,-509.8,509.8,0.3566,0.2727,-46.345,282.6,-792.4,8,-444.4,444.4,0.3065,0.25,-55.55,196.4,-640.8,3,-65.4,151.6,0.5686,0.3333,-21.799,86.2,-151.6,False
IFB_0687,emapmo_early,long,RTH,1.0,1.0,6,True,1,11,-509.8,509.8,0.3566,0.2727,-46.345,282.6,-792.4,8,-444.4,444.4,0.3065,0.25,-55.55,196.4,-640.8,3,-65.4,151.6,0.5686,0.3333,-21.799,86.2,-151.6,False
IFB_1133,kdjma,long,RTH,1.5,1.0,12,False,1,24,-709.2,1027.8,0.5861,0.5,-29.55,1004.4,-1713.6,16,-240.8,559.4,0.7686,0.5625,-15.05,799.8,-1040.6,8,-468.4,468.4,0.304,0.375,-58.55,204.6,-673.0,False
IFB_1135,kdjma,long,RTH,1.5,1.0,12,True,1,24,-709.2,1027.8,0.5861,0.5,-29.55,1004.4,-1713.6,16,-240.8,559.4,0.7686,0.5625,-15.05,799.8,-1040.6,8,-468.4,468.4,0.304,0.375,-58.55,204.6,-673.0,False
IFB_0965,kdjma,both,RTH,1.0,0.75,12,False,1,43,-625.4,988.6,0.7055,0.4884,-14.544,1498.2,-2123.6,30,-42.0,375.2,0.9673,0.5667,-1.4,1243.4,-1285.4,13,-583.4,639.6,0.304,0.3077,-44.877,254.8,-838.2,False
IFB_0967,kdjma,both,RTH,1.0,0.75,12,True,1,43,-625.4,988.6,0.7055,0.4884,-14.544,1498.2,-2123.6,30,-42.0,375.2,0.9673,0.5667,-1.4,1243.4,-1285.4,13,-583.4,639.6,0.304,0.3077,-44.877,254.8,-838.2,False
IFB_0882,kdjma,both,ALL,1.0,1.0,12,False,3,143,-1635.4,1655.6,0.5976,0.4336,-11.436,2428.4,-4063.8,98,-390.4,605.0,0.8286,0.4592,-3.984,1887.0,-2277.4,45,-1245.0,1279.4,0.3031,0.3778,-27.667,541.4,-1786.4,False
IFB_0884,kdjma,both,ALL,1.0,1.0,12,True,3,143,-1635.4,1655.6,0.5976,0.4336,-11.436,2428.4,-4063.8,98,-390.4,605.0,0.8286,0.4592,-3.984,1887.0,-2277.4,45,-1245.0,1279.4,0.3031,0.3778,-27.667,541.4,-1786.4,False
IFB_0953,kdjma,both,PRE_RTH,1.5,1.5,12,False,1,46,-1098.8,1199.2,0.6271,0.413,-23.887,1847.8,-2946.6,32,-451.6,1001.6,0.7763,0.4375,-14.113,1566.8,-2018.4,14,-647.2,685.4,0.3027,0.3571,-46.229,281.0,-928.2,False
IFB_0955,kdjma,both,PRE_RTH,1.5,1.5,12,True,1,46,-1098.8,1199.2,0.6271,0.413,-23.887,1847.8,-2946.6,32,-451.6,1001.6,0.7763,0.4375,-14.113,1566.8,-2018.4,14,-647.2,685.4,0.3027,0.3571,-46.229,281.0,-928.2,False
IFB_1010,kdjma,long,ALL,1.0,0.75,6,False,3,111,-1159.8,1431.8,0.5945,0.4775,-10.449,1700.6,-2860.4,71,-293.8,565.8,0.8186,0.5352,-4.138,1325.6,-1619.4,40,-866.0,898.2,0.3022,0.375,-21.65,375.0,-1241.0,False
IFB_1012,kdjma,long,ALL,1.0,0.75,6,True,3,111,-1159.8,1431.8,0.5945,0.4775,-10.449,1700.6,-2860.4,71,-293.8,565.8,0.8186,0.5352,-4.138,1325.6,-1619.4,40,-866.0,898.2,0.3022,0.375,-21.65,375.0,-1241.0,False
IFB_1266,kdjma,short,RTH,1.0,1.0,12,False,3,45,-1161.0,1300.4,0.5553,0.4,-25.8,1449.6,-2610.6,32,-517.6,693.0,0.6938,0.4688,-16.175,1173.0,-1690.6,13,-643.4,659.8,0.3007,0.2308,-49.492,276.6,-920.0,False
IFB_1268,kdjma,short,RTH,1.0,1.0,12,True,3,45,-1161.0,1300.4,0.5553,0.4,-25.8,1449.6,-2610.6,32,-517.6,693.0,0.6938,0.4688,-16.175,1173.0,-1690.6,13,-643.4,659.8,0.3007,0.2308,-49.492,276.6,-920.0,False
IFB_1189,kdjma,short,ALL,1.5,1.5,6,False,1,46,-1122.8,1221.8,0.426,0.3478,-24.409,833.2,-1956.0,32,-1117.6,1221.8,0.3003,0.25,-34.925,479.6,-1597.2,14,-5.2,125.4,0.9855,0.5714,-0.371,353.6,-358.8,False
IFB_1191,kdjma,short,ALL,1.5,1.5,6,True,1,46,-1122.8,1221.8,0.426,0.3478,-24.409,833.2,-1956.0,32,-1117.6,1221.8,0.3003,0.25,-34.925,479.6,-1597.2,14,-5.2,125.4,0.9855,0.5714,-0.371,353.6,-358.8,False
IFB_0653,emapmo_early,long,PRE_RTH,1.5,1.0,12,False,1,12,-417.6,806.6,0.6254,0.5,-34.8,697.2,-1114.8,9,-112.2,457.0,0.8348,0.4444,-12.467,566.8,-679.0,3,-305.4,435.8,0.2992,0.6667,-101.8,130.4,-435.8,False
IFB_0655,emapmo_early,long,PRE_RTH,1.5,1.0,12,True,1,12,-417.6,806.6,0.6254,0.5,-34.8,697.2,-1114.8,9,-112.2,457.0,0.8348,0.4444,-12.467,566.8,-679.0,3,-305.4,435.8,0.2992,0.6667,-101.8,130.4,-435.8,False
IFB_0657,emapmo_early,long,PRE_RTH,1.5,1.0,24,False,1,12,-369.6,806.6,0.6535,0.5,-30.8,697.2,-1066.8,9,-64.2,457.0,0.8983,0.4444,-7.133,566.8,-631.0,3,-305.4,435.8,0.2992,0.6667,-101.8,130.4,-435.8,False
IFB_0659,emapmo_early,long,PRE_RTH,1.5,1.0,24,True,1,12,-369.6,806.6,0.6535,0.5,-30.8,697.2,-1066.8,9,-64.2,457.0,0.8983,0.4444,-7.133,566.8,-631.0,3,-305.4,435.8,0.2992,0.6667,-101.8,130.4,-435.8,False
IFB_0866,kdjma,both,ALL,1.0,0.75,6,False,3,143,-1569.4,1583.6,0.5396,0.4685,-10.975,1839.4,-3408.79,98,-624.4,761.0,0.6975,0.5,-6.371,1439.8,-2064.2,45,-945.0,991.4,0.2972,0.4,-21.0,399.6,-1344.6,False
IFB_0868,kdjma,both,ALL,1.0,0.75,6,True,3,143,-1569.4,1583.6,0.5396,0.4685,-10.975,1839.4,-3408.79,98,-624.4,761.0,0.6975,0.5,-6.371,1439.8,-2064.2,45,-945.0,991.4,0.2972,0.4,-21.0,399.6,-1344.6,False
IFB_1125,kdjma,long,RTH,1.0,1.0,24,False,1,24,-547.2,709.8,0.6296,0.4583,-22.8,930.2,-1477.4,16,-60.8,224.6,0.9227,0.5,-3.8,725.6,-786.4,8,-486.4,486.4,0.2961,0.375,-60.8,204.6,-691.0,False
IFB_1127,kdjma,long,RTH,1.0,1.0,24,True,1,24,-547.2,709.8,0.6296,0.4583,-22.8,930.2,-1477.4,16,-60.8,224.6,0.9227,0.5,-3.8,725.6,-786.4,8,-486.4,486.4,0.2961,0.375,-60.8,204.6,-691.0,False
IFB_0977,kdjma,both,RTH,1.0,1.0,12,False,1,43,-1399.4,1435.0,0.5003,0.3488,-32.544,1401.0,-2800.4,30,-750.0,838.0,0.6011,0.4,-25.0,1130.4,-1880.4,13,-649.4,665.8,0.2941,0.2308,-49.954,270.6,-920.0,False
IFB_0979,kdjma,both,RTH,1.0,1.0,12,True,1,43,-1399.4,1435.0,0.5003,0.3488,-32.544,1401.0,-2800.4,30,-750.0,838.0,0.6011,0.4,-25.0,1130.4,-1880.4,13,-649.4,665.8,0.2941,0.2308,-49.954,270.6,-920.0,False
IFB_1149,kdjma,long,RTH,1.5,1.5,24,False,1,24,-541.2,1047.6,0.7382,0.5,-22.55,1526.4,-2067.6,16,185.2,321.2,1.178,0.5625,11.575,1225.8,-1040.6,8,-726.4,726.4,0.2927,0.375,-90.8,300.6,-1027.0,False
IFB_1151,kdjma,long,RTH,1.5,1.5,24,True,1,24,-541.2,1047.6,0.7382,0.5,-22.55,1526.4,-2067.6,16,185.2,321.2,1.178,0.5625,11.575,1225.8,-1040.6,8,-726.4,726.4,0.2927,0.375,-90.8,300.6,-1027.0,False
IFB_1258,kdjma,short,RTH,1.0,0.75,24,False,3,47,-760.6,1124.2,0.689,0.5106,-16.183,1684.8,-2445.4,34,8.8,312.8,1.0065,0.5882,0.259,1370.0,-1361.2,13,-769.4,821.8,0.2904,0.3077,-59.185,314.8,-1084.2,False
IFB_1260,kdjma,short,RTH,1.0,0.75,24,True,3,47,-760.6,1124.2,0.689,0.5106,-16.183,1684.8,-2445.4,34,8.8,312.8,1.0065,0.5882,0.259,1370.0,-1361.2,13,-769.4,821.8,0.2904,0.3077,-59.185,314.8,-1084.2,False
IFB_0913,kdjma,both,PRE_RTH,1.0,0.75,6,False,1,46,-582.8,636.8,0.6578,0.4565,-12.67,1120.2,-1703.0,32,-229.6,636.8,0.8097,0.5,-7.175,977.2,-1206.8,14,-353.2,353.2,0.2882,0.3571,-25.229,143.0,-496.2,False
IFB_0915,kdjma,both,PRE_RTH,1.0,0.75,6,True,1,46,-582.8,636.8,0.6578,0.4565,-12.67,1120.2,-1703.0,32,-229.6,636.8,0.8097,0.5,-7.175,977.2,-1206.8,14,-353.2,353.2,0.2882,0.3571,-25.229,143.0,-496.2,False
IFB_1237,kdjma,short,PRE_RTH,1.5,1.5,6,False,1,34,-579.2,618.6,0.6948,0.3824,-17.035,1318.6,-1897.8,25,-221.0,473.8,0.8416,0.4,-8.84,1174.0,-1395.0,9,-358.2,358.2,0.2876,0.3333,-39.8,144.6,-502.8,False
IFB_1239,kdjma,short,PRE_RTH,1.5,1.5,6,True,1,34,-579.2,618.6,0.6948,0.3824,-17.035,1318.6,-1897.8,25,-221.0,473.8,0.8416,0.4,-8.84,1174.0,-1395.0,9,-358.2,358.2,0.2876,0.3333,-39.8,144.6,-502.8,False
IFB_0609,emapmo_early,long,ALL,1.5,1.0,24,False,1,19,-666.2,843.0,0.4549,0.5263,-35.063,556.0,-1222.2,12,-627.6,665.8,0.2839,0.3333,-52.3,248.8,-876.4,7,-38.6,345.8,0.8884,0.8571,-5.514,307.2,-345.8,False
IFB_0611,emapmo_early,long,ALL,1.5,1.0,24,True,1,19,-666.2,843.0,0.4549,0.5263,-35.063,556.0,-1222.2,12,-627.6,665.8,0.2839,0.3333,-52.3,248.8,-876.4,7,-38.6,345.8,0.8884,0.8571,-5.514,307.2,-345.8,False
IFB_1206,kdjma,short,PRE_RTH,1.0,0.75,12,False,3,58,-796.4,1091.8,0.6847,0.4828,-13.731,1729.6,-2526.0,40,-56.0,412.0,0.9626,0.575,-1.4,1442.6,-1498.6,18,-740.4,757.4,0.2793,0.2778,-41.133,287.0,-1027.4,False
IFB_1208,kdjma,short,PRE_RTH,1.0,0.75,12,True,3,58,-796.4,1091.8,0.6847,0.4828,-13.731,1729.6,-2526.0,40,-56.0,412.0,0.9626,0.575,-1.4,1442.6,-1498.6,18,-740.4,757.4,0.2793,0.2778,-41.133,287.0,-1027.4,False
IFB_0865,kdjma,both,ALL,1.0,0.75,6,False,1,48,-824.4,824.4,0.3793,0.3958,-17.175,503.8,-1328.2,33,-479.4,511.6,0.436,0.3939,-14.527,370.6,-850.0,15,-345.0,407.8,0.2785,0.4,-23.0,133.2,-478.2,False
IFB_0867,kdjma,both,ALL,1.0,0.75,6,True,1,48,-824.4,824.4,0.3793,0.3958,-17.175,503.8,-1328.2,33,-479.4,511.6,0.436,0.3939,-14.527,370.6,-850.0,15,-345.0,407.8,0.2785,0.4,-23.0,133.2,-478.2,False
IFB_1021,kdjma,long,ALL,1.0,1.0,6,False,1,45,-627.0,657.6,0.4961,0.3556,-13.933,617.2,-1244.2,31,-291.8,366.6,0.6288,0.3871,-9.413,494.4,-786.2,14,-335.2,434.0,0.2681,0.2857,-23.943,122.8,-458.0,False
IFB_1023,kdjma,long,ALL,1.0,1.0,6,True,1,45,-627.0,657.6,0.4961,0.3556,-13.933,617.2,-1244.2,31,-291.8,366.6,0.6288,0.3871,-9.413,494.4,-786.2,14,-335.2,434.0,0.2681,0.2857,-23.943,122.8,-458.0,False
IFB_1037,kdjma,long,ALL,1.5,1.0,12,False,1,45,-735.0,877.0,0.5363,0.4667,-16.333,850.2,-1585.2,31,-261.8,448.0,0.7212,0.5161,-8.445,677.2,-939.0,14,-473.2,562.2,0.2677,0.3571,-33.8,173.0,-646.2,False
IFB_1039,kdjma,long,ALL,1.5,1.0,12,True,1,45,-735.0,877.0,0.5363,0.4667,-16.333,850.2,-1585.2,31,-261.8,448.0,0.7212,0.5161,-8.445,677.2,-939.0,14,-473.2,562.2,0.2677,0.3571,-33.8,173.0,-646.2,False
IFB_0697,emapmo_early,long,RTH,1.5,1.0,6,False,1,11,-605.8,672.4,0.3181,0.2727,-55.073,282.6,-888.4,8,-540.4,607.0,0.2666,0.25,-67.55,196.4,-736.8,3,-65.4,151.6,0.5686,0.3333,-21.799,86.2,-151.6,False
IFB_0699,emapmo_early,long,RTH,1.5,1.0,6,True,1,11,-605.8,672.4,0.3181,0.2727,-55.073,282.6,-888.4,8,-540.4,607.0,0.2666,0.25,-67.55,196.4,-736.8,3,-65.4,151.6,0.5686,0.3333,-21.799,86.2,-151.6,False
IFB_1161,kdjma,short,ALL,1.0,0.75,24,False,1,46,-1170.8,1170.8,0.3024,0.3913,-25.452,507.6,-1678.4,32,-721.6,771.8,0.3255,0.3438,-22.55,348.2,-1069.8,14,-449.2,449.2,0.2619,0.5,-32.086,159.4,-608.6,False
IFB_1163,kdjma,short,ALL,1.0,0.75,24,True,1,46,-1170.8,1170.8,0.3024,0.3913,-25.452,507.6,-1678.4,32,-721.6,771.8,0.3255,0.3438,-22.55,348.2,-1069.8,14,-449.2,449.2,0.2619,0.5,-32.086,159.4,-608.6,False
IFB_1061,kdjma,long,PRE_RTH,1.0,0.75,12,False,1,33,-539.4,657.8,0.5909,0.4848,-16.345,779.2,-1318.6,23,-225.4,600.4,0.7478,0.5217,-9.8,668.4,-893.8,10,-314.0,328.2,0.2608,0.4,-31.4,110.8,-424.8,False
IFB_1063,kdjma,long,PRE_RTH,1.0,0.75,12,True,1,33,-539.4,657.8,0.5909,0.4848,-16.345,779.2,-1318.6,23,-225.4,600.4,0.7478,0.5217,-9.8,668.4,-893.8,10,-314.0,328.2,0.2608,0.4,-31.4,110.8,-424.8,False
IFB_1254,kdjma,short,RTH,1.0,0.75,12,False,3,47,-790.6,1004.2,0.6534,0.4894,-16.821,1490.6,-2281.2,34,-105.2,312.8,0.9227,0.5882,-3.094,1256.0,-1361.2,13,-685.4,701.8,0.255,0.2308,-52.723,234.6,-920.0,False
IFB_1256,kdjma,short,RTH,1.0,0.75,12,True,3,47,-790.6,1004.2,0.6534,0.4894,-16.821,1490.6,-2281.2,34,-105.2,312.8,0.9227,0.5882,-3.094,1256.0,-1361.2,13,-685.4,701.8,0.255,0.2308,-52.723,234.6,-920.0,False
IFB_1026,kdjma,long,ALL,1.0,1.0,12,False,3,110,-1318.0,1740.6,0.6281,0.4455,-11.982,2225.8,-3543.8,70,70.0,434.4,1.0414,0.5143,1.0,1759.2,-1689.2,40,-1388.0,1417.0,0.2516,0.325,-34.7,466.6,-1854.6,False
IFB_1028,kdjma,long,ALL,1.0,1.0,12,True,3,110,-1318.0,1740.6,0.6281,0.4455,-11.982,2225.8,-3543.8,70,70.0,434.4,1.0414,0.5143,1.0,1759.2,-1689.2,40,-1388.0,1417.0,0.2516,0.325,-34.7,466.6,-1854.6,False
IFB_0922,kdjma,both,PRE_RTH,1.0,0.75,24,False,3,103,-2095.4,2494.0,0.5829,0.4757,-20.344,2927.8,-5023.2,72,-567.6,971.2,0.8106,0.5278,-7.883,2429.6,-2997.2,31,-1527.8,1559.0,0.2459,0.3548,-49.284,498.2,-2026.0,False
IFB_0924,kdjma,both,PRE_RTH,1.0,0.75,24,True,3,103,-2095.4,2494.0,0.5829,0.4757,-20.344,2927.8,-5023.2,72,-567.6,971.2,0.8106,0.5278,-7.883,2429.6,-2997.2,31,-1527.8,1559.0,0.2459,0.3548,-49.284,498.2,-2026.0,False
IFB_1193,kdjma,short,ALL,1.5,1.5,12,False,1,46,-1392.8,1467.8,0.3731,0.3043,-30.278,828.8,-2221.6,32,-1363.6,1467.8,0.2411,0.1875,-42.612,433.2,-1796.8,14,-29.2,131.4,0.9313,0.5714,-2.086,395.6,-424.8,False
IFB_1195,kdjma,short,ALL,1.5,1.5,12,True,1,46,-1392.8,1467.8,0.3731,0.3043,-30.278,828.8,-2221.6,32,-1363.6,1467.8,0.2411,0.1875,-42.612,433.2,-1796.8,14,-29.2,131.4,0.9313,0.5714,-2.086,395.6,-424.8,False
IFB_0870,kdjma,both,ALL,1.0,0.75,12,False,3,143,-1959.4,1973.6,0.4982,0.4615,-13.702,1945.2,-3904.6,98,-600.4,665.0,0.7166,0.5,-6.126,1517.8,-2118.2,45,-1359.0,1405.4,0.2393,0.3778,-30.2,427.4,-1786.4,False
IFB_0872,kdjma,both,ALL,1.0,0.75,12,True,3,143,-1959.4,1973.6,0.4982,0.4615,-13.702,1945.2,-3904.6,98,-600.4,665.0,0.7166,0.5,-6.126,1517.8,-2118.2,45,-1359.0,1405.4,0.2393,0.3778,-30.2,427.4,-1786.4,False
IFB_0885,kdjma,both,ALL,1.0,1.0,24,False,1,48,-1130.4,1130.4,0.3662,0.3333,-23.55,653.2,-1783.6,33,-557.4,601.6,0.4597,0.3333,-16.891,474.2,-1031.6,15,-573.0,573.0,0.238,0.3333,-38.2,179.0,-752.0,False
IFB_0887,kdjma,both,ALL,1.0,1.0,24,True,1,48,-1130.4,1130.4,0.3662,0.3333,-23.55,653.2,-1783.6,33,-557.4,601.6,0.4597,0.3333,-16.891,474.2,-1031.6,15,-573.0,573.0,0.238,0.3333,-38.2,179.0,-752.0,False
IFB_0873,kdjma,both,ALL,1.0,0.75,24,False,1,48,-1154.4,1154.4,0.3153,0.375,-24.05,531.6,-1686.0,33,-623.4,655.6,0.3714,0.3636,-18.891,368.4,-991.8,15,-531.0,593.8,0.2351,0.4,-35.4,163.2,-694.2,False
IFB_0875,kdjma,both,ALL,1.0,0.75,24,True,1,48,-1154.4,1154.4,0.3153,0.375,-24.05,531.6,-1686.0,33,-623.4,655.6,0.3714,0.3636,-18.891,368.4,-991.8,15,-531.0,593.8,0.2351,0.4,-35.4,163.2,-694.2,False
IFB_1214,kdjma,short,PRE_RTH,1.0,1.0,6,False,3,56,-1226.8,1451.8,0.5742,0.375,-21.907,1654.2,-2881.0,38,-372.4,718.0,0.7891,0.4474,-9.8,1393.4,-1765.8,18,-854.4,913.4,0.2339,0.2222,-47.467,260.8,-1115.2,False
IFB_1216,kdjma,short,PRE_RTH,1.0,1.0,6,True,3,56,-1226.8,1451.8,0.5742,0.375,-21.907,1654.2,-2881.0,38,-372.4,718.0,0.7891,0.4474,-9.8,1393.4,-1765.8,18,-854.4,913.4,0.2339,0.2222,-47.467,260.8,-1115.2,False
IFB_1077,kdjma,long,PRE_RTH,1.0,1.0,24,False,1,33,-731.4,885.8,0.559,0.4545,-22.164,927.0,-1658.4,23,-243.4,680.0,0.7622,0.4783,-10.583,780.2,-1023.6,10,-488.0,514.2,0.2313,0.4,-48.8,146.8,-634.8,False
IFB_1079,kdjma,long,PRE_RTH,1.0,1.0,24,True,1,33,-731.4,885.8,0.559,0.4545,-22.164,927.0,-1658.4,23,-243.4,680.0,0.7622,0.4783,-10.583,780.2,-1023.6,10,-488.0,514.2,0.2313,0.4,-48.8,146.8,-634.8,False
IFB_1197,kdjma,short,ALL,1.5,1.5,24,False,1,46,-1884.8,1958.6,0.3054,0.3043,-40.974,828.8,-2713.6,32,-1441.6,1545.8,0.2311,0.1875,-45.05,433.2,-1874.8,14,-443.2,517.0,0.4716,0.5714,-31.657,395.6,-838.8,False
IFB_1199,kdjma,short,ALL,1.5,1.5,24,True,1,46,-1884.8,1958.6,0.3054,0.3043,-40.974,828.8,-2713.6,32,-1441.6,1545.8,0.2311,0.1875,-45.05,433.2,-1874.8,14,-443.2,517.0,0.4716,0.5714,-31.657,395.6,-838.8,False
IFB_1226,kdjma,short,PRE_RTH,1.5,1.0,6,False,3,56,-1544.8,1701.4,0.5326,0.4107,-27.586,1760.6,-3305.4,38,-534.4,935.0,0.7326,0.5,-14.063,1463.8,-1998.2,18,-1010.4,1010.4,0.2271,0.2222,-56.133,296.8,-1307.2,False
IFB_1228,kdjma,short,PRE_RTH,1.5,1.0,6,True,3,56,-1544.8,1701.4,0.5326,0.4107,-27.586,1760.6,-3305.4,38,-534.4,935.0,0.7326,0.5,-14.063,1463.8,-1998.2,18,-1010.4,1010.4,0.2271,0.2222,-56.133,296.8,-1307.2,False
IFB_1285,kdjma,short,RTH,1.5,1.5,6,False,1,31,-591.8,591.8,0.6819,0.3871,-19.09,1268.4,-1860.2,23,-123.4,425.8,0.9017,0.4348,-5.365,1132.0,-1255.4,8,-468.4,468.4,0.2255,0.25,-58.55,136.4,-604.8,False
IFB_1287,kdjma,short,RTH,1.5,1.5,6,True,1,31,-591.8,591.8,0.6819,0.3871,-19.09,1268.4,-1860.2,23,-123.4,425.8,0.9017,0.4348,-5.365,1132.0,-1255.4,8,-468.4,468.4,0.2255,0.25,-58.55,136.4,-604.8,False
IFB_0689,emapmo_early,long,RTH,1.0,1.0,12,False,1,11,-695.8,695.8,0.3451,0.2727,-63.255,366.6,-1062.4,8,-396.4,396.4,0.4143,0.25,-49.55,280.4,-676.8,3,-299.4,385.6,0.2235,0.3333,-99.8,86.2,-385.6,False
IFB_0691,emapmo_early,long,RTH,1.0,1.0,12,True,1,11,-695.8,695.8,0.3451,0.2727,-63.255,366.6,-1062.4,8,-396.4,396.4,0.4143,0.25,-49.55,280.4,-676.8,3,-299.4,385.6,0.2235,0.3333,-99.8,86.2,-385.6,False
IFB_0693,emapmo_early,long,RTH,1.0,1.0,24,False,1,11,-779.8,779.8,0.3198,0.2727,-70.891,366.6,-1146.4,8,-480.4,480.4,0.3686,0.25,-60.05,280.4,-760.8,3,-299.4,385.6,0.2235,0.3333,-99.8,86.2,-385.6,False
IFB_0695,emapmo_early,long,RTH,1.0,1.0,24,True,1,11,-779.8,779.8,0.3198,0.2727,-70.891,366.6,-1146.4,8,-480.4,480.4,0.3686,0.25,-60.05,280.4,-760.8,3,-299.4,385.6,0.2235,0.3333,-99.8,86.2,-385.6,False
IFB_0713,emapmo_early,long,RTH,1.5,1.5,12,False,1,11,-653.8,990.4,0.5057,0.3636,-59.436,668.8,-1322.6,8,-204.4,541.0,0.7256,0.375,-25.55,540.6,-745.0,3,-449.4,577.6,0.222,0.3333,-149.8,128.2,-577.6,False
IFB_0715,emapmo_early,long,RTH,1.5,1.5,12,True,1,11,-653.8,990.4,0.5057,0.3636,-59.436,668.8,-1322.6,8,-204.4,541.0,0.7256,0.375,-25.55,540.6,-745.0,3,-449.4,577.6,0.222,0.3333,-149.8,128.2,-577.6,False
IFB_0717,emapmo_early,long,RTH,1.5,1.5,24,False,1,11,-497.8,882.4,0.6094,0.3636,-45.254,776.8,-1274.6,8,-48.4,433.0,0.9306,0.375,-6.05,648.6,-697.0,3,-449.4,577.6,0.222,0.3333,-149.8,128.2,-577.6,False
IFB_0719,emapmo_early,long,RTH,1.5,1.5,24,True,1,11,-497.8,882.4,0.6094,0.3636,-45.254,776.8,-1274.6,8,-48.4,433.0,0.9306,0.375,-6.05,648.6,-697.0,3,-449.4,577.6,0.222,0.3333,-149.8,128.2,-577.6,False
IFB_1045,kdjma,long,ALL,1.5,1.5,6,False,1,45,-681.0,813.6,0.5602,0.4,-15.133,867.6,-1548.6,31,-297.8,563.2,0.7192,0.4516,-9.606,762.8,-1060.6,14,-383.2,477.6,0.2147,0.2857,-27.372,104.79,-488.0,False
IFB_1047,kdjma,long,ALL,1.5,1.5,6,True,1,45,-681.0,813.6,0.5602,0.4,-15.133,867.6,-1548.6,31,-297.8,563.2,0.7192,0.4516,-9.606,762.8,-1060.6,14,-383.2,477.6,0.2147,0.2857,-27.372,104.79,-488.0,False
IFB_0929,kdjma,both,PRE_RTH,1.0,1.0,12,False,1,46,-1380.8,1380.8,0.4174,0.3478,-30.017,989.2,-2370.0,32,-841.6,1085.0,0.5002,0.375,-26.3,842.4,-1684.0,14,-539.2,539.2,0.214,0.2857,-38.514,146.8,-686.0,False
IFB_0931,kdjma,both,PRE_RTH,1.0,1.0,12,True,1,46,-1380.8,1380.8,0.4174,0.3478,-30.017,989.2,-2370.0,32,-841.6,1085.0,0.5002,0.375,-26.3,842.4,-1684.0,14,-539.2,539.2,0.214,0.2857,-38.514,146.8,-686.0,False
IFB_1233,kdjma,short,PRE_RTH,1.5,1.0,24,False,1,34,-531.2,779.0,0.745,0.5294,-15.624,1551.6,-2082.8,25,205.0,436.2,1.1786,0.6,8.2,1353.0,-1148.0,9,-736.2,736.2,0.2125,0.3333,-81.8,198.6,-934.8,False
IFB_1235,kdjma,short,PRE_RTH,1.5,1.0,24,True,1,34,-531.2,779.0,0.745,0.5294,-15.624,1551.6,-2082.8,25,205.0,436.2,1.1786,0.6,8.2,1353.0,-1148.0,9,-736.2,736.2,0.2125,0.3333,-81.8,198.6,-934.8,False
IFB_0881,kdjma,both,ALL,1.0,1.0,12,False,1,48,-1052.4,1052.4,0.3674,0.3333,-21.925,611.2,-1663.6,33,-497.4,541.6,0.4817,0.3333,-15.073,462.2,-959.6,15,-555.0,617.8,0.2116,0.3333,-37.0,149.0,-704.0,False
IFB_0883,kdjma,both,ALL,1.0,1.0,12,True,1,48,-1052.4,1052.4,0.3674,0.3333,-21.925,611.2,-1663.6,33,-497.4,541.6,0.4817,0.3333,-15.073,462.2,-959.6,15,-555.0,617.8,0.2116,0.3333,-37.0,149.0,-704.0,False
IFB_0993,kdjma,both,RTH,1.5,1.0,24,False,1,43,-1789.4,1917.2,0.5258,0.4884,-41.614,1984.2,-3773.6,30,-318.0,871.4,0.8335,0.5667,-10.6,1591.4,-1909.4,13,-1471.4,1471.4,0.2107,0.3077,-113.185,392.8,-1864.2,False
IFB_0995,kdjma,both,RTH,1.5,1.0,24,True,1,43,-1789.4,1917.2,0.5258,0.4884,-41.614,1984.2,-3773.6,30,-318.0,871.4,0.8335,0.5667,-10.6,1591.4,-1909.4,13,-1471.4,1471.4,0.2107,0.3077,-113.185,392.8,-1864.2,False
IFB_0957,kdjma,both,PRE_RTH,1.5,1.5,24,False,1,46,-1524.8,1765.0,0.5627,0.413,-33.148,1961.8,-3486.6,32,-463.6,973.4,0.7838,0.4375,-14.488,1680.8,-2144.4,14,-1061.2,1099.4,0.2094,0.3571,-75.8,281.0,-1342.2,False
IFB_0959,kdjma,both,PRE_RTH,1.5,1.5,24,True,1,46,-1524.8,1765.0,0.5627,0.413,-33.148,1961.8,-3486.6,32,-463.6,973.4,0.7838,0.4375,-14.488,1680.8,-2144.4,14,-1061.2,1099.4,0.2094,0.3571,-75.8,281.0,-1342.2,False
IFB_0945,kdjma,both,PRE_RTH,1.5,1.0,24,False,1,46,-1476.8,1665.8,0.5116,0.5217,-32.104,1546.8,-3023.6,32,-511.6,1051.4,0.7172,0.5312,-15.988,1297.4,-1809.0,14,-965.2,1012.2,0.2053,0.5,-68.943,249.4,-1214.6,False
IFB_0947,kdjma,both,PRE_RTH,1.5,1.0,24,True,1,46,-1476.8,1665.8,0.5116,0.5217,-32.104,1546.8,-3023.6,32,-511.6,1051.4,0.7172,0.5312,-15.988,1297.4,-1809.0,14,-965.2,1012.2,0.2053,0.5,-68.943,249.4,-1214.6,False
IFB_1014,kdjma,long,ALL,1.0,0.75,12,False,3,111,-1825.8,2097.8,0.4848,0.4505,-16.449,1718.0,-3543.8,71,-341.8,613.8,0.7977,0.5211,-4.814,1347.4,-1689.2,40,-1484.0,1516.2,0.1998,0.325,-37.1,370.6,-1854.6,False
IFB_1016,kdjma,long,ALL,1.0,0.75,12,True,3,111,-1825.8,2097.8,0.4848,0.4505,-16.449,1718.0,-3543.8,71,-341.8,613.8,0.7977,0.5211,-4.814,1347.4,-1689.2,40,-1484.0,1516.2,0.1998,0.325,-37.1,370.6,-1854.6,False
IFB_1137,kdjma,long,RTH,1.5,1.0,24,False,1,24,-1063.2,1381.8,0.4858,0.5,-44.3,1004.4,-2067.6,16,-240.8,559.4,0.7686,0.5625,-15.05,799.8,-1040.6,8,-822.4,822.4,0.1992,0.375,-102.8,204.6,-1027.0,False
IFB_1139,kdjma,long,RTH,1.5,1.0,24,True,1,24,-1063.2,1381.8,0.4858,0.5,-44.3,1004.4,-2067.6,16,-240.8,559.4,0.7686,0.5625,-15.05,799.8,-1040.6,8,-822.4,822.4,0.1992,0.375,-102.8,204.6,-1027.0,False
IFB_1274,kdjma,short,RTH,1.5,1.0,6,False,3,45,-1473.0,1629.6,0.4939,0.4,-32.733,1437.6,-2910.6,32,-583.6,947.6,0.6759,0.5,-18.238,1217.2,-1800.8,13,-889.4,889.4,0.1986,0.1538,-68.415,220.4,-1109.8,False
IFB_1276,kdjma,short,RTH,1.5,1.0,6,True,3,45,-1473.0,1629.6,0.4939,0.4,-32.733,1437.6,-2910.6,32,-583.6,947.6,0.6759,0.5,-18.238,1217.2,-1800.8,13,-889.4,889.4,0.1986,0.1538,-68.415,220.4,-1109.8,False
IFB_0969,kdjma,both,RTH,1.0,0.75,24,False,1,43,-1093.4,1456.6,0.5781,0.4884,-25.428,1498.2,-2591.6,30,-42.0,375.2,0.9673,0.5667,-1.4,1243.4,-1285.4,13,-1051.4,1107.6,0.1951,0.3077,-80.877,254.8,-1306.2,False
IFB_0971,kdjma,both,RTH,1.0,0.75,24,True,1,43,-1093.4,1456.6,0.5781,0.4884,-25.428,1498.2,-2591.6,30,-42.0,375.2,0.9673,0.5667,-1.4,1243.4,-1285.4,13,-1051.4,1107.6,0.1951,0.3077,-80.877,254.8,-1306.2,False
IFB_0981,kdjma,both,RTH,1.0,1.0,24,False,1,43,-1867.4,1903.0,0.4287,0.3488,-43.428,1401.0,-3268.4,30,-750.0,838.0,0.6011,0.4,-25.0,1130.4,-1880.4,13,-1117.4,1133.8,0.195,0.2308,-85.954,270.6,-1388.0,False
IFB_0983,kdjma,both,RTH,1.0,1.0,24,True,1,43,-1867.4,1903.0,0.4287,0.3488,-43.428,1401.0,-3268.4,30,-750.0,838.0,0.6011,0.4,-25.0,1130.4,-1880.4,13,-1117.4,1133.8,0.195,0.2308,-85.954,270.6,-1388.0,False
IFB_1009,kdjma,long,ALL,1.0,0.75,6,False,1,45,-747.0,753.6,0.3889,0.3778,-16.6,475.4,-1222.4,31,-375.8,414.6,0.5084,0.4194,-12.123,388.6,-764.4,14,-371.2,434.0,0.1895,0.2857,-26.514,86.8,-458.0,False
IFB_1011,kdjma,long,ALL,1.0,0.75,6,True,1,45,-747.0,753.6,0.3889,0.3778,-16.6,475.4,-1222.4,31,-375.8,414.6,0.5084,0.4194,-12.123,388.6,-764.4,14,-371.2,434.0,0.1895,0.2857,-26.514,86.8,-458.0,False
IFB_0593,emapmo_early,long,ALL,1.0,1.0,12,False,1,19,-678.2,849.0,0.3754,0.4211,-35.695,407.6,-1085.8,12,-651.6,737.8,0.1877,0.25,-54.3,150.6,-802.2,7,-26.6,283.6,0.9062,0.7143,-3.8,257.0,-283.6,False
IFB_0595,emapmo_early,long,ALL,1.0,1.0,12,True,1,19,-678.2,849.0,0.3754,0.4211,-35.695,407.6,-1085.8,12,-651.6,737.8,0.1877,0.25,-54.3,150.6,-802.2,7,-26.6,283.6,0.9062,0.7143,-3.8,257.0,-283.6,False
IFB_1262,kdjma,short,RTH,1.0,1.0,6,False,3,45,-1287.0,1383.8,0.5084,0.3556,-28.6,1331.2,-2618.2,32,-481.6,630.8,0.7043,0.4375,-15.05,1146.8,-1628.4,13,-805.4,808.2,0.1863,0.1538,-61.954,184.4,-989.8,False
IFB_1264,kdjma,short,RTH,1.0,1.0,6,True,3,45,-1287.0,1383.8,0.5084,0.3556,-28.6,1331.2,-2618.2,32,-481.6,630.8,0.7043,0.4375,-15.05,1146.8,-1628.4,13,-805.4,808.2,0.1863,0.1538,-61.954,184.4,-989.8,False
IFB_0869,kdjma,both,ALL,1.0,0.75,12,False,1,48,-1124.4,1124.4,0.3076,0.3542,-23.425,499.4,-1623.8,33,-551.4,583.6,0.4005,0.3636,-16.709,368.4,-919.8,15,-573.0,635.8,0.1861,0.3333,-38.2,131.0,-704.0,False
IFB_0871,kdjma,both,ALL,1.0,0.75,12,True,1,48,-1124.4,1124.4,0.3076,0.3542,-23.425,499.4,-1623.8,33,-551.4,583.6,0.4005,0.3636,-16.709,368.4,-919.8,15,-573.0,635.8,0.1861,0.3333,-38.2,131.0,-704.0,False
IFB_1238,kdjma,short,PRE_RTH,1.5,1.5,6,False,3,56,-1112.8,1199.8,0.6667,0.3929,-19.871,2226.4,-3339.2,38,-48.4,624.4,0.9762,0.4737,-1.274,1983.6,-2032.0,18,-1064.4,1064.4,0.1857,0.2222,-59.133,242.8,-1307.2,False
IFB_1240,kdjma,short,PRE_RTH,1.5,1.5,6,True,3,56,-1112.8,1199.8,0.6667,0.3929,-19.871,2226.4,-3339.2,38,-48.4,624.4,0.9762,0.4737,-1.274,1983.6,-2032.0,18,-1064.4,1064.4,0.1857,0.2222,-59.133,242.8,-1307.2,False
IFB_1202,kdjma,short,PRE_RTH,1.0,0.75,6,False,3,58,-1048.4,1317.6,0.6076,0.4483,-18.076,1623.2,-2671.6,40,-140.0,469.8,0.91,0.55,-3.5,1416.4,-1556.4,18,-908.4,925.4,0.1854,0.2222,-50.467,206.8,-1115.2,False
IFB_1204,kdjma,short,PRE_RTH,1.0,0.75,6,True,3,58,-1048.4,1317.6,0.6076,0.4483,-18.076,1623.2,-2671.6,40,-140.0,469.8,0.91,0.55,-3.5,1416.4,-1556.4,18,-908.4,925.4,0.1854,0.2222,-50.467,206.8,-1115.2,False
IFB_1065,kdjma,long,PRE_RTH,1.0,0.75,24,False,1,33,-749.4,867.8,0.5097,0.4848,-22.709,779.2,-1528.6,23,-225.4,600.4,0.7478,0.5217,-9.8,668.4,-893.8,10,-524.0,538.2,0.1745,0.4,-52.4,110.8,-634.8,False
IFB_1067,kdjma,long,PRE_RTH,1.0,0.75,24,True,1,33,-749.4,867.8,0.5097,0.4848,-22.709,779.2,-1528.6,23,-225.4,600.4,0.7478,0.5217,-9.8,668.4,-893.8,10,-524.0,538.2,0.1745,0.4,-52.4,110.8,-634.8,False
IFB_1017,kdjma,long,ALL,1.0,0.75,24,False,1,45,-1101.0,1107.6,0.3137,0.3556,-24.467,503.2,-1604.2,31,-519.8,558.6,0.4264,0.3871,-16.768,386.4,-906.2,14,-581.2,644.0,0.1673,0.2857,-41.514,116.8,-698.0,False
IFB_1019,kdjma,long,ALL,1.0,0.75,24,True,1,45,-1101.0,1107.6,0.3137,0.3556,-24.467,503.2,-1604.2,31,-519.8,558.6,0.4264,0.3871,-16.768,386.4,-906.2,14,-581.2,644.0,0.1673,0.2857,-41.514,116.8,-698.0,False
IFB_0917,kdjma,both,PRE_RTH,1.0,0.75,12,False,1,46,-804.8,804.8,0.5748,0.4348,-17.496,1088.0,-1892.8,32,-229.6,636.8,0.8097,0.5,-7.175,977.2,-1206.8,14,-575.2,575.2,0.1615,0.2857,-41.086,110.8,-686.0,False
IFB_0919,kdjma,both,PRE_RTH,1.0,0.75,12,True,1,46,-804.8,804.8,0.5748,0.4348,-17.496,1088.0,-1892.8,32,-229.6,636.8,0.8097,0.5,-7.175,977.2,-1206.8,14,-575.2,575.2,0.1615,0.2857,-41.086,110.8,-686.0,False
IFB_0677,emapmo_early,long,RTH,1.0,0.75,12,False,1,11,-791.8,791.8,0.2547,0.2727,-71.982,270.6,-1062.4,8,-468.4,468.4,0.3079,0.25,-58.55,208.4,-676.8,3,-323.4,385.6,0.1613,0.3333,-107.8,62.2,-385.6,False
IFB_0679,emapmo_early,long,RTH,1.0,0.75,12,True,1,11,-791.8,791.8,0.2547,0.2727,-71.982,270.6,-1062.4,8,-468.4,468.4,0.3079,0.25,-58.55,208.4,-676.8,3,-323.4,385.6,0.1613,0.3333,-107.8,62.2,-385.6,False
IFB_0681,emapmo_early,long,RTH,1.0,0.75,24,False,1,11,-875.8,875.8,0.236,0.2727,-79.618,270.6,-1146.4,8,-552.4,552.4,0.2739,0.25,-69.05,208.4,-760.8,3,-323.4,385.6,0.1613,0.3333,-107.8,62.2,-385.6,False
IFB_0683,emapmo_early,long,RTH,1.0,0.75,24,True,1,11,-875.8,875.8,0.236,0.2727,-79.618,270.6,-1146.4,8,-552.4,552.4,0.2739,0.25,-69.05,208.4,-760.8,3,-323.4,385.6,0.1613,0.3333,-107.8,62.2,-385.6,False
IFB_1261,kdjma,short,RTH,1.0,1.0,6,False,1,31,-1035.8,1035.8,0.4559,0.3226,-33.413,868.0,-1903.8,23,-513.4,565.8,0.5999,0.3913,-22.322,769.8,-1283.2,8,-522.4,526.8,0.1582,0.125,-65.3,98.2,-620.6,False
IFB_1263,kdjma,short,RTH,1.0,1.0,6,True,1,31,-1035.8,1035.8,0.4559,0.3226,-33.413,868.0,-1903.8,23,-513.4,565.8,0.5999,0.3913,-22.322,769.8,-1283.2,8,-522.4,526.8,0.1582,0.125,-65.3,98.2,-620.6,False
IFB_0581,emapmo_early,long,ALL,1.0,0.75,12,False,1,19,-762.2,897.0,0.298,0.4211,-40.116,323.6,-1085.8,12,-675.6,755.8,0.1578,0.25,-56.3,126.6,-802.2,7,-86.6,283.6,0.6946,0.7143,-12.371,197.0,-283.6,False
IFB_0583,emapmo_early,long,ALL,1.0,0.75,12,True,1,19,-762.2,897.0,0.298,0.4211,-40.116,323.6,-1085.8,12,-675.6,755.8,0.1578,0.25,-56.3,126.6,-802.2,7,-86.6,283.6,0.6946,0.7143,-12.371,197.0,-283.6,False
IFB_1213,kdjma,short,PRE_RTH,1.0,1.0,6,False,1,34,-813.2,813.2,0.5193,0.3529,-23.918,878.4,-1691.6,25,-401.0,469.2,0.6667,0.4,-16.04,802.0,-1203.0,9,-412.2,412.2,0.1564,0.2222,-45.8,76.4,-488.6,False
IFB_1215,kdjma,short,PRE_RTH,1.0,1.0,6,True,1,34,-813.2,813.2,0.5193,0.3529,-23.918,878.4,-1691.6,25,-401.0,469.2,0.6667,0.4,-16.04,802.0,-1203.0,9,-412.2,412.2,0.1564,0.2222,-45.8,76.4,-488.6,False
IFB_1250,kdjma,short,RTH,1.0,0.75,6,False,3,47,-1024.6,1195.6,0.5746,0.4468,-21.8,1384.2,-2408.8,34,-189.2,370.6,0.8667,0.5588,-5.565,1229.8,-1419.0,13,-835.4,835.4,0.156,0.1538,-64.261,154.4,-989.8,False
IFB_1252,kdjma,short,RTH,1.0,0.75,6,True,3,47,-1024.6,1195.6,0.5746,0.4468,-21.8,1384.2,-2408.8,34,-189.2,370.6,0.8667,0.5588,-5.565,1229.8,-1419.0,13,-835.4,835.4,0.156,0.1538,-64.261,154.4,-989.8,False
IFB_0933,kdjma,both,PRE_RTH,1.0,1.0,24,False,1,46,-1608.8,1608.8,0.3878,0.3478,-34.974,1019.2,-2628.0,32,-811.6,1085.0,0.5181,0.375,-25.362,872.4,-1684.0,14,-797.2,797.2,0.1555,0.2857,-56.943,146.8,-944.0,False
IFB_0935,kdjma,both,PRE_RTH,1.0,1.0,24,True,1,46,-1608.8,1608.8,0.3878,0.3478,-34.974,1019.2,-2628.0,32,-811.6,1085.0,0.5181,0.375,-25.362,872.4,-1684.0,14,-797.2,797.2,0.1555,0.2857,-56.943,146.8,-944.0,False
IFB_1029,kdjma,long,ALL,1.0,1.0,24,False,1,45,-1005.0,1035.6,0.3953,0.3333,-22.333,657.0,-1662.0,31,-363.8,438.6,0.5985,0.3871,-11.735,542.4,-906.2,14,-641.2,641.2,0.1516,0.2143,-45.8,114.6,-755.8,False
IFB_1031,kdjma,long,ALL,1.0,1.0,24,True,1,45,-1005.0,1035.6,0.3953,0.3333,-22.333,657.0,-1662.0,31,-363.8,438.6,0.5985,0.3871,-11.735,542.4,-906.2,14,-641.2,641.2,0.1516,0.2143,-45.8,114.6,-755.8,False
IFB_1217,kdjma,short,PRE_RTH,1.0,1.0,12,False,1,34,-867.2,867.2,0.5106,0.3824,-25.506,904.6,-1771.8,25,-437.0,505.2,0.6546,0.44,-17.48,828.2,-1265.2,9,-430.2,430.2,0.1508,0.2222,-47.8,76.4,-506.6,False
IFB_1219,kdjma,short,PRE_RTH,1.0,1.0,12,True,1,34,-867.2,867.2,0.5106,0.3824,-25.506,904.6,-1771.8,25,-437.0,505.2,0.6546,0.44,-17.48,828.2,-1265.2,9,-430.2,430.2,0.1508,0.2222,-47.8,76.4,-506.6,False
IFB_0701,emapmo_early,long,RTH,1.5,1.0,12,False,1,11,-809.8,1014.4,0.3877,0.3636,-73.618,512.8,-1322.6,8,-318.4,523.0,0.5726,0.375,-39.8,426.6,-745.0,3,-491.4,577.6,0.1492,0.3333,-163.8,86.2,-577.6,False
IFB_0703,emapmo_early,long,RTH,1.5,1.0,12,True,1,11,-809.8,1014.4,0.3877,0.3636,-73.618,512.8,-1322.6,8,-318.4,523.0,0.5726,0.375,-39.8,426.6,-745.0,3,-491.4,577.6,0.1492,0.3333,-163.8,86.2,-577.6,False
IFB_0705,emapmo_early,long,RTH,1.5,1.0,24,False,1,11,-761.8,1014.4,0.4023,0.3636,-69.254,512.8,-1274.6,8,-270.4,523.0,0.6121,0.375,-33.8,426.6,-697.0,3,-491.4,577.6,0.1492,0.3333,-163.8,86.2,-577.6,False
IFB_0707,emapmo_early,long,RTH,1.5,1.0,24,True,1,11,-761.8,1014.4,0.4023,0.3636,-69.254,512.8,-1274.6,8,-270.4,523.0,0.6121,0.375,-33.8,426.6,-697.0,3,-491.4,577.6,0.1492,0.3333,-163.8,86.2,-577.6,False
IFB_0585,emapmo_early,long,ALL,1.0,0.75,24,False,1,19,-720.2,981.0,0.3843,0.4211,-37.905,449.6,-1169.8,12,-759.6,839.8,0.1429,0.25,-63.3,126.6,-886.2,7,39.4,283.6,1.1389,0.7143,5.629,323.0,-283.6,False
IFB_0587,emapmo_early,long,ALL,1.0,0.75,24,True,1,19,-720.2,981.0,0.3843,0.4211,-37.905,449.6,-1169.8,12,-759.6,839.8,0.1429,0.25,-63.3,126.6,-886.2,7,39.4,283.6,1.1389,0.7143,5.629,323.0,-283.6,False
IFB_1249,kdjma,short,RTH,1.0,0.75,6,False,1,31,-585.8,701.8,0.6242,0.4516,-18.897,972.8,-1558.6,23,-51.4,358.8,0.9452,0.5652,-2.235,886.6,-938.0,8,-534.4,534.4,0.1389,0.125,-66.8,86.2,-620.6,False
IFB_1251,kdjma,short,RTH,1.0,0.75,6,True,1,31,-585.8,701.8,0.6242,0.4516,-18.897,972.8,-1558.6,23,-51.4,358.8,0.9452,0.5652,-2.235,886.6,-938.0,8,-534.4,534.4,0.1389,0.125,-66.8,86.2,-620.6,False
IFB_1286,kdjma,short,RTH,1.5,1.5,6,False,3,45,-1203.0,1287.6,0.5914,0.3778,-26.733,1741.4,-2944.4,32,-229.6,653.6,0.8749,0.4688,-7.175,1605.0,-1834.6,13,-973.4,973.4,0.1229,0.1538,-74.877,136.4,-1109.8,False
IFB_1288,kdjma,short,RTH,1.5,1.5,6,True,3,45,-1203.0,1287.6,0.5914,0.3778,-26.733,1741.4,-2944.4,32,-229.6,653.6,0.8749,0.4688,-7.175,1605.0,-1834.6,13,-973.4,973.4,0.1229,0.1538,-74.877,136.4,-1109.8,False
IFB_1013,kdjma,long,ALL,1.0,0.75,12,False,1,45,-1071.0,1077.6,0.3054,0.3333,-23.8,471.0,-1542.0,31,-447.8,486.6,0.4632,0.3871,-14.445,386.4,-834.2,14,-623.2,686.0,0.1195,0.2143,-44.514,84.6,-707.8,False
IFB_1015,kdjma,long,ALL,1.0,0.75,12,True,1,45,-1071.0,1077.6,0.3054,0.3333,-23.8,471.0,-1542.0,31,-447.8,486.6,0.4632,0.3871,-14.445,386.4,-834.2,14,-623.2,686.0,0.1195,0.2143,-44.514,84.6,-707.8,False
IFB_1025,kdjma,long,ALL,1.0,1.0,12,False,1,45,-927.0,957.6,0.3988,0.3333,-20.6,615.0,-1542.0,31,-303.8,378.6,0.6358,0.3871,-9.8,530.4,-834.2,14,-623.2,686.0,0.1195,0.2143,-44.514,84.6,-707.8,False
IFB_1027,kdjma,long,ALL,1.0,1.0,12,True,1,45,-927.0,957.6,0.3988,0.3333,-20.6,615.0,-1542.0,31,-303.8,378.6,0.6358,0.3871,-9.8,530.4,-834.2,14,-623.2,686.0,0.1195,0.2143,-44.514,84.6,-707.8,False
IFB_0613,emapmo_early,long,ALL,1.5,1.5,6,False,1,19,-450.21,597.01,0.5115,0.3684,-23.695,471.4,-921.6,12,-567.6,567.6,0.1186,0.1667,-47.3,76.4,-644.0,7,117.4,225.8,1.4229,0.7143,16.771,395.0,-277.6,False
IFB_0615,emapmo_early,long,ALL,1.5,1.5,6,True,1,19,-450.21,597.01,0.5115,0.3684,-23.695,471.4,-921.6,12,-567.6,567.6,0.1186,0.1667,-47.3,76.4,-644.0,7,117.4,225.8,1.4229,0.7143,16.771,395.0,-277.6,False
IFB_0921,kdjma,both,PRE_RTH,1.0,0.75,24,False,1,46,-1062.8,1062.8,0.5059,0.4348,-23.104,1088.0,-2150.8,32,-229.6,636.8,0.8097,0.5,-7.175,977.2,-1206.8,14,-833.2,833.2,0.1174,0.2857,-59.514,110.8,-944.0,False
IFB_0923,kdjma,both,PRE_RTH,1.0,0.75,24,True,1,46,-1062.8,1062.8,0.5059,0.4348,-23.104,1088.0,-2150.8,32,-229.6,636.8,0.8097,0.5,-7.175,977.2,-1206.8,14,-833.2,833.2,0.1174,0.2857,-59.514,110.8,-944.0,False
IFB_0597,emapmo_early,long,ALL,1.0,1.0,24,False,1,19,-804.2,981.0,0.3125,0.4211,-42.326,365.6,-1169.8,12,-783.6,821.8,0.1158,0.25,-65.3,102.6,-886.2,7,-20.6,283.6,0.9274,0.7143,-2.943,263.0,-283.6,False
IFB_0599,emapmo_early,long,ALL,1.0,1.0,24,True,1,19,-804.2,981.0,0.3125,0.4211,-42.326,365.6,-1169.8,12,-783.6,821.8,0.1158,0.25,-65.3,102.6,-886.2,7,-20.6,283.6,0.9274,0.7143,-2.943,263.0,-283.6,False
IFB_1201,kdjma,short,PRE_RTH,1.0,0.75,6,False,1,34,-375.2,621.6,0.7213,0.4706,-11.035,971.2,-1346.4,25,61.0,309.2,1.0711,0.56,2.44,918.8,-857.8,9,-436.2,436.2,0.1072,0.2222,-48.467,52.4,-488.6,False
IFB_1203,kdjma,short,PRE_RTH,1.0,0.75,6,True,1,34,-375.2,621.6,0.7213,0.4706,-11.035,971.2,-1346.4,25,61.0,309.2,1.0711,0.56,2.44,918.8,-857.8,9,-436.2,436.2,0.1072,0.2222,-48.467,52.4,-488.6,False
IFB_1205,kdjma,short,PRE_RTH,1.0,0.75,12,False,1,34,-309.2,639.6,0.7634,0.5,-9.094,997.4,-1306.6,25,145.0,251.4,1.1813,0.6,5.8,945.0,-800.0,9,-454.2,454.2,0.1034,0.2222,-50.467,52.4,-506.6,False
IFB_1207,kdjma,short,PRE_RTH,1.0,0.75,12,True,1,34,-309.2,639.6,0.7634,0.5,-9.094,997.4,-1306.6,25,145.0,251.4,1.1813,0.6,5.8,945.0,-800.0,9,-454.2,454.2,0.1034,0.2222,-50.467,52.4,-506.6,False
IFB_1221,kdjma,short,PRE_RTH,1.0,1.0,24,False,1,34,-963.2,1118.8,0.5255,0.3824,-28.329,1066.6,-2029.8,25,-275.0,498.8,0.7826,0.44,-11.0,990.2,-1265.2,9,-688.2,688.2,0.0999,0.2222,-76.467,76.4,-764.6,False
IFB_1223,kdjma,short,PRE_RTH,1.0,1.0,24,True,1,34,-963.2,1118.8,0.5255,0.3824,-28.329,1066.6,-2029.8,25,-275.0,498.8,0.7826,0.44,-11.0,990.2,-1265.2,9,-688.2,688.2,0.0999,0.2222,-76.467,76.4,-764.6,False
IFB_0601,emapmo_early,long,ALL,1.5,1.0,6,False,1,19,-594.21,681.01,0.3552,0.3684,-31.274,327.4,-921.6,12,-585.6,585.6,0.0907,0.1667,-48.8,58.4,-644.0,7,-8.6,225.8,0.969,0.7143,-1.229,269.0,-277.6,False
IFB_0603,emapmo_early,long,ALL,1.5,1.0,6,True,1,19,-594.21,681.01,0.3552,0.3684,-31.274,327.4,-921.6,12,-585.6,585.6,0.0907,0.1667,-48.8,58.4,-644.0,7,-8.6,225.8,0.969,0.7143,-1.229,269.0,-277.6,False
IFB_0589,emapmo_early,long,ALL,1.0,1.0,6,False,1,19,-840.2,927.0,0.2521,0.3158,-44.221,283.2,-1123.4,12,-729.6,729.6,0.0741,0.1667,-60.8,58.4,-788.0,7,-110.6,283.6,0.6702,0.5714,-15.8,224.8,-335.4,False
IFB_0591,emapmo_early,long,ALL,1.0,1.0,6,True,1,19,-840.2,927.0,0.2521,0.3158,-44.221,283.2,-1123.4,12,-729.6,729.6,0.0741,0.1667,-60.8,58.4,-788.0,7,-110.6,283.6,0.6702,0.5714,-15.8,224.8,-335.4,False
IFB_0237,emapmo_normal,long,PRE_RTH,1.5,1.5,24,False,1,11,348.2,261.2,1.6436,0.5455,31.655,889.2,-541.0,7,609.4,259.6,3.3475,0.7143,87.057,869.0,-259.6,4,-261.2,261.2,0.0718,0.25,-65.299,20.2,-281.4,False
IFB_0239,emapmo_normal,long,PRE_RTH,1.5,1.5,24,True,1,11,348.2,261.2,1.6436,0.5455,31.655,889.2,-541.0,7,609.4,259.6,3.3475,0.7143,87.057,869.0,-259.6,4,-261.2,261.2,0.0718,0.25,-65.299,20.2,-281.4,False
IFB_1209,kdjma,short,PRE_RTH,1.0,0.75,24,False,1,34,-453.2,897.6,0.7103,0.5,-13.329,1111.4,-1564.6,25,259.0,251.4,1.3237,0.6,10.36,1059.0,-800.0,9,-712.2,712.2,0.0685,0.2222,-79.133,52.4,-764.6,False
IFB_1211,kdjma,short,PRE_RTH,1.0,0.75,24,True,1,34,-453.2,897.6,0.7103,0.5,-13.329,1111.4,-1564.6,25,259.0,251.4,1.3237,0.6,10.36,1059.0,-800.0,9,-712.2,712.2,0.0685,0.2222,-79.133,52.4,-764.6,False
IFB_0577,emapmo_early,long,ALL,1.0,0.75,6,False,1,19,-912.2,963.0,0.188,0.3158,-48.011,211.2,-1123.4,12,-741.6,741.6,0.0589,0.1667,-61.8,46.4,-788.0,7,-170.6,283.6,0.4914,0.5714,-24.371,164.8,-335.4,False
IFB_0579,emapmo_early,long,ALL,1.0,0.75,6,True,1,19,-912.2,963.0,0.188,0.3158,-48.011,211.2,-1123.4,12,-741.6,741.6,0.0589,0.1667,-61.8,46.4,-788.0,7,-170.6,283.6,0.4914,0.5714,-24.371,164.8,-335.4,False
