timestamp,open,high,low,close,volume
2026-04-24T04:05:00+00:00,7141.0,7142.25,7141.0,7142.0,0
2026-04-24T04:10:00+00:00,7142.0,7142.75,7140.5,7142.0,538
2026-04-24T04:15:00+00:00,7142.0,7142.25,7139.25,7140.5,580
2026-04-24T04:20:00+00:00,7140.5,7140.75,7137.75,7138.25,678
2026-04-24T04:25:00+00:00,7138.0,7138.75,7137.0,7138.25,602
2026-04-24T04:30:00+00:00,7138.5,7141.25,7138.25,7139.25,728
2026-04-24T04:35:00+00:00,7139.0,7141.5,7138.75,7140.25,408
2026-04-24T04:40:00+00:00,7139.75,7141.5,7139.5,7141.25,218
2026-04-24T04:45:00+00:00,7141.25,7145.25,7141.0,7144.0,1228
2026-04-24T04:50:00+00:00,7144.0,7144.75,7143.0,7143.25,488
2026-04-24T04:55:00+00:00,7143.25,7144.75,7142.75,7144.5,494
2026-04-24T05:00:00+00:00,7144.5,7144.5,7142.0,7143.25,658
2026-04-24T05:05:00+00:00,7143.75,7144.0,7141.25,7141.5,689
2026-04-24T05:10:00+00:00,7141.5,7143.0,7140.0,7143.0,725
2026-04-24T05:15:00+00:00,7143.0,7145.25,7142.5,7143.5,958
2026-04-24T05:20:00+00:00,7143.25,7145.75,7143.0,7145.0,643
2026-04-24T05:25:00+00:00,7145.0,7146.5,7144.5,7145.0,555
2026-04-24T05:30:00+00:00,7145.25,7149.25,7145.25,7148.5,1308
2026-04-24T05:35:00+00:00,7148.25,7149.25,7147.5,7149.0,879
2026-04-24T05:40:00+00:00,7149.0,7149.5,7148.0,7148.75,494
2026-04-24T05:45:00+00:00,7149.0,7150.0,7148.25,7149.75,428
2026-04-24T05:50:00+00:00,7150.0,7151.25,7149.5,7150.0,723
2026-04-24T05:55:00+00:00,7150.0,7151.25,7149.75,7150.75,218
2026-04-24T06:00:00+00:00,7151.0,7152.75,7150.5,7151.0,914
2026-04-24T06:05:00+00:00,7151.0,7151.25,7148.25,7149.75,765
2026-04-24T06:10:00+00:00,7149.5,7151.75,7149.0,7151.0,504
2026-04-24T06:15:00+00:00,7151.0,7151.25,7149.0,7150.0,393
2026-04-24T06:20:00+00:00,7150.0,7151.0,7149.0,7150.0,366
2026-04-24T06:25:00+00:00,7149.5,7149.5,7146.25,7146.25,755
2026-04-24T06:30:00+00:00,7146.75,7148.0,7146.75,7147.5,636
2026-04-24T06:35:00+00:00,7147.25,7149.0,7146.75,7148.0,511
2026-04-24T06:40:00+00:00,7148.0,7149.75,7147.0,7147.75,699
2026-04-24T06:45:00+00:00,7147.75,7147.75,7145.5,7146.0,730
2026-04-24T06:50:00+00:00,7145.75,7146.75,7145.0,7146.25,448
2026-04-24T06:55:00+00:00,7146.5,7147.75,7145.5,7147.0,393
2026-04-24T07:00:00+00:00,7147.0,7151.75,7146.25,7151.25,1245
2026-04-24T07:05:00+00:00,7151.25,7153.75,7151.0,7153.25,1195
2026-04-24T07:10:00+00:00,7153.5,7153.75,7151.75,7153.0,555
2026-04-24T07:15:00+00:00,7153.0,7154.25,7149.5,7153.0,885
2026-04-24T07:20:00+00:00,7153.25,7154.25,7150.75,7151.5,472
2026-04-24T07:25:00+00:00,7152.25,7155.75,7151.5,7154.25,869
2026-04-24T07:30:00+00:00,7153.75,7153.75,7150.25,7151.25,934
2026-04-24T07:35:00+00:00,7151.0,7151.25,7148.75,7149.5,605
2026-04-24T07:40:00+00:00,7149.0,7149.5,7147.5,7149.0,533
2026-04-24T07:45:00+00:00,7148.5,7151.25,7147.75,7150.5,495
2026-04-24T07:50:00+00:00,7150.5,7151.5,7149.25,7149.25,564
2026-04-24T07:55:00+00:00,7149.5,7154.25,7148.75,7153.75,794
2026-04-24T08:00:00+00:00,7153.25,7154.75,7147.0,7149.75,1552
2026-04-24T08:05:00+00:00,7149.75,7150.75,7146.75,7148.0,953
2026-04-24T08:10:00+00:00,7147.5,7150.0,7146.75,7147.25,1320
2026-04-24T08:15:00+00:00,7147.5,7156.0,7147.5,7154.5,3141
2026-04-24T08:20:00+00:00,7154.25,7159.25,7152.5,7153.75,1796
2026-04-24T08:25:00+00:00,7153.5,7153.75,7147.75,7149.25,1241
2026-04-24T08:30:00+00:00,7149.5,7149.75,7143.25,7144.75,1999
2026-04-24T08:35:00+00:00,7145.25,7147.25,7144.25,7146.75,1118
2026-04-24T08:40:00+00:00,7146.5,7147.5,7142.25,7142.75,975
2026-04-24T08:45:00+00:00,7142.75,7148.5,7142.25,7146.0,1567
2026-04-24T08:50:00+00:00,7145.5,7145.75,7141.5,7142.75,1162
2026-04-24T08:55:00+00:00,7142.75,7144.25,7141.5,7143.5,695
2026-04-24T09:00:00+00:00,7143.5,7145.75,7140.25,7142.25,1461
2026-04-24T09:05:00+00:00,7142.0,7144.0,7141.25,7144.0,710
2026-04-24T09:10:00+00:00,7144.25,7146.25,7142.75,7145.5,906
2026-04-24T09:15:00+00:00,7145.25,7146.75,7142.25,7144.0,602
2026-04-24T09:20:00+00:00,7144.25,7145.5,7135.25,7143.5,3545
2026-04-24T09:25:00+00:00,7143.25,7144.75,7140.75,7142.5,1669
2026-04-24T09:30:00+00:00,7142.5,7143.5,7141.0,7142.75,905
2026-04-24T09:35:00+00:00,7142.75,7144.75,7142.25,7143.75,628
2026-04-24T09:40:00+00:00,7144.0,7146.0,7143.75,7146.0,902
2026-04-24T09:45:00+00:00,7146.0,7146.75,7144.5,7145.0,764
2026-04-24T09:50:00+00:00,7145.25,7145.5,7142.0,7142.75,1026
2026-04-24T09:55:00+00:00,7142.75,7144.25,7142.0,7143.75,517
2026-04-24T10:00:00+00:00,7143.75,7145.5,7142.5,7144.75,1360
2026-04-24T10:05:00+00:00,7144.75,7145.0,7141.5,7142.75,828
2026-04-24T10:10:00+00:00,7142.75,7145.0,7141.75,7144.25,893
2026-04-24T10:15:00+00:00,7144.25,7146.5,7143.75,7145.75,1055
2026-04-24T10:20:00+00:00,7145.75,7149.0,7145.75,7149.0,1458
2026-04-24T10:25:00+00:00,7148.5,7151.75,7148.25,7150.75,1303
2026-04-24T10:30:00+00:00,7151.0,7151.0,7148.0,7149.25,1040
2026-04-24T10:35:00+00:00,7149.0,7151.75,7148.75,7149.5,1119
2026-04-24T10:40:00+00:00,7149.5,7151.5,7149.25,7150.5,748
2026-04-24T10:45:00+00:00,7150.75,7151.5,7148.5,7150.25,922
2026-04-24T10:50:00+00:00,7150.5,7152.0,7149.75,7150.75,582
2026-04-24T10:55:00+00:00,7150.75,7152.5,7150.5,7151.0,846
2026-04-24T11:00:00+00:00,7151.0,7163.5,7150.75,7161.0,6657
2026-04-24T11:05:00+00:00,7160.5,7175.5,7157.0,7168.0,17379
2026-04-24T11:10:00+00:00,7168.5,7175.75,7167.5,7170.5,7117
2026-04-24T11:15:00+00:00,7170.0,7174.75,7166.5,7168.5,5746
2026-04-24T11:20:00+00:00,7169.0,7182.75,7167.0,7182.0,15913
2026-04-24T11:25:00+00:00,7182.25,7187.75,7181.5,7187.25,8467
2026-04-24T11:30:00+00:00,7187.25,7189.5,7182.0,7184.25,5373
2026-04-24T11:35:00+00:00,7184.25,7184.75,7177.25,7177.75,4193
2026-04-24T11:40:00+00:00,7177.75,7179.25,7173.25,7174.75,3315
2026-04-24T11:45:00+00:00,7174.5,7174.5,7170.75,7171.5,3542
2026-04-24T11:50:00+00:00,7171.25,7173.5,7169.0,7171.0,2616
2026-04-24T11:55:00+00:00,7170.5,7172.0,7169.0,7171.0,2006
2026-04-24T12:00:00+00:00,7171.25,7174.5,7168.75,7169.75,4449
2026-04-24T12:05:00+00:00,7170.25,7172.75,7168.75,7172.0,2046
2026-04-24T12:10:00+00:00,7172.0,7176.75,7172.0,7175.25,3606
2026-04-24T12:15:00+00:00,7175.25,7177.5,7167.0,7174.5,7296
2026-04-24T12:20:00+00:00,7174.25,7175.25,7167.5,7174.5,6076
2026-04-24T12:25:00+00:00,7174.5,7175.25,7172.0,7173.75,2609
2026-04-24T12:30:00+00:00,7173.5,7174.0,7168.5,7168.75,2669
2026-04-24T12:35:00+00:00,7168.75,7169.5,7160.75,7165.5,7346
2026-04-24T12:40:00+00:00,7165.5,7168.0,7162.75,7164.0,2684
2026-04-24T12:45:00+00:00,7164.0,7167.25,7155.25,7158.0,7407
2026-04-24T12:50:00+00:00,7158.0,7159.5,7154.5,7156.5,7409
2026-04-24T12:55:00+00:00,7157.0,7162.75,7156.75,7162.5,3935
2026-04-24T13:00:00+00:00,7162.25,7165.25,7161.75,7165.25,3642
2026-04-24T13:05:00+00:00,7165.0,7167.0,7163.5,7164.5,3216
2026-04-24T13:10:00+00:00,7164.75,7170.5,7163.25,7165.75,5951
2026-04-24T13:15:00+00:00,7165.75,7169.5,7165.5,7169.25,3404
2026-04-24T13:20:00+00:00,7169.25,7170.5,7164.25,7166.25,4639
2026-04-24T13:25:00+00:00,7166.0,7166.25,7161.5,7162.5,5704
2026-04-24T13:30:00+00:00,7162.75,7166.75,7153.0,7154.0,28346
2026-04-24T13:35:00+00:00,7153.75,7159.5,7150.75,7158.5,19678
2026-04-24T13:40:00+00:00,7158.5,7160.75,7153.5,7154.5,16524
2026-04-24T13:45:00+00:00,7155.0,7159.25,7152.25,7158.25,15459
2026-04-24T13:50:00+00:00,7158.25,7160.75,7149.0,7150.25,17323
2026-04-24T13:55:00+00:00,7150.25,7156.0,7145.0,7154.25,20405
2026-04-24T14:00:00+00:00,7154.25,7157.5,7146.5,7152.0,24251
2026-04-24T14:05:00+00:00,7151.75,7158.25,7147.75,7154.75,18682
2026-04-24T14:10:00+00:00,7154.75,7162.25,7152.0,7155.75,22348
2026-04-24T14:15:00+00:00,7155.75,7160.75,7153.75,7159.25,14499
2026-04-24T14:20:00+00:00,7159.0,7161.75,7155.25,7159.0,10873
2026-04-24T14:25:00+00:00,7159.25,7159.5,7150.25,7154.0,17986
2026-04-24T14:30:00+00:00,7154.0,7158.0,7149.5,7156.5,15234
2026-04-24T14:35:00+00:00,7156.75,7164.75,7154.25,7161.0,19010
2026-04-24T14:40:00+00:00,7161.0,7166.5,7160.75,7165.25,12280
2026-04-24T14:45:00+00:00,7165.25,7170.5,7162.25,7167.25,17750
2026-04-24T14:50:00+00:00,7167.0,7169.0,7164.5,7166.75,8899
2026-04-24T14:55:00+00:00,7166.75,7171.75,7166.5,7169.75,10010
2026-04-24T15:00:00+00:00,7170.0,7172.25,7168.75,7170.0,8830
2026-04-24T15:05:00+00:00,7170.25,7172.25,7167.5,7171.5,9971
2026-04-24T15:10:00+00:00,7171.25,7174.5,7171.0,7173.5,9300
2026-04-24T15:15:00+00:00,7173.5,7174.25,7171.25,7172.25,7802
2026-04-24T15:20:00+00:00,7172.25,7177.25,7170.5,7175.75,10302
2026-04-24T15:25:00+00:00,7175.75,7176.25,7171.5,7174.0,8943
2026-04-24T15:30:00+00:00,7174.25,7176.75,7173.0,7174.5,7406
2026-04-24T15:35:00+00:00,7174.5,7175.75,7170.75,7172.5,11562
2026-04-24T15:40:00+00:00,7172.75,7191.5,7171.75,7190.25,35008
2026-04-24T15:45:00+00:00,7190.25,7197.5,7181.75,7188.5,48766
2026-04-24T15:50:00+00:00,7188.5,7196.5,7188.5,7195.25,21468
2026-04-24T15:55:00+00:00,7195.25,7196.5,7191.75,7193.75,9146
2026-04-24T16:00:00+00:00,7193.5,7195.0,7190.5,7194.25,9293
2026-04-24T16:05:00+00:00,7194.25,7195.75,7186.75,7188.5,11540
2026-04-24T16:10:00+00:00,7188.25,7194.25,7187.75,7189.0,9560
2026-04-24T16:15:00+00:00,7189.0,7189.75,7185.75,7188.25,7391
2026-04-24T16:20:00+00:00,7188.5,7190.5,7187.5,7190.0,4649
2026-04-24T16:25:00+00:00,7190.0,7192.0,7187.0,7189.0,5809
2026-04-24T16:30:00+00:00,7189.0,7195.0,7189.0,7192.75,9635
2026-04-24T16:35:00+00:00,7192.75,7193.0,7189.25,7190.25,6042
2026-04-24T16:40:00+00:00,7190.25,7190.5,7184.25,7186.75,8773
2026-04-24T16:45:00+00:00,7186.5,7189.5,7185.5,7187.5,5710
2026-04-24T16:50:00+00:00,7187.75,7191.25,7187.5,7190.25,5982
2026-04-24T16:55:00+00:00,7190.0,7193.75,7189.25,7191.5,8026
2026-04-24T17:00:00+00:00,7191.5,7193.75,7190.75,7191.25,6728
2026-04-24T17:05:00+00:00,7191.25,7191.75,7188.5,7189.25,5760
2026-04-24T17:10:00+00:00,7189.0,7192.0,7187.75,7188.75,4647
2026-04-24T17:15:00+00:00,7189.0,7189.25,7186.0,7186.0,4295
2026-04-24T17:20:00+00:00,7186.0,7187.25,7182.75,7187.0,9900
2026-04-24T17:25:00+00:00,7187.0,7188.75,7186.0,7186.0,5594
2026-04-24T17:30:00+00:00,7186.0,7187.25,7183.0,7186.25,10690
2026-04-24T17:35:00+00:00,7186.0,7191.5,7185.75,7187.75,7785
2026-04-24T17:40:00+00:00,7187.75,7191.25,7187.25,7191.0,4606
2026-04-24T17:45:00+00:00,7190.75,7191.75,7189.25,7189.75,4155
2026-04-24T17:50:00+00:00,7189.75,7200.5,7189.0,7194.75,17322
2026-04-24T17:55:00+00:00,7194.5,7196.25,7191.75,7192.0,8408
2026-04-24T18:00:00+00:00,7192.25,7193.75,7190.25,7191.5,5881
2026-04-24T18:05:00+00:00,7191.25,7193.25,7188.0,7192.0,7375
2026-04-24T18:10:00+00:00,7192.0,7193.0,7189.0,7190.75,5196
2026-04-24T18:15:00+00:00,7190.5,7191.75,7186.25,7187.75,6773
2026-04-24T18:20:00+00:00,7187.75,7188.0,7185.0,7187.75,5902
2026-04-24T18:25:00+00:00,7187.75,7189.75,7185.25,7185.5,6337
2026-04-24T18:30:00+00:00,7185.75,7190.0,7185.25,7189.5,5633
2026-04-24T18:35:00+00:00,7189.5,7191.5,7188.5,7190.0,4752
2026-04-24T18:40:00+00:00,7190.0,7191.75,7187.75,7188.5,4641
2026-04-24T18:45:00+00:00,7188.75,7190.25,7187.0,7188.25,4449
2026-04-24T18:50:00+00:00,7188.0,7191.0,7187.25,7189.0,3424
2026-04-24T18:55:00+00:00,7189.0,7191.5,7188.5,7191.0,2623
2026-04-24T19:00:00+00:00,7191.0,7194.0,7191.0,7193.0,7036
2026-04-24T19:05:00+00:00,7193.0,7197.0,7192.25,7196.5,6697
2026-04-24T19:10:00+00:00,7196.75,7199.5,7196.25,7197.5,8112
2026-04-24T19:15:00+00:00,7197.75,7200.25,7196.75,7197.5,6627
2026-04-24T19:20:00+00:00,7197.5,7198.0,7193.0,7193.5,7187
2026-04-24T19:25:00+00:00,7193.25,7194.25,7190.75,7192.75,7816
2026-04-24T19:30:00+00:00,7193.0,7194.0,7190.25,7191.75,6108
2026-04-24T19:35:00+00:00,7191.75,7192.25,7189.75,7192.25,5619
2026-04-24T19:40:00+00:00,7192.25,7195.25,7191.25,7193.25,6283
2026-04-24T19:45:00+00:00,7193.25,7194.0,7191.0,7194.0,5715
2026-04-24T19:50:00+00:00,7194.0,7196.75,7191.0,7196.5,10599
2026-04-24T19:55:00+00:00,7196.25,7199.0,7193.25,7194.75,25799
2026-04-24T20:00:00+00:00,7194.75,7196.75,7194.0,7195.5,6242
2026-04-24T20:05:00+00:00,7195.75,7197.25,7190.75,7193.5,6388
2026-04-24T20:10:00+00:00,7193.25,7194.25,7191.75,7192.75,2992
2026-04-24T20:15:00+00:00,7192.5,7193.5,7192.0,7192.25,1281
2026-04-24T20:20:00+00:00,7192.5,7194.5,7192.5,7193.0,1403
2026-04-24T20:25:00+00:00,7193.25,7193.5,7190.0,7190.75,2437
2026-04-24T20:30:00+00:00,7190.75,7195.5,7190.75,7195.0,1889
2026-04-24T20:35:00+00:00,7195.0,7195.75,7194.0,7194.0,1455
2026-04-24T20:40:00+00:00,7194.25,7196.25,7193.75,7195.75,1435
2026-04-24T20:45:00+00:00,7195.75,7195.75,7194.5,7194.75,1053
2026-04-24T20:50:00+00:00,7194.5,7197.0,7194.25,7196.5,1777
2026-04-24T20:55:00+00:00,7196.75,7197.0,7194.75,7194.75,1400
2026-04-26T22:10:00+00:00,7175.0,7175.5,7171.25,7174.0,1846
2026-04-26T22:15:00+00:00,7174.25,7177.75,7174.0,7177.25,1958
2026-04-26T22:20:00+00:00,7177.5,7178.25,7176.0,7177.5,2017
2026-04-26T22:25:00+00:00,7177.5,7178.0,7176.25,7177.75,897
2026-04-26T22:30:00+00:00,7177.75,7177.75,7175.5,7177.0,1497
2026-04-26T22:35:00+00:00,7177.0,7178.25,7176.5,7178.25,1007
2026-04-26T22:40:00+00:00,7178.25,7180.25,7177.5,7179.5,2097
2026-04-26T22:45:00+00:00,7179.5,7180.25,7178.75,7179.25,847
2026-04-26T22:50:00+00:00,7179.0,7182.0,7178.5,7181.0,1536
2026-04-26T22:55:00+00:00,7181.0,7182.5,7180.25,7182.25,1013
2026-04-26T23:00:00+00:00,7182.0,7182.75,7180.5,7181.0,1412
2026-04-26T23:05:00+00:00,7180.75,7181.25,7178.0,7178.5,2211
2026-04-26T23:10:00+00:00,7178.75,7179.25,7177.5,7178.0,1124
2026-04-26T23:15:00+00:00,7178.0,7181.25,7178.0,7180.0,1525
2026-04-26T23:20:00+00:00,7180.25,7181.0,7179.25,7179.75,653
2026-04-26T23:25:00+00:00,7179.75,7180.0,7178.25,7178.25,684
2026-04-26T23:30:00+00:00,7178.25,7178.25,7175.0,7177.25,2264
2026-04-26T23:35:00+00:00,7177.0,7177.75,7176.25,7176.25,799
2026-04-26T23:40:00+00:00,7176.5,7177.25,7175.25,7176.5,986
2026-04-26T23:45:00+00:00,7176.75,7179.25,7176.75,7177.75,1126
2026-04-26T23:50:00+00:00,7178.0,7178.25,7175.5,7177.5,1064
2026-04-26T23:55:00+00:00,7178.0,7179.0,7176.75,7178.5,495
2026-04-27T00:00:00+00:00,7178.75,7182.5,7177.25,7181.25,3793
2026-04-27T00:05:00+00:00,7181.25,7182.75,7177.75,7180.0,2190
2026-04-27T00:10:00+00:00,7180.25,7182.25,7180.0,7181.25,1325
2026-04-27T00:15:00+00:00,7181.5,7183.0,7179.0,7182.5,1910
2026-04-27T00:20:00+00:00,7182.5,7183.0,7180.5,7181.0,1094
2026-04-27T00:25:00+00:00,7181.25,7182.5,7180.75,7182.0,675
2026-04-27T00:30:00+00:00,7182.0,7182.75,7180.75,7181.5,738
2026-04-27T00:35:00+00:00,7181.5,7183.5,7181.25,7183.5,1034
2026-04-27T00:40:00+00:00,7183.25,7186.5,7183.25,7185.0,2440
2026-04-27T00:45:00+00:00,7185.25,7186.25,7184.75,7185.25,1178
2026-04-27T00:50:00+00:00,7185.5,7186.5,7184.5,7186.5,908
2026-04-27T00:55:00+00:00,7186.25,7193.25,7186.25,7190.5,5738
2026-04-27T01:00:00+00:00,7190.75,7202.0,7190.75,7198.25,8661
2026-04-27T01:05:00+00:00,7198.25,7198.75,7191.0,7192.0,4228
2026-04-27T01:10:00+00:00,7192.0,7195.0,7191.75,7193.25,2316
2026-04-27T01:15:00+00:00,7193.0,7194.25,7189.75,7193.75,3063
2026-04-27T01:20:00+00:00,7193.75,7197.0,7193.25,7196.5,1727
2026-04-27T01:25:00+00:00,7196.75,7198.25,7192.0,7197.75,2878
2026-04-27T01:30:00+00:00,7198.0,7201.25,7197.0,7201.0,2665
2026-04-27T01:35:00+00:00,7201.0,7203.5,7200.25,7202.0,2423
2026-04-27T01:40:00+00:00,7202.0,7203.0,7201.5,7201.75,1322
2026-04-27T01:45:00+00:00,7202.0,7204.25,7201.25,7203.25,1435
2026-04-27T01:50:00+00:00,7203.25,7208.0,7202.25,7206.75,3754
2026-04-27T01:55:00+00:00,7206.75,7207.75,7204.25,7207.75,1630
2026-04-27T02:00:00+00:00,7207.5,7208.5,7205.0,7205.5,1917
2026-04-27T02:05:00+00:00,7205.0,7205.75,7203.0,7205.5,1542
2026-04-27T02:10:00+00:00,7205.25,7206.0,7204.0,7205.25,956
2026-04-27T02:15:00+00:00,7205.0,7207.0,7204.0,7204.5,1459
2026-04-27T02:20:00+00:00,7204.5,7205.0,7202.0,7203.75,1721
2026-04-27T02:25:00+00:00,7203.5,7204.5,7202.75,7204.5,629
2026-04-27T02:30:00+00:00,7204.0,7205.5,7203.5,7204.0,914
2026-04-27T02:35:00+00:00,7204.25,7206.25,7204.0,7204.5,917
2026-04-27T02:40:00+00:00,7204.5,7204.75,7203.25,7203.75,725
2026-04-27T02:45:00+00:00,7203.5,7205.0,7203.5,7205.0,465
2026-04-27T02:50:00+00:00,7204.75,7204.75,7203.0,7203.5,584
2026-04-27T02:55:00+00:00,7203.5,7204.5,7203.25,7203.25,425
2026-04-27T03:00:00+00:00,7203.25,7206.75,7202.5,7204.5,2493
2026-04-27T03:05:00+00:00,7204.25,7204.25,7202.0,7202.25,936
2026-04-27T03:10:00+00:00,7202.25,7203.25,7201.75,7202.75,727
2026-04-27T03:15:00+00:00,7202.5,7203.75,7202.0,7203.25,613
2026-04-27T03:20:00+00:00,7203.5,7204.25,7202.75,7203.25,612
2026-04-27T03:25:00+00:00,7203.5,7204.25,7203.0,7203.75,553
2026-04-27T03:30:00+00:00,7204.0,7204.5,7202.5,7203.75,862
2026-04-27T03:35:00+00:00,7203.75,7204.25,7202.25,7203.0,522
2026-04-27T03:40:00+00:00,7203.25,7204.25,7203.0,7203.75,418
2026-04-27T03:45:00+00:00,7204.0,7204.25,7202.75,7203.25,432
2026-04-27T03:50:00+00:00,7203.5,7204.0,7203.0,7203.75,672
2026-04-27T03:55:00+00:00,7203.5,7203.75,7202.75,7203.25,366
2026-04-27T04:00:00+00:00,7202.75,7203.25,7199.75,7200.5,1980
2026-04-27T04:05:00+00:00,7200.75,7202.25,7200.75,7202.0,888
2026-04-27T04:10:00+00:00,7201.75,7202.0,7200.75,7201.0,393
2026-04-27T04:15:00+00:00,7201.25,7202.25,7201.0,7201.5,795
2026-04-27T04:20:00+00:00,7201.75,7203.25,7201.5,7203.0,681
2026-04-27T04:25:00+00:00,7203.0,7204.0,7203.0,7203.5,619
2026-04-27T04:30:00+00:00,7203.5,7204.5,7203.25,7203.75,835
2026-04-27T04:35:00+00:00,7203.25,7205.25,7202.75,7204.25,613
2026-04-27T04:40:00+00:00,7204.0,7204.5,7203.25,7203.25,394
2026-04-27T04:45:00+00:00,7203.5,7204.25,7203.0,7203.0,353
2026-04-27T04:50:00+00:00,7203.0,7203.25,7201.5,7202.25,636
2026-04-27T04:55:00+00:00,7202.5,7202.5,7199.75,7200.75,1097
2026-04-27T05:00:00+00:00,7200.5,7200.75,7197.5,7197.75,1334
2026-04-27T05:05:00+00:00,7197.75,7198.0,7195.25,7197.25,1698
2026-04-27T05:10:00+00:00,7197.25,7198.5,7195.0,7195.0,1290
2026-04-27T05:15:00+00:00,7195.0,7196.25,7194.0,7194.75,1163
2026-04-27T05:20:00+00:00,7194.75,7195.75,7193.75,7195.75,882
2026-04-27T05:25:00+00:00,7195.75,7195.75,7191.75,7191.75,1536
2026-04-27T05:30:00+00:00,7192.25,7193.25,7191.25,7192.0,1279
2026-04-27T05:35:00+00:00,7191.25,7191.5,7188.0,7189.75,2241
2026-04-27T05:40:00+00:00,7190.0,7192.25,7189.75,7190.75,969
2026-04-27T05:45:00+00:00,7190.5,7192.25,7190.25,7190.5,571
2026-04-27T05:50:00+00:00,7190.75,7191.0,7188.25,7191.0,914
2026-04-27T05:55:00+00:00,7191.0,7191.5,7189.5,7189.75,510
2026-04-27T06:00:00+00:00,7189.75,7190.75,7187.5,7188.0,1085
2026-04-27T06:05:00+00:00,7188.0,7190.25,7186.25,7189.75,1160
2026-04-27T06:10:00+00:00,7189.5,7190.5,7189.0,7190.25,800
2026-04-27T06:15:00+00:00,7189.75,7190.75,7187.75,7190.5,926
2026-04-27T06:20:00+00:00,7190.0,7191.75,7189.5,7191.25,866
2026-04-27T06:25:00+00:00,7191.0,7191.25,7189.25,7190.5,813
2026-04-27T06:30:00+00:00,7190.75,7191.0,7185.5,7187.0,2334
2026-04-27T06:35:00+00:00,7187.25,7188.75,7186.75,7188.0,908
2026-04-27T06:40:00+00:00,7187.75,7188.5,7186.25,7188.5,881
2026-04-27T06:45:00+00:00,7188.25,7190.0,7187.75,7189.75,701
2026-04-27T06:50:00+00:00,7189.5,7189.5,7187.25,7188.75,410
2026-04-27T06:55:00+00:00,7189.0,7189.5,7186.75,7188.25,551
2026-04-27T07:00:00+00:00,7188.0,7190.25,7185.5,7188.5,1694
2026-04-27T07:05:00+00:00,7188.5,7188.5,7185.25,7186.25,1408
2026-04-27T07:10:00+00:00,7186.5,7188.5,7185.0,7188.5,731
2026-04-27T07:15:00+00:00,7188.5,7188.5,7186.0,7188.0,562
2026-04-27T07:20:00+00:00,7187.75,7189.75,7186.5,7188.5,537
2026-04-27T07:25:00+00:00,7188.25,7188.75,7186.0,7187.0,516
2026-04-27T07:30:00+00:00,7187.25,7188.75,7186.25,7187.25,488
2026-04-27T07:35:00+00:00,7187.25,7188.0,7185.25,7187.75,642
2026-04-27T07:40:00+00:00,7188.0,7188.0,7186.75,7187.25,340
2026-04-27T07:45:00+00:00,7187.25,7189.0,7187.0,7187.25,495
2026-04-27T07:50:00+00:00,7187.25,7189.0,7186.25,7187.75,540
2026-04-27T07:55:00+00:00,7187.75,7188.5,7186.75,7187.25,356
2026-04-27T08:00:00+00:00,7187.0,7189.25,7184.0,7185.75,1732
2026-04-27T08:05:00+00:00,7186.0,7186.5,7182.0,7182.75,1905
2026-04-27T08:10:00+00:00,7183.0,7185.0,7181.5,7182.0,1493
2026-04-27T08:15:00+00:00,7181.75,7184.5,7181.25,7183.75,840
2026-04-27T08:20:00+00:00,7183.75,7185.75,7182.5,7185.75,696
2026-04-27T08:25:00+00:00,7186.0,7186.75,7185.25,7186.0,729
2026-04-27T08:30:00+00:00,7186.0,7187.75,7185.5,7187.5,880
2026-04-27T08:35:00+00:00,7187.5,7188.0,7186.25,7187.0,648
2026-04-27T08:40:00+00:00,7187.0,7188.0,7186.0,7187.5,583
2026-04-27T08:45:00+00:00,7187.75,7190.0,7187.75,7188.75,899
2026-04-27T08:50:00+00:00,7189.0,7189.75,7187.75,7189.0,596
2026-04-27T08:55:00+00:00,7189.0,7189.75,7188.0,7189.0,512
2026-04-27T09:00:00+00:00,7189.0,7190.5,7188.0,7189.25,776
2026-04-27T09:05:00+00:00,7189.5,7189.75,7187.5,7188.0,550
2026-04-27T09:10:00+00:00,7188.0,7190.75,7187.5,7190.0,535
2026-04-27T09:15:00+00:00,7190.0,7190.5,7188.5,7189.0,448
2026-04-27T09:20:00+00:00,7188.75,7189.0,7187.5,7187.5,538
2026-04-27T09:25:00+00:00,7187.5,7189.0,7187.25,7188.5,437
2026-04-27T09:30:00+00:00,7188.5,7190.5,7188.0,7190.25,497
2026-04-27T09:35:00+00:00,7190.0,7190.25,7188.25,7189.25,529
2026-04-27T09:40:00+00:00,7189.25,7190.0,7188.5,7189.5,286
2026-04-27T09:45:00+00:00,7189.25,7190.0,7188.75,7189.0,292
2026-04-27T09:50:00+00:00,7189.25,7191.0,7189.0,7191.0,473
2026-04-27T09:55:00+00:00,7191.0,7191.25,7188.25,7189.0,706
2026-04-27T10:00:00+00:00,7189.0,7189.5,7188.0,7188.0,679
2026-04-27T10:05:00+00:00,7188.25,7189.5,7187.0,7188.0,740
2026-04-27T10:10:00+00:00,7188.0,7188.0,7186.75,7187.75,544
2026-04-27T10:15:00+00:00,7187.75,7190.0,7187.25,7189.25,635
2026-04-27T10:20:00+00:00,7189.25,7191.25,7189.25,7190.0,626
2026-04-27T10:25:00+00:00,7190.0,7190.5,7188.0,7188.75,599
2026-04-27T10:30:00+00:00,7189.0,7191.25,7188.5,7190.5,552
2026-04-27T10:35:00+00:00,7190.25,7192.25,7190.0,7191.75,676
2026-04-27T10:40:00+00:00,7191.75,7194.75,7191.75,7194.5,1409
2026-04-27T10:45:00+00:00,7194.5,7195.25,7192.5,7193.5,1371
2026-04-27T10:50:00+00:00,7193.5,7195.0,7192.5,7193.75,859
2026-04-27T10:55:00+00:00,7193.75,7195.0,7193.25,7193.75,728
2026-04-27T11:00:00+00:00,7193.75,7196.0,7193.75,7194.5,1703
2026-04-27T11:05:00+00:00,7194.75,7195.75,7194.25,7194.75,665
2026-04-27T11:10:00+00:00,7195.0,7195.75,7194.0,7194.25,724
2026-04-27T11:15:00+00:00,7194.25,7196.0,7193.5,7195.75,952
2026-04-27T11:20:00+00:00,7195.5,7198.0,7195.0,7197.0,1238
2026-04-27T11:25:00+00:00,7197.0,7198.0,7195.75,7196.75,905
2026-04-27T11:30:00+00:00,7196.75,7198.0,7195.75,7196.25,1197
2026-04-27T11:35:00+00:00,7196.25,7197.0,7195.5,7196.5,950
2026-04-27T11:40:00+00:00,7196.5,7197.5,7196.0,7197.0,1019
2026-04-27T11:45:00+00:00,7197.0,7198.5,7196.5,7197.5,730
2026-04-27T11:50:00+00:00,7197.75,7198.0,7196.25,7197.0,720
2026-04-27T11:55:00+00:00,7196.75,7197.25,7195.75,7196.5,821
2026-04-27T12:00:00+00:00,7196.75,7197.5,7194.5,7196.0,1193
2026-04-27T12:05:00+00:00,7196.25,7196.5,7193.0,7193.75,1698
2026-04-27T12:10:00+00:00,7194.0,7196.75,7193.5,7195.25,1232
2026-04-27T12:15:00+00:00,7195.0,7195.0,7192.75,7194.5,1348
2026-04-27T12:20:00+00:00,7194.25,7195.25,7191.0,7191.5,2081
2026-04-27T12:25:00+00:00,7191.5,7192.25,7185.25,7189.0,5414
2026-04-27T12:30:00+00:00,7188.75,7190.5,7187.0,7189.25,2378
2026-04-27T12:35:00+00:00,7189.5,7190.75,7186.0,7188.0,2405
2026-04-27T12:40:00+00:00,7188.0,7190.0,7185.0,7189.25,2955
2026-04-27T12:45:00+00:00,7189.5,7192.25,7187.5,7191.5,3132
2026-04-27T12:50:00+00:00,7191.5,7192.75,7189.25,7191.0,1980
2026-04-27T12:55:00+00:00,7191.25,7191.75,7187.0,7188.25,2581
2026-04-27T13:00:00+00:00,7188.5,7191.5,7183.25,7186.25,7960
2026-04-27T13:05:00+00:00,7186.0,7189.0,7184.0,7187.5,4192
2026-04-27T13:10:00+00:00,7187.25,7189.75,7186.25,7187.25,2557
2026-04-27T13:15:00+00:00,7187.0,7189.0,7186.5,7187.5,1898
2026-04-27T13:20:00+00:00,7187.5,7188.5,7186.75,7186.75,1394
2026-04-27T13:25:00+00:00,7186.75,7187.25,7184.75,7186.5,5103
2026-04-27T13:30:00+00:00,7186.5,7195.75,7183.25,7191.5,25897
2026-04-27T13:35:00+00:00,7191.5,7198.0,7190.5,7198.0,16028
2026-04-27T13:40:00+00:00,7198.0,7198.5,7190.75,7191.5,15010
2026-04-27T13:45:00+00:00,7191.25,7192.25,7178.75,7183.5,29617
2026-04-27T13:50:00+00:00,7183.5,7194.25,7180.75,7194.0,23773
2026-04-27T13:55:00+00:00,7194.0,7197.75,7193.0,7195.5,16034
2026-04-27T14:00:00+00:00,7195.5,7196.75,7192.0,7193.75,14876
2026-04-27T14:05:00+00:00,7194.0,7197.25,7191.25,7192.25,13799
2026-04-27T14:10:00+00:00,7192.0,7195.5,7189.5,7193.0,15408
2026-04-27T14:15:00+00:00,7193.0,7194.25,7188.75,7189.25,11716
2026-04-27T14:20:00+00:00,7189.25,7191.5,7188.0,7191.25,10218
2026-04-27T14:25:00+00:00,7191.5,7193.0,7188.75,7189.0,9269
2026-04-27T14:30:00+00:00,7189.25,7189.5,7185.25,7188.25,15254
2026-04-27T14:35:00+00:00,7188.5,7200.0,7187.75,7194.0,23428
2026-04-27T14:40:00+00:00,7194.0,7196.5,7190.0,7194.0,9495
2026-04-27T14:45:00+00:00,7194.5,7195.0,7190.0,7191.5,6640
2026-04-27T14:50:00+00:00,7191.25,7193.25,7187.5,7190.0,8063
2026-04-27T14:55:00+00:00,7190.25,7192.0,7187.75,7191.0,5705
2026-04-27T15:00:00+00:00,7190.75,7192.75,7182.5,7183.75,15445
2026-04-27T15:05:00+00:00,7183.5,7186.5,7182.25,7185.0,12305
2026-04-27T15:10:00+00:00,7185.0,7186.25,7183.0,7183.0,6438
2026-04-27T15:15:00+00:00,7183.0,7187.0,7181.5,7182.5,10455
2026-04-27T15:20:00+00:00,7182.75,7184.0,7177.0,7180.0,15843
2026-04-27T15:25:00+00:00,7180.0,7184.5,7178.5,7184.5,10705
2026-04-27T15:30:00+00:00,7184.5,7187.0,7182.0,7184.25,10343
2026-04-27T15:35:00+00:00,7184.25,7185.75,7182.75,7185.0,4693
2026-04-27T15:40:00+00:00,7184.75,7188.75,7184.0,7187.25,7701
2026-04-27T15:45:00+00:00,7187.25,7188.75,7185.5,7185.75,6043
2026-04-27T15:50:00+00:00,7186.0,7187.25,7185.0,7186.75,4151
2026-04-27T15:55:00+00:00,7186.75,7189.5,7185.75,7188.75,5377
2026-04-27T16:00:00+00:00,7188.75,7189.75,7186.25,7189.25,5732
2026-04-27T16:05:00+00:00,7189.25,7192.5,7189.0,7192.0,7148
2026-04-27T16:10:00+00:00,7192.0,7195.25,7191.25,7194.0,9595
2026-04-27T16:15:00+00:00,7194.0,7196.0,7194.0,7194.75,5309
2026-04-27T16:20:00+00:00,7194.75,7195.25,7192.0,7192.75,5309
2026-04-27T16:25:00+00:00,7192.75,7194.75,7192.5,7193.25,3598
2026-04-27T16:30:00+00:00,7193.5,7196.75,7193.5,7196.25,4873
2026-04-27T16:35:00+00:00,7196.5,7197.75,7195.5,7197.25,5426
2026-04-27T16:40:00+00:00,7197.5,7197.75,7195.75,7196.0,3722
2026-04-27T16:45:00+00:00,7196.0,7197.5,7195.75,7197.25,3326
2026-04-27T16:50:00+00:00,7197.0,7197.25,7195.0,7195.25,3514
2026-04-27T16:55:00+00:00,7195.0,7196.5,7193.5,7196.0,5435
2026-04-27T17:00:00+00:00,7196.25,7198.5,7196.0,7197.0,5021
2026-04-27T17:05:00+00:00,7197.25,7197.5,7195.5,7197.25,2856
2026-04-27T17:10:00+00:00,7197.25,7198.25,7195.5,7198.0,4004
2026-04-27T17:15:00+00:00,7198.0,7199.0,7193.75,7196.0,6870
2026-04-27T17:20:00+00:00,7196.25,7202.25,7195.25,7198.5,14078
2026-04-27T17:25:00+00:00,7198.25,7201.75,7197.5,7201.0,6577
2026-04-27T17:30:00+00:00,7201.0,7207.0,7200.5,7207.0,12258
2026-04-27T17:35:00+00:00,7206.75,7207.0,7201.75,7202.5,7806
2026-04-27T17:40:00+00:00,7202.5,7203.5,7201.75,7203.0,4273
2026-04-27T17:45:00+00:00,7203.0,7204.0,7202.0,7203.75,3390
2026-04-27T17:50:00+00:00,7203.75,7204.75,7201.25,7202.25,4148
2026-04-27T17:55:00+00:00,7202.25,7204.25,7202.0,7203.75,2570
2026-04-27T18:00:00+00:00,7203.5,7205.25,7202.0,7203.75,4089
2026-04-27T18:05:00+00:00,7203.75,7205.25,7203.0,7204.25,2682
2026-04-27T18:10:00+00:00,7204.5,7206.0,7204.25,7205.5,2771
2026-04-27T18:15:00+00:00,7205.5,7207.25,7204.75,7207.0,4237
2026-04-27T18:20:00+00:00,7207.0,7207.25,7205.5,7206.0,2850
2026-04-27T18:25:00+00:00,7206.0,7206.5,7204.75,7205.5,3488
2026-04-27T18:30:00+00:00,7205.25,7207.0,7205.0,7206.0,2449
2026-04-27T18:35:00+00:00,7206.25,7206.5,7205.25,7206.25,2065
2026-04-27T18:40:00+00:00,7206.25,7206.75,7202.75,7203.5,5359
2026-04-27T18:45:00+00:00,7203.5,7205.25,7201.75,7204.75,4776
2026-04-27T18:50:00+00:00,7204.75,7206.0,7203.25,7203.5,2917
2026-04-27T18:55:00+00:00,7203.25,7205.0,7203.0,7203.0,2308
2026-04-27T19:00:00+00:00,7203.0,7204.75,7202.5,7203.25,2981
2026-04-27T19:05:00+00:00,7203.25,7204.0,7201.5,7202.25,3457
2026-04-27T19:10:00+00:00,7202.25,7204.5,7201.5,7204.0,4193
2026-04-27T19:15:00+00:00,7204.0,7206.5,7203.75,7206.0,5437
2026-04-27T19:20:00+00:00,7205.75,7206.5,7204.75,7205.5,3170
2026-04-27T19:25:00+00:00,7205.5,7206.75,7205.0,7206.0,3766
2026-04-27T19:30:00+00:00,7206.0,7208.0,7205.5,7206.25,5916
2026-04-27T19:35:00+00:00,7206.0,7207.5,7203.5,7206.5,6498
2026-04-27T19:40:00+00:00,7206.5,7207.0,7205.25,7206.75,3906
2026-04-27T19:45:00+00:00,7206.75,7210.25,7206.25,7210.0,10314
2026-04-27T19:50:00+00:00,7210.0,7211.5,7206.25,7207.0,11426
2026-04-27T19:55:00+00:00,7207.0,7208.25,7204.75,7207.0,14430
2026-04-27T20:00:00+00:00,7207.0,7207.75,7204.0,7205.0,5234
2026-04-27T20:05:00+00:00,7204.75,7205.25,7203.25,7203.75,2115
2026-04-27T20:10:00+00:00,7203.5,7205.5,7203.25,7204.75,1826
2026-04-27T20:15:00+00:00,7204.5,7205.5,7203.0,7203.5,1447
2026-04-27T20:20:00+00:00,7203.5,7203.75,7202.0,7202.75,1478
2026-04-27T20:25:00+00:00,7202.75,7204.5,7202.5,7204.5,898
2026-04-27T20:30:00+00:00,7204.5,7205.5,7204.25,7204.25,1297
2026-04-27T20:35:00+00:00,7204.5,7207.25,7204.25,7207.0,1701
2026-04-27T20:40:00+00:00,7207.25,7207.5,7206.25,7207.0,1087
2026-04-27T20:45:00+00:00,7206.75,7207.5,7206.0,7206.75,1758
2026-04-27T20:50:00+00:00,7206.5,7206.5,7205.5,7205.75,1276
2026-04-27T20:55:00+00:00,7206.0,7206.25,7204.75,7205.25,1221
2026-04-27T22:00:00+00:00,7205.75,7209.5,7205.0,7207.5,0
2026-04-27T22:05:00+00:00,7207.25,7218.0,7207.0,7214.25,4290
2026-04-27T22:10:00+00:00,7214.25,7217.75,7214.25,7217.25,1696
2026-04-27T22:15:00+00:00,7217.0,7221.0,7217.0,7218.75,2604
2026-04-27T22:20:00+00:00,7218.75,7219.25,7216.75,7217.75,1286
2026-04-27T22:25:00+00:00,7217.75,7219.25,7217.0,7219.0,826
2026-04-27T22:30:00+00:00,7219.0,7220.0,7218.5,7218.5,1206
2026-04-27T22:35:00+00:00,7218.25,7218.75,7217.25,7218.5,804
2026-04-27T22:40:00+00:00,7218.25,7219.25,7217.5,7218.5,718
2026-04-27T22:45:00+00:00,7218.75,7218.75,7216.75,7216.75,593
2026-04-27T22:50:00+00:00,7216.75,7217.25,7215.75,7217.0,1057
2026-04-27T22:55:00+00:00,7216.75,7217.0,7216.0,7216.25,391
2026-04-27T23:00:00+00:00,7216.25,7217.5,7216.25,7217.0,548
2026-04-27T23:05:00+00:00,7217.25,7217.5,7215.0,7215.75,774
2026-04-27T23:10:00+00:00,7215.75,7216.25,7215.0,7215.25,528
2026-04-27T23:15:00+00:00,7215.5,7217.75,7215.5,7217.25,952
2026-04-27T23:20:00+00:00,7217.25,7218.25,7216.75,7217.75,648
2026-04-27T23:25:00+00:00,7217.75,7218.0,7217.0,7217.5,312
2026-04-27T23:30:00+00:00,7217.5,7218.25,7216.75,7217.75,669
2026-04-27T23:35:00+00:00,7217.75,7219.5,7217.75,7219.25,627
2026-04-27T23:40:00+00:00,7219.5,7220.0,7218.25,7218.75,620
2026-04-27T23:45:00+00:00,7218.5,7219.25,7217.0,7217.25,673
2026-04-27T23:50:00+00:00,7217.5,7217.75,7216.5,7217.5,452
2026-04-27T23:55:00+00:00,7217.5,7217.75,7216.5,7217.25,341
2026-04-28T00:00:00+00:00,7217.25,7220.5,7216.5,7217.25,4209
2026-04-28T00:05:00+00:00,7217.5,7222.5,7216.75,7221.75,3134
2026-04-28T00:10:00+00:00,7221.75,7223.0,7220.25,7220.75,1842
2026-04-28T00:15:00+00:00,7220.75,7220.75,7217.75,7218.25,2308
2026-04-28T00:20:00+00:00,7218.25,7219.25,7217.0,7218.5,996
2026-04-28T00:25:00+00:00,7218.75,7219.0,7212.25,7215.0,3641
2026-04-28T00:30:00+00:00,7215.25,7217.25,7213.25,7214.25,1916
2026-04-28T00:35:00+00:00,7214.25,7215.5,7213.25,7215.0,1121
2026-04-28T00:40:00+00:00,7215.25,7216.75,7215.0,7216.25,1043
2026-04-28T00:45:00+00:00,7216.25,7217.0,7215.0,7216.0,850
2026-04-28T00:50:00+00:00,7216.0,7216.0,7214.0,7214.25,732
2026-04-28T00:55:00+00:00,7214.5,7215.0,7213.75,7213.75,575
2026-04-28T01:00:00+00:00,7213.75,7214.75,7211.75,7213.0,2148
2026-04-28T01:05:00+00:00,7213.25,7214.25,7211.5,7212.75,910
2026-04-28T01:10:00+00:00,7212.5,7214.5,7212.5,7214.25,712
2026-04-28T01:15:00+00:00,7214.25,7214.75,7213.0,7213.75,635
2026-04-28T01:20:00+00:00,7213.5,7215.0,7213.0,7214.25,636
2026-04-28T01:25:00+00:00,7214.5,7216.25,7214.5,7215.75,1160
2026-04-28T01:30:00+00:00,7216.0,7216.0,7213.75,7215.0,962
2026-04-28T01:35:00+00:00,7215.0,7218.5,7215.0,7217.75,1528
2026-04-28T01:40:00+00:00,7218.0,7219.25,7217.5,7217.75,873
2026-04-28T01:45:00+00:00,7218.0,7218.5,7214.5,7214.5,1329
2026-04-28T01:50:00+00:00,7214.5,7214.75,7210.75,7212.5,3149
2026-04-28T01:55:00+00:00,7212.5,7212.75,7208.0,7208.75,2896
2026-04-28T02:00:00+00:00,7208.75,7209.75,7207.0,7207.75,2086
2026-04-28T02:05:00+00:00,7207.75,7210.5,7207.75,7209.75,1312
2026-04-28T02:10:00+00:00,7209.75,7210.75,7209.25,7210.0,566
2026-04-28T02:15:00+00:00,7210.25,7211.5,7209.75,7211.0,617
2026-04-28T02:20:00+00:00,7211.0,7212.0,7210.5,7211.0,583
2026-04-28T02:25:00+00:00,7211.0,7211.25,7209.5,7210.25,809
2026-04-28T02:30:00+00:00,7210.25,7210.25,7207.5,7209.0,1102
2026-04-28T02:35:00+00:00,7209.25,7209.5,7206.75,7206.75,854
2026-04-28T02:40:00+00:00,7206.75,7207.75,7206.5,7207.25,857
2026-04-28T02:45:00+00:00,7207.0,7207.5,7206.5,7206.75,614
2026-04-28T02:50:00+00:00,7206.75,7208.25,7206.75,7207.5,587
2026-04-28T02:55:00+00:00,7207.5,7207.5,7204.75,7205.75,1831
2026-04-28T03:00:00+00:00,7205.75,7206.5,7204.75,7205.25,851
2026-04-28T03:05:00+00:00,7205.25,7207.25,7204.75,7206.75,771
2026-04-28T03:10:00+00:00,7206.75,7208.75,7206.75,7208.25,990
2026-04-28T03:15:00+00:00,7208.5,7210.0,7207.75,7209.5,933
2026-04-28T03:20:00+00:00,7209.25,7209.75,7209.0,7209.0,351
2026-04-28T03:25:00+00:00,7209.0,7210.75,7208.75,7210.5,556
2026-04-28T03:30:00+00:00,7210.75,7212.0,7210.25,7211.5,680
2026-04-28T03:35:00+00:00,7211.25,7211.75,7210.5,7211.25,302
2026-04-28T03:40:00+00:00,7211.0,7211.5,7210.25,7210.25,340
2026-04-28T03:45:00+00:00,7210.25,7210.25,7208.0,7208.75,864
2026-04-28T03:50:00+00:00,7208.5,7208.75,7207.5,7208.25,454
2026-04-28T03:55:00+00:00,7208.0,7209.0,7207.75,7208.25,200
2026-04-28T04:05:00+00:00,7208.0,7208.25,7207.75,7207.75,1038
2026-04-28T04:10:00+00:00,7207.75,7210.75,7207.75,7210.0,601
2026-04-28T04:15:00+00:00,7210.25,7211.0,7209.75,7210.0,401
2026-04-28T04:20:00+00:00,7210.0,7211.25,7210.0,7210.5,200
2026-04-28T04:25:00+00:00,7210.75,7210.75,7210.0,7210.5,218
2026-04-28T04:30:00+00:00,7210.75,7212.5,7210.5,7212.25,629
2026-04-28T04:35:00+00:00,7212.25,7212.5,7211.0,7211.5,320
2026-04-28T04:40:00+00:00,7211.75,7212.5,7211.5,7212.5,282
2026-04-28T04:45:00+00:00,7212.25,7212.75,7211.5,7211.5,315
2026-04-28T04:50:00+00:00,7211.5,7211.75,7210.0,7210.25,431
2026-04-28T04:55:00+00:00,7210.25,7210.75,7209.0,7209.25,493
2026-04-28T05:00:00+00:00,7209.5,7210.25,7207.75,7208.0,944
2026-04-28T05:05:00+00:00,7207.75,7208.5,7205.25,7205.75,1210
2026-04-28T05:10:00+00:00,7205.75,7205.75,7202.0,7204.5,2768
2026-04-28T05:15:00+00:00,7204.5,7204.5,7202.5,7204.0,879
2026-04-28T05:20:00+00:00,7204.0,7205.75,7203.75,7205.5,728
2026-04-28T05:25:00+00:00,7205.5,7205.75,7204.5,7204.75,511
2026-04-28T05:30:00+00:00,7204.75,7204.75,7201.0,7201.25,1276
2026-04-28T05:35:00+00:00,7201.25,7201.75,7196.25,7199.5,3670
2026-04-28T05:40:00+00:00,7199.75,7202.25,7198.75,7200.5,1151
2026-04-28T05:45:00+00:00,7200.25,7200.5,7198.25,7198.75,705
2026-04-28T05:50:00+00:00,7198.75,7200.5,7197.5,7200.0,678
2026-04-28T05:55:00+00:00,7200.0,7200.25,7197.75,7198.25,819
2026-04-28T06:00:00+00:00,7198.25,7199.25,7196.0,7197.5,1474
2026-04-28T06:05:00+00:00,7197.75,7200.25,7197.25,7199.75,800
2026-04-28T06:10:00+00:00,7200.0,7200.75,7198.5,7200.25,668
2026-04-28T06:15:00+00:00,7200.25,7200.5,7197.5,7198.75,600
2026-04-28T06:20:00+00:00,7198.5,7199.5,7198.0,7198.25,424
2026-04-28T06:25:00+00:00,7198.25,7201.0,7197.75,7199.75,949
2026-04-28T06:30:00+00:00,7199.75,7200.5,7197.75,7199.25,801
2026-04-28T06:35:00+00:00,7199.5,7199.5,7195.25,7197.0,1676
2026-04-28T06:40:00+00:00,7197.0,7197.5,7192.5,7193.25,2701
2026-04-28T06:45:00+00:00,7193.5,7195.25,7191.0,7191.5,1667
2026-04-28T06:50:00+00:00,7191.75,7194.0,7191.5,7193.75,968
2026-04-28T06:55:00+00:00,7193.5,7194.5,7192.75,7193.75,549
2026-04-28T07:00:00+00:00,7193.75,7194.0,7191.0,7193.25,1502
2026-04-28T07:05:00+00:00,7193.0,7195.25,7192.5,7193.5,1020
2026-04-28T07:10:00+00:00,7193.5,7194.0,7190.75,7193.5,939
2026-04-28T07:15:00+00:00,7193.75,7195.75,7191.25,7193.0,1374
2026-04-28T07:20:00+00:00,7193.5,7194.75,7191.75,7193.25,837
2026-04-28T07:25:00+00:00,7193.5,7194.25,7190.75,7192.25,970
2026-04-28T07:30:00+00:00,7192.5,7195.75,7191.75,7193.25,1152
2026-04-28T07:35:00+00:00,7193.5,7196.5,7193.5,7195.25,975
2026-04-28T07:40:00+00:00,7195.0,7198.0,7195.0,7196.0,841
2026-04-28T07:45:00+00:00,7196.0,7197.5,7195.25,7196.5,816
2026-04-28T07:50:00+00:00,7196.0,7196.5,7193.5,7195.75,1095
2026-04-28T07:55:00+00:00,7195.5,7197.75,7194.75,7196.75,750
2026-04-28T08:00:00+00:00,7197.0,7197.25,7189.0,7190.0,3333
2026-04-28T08:05:00+00:00,7189.75,7192.0,7188.5,7191.0,2000
2026-04-28T08:10:00+00:00,7191.0,7192.0,7188.5,7191.25,1591
2026-04-28T08:15:00+00:00,7191.25,7198.0,7191.25,7195.0,1956
2026-04-28T08:20:00+00:00,7195.5,7197.75,7195.5,7196.0,795
2026-04-28T08:25:00+00:00,7196.0,7201.75,7196.0,7201.75,1476
2026-04-28T08:30:00+00:00,7201.75,7202.0,7199.75,7200.25,1531
2026-04-28T08:35:00+00:00,7200.5,7201.5,7198.75,7200.25,803
2026-04-28T08:40:00+00:00,7200.5,7201.0,7199.0,7199.5,608
2026-04-28T08:45:00+00:00,7199.5,7200.0,7197.75,7198.0,539
2026-04-28T08:50:00+00:00,7198.25,7200.0,7197.25,7198.5,626
2026-04-28T08:55:00+00:00,7198.5,7200.75,7198.0,7200.5,463
2026-04-28T09:00:00+00:00,7200.25,7201.0,7197.5,7198.0,1895
2026-04-28T09:05:00+00:00,7197.75,7200.0,7196.5,7199.5,929
2026-04-28T09:10:00+00:00,7199.5,7201.0,7198.5,7200.0,780
2026-04-28T09:15:00+00:00,7200.0,7201.0,7197.75,7199.0,1356
2026-04-28T09:20:00+00:00,7199.25,7199.5,7196.75,7197.0,778
2026-04-28T09:25:00+00:00,7197.25,7197.5,7194.0,7196.0,1845
2026-04-28T09:30:00+00:00,7196.0,7196.5,7191.25,7192.75,1845
2026-04-28T09:35:00+00:00,7192.25,7194.75,7191.0,7192.0,1372
2026-04-28T09:40:00+00:00,7192.0,7193.25,7190.25,7192.25,1375
2026-04-28T09:45:00+00:00,7192.25,7192.75,7187.75,7189.0,2755
2026-04-28T09:50:00+00:00,7188.75,7192.75,7187.75,7192.5,1887
2026-04-28T09:55:00+00:00,7192.25,7194.0,7191.25,7191.75,1232
2026-04-28T10:00:00+00:00,7191.75,7194.5,7191.5,7192.75,1256
2026-04-28T10:05:00+00:00,7192.75,7193.25,7188.0,7188.5,1721
2026-04-28T10:10:00+00:00,7188.5,7189.25,7186.5,7186.75,1968
2026-04-28T10:15:00+00:00,7186.75,7191.25,7186.0,7189.75,1668
2026-04-28T10:20:00+00:00,7190.0,7191.75,7188.5,7189.25,1206
2026-04-28T10:25:00+00:00,7189.25,7190.0,7188.25,7189.0,954
2026-04-28T10:30:00+00:00,7189.25,7190.75,7187.5,7189.0,1461
2026-04-28T10:35:00+00:00,7189.0,7189.75,7187.0,7188.25,882
2026-04-28T10:40:00+00:00,7188.25,7189.0,7186.5,7186.5,868
2026-04-28T10:45:00+00:00,7186.75,7188.0,7186.25,7188.0,1434
2026-04-28T10:50:00+00:00,7188.0,7189.5,7187.5,7188.0,976
2026-04-28T10:55:00+00:00,7188.0,7190.0,7188.0,7189.25,1443
2026-04-28T11:00:00+00:00,7189.0,7191.75,7187.5,7188.0,3140
2026-04-28T11:05:00+00:00,7187.75,7188.75,7180.75,7181.25,4365
2026-04-28T11:10:00+00:00,7181.25,7182.25,7178.5,7179.5,3969
2026-04-28T11:15:00+00:00,7179.25,7179.5,7173.25,7174.0,4960
2026-04-28T11:20:00+00:00,7174.0,7175.0,7171.0,7171.5,4537
2026-04-28T11:25:00+00:00,7171.75,7173.0,7166.75,7169.5,4833
2026-04-28T11:30:00+00:00,7169.5,7169.75,7163.5,7168.25,5152
2026-04-28T11:35:00+00:00,7168.25,7169.25,7161.75,7163.75,4469
2026-04-28T11:40:00+00:00,7163.5,7168.5,7160.5,7168.25,7327
2026-04-28T11:45:00+00:00,7168.5,7169.75,7156.75,7158.0,7047
2026-04-28T11:50:00+00:00,7157.75,7161.75,7155.25,7158.0,6354
2026-04-28T11:55:00+00:00,7158.0,7160.75,7157.25,7158.5,2831
2026-04-28T12:00:00+00:00,7158.75,7160.25,7155.75,7157.25,3983
2026-04-28T12:05:00+00:00,7157.25,7160.0,7153.75,7155.0,4738
2026-04-28T12:10:00+00:00,7154.75,7160.0,7151.0,7158.75,9501
2026-04-28T12:15:00+00:00,7158.75,7159.5,7152.5,7153.0,3868
2026-04-28T12:20:00+00:00,7153.25,7164.25,7149.25,7151.5,29543
2026-04-28T12:25:00+00:00,7151.5,7153.25,7149.75,7152.0,4088
2026-04-28T12:30:00+00:00,7152.0,7154.0,7147.5,7153.0,5418
2026-04-28T12:35:00+00:00,7153.0,7156.0,7151.5,7156.0,4012
2026-04-28T12:40:00+00:00,7156.0,7159.25,7154.25,7156.25,5477
2026-04-28T12:45:00+00:00,7156.25,7162.25,7155.5,7161.5,4523
2026-04-28T12:50:00+00:00,7161.5,7166.5,7161.25,7165.0,6596
2026-04-28T12:55:00+00:00,7165.0,7170.0,7165.0,7169.25,5013
2026-04-28T13:00:00+00:00,7169.5,7171.25,7167.25,7168.0,6439
2026-04-28T13:05:00+00:00,7168.0,7168.0,7163.75,7164.75,6124
2026-04-28T13:10:00+00:00,7164.5,7167.0,7163.0,7163.25,3741
2026-04-28T13:15:00+00:00,7163.25,7165.0,7160.5,7164.0,5214
2026-04-28T13:20:00+00:00,7163.75,7167.75,7163.75,7166.75,4338
2026-04-28T13:25:00+00:00,7167.0,7175.0,7165.25,7172.0,13509
2026-04-28T13:30:00+00:00,7172.0,7174.0,7161.5,7169.25,31949
2026-04-28T13:35:00+00:00,7169.25,7175.75,7168.5,7174.5,17809
2026-04-28T13:40:00+00:00,7174.25,7183.0,7172.5,7177.75,22972
2026-04-28T13:45:00+00:00,7178.0,7180.0,7172.0,7176.25,20266
2026-04-28T13:50:00+00:00,7176.25,7178.0,7168.25,7170.25,18456
2026-04-28T13:55:00+00:00,7170.5,7171.5,7163.5,7169.75,18653
2026-04-28T14:00:00+00:00,7169.5,7172.25,7164.75,7168.0,14157
2026-04-28T14:05:00+00:00,7168.0,7177.5,7167.25,7175.0,15973
2026-04-28T14:10:00+00:00,7175.25,7175.25,7168.75,7170.0,11757
2026-04-28T14:15:00+00:00,7170.0,7172.25,7165.0,7167.25,13643
2026-04-28T14:20:00+00:00,7167.5,7170.75,7165.0,7167.75,9444
2026-04-28T14:25:00+00:00,7167.75,7170.25,7163.5,7166.5,14077
2026-04-28T14:30:00+00:00,7166.75,7170.0,7162.0,7162.75,12868
2026-04-28T14:35:00+00:00,7162.75,7163.5,7150.25,7154.5,32283
2026-04-28T14:40:00+00:00,7154.5,7160.5,7150.5,7158.75,20335
2026-04-28T14:45:00+00:00,7158.75,7160.75,7152.25,7154.75,21951
2026-04-28T14:50:00+00:00,7154.5,7155.5,7146.25,7150.5,26962
2026-04-28T14:55:00+00:00,7150.5,7159.75,7147.0,7159.25,37199
2026-04-28T15:00:00+00:00,7159.0,7164.75,7158.25,7160.0,22749
2026-04-28T15:05:00+00:00,7160.0,7161.75,7152.5,7155.0,15174
2026-04-28T15:10:00+00:00,7154.75,7161.25,7154.25,7160.75,11261
2026-04-28T15:15:00+00:00,7160.75,7162.25,7156.25,7160.25,8823
2026-04-28T15:20:00+00:00,7160.25,7160.75,7153.5,7156.25,9628
2026-04-28T15:25:00+00:00,7156.75,7156.75,7152.0,7152.75,8656
2026-04-28T15:30:00+00:00,7152.75,7153.25,7148.0,7150.75,14868
2026-04-28T15:35:00+00:00,7150.75,7155.5,7148.0,7152.75,11342
2026-04-28T15:40:00+00:00,7152.5,7155.0,7151.0,7151.75,5804
2026-04-28T15:45:00+00:00,7151.75,7153.75,7147.5,7149.5,10788
2026-04-28T15:50:00+00:00,7149.75,7153.0,7149.25,7152.5,6282
2026-04-28T15:55:00+00:00,7152.5,7154.25,7149.25,7153.75,6313
2026-04-28T16:00:00+00:00,7153.75,7157.0,7151.75,7155.25,9663
2026-04-28T16:05:00+00:00,7155.25,7158.75,7155.0,7156.75,7863
2026-04-28T16:10:00+00:00,7156.75,7158.5,7154.75,7158.25,4689
2026-04-28T16:15:00+00:00,7158.0,7158.5,7154.25,7157.25,4989
2026-04-28T16:20:00+00:00,7157.5,7159.5,7156.5,7158.75,4932
2026-04-28T16:25:00+00:00,7158.75,7159.75,7156.0,7157.25,4487
2026-04-28T16:30:00+00:00,7157.5,7158.25,7151.75,7151.75,6679
2026-04-28T16:35:00+00:00,7151.75,7153.25,7149.25,7150.5,8382
2026-04-28T16:40:00+00:00,7150.5,7152.5,7147.25,7148.75,8151
2026-04-28T16:45:00+00:00,7148.75,7151.5,7147.5,7151.25,6715
2026-04-28T16:50:00+00:00,7151.25,7158.0,7149.0,7156.5,12931
2026-04-28T16:55:00+00:00,7156.5,7157.25,7153.0,7155.5,5448
2026-04-28T17:00:00+00:00,7155.5,7157.5,7149.25,7150.25,6736
2026-04-28T17:05:00+00:00,7150.25,7152.75,7148.0,7152.25,5921
2026-04-28T17:10:00+00:00,7152.25,7153.75,7149.75,7153.25,5136
2026-04-28T17:15:00+00:00,7153.25,7154.0,7149.0,7149.75,4499
2026-04-28T17:20:00+00:00,7150.25,7152.75,7149.5,7152.5,3508
2026-04-28T17:25:00+00:00,7152.5,7157.0,7151.75,7155.0,6190
2026-04-28T17:30:00+00:00,7154.75,7158.75,7154.75,7158.25,5264
2026-04-28T17:35:00+00:00,7158.5,7162.0,7158.25,7159.75,8588
2026-04-28T17:40:00+00:00,7160.0,7164.0,7159.0,7161.25,6826
2026-04-28T17:45:00+00:00,7161.25,7163.0,7160.75,7161.0,4438
2026-04-28T17:50:00+00:00,7161.0,7163.0,7159.5,7162.5,5062
2026-04-28T17:55:00+00:00,7162.5,7165.5,7162.25,7164.5,6033
2026-04-28T18:00:00+00:00,7164.5,7165.5,7162.0,7162.75,5226
2026-04-28T18:05:00+00:00,7163.0,7165.0,7161.5,7164.0,5232
2026-04-28T18:10:00+00:00,7163.75,7165.25,7162.25,7164.5,3255
2026-04-28T18:15:00+00:00,7164.5,7169.0,7164.25,7168.25,8140
2026-04-28T18:20:00+00:00,7168.0,7170.5,7165.75,7168.0,15753
2026-04-28T18:25:00+00:00,7168.25,7169.75,7166.0,7167.25,5434
2026-04-28T18:30:00+00:00,7167.25,7167.75,7163.5,7164.5,7144
2026-04-28T18:35:00+00:00,7164.5,7165.0,7162.0,7164.5,5320
2026-04-28T18:40:00+00:00,7164.5,7167.75,7164.25,7167.5,5880
2026-04-28T18:45:00+00:00,7167.75,7168.5,7166.5,7167.5,3800
2026-04-28T18:50:00+00:00,7167.75,7169.75,7167.0,7169.5,4019
2026-04-28T18:55:00+00:00,7169.5,7170.0,7166.5,7169.0,5698
2026-04-28T19:00:00+00:00,7169.25,7171.0,7168.25,7170.0,5675
2026-04-28T19:05:00+00:00,7170.25,7174.25,7170.0,7173.5,7818
2026-04-28T19:10:00+00:00,7173.5,7176.25,7172.25,7173.25,8585
2026-04-28T19:15:00+00:00,7173.25,7173.25,7169.75,7170.5,8705
2026-04-28T19:20:00+00:00,7170.25,7172.25,7168.0,7170.5,7346
2026-04-28T19:25:00+00:00,7170.75,7171.75,7169.25,7170.25,3294
2026-04-28T19:30:00+00:00,7170.0,7170.5,7166.25,7166.75,6407
2026-04-28T19:35:00+00:00,7166.5,7170.0,7166.25,7169.75,6587
2026-04-28T19:40:00+00:00,7169.75,7172.5,7169.5,7170.75,5251
2026-04-28T19:45:00+00:00,7171.0,7172.25,7169.75,7172.0,4901
2026-04-28T19:50:00+00:00,7172.0,7174.5,7168.5,7171.25,16147
2026-04-28T19:55:00+00:00,7171.25,7173.5,7168.75,7171.5,27899
2026-04-28T20:00:00+00:00,7171.75,7172.0,7167.5,7169.5,7022
2026-04-28T20:05:00+00:00,7169.5,7174.5,7169.5,7174.25,4402
2026-04-28T20:10:00+00:00,7173.75,7176.25,7173.25,7173.25,3842
2026-04-28T20:15:00+00:00,7173.25,7175.25,7173.0,7174.25,1218
2026-04-28T20:20:00+00:00,7174.25,7174.25,7172.0,7173.0,1625
2026-04-28T20:25:00+00:00,7173.25,7174.25,7172.75,7173.75,578
2026-04-28T20:30:00+00:00,7173.75,7174.0,7171.5,7171.5,1239
2026-04-28T20:35:00+00:00,7171.75,7172.5,7171.5,7171.5,741
2026-04-28T20:40:00+00:00,7171.75,7172.25,7171.25,7172.0,1247
2026-04-28T20:45:00+00:00,7172.0,7172.75,7171.25,7171.25,1141
2026-04-28T20:50:00+00:00,7171.25,7172.25,7170.75,7172.0,778
2026-04-28T20:55:00+00:00,7172.0,7172.75,7171.25,7172.5,909
2026-04-28T22:00:00+00:00,7172.5,7177.5,7172.5,7175.25,0
2026-04-28T22:05:00+00:00,7175.25,7177.5,7174.0,7176.5,939
2026-04-28T22:10:00+00:00,7176.25,7177.75,7176.25,7176.5,592
2026-04-28T22:15:00+00:00,7176.75,7177.25,7175.5,7175.5,509
2026-04-28T22:20:00+00:00,7175.5,7176.0,7175.0,7175.0,506
2026-04-28T22:25:00+00:00,7175.0,7175.75,7174.25,7174.75,548
2026-04-28T22:30:00+00:00,7174.75,7176.5,7174.5,7176.0,576
2026-04-28T22:35:00+00:00,7176.0,7176.0,7175.0,7175.25,399
2026-04-28T22:40:00+00:00,7175.0,7175.5,7174.25,7175.25,385
2026-04-28T22:45:00+00:00,7175.0,7175.75,7174.75,7175.0,213
2026-04-28T22:50:00+00:00,7175.25,7175.75,7175.0,7175.5,199
2026-04-28T22:55:00+00:00,7175.25,7176.0,7175.0,7176.0,175
2026-04-28T23:00:00+00:00,7176.0,7176.25,7174.75,7175.25,362
2026-04-28T23:05:00+00:00,7175.5,7175.5,7174.25,7175.0,352
2026-04-28T23:10:00+00:00,7174.75,7175.5,7174.25,7175.25,232
2026-04-28T23:15:00+00:00,7175.5,7176.0,7175.25,7175.75,209
2026-04-28T23:20:00+00:00,7175.75,7176.0,7175.25,7175.75,123
2026-04-28T23:25:00+00:00,7175.5,7176.0,7175.5,7175.5,126
2026-04-28T23:30:00+00:00,7176.0,7178.0,7175.75,7177.0,792
2026-04-28T23:35:00+00:00,7177.0,7177.75,7177.0,7177.75,341
2026-04-28T23:40:00+00:00,7177.75,7178.75,7177.75,7178.5,456
2026-04-28T23:45:00+00:00,7178.25,7179.0,7177.75,7178.5,636
2026-04-28T23:50:00+00:00,7178.25,7179.0,7178.0,7179.0,331
2026-04-28T23:55:00+00:00,7178.75,7179.5,7178.25,7179.25,475
2026-04-29T00:00:00+00:00,7179.5,7182.75,7179.5,7182.25,2161
2026-04-29T00:05:00+00:00,7182.25,7184.25,7181.75,7184.25,2349
2026-04-29T00:10:00+00:00,7184.0,7186.0,7183.5,7185.0,1643
2026-04-29T00:15:00+00:00,7185.0,7185.75,7183.25,7184.0,1201
2026-04-29T00:20:00+00:00,7184.0,7186.5,7183.5,7186.5,1406
2026-04-29T00:25:00+00:00,7186.25,7186.75,7185.75,7186.5,772
2026-04-29T00:30:00+00:00,7186.75,7188.0,7185.75,7186.75,1429
2026-04-29T00:35:00+00:00,7186.5,7186.5,7185.0,7185.25,608
2026-04-29T00:40:00+00:00,7185.5,7186.75,7185.5,7186.0,530
2026-04-29T00:45:00+00:00,7186.0,7186.0,7184.0,7184.25,1279
2026-04-29T00:50:00+00:00,7184.25,7184.75,7183.25,7184.0,859
2026-04-29T00:55:00+00:00,7184.0,7184.5,7183.0,7183.5,570
2026-04-29T01:00:00+00:00,7183.25,7183.75,7177.5,7178.75,4715
2026-04-29T01:05:00+00:00,7178.75,7180.0,7169.25,7172.5,6622
2026-04-29T01:10:00+00:00,7172.5,7176.25,7172.25,7175.5,2753
2026-04-29T01:15:00+00:00,7175.5,7178.0,7174.25,7177.0,2450
2026-04-29T01:20:00+00:00,7177.0,7179.0,7176.5,7177.25,1572
2026-04-29T01:25:00+00:00,7177.25,7178.25,7176.0,7177.0,857
2026-04-29T01:30:00+00:00,7176.75,7179.75,7175.75,7179.5,1754
2026-04-29T01:35:00+00:00,7179.5,7181.75,7178.5,7179.5,1810
2026-04-29T01:40:00+00:00,7180.0,7183.0,7179.75,7181.75,1321
2026-04-29T01:45:00+00:00,7181.75,7182.25,7179.5,7180.5,990
2026-04-29T01:50:00+00:00,7180.0,7180.0,7177.25,7178.5,1619
2026-04-29T01:55:00+00:00,7178.25,7178.75,7177.25,7178.5,585
2026-04-29T02:00:00+00:00,7178.5,7182.0,7178.5,7179.5,1553
2026-04-29T02:05:00+00:00,7179.5,7182.75,7178.5,7182.25,1276
2026-04-29T02:10:00+00:00,7182.25,7183.0,7181.75,7183.0,732
2026-04-29T02:15:00+00:00,7183.0,7185.5,7182.25,7184.0,1300
2026-04-29T02:20:00+00:00,7183.75,7183.75,7181.5,7181.75,775
2026-04-29T02:25:00+00:00,7181.75,7184.25,7181.75,7182.25,752
2026-04-29T02:30:00+00:00,7182.5,7182.5,7180.75,7181.75,713
2026-04-29T02:35:00+00:00,7181.25,7181.25,7179.75,7180.75,669
2026-04-29T02:40:00+00:00,7180.5,7181.25,7179.25,7180.5,538
2026-04-29T02:45:00+00:00,7180.75,7182.75,7180.0,7182.0,563
2026-04-29T02:50:00+00:00,7182.25,7182.75,7181.0,7181.25,545
2026-04-29T02:55:00+00:00,7181.0,7182.25,7180.5,7181.75,459
2026-04-29T03:00:00+00:00,7182.0,7183.25,7181.5,7182.75,549
2026-04-29T03:05:00+00:00,7183.0,7184.75,7182.75,7184.75,579
2026-04-29T03:10:00+00:00,7184.75,7185.5,7183.5,7184.0,810
2026-04-29T03:15:00+00:00,7184.0,7185.0,7183.75,7184.25,324
2026-04-29T03:20:00+00:00,7184.5,7185.0,7183.75,7184.75,406
2026-04-29T03:25:00+00:00,7184.5,7185.5,7184.5,7184.5,431
2026-04-29T03:30:00+00:00,7184.5,7185.0,7183.25,7183.5,458
2026-04-29T03:35:00+00:00,7183.75,7183.75,7183.25,7183.5,281
2026-04-29T03:40:00+00:00,7183.5,7183.75,7182.25,7182.75,438
2026-04-29T03:45:00+00:00,7182.5,7183.25,7181.75,7182.0,372
2026-04-29T03:50:00+00:00,7182.0,7182.5,7181.25,7181.75,395
2026-04-29T03:55:00+00:00,7182.0,7182.75,7181.5,7182.75,408
2026-04-29T04:05:00+00:00,7183.75,7184.5,7183.75,7184.5,1076
2026-04-29T04:10:00+00:00,7184.25,7185.0,7183.75,7184.5,277
2026-04-29T04:15:00+00:00,7184.75,7184.75,7183.5,7184.25,301
2026-04-29T04:20:00+00:00,7184.25,7184.5,7183.5,7183.5,357
2026-04-29T04:25:00+00:00,7183.5,7184.75,7183.5,7184.5,207
2026-04-29T04:30:00+00:00,7184.25,7186.75,7184.25,7186.75,1095
2026-04-29T04:35:00+00:00,7186.75,7187.0,7185.5,7185.75,553
2026-04-29T04:40:00+00:00,7185.75,7186.0,7184.75,7185.0,320
2026-04-29T04:45:00+00:00,7185.25,7185.75,7184.25,7185.75,519
2026-04-29T04:50:00+00:00,7185.75,7186.25,7184.5,7184.5,345
2026-04-29T04:55:00+00:00,7184.5,7185.0,7184.0,7184.5,267
2026-04-29T05:00:00+00:00,7184.5,7185.75,7184.0,7185.25,392
2026-04-29T05:05:00+00:00,7185.25,7185.75,7183.75,7183.75,251
2026-04-29T05:10:00+00:00,7183.75,7184.25,7182.5,7182.75,549
2026-04-29T05:15:00+00:00,7183.0,7183.75,7182.5,7183.0,383
2026-04-29T05:20:00+00:00,7183.0,7183.25,7182.0,7182.25,470
2026-04-29T05:25:00+00:00,7182.0,7185.0,7182.0,7184.5,377
2026-04-29T05:30:00+00:00,7184.75,7185.5,7184.25,7184.5,370
2026-04-29T05:35:00+00:00,7184.5,7186.25,7184.25,7186.0,405
2026-04-29T05:40:00+00:00,7186.0,7187.0,7185.5,7186.5,262
2026-04-29T05:45:00+00:00,7186.5,7187.25,7186.25,7186.25,421
2026-04-29T05:50:00+00:00,7186.5,7187.25,7186.0,7186.75,307
2026-04-29T05:55:00+00:00,7186.75,7187.0,7185.0,7185.25,508
2026-04-29T06:00:00+00:00,7185.0,7188.0,7184.75,7188.0,716
2026-04-29T06:05:00+00:00,7187.75,7188.25,7186.0,7186.25,607
2026-04-29T06:10:00+00:00,7186.0,7186.75,7184.25,7185.0,553
2026-04-29T06:15:00+00:00,7184.75,7185.0,7183.25,7184.5,637
2026-04-29T06:20:00+00:00,7184.25,7185.0,7183.5,7183.75,312
2026-04-29T06:25:00+00:00,7184.0,7184.5,7182.75,7183.25,646
2026-04-29T06:30:00+00:00,7183.25,7183.5,7181.75,7182.25,629
2026-04-29T06:35:00+00:00,7182.5,7183.75,7181.25,7183.25,575
2026-04-29T06:40:00+00:00,7183.5,7185.25,7183.5,7183.75,873
2026-04-29T06:45:00+00:00,7183.75,7184.25,7182.75,7183.75,413
2026-04-29T06:50:00+00:00,7183.5,7183.5,7179.75,7180.25,1071
2026-04-29T06:55:00+00:00,7180.0,7180.75,7179.25,7179.75,370
2026-04-29T07:00:00+00:00,7179.5,7182.5,7179.5,7182.0,968
2026-04-29T07:05:00+00:00,7182.0,7183.25,7180.25,7180.25,564
2026-04-29T07:10:00+00:00,7180.25,7180.5,7177.0,7177.5,1108
2026-04-29T07:15:00+00:00,7177.75,7178.5,7176.0,7176.5,812
2026-04-29T07:20:00+00:00,7176.0,7178.0,7175.75,7178.0,681
2026-04-29T07:25:00+00:00,7178.0,7179.0,7175.5,7178.0,846
2026-04-29T07:30:00+00:00,7178.0,7179.75,7176.75,7178.0,711
2026-04-29T07:35:00+00:00,7178.25,7180.25,7176.0,7177.0,891
2026-04-29T07:40:00+00:00,7177.0,7178.0,7174.0,7174.25,1306
2026-04-29T07:45:00+00:00,7174.25,7174.5,7169.25,7173.5,2685
2026-04-29T07:50:00+00:00,7173.5,7174.75,7171.25,7173.25,1203
2026-04-29T07:55:00+00:00,7173.5,7175.5,7173.25,7174.5,583
2026-04-29T08:00:00+00:00,7174.75,7180.25,7174.75,7176.5,2293
2026-04-29T08:05:00+00:00,7176.5,7177.0,7170.5,7172.25,2764
2026-04-29T08:10:00+00:00,7172.0,7173.25,7169.25,7169.75,1481
2026-04-29T08:15:00+00:00,7170.0,7171.25,7166.5,7171.25,2159
2026-04-29T08:20:00+00:00,7171.0,7174.75,7171.0,7174.25,1046
2026-04-29T08:25:00+00:00,7174.25,7176.75,7174.0,7175.5,1334
2026-04-29T08:30:00+00:00,7175.75,7176.0,7167.25,7168.5,1502
2026-04-29T08:35:00+00:00,7168.5,7170.5,7166.75,7168.75,2417
2026-04-29T08:40:00+00:00,7169.0,7174.25,7167.5,7173.5,1565
2026-04-29T08:45:00+00:00,7173.75,7175.5,7171.5,7172.25,1062
2026-04-29T08:50:00+00:00,7171.75,7174.0,7171.0,7173.0,770
2026-04-29T08:55:00+00:00,7173.0,7174.0,7171.25,7172.75,732
2026-04-29T09:00:00+00:00,7172.75,7174.5,7170.25,7171.75,1171
2026-04-29T09:05:00+00:00,7171.25,7173.5,7170.0,7173.25,800
2026-04-29T09:10:00+00:00,7173.25,7175.75,7173.0,7174.0,854
2026-04-29T09:15:00+00:00,7174.0,7177.0,7173.25,7176.75,968
2026-04-29T09:20:00+00:00,7176.75,7176.75,7172.75,7174.25,860
2026-04-29T09:25:00+00:00,7174.0,7175.0,7172.25,7174.5,382
2026-04-29T09:30:00+00:00,7174.0,7176.75,7173.0,7175.0,618
2026-04-29T09:35:00+00:00,7175.75,7178.0,7171.75,7173.75,1425
2026-04-29T09:40:00+00:00,7173.5,7173.75,7171.25,7171.25,986
2026-04-29T09:45:00+00:00,7171.75,7172.75,7170.0,7172.5,1166
2026-04-29T09:50:00+00:00,7172.5,7173.75,7171.5,7172.0,910
2026-04-29T09:55:00+00:00,7172.25,7172.25,7167.25,7169.5,1306
2026-04-29T10:00:00+00:00,7169.25,7173.0,7166.5,7171.75,1438
2026-04-29T10:05:00+00:00,7171.75,7172.5,7169.5,7172.0,847
2026-04-29T10:10:00+00:00,7171.75,7174.0,7171.5,7173.75,549
2026-04-29T10:15:00+00:00,7173.75,7179.25,7173.75,7178.75,1696
2026-04-29T10:20:00+00:00,7178.5,7180.75,7176.75,7179.25,1724
2026-04-29T10:25:00+00:00,7179.25,7180.5,7178.25,7179.25,652
2026-04-29T10:30:00+00:00,7179.5,7181.0,7178.5,7179.0,1329
2026-04-29T10:35:00+00:00,7179.0,7180.0,7178.0,7178.75,848
2026-04-29T10:40:00+00:00,7178.5,7178.5,7175.25,7176.75,1285
2026-04-29T10:45:00+00:00,7176.5,7178.0,7175.75,7177.0,858
2026-04-29T10:50:00+00:00,7177.25,7177.75,7175.75,7176.75,793
2026-04-29T10:55:00+00:00,7176.5,7176.75,7174.5,7176.5,1081
2026-04-29T11:00:00+00:00,7176.25,7178.25,7176.0,7177.5,1738
2026-04-29T11:05:00+00:00,7177.25,7177.5,7173.25,7174.5,1554
2026-04-29T11:10:00+00:00,7174.75,7177.5,7174.5,7176.5,858
2026-04-29T11:15:00+00:00,7176.5,7178.25,7175.75,7176.25,873
2026-04-29T11:20:00+00:00,7176.5,7177.25,7174.25,7175.25,1196
2026-04-29T11:25:00+00:00,7175.25,7177.0,7174.25,7175.0,956
2026-04-29T11:30:00+00:00,7174.5,7176.0,7174.0,7174.75,798
2026-04-29T11:35:00+00:00,7174.75,7180.0,7174.25,7174.25,2762
2026-04-29T11:40:00+00:00,7174.5,7175.25,7171.0,7172.75,2658
2026-04-29T11:45:00+00:00,7172.75,7173.75,7169.75,7171.75,1769
2026-04-29T11:50:00+00:00,7171.75,7175.5,7171.75,7173.25,1478
2026-04-29T11:55:00+00:00,7173.25,7174.75,7172.5,7173.75,841
2026-04-29T12:00:00+00:00,7173.25,7174.0,7171.0,7171.5,1058
2026-04-29T12:05:00+00:00,7171.25,7174.5,7171.25,7173.0,999
2026-04-29T12:10:00+00:00,7173.0,7174.5,7170.25,7171.0,1740
2026-04-29T12:15:00+00:00,7171.0,7173.25,7170.25,7172.25,1228
2026-04-29T12:20:00+00:00,7172.25,7173.25,7166.5,7171.5,4245
2026-04-29T12:25:00+00:00,7172.0,7174.75,7170.0,7170.75,1677
2026-04-29T12:30:00+00:00,7170.5,7170.75,7161.0,7163.0,6566
2026-04-29T12:35:00+00:00,7163.0,7168.25,7162.0,7168.25,3808
2026-04-29T12:40:00+00:00,7168.25,7171.25,7167.25,7170.0,2503
2026-04-29T12:45:00+00:00,7169.75,7170.5,7167.0,7167.25,1929
2026-04-29T12:50:00+00:00,7167.25,7169.75,7166.0,7167.5,2152
2026-04-29T12:55:00+00:00,7167.75,7169.5,7167.0,7169.0,1160
2026-04-29T13:00:00+00:00,7169.0,7173.25,7169.0,7170.75,3529
2026-04-29T13:05:00+00:00,7171.0,7173.0,7170.5,7171.0,1563
2026-04-29T13:10:00+00:00,7171.0,7172.25,7170.25,7170.75,1859
2026-04-29T13:15:00+00:00,7170.75,7172.0,7167.0,7167.5,3959
2026-04-29T13:20:00+00:00,7167.75,7168.5,7162.75,7165.5,7848
2026-04-29T13:25:00+00:00,7165.75,7166.25,7161.75,7163.0,5038
2026-04-29T13:30:00+00:00,7163.0,7165.0,7152.5,7154.5,27774
2026-04-29T13:35:00+00:00,7154.25,7159.75,7152.75,7158.75,16116
2026-04-29T13:40:00+00:00,7158.5,7159.5,7153.25,7153.25,11176
2026-04-29T13:45:00+00:00,7153.25,7155.75,7149.5,7152.5,17149
2026-04-29T13:50:00+00:00,7152.75,7160.5,7152.25,7159.5,15172
2026-04-29T13:55:00+00:00,7159.5,7163.5,7158.75,7160.75,15963
2026-04-29T14:00:00+00:00,7161.0,7161.25,7155.75,7160.5,13535
2026-04-29T14:05:00+00:00,7160.5,7162.0,7158.25,7161.75,9664
2026-04-29T14:10:00+00:00,7161.5,7165.75,7160.5,7164.5,13407
2026-04-29T14:15:00+00:00,7164.75,7166.75,7162.5,7163.75,11023
2026-04-29T14:20:00+00:00,7163.5,7167.5,7162.5,7166.75,9126
2026-04-29T14:25:00+00:00,7167.0,7169.75,7166.5,7168.0,10200
2026-04-29T14:30:00+00:00,7168.0,7172.75,7166.25,7172.25,13410
2026-04-29T14:35:00+00:00,7172.25,7175.25,7171.25,7171.75,11767
2026-04-29T14:40:00+00:00,7171.75,7172.75,7170.0,7171.75,7786
2026-04-29T14:45:00+00:00,7171.75,7172.5,7168.25,7168.25,7544
2026-04-29T14:50:00+00:00,7168.25,7170.5,7167.5,7169.75,6968
2026-04-29T14:55:00+00:00,7169.5,7169.75,7167.25,7168.0,5186
2026-04-29T15:00:00+00:00,7168.0,7168.75,7162.25,7164.25,12600
2026-04-29T15:05:00+00:00,7164.25,7165.5,7159.25,7159.5,9971
2026-04-29T15:10:00+00:00,7159.25,7160.0,7154.75,7155.75,13734
2026-04-29T15:15:00+00:00,7155.75,7162.0,7154.25,7160.0,12542
2026-04-29T15:20:00+00:00,7160.0,7162.75,7159.25,7161.5,5741
2026-04-29T15:25:00+00:00,7161.5,7164.75,7159.25,7162.0,9449
2026-04-29T15:30:00+00:00,7161.75,7164.0,7157.75,7161.75,11238
2026-04-29T15:35:00+00:00,7161.75,7162.75,7158.25,7159.75,7427
2026-04-29T15:40:00+00:00,7159.75,7161.0,7157.25,7159.0,5800
2026-04-29T15:45:00+00:00,7158.75,7163.0,7158.5,7162.0,5499
2026-04-29T15:50:00+00:00,7162.0,7163.5,7145.0,7148.5,38154
2026-04-29T15:55:00+00:00,7148.75,7154.75,7145.25,7153.5,20258
2026-04-29T16:00:00+00:00,7153.5,7158.25,7152.0,7157.5,9082
2026-04-29T16:05:00+00:00,7157.75,7160.0,7155.5,7157.75,6773
2026-04-29T16:10:00+00:00,7158.0,7161.0,7155.5,7155.5,5985
2026-04-29T16:15:00+00:00,7155.75,7158.75,7151.5,7152.25,7953
2026-04-29T16:20:00+00:00,7152.25,7156.5,7151.75,7155.75,6308
2026-04-29T16:25:00+00:00,7155.75,7156.75,7149.5,7151.0,6478
2026-04-29T16:30:00+00:00,7150.75,7150.75,7142.0,7144.0,18460
2026-04-29T16:35:00+00:00,7144.0,7148.25,7143.0,7147.75,11382
2026-04-29T16:40:00+00:00,7147.75,7152.0,7147.75,7151.0,8471
2026-04-29T16:45:00+00:00,7151.0,7152.5,7148.75,7151.0,6302
2026-04-29T16:50:00+00:00,7151.0,7153.75,7149.5,7151.25,5428
2026-04-29T16:55:00+00:00,7151.0,7152.25,7147.25,7150.25,6350
2026-04-29T17:00:00+00:00,7150.0,7151.0,7145.0,7148.5,7502
2026-04-29T17:05:00+00:00,7148.5,7151.0,7147.5,7150.0,4999
2026-04-29T17:10:00+00:00,7150.0,7151.5,7148.25,7149.5,3739
2026-04-29T17:15:00+00:00,7149.5,7151.0,7146.75,7149.5,3667
2026-04-29T17:20:00+00:00,7149.25,7155.0,7149.25,7150.5,14024
2026-04-29T17:25:00+00:00,7150.5,7152.5,7148.5,7152.5,4159
2026-04-29T17:30:00+00:00,7152.75,7155.75,7151.75,7153.25,8109
2026-04-29T17:35:00+00:00,7153.0,7154.75,7152.25,7154.0,2917
2026-04-29T17:40:00+00:00,7154.0,7154.5,7151.0,7153.5,3596
2026-04-29T17:45:00+00:00,7153.5,7160.5,7153.0,7158.0,12171
2026-04-29T17:50:00+00:00,7157.75,7160.75,7156.0,7156.5,6636
2026-04-29T17:55:00+00:00,7156.5,7160.0,7155.25,7160.0,3253
2026-04-29T18:00:00+00:00,7159.75,7160.5,7146.25,7147.75,9940
2026-04-29T18:05:00+00:00,7147.75,7152.0,7140.5,7141.5,13910
2026-04-29T18:10:00+00:00,7141.75,7145.5,7137.75,7143.75,11272
2026-04-29T18:15:00+00:00,7143.75,7152.75,7142.5,7148.5,10307
2026-04-29T18:20:00+00:00,7148.5,7152.5,7147.25,7148.75,5790
2026-04-29T18:25:00+00:00,7148.75,7148.75,7144.5,7145.75,4909
2026-04-29T18:30:00+00:00,7145.75,7146.5,7140.5,7143.75,8276
2026-04-29T18:35:00+00:00,7143.75,7155.5,7142.5,7147.25,18505
2026-04-29T18:40:00+00:00,7147.25,7147.75,7139.75,7140.0,9457
2026-04-29T18:45:00+00:00,7140.25,7149.25,7136.75,7148.25,13596
2026-04-29T18:50:00+00:00,7148.25,7153.5,7148.25,7149.5,8632
2026-04-29T18:55:00+00:00,7149.25,7159.75,7148.75,7159.0,10245
2026-04-29T19:00:00+00:00,7159.0,7161.5,7155.75,7157.0,11304
2026-04-29T19:05:00+00:00,7157.0,7158.75,7153.0,7157.75,8486
2026-04-29T19:10:00+00:00,7157.75,7166.25,7156.25,7165.5,10475
2026-04-29T19:15:00+00:00,7165.5,7168.25,7163.75,7165.75,8466
2026-04-29T19:20:00+00:00,7165.75,7166.5,7162.0,7165.25,5783
2026-04-29T19:25:00+00:00,7165.5,7166.5,7161.75,7161.75,4695
2026-04-29T19:30:00+00:00,7161.75,7162.5,7154.0,7157.25,11528
2026-04-29T19:35:00+00:00,7157.25,7163.75,7156.0,7163.25,7264
2026-04-29T19:40:00+00:00,7163.5,7164.25,7157.75,7159.0,5941
2026-04-29T19:45:00+00:00,7158.75,7162.5,7158.5,7161.0,4766
2026-04-29T19:50:00+00:00,7161.0,7164.25,7157.5,7163.75,14978
2026-04-29T19:55:00+00:00,7163.75,7170.75,7159.0,7170.5,19896
2026-04-29T20:00:00+00:00,7170.25,7191.0,7155.0,7178.25,22529
2026-04-29T20:05:00+00:00,7177.5,7179.0,7165.75,7168.75,7914
2026-04-29T20:10:00+00:00,7168.75,7170.0,7135.25,7138.0,14301
2026-04-29T20:15:00+00:00,7138.0,7144.75,7131.25,7144.0,13226
2026-04-29T20:20:00+00:00,7144.25,7158.75,7143.75,7158.0,8244
2026-04-29T20:25:00+00:00,7157.75,7163.25,7153.5,7161.75,5007
2026-04-29T20:30:00+00:00,7162.0,7164.25,7155.5,7160.0,4186
2026-04-29T20:35:00+00:00,7160.25,7165.75,7159.25,7165.25,3450
2026-04-29T20:40:00+00:00,7165.5,7167.75,7161.0,7161.75,3743
2026-04-29T20:45:00+00:00,7161.75,7164.5,7157.75,7158.0,2948
2026-04-29T20:50:00+00:00,7157.75,7158.25,7150.25,7150.75,3926
2026-04-29T20:55:00+00:00,7150.75,7152.75,7141.0,7141.5,3652
2026-04-29T22:00:00+00:00,7147.25,7165.5,7147.0,7165.0,0
2026-04-29T22:05:00+00:00,7165.0,7180.0,7164.5,7179.0,5215
2026-04-29T22:10:00+00:00,7179.5,7186.5,7177.0,7186.0,5698
2026-04-29T22:15:00+00:00,7185.5,7196.5,7184.0,7195.25,7309
2026-04-29T22:20:00+00:00,7195.0,7196.25,7187.75,7191.0,4209
2026-04-29T22:25:00+00:00,7190.75,7191.0,7185.75,7188.25,2377
2026-04-29T22:30:00+00:00,7188.0,7191.5,7187.5,7189.25,1637
2026-04-29T22:35:00+00:00,7189.5,7190.25,7185.75,7185.75,1395
2026-04-29T22:40:00+00:00,7186.0,7187.75,7183.75,7187.0,2120
2026-04-29T22:45:00+00:00,7187.25,7191.5,7187.0,7187.75,2015
2026-04-29T22:50:00+00:00,7188.0,7189.75,7187.25,7187.25,902
2026-04-29T22:55:00+00:00,7187.5,7187.75,7183.0,7184.25,1918
2026-04-29T23:00:00+00:00,7184.5,7187.0,7184.0,7185.0,1389
2026-04-29T23:05:00+00:00,7184.75,7185.5,7182.75,7183.5,911
2026-04-29T23:10:00+00:00,7183.75,7185.75,7183.5,7185.75,771
2026-04-29T23:15:00+00:00,7185.5,7185.5,7182.0,7182.25,1050
2026-04-29T23:20:00+00:00,7182.25,7182.25,7179.75,7181.25,1948
2026-04-29T23:25:00+00:00,7181.5,7183.75,7181.25,7183.75,1089
2026-04-29T23:30:00+00:00,7183.75,7186.0,7183.75,7184.75,1322
2026-04-29T23:35:00+00:00,7185.0,7188.0,7184.5,7187.75,1647
2026-04-29T23:40:00+00:00,7187.75,7190.0,7187.25,7189.75,1618
2026-04-29T23:45:00+00:00,7189.5,7190.5,7187.25,7188.75,1633
2026-04-29T23:50:00+00:00,7189.0,7193.5,7188.25,7191.25,1894
2026-04-29T23:55:00+00:00,7191.25,7193.25,7189.5,7192.5,1646
2026-04-30T00:00:00+00:00,7193.25,7196.25,7191.75,7192.0,3696
2026-04-30T00:05:00+00:00,7192.0,7197.75,7190.75,7197.75,2892
2026-04-30T00:10:00+00:00,7197.25,7198.5,7194.0,7195.25,1742
2026-04-30T00:15:00+00:00,7195.5,7197.0,7194.0,7196.75,1184
2026-04-30T00:20:00+00:00,7196.5,7197.25,7195.0,7196.75,993
2026-04-30T00:25:00+00:00,7196.75,7198.25,7195.25,7196.25,822
2026-04-30T00:30:00+00:00,7196.5,7199.0,7196.5,7197.75,1742
2026-04-30T00:35:00+00:00,7197.75,7200.5,7197.25,7200.0,1971
2026-04-30T00:40:00+00:00,7200.25,7200.25,7198.0,7198.0,940
2026-04-30T00:45:00+00:00,7198.25,7200.5,7198.0,7199.0,986
2026-04-30T00:50:00+00:00,7198.75,7200.75,7198.5,7199.5,1268
2026-04-30T00:55:00+00:00,7199.5,7200.75,7197.75,7199.0,1015
2026-04-30T01:00:00+00:00,7199.0,7199.75,7196.75,7197.25,1341
2026-04-30T01:05:00+00:00,7197.25,7198.0,7195.75,7197.25,1044
2026-04-30T01:10:00+00:00,7197.25,7197.25,7195.75,7196.5,741
2026-04-30T01:15:00+00:00,7196.5,7197.75,7196.5,7197.75,670
2026-04-30T01:20:00+00:00,7197.75,7198.25,7196.25,7197.5,892
2026-04-30T01:25:00+00:00,7197.25,7198.25,7196.5,7197.75,717
2026-04-30T01:30:00+00:00,7198.0,7200.5,7197.25,7199.75,1385
2026-04-30T01:35:00+00:00,7199.75,7199.75,7193.75,7195.75,2170
2026-04-30T01:40:00+00:00,7195.75,7197.0,7195.0,7196.0,690
2026-04-30T01:45:00+00:00,7196.25,7196.25,7194.25,7195.5,505
2026-04-30T01:50:00+00:00,7195.75,7199.5,7194.5,7198.75,978
2026-04-30T01:55:00+00:00,7198.5,7199.75,7197.5,7199.25,714
2026-04-30T02:00:00+00:00,7199.0,7199.75,7196.25,7197.0,860
2026-04-30T02:05:00+00:00,7197.0,7198.0,7195.75,7197.75,796
2026-04-30T02:10:00+00:00,7198.0,7198.25,7197.0,7197.5,394
2026-04-30T02:15:00+00:00,7197.5,7197.75,7194.25,7194.75,616
2026-04-30T02:20:00+00:00,7194.75,7195.25,7193.0,7193.25,1091
2026-04-30T02:25:00+00:00,7193.5,7194.25,7187.75,7189.75,2517
2026-04-30T02:30:00+00:00,7189.5,7189.5,7165.5,7179.0,15299
2026-04-30T02:35:00+00:00,7179.5,7182.75,7177.0,7179.5,3543
2026-04-30T02:40:00+00:00,7179.5,7181.75,7176.25,7176.75,2329
2026-04-30T02:45:00+00:00,7177.0,7177.75,7170.75,7171.25,3805
2026-04-30T02:50:00+00:00,7171.25,7177.25,7170.25,7175.5,2751
2026-04-30T02:55:00+00:00,7175.75,7179.0,7173.5,7177.25,1785
2026-04-30T03:00:00+00:00,7177.0,7181.0,7176.5,7180.5,1415
2026-04-30T03:05:00+00:00,7180.75,7181.5,7177.0,7179.0,1287
2026-04-30T03:10:00+00:00,7179.25,7180.5,7172.75,7174.5,2200
2026-04-30T03:15:00+00:00,7174.5,7175.5,7171.75,7174.5,1586
2026-04-30T03:20:00+00:00,7174.5,7175.75,7172.25,7174.75,899
2026-04-30T03:25:00+00:00,7174.75,7175.75,7173.0,7174.75,776
2026-04-30T03:30:00+00:00,7175.0,7176.25,7173.0,7175.0,901
2026-04-30T03:35:00+00:00,7175.0,7178.0,7174.75,7176.75,861
2026-04-30T03:40:00+00:00,7176.25,7177.5,7174.0,7175.75,938
2026-04-30T03:45:00+00:00,7175.75,7175.75,7174.25,7175.5,681
2026-04-30T03:50:00+00:00,7175.5,7176.25,7173.5,7174.0,716
2026-04-30T03:55:00+00:00,7174.0,7174.0,7171.75,7172.75,785
2026-04-30T04:05:00+00:00,7165.75,7167.25,7164.0,7164.75,6024
2026-04-30T04:10:00+00:00,7164.75,7165.0,7160.0,7163.0,3133
2026-04-30T04:15:00+00:00,7163.0,7164.25,7156.75,7157.5,3038
2026-04-30T04:20:00+00:00,7157.75,7158.5,7153.5,7156.25,2879
2026-04-30T04:25:00+00:00,7156.25,7158.75,7154.75,7155.0,2242
2026-04-30T04:30:00+00:00,7155.0,7155.5,7146.75,7148.75,4838
2026-04-30T04:35:00+00:00,7148.5,7150.5,7147.0,7147.5,2127
2026-04-30T04:40:00+00:00,7147.5,7151.25,7146.25,7150.75,2009
2026-04-30T04:45:00+00:00,7150.5,7153.0,7149.5,7151.0,1553
2026-04-30T04:50:00+00:00,7151.0,7151.5,7148.25,7148.75,1278
2026-04-30T04:55:00+00:00,7148.75,7149.0,7144.5,7145.0,2194
2026-04-30T05:00:00+00:00,7145.25,7152.5,7145.25,7150.5,3256
2026-04-30T05:05:00+00:00,7150.75,7156.5,7149.75,7155.5,1952
2026-04-30T05:10:00+00:00,7155.25,7158.25,7154.75,7157.75,1390
2026-04-30T05:15:00+00:00,7157.75,7158.75,7155.5,7155.75,1385
2026-04-30T05:20:00+00:00,7155.75,7156.5,7153.25,7155.75,1516
2026-04-30T05:25:00+00:00,7155.5,7155.5,7149.0,7150.75,1684
2026-04-30T05:30:00+00:00,7150.5,7156.75,7150.5,7156.75,1508
2026-04-30T05:35:00+00:00,7156.5,7157.5,7154.75,7155.75,971
2026-04-30T05:40:00+00:00,7155.75,7157.75,7153.0,7153.5,942
2026-04-30T05:45:00+00:00,7153.5,7154.0,7150.5,7151.5,853
2026-04-30T05:50:00+00:00,7151.5,7152.5,7148.5,7148.75,1328
2026-04-30T05:55:00+00:00,7148.5,7148.75,7143.0,7143.75,1662
2026-04-30T06:00:00+00:00,7143.25,7144.5,7140.5,7141.0,2277
2026-04-30T06:05:00+00:00,7141.0,7142.25,7138.0,7138.75,2111
2026-04-30T06:10:00+00:00,7138.75,7138.75,7133.75,7137.5,2818
2026-04-30T06:15:00+00:00,7137.5,7140.25,7137.0,7139.75,2103
2026-04-30T06:20:00+00:00,7139.5,7141.25,7136.75,7138.5,1952
2026-04-30T06:25:00+00:00,7138.75,7143.25,7138.75,7142.5,1713
2026-04-30T06:30:00+00:00,7142.5,7155.75,7142.5,7154.25,4600
2026-04-30T06:35:00+00:00,7154.25,7158.0,7153.25,7154.25,3385
2026-04-30T06:40:00+00:00,7154.5,7154.75,7149.0,7151.25,2278
2026-04-30T06:45:00+00:00,7151.25,7152.0,7146.25,7147.5,1869
2026-04-30T06:50:00+00:00,7147.5,7152.75,7147.0,7152.25,1396
2026-04-30T06:55:00+00:00,7152.0,7154.5,7150.5,7153.25,1162
2026-04-30T07:00:00+00:00,7153.0,7156.25,7149.75,7155.5,2617
2026-04-30T07:05:00+00:00,7155.5,7160.0,7153.25,7159.75,2392
2026-04-30T07:10:00+00:00,7159.5,7162.25,7156.5,7158.75,2620
2026-04-30T07:15:00+00:00,7158.5,7159.25,7155.5,7156.0,1366
2026-04-30T07:20:00+00:00,7156.0,7160.5,7154.75,7159.25,1406
2026-04-30T07:25:00+00:00,7159.5,7163.5,7158.0,7163.25,1724
2026-04-30T07:30:00+00:00,7163.25,7166.0,7160.75,7163.5,1758
2026-04-30T07:35:00+00:00,7163.5,7164.25,7160.75,7163.25,1122
2026-04-30T07:40:00+00:00,7163.5,7165.25,7162.25,7163.5,976
2026-04-30T07:45:00+00:00,7163.5,7164.75,7160.5,7161.75,1057
2026-04-30T07:50:00+00:00,7162.0,7162.5,7157.5,7159.75,1658
2026-04-30T07:55:00+00:00,7159.75,7162.0,7158.25,7160.5,1017
2026-04-30T08:00:00+00:00,7160.75,7168.0,7160.5,7167.5,2264
2026-04-30T08:05:00+00:00,7167.0,7169.25,7163.0,7164.0,1830
2026-04-30T08:10:00+00:00,7164.25,7167.25,7164.0,7165.5,1284
2026-04-30T08:15:00+00:00,7165.25,7165.25,7161.75,7163.75,1189
2026-04-30T08:20:00+00:00,7163.75,7164.0,7159.25,7162.25,1356
2026-04-30T08:25:00+00:00,7162.25,7165.25,7162.0,7165.0,1221
2026-04-30T08:30:00+00:00,7165.0,7168.5,7165.0,7167.25,1661
2026-04-30T08:35:00+00:00,7167.5,7169.25,7163.75,7169.0,1477
2026-04-30T08:40:00+00:00,7169.25,7171.5,7166.5,7168.5,2023
2026-04-30T08:45:00+00:00,7168.5,7169.25,7166.5,7169.0,899
2026-04-30T08:50:00+00:00,7168.75,7170.75,7166.25,7167.75,1091
2026-04-30T08:55:00+00:00,7167.5,7167.75,7164.75,7165.0,1078
2026-04-30T09:00:00+00:00,7164.75,7167.75,7164.5,7166.75,851
2026-04-30T09:05:00+00:00,7166.75,7168.5,7163.0,7167.75,1466
2026-04-30T09:10:00+00:00,7167.5,7167.75,7162.0,7163.75,2626
2026-04-30T09:15:00+00:00,7163.75,7166.5,7161.75,7161.75,1019
2026-04-30T09:20:00+00:00,7161.5,7163.75,7158.5,7160.75,1693
2026-04-30T09:25:00+00:00,7160.75,7173.25,7160.75,7172.5,2372
2026-04-30T09:30:00+00:00,7173.0,7184.5,7173.0,7175.5,6245
2026-04-30T09:35:00+00:00,7175.25,7178.0,7173.75,7177.25,2101
2026-04-30T09:40:00+00:00,7177.25,7177.75,7171.25,7172.75,1839
2026-04-30T09:45:00+00:00,7172.5,7177.75,7172.5,7175.75,1654
2026-04-30T09:50:00+00:00,7176.0,7176.25,7171.0,7173.25,2862
2026-04-30T09:55:00+00:00,7173.0,7173.5,7169.0,7170.75,1764
2026-04-30T10:00:00+00:00,7171.25,7177.75,7171.0,7175.25,1816
2026-04-30T10:05:00+00:00,7175.0,7178.25,7174.0,7177.75,1575
2026-04-30T10:10:00+00:00,7178.0,7180.0,7174.25,7175.0,2342
2026-04-30T10:15:00+00:00,7174.75,7179.25,7173.5,7177.25,1173
2026-04-30T10:20:00+00:00,7177.25,7181.25,7176.75,7179.0,1081
2026-04-30T10:25:00+00:00,7179.0,7183.25,7177.25,7181.75,2101
2026-04-30T10:30:00+00:00,7181.5,7186.75,7181.0,7182.25,5177
2026-04-30T10:35:00+00:00,7182.0,7185.5,7175.5,7177.25,3675
2026-04-30T10:40:00+00:00,7177.25,7179.25,7175.5,7177.0,1773
2026-04-30T10:45:00+00:00,7177.0,7184.0,7177.0,7179.0,4795
2026-04-30T10:50:00+00:00,7179.0,7179.25,7175.25,7178.0,2142
2026-04-30T10:55:00+00:00,7178.25,7182.25,7177.75,7180.5,1395
2026-04-30T11:00:00+00:00,7180.75,7184.5,7179.75,7183.75,2958
2026-04-30T11:05:00+00:00,7184.25,7195.0,7182.25,7188.5,4196
2026-04-30T11:10:00+00:00,7188.25,7191.0,7187.25,7188.0,2377
2026-04-30T11:15:00+00:00,7188.0,7194.25,7187.25,7193.25,2415
2026-04-30T11:20:00+00:00,7193.5,7195.0,7191.75,7193.0,2818
2026-04-30T11:25:00+00:00,7193.0,7200.0,7192.5,7199.5,4532
2026-04-30T11:30:00+00:00,7199.5,7199.75,7193.5,7195.75,3741
2026-04-30T11:35:00+00:00,7195.5,7197.25,7193.25,7193.75,1840
2026-04-30T11:40:00+00:00,7193.75,7194.0,7190.75,7192.0,2433
2026-04-30T11:45:00+00:00,7191.75,7197.5,7191.0,7195.75,2744
2026-04-30T11:50:00+00:00,7196.0,7196.75,7192.25,7194.25,1450
2026-04-30T11:55:00+00:00,7194.5,7197.75,7193.75,7194.5,1794
2026-04-30T12:00:00+00:00,7194.25,7196.25,7193.0,7196.25,1958
2026-04-30T12:05:00+00:00,7196.25,7199.25,7193.75,7197.75,2665
2026-04-30T12:10:00+00:00,7197.75,7202.75,7197.0,7201.75,3201
2026-04-30T12:15:00+00:00,7201.5,7208.5,7201.25,7207.5,6300
2026-04-30T12:20:00+00:00,7207.75,7211.5,7206.75,7209.0,4086
2026-04-30T12:25:00+00:00,7209.25,7210.75,7207.0,7210.0,2176
2026-04-30T12:30:00+00:00,7210.0,7210.5,7200.25,7200.5,4916
2026-04-30T12:35:00+00:00,7200.75,7202.75,7199.0,7202.0,3335
2026-04-30T12:40:00+00:00,7201.5,7202.0,7197.0,7199.5,4058
2026-04-30T12:45:00+00:00,7199.25,7204.25,7198.25,7201.0,3766
2026-04-30T12:50:00+00:00,7200.75,7205.0,7200.0,7203.5,2273
2026-04-30T12:55:00+00:00,7203.5,7205.75,7202.5,7204.0,2371
2026-04-30T13:00:00+00:00,7204.0,7208.75,7203.75,7208.0,4097
2026-04-30T13:05:00+00:00,7207.75,7209.75,7205.75,7208.5,3257
2026-04-30T13:10:00+00:00,7208.25,7208.25,7200.75,7202.0,4563
2026-04-30T13:15:00+00:00,7202.25,7204.5,7202.0,7203.25,2296
2026-04-30T13:20:00+00:00,7203.25,7204.25,7201.25,7201.5,2882
2026-04-30T13:25:00+00:00,7201.25,7203.0,7199.25,7200.0,5890
2026-04-30T13:30:00+00:00,7200.0,7200.5,7180.75,7181.25,36891
2026-04-30T13:35:00+00:00,7181.25,7183.5,7170.75,7171.0,31166
2026-04-30T13:40:00+00:00,7171.25,7182.5,7166.75,7181.5,25886
2026-04-30T13:45:00+00:00,7181.5,7185.0,7173.25,7177.75,23759
2026-04-30T13:50:00+00:00,7178.0,7181.0,7167.0,7167.25,21290
2026-04-30T13:55:00+00:00,7167.0,7168.25,7160.0,7165.25,26211
2026-04-30T14:00:00+00:00,7165.25,7175.0,7164.5,7171.75,22061
2026-04-30T14:05:00+00:00,7172.0,7175.75,7159.25,7164.75,25477
2026-04-30T14:10:00+00:00,7164.5,7172.5,7161.25,7169.5,18707
2026-04-30T14:15:00+00:00,7169.5,7169.5,7157.25,7168.5,24004
2026-04-30T14:20:00+00:00,7168.75,7176.75,7168.25,7172.25,18392
2026-04-30T14:25:00+00:00,7172.25,7174.25,7165.75,7173.25,15528
2026-04-30T14:30:00+00:00,7173.25,7181.25,7168.0,7171.5,27687
2026-04-30T14:35:00+00:00,7171.5,7173.0,7164.75,7166.0,17940
2026-04-30T14:40:00+00:00,7166.5,7177.25,7166.5,7175.5,15669
2026-04-30T14:45:00+00:00,7175.75,7184.25,7175.5,7181.5,15865
2026-04-30T14:50:00+00:00,7181.5,7192.25,7180.25,7190.25,20133
2026-04-30T14:55:00+00:00,7190.25,7194.75,7189.75,7192.0,11794
2026-04-30T15:00:00+00:00,7192.0,7198.0,7191.0,7192.25,17212
2026-04-30T15:05:00+00:00,7192.0,7197.5,7188.75,7197.25,18893
2026-04-30T15:10:00+00:00,7197.25,7199.0,7191.75,7196.25,13828
2026-04-30T15:15:00+00:00,7196.75,7198.25,7193.25,7195.5,8878
2026-04-30T15:20:00+00:00,7195.5,7196.5,7191.5,7196.0,9465
2026-04-30T15:25:00+00:00,7196.0,7199.5,7195.0,7197.75,10872
2026-04-30T15:30:00+00:00,7197.5,7203.25,7197.0,7197.75,15406
2026-04-30T15:35:00+00:00,7197.5,7197.5,7192.0,7193.25,11770
2026-04-30T15:40:00+00:00,7193.25,7194.25,7190.75,7192.5,7800
2026-04-30T15:45:00+00:00,7192.5,7194.0,7187.75,7194.0,12542
2026-04-30T15:50:00+00:00,7194.0,7201.0,7193.25,7200.75,11618
2026-04-30T15:55:00+00:00,7200.75,7204.25,7199.0,7199.5,10647
2026-04-30T16:00:00+00:00,7199.25,7200.25,7194.0,7199.0,10416
2026-04-30T16:05:00+00:00,7198.75,7203.0,7198.75,7200.5,6446
2026-04-30T16:10:00+00:00,7200.25,7207.5,7199.75,7206.75,10139
2026-04-30T16:15:00+00:00,7206.5,7207.25,7202.5,7205.25,6835
2026-04-30T16:20:00+00:00,7205.5,7206.25,7202.5,7202.75,5235
2026-04-30T16:25:00+00:00,7202.75,7205.75,7201.25,7205.5,5830
2026-04-30T16:30:00+00:00,7205.5,7207.0,7203.75,7204.0,5334
2026-04-30T16:35:00+00:00,7204.0,7205.5,7202.5,7205.25,5107
2026-04-30T16:40:00+00:00,7205.5,7206.0,7200.25,7201.25,5520
2026-04-30T16:45:00+00:00,7200.75,7202.5,7198.0,7201.75,9380
2026-04-30T16:50:00+00:00,7201.5,7202.0,7195.25,7197.25,7728
2026-04-30T16:55:00+00:00,7197.25,7197.5,7192.5,7197.25,10285
2026-04-30T17:00:00+00:00,7197.25,7205.25,7196.75,7203.25,10415
2026-04-30T17:05:00+00:00,7203.25,7206.25,7202.0,7206.0,4839
2026-04-30T17:10:00+00:00,7205.75,7210.0,7205.0,7209.25,8500
2026-04-30T17:15:00+00:00,7209.0,7209.25,7205.5,7208.25,5992
2026-04-30T17:20:00+00:00,7208.25,7211.25,7205.75,7210.5,7178
2026-04-30T17:25:00+00:00,7210.5,7212.5,7208.5,7211.75,6715
2026-04-30T17:30:00+00:00,7211.75,7220.75,7211.75,7216.0,19397
2026-04-30T17:35:00+00:00,7216.25,7219.0,7216.0,7218.75,6362
2026-04-30T17:40:00+00:00,7218.75,7219.0,7216.5,7218.0,4361
2026-04-30T17:45:00+00:00,7218.25,7222.75,7218.0,7221.5,8065
2026-04-30T17:50:00+00:00,7221.5,7222.25,7219.5,7220.75,5506
2026-04-30T17:55:00+00:00,7221.0,7225.5,7220.25,7224.5,7159
2026-04-30T18:00:00+00:00,7224.75,7233.25,7224.25,7231.75,16800
2026-04-30T18:05:00+00:00,7231.75,7232.0,7228.75,7229.25,6736
2026-04-30T18:10:00+00:00,7229.25,7232.75,7228.5,7231.75,5932
2026-04-30T18:15:00+00:00,7231.75,7235.0,7231.5,7232.5,7424
2026-04-30T18:20:00+00:00,7232.25,7233.5,7230.5,7230.75,5565
2026-04-30T18:25:00+00:00,7230.75,7232.75,7230.0,7232.25,4774
2026-04-30T18:30:00+00:00,7232.5,7237.25,7232.25,7234.75,7646
2026-04-30T18:35:00+00:00,7234.75,7239.5,7234.75,7238.75,7876
2026-04-30T18:40:00+00:00,7238.5,7240.75,7238.25,7239.25,6696
2026-04-30T18:45:00+00:00,7239.25,7241.0,7239.0,7240.5,4398
2026-04-30T18:50:00+00:00,7240.5,7242.0,7238.0,7238.5,6798
2026-04-30T18:55:00+00:00,7238.75,7239.75,7236.5,7237.25,5718
2026-04-30T19:00:00+00:00,7237.25,7242.0,7236.25,7241.25,7322
2026-04-30T19:05:00+00:00,7241.25,7245.0,7240.0,7242.75,7751
2026-04-30T19:10:00+00:00,7242.75,7247.5,7242.25,7246.5,10080
2026-04-30T19:15:00+00:00,7246.25,7247.75,7244.75,7245.0,5957
2026-04-30T19:20:00+00:00,7245.0,7247.0,7244.0,7246.5,4730
2026-04-30T19:25:00+00:00,7246.5,7247.5,7244.25,7244.75,4163
2026-04-30T19:30:00+00:00,7245.0,7245.25,7241.25,7243.5,7944
2026-04-30T19:35:00+00:00,7243.5,7246.5,7242.5,7245.75,4861
2026-04-30T19:40:00+00:00,7246.0,7248.5,7242.75,7248.25,7270
2026-04-30T19:45:00+00:00,7248.0,7249.75,7245.75,7249.25,7423
2026-04-30T19:50:00+00:00,7249.25,7251.75,7242.25,7246.75,24975
2026-04-30T19:55:00+00:00,7246.75,7251.5,7237.0,7238.0,43038
2026-04-30T20:00:00+00:00,7238.25,7245.25,7237.75,7241.5,18357
2026-04-30T20:05:00+00:00,7241.25,7247.0,7241.25,7243.75,3622
2026-04-30T20:10:00+00:00,7243.75,7246.5,7243.25,7245.0,3003
2026-04-30T20:15:00+00:00,7245.0,7247.5,7243.75,7246.5,1918
2026-04-30T20:20:00+00:00,7246.5,7250.0,7246.0,7249.5,2115
2026-04-30T20:25:00+00:00,7249.5,7251.5,7249.0,7249.5,1936
2026-04-30T20:30:00+00:00,7249.25,7253.25,7242.75,7249.0,5211
2026-04-30T20:35:00+00:00,7249.0,7250.5,7244.25,7246.0,2296
2026-04-30T20:40:00+00:00,7246.25,7246.75,7243.75,7244.25,1650
2026-04-30T20:45:00+00:00,7244.25,7246.75,7243.5,7246.5,1517
2026-04-30T20:50:00+00:00,7246.5,7248.0,7245.5,7247.75,1370
2026-04-30T20:55:00+00:00,7247.75,7248.75,7245.25,7246.75,1707
2026-04-30T22:00:00+00:00,7254.75,7260.0,7251.75,7254.0,0
2026-04-30T22:05:00+00:00,7254.0,7262.25,7253.75,7262.25,2838
2026-04-30T22:10:00+00:00,7261.75,7263.5,7259.75,7262.0,2191
2026-04-30T22:15:00+00:00,7261.5,7262.25,7258.0,7258.0,1744
2026-04-30T22:20:00+00:00,7257.75,7259.25,7256.0,7256.75,1472
2026-04-30T22:25:00+00:00,7256.75,7258.0,7256.25,7257.25,960
2026-04-30T22:30:00+00:00,7257.5,7257.75,7255.25,7256.75,1014
2026-04-30T22:35:00+00:00,7256.5,7257.25,7254.5,7256.25,1053
2026-04-30T22:40:00+00:00,7256.5,7257.5,7256.0,7256.5,891
2026-04-30T22:45:00+00:00,7256.5,7256.5,7252.25,7253.25,1549
2026-04-30T22:50:00+00:00,7252.75,7253.5,7247.25,7249.5,2665
2026-04-30T22:55:00+00:00,7249.25,7250.25,7246.25,7249.75,2083
2026-04-30T23:00:00+00:00,7249.75,7251.5,7249.0,7251.5,1424
2026-04-30T23:05:00+00:00,7251.75,7252.75,7249.0,7249.25,1741
2026-04-30T23:10:00+00:00,7249.0,7251.5,7249.0,7249.75,950
2026-04-30T23:15:00+00:00,7249.75,7254.25,7249.0,7252.25,1725
2026-04-30T23:20:00+00:00,7252.25,7253.0,7251.25,7252.25,892
2026-04-30T23:25:00+00:00,7252.5,7254.25,7252.25,7253.75,579
2026-04-30T23:30:00+00:00,7254.0,7255.75,7252.5,7255.25,1387
2026-04-30T23:35:00+00:00,7255.0,7257.25,7254.75,7255.75,1470
2026-04-30T23:40:00+00:00,7255.75,7256.25,7254.0,7254.0,852
2026-04-30T23:45:00+00:00,7254.0,7256.0,7252.75,7255.25,1132
2026-04-30T23:50:00+00:00,7255.5,7256.5,7253.25,7253.5,976
2026-04-30T23:55:00+00:00,7253.5,7254.0,7249.75,7252.5,2749
2026-05-01T00:00:00+00:00,7253.0,7258.0,7252.75,7257.5,2140
2026-05-01T00:05:00+00:00,7257.5,7257.5,7254.0,7255.25,2267
2026-05-01T00:10:00+00:00,7255.5,7255.75,7250.5,7252.0,1962
2026-05-01T00:15:00+00:00,7252.0,7257.75,7252.0,7257.25,1704
2026-05-01T00:20:00+00:00,7257.0,7258.75,7256.25,7257.5,1325
2026-05-01T00:25:00+00:00,7257.25,7259.25,7257.0,7258.75,847
2026-05-01T00:30:00+00:00,7258.75,7260.0,7258.0,7259.25,999
2026-05-01T00:35:00+00:00,7259.0,7260.0,7257.5,7258.5,917
2026-05-01T00:40:00+00:00,7258.75,7259.5,7257.0,7258.75,837
2026-05-01T00:45:00+00:00,7259.0,7261.0,7258.75,7259.25,1049
2026-05-01T00:50:00+00:00,7259.25,7259.25,7257.0,7258.0,807
2026-05-01T00:55:00+00:00,7258.0,7259.0,7257.5,7257.75,430
2026-05-01T01:00:00+00:00,7258.0,7258.5,7255.5,7256.5,1377
2026-05-01T01:05:00+00:00,7256.5,7259.0,7256.25,7258.5,794
2026-05-01T01:10:00+00:00,7258.5,7260.75,7258.25,7260.5,830
2026-05-01T01:15:00+00:00,7260.75,7261.75,7259.25,7259.75,966
2026-05-01T01:20:00+00:00,7259.5,7262.25,7259.5,7261.75,917
2026-05-01T01:25:00+00:00,7262.0,7262.75,7261.0,7262.0,739
2026-05-01T01:30:00+00:00,7262.0,7264.0,7262.0,7263.25,1502
2026-05-01T01:35:00+00:00,7263.0,7264.0,7263.0,7263.5,602
2026-05-01T01:40:00+00:00,7263.5,7263.75,7261.5,7262.0,693
2026-05-01T01:45:00+00:00,7262.5,7263.25,7261.25,7262.5,635
2026-05-01T01:50:00+00:00,7262.25,7263.25,7261.75,7262.25,615
2026-05-01T01:55:00+00:00,7262.0,7263.0,7262.0,7262.75,378
2026-05-01T02:00:00+00:00,7262.75,7263.25,7261.75,7263.0,507
2026-05-01T02:05:00+00:00,7262.75,7263.25,7262.0,7262.5,314
2026-05-01T02:10:00+00:00,7262.5,7263.25,7261.0,7261.5,781
2026-05-01T02:15:00+00:00,7261.25,7262.25,7261.0,7261.5,605
2026-05-01T02:20:00+00:00,7261.75,7262.5,7260.25,7260.75,579
2026-05-01T02:25:00+00:00,7260.75,7261.5,7260.0,7260.5,537
2026-05-01T02:30:00+00:00,7260.75,7260.75,7259.25,7260.25,676
2026-05-01T02:35:00+00:00,7260.0,7260.5,7258.75,7259.25,510
2026-05-01T02:40:00+00:00,7259.25,7260.0,7258.75,7259.75,430
2026-05-01T02:45:00+00:00,7259.5,7259.5,7258.25,7259.25,518
2026-05-01T02:50:00+00:00,7259.5,7260.0,7259.0,7259.5,521
2026-05-01T02:55:00+00:00,7259.5,7261.25,7259.25,7261.0,629
2026-05-01T03:00:00+00:00,7261.0,7262.5,7260.0,7261.5,1810
2026-05-01T03:05:00+00:00,7261.5,7262.5,7260.75,7262.0,500
2026-05-01T03:10:00+00:00,7262.0,7262.5,7261.25,7262.0,308
2026-05-01T03:15:00+00:00,7262.25,7262.5,7261.75,7262.5,291
2026-05-01T03:20:00+00:00,7262.25,7264.0,7262.0,7264.0,818
2026-05-01T03:25:00+00:00,7263.75,7264.0,7262.75,7263.25,374
2026-05-01T03:30:00+00:00,7263.5,7266.0,7262.75,7264.0,1961
2026-05-01T03:35:00+00:00,7264.0,7264.5,7261.75,7261.75,636
2026-05-01T03:40:00+00:00,7261.5,7262.25,7259.75,7260.0,1002
2026-05-01T03:45:00+00:00,7260.25,7260.75,7259.25,7259.75,731
2026-05-01T03:50:00+00:00,7259.75,7261.25,7259.75,7260.0,460
2026-05-01T03:55:00+00:00,7260.0,7260.75,7260.0,7260.75,273
2026-05-01T04:05:00+00:00,7259.0,7259.0,7258.5,7258.5,1903
2026-05-01T04:10:00+00:00,7258.5,7259.5,7258.0,7259.0,359
2026-05-01T04:15:00+00:00,7258.75,7259.75,7258.5,7259.25,380
2026-05-01T04:20:00+00:00,7259.0,7260.0,7258.5,7259.5,276
2026-05-01T04:25:00+00:00,7259.25,7259.5,7258.5,7258.75,286
2026-05-01T04:30:00+00:00,7258.5,7259.25,7258.25,7258.5,435
2026-05-01T04:35:00+00:00,7258.5,7259.0,7257.75,7258.0,242
2026-05-01T04:40:00+00:00,7258.0,7258.25,7256.75,7258.0,464
2026-05-01T04:45:00+00:00,7258.0,7258.5,7257.75,7258.0,285
2026-05-01T04:50:00+00:00,7257.75,7258.25,7257.5,7258.0,176
2026-05-01T04:55:00+00:00,7258.25,7259.0,7257.75,7258.0,314
2026-05-01T05:00:00+00:00,7258.0,7258.25,7256.75,7258.25,453
2026-05-01T05:05:00+00:00,7258.25,7260.0,7258.0,7259.0,562
2026-05-01T05:10:00+00:00,7259.0,7260.5,7258.75,7260.25,516
2026-05-01T05:15:00+00:00,7260.0,7260.25,7257.25,7258.25,550
2026-05-01T05:20:00+00:00,7258.25,7259.75,7258.0,7259.5,308
2026-05-01T05:25:00+00:00,7259.5,7260.25,7259.0,7260.0,389
2026-05-01T05:30:00+00:00,7260.0,7260.25,7259.0,7259.25,338
2026-05-01T05:35:00+00:00,7259.0,7259.5,7258.0,7259.0,307
2026-05-01T05:40:00+00:00,7259.0,7259.25,7258.0,7259.25,132
2026-05-01T05:45:00+00:00,7258.5,7258.75,7257.75,7258.5,167
2026-05-01T05:50:00+00:00,7258.5,7258.5,7258.0,7258.5,249
2026-05-01T05:55:00+00:00,7258.5,7258.75,7256.25,7257.25,828
2026-05-01T06:00:00+00:00,7257.25,7257.75,7256.0,7257.0,452
2026-05-01T06:05:00+00:00,7257.25,7257.5,7256.25,7257.5,216
2026-05-01T06:10:00+00:00,7257.5,7258.0,7256.5,7257.5,343
2026-05-01T06:15:00+00:00,7257.5,7258.5,7256.75,7257.0,317
2026-05-01T06:20:00+00:00,7257.0,7257.25,7255.25,7256.5,509
2026-05-01T06:25:00+00:00,7256.5,7256.75,7255.25,7255.5,344
2026-05-01T06:30:00+00:00,7255.75,7256.0,7254.25,7254.25,578
2026-05-01T06:35:00+00:00,7254.0,7254.5,7252.25,7252.75,564
2026-05-01T06:40:00+00:00,7253.0,7253.25,7251.75,7253.0,627
2026-05-01T06:45:00+00:00,7253.0,7253.5,7251.0,7252.75,801
2026-05-01T06:50:00+00:00,7252.5,7253.25,7251.75,7252.0,285
2026-05-01T06:55:00+00:00,7252.0,7252.75,7251.25,7252.25,617
2026-05-01T07:00:00+00:00,7252.25,7253.75,7251.5,7252.75,731
2026-05-01T07:05:00+00:00,7253.0,7255.75,7253.0,7255.75,894
2026-05-01T07:10:00+00:00,7255.75,7256.5,7255.0,7256.0,567
2026-05-01T07:15:00+00:00,7256.25,7257.25,7254.75,7255.5,584
2026-05-01T07:20:00+00:00,7255.5,7257.0,7254.0,7254.25,567
2026-05-01T07:25:00+00:00,7254.25,7255.0,7253.25,7254.25,583
2026-05-01T07:30:00+00:00,7254.25,7254.25,7252.0,7252.75,523
2026-05-01T07:35:00+00:00,7253.0,7253.75,7250.75,7251.0,772
2026-05-01T07:40:00+00:00,7251.0,7251.25,7249.75,7250.0,804
2026-05-01T07:45:00+00:00,7250.0,7253.0,7250.0,7253.0,605
2026-05-01T07:50:00+00:00,7253.0,7254.0,7250.75,7251.75,2603
2026-05-01T07:55:00+00:00,7251.75,7252.0,7248.5,7250.0,1729
2026-05-01T08:00:00+00:00,7249.75,7251.25,7249.0,7249.75,841
2026-05-01T08:05:00+00:00,7250.0,7250.75,7249.5,7250.0,529
2026-05-01T08:10:00+00:00,7249.75,7252.5,7249.25,7251.5,962
2026-05-01T08:15:00+00:00,7251.75,7253.0,7251.0,7251.5,488
2026-05-01T08:20:00+00:00,7251.75,7252.0,7250.5,7251.25,501
2026-05-01T08:25:00+00:00,7251.5,7253.0,7251.25,7251.5,488
2026-05-01T08:30:00+00:00,7251.75,7251.75,7249.75,7251.25,539
2026-05-01T08:35:00+00:00,7251.0,7251.5,7249.0,7249.5,574
2026-05-01T08:40:00+00:00,7249.5,7249.75,7248.25,7249.25,572
2026-05-01T08:45:00+00:00,7249.25,7249.25,7247.75,7249.25,670
2026-05-01T08:50:00+00:00,7249.0,7250.25,7248.75,7250.0,577
2026-05-01T08:55:00+00:00,7249.75,7250.75,7249.25,7250.25,355
2026-05-01T09:00:00+00:00,7250.5,7250.5,7246.5,7247.0,1025
2026-05-01T09:05:00+00:00,7246.75,7248.75,7246.5,7248.0,616
2026-05-01T09:10:00+00:00,7248.0,7249.25,7248.0,7249.0,384
2026-05-01T09:15:00+00:00,7249.0,7250.0,7249.0,7249.25,371
2026-05-01T09:20:00+00:00,7249.25,7252.25,7249.0,7252.0,670
2026-05-01T09:25:00+00:00,7252.0,7252.5,7250.5,7251.5,565
2026-05-01T09:30:00+00:00,7251.25,7251.75,7250.25,7251.5,497
2026-05-01T09:35:00+00:00,7251.25,7253.25,7250.75,7253.0,803
2026-05-01T09:40:00+00:00,7253.0,7253.25,7251.75,7252.5,300
2026-05-01T09:45:00+00:00,7252.0,7252.75,7251.5,7252.25,430
2026-05-01T09:50:00+00:00,7252.25,7254.5,7252.0,7252.25,943
2026-05-01T09:55:00+00:00,7252.25,7253.75,7252.25,7253.0,454
2026-05-01T10:00:00+00:00,7253.25,7253.75,7252.5,7252.5,365
2026-05-01T10:05:00+00:00,7252.5,7253.25,7251.75,7251.75,349
2026-05-01T10:10:00+00:00,7251.75,7253.0,7251.25,7253.0,461
2026-05-01T10:15:00+00:00,7253.25,7254.5,7252.75,7254.0,718
2026-05-01T10:20:00+00:00,7254.25,7254.5,7253.0,7253.0,553
2026-05-01T10:25:00+00:00,7253.25,7253.75,7252.25,7252.75,501
2026-05-01T10:30:00+00:00,7252.5,7253.5,7252.25,7252.5,463
2026-05-01T10:35:00+00:00,7252.5,7252.5,7249.25,7249.25,1269
2026-05-01T10:40:00+00:00,7249.25,7251.0,7248.75,7250.75,814
2026-05-01T10:45:00+00:00,7250.75,7252.0,7250.25,7251.25,864
2026-05-01T10:50:00+00:00,7251.0,7252.5,7250.75,7251.5,446
2026-05-01T10:55:00+00:00,7251.5,7254.25,7251.5,7254.0,1339
2026-05-01T11:00:00+00:00,7254.25,7255.25,7252.25,7252.75,1570
2026-05-01T11:05:00+00:00,7253.0,7253.25,7250.0,7250.75,1025
2026-05-01T11:10:00+00:00,7250.75,7250.75,7249.0,7250.25,846
2026-05-01T11:15:00+00:00,7250.25,7253.75,7249.25,7253.25,1001
2026-05-01T11:20:00+00:00,7253.25,7254.5,7252.25,7253.5,843
2026-05-01T11:25:00+00:00,7253.25,7254.75,7252.5,7253.0,868
2026-05-01T11:30:00+00:00,7252.75,7254.0,7251.75,7253.0,626
2026-05-01T11:35:00+00:00,7252.75,7253.5,7252.0,7252.5,302
2026-05-01T11:40:00+00:00,7252.75,7253.5,7251.0,7253.0,617
2026-05-01T11:45:00+00:00,7252.75,7255.25,7252.25,7254.25,1245
2026-05-01T11:50:00+00:00,7254.25,7255.75,7253.5,7254.0,979
2026-05-01T11:55:00+00:00,7254.25,7256.75,7253.75,7256.25,913
2026-05-01T12:00:00+00:00,7256.25,7258.5,7256.25,7258.0,2474
2026-05-01T12:05:00+00:00,7258.25,7258.25,7254.75,7255.25,1880
2026-05-01T12:10:00+00:00,7255.25,7271.75,7254.5,7266.25,9980
2026-05-01T12:15:00+00:00,7266.0,7267.5,7262.75,7266.25,5120
2026-05-01T12:20:00+00:00,7266.25,7268.75,7263.25,7267.0,3752
2026-05-01T12:25:00+00:00,7266.75,7268.25,7265.5,7266.25,1689
2026-05-01T12:30:00+00:00,7266.0,7266.25,7263.25,7264.0,2588
2026-05-01T12:35:00+00:00,7264.5,7265.5,7262.0,7262.75,1602
2026-05-01T12:40:00+00:00,7262.75,7263.75,7258.0,7258.5,4654
2026-05-01T12:45:00+00:00,7258.5,7260.0,7257.0,7258.75,1535
2026-05-01T12:50:00+00:00,7258.75,7261.0,7258.25,7260.0,1527
2026-05-01T12:55:00+00:00,7260.0,7260.75,7258.0,7258.25,1651
2026-05-01T13:00:00+00:00,7258.25,7261.0,7258.0,7259.75,2476
2026-05-01T13:05:00+00:00,7259.75,7265.25,7259.5,7264.0,4606
2026-05-01T13:10:00+00:00,7264.0,7265.75,7261.75,7262.0,3154
2026-05-01T13:15:00+00:00,7262.25,7263.75,7261.0,7262.75,2200
2026-05-01T13:20:00+00:00,7262.75,7265.25,7262.25,7264.0,2150
2026-05-01T13:25:00+00:00,7264.25,7264.75,7261.5,7264.5,6275
2026-05-01T13:30:00+00:00,7264.5,7275.0,7259.0,7274.75,36717
2026-05-01T13:35:00+00:00,7274.75,7277.5,7272.25,7272.5,20636
2026-05-01T13:40:00+00:00,7272.5,7277.75,7271.75,7276.5,15061
2026-05-01T13:45:00+00:00,7276.25,7277.0,7270.75,7273.0,12695
2026-05-01T13:50:00+00:00,7273.5,7280.5,7270.0,7277.25,27344
2026-05-01T13:55:00+00:00,7277.25,7293.0,7277.0,7293.0,34599
2026-05-01T14:00:00+00:00,7293.0,7298.25,7290.75,7295.25,17581
2026-05-01T14:05:00+00:00,7295.5,7295.75,7289.5,7292.25,14169
2026-05-01T14:10:00+00:00,7292.25,7298.75,7291.0,7296.5,14079
2026-05-01T14:15:00+00:00,7296.5,7298.5,7293.75,7296.75,10846
2026-05-01T14:20:00+00:00,7296.5,7300.75,7296.5,7297.5,12162
2026-05-01T14:25:00+00:00,7297.75,7298.0,7293.75,7294.25,10423
2026-05-01T14:30:00+00:00,7294.5,7294.75,7283.0,7284.75,24574
2026-05-01T14:35:00+00:00,7284.75,7285.75,7274.5,7280.0,28663
2026-05-01T14:40:00+00:00,7280.25,7284.75,7276.25,7281.0,18988
2026-05-01T14:45:00+00:00,7281.0,7285.5,7279.5,7283.0,11378
2026-05-01T14:50:00+00:00,7282.75,7284.75,7277.75,7280.25,12734
2026-05-01T14:55:00+00:00,7280.0,7283.25,7278.25,7278.5,7297
2026-05-01T15:00:00+00:00,7278.5,7279.5,7271.75,7274.5,21273
2026-05-01T15:05:00+00:00,7274.75,7278.0,7272.0,7277.5,11691
2026-05-01T15:10:00+00:00,7277.75,7281.5,7275.0,7281.25,11074
2026-05-01T15:15:00+00:00,7281.25,7283.25,7279.0,7281.25,10333
2026-05-01T15:20:00+00:00,7281.25,7285.25,7281.0,7284.5,9088
2026-05-01T15:25:00+00:00,7284.25,7285.25,7281.25,7284.5,7070
2026-05-01T15:30:00+00:00,7284.5,7287.0,7283.0,7284.0,8478
2026-05-01T15:35:00+00:00,7284.25,7292.25,7283.25,7289.5,13395
2026-05-01T15:40:00+00:00,7289.5,7292.25,7289.25,7292.0,6627
2026-05-01T15:45:00+00:00,7292.0,7295.5,7291.5,7294.75,6608
2026-05-01T15:50:00+00:00,7294.75,7295.75,7278.5,7286.5,29274
2026-05-01T15:55:00+00:00,7287.0,7289.25,7284.0,7285.5,8820
2026-05-01T16:00:00+00:00,7285.5,7287.75,7284.25,7285.25,6736
2026-05-01T16:05:00+00:00,7285.5,7286.0,7276.25,7277.0,11341
2026-05-01T16:10:00+00:00,7277.0,7279.25,7275.25,7276.75,10358
2026-05-01T16:15:00+00:00,7276.5,7282.0,7276.0,7281.75,9235
2026-05-01T16:20:00+00:00,7281.75,7283.5,7271.25,7277.0,23632
2026-05-01T16:25:00+00:00,7277.0,7277.75,7270.0,7272.75,15223
2026-05-01T16:30:00+00:00,7272.75,7274.25,7267.75,7271.5,11769
2026-05-01T16:35:00+00:00,7271.5,7274.75,7269.5,7274.25,8627
2026-05-01T16:40:00+00:00,7274.0,7274.75,7268.0,7268.25,7221
2026-05-01T16:45:00+00:00,7268.25,7270.5,7266.0,7268.5,10244
2026-05-01T16:50:00+00:00,7268.25,7273.25,7266.75,7273.0,8863
2026-05-01T16:55:00+00:00,7273.0,7275.0,7270.0,7270.25,8503
2026-05-01T17:00:00+00:00,7270.0,7276.0,7269.75,7272.75,8818
2026-05-01T17:05:00+00:00,7272.75,7275.0,7272.25,7273.25,3553
2026-05-01T17:10:00+00:00,7273.25,7276.5,7273.0,7276.5,3334
2026-05-01T17:15:00+00:00,7276.25,7278.5,7274.25,7278.25,7442
2026-05-01T17:20:00+00:00,7278.25,7280.5,7277.0,7278.75,6074
2026-05-01T17:25:00+00:00,7279.0,7281.0,7278.25,7281.0,3084
2026-05-01T17:30:00+00:00,7280.75,7282.5,7280.25,7280.75,4243
2026-05-01T17:35:00+00:00,7280.75,7281.25,7277.5,7279.5,6758
2026-05-01T17:40:00+00:00,7279.25,7281.75,7279.25,7280.25,3689
2026-05-01T17:45:00+00:00,7280.25,7281.25,7279.25,7279.75,2786
2026-05-01T17:50:00+00:00,7280.0,7283.75,7278.75,7281.25,8860
2026-05-01T17:55:00+00:00,7281.25,7282.5,7279.25,7279.25,4292
2026-05-01T18:00:00+00:00,7279.25,7280.75,7276.0,7276.25,6492
2026-05-01T18:05:00+00:00,7276.25,7277.0,7272.75,7276.0,8904
2026-05-01T18:10:00+00:00,7276.0,7276.5,7269.0,7269.5,7976
2026-05-01T18:15:00+00:00,7269.5,7271.5,7266.25,7269.5,10476
2026-05-01T18:20:00+00:00,7269.5,7272.5,7268.5,7272.0,6059
2026-05-01T18:25:00+00:00,7272.25,7274.0,7270.0,7272.5,6756
2026-05-01T18:30:00+00:00,7272.75,7273.5,7266.75,7267.25,10765
2026-05-01T18:35:00+00:00,7267.0,7267.5,7263.75,7265.0,10301
2026-05-01T18:40:00+00:00,7264.75,7266.25,7262.25,7263.5,6382
2026-05-01T18:45:00+00:00,7263.25,7264.5,7259.0,7262.75,10608
2026-05-01T18:50:00+00:00,7262.75,7264.75,7260.75,7261.75,4434
2026-05-01T18:55:00+00:00,7261.5,7264.5,7260.75,7262.5,5047
2026-05-01T19:00:00+00:00,7262.75,7267.0,7261.75,7265.25,7600
2026-05-01T19:05:00+00:00,7265.25,7269.25,7265.25,7269.0,6247
2026-05-01T19:10:00+00:00,7268.75,7272.5,7267.75,7271.75,5508
2026-05-01T19:15:00+00:00,7271.5,7274.0,7271.0,7273.25,6107
2026-05-01T19:20:00+00:00,7273.0,7274.0,7271.75,7273.75,4111
2026-05-01T19:25:00+00:00,7273.5,7277.25,7273.5,7275.5,6236
2026-05-01T19:30:00+00:00,7275.5,7276.5,7271.25,7273.5,8994
2026-05-01T19:35:00+00:00,7273.5,7275.0,7271.75,7274.5,4985
2026-05-01T19:40:00+00:00,7274.5,7275.25,7270.5,7272.5,6386
2026-05-01T19:45:00+00:00,7272.5,7273.0,7269.5,7271.0,6202
2026-05-01T19:50:00+00:00,7271.0,7272.75,7262.75,7264.0,15997
2026-05-01T19:55:00+00:00,7264.0,7264.5,7255.75,7257.75,20986
2026-05-01T20:00:00+00:00,7257.75,7258.5,7254.75,7255.0,8752
2026-05-01T20:05:00+00:00,7254.75,7255.25,7252.0,7254.75,4786
2026-05-01T20:10:00+00:00,7254.75,7255.75,7253.0,7254.25,2383
2026-05-01T20:15:00+00:00,7254.25,7255.0,7250.0,7250.25,2813
2026-05-01T20:20:00+00:00,7250.25,7251.0,7247.5,7249.5,2916
2026-05-01T20:25:00+00:00,7249.5,7251.0,7249.0,7249.25,1514
2026-05-01T20:30:00+00:00,7249.5,7249.75,7247.0,7247.25,2008
2026-05-01T20:35:00+00:00,7247.0,7248.75,7246.0,7246.75,2305
2026-05-01T20:40:00+00:00,7246.75,7247.5,7245.75,7246.75,1711
2026-05-01T20:45:00+00:00,7247.0,7249.5,7246.75,7248.5,1598
2026-05-01T20:50:00+00:00,7248.75,7249.5,7247.0,7247.25,1201
2026-05-01T20:55:00+00:00,7247.5,7258.0,7240.75,7258.0,4632
2026-05-04T04:30:00+00:00,7258.0,7270.5,7258.0,7269.5,548
2026-05-04T04:35:00+00:00,7269.5,7270.25,7269.25,7269.25,315
2026-05-04T04:40:00+00:00,7269.25,7269.75,7268.75,7269.0,158
2026-05-04T04:45:00+00:00,7269.0,7269.75,7267.75,7268.0,430
2026-05-04T04:50:00+00:00,7268.0,7269.0,7267.75,7267.75,294
2026-05-04T04:55:00+00:00,7267.75,7268.5,7267.0,7267.75,292
2026-05-04T05:00:00+00:00,7267.75,7269.25,7267.25,7268.25,465
2026-05-04T05:05:00+00:00,7268.25,7270.5,7268.0,7270.0,408
2026-05-04T05:10:00+00:00,7270.25,7270.75,7269.5,7270.25,414
2026-05-04T05:15:00+00:00,7270.25,7274.5,7270.0,7273.0,2026
2026-05-04T05:20:00+00:00,7273.0,7273.25,7271.5,7271.5,896
2026-05-04T05:25:00+00:00,7271.25,7271.25,7268.25,7268.5,1058
2026-05-04T05:30:00+00:00,7268.75,7269.75,7267.75,7269.75,757
2026-05-04T05:35:00+00:00,7269.75,7270.0,7268.5,7269.75,543
2026-05-04T05:40:00+00:00,7270.0,7272.25,7269.5,7272.25,545
2026-05-04T05:45:00+00:00,7272.25,7272.75,7270.5,7270.75,419
2026-05-04T05:50:00+00:00,7270.75,7271.25,7269.5,7270.5,567
2026-05-04T05:55:00+00:00,7270.5,7271.0,7269.5,7270.0,567
2026-05-04T06:00:00+00:00,7270.0,7271.5,7267.25,7268.25,1731
2026-05-04T06:05:00+00:00,7268.25,7268.25,7265.5,7266.5,1250
2026-05-04T06:10:00+00:00,7266.75,7269.75,7265.75,7269.0,900
2026-05-04T06:15:00+00:00,7269.0,7269.5,7267.25,7268.75,530
2026-05-04T06:20:00+00:00,7268.75,7268.75,7266.0,7267.0,628
2026-05-04T06:25:00+00:00,7267.0,7267.25,7264.0,7267.25,1031
2026-05-04T06:30:00+00:00,7267.25,7268.75,7264.75,7266.25,1196
2026-05-04T06:35:00+00:00,7266.0,7266.25,7262.75,7262.75,960
2026-05-04T06:40:00+00:00,7262.75,7263.0,7259.5,7261.5,1671
2026-05-04T06:45:00+00:00,7261.5,7263.25,7259.25,7263.25,1053
2026-05-04T06:50:00+00:00,7263.0,7263.75,7261.5,7263.0,620
2026-05-04T06:55:00+00:00,7262.75,7264.0,7262.5,7262.75,414
2026-05-04T07:00:00+00:00,7263.0,7264.5,7259.5,7262.5,2086
2026-05-04T07:05:00+00:00,7263.0,7268.5,7263.0,7268.0,1274
2026-05-04T07:10:00+00:00,7268.25,7270.5,7267.25,7269.0,874
2026-05-04T07:15:00+00:00,7269.0,7272.75,7268.75,7272.25,1296
2026-05-04T07:20:00+00:00,7272.0,7273.5,7270.75,7272.25,1044
2026-05-04T07:25:00+00:00,7272.25,7273.25,7270.0,7271.25,1555
2026-05-04T07:30:00+00:00,7271.75,7271.75,7268.5,7268.75,925
2026-05-04T07:35:00+00:00,7268.75,7270.5,7268.0,7270.0,944
2026-05-04T07:40:00+00:00,7269.75,7271.25,7268.5,7271.25,493
2026-05-04T07:45:00+00:00,7271.0,7273.0,7269.75,7269.75,868
2026-05-04T07:50:00+00:00,7270.25,7270.25,7266.75,7267.5,709
2026-05-04T07:55:00+00:00,7267.25,7268.0,7265.0,7265.0,904
2026-05-04T08:00:00+00:00,7265.0,7265.5,7258.5,7258.75,2712
2026-05-04T08:05:00+00:00,7259.0,7260.0,7255.25,7259.75,2459
2026-05-04T08:10:00+00:00,7260.0,7261.25,7257.25,7259.75,1258
2026-05-04T08:15:00+00:00,7259.75,7260.25,7256.0,7257.75,1236
2026-05-04T08:20:00+00:00,7257.25,7261.25,7257.0,7260.0,1169
2026-05-04T08:25:00+00:00,7260.0,7264.0,7260.0,7262.75,1297
2026-05-04T08:30:00+00:00,7262.75,7264.75,7260.75,7263.0,1567
2026-05-04T08:35:00+00:00,7263.0,7264.25,7262.75,7263.75,645
2026-05-04T08:40:00+00:00,7263.75,7264.5,7262.5,7262.5,417
2026-05-04T08:45:00+00:00,7262.75,7264.0,7261.75,7263.75,519
2026-05-04T08:50:00+00:00,7263.5,7264.25,7261.5,7263.0,610
2026-05-04T08:55:00+00:00,7262.75,7264.5,7261.5,7262.0,855
2026-05-04T09:00:00+00:00,7262.5,7264.5,7260.5,7264.5,1069
2026-05-04T09:05:00+00:00,7264.75,7265.0,7263.25,7264.0,435
2026-05-04T09:10:00+00:00,7264.25,7267.0,7263.75,7266.25,645
2026-05-04T09:15:00+00:00,7266.0,7266.5,7264.25,7264.5,470
2026-05-04T09:20:00+00:00,7264.75,7266.0,7263.75,7265.0,483
2026-05-04T09:25:00+00:00,7265.25,7265.5,7263.75,7265.25,496
2026-05-04T09:30:00+00:00,7265.25,7266.0,7264.25,7265.5,457
2026-05-04T09:35:00+00:00,7265.5,7268.0,7265.5,7267.25,885
2026-05-04T09:40:00+00:00,7266.75,7267.25,7266.0,7266.0,525
2026-05-04T09:45:00+00:00,7266.25,7266.5,7265.0,7266.5,582
2026-05-04T09:50:00+00:00,7266.5,7267.25,7265.5,7266.75,405
2026-05-04T09:55:00+00:00,7266.75,7267.5,7263.5,7264.0,1251
2026-05-04T10:00:00+00:00,7264.0,7265.5,7232.5,7242.0,16415
2026-05-04T10:05:00+00:00,7241.75,7242.0,7215.5,7224.0,15988
2026-05-04T10:10:00+00:00,7224.0,7230.25,7214.5,7223.0,10649
2026-05-04T10:15:00+00:00,7223.0,7228.25,7214.0,7217.75,10909
2026-05-04T10:20:00+00:00,7217.5,7225.75,7213.75,7225.0,5743
2026-05-04T10:25:00+00:00,7224.75,7235.5,7224.75,7233.0,4920
2026-05-04T10:30:00+00:00,7233.0,7254.25,7230.75,7246.75,17066
2026-05-04T10:35:00+00:00,7246.75,7249.25,7242.25,7246.25,4736
2026-05-04T10:40:00+00:00,7246.25,7251.25,7245.5,7249.25,2856
2026-05-04T10:45:00+00:00,7249.0,7252.5,7246.75,7251.5,2310
2026-05-04T10:50:00+00:00,7251.5,7252.75,7246.5,7248.0,1933
2026-05-04T10:55:00+00:00,7248.0,7249.0,7246.25,7247.25,1245
2026-05-04T11:00:00+00:00,7247.25,7254.25,7243.75,7246.0,6016
2026-05-04T11:05:00+00:00,7246.0,7249.25,7245.25,7248.75,1485
2026-05-04T11:10:00+00:00,7248.75,7251.25,7246.75,7248.75,2728
2026-05-04T11:15:00+00:00,7248.75,7252.0,7248.25,7249.75,1208
2026-05-04T11:20:00+00:00,7249.5,7250.75,7247.75,7248.25,1031
2026-05-04T11:25:00+00:00,7248.0,7248.25,7245.5,7246.0,1545
2026-05-04T11:30:00+00:00,7246.0,7246.75,7243.75,7244.5,2045
2026-05-04T11:35:00+00:00,7244.5,7248.25,7236.75,7240.25,8077
2026-05-04T11:40:00+00:00,7240.25,7247.25,7239.75,7242.75,3918
2026-05-04T11:45:00+00:00,7242.5,7244.0,7239.25,7241.0,2007
2026-05-04T11:50:00+00:00,7240.75,7246.5,7240.5,7246.25,2777
2026-05-04T11:55:00+00:00,7246.5,7248.0,7244.75,7245.25,1533
2026-05-04T12:00:00+00:00,7245.5,7250.0,7245.5,7248.75,2835
2026-05-04T12:05:00+00:00,7249.0,7249.75,7247.75,7248.25,1308
2026-05-04T12:10:00+00:00,7248.5,7251.5,7248.0,7249.0,1731
2026-05-04T12:15:00+00:00,7248.75,7255.75,7245.25,7253.25,9679
2026-05-04T12:20:00+00:00,7253.25,7255.0,7251.0,7252.25,2045
2026-05-04T12:25:00+00:00,7252.25,7254.0,7250.75,7251.75,1085
2026-05-04T12:30:00+00:00,7251.75,7252.0,7248.5,7250.0,1587
2026-05-04T12:35:00+00:00,7250.25,7254.0,7247.5,7253.25,2656
2026-05-04T12:40:00+00:00,7253.25,7254.5,7249.75,7252.5,1872
2026-05-04T12:45:00+00:00,7252.25,7253.5,7251.25,7252.5,988
2026-05-04T12:50:00+00:00,7252.25,7254.25,7251.0,7252.5,1331
2026-05-04T12:55:00+00:00,7252.5,7254.25,7246.25,7249.25,3863
2026-05-04T13:00:00+00:00,7249.25,7249.5,7238.25,7247.0,15953
2026-05-04T13:05:00+00:00,7247.25,7252.0,7245.5,7252.0,5634
2026-05-04T13:10:00+00:00,7252.0,7256.0,7247.5,7249.5,8272
2026-05-04T13:15:00+00:00,7249.5,7251.75,7247.5,7248.5,2761
2026-05-04T13:20:00+00:00,7248.75,7249.75,7246.75,7249.5,2358
2026-05-04T13:25:00+00:00,7249.75,7252.0,7248.25,7250.5,3832
2026-05-04T13:30:00+00:00,7250.5,7252.5,7242.25,7249.0,25153
2026-05-04T13:35:00+00:00,7248.75,7252.0,7244.25,7248.25,14357
2026-05-04T13:40:00+00:00,7248.0,7252.75,7246.0,7249.0,12292
2026-05-04T13:45:00+00:00,7249.0,7256.25,7248.0,7253.75,14112
2026-05-04T13:50:00+00:00,7253.75,7256.25,7250.5,7254.25,11815
2026-05-04T13:55:00+00:00,7254.25,7257.75,7250.5,7257.5,10596
2026-05-04T14:00:00+00:00,7257.5,7257.75,7252.25,7252.75,11132
2026-05-04T14:05:00+00:00,7252.75,7256.75,7248.25,7250.5,21231
2026-05-04T14:10:00+00:00,7250.5,7262.0,7249.5,7259.75,18565
2026-05-04T14:15:00+00:00,7259.5,7264.25,7258.25,7264.0,12917
2026-05-04T14:20:00+00:00,7264.0,7267.0,7262.25,7263.25,14422
2026-05-04T14:25:00+00:00,7263.25,7265.75,7260.5,7262.25,9280
2026-05-04T14:30:00+00:00,7262.0,7268.75,7261.0,7266.0,11979
2026-05-04T14:35:00+00:00,7266.0,7270.0,7264.75,7267.75,10654
2026-05-04T14:40:00+00:00,7268.0,7270.75,7267.5,7269.0,8226
2026-05-04T14:45:00+00:00,7269.25,7270.75,7266.75,7267.75,8201
2026-05-04T14:50:00+00:00,7267.75,7271.0,7267.5,7269.25,6208
2026-05-04T14:55:00+00:00,7269.25,7270.25,7257.0,7258.75,26454
2026-05-04T15:00:00+00:00,7259.0,7264.25,7252.0,7259.25,28416
2026-05-04T15:05:00+00:00,7259.0,7261.25,7254.0,7257.25,14443
2026-05-04T15:10:00+00:00,7257.5,7258.5,7249.75,7252.25,14555
2026-05-04T15:15:00+00:00,7252.0,7254.5,7235.0,7237.5,30569
2026-05-04T15:20:00+00:00,7237.25,7238.5,7223.75,7226.5,49820
2026-05-04T15:25:00+00:00,7226.5,7237.25,7225.0,7234.0,25735
2026-05-04T15:30:00+00:00,7234.0,7235.0,7224.5,7230.25,19852
2026-05-04T15:35:00+00:00,7230.25,7235.0,7223.0,7228.0,25255
2026-05-04T15:40:00+00:00,7227.75,7234.0,7222.0,7232.5,18062
2026-05-04T15:45:00+00:00,7232.5,7232.75,7223.75,7225.25,14111
2026-05-04T15:50:00+00:00,7225.0,7231.5,7219.0,7229.5,25903
2026-05-04T15:55:00+00:00,7229.5,7232.5,7223.75,7225.25,12754
2026-05-04T16:00:00+00:00,7225.25,7227.25,7218.75,7221.75,12473
2026-05-04T16:05:00+00:00,7221.5,7222.5,7199.25,7210.0,58541
2026-05-04T16:10:00+00:00,7210.0,7215.0,7204.25,7208.75,19149
2026-05-04T16:15:00+00:00,7208.5,7225.5,7204.25,7221.25,36837
2026-05-04T16:20:00+00:00,7221.5,7227.75,7219.5,7224.0,23490
2026-05-04T16:25:00+00:00,7224.0,7228.0,7218.0,7219.5,13157
2026-05-04T16:30:00+00:00,7219.5,7226.25,7217.75,7225.25,12235
2026-05-04T16:35:00+00:00,7225.0,7225.75,7215.5,7218.0,16384
2026-05-04T16:40:00+00:00,7217.75,7222.75,7217.5,7218.25,8657
2026-05-04T16:45:00+00:00,7218.25,7220.5,7216.0,7218.75,7300
2026-05-04T16:50:00+00:00,7218.25,7219.75,7212.75,7216.0,12376
2026-05-04T16:55:00+00:00,7216.0,7218.25,7213.75,7215.0,6003
2026-05-04T17:00:00+00:00,7215.0,7222.0,7214.25,7220.0,16039
2026-05-04T17:05:00+00:00,7220.25,7225.0,7219.5,7224.0,8640
2026-05-04T17:10:00+00:00,7224.0,7226.25,7221.25,7224.25,5379
2026-05-04T17:15:00+00:00,7224.25,7234.75,7222.0,7232.5,21622
2026-05-04T17:20:00+00:00,7232.5,7236.25,7230.5,7234.5,7146
2026-05-04T17:25:00+00:00,7234.5,7236.0,7231.5,7235.25,5132
2026-05-04T17:30:00+00:00,7235.5,7236.0,7230.5,7230.75,5622
2026-05-04T17:35:00+00:00,7231.0,7231.25,7225.5,7230.5,9981
2026-05-04T17:40:00+00:00,7230.5,7232.75,7227.75,7231.5,4367
2026-05-04T17:45:00+00:00,7231.75,7233.25,7230.25,7232.5,2997
2026-05-04T17:50:00+00:00,7232.5,7235.75,7232.25,7233.25,5179
2026-05-04T17:55:00+00:00,7233.25,7235.5,7232.75,7233.0,2870
2026-05-04T18:00:00+00:00,7232.75,7239.0,7232.25,7238.75,7622
2026-05-04T18:05:00+00:00,7238.75,7239.5,7234.75,7236.25,6241
2026-05-04T18:10:00+00:00,7236.25,7237.25,7233.75,7233.75,4065
2026-05-04T18:15:00+00:00,7234.0,7234.5,7231.0,7232.0,6286
2026-05-04T18:20:00+00:00,7231.75,7232.25,7224.5,7226.25,9292
2026-05-04T18:25:00+00:00,7226.25,7227.75,7220.75,7226.75,10022
2026-05-04T18:30:00+00:00,7226.75,7228.0,7223.5,7225.25,6001
2026-05-04T18:35:00+00:00,7225.5,7225.5,7221.75,7224.5,4809
2026-05-04T18:40:00+00:00,7224.5,7225.25,7219.0,7219.5,5169
2026-05-04T18:45:00+00:00,7219.75,7224.25,7217.25,7223.75,7418
2026-05-04T18:50:00+00:00,7224.0,7225.25,7218.5,7220.5,9728
2026-05-04T18:55:00+00:00,7220.25,7225.25,7219.75,7224.0,5087
2026-05-04T19:00:00+00:00,7223.75,7224.75,7220.5,7222.75,5308
2026-05-04T19:05:00+00:00,7222.5,7231.5,7221.75,7228.25,20963
2026-05-04T19:10:00+00:00,7228.0,7229.5,7226.75,7229.5,3873
2026-05-04T19:15:00+00:00,7229.25,7231.0,7228.25,7228.25,4271
2026-05-04T19:20:00+00:00,7228.25,7229.0,7226.25,7228.25,4069
2026-05-04T19:25:00+00:00,7228.25,7230.0,7223.25,7226.75,9349
2026-05-04T19:30:00+00:00,7226.5,7230.0,7226.25,7229.0,3766
2026-05-04T19:35:00+00:00,7229.0,7231.5,7228.25,7228.75,4406
2026-05-04T19:40:00+00:00,7228.75,7229.75,7225.75,7226.25,4691
2026-05-04T19:45:00+00:00,7226.5,7231.0,7225.0,7230.5,5766
2026-05-04T19:50:00+00:00,7230.5,7231.0,7223.5,7225.0,11698
2026-05-04T19:55:00+00:00,7225.0,7231.75,7223.25,7231.25,14691
2026-05-04T20:00:00+00:00,7231.25,7231.5,7225.5,7225.75,5033
2026-05-04T20:05:00+00:00,7226.0,7227.75,7223.5,7224.0,2185
2026-05-04T20:10:00+00:00,7223.75,7226.0,7222.75,7225.25,1977
2026-05-04T20:15:00+00:00,7225.0,7226.5,7223.0,7223.75,1082
2026-05-04T20:20:00+00:00,7223.25,7225.0,7222.75,7224.75,843
2026-05-04T20:25:00+00:00,7225.0,7228.25,7224.5,7228.0,1513
2026-05-04T20:30:00+00:00,7228.0,7228.5,7226.5,7226.5,801
2026-05-04T20:35:00+00:00,7226.5,7227.5,7225.0,7225.75,1197
2026-05-04T20:40:00+00:00,7225.75,7226.0,7224.25,7224.5,1085
2026-05-04T20:45:00+00:00,7224.5,7225.5,7223.5,7224.75,1042
2026-05-04T20:50:00+00:00,7225.0,7225.5,7224.5,7224.75,466
2026-05-04T20:55:00+00:00,7225.25,7226.0,7224.75,7225.5,664
2026-05-04T22:00:00+00:00,7228.0,7234.5,7226.75,7230.75,0
2026-05-04T22:05:00+00:00,7231.0,7233.0,7230.0,7231.5,914
2026-05-04T22:10:00+00:00,7231.75,7233.0,7230.75,7232.0,667
2026-05-04T22:15:00+00:00,7232.25,7232.75,7231.5,7231.5,492
2026-05-04T22:20:00+00:00,7231.5,7233.0,7231.25,7232.75,378
2026-05-04T22:25:00+00:00,7232.75,7234.0,7232.25,7233.25,727
2026-05-04T22:30:00+00:00,7233.25,7233.75,7232.0,7232.25,766
2026-05-04T22:35:00+00:00,7232.25,7233.25,7231.0,7231.25,534
2026-05-04T22:40:00+00:00,7231.25,7232.0,7229.75,7230.0,617
2026-05-04T22:45:00+00:00,7229.75,7230.25,7228.0,7228.0,793
2026-05-04T22:50:00+00:00,7228.25,7228.25,7225.75,7227.25,975
2026-05-04T22:55:00+00:00,7227.0,7228.0,7226.75,7227.5,412
2026-05-04T23:00:00+00:00,7227.5,7227.75,7226.25,7227.25,435
2026-05-04T23:05:00+00:00,7227.25,7227.75,7226.5,7227.25,319
2026-05-04T23:10:00+00:00,7227.25,7229.25,7225.5,7229.0,909
2026-05-04T23:15:00+00:00,7228.75,7229.75,7227.25,7227.75,624
2026-05-04T23:20:00+00:00,7228.0,7228.75,7227.5,7227.5,374
2026-05-04T23:25:00+00:00,7227.5,7228.5,7227.0,7228.25,521
2026-05-04T23:30:00+00:00,7228.25,7229.0,7226.5,7227.5,423
2026-05-04T23:35:00+00:00,7227.75,7228.5,7227.5,7228.5,170
2026-05-04T23:40:00+00:00,7228.5,7228.5,7226.0,7226.75,417
2026-05-04T23:45:00+00:00,7227.0,7228.0,7226.5,7227.5,342
2026-05-04T23:50:00+00:00,7227.25,7227.25,7224.5,7226.25,1071
2026-05-04T23:55:00+00:00,7226.25,7228.25,7225.75,7227.0,600
2026-05-05T00:00:00+00:00,7227.0,7235.75,7227.0,7233.75,2839
2026-05-05T00:05:00+00:00,7233.75,7234.5,7232.75,7233.0,938
2026-05-05T00:10:00+00:00,7233.0,7234.0,7231.25,7233.25,898
2026-05-05T00:15:00+00:00,7233.0,7233.0,7226.0,7228.25,2523
2026-05-05T00:20:00+00:00,7228.0,7228.5,7225.25,7226.75,1313
2026-05-05T00:25:00+00:00,7227.0,7227.0,7223.5,7225.75,1372
2026-05-05T00:30:00+00:00,7225.75,7227.75,7225.25,7227.0,973
2026-05-05T00:35:00+00:00,7226.75,7229.75,7226.25,7228.75,935
2026-05-05T00:40:00+00:00,7229.0,7229.0,7225.75,7227.25,686
2026-05-05T00:45:00+00:00,7227.5,7229.5,7226.5,7229.5,659
2026-05-05T00:50:00+00:00,7229.5,7232.75,7229.25,7232.5,1274
2026-05-05T00:55:00+00:00,7232.25,7232.75,7231.0,7231.5,553
2026-05-05T01:00:00+00:00,7231.5,7232.0,7227.25,7229.25,1629
2026-05-05T01:05:00+00:00,7229.5,7231.5,7228.75,7230.0,612
2026-05-05T01:10:00+00:00,7230.25,7233.75,7230.0,7232.25,1012
2026-05-05T01:15:00+00:00,7232.5,7235.25,7232.5,7234.0,962
2026-05-05T01:20:00+00:00,7234.0,7234.5,7232.25,7234.25,703
2026-05-05T01:25:00+00:00,7234.0,7234.0,7232.0,7232.75,486
2026-05-05T01:30:00+00:00,7233.0,7234.0,7230.75,7232.0,849
2026-05-05T01:35:00+00:00,7232.0,7238.75,7232.0,7235.0,2456
2026-05-05T01:40:00+00:00,7234.75,7236.0,7232.75,7235.0,1173
2026-05-05T01:45:00+00:00,7235.0,7237.25,7234.75,7236.0,801
2026-05-05T01:50:00+00:00,7236.25,7237.75,7236.25,7236.75,436
2026-05-05T01:55:00+00:00,7236.5,7237.0,7235.25,7235.5,571
2026-05-05T02:00:00+00:00,7235.75,7237.75,7235.5,7236.75,752
2026-05-05T02:05:00+00:00,7237.0,7237.5,7236.0,7236.25,406
2026-05-05T02:10:00+00:00,7236.5,7236.5,7234.5,7235.0,796
2026-05-05T02:15:00+00:00,7235.25,7236.25,7235.0,7235.75,502
2026-05-05T02:20:00+00:00,7235.75,7237.25,7235.0,7237.25,463
2026-05-05T02:25:00+00:00,7237.25,7239.25,7236.75,7239.0,1053
2026-05-05T02:30:00+00:00,7239.0,7240.75,7238.5,7240.25,1440
2026-05-05T02:35:00+00:00,7240.25,7241.0,7238.75,7241.0,832
2026-05-05T02:40:00+00:00,7241.0,7241.0,7240.0,7240.0,716
2026-05-05T02:45:00+00:00,7240.0,7240.25,7233.75,7235.5,2609
2026-05-05T02:50:00+00:00,7235.75,7238.25,7235.5,7236.0,965
2026-05-05T02:55:00+00:00,7236.0,7236.5,7235.0,7236.25,633
2026-05-05T03:00:00+00:00,7236.25,7237.5,7235.75,7237.0,510
2026-05-05T03:05:00+00:00,7237.0,7238.5,7236.75,7238.0,534
2026-05-05T03:10:00+00:00,7238.25,7239.75,7238.0,7239.75,552
2026-05-05T03:15:00+00:00,7239.75,7240.25,7239.25,7240.25,430
2026-05-05T03:20:00+00:00,7240.0,7240.25,7239.25,7239.5,342
2026-05-05T03:25:00+00:00,7239.5,7241.75,7239.5,7240.75,856
2026-05-05T03:30:00+00:00,7240.75,7241.0,7240.0,7240.25,376
2026-05-05T03:35:00+00:00,7240.0,7240.5,7240.0,7240.25,271
2026-05-05T03:40:00+00:00,7240.25,7240.5,7239.5,7239.75,247
2026-05-05T03:45:00+00:00,7239.75,7241.5,7239.75,7241.5,329
2026-05-05T03:50:00+00:00,7241.5,7241.75,7240.5,7240.5,260
2026-05-05T03:55:00+00:00,7240.25,7240.75,7240.0,7240.75,236
2026-05-05T04:05:00+00:00,7243.0,7243.0,7241.5,7241.75,1564
2026-05-05T04:10:00+00:00,7241.75,7242.5,7241.0,7241.25,328
2026-05-05T04:15:00+00:00,7241.5,7241.5,7240.25,7241.0,430
2026-05-05T04:20:00+00:00,7241.0,7241.5,7240.0,7241.25,269
2026-05-05T04:25:00+00:00,7241.0,7241.5,7240.25,7240.5,166
2026-05-05T04:30:00+00:00,7240.25,7241.0,7239.0,7239.75,554
2026-05-05T04:35:00+00:00,7239.5,7239.75,7238.75,7239.5,262
2026-05-05T04:40:00+00:00,7239.75,7240.25,7239.25,7240.0,265
2026-05-05T04:45:00+00:00,7240.0,7243.0,7239.75,7242.75,634
2026-05-05T04:50:00+00:00,7242.75,7243.25,7241.75,7242.0,339
2026-05-05T04:55:00+00:00,7242.0,7242.25,7239.75,7239.75,790
2026-05-05T05:00:00+00:00,7239.75,7241.0,7238.0,7239.75,879
2026-05-05T05:05:00+00:00,7239.75,7241.0,7239.25,7239.75,380
2026-05-05T05:10:00+00:00,7239.75,7240.5,7239.5,7240.25,178
2026-05-05T05:15:00+00:00,7240.0,7241.5,7239.75,7241.25,335
2026-05-05T05:20:00+00:00,7241.25,7242.0,7240.75,7241.5,314
2026-05-05T05:25:00+00:00,7241.75,7242.0,7239.5,7239.75,392
2026-05-05T05:30:00+00:00,7240.0,7242.5,7238.25,7242.25,865
2026-05-05T05:35:00+00:00,7242.25,7243.75,7241.0,7241.75,1471
2026-05-05T05:40:00+00:00,7242.25,7243.5,7242.0,7242.5,328
2026-05-05T05:45:00+00:00,7242.25,7244.25,7241.75,7243.25,740
2026-05-05T05:50:00+00:00,7243.25,7243.5,7242.25,7243.0,383
2026-05-05T05:55:00+00:00,7243.0,7244.25,7242.75,7243.75,213
2026-05-05T06:00:00+00:00,7243.75,7247.5,7241.75,7242.25,3251
2026-05-05T06:05:00+00:00,7242.25,7243.25,7241.25,7241.75,563
2026-05-05T06:10:00+00:00,7241.75,7242.5,7240.75,7241.0,769
2026-05-05T06:15:00+00:00,7241.25,7241.75,7237.5,7239.5,1340
2026-05-05T06:20:00+00:00,7239.25,7240.25,7236.0,7236.75,1004
2026-05-05T06:25:00+00:00,7236.5,7239.25,7236.5,7238.0,679
2026-05-05T06:30:00+00:00,7237.75,7242.5,7237.75,7242.0,1171
2026-05-05T06:35:00+00:00,7242.25,7245.75,7242.0,7244.5,2497
2026-05-05T06:40:00+00:00,7244.25,7245.5,7242.75,7244.5,1009
2026-05-05T06:45:00+00:00,7244.5,7245.0,7243.5,7244.25,627
2026-05-05T06:50:00+00:00,7244.5,7247.5,7244.5,7246.75,1006
2026-05-05T06:55:00+00:00,7246.75,7248.5,7246.0,7247.5,1344
2026-05-05T07:00:00+00:00,7247.75,7251.0,7246.75,7250.25,2314
2026-05-05T07:05:00+00:00,7250.0,7252.0,7248.75,7249.75,1333
2026-05-05T07:10:00+00:00,7250.0,7251.75,7249.5,7250.75,903
2026-05-05T07:15:00+00:00,7250.75,7251.25,7249.25,7251.25,759
2026-05-05T07:20:00+00:00,7251.0,7252.0,7249.75,7249.75,706
2026-05-05T07:25:00+00:00,7249.5,7250.5,7247.75,7248.5,1120
2026-05-05T07:30:00+00:00,7248.5,7250.25,7247.75,7249.25,595
2026-05-05T07:35:00+00:00,7249.75,7256.75,7249.0,7255.25,3470
2026-05-05T07:40:00+00:00,7254.75,7256.0,7250.25,7250.25,1896
2026-05-05T07:45:00+00:00,7250.25,7251.5,7247.5,7247.75,1260
2026-05-05T07:50:00+00:00,7247.5,7248.75,7246.75,7247.0,767
2026-05-05T07:55:00+00:00,7246.75,7247.75,7245.75,7247.5,823
2026-05-05T08:00:00+00:00,7247.5,7250.0,7247.0,7250.0,1106
2026-05-05T08:05:00+00:00,7250.0,7252.75,7250.0,7251.75,1299
2026-05-05T08:10:00+00:00,7251.75,7256.25,7251.75,7255.25,1511
2026-05-05T08:15:00+00:00,7255.0,7255.5,7253.0,7253.75,984
2026-05-05T08:20:00+00:00,7254.0,7255.75,7253.75,7254.75,672
2026-05-05T08:25:00+00:00,7255.0,7257.75,7253.75,7253.75,1561
2026-05-05T08:30:00+00:00,7254.0,7255.75,7253.0,7254.75,1066
2026-05-05T08:35:00+00:00,7254.5,7256.0,7254.25,7255.0,739
2026-05-05T08:40:00+00:00,7254.75,7255.5,7252.75,7255.0,823
2026-05-05T08:45:00+00:00,7254.5,7256.75,7253.25,7255.25,1738
2026-05-05T08:50:00+00:00,7255.25,7255.75,7253.75,7254.5,496
2026-05-05T08:55:00+00:00,7254.5,7255.5,7253.5,7254.5,742
2026-05-05T09:00:00+00:00,7254.5,7255.0,7251.25,7252.0,1415
2026-05-05T09:05:00+00:00,7252.0,7254.25,7249.75,7254.0,1260
2026-05-05T09:10:00+00:00,7253.75,7255.25,7252.5,7252.5,845
2026-05-05T09:15:00+00:00,7252.5,7253.75,7251.25,7251.75,613
2026-05-05T09:20:00+00:00,7251.75,7253.25,7250.5,7253.0,460
2026-05-05T09:25:00+00:00,7253.0,7254.0,7252.75,7253.0,538
2026-05-05T09:30:00+00:00,7253.0,7256.5,7253.0,7255.0,977
2026-05-05T09:35:00+00:00,7254.75,7255.25,7252.75,7254.0,920
2026-05-05T09:40:00+00:00,7254.0,7255.75,7253.5,7255.0,422
2026-05-05T09:45:00+00:00,7255.0,7257.75,7254.75,7255.25,1299
2026-05-05T09:50:00+00:00,7255.5,7255.5,7253.75,7254.25,558
2026-05-05T09:55:00+00:00,7254.5,7255.75,7253.75,7255.75,427
2026-05-05T10:00:00+00:00,7255.25,7255.75,7253.75,7254.5,598
2026-05-05T10:05:00+00:00,7254.5,7255.0,7253.25,7253.5,387
2026-05-05T10:10:00+00:00,7253.5,7257.0,7253.0,7255.0,1186
2026-05-05T10:15:00+00:00,7255.0,7256.0,7254.0,7254.75,501
2026-05-05T10:20:00+00:00,7255.0,7256.25,7254.75,7255.25,459
2026-05-05T10:25:00+00:00,7255.0,7256.5,7254.5,7255.75,425
2026-05-05T10:30:00+00:00,7256.0,7261.75,7255.25,7259.0,4052
2026-05-05T10:35:00+00:00,7259.0,7260.5,7256.0,7256.0,2099
2026-05-05T10:40:00+00:00,7256.25,7257.25,7253.5,7253.5,1262
2026-05-05T10:45:00+00:00,7253.5,7255.25,7252.75,7254.5,976
2026-05-05T10:50:00+00:00,7254.75,7255.0,7253.5,7254.5,525
2026-05-05T10:55:00+00:00,7254.25,7256.0,7254.25,7255.25,554
2026-05-05T11:00:00+00:00,7255.5,7256.5,7248.75,7250.25,4332
2026-05-05T11:05:00+00:00,7250.25,7251.25,7249.5,7251.25,818
2026-05-05T11:10:00+00:00,7251.5,7252.0,7250.25,7250.75,731
2026-05-05T11:15:00+00:00,7250.75,7251.75,7248.5,7250.0,1531
2026-05-05T11:20:00+00:00,7250.0,7253.0,7249.75,7252.75,1093
2026-05-05T11:25:00+00:00,7252.75,7256.5,7252.75,7255.0,2774
2026-05-05T11:30:00+00:00,7255.0,7258.0,7254.25,7256.5,1362
2026-05-05T11:35:00+00:00,7256.75,7258.0,7256.25,7257.0,924
2026-05-05T11:40:00+00:00,7257.5,7258.5,7257.0,7258.0,873
2026-05-05T11:45:00+00:00,7258.25,7259.25,7257.0,7259.0,1133
2026-05-05T11:50:00+00:00,7259.0,7259.25,7257.25,7257.75,988
2026-05-05T11:55:00+00:00,7257.75,7259.25,7257.5,7258.5,846
2026-05-05T12:00:00+00:00,7258.25,7258.25,7256.0,7257.0,1658
2026-05-05T12:05:00+00:00,7257.25,7263.0,7256.75,7261.75,3802
2026-05-05T12:10:00+00:00,7262.0,7267.0,7261.25,7266.25,5228
2026-05-05T12:15:00+00:00,7266.5,7269.25,7263.75,7264.0,4238
2026-05-05T12:20:00+00:00,7263.75,7266.75,7263.0,7265.0,2262
2026-05-05T12:25:00+00:00,7264.5,7266.5,7264.0,7265.0,1270
2026-05-05T12:30:00+00:00,7265.25,7266.25,7263.25,7264.5,1270
2026-05-05T12:35:00+00:00,7264.5,7264.75,7262.0,7262.5,1357
2026-05-05T12:40:00+00:00,7262.25,7263.25,7261.0,7261.5,1471
2026-05-05T12:45:00+00:00,7261.75,7262.5,7260.25,7261.0,1311
2026-05-05T12:50:00+00:00,7261.25,7262.25,7260.25,7262.0,895
2026-05-05T12:55:00+00:00,7262.0,7263.0,7261.5,7261.75,1227
2026-05-05T13:00:00+00:00,7261.75,7265.0,7261.5,7264.0,1942
2026-05-05T13:05:00+00:00,7264.0,7268.75,7264.0,7267.0,3155
2026-05-05T13:10:00+00:00,7266.75,7267.75,7265.0,7266.0,2053
2026-05-05T13:15:00+00:00,7266.0,7266.75,7263.75,7264.25,2035
2026-05-05T13:20:00+00:00,7264.25,7264.75,7262.5,7262.75,2283
2026-05-05T13:25:00+00:00,7263.0,7267.75,7263.0,7267.25,5187
2026-05-05T13:30:00+00:00,7267.25,7272.0,7264.25,7272.0,21913
2026-05-05T13:35:00+00:00,7272.0,7274.0,7268.0,7269.5,14006
2026-05-05T13:40:00+00:00,7269.5,7273.0,7266.75,7271.0,12913
2026-05-05T13:45:00+00:00,7271.5,7275.25,7270.0,7270.75,14863
2026-05-05T13:50:00+00:00,7270.5,7277.25,7270.5,7272.5,16324
2026-05-05T13:55:00+00:00,7272.75,7275.0,7272.0,7274.75,6190
2026-05-05T14:00:00+00:00,7275.0,7277.75,7270.5,7277.0,11561
2026-05-05T14:05:00+00:00,7276.75,7281.75,7275.75,7281.25,12282
2026-05-05T14:10:00+00:00,7281.5,7283.5,7270.75,7272.25,29475
2026-05-05T14:15:00+00:00,7272.5,7277.0,7266.5,7270.5,36865
2026-05-05T14:20:00+00:00,7270.75,7282.0,7269.0,7281.0,18703
2026-05-05T14:25:00+00:00,7280.75,7286.5,7280.25,7282.5,15187
2026-05-05T14:30:00+00:00,7282.5,7283.5,7277.25,7279.5,10629
2026-05-05T14:35:00+00:00,7279.25,7280.75,7274.75,7276.0,10568
2026-05-05T14:40:00+00:00,7275.75,7280.0,7275.25,7276.5,9847
2026-05-05T14:45:00+00:00,7276.25,7278.25,7273.0,7276.25,10697
2026-05-05T14:50:00+00:00,7276.0,7278.75,7274.0,7278.75,6498
2026-05-05T14:55:00+00:00,7278.5,7281.0,7278.0,7280.5,7245
2026-05-05T15:00:00+00:00,7280.5,7284.5,7279.25,7284.25,9836
2026-05-05T15:05:00+00:00,7284.0,7285.75,7282.0,7282.25,8639
2026-05-05T15:10:00+00:00,7282.5,7285.75,7282.25,7284.75,5559
2026-05-05T15:15:00+00:00,7284.75,7285.75,7282.75,7282.75,4929
2026-05-05T15:20:00+00:00,7283.0,7284.25,7280.5,7280.75,6593
2026-05-05T15:25:00+00:00,7280.75,7284.25,7280.5,7284.25,5168
2026-05-05T15:30:00+00:00,7284.25,7284.75,7278.5,7278.75,8346
2026-05-05T15:35:00+00:00,7279.0,7281.5,7278.75,7280.75,5009
2026-05-05T15:40:00+00:00,7280.75,7281.0,7279.0,7280.5,2926
2026-05-05T15:45:00+00:00,7280.75,7283.5,7280.5,7282.5,5206
2026-05-05T15:50:00+00:00,7282.5,7283.5,7280.75,7281.25,3291
2026-05-05T15:55:00+00:00,7281.5,7281.5,7278.75,7279.75,4853
2026-05-05T16:00:00+00:00,7279.75,7283.0,7279.0,7282.25,4907
2026-05-05T16:05:00+00:00,7282.25,7284.75,7282.0,7284.25,4688
2026-05-05T16:10:00+00:00,7284.0,7285.25,7284.0,7284.0,2671
2026-05-05T16:15:00+00:00,7284.0,7285.5,7283.0,7285.0,3478
2026-05-05T16:20:00+00:00,7285.0,7288.75,7285.0,7286.5,7584
2026-05-05T16:25:00+00:00,7286.5,7287.5,7280.0,7285.0,9547
2026-05-05T16:30:00+00:00,7285.0,7285.25,7282.75,7284.0,4104
2026-05-05T16:35:00+00:00,7284.0,7286.0,7283.25,7283.25,3800
2026-05-05T16:40:00+00:00,7283.5,7284.5,7281.75,7283.5,3944
2026-05-05T16:45:00+00:00,7283.5,7286.75,7282.75,7285.5,4099
2026-05-05T16:50:00+00:00,7285.5,7286.0,7284.0,7284.75,1938
2026-05-05T16:55:00+00:00,7284.75,7286.0,7283.75,7284.0,1846
2026-05-05T17:00:00+00:00,7284.25,7285.25,7282.5,7284.25,2774
2026-05-05T17:05:00+00:00,7284.0,7284.75,7280.5,7281.25,3642
2026-05-05T17:10:00+00:00,7281.5,7282.75,7280.25,7282.0,3297
2026-05-05T17:15:00+00:00,7282.0,7285.5,7281.75,7285.0,4652
2026-05-05T17:20:00+00:00,7285.0,7286.0,7283.75,7285.0,3623
2026-05-05T17:25:00+00:00,7285.0,7287.75,7284.75,7287.5,3543
2026-05-05T17:30:00+00:00,7287.5,7289.0,7286.25,7287.0,5384
2026-05-05T17:35:00+00:00,7287.25,7289.75,7286.75,7287.25,3765
2026-05-05T17:40:00+00:00,7287.5,7288.5,7287.0,7287.5,1997
2026-05-05T17:45:00+00:00,7287.75,7288.75,7287.5,7288.0,1345
2026-05-05T17:50:00+00:00,7288.0,7291.25,7287.75,7290.0,5394
2026-05-05T17:55:00+00:00,7290.25,7291.5,7289.0,7289.25,3074
2026-05-05T18:00:00+00:00,7289.5,7291.0,7289.0,7291.0,1928
2026-05-05T18:05:00+00:00,7290.75,7292.75,7290.25,7291.5,4892
2026-05-05T18:10:00+00:00,7291.5,7296.0,7291.0,7295.5,6924
2026-05-05T18:15:00+00:00,7295.25,7296.25,7293.75,7294.0,4374
2026-05-05T18:20:00+00:00,7294.0,7295.75,7294.0,7294.0,3198
2026-05-05T18:25:00+00:00,7294.0,7295.75,7293.5,7294.0,3047
2026-05-05T18:30:00+00:00,7294.0,7294.5,7291.75,7292.0,3958
2026-05-05T18:35:00+00:00,7292.0,7293.25,7290.5,7290.5,3417
2026-05-05T18:40:00+00:00,7290.75,7292.5,7290.25,7291.5,2968
2026-05-05T18:45:00+00:00,7292.0,7293.75,7291.5,7293.0,3297
2026-05-05T18:50:00+00:00,7293.25,7294.0,7290.5,7292.25,4038
2026-05-05T18:55:00+00:00,7292.25,7293.0,7291.75,7292.5,2086
2026-05-05T19:00:00+00:00,7292.5,7294.5,7292.25,7294.5,3103
2026-05-05T19:05:00+00:00,7294.25,7296.75,7294.0,7296.75,4458
2026-05-05T19:10:00+00:00,7296.75,7299.5,7296.25,7296.75,7960
2026-05-05T19:15:00+00:00,7296.75,7298.25,7295.0,7298.25,4399
2026-05-05T19:20:00+00:00,7298.0,7299.0,7296.5,7299.0,2863
2026-05-05T19:25:00+00:00,7299.0,7300.0,7296.5,7296.75,4634
2026-05-05T19:30:00+00:00,7296.5,7298.5,7295.75,7296.25,4035
2026-05-05T19:35:00+00:00,7296.5,7297.75,7294.0,7297.25,5714
2026-05-05T19:40:00+00:00,7297.25,7297.5,7295.25,7297.0,2769
2026-05-05T19:45:00+00:00,7297.0,7297.5,7293.75,7294.0,3822
2026-05-05T19:50:00+00:00,7294.0,7294.0,7285.0,7286.75,21455
2026-05-05T19:55:00+00:00,7286.75,7288.25,7282.5,7287.25,21011
2026-05-05T20:00:00+00:00,7286.75,7289.5,7285.75,7289.25,4949
2026-05-05T20:05:00+00:00,7289.25,7290.5,7287.25,7288.0,2478
2026-05-05T20:10:00+00:00,7288.25,7290.75,7288.0,7290.25,1677
2026-05-05T20:15:00+00:00,7290.25,7295.5,7285.25,7293.5,5629
2026-05-05T20:20:00+00:00,7293.5,7298.5,7292.5,7297.75,3229
2026-05-05T20:25:00+00:00,7297.5,7304.25,7297.5,7302.25,5275
2026-05-05T20:30:00+00:00,7302.0,7302.0,7297.25,7299.0,2749
2026-05-05T20:35:00+00:00,7299.25,7300.5,7297.5,7297.5,1502
2026-05-05T20:40:00+00:00,7297.5,7297.75,7295.25,7295.75,1721
2026-05-05T20:45:00+00:00,7295.75,7295.75,7292.75,7293.25,1676
2026-05-05T20:50:00+00:00,7293.0,7295.0,7292.75,7294.0,1353
2026-05-05T20:55:00+00:00,7294.0,7297.25,7293.75,7295.75,1982
2026-05-05T22:00:00+00:00,7303.0,7303.0,7294.0,7295.75,0
2026-05-05T22:05:00+00:00,7296.25,7298.0,7295.75,7296.5,854
2026-05-05T22:10:00+00:00,7296.75,7296.75,7294.25,7294.75,783
2026-05-05T22:15:00+00:00,7295.0,7295.25,7293.5,7294.75,600
2026-05-05T22:20:00+00:00,7294.5,7296.5,7294.0,7296.5,763
2026-05-05T22:25:00+00:00,7296.5,7297.0,7294.75,7296.5,836
2026-05-05T22:30:00+00:00,7296.5,7298.75,7295.75,7297.25,872
2026-05-05T22:35:00+00:00,7297.0,7299.5,7296.5,7298.75,1051
2026-05-05T22:40:00+00:00,7298.5,7299.75,7298.5,7299.0,601
2026-05-05T22:45:00+00:00,7299.0,7300.0,7298.5,7299.75,777
2026-05-05T22:50:00+00:00,7299.5,7322.25,7299.25,7313.5,14650
2026-05-05T22:55:00+00:00,7313.75,7319.0,7312.5,7316.75,7737
2026-05-05T23:00:00+00:00,7316.75,7318.5,7312.25,7316.25,3713
2026-05-05T23:05:00+00:00,7316.0,7317.0,7313.0,7315.75,1833
2026-05-05T23:10:00+00:00,7315.75,7319.25,7315.5,7318.75,2393
2026-05-05T23:15:00+00:00,7318.75,7319.25,7316.25,7317.0,1925
2026-05-05T23:20:00+00:00,7317.0,7318.5,7314.5,7314.75,1714
2026-05-05T23:25:00+00:00,7314.75,7315.5,7313.25,7313.75,1675
2026-05-05T23:30:00+00:00,7313.75,7316.5,7313.5,7315.75,1590
2026-05-05T23:35:00+00:00,7316.0,7316.5,7314.25,7315.0,917
2026-05-05T23:40:00+00:00,7315.0,7316.0,7314.0,7314.0,789
2026-05-05T23:45:00+00:00,7314.0,7315.75,7313.5,7315.25,991
2026-05-05T23:50:00+00:00,7315.0,7315.5,7313.75,7314.5,628
2026-05-05T23:55:00+00:00,7314.75,7315.5,7313.25,7314.25,710
2026-05-06T00:00:00+00:00,7314.25,7316.0,7311.75,7312.75,2278
2026-05-06T00:05:00+00:00,7313.0,7313.5,7307.75,7310.5,4066
2026-05-06T00:10:00+00:00,7310.75,7312.0,7308.25,7308.25,1771
2026-05-06T00:15:00+00:00,7308.25,7308.5,7304.0,7306.75,3690
2026-05-06T00:20:00+00:00,7307.0,7308.0,7303.25,7305.75,2378
2026-05-06T00:25:00+00:00,7305.5,7306.25,7301.0,7301.5,2489
2026-05-06T00:30:00+00:00,7301.25,7304.75,7301.0,7303.5,1931
2026-05-06T00:35:00+00:00,7303.25,7304.0,7302.25,7303.0,1109
2026-05-06T00:40:00+00:00,7303.25,7304.75,7302.25,7302.5,1272
2026-05-06T00:45:00+00:00,7302.5,7303.25,7299.25,7300.5,2000
2026-05-06T00:50:00+00:00,7300.75,7304.0,7300.75,7303.5,1359
2026-05-06T00:55:00+00:00,7303.5,7304.25,7302.5,7303.5,1034
2026-05-06T01:00:00+00:00,7303.5,7307.0,7302.5,7306.5,2421
2026-05-06T01:05:00+00:00,7306.25,7307.5,7305.75,7307.25,960
2026-05-06T01:10:00+00:00,7307.0,7307.5,7305.75,7306.5,707
2026-05-06T01:15:00+00:00,7306.5,7308.25,7305.0,7307.5,1296
2026-05-06T01:20:00+00:00,7307.75,7308.5,7307.0,7308.0,858
2026-05-06T01:25:00+00:00,7308.0,7308.0,7304.5,7305.5,1118
2026-05-06T01:30:00+00:00,7305.25,7307.0,7303.5,7305.5,1345
2026-05-06T01:35:00+00:00,7305.75,7306.5,7304.5,7305.5,589
2026-05-06T01:40:00+00:00,7305.75,7308.25,7305.5,7308.0,1222
2026-05-06T01:45:00+00:00,7308.25,7310.25,7308.0,7308.75,1387
2026-05-06T01:50:00+00:00,7309.0,7309.0,7306.5,7307.0,713
2026-05-06T01:55:00+00:00,7306.75,7308.0,7305.25,7308.0,900
2026-05-06T02:00:00+00:00,7307.75,7308.25,7305.75,7305.75,1032
2026-05-06T02:05:00+00:00,7305.75,7307.0,7304.0,7306.75,1375
2026-05-06T02:10:00+00:00,7307.0,7307.5,7305.75,7306.5,665
2026-05-06T02:15:00+00:00,7306.25,7307.75,7306.25,7307.25,456
2026-05-06T02:20:00+00:00,7307.25,7308.0,7306.25,7307.0,631
2026-05-06T02:25:00+00:00,7306.75,7307.0,7304.0,7304.25,928
2026-05-06T02:30:00+00:00,7304.0,7305.5,7303.75,7305.25,457
2026-05-06T02:35:00+00:00,7305.25,7305.75,7302.25,7303.25,806
2026-05-06T02:40:00+00:00,7303.0,7303.75,7302.25,7303.75,656
2026-05-06T02:45:00+00:00,7303.5,7304.75,7303.25,7304.25,643
2026-05-06T02:50:00+00:00,7304.25,7305.0,7303.75,7303.75,368
2026-05-06T02:55:00+00:00,7304.0,7305.25,7303.75,7304.0,559
2026-05-06T03:00:00+00:00,7304.25,7305.75,7303.75,7304.0,626
2026-05-06T03:05:00+00:00,7304.0,7304.75,7303.0,7304.0,477
2026-05-06T03:10:00+00:00,7304.0,7307.25,7303.75,7306.75,877
2026-05-06T03:15:00+00:00,7306.75,7307.25,7305.75,7306.0,670
2026-05-06T03:20:00+00:00,7305.75,7306.5,7305.25,7306.25,488
2026-05-06T03:25:00+00:00,7306.5,7308.5,7306.5,7308.0,834
2026-05-06T03:30:00+00:00,7308.25,7309.5,7308.0,7308.75,904
2026-05-06T03:35:00+00:00,7308.75,7311.25,7308.75,7310.5,1248
2026-05-06T03:40:00+00:00,7310.5,7310.75,7308.75,7309.25,513
2026-05-06T03:45:00+00:00,7309.25,7309.25,7306.75,7307.0,625
2026-05-06T03:50:00+00:00,7307.0,7308.5,7306.75,7307.75,442
2026-05-06T03:55:00+00:00,7307.75,7308.5,7307.25,7308.0,290
2026-05-06T04:05:00+00:00,7308.25,7308.25,7308.0,7308.25,728
2026-05-06T04:10:00+00:00,7308.25,7308.5,7306.75,7307.5,414
2026-05-06T04:15:00+00:00,7308.25,7308.75,7307.5,7308.25,303
2026-05-06T04:20:00+00:00,7308.0,7308.75,7307.5,7308.25,294
2026-05-06T04:25:00+00:00,7308.0,7310.0,7307.25,7309.0,758
2026-05-06T04:30:00+00:00,7309.25,7310.0,7307.75,7308.25,429
2026-05-06T04:35:00+00:00,7308.5,7308.75,7307.25,7308.0,699
2026-05-06T04:40:00+00:00,7308.0,7308.25,7306.5,7308.0,520
2026-05-06T04:45:00+00:00,7308.0,7310.0,7307.75,7309.5,471
2026-05-06T04:50:00+00:00,7309.5,7310.5,7309.0,7309.5,638
2026-05-06T04:55:00+00:00,7309.5,7310.25,7308.5,7308.75,309
2026-05-06T05:00:00+00:00,7308.5,7309.25,7307.5,7308.75,572
2026-05-06T05:05:00+00:00,7308.75,7310.0,7308.5,7309.75,421
2026-05-06T05:10:00+00:00,7309.75,7310.5,7309.0,7309.25,490
2026-05-06T05:15:00+00:00,7309.0,7309.0,7306.75,7308.0,723
2026-05-06T05:20:00+00:00,7308.0,7308.5,7307.25,7308.25,397
2026-05-06T05:25:00+00:00,7308.25,7310.0,7308.0,7309.0,342
2026-05-06T05:30:00+00:00,7309.0,7309.5,7307.5,7308.75,522
2026-05-06T05:35:00+00:00,7308.75,7309.0,7307.25,7308.0,351
2026-05-06T05:40:00+00:00,7307.75,7309.25,7307.5,7308.75,392
2026-05-06T05:45:00+00:00,7308.5,7310.25,7308.5,7309.5,483
2026-05-06T05:50:00+00:00,7309.5,7310.5,7309.5,7309.75,408
2026-05-06T05:55:00+00:00,7309.5,7312.75,7309.5,7311.5,1316
2026-05-06T06:00:00+00:00,7311.5,7314.75,7311.5,7313.0,1427
2026-05-06T06:05:00+00:00,7313.0,7313.25,7310.0,7310.5,1173
2026-05-06T06:10:00+00:00,7310.5,7310.75,7309.25,7310.25,749
2026-05-06T06:15:00+00:00,7310.25,7310.75,7308.75,7309.0,670
2026-05-06T06:20:00+00:00,7308.75,7311.5,7308.5,7310.75,823
2026-05-06T06:25:00+00:00,7311.0,7311.0,7309.25,7309.5,484
2026-05-06T06:30:00+00:00,7309.25,7310.0,7307.25,7308.5,1025
2026-05-06T06:35:00+00:00,7308.5,7310.75,7308.25,7310.5,474
2026-05-06T06:40:00+00:00,7310.5,7311.0,7303.75,7308.75,4145
2026-05-06T06:45:00+00:00,7308.5,7309.5,7307.25,7307.75,674
2026-05-06T06:50:00+00:00,7307.5,7307.75,7305.75,7307.5,533
2026-05-06T06:55:00+00:00,7307.5,7310.0,7307.25,7309.75,586
2026-05-06T07:00:00+00:00,7309.75,7311.0,7307.0,7310.25,1374
2026-05-06T07:05:00+00:00,7310.0,7311.25,7309.0,7310.0,1098
2026-05-06T07:10:00+00:00,7310.0,7310.25,7306.75,7307.25,847
2026-05-06T07:15:00+00:00,7307.25,7309.0,7307.0,7308.5,574
2026-05-06T07:20:00+00:00,7308.5,7309.75,7307.0,7309.0,715
2026-05-06T07:25:00+00:00,7308.75,7309.25,7307.25,7308.75,391
2026-05-06T07:30:00+00:00,7308.75,7309.0,7306.5,7308.75,742
2026-05-06T07:35:00+00:00,7309.0,7309.25,7307.5,7307.75,377
2026-05-06T07:40:00+00:00,7307.75,7308.75,7307.0,7308.75,412
2026-05-06T07:45:00+00:00,7308.75,7311.75,7308.25,7310.25,990
2026-05-06T07:50:00+00:00,7310.25,7310.75,7308.5,7309.25,662
2026-05-06T07:55:00+00:00,7309.25,7311.0,7308.25,7310.75,625
2026-05-06T08:00:00+00:00,7311.0,7312.25,7307.75,7308.5,2077
2026-05-06T08:05:00+00:00,7308.5,7311.25,7307.75,7309.0,1599
2026-05-06T08:10:00+00:00,7309.25,7311.75,7307.75,7308.75,1698
2026-05-06T08:15:00+00:00,7308.5,7309.0,7306.75,7307.0,746
2026-05-06T08:20:00+00:00,7306.75,7307.25,7305.25,7306.75,926
2026-05-06T08:25:00+00:00,7307.0,7307.5,7306.0,7307.25,499
2026-05-06T08:30:00+00:00,7307.0,7308.75,7306.0,7308.0,751
2026-05-06T08:35:00+00:00,7308.25,7310.25,7308.25,7308.75,682
2026-05-06T08:40:00+00:00,7309.0,7311.0,7308.75,7309.75,487
2026-05-06T08:45:00+00:00,7310.0,7312.5,7310.0,7311.75,810
2026-05-06T08:50:00+00:00,7311.25,7336.5,7311.0,7333.5,24046
2026-05-06T08:55:00+00:00,7333.5,7343.25,7332.75,7335.25,9448
2026-05-06T09:00:00+00:00,7335.25,7340.0,7325.0,7326.25,5884
2026-05-06T09:05:00+00:00,7326.0,7326.75,7323.0,7323.25,2645
2026-05-06T09:10:00+00:00,7323.5,7330.0,7323.0,7330.0,3135
2026-05-06T09:15:00+00:00,7330.0,7335.0,7329.5,7334.0,2938
2026-05-06T09:20:00+00:00,7334.25,7336.25,7331.0,7332.0,2990
2026-05-06T09:25:00+00:00,7332.0,7333.75,7330.5,7333.0,1415
2026-05-06T09:30:00+00:00,7332.75,7341.0,7331.25,7339.5,4260
2026-05-06T09:35:00+00:00,7339.75,7340.75,7337.5,7339.75,2970
2026-05-06T09:40:00+00:00,7340.0,7341.75,7338.25,7340.25,1874
2026-05-06T09:45:00+00:00,7340.0,7340.25,7336.75,7339.5,1806
2026-05-06T09:50:00+00:00,7339.5,7341.75,7336.75,7341.0,1778
2026-05-06T09:55:00+00:00,7341.0,7343.0,7341.0,7341.75,1710
2026-05-06T10:00:00+00:00,7342.0,7348.0,7340.25,7344.0,5288
2026-05-06T10:05:00+00:00,7344.0,7344.75,7340.75,7342.25,2020
2026-05-06T10:10:00+00:00,7342.25,7343.75,7341.25,7342.25,1363
2026-05-06T10:15:00+00:00,7342.0,7348.25,7341.5,7348.0,3053
2026-05-06T10:20:00+00:00,7347.75,7349.5,7346.75,7347.0,2744
2026-05-06T10:25:00+00:00,7347.0,7351.5,7346.25,7350.5,2711
2026-05-06T10:30:00+00:00,7350.75,7353.25,7350.0,7352.5,2603
2026-05-06T10:35:00+00:00,7352.25,7353.75,7350.25,7352.25,1913
2026-05-06T10:40:00+00:00,7352.25,7358.75,7352.25,7357.25,4970
2026-05-06T10:45:00+00:00,7357.25,7359.5,7351.25,7354.75,5702
2026-05-06T10:50:00+00:00,7354.5,7363.75,7353.25,7360.5,7129
2026-05-06T10:55:00+00:00,7361.0,7362.75,7356.75,7358.0,5263
2026-05-06T11:00:00+00:00,7358.0,7364.5,7356.0,7361.0,5548
2026-05-06T11:05:00+00:00,7361.0,7364.5,7361.0,7362.75,3575
2026-05-06T11:10:00+00:00,7362.5,7365.75,7358.75,7362.0,5396
2026-05-06T11:15:00+00:00,7361.75,7364.0,7360.5,7361.0,2868
2026-05-06T11:20:00+00:00,7361.0,7361.25,7357.0,7358.5,3339
2026-05-06T11:25:00+00:00,7358.75,7359.5,7355.75,7356.5,2423
2026-05-06T11:30:00+00:00,7356.75,7357.5,7353.25,7355.5,3105
2026-05-06T11:35:00+00:00,7355.5,7360.75,7355.0,7359.75,2862
2026-05-06T11:40:00+00:00,7359.75,7360.25,7349.75,7350.25,7827
2026-05-06T11:45:00+00:00,7350.5,7351.25,7344.5,7346.75,6112
2026-05-06T11:50:00+00:00,7346.75,7352.0,7345.75,7351.0,3636
2026-05-06T11:55:00+00:00,7351.0,7351.5,7345.75,7348.0,3613
2026-05-06T12:00:00+00:00,7348.25,7348.75,7340.25,7342.5,4665
2026-05-06T12:05:00+00:00,7342.5,7343.5,7336.5,7340.75,7162
2026-05-06T12:10:00+00:00,7340.75,7346.25,7332.25,7333.75,9746
2026-05-06T12:15:00+00:00,7333.75,7341.75,7327.25,7338.0,8085
2026-05-06T12:20:00+00:00,7338.0,7345.75,7337.25,7343.25,6079
2026-05-06T12:25:00+00:00,7343.0,7345.25,7341.75,7343.25,2563
2026-05-06T12:30:00+00:00,7343.5,7344.25,7339.0,7341.5,3285
2026-05-06T12:35:00+00:00,7341.5,7343.5,7339.5,7342.75,2136
2026-05-06T12:40:00+00:00,7342.75,7343.0,7338.75,7340.0,2074
2026-05-06T12:45:00+00:00,7340.25,7342.75,7337.25,7338.75,1797
2026-05-06T12:50:00+00:00,7339.0,7340.75,7335.25,7335.75,2233
2026-05-06T12:55:00+00:00,7335.5,7340.25,7334.75,7338.5,3430
2026-05-06T13:00:00+00:00,7338.5,7339.5,7332.0,7334.75,7439
2026-05-06T13:05:00+00:00,7335.0,7336.75,7328.5,7331.5,10783
2026-05-06T13:10:00+00:00,7331.5,7335.75,7330.5,7334.75,4901
2026-05-06T13:15:00+00:00,7334.75,7338.0,7331.75,7333.0,5736
2026-05-06T13:20:00+00:00,7332.75,7335.0,7330.25,7332.5,4383
2026-05-06T13:25:00+00:00,7332.5,7334.25,7329.5,7331.25,5902
2026-05-06T13:30:00+00:00,7331.0,7341.25,7327.25,7341.0,26554
2026-05-06T13:35:00+00:00,7341.0,7344.75,7339.25,7340.0,19706
2026-05-06T13:40:00+00:00,7340.0,7341.75,7337.5,7341.0,15047
2026-05-06T13:45:00+00:00,7341.0,7344.5,7338.25,7340.25,14691
2026-05-06T13:50:00+00:00,7340.25,7347.0,7331.25,7346.0,24320
2026-05-06T13:55:00+00:00,7346.0,7347.5,7340.75,7346.0,15011
2026-05-06T14:00:00+00:00,7346.0,7349.5,7342.75,7343.5,16380
2026-05-06T14:05:00+00:00,7343.5,7347.75,7336.25,7347.25,23787
2026-05-06T14:10:00+00:00,7347.25,7351.75,7346.5,7350.25,15707
2026-05-06T14:15:00+00:00,7350.25,7352.0,7345.0,7347.0,17244
2026-05-06T14:20:00+00:00,7347.0,7352.25,7346.25,7352.25,11551
2026-05-06T14:25:00+00:00,7352.25,7356.5,7349.25,7350.0,17069
2026-05-06T14:30:00+00:00,7350.0,7359.5,7349.5,7359.25,15155
2026-05-06T14:35:00+00:00,7359.25,7362.75,7358.75,7362.0,12669
2026-05-06T14:40:00+00:00,7362.25,7369.0,7361.75,7368.25,26424
2026-05-06T14:45:00+00:00,7368.0,7370.0,7364.25,7367.5,14486
2026-05-06T14:50:00+00:00,7367.25,7369.25,7366.25,7368.75,8067
2026-05-06T14:55:00+00:00,7369.0,7372.0,7368.75,7371.25,9906
2026-05-06T15:00:00+00:00,7371.25,7374.75,7370.5,7373.25,11734
2026-05-06T15:05:00+00:00,7373.25,7374.75,7367.75,7368.5,10074
2026-05-06T15:10:00+00:00,7368.25,7371.75,7363.5,7366.75,14140
2026-05-06T15:15:00+00:00,7367.0,7372.0,7365.0,7371.75,10115
2026-05-06T15:20:00+00:00,7371.75,7373.5,7371.0,7372.0,7117
2026-05-06T15:25:00+00:00,7372.0,7372.75,7369.5,7370.0,5991
2026-05-06T15:30:00+00:00,7370.0,7371.25,7367.5,7369.25,7572
2026-05-06T15:35:00+00:00,7369.0,7370.0,7364.0,7364.5,7514
2026-05-06T15:40:00+00:00,7364.25,7366.75,7358.75,7362.75,19574
2026-05-06T15:45:00+00:00,7362.75,7366.75,7361.0,7365.0,10482
2026-05-06T15:50:00+00:00,7365.0,7367.5,7363.0,7367.0,6420
2026-05-06T15:55:00+00:00,7367.0,7368.5,7365.25,7365.5,5765
2026-05-06T16:00:00+00:00,7365.5,7368.5,7363.75,7367.25,5913
2026-05-06T16:05:00+00:00,7367.5,7368.75,7364.75,7365.75,5133
2026-05-06T16:10:00+00:00,7365.75,7369.25,7365.25,7368.25,4082
2026-05-06T16:15:00+00:00,7368.5,7369.5,7367.5,7367.75,3949
2026-05-06T16:20:00+00:00,7367.5,7368.75,7366.75,7367.75,2944
2026-05-06T16:25:00+00:00,7367.75,7369.75,7366.25,7366.75,3343
2026-05-06T16:30:00+00:00,7366.75,7367.75,7365.5,7367.0,3340
2026-05-06T16:35:00+00:00,7367.0,7367.0,7364.25,7366.0,4667
2026-05-06T16:40:00+00:00,7366.0,7367.5,7364.75,7365.0,3373
2026-05-06T16:45:00+00:00,7365.5,7365.75,7361.0,7362.5,7225
2026-05-06T16:50:00+00:00,7362.75,7363.5,7358.0,7358.25,8515
2026-05-06T16:55:00+00:00,7358.25,7362.0,7354.5,7359.0,13983
2026-05-06T17:00:00+00:00,7359.25,7362.0,7356.0,7362.0,7013
2026-05-06T17:05:00+00:00,7361.75,7365.5,7361.0,7363.75,5766
2026-05-06T17:10:00+00:00,7363.75,7366.75,7363.75,7364.75,6369
2026-05-06T17:15:00+00:00,7364.5,7365.75,7363.0,7365.25,3679
2026-05-06T17:20:00+00:00,7365.25,7367.5,7364.5,7365.75,3847
2026-05-06T17:25:00+00:00,7366.0,7366.75,7364.25,7366.25,3176
2026-05-06T17:30:00+00:00,7366.0,7368.25,7366.0,7366.75,3501
2026-05-06T17:35:00+00:00,7366.75,7368.25,7365.75,7365.75,3144
2026-05-06T17:40:00+00:00,7366.0,7368.25,7364.75,7368.25,4052
2026-05-06T17:45:00+00:00,7368.25,7369.5,7367.5,7368.0,3139
2026-05-06T17:50:00+00:00,7368.0,7370.0,7367.25,7369.25,3308
2026-05-06T17:55:00+00:00,7369.0,7371.0,7368.75,7371.0,3218
2026-05-06T18:00:00+00:00,7370.75,7372.5,7369.75,7371.75,6190
2026-05-06T18:05:00+00:00,7371.75,7375.0,7371.5,7374.5,5555
2026-05-06T18:10:00+00:00,7374.75,7375.75,7373.0,7374.5,5303
2026-05-06T18:15:00+00:00,7374.5,7380.0,7374.5,7378.5,9123
2026-05-06T18:20:00+00:00,7378.75,7381.75,7378.5,7380.5,5467
2026-05-06T18:25:00+00:00,7380.5,7381.0,7379.25,7380.0,3878
2026-05-06T18:30:00+00:00,7380.0,7382.0,7378.5,7382.0,6049
2026-05-06T18:35:00+00:00,7381.75,7384.5,7380.75,7382.0,9259
2026-05-06T18:40:00+00:00,7381.75,7382.0,7379.75,7379.75,4081
2026-05-06T18:45:00+00:00,7380.0,7381.25,7377.25,7378.25,6893
2026-05-06T18:50:00+00:00,7378.25,7380.75,7376.75,7380.25,5611
2026-05-06T18:55:00+00:00,7380.25,7381.0,7379.0,7379.0,4043
2026-05-06T19:00:00+00:00,7379.25,7384.5,7379.0,7383.0,6409
2026-05-06T19:05:00+00:00,7383.25,7387.0,7382.25,7385.0,8240
2026-05-06T19:10:00+00:00,7385.25,7388.0,7385.0,7387.5,5361
2026-05-06T19:15:00+00:00,7387.5,7388.5,7385.75,7387.5,5638
2026-05-06T19:20:00+00:00,7388.0,7390.0,7387.0,7388.5,5191
2026-05-06T19:25:00+00:00,7388.25,7389.5,7386.0,7388.25,5464
2026-05-06T19:30:00+00:00,7388.25,7388.25,7385.25,7386.0,5361
2026-05-06T19:35:00+00:00,7386.0,7390.0,7385.75,7389.5,5144
2026-05-06T19:40:00+00:00,7389.75,7390.0,7386.5,7386.75,4726
2026-05-06T19:45:00+00:00,7386.75,7389.75,7385.75,7386.75,6419
2026-05-06T19:50:00+00:00,7386.75,7395.75,7386.5,7394.25,22971
2026-05-06T19:55:00+00:00,7394.25,7395.75,7386.75,7386.75,26210
2026-05-06T20:00:00+00:00,7386.75,7391.0,7384.75,7388.75,12025
2026-05-06T20:05:00+00:00,7388.75,7391.5,7388.25,7389.25,3693
2026-05-06T20:10:00+00:00,7389.0,7395.75,7385.75,7394.0,4677
2026-05-06T20:15:00+00:00,7394.25,7395.0,7391.5,7391.75,3109
2026-05-06T20:20:00+00:00,7392.0,7393.5,7389.75,7390.75,1900
2026-05-06T20:25:00+00:00,7391.0,7394.25,7390.75,7392.75,1406
2026-05-06T20:30:00+00:00,7392.75,7393.25,7387.75,7388.5,3127
2026-05-06T20:35:00+00:00,7388.75,7389.25,7387.0,7387.5,2025
2026-05-06T20:40:00+00:00,7387.5,7388.75,7387.0,7387.75,1357
2026-05-06T20:45:00+00:00,7387.75,7388.0,7385.25,7386.0,1465
2026-05-06T20:50:00+00:00,7386.25,7386.5,7384.5,7385.5,1899
2026-05-06T20:55:00+00:00,7385.25,7387.75,7384.5,7386.75,1043
2026-05-06T22:00:00+00:00,7381.5,7383.75,7378.0,7381.5,0
2026-05-06T22:05:00+00:00,7381.5,7382.0,7378.5,7380.75,1161
2026-05-06T22:10:00+00:00,7380.75,7381.75,7379.5,7380.75,827
2026-05-06T22:15:00+00:00,7380.5,7382.25,7380.0,7382.0,629
2026-05-06T22:20:00+00:00,7381.75,7382.75,7378.75,7379.75,1191
2026-05-06T22:25:00+00:00,7379.5,7380.75,7377.0,7377.75,1459
2026-05-06T22:30:00+00:00,7377.5,7379.75,7377.0,7379.25,940
2026-05-06T22:35:00+00:00,7379.5,7380.0,7378.0,7378.0,503
2026-05-06T22:40:00+00:00,7378.25,7379.75,7378.0,7379.75,455
2026-05-06T22:45:00+00:00,7379.5,7379.75,7378.5,7379.5,408
2026-05-06T22:50:00+00:00,7379.5,7380.0,7378.75,7378.75,431
2026-05-06T22:55:00+00:00,7378.5,7379.0,7378.0,7378.75,367
2026-05-06T23:00:00+00:00,7379.0,7380.0,7378.0,7378.75,543
2026-05-06T23:05:00+00:00,7379.0,7380.0,7378.5,7379.75,382
2026-05-06T23:10:00+00:00,7379.75,7381.5,7379.75,7380.0,1165
2026-05-06T23:15:00+00:00,7380.25,7381.5,7378.75,7381.5,676
2026-05-06T23:20:00+00:00,7381.5,7381.75,7380.5,7380.75,456
2026-05-06T23:25:00+00:00,7380.5,7380.75,7379.0,7379.75,586
2026-05-06T23:30:00+00:00,7379.75,7380.5,7378.25,7379.5,724
2026-05-06T23:35:00+00:00,7379.25,7379.75,7378.25,7378.75,325
2026-05-06T23:40:00+00:00,7378.5,7380.5,7378.5,7379.75,559
2026-05-06T23:45:00+00:00,7380.0,7382.5,7378.0,7378.75,1910
2026-05-06T23:50:00+00:00,7378.75,7380.75,7377.5,7380.5,1217
2026-05-06T23:55:00+00:00,7380.5,7381.0,7379.25,7379.75,671
2026-05-07T00:00:00+00:00,7379.75,7383.75,7379.25,7380.75,2238
2026-05-07T00:05:00+00:00,7380.75,7383.5,7378.75,7381.25,1803
2026-05-07T00:10:00+00:00,7381.25,7385.0,7381.0,7383.0,1975
2026-05-07T00:15:00+00:00,7383.0,7383.75,7379.25,7380.5,1769
2026-05-07T00:20:00+00:00,7380.5,7381.25,7379.0,7379.75,960
2026-05-07T00:25:00+00:00,7379.5,7381.0,7378.25,7380.5,1075
2026-05-07T00:30:00+00:00,7380.25,7381.5,7379.0,7381.0,765
2026-05-07T00:35:00+00:00,7381.0,7382.5,7380.75,7382.25,675
2026-05-07T00:40:00+00:00,7382.75,7383.0,7380.0,7382.75,879
2026-05-07T00:45:00+00:00,7383.0,7385.25,7382.25,7384.5,1278
2026-05-07T00:50:00+00:00,7384.5,7385.25,7383.5,7384.0,842
2026-05-07T00:55:00+00:00,7383.75,7385.5,7383.5,7385.25,622
2026-05-07T01:00:00+00:00,7384.75,7385.0,7381.0,7381.75,2099
2026-05-07T01:05:00+00:00,7381.75,7383.5,7381.5,7382.25,650
2026-05-07T01:10:00+00:00,7382.25,7386.0,7382.0,7384.5,1210
2026-05-07T01:15:00+00:00,7384.75,7386.25,7384.5,7385.5,776
2026-05-07T01:20:00+00:00,7385.75,7386.0,7384.5,7385.75,519
2026-05-07T01:25:00+00:00,7386.0,7386.5,7384.5,7386.0,857
2026-05-07T01:30:00+00:00,7385.75,7387.0,7385.5,7386.25,688
2026-05-07T01:35:00+00:00,7386.25,7388.75,7386.0,7388.5,1430
2026-05-07T01:40:00+00:00,7388.75,7389.75,7387.5,7389.25,1428
2026-05-07T01:45:00+00:00,7389.0,7391.75,7388.5,7391.5,1534
2026-05-07T01:50:00+00:00,7391.75,7393.25,7390.75,7391.0,1577
2026-05-07T01:55:00+00:00,7391.0,7392.0,7389.75,7390.25,961
2026-05-07T02:00:00+00:00,7390.25,7391.5,7388.75,7389.25,920
2026-05-07T02:05:00+00:00,7389.5,7391.0,7389.0,7389.25,550
2026-05-07T02:10:00+00:00,7389.0,7389.5,7383.25,7383.5,2697
2026-05-07T02:15:00+00:00,7383.5,7385.75,7383.25,7385.25,1201
2026-05-07T02:20:00+00:00,7385.0,7385.75,7384.0,7385.5,766
2026-05-07T02:25:00+00:00,7385.5,7388.25,7385.5,7388.0,1178
2026-05-07T02:30:00+00:00,7388.25,7389.25,7386.0,7388.0,914
2026-05-07T02:35:00+00:00,7387.75,7388.25,7386.0,7386.0,733
2026-05-07T02:40:00+00:00,7386.0,7386.75,7385.5,7386.5,546
2026-05-07T02:45:00+00:00,7386.5,7388.25,7386.5,7388.25,449
2026-05-07T02:50:00+00:00,7388.25,7388.5,7386.75,7388.5,441
2026-05-07T02:55:00+00:00,7388.0,7389.5,7387.75,7388.5,464
2026-05-07T03:00:00+00:00,7388.5,7388.75,7386.75,7387.75,687
2026-05-07T03:05:00+00:00,7387.75,7388.5,7387.25,7388.25,290
2026-05-07T03:10:00+00:00,7388.25,7388.75,7387.25,7387.75,308
2026-05-07T03:15:00+00:00,7388.0,7390.5,7387.75,7390.25,633
2026-05-07T03:20:00+00:00,7390.5,7390.5,7387.0,7388.25,782
2026-05-07T03:25:00+00:00,7388.0,7390.75,7388.0,7389.5,740
2026-05-07T03:30:00+00:00,7389.5,7390.75,7389.5,7390.5,388
2026-05-07T03:35:00+00:00,7390.5,7391.5,7390.25,7390.75,466
2026-05-07T03:40:00+00:00,7390.75,7391.5,7390.75,7391.25,280
2026-05-07T03:45:00+00:00,7391.25,7391.5,7390.5,7390.75,264
2026-05-07T03:50:00+00:00,7390.75,7392.25,7390.0,7391.75,688
2026-05-07T03:55:00+00:00,7391.75,7392.0,7391.0,7391.0,219
2026-05-07T04:05:00+00:00,7390.75,7391.25,7390.75,7391.25,1032
2026-05-07T04:10:00+00:00,7391.25,7392.25,7391.0,7391.75,518
2026-05-07T04:15:00+00:00,7391.75,7394.0,7391.75,7393.5,1143
2026-05-07T04:20:00+00:00,7393.5,7393.75,7392.5,7393.5,361
2026-05-07T04:25:00+00:00,7393.5,7394.25,7392.75,7393.25,638
2026-05-07T04:30:00+00:00,7393.25,7394.25,7392.5,7392.5,423
2026-05-07T04:35:00+00:00,7392.5,7393.0,7391.75,7392.5,441
2026-05-07T04:40:00+00:00,7392.5,7393.0,7392.25,7392.75,269
2026-05-07T04:45:00+00:00,7392.5,7394.0,7391.75,7393.5,398
2026-05-07T04:50:00+00:00,7393.75,7394.0,7393.25,7393.75,473
2026-05-07T04:55:00+00:00,7393.5,7394.5,7393.25,7393.25,334
2026-05-07T05:00:00+00:00,7393.5,7395.0,7393.0,7394.75,645
2026-05-07T05:05:00+00:00,7394.5,7394.5,7392.25,7392.5,699
2026-05-07T05:10:00+00:00,7392.5,7394.5,7392.25,7394.5,533
2026-05-07T05:15:00+00:00,7394.25,7394.5,7392.75,7393.25,489
2026-05-07T05:20:00+00:00,7393.0,7393.25,7392.0,7392.75,516
2026-05-07T05:25:00+00:00,7392.75,7392.75,7392.0,7392.5,243
2026-05-07T05:30:00+00:00,7392.75,7394.5,7392.75,7393.25,529
2026-05-07T05:35:00+00:00,7393.25,7395.0,7393.25,7394.75,424
2026-05-07T05:40:00+00:00,7394.75,7395.75,7394.5,7395.0,890
2026-05-07T05:45:00+00:00,7394.75,7395.25,7393.75,7394.25,388
2026-05-07T05:50:00+00:00,7394.25,7395.0,7393.5,7394.0,346
2026-05-07T05:55:00+00:00,7394.0,7394.75,7393.75,7394.0,296
2026-05-07T06:00:00+00:00,7393.75,7395.5,7393.0,7393.5,602
2026-05-07T06:05:00+00:00,7393.5,7393.75,7390.5,7392.25,942
2026-05-07T06:10:00+00:00,7392.25,7392.5,7390.75,7390.75,614
2026-05-07T06:15:00+00:00,7390.75,7393.5,7390.25,7393.5,786
2026-05-07T06:20:00+00:00,7393.75,7394.75,7392.75,7394.5,603
2026-05-07T06:25:00+00:00,7394.75,7395.75,7394.0,7394.25,631
2026-05-07T06:30:00+00:00,7394.0,7396.75,7393.0,7396.75,1200
2026-05-07T06:35:00+00:00,7396.75,7398.5,7396.5,7397.0,1465
2026-05-07T06:40:00+00:00,7397.0,7403.0,7397.0,7401.5,3578
2026-05-07T06:45:00+00:00,7401.5,7401.5,7396.75,7397.5,1307
2026-05-07T06:50:00+00:00,7397.75,7400.5,7397.75,7399.75,747
2026-05-07T06:55:00+00:00,7399.5,7400.75,7398.75,7399.0,648
2026-05-07T07:00:00+00:00,7399.25,7399.25,7395.5,7397.75,1908
2026-05-07T07:05:00+00:00,7398.0,7407.25,7397.0,7403.5,5304
2026-05-07T07:10:00+00:00,7403.5,7409.5,7402.5,7409.25,4153
2026-05-07T07:15:00+00:00,7409.5,7410.75,7400.0,7402.5,3384
2026-05-07T07:20:00+00:00,7402.75,7404.0,7401.5,7403.0,1273
2026-05-07T07:25:00+00:00,7403.0,7403.5,7400.5,7402.0,2053
2026-05-07T07:30:00+00:00,7401.75,7406.0,7401.0,7405.0,1200
2026-05-07T07:35:00+00:00,7405.0,7405.5,7403.0,7404.25,1364
2026-05-07T07:40:00+00:00,7404.0,7405.0,7402.25,7403.5,1161
2026-05-07T07:45:00+00:00,7403.5,7403.75,7400.0,7401.5,921
2026-05-07T07:50:00+00:00,7401.5,7403.0,7399.0,7399.75,964
2026-05-07T07:55:00+00:00,7399.5,7402.75,7399.5,7402.0,768
2026-05-07T08:00:00+00:00,7402.0,7408.5,7402.0,7408.0,1800
2026-05-07T08:05:00+00:00,7407.75,7408.25,7402.5,7404.25,1940
2026-05-07T08:10:00+00:00,7404.0,7404.0,7400.25,7402.0,1701
2026-05-07T08:15:00+00:00,7402.25,7402.5,7396.5,7399.5,2200
2026-05-07T08:20:00+00:00,7399.5,7401.5,7398.75,7400.25,1420
2026-05-07T08:25:00+00:00,7400.5,7400.5,7394.0,7398.25,3618
2026-05-07T08:30:00+00:00,7398.0,7399.75,7396.5,7396.5,1171
2026-05-07T08:35:00+00:00,7396.75,7400.0,7396.25,7398.75,1467
2026-05-07T08:40:00+00:00,7398.5,7398.5,7395.75,7396.25,1133
2026-05-07T08:45:00+00:00,7396.25,7397.0,7394.25,7395.5,986
2026-05-07T08:50:00+00:00,7395.75,7399.25,7395.25,7398.0,1093
2026-05-07T08:55:00+00:00,7398.25,7398.25,7393.5,7395.25,1220
2026-05-07T09:00:00+00:00,7395.5,7396.5,7393.0,7394.5,1283
2026-05-07T09:05:00+00:00,7394.5,7395.5,7392.25,7394.75,1405
2026-05-07T09:10:00+00:00,7394.75,7396.25,7394.0,7395.0,723
2026-05-07T09:15:00+00:00,7395.25,7399.0,7395.0,7398.5,1241
2026-05-07T09:20:00+00:00,7398.25,7399.5,7396.5,7397.0,1277
2026-05-07T09:25:00+00:00,7396.75,7397.0,7395.5,7396.75,587
2026-05-07T09:30:00+00:00,7396.5,7398.0,7395.5,7397.75,747
2026-05-07T09:35:00+00:00,7397.75,7398.0,7395.5,7396.0,824
2026-05-07T09:40:00+00:00,7395.75,7397.75,7395.0,7395.75,935
2026-05-07T09:45:00+00:00,7396.0,7399.25,7395.25,7399.0,860
2026-05-07T09:50:00+00:00,7399.0,7399.25,7391.75,7392.75,1736
2026-05-07T09:55:00+00:00,7393.0,7394.25,7392.0,7394.25,964
2026-05-07T10:00:00+00:00,7393.75,7394.75,7391.0,7391.5,1456
2026-05-07T10:05:00+00:00,7391.5,7393.0,7391.0,7392.25,936
2026-05-07T10:10:00+00:00,7392.0,7394.0,7389.75,7393.5,1569
2026-05-07T10:15:00+00:00,7393.5,7394.0,7391.75,7391.75,519
2026-05-07T10:20:00+00:00,7391.75,7397.0,7391.5,7396.25,1157
2026-05-07T10:25:00+00:00,7396.25,7397.0,7393.0,7394.75,1076
2026-05-07T10:30:00+00:00,7395.0,7396.5,7393.75,7394.75,1401
2026-05-07T10:35:00+00:00,7394.75,7396.75,7394.0,7396.75,843
2026-05-07T10:40:00+00:00,7396.75,7398.75,7396.0,7398.0,1153
2026-05-07T10:45:00+00:00,7398.25,7398.5,7396.75,7397.5,667
2026-05-07T10:50:00+00:00,7397.25,7398.0,7396.0,7396.0,641
2026-05-07T10:55:00+00:00,7395.75,7397.25,7394.75,7395.25,1085
2026-05-07T11:00:00+00:00,7395.5,7398.5,7395.5,7398.0,2100
2026-05-07T11:05:00+00:00,7398.0,7399.25,7395.5,7398.0,1379
2026-05-07T11:10:00+00:00,7398.0,7398.25,7396.5,7396.5,1146
2026-05-07T11:15:00+00:00,7396.75,7397.0,7393.25,7394.0,2225
2026-05-07T11:20:00+00:00,7394.0,7396.0,7393.0,7395.25,1382
2026-05-07T11:25:00+00:00,7395.5,7395.5,7393.25,7393.75,1133
2026-05-07T11:30:00+00:00,7393.75,7396.0,7392.75,7395.5,1437
2026-05-07T11:35:00+00:00,7395.75,7398.25,7395.75,7397.0,1207
2026-05-07T11:40:00+00:00,7397.0,7398.25,7395.75,7396.25,1147
2026-05-07T11:45:00+00:00,7396.0,7397.25,7393.25,7394.0,1614
2026-05-07T11:50:00+00:00,7393.75,7397.0,7393.5,7397.0,891
2026-05-07T11:55:00+00:00,7396.75,7398.0,7395.75,7396.75,1173
2026-05-07T12:00:00+00:00,7396.5,7397.75,7395.25,7396.75,1066
2026-05-07T12:05:00+00:00,7396.75,7399.75,7396.0,7399.75,1743
2026-05-07T12:10:00+00:00,7399.75,7402.0,7399.5,7401.5,2619
2026-05-07T12:15:00+00:00,7401.25,7402.0,7398.75,7399.5,1914
2026-05-07T12:20:00+00:00,7399.5,7400.5,7396.5,7397.75,2433
2026-05-07T12:25:00+00:00,7397.75,7400.75,7397.5,7400.5,1584
2026-05-07T12:30:00+00:00,7400.75,7402.75,7398.75,7401.75,2118
2026-05-07T12:35:00+00:00,7401.5,7403.0,7401.0,7402.25,1344
2026-05-07T12:40:00+00:00,7402.25,7402.75,7400.25,7402.0,1511
2026-05-07T12:45:00+00:00,7402.0,7402.75,7400.5,7402.5,927
2026-05-07T12:50:00+00:00,7402.5,7402.75,7399.5,7399.75,1602
2026-05-07T12:55:00+00:00,7399.5,7401.75,7398.5,7401.75,1449
2026-05-07T13:00:00+00:00,7401.75,7402.25,7396.25,7398.25,3575
2026-05-07T13:05:00+00:00,7398.25,7398.75,7396.0,7397.25,2243
2026-05-07T13:10:00+00:00,7397.0,7398.25,7395.75,7397.25,2111
2026-05-07T13:15:00+00:00,7397.5,7402.25,7397.5,7401.75,3519
2026-05-07T13:20:00+00:00,7401.75,7402.0,7399.5,7400.25,3385
2026-05-07T13:25:00+00:00,7400.25,7400.25,7397.25,7399.5,5203
2026-05-07T13:30:00+00:00,7399.25,7400.25,7393.25,7394.0,20311
2026-05-07T13:35:00+00:00,7393.75,7395.0,7391.0,7393.5,16029
2026-05-07T13:40:00+00:00,7393.75,7394.5,7390.25,7391.0,13388
2026-05-07T13:45:00+00:00,7391.0,7393.0,7384.25,7385.0,25623
2026-05-07T13:50:00+00:00,7385.25,7389.0,7383.75,7388.75,15829
2026-05-07T13:55:00+00:00,7388.75,7391.5,7385.5,7387.75,17929
2026-05-07T14:00:00+00:00,7387.75,7394.25,7387.25,7393.75,18086
2026-05-07T14:05:00+00:00,7394.0,7397.5,7392.0,7395.5,18775
2026-05-07T14:10:00+00:00,7395.5,7396.75,7393.25,7393.5,12062
2026-05-07T14:15:00+00:00,7393.25,7396.0,7388.75,7394.0,21483
2026-05-07T14:20:00+00:00,7394.0,7399.0,7393.5,7394.5,15807
2026-05-07T14:25:00+00:00,7394.5,7397.5,7392.75,7394.0,8597
2026-05-07T14:30:00+00:00,7393.75,7396.75,7393.0,7396.0,8673
2026-05-07T14:35:00+00:00,7395.75,7400.75,7393.75,7400.25,13370
2026-05-07T14:40:00+00:00,7400.0,7401.75,7398.75,7400.25,11110
2026-05-07T14:45:00+00:00,7400.25,7404.0,7398.25,7400.5,14882
2026-05-07T14:50:00+00:00,7400.5,7405.75,7399.75,7405.75,10950
2026-05-07T14:55:00+00:00,7405.75,7409.5,7405.5,7409.25,11706
2026-05-07T15:00:00+00:00,7409.5,7410.0,7405.5,7406.75,11237
2026-05-07T15:05:00+00:00,7406.75,7407.0,7400.25,7404.75,14177
2026-05-07T15:10:00+00:00,7404.75,7406.25,7400.75,7401.5,10591
2026-05-07T15:15:00+00:00,7401.5,7404.5,7400.75,7402.5,7201
2026-05-07T15:20:00+00:00,7402.25,7404.0,7397.25,7399.0,17622
2026-05-07T15:25:00+00:00,7399.25,7400.75,7391.0,7397.75,21754
2026-05-07T15:30:00+00:00,7397.5,7404.75,7396.75,7403.5,13086
2026-05-07T15:35:00+00:00,7403.5,7404.25,7400.5,7400.5,8382
2026-05-07T15:40:00+00:00,7400.5,7403.75,7398.75,7401.25,7011
2026-05-07T15:45:00+00:00,7401.25,7402.5,7396.5,7396.75,7696
2026-05-07T15:50:00+00:00,7396.5,7398.0,7393.5,7396.75,12218
2026-05-07T15:55:00+00:00,7397.0,7397.25,7386.0,7388.0,17798
2026-05-07T16:00:00+00:00,7388.0,7388.75,7381.25,7382.0,23564
2026-05-07T16:05:00+00:00,7382.0,7382.25,7377.25,7382.0,19329
2026-05-07T16:10:00+00:00,7382.0,7382.0,7374.0,7375.25,16636
2026-05-07T16:15:00+00:00,7375.25,7375.25,7366.0,7367.0,31327
2026-05-07T16:20:00+00:00,7367.0,7375.75,7365.5,7375.25,19512
2026-05-07T16:25:00+00:00,7375.0,7382.25,7375.0,7382.0,15852
2026-05-07T16:30:00+00:00,7382.0,7386.5,7379.25,7384.25,13474
2026-05-07T16:35:00+00:00,7384.25,7384.5,7375.0,7375.5,12249
2026-05-07T16:40:00+00:00,7375.75,7380.0,7373.25,7376.0,11458
2026-05-07T16:45:00+00:00,7376.25,7377.0,7371.75,7372.75,8008
2026-05-07T16:50:00+00:00,7372.75,7373.5,7368.0,7372.0,12878
2026-05-07T16:55:00+00:00,7372.25,7373.25,7364.0,7368.5,14382
2026-05-07T17:00:00+00:00,7368.5,7371.0,7364.75,7368.25,10838
2026-05-07T17:05:00+00:00,7368.5,7374.75,7366.0,7370.0,13181
2026-05-07T17:10:00+00:00,7370.0,7371.5,7364.75,7368.0,10308
2026-05-07T17:15:00+00:00,7368.0,7368.0,7360.25,7362.0,13740
2026-05-07T17:20:00+00:00,7361.75,7370.25,7359.5,7369.75,16019
2026-05-07T17:25:00+00:00,7369.5,7374.0,7345.5,7354.25,67139
2026-05-07T17:30:00+00:00,7354.5,7360.0,7349.75,7358.25,25797
2026-05-07T17:35:00+00:00,7358.25,7364.75,7355.25,7362.0,16749
2026-05-07T17:40:00+00:00,7362.0,7365.25,7354.75,7355.75,13140
2026-05-07T17:45:00+00:00,7355.75,7357.25,7351.75,7353.5,9658
2026-05-07T17:50:00+00:00,7353.5,7356.0,7349.5,7352.75,12105
2026-05-07T17:55:00+00:00,7353.0,7366.0,7351.25,7365.25,27855
2026-05-07T18:00:00+00:00,7365.5,7366.75,7359.5,7362.75,14205
2026-05-07T18:05:00+00:00,7363.0,7369.75,7360.5,7361.75,15322
2026-05-07T18:10:00+00:00,7362.0,7365.5,7358.5,7364.5,10702
2026-05-07T18:15:00+00:00,7364.75,7370.5,7364.25,7366.75,9275
2026-05-07T18:20:00+00:00,7366.75,7368.75,7362.5,7363.0,8500
2026-05-07T18:25:00+00:00,7363.0,7363.5,7359.75,7361.0,7979
2026-05-07T18:30:00+00:00,7361.0,7367.75,7360.5,7365.5,7040
2026-05-07T18:35:00+00:00,7365.75,7367.25,7357.75,7362.25,12491
2026-05-07T18:40:00+00:00,7362.25,7363.5,7347.5,7351.25,19074
2026-05-07T18:45:00+00:00,7351.25,7355.5,7345.5,7350.25,18947
2026-05-07T18:50:00+00:00,7350.0,7355.75,7347.25,7353.75,13854
2026-05-07T18:55:00+00:00,7353.5,7360.25,7351.25,7359.75,21226
2026-05-07T19:00:00+00:00,7359.75,7362.5,7354.75,7357.5,9731
2026-05-07T19:05:00+00:00,7357.5,7360.75,7355.75,7357.5,7786
2026-05-07T19:10:00+00:00,7357.5,7363.75,7356.5,7360.5,8953
2026-05-07T19:15:00+00:00,7360.5,7362.0,7351.75,7354.5,17430
2026-05-07T19:20:00+00:00,7354.5,7355.75,7349.5,7350.5,11514
2026-05-07T19:25:00+00:00,7350.5,7356.5,7348.25,7354.0,11610
2026-05-07T19:30:00+00:00,7353.75,7359.25,7352.5,7358.0,7865
2026-05-07T19:35:00+00:00,7358.25,7362.5,7356.75,7362.0,7433
2026-05-07T19:40:00+00:00,7361.75,7363.5,7358.5,7361.5,6592
2026-05-07T19:45:00+00:00,7361.5,7362.75,7358.0,7361.0,8161
2026-05-07T19:50:00+00:00,7361.0,7367.5,7354.75,7358.0,27674
2026-05-07T19:55:00+00:00,7358.0,7365.0,7356.0,7364.25,24149
2026-05-07T20:00:00+00:00,7364.25,7378.75,7354.75,7373.25,35201
2026-05-07T20:05:00+00:00,7373.5,7373.75,7366.75,7367.75,3458
2026-05-07T20:10:00+00:00,7368.0,7370.0,7367.0,7369.5,1514
2026-05-07T20:15:00+00:00,7369.5,7371.25,7366.25,7368.0,2715
2026-05-07T20:20:00+00:00,7368.0,7371.0,7367.75,7369.5,1420
2026-05-07T20:25:00+00:00,7369.75,7370.0,7368.25,7368.5,692
2026-05-07T20:30:00+00:00,7368.75,7370.5,7365.0,7368.5,2809
2026-05-07T20:35:00+00:00,7368.5,7369.5,7352.25,7354.0,6891
2026-05-07T20:40:00+00:00,7353.5,7361.25,7352.0,7360.0,4898
2026-05-07T20:45:00+00:00,7360.25,7361.75,7355.0,7356.75,2488
2026-05-07T20:50:00+00:00,7356.75,7358.25,7354.75,7355.5,1827
2026-05-07T20:55:00+00:00,7355.5,7356.0,7351.25,7353.0,2635
2026-05-07T22:00:00+00:00,7340.25,7350.5,7337.0,7348.25,0
2026-05-07T22:05:00+00:00,7348.0,7348.75,7345.5,7346.25,2201
2026-05-07T22:10:00+00:00,7346.0,7353.25,7345.0,7350.0,2856
2026-05-07T22:15:00+00:00,7349.75,7357.5,7347.25,7352.5,4842
2026-05-07T22:20:00+00:00,7352.5,7359.0,7352.0,7359.0,3742
2026-05-07T22:25:00+00:00,7358.5,7358.75,7355.75,7357.0,1309
2026-05-07T22:30:00+00:00,7357.0,7357.75,7345.75,7349.5,3938
2026-05-07T22:35:00+00:00,7350.0,7353.75,7348.25,7352.0,2080
2026-05-07T22:40:00+00:00,7352.0,7352.25,7350.25,7351.5,828
2026-05-07T22:45:00+00:00,7351.5,7352.25,7350.0,7351.0,872
2026-05-07T22:50:00+00:00,7350.75,7351.25,7349.5,7349.5,730
2026-05-07T22:55:00+00:00,7349.5,7350.75,7347.5,7349.5,1057
2026-05-07T23:00:00+00:00,7349.5,7351.75,7348.25,7350.0,1345
2026-05-07T23:05:00+00:00,7350.0,7352.0,7349.5,7351.75,968
2026-05-07T23:10:00+00:00,7351.5,7353.0,7351.25,7351.5,893
2026-05-07T23:15:00+00:00,7352.0,7352.5,7351.25,7351.75,270
2026-05-07T23:20:00+00:00,7352.0,7354.75,7352.0,7353.5,967
2026-05-07T23:25:00+00:00,7353.75,7355.0,7353.75,7354.5,748
2026-05-07T23:30:00+00:00,7354.5,7355.0,7352.75,7353.75,669
2026-05-07T23:35:00+00:00,7353.75,7354.5,7353.25,7353.5,469
2026-05-07T23:40:00+00:00,7353.75,7356.75,7353.5,7356.5,1058
2026-05-07T23:45:00+00:00,7356.5,7358.5,7354.75,7358.25,1252
2026-05-07T23:50:00+00:00,7358.0,7360.5,7358.0,7360.25,1418
2026-05-07T23:55:00+00:00,7360.25,7363.0,7359.75,7363.0,1220
2026-05-08T00:00:00+00:00,7363.0,7367.75,7363.0,7366.75,3249
2026-05-08T00:05:00+00:00,7366.75,7372.5,7366.75,7370.5,3658
2026-05-08T00:10:00+00:00,7370.5,7371.5,7367.5,7370.5,1597
2026-05-08T00:15:00+00:00,7370.25,7370.25,7366.25,7366.75,1808
2026-05-08T00:20:00+00:00,7366.75,7369.75,7365.5,7369.25,1285
2026-05-08T00:25:00+00:00,7369.75,7370.5,7365.75,7367.5,1216
2026-05-08T00:30:00+00:00,7367.5,7369.5,7366.25,7368.5,833
2026-05-08T00:35:00+00:00,7369.0,7369.75,7367.5,7368.25,742
2026-05-08T00:40:00+00:00,7368.25,7371.75,7368.25,7371.0,1357
2026-05-08T00:45:00+00:00,7371.25,7371.5,7367.5,7368.25,1245
2026-05-08T00:50:00+00:00,7368.0,7370.5,7367.5,7369.75,445
2026-05-08T00:55:00+00:00,7369.5,7373.0,7369.5,7372.75,1167
2026-05-08T01:00:00+00:00,7372.5,7375.75,7372.5,7374.5,2882
2026-05-08T01:05:00+00:00,7374.75,7378.25,7374.0,7376.0,1559
2026-05-08T01:10:00+00:00,7376.0,7377.75,7375.25,7377.0,918
2026-05-08T01:15:00+00:00,7377.0,7377.25,7375.0,7376.75,968
2026-05-08T01:20:00+00:00,7376.75,7379.5,7376.5,7377.75,1337
2026-05-08T01:25:00+00:00,7378.0,7379.0,7376.75,7377.0,750
2026-05-08T01:30:00+00:00,7377.0,7377.25,7375.25,7377.0,1222
2026-05-08T01:35:00+00:00,7376.75,7378.25,7375.5,7377.5,670
2026-05-08T01:40:00+00:00,7377.5,7377.75,7376.0,7377.5,553
2026-05-08T01:45:00+00:00,7377.25,7380.0,7376.5,7378.75,1107
2026-05-08T01:50:00+00:00,7378.75,7379.5,7375.75,7376.0,1587
2026-05-08T01:55:00+00:00,7376.0,7377.0,7375.75,7376.25,489
2026-05-08T02:00:00+00:00,7376.5,7377.0,7374.25,7376.25,1226
2026-05-08T02:05:00+00:00,7376.25,7377.25,7375.5,7376.75,578
2026-05-08T02:10:00+00:00,7376.75,7377.5,7375.25,7376.5,814
2026-05-08T02:15:00+00:00,7376.25,7376.5,7373.5,7374.0,1087
2026-05-08T02:20:00+00:00,7374.0,7375.5,7372.25,7374.75,1359
2026-05-08T02:25:00+00:00,7374.75,7376.25,7374.0,7375.25,749
2026-05-08T02:30:00+00:00,7375.25,7376.5,7374.0,7375.75,557
2026-05-08T02:35:00+00:00,7375.75,7376.0,7367.0,7371.0,4280
2026-05-08T02:40:00+00:00,7370.75,7374.5,7370.5,7373.25,982
2026-05-08T02:45:00+00:00,7373.5,7379.25,7373.5,7378.75,1316
2026-05-08T02:50:00+00:00,7378.75,7379.5,7376.5,7377.25,959
2026-05-08T02:55:00+00:00,7377.0,7377.75,7374.5,7374.5,607
2026-05-08T03:00:00+00:00,7374.75,7375.5,7373.5,7375.0,744
2026-05-08T03:05:00+00:00,7375.0,7375.75,7374.0,7375.5,371
2026-05-08T03:10:00+00:00,7375.5,7376.75,7375.0,7375.5,385
2026-05-08T03:15:00+00:00,7375.5,7376.25,7374.5,7374.75,241
2026-05-08T03:20:00+00:00,7374.5,7375.5,7374.0,7375.25,301
2026-05-08T03:25:00+00:00,7375.25,7376.5,7375.25,7375.75,336
2026-05-08T03:30:00+00:00,7375.75,7379.75,7375.75,7379.0,1001
2026-05-08T03:35:00+00:00,7379.25,7379.25,7375.0,7375.75,876
2026-05-08T03:40:00+00:00,7375.75,7377.0,7375.0,7376.5,725
2026-05-08T03:45:00+00:00,7376.5,7377.25,7375.0,7376.25,348
2026-05-08T03:50:00+00:00,7376.0,7378.5,7375.5,7377.25,542
2026-05-08T03:55:00+00:00,7377.5,7379.0,7377.5,7378.5,364
2026-05-08T04:05:00+00:00,7378.5,7379.5,7378.5,7379.0,836
2026-05-08T04:10:00+00:00,7379.25,7379.75,7377.25,7377.25,556
2026-05-08T04:15:00+00:00,7377.25,7379.25,7375.25,7377.75,804
2026-05-08T04:20:00+00:00,7377.5,7378.75,7377.5,7378.0,287
2026-05-08T04:25:00+00:00,7378.25,7378.5,7376.25,7378.0,442
2026-05-08T04:30:00+00:00,7378.0,7379.0,7377.5,7378.0,364
2026-05-08T04:35:00+00:00,7377.5,7378.0,7376.75,7377.5,281
2026-05-08T04:40:00+00:00,7377.25,7377.25,7375.25,7376.25,417
2026-05-08T04:45:00+00:00,7376.25,7378.75,7375.75,7378.5,436
2026-05-08T04:50:00+00:00,7378.5,7382.25,7378.25,7381.75,1351
2026-05-08T04:55:00+00:00,7381.75,7382.0,7379.0,7379.25,764
2026-05-08T05:00:00+00:00,7379.5,7381.5,7379.25,7380.75,642
2026-05-08T05:05:00+00:00,7381.0,7381.0,7379.25,7379.5,338
2026-05-08T05:10:00+00:00,7379.5,7380.75,7378.75,7380.25,603
2026-05-08T05:15:00+00:00,7380.5,7382.0,7380.0,7381.5,294
2026-05-08T05:20:00+00:00,7381.75,7382.0,7381.5,7381.5,344
2026-05-08T05:25:00+00:00,7381.5,7382.0,7380.75,7381.75,469
2026-05-08T05:30:00+00:00,7381.75,7385.25,7381.75,7383.25,2345
2026-05-08T05:35:00+00:00,7383.0,7384.0,7381.5,7382.25,612
2026-05-08T05:40:00+00:00,7382.0,7383.75,7381.25,7383.25,356
2026-05-08T05:45:00+00:00,7383.5,7384.25,7382.5,7382.75,490
2026-05-08T05:50:00+00:00,7382.75,7383.5,7382.0,7383.5,364
2026-05-08T05:55:00+00:00,7383.75,7384.5,7382.5,7382.75,465
2026-05-08T06:00:00+00:00,7382.75,7384.75,7379.0,7384.0,1230
2026-05-08T06:05:00+00:00,7384.25,7386.25,7383.5,7386.0,1235
2026-05-08T06:10:00+00:00,7386.0,7386.75,7385.0,7385.0,622
2026-05-08T06:15:00+00:00,7385.0,7387.0,7385.0,7386.25,586
2026-05-08T06:20:00+00:00,7386.5,7386.5,7384.25,7385.25,641
2026-05-08T06:25:00+00:00,7385.0,7388.75,7384.5,7387.5,1113
2026-05-08T06:30:00+00:00,7387.75,7388.25,7384.75,7385.5,983
2026-05-08T06:35:00+00:00,7385.5,7386.0,7384.5,7385.5,591
2026-05-08T06:40:00+00:00,7385.5,7387.5,7385.0,7387.0,571
2026-05-08T06:45:00+00:00,7386.75,7387.0,7384.5,7385.75,994
2026-05-08T06:50:00+00:00,7385.75,7387.25,7385.75,7386.25,335
2026-05-08T06:55:00+00:00,7386.25,7388.75,7385.75,7388.25,878
2026-05-08T07:00:00+00:00,7388.0,7388.0,7382.75,7384.5,1980
2026-05-08T07:05:00+00:00,7384.75,7385.75,7381.75,7384.75,1460
2026-05-08T07:10:00+00:00,7384.5,7387.25,7380.25,7381.75,1900
2026-05-08T07:15:00+00:00,7381.75,7384.25,7381.0,7384.0,1667
2026-05-08T07:20:00+00:00,7384.0,7386.25,7383.25,7384.25,1091
2026-05-08T07:25:00+00:00,7384.25,7385.25,7382.25,7385.0,828
2026-05-08T07:30:00+00:00,7385.0,7385.5,7382.0,7382.25,652
2026-05-08T07:35:00+00:00,7382.5,7385.75,7381.75,7384.75,830
2026-05-08T07:40:00+00:00,7385.25,7385.75,7383.0,7384.75,650
2026-05-08T07:45:00+00:00,7385.0,7386.75,7384.75,7386.0,830
2026-05-08T07:50:00+00:00,7386.0,7387.5,7384.0,7386.25,630
2026-05-08T07:55:00+00:00,7386.5,7388.75,7386.25,7387.5,702
2026-05-08T08:00:00+00:00,7387.25,7388.75,7386.0,7388.5,1245
2026-05-08T08:05:00+00:00,7388.75,7390.5,7387.25,7389.75,1361
2026-05-08T08:10:00+00:00,7389.75,7393.0,7389.5,7389.5,1759
2026-05-08T08:15:00+00:00,7389.5,7392.25,7389.5,7391.25,1051
2026-05-08T08:20:00+00:00,7391.25,7393.75,7391.0,7392.0,1211
2026-05-08T08:25:00+00:00,7392.25,7393.25,7391.25,7392.5,1002
2026-05-08T08:30:00+00:00,7392.5,7393.5,7392.0,7392.75,697
2026-05-08T08:35:00+00:00,7392.75,7393.75,7392.0,7393.0,700
2026-05-08T08:40:00+00:00,7393.0,7393.25,7390.75,7391.5,741
2026-05-08T08:45:00+00:00,7391.25,7394.5,7390.5,7392.75,1561
2026-05-08T08:50:00+00:00,7392.75,7394.0,7391.75,7393.0,603
2026-05-08T08:55:00+00:00,7392.75,7394.0,7392.25,7394.0,348
2026-05-08T09:00:00+00:00,7394.0,7397.0,7393.0,7396.5,1931
2026-05-08T09:05:00+00:00,7396.5,7399.0,7396.25,7398.5,1571
2026-05-08T09:10:00+00:00,7398.5,7399.75,7398.0,7399.25,921
2026-05-08T09:15:00+00:00,7399.25,7400.0,7398.25,7399.75,927
2026-05-08T09:20:00+00:00,7399.5,7401.5,7399.5,7400.75,1776
2026-05-08T09:25:00+00:00,7400.5,7402.0,7399.5,7399.75,1146
2026-05-08T09:30:00+00:00,7399.75,7399.75,7397.0,7398.5,1370
2026-05-08T09:35:00+00:00,7398.5,7398.5,7396.5,7397.5,806
2026-05-08T09:40:00+00:00,7397.25,7397.75,7396.25,7396.75,789
2026-05-08T09:45:00+00:00,7396.25,7396.75,7393.25,7394.5,1168
2026-05-08T09:50:00+00:00,7394.5,7394.5,7391.25,7392.25,1600
2026-05-08T09:55:00+00:00,7392.25,7395.25,7390.5,7394.75,1717
2026-05-08T10:00:00+00:00,7394.5,7396.75,7394.5,7395.5,907
2026-05-08T10:05:00+00:00,7395.75,7397.0,7395.25,7396.0,700
2026-05-08T10:10:00+00:00,7395.75,7397.0,7395.0,7395.25,693
2026-05-08T10:15:00+00:00,7395.75,7396.75,7395.25,7395.5,521
2026-05-08T10:20:00+00:00,7395.75,7398.0,7395.25,7396.5,1074
2026-05-08T10:25:00+00:00,7396.75,7398.25,7396.0,7396.25,685
2026-05-08T10:30:00+00:00,7396.25,7397.5,7395.5,7397.0,661
2026-05-08T10:35:00+00:00,7396.75,7399.5,7396.5,7398.75,687
2026-05-08T10:40:00+00:00,7398.75,7399.75,7397.75,7397.75,739
2026-05-08T10:45:00+00:00,7397.75,7397.75,7396.0,7397.0,679
2026-05-08T10:50:00+00:00,7397.25,7397.5,7396.0,7396.25,712
2026-05-08T10:55:00+00:00,7396.75,7396.75,7390.75,7396.25,4469
2026-05-08T11:00:00+00:00,7396.5,7398.75,7396.5,7397.5,1750
2026-05-08T11:05:00+00:00,7397.75,7400.0,7397.75,7399.25,1184
2026-05-08T11:10:00+00:00,7399.0,7400.0,7396.75,7399.0,1505
2026-05-08T11:15:00+00:00,7399.25,7400.0,7396.75,7397.75,1442
2026-05-08T11:20:00+00:00,7397.75,7399.0,7396.5,7398.75,1109
2026-05-08T11:25:00+00:00,7398.5,7400.5,7398.5,7399.75,898
2026-05-08T11:30:00+00:00,7399.75,7401.0,7398.75,7399.75,816
2026-05-08T11:35:00+00:00,7400.0,7401.25,7399.75,7400.5,779
2026-05-08T11:40:00+00:00,7400.5,7401.25,7399.5,7399.75,712
2026-05-08T11:45:00+00:00,7399.5,7401.0,7399.0,7400.75,947
2026-05-08T11:50:00+00:00,7400.75,7401.75,7399.75,7401.25,1137
2026-05-08T11:55:00+00:00,7401.25,7401.75,7399.5,7399.75,821
2026-05-08T12:00:00+00:00,7399.75,7401.25,7398.75,7399.5,1517
2026-05-08T12:05:00+00:00,7399.25,7401.25,7399.25,7401.0,1379
2026-05-08T12:10:00+00:00,7401.0,7401.25,7398.25,7399.0,1749
2026-05-08T12:15:00+00:00,7398.75,7401.0,7397.25,7399.75,1465
2026-05-08T12:20:00+00:00,7399.75,7400.0,7396.75,7397.5,1875
2026-05-08T12:25:00+00:00,7397.5,7401.5,7396.75,7400.75,1988
2026-05-08T12:30:00+00:00,7401.75,7409.0,7399.75,7407.5,7569
2026-05-08T12:35:00+00:00,7407.25,7412.5,7406.5,7407.25,6875
2026-05-08T12:40:00+00:00,7407.25,7410.75,7406.25,7408.0,3172
2026-05-08T12:45:00+00:00,7408.25,7408.25,7403.0,7403.5,3498
2026-05-08T12:50:00+00:00,7403.0,7404.0,7400.25,7401.75,3165
2026-05-08T12:55:00+00:00,7402.0,7404.0,7394.5,7398.0,6618
2026-05-08T13:00:00+00:00,7398.25,7400.75,7396.0,7397.25,5432
2026-05-08T13:05:00+00:00,7397.5,7398.25,7391.0,7394.0,5748
2026-05-08T13:10:00+00:00,7394.0,7394.75,7388.5,7392.75,6490
2026-05-08T13:15:00+00:00,7392.5,7396.25,7390.5,7393.75,5476
2026-05-08T13:20:00+00:00,7394.0,7396.0,7392.75,7395.5,3295
2026-05-08T13:25:00+00:00,7395.5,7397.0,7393.75,7395.75,5691
2026-05-08T13:30:00+00:00,7395.75,7399.75,7393.25,7399.25,22190
2026-05-08T13:35:00+00:00,7399.5,7401.0,7394.75,7395.75,15969
2026-05-08T13:40:00+00:00,7395.75,7399.75,7392.0,7399.25,17500
2026-05-08T13:45:00+00:00,7399.5,7409.5,7399.25,7407.5,23264
2026-05-08T13:50:00+00:00,7407.25,7410.75,7405.0,7406.5,14807
2026-05-08T13:55:00+00:00,7406.5,7417.25,7405.25,7414.0,11438
2026-05-08T14:00:00+00:00,7414.0,7417.5,7409.25,7414.5,16719
2026-05-08T14:05:00+00:00,7414.75,7415.5,7409.75,7412.75,11624
2026-05-08T14:10:00+00:00,7412.5,7416.0,7409.25,7415.25,15195
2026-05-08T14:15:00+00:00,7415.25,7417.0,7412.5,7416.0,11519
2026-05-08T14:20:00+00:00,7416.0,7420.25,7415.25,7419.5,15152
2026-05-08T14:25:00+00:00,7419.5,7422.75,7414.25,7415.25,15427
2026-05-08T14:30:00+00:00,7415.0,7415.75,7410.5,7412.25,14536
2026-05-08T14:35:00+00:00,7412.25,7416.75,7408.25,7416.75,15992
2026-05-08T14:40:00+00:00,7416.5,7418.75,7414.75,7418.5,11112
2026-05-08T14:45:00+00:00,7418.75,7421.75,7416.75,7418.75,10976
2026-05-08T14:50:00+00:00,7418.75,7420.0,7417.25,7420.0,6582
2026-05-08T14:55:00+00:00,7420.0,7421.5,7417.5,7417.75,8342
2026-05-08T15:00:00+00:00,7418.0,7420.5,7417.0,7417.75,8526
2026-05-08T15:05:00+00:00,7418.0,7420.75,7414.0,7414.25,11182
2026-05-08T15:10:00+00:00,7414.25,7416.5,7411.5,7412.75,9384
2026-05-08T15:15:00+00:00,7412.75,7413.0,7407.25,7410.75,14231
2026-05-08T15:20:00+00:00,7410.75,7416.5,7409.75,7412.5,12457
2026-05-08T15:25:00+00:00,7412.5,7416.0,7411.5,7416.0,8057
2026-05-08T15:30:00+00:00,7416.0,7417.0,7410.0,7416.5,14892
2026-05-08T15:35:00+00:00,7416.5,7420.75,7415.75,7419.5,12367
2026-05-08T15:40:00+00:00,7419.75,7420.5,7412.5,7414.5,12724
2026-05-08T15:45:00+00:00,7414.5,7420.25,7413.25,7417.75,12862
2026-05-08T15:50:00+00:00,7417.75,7418.75,7414.5,7417.25,7470
2026-05-08T15:55:00+00:00,7417.0,7418.25,7413.75,7415.75,6453
2026-05-08T16:00:00+00:00,7415.75,7419.75,7415.75,7418.25,9112
2026-05-08T16:05:00+00:00,7418.25,7422.25,7417.75,7419.25,9480
2026-05-08T16:10:00+00:00,7419.5,7421.5,7417.75,7420.5,5076
2026-05-08T16:15:00+00:00,7420.5,7422.25,7419.25,7419.5,5264
2026-05-08T16:20:00+00:00,7419.5,7421.25,7419.0,7420.75,3196
2026-05-08T16:25:00+00:00,7421.0,7424.5,7420.0,7422.25,8982
2026-05-08T16:30:00+00:00,7422.5,7423.25,7420.0,7421.5,5388
2026-05-08T16:35:00+00:00,7421.75,7422.75,7418.25,7420.75,6273
2026-05-08T16:40:00+00:00,7420.75,7421.25,7415.0,7415.0,7530
2026-05-08T16:45:00+00:00,7415.25,7420.25,7415.25,7420.25,7129
2026-05-08T16:50:00+00:00,7420.25,7420.25,7416.5,7417.25,4738
2026-05-08T16:55:00+00:00,7417.25,7417.75,7415.5,7416.0,4742
2026-05-08T17:00:00+00:00,7415.75,7422.0,7414.75,7421.75,9012
2026-05-08T17:05:00+00:00,7421.75,7423.0,7418.25,7420.25,6835
2026-05-08T17:10:00+00:00,7420.25,7420.5,7418.0,7418.5,3858
2026-05-08T17:15:00+00:00,7418.5,7422.0,7418.25,7422.0,3848
2026-05-08T17:20:00+00:00,7421.75,7424.0,7420.75,7423.25,5699
2026-05-08T17:25:00+00:00,7423.25,7425.0,7423.0,7424.0,6163
2026-05-08T17:30:00+00:00,7423.5,7424.75,7422.5,7423.75,3579
2026-05-08T17:35:00+00:00,7423.5,7426.25,7421.25,7421.25,6067
2026-05-08T17:40:00+00:00,7421.5,7422.25,7419.5,7419.75,5067
2026-05-08T17:45:00+00:00,7419.5,7422.75,7418.75,7419.25,6121
2026-05-08T17:50:00+00:00,7419.25,7420.75,7417.5,7420.75,5993
2026-05-08T17:55:00+00:00,7420.75,7421.75,7418.5,7418.5,4018
2026-05-08T18:00:00+00:00,7418.5,7428.25,7418.25,7422.75,20013
2026-05-08T18:05:00+00:00,7422.5,7424.0,7420.0,7421.0,4109
2026-05-08T18:10:00+00:00,7421.0,7425.25,7420.5,7425.0,6135
2026-05-08T18:15:00+00:00,7424.75,7426.5,7423.75,7424.5,4705
2026-05-08T18:20:00+00:00,7424.5,7426.0,7424.0,7424.75,3190
2026-05-08T18:25:00+00:00,7424.75,7425.25,7423.25,7424.25,2910
2026-05-08T18:30:00+00:00,7424.25,7426.75,7422.75,7422.75,4356
2026-05-08T18:35:00+00:00,7422.75,7423.5,7421.25,7421.75,3366
2026-05-08T18:40:00+00:00,7421.5,7422.5,7419.0,7419.25,4687
2026-05-08T18:45:00+00:00,7419.25,7419.5,7415.25,7416.25,8460
2026-05-08T18:50:00+00:00,7416.25,7417.0,7410.75,7412.5,8832
2026-05-08T18:55:00+00:00,7412.5,7414.25,7407.5,7410.5,15034
2026-05-08T19:00:00+00:00,7410.5,7414.75,7410.25,7412.75,6488
2026-05-08T19:05:00+00:00,7412.75,7417.25,7411.25,7415.0,6880
2026-05-08T19:10:00+00:00,7415.0,7416.75,7413.75,7414.75,4057
2026-05-08T19:15:00+00:00,7414.75,7418.5,7414.0,7418.0,5254
2026-05-08T19:20:00+00:00,7418.0,7418.75,7416.0,7416.25,7234
2026-05-08T19:25:00+00:00,7416.25,7417.5,7412.75,7413.0,6439
2026-05-08T19:30:00+00:00,7413.0,7417.25,7411.5,7417.0,6971
2026-05-08T19:35:00+00:00,7416.75,7418.75,7415.25,7417.75,5359
2026-05-08T19:40:00+00:00,7417.5,7420.75,7417.5,7419.75,8885
2026-05-08T19:45:00+00:00,7420.0,7421.25,7418.0,7418.25,6351
2026-05-08T19:50:00+00:00,7418.5,7421.75,7417.25,7421.0,10829
2026-05-08T19:55:00+00:00,7420.75,7422.0,7417.0,7421.25,25912
2026-05-08T20:00:00+00:00,7421.0,7424.5,7418.25,7423.5,12916
2026-05-08T20:05:00+00:00,7423.5,7424.0,7422.0,7422.25,2774
2026-05-08T20:10:00+00:00,7422.0,7422.5,7420.25,7420.5,2430
2026-05-08T20:15:00+00:00,7420.5,7421.75,7417.25,7417.5,2558
2026-05-08T20:20:00+00:00,7417.5,7421.0,7417.25,7420.0,1511
2026-05-08T20:25:00+00:00,7420.0,7421.25,7419.0,7421.0,1011
2026-05-08T20:30:00+00:00,7421.0,7421.5,7419.5,7420.75,1388
2026-05-08T20:35:00+00:00,7420.75,7421.5,7420.5,7421.0,1486
2026-05-08T20:40:00+00:00,7420.75,7421.75,7420.75,7421.25,1025
2026-05-08T20:45:00+00:00,7421.0,7422.5,7420.75,7421.75,1386
2026-05-08T20:50:00+00:00,7421.5,7422.0,7420.0,7421.5,1888
2026-05-08T20:55:00+00:00,7421.25,7421.5,7419.0,7419.0,1257
2026-05-10T22:10:00+00:00,7399.75,7403.5,7398.75,7399.75,1728
2026-05-10T22:15:00+00:00,7399.75,7400.5,7390.5,7394.25,4026
2026-05-10T22:20:00+00:00,7394.25,7397.25,7391.75,7397.0,1952
2026-05-10T22:25:00+00:00,7397.25,7400.0,7397.0,7399.75,1868
2026-05-10T22:30:00+00:00,7399.75,7400.0,7398.0,7398.5,1118
2026-05-10T22:35:00+00:00,7398.5,7398.5,7396.0,7396.75,1345
2026-05-10T22:40:00+00:00,7396.5,7398.75,7395.25,7398.5,1471
2026-05-10T22:45:00+00:00,7398.75,7402.25,7398.25,7402.25,1739
2026-05-10T22:50:00+00:00,7402.0,7402.5,7401.25,7401.75,1132
2026-05-10T22:55:00+00:00,7401.75,7406.25,7401.75,7404.25,2880
2026-05-10T23:00:00+00:00,7404.25,7406.75,7403.25,7405.75,2043
2026-05-10T23:05:00+00:00,7406.25,7408.75,7406.0,7408.0,2114
2026-05-10T23:10:00+00:00,7408.0,7409.0,7405.5,7406.25,1719
2026-05-10T23:15:00+00:00,7406.5,7408.25,7406.0,7407.75,818
2026-05-10T23:20:00+00:00,7408.0,7409.25,7407.5,7407.75,973
2026-05-10T23:25:00+00:00,7408.0,7408.25,7403.5,7404.0,1954
2026-05-10T23:30:00+00:00,7404.0,7405.25,7401.75,7403.25,1783
2026-05-10T23:35:00+00:00,7403.5,7404.25,7402.0,7402.75,1138
2026-05-10T23:40:00+00:00,7402.75,7404.25,7402.25,7403.75,999
2026-05-10T23:45:00+00:00,7404.0,7405.25,7401.75,7404.25,1722
2026-05-10T23:50:00+00:00,7404.25,7404.25,7402.0,7402.5,763
2026-05-10T23:55:00+00:00,7402.25,7404.0,7401.0,7402.75,1207
2026-05-11T00:00:00+00:00,7402.75,7406.0,7402.5,7405.5,1975
2026-05-11T00:05:00+00:00,7406.0,7408.75,7406.0,7408.25,2794
2026-05-11T00:10:00+00:00,7407.75,7408.75,7407.0,7408.25,1090
2026-05-11T00:15:00+00:00,7408.0,7408.0,7405.25,7407.25,1591
2026-05-11T00:20:00+00:00,7407.25,7409.25,7406.75,7409.0,1357
2026-05-11T00:25:00+00:00,7409.0,7411.25,7407.5,7410.5,2653
2026-05-11T00:30:00+00:00,7410.5,7412.0,7410.5,7411.75,1622
2026-05-11T00:35:00+00:00,7412.0,7412.75,7410.5,7410.5,1655
2026-05-11T00:40:00+00:00,7410.75,7412.5,7410.25,7411.25,860
2026-05-11T00:45:00+00:00,7411.0,7411.5,7409.25,7409.5,1766
2026-05-11T00:50:00+00:00,7409.5,7409.5,7397.5,7400.75,8422
2026-05-11T00:55:00+00:00,7400.75,7403.5,7397.0,7402.5,4301
2026-05-11T01:00:00+00:00,7402.25,7402.75,7397.75,7399.25,3599
2026-05-11T01:05:00+00:00,7399.25,7402.75,7398.25,7402.5,1895
2026-05-11T01:10:00+00:00,7402.5,7405.5,7401.0,7404.5,2241
2026-05-11T01:15:00+00:00,7404.5,7409.5,7403.25,7409.0,2278
2026-05-11T01:20:00+00:00,7409.5,7410.5,7408.0,7409.25,1845
2026-05-11T01:25:00+00:00,7409.5,7410.0,7408.0,7408.5,799
2026-05-11T01:30:00+00:00,7408.5,7409.25,7405.5,7407.5,1679
2026-05-11T01:35:00+00:00,7407.25,7408.5,7406.0,7407.75,944
2026-05-11T01:40:00+00:00,7407.75,7409.25,7407.25,7408.5,570
2026-05-11T01:45:00+00:00,7408.75,7410.75,7407.75,7410.75,1194
2026-05-11T01:50:00+00:00,7410.5,7411.0,7408.0,7409.75,1242
2026-05-11T01:55:00+00:00,7409.75,7411.5,7408.75,7411.0,888
2026-05-11T02:00:00+00:00,7411.0,7413.0,7410.5,7411.5,1859
2026-05-11T02:05:00+00:00,7411.25,7412.0,7409.25,7409.75,1092
2026-05-11T02:10:00+00:00,7409.75,7412.0,7409.5,7411.5,690
2026-05-11T02:15:00+00:00,7411.75,7412.25,7409.75,7410.75,671
2026-05-11T02:20:00+00:00,7411.0,7412.25,7410.75,7412.0,396
2026-05-11T02:25:00+00:00,7412.0,7413.75,7411.5,7413.25,1157
2026-05-11T02:30:00+00:00,7413.0,7414.5,7410.25,7411.5,1748
2026-05-11T02:35:00+00:00,7411.75,7412.75,7411.25,7412.25,576
2026-05-11T02:40:00+00:00,7412.5,7413.25,7411.75,7412.5,484
2026-05-11T02:45:00+00:00,7412.75,7413.0,7410.75,7411.5,687
2026-05-11T02:50:00+00:00,7411.5,7413.25,7411.0,7413.25,476
2026-05-11T02:55:00+00:00,7413.25,7413.5,7411.0,7411.0,617
2026-05-11T03:00:00+00:00,7411.0,7411.25,7407.5,7410.0,2270
2026-05-11T03:05:00+00:00,7410.0,7411.0,7408.5,7410.75,799
2026-05-11T03:10:00+00:00,7410.5,7411.25,7410.0,7410.5,674
2026-05-11T03:15:00+00:00,7410.5,7410.75,7408.75,7410.5,775
2026-05-11T03:20:00+00:00,7410.5,7412.25,7410.25,7411.25,686
2026-05-11T03:25:00+00:00,7411.5,7413.5,7411.0,7413.0,848
2026-05-11T03:30:00+00:00,7413.0,7414.5,7412.5,7412.75,1366
2026-05-11T03:35:00+00:00,7413.0,7413.25,7412.0,7412.75,551
2026-05-11T03:40:00+00:00,7412.75,7415.25,7412.75,7415.25,982
2026-05-11T03:45:00+00:00,7414.75,7414.75,7412.75,7413.0,624
2026-05-11T03:50:00+00:00,7413.0,7413.5,7412.0,7412.75,494
2026-05-11T03:55:00+00:00,7413.0,7413.25,7411.0,7411.75,417
2026-05-11T04:00:00+00:00,7411.5,7411.5,7409.75,7410.25,662
2026-05-11T04:05:00+00:00,7410.75,7411.25,7408.75,7409.25,829
2026-05-11T04:10:00+00:00,7409.0,7410.0,7406.75,7409.75,1257
2026-05-11T04:15:00+00:00,7409.75,7412.0,7409.5,7411.5,847
2026-05-11T04:20:00+00:00,7411.5,7412.25,7411.25,7412.0,264
2026-05-11T04:25:00+00:00,7411.75,7412.75,7411.5,7411.5,428
2026-05-11T04:30:00+00:00,7411.75,7412.25,7411.5,7411.5,216
2026-05-11T04:35:00+00:00,7411.5,7412.25,7411.5,7411.75,209
2026-05-11T04:40:00+00:00,7411.5,7411.75,7411.0,7411.5,277
2026-05-11T04:45:00+00:00,7411.5,7411.75,7410.75,7411.0,204
2026-05-11T04:50:00+00:00,7411.0,7413.25,7410.75,7413.25,335
2026-05-11T04:55:00+00:00,7413.0,7413.25,7412.25,7412.75,174
2026-05-11T05:00:00+00:00,7413.0,7413.75,7412.25,7413.25,447
2026-05-11T05:05:00+00:00,7413.5,7413.75,7411.75,7412.25,326
2026-05-11T05:10:00+00:00,7412.5,7413.0,7412.0,7412.75,627
2026-05-11T05:15:00+00:00,7413.0,7413.75,7411.75,7413.5,531
2026-05-11T05:20:00+00:00,7413.5,7415.0,7412.5,7414.0,662
2026-05-11T05:25:00+00:00,7413.75,7414.0,7412.5,7413.75,365
2026-05-11T05:30:00+00:00,7413.75,7414.75,7413.5,7414.75,408
2026-05-11T05:35:00+00:00,7414.75,7415.0,7412.25,7412.5,638
2026-05-11T05:40:00+00:00,7412.75,7413.0,7410.25,7411.0,685
2026-05-11T05:45:00+00:00,7411.0,7411.75,7410.0,7411.25,455
2026-05-11T05:50:00+00:00,7411.75,7412.5,7411.25,7412.0,371
2026-05-11T05:55:00+00:00,7412.0,7412.75,7410.5,7410.75,469
2026-05-11T06:00:00+00:00,7410.5,7412.0,7410.25,7411.0,516
2026-05-11T06:05:00+00:00,7411.5,7413.25,7410.75,7412.25,613
2026-05-11T06:10:00+00:00,7412.75,7414.5,7412.5,7413.5,677
2026-05-11T06:15:00+00:00,7413.5,7413.5,7411.5,7412.25,440
2026-05-11T06:20:00+00:00,7412.25,7414.75,7412.25,7414.5,413
2026-05-11T06:25:00+00:00,7414.75,7416.25,7414.25,7415.0,1227
2026-05-11T06:30:00+00:00,7414.75,7415.25,7411.5,7412.0,859
2026-05-11T06:35:00+00:00,7412.0,7412.5,7411.25,7411.5,619
2026-05-11T06:40:00+00:00,7411.5,7411.75,7410.0,7411.25,641
2026-05-11T06:45:00+00:00,7411.25,7411.25,7409.75,7409.75,730
2026-05-11T06:50:00+00:00,7410.25,7412.0,7409.0,7411.0,777
2026-05-11T06:55:00+00:00,7411.25,7413.75,7411.0,7413.0,660
2026-05-11T07:00:00+00:00,7413.0,7413.75,7411.25,7412.75,1035
2026-05-11T07:05:00+00:00,7412.75,7413.75,7410.25,7410.75,1049
2026-05-11T07:10:00+00:00,7410.5,7413.0,7410.5,7410.75,732
2026-05-11T07:15:00+00:00,7410.75,7412.0,7410.0,7411.25,386
2026-05-11T07:20:00+00:00,7411.25,7412.75,7410.75,7412.25,425
2026-05-11T07:25:00+00:00,7412.0,7413.5,7411.25,7412.0,446
2026-05-11T07:30:00+00:00,7411.75,7412.75,7410.0,7410.75,384
2026-05-11T07:35:00+00:00,7410.75,7412.5,7410.0,7412.0,399
2026-05-11T07:40:00+00:00,7412.25,7415.0,7411.75,7412.25,1435
2026-05-11T07:45:00+00:00,7412.0,7413.25,7412.0,7412.75,527
2026-05-11T07:50:00+00:00,7413.0,7413.75,7411.75,7413.0,401
2026-05-11T07:55:00+00:00,7413.25,7414.25,7412.25,7414.25,315
2026-05-11T08:00:00+00:00,7414.25,7415.0,7412.5,7414.75,788
2026-05-11T08:05:00+00:00,7415.0,7416.75,7409.75,7410.25,2250
2026-05-11T08:10:00+00:00,7410.25,7413.75,7409.75,7412.5,1208
2026-05-11T08:15:00+00:00,7412.5,7416.25,7412.5,7416.0,927
2026-05-11T08:20:00+00:00,7416.25,7417.75,7414.75,7416.75,1383
2026-05-11T08:25:00+00:00,7416.5,7417.5,7412.25,7412.25,967
2026-05-11T08:30:00+00:00,7412.25,7415.0,7411.75,7414.0,827
2026-05-11T08:35:00+00:00,7414.5,7415.0,7412.5,7413.25,667
2026-05-11T08:40:00+00:00,7413.5,7415.25,7413.25,7414.5,588
2026-05-11T08:45:00+00:00,7414.5,7415.75,7414.0,7415.5,511
2026-05-11T08:50:00+00:00,7415.25,7416.25,7414.25,7415.25,577
2026-05-11T08:55:00+00:00,7415.5,7416.5,7414.0,7414.0,495
2026-05-11T09:00:00+00:00,7413.75,7416.0,7412.75,7415.5,670
2026-05-11T09:05:00+00:00,7415.5,7417.75,7415.0,7415.75,925
2026-05-11T09:10:00+00:00,7415.75,7416.0,7414.5,7414.75,500
2026-05-11T09:15:00+00:00,7414.5,7416.5,7414.25,7415.75,449
2026-05-11T09:20:00+00:00,7415.75,7418.25,7415.75,7417.5,811
2026-05-11T09:25:00+00:00,7417.5,7417.75,7416.0,7416.5,584
2026-05-11T09:30:00+00:00,7416.5,7418.75,7416.25,7417.5,591
2026-05-11T09:35:00+00:00,7417.75,7418.0,7417.0,7417.0,610
2026-05-11T09:40:00+00:00,7417.25,7419.25,7417.0,7419.25,835
2026-05-11T09:45:00+00:00,7419.25,7420.5,7418.25,7419.0,2137
2026-05-11T09:50:00+00:00,7419.0,7419.75,7417.5,7417.75,763
2026-05-11T09:55:00+00:00,7417.75,7418.0,7414.75,7415.0,1125
2026-05-11T10:00:00+00:00,7414.75,7416.75,7414.0,7414.75,803
2026-05-11T10:05:00+00:00,7415.0,7415.75,7414.0,7415.5,635
2026-05-11T10:10:00+00:00,7415.5,7416.75,7414.75,7415.75,573
2026-05-11T10:15:00+00:00,7415.5,7416.0,7414.75,7415.0,345
2026-05-11T10:20:00+00:00,7414.75,7415.75,7414.0,7415.25,477
2026-05-11T10:25:00+00:00,7415.25,7416.5,7414.5,7414.75,401
2026-05-11T10:30:00+00:00,7415.0,7415.5,7414.0,7414.5,434
2026-05-11T10:35:00+00:00,7414.25,7414.5,7411.0,7412.5,1225
2026-05-11T10:40:00+00:00,7412.5,7413.75,7411.5,7413.75,924
2026-05-11T10:45:00+00:00,7413.75,7413.75,7411.25,7413.0,672
2026-05-11T10:50:00+00:00,7412.75,7414.25,7412.75,7413.25,551
2026-05-11T10:55:00+00:00,7413.0,7413.25,7412.0,7412.25,258
2026-05-11T11:00:00+00:00,7412.25,7415.25,7412.0,7413.75,1672
2026-05-11T11:05:00+00:00,7414.0,7415.5,7413.75,7415.25,736
2026-05-11T11:10:00+00:00,7415.25,7415.75,7412.5,7414.0,962
2026-05-11T11:15:00+00:00,7414.0,7415.5,7413.0,7415.25,621
2026-05-11T11:20:00+00:00,7415.5,7417.0,7415.25,7416.0,1122
2026-05-11T11:25:00+00:00,7415.75,7417.75,7415.0,7417.0,812
2026-05-11T11:30:00+00:00,7417.25,7420.25,7417.25,7419.0,1936
2026-05-11T11:35:00+00:00,7419.0,7420.0,7418.0,7418.75,1059
2026-05-11T11:40:00+00:00,7418.75,7419.0,7415.25,7415.25,1414
2026-05-11T11:45:00+00:00,7415.5,7415.75,7413.5,7414.0,1550
2026-05-11T11:50:00+00:00,7414.25,7414.5,7410.5,7412.5,2117
2026-05-11T11:55:00+00:00,7412.5,7414.25,7412.0,7414.0,866
2026-05-11T12:00:00+00:00,7414.0,7415.75,7411.75,7412.0,1579
2026-05-11T12:05:00+00:00,7412.0,7412.25,7409.75,7410.75,2848
2026-05-11T12:10:00+00:00,7410.5,7411.25,7409.0,7410.0,2067
2026-05-11T12:15:00+00:00,7410.25,7412.25,7409.5,7410.0,1399
2026-05-11T12:20:00+00:00,7410.0,7412.0,7408.25,7411.25,2202
2026-05-11T12:25:00+00:00,7411.0,7412.0,7409.25,7411.75,1127
2026-05-11T12:30:00+00:00,7411.5,7414.5,7411.25,7413.25,2406
2026-05-11T12:35:00+00:00,7413.75,7414.5,7411.5,7412.0,1259
2026-05-11T12:40:00+00:00,7412.0,7412.75,7408.75,7408.75,1880
2026-05-11T12:45:00+00:00,7409.0,7411.0,7402.5,7407.5,8277
2026-05-11T12:50:00+00:00,7407.5,7408.25,7406.25,7407.5,2322
2026-05-11T12:55:00+00:00,7407.25,7409.0,7406.0,7409.0,1100
2026-05-11T13:00:00+00:00,7408.75,7410.5,7406.5,7410.25,2838
2026-05-11T13:05:00+00:00,7410.0,7411.0,7408.75,7410.5,1667
2026-05-11T13:10:00+00:00,7410.75,7412.75,7409.75,7412.25,2112
2026-05-11T13:15:00+00:00,7412.25,7412.25,7410.75,7411.25,1445
2026-05-11T13:20:00+00:00,7411.5,7414.0,7411.5,7412.75,2160
2026-05-11T13:25:00+00:00,7412.75,7413.25,7409.0,7410.25,4945
2026-05-11T13:30:00+00:00,7410.25,7424.75,7410.25,7424.75,32064
2026-05-11T13:35:00+00:00,7424.5,7424.5,7419.5,7421.5,17698
2026-05-11T13:40:00+00:00,7421.25,7429.75,7420.5,7429.5,17750
2026-05-11T13:45:00+00:00,7429.25,7437.25,7429.0,7433.75,22016
2026-05-11T13:50:00+00:00,7433.75,7437.0,7430.0,7431.0,15206
2026-05-11T13:55:00+00:00,7430.75,7433.75,7429.0,7432.75,15814
2026-05-11T14:00:00+00:00,7432.5,7433.75,7430.75,7431.5,9490
2026-05-11T14:05:00+00:00,7431.5,7434.5,7430.5,7433.75,8750
2026-05-11T14:10:00+00:00,7433.5,7436.75,7431.25,7436.25,9247
2026-05-11T14:15:00+00:00,7436.25,7441.0,7435.5,7441.0,15286
2026-05-11T14:20:00+00:00,7440.75,7442.0,7439.0,7441.0,9288
2026-05-11T14:25:00+00:00,7441.25,7442.0,7430.25,7430.25,19414
2026-05-11T14:30:00+00:00,7430.5,7433.0,7421.5,7430.5,36826
2026-05-11T14:35:00+00:00,7430.5,7434.0,7428.25,7432.0,17791
2026-05-11T14:40:00+00:00,7432.0,7437.0,7431.75,7435.5,10784
2026-05-11T14:45:00+00:00,7435.75,7438.0,7432.25,7436.75,10786
2026-05-11T14:50:00+00:00,7436.75,7444.75,7436.25,7444.25,16841
2026-05-11T14:55:00+00:00,7444.0,7445.75,7440.25,7443.0,11167
2026-05-11T15:00:00+00:00,7442.75,7443.75,7440.5,7442.25,6608
2026-05-11T15:05:00+00:00,7442.5,7443.0,7440.5,7442.5,4666
2026-05-11T15:10:00+00:00,7442.25,7442.75,7436.5,7437.25,10155
2026-05-11T15:15:00+00:00,7437.5,7441.5,7435.75,7441.25,9280
2026-05-11T15:20:00+00:00,7441.25,7444.25,7440.0,7444.0,6903
2026-05-11T15:25:00+00:00,7444.0,7447.25,7443.25,7447.0,8018
2026-05-11T15:30:00+00:00,7447.0,7448.25,7444.75,7445.5,9106
2026-05-11T15:35:00+00:00,7445.25,7447.0,7443.75,7447.0,6822
2026-05-11T15:40:00+00:00,7447.0,7448.25,7443.0,7444.75,11230
2026-05-11T15:45:00+00:00,7444.75,7446.75,7443.25,7445.5,9973
2026-05-11T15:50:00+00:00,7445.25,7449.0,7443.5,7448.0,6337
2026-05-11T15:55:00+00:00,7448.25,7449.75,7447.0,7448.25,5253
2026-05-11T16:00:00+00:00,7448.5,7449.25,7446.5,7447.0,4446
2026-05-11T16:05:00+00:00,7447.0,7448.0,7446.5,7446.75,3207
2026-05-11T16:10:00+00:00,7447.0,7448.25,7446.0,7447.25,3306
2026-05-11T16:15:00+00:00,7447.5,7448.25,7446.0,7446.75,3612
2026-05-11T16:20:00+00:00,7446.5,7449.25,7445.5,7449.25,4890
2026-05-11T16:25:00+00:00,7449.25,7450.5,7448.75,7449.5,6315
2026-05-11T16:30:00+00:00,7449.25,7450.5,7448.0,7449.0,3658
2026-05-11T16:35:00+00:00,7448.75,7449.75,7447.0,7447.0,3876
2026-05-11T16:40:00+00:00,7447.0,7447.5,7434.0,7443.0,27962
2026-05-11T16:45:00+00:00,7442.75,7445.25,7441.0,7441.0,7832
2026-05-11T16:50:00+00:00,7441.25,7442.5,7438.5,7439.25,6172
2026-05-11T16:55:00+00:00,7439.25,7441.0,7436.5,7439.5,7429
2026-05-11T17:00:00+00:00,7439.5,7442.0,7439.25,7441.0,5043
2026-05-11T17:05:00+00:00,7441.25,7443.0,7439.5,7440.5,3847
2026-05-11T17:10:00+00:00,7440.5,7440.5,7435.75,7436.5,6327
2026-05-11T17:15:00+00:00,7436.5,7437.5,7434.5,7435.5,6183
2026-05-11T17:20:00+00:00,7435.75,7442.5,7434.75,7442.0,8580
2026-05-11T17:25:00+00:00,7442.0,7445.0,7441.5,7444.0,6502
2026-05-11T17:30:00+00:00,7444.0,7448.5,7444.0,7447.5,7128
2026-05-11T17:35:00+00:00,7447.5,7450.5,7447.0,7449.25,6411
2026-05-11T17:40:00+00:00,7449.25,7453.0,7448.25,7452.75,6832
2026-05-11T17:45:00+00:00,7452.75,7454.0,7449.25,7449.75,6963
2026-05-11T17:50:00+00:00,7450.0,7451.0,7448.25,7448.5,4168
2026-05-11T17:55:00+00:00,7448.5,7450.25,7447.75,7448.25,4297
2026-05-11T18:00:00+00:00,7448.25,7452.75,7448.0,7452.25,6448
2026-05-11T18:05:00+00:00,7452.5,7452.5,7451.25,7451.75,2874
2026-05-11T18:10:00+00:00,7451.75,7452.0,7449.0,7449.75,4496
2026-05-11T18:15:00+00:00,7449.5,7450.5,7448.75,7449.5,2872
2026-05-11T18:20:00+00:00,7449.5,7451.5,7446.75,7449.25,8278
2026-05-11T18:25:00+00:00,7449.0,7449.75,7448.5,7449.75,2780
2026-05-11T18:30:00+00:00,7449.5,7449.75,7446.75,7447.0,3847
2026-05-11T18:35:00+00:00,7447.25,7448.0,7443.75,7444.25,5610
2026-05-11T18:40:00+00:00,7444.25,7445.5,7442.25,7444.0,7955
2026-05-11T18:45:00+00:00,7444.0,7444.0,7441.0,7441.25,6021
2026-05-11T18:50:00+00:00,7441.25,7442.0,7438.75,7439.75,7350
2026-05-11T18:55:00+00:00,7439.5,7440.25,7431.25,7431.5,13627
2026-05-11T19:00:00+00:00,7431.5,7434.75,7428.25,7428.75,13028
2026-05-11T19:05:00+00:00,7429.0,7436.25,7428.0,7435.75,11852
2026-05-11T19:10:00+00:00,7435.75,7438.0,7432.5,7434.0,9267
2026-05-11T19:15:00+00:00,7433.75,7434.25,7430.0,7431.75,7075
2026-05-11T19:20:00+00:00,7431.75,7432.5,7427.25,7430.5,8406
2026-05-11T19:25:00+00:00,7430.25,7433.0,7429.25,7431.25,6755
2026-05-11T19:30:00+00:00,7431.25,7435.0,7429.5,7432.5,7574
2026-05-11T19:35:00+00:00,7432.25,7433.0,7430.0,7432.5,5653
2026-05-11T19:40:00+00:00,7432.75,7433.75,7428.25,7428.25,6310
2026-05-11T19:45:00+00:00,7428.25,7433.5,7427.75,7433.0,7498
2026-05-11T19:50:00+00:00,7432.75,7436.75,7431.25,7435.25,11705
2026-05-11T19:55:00+00:00,7435.25,7439.0,7433.75,7438.75,23061
2026-05-11T20:00:00+00:00,7438.75,7440.25,7435.25,7436.0,8228
2026-05-11T20:05:00+00:00,7436.0,7436.0,7433.75,7434.75,2027
2026-05-11T20:10:00+00:00,7434.75,7436.25,7426.0,7434.5,11530
2026-05-11T20:15:00+00:00,7434.5,7435.75,7433.0,7434.75,1386
2026-05-11T20:20:00+00:00,7435.0,7435.0,7431.5,7432.0,1230
2026-05-11T20:25:00+00:00,7431.75,7434.75,7431.75,7434.5,786
2026-05-11T20:30:00+00:00,7434.5,7436.75,7434.0,7436.5,1831
2026-05-11T20:35:00+00:00,7436.5,7436.75,7435.5,7436.0,1553
2026-05-11T20:40:00+00:00,7436.25,7436.25,7435.0,7435.5,1097
2026-05-11T20:45:00+00:00,7435.5,7436.25,7434.75,7435.25,862
2026-05-11T20:50:00+00:00,7435.0,7436.75,7433.25,7436.25,1746
2026-05-11T20:55:00+00:00,7436.0,7436.75,7434.5,7435.25,1077
2026-05-11T22:00:00+00:00,7435.25,7439.5,7434.75,7439.0,0
2026-05-11T22:05:00+00:00,7439.25,7439.5,7437.75,7438.5,593
2026-05-11T22:10:00+00:00,7438.5,7440.75,7438.5,7440.5,831
2026-05-11T22:15:00+00:00,7440.5,7441.5,7439.75,7441.25,644
2026-05-11T22:20:00+00:00,7441.25,7442.0,7440.25,7441.5,743
2026-05-11T22:25:00+00:00,7441.25,7441.5,7440.5,7441.25,372
2026-05-11T22:30:00+00:00,7441.0,7442.75,7441.0,7442.0,657
2026-05-11T22:35:00+00:00,7442.0,7443.25,7442.0,7443.0,439
2026-05-11T22:40:00+00:00,7443.0,7443.25,7442.5,7443.0,313
2026-05-11T22:45:00+00:00,7443.25,7443.75,7442.0,7442.25,579
2026-05-11T22:50:00+00:00,7442.0,7442.5,7441.0,7441.25,600
2026-05-11T22:55:00+00:00,7441.25,7442.0,7440.5,7441.0,444
2026-05-11T23:00:00+00:00,7441.25,7441.75,7440.75,7441.0,385
2026-05-11T23:05:00+00:00,7441.25,7441.5,7440.75,7441.0,419
2026-05-11T23:10:00+00:00,7441.0,7441.0,7440.25,7440.5,404
2026-05-11T23:15:00+00:00,7440.75,7440.75,7438.5,7439.25,836
2026-05-11T23:20:00+00:00,7439.25,7441.5,7438.75,7441.25,784
2026-05-11T23:25:00+00:00,7441.25,7441.75,7440.75,7441.5,444
2026-05-11T23:30:00+00:00,7441.25,7441.5,7440.75,7440.75,193
2026-05-11T23:35:00+00:00,7440.75,7441.0,7439.5,7440.75,401
2026-05-11T23:40:00+00:00,7440.5,7441.25,7439.75,7440.5,268
2026-05-11T23:45:00+00:00,7440.75,7440.75,7438.5,7439.75,633
2026-05-11T23:50:00+00:00,7439.75,7439.75,7437.25,7437.5,782
2026-05-11T23:55:00+00:00,7437.75,7439.0,7436.5,7438.5,994
2026-05-12T00:00:00+00:00,7438.5,7438.75,7433.25,7434.0,2776
2026-05-12T00:05:00+00:00,7434.0,7434.75,7433.0,7434.0,775
2026-05-12T00:10:00+00:00,7434.0,7434.25,7431.75,7433.0,1082
2026-05-12T00:15:00+00:00,7432.75,7434.5,7432.5,7433.75,595
2026-05-12T00:20:00+00:00,7433.75,7434.5,7428.75,7429.75,2263
2026-05-12T00:25:00+00:00,7430.0,7432.25,7429.5,7432.0,1319
2026-05-12T00:30:00+00:00,7431.75,7433.75,7431.25,7433.0,1262
2026-05-12T00:35:00+00:00,7433.0,7434.5,7431.25,7431.25,1362
2026-05-12T00:40:00+00:00,7431.5,7432.0,7429.25,7430.25,929
2026-05-12T00:45:00+00:00,7430.5,7432.0,7430.0,7431.0,774
2026-05-12T00:50:00+00:00,7431.0,7431.75,7430.0,7431.5,565
2026-05-12T00:55:00+00:00,7431.5,7431.75,7429.25,7430.0,788
2026-05-12T01:00:00+00:00,7430.0,7432.0,7428.75,7429.0,1114
2026-05-12T01:05:00+00:00,7429.25,7431.75,7429.25,7431.25,572
2026-05-12T01:10:00+00:00,7431.0,7432.0,7429.75,7430.0,671
2026-05-12T01:15:00+00:00,7430.0,7430.0,7424.75,7427.25,3917
2026-05-12T01:20:00+00:00,7427.25,7428.5,7425.0,7426.0,1136
2026-05-12T01:25:00+00:00,7426.0,7427.0,7423.5,7424.75,1732
2026-05-12T01:30:00+00:00,7424.25,7425.5,7420.75,7421.0,2403
2026-05-12T01:35:00+00:00,7421.0,7421.5,7415.75,7416.25,4170
2026-05-12T01:40:00+00:00,7415.75,7417.0,7411.0,7416.5,7003
2026-05-12T01:45:00+00:00,7416.5,7421.75,7416.0,7421.5,4107
2026-05-12T01:50:00+00:00,7421.25,7421.75,7418.75,7419.25,2338
2026-05-12T01:55:00+00:00,7419.0,7421.5,7417.5,7419.0,1966
2026-05-12T02:00:00+00:00,7419.25,7421.5,7417.5,7420.75,1440
2026-05-12T02:05:00+00:00,7420.5,7425.5,7420.5,7425.5,2376
2026-05-12T02:10:00+00:00,7425.5,7429.0,7425.25,7427.75,2858
2026-05-12T02:15:00+00:00,7427.75,7428.25,7423.25,7423.75,1980
2026-05-12T02:20:00+00:00,7423.75,7426.5,7423.5,7425.75,864
2026-05-12T02:25:00+00:00,7425.75,7427.25,7424.0,7426.0,1536
2026-05-12T02:30:00+00:00,7425.75,7426.75,7424.25,7425.0,629
2026-05-12T02:35:00+00:00,7425.25,7425.5,7423.25,7424.0,669
2026-05-12T02:40:00+00:00,7424.0,7425.5,7423.25,7424.75,915
2026-05-12T02:45:00+00:00,7425.25,7427.75,7425.0,7426.25,953
2026-05-12T02:50:00+00:00,7426.25,7430.75,7426.25,7429.25,1837
2026-05-12T02:55:00+00:00,7429.25,7429.5,7428.25,7429.25,707
2026-05-12T03:00:00+00:00,7429.25,7430.5,7425.5,7426.5,1346
2026-05-12T03:05:00+00:00,7426.5,7427.0,7425.0,7426.5,610
2026-05-12T03:10:00+00:00,7426.5,7427.75,7426.5,7427.5,430
2026-05-12T03:15:00+00:00,7427.25,7427.75,7426.0,7426.75,399
2026-05-12T03:20:00+00:00,7426.75,7427.25,7425.75,7426.5,327
2026-05-12T03:25:00+00:00,7426.25,7427.25,7426.0,7426.75,198
2026-05-12T03:30:00+00:00,7427.0,7428.75,7427.0,7427.25,442
2026-05-12T03:35:00+00:00,7427.25,7428.75,7427.0,7428.5,319
2026-05-12T03:40:00+00:00,7428.5,7429.75,7428.0,7428.5,351
2026-05-12T03:45:00+00:00,7428.5,7429.0,7425.75,7426.5,991
2026-05-12T03:50:00+00:00,7426.75,7427.0,7425.75,7426.25,272
2026-05-12T03:55:00+00:00,7426.5,7426.5,7424.25,7425.25,804
2026-05-12T04:05:00+00:00,7427.5,7427.75,7427.0,7427.25,775
2026-05-12T04:10:00+00:00,7427.25,7427.25,7424.5,7425.25,599
2026-05-12T04:15:00+00:00,7425.0,7427.75,7424.75,7427.0,366
2026-05-12T04:20:00+00:00,7427.0,7427.75,7425.0,7425.75,611
2026-05-12T04:25:00+00:00,7425.5,7426.5,7425.25,7426.0,166
2026-05-12T04:30:00+00:00,7426.0,7426.25,7425.25,7426.25,141
2026-05-12T04:35:00+00:00,7426.25,7427.5,7425.75,7426.25,312
2026-05-12T04:40:00+00:00,7426.25,7427.25,7425.5,7427.25,238
2026-05-12T04:45:00+00:00,7427.0,7427.5,7425.75,7426.0,318
2026-05-12T04:50:00+00:00,7425.75,7425.75,7421.25,7422.0,1606
2026-05-12T04:55:00+00:00,7421.75,7422.75,7420.75,7420.75,760
2026-05-12T05:00:00+00:00,7420.75,7423.0,7420.25,7422.5,814
2026-05-12T05:05:00+00:00,7422.75,7423.75,7421.25,7421.75,598
2026-05-12T05:10:00+00:00,7421.5,7422.5,7419.0,7420.25,749
2026-05-12T05:15:00+00:00,7420.0,7420.75,7418.5,7419.75,696
2026-05-12T05:20:00+00:00,7420.0,7424.25,7419.75,7422.75,996
2026-05-12T05:25:00+00:00,7422.75,7423.75,7422.25,7423.0,370
2026-05-12T05:30:00+00:00,7423.0,7423.5,7419.5,7419.75,561
2026-05-12T05:35:00+00:00,7419.75,7421.75,7418.5,7420.25,592
2026-05-12T05:40:00+00:00,7420.0,7421.0,7419.25,7420.0,335
2026-05-12T05:45:00+00:00,7420.0,7424.0,7420.0,7423.5,644
2026-05-12T05:50:00+00:00,7423.5,7423.5,7421.0,7421.75,333
2026-05-12T05:55:00+00:00,7421.75,7424.0,7421.5,7421.5,408
2026-05-12T06:00:00+00:00,7421.75,7422.5,7420.25,7420.75,470
2026-05-12T06:05:00+00:00,7421.25,7421.5,7417.75,7419.25,1139
2026-05-12T06:10:00+00:00,7419.25,7420.5,7419.0,7419.75,410
2026-05-12T06:15:00+00:00,7419.75,7420.75,7418.5,7418.5,364
2026-05-12T06:20:00+00:00,7418.75,7418.75,7415.75,7416.5,1077
2026-05-12T06:25:00+00:00,7416.5,7417.25,7415.0,7415.75,965
2026-05-12T06:30:00+00:00,7416.0,7416.75,7413.75,7415.0,805
2026-05-12T06:35:00+00:00,7415.25,7416.0,7412.0,7412.75,1077
2026-05-12T06:40:00+00:00,7412.75,7414.0,7412.0,7414.0,590
2026-05-12T06:45:00+00:00,7414.0,7415.0,7413.25,7413.5,676
2026-05-12T06:50:00+00:00,7413.25,7413.5,7410.25,7411.0,1521
2026-05-12T06:55:00+00:00,7411.0,7411.25,7408.0,7408.75,1530
2026-05-12T07:00:00+00:00,7409.0,7409.25,7404.25,7405.25,2777
2026-05-12T07:05:00+00:00,7405.25,7405.5,7402.5,7403.5,1902
2026-05-12T07:10:00+00:00,7403.25,7410.5,7402.25,7409.75,2145
2026-05-12T07:15:00+00:00,7409.75,7414.5,7409.5,7414.5,1478
2026-05-12T07:20:00+00:00,7414.5,7416.5,7413.25,7413.5,1704
2026-05-12T07:25:00+00:00,7413.5,7414.75,7410.25,7412.5,1230
2026-05-12T07:30:00+00:00,7412.5,7416.5,7412.5,7416.25,932
2026-05-12T07:35:00+00:00,7416.25,7417.0,7414.5,7416.5,1127
2026-05-12T07:40:00+00:00,7416.5,7417.0,7414.75,7415.0,641
2026-05-12T07:45:00+00:00,7415.25,7416.75,7413.25,7416.5,770
2026-05-12T07:50:00+00:00,7416.5,7417.25,7414.5,7416.5,829
2026-05-12T07:55:00+00:00,7416.75,7417.0,7415.25,7415.75,550
2026-05-12T08:00:00+00:00,7416.5,7416.5,7411.75,7411.75,1951
2026-05-12T08:05:00+00:00,7411.75,7412.5,7409.75,7411.75,1350
2026-05-12T08:10:00+00:00,7411.5,7411.75,7407.5,7407.75,1605
2026-05-12T08:15:00+00:00,7407.5,7411.25,7405.5,7409.75,1950
2026-05-12T08:20:00+00:00,7409.75,7411.5,7408.75,7408.75,998
2026-05-12T08:25:00+00:00,7408.75,7411.0,7407.75,7410.0,1123
2026-05-12T08:30:00+00:00,7410.25,7411.25,7408.25,7409.75,727
2026-05-12T08:35:00+00:00,7409.5,7410.5,7408.25,7410.25,615
2026-05-12T08:40:00+00:00,7410.0,7410.5,7406.25,7407.0,875
2026-05-12T08:45:00+00:00,7407.0,7408.75,7405.75,7406.0,1584
2026-05-12T08:50:00+00:00,7406.5,7408.25,7406.0,7407.75,603
2026-05-12T08:55:00+00:00,7408.0,7409.75,7407.0,7409.75,583
2026-05-12T09:00:00+00:00,7409.5,7411.25,7408.0,7409.75,879
2026-05-12T09:05:00+00:00,7409.75,7410.0,7403.25,7405.75,1915
2026-05-12T09:10:00+00:00,7405.75,7409.0,7405.0,7408.5,1144
2026-05-12T09:15:00+00:00,7408.5,7409.0,7406.75,7407.5,754
2026-05-12T09:20:00+00:00,7407.25,7410.0,7406.0,7409.5,499
2026-05-12T09:25:00+00:00,7409.5,7411.5,7408.5,7409.5,1169
2026-05-12T09:30:00+00:00,7409.75,7416.5,7409.75,7413.25,4263
2026-05-12T09:35:00+00:00,7413.5,7414.25,7411.5,7412.75,1106
2026-05-12T09:40:00+00:00,7412.5,7413.0,7410.0,7410.0,1220
2026-05-12T09:45:00+00:00,7410.25,7412.75,7409.25,7412.0,740
2026-05-12T09:50:00+00:00,7411.75,7413.25,7409.25,7409.75,740
2026-05-12T09:55:00+00:00,7409.75,7411.5,7409.5,7411.25,546
2026-05-12T10:00:00+00:00,7411.5,7414.0,7411.5,7413.0,880
2026-05-12T10:05:00+00:00,7413.0,7414.0,7412.0,7413.5,619
2026-05-12T10:10:00+00:00,7413.5,7416.25,7413.5,7415.25,1068
2026-05-12T10:15:00+00:00,7415.0,7415.25,7411.25,7412.0,1031
2026-05-12T10:20:00+00:00,7412.0,7412.5,7410.0,7411.5,909
2026-05-12T10:25:00+00:00,7411.5,7412.5,7410.5,7412.5,486
2026-05-12T10:30:00+00:00,7412.5,7412.75,7409.75,7410.25,627
2026-05-12T10:35:00+00:00,7410.5,7413.0,7410.0,7410.25,984
2026-05-12T10:40:00+00:00,7410.25,7410.5,7407.75,7409.75,1240
2026-05-12T10:45:00+00:00,7410.0,7410.0,7407.0,7408.5,1134
2026-05-12T10:50:00+00:00,7408.5,7409.5,7407.5,7409.0,772
2026-05-12T10:55:00+00:00,7408.75,7412.0,7408.25,7412.0,1056
2026-05-12T11:00:00+00:00,7411.75,7413.75,7406.0,7407.25,2909
2026-05-12T11:05:00+00:00,7407.0,7408.5,7402.0,7408.5,4519
2026-05-12T11:10:00+00:00,7408.5,7412.5,7403.25,7405.25,5619
2026-05-12T11:15:00+00:00,7405.25,7406.0,7402.75,7404.25,1711
2026-05-12T11:20:00+00:00,7404.25,7405.75,7403.25,7404.25,1753
2026-05-12T11:25:00+00:00,7404.5,7406.5,7404.25,7406.0,1220
2026-05-12T11:30:00+00:00,7406.25,7407.5,7405.75,7407.0,1032
2026-05-12T11:35:00+00:00,7407.25,7411.0,7406.25,7411.0,1997
2026-05-12T11:40:00+00:00,7411.0,7411.75,7409.0,7409.25,1485
2026-05-12T11:45:00+00:00,7409.25,7411.25,7409.0,7409.75,1005
2026-05-12T11:50:00+00:00,7410.0,7410.25,7407.75,7409.25,1275
2026-05-12T11:55:00+00:00,7409.0,7410.5,7407.75,7407.75,1245
2026-05-12T12:00:00+00:00,7408.0,7408.5,7403.0,7403.5,2784
2026-05-12T12:05:00+00:00,7403.25,7405.0,7401.75,7404.0,2551
2026-05-12T12:10:00+00:00,7404.25,7407.75,7403.75,7407.25,1823
2026-05-12T12:15:00+00:00,7407.5,7407.75,7405.75,7406.25,1204
2026-05-12T12:20:00+00:00,7406.25,7407.0,7402.75,7403.75,1751
2026-05-12T12:25:00+00:00,7403.75,7407.75,7403.0,7407.75,2348
2026-05-12T12:30:00+00:00,7407.75,7415.25,7396.0,7408.75,11303
2026-05-12T12:35:00+00:00,7408.75,7415.25,7408.0,7415.0,6282
2026-05-12T12:40:00+00:00,7414.5,7416.5,7412.75,7414.25,3757
2026-05-12T12:45:00+00:00,7414.5,7417.5,7414.0,7416.5,3435
2026-05-12T12:50:00+00:00,7416.5,7420.25,7416.25,7419.75,4403
2026-05-12T12:55:00+00:00,7419.75,7420.75,7417.75,7419.5,2674
2026-05-12T13:00:00+00:00,7419.25,7420.75,7415.75,7417.0,5179
2026-05-12T13:05:00+00:00,7417.0,7419.25,7416.5,7419.0,2988
2026-05-12T13:10:00+00:00,7419.0,7420.75,7418.25,7418.5,3063
2026-05-12T13:15:00+00:00,7418.5,7418.5,7412.75,7415.25,5494
2026-05-12T13:20:00+00:00,7415.25,7416.5,7413.5,7415.5,2969
2026-05-12T13:25:00+00:00,7415.25,7416.25,7413.5,7414.25,4763
2026-05-12T13:30:00+00:00,7414.25,7417.5,7406.75,7408.75,31593
2026-05-12T13:35:00+00:00,7408.5,7408.5,7400.25,7406.0,26092
2026-05-12T13:40:00+00:00,7405.75,7413.0,7403.0,7412.25,27485
2026-05-12T13:45:00+00:00,7412.25,7414.0,7401.0,7402.75,27614
2026-05-12T13:50:00+00:00,7402.5,7409.5,7399.25,7404.0,24588
2026-05-12T13:55:00+00:00,7403.75,7404.25,7393.75,7395.75,30960
2026-05-12T14:00:00+00:00,7396.25,7398.25,7391.5,7395.75,28662
2026-05-12T14:05:00+00:00,7396.0,7401.25,7394.75,7398.25,22582
2026-05-12T14:10:00+00:00,7398.0,7406.5,7395.25,7406.25,21457
2026-05-12T14:15:00+00:00,7406.25,7408.75,7402.5,7407.0,18857
2026-05-12T14:20:00+00:00,7406.75,7407.75,7399.5,7400.75,16074
2026-05-12T14:25:00+00:00,7400.75,7403.5,7390.25,7394.25,24329
2026-05-12T14:30:00+00:00,7394.25,7394.75,7380.25,7385.25,34537
2026-05-12T14:35:00+00:00,7385.25,7392.0,7380.0,7391.5,25636
2026-05-12T14:40:00+00:00,7391.75,7397.25,7387.75,7391.25,21397
2026-05-12T14:45:00+00:00,7391.25,7391.5,7385.25,7386.25,15780
2026-05-12T14:50:00+00:00,7386.0,7388.25,7381.5,7385.0,17263
2026-05-12T14:55:00+00:00,7385.0,7386.5,7381.5,7382.75,10369
2026-05-12T15:00:00+00:00,7382.75,7384.25,7378.5,7379.75,17485
2026-05-12T15:05:00+00:00,7379.75,7385.5,7377.5,7385.25,18724
2026-05-12T15:10:00+00:00,7385.0,7385.75,7376.75,7377.25,13256
2026-05-12T15:15:00+00:00,7377.5,7377.5,7371.25,7374.75,22781
2026-05-12T15:20:00+00:00,7374.75,7375.75,7364.5,7365.75,19834
2026-05-12T15:25:00+00:00,7366.0,7369.25,7363.25,7368.0,20513
2026-05-12T15:30:00+00:00,7368.25,7375.5,7366.25,7373.5,21656
2026-05-12T15:35:00+00:00,7373.5,7378.0,7370.0,7376.0,14310
2026-05-12T15:40:00+00:00,7376.0,7380.75,7373.0,7380.5,12313
2026-05-12T15:45:00+00:00,7380.5,7382.75,7377.5,7378.25,11648
2026-05-12T15:50:00+00:00,7378.25,7380.0,7375.5,7376.25,10461
2026-05-12T15:55:00+00:00,7376.0,7377.5,7368.75,7370.0,13724
2026-05-12T16:00:00+00:00,7370.0,7378.75,7366.25,7377.75,18418
2026-05-12T16:05:00+00:00,7377.75,7378.5,7371.5,7373.0,8420
2026-05-12T16:10:00+00:00,7372.75,7380.0,7372.0,7378.5,8964
2026-05-12T16:15:00+00:00,7378.5,7379.25,7375.25,7375.5,7065
2026-05-12T16:20:00+00:00,7375.5,7378.0,7370.75,7373.5,8918
2026-05-12T16:25:00+00:00,7373.5,7375.25,7371.75,7372.75,7334
2026-05-12T16:30:00+00:00,7372.5,7373.25,7367.0,7370.5,10975
2026-05-12T16:35:00+00:00,7370.5,7375.5,7370.5,7373.0,9454
2026-05-12T16:40:00+00:00,7373.25,7374.75,7367.75,7369.5,8556
2026-05-12T16:45:00+00:00,7369.25,7371.25,7363.5,7366.25,12503
2026-05-12T16:50:00+00:00,7366.25,7368.5,7363.5,7365.5,9903
2026-05-12T16:55:00+00:00,7365.25,7367.5,7363.75,7366.5,7767
2026-05-12T17:00:00+00:00,7366.5,7375.25,7365.25,7374.0,11602
2026-05-12T17:05:00+00:00,7374.0,7379.25,7373.75,7375.25,11807
2026-05-12T17:10:00+00:00,7375.5,7378.75,7374.5,7378.5,7645
2026-05-12T17:15:00+00:00,7378.5,7386.5,7378.25,7385.75,12703
2026-05-12T17:20:00+00:00,7385.75,7395.5,7385.75,7390.5,19265
2026-05-12T17:25:00+00:00,7390.5,7391.25,7386.25,7388.75,11799
2026-05-12T17:30:00+00:00,7388.75,7395.25,7386.5,7394.75,12135
2026-05-12T17:35:00+00:00,7394.75,7394.75,7387.5,7391.75,10718
2026-05-12T17:40:00+00:00,7391.75,7394.75,7391.0,7393.0,7122
2026-05-12T17:45:00+00:00,7393.25,7394.25,7389.25,7391.75,7347
2026-05-12T17:50:00+00:00,7392.0,7396.5,7390.25,7396.5,9206
2026-05-12T17:55:00+00:00,7396.25,7397.25,7392.5,7396.0,10060
2026-05-12T18:00:00+00:00,7396.0,7398.0,7392.5,7397.0,14782
2026-05-12T18:05:00+00:00,7396.75,7397.25,7392.5,7394.5,7273
2026-05-12T18:10:00+00:00,7394.5,7396.75,7392.0,7395.75,7595
2026-05-12T18:15:00+00:00,7396.0,7398.5,7395.25,7397.25,8244
2026-05-12T18:20:00+00:00,7397.5,7403.5,7397.0,7402.75,13183
2026-05-12T18:25:00+00:00,7403.0,7410.0,7403.0,7406.75,19018
2026-05-12T18:30:00+00:00,7406.75,7409.75,7405.5,7406.25,8332
2026-05-12T18:35:00+00:00,7406.0,7409.25,7403.5,7405.75,8621
2026-05-12T18:40:00+00:00,7405.75,7408.5,7405.25,7407.25,4193
2026-05-12T18:45:00+00:00,7407.5,7408.0,7402.5,7405.75,8276
2026-05-12T18:50:00+00:00,7405.75,7409.0,7404.0,7407.25,5977
2026-05-12T18:55:00+00:00,7407.0,7410.5,7404.5,7405.0,8454
2026-05-12T19:00:00+00:00,7405.0,7408.5,7404.75,7407.5,5064
2026-05-12T19:05:00+00:00,7407.5,7411.5,7405.75,7409.75,8540
2026-05-12T19:10:00+00:00,7409.5,7418.5,7409.5,7416.25,12624
2026-05-12T19:15:00+00:00,7416.5,7419.5,7414.75,7415.0,8800
2026-05-12T19:20:00+00:00,7415.25,7415.75,7410.5,7415.0,9006
2026-05-12T19:25:00+00:00,7414.75,7416.5,7414.5,7416.0,4274
2026-05-12T19:30:00+00:00,7416.0,7426.0,7415.75,7424.0,12078
2026-05-12T19:35:00+00:00,7424.25,7424.5,7422.0,7423.0,7144
2026-05-12T19:40:00+00:00,7423.0,7425.75,7421.0,7424.75,6013
2026-05-12T19:45:00+00:00,7424.75,7427.0,7422.5,7426.0,7520
2026-05-12T19:50:00+00:00,7426.0,7434.0,7426.0,7428.5,24919
2026-05-12T19:55:00+00:00,7428.75,7431.0,7424.5,7428.0,29507
2026-05-12T20:00:00+00:00,7428.0,7428.5,7418.25,7419.25,10860
2026-05-12T20:05:00+00:00,7419.25,7420.0,7416.5,7418.0,3245
2026-05-12T20:10:00+00:00,7418.0,7420.25,7415.5,7420.0,3006
2026-05-12T20:15:00+00:00,7420.0,7422.0,7419.0,7419.5,1683
2026-05-12T20:20:00+00:00,7419.5,7420.5,7418.0,7418.75,1053
2026-05-12T20:25:00+00:00,7418.75,7419.75,7416.25,7419.5,1804
2026-05-12T20:30:00+00:00,7419.25,7419.5,7416.0,7416.5,1471
2026-05-12T20:35:00+00:00,7416.25,7420.25,7416.0,7419.75,1999
2026-05-12T20:40:00+00:00,7419.75,7421.0,7419.25,7419.75,866
2026-05-12T20:45:00+00:00,7420.0,7420.5,7419.5,7420.0,878
2026-05-12T20:50:00+00:00,7420.0,7422.5,7420.0,7422.0,1369
2026-05-12T20:55:00+00:00,7421.75,7422.25,7419.75,7420.5,896
2026-05-12T22:00:00+00:00,7420.5,7424.5,7420.0,7424.0,0
2026-05-12T22:05:00+00:00,7424.0,7425.0,7422.75,7423.5,750
2026-05-12T22:10:00+00:00,7423.75,7424.0,7422.25,7422.75,479
2026-05-12T22:15:00+00:00,7422.75,7426.75,7422.5,7426.25,1068
2026-05-12T22:20:00+00:00,7426.5,7427.5,7425.75,7426.5,986
2026-05-12T22:25:00+00:00,7426.5,7427.25,7425.25,7425.5,501
2026-05-12T22:30:00+00:00,7425.25,7426.75,7424.75,7426.0,594
2026-05-12T22:35:00+00:00,7425.75,7426.5,7425.5,7425.5,386
2026-05-12T22:40:00+00:00,7425.5,7426.0,7424.25,7424.5,418
2026-05-12T22:45:00+00:00,7424.75,7426.0,7424.5,7424.75,284
2026-05-12T22:50:00+00:00,7424.75,7425.75,7423.5,7424.75,734
2026-05-12T22:55:00+00:00,7425.0,7425.0,7421.5,7421.75,1198
2026-05-12T23:00:00+00:00,7421.75,7423.0,7420.5,7420.5,1086
2026-05-12T23:05:00+00:00,7420.5,7422.0,7419.5,7420.75,1160
2026-05-12T23:10:00+00:00,7420.75,7423.25,7419.5,7420.75,1807
2026-05-12T23:15:00+00:00,7420.25,7421.75,7419.5,7419.75,532
2026-05-12T23:20:00+00:00,7419.75,7420.5,7418.5,7420.0,970
2026-05-12T23:25:00+00:00,7420.0,7420.5,7419.0,7419.25,680
2026-05-12T23:30:00+00:00,7419.25,7419.5,7418.0,7418.5,707
2026-05-12T23:35:00+00:00,7418.5,7418.75,7416.25,7416.25,983
2026-05-12T23:40:00+00:00,7416.5,7416.5,7412.25,7413.25,2082
2026-05-12T23:45:00+00:00,7413.0,7415.75,7412.5,7414.25,1337
2026-05-12T23:50:00+00:00,7414.0,7416.5,7414.0,7414.5,991
2026-05-12T23:55:00+00:00,7414.5,7414.75,7411.5,7411.75,1081
2026-05-13T00:00:00+00:00,7411.75,7416.0,7410.0,7414.75,3252
2026-05-13T00:05:00+00:00,7414.5,7416.5,7413.25,7413.5,1393
2026-05-13T00:10:00+00:00,7413.5,7414.25,7412.0,7412.5,1131
2026-05-13T00:15:00+00:00,7412.5,7420.5,7412.25,7419.75,2373
2026-05-13T00:20:00+00:00,7419.5,7423.25,7418.0,7420.0,2668
2026-05-13T00:25:00+00:00,7420.25,7420.75,7415.25,7417.25,1738
2026-05-13T00:30:00+00:00,7417.5,7418.0,7414.75,7417.5,1290
2026-05-13T00:35:00+00:00,7417.25,7420.25,7416.25,7419.75,1068
2026-05-13T00:40:00+00:00,7419.75,7421.75,7418.75,7420.0,1272
2026-05-13T00:45:00+00:00,7419.75,7420.0,7417.0,7417.5,929
2026-05-13T00:50:00+00:00,7417.25,7419.5,7415.75,7419.25,889
2026-05-13T00:55:00+00:00,7419.25,7421.25,7419.0,7420.25,813
2026-05-13T01:00:00+00:00,7420.25,7424.0,7419.75,7422.5,1623
2026-05-13T01:05:00+00:00,7422.75,7424.5,7421.0,7424.0,1197
2026-05-13T01:10:00+00:00,7424.25,7426.0,7423.25,7424.75,1398
2026-05-13T01:15:00+00:00,7425.0,7425.0,7421.75,7423.75,1206
2026-05-13T01:20:00+00:00,7423.5,7426.0,7422.75,7424.0,1500
2026-05-13T01:25:00+00:00,7424.0,7427.0,7423.25,7427.0,946
2026-05-13T01:30:00+00:00,7426.75,7428.25,7425.0,7425.5,1415
2026-05-13T01:35:00+00:00,7425.75,7428.25,7424.5,7428.0,1014
2026-05-13T01:40:00+00:00,7428.0,7429.75,7427.5,7429.25,1282
2026-05-13T01:45:00+00:00,7429.5,7433.0,7429.25,7433.0,2649
2026-05-13T01:50:00+00:00,7432.75,7436.5,7431.5,7432.0,3345
2026-05-13T01:55:00+00:00,7431.75,7432.5,7428.25,7429.0,1578
2026-05-13T02:00:00+00:00,7428.75,7431.25,7427.0,7427.25,2169
2026-05-13T02:05:00+00:00,7427.0,7427.75,7425.25,7426.0,1013
2026-05-13T02:10:00+00:00,7426.25,7429.0,7425.75,7427.5,1235
2026-05-13T02:15:00+00:00,7427.5,7429.0,7427.0,7428.75,756
2026-05-13T02:20:00+00:00,7429.0,7430.5,7428.25,7430.0,888
2026-05-13T02:25:00+00:00,7430.0,7431.5,7429.5,7431.0,867
2026-05-13T02:30:00+00:00,7431.25,7432.0,7430.75,7431.0,663
2026-05-13T02:35:00+00:00,7431.0,7431.25,7430.25,7430.25,378
2026-05-13T02:40:00+00:00,7430.5,7430.5,7429.0,7429.5,677
2026-05-13T02:45:00+00:00,7429.75,7430.5,7428.25,7429.0,771
2026-05-13T02:50:00+00:00,7429.0,7430.0,7428.75,7428.75,377
2026-05-13T02:55:00+00:00,7428.75,7430.5,7428.5,7429.5,614
2026-05-13T03:00:00+00:00,7429.0,7429.75,7426.25,7427.25,1143
2026-05-13T03:05:00+00:00,7427.0,7427.75,7425.75,7427.0,626
2026-05-13T03:10:00+00:00,7427.25,7429.5,7425.5,7425.75,1801
2026-05-13T03:15:00+00:00,7426.0,7428.75,7425.75,7428.5,850
2026-05-13T03:20:00+00:00,7428.5,7429.5,7428.5,7429.25,645
2026-05-13T03:25:00+00:00,7429.25,7431.0,7429.0,7431.0,499
2026-05-13T03:30:00+00:00,7431.0,7434.25,7430.75,7433.5,1145
2026-05-13T03:35:00+00:00,7433.5,7435.5,7433.0,7434.75,864
2026-05-13T03:40:00+00:00,7434.75,7436.0,7434.5,7435.5,767
2026-05-13T03:45:00+00:00,7435.25,7435.5,7434.25,7434.5,641
2026-05-13T03:50:00+00:00,7434.5,7435.25,7433.25,7434.25,884
2026-05-13T03:55:00+00:00,7434.25,7435.0,7434.0,7434.75,284
2026-05-13T04:05:00+00:00,7434.5,7434.75,7434.5,7434.5,1064
2026-05-13T04:10:00+00:00,7434.5,7435.0,7433.5,7435.0,402
2026-05-13T04:15:00+00:00,7435.0,7435.25,7434.25,7434.75,372
2026-05-13T04:20:00+00:00,7434.75,7435.75,7434.5,7435.25,322
2026-05-13T04:25:00+00:00,7435.5,7436.25,7435.5,7435.5,675
2026-05-13T04:30:00+00:00,7435.75,7437.25,7434.75,7435.0,880
2026-05-13T04:35:00+00:00,7434.75,7435.75,7433.25,7435.0,806
2026-05-13T04:40:00+00:00,7435.25,7436.0,7434.75,7435.75,429
2026-05-13T04:45:00+00:00,7435.75,7436.75,7435.75,7436.5,293
2026-05-13T04:50:00+00:00,7436.75,7437.5,7435.75,7437.25,432
2026-05-13T04:55:00+00:00,7437.5,7438.5,7436.75,7437.25,1309
2026-05-13T05:00:00+00:00,7437.25,7438.75,7435.75,7438.25,915
2026-05-13T05:05:00+00:00,7438.5,7439.25,7438.0,7438.25,785
2026-05-13T05:10:00+00:00,7438.5,7441.0,7438.5,7439.25,1817
2026-05-13T05:15:00+00:00,7439.0,7439.5,7437.75,7438.0,577
2026-05-13T05:20:00+00:00,7437.75,7441.0,7437.5,7440.75,829
2026-05-13T05:25:00+00:00,7440.75,7441.5,7440.0,7440.25,713
2026-05-13T05:30:00+00:00,7440.25,7441.25,7439.25,7440.25,749
2026-05-13T05:35:00+00:00,7440.25,7441.0,7439.75,7440.25,438
2026-05-13T05:40:00+00:00,7440.25,7440.75,7437.75,7438.75,888
2026-05-13T05:45:00+00:00,7439.25,7439.5,7438.75,7438.75,336
2026-05-13T05:50:00+00:00,7438.5,7439.5,7438.0,7439.0,299
2026-05-13T05:55:00+00:00,7438.75,7439.75,7438.75,7439.5,239
2026-05-13T06:00:00+00:00,7439.25,7440.25,7438.5,7440.0,670
2026-05-13T06:05:00+00:00,7440.0,7440.75,7439.5,7439.5,305
2026-05-13T06:10:00+00:00,7439.5,7441.5,7439.0,7441.25,657
2026-05-13T06:15:00+00:00,7441.5,7443.75,7441.0,7442.0,1942
2026-05-13T06:20:00+00:00,7441.75,7441.75,7438.5,7439.25,882
2026-05-13T06:25:00+00:00,7439.25,7440.25,7438.25,7439.0,370
2026-05-13T06:30:00+00:00,7438.75,7440.0,7438.25,7438.75,530
2026-05-13T06:35:00+00:00,7438.5,7439.75,7438.25,7438.75,296
2026-05-13T06:40:00+00:00,7438.5,7438.75,7437.75,7438.25,522
2026-05-13T06:45:00+00:00,7438.0,7438.0,7436.75,7437.25,494
2026-05-13T06:50:00+00:00,7437.0,7437.25,7434.25,7436.25,982
2026-05-13T06:55:00+00:00,7436.0,7437.5,7435.75,7437.5,464
2026-05-13T07:00:00+00:00,7437.75,7439.0,7436.25,7438.0,1182
2026-05-13T07:05:00+00:00,7438.0,7439.0,7436.0,7436.0,630
2026-05-13T07:10:00+00:00,7435.75,7437.5,7434.25,7437.25,813
2026-05-13T07:15:00+00:00,7437.0,7438.0,7436.25,7436.25,467
2026-05-13T07:20:00+00:00,7436.5,7437.75,7436.25,7436.5,493
2026-05-13T07:25:00+00:00,7436.5,7438.25,7436.5,7437.75,334
2026-05-13T07:30:00+00:00,7437.75,7439.0,7437.0,7439.0,335
2026-05-13T07:35:00+00:00,7438.75,7441.25,7438.75,7439.75,1192
2026-05-13T07:40:00+00:00,7439.75,7445.0,7439.5,7444.25,1745
2026-05-13T07:45:00+00:00,7444.0,7446.5,7443.75,7444.25,1566
2026-05-13T07:50:00+00:00,7444.25,7446.0,7442.75,7443.25,916
2026-05-13T07:55:00+00:00,7443.0,7445.25,7442.75,7445.0,863
2026-05-13T08:00:00+00:00,7445.25,7448.0,7444.0,7445.0,2287
2026-05-13T08:05:00+00:00,7445.0,7448.25,7445.0,7447.75,975
2026-05-13T08:10:00+00:00,7448.0,7451.5,7447.75,7451.25,3182
2026-05-13T08:15:00+00:00,7451.25,7453.0,7450.75,7451.0,2428
2026-05-13T08:20:00+00:00,7451.25,7453.25,7451.0,7451.75,1277
2026-05-13T08:25:00+00:00,7451.75,7452.75,7451.0,7452.25,559
2026-05-13T08:30:00+00:00,7452.5,7453.25,7451.5,7452.5,896
2026-05-13T08:35:00+00:00,7452.5,7453.0,7451.75,7453.0,630
2026-05-13T08:40:00+00:00,7453.0,7454.0,7452.25,7452.25,1058
2026-05-13T08:45:00+00:00,7452.25,7452.5,7446.25,7446.75,1578
2026-05-13T08:50:00+00:00,7447.0,7449.0,7446.0,7447.0,1192
2026-05-13T08:55:00+00:00,7447.0,7449.0,7446.0,7447.5,901
2026-05-13T09:00:00+00:00,7447.25,7447.75,7445.5,7446.25,1024
2026-05-13T09:05:00+00:00,7446.0,7446.5,7443.5,7444.5,1465
2026-05-13T09:10:00+00:00,7444.5,7444.75,7441.5,7442.0,1429
2026-05-13T09:15:00+00:00,7442.0,7443.75,7441.25,7442.0,1015
2026-05-13T09:20:00+00:00,7441.75,7442.25,7440.25,7440.75,1148
2026-05-13T09:25:00+00:00,7440.75,7442.75,7440.75,7441.5,584
2026-05-13T09:30:00+00:00,7441.25,7443.75,7439.25,7442.75,1158
2026-05-13T09:35:00+00:00,7443.0,7445.25,7442.75,7444.75,1694
2026-05-13T09:40:00+00:00,7445.0,7446.0,7443.5,7445.5,692
2026-05-13T09:45:00+00:00,7445.5,7446.0,7444.0,7444.75,552
2026-05-13T09:50:00+00:00,7445.0,7446.0,7444.0,7446.0,463
2026-05-13T09:55:00+00:00,7446.0,7447.75,7445.75,7447.0,921
2026-05-13T10:00:00+00:00,7447.0,7447.5,7446.25,7447.0,538
2026-05-13T10:05:00+00:00,7447.0,7448.5,7446.75,7448.25,526
2026-05-13T10:10:00+00:00,7448.25,7449.0,7442.0,7443.5,1986
2026-05-13T10:15:00+00:00,7443.75,7445.25,7443.25,7443.75,893
2026-05-13T10:20:00+00:00,7443.75,7446.0,7442.75,7443.75,1438
2026-05-13T10:25:00+00:00,7443.75,7444.0,7441.5,7442.25,590
2026-05-13T10:30:00+00:00,7442.75,7444.0,7439.75,7440.5,1120
2026-05-13T10:35:00+00:00,7440.25,7441.75,7439.25,7441.5,1028
2026-05-13T10:40:00+00:00,7441.5,7444.0,7441.25,7443.75,865
2026-05-13T10:45:00+00:00,7443.75,7445.25,7443.25,7444.0,717
2026-05-13T10:50:00+00:00,7443.5,7444.0,7442.5,7443.0,514
2026-05-13T10:55:00+00:00,7443.0,7443.25,7441.25,7442.5,624
2026-05-13T11:00:00+00:00,7442.5,7445.0,7440.75,7440.75,1408
2026-05-13T11:05:00+00:00,7440.75,7441.5,7438.5,7441.0,1475
2026-05-13T11:10:00+00:00,7440.75,7441.75,7439.0,7440.75,1054
2026-05-13T11:15:00+00:00,7440.5,7442.0,7439.5,7440.0,891
2026-05-13T11:20:00+00:00,7440.25,7440.75,7438.25,7439.75,1098
2026-05-13T11:25:00+00:00,7439.25,7440.75,7438.75,7440.75,711
2026-05-13T11:30:00+00:00,7440.75,7444.5,7439.75,7443.25,1830
2026-05-13T11:35:00+00:00,7443.5,7444.0,7441.5,7442.25,834
2026-05-13T11:40:00+00:00,7442.25,7442.75,7441.0,7442.25,726
2026-05-13T11:45:00+00:00,7442.0,7443.0,7440.75,7441.0,964
2026-05-13T11:50:00+00:00,7441.0,7442.0,7440.0,7441.5,937
2026-05-13T11:55:00+00:00,7442.0,7442.5,7441.0,7441.25,768
2026-05-13T12:00:00+00:00,7441.25,7446.25,7441.0,7445.75,1792
2026-05-13T12:05:00+00:00,7445.75,7446.0,7442.5,7442.75,1394
2026-05-13T12:10:00+00:00,7442.5,7442.75,7440.5,7440.75,1408
2026-05-13T12:15:00+00:00,7441.0,7441.5,7437.5,7438.25,2095
2026-05-13T12:20:00+00:00,7438.5,7438.5,7432.5,7436.0,5287
2026-05-13T12:25:00+00:00,7436.0,7439.5,7435.75,7439.5,2043
2026-05-13T12:30:00+00:00,7439.25,7439.75,7419.75,7424.5,13708
2026-05-13T12:35:00+00:00,7424.5,7427.0,7419.5,7420.25,6624
2026-05-13T12:40:00+00:00,7420.5,7423.75,7416.5,7423.0,7004
2026-05-13T12:45:00+00:00,7423.0,7424.5,7420.75,7421.75,3535
2026-05-13T12:50:00+00:00,7421.75,7424.0,7418.0,7418.75,3534
2026-05-13T12:55:00+00:00,7418.5,7423.25,7418.0,7421.0,4550
2026-05-13T13:00:00+00:00,7421.25,7431.0,7421.0,7430.5,7501
2026-05-13T13:05:00+00:00,7430.25,7432.25,7428.75,7429.75,4913
2026-05-13T13:10:00+00:00,7429.75,7432.0,7429.0,7431.25,2496
2026-05-13T13:15:00+00:00,7431.5,7433.25,7431.0,7432.75,2571
2026-05-13T13:20:00+00:00,7433.0,7435.0,7432.25,7433.5,4071
2026-05-13T13:25:00+00:00,7433.75,7434.75,7428.5,7429.5,7552
2026-05-13T13:30:00+00:00,7429.25,7429.5,7416.75,7420.25,31012
2026-05-13T13:35:00+00:00,7420.5,7420.5,7411.0,7412.25,21689
2026-05-13T13:40:00+00:00,7412.25,7419.0,7409.5,7413.25,26969
2026-05-13T13:45:00+00:00,7413.25,7413.5,7399.0,7407.75,36067
2026-05-13T13:50:00+00:00,7407.75,7414.5,7404.0,7414.25,21430
2026-05-13T13:55:00+00:00,7414.25,7417.0,7408.5,7413.25,20367
2026-05-13T14:00:00+00:00,7413.25,7418.5,7412.0,7416.5,17537
2026-05-13T14:05:00+00:00,7416.5,7419.5,7414.5,7415.5,14201
2026-05-13T14:10:00+00:00,7415.25,7421.25,7414.0,7420.5,14926
2026-05-13T14:15:00+00:00,7420.25,7422.25,7415.75,7417.5,14618
2026-05-13T14:20:00+00:00,7417.5,7429.25,7416.75,7428.75,19363
2026-05-13T14:25:00+00:00,7428.75,7432.0,7426.5,7427.5,17760
2026-05-13T14:30:00+00:00,7427.5,7431.25,7425.5,7431.25,11901
2026-05-13T14:35:00+00:00,7431.0,7431.5,7422.0,7424.0,16908
2026-05-13T14:40:00+00:00,7424.0,7430.0,7422.0,7428.5,14072
2026-05-13T14:45:00+00:00,7428.5,7430.25,7425.25,7429.25,8571
2026-05-13T14:50:00+00:00,7429.5,7434.25,7428.0,7433.25,11831
2026-05-13T14:55:00+00:00,7433.5,7434.5,7430.75,7432.75,9344
2026-05-13T15:00:00+00:00,7433.0,7438.25,7432.5,7436.25,13314
2026-05-13T15:05:00+00:00,7436.25,7436.5,7432.75,7435.75,9026
2026-05-13T15:10:00+00:00,7435.75,7436.75,7431.25,7434.0,8653
2026-05-13T15:15:00+00:00,7434.0,7437.25,7433.75,7437.0,6259
2026-05-13T15:20:00+00:00,7437.25,7438.25,7435.5,7436.5,6379
2026-05-13T15:25:00+00:00,7436.75,7438.0,7433.5,7437.25,7957
2026-05-13T15:30:00+00:00,7437.25,7440.75,7433.75,7440.5,11364
2026-05-13T15:35:00+00:00,7440.5,7442.75,7439.75,7442.25,8444
2026-05-13T15:40:00+00:00,7442.5,7447.0,7442.25,7445.5,11411
2026-05-13T15:45:00+00:00,7445.75,7446.0,7443.0,7443.5,8337
2026-05-13T15:50:00+00:00,7443.25,7444.75,7439.75,7444.0,9946
2026-05-13T15:55:00+00:00,7444.0,7444.25,7440.0,7442.0,6777
2026-05-13T16:00:00+00:00,7442.0,7446.5,7439.75,7446.25,8116
2026-05-13T16:05:00+00:00,7446.5,7448.25,7444.0,7448.0,7849
2026-05-13T16:10:00+00:00,7448.0,7451.75,7447.0,7451.25,9319
2026-05-13T16:15:00+00:00,7451.25,7453.25,7449.5,7451.75,9183
2026-05-13T16:20:00+00:00,7452.0,7463.75,7451.25,7461.25,20961
2026-05-13T16:25:00+00:00,7461.5,7464.75,7457.75,7462.25,14157
2026-05-13T16:30:00+00:00,7462.25,7463.5,7458.75,7462.25,10331
2026-05-13T16:35:00+00:00,7462.25,7463.5,7460.75,7461.75,5298
2026-05-13T16:40:00+00:00,7461.75,7463.25,7460.75,7461.0,4169
2026-05-13T16:45:00+00:00,7461.0,7462.5,7459.0,7460.25,6015
2026-05-13T16:50:00+00:00,7460.25,7463.5,7459.75,7463.25,5841
2026-05-13T16:55:00+00:00,7463.5,7467.75,7463.25,7465.25,12837
2026-05-13T17:00:00+00:00,7465.5,7470.75,7465.5,7469.0,6939
2026-05-13T17:05:00+00:00,7469.25,7473.75,7469.0,7472.0,8056
2026-05-13T17:10:00+00:00,7472.0,7474.0,7470.5,7471.25,5360
2026-05-13T17:15:00+00:00,7471.25,7472.5,7468.75,7469.5,5863
2026-05-13T17:20:00+00:00,7469.5,7471.5,7468.25,7468.25,5311
2026-05-13T17:25:00+00:00,7468.25,7473.0,7467.75,7471.0,5894
2026-05-13T17:30:00+00:00,7470.75,7471.75,7467.25,7467.5,5348
2026-05-13T17:35:00+00:00,7467.5,7470.0,7466.5,7468.5,5859
2026-05-13T17:40:00+00:00,7468.5,7471.5,7468.5,7471.0,4132
2026-05-13T17:45:00+00:00,7471.0,7472.5,7470.25,7470.5,4435
2026-05-13T17:50:00+00:00,7470.5,7472.5,7470.0,7470.0,2634
2026-05-13T17:55:00+00:00,7470.0,7470.5,7466.0,7466.25,5319
2026-05-13T18:00:00+00:00,7466.25,7472.25,7465.75,7472.0,6726
2026-05-13T18:05:00+00:00,7472.0,7473.5,7470.5,7472.5,6043
2026-05-13T18:10:00+00:00,7472.5,7478.75,7472.25,7478.0,10142
2026-05-13T18:15:00+00:00,7478.25,7483.75,7478.25,7481.0,12186
2026-05-13T18:20:00+00:00,7481.0,7483.75,7480.25,7481.75,6145
2026-05-13T18:25:00+00:00,7481.75,7482.75,7479.75,7480.25,4256
2026-05-13T18:30:00+00:00,7480.25,7480.25,7476.75,7478.25,7511
2026-05-13T18:35:00+00:00,7478.0,7478.25,7473.25,7475.5,7760
2026-05-13T18:40:00+00:00,7475.5,7477.25,7473.25,7473.25,5177
2026-05-13T18:45:00+00:00,7473.25,7477.25,7473.0,7475.5,5337
2026-05-13T18:50:00+00:00,7475.5,7478.5,7474.5,7477.25,7358
2026-05-13T18:55:00+00:00,7477.5,7477.5,7470.75,7471.25,7640
2026-05-13T19:00:00+00:00,7471.5,7476.5,7471.25,7476.25,6787
2026-05-13T19:05:00+00:00,7476.25,7478.75,7473.75,7478.25,7068
2026-05-13T19:10:00+00:00,7478.0,7480.5,7477.75,7480.5,5760
2026-05-13T19:15:00+00:00,7480.25,7482.25,7478.25,7481.0,5335
2026-05-13T19:20:00+00:00,7481.5,7482.0,7475.5,7476.0,6471
2026-05-13T19:25:00+00:00,7476.0,7479.75,7475.0,7479.75,6593
2026-05-13T19:30:00+00:00,7479.75,7480.25,7475.5,7476.5,6094
2026-05-13T19:35:00+00:00,7476.75,7479.5,7475.0,7478.75,5009
2026-05-13T19:40:00+00:00,7478.75,7480.0,7477.75,7479.75,4749
2026-05-13T19:45:00+00:00,7479.75,7481.25,7478.25,7478.75,5584
2026-05-13T19:50:00+00:00,7479.0,7479.0,7468.0,7470.0,24076
2026-05-13T19:55:00+00:00,7470.25,7471.25,7467.75,7468.5,21095
2026-05-13T20:00:00+00:00,7468.75,7472.0,7466.75,7469.25,9310
2026-05-13T20:05:00+00:00,7469.25,7472.75,7468.5,7471.5,3082
2026-05-13T20:10:00+00:00,7471.75,7473.75,7470.75,7472.5,2256
2026-05-13T20:15:00+00:00,7472.5,7473.75,7472.25,7472.75,1521
2026-05-13T20:20:00+00:00,7472.5,7473.75,7472.0,7473.5,923
2026-05-13T20:25:00+00:00,7473.25,7474.75,7472.5,7474.25,1240
2026-05-13T20:30:00+00:00,7474.25,7477.25,7473.75,7476.75,2885
2026-05-13T20:35:00+00:00,7476.75,7478.0,7476.75,7477.25,1511
2026-05-13T20:40:00+00:00,7477.25,7477.75,7476.0,7476.75,1397
2026-05-13T20:45:00+00:00,7476.5,7476.5,7474.75,7475.25,1073
2026-05-13T20:50:00+00:00,7475.25,7476.75,7475.0,7475.75,1717
2026-05-13T20:55:00+00:00,7475.75,7476.25,7475.5,7476.25,776
2026-05-13T22:00:00+00:00,7477.25,7478.0,7472.75,7476.75,0
2026-05-13T22:05:00+00:00,7477.0,7478.75,7475.75,7476.5,1046
2026-05-13T22:10:00+00:00,7476.0,7477.5,7475.75,7476.75,329
2026-05-13T22:15:00+00:00,7477.0,7479.25,7475.5,7476.0,1516
2026-05-13T22:20:00+00:00,7476.0,7476.25,7474.25,7474.5,804
2026-05-13T22:25:00+00:00,7474.75,7476.0,7474.25,7475.75,433
2026-05-13T22:30:00+00:00,7475.5,7476.5,7475.25,7476.25,408
2026-05-13T22:35:00+00:00,7476.25,7477.0,7475.75,7476.0,413
2026-05-13T22:40:00+00:00,7475.75,7478.25,7475.75,7478.25,482
2026-05-13T22:45:00+00:00,7478.0,7480.0,7477.75,7479.75,1354
2026-05-13T22:50:00+00:00,7479.75,7481.75,7479.5,7480.0,1607
2026-05-13T22:55:00+00:00,7479.75,7480.25,7478.5,7478.75,900
2026-05-13T23:00:00+00:00,7479.0,7481.75,7479.0,7481.25,1191
2026-05-13T23:05:00+00:00,7481.25,7483.75,7481.0,7481.5,2168
2026-05-13T23:10:00+00:00,7481.5,7483.25,7481.0,7482.5,900
2026-05-13T23:15:00+00:00,7482.25,7482.75,7481.5,7481.75,654
2026-05-13T23:20:00+00:00,7481.5,7482.0,7479.5,7480.5,1048
2026-05-13T23:25:00+00:00,7480.25,7480.75,7479.0,7479.75,594
2026-05-13T23:30:00+00:00,7479.5,7480.5,7477.0,7478.5,1581
2026-05-13T23:35:00+00:00,7478.5,7478.75,7477.25,7477.5,515
2026-05-13T23:40:00+00:00,7477.75,7479.0,7477.0,7478.5,597
2026-05-13T23:45:00+00:00,7478.5,7479.75,7477.5,7477.75,829
2026-05-13T23:50:00+00:00,7477.75,7481.0,7477.25,7480.5,994
2026-05-13T23:55:00+00:00,7480.5,7480.75,7479.5,7480.5,487
2026-05-14T00:00:00+00:00,7480.25,7480.75,7475.25,7476.25,2133
2026-05-14T00:05:00+00:00,7476.5,7479.75,7476.25,7478.0,1248
2026-05-14T00:10:00+00:00,7478.25,7481.25,7477.5,7481.0,1078
2026-05-14T00:15:00+00:00,7481.0,7484.25,7479.75,7481.0,2231
2026-05-14T00:20:00+00:00,7481.25,7483.5,7480.25,7483.5,1239
2026-05-14T00:25:00+00:00,7483.75,7485.25,7483.5,7484.25,1921
2026-05-14T00:30:00+00:00,7484.5,7488.75,7484.5,7486.0,3386
2026-05-14T00:35:00+00:00,7485.75,7487.0,7485.25,7486.75,672
2026-05-14T00:40:00+00:00,7486.75,7487.0,7485.0,7486.25,788
2026-05-14T00:45:00+00:00,7486.5,7488.25,7486.25,7487.75,1101
2026-05-14T00:50:00+00:00,7487.75,7488.25,7485.75,7487.25,1474
2026-05-14T00:55:00+00:00,7487.25,7489.0,7487.25,7487.75,914
2026-05-14T01:00:00+00:00,7487.5,7487.75,7485.25,7486.5,1331
2026-05-14T01:05:00+00:00,7486.5,7486.75,7484.75,7485.5,785
2026-05-14T01:10:00+00:00,7485.75,7486.75,7484.5,7485.25,919
2026-05-14T01:15:00+00:00,7485.25,7485.75,7482.25,7483.5,1468
2026-05-14T01:20:00+00:00,7483.75,7485.75,7483.0,7484.75,1556
2026-05-14T01:25:00+00:00,7484.75,7486.75,7484.5,7486.25,1168
2026-05-14T01:30:00+00:00,7486.25,7487.25,7483.5,7483.75,1010
2026-05-14T01:35:00+00:00,7483.75,7484.5,7483.0,7484.0,750
2026-05-14T01:40:00+00:00,7484.25,7485.0,7480.75,7482.5,1440
2026-05-14T01:45:00+00:00,7482.5,7482.75,7478.75,7481.5,1973
2026-05-14T01:50:00+00:00,7481.5,7482.25,7479.25,7480.5,938
2026-05-14T01:55:00+00:00,7480.5,7480.5,7477.5,7478.75,1255
2026-05-14T02:00:00+00:00,7478.75,7481.5,7477.5,7481.25,1151
2026-05-14T02:05:00+00:00,7481.5,7481.75,7479.75,7481.0,586
2026-05-14T02:10:00+00:00,7481.0,7481.0,7479.0,7480.0,616
2026-05-14T02:15:00+00:00,7480.0,7480.75,7479.0,7479.25,830
2026-05-14T02:20:00+00:00,7479.0,7481.5,7478.75,7480.5,829
2026-05-14T02:25:00+00:00,7480.5,7482.25,7480.25,7481.75,502
2026-05-14T02:30:00+00:00,7481.75,7483.25,7480.75,7482.5,700
2026-05-14T02:35:00+00:00,7482.25,7484.0,7482.25,7482.5,514
2026-05-14T02:40:00+00:00,7482.5,7483.0,7481.5,7482.75,398
2026-05-14T02:45:00+00:00,7482.75,7483.0,7477.25,7478.75,1825
2026-05-14T02:50:00+00:00,7478.5,7480.0,7476.25,7479.0,1039
2026-05-14T02:55:00+00:00,7479.25,7479.25,7477.75,7478.5,413
2026-05-14T03:00:00+00:00,7478.5,7481.25,7477.25,7481.0,862
2026-05-14T03:05:00+00:00,7481.0,7481.25,7479.25,7480.75,539
2026-05-14T03:10:00+00:00,7481.0,7482.0,7480.25,7481.25,665
2026-05-14T03:15:00+00:00,7481.25,7482.75,7479.25,7479.5,899
2026-05-14T03:20:00+00:00,7479.5,7479.75,7477.25,7477.5,1146
2026-05-14T03:25:00+00:00,7477.5,7480.75,7477.5,7480.25,561
2026-05-14T03:30:00+00:00,7480.0,7480.5,7475.75,7476.75,1131
2026-05-14T03:35:00+00:00,7476.75,7477.25,7474.0,7474.25,1377
2026-05-14T03:40:00+00:00,7474.25,7476.0,7473.75,7475.0,1286
2026-05-14T03:45:00+00:00,7475.0,7476.0,7472.25,7473.5,1460
2026-05-14T03:50:00+00:00,7473.5,7474.5,7473.0,7474.0,470
2026-05-14T03:55:00+00:00,7474.0,7474.0,7471.75,7472.5,780
2026-05-14T04:05:00+00:00,7473.5,7474.75,7473.5,7474.5,1613
2026-05-14T04:10:00+00:00,7474.25,7475.5,7473.75,7474.75,710
2026-05-14T04:15:00+00:00,7475.0,7476.25,7474.0,7475.75,510
2026-05-14T04:20:00+00:00,7475.75,7477.75,7475.5,7477.0,605
2026-05-14T04:25:00+00:00,7477.25,7478.5,7477.0,7477.5,598
2026-05-14T04:30:00+00:00,7477.5,7478.5,7477.25,7478.25,287
2026-05-14T04:35:00+00:00,7478.25,7479.25,7477.75,7479.25,449
2026-05-14T04:40:00+00:00,7479.25,7480.0,7478.0,7479.0,880
2026-05-14T04:45:00+00:00,7479.25,7481.75,7478.25,7481.0,823
2026-05-14T04:50:00+00:00,7480.75,7480.75,7477.25,7478.75,895
2026-05-14T04:55:00+00:00,7478.5,7479.0,7476.75,7477.5,429
2026-05-14T05:00:00+00:00,7477.5,7479.25,7476.25,7479.0,857
2026-05-14T05:05:00+00:00,7479.0,7479.75,7477.0,7477.75,509
2026-05-14T05:10:00+00:00,7477.5,7479.0,7475.5,7476.25,608
2026-05-14T05:15:00+00:00,7476.25,7476.25,7473.0,7474.0,1056
2026-05-14T05:20:00+00:00,7474.25,7477.75,7474.0,7476.5,665
2026-05-14T05:25:00+00:00,7476.25,7476.75,7475.25,7476.75,428
2026-05-14T05:30:00+00:00,7476.75,7478.75,7475.75,7477.0,673
2026-05-14T05:35:00+00:00,7477.0,7478.0,7475.75,7476.5,547
2026-05-14T05:40:00+00:00,7476.5,7477.5,7474.75,7477.0,725
2026-05-14T05:45:00+00:00,7477.0,7486.5,7476.75,7480.75,4229
2026-05-14T05:50:00+00:00,7481.0,7484.0,7481.0,7484.0,973
2026-05-14T05:55:00+00:00,7483.75,7484.0,7481.25,7483.0,732
2026-05-14T06:00:00+00:00,7483.25,7486.75,7483.0,7486.5,1242
2026-05-14T06:05:00+00:00,7486.5,7489.5,7486.5,7487.75,1905
2026-05-14T06:10:00+00:00,7488.0,7488.75,7484.5,7487.0,1160
2026-05-14T06:15:00+00:00,7487.0,7487.25,7485.25,7486.0,762
2026-05-14T06:20:00+00:00,7486.25,7489.25,7486.0,7487.5,984
2026-05-14T06:25:00+00:00,7487.25,7488.25,7486.25,7486.5,810
2026-05-14T06:30:00+00:00,7486.75,7487.75,7486.5,7487.5,517
2026-05-14T06:35:00+00:00,7487.25,7489.0,7487.25,7488.75,860
2026-05-14T06:40:00+00:00,7488.75,7489.25,7486.75,7488.0,841
2026-05-14T06:45:00+00:00,7488.25,7488.75,7485.75,7486.0,997
2026-05-14T06:50:00+00:00,7486.25,7488.5,7485.75,7488.5,504
2026-05-14T06:55:00+00:00,7488.25,7488.75,7484.75,7485.0,784
2026-05-14T07:00:00+00:00,7484.75,7486.75,7483.0,7485.25,1351
2026-05-14T07:05:00+00:00,7485.0,7485.0,7481.0,7482.5,1428
2026-05-14T07:10:00+00:00,7482.75,7483.75,7481.25,7483.5,674
2026-05-14T07:15:00+00:00,7483.5,7485.25,7482.75,7484.5,872
2026-05-14T07:20:00+00:00,7484.5,7485.5,7483.25,7484.0,558
2026-05-14T07:25:00+00:00,7484.0,7485.5,7483.75,7484.5,523
2026-05-14T07:30:00+00:00,7484.5,7487.5,7484.5,7486.5,1130
2026-05-14T07:35:00+00:00,7486.75,7488.5,7486.5,7487.25,582
2026-05-14T07:40:00+00:00,7487.5,7489.0,7486.75,7486.75,464
2026-05-14T07:45:00+00:00,7486.75,7488.5,7485.5,7485.75,529
2026-05-14T07:50:00+00:00,7485.75,7488.0,7484.0,7484.75,609
2026-05-14T07:55:00+00:00,7484.75,7485.25,7478.0,7479.25,1413
2026-05-14T08:00:00+00:00,7479.5,7482.25,7478.25,7478.75,1839
2026-05-14T08:05:00+00:00,7478.75,7484.5,7478.0,7482.5,1496
2026-05-14T08:10:00+00:00,7482.5,7486.5,7481.75,7486.25,1037
2026-05-14T08:15:00+00:00,7486.5,7491.75,7486.25,7488.0,2592
2026-05-14T08:20:00+00:00,7487.75,7489.25,7486.25,7486.25,1033
2026-05-14T08:25:00+00:00,7486.25,7489.75,7486.25,7488.25,1432
2026-05-14T08:30:00+00:00,7488.25,7491.0,7488.0,7488.75,1367
2026-05-14T08:35:00+00:00,7488.5,7489.75,7486.5,7487.0,831
2026-05-14T08:40:00+00:00,7487.0,7488.0,7482.75,7483.75,1241
2026-05-14T08:45:00+00:00,7483.75,7485.0,7482.0,7483.75,909
2026-05-14T08:50:00+00:00,7483.75,7486.75,7483.0,7485.75,744
2026-05-14T08:55:00+00:00,7486.0,7488.25,7485.5,7487.75,849
2026-05-14T09:00:00+00:00,7488.0,7490.25,7487.5,7487.75,845
2026-05-14T09:05:00+00:00,7487.75,7488.75,7486.5,7487.75,569
2026-05-14T09:10:00+00:00,7487.75,7490.25,7482.75,7485.75,4577
2026-05-14T09:15:00+00:00,7485.25,7486.25,7483.75,7484.5,593
2026-05-14T09:20:00+00:00,7485.25,7486.0,7483.75,7484.0,569
2026-05-14T09:25:00+00:00,7484.0,7484.75,7482.0,7483.25,1142
2026-05-14T09:30:00+00:00,7483.0,7484.75,7482.0,7484.25,887
2026-05-14T09:35:00+00:00,7484.25,7484.25,7475.0,7477.25,3254
2026-05-14T09:40:00+00:00,7477.0,7481.0,7477.0,7480.75,1259
2026-05-14T09:45:00+00:00,7480.75,7485.5,7479.5,7485.25,1096
2026-05-14T09:50:00+00:00,7485.25,7486.5,7484.5,7485.5,911
2026-05-14T09:55:00+00:00,7485.5,7486.0,7484.75,7485.25,446
2026-05-14T10:00:00+00:00,7485.0,7488.75,7484.5,7488.75,1184
2026-05-14T10:05:00+00:00,7488.75,7489.5,7488.0,7488.75,823
2026-05-14T10:10:00+00:00,7488.75,7496.25,7488.0,7489.25,7638
2026-05-14T10:15:00+00:00,7489.5,7493.75,7487.75,7492.25,2220
2026-05-14T10:20:00+00:00,7492.25,7492.75,7487.5,7488.0,1697
2026-05-14T10:25:00+00:00,7488.0,7491.75,7488.0,7489.25,1360
2026-05-14T10:30:00+00:00,7489.0,7490.25,7487.0,7487.5,861
2026-05-14T10:35:00+00:00,7487.5,7488.5,7486.0,7486.25,832
2026-05-14T10:40:00+00:00,7486.0,7486.25,7483.0,7485.25,1369
2026-05-14T10:45:00+00:00,7485.5,7486.5,7484.0,7486.5,768
2026-05-14T10:50:00+00:00,7486.75,7492.75,7486.0,7491.0,2623
2026-05-14T10:55:00+00:00,7491.25,7491.75,7488.0,7488.5,1329
2026-05-14T11:00:00+00:00,7488.25,7492.0,7488.0,7491.5,1029
2026-05-14T11:05:00+00:00,7491.5,7494.0,7490.25,7493.75,1087
2026-05-14T11:10:00+00:00,7493.75,7495.0,7492.75,7493.5,1335
2026-05-14T11:15:00+00:00,7493.25,7494.0,7492.0,7492.0,888
2026-05-14T11:20:00+00:00,7492.0,7494.0,7487.75,7488.5,1616
2026-05-14T11:25:00+00:00,7488.5,7488.5,7485.25,7486.5,1414
2026-05-14T11:30:00+00:00,7486.5,7489.75,7486.5,7489.0,1143
2026-05-14T11:35:00+00:00,7489.25,7490.75,7488.5,7489.75,627
2026-05-14T11:40:00+00:00,7489.75,7490.75,7489.25,7490.25,716
2026-05-14T11:45:00+00:00,7490.25,7494.25,7490.0,7494.25,1368
2026-05-14T11:50:00+00:00,7494.0,7494.75,7493.25,7494.0,1110
2026-05-14T11:55:00+00:00,7493.75,7494.75,7491.0,7491.0,1687
2026-05-14T12:00:00+00:00,7491.0,7496.0,7491.0,7495.5,2686
2026-05-14T12:05:00+00:00,7495.25,7496.75,7495.0,7495.75,1421
2026-05-14T12:10:00+00:00,7496.0,7496.75,7493.0,7493.75,1554
2026-05-14T12:15:00+00:00,7494.0,7496.0,7493.75,7494.25,1128
2026-05-14T12:20:00+00:00,7494.5,7499.0,7494.5,7497.75,2586
2026-05-14T12:25:00+00:00,7498.0,7499.25,7495.5,7496.25,2334
2026-05-14T12:30:00+00:00,7496.75,7497.0,7492.25,7495.75,3499
2026-05-14T12:35:00+00:00,7495.75,7496.25,7492.25,7493.5,1795
2026-05-14T12:40:00+00:00,7493.5,7494.75,7492.25,7492.5,1258
2026-05-14T12:45:00+00:00,7492.25,7492.75,7490.5,7491.75,2137
2026-05-14T12:50:00+00:00,7491.75,7491.75,7487.5,7488.0,2289
2026-05-14T12:55:00+00:00,7487.75,7490.5,7486.25,7489.75,2897
2026-05-14T13:00:00+00:00,7489.5,7489.5,7487.0,7489.0,2112
2026-05-14T13:05:00+00:00,7488.75,7489.25,7485.0,7485.25,2792
2026-05-14T13:10:00+00:00,7485.25,7486.25,7481.75,7485.0,4619
2026-05-14T13:15:00+00:00,7485.0,7486.0,7483.75,7483.75,2948
2026-05-14T13:20:00+00:00,7484.0,7487.25,7483.5,7486.75,2859
2026-05-14T13:25:00+00:00,7486.5,7486.5,7480.5,7481.0,7994
2026-05-14T13:30:00+00:00,7481.0,7492.75,7479.75,7492.25,28069
2026-05-14T13:35:00+00:00,7492.25,7498.25,7487.0,7497.5,20491
2026-05-14T13:40:00+00:00,7497.25,7500.5,7496.5,7498.25,19308
2026-05-14T13:45:00+00:00,7498.25,7503.25,7496.0,7501.0,25632
2026-05-14T13:50:00+00:00,7501.25,7503.5,7493.25,7494.5,23532
2026-05-14T13:55:00+00:00,7494.25,7499.0,7486.25,7488.25,24699
2026-05-14T14:00:00+00:00,7488.25,7497.25,7486.75,7496.75,19306
2026-05-14T14:05:00+00:00,7497.0,7499.25,7492.0,7494.5,16932
2026-05-14T14:10:00+00:00,7494.75,7500.5,7492.25,7499.0,13439
2026-05-14T14:15:00+00:00,7499.0,7505.5,7498.75,7505.0,14214
2026-05-14T14:20:00+00:00,7505.0,7508.0,7502.75,7503.5,15934
2026-05-14T14:25:00+00:00,7503.75,7504.0,7499.25,7503.75,15198
2026-05-14T14:30:00+00:00,7503.75,7504.75,7501.5,7504.0,10424
2026-05-14T14:35:00+00:00,7504.0,7511.0,7501.75,7510.75,13303
2026-05-14T14:40:00+00:00,7510.5,7514.75,7509.5,7514.5,14596
2026-05-14T14:45:00+00:00,7514.5,7517.25,7514.5,7517.0,12628
2026-05-14T14:50:00+00:00,7516.75,7520.25,7514.75,7517.75,16400
2026-05-14T14:55:00+00:00,7518.0,7520.0,7515.75,7516.25,9842
2026-05-14T15:00:00+00:00,7516.5,7523.0,7515.5,7520.75,12752
2026-05-14T15:05:00+00:00,7520.5,7523.25,7520.0,7522.0,8082
2026-05-14T15:10:00+00:00,7522.25,7525.0,7521.5,7524.75,7495
2026-05-14T15:15:00+00:00,7525.0,7530.25,7525.0,7529.25,12540
2026-05-14T15:20:00+00:00,7529.0,7532.25,7528.0,7529.5,11434
2026-05-14T15:25:00+00:00,7529.75,7533.0,7529.5,7529.75,9545
2026-05-14T15:30:00+00:00,7529.75,7533.0,7529.0,7531.25,7629
2026-05-14T15:35:00+00:00,7531.5,7532.0,7526.5,7529.25,9633
2026-05-14T15:40:00+00:00,7529.25,7532.75,7528.0,7532.25,7553
2026-05-14T15:45:00+00:00,7532.25,7532.75,7530.25,7532.5,5121
2026-05-14T15:50:00+00:00,7532.5,7532.75,7530.75,7531.25,3706
2026-05-14T15:55:00+00:00,7531.0,7537.5,7531.0,7537.0,11275
2026-05-14T16:00:00+00:00,7537.25,7539.5,7536.25,7539.0,7956
2026-05-14T16:05:00+00:00,7539.0,7540.0,7536.0,7536.25,6479
2026-05-14T16:10:00+00:00,7536.25,7538.25,7533.5,7534.0,6898
2026-05-14T16:15:00+00:00,7534.0,7538.0,7534.0,7534.75,6462
2026-05-14T16:20:00+00:00,7534.75,7538.0,7530.75,7530.75,8696
2026-05-14T16:25:00+00:00,7531.0,7532.0,7522.75,7524.5,19917
2026-05-14T16:30:00+00:00,7524.25,7527.0,7518.0,7520.75,18345
2026-05-14T16:35:00+00:00,7520.5,7525.75,7520.0,7525.5,12481
2026-05-14T16:40:00+00:00,7525.75,7527.75,7522.25,7522.75,11190
2026-05-14T16:45:00+00:00,7522.75,7526.75,7518.75,7524.75,16208
2026-05-14T16:50:00+00:00,7525.0,7525.25,7519.25,7522.0,7567
2026-05-14T16:55:00+00:00,7522.0,7522.75,7515.75,7522.75,11201
2026-05-14T17:00:00+00:00,7522.5,7527.5,7522.25,7526.0,8510
2026-05-14T17:05:00+00:00,7526.0,7526.25,7518.5,7518.5,8979
2026-05-14T17:10:00+00:00,7518.5,7522.25,7513.75,7515.0,13093
2026-05-14T17:15:00+00:00,7514.75,7516.25,7508.0,7509.0,20338
2026-05-14T17:20:00+00:00,7509.0,7513.75,7507.0,7511.5,14650
2026-05-14T17:25:00+00:00,7511.5,7513.75,7507.25,7513.5,12414
2026-05-14T17:30:00+00:00,7513.5,7517.75,7511.0,7515.0,12679
2026-05-14T17:35:00+00:00,7515.0,7522.0,7514.75,7520.75,8742
2026-05-14T17:40:00+00:00,7521.0,7523.75,7518.0,7521.75,8867
2026-05-14T17:45:00+00:00,7521.75,7526.75,7521.5,7526.0,8317
2026-05-14T17:50:00+00:00,7525.75,7527.0,7522.5,7523.5,6417
2026-05-14T17:55:00+00:00,7523.25,7526.0,7521.25,7521.5,5686
2026-05-14T18:00:00+00:00,7521.5,7521.5,7510.75,7513.25,18056
2026-05-14T18:05:00+00:00,7513.25,7518.0,7512.0,7517.75,9350
2026-05-14T18:10:00+00:00,7517.75,7522.75,7516.0,7522.75,8799
2026-05-14T18:15:00+00:00,7522.75,7527.5,7522.0,7527.0,8159
2026-05-14T18:20:00+00:00,7527.0,7527.5,7522.5,7524.5,7303
2026-05-14T18:25:00+00:00,7524.25,7525.25,7518.0,7520.0,8990
2026-05-14T18:30:00+00:00,7520.0,7525.5,7519.75,7522.25,6652
2026-05-14T18:35:00+00:00,7522.25,7524.25,7519.5,7522.0,5259
2026-05-14T18:40:00+00:00,7522.0,7524.25,7517.75,7522.0,5527
2026-05-14T18:45:00+00:00,7521.75,7525.25,7519.25,7524.75,5931
2026-05-14T18:50:00+00:00,7524.5,7525.5,7522.0,7524.0,5548
2026-05-14T18:55:00+00:00,7524.0,7528.0,7523.25,7527.5,8573
2026-05-14T19:00:00+00:00,7527.5,7531.25,7527.25,7529.25,8526
2026-05-14T19:05:00+00:00,7529.25,7530.5,7526.25,7530.25,6528
2026-05-14T19:10:00+00:00,7530.25,7531.25,7526.0,7528.5,7329
2026-05-14T19:15:00+00:00,7528.5,7530.5,7527.75,7528.5,4457
2026-05-14T19:20:00+00:00,7528.5,7530.75,7527.25,7528.5,5498
2026-05-14T19:25:00+00:00,7528.5,7529.25,7524.5,7524.75,7451
2026-05-14T19:30:00+00:00,7525.0,7529.75,7524.0,7527.5,7843
2026-05-14T19:35:00+00:00,7527.5,7529.75,7525.25,7528.5,6590
2026-05-14T19:40:00+00:00,7528.25,7531.25,7527.75,7529.5,6909
2026-05-14T19:45:00+00:00,7529.5,7530.5,7526.75,7527.5,7779
2026-05-14T19:50:00+00:00,7527.75,7529.0,7522.75,7526.25,18805
2026-05-14T19:55:00+00:00,7526.5,7527.25,7522.5,7526.0,16831
2026-05-14T20:00:00+00:00,7526.0,7530.0,7525.75,7528.75,8379
2026-05-14T20:05:00+00:00,7528.75,7529.0,7527.25,7527.75,2004
2026-05-14T20:10:00+00:00,7527.5,7529.0,7526.75,7527.0,2157
2026-05-14T20:15:00+00:00,7526.75,7527.25,7519.75,7522.5,5052
2026-05-14T20:20:00+00:00,7522.5,7524.5,7519.25,7521.75,1988
2026-05-14T20:25:00+00:00,7521.5,7522.0,7518.5,7519.75,1351
2026-05-14T20:30:00+00:00,7519.5,7521.75,7519.0,7520.75,1285
2026-05-14T20:35:00+00:00,7520.75,7521.75,7519.0,7520.25,1325
2026-05-14T20:40:00+00:00,7520.0,7521.5,7518.25,7520.25,1171
2026-05-14T20:45:00+00:00,7520.25,7522.75,7519.75,7522.25,1609
2026-05-14T20:50:00+00:00,7522.25,7522.75,7520.0,7521.75,982
2026-05-14T20:55:00+00:00,7521.5,7523.25,7520.75,7523.0,935
2026-05-14T22:00:00+00:00,7522.5,7526.25,7521.5,7525.0,0
2026-05-14T22:05:00+00:00,7525.0,7527.0,7523.5,7524.0,1000
2026-05-14T22:10:00+00:00,7524.25,7524.25,7523.0,7523.5,473
2026-05-14T22:15:00+00:00,7523.5,7523.5,7520.5,7521.75,782
2026-05-14T22:20:00+00:00,7521.75,7522.75,7520.5,7521.75,621
2026-05-14T22:25:00+00:00,7521.5,7524.0,7521.5,7524.0,578
2026-05-14T22:30:00+00:00,7523.75,7525.75,7523.5,7524.25,628
2026-05-14T22:35:00+00:00,7524.25,7525.25,7523.75,7524.25,348
2026-05-14T22:40:00+00:00,7524.0,7524.75,7523.5,7524.25,279
2026-05-14T22:45:00+00:00,7524.5,7525.75,7524.0,7524.75,527
2026-05-14T22:50:00+00:00,7524.75,7525.0,7524.0,7524.5,222
2026-05-14T22:55:00+00:00,7524.5,7526.25,7523.75,7524.0,623
2026-05-14T23:00:00+00:00,7524.0,7526.0,7524.0,7525.5,579
2026-05-14T23:05:00+00:00,7525.5,7526.0,7524.75,7524.75,288
2026-05-14T23:10:00+00:00,7525.0,7526.5,7524.75,7526.5,368
2026-05-14T23:15:00+00:00,7526.25,7526.5,7525.25,7525.75,369
2026-05-14T23:20:00+00:00,7526.0,7526.0,7524.5,7524.75,360
2026-05-14T23:25:00+00:00,7524.5,7527.0,7524.0,7526.75,749
2026-05-14T23:30:00+00:00,7526.75,7527.75,7526.5,7527.25,660
2026-05-14T23:35:00+00:00,7527.25,7528.25,7527.0,7527.5,658
2026-05-14T23:40:00+00:00,7527.5,7527.75,7526.25,7526.25,402
2026-05-14T23:45:00+00:00,7526.5,7526.5,7522.5,7523.5,1728
2026-05-14T23:50:00+00:00,7523.5,7523.75,7521.75,7522.0,974
2026-05-14T23:55:00+00:00,7522.0,7522.25,7519.25,7521.0,1980
2026-05-15T00:00:00+00:00,7520.75,7521.75,7517.0,7518.75,2421
2026-05-15T00:05:00+00:00,7518.75,7522.75,7518.5,7522.25,1477
2026-05-15T00:10:00+00:00,7522.25,7522.5,7518.75,7522.25,1318
2026-05-15T00:15:00+00:00,7522.5,7526.5,7522.25,7525.5,1982
2026-05-15T00:20:00+00:00,7525.5,7526.5,7525.0,7526.0,784
2026-05-15T00:25:00+00:00,7526.25,7526.75,7524.5,7525.75,710
2026-05-15T00:30:00+00:00,7525.5,7525.5,7522.75,7524.75,1153
2026-05-15T00:35:00+00:00,7524.75,7525.25,7518.5,7520.75,1756
2026-05-15T00:40:00+00:00,7520.75,7521.75,7513.0,7517.0,3923
2026-05-15T00:45:00+00:00,7517.0,7518.75,7517.0,7518.0,1003
2026-05-15T00:50:00+00:00,7518.25,7519.25,7515.0,7518.75,1542
2026-05-15T00:55:00+00:00,7519.0,7519.5,7517.5,7519.0,689
2026-05-15T01:00:00+00:00,7518.75,7520.0,7516.0,7517.25,1277
2026-05-15T01:05:00+00:00,7517.25,7517.25,7514.0,7514.5,1240
2026-05-15T01:10:00+00:00,7514.5,7515.25,7513.0,7514.5,1469
2026-05-15T01:15:00+00:00,7514.25,7515.0,7511.25,7512.5,1539
2026-05-15T01:20:00+00:00,7512.5,7512.5,7509.0,7509.25,2867
2026-05-15T01:25:00+00:00,7509.5,7511.0,7503.5,7504.5,4511
2026-05-15T01:30:00+00:00,7504.25,7504.75,7498.0,7502.25,6579
2026-05-15T01:35:00+00:00,7502.5,7507.0,7502.5,7506.0,3263
2026-05-15T01:40:00+00:00,7506.0,7508.25,7503.75,7504.75,2790
2026-05-15T01:45:00+00:00,7504.5,7504.75,7497.5,7498.75,3967
2026-05-15T01:50:00+00:00,7499.0,7499.75,7494.25,7497.5,3713
2026-05-15T01:55:00+00:00,7497.5,7499.25,7494.5,7495.25,2272
2026-05-15T02:00:00+00:00,7495.25,7498.5,7494.0,7498.5,2775
2026-05-15T02:05:00+00:00,7498.5,7498.75,7493.75,7497.75,3452
2026-05-15T02:10:00+00:00,7497.75,7500.25,7496.75,7497.75,2347
2026-05-15T02:15:00+00:00,7497.75,7500.25,7496.5,7500.25,2335
2026-05-15T02:20:00+00:00,7500.0,7501.5,7499.25,7500.75,1911
2026-05-15T02:25:00+00:00,7501.0,7503.5,7499.75,7500.0,1844
2026-05-15T02:30:00+00:00,7499.75,7501.5,7497.25,7501.0,2219
2026-05-15T02:35:00+00:00,7501.0,7503.25,7499.5,7500.0,1605
2026-05-15T02:40:00+00:00,7500.0,7504.5,7499.5,7504.25,1199
2026-05-15T02:45:00+00:00,7504.25,7505.5,7502.25,7504.0,1563
2026-05-15T02:50:00+00:00,7503.75,7511.75,7503.75,7509.75,5543
2026-05-15T02:55:00+00:00,7510.0,7511.25,7506.5,7508.0,1636
2026-05-15T03:00:00+00:00,7508.0,7509.5,7506.25,7506.5,1683
2026-05-15T03:05:00+00:00,7506.5,7507.75,7505.25,7505.5,1285
2026-05-15T03:10:00+00:00,7505.75,7509.5,7505.5,7508.25,1208
2026-05-15T03:15:00+00:00,7508.25,7509.0,7506.5,7508.25,770
2026-05-15T03:20:00+00:00,7508.0,7508.75,7506.5,7508.25,422
2026-05-15T03:25:00+00:00,7508.25,7509.25,7507.5,7507.75,409
2026-05-15T03:30:00+00:00,7508.0,7508.75,7502.5,7503.0,1879
2026-05-15T03:35:00+00:00,7503.0,7508.25,7501.0,7506.25,2822
2026-05-15T03:40:00+00:00,7506.25,7509.5,7505.5,7506.0,1793
2026-05-15T03:45:00+00:00,7506.0,7507.75,7505.5,7506.5,923
2026-05-15T03:50:00+00:00,7506.5,7507.0,7504.25,7504.75,907
2026-05-15T03:55:00+00:00,7504.75,7506.5,7503.5,7506.0,762
2026-05-15T04:05:00+00:00,7502.0,7502.5,7502.0,7502.25,1754
2026-05-15T04:10:00+00:00,7502.5,7503.75,7499.25,7503.5,1766
2026-05-15T04:15:00+00:00,7503.75,7505.0,7501.5,7501.75,732
2026-05-15T04:20:00+00:00,7502.25,7502.25,7499.75,7501.5,1093
2026-05-15T04:25:00+00:00,7501.75,7502.25,7499.5,7500.0,1114
2026-05-15T04:30:00+00:00,7500.0,7500.25,7496.75,7499.75,1949
2026-05-15T04:35:00+00:00,7499.75,7501.0,7497.0,7500.0,1159
2026-05-15T04:40:00+00:00,7499.75,7502.0,7497.25,7497.25,1201
2026-05-15T04:45:00+00:00,7497.5,7498.75,7494.0,7494.5,2078
2026-05-15T04:50:00+00:00,7494.25,7495.25,7493.0,7495.0,2211
2026-05-15T04:55:00+00:00,7495.25,7495.25,7492.0,7493.5,1853
2026-05-15T05:00:00+00:00,7493.75,7494.0,7490.75,7493.0,2560
2026-05-15T05:05:00+00:00,7493.25,7493.25,7486.25,7487.0,3810
2026-05-15T05:10:00+00:00,7487.25,7489.5,7485.75,7488.25,2482
2026-05-15T05:15:00+00:00,7488.25,7490.75,7486.25,7487.75,1529
2026-05-15T05:20:00+00:00,7487.5,7489.75,7486.0,7488.0,1080
2026-05-15T05:25:00+00:00,7488.0,7489.0,7486.25,7488.5,924
2026-05-15T05:30:00+00:00,7488.75,7489.0,7481.0,7481.25,3510
2026-05-15T05:35:00+00:00,7481.5,7482.5,7479.0,7480.25,2780
2026-05-15T05:40:00+00:00,7480.0,7481.5,7476.75,7477.5,2789
2026-05-15T05:45:00+00:00,7477.5,7478.0,7471.75,7472.0,4002
2026-05-15T05:50:00+00:00,7472.0,7477.75,7471.5,7474.0,3209
2026-05-15T05:55:00+00:00,7473.75,7474.75,7465.75,7466.25,3772
2026-05-15T06:00:00+00:00,7466.25,7472.5,7463.25,7472.25,4878
2026-05-15T06:05:00+00:00,7472.25,7476.0,7470.5,7475.0,2949
2026-05-15T06:10:00+00:00,7475.0,7477.0,7472.5,7475.5,2323
2026-05-15T06:15:00+00:00,7475.5,7479.5,7472.75,7472.75,3483
2026-05-15T06:20:00+00:00,7472.75,7472.75,7464.0,7465.5,4120
2026-05-15T06:25:00+00:00,7465.0,7470.25,7463.0,7469.5,3290
2026-05-15T06:30:00+00:00,7469.5,7479.25,7468.0,7478.0,4147
2026-05-15T06:35:00+00:00,7478.25,7481.25,7476.25,7479.25,3297
2026-05-15T06:40:00+00:00,7479.25,7482.75,7479.0,7482.5,2625
2026-05-15T06:45:00+00:00,7482.25,7484.5,7481.0,7483.25,2867
2026-05-15T06:50:00+00:00,7482.75,7482.75,7478.0,7478.5,2033
2026-05-15T06:55:00+00:00,7478.5,7482.25,7478.25,7480.5,1111
2026-05-15T07:00:00+00:00,7480.5,7483.25,7479.5,7480.75,1844
2026-05-15T07:05:00+00:00,7481.25,7483.5,7478.75,7479.5,1278
2026-05-15T07:10:00+00:00,7479.5,7486.75,7479.0,7486.5,2412
2026-05-15T07:15:00+00:00,7486.5,7487.5,7482.25,7483.25,1834
2026-05-15T07:20:00+00:00,7483.25,7486.25,7482.25,7483.0,1597
2026-05-15T07:25:00+00:00,7483.0,7485.0,7481.5,7484.5,1348
2026-05-15T07:30:00+00:00,7484.75,7485.75,7480.0,7480.5,1900
2026-05-15T07:35:00+00:00,7480.25,7481.25,7476.25,7477.5,1963
2026-05-15T07:40:00+00:00,7477.5,7478.0,7473.5,7475.75,2304
2026-05-15T07:45:00+00:00,7475.75,7475.75,7472.25,7474.25,1649
2026-05-15T07:50:00+00:00,7474.25,7475.5,7472.25,7474.25,1616
2026-05-15T07:55:00+00:00,7474.0,7475.25,7473.0,7474.75,716
2026-05-15T08:00:00+00:00,7474.75,7476.0,7463.75,7464.5,3904
2026-05-15T08:05:00+00:00,7464.0,7465.5,7460.0,7463.75,3909
2026-05-15T08:10:00+00:00,7464.0,7464.75,7460.25,7461.25,2634
2026-05-15T08:15:00+00:00,7461.25,7461.25,7449.5,7454.5,7126
2026-05-15T08:20:00+00:00,7454.25,7456.25,7451.5,7455.75,3332
2026-05-15T08:25:00+00:00,7455.75,7456.0,7440.75,7442.5,6162
2026-05-15T08:30:00+00:00,7442.25,7444.5,7435.75,7444.25,6477
2026-05-15T08:35:00+00:00,7444.25,7451.5,7442.5,7450.25,4667
2026-05-15T08:40:00+00:00,7450.0,7457.25,7450.0,7456.75,3703
2026-05-15T08:45:00+00:00,7457.0,7458.5,7452.75,7453.0,3096
2026-05-15T08:50:00+00:00,7453.5,7454.25,7449.75,7450.75,1861
2026-05-15T08:55:00+00:00,7450.75,7452.25,7447.75,7450.0,2312
2026-05-15T09:00:00+00:00,7450.0,7451.0,7446.75,7450.5,1846
2026-05-15T09:05:00+00:00,7450.5,7454.75,7448.75,7451.75,2606
2026-05-15T09:10:00+00:00,7452.0,7452.75,7445.5,7447.25,2304
2026-05-15T09:15:00+00:00,7447.25,7447.5,7443.0,7444.25,2531
2026-05-15T09:20:00+00:00,7444.25,7444.25,7439.75,7443.5,1999
2026-05-15T09:25:00+00:00,7443.25,7449.5,7439.75,7449.5,2097
2026-05-15T09:30:00+00:00,7449.25,7450.5,7443.75,7448.75,2425
2026-05-15T09:35:00+00:00,7448.75,7449.5,7443.75,7447.25,2505
2026-05-15T09:40:00+00:00,7447.0,7447.25,7441.5,7443.5,1776
2026-05-15T09:45:00+00:00,7443.5,7443.5,7438.25,7442.25,2225
2026-05-15T09:50:00+00:00,7442.0,7443.5,7436.25,7443.25,3545
2026-05-15T09:55:00+00:00,7443.5,7450.75,7441.0,7445.25,5393
2026-05-15T10:00:00+00:00,7445.5,7448.75,7441.5,7442.25,3220
2026-05-15T10:05:00+00:00,7442.25,7451.25,7441.5,7449.75,3030
2026-05-15T10:10:00+00:00,7450.0,7455.25,7449.25,7454.5,2471
2026-05-15T10:15:00+00:00,7454.75,7457.75,7452.75,7453.5,3278
2026-05-15T10:20:00+00:00,7453.5,7460.5,7453.25,7459.0,2945
2026-05-15T10:25:00+00:00,7459.25,7461.5,7451.25,7453.0,3134
2026-05-15T10:30:00+00:00,7453.25,7459.0,7452.25,7458.25,2101
2026-05-15T10:35:00+00:00,7458.5,7459.0,7451.25,7452.0,2482
2026-05-15T10:40:00+00:00,7451.75,7457.75,7449.0,7457.5,3624
2026-05-15T10:45:00+00:00,7457.5,7466.25,7455.5,7461.75,10403
2026-05-15T10:50:00+00:00,7461.5,7471.25,7460.5,7466.75,8158
2026-05-15T10:55:00+00:00,7466.5,7468.75,7463.5,7464.25,4212
2026-05-15T11:00:00+00:00,7464.5,7468.5,7458.75,7460.0,4121
2026-05-15T11:05:00+00:00,7459.75,7462.75,7457.5,7458.5,2527
2026-05-15T11:10:00+00:00,7458.25,7461.75,7457.0,7461.5,1974
2026-05-15T11:15:00+00:00,7461.5,7463.75,7460.0,7462.25,2091
2026-05-15T11:20:00+00:00,7462.0,7464.75,7457.75,7458.5,2328
2026-05-15T11:25:00+00:00,7458.25,7460.75,7456.25,7459.0,1739
2026-05-15T11:30:00+00:00,7459.25,7460.5,7453.25,7455.5,2525
2026-05-15T11:35:00+00:00,7455.0,7456.75,7451.75,7453.0,2058
2026-05-15T11:40:00+00:00,7453.25,7453.5,7449.5,7449.75,2466
2026-05-15T11:45:00+00:00,7449.5,7454.75,7449.25,7453.5,2216
2026-05-15T11:50:00+00:00,7454.0,7457.75,7452.75,7454.5,2329
2026-05-15T11:55:00+00:00,7454.5,7455.0,7446.25,7446.75,3622
2026-05-15T12:00:00+00:00,7446.5,7447.0,7442.25,7444.25,4192
2026-05-15T12:05:00+00:00,7444.25,7445.0,7438.25,7441.75,3914
2026-05-15T12:10:00+00:00,7442.0,7444.25,7432.0,7432.25,7613
2026-05-15T12:15:00+00:00,7432.5,7438.25,7431.0,7437.5,6140
2026-05-15T12:20:00+00:00,7437.5,7445.25,7437.25,7440.5,4953
2026-05-15T12:25:00+00:00,7440.0,7441.0,7436.25,7438.25,2955
2026-05-15T12:30:00+00:00,7438.25,7439.0,7431.0,7434.25,4671
2026-05-15T12:35:00+00:00,7434.5,7435.5,7428.75,7432.0,5147
2026-05-15T12:40:00+00:00,7432.0,7437.25,7431.75,7431.75,4224
2026-05-15T12:45:00+00:00,7431.75,7434.0,7431.0,7432.5,3057
2026-05-15T12:50:00+00:00,7432.5,7438.75,7432.0,7438.25,3873
2026-05-15T12:55:00+00:00,7438.25,7440.5,7437.0,7437.75,3257
2026-05-15T13:00:00+00:00,7437.75,7438.0,7432.25,7437.0,5285
2026-05-15T13:05:00+00:00,7437.0,7439.25,7435.5,7437.0,3984
2026-05-15T13:10:00+00:00,7437.25,7439.75,7435.25,7439.25,3401
2026-05-15T13:15:00+00:00,7439.5,7444.25,7437.5,7443.0,5500
2026-05-15T13:20:00+00:00,7443.0,7446.75,7443.0,7446.5,4293
2026-05-15T13:25:00+00:00,7446.5,7460.25,7446.5,7459.75,18720
2026-05-15T13:30:00+00:00,7459.5,7460.75,7434.0,7442.75,41641
2026-05-15T13:35:00+00:00,7443.0,7443.5,7431.5,7432.5,26062
2026-05-15T13:40:00+00:00,7432.5,7442.0,7426.75,7427.75,28453
2026-05-15T13:45:00+00:00,7427.5,7438.0,7420.0,7437.25,37102
2026-05-15T13:50:00+00:00,7437.25,7448.0,7428.75,7445.5,33271
2026-05-15T13:55:00+00:00,7445.25,7451.0,7430.5,7432.25,31521
2026-05-15T14:00:00+00:00,7432.5,7441.75,7430.25,7434.5,27467
2026-05-15T14:05:00+00:00,7434.75,7442.0,7432.25,7438.0,20524
2026-05-15T14:10:00+00:00,7437.75,7452.25,7436.75,7452.25,21815
2026-05-15T14:15:00+00:00,7452.0,7463.0,7448.5,7461.0,28270
2026-05-15T14:20:00+00:00,7461.0,7467.75,7459.0,7459.5,27500
2026-05-15T14:25:00+00:00,7459.25,7460.5,7449.0,7452.5,26321
2026-05-15T14:30:00+00:00,7452.5,7462.25,7451.5,7462.0,24420
2026-05-15T14:35:00+00:00,7461.75,7463.75,7456.5,7459.5,15416
2026-05-15T14:40:00+00:00,7459.5,7463.5,7457.25,7461.0,12798
2026-05-15T14:45:00+00:00,7461.25,7462.25,7449.25,7452.0,19984
2026-05-15T14:50:00+00:00,7452.25,7455.75,7444.25,7455.5,25507
2026-05-15T14:55:00+00:00,7455.25,7457.75,7449.25,7450.75,14738
2026-05-15T15:00:00+00:00,7450.5,7455.5,7444.25,7448.5,17401
2026-05-15T15:05:00+00:00,7448.5,7454.25,7442.0,7454.25,17029
2026-05-15T15:10:00+00:00,7454.0,7455.25,7445.75,7449.5,14508
2026-05-15T15:15:00+00:00,7449.5,7454.5,7447.75,7453.25,9313
2026-05-15T15:20:00+00:00,7453.5,7458.75,7452.0,7453.5,12060
2026-05-15T15:25:00+00:00,7453.75,7455.5,7448.25,7453.5,11504
2026-05-15T15:30:00+00:00,7453.5,7460.5,7453.0,7454.25,21720
2026-05-15T15:35:00+00:00,7454.25,7460.0,7450.5,7451.25,10611
2026-05-15T15:40:00+00:00,7451.25,7454.0,7439.0,7442.0,16896
2026-05-15T15:45:00+00:00,7442.25,7444.75,7438.25,7439.5,12749
2026-05-15T15:50:00+00:00,7439.5,7439.75,7433.5,7436.0,15816
2026-05-15T15:55:00+00:00,7436.0,7444.5,7431.5,7443.25,17065
2026-05-15T16:00:00+00:00,7443.75,7447.25,7438.25,7440.25,14472
2026-05-15T16:05:00+00:00,7440.25,7445.5,7437.25,7444.25,10762
2026-05-15T16:10:00+00:00,7444.25,7445.5,7437.75,7445.0,8754
2026-05-15T16:15:00+00:00,7445.0,7445.0,7439.25,7443.5,6598
2026-05-15T16:20:00+00:00,7443.5,7453.25,7442.5,7452.25,11155
2026-05-15T16:25:00+00:00,7452.5,7454.75,7449.25,7453.75,9392
2026-05-15T16:30:00+00:00,7454.0,7455.5,7450.75,7455.0,7966
2026-05-15T16:35:00+00:00,7455.0,7455.25,7451.25,7454.0,6421
2026-05-15T16:40:00+00:00,7454.25,7456.75,7451.0,7456.5,6118
2026-05-15T16:45:00+00:00,7456.5,7458.0,7454.0,7454.5,6366
2026-05-15T16:50:00+00:00,7454.5,7457.25,7443.25,7444.75,11562
2026-05-15T16:55:00+00:00,7444.75,7452.25,7444.25,7450.25,9866
2026-05-15T17:00:00+00:00,7450.25,7452.5,7447.25,7451.75,6784
2026-05-15T17:05:00+00:00,7451.75,7457.75,7450.5,7456.5,7144
2026-05-15T17:10:00+00:00,7456.25,7458.25,7455.0,7457.25,4988
2026-05-15T17:15:00+00:00,7457.5,7458.75,7453.5,7458.75,6627
2026-05-15T17:20:00+00:00,7458.75,7466.0,7457.75,7465.75,11085
2026-05-15T17:25:00+00:00,7465.75,7470.5,7465.5,7466.5,11665
2026-05-15T17:30:00+00:00,7466.25,7469.75,7465.5,7469.25,7043
2026-05-15T17:35:00+00:00,7469.25,7469.75,7464.25,7467.5,6356
2026-05-15T17:40:00+00:00,7467.5,7468.0,7461.5,7465.0,7316
2026-05-15T17:45:00+00:00,7465.25,7467.25,7463.0,7464.0,4471
2026-05-15T17:50:00+00:00,7464.0,7468.25,7464.0,7467.75,5029
2026-05-15T17:55:00+00:00,7467.75,7471.0,7466.0,7470.5,6794
2026-05-15T18:00:00+00:00,7470.75,7473.25,7470.5,7472.0,8754
2026-05-15T18:05:00+00:00,7471.75,7475.75,7470.75,7471.0,9216
2026-05-15T18:10:00+00:00,7471.0,7472.75,7469.75,7470.75,5983
2026-05-15T18:15:00+00:00,7470.75,7471.5,7456.75,7458.5,17711
2026-05-15T18:20:00+00:00,7458.5,7467.75,7457.25,7463.25,12818
2026-05-15T18:25:00+00:00,7463.0,7465.0,7456.0,7458.25,9462
2026-05-15T18:30:00+00:00,7458.5,7459.25,7445.0,7449.25,18684
2026-05-15T18:35:00+00:00,7449.25,7456.0,7449.0,7455.75,9849
2026-05-15T18:40:00+00:00,7455.5,7455.75,7449.75,7455.0,6780
2026-05-15T18:45:00+00:00,7454.75,7455.25,7449.75,7453.25,5051
2026-05-15T18:50:00+00:00,7453.0,7458.25,7451.5,7457.75,6195
2026-05-15T18:55:00+00:00,7457.5,7459.75,7453.25,7457.25,7985
2026-05-15T19:00:00+00:00,7457.25,7458.5,7449.0,7449.5,8362
2026-05-15T19:05:00+00:00,7449.5,7451.75,7446.5,7448.0,8399
2026-05-15T19:10:00+00:00,7447.75,7448.5,7443.75,7446.75,9251
2026-05-15T19:15:00+00:00,7446.75,7448.0,7441.25,7445.5,8605
2026-05-15T19:20:00+00:00,7445.5,7448.5,7443.0,7443.0,8354
2026-05-15T19:25:00+00:00,7443.0,7444.75,7442.0,7442.75,5481
2026-05-15T19:30:00+00:00,7442.5,7447.75,7442.25,7444.75,8067
2026-05-15T19:35:00+00:00,7444.75,7449.0,7441.75,7448.0,6171
2026-05-15T19:40:00+00:00,7448.0,7449.5,7440.5,7441.5,10192
2026-05-15T19:45:00+00:00,7441.5,7445.75,7439.25,7444.0,10302
2026-05-15T19:50:00+00:00,7444.0,7444.0,7429.5,7431.0,20701
2026-05-15T19:55:00+00:00,7431.0,7434.75,7427.0,7432.5,32726
2026-05-15T20:00:00+00:00,7432.25,7433.0,7415.25,7420.75,15495
2026-05-15T20:05:00+00:00,7420.5,7421.0,7413.0,7413.25,5531
2026-05-15T20:10:00+00:00,7413.25,7420.0,7409.5,7420.0,7470
2026-05-15T20:15:00+00:00,7419.75,7422.75,7416.25,7417.5,4149
2026-05-15T20:20:00+00:00,7417.5,7418.0,7412.5,7414.25,2757
2026-05-15T20:25:00+00:00,7414.0,7418.75,7411.75,7417.75,2296
2026-05-15T20:30:00+00:00,7417.5,7420.25,7416.75,7419.0,2205
2026-05-15T20:35:00+00:00,7418.75,7420.0,7417.5,7418.5,1346
2026-05-15T20:40:00+00:00,7418.25,7418.5,7415.5,7417.0,1491
2026-05-15T20:45:00+00:00,7417.0,7419.25,7415.75,7418.5,1213
2026-05-15T20:50:00+00:00,7418.75,7418.75,7416.75,7418.5,975
2026-05-15T20:55:00+00:00,7418.5,7432.25,7415.25,7432.25,2051
2026-05-17T22:10:00+00:00,7432.5,7435.25,7429.0,7430.75,2538
2026-05-17T22:15:00+00:00,7431.0,7432.25,7426.75,7429.0,2991
2026-05-17T22:20:00+00:00,7429.5,7430.0,7422.25,7423.75,4236
2026-05-17T22:25:00+00:00,7423.75,7427.25,7423.0,7426.75,2208
2026-05-17T22:30:00+00:00,7427.0,7429.0,7424.5,7424.75,2086
2026-05-17T22:35:00+00:00,7425.0,7430.5,7423.25,7430.25,2748
2026-05-17T22:40:00+00:00,7429.75,7431.75,7428.75,7429.75,2046
2026-05-17T22:45:00+00:00,7430.25,7432.0,7428.5,7429.0,1130
2026-05-17T22:50:00+00:00,7428.75,7430.75,7427.25,7430.25,1565
2026-05-17T22:55:00+00:00,7430.75,7431.25,7424.0,7429.5,2518
2026-05-17T23:00:00+00:00,7429.5,7430.5,7426.5,7427.0,1454
2026-05-17T23:05:00+00:00,7427.0,7427.25,7420.0,7423.25,4417
2026-05-17T23:10:00+00:00,7423.25,7426.75,7420.5,7422.5,2658
2026-05-17T23:15:00+00:00,7422.25,7422.25,7418.25,7419.25,2778
2026-05-17T23:20:00+00:00,7419.75,7421.75,7415.25,7416.5,4100
2026-05-17T23:25:00+00:00,7416.25,7416.75,7411.75,7414.75,4077
2026-05-17T23:30:00+00:00,7414.5,7416.5,7412.0,7416.5,2230
2026-05-17T23:35:00+00:00,7416.75,7418.5,7410.5,7411.75,3285
2026-05-17T23:40:00+00:00,7411.75,7413.25,7397.75,7412.25,11031
2026-05-17T23:45:00+00:00,7412.25,7417.25,7408.75,7415.0,6352
2026-05-17T23:50:00+00:00,7415.25,7417.5,7411.0,7411.75,3590
2026-05-17T23:55:00+00:00,7411.5,7414.75,7407.25,7411.25,4035
2026-05-18T00:00:00+00:00,7411.0,7415.25,7402.5,7404.25,7892
2026-05-18T00:05:00+00:00,7404.5,7404.5,7391.0,7392.5,14255
2026-05-18T00:10:00+00:00,7392.5,7396.75,7381.5,7394.0,11282
2026-05-18T00:15:00+00:00,7394.0,7401.0,7391.5,7394.0,8923
2026-05-18T00:20:00+00:00,7393.75,7402.5,7393.5,7397.0,4606
2026-05-18T00:25:00+00:00,7397.0,7400.75,7394.5,7395.5,3261
2026-05-18T00:30:00+00:00,7395.5,7398.5,7388.5,7393.25,5890
2026-05-18T00:35:00+00:00,7393.25,7396.25,7389.75,7390.0,4102
2026-05-18T00:40:00+00:00,7390.0,7392.0,7385.75,7386.0,3419
2026-05-18T00:45:00+00:00,7386.0,7393.25,7384.75,7392.0,4237
2026-05-18T00:50:00+00:00,7392.0,7395.5,7387.25,7390.25,3313
2026-05-18T00:55:00+00:00,7390.0,7398.25,7389.75,7397.5,3247
2026-05-18T01:00:00+00:00,7397.25,7399.75,7387.75,7388.0,4483
2026-05-18T01:05:00+00:00,7388.25,7391.25,7386.0,7390.0,2491
2026-05-18T01:10:00+00:00,7389.75,7392.25,7381.75,7382.25,3750
2026-05-18T01:15:00+00:00,7382.0,7385.5,7379.75,7382.0,5502
2026-05-18T01:20:00+00:00,7381.75,7386.5,7377.75,7380.75,6614
2026-05-18T01:25:00+00:00,7380.25,7384.0,7378.0,7379.0,2918
2026-05-18T01:30:00+00:00,7379.0,7382.25,7376.5,7377.75,3006
2026-05-18T01:35:00+00:00,7377.75,7381.75,7375.0,7379.5,4374
2026-05-18T01:40:00+00:00,7379.5,7383.5,7377.75,7383.0,3459
2026-05-18T01:45:00+00:00,7383.0,7387.25,7381.0,7385.5,3413
2026-05-18T01:50:00+00:00,7385.75,7392.5,7385.0,7388.0,4374
2026-05-18T01:55:00+00:00,7387.75,7391.0,7386.5,7387.5,2147
2026-05-18T02:00:00+00:00,7387.5,7388.0,7383.25,7386.5,2940
2026-05-18T02:05:00+00:00,7386.25,7387.0,7382.75,7384.0,1784
2026-05-18T02:10:00+00:00,7384.25,7390.75,7383.0,7389.0,2370
2026-05-18T02:15:00+00:00,7389.25,7393.0,7389.25,7390.75,2685
2026-05-18T02:20:00+00:00,7390.75,7391.75,7387.5,7391.5,1707
2026-05-18T02:25:00+00:00,7391.75,7393.0,7389.75,7391.75,1667
2026-05-18T02:30:00+00:00,7391.75,7393.0,7389.25,7389.25,1513
2026-05-18T02:35:00+00:00,7389.5,7389.5,7386.5,7387.5,1919
2026-05-18T02:40:00+00:00,7387.5,7388.5,7386.5,7387.0,931
2026-05-18T02:45:00+00:00,7387.0,7387.25,7382.0,7382.25,1654
2026-05-18T02:50:00+00:00,7382.0,7383.5,7378.5,7381.5,3307
2026-05-18T02:55:00+00:00,7381.5,7383.75,7379.5,7381.75,1678
2026-05-18T03:00:00+00:00,7382.0,7388.5,7382.0,7384.25,2901
2026-05-18T03:05:00+00:00,7384.5,7388.25,7384.0,7387.0,1264
2026-05-18T03:10:00+00:00,7386.75,7387.75,7381.25,7382.25,1492
2026-05-18T03:15:00+00:00,7382.5,7384.5,7380.75,7381.75,1303
2026-05-18T03:20:00+00:00,7381.5,7384.75,7381.25,7383.75,1001
2026-05-18T03:25:00+00:00,7383.5,7386.75,7380.75,7385.0,1593
2026-05-18T03:30:00+00:00,7385.0,7385.0,7377.75,7382.75,3690
2026-05-18T03:35:00+00:00,7382.75,7386.5,7380.75,7385.0,1737
2026-05-18T03:40:00+00:00,7385.0,7388.5,7384.5,7387.25,1598
2026-05-18T03:45:00+00:00,7387.25,7387.5,7385.0,7386.25,991
2026-05-18T03:50:00+00:00,7386.5,7387.5,7383.25,7384.5,1143
2026-05-18T03:55:00+00:00,7384.0,7387.25,7383.25,7386.25,533
2026-05-18T04:00:00+00:00,7385.5,7387.25,7385.0,7385.75,1312
2026-05-18T04:05:00+00:00,7385.5,7388.25,7385.5,7388.0,1271
2026-05-18T04:10:00+00:00,7387.75,7392.5,7387.75,7390.5,2393
2026-05-18T04:15:00+00:00,7390.25,7393.5,7387.75,7390.75,2398
2026-05-18T04:20:00+00:00,7390.75,7390.75,7383.0,7383.5,1981
2026-05-18T04:25:00+00:00,7383.25,7383.5,7379.75,7381.0,1801
2026-05-18T04:30:00+00:00,7380.75,7382.5,7379.0,7379.75,1410
2026-05-18T04:35:00+00:00,7380.0,7383.25,7379.5,7380.75,1417
2026-05-18T04:40:00+00:00,7380.5,7387.5,7380.5,7386.25,1598
2026-05-18T04:45:00+00:00,7386.25,7388.75,7385.5,7386.0,1262
2026-05-18T04:50:00+00:00,7385.75,7386.0,7383.0,7384.0,935
2026-05-18T04:55:00+00:00,7383.75,7385.0,7381.0,7384.75,863
2026-05-18T05:00:00+00:00,7384.75,7389.5,7383.25,7389.0,1621
2026-05-18T05:05:00+00:00,7388.75,7392.25,7388.0,7392.0,1336
2026-05-18T05:10:00+00:00,7392.0,7392.5,7386.75,7387.25,975
2026-05-18T05:15:00+00:00,7387.0,7387.0,7380.0,7381.25,1898
2026-05-18T05:20:00+00:00,7381.25,7385.5,7379.5,7385.25,1699
2026-05-18T05:25:00+00:00,7385.25,7388.5,7384.5,7387.25,1063
2026-05-18T05:30:00+00:00,7387.25,7389.0,7384.5,7385.75,1658
2026-05-18T05:35:00+00:00,7386.0,7392.5,7385.0,7392.0,2746
2026-05-18T05:40:00+00:00,7392.0,7392.5,7386.5,7389.25,1825
2026-05-18T05:45:00+00:00,7388.75,7392.0,7387.5,7391.5,1309
2026-05-18T05:50:00+00:00,7391.5,7392.25,7388.75,7390.5,947
2026-05-18T05:55:00+00:00,7390.5,7390.75,7384.5,7385.25,1634
2026-05-18T06:00:00+00:00,7384.75,7386.75,7382.0,7383.0,1943
2026-05-18T06:05:00+00:00,7382.5,7388.25,7382.0,7385.75,1426
2026-05-18T06:10:00+00:00,7385.75,7387.0,7383.25,7385.75,1374
2026-05-18T06:15:00+00:00,7385.75,7389.75,7383.0,7383.0,1792
2026-05-18T06:20:00+00:00,7383.0,7385.5,7381.25,7385.25,1786
2026-05-18T06:25:00+00:00,7384.75,7386.25,7379.0,7379.75,1790
2026-05-18T06:30:00+00:00,7379.75,7382.5,7376.25,7381.0,3794
2026-05-18T06:35:00+00:00,7381.0,7385.5,7380.25,7382.25,2335
2026-05-18T06:40:00+00:00,7382.25,7389.25,7382.0,7389.25,1665
2026-05-18T06:45:00+00:00,7389.25,7393.75,7389.25,7389.75,3443
2026-05-18T06:50:00+00:00,7389.5,7392.0,7388.0,7391.25,1198
2026-05-18T06:55:00+00:00,7391.25,7395.25,7391.25,7395.0,1887
2026-05-18T07:00:00+00:00,7395.0,7401.0,7395.0,7398.0,4376
2026-05-18T07:05:00+00:00,7397.75,7400.0,7395.75,7397.0,2065
2026-05-18T07:10:00+00:00,7396.75,7396.75,7390.5,7391.75,2127
2026-05-18T07:15:00+00:00,7391.5,7392.25,7387.75,7390.25,1950
2026-05-18T07:20:00+00:00,7390.0,7390.0,7384.75,7389.75,2513
2026-05-18T07:25:00+00:00,7390.0,7403.75,7390.0,7403.25,5067
2026-05-18T07:30:00+00:00,7402.75,7407.75,7401.0,7401.0,5777
2026-05-18T07:35:00+00:00,7401.25,7401.75,7392.5,7392.75,3141
2026-05-18T07:40:00+00:00,7392.5,7394.0,7386.5,7389.25,2851
2026-05-18T07:45:00+00:00,7389.25,7396.75,7388.25,7393.0,2789
2026-05-18T07:50:00+00:00,7393.25,7395.0,7389.0,7394.25,1705
2026-05-18T07:55:00+00:00,7394.25,7398.25,7393.0,7396.5,2995
2026-05-18T08:00:00+00:00,7396.5,7405.5,7396.5,7405.25,3276
2026-05-18T08:05:00+00:00,7405.25,7407.0,7402.75,7404.5,2687
2026-05-18T08:10:00+00:00,7404.25,7405.75,7402.0,7403.5,1652
2026-05-18T08:15:00+00:00,7403.5,7404.0,7400.5,7402.5,1546
2026-05-18T08:20:00+00:00,7402.5,7410.0,7402.5,7409.25,2237
2026-05-18T08:25:00+00:00,7409.0,7414.25,7409.0,7413.5,2990
2026-05-18T08:30:00+00:00,7413.5,7416.5,7409.75,7413.0,2976
2026-05-18T08:35:00+00:00,7413.0,7413.5,7407.75,7409.5,2025
2026-05-18T08:40:00+00:00,7409.5,7409.5,7406.0,7407.25,973
2026-05-18T08:45:00+00:00,7407.25,7411.25,7407.0,7410.75,1340
2026-05-18T08:50:00+00:00,7410.75,7415.75,7410.5,7413.75,2466
2026-05-18T08:55:00+00:00,7413.75,7417.0,7413.25,7416.5,1045
2026-05-18T09:00:00+00:00,7416.25,7417.75,7411.0,7411.25,1924
2026-05-18T09:05:00+00:00,7411.25,7412.75,7410.25,7410.5,971
2026-05-18T09:10:00+00:00,7410.25,7410.75,7408.0,7408.5,955
2026-05-18T09:15:00+00:00,7408.25,7411.5,7407.5,7408.5,1090
2026-05-18T09:20:00+00:00,7408.25,7412.25,7408.25,7409.0,909
2026-05-18T09:25:00+00:00,7409.0,7409.25,7405.5,7408.75,1472
2026-05-18T09:30:00+00:00,7408.75,7410.25,7407.75,7409.5,1167
2026-05-18T09:35:00+00:00,7409.75,7410.25,7406.75,7409.0,644
2026-05-18T09:40:00+00:00,7408.75,7411.75,7407.5,7411.25,1426
2026-05-18T09:45:00+00:00,7411.5,7412.75,7409.0,7410.75,1282
2026-05-18T09:50:00+00:00,7410.75,7412.25,7407.0,7407.5,2225
2026-05-18T09:55:00+00:00,7407.5,7411.0,7406.25,7410.25,1339
2026-05-18T10:00:00+00:00,7411.0,7411.75,7402.75,7403.0,1812
2026-05-18T10:05:00+00:00,7403.0,7403.0,7397.25,7397.25,4068
2026-05-18T10:10:00+00:00,7397.5,7403.75,7397.25,7401.75,1628
2026-05-18T10:15:00+00:00,7402.0,7403.75,7400.25,7402.75,1134
2026-05-18T10:20:00+00:00,7402.5,7404.25,7401.5,7403.75,900
2026-05-18T10:25:00+00:00,7403.5,7404.75,7400.75,7402.75,1074
2026-05-18T10:30:00+00:00,7402.5,7403.5,7394.5,7395.25,2484
2026-05-18T10:35:00+00:00,7395.25,7397.25,7394.0,7396.0,2163
2026-05-18T10:40:00+00:00,7396.0,7401.0,7395.75,7400.25,1316
2026-05-18T10:45:00+00:00,7400.25,7405.0,7399.0,7404.75,1295
2026-05-18T10:50:00+00:00,7404.75,7404.75,7401.25,7402.5,997
2026-05-18T10:55:00+00:00,7402.5,7402.75,7398.0,7399.0,1109
2026-05-18T11:00:00+00:00,7399.0,7400.75,7397.25,7397.75,1595
2026-05-18T11:05:00+00:00,7397.5,7398.0,7389.5,7390.5,3889
2026-05-18T11:10:00+00:00,7390.25,7399.5,7386.25,7399.25,7481
2026-05-18T11:15:00+00:00,7399.5,7402.25,7397.0,7402.0,2098
2026-05-18T11:20:00+00:00,7402.0,7403.0,7399.75,7400.0,1625
2026-05-18T11:25:00+00:00,7400.0,7401.5,7397.0,7397.5,1290
2026-05-18T11:30:00+00:00,7397.5,7408.25,7397.0,7406.75,6447
2026-05-18T11:35:00+00:00,7406.75,7421.25,7402.5,7420.25,12181
2026-05-18T11:40:00+00:00,7420.5,7433.0,7419.75,7426.25,15339
2026-05-18T11:45:00+00:00,7426.25,7426.75,7415.0,7417.25,5335
2026-05-18T11:50:00+00:00,7417.5,7417.75,7413.0,7413.25,2885
2026-05-18T11:55:00+00:00,7413.0,7416.0,7409.5,7414.25,3981
2026-05-18T12:00:00+00:00,7414.25,7418.0,7413.25,7416.5,2705
2026-05-18T12:05:00+00:00,7416.75,7422.5,7416.75,7421.25,2848
2026-05-18T12:10:00+00:00,7420.75,7423.0,7418.25,7419.75,2207
2026-05-18T12:15:00+00:00,7419.5,7420.25,7415.0,7416.0,4548
2026-05-18T12:20:00+00:00,7416.25,7422.5,7415.5,7422.0,2593
2026-05-18T12:25:00+00:00,7422.25,7422.5,7419.0,7420.75,1298
2026-05-18T12:30:00+00:00,7420.5,7428.25,7417.75,7428.0,4598
2026-05-18T12:35:00+00:00,7427.5,7433.75,7426.5,7431.0,7542
2026-05-18T12:40:00+00:00,7430.75,7443.5,7429.25,7442.5,9289
2026-05-18T12:45:00+00:00,7442.25,7453.0,7441.5,7449.75,11742
2026-05-18T12:50:00+00:00,7449.75,7453.25,7445.75,7448.75,7019
2026-05-18T12:55:00+00:00,7448.75,7452.25,7445.25,7450.0,4997
2026-05-18T13:00:00+00:00,7450.0,7452.5,7441.0,7444.75,15951
2026-05-18T13:05:00+00:00,7444.75,7446.75,7440.5,7443.25,6054
2026-05-18T13:10:00+00:00,7443.5,7446.0,7441.5,7443.25,5885
2026-05-18T13:15:00+00:00,7443.25,7443.5,7438.5,7442.5,5104
2026-05-18T13:20:00+00:00,7442.5,7444.0,7440.5,7443.25,2831
2026-05-18T13:25:00+00:00,7443.25,7444.25,7438.0,7438.25,7713
2026-05-18T13:30:00+00:00,7438.25,7440.75,7424.75,7425.5,31005
2026-05-18T13:35:00+00:00,7425.5,7430.0,7422.75,7427.0,21412
2026-05-18T13:40:00+00:00,7427.25,7433.0,7419.5,7420.0,35255
2026-05-18T13:45:00+00:00,7420.25,7433.0,7415.25,7428.5,35758
2026-05-18T13:50:00+00:00,7428.75,7449.25,7428.25,7449.25,30771
2026-05-18T13:55:00+00:00,7449.25,7454.25,7444.0,7446.0,27501
2026-05-18T14:00:00+00:00,7445.75,7445.75,7428.75,7431.75,27871
2026-05-18T14:05:00+00:00,7431.75,7444.0,7425.75,7444.0,35692
2026-05-18T14:10:00+00:00,7443.75,7447.0,7435.75,7439.25,26019
2026-05-18T14:15:00+00:00,7439.25,7447.25,7438.0,7445.5,17439
2026-05-18T14:20:00+00:00,7445.75,7448.25,7435.25,7440.25,20931
2026-05-18T14:25:00+00:00,7440.25,7444.25,7432.25,7435.25,18729
2026-05-18T14:30:00+00:00,7435.0,7438.25,7411.5,7414.5,33237
2026-05-18T14:35:00+00:00,7414.25,7421.25,7404.25,7419.5,33968
2026-05-18T14:40:00+00:00,7419.25,7427.5,7411.25,7423.0,27117
2026-05-18T14:45:00+00:00,7423.0,7424.25,7412.75,7415.25,20748
2026-05-18T14:50:00+00:00,7415.25,7428.0,7414.25,7421.75,19767
2026-05-18T14:55:00+00:00,7421.75,7426.0,7420.0,7423.0,13244
2026-05-18T15:00:00+00:00,7423.0,7430.5,7407.75,7413.0,45162
2026-05-18T15:05:00+00:00,7412.5,7416.75,7407.5,7408.0,18103
2026-05-18T15:10:00+00:00,7407.75,7415.0,7405.0,7412.5,17328
2026-05-18T15:15:00+00:00,7412.5,7414.25,7399.5,7403.25,17260
2026-05-18T15:20:00+00:00,7403.25,7407.5,7399.25,7403.5,18099
2026-05-18T15:25:00+00:00,7403.5,7409.0,7395.0,7396.0,18987
2026-05-18T15:30:00+00:00,7396.25,7405.75,7391.5,7405.25,19925
2026-05-18T15:35:00+00:00,7405.25,7413.0,7404.5,7408.0,16252
2026-05-18T15:40:00+00:00,7408.25,7414.0,7401.75,7402.25,13127
2026-05-18T15:45:00+00:00,7402.25,7410.0,7401.25,7405.0,9981
2026-05-18T15:50:00+00:00,7405.0,7410.0,7399.5,7409.0,10850
2026-05-18T15:55:00+00:00,7409.0,7412.0,7401.5,7403.0,10722
2026-05-18T16:00:00+00:00,7403.0,7405.0,7396.75,7398.75,12434
2026-05-18T16:05:00+00:00,7399.0,7404.5,7397.75,7402.5,8028
2026-05-18T16:10:00+00:00,7402.75,7409.25,7401.75,7409.25,10521
2026-05-18T16:15:00+00:00,7409.0,7413.5,7408.0,7412.0,9874
2026-05-18T16:20:00+00:00,7412.0,7419.0,7404.5,7407.75,21788
2026-05-18T16:25:00+00:00,7408.0,7409.0,7384.75,7388.25,28820
2026-05-18T16:30:00+00:00,7388.0,7398.5,7381.75,7394.25,21566
2026-05-18T16:35:00+00:00,7394.25,7401.0,7393.25,7397.25,12537
2026-05-18T16:40:00+00:00,7397.0,7398.0,7390.5,7391.25,10381
2026-05-18T16:45:00+00:00,7391.25,7395.5,7391.0,7394.5,7654
2026-05-18T16:50:00+00:00,7394.5,7409.0,7394.0,7407.75,14992
2026-05-18T16:55:00+00:00,7408.0,7413.5,7403.75,7405.0,15807
2026-05-18T17:00:00+00:00,7404.75,7409.25,7399.0,7408.75,14329
2026-05-18T17:05:00+00:00,7408.5,7413.25,7406.5,7410.0,11307
2026-05-18T17:10:00+00:00,7410.25,7414.25,7407.25,7407.25,7277
2026-05-18T17:15:00+00:00,7407.5,7414.25,7405.5,7412.0,7735
2026-05-18T17:20:00+00:00,7412.25,7412.75,7406.25,7408.5,6845
2026-05-18T17:25:00+00:00,7408.75,7413.75,7406.5,7413.5,5450
2026-05-18T17:30:00+00:00,7413.5,7414.0,7406.25,7408.0,7148
2026-05-18T17:35:00+00:00,7408.0,7408.25,7402.0,7404.0,8825
2026-05-18T17:40:00+00:00,7404.0,7411.25,7403.0,7407.75,8480
2026-05-18T17:45:00+00:00,7408.0,7409.0,7403.25,7406.25,6766
2026-05-18T17:50:00+00:00,7406.25,7413.25,7405.5,7409.25,6719
2026-05-18T17:55:00+00:00,7409.25,7411.75,7407.0,7410.25,4405
2026-05-18T18:00:00+00:00,7410.25,7411.25,7397.75,7398.25,12311
2026-05-18T18:05:00+00:00,7398.5,7400.75,7393.5,7395.75,10338
2026-05-18T18:10:00+00:00,7395.5,7397.25,7390.0,7390.25,9448
2026-05-18T18:15:00+00:00,7390.25,7391.25,7381.25,7384.25,16198
2026-05-18T18:20:00+00:00,7384.25,7386.25,7380.75,7382.75,11851
2026-05-18T18:25:00+00:00,7382.75,7387.0,7376.5,7386.75,18043
2026-05-18T18:30:00+00:00,7387.0,7391.5,7384.5,7387.5,11316
2026-05-18T18:35:00+00:00,7387.5,7391.0,7383.5,7383.75,7961
2026-05-18T18:40:00+00:00,7383.5,7385.75,7379.25,7385.5,8572
2026-05-18T18:45:00+00:00,7385.75,7387.25,7378.75,7379.0,8370
2026-05-18T18:50:00+00:00,7379.0,7381.0,7374.25,7377.0,13966
2026-05-18T18:55:00+00:00,7377.0,7381.25,7372.75,7376.5,13788
2026-05-18T19:00:00+00:00,7376.5,7420.5,7375.75,7404.5,56617
2026-05-18T19:05:00+00:00,7404.5,7411.0,7395.5,7403.0,26197
2026-05-18T19:10:00+00:00,7403.0,7407.25,7399.0,7400.75,12550
2026-05-18T19:15:00+00:00,7400.75,7405.25,7395.5,7397.25,11465
2026-05-18T19:20:00+00:00,7397.5,7402.25,7391.75,7392.0,11039
2026-05-18T19:25:00+00:00,7392.0,7396.0,7386.25,7395.25,9210
2026-05-18T19:30:00+00:00,7395.25,7403.5,7392.75,7401.0,8987
2026-05-18T19:35:00+00:00,7401.0,7410.75,7400.5,7410.25,8888
2026-05-18T19:40:00+00:00,7410.25,7419.0,7410.0,7418.5,11965
2026-05-18T19:45:00+00:00,7418.25,7425.25,7415.75,7423.5,11549
2026-05-18T19:50:00+00:00,7423.75,7428.0,7419.0,7425.0,14999
2026-05-18T19:55:00+00:00,7425.25,7428.0,7418.5,7426.5,17706
2026-05-18T20:00:00+00:00,7426.25,7428.5,7420.0,7420.25,6605
2026-05-18T20:05:00+00:00,7420.0,7421.75,7417.0,7420.5,2908
2026-05-18T20:10:00+00:00,7420.5,7423.5,7419.75,7421.75,1695
2026-05-18T20:15:00+00:00,7421.75,7423.5,7420.0,7420.25,1367
2026-05-18T20:20:00+00:00,7420.0,7423.0,7419.0,7422.75,843
2026-05-18T20:25:00+00:00,7423.0,7423.0,7420.75,7421.75,644
2026-05-18T20:30:00+00:00,7421.75,7424.25,7419.5,7420.25,1512
2026-05-18T20:35:00+00:00,7420.25,7421.75,7420.0,7421.0,585
2026-05-18T20:40:00+00:00,7421.0,7424.75,7420.0,7424.25,1483
2026-05-18T20:45:00+00:00,7424.0,7425.25,7422.75,7423.75,1128
2026-05-18T20:50:00+00:00,7423.75,7424.0,7421.25,7421.5,934
2026-05-18T20:55:00+00:00,7421.5,7424.0,7419.75,7420.5,1294
2026-05-18T22:00:00+00:00,7423.0,7429.0,7421.25,7427.25,0
2026-05-18T22:05:00+00:00,7427.0,7432.0,7427.0,7428.5,2487
2026-05-18T22:10:00+00:00,7428.5,7429.75,7426.5,7428.25,1117
2026-05-18T22:15:00+00:00,7427.75,7431.25,7427.5,7431.0,944
2026-05-18T22:20:00+00:00,7430.5,7437.5,7430.5,7435.75,2639
2026-05-18T22:25:00+00:00,7436.0,7437.0,7433.0,7435.5,1560
2026-05-18T22:30:00+00:00,7435.5,7437.5,7434.5,7434.75,1526
2026-05-18T22:35:00+00:00,7434.75,7438.25,7434.5,7437.5,867
2026-05-18T22:40:00+00:00,7437.5,7438.25,7434.5,7435.0,1137
2026-05-18T22:45:00+00:00,7434.75,7435.0,7432.25,7433.25,1203
2026-05-18T22:50:00+00:00,7433.5,7434.25,7431.0,7433.0,1261
2026-05-18T22:55:00+00:00,7433.25,7434.5,7432.75,7434.25,555
2026-05-18T23:00:00+00:00,7434.5,7438.75,7434.0,7438.5,2617
2026-05-18T23:05:00+00:00,7438.0,7439.0,7435.0,7439.0,1622
2026-05-18T23:10:00+00:00,7439.0,7439.0,7435.25,7435.5,820
2026-05-18T23:15:00+00:00,7435.25,7436.0,7432.75,7434.0,1147
2026-05-18T23:20:00+00:00,7434.25,7436.0,7433.25,7435.0,597
2026-05-18T23:25:00+00:00,7434.75,7436.5,7434.0,7435.0,529
2026-05-18T23:30:00+00:00,7435.0,7435.5,7432.75,7434.0,827
2026-05-18T23:35:00+00:00,7434.25,7434.75,7432.25,7433.75,613
2026-05-18T23:40:00+00:00,7433.75,7435.25,7433.5,7434.5,495
2026-05-18T23:45:00+00:00,7434.25,7434.5,7431.5,7432.25,1142
2026-05-18T23:50:00+00:00,7432.0,7432.75,7426.75,7427.25,1900
2026-05-18T23:55:00+00:00,7427.5,7429.75,7426.5,7429.25,1450
2026-05-19T00:00:00+00:00,7429.25,7432.0,7423.5,7424.5,4022
2026-05-19T00:05:00+00:00,7424.5,7431.75,7423.0,7430.5,3403
2026-05-19T00:10:00+00:00,7430.75,7434.25,7429.5,7429.5,2485
2026-05-19T00:15:00+00:00,7429.75,7432.0,7425.0,7431.75,2582
2026-05-19T00:20:00+00:00,7431.5,7440.75,7429.75,7431.25,4491
2026-05-19T00:25:00+00:00,7431.25,7436.0,7430.75,7436.0,1684
2026-05-19T00:30:00+00:00,7436.0,7438.0,7434.75,7436.25,1507
2026-05-19T00:35:00+00:00,7436.25,7436.5,7428.75,7428.75,1967
2026-05-19T00:40:00+00:00,7429.0,7431.0,7427.0,7430.5,1829
2026-05-19T00:45:00+00:00,7430.5,7432.5,7429.0,7432.5,1013
2026-05-19T00:50:00+00:00,7432.5,7433.0,7423.0,7425.25,2211
2026-05-19T00:55:00+00:00,7424.75,7427.25,7423.5,7424.0,1303
2026-05-19T01:00:00+00:00,7424.0,7424.0,7418.5,7421.5,3174
2026-05-19T01:05:00+00:00,7421.5,7425.25,7420.25,7424.5,1686
2026-05-19T01:10:00+00:00,7424.5,7426.75,7421.25,7422.25,1416
2026-05-19T01:15:00+00:00,7422.75,7423.5,7417.75,7418.75,1826
2026-05-19T01:20:00+00:00,7418.5,7418.5,7411.25,7413.5,3359
2026-05-19T01:25:00+00:00,7413.25,7416.75,7412.0,7416.5,1440
2026-05-19T01:30:00+00:00,7416.75,7417.5,7412.75,7416.75,1667
2026-05-19T01:35:00+00:00,7416.75,7423.5,7415.75,7422.0,2521
2026-05-19T01:40:00+00:00,7422.25,7425.75,7420.25,7424.0,1641
2026-05-19T01:45:00+00:00,7424.25,7425.75,7421.0,7422.25,1410
2026-05-19T01:50:00+00:00,7422.0,7424.0,7421.0,7422.25,939
2026-05-19T01:55:00+00:00,7422.0,7422.0,7416.25,7416.75,1419
2026-05-19T02:00:00+00:00,7416.5,7416.75,7409.75,7411.5,3141
2026-05-19T02:05:00+00:00,7411.75,7413.75,7403.5,7404.0,3621
2026-05-19T02:10:00+00:00,7403.75,7409.25,7402.75,7408.5,2560
2026-05-19T02:15:00+00:00,7408.5,7409.0,7404.25,7408.25,2028
2026-05-19T02:20:00+00:00,7408.25,7411.5,7408.25,7411.0,1329
2026-05-19T02:25:00+00:00,7411.0,7414.25,7410.75,7411.5,1571
2026-05-19T02:30:00+00:00,7411.25,7414.5,7409.5,7412.0,1479
2026-05-19T02:35:00+00:00,7411.75,7413.75,7410.5,7411.0,861
2026-05-19T02:40:00+00:00,7410.75,7414.5,7410.0,7414.5,751
2026-05-19T02:45:00+00:00,7414.5,7416.5,7412.25,7413.75,1272
2026-05-19T02:50:00+00:00,7413.25,7414.75,7410.0,7412.75,1087
2026-05-19T02:55:00+00:00,7413.0,7413.5,7409.75,7410.75,1123
2026-05-19T03:00:00+00:00,7410.75,7411.0,7406.0,7408.75,1519
2026-05-19T03:05:00+00:00,7408.75,7412.75,7408.0,7412.75,973
2026-05-19T03:10:00+00:00,7412.5,7415.75,7412.25,7414.0,989
2026-05-19T03:15:00+00:00,7414.5,7417.25,7412.75,7415.75,819
2026-05-19T03:20:00+00:00,7416.25,7416.5,7413.5,7416.0,468
2026-05-19T03:25:00+00:00,7416.0,7418.75,7415.75,7418.0,911
2026-05-19T03:30:00+00:00,7418.0,7422.5,7418.0,7419.5,1509
2026-05-19T03:35:00+00:00,7419.5,7421.25,7418.25,7419.5,685
2026-05-19T03:40:00+00:00,7419.5,7420.5,7417.0,7417.75,848
2026-05-19T03:45:00+00:00,7417.5,7417.75,7413.5,7415.25,1636
2026-05-19T03:50:00+00:00,7415.25,7416.0,7412.5,7414.25,852
2026-05-19T03:55:00+00:00,7414.0,7414.0,7411.5,7412.25,627
2026-05-19T04:05:00+00:00,7405.75,7406.5,7405.25,7406.25,4061
2026-05-19T04:10:00+00:00,7406.5,7408.75,7405.25,7406.5,1099
2026-05-19T04:15:00+00:00,7406.75,7407.0,7401.0,7402.25,1832
2026-05-19T04:20:00+00:00,7402.5,7405.25,7400.75,7403.0,1492
2026-05-19T04:25:00+00:00,7402.75,7402.75,7397.0,7401.0,2017
2026-05-19T04:30:00+00:00,7401.0,7404.5,7400.25,7403.75,1080
2026-05-19T04:35:00+00:00,7403.75,7408.75,7402.5,7404.5,1749
2026-05-19T04:40:00+00:00,7404.5,7407.25,7403.5,7404.0,969
2026-05-19T04:45:00+00:00,7404.0,7407.0,7401.5,7401.5,993
2026-05-19T04:50:00+00:00,7401.75,7406.0,7400.0,7404.5,1355
2026-05-19T04:55:00+00:00,7404.75,7407.0,7403.5,7404.75,575
2026-05-19T05:00:00+00:00,7405.0,7407.25,7401.75,7402.75,1249
2026-05-19T05:05:00+00:00,7403.0,7406.25,7400.25,7405.25,1192
2026-05-19T05:10:00+00:00,7405.5,7406.5,7403.5,7404.25,676
2026-05-19T05:15:00+00:00,7404.25,7404.75,7400.75,7402.0,576
2026-05-19T05:20:00+00:00,7402.0,7403.0,7391.5,7395.25,3134
2026-05-19T05:25:00+00:00,7395.0,7405.5,7394.75,7403.75,2261
2026-05-19T05:30:00+00:00,7404.0,7404.0,7398.25,7399.5,1491
2026-05-19T05:35:00+00:00,7399.25,7405.5,7397.75,7403.75,1214
2026-05-19T05:40:00+00:00,7403.75,7406.5,7399.25,7399.75,1059
2026-05-19T05:45:00+00:00,7399.75,7403.5,7399.5,7402.25,1091
2026-05-19T05:50:00+00:00,7402.0,7403.75,7400.5,7402.0,761
2026-05-19T05:55:00+00:00,7402.0,7402.5,7398.75,7402.0,768
2026-05-19T06:00:00+00:00,7402.0,7402.5,7396.5,7400.5,2027
2026-05-19T06:05:00+00:00,7400.5,7402.0,7398.0,7400.5,1563
2026-05-19T06:10:00+00:00,7400.75,7407.25,7399.0,7407.25,2178
2026-05-19T06:15:00+00:00,7407.0,7409.5,7403.5,7409.5,1824
2026-05-19T06:20:00+00:00,7409.5,7411.0,7408.5,7409.5,1252
2026-05-19T06:25:00+00:00,7409.25,7412.25,7407.5,7409.75,1687
2026-05-19T06:30:00+00:00,7409.5,7411.25,7407.75,7408.75,1247
2026-05-19T06:35:00+00:00,7408.75,7414.25,7407.25,7413.25,1362
2026-05-19T06:40:00+00:00,7413.5,7416.75,7412.0,7415.75,1547
2026-05-19T06:45:00+00:00,7415.75,7415.75,7411.0,7412.5,1418
2026-05-19T06:50:00+00:00,7412.5,7414.75,7412.0,7412.5,685
2026-05-19T06:55:00+00:00,7412.5,7414.0,7412.0,7413.75,805
2026-05-19T07:00:00+00:00,7413.75,7413.75,7410.75,7412.0,1284
2026-05-19T07:05:00+00:00,7411.75,7426.0,7411.75,7424.5,3240
2026-05-19T07:10:00+00:00,7424.0,7426.0,7417.75,7420.75,1804
2026-05-19T07:15:00+00:00,7420.75,7421.25,7417.5,7420.25,978
2026-05-19T07:20:00+00:00,7420.25,7421.75,7418.75,7420.5,990
2026-05-19T07:25:00+00:00,7420.25,7421.25,7418.75,7420.25,996
2026-05-19T07:30:00+00:00,7420.0,7420.5,7417.0,7417.25,1059
2026-05-19T07:35:00+00:00,7417.0,7423.0,7416.25,7422.75,1388
2026-05-19T07:40:00+00:00,7422.75,7427.5,7422.0,7424.5,1599
2026-05-19T07:45:00+00:00,7424.5,7433.0,7423.75,7429.0,2744
2026-05-19T07:50:00+00:00,7428.75,7431.25,7427.5,7430.0,1316
2026-05-19T07:55:00+00:00,7429.75,7431.5,7429.0,7429.75,1222
2026-05-19T08:00:00+00:00,7429.5,7431.25,7425.75,7426.25,2080
2026-05-19T08:05:00+00:00,7426.0,7426.5,7420.0,7422.0,1670
2026-05-19T08:10:00+00:00,7421.5,7422.0,7414.25,7418.25,2701
2026-05-19T08:15:00+00:00,7418.25,7420.5,7416.5,7418.5,1436
2026-05-19T08:20:00+00:00,7418.5,7419.75,7411.75,7412.0,1624
2026-05-19T08:25:00+00:00,7412.0,7412.25,7406.75,7410.25,3286
2026-05-19T08:30:00+00:00,7410.5,7413.25,7409.5,7411.5,1148
2026-05-19T08:35:00+00:00,7411.5,7414.0,7409.25,7413.25,1334
2026-05-19T08:40:00+00:00,7413.5,7415.5,7412.75,7414.0,764
2026-05-19T08:45:00+00:00,7414.25,7417.0,7414.0,7416.25,760
2026-05-19T08:50:00+00:00,7416.25,7417.75,7413.25,7413.75,1086
2026-05-19T08:55:00+00:00,7413.5,7416.0,7412.5,7412.75,784
2026-05-19T09:00:00+00:00,7413.0,7413.0,7408.0,7410.5,1607
2026-05-19T09:05:00+00:00,7410.25,7410.75,7408.0,7409.75,804
2026-05-19T09:10:00+00:00,7410.0,7410.75,7406.25,7407.25,866
2026-05-19T09:15:00+00:00,7406.75,7407.25,7398.75,7401.0,2558
2026-05-19T09:20:00+00:00,7401.25,7404.25,7400.25,7402.5,1333
2026-05-19T09:25:00+00:00,7402.25,7403.0,7394.25,7396.25,2599
2026-05-19T09:30:00+00:00,7396.25,7398.75,7387.25,7388.75,4330
2026-05-19T09:35:00+00:00,7388.75,7392.5,7388.25,7390.0,1639
2026-05-19T09:40:00+00:00,7390.0,7390.0,7384.0,7384.75,2608
2026-05-19T09:45:00+00:00,7384.75,7390.25,7384.0,7389.25,1658
2026-05-19T09:50:00+00:00,7389.5,7393.5,7389.25,7393.25,1668
2026-05-19T09:55:00+00:00,7393.25,7400.5,7392.5,7398.0,2326
2026-05-19T10:00:00+00:00,7398.0,7400.0,7395.25,7396.25,2070
2026-05-19T10:05:00+00:00,7396.5,7398.25,7395.5,7395.75,996
2026-05-19T10:10:00+00:00,7396.0,7398.0,7392.75,7397.5,1632
2026-05-19T10:15:00+00:00,7397.5,7397.75,7395.25,7396.75,713
2026-05-19T10:20:00+00:00,7397.0,7398.25,7394.0,7397.75,925
2026-05-19T10:25:00+00:00,7397.75,7398.5,7394.75,7396.0,1188
2026-05-19T10:30:00+00:00,7396.25,7401.5,7394.25,7399.75,2112
2026-05-19T10:35:00+00:00,7399.5,7400.0,7388.0,7393.25,6504
2026-05-19T10:40:00+00:00,7393.5,7393.75,7384.75,7387.25,3149
2026-05-19T10:45:00+00:00,7387.25,7396.5,7384.25,7392.75,5096
2026-05-19T10:50:00+00:00,7392.75,7398.25,7392.0,7394.5,2791
2026-05-19T10:55:00+00:00,7394.5,7401.25,7394.5,7399.75,4391
2026-05-19T11:00:00+00:00,7399.75,7405.25,7399.0,7403.0,2702
2026-05-19T11:05:00+00:00,7403.25,7404.0,7399.5,7404.0,1330
2026-05-19T11:10:00+00:00,7403.75,7403.75,7398.25,7399.0,3365
2026-05-19T11:15:00+00:00,7399.0,7401.5,7396.0,7401.0,2160
2026-05-19T11:20:00+00:00,7401.0,7401.0,7396.0,7397.0,1621
2026-05-19T11:25:00+00:00,7397.5,7398.25,7394.75,7398.0,1689
2026-05-19T11:30:00+00:00,7398.25,7403.25,7397.75,7401.5,2143
2026-05-19T11:35:00+00:00,7401.5,7402.25,7398.75,7399.0,1284
2026-05-19T11:40:00+00:00,7399.25,7400.25,7395.0,7396.0,1673
2026-05-19T11:45:00+00:00,7395.75,7396.5,7393.0,7395.5,2087
2026-05-19T11:50:00+00:00,7395.5,7397.5,7393.75,7394.5,1865
2026-05-19T11:55:00+00:00,7394.75,7394.75,7388.75,7388.75,2898
2026-05-19T12:00:00+00:00,7389.0,7394.5,7385.75,7392.0,4717
2026-05-19T12:05:00+00:00,7392.25,7393.75,7390.0,7392.5,2379
2026-05-19T12:10:00+00:00,7392.75,7397.25,7392.5,7395.75,1902
2026-05-19T12:15:00+00:00,7395.75,7396.25,7390.0,7393.0,2924
2026-05-19T12:20:00+00:00,7393.25,7396.0,7391.5,7395.75,2227
2026-05-19T12:25:00+00:00,7395.75,7396.25,7390.75,7394.75,2158
2026-05-19T12:30:00+00:00,7394.5,7398.5,7393.25,7397.75,2308
2026-05-19T12:35:00+00:00,7397.75,7403.0,7397.25,7400.5,3060
2026-05-19T12:40:00+00:00,7400.75,7404.75,7399.25,7400.75,3064
2026-05-19T12:45:00+00:00,7400.75,7403.75,7399.0,7403.5,2703
2026-05-19T12:50:00+00:00,7403.75,7404.75,7402.0,7402.75,1275
2026-05-19T12:55:00+00:00,7403.25,7404.25,7400.5,7401.25,1570
2026-05-19T13:00:00+00:00,7401.0,7403.25,7399.0,7399.25,2868
2026-05-19T13:05:00+00:00,7399.0,7399.25,7386.25,7390.25,11698
2026-05-19T13:10:00+00:00,7390.25,7394.5,7387.5,7394.5,6415
2026-05-19T13:15:00+00:00,7394.75,7395.0,7386.25,7386.5,5844
2026-05-19T13:20:00+00:00,7386.5,7388.25,7380.25,7383.5,14419
2026-05-19T13:25:00+00:00,7383.0,7386.75,7380.5,7386.75,10747
2026-05-19T13:30:00+00:00,7386.75,7392.25,7380.5,7384.5,37305
2026-05-19T13:35:00+00:00,7384.25,7396.0,7377.5,7393.25,36996
2026-05-19T13:40:00+00:00,7393.0,7394.0,7373.25,7375.0,40108
2026-05-19T13:45:00+00:00,7375.0,7392.75,7369.75,7385.0,46571
2026-05-19T13:50:00+00:00,7384.75,7399.0,7380.75,7397.0,31953
2026-05-19T13:55:00+00:00,7397.25,7402.0,7391.0,7392.25,28944
2026-05-19T14:00:00+00:00,7392.5,7393.0,7378.5,7388.75,37862
2026-05-19T14:05:00+00:00,7388.75,7390.25,7367.25,7372.25,39626
2026-05-19T14:10:00+00:00,7372.5,7378.0,7366.75,7368.25,32477
2026-05-19T14:15:00+00:00,7368.0,7370.5,7362.25,7364.25,26362
2026-05-19T14:20:00+00:00,7364.5,7367.0,7356.25,7366.25,30489
2026-05-19T14:25:00+00:00,7366.0,7370.25,7360.25,7363.25,24293
2026-05-19T14:30:00+00:00,7363.25,7371.75,7359.0,7362.0,25647
2026-05-19T14:35:00+00:00,7361.75,7371.0,7361.5,7369.0,18629
2026-05-19T14:40:00+00:00,7369.0,7373.75,7363.5,7366.5,22949
2026-05-19T14:45:00+00:00,7366.5,7368.5,7353.75,7358.25,24425
2026-05-19T14:50:00+00:00,7358.25,7362.25,7354.75,7358.0,16347
2026-05-19T14:55:00+00:00,7357.75,7371.0,7356.75,7370.75,16636
2026-05-19T15:00:00+00:00,7370.5,7375.0,7366.75,7373.0,17087
2026-05-19T15:05:00+00:00,7373.0,7374.0,7365.5,7371.75,16549
2026-05-19T15:10:00+00:00,7371.5,7376.25,7371.5,7374.5,13328
2026-05-19T15:15:00+00:00,7374.75,7378.75,7368.75,7369.0,16362
2026-05-19T15:20:00+00:00,7369.0,7371.25,7358.75,7359.25,18170
2026-05-19T15:25:00+00:00,7359.25,7365.5,7355.5,7361.25,16724
2026-05-19T15:30:00+00:00,7361.25,7372.0,7359.0,7365.25,18060
2026-05-19T15:35:00+00:00,7365.25,7374.75,7362.75,7373.25,14127
2026-05-19T15:40:00+00:00,7373.0,7378.5,7370.5,7374.5,13743
2026-05-19T15:45:00+00:00,7374.5,7378.0,7370.5,7378.0,10050
2026-05-19T15:50:00+00:00,7377.75,7378.5,7370.0,7372.5,10737
2026-05-19T15:55:00+00:00,7372.5,7372.5,7364.25,7369.0,12311
2026-05-19T16:00:00+00:00,7369.0,7379.25,7368.0,7375.75,12745
2026-05-19T16:05:00+00:00,7375.75,7376.0,7365.0,7365.0,11881
2026-05-19T16:10:00+00:00,7365.25,7367.75,7361.75,7367.0,11964
2026-05-19T16:15:00+00:00,7367.0,7376.5,7366.5,7376.0,12221
2026-05-19T16:20:00+00:00,7375.75,7380.0,7372.5,7379.75,10858
2026-05-19T16:25:00+00:00,7379.75,7386.5,7379.75,7384.0,16147
2026-05-19T16:30:00+00:00,7384.0,7390.5,7382.25,7387.25,14654
2026-05-19T16:35:00+00:00,7387.25,7390.0,7383.5,7389.25,10180
2026-05-19T16:40:00+00:00,7389.25,7393.5,7389.25,7393.25,9193
2026-05-19T16:45:00+00:00,7393.25,7395.5,7391.25,7394.0,8006
2026-05-19T16:50:00+00:00,7394.0,7400.25,7392.25,7399.0,10896
2026-05-19T16:55:00+00:00,7399.25,7402.0,7398.0,7400.25,10243
2026-05-19T17:00:00+00:00,7400.25,7406.25,7398.25,7405.25,11723
2026-05-19T17:05:00+00:00,7405.25,7406.25,7402.5,7405.25,7886
2026-05-19T17:10:00+00:00,7405.25,7409.25,7404.5,7407.5,8356
2026-05-19T17:15:00+00:00,7407.75,7412.75,7407.5,7412.0,9086
2026-05-19T17:20:00+00:00,7411.75,7415.25,7409.5,7414.25,9922
2026-05-19T17:25:00+00:00,7414.25,7415.0,7406.5,7409.0,13914
2026-05-19T17:30:00+00:00,7408.75,7414.75,7406.5,7406.5,10374
2026-05-19T17:35:00+00:00,7406.75,7411.5,7406.0,7411.25,8210
2026-05-19T17:40:00+00:00,7411.5,7413.5,7408.75,7410.0,9545
2026-05-19T17:45:00+00:00,7410.25,7410.5,7402.0,7406.25,12943
2026-05-19T17:50:00+00:00,7406.5,7406.75,7399.0,7403.75,10055
2026-05-19T17:55:00+00:00,7403.75,7407.0,7401.75,7406.75,8947
2026-05-19T18:00:00+00:00,7406.75,7409.25,7404.75,7408.0,8948
2026-05-19T18:05:00+00:00,7408.0,7410.5,7405.25,7410.0,6911
2026-05-19T18:10:00+00:00,7410.0,7411.75,7408.25,7408.5,5971
2026-05-19T18:15:00+00:00,7408.5,7410.0,7404.5,7406.75,7589
2026-05-19T18:20:00+00:00,7406.75,7407.25,7397.25,7401.5,13777
2026-05-19T18:25:00+00:00,7401.5,7406.25,7396.75,7397.5,12866
2026-05-19T18:30:00+00:00,7397.5,7401.5,7394.25,7399.25,12659
2026-05-19T18:35:00+00:00,7399.5,7402.25,7395.0,7395.5,7597
2026-05-19T18:40:00+00:00,7395.5,7398.25,7393.75,7397.25,7161
2026-05-19T18:45:00+00:00,7397.0,7397.5,7392.0,7395.75,7094
2026-05-19T18:50:00+00:00,7395.5,7395.75,7387.5,7387.5,8944
2026-05-19T18:55:00+00:00,7387.5,7387.5,7380.5,7383.0,17479
2026-05-19T19:00:00+00:00,7382.75,7388.0,7382.25,7384.5,10696
2026-05-19T19:05:00+00:00,7384.5,7393.25,7383.25,7391.25,11656
2026-05-19T19:10:00+00:00,7391.25,7399.5,7390.75,7399.0,10224
2026-05-19T19:15:00+00:00,7399.25,7400.5,7392.0,7392.0,9278
2026-05-19T19:20:00+00:00,7392.0,7393.5,7380.5,7380.75,12866
2026-05-19T19:25:00+00:00,7380.75,7387.5,7377.25,7386.5,14515
2026-05-19T19:30:00+00:00,7386.5,7389.25,7381.5,7382.0,10538
2026-05-19T19:35:00+00:00,7382.0,7383.75,7378.25,7380.5,7943
2026-05-19T19:40:00+00:00,7380.5,7381.0,7376.25,7377.5,8478
2026-05-19T19:45:00+00:00,7377.5,7379.75,7375.0,7377.0,10070
2026-05-19T19:50:00+00:00,7377.25,7377.75,7366.75,7368.0,20011
2026-05-19T19:55:00+00:00,7368.0,7379.25,7365.0,7377.5,31973
2026-05-19T20:00:00+00:00,7377.75,7378.25,7369.5,7370.75,8732
2026-05-19T20:05:00+00:00,7370.5,7376.75,7369.5,7375.25,2472
2026-05-19T20:10:00+00:00,7375.5,7377.5,7373.25,7374.75,2013
2026-05-19T20:15:00+00:00,7374.75,7376.0,7372.5,7373.75,1608
2026-05-19T20:20:00+00:00,7373.75,7374.25,7372.0,7373.75,1099
2026-05-19T20:25:00+00:00,7374.0,7376.0,7372.25,7373.0,1283
2026-05-19T20:30:00+00:00,7373.5,7373.5,7371.5,7372.5,810
2026-05-19T20:35:00+00:00,7372.25,7373.5,7371.0,7371.5,774
2026-05-19T20:40:00+00:00,7371.25,7373.25,7371.25,7372.5,844
2026-05-19T20:45:00+00:00,7372.75,7373.5,7370.75,7372.25,1311
2026-05-19T20:50:00+00:00,7372.0,7373.75,7371.0,7372.0,692
2026-05-19T20:55:00+00:00,7372.0,7373.0,7370.75,7372.5,865
2026-05-19T22:00:00+00:00,7377.75,7377.75,7373.25,7375.5,0
2026-05-19T22:05:00+00:00,7375.0,7380.25,7374.75,7379.75,1221
2026-05-19T22:10:00+00:00,7380.0,7380.0,7374.75,7375.75,926
2026-05-19T22:15:00+00:00,7375.75,7376.25,7372.5,7373.0,1138
2026-05-19T22:20:00+00:00,7373.0,7376.0,7371.5,7372.75,1029
2026-05-19T22:25:00+00:00,7372.5,7372.75,7367.75,7369.25,2009
2026-05-19T22:30:00+00:00,7369.5,7374.75,7368.75,7373.5,1609
2026-05-19T22:35:00+00:00,7373.25,7374.5,7371.0,7371.25,1339
2026-05-19T22:40:00+00:00,7371.25,7372.0,7367.75,7370.5,1216
2026-05-19T22:45:00+00:00,7370.5,7372.75,7368.5,7372.25,949
2026-05-19T22:50:00+00:00,7372.25,7373.75,7370.75,7373.0,752
2026-05-19T22:55:00+00:00,7373.0,7376.0,7373.0,7375.0,1358
2026-05-19T23:00:00+00:00,7375.0,7376.5,7373.75,7376.0,788
2026-05-19T23:05:00+00:00,7376.0,7377.75,7374.75,7377.5,682
2026-05-19T23:10:00+00:00,7377.5,7381.5,7377.25,7380.75,1781
2026-05-19T23:15:00+00:00,7380.5,7384.75,7379.5,7383.5,1908
2026-05-19T23:20:00+00:00,7383.5,7385.0,7382.0,7382.25,1511
2026-05-19T23:25:00+00:00,7382.0,7383.75,7381.75,7383.75,744
2026-05-19T23:30:00+00:00,7383.75,7394.0,7383.75,7392.25,4037
2026-05-19T23:35:00+00:00,7392.5,7393.0,7386.25,7387.25,2502
2026-05-19T23:40:00+00:00,7387.25,7389.5,7386.25,7387.75,924
2026-05-19T23:45:00+00:00,7388.0,7388.5,7384.75,7385.5,1564
2026-05-19T23:50:00+00:00,7385.25,7386.5,7382.5,7384.5,1578
2026-05-19T23:55:00+00:00,7384.25,7385.0,7381.25,7382.0,975
2026-05-20T00:00:00+00:00,7381.5,7381.5,7374.75,7375.5,4062
2026-05-20T00:05:00+00:00,7375.5,7376.75,7367.0,7371.25,4832
2026-05-20T00:10:00+00:00,7371.0,7372.25,7359.5,7362.75,6079
2026-05-20T00:15:00+00:00,7362.75,7363.5,7356.0,7360.0,5877
2026-05-20T00:20:00+00:00,7360.0,7363.75,7358.0,7363.25,3177
2026-05-20T00:25:00+00:00,7363.25,7371.0,7362.5,7370.75,4510
2026-05-20T00:30:00+00:00,7371.0,7379.75,7370.5,7375.75,5755
2026-05-20T00:35:00+00:00,7375.75,7379.0,7371.5,7372.5,3343
2026-05-20T00:40:00+00:00,7372.25,7376.5,7368.75,7374.0,3706
2026-05-20T00:45:00+00:00,7374.0,7379.25,7372.75,7376.25,3089
2026-05-20T00:50:00+00:00,7376.25,7381.25,7373.5,7379.5,2598
2026-05-20T00:55:00+00:00,7379.5,7380.25,7374.25,7375.5,2183
2026-05-20T01:00:00+00:00,7375.5,7376.75,7370.5,7374.75,2833
2026-05-20T01:05:00+00:00,7374.75,7376.25,7367.25,7375.75,3295
2026-05-20T01:10:00+00:00,7375.75,7380.5,7375.25,7379.25,3126
2026-05-20T01:15:00+00:00,7379.25,7380.25,7375.75,7379.25,1674
2026-05-20T01:20:00+00:00,7379.25,7382.0,7374.25,7374.75,2366
2026-05-20T01:25:00+00:00,7374.5,7375.75,7367.25,7368.75,2823
2026-05-20T01:30:00+00:00,7368.75,7371.0,7363.5,7364.5,3586
2026-05-20T01:35:00+00:00,7364.25,7368.0,7359.5,7367.5,4159
2026-05-20T01:40:00+00:00,7367.5,7367.75,7361.75,7367.5,2002
2026-05-20T01:45:00+00:00,7367.5,7375.0,7366.5,7374.25,2744
2026-05-20T01:50:00+00:00,7374.25,7386.0,7374.0,7381.75,7781
2026-05-20T01:55:00+00:00,7381.5,7384.0,7380.0,7381.75,2084
2026-05-20T02:00:00+00:00,7381.75,7383.75,7380.0,7380.75,1570
2026-05-20T02:05:00+00:00,7380.75,7382.75,7379.25,7379.25,1818
2026-05-20T02:10:00+00:00,7379.5,7383.5,7378.5,7382.75,1757
2026-05-20T02:15:00+00:00,7382.75,7384.25,7380.0,7381.75,1331
2026-05-20T02:20:00+00:00,7382.0,7387.0,7380.5,7384.25,1993
2026-05-20T02:25:00+00:00,7384.5,7385.25,7376.75,7376.75,1863
2026-05-20T02:30:00+00:00,7376.5,7376.75,7364.0,7369.75,5393
2026-05-20T02:35:00+00:00,7369.75,7370.5,7364.5,7366.5,2591
2026-05-20T02:40:00+00:00,7366.25,7369.0,7363.75,7363.75,1723
2026-05-20T02:45:00+00:00,7364.0,7368.0,7362.0,7363.5,2239
2026-05-20T02:50:00+00:00,7363.5,7366.0,7361.0,7364.75,1761
2026-05-20T02:55:00+00:00,7365.0,7367.75,7363.5,7364.75,1228
2026-05-20T03:00:00+00:00,7364.75,7365.0,7358.75,7360.25,2850
2026-05-20T03:05:00+00:00,7360.0,7361.5,7358.5,7360.75,1498
2026-05-20T03:10:00+00:00,7360.75,7360.75,7356.5,7356.75,1891
2026-05-20T03:15:00+00:00,7356.75,7362.5,7356.0,7362.5,2087
2026-05-20T03:20:00+00:00,7362.25,7363.5,7358.0,7358.5,1617
2026-05-20T03:25:00+00:00,7358.5,7365.25,7358.25,7363.75,1846
2026-05-20T03:30:00+00:00,7363.75,7365.0,7359.75,7364.5,1590
2026-05-20T03:35:00+00:00,7364.5,7368.5,7363.0,7368.25,2005
2026-05-20T03:40:00+00:00,7368.25,7368.75,7365.0,7366.0,1122
2026-05-20T03:45:00+00:00,7366.25,7367.0,7363.0,7364.75,1130
2026-05-20T03:50:00+00:00,7364.75,7365.75,7363.5,7364.0,642
2026-05-20T03:55:00+00:00,7364.25,7367.25,7364.0,7365.5,712
2026-05-20T04:05:00+00:00,7370.25,7371.5,7370.25,7371.25,2997
2026-05-20T04:10:00+00:00,7371.25,7373.25,7367.0,7372.75,1391
2026-05-20T04:15:00+00:00,7373.0,7374.75,7369.0,7369.75,1125
2026-05-20T04:20:00+00:00,7369.5,7372.25,7368.5,7370.75,613
2026-05-20T04:25:00+00:00,7370.5,7371.5,7368.5,7371.5,719
2026-05-20T04:30:00+00:00,7371.25,7372.0,7366.5,7367.25,940
2026-05-20T04:35:00+00:00,7367.25,7367.75,7364.25,7365.75,1244
2026-05-20T04:40:00+00:00,7365.5,7367.25,7364.25,7364.75,874
2026-05-20T04:45:00+00:00,7364.5,7366.25,7364.5,7365.75,354
2026-05-20T04:50:00+00:00,7365.5,7367.25,7363.0,7363.25,909
2026-05-20T04:55:00+00:00,7363.5,7365.0,7362.25,7364.0,739
2026-05-20T05:00:00+00:00,7364.0,7374.25,7364.0,7371.0,2327
2026-05-20T05:05:00+00:00,7371.0,7373.0,7370.0,7370.25,667
2026-05-20T05:10:00+00:00,7370.25,7372.0,7368.5,7369.75,779
2026-05-20T05:15:00+00:00,7369.5,7369.75,7365.5,7369.25,1107
2026-05-20T05:20:00+00:00,7369.5,7374.5,7369.5,7374.25,1271
2026-05-20T05:25:00+00:00,7374.25,7374.5,7368.75,7370.25,1001
2026-05-20T05:30:00+00:00,7370.75,7378.5,7370.75,7376.5,2753
2026-05-20T05:35:00+00:00,7376.5,7380.75,7375.75,7380.25,1780
2026-05-20T05:40:00+00:00,7380.75,7381.0,7373.25,7373.75,1457
2026-05-20T05:45:00+00:00,7373.75,7374.0,7369.75,7371.0,1037
2026-05-20T05:50:00+00:00,7371.25,7376.75,7369.25,7376.0,1206
2026-05-20T05:55:00+00:00,7376.0,7377.5,7375.5,7376.75,533
2026-05-20T06:00:00+00:00,7376.5,7380.75,7375.5,7379.25,1811
2026-05-20T06:05:00+00:00,7379.25,7380.25,7376.5,7378.25,1336
2026-05-20T06:10:00+00:00,7378.25,7379.75,7377.25,7379.75,1059
2026-05-20T06:15:00+00:00,7379.75,7389.25,7379.75,7387.75,3302
2026-05-20T06:20:00+00:00,7387.75,7389.25,7385.5,7386.75,2557
2026-05-20T06:25:00+00:00,7386.75,7388.5,7385.5,7387.75,1617
2026-05-20T06:30:00+00:00,7387.75,7388.5,7384.5,7385.25,1531
2026-05-20T06:35:00+00:00,7385.0,7387.25,7383.5,7384.5,1375
2026-05-20T06:40:00+00:00,7384.5,7384.5,7382.0,7383.0,742
2026-05-20T06:45:00+00:00,7383.0,7384.5,7382.75,7384.25,560
2026-05-20T06:50:00+00:00,7384.0,7389.5,7383.75,7388.0,1620
2026-05-20T06:55:00+00:00,7388.0,7389.5,7386.5,7389.5,1093
2026-05-20T07:00:00+00:00,7389.25,7390.5,7386.75,7387.5,2277
2026-05-20T07:05:00+00:00,7387.5,7390.0,7386.25,7389.75,863
2026-05-20T07:10:00+00:00,7389.75,7390.0,7387.25,7387.25,1098
2026-05-20T07:15:00+00:00,7387.5,7388.75,7387.0,7388.75,622
2026-05-20T07:20:00+00:00,7388.75,7392.25,7388.25,7391.75,1619
2026-05-20T07:25:00+00:00,7392.0,7392.75,7389.5,7391.25,1121
2026-05-20T07:30:00+00:00,7391.5,7391.75,7388.25,7389.75,852
2026-05-20T07:35:00+00:00,7389.5,7389.5,7385.0,7388.25,1328
2026-05-20T07:40:00+00:00,7388.0,7391.5,7387.25,7389.75,1251
2026-05-20T07:45:00+00:00,7389.75,7390.5,7387.5,7388.0,708
2026-05-20T07:50:00+00:00,7387.75,7388.25,7384.5,7387.75,1108
2026-05-20T07:55:00+00:00,7387.75,7389.0,7385.0,7385.25,1399
2026-05-20T08:00:00+00:00,7385.25,7391.5,7384.75,7391.0,2233
2026-05-20T08:05:00+00:00,7391.25,7393.75,7388.25,7389.0,3555
2026-05-20T08:10:00+00:00,7389.25,7392.0,7386.5,7391.5,1809
2026-05-20T08:15:00+00:00,7391.5,7393.0,7389.25,7392.5,955
2026-05-20T08:20:00+00:00,7392.25,7393.25,7388.0,7392.75,1147
2026-05-20T08:25:00+00:00,7392.75,7396.5,7391.75,7396.5,2465
2026-05-20T08:30:00+00:00,7396.5,7399.0,7395.0,7397.25,2639
2026-05-20T08:35:00+00:00,7397.25,7401.75,7395.5,7400.25,2148
2026-05-20T08:40:00+00:00,7400.5,7401.0,7398.25,7400.5,1191
2026-05-20T08:45:00+00:00,7400.5,7403.75,7400.0,7402.0,1656
2026-05-20T08:50:00+00:00,7401.75,7402.75,7400.25,7400.75,990
2026-05-20T08:55:00+00:00,7401.0,7401.0,7397.25,7397.75,1143
2026-05-20T09:00:00+00:00,7397.5,7399.0,7397.0,7398.0,1248
2026-05-20T09:05:00+00:00,7398.0,7398.25,7395.5,7395.75,837
2026-05-20T09:10:00+00:00,7396.0,7398.5,7393.0,7393.0,1694
2026-05-20T09:15:00+00:00,7393.0,7396.25,7392.25,7396.0,951
2026-05-20T09:20:00+00:00,7396.5,7397.0,7393.0,7394.0,704
2026-05-20T09:25:00+00:00,7394.25,7397.0,7393.5,7397.0,848
2026-05-20T09:30:00+00:00,7397.0,7398.75,7396.75,7398.0,957
2026-05-20T09:35:00+00:00,7398.25,7398.25,7396.25,7397.5,422
2026-05-20T09:40:00+00:00,7397.75,7398.5,7397.0,7397.75,508
2026-05-20T09:45:00+00:00,7397.75,7399.5,7396.5,7399.25,977
2026-05-20T09:50:00+00:00,7399.25,7405.75,7397.5,7402.75,2918
2026-05-20T09:55:00+00:00,7402.75,7404.0,7400.75,7402.0,1106
2026-05-20T10:00:00+00:00,7402.0,7407.5,7401.5,7404.75,1797
2026-05-20T10:05:00+00:00,7404.5,7408.0,7404.5,7405.5,1219
2026-05-20T10:10:00+00:00,7405.25,7406.25,7404.25,7406.0,781
2026-05-20T10:15:00+00:00,7406.0,7406.5,7403.25,7403.75,850
2026-05-20T10:20:00+00:00,7404.0,7407.5,7403.25,7406.0,1206
2026-05-20T10:25:00+00:00,7406.0,7406.5,7404.0,7405.25,774
2026-05-20T10:30:00+00:00,7405.25,7409.25,7404.75,7408.75,1474
2026-05-20T10:35:00+00:00,7408.75,7412.25,7406.75,7406.75,3233
2026-05-20T10:40:00+00:00,7406.75,7407.5,7404.5,7405.25,1309
2026-05-20T10:45:00+00:00,7405.0,7407.0,7403.5,7404.0,1369
2026-05-20T10:50:00+00:00,7404.0,7404.75,7402.0,7403.0,1242
2026-05-20T10:55:00+00:00,7403.0,7403.0,7399.25,7400.75,1945
2026-05-20T11:00:00+00:00,7400.25,7402.75,7399.0,7401.25,1828
2026-05-20T11:05:00+00:00,7401.5,7404.25,7401.25,7401.5,1295
2026-05-20T11:10:00+00:00,7401.5,7403.75,7399.0,7399.5,1350
2026-05-20T11:15:00+00:00,7399.5,7402.25,7399.5,7401.0,865
2026-05-20T11:20:00+00:00,7401.25,7404.75,7401.0,7404.5,1277
2026-05-20T11:25:00+00:00,7404.25,7405.0,7402.5,7405.0,1049
2026-05-20T11:30:00+00:00,7405.0,7408.0,7404.75,7406.0,1980
2026-05-20T11:35:00+00:00,7406.25,7407.25,7402.75,7403.75,1186
2026-05-20T11:40:00+00:00,7403.75,7405.5,7398.25,7401.5,3783
2026-05-20T11:45:00+00:00,7401.5,7403.5,7396.75,7398.5,2660
2026-05-20T11:50:00+00:00,7398.5,7399.75,7395.5,7399.5,2538
2026-05-20T11:55:00+00:00,7399.5,7401.25,7398.5,7399.0,1149
2026-05-20T12:00:00+00:00,7398.75,7404.0,7397.5,7404.0,1818
2026-05-20T12:05:00+00:00,7404.0,7406.5,7403.25,7403.75,1746
2026-05-20T12:10:00+00:00,7404.0,7406.25,7402.5,7405.75,1269
2026-05-20T12:15:00+00:00,7405.75,7407.0,7404.0,7405.25,1226
2026-05-20T12:20:00+00:00,7405.0,7408.25,7402.25,7408.25,2140
2026-05-20T12:25:00+00:00,7408.5,7414.5,7408.0,7412.25,6904
2026-05-20T12:30:00+00:00,7412.75,7416.25,7409.25,7415.75,4006
2026-05-20T12:35:00+00:00,7416.0,7416.25,7409.5,7410.0,2774
2026-05-20T12:40:00+00:00,7410.25,7410.75,7407.75,7408.0,1912
2026-05-20T12:45:00+00:00,7407.75,7410.0,7407.5,7408.25,1411
2026-05-20T12:50:00+00:00,7408.25,7409.0,7404.75,7408.5,3686
2026-05-20T12:55:00+00:00,7408.5,7409.0,7402.5,7402.75,2271
2026-05-20T13:00:00+00:00,7402.5,7404.0,7401.0,7401.75,3441
2026-05-20T13:05:00+00:00,7402.0,7403.5,7401.0,7402.25,2202
2026-05-20T13:10:00+00:00,7402.25,7403.0,7400.25,7401.75,2093
2026-05-20T13:15:00+00:00,7401.5,7401.75,7398.5,7399.25,3126
2026-05-20T13:20:00+00:00,7399.0,7403.5,7398.75,7402.75,3160
2026-05-20T13:25:00+00:00,7402.5,7403.0,7393.5,7394.75,9742
2026-05-20T13:30:00+00:00,7394.75,7398.75,7388.75,7394.25,27845
2026-05-20T13:35:00+00:00,7394.25,7394.5,7380.75,7386.75,28347
2026-05-20T13:40:00+00:00,7387.0,7400.75,7384.5,7398.25,24681
2026-05-20T13:45:00+00:00,7398.25,7410.75,7397.0,7398.5,30146
2026-05-20T13:50:00+00:00,7398.5,7405.0,7391.5,7398.25,28612
2026-05-20T13:55:00+00:00,7398.25,7401.25,7394.75,7399.5,13353
2026-05-20T14:00:00+00:00,7399.75,7400.75,7388.75,7389.75,20158
2026-05-20T14:05:00+00:00,7389.75,7391.5,7384.0,7385.75,17701
2026-05-20T14:10:00+00:00,7385.5,7397.75,7376.75,7391.5,40956
2026-05-20T14:15:00+00:00,7391.25,7424.0,7390.25,7411.5,62805
2026-05-20T14:20:00+00:00,7411.5,7420.25,7405.5,7407.5,36161
2026-05-20T14:25:00+00:00,7407.5,7418.0,7403.25,7417.75,21743
2026-05-20T14:30:00+00:00,7417.75,7428.5,7417.5,7420.5,29728
2026-05-20T14:35:00+00:00,7420.5,7423.0,7412.5,7418.0,22884
2026-05-20T14:40:00+00:00,7417.75,7421.5,7414.75,7421.5,13232
2026-05-20T14:45:00+00:00,7421.5,7423.5,7414.5,7418.75,16082
2026-05-20T14:50:00+00:00,7419.0,7427.0,7417.25,7426.0,12595
2026-05-20T14:55:00+00:00,7425.75,7433.5,7424.25,7430.75,20427
2026-05-20T15:00:00+00:00,7430.75,7434.0,7426.5,7427.0,13747
2026-05-20T15:05:00+00:00,7426.75,7429.0,7424.25,7427.5,10795
2026-05-20T15:10:00+00:00,7427.5,7428.25,7425.25,7426.5,5907
2026-05-20T15:15:00+00:00,7426.75,7458.0,7426.5,7442.5,79991
2026-05-20T15:20:00+00:00,7442.5,7446.25,7438.5,7440.5,18289
2026-05-20T15:25:00+00:00,7440.5,7441.5,7430.25,7431.75,20172
2026-05-20T15:30:00+00:00,7431.75,7438.25,7430.75,7438.25,12121
2026-05-20T15:35:00+00:00,7438.25,7440.5,7437.0,7437.75,10036
2026-05-20T15:40:00+00:00,7438.0,7443.25,7435.5,7442.25,11265
2026-05-20T15:45:00+00:00,7442.25,7446.5,7440.75,7446.5,8007
2026-05-20T15:50:00+00:00,7446.5,7448.25,7443.5,7446.25,8391
2026-05-20T15:55:00+00:00,7446.25,7446.5,7437.75,7441.25,17217
2026-05-20T16:00:00+00:00,7441.5,7442.75,7437.5,7441.25,9162
2026-05-20T16:05:00+00:00,7441.5,7444.25,7438.75,7440.5,6915
2026-05-20T16:10:00+00:00,7440.5,7441.75,7437.0,7439.5,6804
2026-05-20T16:15:00+00:00,7439.5,7440.25,7434.0,7435.75,8752
2026-05-20T16:20:00+00:00,7435.75,7436.25,7427.5,7430.75,19792
2026-05-20T16:25:00+00:00,7430.5,7430.5,7423.75,7427.75,16228
2026-05-20T16:30:00+00:00,7428.25,7432.75,7424.5,7425.5,14619
2026-05-20T16:35:00+00:00,7425.75,7429.75,7423.5,7427.25,9657
2026-05-20T16:40:00+00:00,7427.0,7438.0,7426.25,7438.0,14439
2026-05-20T16:45:00+00:00,7438.0,7439.25,7426.75,7430.0,14128
2026-05-20T16:50:00+00:00,7430.0,7433.75,7430.0,7433.25,6540
2026-05-20T16:55:00+00:00,7433.5,7434.75,7425.25,7432.25,10939
2026-05-20T17:00:00+00:00,7433.0,7436.25,7428.5,7429.75,8022
2026-05-20T17:05:00+00:00,7429.5,7431.0,7427.25,7428.75,4733
2026-05-20T17:10:00+00:00,7429.0,7439.75,7426.25,7435.25,14750
2026-05-20T17:15:00+00:00,7435.0,7438.25,7433.75,7436.0,6547
2026-05-20T17:20:00+00:00,7436.0,7438.5,7433.75,7435.25,4738
2026-05-20T17:25:00+00:00,7435.25,7442.5,7434.5,7440.5,10379
2026-05-20T17:30:00+00:00,7440.5,7443.25,7436.75,7438.75,8222
2026-05-20T17:35:00+00:00,7438.75,7446.25,7437.75,7443.0,10667
2026-05-20T17:40:00+00:00,7442.75,7443.5,7440.0,7441.25,4353
2026-05-20T17:45:00+00:00,7441.5,7442.5,7437.75,7440.25,4927
2026-05-20T17:50:00+00:00,7440.25,7441.0,7435.25,7435.25,6064
2026-05-20T17:55:00+00:00,7435.0,7438.5,7434.75,7437.75,3552
2026-05-20T18:00:00+00:00,7437.5,7441.5,7431.25,7439.75,6743
2026-05-20T18:05:00+00:00,7439.5,7443.5,7438.0,7439.0,4864
2026-05-20T18:10:00+00:00,7439.25,7440.5,7437.0,7439.25,4169
2026-05-20T18:15:00+00:00,7439.25,7441.75,7438.5,7439.5,3416
2026-05-20T18:20:00+00:00,7439.25,7440.75,7435.25,7436.25,4710
2026-05-20T18:25:00+00:00,7435.75,7440.0,7434.75,7439.5,6305
2026-05-20T18:30:00+00:00,7439.5,7443.0,7439.5,7442.5,4302
2026-05-20T18:35:00+00:00,7442.75,7447.25,7441.5,7446.0,6236
2026-05-20T18:40:00+00:00,7446.25,7446.5,7436.0,7436.5,9147
2026-05-20T18:45:00+00:00,7436.5,7441.25,7435.25,7439.5,7711
2026-05-20T18:50:00+00:00,7439.75,7441.5,7437.25,7439.25,4210
2026-05-20T18:55:00+00:00,7439.25,7442.0,7439.0,7440.25,3293
2026-05-20T19:00:00+00:00,7440.25,7446.0,7440.0,7440.75,6491
2026-05-20T19:05:00+00:00,7441.0,7443.0,7439.25,7440.75,4999
2026-05-20T19:10:00+00:00,7440.5,7444.25,7438.75,7444.25,3917
2026-05-20T19:15:00+00:00,7444.0,7446.5,7442.75,7445.75,4210
2026-05-20T19:20:00+00:00,7445.5,7448.5,7444.5,7446.25,5487
2026-05-20T19:25:00+00:00,7446.25,7447.5,7445.25,7447.0,4291
2026-05-20T19:30:00+00:00,7447.25,7448.5,7444.25,7447.5,6107
2026-05-20T19:35:00+00:00,7447.25,7454.5,7447.25,7452.75,11266
2026-05-20T19:40:00+00:00,7452.75,7453.25,7450.5,7451.0,6145
2026-05-20T19:45:00+00:00,7451.0,7453.0,7448.5,7449.75,7150
2026-05-20T19:50:00+00:00,7450.0,7453.75,7444.5,7448.75,14289
2026-05-20T19:55:00+00:00,7449.0,7453.0,7446.5,7451.5,19863
2026-05-20T20:00:00+00:00,7451.5,7452.0,7445.5,7447.0,8436
2026-05-20T20:05:00+00:00,7447.25,7450.0,7445.25,7448.5,1547
2026-05-20T20:10:00+00:00,7448.5,7450.5,7444.5,7448.0,2528
2026-05-20T20:15:00+00:00,7448.25,7449.0,7441.0,7447.5,2854
2026-05-20T20:20:00+00:00,7446.75,7449.5,7429.25,7443.0,10063
2026-05-20T20:25:00+00:00,7442.75,7453.75,7439.0,7452.5,6002
2026-05-20T20:30:00+00:00,7452.25,7453.75,7439.75,7440.25,5907
2026-05-20T20:35:00+00:00,7440.25,7443.0,7436.0,7438.75,3164
2026-05-20T20:40:00+00:00,7438.75,7442.0,7436.5,7438.75,2745
2026-05-20T20:45:00+00:00,7439.0,7441.5,7437.0,7438.0,1765
2026-05-20T20:50:00+00:00,7438.0,7438.75,7431.25,7433.25,1748
2026-05-20T20:55:00+00:00,7433.0,7451.75,7432.5,7451.75,1609
2026-05-20T22:00:00+00:00,7433.25,7433.25,7422.25,7422.75,0
2026-05-20T22:05:00+00:00,7422.5,7424.25,7408.75,7411.25,6539
2026-05-20T22:10:00+00:00,7411.5,7416.75,7407.5,7415.75,4324
2026-05-20T22:15:00+00:00,7416.0,7418.0,7409.75,7411.25,3110
2026-05-20T22:20:00+00:00,7411.0,7413.25,7408.0,7411.0,3107
2026-05-20T22:25:00+00:00,7410.75,7416.5,7410.25,7416.0,3071
2026-05-20T22:30:00+00:00,7416.0,7418.25,7415.0,7416.75,2726
2026-05-20T22:35:00+00:00,7416.75,7418.25,7415.0,7417.75,1616
2026-05-20T22:40:00+00:00,7417.75,7418.5,7415.0,7417.5,1605
2026-05-20T22:45:00+00:00,7417.5,7419.0,7416.5,7418.25,1126
2026-05-20T22:50:00+00:00,7418.25,7418.5,7415.25,7417.0,1600
2026-05-20T22:55:00+00:00,7417.0,7419.25,7416.0,7419.25,1341
2026-05-20T23:00:00+00:00,7419.25,7422.75,7418.5,7421.75,2129
2026-05-20T23:05:00+00:00,7421.5,7423.0,7421.0,7421.75,1096
2026-05-20T23:10:00+00:00,7421.75,7425.75,7421.25,7422.5,1763
2026-05-20T23:15:00+00:00,7422.75,7422.75,7418.5,7421.0,1629
2026-05-20T23:20:00+00:00,7421.25,7421.75,7417.25,7417.75,1517
2026-05-20T23:25:00+00:00,7417.75,7418.75,7415.5,7417.5,1420
2026-05-20T23:30:00+00:00,7418.0,7419.5,7416.75,7417.75,1498
2026-05-20T23:35:00+00:00,7417.5,7420.25,7417.5,7419.0,870
2026-05-20T23:40:00+00:00,7419.0,7420.5,7418.75,7418.75,808
2026-05-20T23:45:00+00:00,7418.75,7422.25,7417.0,7421.0,1548
2026-05-20T23:50:00+00:00,7421.25,7421.75,7418.5,7421.75,1166
2026-05-20T23:55:00+00:00,7421.75,7422.25,7418.75,7420.75,1209
2026-05-21T00:00:00+00:00,7420.5,7421.75,7416.75,7420.25,2887
2026-05-21T00:05:00+00:00,7420.25,7420.75,7415.0,7420.25,3154
2026-05-21T00:10:00+00:00,7420.5,7422.25,7418.75,7420.25,1951
2026-05-21T00:15:00+00:00,7420.75,7423.0,7415.25,7417.75,2847
2026-05-21T00:20:00+00:00,7418.0,7418.5,7415.25,7417.5,1839
2026-05-21T00:25:00+00:00,7417.5,7419.0,7412.5,7419.0,2225
2026-05-21T00:30:00+00:00,7418.75,7421.25,7416.25,7421.0,1527
2026-05-21T00:35:00+00:00,7421.0,7422.5,7419.75,7420.75,1257
2026-05-21T00:40:00+00:00,7420.75,7422.75,7420.0,7422.0,1046
2026-05-21T00:45:00+00:00,7421.75,7422.5,7420.0,7422.5,830
2026-05-21T00:50:00+00:00,7422.5,7424.75,7422.0,7423.75,1396
2026-05-21T00:55:00+00:00,7424.0,7424.25,7421.5,7422.5,1255
2026-05-21T01:00:00+00:00,7422.75,7426.0,7422.75,7425.75,1892
2026-05-21T01:05:00+00:00,7425.75,7429.75,7425.75,7429.5,2090
2026-05-21T01:10:00+00:00,7429.5,7431.5,7428.0,7431.5,2123
2026-05-21T01:15:00+00:00,7431.75,7434.25,7429.5,7430.25,2840
2026-05-21T01:20:00+00:00,7430.25,7432.25,7430.25,7431.0,848
2026-05-21T01:25:00+00:00,7431.25,7431.25,7428.75,7430.75,901
2026-05-21T01:30:00+00:00,7430.75,7433.25,7428.75,7433.25,1498
2026-05-21T01:35:00+00:00,7433.25,7435.0,7431.75,7432.75,1694
2026-05-21T01:40:00+00:00,7433.0,7437.5,7432.75,7436.25,1941
2026-05-21T01:45:00+00:00,7436.25,7437.25,7434.75,7435.25,995
2026-05-21T01:50:00+00:00,7435.0,7436.0,7430.5,7431.75,1502
2026-05-21T01:55:00+00:00,7432.0,7436.25,7431.75,7435.0,1531
2026-05-21T02:00:00+00:00,7435.25,7438.5,7435.0,7437.75,1291
2026-05-21T02:05:00+00:00,7437.5,7438.75,7437.0,7438.0,932
2026-05-21T02:10:00+00:00,7438.0,7439.0,7436.75,7438.25,892
2026-05-21T02:15:00+00:00,7438.25,7444.75,7438.0,7441.75,2597
2026-05-21T02:20:00+00:00,7442.0,7443.0,7440.5,7441.0,1262
2026-05-21T02:25:00+00:00,7441.25,7442.75,7441.0,7441.5,705
2026-05-21T02:30:00+00:00,7441.75,7441.75,7438.5,7439.0,1168
2026-05-21T02:35:00+00:00,7439.0,7441.0,7438.5,7440.25,858
2026-05-21T02:40:00+00:00,7440.5,7441.0,7438.75,7439.0,571
2026-05-21T02:45:00+00:00,7439.0,7439.0,7436.25,7437.5,1144
2026-05-21T02:50:00+00:00,7437.25,7440.75,7437.25,7438.5,1092
2026-05-21T02:55:00+00:00,7438.5,7440.0,7438.0,7438.5,657
2026-05-21T03:00:00+00:00,7438.75,7441.75,7438.0,7441.5,889
2026-05-21T03:05:00+00:00,7441.25,7442.0,7438.5,7441.75,699
2026-05-21T03:10:00+00:00,7441.75,7442.75,7441.0,7441.0,674
2026-05-21T03:15:00+00:00,7441.25,7443.0,7440.0,7442.25,678
2026-05-21T03:20:00+00:00,7442.25,7445.25,7442.25,7444.5,1220
2026-05-21T03:25:00+00:00,7444.25,7445.25,7442.75,7444.25,806
2026-05-21T03:30:00+00:00,7444.25,7445.0,7443.0,7444.25,691
2026-05-21T03:35:00+00:00,7443.75,7445.5,7443.0,7444.5,628
2026-05-21T03:40:00+00:00,7444.75,7448.0,7444.5,7447.75,984
2026-05-21T03:45:00+00:00,7447.75,7448.0,7445.0,7445.75,1033
2026-05-21T03:50:00+00:00,7445.75,7446.0,7443.25,7443.5,658
2026-05-21T03:55:00+00:00,7444.0,7444.75,7443.0,7444.25,474
2026-05-21T04:05:00+00:00,7446.5,7447.0,7446.25,7446.25,1776
2026-05-21T04:10:00+00:00,7446.25,7448.0,7446.0,7447.75,448
2026-05-21T04:15:00+00:00,7448.0,7449.0,7447.25,7447.75,580
2026-05-21T04:20:00+00:00,7447.75,7449.5,7447.0,7448.5,741
2026-05-21T04:25:00+00:00,7448.75,7451.75,7448.5,7450.75,1086
2026-05-21T04:30:00+00:00,7450.75,7451.5,7448.5,7448.75,812
2026-05-21T04:35:00+00:00,7449.0,7449.5,7447.5,7449.25,729
2026-05-21T04:40:00+00:00,7449.25,7450.75,7449.0,7450.5,475
2026-05-21T04:45:00+00:00,7450.5,7451.0,7450.0,7450.25,361
2026-05-21T04:50:00+00:00,7450.5,7452.0,7450.25,7450.5,600
2026-05-21T04:55:00+00:00,7450.5,7454.0,7450.5,7453.25,1098
2026-05-21T05:00:00+00:00,7453.25,7455.0,7453.0,7454.75,892
2026-05-21T05:05:00+00:00,7454.5,7457.5,7452.75,7452.75,1747
2026-05-21T05:10:00+00:00,7452.75,7453.5,7452.25,7453.25,770
2026-05-21T05:15:00+00:00,7453.5,7455.0,7452.5,7454.25,598
2026-05-21T05:20:00+00:00,7454.0,7456.0,7453.0,7455.75,644
2026-05-21T05:25:00+00:00,7455.75,7455.75,7450.25,7450.75,1457
2026-05-21T05:30:00+00:00,7450.75,7451.0,7447.75,7448.5,1459
2026-05-21T05:35:00+00:00,7448.75,7450.0,7447.75,7449.5,826
2026-05-21T05:40:00+00:00,7449.75,7450.0,7446.25,7447.75,1509
2026-05-21T05:45:00+00:00,7447.75,7448.25,7433.75,7441.5,5972
2026-05-21T05:50:00+00:00,7441.25,7446.75,7440.5,7446.5,1659
2026-05-21T05:55:00+00:00,7446.5,7447.25,7445.0,7446.0,777
2026-05-21T06:00:00+00:00,7445.75,7448.25,7444.25,7448.0,1160
2026-05-21T06:05:00+00:00,7448.0,7451.25,7447.75,7448.25,1680
2026-05-21T06:10:00+00:00,7448.0,7449.0,7445.0,7445.75,1114
2026-05-21T06:15:00+00:00,7445.75,7446.5,7441.75,7443.0,1479
2026-05-21T06:20:00+00:00,7443.0,7451.25,7442.25,7448.25,4803
2026-05-21T06:25:00+00:00,7448.5,7449.75,7445.5,7447.5,1152
2026-05-21T06:30:00+00:00,7447.5,7449.0,7446.0,7447.75,1322
2026-05-21T06:35:00+00:00,7447.75,7448.0,7444.25,7444.75,973
2026-05-21T06:40:00+00:00,7444.5,7444.75,7438.5,7439.0,1521
2026-05-21T06:45:00+00:00,7439.0,7439.25,7434.5,7435.25,2392
2026-05-21T06:50:00+00:00,7435.0,7437.75,7432.75,7436.0,1888
2026-05-21T06:55:00+00:00,7435.75,7438.25,7434.25,7438.0,1544
2026-05-21T07:00:00+00:00,7438.0,7439.75,7432.75,7433.25,2468
2026-05-21T07:05:00+00:00,7433.5,7437.75,7432.75,7435.25,1248
2026-05-21T07:10:00+00:00,7435.0,7435.75,7428.75,7430.5,2371
2026-05-21T07:15:00+00:00,7430.25,7430.5,7426.25,7428.5,2515
2026-05-21T07:20:00+00:00,7428.5,7433.25,7428.0,7432.25,1647
2026-05-21T07:25:00+00:00,7432.25,7432.5,7429.75,7430.5,988
2026-05-21T07:30:00+00:00,7430.25,7434.5,7430.0,7432.75,1208
2026-05-21T07:35:00+00:00,7432.25,7434.25,7431.75,7433.75,643
2026-05-21T07:40:00+00:00,7433.75,7435.0,7432.75,7434.25,932
2026-05-21T07:45:00+00:00,7434.25,7438.25,7432.25,7438.25,1857
2026-05-21T07:50:00+00:00,7438.0,7440.75,7437.5,7439.75,1509
2026-05-21T07:55:00+00:00,7439.75,7441.75,7439.0,7440.25,926
2026-05-21T08:00:00+00:00,7440.5,7447.25,7439.5,7447.0,2233
2026-05-21T08:05:00+00:00,7447.25,7452.5,7446.0,7451.75,3388
2026-05-21T08:10:00+00:00,7451.75,7461.5,7449.75,7460.75,5570
2026-05-21T08:15:00+00:00,7461.0,7470.0,7454.75,7455.0,5943
2026-05-21T08:20:00+00:00,7455.0,7455.75,7452.0,7454.25,2319
2026-05-21T08:25:00+00:00,7454.5,7460.75,7451.25,7459.5,3748
2026-05-21T08:30:00+00:00,7459.5,7459.75,7453.0,7454.75,2073
2026-05-21T08:35:00+00:00,7454.75,7455.75,7451.0,7453.0,1311
2026-05-21T08:40:00+00:00,7453.25,7456.5,7452.0,7455.0,1314
2026-05-21T08:45:00+00:00,7455.0,7455.25,7450.75,7453.5,2491
2026-05-21T08:50:00+00:00,7453.25,7456.25,7449.75,7452.5,1873
2026-05-21T08:55:00+00:00,7452.25,7454.5,7451.75,7452.5,1287
2026-05-21T09:00:00+00:00,7452.25,7455.5,7451.5,7452.75,1358
2026-05-21T09:05:00+00:00,7452.5,7458.5,7452.25,7456.25,3066
2026-05-21T09:10:00+00:00,7456.5,7458.75,7454.5,7457.5,1732
2026-05-21T09:15:00+00:00,7457.25,7459.5,7457.0,7457.75,908
2026-05-21T09:20:00+00:00,7457.75,7462.0,7457.75,7459.25,1406
2026-05-21T09:25:00+00:00,7459.5,7463.75,7458.75,7462.0,1612
2026-05-21T09:30:00+00:00,7462.0,7463.75,7458.0,7460.5,2045
2026-05-21T09:35:00+00:00,7460.75,7462.0,7458.0,7458.25,1255
2026-05-21T09:40:00+00:00,7458.25,7459.75,7453.5,7454.25,1363
2026-05-21T09:45:00+00:00,7454.0,7456.75,7452.75,7455.75,934
2026-05-21T09:50:00+00:00,7456.0,7457.25,7455.0,7455.25,559
2026-05-21T09:55:00+00:00,7455.5,7456.25,7454.25,7454.75,583
2026-05-21T10:00:00+00:00,7454.75,7457.25,7454.5,7455.75,771
2026-05-21T10:05:00+00:00,7455.5,7456.0,7451.0,7452.5,1599
2026-05-21T10:10:00+00:00,7453.25,7457.5,7452.5,7457.25,1193
2026-05-21T10:15:00+00:00,7457.5,7459.0,7455.5,7456.25,1011
2026-05-21T10:20:00+00:00,7456.25,7457.5,7453.0,7453.75,1039
2026-05-21T10:25:00+00:00,7453.75,7454.5,7427.5,7433.0,18531
2026-05-21T10:30:00+00:00,7433.25,7433.75,7424.0,7433.5,8165
2026-05-21T10:35:00+00:00,7433.5,7434.5,7420.25,7420.5,6307
2026-05-21T10:40:00+00:00,7420.5,7426.0,7418.0,7425.0,6946
2026-05-21T10:45:00+00:00,7425.0,7426.25,7418.25,7423.0,4814
2026-05-21T10:50:00+00:00,7422.75,7425.25,7415.0,7425.0,5741
2026-05-21T10:55:00+00:00,7424.75,7426.0,7420.5,7423.5,3586
2026-05-21T11:00:00+00:00,7423.5,7428.5,7419.0,7424.75,4442
2026-05-21T11:05:00+00:00,7424.5,7425.25,7418.75,7424.5,2006
2026-05-21T11:10:00+00:00,7425.0,7429.75,7423.75,7428.25,2653
2026-05-21T11:15:00+00:00,7428.25,7433.0,7428.0,7432.75,2250
2026-05-21T11:20:00+00:00,7432.5,7437.75,7429.75,7431.75,6316
2026-05-21T11:25:00+00:00,7431.75,7434.0,7430.25,7433.0,1661
2026-05-21T11:30:00+00:00,7433.25,7435.5,7431.0,7432.0,1813
2026-05-21T11:35:00+00:00,7431.75,7432.75,7427.75,7431.25,2159
2026-05-21T11:40:00+00:00,7431.0,7432.5,7428.75,7428.75,1394
2026-05-21T11:45:00+00:00,7428.75,7434.0,7428.75,7433.25,1026
2026-05-21T11:50:00+00:00,7433.0,7435.75,7432.0,7433.5,1455
2026-05-21T11:55:00+00:00,7433.0,7433.0,7429.0,7430.25,1538
2026-05-21T12:00:00+00:00,7430.0,7432.75,7429.5,7432.5,1629
2026-05-21T12:05:00+00:00,7432.5,7432.75,7426.75,7429.0,1957
2026-05-21T12:10:00+00:00,7428.75,7430.0,7425.5,7427.5,1654
2026-05-21T12:15:00+00:00,7427.5,7430.0,7424.25,7429.75,2307
2026-05-21T12:20:00+00:00,7430.0,7430.0,7422.0,7423.5,2822
2026-05-21T12:25:00+00:00,7423.75,7426.0,7422.5,7425.5,1974
2026-05-21T12:30:00+00:00,7425.75,7436.5,7423.0,7433.75,7442
2026-05-21T12:35:00+00:00,7433.75,7434.25,7426.25,7431.5,5656
2026-05-21T12:40:00+00:00,7431.25,7432.0,7422.5,7425.25,4494
2026-05-21T12:45:00+00:00,7425.5,7428.0,7422.75,7424.25,3548
2026-05-21T12:50:00+00:00,7424.5,7426.5,7421.0,7424.75,3167
2026-05-21T12:55:00+00:00,7424.75,7425.75,7417.5,7419.5,5632
2026-05-21T13:00:00+00:00,7419.25,7427.75,7417.5,7427.0,7375
2026-05-21T13:05:00+00:00,7427.0,7428.25,7420.75,7422.5,6208
2026-05-21T13:10:00+00:00,7422.0,7422.5,7420.0,7422.25,3985
2026-05-21T13:15:00+00:00,7422.25,7422.75,7419.25,7422.0,3284
2026-05-21T13:20:00+00:00,7422.0,7422.75,7418.75,7420.25,4002
2026-05-21T13:25:00+00:00,7420.25,7424.0,7419.75,7423.75,5721
2026-05-21T13:30:00+00:00,7423.75,7424.25,7411.25,7422.25,33513
2026-05-21T13:35:00+00:00,7422.5,7423.0,7412.25,7414.0,25147
2026-05-21T13:40:00+00:00,7414.0,7419.5,7410.0,7412.75,16784
2026-05-21T13:45:00+00:00,7413.25,7420.75,7410.75,7412.5,17915
2026-05-21T13:50:00+00:00,7412.5,7434.75,7412.0,7433.5,50210
2026-05-21T13:55:00+00:00,7433.25,7438.75,7428.0,7435.5,29512
2026-05-21T14:00:00+00:00,7435.25,7443.75,7433.25,7438.0,26129
2026-05-21T14:05:00+00:00,7438.0,7441.75,7433.75,7441.5,17593
2026-05-21T14:10:00+00:00,7441.25,7442.0,7429.5,7431.5,25938
2026-05-21T14:15:00+00:00,7431.5,7432.75,7419.25,7419.5,34840
2026-05-21T14:20:00+00:00,7419.5,7421.75,7411.75,7416.0,31955
2026-05-21T14:25:00+00:00,7416.25,7423.5,7414.5,7422.5,17678
2026-05-21T14:30:00+00:00,7422.25,7430.25,7418.5,7421.75,21070
2026-05-21T14:35:00+00:00,7421.75,7428.75,7420.75,7426.5,14288
2026-05-21T14:40:00+00:00,7426.5,7428.0,7417.0,7423.0,17432
2026-05-21T14:45:00+00:00,7422.75,7425.5,7413.5,7419.0,16075
2026-05-21T14:50:00+00:00,7418.75,7423.5,7414.0,7423.25,13529
2026-05-21T14:55:00+00:00,7423.25,7430.0,7421.5,7426.75,12049
2026-05-21T15:00:00+00:00,7426.75,7428.75,7420.75,7422.5,15180
2026-05-21T15:05:00+00:00,7422.5,7423.0,7407.75,7414.0,25122
2026-05-21T15:10:00+00:00,7413.75,7431.25,7409.0,7427.25,37655
2026-05-21T15:15:00+00:00,7426.5,7429.25,7424.0,7427.0,15299
2026-05-21T15:20:00+00:00,7426.75,7431.0,7424.0,7426.0,13994
2026-05-21T15:25:00+00:00,7426.0,7428.25,7424.0,7425.25,12037
2026-05-21T15:30:00+00:00,7425.25,7427.0,7415.0,7416.75,16414
2026-05-21T15:35:00+00:00,7416.75,7427.25,7415.25,7426.75,13676
2026-05-21T15:40:00+00:00,7427.0,7430.75,7424.25,7428.5,10449
2026-05-21T15:45:00+00:00,7428.5,7434.75,7428.25,7434.5,10925
2026-05-21T15:50:00+00:00,7434.25,7435.5,7431.25,7432.5,8053
2026-05-21T15:55:00+00:00,7432.5,7434.0,7429.25,7430.25,7357
2026-05-21T16:00:00+00:00,7430.0,7436.5,7429.75,7434.75,11169
2026-05-21T16:05:00+00:00,7434.75,7437.25,7430.75,7436.75,7261
2026-05-21T16:10:00+00:00,7436.75,7437.0,7429.5,7431.75,13909
2026-05-21T16:15:00+00:00,7431.75,7432.5,7427.5,7429.0,9022
2026-05-21T16:20:00+00:00,7429.0,7430.75,7420.75,7425.5,13268
2026-05-21T16:25:00+00:00,7425.25,7426.75,7422.25,7425.25,6895
2026-05-21T16:30:00+00:00,7425.25,7428.75,7423.5,7427.5,7450
2026-05-21T16:35:00+00:00,7427.5,7429.0,7420.75,7424.25,8652
2026-05-21T16:40:00+00:00,7424.5,7427.25,7422.5,7426.25,5303
2026-05-21T16:45:00+00:00,7426.5,7429.0,7419.75,7422.0,8978
2026-05-21T16:50:00+00:00,7422.0,7424.75,7418.0,7423.0,7471
2026-05-21T16:55:00+00:00,7423.0,7426.5,7422.5,7426.25,6218
2026-05-21T17:00:00+00:00,7426.25,7430.75,7426.25,7427.5,7186
2026-05-21T17:05:00+00:00,7427.5,7430.0,7427.0,7427.5,4283
2026-05-21T17:10:00+00:00,7427.5,7449.25,7427.25,7442.5,53977
2026-05-21T17:15:00+00:00,7442.25,7462.0,7440.75,7454.75,42203
2026-05-21T17:20:00+00:00,7454.75,7468.0,7448.0,7457.25,36557
2026-05-21T17:25:00+00:00,7457.25,7460.25,7455.25,7459.0,12433
2026-05-21T17:30:00+00:00,7458.75,7464.5,7457.0,7460.25,12763
2026-05-21T17:35:00+00:00,7460.5,7466.25,7460.0,7465.5,8299
2026-05-21T17:40:00+00:00,7465.25,7474.0,7465.25,7473.0,15647
2026-05-21T17:45:00+00:00,7473.0,7476.25,7469.0,7475.75,9815
2026-05-21T17:50:00+00:00,7476.0,7484.25,7473.5,7483.5,14721
2026-05-21T17:55:00+00:00,7483.5,7486.75,7474.25,7474.5,15710
2026-05-21T18:00:00+00:00,7474.5,7478.75,7466.0,7467.0,18239
2026-05-21T18:05:00+00:00,7467.0,7474.0,7464.75,7471.75,11798
2026-05-21T18:10:00+00:00,7472.0,7473.0,7465.0,7466.25,10084
2026-05-21T18:15:00+00:00,7466.25,7469.75,7463.0,7469.25,9504
2026-05-21T18:20:00+00:00,7469.25,7473.25,7467.5,7473.0,6993
2026-05-21T18:25:00+00:00,7473.0,7474.0,7469.5,7470.75,5619
2026-05-21T18:30:00+00:00,7470.75,7473.0,7468.25,7470.5,5680
2026-05-21T18:35:00+00:00,7470.25,7471.75,7466.5,7468.25,4542
2026-05-21T18:40:00+00:00,7468.25,7474.75,7468.0,7472.5,5529
2026-05-21T18:45:00+00:00,7472.25,7474.0,7458.0,7461.25,16508
2026-05-21T18:50:00+00:00,7461.5,7467.25,7440.25,7440.75,31913
2026-05-21T18:55:00+00:00,7440.75,7448.25,7438.0,7447.75,22956
2026-05-21T19:00:00+00:00,7447.75,7456.75,7447.25,7456.25,12406
2026-05-21T19:05:00+00:00,7456.25,7462.25,7450.0,7461.75,13524
2026-05-21T19:10:00+00:00,7461.75,7463.25,7457.75,7462.75,6922
2026-05-21T19:15:00+00:00,7462.5,7466.0,7461.75,7465.5,6618
2026-05-21T19:20:00+00:00,7465.5,7466.5,7461.5,7463.75,5230
2026-05-21T19:25:00+00:00,7464.0,7466.5,7461.25,7464.5,6019
2026-05-21T19:30:00+00:00,7464.25,7466.25,7461.0,7461.5,4646
2026-05-21T19:35:00+00:00,7461.5,7466.25,7461.25,7465.0,3834
2026-05-21T19:40:00+00:00,7464.75,7467.75,7458.25,7461.25,8886
2026-05-21T19:45:00+00:00,7461.25,7466.0,7459.25,7463.75,6171
2026-05-21T19:50:00+00:00,7463.75,7467.75,7456.75,7460.25,15297
2026-05-21T19:55:00+00:00,7460.25,7469.75,7457.5,7465.0,27314
2026-05-21T20:00:00+00:00,7465.0,7469.5,7463.25,7467.0,5445
2026-05-21T20:05:00+00:00,7466.75,7470.0,7466.0,7468.0,2608
2026-05-21T20:10:00+00:00,7468.0,7468.5,7466.5,7468.5,1284
2026-05-21T20:15:00+00:00,7468.25,7468.5,7465.0,7465.75,1359
2026-05-21T20:20:00+00:00,7465.5,7467.0,7463.75,7465.75,1151
2026-05-21T20:25:00+00:00,7466.0,7467.25,7464.25,7465.5,608
2026-05-21T20:30:00+00:00,7465.5,7467.5,7465.0,7466.75,864
2026-05-21T20:35:00+00:00,7467.0,7468.0,7466.5,7467.0,459
2026-05-21T20:40:00+00:00,7467.0,7467.5,7466.5,7467.25,753
2026-05-21T20:45:00+00:00,7467.25,7469.0,7467.0,7468.0,829
2026-05-21T20:50:00+00:00,7468.0,7468.75,7467.75,7468.25,656
2026-05-21T20:55:00+00:00,7468.5,7472.5,7466.5,7467.25,1698
2026-05-21T22:00:00+00:00,7467.5,7475.75,7466.5,7474.0,0
2026-05-21T22:05:00+00:00,7474.25,7476.25,7473.5,7474.75,1174
2026-05-21T22:10:00+00:00,7474.75,7476.0,7473.75,7475.75,1080
2026-05-21T22:15:00+00:00,7475.5,7476.75,7472.75,7474.0,1176
2026-05-21T22:20:00+00:00,7474.0,7474.25,7472.5,7472.75,462
2026-05-21T22:25:00+00:00,7472.5,7473.75,7471.0,7473.25,1051
2026-05-21T22:30:00+00:00,7473.75,7474.75,7471.25,7473.25,835
2026-05-21T22:35:00+00:00,7473.25,7474.0,7470.5,7470.75,836
2026-05-21T22:40:00+00:00,7470.75,7473.5,7470.25,7472.75,776
2026-05-21T22:45:00+00:00,7472.75,7476.25,7472.75,7475.0,1358
2026-05-21T22:50:00+00:00,7475.0,7478.5,7474.75,7478.25,1355
2026-05-21T22:55:00+00:00,7478.0,7479.0,7477.75,7478.0,646
2026-05-21T23:00:00+00:00,7478.0,7479.0,7477.0,7478.25,936
2026-05-21T23:05:00+00:00,7478.25,7478.5,7477.25,7477.25,373
2026-05-21T23:10:00+00:00,7477.5,7479.25,7477.0,7477.75,746
2026-05-21T23:15:00+00:00,7477.75,7478.5,7477.0,7477.25,385
2026-05-21T23:20:00+00:00,7477.0,7478.5,7476.5,7477.75,475
2026-05-21T23:25:00+00:00,7477.75,7478.75,7477.25,7477.5,343
2026-05-21T23:30:00+00:00,7477.5,7478.25,7477.25,7478.25,583
2026-05-21T23:35:00+00:00,7478.25,7478.25,7476.25,7477.25,636
2026-05-21T23:40:00+00:00,7477.25,7480.0,7477.0,7478.5,952
2026-05-21T23:45:00+00:00,7478.25,7480.25,7478.25,7479.75,776
2026-05-21T23:50:00+00:00,7479.75,7483.5,7479.25,7479.75,2353
2026-05-21T23:55:00+00:00,7479.25,7481.0,7478.5,7479.5,884
2026-05-22T00:00:00+00:00,7480.0,7481.0,7476.5,7478.0,3513
2026-05-22T00:05:00+00:00,7478.0,7484.25,7478.0,7482.25,2097
2026-05-22T00:10:00+00:00,7482.25,7484.5,7480.25,7480.75,1541
2026-05-22T00:15:00+00:00,7480.5,7484.5,7480.25,7484.25,1903
2026-05-22T00:20:00+00:00,7484.0,7488.0,7482.25,7483.5,3460
2026-05-22T00:25:00+00:00,7483.75,7485.75,7481.5,7484.5,1423
2026-05-22T00:30:00+00:00,7484.75,7488.75,7484.75,7485.5,1735
2026-05-22T00:35:00+00:00,7485.25,7487.5,7484.5,7485.5,1174
2026-05-22T00:40:00+00:00,7485.25,7486.0,7484.0,7484.5,912
2026-05-22T00:45:00+00:00,7484.5,7487.0,7484.25,7485.25,846
2026-05-22T00:50:00+00:00,7485.25,7486.5,7485.0,7486.0,551
2026-05-22T00:55:00+00:00,7485.75,7487.0,7484.5,7484.5,706
2026-05-22T01:00:00+00:00,7484.25,7484.75,7480.75,7482.25,2283
2026-05-22T01:05:00+00:00,7482.0,7482.25,7480.25,7481.5,1447
2026-05-22T01:10:00+00:00,7481.5,7485.5,7481.0,7484.5,1398
2026-05-22T01:15:00+00:00,7484.5,7485.0,7482.5,7483.5,950
2026-05-22T01:20:00+00:00,7483.75,7484.5,7480.0,7480.5,2056
2026-05-22T01:25:00+00:00,7480.5,7482.0,7480.0,7481.25,1171
2026-05-22T01:30:00+00:00,7481.25,7481.75,7478.0,7478.25,1588
2026-05-22T01:35:00+00:00,7478.5,7478.5,7476.25,7477.25,1919
2026-05-22T01:40:00+00:00,7477.5,7479.5,7474.25,7479.25,2524
2026-05-22T01:45:00+00:00,7479.25,7482.25,7478.75,7482.0,1666
2026-05-22T01:50:00+00:00,7482.0,7484.0,7482.0,7482.5,1538
2026-05-22T01:55:00+00:00,7482.5,7482.75,7479.25,7480.5,1452
2026-05-22T02:00:00+00:00,7480.5,7483.0,7479.5,7482.75,883
2026-05-22T02:05:00+00:00,7482.5,7482.75,7480.0,7481.0,869
2026-05-22T02:10:00+00:00,7480.5,7482.5,7479.0,7481.75,1043
2026-05-22T02:15:00+00:00,7482.0,7483.75,7481.5,7482.5,761
2026-05-22T02:20:00+00:00,7482.25,7483.0,7480.25,7480.75,551
2026-05-22T02:25:00+00:00,7480.75,7480.75,7478.5,7479.5,1365
2026-05-22T02:30:00+00:00,7479.25,7481.5,7478.75,7481.0,747
2026-05-22T02:35:00+00:00,7481.25,7482.25,7480.25,7481.5,601
2026-05-22T02:40:00+00:00,7481.25,7484.75,7481.0,7483.0,957
2026-05-22T02:45:00+00:00,7483.0,7483.5,7481.75,7483.25,492
2026-05-22T02:50:00+00:00,7483.5,7485.0,7481.5,7481.75,984
2026-05-22T02:55:00+00:00,7482.0,7484.0,7481.25,7483.5,623
2026-05-22T03:00:00+00:00,7483.5,7484.0,7482.5,7483.5,566
2026-05-22T03:05:00+00:00,7483.5,7483.5,7480.0,7480.25,894
2026-05-22T03:10:00+00:00,7480.0,7482.0,7480.0,7481.5,506
2026-05-22T03:15:00+00:00,7481.75,7482.5,7480.75,7481.0,817
2026-05-22T03:20:00+00:00,7481.0,7482.0,7480.5,7481.0,339
2026-05-22T03:25:00+00:00,7481.25,7483.5,7481.0,7483.25,358
2026-05-22T03:30:00+00:00,7483.25,7486.0,7483.25,7485.75,920
2026-05-22T03:35:00+00:00,7486.0,7486.75,7485.25,7486.0,610
2026-05-22T03:40:00+00:00,7485.75,7486.75,7485.5,7486.5,598
2026-05-22T03:45:00+00:00,7486.75,7487.25,7486.25,7486.75,676
2026-05-22T03:50:00+00:00,7487.25,7488.75,7486.75,7488.25,670
2026-05-22T03:55:00+00:00,7488.25,7488.75,7487.25,7488.5,597
2026-05-22T04:05:00+00:00,7492.5,7492.5,7491.25,7491.75,2600
2026-05-22T04:10:00+00:00,7491.5,7492.25,7490.25,7492.0,628
2026-05-22T04:15:00+00:00,7492.0,7492.25,7490.75,7491.25,638
2026-05-22T04:20:00+00:00,7491.25,7493.25,7490.75,7492.0,843
2026-05-22T04:25:00+00:00,7492.0,7493.0,7491.75,7492.75,303
2026-05-22T04:30:00+00:00,7492.5,7492.5,7490.25,7491.0,767
2026-05-22T04:35:00+00:00,7490.75,7490.75,7489.0,7490.75,723
2026-05-22T04:40:00+00:00,7490.5,7491.25,7489.25,7490.25,578
2026-05-22T04:45:00+00:00,7490.0,7491.5,7490.0,7491.0,381
2026-05-22T04:50:00+00:00,7491.25,7493.75,7491.0,7492.25,896
2026-05-22T04:55:00+00:00,7492.25,7493.75,7492.0,7493.25,400
2026-05-22T05:00:00+00:00,7493.25,7494.5,7492.5,7493.25,950
2026-05-22T05:05:00+00:00,7493.0,7494.5,7493.0,7494.25,479
2026-05-22T05:10:00+00:00,7494.5,7494.75,7492.75,7493.0,632
2026-05-22T05:15:00+00:00,7493.25,7494.0,7492.5,7493.0,338
2026-05-22T05:20:00+00:00,7493.0,7493.75,7491.0,7491.0,790
2026-05-22T05:25:00+00:00,7491.0,7492.75,7490.75,7492.75,794
2026-05-22T05:30:00+00:00,7492.25,7493.5,7489.5,7490.5,1183
2026-05-22T05:35:00+00:00,7490.75,7492.0,7489.75,7490.25,615
2026-05-22T05:40:00+00:00,7490.5,7492.5,7490.25,7491.75,691
2026-05-22T05:45:00+00:00,7491.75,7493.25,7491.0,7492.0,854
2026-05-22T05:50:00+00:00,7492.0,7493.0,7490.25,7491.25,574
2026-05-22T05:55:00+00:00,7491.25,7491.25,7484.25,7485.25,3029
2026-05-22T06:00:00+00:00,7485.25,7488.5,7483.25,7487.75,2493
2026-05-22T06:05:00+00:00,7487.5,7488.75,7484.75,7486.75,1300
2026-05-22T06:10:00+00:00,7486.75,7489.5,7486.25,7489.5,934
2026-05-22T06:15:00+00:00,7489.25,7492.0,7488.5,7489.5,1728
2026-05-22T06:20:00+00:00,7489.5,7490.0,7486.75,7487.5,1056
2026-05-22T06:25:00+00:00,7487.5,7490.0,7486.5,7489.75,1089
2026-05-22T06:30:00+00:00,7489.75,7490.75,7487.25,7490.5,1425
2026-05-22T06:35:00+00:00,7490.5,7494.75,7490.5,7493.75,1482
2026-05-22T06:40:00+00:00,7494.0,7494.5,7491.25,7492.75,1127
2026-05-22T06:45:00+00:00,7492.75,7493.25,7490.25,7492.0,1294
2026-05-22T06:50:00+00:00,7491.75,7492.25,7488.0,7488.5,731
2026-05-22T06:55:00+00:00,7488.5,7489.5,7488.0,7489.0,423
2026-05-22T07:00:00+00:00,7489.0,7489.25,7481.5,7485.25,2767
2026-05-22T07:05:00+00:00,7485.5,7486.25,7484.0,7484.25,1180
2026-05-22T07:10:00+00:00,7484.25,7485.75,7481.75,7483.0,1481
2026-05-22T07:15:00+00:00,7483.0,7487.0,7482.75,7486.75,1215
2026-05-22T07:20:00+00:00,7487.0,7489.5,7486.0,7489.25,1136
2026-05-22T07:25:00+00:00,7488.75,7489.75,7488.0,7489.25,962
2026-05-22T07:30:00+00:00,7489.25,7489.5,7482.75,7483.0,1728
2026-05-22T07:35:00+00:00,7483.0,7485.5,7481.75,7482.5,1580
2026-05-22T07:40:00+00:00,7482.75,7487.0,7482.0,7485.5,1092
2026-05-22T07:45:00+00:00,7485.75,7488.0,7483.75,7487.75,1103
2026-05-22T07:50:00+00:00,7487.75,7488.0,7486.0,7486.5,722
2026-05-22T07:55:00+00:00,7486.5,7489.0,7485.5,7488.5,789
2026-05-22T08:00:00+00:00,7488.75,7492.5,7488.75,7491.0,1811
2026-05-22T08:05:00+00:00,7491.0,7491.5,7487.5,7488.75,1565
2026-05-22T08:10:00+00:00,7488.75,7490.75,7488.0,7489.5,694
2026-05-22T08:15:00+00:00,7489.5,7497.75,7489.25,7495.5,3984
2026-05-22T08:20:00+00:00,7495.5,7500.5,7493.5,7494.5,3242
2026-05-22T08:25:00+00:00,7494.5,7495.0,7492.25,7494.25,1030
2026-05-22T08:30:00+00:00,7494.25,7494.75,7484.75,7487.75,4062
2026-05-22T08:35:00+00:00,7487.5,7491.75,7483.5,7490.25,4949
2026-05-22T08:40:00+00:00,7490.25,7490.75,7488.0,7489.5,1513
2026-05-22T08:45:00+00:00,7489.75,7491.5,7489.25,7490.0,859
2026-05-22T08:50:00+00:00,7490.0,7492.75,7489.0,7490.5,1597
2026-05-22T08:55:00+00:00,7490.5,7490.75,7484.75,7485.5,1234
2026-05-22T09:00:00+00:00,7485.25,7485.5,7481.0,7481.0,2355
2026-05-22T09:05:00+00:00,7481.0,7481.25,7475.75,7478.75,2947
2026-05-22T09:10:00+00:00,7478.5,7479.75,7476.5,7476.75,1619
2026-05-22T09:15:00+00:00,7476.5,7479.5,7475.5,7478.75,1358
2026-05-22T09:20:00+00:00,7479.0,7480.5,7478.25,7479.5,965
2026-05-22T09:25:00+00:00,7479.0,7479.0,7474.75,7476.5,1686
2026-05-22T09:30:00+00:00,7476.75,7478.0,7473.0,7477.5,2348
2026-05-22T09:35:00+00:00,7477.25,7481.75,7476.5,7481.0,1831
2026-05-22T09:40:00+00:00,7481.25,7482.5,7479.5,7482.0,1178
2026-05-22T09:45:00+00:00,7482.0,7483.0,7480.5,7482.75,755
2026-05-22T09:50:00+00:00,7482.75,7485.75,7482.25,7485.0,1142
2026-05-22T09:55:00+00:00,7485.0,7485.5,7482.25,7483.5,987
2026-05-22T10:00:00+00:00,7483.5,7483.75,7478.0,7478.75,1587
2026-05-22T10:05:00+00:00,7478.75,7481.5,7478.5,7480.75,963
2026-05-22T10:10:00+00:00,7481.0,7481.75,7478.75,7478.75,922
2026-05-22T10:15:00+00:00,7478.5,7478.5,7475.25,7475.5,1679
2026-05-22T10:20:00+00:00,7475.25,7479.75,7475.25,7479.5,1031
2026-05-22T10:25:00+00:00,7479.25,7479.75,7472.0,7473.0,1850
2026-05-22T10:30:00+00:00,7473.0,7474.5,7470.5,7471.25,1899
2026-05-22T10:35:00+00:00,7471.5,7473.25,7470.5,7471.5,1024
2026-05-22T10:40:00+00:00,7471.75,7473.0,7469.5,7472.75,1468
2026-05-22T10:45:00+00:00,7472.5,7474.5,7471.5,7474.25,1051
2026-05-22T10:50:00+00:00,7474.5,7476.0,7473.75,7474.75,1266
2026-05-22T10:55:00+00:00,7475.0,7475.75,7473.25,7475.0,753
2026-05-22T11:00:00+00:00,7474.75,7478.25,7474.5,7477.75,1792
2026-05-22T11:05:00+00:00,7478.0,7478.75,7476.75,7477.0,1024
2026-05-22T11:10:00+00:00,7477.0,7477.0,7473.0,7474.25,1269
2026-05-22T11:15:00+00:00,7474.0,7474.75,7472.75,7473.5,1073
2026-05-22T11:20:00+00:00,7473.5,7476.5,7472.5,7475.0,1095
2026-05-22T11:25:00+00:00,7475.0,7476.25,7474.25,7474.75,774
2026-05-22T11:30:00+00:00,7474.5,7475.25,7472.5,7473.5,973
2026-05-22T11:35:00+00:00,7473.5,7478.5,7473.25,7478.25,1370
2026-05-22T11:40:00+00:00,7478.25,7479.75,7476.25,7479.25,1310
2026-05-22T11:45:00+00:00,7479.25,7486.25,7478.5,7482.75,5631
2026-05-22T11:50:00+00:00,7482.75,7484.0,7481.0,7482.0,1979
2026-05-22T11:55:00+00:00,7482.0,7482.0,7479.75,7481.0,1305
2026-05-22T12:00:00+00:00,7480.75,7482.75,7480.0,7480.5,1430
2026-05-22T12:05:00+00:00,7480.25,7481.5,7478.5,7479.25,1260
2026-05-22T12:10:00+00:00,7479.0,7499.5,7478.25,7495.5,19844
2026-05-22T12:15:00+00:00,7495.25,7499.0,7486.0,7494.75,13475
2026-05-22T12:20:00+00:00,7494.75,7496.5,7488.0,7492.75,6919
2026-05-22T12:25:00+00:00,7493.0,7493.5,7488.0,7491.25,2777
2026-05-22T12:30:00+00:00,7491.25,7493.75,7490.25,7492.5,2065
2026-05-22T12:35:00+00:00,7492.5,7495.25,7491.0,7494.5,2330
2026-05-22T12:40:00+00:00,7494.75,7495.25,7491.75,7494.25,1574
2026-05-22T12:45:00+00:00,7494.25,7499.25,7494.25,7498.25,2733
2026-05-22T12:50:00+00:00,7498.25,7500.75,7496.0,7498.75,3155
2026-05-22T12:55:00+00:00,7498.75,7503.5,7498.25,7502.75,4050
2026-05-22T13:00:00+00:00,7503.0,7504.0,7496.0,7499.5,5295
2026-05-22T13:05:00+00:00,7499.5,7507.0,7498.25,7505.25,5700
2026-05-22T13:10:00+00:00,7505.5,7507.75,7501.5,7502.75,9393
2026-05-22T13:15:00+00:00,7502.5,7505.25,7498.25,7500.5,7835
2026-05-22T13:20:00+00:00,7500.5,7500.75,7494.75,7496.75,4611
2026-05-22T13:25:00+00:00,7496.75,7500.0,7495.75,7496.75,6552
2026-05-22T13:30:00+00:00,7496.75,7508.25,7491.0,7506.5,32090
2026-05-22T13:35:00+00:00,7506.5,7514.25,7504.75,7512.75,23013
2026-05-22T13:40:00+00:00,7512.75,7516.25,7503.75,7508.5,32429
2026-05-22T13:45:00+00:00,7508.25,7515.5,7505.0,7508.5,19816
2026-05-22T13:50:00+00:00,7508.25,7509.0,7500.5,7507.0,18910
2026-05-22T13:55:00+00:00,7507.25,7511.25,7501.5,7509.75,12562
2026-05-22T14:00:00+00:00,7510.25,7510.25,7492.0,7496.25,24379
2026-05-22T14:05:00+00:00,7496.0,7496.0,7487.0,7495.25,23046
2026-05-22T14:10:00+00:00,7495.5,7498.0,7489.25,7489.75,15731
2026-05-22T14:15:00+00:00,7489.75,7495.0,7488.0,7488.5,14016
2026-05-22T14:20:00+00:00,7488.75,7490.25,7478.75,7483.75,24336
2026-05-22T14:25:00+00:00,7484.0,7491.5,7483.0,7491.0,16172
2026-05-22T14:30:00+00:00,7491.25,7494.25,7488.5,7493.75,13920
2026-05-22T14:35:00+00:00,7493.75,7497.75,7493.0,7494.75,12597
2026-05-22T14:40:00+00:00,7494.5,7499.75,7493.75,7498.0,9741
2026-05-22T14:45:00+00:00,7498.25,7499.0,7491.75,7495.75,13422
2026-05-22T14:50:00+00:00,7495.75,7496.75,7493.25,7496.75,7218
2026-05-22T14:55:00+00:00,7496.5,7501.75,7495.25,7499.75,11879
2026-05-22T15:00:00+00:00,7499.5,7503.25,7498.75,7502.25,8761
2026-05-22T15:05:00+00:00,7502.5,7506.0,7501.25,7505.0,9737
2026-05-22T15:10:00+00:00,7505.0,7505.75,7501.5,7504.5,6208
2026-05-22T15:15:00+00:00,7504.75,7509.25,7503.25,7509.0,8406
2026-05-22T15:20:00+00:00,7509.0,7509.25,7505.25,7507.25,9185
2026-05-22T15:25:00+00:00,7507.0,7513.5,7505.25,7513.5,11242
2026-05-22T15:30:00+00:00,7513.75,7515.5,7509.75,7510.75,13527
2026-05-22T15:35:00+00:00,7510.75,7513.5,7509.25,7511.25,7816
2026-05-22T15:40:00+00:00,7511.0,7512.5,7508.75,7512.25,6171
2026-05-22T15:45:00+00:00,7512.0,7513.0,7507.75,7508.5,7100
2026-05-22T15:50:00+00:00,7508.5,7512.0,7508.0,7510.75,6305
2026-05-22T15:55:00+00:00,7510.75,7511.75,7508.75,7510.5,4754
2026-05-22T16:00:00+00:00,7511.0,7512.25,7506.75,7510.5,9270
2026-05-22T16:05:00+00:00,7510.5,7511.25,7507.0,7508.0,5477
2026-05-22T16:10:00+00:00,7508.0,7510.25,7506.0,7508.25,5906
2026-05-22T16:15:00+00:00,7508.25,7508.5,7503.5,7503.5,9816
2026-05-22T16:20:00+00:00,7503.75,7508.0,7502.75,7504.0,6666
2026-05-22T16:25:00+00:00,7504.0,7508.25,7503.25,7508.25,6638
2026-05-22T16:30:00+00:00,7508.25,7510.75,7504.25,7504.5,9991
2026-05-22T16:35:00+00:00,7504.75,7508.0,7502.75,7504.25,5948
2026-05-22T16:40:00+00:00,7504.25,7507.25,7503.5,7504.5,4984
2026-05-22T16:45:00+00:00,7504.75,7510.0,7504.5,7506.0,6196
2026-05-22T16:50:00+00:00,7506.25,7509.5,7505.0,7509.25,4273
2026-05-22T16:55:00+00:00,7509.25,7509.5,7505.0,7507.25,5148
2026-05-22T17:00:00+00:00,7507.25,7512.5,7507.25,7512.5,5919
2026-05-22T17:05:00+00:00,7512.5,7513.5,7510.75,7511.75,4603
2026-05-22T17:10:00+00:00,7511.75,7513.0,7510.0,7510.75,4889
2026-05-22T17:15:00+00:00,7510.75,7512.5,7500.5,7503.0,9337
2026-05-22T17:20:00+00:00,7503.0,7508.75,7501.5,7508.0,9945
2026-05-22T17:25:00+00:00,7508.0,7522.5,7507.5,7522.25,45856
2026-05-22T17:30:00+00:00,7522.25,7524.0,7513.25,7513.75,23458
2026-05-22T17:35:00+00:00,7514.0,7518.5,7512.25,7517.5,8907
2026-05-22T17:40:00+00:00,7517.5,7518.25,7514.25,7514.75,6219
2026-05-22T17:45:00+00:00,7514.75,7515.5,7511.25,7512.0,5662
2026-05-22T17:50:00+00:00,7511.5,7512.75,7505.25,7507.5,9837
2026-05-22T17:55:00+00:00,7507.5,7510.75,7506.75,7508.0,5746
2026-05-22T18:00:00+00:00,7508.25,7511.25,7502.75,7505.75,14695
2026-05-22T18:05:00+00:00,7505.5,7508.75,7505.25,7507.75,4664
2026-05-22T18:10:00+00:00,7507.75,7509.25,7504.25,7506.5,3919
2026-05-22T18:15:00+00:00,7506.5,7509.0,7503.75,7507.75,4797
2026-05-22T18:20:00+00:00,7507.75,7510.0,7506.75,7509.25,4083
2026-05-22T18:25:00+00:00,7509.5,7510.25,7506.0,7507.25,3648
2026-05-22T18:30:00+00:00,7507.25,7508.0,7504.75,7507.0,3369
2026-05-22T18:35:00+00:00,7506.75,7508.75,7500.75,7506.0,11721
2026-05-22T18:40:00+00:00,7505.75,7509.0,7505.5,7507.5,4859
2026-05-22T18:45:00+00:00,7507.75,7509.0,7503.5,7504.75,4862
2026-05-22T18:50:00+00:00,7505.0,7508.5,7504.25,7507.5,2832
2026-05-22T18:55:00+00:00,7507.75,7507.75,7505.25,7505.25,1953
2026-05-22T19:00:00+00:00,7505.5,7506.75,7496.0,7499.75,15810
2026-05-22T19:05:00+00:00,7499.75,7500.75,7495.5,7498.75,6820
2026-05-22T19:10:00+00:00,7499.0,7500.5,7495.75,7497.75,5237
2026-05-22T19:15:00+00:00,7498.0,7498.75,7494.5,7498.0,5610
2026-05-22T19:20:00+00:00,7497.75,7497.75,7494.0,7496.0,4998
2026-05-22T19:25:00+00:00,7496.0,7496.25,7489.25,7489.75,7078
2026-05-22T19:30:00+00:00,7490.0,7493.5,7486.75,7492.5,10303
2026-05-22T19:35:00+00:00,7492.5,7495.5,7490.75,7493.0,6969
2026-05-22T19:40:00+00:00,7492.75,7494.0,7487.5,7490.5,6310
2026-05-22T19:45:00+00:00,7490.75,7491.25,7483.75,7489.25,8243
2026-05-22T19:50:00+00:00,7489.0,7492.0,7484.5,7489.0,10691
2026-05-22T19:55:00+00:00,7488.75,7497.0,7488.5,7490.75,17080
2026-05-22T20:00:00+00:00,7490.75,7492.0,7487.25,7490.25,6482
2026-05-22T20:05:00+00:00,7490.0,7493.0,7490.0,7492.75,1502
2026-05-22T20:10:00+00:00,7492.75,7495.0,7492.25,7494.25,1387
2026-05-22T20:15:00+00:00,7494.5,7494.5,7491.0,7493.0,1373
2026-05-22T20:20:00+00:00,7492.5,7492.5,7491.0,7491.25,497
2026-05-22T20:25:00+00:00,7491.25,7492.25,7491.0,7491.5,551
2026-05-22T20:30:00+00:00,7491.75,7493.25,7484.75,7488.5,5024
2026-05-22T20:35:00+00:00,7488.25,7489.75,7487.0,7487.75,1057
2026-05-22T20:40:00+00:00,7488.0,7488.25,7485.0,7485.25,1392
2026-05-22T20:45:00+00:00,7485.5,7487.5,7483.0,7484.0,1609
2026-05-22T20:50:00+00:00,7484.25,7487.0,7484.0,7485.25,801
2026-05-22T20:55:00+00:00,7485.25,7486.25,7482.25,7484.0,1294
2026-05-22T21:00:00+00:00,7484.25,7491.0,7484.25,7491.0,1
2026-05-26T04:00:00+00:00,7540.5,7541.0,7538.75,7539.0,610
2026-05-26T04:05:00+00:00,7539.0,7540.5,7538.0,7540.5,457
2026-05-26T04:10:00+00:00,7540.25,7542.5,7540.0,7542.5,744
2026-05-26T04:15:00+00:00,7542.5,7543.0,7541.25,7541.5,819
2026-05-26T04:20:00+00:00,7541.25,7542.25,7541.25,7541.75,269
2026-05-26T04:25:00+00:00,7541.5,7541.75,7540.0,7540.0,448
2026-05-26T04:30:00+00:00,7540.0,7541.5,7539.25,7541.0,461
2026-05-26T04:35:00+00:00,7541.25,7542.25,7539.5,7540.25,481
2026-05-26T04:40:00+00:00,7540.0,7540.25,7539.25,7539.75,168
2026-05-26T04:45:00+00:00,7539.75,7540.0,7537.25,7538.5,1003
2026-05-26T04:50:00+00:00,7538.5,7539.5,7538.0,7538.25,395
2026-05-26T04:55:00+00:00,7538.25,7539.75,7538.0,7538.5,497
2026-05-26T05:00:00+00:00,7538.5,7538.75,7535.5,7536.5,1052
2026-05-26T05:05:00+00:00,7536.5,7539.75,7535.5,7539.0,623
2026-05-26T05:10:00+00:00,7539.0,7539.75,7538.0,7539.0,342
2026-05-26T05:15:00+00:00,7539.0,7540.25,7538.25,7539.5,345
2026-05-26T05:20:00+00:00,7539.25,7540.25,7539.0,7540.25,460
2026-05-26T05:25:00+00:00,7540.25,7540.5,7538.75,7539.75,404
2026-05-26T05:30:00+00:00,7539.5,7541.25,7539.0,7540.0,464
2026-05-26T05:35:00+00:00,7540.25,7540.25,7539.0,7539.5,288
2026-05-26T05:40:00+00:00,7539.25,7539.5,7537.25,7538.75,515
2026-05-26T05:45:00+00:00,7538.5,7539.5,7536.25,7536.75,469
2026-05-26T05:50:00+00:00,7536.75,7537.25,7536.0,7536.75,526
2026-05-26T05:55:00+00:00,7536.75,7537.5,7536.25,7537.25,324
2026-05-26T06:00:00+00:00,7537.5,7539.5,7536.0,7539.0,991
2026-05-26T06:05:00+00:00,7539.25,7540.0,7538.5,7539.5,569
2026-05-26T06:10:00+00:00,7539.75,7541.5,7539.0,7541.0,1035
2026-05-26T06:15:00+00:00,7541.25,7541.25,7540.25,7540.75,361
2026-05-26T06:20:00+00:00,7541.0,7542.25,7540.5,7542.0,387
2026-05-26T06:25:00+00:00,7542.25,7543.75,7536.25,7538.75,4189
2026-05-26T06:30:00+00:00,7538.75,7540.5,7537.75,7540.25,1101
2026-05-26T06:35:00+00:00,7540.25,7544.25,7540.25,7544.25,1101
2026-05-26T06:40:00+00:00,7544.25,7544.25,7541.25,7542.75,567
2026-05-26T06:45:00+00:00,7542.25,7542.5,7539.75,7540.25,605
2026-05-26T06:50:00+00:00,7540.25,7541.0,7539.25,7540.5,447
2026-05-26T06:55:00+00:00,7540.25,7540.25,7538.75,7539.75,333
2026-05-26T07:00:00+00:00,7539.75,7541.0,7535.0,7535.0,2366
2026-05-26T07:05:00+00:00,7535.25,7536.25,7531.0,7531.0,2970
2026-05-26T07:10:00+00:00,7531.25,7533.75,7529.25,7532.5,2317
2026-05-26T07:15:00+00:00,7532.75,7532.75,7528.5,7531.5,1505
2026-05-26T07:20:00+00:00,7531.5,7533.5,7529.0,7532.75,1391
2026-05-26T07:25:00+00:00,7533.0,7533.0,7530.0,7530.75,824
2026-05-26T07:30:00+00:00,7531.0,7531.25,7525.25,7529.0,2922
2026-05-26T07:35:00+00:00,7528.75,7530.5,7527.0,7530.0,898
2026-05-26T07:40:00+00:00,7529.75,7533.0,7529.75,7532.75,999
2026-05-26T07:45:00+00:00,7532.75,7535.0,7532.25,7534.0,1069
2026-05-26T07:50:00+00:00,7534.0,7534.5,7529.0,7529.25,856
2026-05-26T07:55:00+00:00,7529.0,7532.0,7528.25,7531.25,827
2026-05-26T08:00:00+00:00,7531.75,7533.25,7528.25,7529.0,1140
2026-05-26T08:05:00+00:00,7529.25,7531.0,7528.75,7530.0,525
2026-05-26T08:10:00+00:00,7530.0,7532.75,7529.5,7530.0,843
2026-05-26T08:15:00+00:00,7530.0,7532.0,7529.25,7531.5,602
2026-05-26T08:20:00+00:00,7531.75,7532.75,7531.0,7531.5,392
2026-05-26T08:25:00+00:00,7531.75,7532.0,7529.75,7531.0,461
2026-05-26T08:30:00+00:00,7531.0,7531.25,7528.75,7529.75,533
2026-05-26T08:35:00+00:00,7529.5,7532.0,7528.5,7531.5,700
2026-05-26T08:40:00+00:00,7531.5,7532.5,7530.75,7531.5,586
2026-05-26T08:45:00+00:00,7531.5,7532.0,7530.0,7530.25,321
2026-05-26T08:50:00+00:00,7530.25,7533.5,7529.5,7531.5,825
2026-05-26T08:55:00+00:00,7531.75,7533.0,7531.0,7533.0,587
2026-05-26T09:00:00+00:00,7533.0,7534.0,7531.75,7533.75,734
2026-05-26T09:05:00+00:00,7533.75,7534.25,7530.75,7531.0,576
2026-05-26T09:10:00+00:00,7531.0,7532.25,7530.5,7531.0,340
2026-05-26T09:15:00+00:00,7530.75,7535.0,7529.75,7533.5,1600
2026-05-26T09:20:00+00:00,7533.75,7534.5,7530.75,7532.75,1127
2026-05-26T09:25:00+00:00,7532.5,7537.5,7532.0,7537.5,1275
2026-05-26T09:30:00+00:00,7537.25,7538.75,7536.75,7537.75,997
2026-05-26T09:35:00+00:00,7537.75,7539.0,7537.25,7537.25,696
2026-05-26T09:40:00+00:00,7537.25,7537.5,7536.0,7536.25,525
2026-05-26T09:45:00+00:00,7536.0,7538.25,7536.0,7537.5,385
2026-05-26T09:50:00+00:00,7537.5,7538.0,7536.5,7537.75,404
2026-05-26T09:55:00+00:00,7538.0,7538.75,7537.25,7537.5,442
2026-05-26T10:00:00+00:00,7537.75,7538.75,7537.0,7538.0,627
2026-05-26T10:05:00+00:00,7537.5,7539.75,7536.5,7539.25,748
2026-05-26T10:10:00+00:00,7539.0,7542.0,7539.0,7541.75,1121
2026-05-26T10:15:00+00:00,7541.75,7543.5,7540.75,7543.0,1166
2026-05-26T10:20:00+00:00,7543.25,7543.75,7541.75,7543.0,846
2026-05-26T10:25:00+00:00,7543.25,7547.5,7542.25,7546.25,2584
2026-05-26T10:30:00+00:00,7546.25,7551.25,7546.0,7549.5,2808
2026-05-26T10:35:00+00:00,7549.25,7549.75,7546.5,7546.75,1070
2026-05-26T10:40:00+00:00,7546.75,7548.25,7544.25,7545.0,1153
2026-05-26T10:45:00+00:00,7545.0,7545.25,7542.5,7543.75,1542
2026-05-26T10:50:00+00:00,7544.25,7545.25,7543.0,7543.0,642
2026-05-26T10:55:00+00:00,7543.0,7544.75,7542.25,7542.5,1043
2026-05-26T11:00:00+00:00,7542.5,7544.25,7541.25,7541.75,1313
2026-05-26T11:05:00+00:00,7542.0,7543.25,7541.25,7543.0,571
2026-05-26T11:10:00+00:00,7543.0,7543.0,7540.25,7540.25,765
2026-05-26T11:15:00+00:00,7540.25,7542.5,7539.75,7541.25,1278
2026-05-26T11:20:00+00:00,7541.5,7544.0,7541.5,7543.5,1145
2026-05-26T11:25:00+00:00,7543.5,7543.75,7541.0,7541.25,625
2026-05-26T11:30:00+00:00,7541.25,7543.5,7536.5,7538.0,2882
2026-05-26T11:35:00+00:00,7537.75,7539.0,7532.25,7538.25,4369
2026-05-26T11:40:00+00:00,7538.0,7541.0,7537.5,7540.5,1672
2026-05-26T11:45:00+00:00,7540.75,7541.5,7539.75,7539.75,1207
2026-05-26T11:50:00+00:00,7539.75,7542.0,7539.25,7541.0,836
2026-05-26T11:55:00+00:00,7541.25,7541.5,7539.75,7540.25,846
2026-05-26T12:00:00+00:00,7540.0,7541.25,7539.75,7540.5,1182
2026-05-26T12:05:00+00:00,7540.5,7542.0,7535.75,7540.25,5875
2026-05-26T12:10:00+00:00,7540.25,7542.5,7538.75,7541.0,1212
2026-05-26T12:15:00+00:00,7541.0,7542.5,7540.0,7542.5,879
2026-05-26T12:20:00+00:00,7542.25,7543.0,7541.5,7542.75,845
2026-05-26T12:25:00+00:00,7543.0,7546.0,7542.75,7545.0,2353
2026-05-26T12:30:00+00:00,7545.25,7545.75,7543.25,7545.5,1276
2026-05-26T12:35:00+00:00,7545.25,7545.5,7543.25,7544.75,914
2026-05-26T12:40:00+00:00,7544.75,7548.25,7544.75,7545.25,2041
2026-05-26T12:45:00+00:00,7545.25,7546.0,7543.5,7544.0,1399
2026-05-26T12:50:00+00:00,7544.0,7545.25,7542.75,7543.75,1277
2026-05-26T12:55:00+00:00,7543.75,7545.25,7542.75,7544.0,819
2026-05-26T13:00:00+00:00,7543.75,7544.75,7540.75,7542.0,2189
2026-05-26T13:05:00+00:00,7541.75,7542.25,7540.25,7540.75,1240
2026-05-26T13:10:00+00:00,7540.75,7542.75,7540.25,7542.75,1657
2026-05-26T13:15:00+00:00,7542.75,7543.5,7542.25,7543.0,1406
2026-05-26T13:20:00+00:00,7542.75,7543.5,7541.75,7543.5,1308
2026-05-26T13:25:00+00:00,7543.25,7544.0,7534.0,7534.25,6518
2026-05-26T13:30:00+00:00,7534.0,7538.25,7527.25,7528.0,30354
2026-05-26T13:35:00+00:00,7528.0,7533.75,7524.75,7531.0,22425
2026-05-26T13:40:00+00:00,7531.0,7540.75,7530.25,7540.0,20163
2026-05-26T13:45:00+00:00,7540.0,7545.0,7540.0,7543.5,15947
2026-05-26T13:50:00+00:00,7543.5,7544.0,7529.5,7535.0,29284
2026-05-26T13:55:00+00:00,7535.25,7541.5,7534.25,7541.5,13899
2026-05-26T14:00:00+00:00,7541.5,7546.0,7538.75,7545.0,13526
2026-05-26T14:05:00+00:00,7545.0,7548.25,7544.25,7547.25,11391
2026-05-26T14:10:00+00:00,7547.0,7548.5,7544.25,7548.0,11150
2026-05-26T14:15:00+00:00,7548.0,7550.25,7545.25,7549.75,11644
2026-05-26T14:20:00+00:00,7549.75,7552.0,7548.5,7549.25,11614
2026-05-26T14:25:00+00:00,7549.25,7552.75,7546.75,7549.75,12035
2026-05-26T14:30:00+00:00,7549.5,7551.75,7547.25,7548.0,10829
2026-05-26T14:35:00+00:00,7548.0,7555.25,7547.25,7551.25,16057
2026-05-26T14:40:00+00:00,7551.25,7555.25,7551.0,7554.25,6963
2026-05-26T14:45:00+00:00,7554.25,7554.75,7551.0,7551.0,6870
2026-05-26T14:50:00+00:00,7551.0,7554.25,7548.25,7549.5,9244
2026-05-26T14:55:00+00:00,7549.25,7549.75,7545.75,7547.75,10860
2026-05-26T15:00:00+00:00,7548.0,7548.75,7540.0,7541.25,16994
2026-05-26T15:05:00+00:00,7541.25,7543.5,7537.25,7542.75,15068
2026-05-26T15:10:00+00:00,7542.75,7543.5,7538.5,7539.5,11128
2026-05-26T15:15:00+00:00,7539.5,7539.5,7534.0,7537.5,14756
2026-05-26T15:20:00+00:00,7537.5,7538.25,7533.25,7535.0,10315
2026-05-26T15:25:00+00:00,7535.0,7537.75,7530.75,7532.0,12005
2026-05-26T15:30:00+00:00,7531.75,7533.75,7528.75,7532.0,11828
2026-05-26T15:35:00+00:00,7531.75,7533.5,7525.25,7531.75,14246
2026-05-26T15:40:00+00:00,7532.0,7532.5,7526.0,7527.25,10709
2026-05-26T15:45:00+00:00,7527.25,7528.0,7522.5,7524.25,14261
2026-05-26T15:50:00+00:00,7524.25,7525.75,7517.25,7518.75,15603
2026-05-26T15:55:00+00:00,7519.0,7523.75,7517.0,7523.0,13863
2026-05-26T16:00:00+00:00,7523.0,7527.75,7522.75,7526.0,11651
2026-05-26T16:05:00+00:00,7525.75,7527.5,7521.25,7522.25,8078
2026-05-26T16:10:00+00:00,7522.0,7525.0,7519.75,7522.75,8859
2026-05-26T16:15:00+00:00,7522.5,7527.0,7521.5,7526.75,6791
2026-05-26T16:20:00+00:00,7526.75,7528.5,7525.0,7527.75,6140
2026-05-26T16:25:00+00:00,7527.75,7531.25,7527.25,7531.0,7410
2026-05-26T16:30:00+00:00,7531.0,7534.0,7530.25,7533.25,9564
2026-05-26T16:35:00+00:00,7533.25,7534.0,7530.5,7530.5,5780
2026-05-26T16:40:00+00:00,7530.5,7530.75,7525.5,7526.25,7865
2026-05-26T16:45:00+00:00,7526.0,7528.0,7522.0,7522.0,8966
2026-05-26T16:50:00+00:00,7522.25,7526.0,7522.0,7525.75,6093
2026-05-26T16:55:00+00:00,7525.5,7526.5,7523.0,7523.75,4509
2026-05-26T17:00:00+00:00,7523.5,7528.25,7522.5,7524.5,6231
2026-05-26T17:05:00+00:00,7524.5,7526.5,7523.25,7524.5,3466
2026-05-26T17:10:00+00:00,7524.75,7527.5,7523.75,7526.25,3243
2026-05-26T17:15:00+00:00,7526.5,7526.75,7521.0,7521.25,4912
2026-05-26T17:20:00+00:00,7521.25,7523.75,7519.75,7521.0,5483
2026-05-26T17:25:00+00:00,7521.0,7522.0,7518.5,7519.75,5571
2026-05-26T17:30:00+00:00,7519.75,7524.5,7518.25,7524.25,5929
2026-05-26T17:35:00+00:00,7524.25,7525.25,7521.5,7521.75,4396
2026-05-26T17:40:00+00:00,7522.0,7523.25,7519.75,7521.75,4028
2026-05-26T17:45:00+00:00,7522.0,7526.25,7522.0,7525.5,3739
2026-05-26T17:50:00+00:00,7525.5,7527.0,7524.0,7524.0,3912
2026-05-26T17:55:00+00:00,7524.0,7524.75,7521.25,7524.0,5295
2026-05-26T18:00:00+00:00,7523.75,7526.0,7521.5,7525.25,3995
2026-05-26T18:05:00+00:00,7525.5,7527.75,7524.75,7527.5,4388
2026-05-26T18:10:00+00:00,7527.75,7530.75,7527.25,7530.0,6280
2026-05-26T18:15:00+00:00,7530.25,7533.25,7530.0,7533.25,6254
2026-05-26T18:20:00+00:00,7533.25,7533.75,7530.75,7532.5,5172
2026-05-26T18:25:00+00:00,7532.25,7533.5,7529.5,7530.25,5331
2026-05-26T18:30:00+00:00,7530.25,7533.75,7529.75,7533.5,4334
2026-05-26T18:35:00+00:00,7533.25,7533.25,7529.75,7530.75,4235
2026-05-26T18:40:00+00:00,7530.75,7531.0,7527.5,7527.5,5689
2026-05-26T18:45:00+00:00,7527.5,7529.0,7526.25,7526.5,4844
2026-05-26T18:50:00+00:00,7526.75,7529.5,7525.25,7527.25,5603
2026-05-26T18:55:00+00:00,7527.25,7528.25,7523.75,7524.5,6499
2026-05-26T19:00:00+00:00,7524.5,7526.75,7522.0,7525.5,7759
2026-05-26T19:05:00+00:00,7525.75,7528.0,7524.25,7527.75,4861
2026-05-26T19:10:00+00:00,7527.5,7528.0,7525.0,7525.5,3667
2026-05-26T19:15:00+00:00,7525.5,7528.75,7525.25,7528.0,3949
2026-05-26T19:20:00+00:00,7527.75,7529.25,7526.75,7528.5,3682
2026-05-26T19:25:00+00:00,7528.5,7529.5,7527.5,7528.75,3128
2026-05-26T19:30:00+00:00,7528.5,7533.25,7528.5,7532.75,6045
2026-05-26T19:35:00+00:00,7533.0,7536.25,7532.25,7536.0,7353
2026-05-26T19:40:00+00:00,7535.75,7539.0,7535.25,7538.5,7664
2026-05-26T19:45:00+00:00,7538.5,7541.0,7537.0,7539.25,7967
2026-05-26T19:50:00+00:00,7539.5,7542.25,7537.75,7540.25,11990
2026-05-26T19:55:00+00:00,7540.25,7540.75,7534.25,7539.0,22215
2026-05-26T20:00:00+00:00,7539.25,7540.75,7536.75,7537.25,8488
2026-05-26T20:05:00+00:00,7537.25,7538.0,7536.25,7537.25,2374
2026-05-26T20:10:00+00:00,7537.0,7537.75,7536.0,7536.0,1884
2026-05-26T20:15:00+00:00,7535.75,7539.0,7535.5,7537.75,1777
2026-05-26T20:20:00+00:00,7537.25,7538.5,7536.0,7536.0,1249
2026-05-26T20:25:00+00:00,7536.25,7536.25,7534.75,7535.25,1238
2026-05-26T20:30:00+00:00,7535.25,7537.0,7535.0,7536.5,754
2026-05-26T20:35:00+00:00,7536.25,7537.5,7536.25,7537.0,622
2026-05-26T20:40:00+00:00,7537.0,7537.75,7535.75,7536.0,856
2026-05-26T20:45:00+00:00,7535.75,7536.25,7532.75,7533.0,1656
2026-05-26T20:50:00+00:00,7532.75,7533.5,7531.25,7532.25,2233
2026-05-26T20:55:00+00:00,7532.5,7533.5,7531.75,7532.75,953
2026-05-26T22:00:00+00:00,7534.0,7538.0,7533.25,7534.5,0
2026-05-26T22:05:00+00:00,7534.75,7535.75,7530.25,7531.0,1832
2026-05-26T22:10:00+00:00,7531.25,7533.0,7529.5,7532.25,1229
2026-05-26T22:15:00+00:00,7532.0,7534.75,7530.0,7534.25,1153
2026-05-26T22:20:00+00:00,7534.5,7534.5,7531.75,7533.0,1010
2026-05-26T22:25:00+00:00,7532.75,7533.75,7532.0,7532.25,485
2026-05-26T22:30:00+00:00,7533.0,7534.5,7532.75,7534.25,495
2026-05-26T22:35:00+00:00,7534.0,7535.0,7532.75,7534.75,517
2026-05-26T22:40:00+00:00,7534.75,7536.0,7533.5,7533.5,913
2026-05-26T22:45:00+00:00,7533.5,7534.0,7531.0,7532.25,912
2026-05-26T22:50:00+00:00,7532.5,7533.75,7531.5,7533.25,630
2026-05-26T22:55:00+00:00,7532.75,7534.75,7532.25,7533.25,446
2026-05-26T23:00:00+00:00,7533.5,7535.75,7533.25,7534.75,763
2026-05-26T23:05:00+00:00,7535.0,7535.5,7533.75,7535.25,529
2026-05-26T23:10:00+00:00,7535.25,7536.0,7533.5,7534.0,653
2026-05-26T23:15:00+00:00,7534.0,7535.25,7533.5,7535.0,382
2026-05-26T23:20:00+00:00,7534.75,7538.25,7534.5,7537.0,1814
2026-05-26T23:25:00+00:00,7537.25,7539.0,7536.75,7539.0,1016
2026-05-26T23:30:00+00:00,7538.75,7540.25,7536.75,7538.0,1485
2026-05-26T23:35:00+00:00,7538.0,7538.25,7536.5,7538.25,681
2026-05-26T23:40:00+00:00,7538.0,7542.0,7538.0,7542.0,1244
2026-05-26T23:45:00+00:00,7542.0,7544.75,7541.25,7543.25,2103
2026-05-26T23:50:00+00:00,7543.0,7544.25,7542.0,7544.25,898
2026-05-26T23:55:00+00:00,7544.0,7544.0,7541.75,7543.5,778
2026-05-27T00:00:00+00:00,7543.25,7545.0,7542.0,7543.25,1543
2026-05-27T00:05:00+00:00,7543.25,7545.0,7542.5,7544.5,1552
2026-05-27T00:10:00+00:00,7544.5,7544.5,7542.75,7543.5,715
2026-05-27T00:15:00+00:00,7543.5,7543.5,7539.25,7540.5,1761
2026-05-27T00:20:00+00:00,7540.5,7540.75,7537.75,7538.0,1574
2026-05-27T00:25:00+00:00,7538.0,7543.0,7537.75,7542.5,1422
2026-05-27T00:30:00+00:00,7542.25,7546.25,7542.25,7544.75,2090
2026-05-27T00:35:00+00:00,7545.0,7545.25,7541.25,7541.75,1278
2026-05-27T00:40:00+00:00,7541.5,7545.25,7541.5,7543.75,955
2026-05-27T00:45:00+00:00,7543.75,7547.0,7543.75,7545.0,1621
2026-05-27T00:50:00+00:00,7545.0,7545.75,7543.0,7543.25,891
2026-05-27T00:55:00+00:00,7543.25,7546.0,7543.25,7545.5,643
2026-05-27T01:00:00+00:00,7546.0,7546.5,7543.75,7546.25,1119
2026-05-27T01:05:00+00:00,7546.25,7548.0,7544.5,7546.75,1192
2026-05-27T01:10:00+00:00,7547.0,7548.75,7546.5,7547.75,1239
2026-05-27T01:15:00+00:00,7547.5,7548.75,7546.25,7547.0,1116
2026-05-27T01:20:00+00:00,7546.75,7548.25,7546.75,7547.75,519
2026-05-27T01:25:00+00:00,7547.5,7547.75,7545.75,7547.0,648
2026-05-27T01:30:00+00:00,7547.0,7547.5,7545.5,7546.0,611
2026-05-27T01:35:00+00:00,7545.75,7547.5,7545.5,7546.0,653
2026-05-27T01:40:00+00:00,7546.0,7547.25,7545.25,7545.25,440
2026-05-27T01:45:00+00:00,7545.5,7545.75,7543.25,7545.0,1077
2026-05-27T01:50:00+00:00,7545.0,7545.75,7542.75,7543.25,700
2026-05-27T01:55:00+00:00,7543.25,7543.25,7541.75,7542.5,894
2026-05-27T02:00:00+00:00,7542.75,7544.0,7542.25,7544.0,743
2026-05-27T02:05:00+00:00,7544.0,7545.0,7543.0,7544.5,630
2026-05-27T02:10:00+00:00,7544.5,7544.75,7543.25,7544.0,496
2026-05-27T02:15:00+00:00,7544.0,7546.0,7544.0,7545.0,576
2026-05-27T02:20:00+00:00,7545.0,7546.25,7544.5,7546.25,487
2026-05-27T02:25:00+00:00,7546.25,7546.75,7545.25,7545.5,567
2026-05-27T02:30:00+00:00,7545.25,7546.5,7545.0,7546.25,348
2026-05-27T02:35:00+00:00,7546.5,7546.75,7544.5,7544.75,618
2026-05-27T02:40:00+00:00,7544.75,7545.25,7544.0,7545.0,377
2026-05-27T02:45:00+00:00,7545.25,7546.5,7545.0,7545.75,438
2026-05-27T02:50:00+00:00,7546.0,7547.0,7545.75,7545.75,468
2026-05-27T02:55:00+00:00,7545.75,7545.75,7544.0,7544.25,468
2026-05-27T03:00:00+00:00,7544.25,7546.75,7543.75,7546.0,612
2026-05-27T03:05:00+00:00,7545.75,7546.75,7545.25,7545.75,390
2026-05-27T03:10:00+00:00,7545.75,7545.75,7543.5,7543.75,513
2026-05-27T03:15:00+00:00,7543.75,7544.25,7543.25,7543.5,296
2026-05-27T03:20:00+00:00,7543.5,7544.0,7542.25,7542.5,366
2026-05-27T03:25:00+00:00,7542.25,7543.0,7541.75,7543.0,668
2026-05-27T03:30:00+00:00,7543.0,7543.25,7540.0,7541.25,875
2026-05-27T03:35:00+00:00,7541.0,7541.5,7540.25,7541.25,376
2026-05-27T03:40:00+00:00,7541.25,7542.75,7541.25,7541.75,515
2026-05-27T03:45:00+00:00,7541.75,7542.0,7539.75,7540.0,518
2026-05-27T03:50:00+00:00,7539.75,7541.25,7539.5,7540.0,303
2026-05-27T03:55:00+00:00,7540.0,7540.0,7538.25,7539.5,659
2026-05-27T04:05:00+00:00,7541.5,7541.75,7541.25,7541.5,1438
2026-05-27T04:10:00+00:00,7541.5,7542.5,7540.25,7540.5,499
2026-05-27T04:15:00+00:00,7540.5,7541.0,7537.25,7537.75,1119
2026-05-27T04:20:00+00:00,7537.5,7540.0,7537.25,7538.25,554
2026-05-27T04:25:00+00:00,7538.0,7538.25,7535.75,7536.0,904
2026-05-27T04:30:00+00:00,7536.0,7538.25,7535.5,7538.0,1085
2026-05-27T04:35:00+00:00,7538.0,7540.0,7538.0,7539.75,581
2026-05-27T04:40:00+00:00,7540.0,7541.0,7539.25,7540.5,460
2026-05-27T04:45:00+00:00,7540.75,7542.25,7540.5,7542.0,616
2026-05-27T04:50:00+00:00,7542.0,7543.0,7541.5,7542.75,533
2026-05-27T04:55:00+00:00,7542.75,7543.25,7541.25,7541.25,349
2026-05-27T05:00:00+00:00,7541.25,7543.5,7540.25,7543.0,618
2026-05-27T05:05:00+00:00,7543.0,7543.0,7541.25,7542.75,276
2026-05-27T05:10:00+00:00,7542.75,7543.0,7540.75,7542.0,423
2026-05-27T05:15:00+00:00,7542.25,7542.25,7539.0,7539.5,696
2026-05-27T05:20:00+00:00,7539.75,7542.5,7538.75,7542.5,660
2026-05-27T05:25:00+00:00,7542.25,7542.5,7541.0,7542.5,275
2026-05-27T05:30:00+00:00,7542.5,7542.75,7537.5,7538.75,729
2026-05-27T05:35:00+00:00,7539.0,7543.25,7538.75,7541.0,714
2026-05-27T05:40:00+00:00,7541.25,7542.75,7540.75,7542.5,252
2026-05-27T05:45:00+00:00,7542.75,7543.0,7541.0,7541.25,305
2026-05-27T05:50:00+00:00,7541.5,7544.75,7541.0,7543.75,1110
2026-05-27T05:55:00+00:00,7544.0,7544.75,7543.5,7544.0,384
2026-05-27T06:00:00+00:00,7544.0,7544.75,7542.5,7543.25,586
2026-05-27T06:05:00+00:00,7543.5,7545.5,7542.75,7544.75,628
2026-05-27T06:10:00+00:00,7544.75,7545.0,7542.0,7543.25,549
2026-05-27T06:15:00+00:00,7543.25,7544.25,7542.0,7544.0,332
2026-05-27T06:20:00+00:00,7544.0,7544.25,7541.0,7542.25,537
2026-05-27T06:25:00+00:00,7542.25,7542.25,7540.25,7541.5,427
2026-05-27T06:30:00+00:00,7541.5,7541.75,7538.75,7540.0,822
2026-05-27T06:35:00+00:00,7539.75,7540.5,7536.75,7539.0,1400
2026-05-27T06:40:00+00:00,7539.0,7540.75,7538.75,7539.5,431
2026-05-27T06:45:00+00:00,7539.5,7541.25,7539.0,7540.0,453
2026-05-27T06:50:00+00:00,7540.0,7541.5,7539.75,7540.5,355
2026-05-27T06:55:00+00:00,7540.5,7540.75,7538.75,7540.0,408
2026-05-27T07:00:00+00:00,7540.0,7544.0,7540.0,7543.75,1101
2026-05-27T07:05:00+00:00,7543.75,7545.5,7542.75,7544.75,817
2026-05-27T07:10:00+00:00,7545.0,7545.5,7543.75,7545.5,464
2026-05-27T07:15:00+00:00,7545.5,7546.5,7544.0,7546.25,841
2026-05-27T07:20:00+00:00,7546.25,7547.5,7545.25,7546.75,631
2026-05-27T07:25:00+00:00,7546.5,7547.0,7545.75,7546.25,325
2026-05-27T07:30:00+00:00,7546.25,7548.25,7545.25,7548.0,801
2026-05-27T07:35:00+00:00,7547.75,7548.25,7545.75,7546.0,497
2026-05-27T07:40:00+00:00,7546.0,7547.75,7544.25,7547.5,768
2026-05-27T07:45:00+00:00,7547.25,7547.75,7544.75,7545.0,549
2026-05-27T07:50:00+00:00,7544.75,7547.0,7544.75,7547.0,368
2026-05-27T07:55:00+00:00,7547.0,7548.75,7546.25,7547.75,628
2026-05-27T08:00:00+00:00,7548.0,7550.75,7547.0,7548.75,1581
2026-05-27T08:05:00+00:00,7549.25,7552.0,7548.0,7550.5,1574
2026-05-27T08:10:00+00:00,7550.25,7551.75,7550.0,7551.75,677
2026-05-27T08:15:00+00:00,7551.5,7554.25,7551.5,7553.75,1480
2026-05-27T08:20:00+00:00,7554.0,7558.75,7553.0,7556.75,2759
2026-05-27T08:25:00+00:00,7556.75,7557.75,7556.5,7557.0,771
2026-05-27T08:30:00+00:00,7557.25,7557.75,7555.0,7557.0,952
2026-05-27T08:35:00+00:00,7556.75,7558.25,7556.0,7557.75,694
2026-05-27T08:40:00+00:00,7557.5,7559.0,7556.75,7559.0,623
2026-05-27T08:45:00+00:00,7558.75,7559.25,7557.5,7557.75,744
2026-05-27T08:50:00+00:00,7557.75,7559.5,7557.0,7558.25,898
2026-05-27T08:55:00+00:00,7558.25,7558.5,7557.25,7557.75,445
2026-05-27T09:00:00+00:00,7557.5,7558.5,7555.75,7557.5,944
2026-05-27T09:05:00+00:00,7557.75,7557.75,7555.75,7556.25,612
2026-05-27T09:10:00+00:00,7556.5,7558.5,7555.5,7558.0,692
2026-05-27T09:15:00+00:00,7558.0,7558.5,7557.25,7557.5,506
2026-05-27T09:20:00+00:00,7557.5,7559.0,7557.25,7557.5,440
2026-05-27T09:25:00+00:00,7557.5,7558.25,7556.75,7557.25,567
2026-05-27T09:30:00+00:00,7557.0,7557.75,7556.0,7557.0,586
2026-05-27T09:35:00+00:00,7557.0,7560.75,7557.0,7560.0,1306
2026-05-27T09:40:00+00:00,7560.0,7560.25,7557.75,7558.25,609
2026-05-27T09:45:00+00:00,7558.0,7558.75,7557.0,7558.0,380
2026-05-27T09:50:00+00:00,7558.25,7560.25,7558.25,7560.0,554
2026-05-27T09:55:00+00:00,7559.75,7561.25,7559.5,7560.0,773
2026-05-27T10:00:00+00:00,7560.25,7563.75,7559.75,7563.25,1688
2026-05-27T10:05:00+00:00,7563.25,7565.0,7563.0,7564.25,1324
2026-05-27T10:10:00+00:00,7564.25,7565.0,7563.25,7564.5,769
2026-05-27T10:15:00+00:00,7564.25,7564.75,7562.5,7562.5,486
2026-05-27T10:20:00+00:00,7562.5,7562.75,7561.0,7562.75,651
2026-05-27T10:25:00+00:00,7562.75,7562.75,7561.25,7561.5,452
2026-05-27T10:30:00+00:00,7561.5,7561.75,7559.5,7559.5,975
2026-05-27T10:35:00+00:00,7559.75,7561.25,7559.5,7559.75,577
2026-05-27T10:40:00+00:00,7560.0,7561.0,7559.25,7560.25,610
2026-05-27T10:45:00+00:00,7560.75,7561.75,7560.25,7560.75,569
2026-05-27T10:50:00+00:00,7560.75,7561.5,7560.5,7561.5,243
2026-05-27T10:55:00+00:00,7561.5,7563.0,7560.75,7561.75,864
2026-05-27T11:00:00+00:00,7562.0,7566.5,7562.0,7564.5,2376
2026-05-27T11:05:00+00:00,7564.5,7564.75,7561.5,7562.25,1335
2026-05-27T11:10:00+00:00,7562.5,7563.75,7560.75,7563.0,1009
2026-05-27T11:15:00+00:00,7563.0,7563.25,7560.0,7561.75,2050
2026-05-27T11:20:00+00:00,7562.0,7565.25,7561.5,7563.25,1802
2026-05-27T11:25:00+00:00,7563.5,7563.75,7559.75,7560.0,1067
2026-05-27T11:30:00+00:00,7560.0,7560.5,7557.75,7559.5,1699
2026-05-27T11:35:00+00:00,7559.5,7560.75,7558.25,7558.5,795
2026-05-27T11:40:00+00:00,7558.5,7558.75,7556.0,7556.5,1375
2026-05-27T11:45:00+00:00,7556.75,7557.0,7554.0,7554.0,2038
2026-05-27T11:50:00+00:00,7554.0,7555.0,7553.0,7553.5,1082
2026-05-27T11:55:00+00:00,7553.25,7553.5,7550.5,7551.0,1638
2026-05-27T12:00:00+00:00,7551.25,7551.5,7547.25,7548.0,4074
2026-05-27T12:05:00+00:00,7548.25,7550.75,7548.25,7549.25,1606
2026-05-27T12:10:00+00:00,7549.5,7549.75,7548.25,7548.75,1519
2026-05-27T12:15:00+00:00,7548.75,7559.0,7545.25,7557.75,12387
2026-05-27T12:20:00+00:00,7557.75,7570.5,7554.0,7560.75,22574
2026-05-27T12:25:00+00:00,7560.5,7567.5,7559.5,7566.75,7053
2026-05-27T12:30:00+00:00,7566.75,7568.25,7561.0,7561.25,5399
2026-05-27T12:35:00+00:00,7561.75,7565.75,7559.5,7561.0,6192
2026-05-27T12:40:00+00:00,7561.25,7561.25,7558.0,7558.5,2657
2026-05-27T12:45:00+00:00,7558.5,7558.5,7553.0,7553.5,4070
2026-05-27T12:50:00+00:00,7553.5,7556.0,7552.0,7552.75,3538
2026-05-27T12:55:00+00:00,7552.5,7553.5,7551.5,7553.0,1955
2026-05-27T13:00:00+00:00,7552.5,7553.75,7549.5,7551.25,5291
2026-05-27T13:05:00+00:00,7551.25,7552.25,7546.0,7547.75,5211
2026-05-27T13:10:00+00:00,7548.0,7548.75,7544.75,7547.5,5270
2026-05-27T13:15:00+00:00,7547.5,7548.5,7544.0,7545.25,4307
2026-05-27T13:20:00+00:00,7545.0,7546.5,7543.75,7545.75,3284
2026-05-27T13:25:00+00:00,7546.0,7547.5,7541.75,7542.0,8444
2026-05-27T13:30:00+00:00,7542.0,7546.25,7539.25,7542.25,29560
2026-05-27T13:35:00+00:00,7542.0,7544.75,7535.75,7538.75,23030
2026-05-27T13:40:00+00:00,7538.75,7538.75,7525.75,7528.0,29808
2026-05-27T13:45:00+00:00,7528.0,7534.25,7526.5,7529.0,24952
2026-05-27T13:50:00+00:00,7528.75,7537.75,7528.25,7534.5,25534
2026-05-27T13:55:00+00:00,7534.25,7538.5,7531.5,7537.75,19229
2026-05-27T14:00:00+00:00,7538.25,7546.5,7534.75,7545.75,23717
2026-05-27T14:05:00+00:00,7545.5,7546.25,7534.0,7539.25,26765
2026-05-27T14:10:00+00:00,7539.0,7542.25,7535.5,7541.5,17001
2026-05-27T14:15:00+00:00,7541.25,7546.75,7539.75,7545.75,13894
2026-05-27T14:20:00+00:00,7546.0,7547.25,7534.0,7534.5,27690
2026-05-27T14:25:00+00:00,7534.5,7535.0,7528.75,7533.5,22913
2026-05-27T14:30:00+00:00,7533.75,7539.5,7525.75,7536.75,39447
2026-05-27T14:35:00+00:00,7536.75,7543.0,7534.5,7542.5,16303
2026-05-27T14:40:00+00:00,7542.75,7543.75,7535.25,7537.5,15563
2026-05-27T14:45:00+00:00,7537.5,7539.0,7532.75,7532.75,11511
2026-05-27T14:50:00+00:00,7533.0,7537.25,7532.75,7536.0,8073
2026-05-27T14:55:00+00:00,7536.0,7536.25,7528.0,7530.0,13639
2026-05-27T15:00:00+00:00,7530.0,7534.0,7527.0,7530.5,18335
2026-05-27T15:05:00+00:00,7530.75,7534.75,7528.5,7533.0,8211
2026-05-27T15:10:00+00:00,7533.0,7534.75,7531.0,7531.5,6444
2026-05-27T15:15:00+00:00,7531.5,7531.75,7524.25,7524.5,11918
2026-05-27T15:20:00+00:00,7524.5,7528.0,7522.0,7527.5,13613
2026-05-27T15:25:00+00:00,7527.25,7528.75,7525.0,7528.5,8827
2026-05-27T15:30:00+00:00,7528.75,7535.25,7528.0,7531.5,18927
2026-05-27T15:35:00+00:00,7531.5,7532.0,7524.0,7524.25,11248
2026-05-27T15:40:00+00:00,7524.5,7527.75,7518.5,7519.25,19692
2026-05-27T15:45:00+00:00,7519.25,7524.0,7516.5,7519.75,17221
2026-05-27T15:50:00+00:00,7520.0,7526.0,7518.5,7523.75,13271
2026-05-27T15:55:00+00:00,7523.75,7525.75,7520.5,7524.25,8257
2026-05-27T16:00:00+00:00,7524.25,7526.5,7519.0,7520.75,13806
2026-05-27T16:05:00+00:00,7520.75,7528.0,7520.75,7528.0,9481
2026-05-27T16:10:00+00:00,7528.0,7530.75,7527.25,7529.0,8268
2026-05-27T16:15:00+00:00,7529.0,7531.5,7526.75,7527.0,7655
2026-05-27T16:20:00+00:00,7527.0,7531.0,7526.75,7530.5,5349
2026-05-27T16:25:00+00:00,7530.25,7530.5,7528.25,7529.75,4631
2026-05-27T16:30:00+00:00,7529.5,7533.0,7527.75,7531.0,5661
2026-05-27T16:35:00+00:00,7531.25,7534.75,7531.25,7533.75,5235
2026-05-27T16:40:00+00:00,7534.0,7537.5,7533.75,7535.5,7720
2026-05-27T16:45:00+00:00,7535.75,7538.25,7534.75,7538.0,6045
2026-05-27T16:50:00+00:00,7538.0,7539.5,7533.5,7534.0,7574
2026-05-27T16:55:00+00:00,7534.25,7534.25,7529.25,7531.0,7760
2026-05-27T17:00:00+00:00,7531.25,7532.0,7528.0,7528.75,5759
2026-05-27T17:05:00+00:00,7528.75,7529.75,7514.75,7516.0,18528
2026-05-27T17:10:00+00:00,7515.75,7522.25,7515.75,7522.25,11460
2026-05-27T17:15:00+00:00,7522.0,7527.0,7520.5,7526.25,8117
2026-05-27T17:20:00+00:00,7526.0,7527.75,7525.25,7527.25,5529
2026-05-27T17:25:00+00:00,7527.25,7528.25,7524.25,7524.75,5469
2026-05-27T17:30:00+00:00,7524.75,7529.25,7524.5,7529.0,5084
2026-05-27T17:35:00+00:00,7529.0,7532.5,7528.5,7529.75,7472
2026-05-27T17:40:00+00:00,7530.0,7530.5,7526.5,7527.25,6104
2026-05-27T17:45:00+00:00,7527.25,7528.0,7525.0,7528.0,5337
2026-05-27T17:50:00+00:00,7528.0,7532.0,7527.75,7532.0,5358
2026-05-27T17:55:00+00:00,7532.0,7534.0,7530.25,7530.5,6198
2026-05-27T18:00:00+00:00,7530.5,7531.25,7526.5,7528.5,5920
2026-05-27T18:05:00+00:00,7528.5,7531.75,7526.5,7531.5,4711
2026-05-27T18:10:00+00:00,7531.25,7534.0,7530.5,7533.75,4054
2026-05-27T18:15:00+00:00,7533.75,7537.5,7532.25,7536.75,6901
2026-05-27T18:20:00+00:00,7536.75,7539.5,7536.0,7539.0,6070
2026-05-27T18:25:00+00:00,7539.0,7541.5,7538.5,7540.75,6932
2026-05-27T18:30:00+00:00,7540.75,7542.5,7539.25,7540.25,6779
2026-05-27T18:35:00+00:00,7540.5,7541.0,7537.5,7541.0,6144
2026-05-27T18:40:00+00:00,7541.0,7542.75,7539.75,7541.75,4971
2026-05-27T18:45:00+00:00,7541.75,7544.0,7541.5,7541.75,4730
2026-05-27T18:50:00+00:00,7541.75,7544.25,7540.75,7542.0,6233
2026-05-27T18:55:00+00:00,7542.0,7543.75,7541.25,7542.0,3085
2026-05-27T19:00:00+00:00,7541.75,7543.75,7540.0,7543.25,5019
2026-05-27T19:05:00+00:00,7543.25,7545.25,7542.0,7543.75,5212
2026-05-27T19:10:00+00:00,7543.75,7544.25,7542.25,7543.0,3027
2026-05-27T19:15:00+00:00,7542.75,7543.75,7541.25,7542.25,3121
2026-05-27T19:20:00+00:00,7542.5,7543.75,7540.25,7541.0,3367
2026-05-27T19:25:00+00:00,7541.0,7541.0,7536.75,7539.5,7108
2026-05-27T19:30:00+00:00,7539.25,7541.5,7537.25,7539.25,9541
2026-05-27T19:35:00+00:00,7539.5,7542.75,7539.25,7541.75,4808
2026-05-27T19:40:00+00:00,7541.75,7542.75,7539.0,7542.5,4030
2026-05-27T19:45:00+00:00,7542.75,7542.75,7537.25,7537.5,5989
2026-05-27T19:50:00+00:00,7537.25,7541.5,7535.25,7538.0,12101
2026-05-27T19:55:00+00:00,7538.25,7541.5,7536.75,7539.75,18772
2026-05-27T20:00:00+00:00,7540.0,7542.0,7538.5,7540.5,5978
2026-05-27T20:05:00+00:00,7540.5,7542.75,7539.25,7542.25,2202
2026-05-27T20:10:00+00:00,7542.25,7544.0,7541.25,7543.0,1516
2026-05-27T20:15:00+00:00,7543.25,7549.25,7543.25,7547.75,3611
2026-05-27T20:20:00+00:00,7547.75,7548.5,7545.0,7546.0,1669
2026-05-27T20:25:00+00:00,7546.0,7547.0,7545.25,7546.0,765
2026-05-27T20:30:00+00:00,7546.25,7548.0,7545.75,7547.0,924
2026-05-27T20:35:00+00:00,7547.25,7549.5,7546.75,7548.75,1245
2026-05-27T20:40:00+00:00,7548.75,7549.25,7547.75,7549.0,950
2026-05-27T20:45:00+00:00,7549.0,7550.75,7548.75,7550.5,1468
2026-05-27T20:50:00+00:00,7550.25,7553.0,7550.0,7552.75,1008
2026-05-27T20:55:00+00:00,7552.75,7555.75,7552.25,7554.25,1814
2026-05-27T22:00:00+00:00,7554.75,7558.0,7552.5,7555.25,0
2026-05-27T22:05:00+00:00,7555.5,7556.5,7550.75,7551.25,1434
2026-05-27T22:10:00+00:00,7551.25,7551.75,7548.75,7550.0,1118
2026-05-27T22:15:00+00:00,7550.0,7552.0,7549.0,7550.25,773
2026-05-27T22:20:00+00:00,7550.0,7551.75,7549.5,7550.25,475
2026-05-27T22:25:00+00:00,7550.25,7550.25,7545.25,7545.25,2004
2026-05-27T22:30:00+00:00,7545.0,7545.25,7541.0,7543.25,2564
2026-05-27T22:35:00+00:00,7543.25,7546.5,7542.75,7544.5,1032
2026-05-27T22:40:00+00:00,7544.5,7547.5,7544.0,7544.5,1277
2026-05-27T22:45:00+00:00,7544.5,7545.75,7543.5,7544.75,629
2026-05-27T22:50:00+00:00,7544.75,7547.0,7544.5,7545.0,886
2026-05-27T22:55:00+00:00,7545.0,7546.75,7544.5,7546.0,484
2026-05-27T23:00:00+00:00,7545.75,7548.0,7545.75,7547.25,652
2026-05-27T23:05:00+00:00,7547.0,7547.5,7544.0,7545.0,736
2026-05-27T23:10:00+00:00,7545.0,7546.0,7544.0,7545.5,561
2026-05-27T23:15:00+00:00,7545.25,7549.25,7541.75,7547.25,2324
2026-05-27T23:20:00+00:00,7547.0,7548.0,7540.5,7543.0,1938
2026-05-27T23:25:00+00:00,7543.25,7544.25,7541.25,7543.75,886
2026-05-27T23:30:00+00:00,7543.5,7543.75,7539.25,7539.25,1418
2026-05-27T23:35:00+00:00,7539.25,7540.75,7536.5,7538.75,1597
2026-05-27T23:40:00+00:00,7538.75,7539.5,7537.0,7537.75,896
2026-05-27T23:45:00+00:00,7537.5,7538.0,7534.25,7535.5,1672
2026-05-27T23:50:00+00:00,7535.75,7535.75,7532.0,7534.25,2216
2026-05-27T23:55:00+00:00,7534.0,7537.75,7534.0,7534.5,1375
2026-05-28T00:00:00+00:00,7534.5,7540.0,7532.5,7537.5,2642
2026-05-28T00:05:00+00:00,7537.5,7538.5,7534.0,7537.25,1592
2026-05-28T00:10:00+00:00,7537.25,7537.75,7533.5,7534.0,1186
2026-05-28T00:15:00+00:00,7534.25,7540.0,7533.75,7538.5,1546
2026-05-28T00:20:00+00:00,7538.25,7542.25,7537.0,7539.0,2339
2026-05-28T00:25:00+00:00,7538.75,7541.0,7537.0,7540.25,1460
2026-05-28T00:30:00+00:00,7540.0,7540.5,7536.0,7538.5,1658
2026-05-28T00:35:00+00:00,7538.0,7539.25,7537.0,7539.0,588
2026-05-28T00:40:00+00:00,7538.75,7542.5,7538.75,7541.25,1282
2026-05-28T00:45:00+00:00,7541.25,7543.75,7541.0,7542.5,1103
2026-05-28T00:50:00+00:00,7542.75,7544.0,7542.0,7543.0,814
2026-05-28T00:55:00+00:00,7543.0,7551.75,7542.25,7549.0,3492
2026-05-28T01:00:00+00:00,7549.0,7550.5,7546.25,7547.0,1574
2026-05-28T01:05:00+00:00,7547.0,7547.25,7544.0,7545.75,1228
2026-05-28T01:10:00+00:00,7545.75,7548.0,7544.5,7547.25,906
2026-05-28T01:15:00+00:00,7547.25,7548.5,7545.5,7546.75,799
2026-05-28T01:20:00+00:00,7546.75,7548.0,7544.0,7547.5,957
2026-05-28T01:25:00+00:00,7547.25,7547.5,7544.0,7546.75,886
2026-05-28T01:30:00+00:00,7546.25,7549.25,7545.25,7547.0,1223
2026-05-28T01:35:00+00:00,7546.75,7548.5,7546.0,7547.25,610
2026-05-28T01:40:00+00:00,7547.25,7547.5,7544.75,7545.25,870
2026-05-28T01:45:00+00:00,7545.25,7545.5,7543.0,7545.5,1020
2026-05-28T01:50:00+00:00,7545.25,7547.75,7544.5,7546.75,934
2026-05-28T01:55:00+00:00,7546.75,7550.5,7546.75,7549.25,1102
2026-05-28T02:00:00+00:00,7549.5,7550.75,7543.5,7545.0,1837
2026-05-28T02:05:00+00:00,7544.75,7546.5,7544.0,7544.5,692
2026-05-28T02:10:00+00:00,7544.75,7545.25,7542.5,7543.0,1056
2026-05-28T02:15:00+00:00,7542.75,7543.5,7539.5,7540.25,1776
2026-05-28T02:20:00+00:00,7540.5,7541.5,7539.5,7540.75,787
2026-05-28T02:25:00+00:00,7541.0,7541.0,7537.5,7537.75,1013
2026-05-28T02:30:00+00:00,7537.5,7539.5,7536.5,7539.0,1524
2026-05-28T02:35:00+00:00,7539.0,7539.0,7534.75,7536.0,1118
2026-05-28T02:40:00+00:00,7535.75,7536.25,7533.25,7534.5,1511
2026-05-28T02:45:00+00:00,7534.5,7536.75,7532.5,7536.5,1551
2026-05-28T02:50:00+00:00,7536.5,7537.75,7535.0,7537.0,1092
2026-05-28T02:55:00+00:00,7536.75,7537.25,7533.5,7534.0,842
2026-05-28T03:00:00+00:00,7534.25,7536.5,7533.75,7534.25,1152
2026-05-28T03:05:00+00:00,7534.25,7535.75,7530.25,7531.0,2172
2026-05-28T03:10:00+00:00,7530.75,7533.5,7527.75,7530.0,3274
2026-05-28T03:15:00+00:00,7530.25,7533.0,7528.25,7529.5,1972
2026-05-28T03:20:00+00:00,7530.0,7530.5,7527.5,7528.5,1810
2026-05-28T03:25:00+00:00,7528.5,7528.75,7526.75,7527.25,1305
2026-05-28T03:30:00+00:00,7527.25,7527.25,7522.0,7522.25,4731
2026-05-28T03:35:00+00:00,7522.25,7524.0,7514.75,7517.75,5793
2026-05-28T03:40:00+00:00,7517.75,7519.75,7512.5,7513.25,4607
2026-05-28T03:45:00+00:00,7512.75,7518.25,7512.25,7515.0,3350
2026-05-28T03:50:00+00:00,7515.0,7515.5,7511.5,7514.5,1990
2026-05-28T03:55:00+00:00,7514.75,7515.25,7511.25,7515.0,1294
2026-05-28T04:05:00+00:00,7514.25,7514.5,7512.5,7513.5,7373
2026-05-28T04:10:00+00:00,7514.0,7514.25,7508.75,7509.5,1273
2026-05-28T04:15:00+00:00,7509.5,7511.5,7507.5,7509.0,2005
2026-05-28T04:20:00+00:00,7509.0,7510.0,7505.75,7508.5,2745
2026-05-28T04:25:00+00:00,7508.25,7510.75,7506.75,7509.25,1481
2026-05-28T04:30:00+00:00,7509.25,7512.0,7508.25,7511.75,1377
2026-05-28T04:35:00+00:00,7511.75,7514.5,7511.5,7513.25,1537
2026-05-28T04:40:00+00:00,7513.25,7515.25,7511.5,7511.75,1064
2026-05-28T04:45:00+00:00,7511.75,7512.0,7508.75,7509.75,1045
2026-05-28T04:50:00+00:00,7510.0,7513.0,7508.75,7510.0,1370
2026-05-28T04:55:00+00:00,7510.25,7512.0,7508.75,7510.25,1257
2026-05-28T05:00:00+00:00,7510.25,7511.25,7506.75,7508.75,1468
2026-05-28T05:05:00+00:00,7508.75,7511.75,7507.5,7510.75,1472
2026-05-28T05:10:00+00:00,7510.5,7514.75,7509.5,7514.0,2008
2026-05-28T05:15:00+00:00,7513.75,7514.25,7512.25,7513.25,602
2026-05-28T05:20:00+00:00,7513.25,7516.75,7513.25,7516.25,2017
2026-05-28T05:25:00+00:00,7516.5,7517.75,7515.25,7517.5,1649
2026-05-28T05:30:00+00:00,7517.75,7524.75,7517.0,7524.25,3689
2026-05-28T05:35:00+00:00,7524.25,7525.75,7522.5,7525.75,1952
2026-05-28T05:40:00+00:00,7525.75,7526.5,7524.0,7524.75,1309
2026-05-28T05:45:00+00:00,7525.0,7527.75,7525.0,7526.75,1293
2026-05-28T05:50:00+00:00,7526.75,7528.75,7526.5,7528.5,960
2026-05-28T05:55:00+00:00,7528.5,7529.25,7527.0,7527.75,1119
2026-05-28T06:00:00+00:00,7528.0,7530.5,7527.75,7528.75,1750
2026-05-28T06:05:00+00:00,7528.5,7530.25,7527.5,7528.75,1088
2026-05-28T06:10:00+00:00,7528.75,7530.75,7528.5,7530.0,850
2026-05-28T06:15:00+00:00,7530.25,7531.0,7529.75,7530.75,841
2026-05-28T06:20:00+00:00,7530.75,7531.5,7528.25,7528.75,1045
2026-05-28T06:25:00+00:00,7528.75,7530.5,7528.0,7529.25,1024
2026-05-28T06:30:00+00:00,7528.75,7529.25,7526.0,7527.0,1113
2026-05-28T06:35:00+00:00,7526.75,7527.75,7526.0,7526.5,931
2026-05-28T06:40:00+00:00,7526.75,7527.5,7524.25,7527.25,1252
2026-05-28T06:45:00+00:00,7527.25,7528.0,7525.5,7526.25,648
2026-05-28T06:50:00+00:00,7526.25,7526.25,7523.5,7525.75,794
2026-05-28T06:55:00+00:00,7525.75,7529.0,7525.75,7528.5,770
2026-05-28T07:00:00+00:00,7528.25,7532.5,7528.25,7530.5,1698
2026-05-28T07:05:00+00:00,7530.25,7534.25,7529.5,7532.75,1802
2026-05-28T07:10:00+00:00,7532.75,7532.75,7529.0,7530.5,1237
2026-05-28T07:15:00+00:00,7530.5,7531.0,7528.75,7530.5,699
2026-05-28T07:20:00+00:00,7530.5,7531.75,7528.75,7530.0,536
2026-05-28T07:25:00+00:00,7529.75,7530.75,7528.5,7529.75,511
2026-05-28T07:30:00+00:00,7529.5,7531.25,7528.25,7528.5,897
2026-05-28T07:35:00+00:00,7528.5,7530.25,7527.75,7529.25,1018
2026-05-28T07:40:00+00:00,7529.0,7531.5,7527.75,7529.75,551
2026-05-28T07:45:00+00:00,7529.75,7530.25,7525.25,7527.25,1429
2026-05-28T07:50:00+00:00,7527.25,7531.5,7525.75,7530.75,979
2026-05-28T07:55:00+00:00,7530.5,7532.25,7529.25,7531.75,701
2026-05-28T08:00:00+00:00,7531.75,7534.75,7529.75,7531.5,2242
2026-05-28T08:05:00+00:00,7531.5,7534.5,7530.5,7531.25,1169
2026-05-28T08:10:00+00:00,7531.25,7533.5,7531.0,7532.0,676
2026-05-28T08:15:00+00:00,7531.75,7532.75,7530.25,7532.5,476
2026-05-28T08:20:00+00:00,7532.25,7534.5,7532.0,7533.5,622
2026-05-28T08:25:00+00:00,7533.5,7533.75,7527.0,7530.0,1789
2026-05-28T08:30:00+00:00,7530.0,7531.75,7529.0,7531.25,1032
2026-05-28T08:35:00+00:00,7531.5,7533.25,7530.0,7530.75,470
2026-05-28T08:40:00+00:00,7530.5,7531.5,7530.0,7531.0,435
2026-05-28T08:45:00+00:00,7530.5,7531.0,7529.25,7530.25,324
2026-05-28T08:50:00+00:00,7530.5,7533.25,7529.75,7532.25,512
2026-05-28T08:55:00+00:00,7532.5,7533.5,7532.0,7533.25,322
2026-05-28T09:00:00+00:00,7533.0,7535.75,7532.25,7533.0,1150
2026-05-28T09:05:00+00:00,7533.25,7534.75,7531.0,7531.25,704
2026-05-28T09:10:00+00:00,7531.0,7532.25,7530.0,7531.25,443
2026-05-28T09:15:00+00:00,7531.25,7533.0,7531.25,7532.5,298
2026-05-28T09:20:00+00:00,7532.25,7533.25,7531.0,7532.5,513
2026-05-28T09:25:00+00:00,7532.75,7534.5,7530.75,7531.5,618
2026-05-28T09:30:00+00:00,7531.75,7531.75,7529.0,7530.0,741
2026-05-28T09:35:00+00:00,7530.5,7531.5,7527.5,7527.75,975
2026-05-28T09:40:00+00:00,7528.0,7530.0,7527.75,7529.0,481
2026-05-28T09:45:00+00:00,7529.0,7531.0,7528.5,7530.5,367
2026-05-28T09:50:00+00:00,7530.25,7533.75,7530.25,7532.0,696
2026-05-28T09:55:00+00:00,7532.0,7532.5,7531.5,7532.0,250
2026-05-28T10:00:00+00:00,7532.25,7532.5,7530.25,7530.5,509
2026-05-28T10:05:00+00:00,7530.5,7530.75,7528.0,7529.0,643
2026-05-28T10:10:00+00:00,7529.25,7530.0,7528.25,7528.75,271
2026-05-28T10:15:00+00:00,7528.5,7530.5,7526.75,7527.0,762
2026-05-28T10:20:00+00:00,7527.25,7527.5,7524.5,7525.0,1091
2026-05-28T10:25:00+00:00,7524.75,7527.5,7524.0,7527.0,880
2026-05-28T10:30:00+00:00,7527.0,7528.25,7525.25,7526.75,1059
2026-05-28T10:35:00+00:00,7526.5,7526.5,7525.0,7525.25,524
2026-05-28T10:40:00+00:00,7525.25,7525.75,7523.25,7523.75,952
2026-05-28T10:45:00+00:00,7524.0,7526.5,7523.0,7525.25,974
2026-05-28T10:50:00+00:00,7525.5,7525.5,7515.0,7523.25,6937
2026-05-28T10:55:00+00:00,7523.25,7523.5,7517.75,7519.0,2879
2026-05-28T11:00:00+00:00,7519.0,7523.5,7518.25,7520.75,3394
2026-05-28T11:05:00+00:00,7520.75,7521.0,7517.5,7519.5,1167
2026-05-28T11:10:00+00:00,7519.5,7520.25,7517.5,7518.25,1482
2026-05-28T11:15:00+00:00,7518.25,7521.0,7518.25,7520.75,906
2026-05-28T11:20:00+00:00,7521.0,7522.5,7519.5,7520.5,868
2026-05-28T11:25:00+00:00,7520.75,7521.5,7518.0,7518.75,1040
2026-05-28T11:30:00+00:00,7518.5,7519.25,7516.75,7518.75,1427
2026-05-28T11:35:00+00:00,7518.5,7521.0,7517.0,7520.5,1624
2026-05-28T11:40:00+00:00,7520.25,7524.75,7519.75,7524.5,2086
2026-05-28T11:45:00+00:00,7524.25,7524.75,7521.75,7521.75,900
2026-05-28T11:50:00+00:00,7521.75,7523.25,7520.75,7521.5,815
2026-05-28T11:55:00+00:00,7521.5,7523.0,7520.5,7522.0,894
2026-05-28T12:00:00+00:00,7522.25,7523.0,7520.75,7521.25,785
2026-05-28T12:05:00+00:00,7521.25,7525.75,7521.25,7523.75,1610
2026-05-28T12:10:00+00:00,7523.75,7526.0,7522.75,7525.0,1035
2026-05-28T12:15:00+00:00,7525.25,7525.75,7522.75,7522.75,869
2026-05-28T12:20:00+00:00,7523.0,7523.5,7521.0,7521.5,1179
2026-05-28T12:25:00+00:00,7522.0,7525.5,7522.0,7525.0,1334
2026-05-28T12:30:00+00:00,7525.25,7530.25,7524.25,7529.0,4719
2026-05-28T12:35:00+00:00,7529.0,7535.5,7529.0,7533.5,4365
2026-05-28T12:40:00+00:00,7533.75,7536.25,7532.5,7535.5,2630
2026-05-28T12:45:00+00:00,7535.75,7539.75,7535.0,7537.75,4086
2026-05-28T12:50:00+00:00,7538.0,7539.25,7537.0,7538.25,2195
2026-05-28T12:55:00+00:00,7538.25,7539.25,7537.25,7538.0,1575
2026-05-28T13:00:00+00:00,7538.25,7544.0,7538.0,7540.5,7091
2026-05-28T13:05:00+00:00,7540.5,7542.0,7536.75,7537.0,3571
2026-05-28T13:10:00+00:00,7537.0,7538.0,7535.5,7535.5,2913
2026-05-28T13:15:00+00:00,7535.5,7537.75,7535.0,7536.75,3056
2026-05-28T13:20:00+00:00,7536.5,7537.0,7534.5,7535.75,2695
2026-05-28T13:25:00+00:00,7535.75,7538.75,7534.75,7535.25,7210
2026-05-28T13:30:00+00:00,7535.25,7537.25,7527.75,7530.0,25558
2026-05-28T13:35:00+00:00,7530.0,7530.0,7525.5,7527.25,16036
2026-05-28T13:40:00+00:00,7527.25,7530.25,7525.5,7528.75,13505
2026-05-28T13:45:00+00:00,7528.5,7532.0,7526.0,7527.5,15591
2026-05-28T13:50:00+00:00,7527.25,7537.25,7526.25,7531.75,26558
2026-05-28T13:55:00+00:00,7531.75,7536.25,7530.5,7535.75,11060
2026-05-28T14:00:00+00:00,7535.75,7539.75,7533.5,7536.5,17989
2026-05-28T14:05:00+00:00,7536.5,7540.25,7533.5,7540.25,13970
2026-05-28T14:10:00+00:00,7540.25,7574.0,7535.0,7564.75,71853
2026-05-28T14:15:00+00:00,7564.75,7568.75,7555.5,7564.5,28224
2026-05-28T14:20:00+00:00,7564.75,7566.25,7553.25,7557.75,20074
2026-05-28T14:25:00+00:00,7557.5,7562.0,7556.5,7561.5,12267
2026-05-28T14:30:00+00:00,7561.5,7564.0,7552.5,7553.0,18704
2026-05-28T14:35:00+00:00,7553.0,7556.75,7551.0,7553.25,14681
2026-05-28T14:40:00+00:00,7553.25,7559.0,7552.25,7558.5,13511
2026-05-28T14:45:00+00:00,7558.5,7562.25,7552.25,7557.5,25691
2026-05-28T14:50:00+00:00,7557.5,7563.5,7557.5,7562.0,10569
2026-05-28T14:55:00+00:00,7561.75,7563.0,7558.25,7562.75,9839
2026-05-28T15:00:00+00:00,7562.75,7571.75,7561.5,7571.5,19102
2026-05-28T15:05:00+00:00,7571.75,7573.5,7568.5,7570.0,12487
2026-05-28T15:10:00+00:00,7569.75,7570.75,7566.75,7567.25,7214
2026-05-28T15:15:00+00:00,7567.25,7569.75,7565.0,7568.25,7265
2026-05-28T15:20:00+00:00,7568.25,7571.75,7568.0,7571.0,6629
2026-05-28T15:25:00+00:00,7570.75,7575.5,7570.5,7573.25,11396
2026-05-28T15:30:00+00:00,7573.5,7575.0,7571.75,7574.0,6982
2026-05-28T15:35:00+00:00,7574.25,7576.5,7572.5,7575.25,7313
2026-05-28T15:40:00+00:00,7575.25,7575.5,7572.75,7574.0,6013
2026-05-28T15:45:00+00:00,7574.0,7575.75,7572.25,7573.0,5348
2026-05-28T15:50:00+00:00,7573.0,7576.5,7573.0,7574.5,4504
2026-05-28T15:55:00+00:00,7574.25,7577.0,7573.25,7575.0,4861
2026-05-28T16:00:00+00:00,7574.75,7575.25,7570.75,7573.25,5617
2026-05-28T16:05:00+00:00,7573.25,7575.25,7573.0,7574.75,4150
2026-05-28T16:10:00+00:00,7574.75,7576.25,7573.75,7576.0,4055
2026-05-28T16:15:00+00:00,7576.0,7579.75,7574.0,7579.0,9246
2026-05-28T16:20:00+00:00,7579.0,7582.75,7576.5,7580.75,9747
2026-05-28T16:25:00+00:00,7580.5,7581.75,7577.5,7578.0,5348
2026-05-28T16:30:00+00:00,7578.0,7578.5,7576.0,7576.5,4329
2026-05-28T16:35:00+00:00,7576.5,7577.5,7574.5,7575.75,4336
2026-05-28T16:40:00+00:00,7575.75,7579.0,7575.5,7578.5,4953
2026-05-28T16:45:00+00:00,7578.5,7579.5,7577.0,7577.25,4054
2026-05-28T16:50:00+00:00,7577.25,7578.25,7576.5,7577.25,3139
2026-05-28T16:55:00+00:00,7577.25,7582.0,7577.0,7581.0,4514
2026-05-28T17:00:00+00:00,7581.25,7583.0,7580.25,7581.25,4161
2026-05-28T17:05:00+00:00,7581.25,7582.25,7578.25,7578.25,4295
2026-05-28T17:10:00+00:00,7578.5,7579.25,7576.5,7577.0,4038
2026-05-28T17:15:00+00:00,7576.75,7577.75,7575.0,7575.5,4853
2026-05-28T17:20:00+00:00,7575.25,7579.25,7575.25,7578.5,5065
2026-05-28T17:25:00+00:00,7578.5,7579.25,7576.25,7576.5,3939
2026-05-28T17:30:00+00:00,7576.75,7578.5,7575.5,7576.0,4394
2026-05-28T17:35:00+00:00,7576.0,7578.75,7575.0,7578.25,3748
2026-05-28T17:40:00+00:00,7578.5,7579.75,7577.5,7578.75,3263
2026-05-28T17:45:00+00:00,7579.0,7582.5,7578.5,7582.0,6796
2026-05-28T17:50:00+00:00,7582.0,7583.75,7581.25,7582.5,6601
2026-05-28T17:55:00+00:00,7582.5,7582.5,7580.25,7581.0,3793
2026-05-28T18:00:00+00:00,7581.0,7583.0,7580.0,7582.75,3823
2026-05-28T18:05:00+00:00,7582.75,7583.0,7581.0,7581.0,3238
2026-05-28T18:10:00+00:00,7581.0,7581.25,7578.75,7579.25,5280
2026-05-28T18:15:00+00:00,7579.25,7582.5,7578.0,7580.5,10843
2026-05-28T18:20:00+00:00,7580.25,7582.25,7579.25,7582.25,3187
2026-05-28T18:25:00+00:00,7582.0,7582.75,7581.0,7581.75,3220
2026-05-28T18:30:00+00:00,7581.75,7582.0,7578.75,7579.25,3782
2026-05-28T18:35:00+00:00,7579.0,7579.5,7577.0,7577.75,4345
2026-05-28T18:40:00+00:00,7577.5,7579.25,7576.75,7577.5,3733
2026-05-28T18:45:00+00:00,7577.75,7578.25,7576.0,7577.0,3262
2026-05-28T18:50:00+00:00,7576.75,7579.5,7576.0,7579.25,3852
2026-05-28T18:55:00+00:00,7579.0,7580.0,7576.5,7576.5,2987
2026-05-28T19:00:00+00:00,7576.5,7578.25,7575.25,7578.0,4588
2026-05-28T19:05:00+00:00,7577.75,7579.25,7577.75,7578.25,3386
2026-05-28T19:10:00+00:00,7578.25,7579.5,7576.25,7576.75,3125
2026-05-28T19:15:00+00:00,7576.75,7578.75,7576.0,7577.25,3230
2026-05-28T19:20:00+00:00,7577.5,7580.0,7576.75,7580.0,3623
2026-05-28T19:25:00+00:00,7579.75,7582.25,7579.75,7582.25,5089
2026-05-28T19:30:00+00:00,7582.0,7585.25,7581.75,7584.0,8652
2026-05-28T19:35:00+00:00,7584.0,7586.25,7583.0,7586.25,5668
2026-05-28T19:40:00+00:00,7586.25,7586.5,7582.0,7582.25,6377
2026-05-28T19:45:00+00:00,7582.0,7584.75,7581.5,7582.25,6659
2026-05-28T19:50:00+00:00,7582.0,7584.0,7579.75,7583.0,14897
2026-05-28T19:55:00+00:00,7582.75,7584.25,7580.5,7582.0,18002
2026-05-28T20:00:00+00:00,7582.0,7585.5,7580.25,7585.25,6838
2026-05-28T20:05:00+00:00,7585.25,7588.75,7585.25,7587.75,4001
2026-05-28T20:10:00+00:00,7587.5,7590.25,7587.5,7589.75,2606
2026-05-28T20:15:00+00:00,7589.5,7590.5,7587.75,7589.0,2194
2026-05-28T20:20:00+00:00,7589.0,7589.5,7587.25,7587.75,991
2026-05-28T20:25:00+00:00,7587.75,7590.0,7587.5,7589.75,1188
2026-05-28T20:30:00+00:00,7589.75,7590.75,7588.25,7589.0,1804
2026-05-28T20:35:00+00:00,7589.0,7589.25,7587.5,7588.0,1147
2026-05-28T20:40:00+00:00,7587.75,7588.25,7587.5,7588.25,976
2026-05-28T20:45:00+00:00,7588.25,7589.5,7587.5,7587.75,1790
2026-05-28T20:50:00+00:00,7587.75,7588.75,7587.75,7587.75,816
2026-05-28T20:55:00+00:00,7587.75,7588.75,7587.75,7588.0,1010
2026-05-28T22:00:00+00:00,7588.0,7592.25,7587.5,7591.25,0
2026-05-28T22:05:00+00:00,7591.5,7592.75,7588.0,7589.25,1458
2026-05-28T22:10:00+00:00,7589.0,7589.5,7585.5,7587.75,1886
2026-05-28T22:15:00+00:00,7587.75,7588.0,7586.0,7587.0,607
2026-05-28T22:20:00+00:00,7587.25,7588.5,7585.5,7586.0,565
2026-05-28T22:25:00+00:00,7586.0,7587.0,7584.75,7586.25,915
2026-05-28T22:30:00+00:00,7586.25,7587.0,7585.0,7585.5,756
2026-05-28T22:35:00+00:00,7585.5,7587.5,7585.5,7587.0,465
2026-05-28T22:40:00+00:00,7587.0,7588.5,7586.75,7587.0,668
2026-05-28T22:45:00+00:00,7587.25,7588.0,7586.75,7586.75,328
2026-05-28T22:50:00+00:00,7586.75,7587.25,7586.0,7587.25,381
2026-05-28T22:55:00+00:00,7587.0,7587.25,7585.25,7585.25,340
2026-05-28T23:00:00+00:00,7585.5,7588.75,7585.25,7588.25,980
2026-05-28T23:05:00+00:00,7588.25,7588.5,7587.0,7587.0,291
2026-05-28T23:10:00+00:00,7587.25,7588.25,7586.75,7588.25,309
2026-05-28T23:15:00+00:00,7588.25,7590.0,7587.75,7590.0,840
2026-05-28T23:20:00+00:00,7590.0,7590.0,7588.75,7588.75,492
2026-05-28T23:25:00+00:00,7588.75,7589.25,7588.0,7589.0,426
2026-05-28T23:30:00+00:00,7588.75,7588.75,7586.75,7587.0,779
2026-05-28T23:35:00+00:00,7587.0,7588.25,7586.75,7587.0,720
2026-05-28T23:40:00+00:00,7587.0,7588.0,7586.75,7587.0,317
2026-05-28T23:45:00+00:00,7586.75,7587.0,7584.0,7585.5,1227
2026-05-28T23:50:00+00:00,7585.5,7586.25,7584.75,7585.25,494
2026-05-28T23:55:00+00:00,7585.25,7586.25,7584.5,7585.25,503
2026-05-29T00:00:00+00:00,7585.25,7585.25,7582.0,7583.25,1858
2026-05-29T00:05:00+00:00,7583.0,7584.0,7582.0,7582.75,1031
2026-05-29T00:10:00+00:00,7583.0,7584.75,7582.5,7583.5,960
2026-05-29T00:15:00+00:00,7583.5,7585.0,7582.75,7584.5,850
2026-05-29T00:20:00+00:00,7585.0,7585.75,7582.75,7583.75,748
2026-05-29T00:25:00+00:00,7583.75,7586.0,7582.75,7582.75,889
2026-05-29T00:30:00+00:00,7583.0,7583.25,7578.5,7579.25,1905
2026-05-29T00:35:00+00:00,7579.0,7580.25,7578.5,7579.0,1108
2026-05-29T00:40:00+00:00,7579.0,7579.25,7577.0,7578.0,1337
2026-05-29T00:45:00+00:00,7578.0,7578.25,7576.5,7577.75,918
2026-05-29T00:50:00+00:00,7577.75,7579.0,7576.0,7576.75,1627
2026-05-29T00:55:00+00:00,7576.75,7578.25,7576.5,7577.75,710
2026-05-29T01:00:00+00:00,7577.5,7579.5,7574.0,7575.5,2743
2026-05-29T01:05:00+00:00,7575.75,7578.75,7575.5,7577.75,1346
2026-05-29T01:10:00+00:00,7578.0,7578.75,7575.25,7576.25,999
2026-05-29T01:15:00+00:00,7576.25,7578.0,7575.25,7577.0,772
2026-05-29T01:20:00+00:00,7577.0,7577.25,7574.75,7575.5,1032
2026-05-29T01:25:00+00:00,7575.5,7576.25,7574.25,7574.75,771
2026-05-29T01:30:00+00:00,7574.75,7575.25,7572.75,7574.75,1528
2026-05-29T01:35:00+00:00,7575.0,7576.0,7574.25,7575.75,599
2026-05-29T01:40:00+00:00,7575.75,7578.25,7575.25,7578.0,1165
2026-05-29T01:45:00+00:00,7578.0,7579.25,7574.75,7575.25,1621
2026-05-29T01:50:00+00:00,7575.0,7576.75,7574.75,7576.75,519
2026-05-29T01:55:00+00:00,7576.75,7578.25,7576.0,7577.25,839
2026-05-29T02:00:00+00:00,7577.5,7578.5,7576.5,7577.75,749
2026-05-29T02:05:00+00:00,7577.75,7580.5,7576.0,7580.25,1358
2026-05-29T02:10:00+00:00,7580.25,7581.5,7579.25,7580.75,1078
2026-05-29T02:15:00+00:00,7581.0,7581.25,7578.5,7579.75,615
2026-05-29T02:20:00+00:00,7579.75,7580.0,7577.0,7577.0,533
2026-05-29T02:25:00+00:00,7577.0,7578.0,7574.25,7575.75,1203
2026-05-29T02:30:00+00:00,7575.75,7578.0,7575.0,7577.25,1014
2026-05-29T02:35:00+00:00,7577.25,7578.25,7576.0,7578.0,516
2026-05-29T02:40:00+00:00,7578.0,7578.75,7577.25,7577.75,368
2026-05-29T02:45:00+00:00,7577.75,7578.25,7576.0,7576.75,532
2026-05-29T02:50:00+00:00,7576.75,7576.75,7575.25,7575.75,654
2026-05-29T02:55:00+00:00,7575.5,7577.25,7575.25,7575.75,316
2026-05-29T03:00:00+00:00,7576.0,7579.25,7575.75,7578.75,689
2026-05-29T03:05:00+00:00,7578.75,7581.0,7578.5,7580.25,919
2026-05-29T03:10:00+00:00,7580.5,7581.25,7579.25,7579.75,684
2026-05-29T03:15:00+00:00,7580.0,7581.0,7579.25,7580.25,462
2026-05-29T03:20:00+00:00,7580.0,7582.0,7580.0,7580.75,661
2026-05-29T03:25:00+00:00,7580.75,7581.0,7579.75,7580.5,436
2026-05-29T03:30:00+00:00,7580.5,7580.75,7579.25,7579.75,292
2026-05-29T03:35:00+00:00,7579.75,7580.75,7579.25,7580.5,251
2026-05-29T03:40:00+00:00,7580.5,7581.5,7580.0,7580.5,394
2026-05-29T03:45:00+00:00,7580.5,7582.5,7580.0,7582.25,522
2026-05-29T03:50:00+00:00,7582.25,7582.75,7578.25,7581.0,1132
2026-05-29T03:55:00+00:00,7581.0,7581.75,7579.5,7580.75,299
2026-05-29T04:05:00+00:00,7582.0,7582.25,7581.75,7582.25,887
2026-05-29T04:10:00+00:00,7582.5,7583.0,7582.0,7582.5,387
2026-05-29T04:15:00+00:00,7582.5,7584.75,7582.5,7583.5,1054
2026-05-29T04:20:00+00:00,7583.5,7584.5,7583.25,7583.75,423
2026-05-29T04:25:00+00:00,7584.0,7584.75,7583.5,7584.0,453
2026-05-29T04:30:00+00:00,7584.25,7585.75,7583.25,7585.0,858
2026-05-29T04:35:00+00:00,7585.5,7586.25,7584.75,7586.0,610
2026-05-29T04:40:00+00:00,7586.0,7586.75,7585.5,7586.75,492
2026-05-29T04:45:00+00:00,7586.5,7587.25,7585.25,7586.25,563
2026-05-29T04:50:00+00:00,7586.25,7586.25,7584.5,7585.5,445
2026-05-29T04:55:00+00:00,7585.5,7585.5,7584.25,7585.25,307
2026-05-29T05:00:00+00:00,7585.0,7587.25,7584.5,7586.5,717
2026-05-29T05:05:00+00:00,7586.25,7586.5,7585.25,7586.25,353
2026-05-29T05:10:00+00:00,7586.0,7587.5,7584.75,7586.5,567
2026-05-29T05:15:00+00:00,7586.5,7586.5,7585.25,7585.5,298
2026-05-29T05:20:00+00:00,7585.75,7586.75,7585.75,7585.75,172
2026-05-29T05:25:00+00:00,7586.0,7588.0,7585.75,7587.25,419
2026-05-29T05:30:00+00:00,7587.25,7587.5,7585.0,7586.75,622
2026-05-29T05:35:00+00:00,7586.75,7587.0,7583.75,7584.5,715
2026-05-29T05:40:00+00:00,7584.5,7585.75,7584.0,7585.5,370
2026-05-29T05:45:00+00:00,7585.75,7587.25,7585.5,7586.75,433
2026-05-29T05:50:00+00:00,7586.75,7587.5,7585.75,7586.5,431
2026-05-29T05:55:00+00:00,7586.75,7586.75,7585.0,7586.25,357
2026-05-29T06:00:00+00:00,7586.25,7588.75,7586.0,7588.25,887
2026-05-29T06:05:00+00:00,7588.25,7589.5,7587.75,7589.5,616
2026-05-29T06:10:00+00:00,7589.5,7590.25,7588.5,7589.25,1175
2026-05-29T06:15:00+00:00,7589.25,7590.25,7588.25,7589.75,548
2026-05-29T06:20:00+00:00,7590.0,7592.5,7589.75,7591.5,1502
2026-05-29T06:25:00+00:00,7591.75,7592.5,7587.5,7587.75,1464
2026-05-29T06:30:00+00:00,7587.75,7590.0,7587.0,7588.5,1209
2026-05-29T06:35:00+00:00,7588.5,7590.5,7588.5,7589.5,470
2026-05-29T06:40:00+00:00,7589.75,7590.75,7589.0,7590.25,399
2026-05-29T06:45:00+00:00,7590.0,7591.25,7589.75,7591.0,425
2026-05-29T06:50:00+00:00,7591.0,7593.0,7590.75,7592.0,682
2026-05-29T06:55:00+00:00,7592.0,7592.75,7591.5,7592.25,622
2026-05-29T07:00:00+00:00,7592.25,7592.75,7589.75,7590.25,976
2026-05-29T07:05:00+00:00,7590.25,7591.75,7589.75,7591.25,593
2026-05-29T07:10:00+00:00,7591.5,7592.5,7589.5,7589.75,582
2026-05-29T07:15:00+00:00,7590.0,7590.0,7588.0,7588.25,800
2026-05-29T07:20:00+00:00,7588.5,7589.0,7585.0,7585.75,1331
2026-05-29T07:25:00+00:00,7585.5,7586.25,7584.0,7585.75,1122
2026-05-29T07:30:00+00:00,7585.75,7586.25,7582.5,7584.75,1500
2026-05-29T07:35:00+00:00,7584.5,7584.5,7580.25,7582.5,2210
2026-05-29T07:40:00+00:00,7582.75,7583.5,7581.75,7582.25,1095
2026-05-29T07:45:00+00:00,7582.25,7584.75,7582.0,7584.0,938
2026-05-29T07:50:00+00:00,7583.75,7585.75,7583.75,7584.75,836
2026-05-29T07:55:00+00:00,7584.5,7587.0,7584.5,7586.5,902
2026-05-29T08:00:00+00:00,7586.5,7589.5,7586.0,7586.25,1894
2026-05-29T08:05:00+00:00,7586.0,7587.75,7584.5,7586.25,1291
2026-05-29T08:10:00+00:00,7586.25,7588.5,7586.0,7588.25,615
2026-05-29T08:15:00+00:00,7588.0,7588.75,7587.25,7587.25,542
2026-05-29T08:20:00+00:00,7587.25,7589.0,7586.5,7587.0,579
2026-05-29T08:25:00+00:00,7587.0,7587.75,7584.75,7587.5,1144
2026-05-29T08:30:00+00:00,7587.5,7588.75,7587.0,7587.75,528
2026-05-29T08:35:00+00:00,7587.75,7588.5,7585.75,7588.0,638
2026-05-29T08:40:00+00:00,7588.25,7588.5,7585.75,7585.75,339
2026-05-29T08:45:00+00:00,7585.75,7586.0,7582.5,7582.75,933
2026-05-29T08:50:00+00:00,7582.75,7584.5,7582.0,7584.5,984
2026-05-29T08:55:00+00:00,7584.5,7586.5,7584.25,7585.75,686
2026-05-29T09:00:00+00:00,7585.75,7590.0,7585.0,7589.0,1510
2026-05-29T09:05:00+00:00,7589.0,7591.0,7588.25,7590.0,802
2026-05-29T09:10:00+00:00,7590.0,7593.75,7589.25,7592.5,1806
2026-05-29T09:15:00+00:00,7592.75,7595.25,7591.25,7594.5,1427
2026-05-29T09:20:00+00:00,7594.5,7595.25,7590.75,7591.0,1127
2026-05-29T09:25:00+00:00,7591.0,7593.0,7589.5,7592.0,1124
2026-05-29T09:30:00+00:00,7592.25,7592.75,7590.5,7591.75,647
2026-05-29T09:35:00+00:00,7591.5,7591.75,7589.75,7591.0,620
2026-05-29T09:40:00+00:00,7591.0,7591.75,7589.75,7590.25,552
2026-05-29T09:45:00+00:00,7590.5,7593.25,7590.25,7592.0,837
2026-05-29T09:50:00+00:00,7592.0,7592.25,7589.5,7590.5,582
2026-05-29T09:55:00+00:00,7590.5,7591.5,7589.5,7590.25,852
2026-05-29T10:00:00+00:00,7590.5,7590.5,7585.5,7585.75,1205
2026-05-29T10:05:00+00:00,7585.75,7587.0,7585.0,7585.0,1043
2026-05-29T10:10:00+00:00,7585.25,7587.75,7585.0,7587.25,806
2026-05-29T10:15:00+00:00,7587.25,7588.25,7585.5,7587.0,812
2026-05-29T10:20:00+00:00,7587.0,7588.75,7586.75,7588.5,505
2026-05-29T10:25:00+00:00,7588.25,7589.5,7587.0,7588.5,476
2026-05-29T10:30:00+00:00,7588.5,7589.5,7587.0,7588.75,477
2026-05-29T10:35:00+00:00,7589.0,7590.75,7587.75,7589.75,1077
2026-05-29T10:40:00+00:00,7589.5,7590.5,7588.0,7589.5,706
2026-05-29T10:45:00+00:00,7590.0,7591.25,7589.5,7590.25,869
2026-05-29T10:50:00+00:00,7590.25,7591.25,7589.75,7590.0,482
2026-05-29T10:55:00+00:00,7590.25,7590.75,7589.0,7590.25,336
2026-05-29T11:00:00+00:00,7590.25,7593.25,7589.75,7592.25,1218
2026-05-29T11:05:00+00:00,7592.5,7593.25,7591.5,7591.75,663
2026-05-29T11:10:00+00:00,7591.75,7593.0,7591.25,7592.5,683
2026-05-29T11:15:00+00:00,7592.75,7594.25,7592.5,7593.75,818
2026-05-29T11:20:00+00:00,7593.75,7595.75,7593.25,7594.25,2236
2026-05-29T11:25:00+00:00,7594.25,7595.25,7590.0,7590.0,1740
2026-05-29T11:30:00+00:00,7590.0,7590.75,7586.75,7587.0,1850
2026-05-29T11:35:00+00:00,7587.0,7590.0,7586.25,7589.25,1739
2026-05-29T11:40:00+00:00,7589.5,7592.75,7589.5,7591.25,1662
2026-05-29T11:45:00+00:00,7591.0,7593.0,7590.75,7591.25,936
2026-05-29T11:50:00+00:00,7590.75,7592.0,7584.0,7590.5,5578
2026-05-29T11:55:00+00:00,7590.5,7593.75,7590.0,7593.5,1623
2026-05-29T12:00:00+00:00,7593.5,7594.0,7590.75,7590.75,1486
2026-05-29T12:05:00+00:00,7591.0,7591.75,7589.75,7590.5,1683
2026-05-29T12:10:00+00:00,7590.5,7591.75,7589.5,7590.25,840
2026-05-29T12:15:00+00:00,7590.0,7593.0,7589.25,7592.5,986
2026-05-29T12:20:00+00:00,7592.75,7592.75,7589.5,7590.75,1047
2026-05-29T12:25:00+00:00,7590.5,7592.0,7589.75,7592.0,653
2026-05-29T12:30:00+00:00,7592.0,7592.75,7585.75,7589.25,6000
2026-05-29T12:35:00+00:00,7589.25,7589.25,7586.25,7587.25,1934
2026-05-29T12:40:00+00:00,7587.0,7589.0,7586.5,7589.0,1098
2026-05-29T12:45:00+00:00,7588.75,7589.0,7586.25,7588.25,1083
2026-05-29T12:50:00+00:00,7588.5,7592.0,7588.25,7591.0,1876
2026-05-29T12:55:00+00:00,7591.25,7592.25,7590.0,7591.25,1009
2026-05-29T13:00:00+00:00,7591.5,7593.0,7590.25,7592.5,1562
2026-05-29T13:05:00+00:00,7592.25,7593.0,7590.25,7590.25,1539
2026-05-29T13:10:00+00:00,7590.5,7591.25,7589.0,7589.25,1960
2026-05-29T13:15:00+00:00,7589.25,7589.5,7587.75,7588.5,2221
2026-05-29T13:20:00+00:00,7588.5,7589.0,7587.25,7588.75,1977
2026-05-29T13:25:00+00:00,7588.5,7591.0,7587.75,7590.75,4623
2026-05-29T13:30:00+00:00,7590.5,7594.5,7586.75,7591.75,26492
2026-05-29T13:35:00+00:00,7591.5,7598.75,7591.0,7598.5,18135
2026-05-29T13:40:00+00:00,7598.75,7606.0,7597.0,7605.75,17510
2026-05-29T13:45:00+00:00,7605.75,7608.75,7603.75,7607.25,18545
2026-05-29T13:50:00+00:00,7607.25,7610.0,7604.0,7609.75,14584
2026-05-29T13:55:00+00:00,7609.75,7609.75,7606.25,7609.0,9703
2026-05-29T14:00:00+00:00,7608.75,7611.75,7606.0,7607.5,17441
2026-05-29T14:05:00+00:00,7607.5,7609.0,7603.25,7603.75,12204
2026-05-29T14:10:00+00:00,7604.0,7608.5,7602.5,7604.0,15152
2026-05-29T14:15:00+00:00,7604.0,7604.25,7595.5,7598.5,23030
2026-05-29T14:20:00+00:00,7598.5,7600.75,7593.25,7593.5,19469
2026-05-29T14:25:00+00:00,7593.25,7598.0,7589.0,7597.0,30998
2026-05-29T14:30:00+00:00,7597.0,7599.75,7592.75,7599.5,18765
2026-05-29T14:35:00+00:00,7599.5,7600.25,7586.75,7586.75,24464
2026-05-29T14:40:00+00:00,7587.0,7590.25,7581.75,7582.5,26590
2026-05-29T14:45:00+00:00,7582.25,7584.0,7577.5,7580.5,25022
2026-05-29T14:50:00+00:00,7580.5,7598.0,7579.5,7589.0,49920
2026-05-29T14:55:00+00:00,7588.75,7595.75,7588.5,7590.75,15911
2026-05-29T15:00:00+00:00,7590.75,7594.75,7589.25,7594.0,12580
2026-05-29T15:05:00+00:00,7593.75,7598.25,7590.25,7597.25,14167
2026-05-29T15:10:00+00:00,7597.25,7603.75,7597.25,7603.25,15998
2026-05-29T15:15:00+00:00,7603.5,7604.75,7599.0,7599.25,14333
2026-05-29T15:20:00+00:00,7599.25,7600.75,7593.5,7599.25,14534
2026-05-29T15:25:00+00:00,7599.25,7603.25,7595.25,7598.5,15644
2026-05-29T15:30:00+00:00,7598.5,7602.75,7597.75,7600.25,13817
2026-05-29T15:35:00+00:00,7600.25,7603.75,7597.75,7602.0,16543
2026-05-29T15:40:00+00:00,7602.0,7604.0,7596.5,7596.5,14715
2026-05-29T15:50:00+00:00,7596.5,7597.75,7596.25,7597.0,22299
2026-05-29T15:55:00+00:00,7596.75,7597.75,7593.75,7594.5,5966
2026-05-29T16:00:00+00:00,7594.75,7600.0,7593.5,7599.5,7465
2026-05-29T16:05:00+00:00,7599.75,7603.5,7598.75,7603.0,6508
2026-05-29T16:10:00+00:00,7603.0,7605.25,7602.0,7603.5,8847
2026-05-29T16:15:00+00:00,7603.25,7604.25,7598.25,7599.0,6878
2026-05-29T16:20:00+00:00,7598.75,7603.25,7598.25,7600.5,5909
2026-05-29T16:25:00+00:00,7600.5,7600.5,7597.0,7597.75,4980
2026-05-29T16:30:00+00:00,7597.75,7604.5,7595.25,7603.0,17729
2026-05-29T16:35:00+00:00,7603.0,7608.0,7602.25,7607.0,13051
2026-05-29T16:40:00+00:00,7607.25,7608.75,7604.25,7605.25,7642
2026-05-29T16:45:00+00:00,7605.25,7606.0,7601.75,7602.0,7644
2026-05-29T16:50:00+00:00,7602.0,7602.25,7598.0,7599.75,6961
2026-05-29T16:55:00+00:00,7600.0,7600.5,7595.5,7597.75,7604
2026-05-29T17:00:00+00:00,7598.0,7600.5,7596.0,7596.75,5961
2026-05-29T17:05:00+00:00,7596.75,7598.75,7595.25,7598.0,4764
2026-05-29T17:10:00+00:00,7597.75,7599.75,7595.5,7598.0,6390
2026-05-29T17:15:00+00:00,7597.75,7600.25,7597.5,7598.5,4022
2026-05-29T17:20:00+00:00,7598.25,7599.25,7592.0,7597.0,16327
2026-05-29T17:25:00+00:00,7597.0,7597.25,7593.5,7596.25,6263
2026-05-29T17:30:00+00:00,7596.0,7597.25,7593.5,7595.25,6098
2026-05-29T17:35:00+00:00,7595.25,7596.25,7592.75,7593.75,5815
2026-05-29T17:40:00+00:00,7594.0,7595.0,7590.25,7590.75,6599
2026-05-29T17:45:00+00:00,7590.75,7592.25,7590.0,7591.25,5659
2026-05-29T17:50:00+00:00,7591.0,7593.25,7588.5,7588.5,8550
2026-05-29T17:55:00+00:00,7588.5,7588.75,7582.5,7583.25,12653
2026-05-29T18:00:00+00:00,7583.25,7588.25,7581.75,7588.0,10731
2026-05-29T18:05:00+00:00,7588.25,7590.0,7587.25,7590.0,6420
2026-05-29T18:10:00+00:00,7590.0,7591.75,7586.25,7587.75,7894
2026-05-29T18:15:00+00:00,7588.0,7590.0,7586.25,7589.75,7331
2026-05-29T18:20:00+00:00,7589.75,7593.0,7589.5,7592.5,6028
2026-05-29T18:25:00+00:00,7592.5,7594.5,7591.0,7593.25,5724
2026-05-29T18:30:00+00:00,7593.5,7598.25,7593.25,7597.25,6886
2026-05-29T18:35:00+00:00,7597.25,7598.0,7594.5,7597.0,6182
2026-05-29T18:40:00+00:00,7596.75,7597.5,7593.75,7594.5,4695
2026-05-29T18:45:00+00:00,7594.5,7594.75,7584.5,7588.5,24297
2026-05-29T18:50:00+00:00,7588.75,7590.5,7585.25,7587.5,8598
2026-05-29T18:55:00+00:00,7587.5,7589.25,7584.5,7585.5,7327
2026-05-29T19:00:00+00:00,7585.25,7589.75,7583.75,7589.25,8819
2026-05-29T19:05:00+00:00,7589.25,7593.75,7589.0,7593.0,5638
2026-05-29T19:10:00+00:00,7593.25,7595.75,7592.25,7594.5,6503
2026-05-29T19:15:00+00:00,7594.25,7595.25,7590.25,7592.75,8348
2026-05-29T19:20:00+00:00,7592.5,7596.75,7591.5,7595.5,5928
2026-05-29T19:25:00+00:00,7595.5,7599.5,7593.75,7599.25,6821
2026-05-29T19:30:00+00:00,7599.25,7603.0,7599.0,7602.75,8426
2026-05-29T19:35:00+00:00,7602.75,7605.75,7601.25,7605.0,10446
2026-05-29T19:40:00+00:00,7605.0,7607.0,7602.5,7602.5,9658
2026-05-29T19:45:00+00:00,7602.75,7604.25,7600.25,7602.5,7876
2026-05-29T19:50:00+00:00,7602.5,7604.0,7594.5,7596.25,26087
2026-05-29T19:55:00+00:00,7596.25,7599.0,7593.25,7595.0,37879
2026-05-29T20:00:00+00:00,7594.75,7598.75,7593.0,7598.25,11069
2026-05-29T20:05:00+00:00,7598.5,7599.0,7595.5,7597.5,2079
2026-05-29T20:10:00+00:00,7597.75,7597.75,7594.5,7596.5,2304
2026-05-29T20:15:00+00:00,7596.5,7596.75,7591.25,7591.5,2106
2026-05-29T20:20:00+00:00,7591.75,7594.0,7590.0,7592.75,2192
2026-05-29T20:25:00+00:00,7593.0,7593.25,7589.25,7590.75,1731
2026-05-29T20:30:00+00:00,7591.0,7592.25,7590.0,7592.25,1178
2026-05-29T20:35:00+00:00,7592.25,7593.0,7591.5,7592.0,865
2026-05-29T20:40:00+00:00,7592.25,7592.25,7589.75,7590.25,1106
2026-05-29T20:45:00+00:00,7590.25,7591.0,7589.25,7589.75,1072
2026-05-29T20:50:00+00:00,7590.0,7593.75,7589.25,7591.0,1602
2026-05-29T20:55:00+00:00,7591.0,7595.75,7589.5,7595.75,1159
2026-05-31T22:10:00+00:00,7589.0,7594.5,7588.0,7594.25,1160
2026-05-31T22:15:00+00:00,7594.25,7595.5,7592.5,7594.0,1237
2026-05-31T22:20:00+00:00,7594.25,7597.5,7592.25,7596.75,1801
2026-05-31T22:25:00+00:00,7596.25,7597.5,7595.25,7595.25,969
2026-05-31T22:30:00+00:00,7595.5,7598.5,7595.5,7597.75,1514
2026-05-31T22:35:00+00:00,7597.75,7597.75,7595.25,7596.0,958
2026-05-31T22:40:00+00:00,7596.25,7599.75,7596.0,7599.75,1010
2026-05-31T22:45:00+00:00,7600.0,7602.75,7599.75,7602.0,2283
2026-05-31T22:50:00+00:00,7601.75,7603.25,7601.75,7601.75,900
2026-05-31T22:55:00+00:00,7601.75,7603.0,7600.75,7601.5,1024
2026-05-31T23:00:00+00:00,7601.5,7604.0,7600.25,7603.0,1364
2026-05-31T23:05:00+00:00,7603.0,7603.75,7602.0,7603.0,605
2026-05-31T23:10:00+00:00,7603.0,7604.0,7602.5,7602.75,888
2026-05-31T23:15:00+00:00,7602.75,7604.0,7602.5,7603.0,607
2026-05-31T23:20:00+00:00,7603.25,7603.75,7601.0,7601.75,1041
2026-05-31T23:25:00+00:00,7601.5,7604.75,7601.5,7604.0,963
2026-05-31T23:30:00+00:00,7604.0,7605.25,7602.75,7603.5,1414
2026-05-31T23:35:00+00:00,7603.75,7604.5,7602.75,7604.0,489
2026-05-31T23:40:00+00:00,7604.0,7604.25,7603.25,7603.75,379
2026-05-31T23:45:00+00:00,7603.75,7605.0,7602.75,7603.75,714
2026-05-31T23:50:00+00:00,7603.75,7606.5,7603.0,7605.5,1349
2026-05-31T23:55:00+00:00,7605.5,7606.0,7604.5,7605.25,670
2026-06-01T00:00:00+00:00,7605.25,7609.75,7604.5,7609.0,3188
2026-06-01T00:05:00+00:00,7609.25,7612.25,7608.25,7609.0,4100
2026-06-01T00:10:00+00:00,7609.0,7610.75,7607.25,7609.25,1925
2026-06-01T00:15:00+00:00,7609.25,7610.5,7606.75,7607.75,1821
2026-06-01T00:20:00+00:00,7608.0,7611.5,7607.75,7610.75,1485
2026-06-01T00:25:00+00:00,7610.75,7612.0,7609.5,7611.5,1308
2026-06-01T00:30:00+00:00,7611.5,7613.25,7609.5,7610.25,1877
2026-06-01T00:35:00+00:00,7610.5,7611.25,7609.5,7610.5,980
2026-06-01T00:40:00+00:00,7610.5,7612.25,7609.75,7611.5,1007
2026-06-01T00:45:00+00:00,7611.5,7612.75,7611.25,7611.75,1396
2026-06-01T00:50:00+00:00,7611.75,7613.25,7610.75,7612.25,1174
2026-06-01T00:55:00+00:00,7612.25,7613.75,7610.75,7611.5,1618
2026-06-01T01:00:00+00:00,7611.5,7612.75,7609.0,7609.25,2227
2026-06-01T01:05:00+00:00,7609.25,7610.25,7608.25,7609.0,1320
2026-06-01T01:10:00+00:00,7609.0,7610.75,7608.5,7610.0,1033
2026-06-01T01:15:00+00:00,7610.25,7611.5,7610.0,7611.0,712
2026-06-01T01:20:00+00:00,7610.75,7613.25,7610.75,7611.5,1381
2026-06-01T01:25:00+00:00,7611.75,7612.75,7610.75,7611.0,1460
2026-06-01T01:30:00+00:00,7610.75,7612.5,7610.25,7612.25,1057
2026-06-01T01:35:00+00:00,7612.5,7613.0,7611.75,7611.75,1057
2026-06-01T01:40:00+00:00,7611.75,7612.75,7611.25,7612.75,902
2026-06-01T01:45:00+00:00,7612.5,7613.5,7612.25,7613.0,927
2026-06-01T01:50:00+00:00,7613.25,7614.5,7612.75,7614.0,1200
2026-06-01T01:55:00+00:00,7614.0,7614.25,7613.25,7614.0,781
2026-06-01T02:00:00+00:00,7614.0,7616.25,7613.5,7615.0,1960
2026-06-01T02:05:00+00:00,7614.75,7617.0,7614.75,7616.75,1182
2026-06-01T02:10:00+00:00,7616.75,7617.5,7615.75,7616.75,1084
2026-06-01T02:15:00+00:00,7617.0,7617.25,7616.25,7616.5,711
2026-06-01T02:20:00+00:00,7616.5,7618.0,7616.5,7617.5,824
2026-06-01T02:25:00+00:00,7617.5,7617.75,7616.25,7616.75,693
2026-06-01T02:30:00+00:00,7616.75,7616.75,7614.75,7616.0,1143
2026-06-01T02:35:00+00:00,7616.0,7617.25,7615.75,7616.5,702
2026-06-01T02:40:00+00:00,7616.5,7616.5,7614.75,7615.0,587
2026-06-01T02:45:00+00:00,7615.0,7615.75,7614.0,7615.0,821
2026-06-01T02:50:00+00:00,7615.25,7615.5,7614.25,7614.75,510
2026-06-01T02:55:00+00:00,7614.75,7615.75,7614.5,7615.5,493
2026-06-01T03:00:00+00:00,7615.5,7617.5,7615.5,7616.75,789
2026-06-01T03:05:00+00:00,7616.75,7617.0,7615.75,7616.0,712
2026-06-01T03:10:00+00:00,7616.0,7616.0,7615.0,7615.25,617
2026-06-01T03:15:00+00:00,7615.25,7616.25,7610.75,7615.25,3568
2026-06-01T03:20:00+00:00,7615.0,7617.75,7614.25,7617.5,972
2026-06-01T03:25:00+00:00,7617.5,7618.0,7616.75,7617.5,877
2026-06-01T03:30:00+00:00,7617.25,7619.75,7617.25,7618.5,1556
2026-06-01T03:35:00+00:00,7618.5,7618.5,7615.5,7615.75,855
2026-06-01T03:40:00+00:00,7615.75,7616.0,7612.5,7612.5,1407
2026-06-01T03:45:00+00:00,7612.5,7614.5,7612.25,7614.0,1183
2026-06-01T03:50:00+00:00,7614.0,7614.25,7611.5,7612.25,839
2026-06-01T03:55:00+00:00,7612.0,7612.75,7611.5,7612.5,510
2026-06-01T04:00:00+00:00,7612.5,7614.25,7612.25,7613.75,1079
2026-06-01T04:05:00+00:00,7613.75,7615.0,7612.75,7614.5,687
2026-06-01T04:10:00+00:00,7614.5,7615.25,7613.75,7614.0,885
2026-06-01T04:15:00+00:00,7614.25,7614.25,7613.25,7613.75,431
2026-06-01T04:20:00+00:00,7613.75,7615.0,7613.25,7614.75,625
2026-06-01T04:25:00+00:00,7615.0,7615.5,7613.75,7614.75,760
2026-06-01T04:30:00+00:00,7615.0,7615.5,7614.25,7614.25,365
2026-06-01T04:35:00+00:00,7614.25,7616.25,7614.25,7616.25,606
2026-06-01T04:40:00+00:00,7616.0,7618.0,7615.75,7617.5,871
2026-06-01T04:45:00+00:00,7617.5,7618.0,7616.0,7616.5,796
2026-06-01T04:50:00+00:00,7616.5,7617.75,7616.5,7617.0,421
2026-06-01T04:55:00+00:00,7617.0,7617.75,7617.0,7617.5,240
2026-06-01T05:00:00+00:00,7617.5,7617.75,7616.5,7617.25,249
2026-06-01T05:05:00+00:00,7617.0,7617.75,7615.5,7616.0,621
2026-06-01T05:10:00+00:00,7615.75,7617.0,7615.0,7616.75,555
2026-06-01T05:15:00+00:00,7616.5,7616.5,7615.25,7616.0,328
2026-06-01T05:20:00+00:00,7615.75,7617.25,7615.75,7615.75,493
2026-06-01T05:25:00+00:00,7615.75,7616.0,7614.0,7614.25,835
2026-06-01T05:30:00+00:00,7614.5,7616.25,7614.5,7615.5,515
2026-06-01T05:35:00+00:00,7615.5,7617.0,7615.5,7616.5,589
2026-06-01T05:40:00+00:00,7616.5,7617.5,7616.25,7617.25,388
2026-06-01T05:45:00+00:00,7617.25,7619.0,7616.75,7618.5,616
2026-06-01T05:50:00+00:00,7618.5,7619.0,7617.5,7618.0,519
2026-06-01T05:55:00+00:00,7618.0,7618.75,7617.25,7617.75,253
2026-06-01T06:00:00+00:00,7618.0,7618.75,7617.5,7617.5,480
2026-06-01T06:05:00+00:00,7617.5,7618.25,7617.25,7618.0,563
2026-06-01T06:10:00+00:00,7618.25,7618.25,7616.5,7617.25,353
2026-06-01T06:15:00+00:00,7617.25,7617.75,7616.5,7617.25,504
2026-06-01T06:20:00+00:00,7617.25,7617.5,7616.25,7616.25,258
2026-06-01T06:25:00+00:00,7616.25,7616.25,7614.0,7614.5,906
2026-06-01T06:30:00+00:00,7614.5,7617.5,7614.5,7617.0,604
2026-06-01T06:35:00+00:00,7617.0,7617.5,7615.5,7615.75,431
2026-06-01T06:40:00+00:00,7616.0,7616.75,7615.25,7616.5,473
2026-06-01T06:45:00+00:00,7616.25,7618.5,7616.0,7618.5,790
2026-06-01T06:50:00+00:00,7618.25,7618.5,7617.25,7617.5,454
2026-06-01T06:55:00+00:00,7617.5,7618.5,7617.0,7617.5,366
2026-06-01T07:00:00+00:00,7617.75,7620.0,7616.5,7619.75,1577
2026-06-01T07:05:00+00:00,7619.5,7620.5,7617.75,7620.25,1387
2026-06-01T07:10:00+00:00,7620.0,7620.5,7617.75,7618.75,386
2026-06-01T07:15:00+00:00,7618.75,7619.5,7615.0,7617.0,878
2026-06-01T07:20:00+00:00,7617.0,7617.75,7615.25,7615.25,832
2026-06-01T07:25:00+00:00,7615.25,7615.25,7612.0,7613.25,2316
2026-06-01T07:30:00+00:00,7613.25,7614.75,7611.75,7613.25,716
2026-06-01T07:35:00+00:00,7613.25,7613.5,7610.25,7610.5,950
2026-06-01T07:40:00+00:00,7610.5,7610.75,7607.5,7609.25,2688
2026-06-01T07:45:00+00:00,7609.0,7609.5,7607.5,7608.75,709
2026-06-01T07:50:00+00:00,7608.25,7610.25,7607.5,7609.25,857
2026-06-01T07:55:00+00:00,7609.5,7612.0,7609.5,7611.25,766
2026-06-01T08:00:00+00:00,7611.25,7612.75,7609.5,7609.75,1456
2026-06-01T08:05:00+00:00,7610.25,7611.5,7608.75,7610.5,1036
2026-06-01T08:10:00+00:00,7610.25,7611.0,7609.25,7609.75,563
2026-06-01T08:15:00+00:00,7609.75,7610.25,7608.25,7609.5,776
2026-06-01T08:20:00+00:00,7609.75,7610.75,7609.0,7609.25,450
2026-06-01T08:25:00+00:00,7609.5,7609.5,7607.25,7607.75,717
2026-06-01T08:30:00+00:00,7608.0,7609.0,7605.75,7607.75,1077
2026-06-01T08:35:00+00:00,7608.25,7608.75,7607.0,7608.75,472
2026-06-01T08:40:00+00:00,7608.5,7609.75,7607.0,7609.5,1173
2026-06-01T08:45:00+00:00,7609.5,7610.0,7606.0,7609.5,2254
2026-06-01T08:50:00+00:00,7609.5,7612.5,7609.0,7612.25,1166
2026-06-01T08:55:00+00:00,7612.5,7614.25,7612.5,7614.25,871
2026-06-01T09:00:00+00:00,7614.25,7616.5,7614.0,7616.0,1427
2026-06-01T09:05:00+00:00,7615.75,7615.75,7612.25,7613.25,1237
2026-06-01T09:10:00+00:00,7613.25,7614.25,7611.75,7612.0,647
2026-06-01T09:15:00+00:00,7612.0,7613.75,7611.5,7613.75,512
2026-06-01T09:20:00+00:00,7613.5,7613.5,7611.0,7612.25,659
2026-06-01T09:25:00+00:00,7612.25,7613.0,7611.0,7612.0,535
2026-06-01T09:30:00+00:00,7612.25,7612.75,7611.25,7612.5,385
2026-06-01T09:35:00+00:00,7612.75,7612.75,7611.25,7611.75,1017
2026-06-01T09:40:00+00:00,7612.0,7612.75,7611.5,7612.0,398
2026-06-01T09:45:00+00:00,7612.0,7612.25,7610.75,7611.0,685
2026-06-01T09:50:00+00:00,7611.25,7611.5,7609.5,7610.0,859
2026-06-01T09:55:00+00:00,7610.0,7610.25,7608.75,7610.0,786
2026-06-01T10:00:00+00:00,7610.0,7611.75,7610.0,7610.5,648
2026-06-01T10:05:00+00:00,7610.5,7613.0,7610.25,7613.0,790
2026-06-01T10:10:00+00:00,7613.0,7614.75,7613.0,7614.0,841
2026-06-01T10:15:00+00:00,7614.25,7615.0,7613.0,7613.5,532
2026-06-01T10:20:00+00:00,7613.75,7614.0,7612.25,7613.5,997
2026-06-01T10:25:00+00:00,7613.75,7615.25,7613.25,7614.75,501
2026-06-01T10:30:00+00:00,7614.75,7616.5,7614.5,7616.25,1072
2026-06-01T10:35:00+00:00,7616.25,7617.75,7616.0,7616.5,1103
2026-06-01T10:40:00+00:00,7616.75,7617.75,7616.0,7617.0,860
2026-06-01T10:45:00+00:00,7617.0,7617.25,7615.0,7616.75,777
2026-06-01T10:50:00+00:00,7616.5,7616.75,7616.0,7616.25,399
2026-06-01T10:55:00+00:00,7616.25,7616.5,7615.75,7616.25,495
2026-06-01T11:00:00+00:00,7616.5,7617.25,7615.25,7615.75,1096
2026-06-01T11:05:00+00:00,7615.75,7616.5,7614.5,7616.0,915
2026-06-01T11:10:00+00:00,7616.0,7616.25,7614.0,7615.25,876
2026-06-01T11:15:00+00:00,7615.25,7616.0,7613.75,7615.5,744
2026-06-01T11:20:00+00:00,7615.75,7615.75,7614.25,7615.0,633
2026-06-01T11:25:00+00:00,7614.75,7617.0,7614.25,7616.75,1124
2026-06-01T11:30:00+00:00,7616.75,7619.0,7615.25,7618.25,2354
2026-06-01T11:35:00+00:00,7618.5,7621.75,7618.5,7621.75,2675
2026-06-01T11:40:00+00:00,7621.75,7622.5,7618.5,7619.25,1883
2026-06-01T11:45:00+00:00,7619.25,7620.0,7617.25,7618.0,1357
2026-06-01T11:50:00+00:00,7618.25,7618.5,7614.5,7615.25,1908
2026-06-01T11:55:00+00:00,7615.0,7615.5,7613.75,7614.0,1208
2026-06-01T12:00:00+00:00,7614.25,7614.25,7612.25,7612.75,1689
2026-06-01T12:05:00+00:00,7612.75,7614.0,7609.25,7609.25,2761
2026-06-01T12:10:00+00:00,7609.25,7611.0,7608.0,7608.5,2668
2026-06-01T12:15:00+00:00,7608.5,7610.25,7606.25,7609.25,3752
2026-06-01T12:20:00+00:00,7609.0,7610.5,7608.75,7609.5,2151
2026-06-01T12:25:00+00:00,7609.25,7611.5,7609.0,7610.5,1867
2026-06-01T12:30:00+00:00,7610.5,7610.5,7606.75,7608.0,2449
2026-06-01T12:35:00+00:00,7608.25,7611.0,7607.75,7610.75,2001
2026-06-01T12:40:00+00:00,7610.5,7614.5,7609.5,7613.75,3628
2026-06-01T12:45:00+00:00,7613.75,7615.75,7612.0,7612.0,3401
2026-06-01T12:50:00+00:00,7612.25,7612.25,7609.25,7610.0,2771
2026-06-01T12:55:00+00:00,7610.0,7610.25,7608.0,7608.75,2174
2026-06-01T13:00:00+00:00,7608.75,7609.5,7604.75,7606.5,4528
2026-06-01T13:05:00+00:00,7606.5,7610.0,7605.25,7609.5,3196
2026-06-01T13:10:00+00:00,7609.75,7610.0,7581.25,7588.75,57631
2026-06-01T13:15:00+00:00,7588.75,7596.75,7587.75,7589.0,20509
2026-06-01T13:20:00+00:00,7589.0,7589.75,7578.25,7578.5,19418
2026-06-01T13:25:00+00:00,7578.25,7583.5,7576.75,7583.0,15074
2026-06-01T13:30:00+00:00,7583.0,7590.0,7576.0,7586.0,38983
2026-06-01T13:35:00+00:00,7585.75,7594.5,7584.75,7591.25,26226
2026-06-01T13:40:00+00:00,7591.25,7595.0,7587.5,7591.25,15410
2026-06-01T13:45:00+00:00,7591.25,7596.0,7590.75,7592.5,14799
2026-06-01T13:50:00+00:00,7592.75,7596.5,7588.25,7589.5,20022
2026-06-01T13:55:00+00:00,7589.5,7590.75,7584.0,7585.0,15335
2026-06-01T14:00:00+00:00,7585.25,7591.0,7582.0,7585.0,23338
2026-06-01T14:05:00+00:00,7584.75,7593.25,7583.5,7592.25,17970
2026-06-01T14:10:00+00:00,7592.25,7592.75,7584.25,7587.75,15359
2026-06-01T14:15:00+00:00,7587.75,7596.25,7585.25,7587.5,27227
2026-06-01T14:20:00+00:00,7587.25,7593.75,7586.5,7590.25,14139
2026-06-01T14:25:00+00:00,7590.25,7591.75,7586.0,7587.25,14442
2026-06-01T14:30:00+00:00,7587.0,7590.25,7583.75,7585.75,13976
2026-06-01T14:35:00+00:00,7585.75,7587.75,7581.5,7582.25,11566
2026-06-01T14:40:00+00:00,7582.5,7588.0,7581.0,7586.5,9883
2026-06-01T14:45:00+00:00,7586.5,7588.5,7583.0,7585.0,7632
2026-06-01T14:50:00+00:00,7585.0,7587.25,7582.0,7583.75,8150
2026-06-01T14:55:00+00:00,7583.75,7585.0,7581.0,7585.0,5489
2026-06-01T15:00:00+00:00,7585.0,7587.0,7582.75,7586.5,7963
2026-06-01T15:05:00+00:00,7586.5,7591.25,7583.0,7588.5,14879
2026-06-01T15:10:00+00:00,7588.5,7589.5,7585.0,7587.75,7258
2026-06-01T15:15:00+00:00,7587.5,7589.5,7586.0,7587.0,5424
2026-06-01T15:20:00+00:00,7587.0,7592.25,7586.75,7591.0,6913
2026-06-01T15:25:00+00:00,7591.0,7591.5,7588.0,7590.0,6093
2026-06-01T15:30:00+00:00,7589.75,7601.75,7589.75,7598.5,44887
2026-06-01T15:35:00+00:00,7598.75,7602.75,7598.25,7602.5,13276
2026-06-01T15:40:00+00:00,7602.5,7603.0,7600.0,7601.25,8885
2026-06-01T15:45:00+00:00,7601.5,7601.75,7597.25,7597.25,7788
2026-06-01T15:50:00+00:00,7597.5,7600.0,7596.25,7598.25,6928
2026-06-01T15:55:00+00:00,7598.5,7598.5,7595.0,7595.5,6816
2026-06-01T16:00:00+00:00,7595.5,7600.5,7595.5,7597.0,11164
2026-06-01T16:05:00+00:00,7597.25,7597.5,7595.0,7596.0,3947
2026-06-01T16:10:00+00:00,7596.25,7596.25,7591.25,7593.25,14058
2026-06-01T16:15:00+00:00,7593.5,7594.5,7587.0,7592.0,12484
2026-06-01T16:20:00+00:00,7592.0,7595.75,7591.25,7595.5,5718
2026-06-01T16:25:00+00:00,7595.5,7596.75,7593.75,7596.25,6963
2026-06-01T16:30:00+00:00,7596.25,7601.0,7596.0,7599.5,16014
2026-06-01T16:35:00+00:00,7599.75,7600.75,7597.25,7599.75,6330
2026-06-01T16:40:00+00:00,7600.0,7601.0,7598.75,7599.0,4078
2026-06-01T16:45:00+00:00,7599.0,7599.75,7596.75,7599.5,5926
2026-06-01T16:50:00+00:00,7599.25,7607.25,7598.75,7606.75,19662
2026-06-01T16:55:00+00:00,7607.0,7609.25,7606.0,7607.75,11717
2026-06-01T17:00:00+00:00,7607.75,7608.5,7602.5,7602.5,11805
2026-06-01T17:05:00+00:00,7602.75,7604.5,7598.75,7599.5,7815
2026-06-01T17:10:00+00:00,7599.25,7602.5,7599.25,7601.5,5135
2026-06-01T17:15:00+00:00,7601.5,7602.5,7599.5,7601.75,3888
2026-06-01T17:20:00+00:00,7601.75,7605.5,7601.5,7604.5,6546
2026-06-01T17:25:00+00:00,7604.5,7614.0,7603.0,7613.75,11471
2026-06-01T17:30:00+00:00,7614.0,7616.25,7606.75,7608.0,24611
2026-06-01T17:35:00+00:00,7608.0,7613.5,7607.0,7613.0,10344
2026-06-01T17:40:00+00:00,7613.0,7632.75,7612.0,7623.5,30609
2026-06-01T17:45:00+00:00,7623.25,7629.0,7623.25,7625.0,13621
2026-06-01T17:50:00+00:00,7625.0,7628.0,7623.75,7627.75,7120
2026-06-01T17:55:00+00:00,7628.0,7628.25,7623.25,7624.0,6583
2026-06-01T18:00:00+00:00,7624.5,7625.5,7623.75,7624.75,3894
2026-06-01T18:05:00+00:00,7624.75,7626.25,7624.25,7625.5,4602
2026-06-01T18:10:00+00:00,7625.5,7626.75,7622.0,7622.75,5490
2026-06-01T18:15:00+00:00,7622.75,7626.75,7622.25,7626.75,4482
2026-06-01T18:20:00+00:00,7626.75,7627.5,7626.0,7627.0,3764
2026-06-01T18:25:00+00:00,7627.0,7628.25,7626.5,7627.25,3543
2026-06-01T18:30:00+00:00,7627.25,7627.5,7624.25,7626.25,3417
2026-06-01T18:35:00+00:00,7626.25,7627.5,7625.0,7625.5,2573
2026-06-01T18:40:00+00:00,7625.75,7628.0,7625.0,7627.5,3001
2026-06-01T18:45:00+00:00,7627.75,7627.75,7624.5,7624.75,2610
2026-06-01T18:50:00+00:00,7625.0,7625.75,7623.5,7625.0,3159
2026-06-01T18:55:00+00:00,7625.0,7627.25,7624.0,7624.5,2830
2026-06-01T19:00:00+00:00,7624.25,7625.75,7622.75,7625.5,4888
2026-06-01T19:05:00+00:00,7625.5,7626.0,7623.0,7625.0,4848
2026-06-01T19:10:00+00:00,7625.0,7625.5,7623.25,7623.25,3106
2026-06-01T19:15:00+00:00,7623.5,7624.75,7622.75,7623.25,3252
2026-06-01T19:20:00+00:00,7623.25,7625.0,7623.0,7625.0,2509
2026-06-01T19:25:00+00:00,7625.0,7626.75,7624.25,7625.75,3309
2026-06-01T19:30:00+00:00,7625.5,7625.75,7621.0,7621.25,6099
2026-06-01T19:35:00+00:00,7621.25,7622.25,7619.25,7620.75,8248
2026-06-01T19:40:00+00:00,7620.5,7620.75,7617.75,7619.0,5137
2026-06-01T19:45:00+00:00,7619.0,7620.0,7615.0,7615.5,8377
2026-06-01T19:50:00+00:00,7615.75,7617.0,7611.0,7611.5,11998
2026-06-01T19:55:00+00:00,7611.75,7614.25,7610.5,7613.75,19754
2026-06-01T20:00:00+00:00,7614.0,7615.5,7613.25,7614.75,5578
2026-06-01T20:05:00+00:00,7615.0,7616.0,7613.5,7614.25,2214
2026-06-01T20:10:00+00:00,7614.5,7616.25,7613.75,7615.75,1350
2026-06-01T20:15:00+00:00,7615.5,7615.5,7613.25,7614.25,1406
2026-06-01T20:20:00+00:00,7614.25,7614.75,7613.0,7613.5,539
2026-06-01T20:25:00+00:00,7613.5,7613.5,7610.75,7611.75,1177
2026-06-01T20:30:00+00:00,7611.75,7614.25,7610.5,7613.75,1435
2026-06-01T20:35:00+00:00,7614.0,7614.75,7613.0,7613.0,943
2026-06-01T20:40:00+00:00,7612.75,7618.25,7612.25,7615.0,3380
2026-06-01T20:45:00+00:00,7615.0,7615.25,7610.0,7612.0,2763
2026-06-01T20:50:00+00:00,7612.0,7612.25,7607.5,7608.25,2047
2026-06-01T20:55:00+00:00,7608.5,7609.5,7606.5,7608.25,2404
2026-06-01T22:00:00+00:00,7610.75,7612.0,7600.5,7601.25,0
2026-06-01T22:05:00+00:00,7601.5,7602.5,7595.5,7599.5,3505
2026-06-01T22:10:00+00:00,7599.75,7600.75,7598.25,7598.5,1534
2026-06-01T22:15:00+00:00,7598.5,7600.25,7598.0,7598.25,1203
2026-06-01T22:20:00+00:00,7598.0,7599.25,7594.5,7597.5,1814
2026-06-01T22:25:00+00:00,7597.5,7598.0,7593.75,7594.5,1382
2026-06-01T22:30:00+00:00,7594.5,7596.0,7594.0,7594.75,946
2026-06-01T22:35:00+00:00,7595.0,7595.75,7592.0,7593.25,1364
2026-06-01T22:40:00+00:00,7592.75,7594.0,7590.75,7592.25,1247
2026-06-01T22:45:00+00:00,7592.25,7594.0,7592.0,7593.25,1018
2026-06-01T22:50:00+00:00,7593.0,7594.0,7592.0,7592.25,768
2026-06-01T22:55:00+00:00,7592.25,7595.5,7591.25,7595.25,1360
2026-06-01T23:00:00+00:00,7595.5,7596.25,7594.75,7595.75,1179
2026-06-01T23:05:00+00:00,7595.5,7596.0,7593.5,7595.75,825
2026-06-01T23:10:00+00:00,7596.0,7596.0,7594.75,7594.75,528
2026-06-01T23:15:00+00:00,7594.75,7596.5,7594.0,7596.25,490
2026-06-01T23:20:00+00:00,7596.25,7596.25,7595.75,7596.25,303
2026-06-01T23:25:00+00:00,7596.0,7596.5,7594.75,7595.0,501
2026-06-01T23:30:00+00:00,7595.5,7596.25,7593.5,7596.0,840
2026-06-01T23:35:00+00:00,7596.0,7598.5,7594.5,7596.0,1990
2026-06-01T23:40:00+00:00,7595.75,7598.0,7594.75,7595.5,1220
2026-06-01T23:45:00+00:00,7595.25,7596.5,7592.0,7592.5,1277
2026-06-01T23:50:00+00:00,7592.75,7595.25,7592.0,7595.25,637
2026-06-01T23:55:00+00:00,7595.0,7596.25,7594.0,7596.0,692
2026-06-02T00:00:00+00:00,7596.0,7596.0,7592.25,7593.0,1316
2026-06-02T00:05:00+00:00,7592.75,7593.5,7587.25,7587.75,4088
2026-06-02T00:10:00+00:00,7587.75,7590.0,7586.75,7588.5,2127
2026-06-02T00:15:00+00:00,7588.25,7591.25,7585.5,7586.75,2763
2026-06-02T00:20:00+00:00,7587.0,7588.25,7584.25,7584.75,1395
2026-06-02T00:25:00+00:00,7584.75,7587.0,7583.5,7587.0,1507
2026-06-02T00:30:00+00:00,7586.75,7589.75,7586.25,7588.5,1598
2026-06-02T00:35:00+00:00,7588.5,7590.0,7585.5,7586.0,1441
2026-06-02T00:40:00+00:00,7586.0,7587.0,7583.5,7585.25,1408
2026-06-02T00:45:00+00:00,7585.0,7585.75,7583.0,7584.25,999
2026-06-02T00:50:00+00:00,7584.0,7584.25,7581.5,7581.75,1065
2026-06-02T00:55:00+00:00,7581.5,7583.0,7580.0,7582.0,1968
2026-06-02T01:00:00+00:00,7581.5,7583.75,7580.0,7581.75,2397
2026-06-02T01:05:00+00:00,7581.75,7583.75,7581.0,7581.5,1335
2026-06-02T01:10:00+00:00,7581.25,7586.0,7581.0,7585.25,1716
2026-06-02T01:15:00+00:00,7585.5,7586.0,7582.5,7584.75,1258
2026-06-02T01:20:00+00:00,7584.5,7585.5,7582.75,7584.25,1125
2026-06-02T01:25:00+00:00,7584.25,7584.5,7578.75,7582.75,2086
2026-06-02T01:30:00+00:00,7583.0,7584.75,7582.5,7584.0,1232
2026-06-02T01:35:00+00:00,7584.0,7584.5,7579.75,7580.25,1219
2026-06-02T01:40:00+00:00,7580.25,7584.75,7579.25,7580.75,2669
2026-06-02T01:45:00+00:00,7581.0,7581.0,7578.0,7578.75,1845
2026-06-02T01:50:00+00:00,7578.75,7579.75,7577.75,7579.25,1047
2026-06-02T01:55:00+00:00,7579.5,7580.5,7577.5,7577.5,878
2026-06-02T02:00:00+00:00,7577.5,7579.75,7577.5,7578.25,1126
2026-06-02T02:05:00+00:00,7578.25,7579.0,7577.0,7577.25,1186
2026-06-02T02:10:00+00:00,7577.5,7578.75,7577.25,7578.25,724
2026-06-02T02:15:00+00:00,7578.25,7580.5,7577.25,7580.25,990
2026-06-02T02:20:00+00:00,7580.25,7581.75,7579.5,7579.75,1212
2026-06-02T02:25:00+00:00,7580.0,7581.0,7578.75,7579.75,627
2026-06-02T02:30:00+00:00,7580.0,7581.5,7580.0,7581.25,886
2026-06-02T02:35:00+00:00,7581.25,7582.75,7581.0,7582.25,878
2026-06-02T02:40:00+00:00,7582.25,7583.25,7580.75,7581.75,735
2026-06-02T02:45:00+00:00,7582.0,7582.5,7580.0,7580.5,687
2026-06-02T02:50:00+00:00,7580.25,7581.75,7580.0,7580.25,468
2026-06-02T02:55:00+00:00,7580.25,7582.5,7580.25,7581.5,424
2026-06-02T03:00:00+00:00,7581.25,7582.75,7580.5,7581.0,748
2026-06-02T03:05:00+00:00,7581.25,7582.25,7579.0,7579.75,1066
2026-06-02T03:10:00+00:00,7579.75,7579.75,7577.75,7578.5,1021
2026-06-02T03:15:00+00:00,7578.5,7580.25,7577.25,7577.5,1036
2026-06-02T03:20:00+00:00,7577.5,7578.75,7576.25,7578.75,1435
2026-06-02T03:25:00+00:00,7578.75,7579.75,7577.25,7578.0,934
2026-06-02T03:30:00+00:00,7578.0,7579.0,7577.0,7577.25,1020
2026-06-02T03:35:00+00:00,7577.5,7580.5,7577.25,7579.25,739
2026-06-02T03:40:00+00:00,7579.5,7580.5,7578.0,7580.0,487
2026-06-02T03:45:00+00:00,7580.0,7581.5,7579.75,7581.5,624
2026-06-02T03:50:00+00:00,7581.5,7582.0,7580.5,7581.0,740
2026-06-02T03:55:00+00:00,7581.0,7581.5,7580.5,7581.25,268
2026-06-02T04:05:00+00:00,7583.75,7584.0,7583.25,7583.5,2102
2026-06-02T04:10:00+00:00,7583.75,7584.5,7582.25,7582.5,599
2026-06-02T04:15:00+00:00,7582.5,7583.5,7581.5,7581.5,733
2026-06-02T04:20:00+00:00,7581.75,7584.0,7581.75,7583.25,619
2026-06-02T04:25:00+00:00,7583.25,7586.75,7582.75,7585.5,1017
2026-06-02T04:30:00+00:00,7585.5,7586.0,7584.75,7585.25,756
2026-06-02T04:35:00+00:00,7585.0,7585.5,7584.0,7585.5,498
2026-06-02T04:40:00+00:00,7585.25,7586.0,7584.75,7585.75,389
2026-06-02T04:45:00+00:00,7585.5,7589.0,7585.25,7588.0,1321
2026-06-02T04:50:00+00:00,7588.0,7589.5,7587.75,7588.75,670
2026-06-02T04:55:00+00:00,7588.75,7590.75,7588.25,7590.5,980
2026-06-02T05:00:00+00:00,7590.5,7591.75,7588.75,7588.75,1264
2026-06-02T05:05:00+00:00,7589.0,7591.0,7588.25,7590.5,715
2026-06-02T05:10:00+00:00,7590.5,7593.0,7590.0,7592.75,826
2026-06-02T05:15:00+00:00,7592.75,7593.0,7591.5,7592.5,451
2026-06-02T05:20:00+00:00,7592.5,7594.0,7592.25,7593.75,617
2026-06-02T05:25:00+00:00,7593.75,7594.25,7592.75,7593.5,520
2026-06-02T05:30:00+00:00,7593.75,7595.75,7593.75,7595.75,860
2026-06-02T05:35:00+00:00,7595.75,7596.75,7593.75,7594.0,1147
2026-06-02T05:40:00+00:00,7594.25,7595.25,7593.75,7595.25,409
2026-06-02T05:45:00+00:00,7595.25,7595.25,7592.5,7593.5,549
2026-06-02T05:50:00+00:00,7593.5,7593.75,7592.0,7592.75,636
2026-06-02T05:55:00+00:00,7592.75,7594.5,7592.0,7594.0,612
2026-06-02T06:00:00+00:00,7594.25,7596.25,7593.75,7595.25,1426
2026-06-02T06:05:00+00:00,7595.25,7597.75,7595.0,7595.75,1085
2026-06-02T06:10:00+00:00,7595.5,7596.5,7595.0,7596.25,576
2026-06-02T06:15:00+00:00,7596.5,7598.0,7596.25,7597.25,741
2026-06-02T06:20:00+00:00,7597.5,7598.75,7597.0,7597.75,844
2026-06-02T06:25:00+00:00,7597.75,7598.0,7597.0,7597.25,498
2026-06-02T06:30:00+00:00,7597.25,7597.75,7595.25,7597.0,921
2026-06-02T06:35:00+00:00,7597.0,7600.25,7596.5,7599.5,2886
2026-06-02T06:40:00+00:00,7599.25,7600.25,7598.5,7598.5,596
2026-06-02T06:45:00+00:00,7598.5,7601.0,7598.25,7600.0,637
2026-06-02T06:50:00+00:00,7600.25,7600.5,7599.25,7600.25,446
2026-06-02T06:55:00+00:00,7600.25,7602.25,7600.0,7601.5,1038
2026-06-02T07:00:00+00:00,7601.5,7604.0,7601.25,7603.5,1580
2026-06-02T07:05:00+00:00,7603.75,7605.5,7603.25,7604.75,1232
2026-06-02T07:10:00+00:00,7604.75,7605.25,7604.25,7604.75,619
2026-06-02T07:15:00+00:00,7604.5,7605.25,7603.75,7604.5,716
2026-06-02T07:20:00+00:00,7604.5,7606.25,7604.5,7605.25,1038
2026-06-02T07:25:00+00:00,7605.25,7605.5,7603.0,7604.25,990
2026-06-02T07:30:00+00:00,7604.0,7604.25,7602.25,7603.5,835
2026-06-02T07:35:00+00:00,7603.25,7605.0,7602.75,7603.25,584
2026-06-02T07:40:00+00:00,7603.0,7605.25,7602.75,7604.25,665
2026-06-02T07:45:00+00:00,7604.25,7604.5,7602.25,7603.25,855
2026-06-02T07:50:00+00:00,7603.25,7606.25,7602.75,7605.75,833
2026-06-02T07:55:00+00:00,7605.75,7606.5,7605.0,7606.25,708
2026-06-02T08:00:00+00:00,7606.25,7610.5,7606.25,7610.0,2331
2026-06-02T08:05:00+00:00,7610.0,7610.5,7607.0,7608.75,1340
2026-06-02T08:10:00+00:00,7608.5,7608.75,7605.5,7606.75,1030
2026-06-02T08:15:00+00:00,7606.5,7609.0,7606.25,7606.5,844
2026-06-02T08:20:00+00:00,7606.5,7607.5,7604.0,7606.0,2290
2026-06-02T08:25:00+00:00,7606.0,7606.75,7603.25,7603.75,1479
2026-06-02T08:30:00+00:00,7604.0,7606.75,7603.5,7605.5,1111
2026-06-02T08:35:00+00:00,7605.5,7606.5,7605.0,7606.0,757
2026-06-02T08:40:00+00:00,7606.25,7607.5,7605.0,7605.25,675
2026-06-02T08:45:00+00:00,7605.5,7607.75,7605.0,7607.25,579
2026-06-02T08:50:00+00:00,7607.25,7607.5,7606.0,7606.75,575
2026-06-02T08:55:00+00:00,7606.5,7606.75,7604.75,7605.75,486
2026-06-02T09:00:00+00:00,7605.5,7605.5,7601.75,7602.25,1168
2026-06-02T09:05:00+00:00,7602.5,7604.5,7602.25,7604.25,499
2026-06-02T09:10:00+00:00,7604.5,7604.5,7602.0,7602.5,445
2026-06-02T09:15:00+00:00,7602.75,7604.25,7602.0,7603.25,565
2026-06-02T09:20:00+00:00,7603.25,7603.25,7599.0,7600.25,1259
2026-06-02T09:25:00+00:00,7600.5,7601.5,7598.75,7600.25,1110
2026-06-02T09:30:00+00:00,7600.5,7601.25,7599.5,7601.25,707
2026-06-02T09:35:00+00:00,7601.0,7601.25,7599.25,7601.25,507
2026-06-02T09:40:00+00:00,7601.0,7605.25,7598.75,7604.5,2701
2026-06-02T09:45:00+00:00,7604.5,7605.5,7603.75,7605.0,901
2026-06-02T09:50:00+00:00,7605.0,7605.75,7602.5,7602.75,1243
2026-06-02T09:55:00+00:00,7602.75,7603.5,7601.0,7601.5,1231
2026-06-02T10:00:00+00:00,7601.25,7601.75,7599.25,7601.0,1076
2026-06-02T10:05:00+00:00,7601.25,7602.25,7601.0,7602.0,508
2026-06-02T10:10:00+00:00,7601.75,7603.5,7601.25,7601.5,787
2026-06-02T10:15:00+00:00,7601.75,7603.25,7601.25,7603.0,812
2026-06-02T10:20:00+00:00,7603.25,7603.25,7601.75,7603.0,509
2026-06-02T10:25:00+00:00,7603.0,7603.0,7600.75,7602.25,743
2026-06-02T10:30:00+00:00,7602.0,7602.5,7600.75,7600.75,515
2026-06-02T10:35:00+00:00,7600.75,7600.75,7599.0,7600.25,689
2026-06-02T10:40:00+00:00,7600.5,7600.75,7599.25,7600.0,369
2026-06-02T10:45:00+00:00,7600.0,7600.75,7598.75,7599.0,713
2026-06-02T10:50:00+00:00,7599.25,7600.75,7599.25,7600.75,458
2026-06-02T10:55:00+00:00,7600.75,7601.0,7598.75,7598.75,685
2026-06-02T11:00:00+00:00,7599.0,7599.75,7595.25,7596.0,2041
2026-06-02T11:05:00+00:00,7595.75,7598.0,7595.75,7598.0,959
2026-06-02T11:10:00+00:00,7598.0,7600.25,7597.5,7598.5,1582
2026-06-02T11:15:00+00:00,7598.5,7599.0,7596.75,7597.25,1035
2026-06-02T11:20:00+00:00,7597.5,7597.75,7596.0,7596.5,886
2026-06-02T11:25:00+00:00,7596.25,7598.75,7596.25,7598.5,794
2026-06-02T11:30:00+00:00,7598.75,7602.5,7598.5,7600.75,3501
2026-06-02T11:35:00+00:00,7600.5,7601.75,7599.5,7601.25,1023
2026-06-02T11:40:00+00:00,7601.5,7601.75,7598.5,7599.0,842
2026-06-02T11:45:00+00:00,7599.0,7599.25,7597.75,7598.25,793
2026-06-02T11:50:00+00:00,7598.0,7599.0,7597.5,7598.5,580
2026-06-02T11:55:00+00:00,7598.5,7598.75,7596.0,7596.25,1057
2026-06-02T12:00:00+00:00,7596.25,7597.75,7595.0,7597.25,1377
2026-06-02T12:05:00+00:00,7597.5,7599.5,7596.75,7599.5,1503
2026-06-02T12:10:00+00:00,7599.25,7600.25,7597.75,7598.25,1191
2026-06-02T12:15:00+00:00,7598.5,7600.0,7597.25,7597.75,1120
2026-06-02T12:20:00+00:00,7597.75,7602.5,7597.75,7602.25,2883
2026-06-02T12:25:00+00:00,7602.25,7602.75,7600.25,7601.25,1500
2026-06-02T12:30:00+00:00,7601.0,7601.75,7597.25,7599.25,2211
2026-06-02T12:35:00+00:00,7599.25,7600.25,7597.25,7598.75,1412
2026-06-02T12:40:00+00:00,7599.0,7601.75,7599.0,7601.25,1831
2026-06-02T12:45:00+00:00,7601.5,7601.5,7598.75,7599.25,1131
2026-06-02T12:50:00+00:00,7599.5,7600.5,7596.75,7597.0,1318
2026-06-02T12:55:00+00:00,7597.0,7597.75,7596.5,7597.0,858
2026-06-02T13:00:00+00:00,7597.0,7598.25,7595.75,7596.5,2774
2026-06-02T13:05:00+00:00,7596.5,7598.0,7587.5,7591.5,8781
2026-06-02T13:10:00+00:00,7591.75,7594.25,7590.0,7591.75,4098
2026-06-02T13:15:00+00:00,7591.75,7595.25,7590.75,7594.0,2843
2026-06-02T13:20:00+00:00,7594.0,7597.75,7593.75,7597.25,3254
2026-06-02T13:25:00+00:00,7597.5,7599.5,7594.75,7598.0,6228
2026-06-02T13:30:00+00:00,7598.25,7605.25,7596.5,7602.5,27884
2026-06-02T13:35:00+00:00,7602.5,7603.75,7597.5,7597.75,17725
2026-06-02T13:40:00+00:00,7597.75,7601.25,7595.5,7601.25,17919
2026-06-02T13:45:00+00:00,7601.0,7604.75,7600.75,7604.25,14047
2026-06-02T13:50:00+00:00,7604.25,7605.5,7602.0,7602.75,12433
2026-06-02T13:55:00+00:00,7602.75,7604.5,7601.25,7604.0,9838
2026-06-02T14:00:00+00:00,7604.0,7606.0,7599.25,7605.75,13661
2026-06-02T14:05:00+00:00,7605.75,7607.0,7603.75,7606.75,11205
2026-06-02T14:10:00+00:00,7606.75,7611.5,7606.25,7609.5,16520
2026-06-02T14:15:00+00:00,7609.5,7611.25,7607.75,7611.0,12216
2026-06-02T14:20:00+00:00,7610.75,7612.5,7606.75,7608.0,15926
2026-06-02T14:25:00+00:00,7608.0,7610.5,7603.0,7605.0,18228
2026-06-02T14:30:00+00:00,7605.0,7613.25,7604.75,7613.25,16726
2026-06-02T14:35:00+00:00,7613.25,7616.0,7612.25,7613.0,12336
2026-06-02T14:40:00+00:00,7613.0,7617.25,7611.75,7617.0,10752
2026-06-02T14:45:00+00:00,7617.0,7621.0,7616.0,7620.75,11219
2026-06-02T14:50:00+00:00,7620.75,7624.0,7620.0,7623.25,11869
2026-06-02T14:55:00+00:00,7623.5,7625.25,7621.5,7625.25,8809
2026-06-02T15:00:00+00:00,7625.25,7625.75,7622.0,7622.75,9679
2026-06-02T15:05:00+00:00,7622.75,7629.25,7621.5,7629.25,12753
2026-06-02T15:10:00+00:00,7629.25,7630.0,7626.25,7628.0,9031
2026-06-02T15:15:00+00:00,7628.0,7629.75,7627.25,7629.5,5858
2026-06-02T15:20:00+00:00,7629.5,7632.0,7628.75,7630.0,8945
2026-06-02T15:25:00+00:00,7630.0,7631.0,7626.5,7627.0,8016
2026-06-02T15:30:00+00:00,7626.75,7627.25,7624.75,7625.75,8516
2026-06-02T15:35:00+00:00,7626.0,7628.5,7625.25,7625.75,7803
2026-06-02T15:40:00+00:00,7626.0,7626.5,7623.75,7624.5,6606
2026-06-02T15:45:00+00:00,7624.5,7627.25,7623.75,7625.0,6155
2026-06-02T15:50:00+00:00,7625.25,7626.25,7623.5,7624.75,4708
2026-06-02T15:55:00+00:00,7624.75,7626.5,7623.75,7624.75,4518
2026-06-02T16:00:00+00:00,7624.75,7625.25,7621.5,7623.25,7696
2026-06-02T16:05:00+00:00,7623.25,7626.75,7622.75,7625.0,11490
2026-06-02T16:10:00+00:00,7625.0,7628.0,7624.25,7626.5,6272
2026-06-02T16:15:00+00:00,7626.5,7626.75,7622.75,7623.25,5664
2026-06-02T16:20:00+00:00,7623.25,7624.0,7620.0,7623.25,8601
2026-06-02T16:25:00+00:00,7623.0,7623.5,7620.5,7621.0,4040
2026-06-02T16:30:00+00:00,7621.0,7623.25,7620.0,7620.5,4836
2026-06-02T16:35:00+00:00,7620.5,7621.5,7618.75,7620.0,6272
2026-06-02T16:40:00+00:00,7620.25,7622.25,7620.0,7620.75,4481
2026-06-02T16:45:00+00:00,7620.75,7624.75,7620.5,7624.75,5090
2026-06-02T16:50:00+00:00,7624.75,7626.25,7624.0,7624.5,5045
2026-06-02T16:55:00+00:00,7624.25,7627.25,7624.0,7626.5,4058
2026-06-02T17:00:00+00:00,7626.5,7627.25,7624.5,7626.75,4367
2026-06-02T17:05:00+00:00,7626.75,7627.5,7624.0,7625.5,7087
2026-06-02T17:10:00+00:00,7625.5,7626.75,7623.75,7626.5,2676
2026-06-02T17:15:00+00:00,7626.75,7626.75,7620.5,7621.5,7222
2026-06-02T17:20:00+00:00,7621.75,7622.75,7618.75,7619.25,6292
2026-06-02T17:25:00+00:00,7619.25,7619.5,7617.0,7618.0,6473
2026-06-02T17:30:00+00:00,7618.25,7621.25,7617.5,7618.5,6327
2026-06-02T17:35:00+00:00,7618.5,7619.0,7615.5,7616.0,5707
2026-06-02T17:40:00+00:00,7616.0,7620.0,7615.5,7618.75,5843
2026-06-02T17:45:00+00:00,7618.5,7620.5,7618.25,7620.25,3867
2026-06-02T17:50:00+00:00,7620.0,7621.0,7618.75,7618.75,3810
2026-06-02T17:55:00+00:00,7618.75,7618.75,7616.0,7616.5,3873
2026-06-02T18:00:00+00:00,7616.75,7618.5,7616.0,7617.0,3558
2026-06-02T18:05:00+00:00,7616.75,7620.0,7616.75,7619.5,3336
2026-06-02T18:10:00+00:00,7619.25,7621.75,7618.0,7618.5,6051
2026-06-02T18:15:00+00:00,7618.5,7618.75,7616.5,7617.25,3458
2026-06-02T18:20:00+00:00,7617.25,7619.0,7616.5,7617.75,3092
2026-06-02T18:25:00+00:00,7617.75,7619.0,7616.75,7617.5,2911
2026-06-02T18:30:00+00:00,7617.5,7620.25,7617.0,7618.0,4073
2026-06-02T18:35:00+00:00,7618.0,7618.0,7614.75,7615.0,5454
2026-06-02T18:40:00+00:00,7615.0,7617.25,7614.25,7616.5,5326
2026-06-02T18:45:00+00:00,7616.5,7618.25,7615.75,7618.0,3363
2026-06-02T18:50:00+00:00,7618.0,7619.0,7616.5,7617.5,2875
2026-06-02T18:55:00+00:00,7617.5,7620.0,7617.25,7618.75,3412
2026-06-02T19:00:00+00:00,7618.75,7622.25,7618.75,7622.0,6339
2026-06-02T19:05:00+00:00,7621.75,7622.25,7620.5,7622.0,3510
2026-06-02T19:10:00+00:00,7622.0,7622.75,7620.0,7620.5,4077
2026-06-02T19:15:00+00:00,7620.5,7622.0,7620.25,7621.25,2943
2026-06-02T19:20:00+00:00,7621.25,7623.75,7621.0,7623.5,4351
2026-06-02T19:25:00+00:00,7623.5,7623.75,7620.5,7621.5,3986
2026-06-02T19:30:00+00:00,7621.5,7623.0,7621.0,7622.5,3236
2026-06-02T19:35:00+00:00,7622.5,7623.0,7621.0,7621.25,2289
2026-06-02T19:40:00+00:00,7621.25,7622.25,7620.0,7620.0,4071
2026-06-02T19:45:00+00:00,7620.0,7623.0,7619.5,7622.75,5334
2026-06-02T19:50:00+00:00,7623.0,7625.5,7620.75,7624.0,10397
2026-06-02T19:55:00+00:00,7623.5,7625.25,7622.25,7623.5,15166
2026-06-02T20:00:00+00:00,7623.5,7627.5,7623.25,7627.5,6347
2026-06-02T20:05:00+00:00,7627.5,7630.0,7627.25,7628.0,5063
2026-06-02T20:10:00+00:00,7627.75,7629.0,7626.75,7627.0,1817
2026-06-02T20:15:00+00:00,7627.0,7629.25,7626.25,7629.0,1254
2026-06-02T20:20:00+00:00,7629.0,7629.5,7626.5,7627.0,1244
2026-06-02T20:25:00+00:00,7627.0,7627.0,7625.75,7626.25,1080
2026-06-02T20:30:00+00:00,7626.25,7626.5,7625.75,7626.5,806
2026-06-02T20:35:00+00:00,7626.5,7628.0,7626.5,7627.25,900
2026-06-02T20:40:00+00:00,7627.25,7628.5,7627.0,7628.0,918
2026-06-02T20:45:00+00:00,7628.0,7628.5,7627.25,7628.25,961
2026-06-02T20:50:00+00:00,7628.0,7629.0,7628.0,7628.5,814
2026-06-02T20:55:00+00:00,7628.5,7629.0,7627.75,7628.25,872
2026-06-02T22:00:00+00:00,7628.25,7628.5,7623.0,7623.25,0
2026-06-02T22:05:00+00:00,7623.25,7626.5,7623.25,7624.75,1447
2026-06-02T22:10:00+00:00,7624.75,7626.5,7622.0,7623.5,1549
2026-06-02T22:15:00+00:00,7623.5,7624.25,7622.75,7624.0,772
2026-06-02T22:20:00+00:00,7624.0,7626.0,7624.0,7625.0,1032
2026-06-02T22:25:00+00:00,7625.0,7626.0,7623.75,7625.0,606
2026-06-02T22:30:00+00:00,7625.0,7627.0,7624.75,7625.75,877
2026-06-02T22:35:00+00:00,7625.5,7626.25,7624.5,7625.0,485
2026-06-02T22:40:00+00:00,7625.0,7626.0,7624.75,7625.5,551
2026-06-02T22:45:00+00:00,7625.5,7626.5,7623.75,7625.25,650
2026-06-02T22:50:00+00:00,7625.0,7625.5,7621.5,7622.25,1824
2026-06-02T22:55:00+00:00,7622.5,7623.75,7620.5,7621.5,1178
2026-06-02T23:00:00+00:00,7621.5,7622.0,7616.25,7616.75,2057
2026-06-02T23:05:00+00:00,7616.75,7618.75,7616.0,7616.0,1549
2026-06-02T23:10:00+00:00,7616.25,7617.0,7614.5,7616.0,1688
2026-06-02T23:15:00+00:00,7616.0,7616.25,7608.75,7609.75,4670
2026-06-02T23:20:00+00:00,7609.5,7609.75,7603.0,7605.75,8024
2026-06-02T23:25:00+00:00,7605.5,7610.5,7602.5,7610.25,4952
2026-06-02T23:30:00+00:00,7610.25,7612.75,7607.75,7610.0,3882
2026-06-02T23:35:00+00:00,7610.25,7616.75,7610.0,7616.25,3978
2026-06-02T23:40:00+00:00,7616.25,7622.75,7615.5,7621.25,3935
2026-06-02T23:45:00+00:00,7621.5,7622.5,7618.75,7620.5,2319
2026-06-02T23:50:00+00:00,7620.5,7623.25,7618.75,7622.5,2207
2026-06-02T23:55:00+00:00,7622.5,7626.0,7620.75,7624.5,2878
2026-06-03T00:00:00+00:00,7624.75,7626.75,7623.75,7625.25,2273
2026-06-03T00:05:00+00:00,7625.5,7625.75,7621.5,7622.75,1983
2026-06-03T00:10:00+00:00,7622.75,7623.25,7620.25,7620.5,1385
2026-06-03T00:15:00+00:00,7620.5,7624.0,7619.5,7623.5,1759
2026-06-03T00:20:00+00:00,7623.25,7624.5,7620.75,7621.5,1112
2026-06-03T00:25:00+00:00,7621.25,7622.5,7620.25,7622.5,749
2026-06-03T00:30:00+00:00,7622.5,7624.0,7621.5,7623.25,864
2026-06-03T00:35:00+00:00,7623.0,7625.5,7622.0,7624.75,867
2026-06-03T00:40:00+00:00,7624.75,7625.75,7624.25,7625.75,908
2026-06-03T00:45:00+00:00,7625.5,7626.5,7625.0,7625.25,862
2026-06-03T00:50:00+00:00,7625.5,7627.0,7625.0,7625.5,987
2026-06-03T00:55:00+00:00,7625.5,7626.25,7624.75,7625.5,602
2026-06-03T01:00:00+00:00,7625.25,7626.0,7620.75,7621.5,1941
2026-06-03T01:05:00+00:00,7621.5,7622.75,7620.0,7621.5,1244
2026-06-03T01:10:00+00:00,7621.5,7622.5,7620.25,7620.5,778
2026-06-03T01:15:00+00:00,7620.5,7622.0,7619.75,7621.5,662
2026-06-03T01:20:00+00:00,7621.75,7621.75,7620.25,7621.0,250
2026-06-03T01:25:00+00:00,7621.0,7622.0,7620.75,7621.75,381
2026-06-03T01:30:00+00:00,7621.25,7623.0,7620.0,7622.75,1510
2026-06-03T01:35:00+00:00,7623.0,7623.5,7619.75,7620.5,1155
2026-06-03T01:40:00+00:00,7620.75,7621.0,7619.25,7620.75,984
2026-06-03T01:45:00+00:00,7620.75,7620.75,7619.0,7620.25,811
2026-06-03T01:50:00+00:00,7620.25,7622.5,7619.5,7621.5,739
2026-06-03T01:55:00+00:00,7621.5,7622.25,7620.75,7621.75,395
2026-06-03T02:00:00+00:00,7622.0,7622.5,7620.75,7621.75,418
2026-06-03T02:05:00+00:00,7621.5,7622.25,7620.25,7621.25,364
2026-06-03T02:10:00+00:00,7621.25,7623.0,7621.25,7622.75,488
2026-06-03T02:15:00+00:00,7622.75,7623.25,7622.0,7622.5,444
2026-06-03T02:20:00+00:00,7622.5,7622.75,7620.25,7620.5,628
2026-06-03T02:25:00+00:00,7620.5,7622.75,7620.0,7621.25,906
2026-06-03T02:30:00+00:00,7621.5,7621.75,7620.5,7621.25,307
2026-06-03T02:35:00+00:00,7621.25,7622.75,7620.5,7622.5,445
2026-06-03T02:40:00+00:00,7622.5,7622.75,7621.5,7621.5,337
2026-06-03T02:45:00+00:00,7621.5,7621.5,7620.25,7620.75,306
2026-06-03T02:50:00+00:00,7620.75,7621.25,7620.0,7620.25,427
2026-06-03T02:55:00+00:00,7620.5,7621.5,7620.25,7621.25,224
2026-06-03T03:00:00+00:00,7621.25,7622.0,7620.75,7621.75,282
2026-06-03T03:05:00+00:00,7622.0,7622.25,7621.0,7621.25,241
2026-06-03T03:10:00+00:00,7621.5,7622.75,7621.5,7622.75,289
2026-06-03T03:15:00+00:00,7622.5,7622.75,7622.0,7622.25,486
2026-06-03T03:20:00+00:00,7622.25,7624.5,7622.25,7624.0,927
2026-06-03T03:25:00+00:00,7624.0,7624.0,7621.25,7621.5,642
2026-06-03T03:30:00+00:00,7621.5,7622.75,7621.5,7622.5,394
2026-06-03T03:35:00+00:00,7622.75,7623.0,7622.0,7622.0,206
2026-06-03T03:40:00+00:00,7622.0,7623.75,7622.0,7623.0,282
2026-06-03T03:45:00+00:00,7623.25,7623.5,7622.0,7622.0,232
2026-06-03T03:50:00+00:00,7622.0,7623.0,7621.75,7623.0,423
2026-06-03T03:55:00+00:00,7623.25,7624.0,7623.0,7623.75,335
2026-06-03T04:05:00+00:00,7624.5,7625.0,7624.5,7624.75,1085
2026-06-03T04:10:00+00:00,7624.75,7625.5,7624.25,7625.25,465
2026-06-03T04:15:00+00:00,7625.25,7625.75,7624.0,7624.75,516
2026-06-03T04:20:00+00:00,7624.5,7625.0,7624.5,7625.0,88
2026-06-03T04:25:00+00:00,7625.0,7625.25,7624.25,7624.75,218
2026-06-03T04:30:00+00:00,7624.75,7625.5,7624.25,7625.5,244
2026-06-03T04:35:00+00:00,7625.75,7625.75,7624.0,7624.5,428
2026-06-03T04:40:00+00:00,7624.5,7625.0,7624.25,7625.0,209
2026-06-03T04:45:00+00:00,7624.75,7625.0,7622.5,7623.25,540
2026-06-03T04:50:00+00:00,7623.25,7623.5,7622.5,7622.75,203
2026-06-03T04:55:00+00:00,7622.5,7623.0,7622.0,7622.25,348
2026-06-03T05:00:00+00:00,7622.5,7622.5,7619.5,7621.25,1076
2026-06-03T05:05:00+00:00,7621.25,7622.75,7620.75,7622.5,375
2026-06-03T05:10:00+00:00,7622.25,7624.25,7622.25,7623.5,633
2026-06-03T05:15:00+00:00,7623.5,7624.0,7622.75,7623.5,325
2026-06-03T05:20:00+00:00,7623.5,7624.25,7623.25,7624.25,253
2026-06-03T05:25:00+00:00,7624.25,7624.5,7621.5,7622.0,446
2026-06-03T05:30:00+00:00,7622.0,7622.0,7618.75,7620.0,1065
2026-06-03T05:35:00+00:00,7619.75,7621.5,7619.75,7621.25,570
2026-06-03T05:40:00+00:00,7621.5,7622.0,7619.25,7619.5,424
2026-06-03T05:45:00+00:00,7619.5,7620.0,7618.75,7619.25,442
2026-06-03T05:50:00+00:00,7619.5,7619.75,7617.5,7619.5,977
2026-06-03T05:55:00+00:00,7619.5,7620.0,7618.25,7619.25,562
2026-06-03T06:00:00+00:00,7619.0,7622.0,7618.5,7621.5,959
2026-06-03T06:05:00+00:00,7621.25,7621.75,7618.5,7618.75,1048
2026-06-03T06:10:00+00:00,7618.75,7619.0,7615.75,7618.0,1391
2026-06-03T06:15:00+00:00,7617.75,7618.25,7617.0,7617.25,521
2026-06-03T06:20:00+00:00,7617.5,7618.5,7617.0,7618.5,483
2026-06-03T06:25:00+00:00,7618.5,7619.25,7617.5,7618.5,618
2026-06-03T06:30:00+00:00,7618.5,7618.75,7616.75,7617.5,665
2026-06-03T06:35:00+00:00,7617.5,7621.0,7617.5,7620.5,877
2026-06-03T06:40:00+00:00,7620.25,7621.5,7617.5,7619.5,2385
2026-06-03T06:45:00+00:00,7619.5,7619.75,7617.25,7618.0,1207
2026-06-03T06:50:00+00:00,7618.25,7619.5,7617.75,7618.0,542
2026-06-03T06:55:00+00:00,7618.0,7619.0,7617.5,7619.0,192
2026-06-03T07:00:00+00:00,7619.0,7619.75,7617.75,7618.75,739
2026-06-03T07:05:00+00:00,7619.0,7621.5,7619.0,7621.25,903
2026-06-03T07:10:00+00:00,7621.0,7623.5,7620.5,7622.25,1191
2026-06-03T07:15:00+00:00,7622.5,7623.25,7621.25,7622.75,518
2026-06-03T07:20:00+00:00,7622.5,7622.5,7619.25,7619.5,621
2026-06-03T07:25:00+00:00,7619.75,7620.75,7618.5,7619.0,878
2026-06-03T07:30:00+00:00,7619.0,7620.5,7618.25,7618.75,712
2026-06-03T07:35:00+00:00,7618.75,7619.25,7617.5,7618.0,997
2026-06-03T07:40:00+00:00,7618.25,7618.25,7615.75,7617.5,1175
2026-06-03T07:45:00+00:00,7617.5,7618.75,7617.0,7618.25,468
2026-06-03T07:50:00+00:00,7618.0,7620.5,7617.75,7619.5,578
2026-06-03T07:55:00+00:00,7619.75,7620.5,7619.25,7620.0,320
2026-06-03T08:00:00+00:00,7620.25,7620.5,7617.5,7619.75,1118
2026-06-03T08:05:00+00:00,7619.75,7620.5,7617.5,7619.25,1909
2026-06-03T08:10:00+00:00,7619.0,7622.0,7619.0,7619.5,734
2026-06-03T08:15:00+00:00,7619.75,7620.75,7618.25,7619.0,959
2026-06-03T08:20:00+00:00,7619.0,7619.0,7615.5,7616.75,1903
2026-06-03T08:25:00+00:00,7616.5,7621.5,7616.5,7621.5,1190
2026-06-03T08:30:00+00:00,7621.5,7622.0,7619.75,7621.25,937
2026-06-03T08:35:00+00:00,7621.0,7621.25,7618.25,7619.25,832
2026-06-03T08:40:00+00:00,7618.75,7619.75,7618.0,7618.75,516
2026-06-03T08:45:00+00:00,7619.0,7620.0,7617.75,7619.0,927
2026-06-03T08:50:00+00:00,7619.0,7619.75,7617.5,7618.25,363
2026-06-03T08:55:00+00:00,7618.0,7619.25,7617.5,7618.75,316
2026-06-03T09:00:00+00:00,7618.75,7619.0,7617.5,7618.75,565
2026-06-03T09:05:00+00:00,7618.75,7621.5,7618.5,7621.5,698
2026-06-03T09:10:00+00:00,7621.25,7621.75,7618.5,7619.0,663
2026-06-03T09:15:00+00:00,7619.0,7619.75,7617.75,7619.0,526
2026-06-03T09:20:00+00:00,7619.25,7620.25,7616.5,7617.25,1068
2026-06-03T09:25:00+00:00,7617.5,7619.5,7617.25,7618.75,559
2026-06-03T09:30:00+00:00,7618.75,7619.25,7616.5,7616.5,622
2026-06-03T09:35:00+00:00,7616.5,7617.0,7615.5,7616.0,775
2026-06-03T09:40:00+00:00,7616.0,7616.25,7614.5,7615.5,1070
2026-06-03T09:45:00+00:00,7615.5,7615.5,7613.25,7614.25,1344
2026-06-03T09:50:00+00:00,7614.0,7615.75,7613.5,7613.75,747
2026-06-03T09:55:00+00:00,7613.75,7614.25,7611.25,7612.0,1098
2026-06-03T10:00:00+00:00,7611.75,7612.25,7610.5,7610.75,1288
2026-06-03T10:05:00+00:00,7611.0,7622.25,7611.0,7617.25,9479
2026-06-03T10:10:00+00:00,7617.25,7618.75,7615.0,7616.5,1872
2026-06-03T10:15:00+00:00,7616.5,7616.75,7613.75,7614.5,1015
2026-06-03T10:20:00+00:00,7614.75,7615.5,7613.5,7615.25,766
2026-06-03T10:25:00+00:00,7615.25,7616.0,7613.75,7616.0,948
2026-06-03T10:30:00+00:00,7616.25,7618.0,7615.25,7616.0,1303
2026-06-03T10:35:00+00:00,7616.0,7616.0,7614.0,7614.5,1011
2026-06-03T10:40:00+00:00,7614.5,7614.75,7611.0,7611.0,1183
2026-06-03T10:45:00+00:00,7611.25,7612.5,7610.75,7611.5,1099
2026-06-03T10:50:00+00:00,7611.5,7614.25,7611.25,7614.0,709
2026-06-03T10:55:00+00:00,7614.0,7615.75,7614.0,7615.0,772
2026-06-03T11:00:00+00:00,7614.5,7618.25,7614.5,7617.5,1498
2026-06-03T11:05:00+00:00,7617.75,7618.0,7615.0,7616.0,752
2026-06-03T11:10:00+00:00,7616.0,7617.5,7615.75,7616.75,673
2026-06-03T11:15:00+00:00,7616.75,7617.5,7615.75,7617.25,680
2026-06-03T11:20:00+00:00,7617.5,7617.75,7616.25,7617.5,718
2026-06-03T11:25:00+00:00,7617.5,7618.75,7616.75,7617.5,1082
2026-06-03T11:30:00+00:00,7617.5,7620.5,7617.5,7619.25,1403
2026-06-03T11:35:00+00:00,7619.25,7619.75,7617.75,7619.25,810
2026-06-03T11:40:00+00:00,7619.0,7619.5,7618.0,7618.75,530
2026-06-03T11:45:00+00:00,7618.75,7619.25,7617.0,7617.5,882
2026-06-03T11:50:00+00:00,7617.5,7618.75,7616.75,7617.5,807
2026-06-03T11:55:00+00:00,7617.25,7618.25,7616.25,7616.25,971
2026-06-03T12:00:00+00:00,7616.5,7619.0,7616.0,7618.25,1857
2026-06-03T12:05:00+00:00,7618.0,7618.5,7616.0,7616.5,970
2026-06-03T12:10:00+00:00,7616.75,7618.5,7616.25,7617.25,1001
2026-06-03T12:15:00+00:00,7617.0,7617.0,7612.5,7613.5,2249
2026-06-03T12:20:00+00:00,7613.5,7614.75,7613.0,7613.0,1349
2026-06-03T12:25:00+00:00,7613.0,7613.25,7611.25,7611.25,1780
2026-06-03T12:30:00+00:00,7611.25,7611.5,7607.5,7608.5,5346
2026-06-03T12:35:00+00:00,7608.25,7608.75,7603.75,7605.0,4429
2026-06-03T12:40:00+00:00,7605.0,7608.5,7604.5,7608.0,3480
2026-06-03T12:45:00+00:00,7607.75,7609.25,7606.5,7608.5,2306
2026-06-03T12:50:00+00:00,7608.75,7610.0,7606.75,7607.0,2088
2026-06-03T12:55:00+00:00,7606.75,7607.5,7603.75,7607.0,3598
2026-06-03T13:00:00+00:00,7606.75,7608.0,7605.25,7607.75,2067
2026-06-03T13:05:00+00:00,7607.5,7608.75,7606.75,7608.5,2422
2026-06-03T13:10:00+00:00,7608.25,7608.75,7606.0,7607.5,2385
2026-06-03T13:15:00+00:00,7607.5,7608.25,7605.25,7606.75,2343
2026-06-03T13:20:00+00:00,7606.75,7608.5,7606.0,7608.5,2946
2026-06-03T13:25:00+00:00,7608.5,7609.25,7606.0,7608.25,4646
2026-06-03T13:30:00+00:00,7608.5,7614.75,7606.75,7609.25,24754
2026-06-03T13:35:00+00:00,7609.25,7609.5,7602.5,7605.75,24298
2026-06-03T13:40:00+00:00,7605.75,7605.75,7591.75,7592.75,27245
2026-06-03T13:45:00+00:00,7592.25,7594.5,7575.25,7578.5,46263
2026-06-03T13:50:00+00:00,7578.25,7589.75,7574.0,7585.0,37122
2026-06-03T13:55:00+00:00,7585.0,7590.0,7584.25,7586.25,17942
2026-06-03T14:00:00+00:00,7586.0,7593.75,7585.25,7590.5,21569
2026-06-03T14:05:00+00:00,7590.5,7592.5,7588.25,7591.25,13526
2026-06-03T14:10:00+00:00,7591.5,7596.5,7591.25,7596.25,14231
2026-06-03T14:15:00+00:00,7596.25,7597.0,7587.0,7589.25,22419
2026-06-03T14:20:00+00:00,7589.5,7593.0,7587.0,7590.25,15557
2026-06-03T14:25:00+00:00,7590.25,7595.25,7590.0,7595.0,9134
2026-06-03T14:30:00+00:00,7594.75,7597.75,7592.0,7592.75,12476
2026-06-03T14:35:00+00:00,7593.25,7597.25,7590.75,7596.25,11115
2026-06-03T14:40:00+00:00,7596.25,7596.25,7591.5,7591.5,7584
2026-06-03T14:45:00+00:00,7591.5,7592.25,7586.25,7587.5,13874
2026-06-03T14:50:00+00:00,7587.25,7591.5,7583.75,7589.5,14217
2026-06-03T14:55:00+00:00,7589.5,7590.5,7586.5,7589.0,6604
2026-06-03T15:00:00+00:00,7589.25,7592.25,7588.75,7590.0,7655
2026-06-03T15:05:00+00:00,7590.0,7590.5,7585.5,7588.75,8431
2026-06-03T15:10:00+00:00,7588.5,7592.0,7586.5,7587.25,5232
2026-06-03T15:15:00+00:00,7587.25,7589.75,7585.75,7587.75,5725
2026-06-03T15:20:00+00:00,7588.0,7589.25,7580.5,7582.75,12936
2026-06-03T15:25:00+00:00,7582.75,7589.0,7580.25,7588.5,12442
2026-06-03T15:30:00+00:00,7588.5,7590.0,7581.75,7583.5,11561
2026-06-03T15:35:00+00:00,7583.5,7584.75,7578.75,7580.5,11527
2026-06-03T15:40:00+00:00,7580.75,7581.5,7578.0,7579.25,10062
2026-06-03T15:45:00+00:00,7579.0,7580.0,7574.75,7579.25,12377
2026-06-03T15:50:00+00:00,7579.0,7582.75,7577.0,7580.0,9212
2026-06-03T15:55:00+00:00,7579.75,7581.5,7577.75,7579.25,4578
2026-06-03T16:00:00+00:00,7579.25,7581.5,7576.75,7580.75,6471
2026-06-03T16:05:00+00:00,7580.5,7582.0,7576.25,7578.0,8439
2026-06-03T16:10:00+00:00,7577.75,7581.0,7577.5,7579.75,4694
2026-06-03T16:15:00+00:00,7579.75,7579.75,7571.75,7576.25,11806
2026-06-03T16:20:00+00:00,7576.0,7576.75,7567.5,7568.25,13440
2026-06-03T16:25:00+00:00,7568.0,7571.5,7565.75,7570.25,16094
2026-06-03T16:30:00+00:00,7570.0,7573.5,7569.0,7571.0,9989
2026-06-03T16:35:00+00:00,7571.0,7571.25,7565.75,7566.0,8844
2026-06-03T16:40:00+00:00,7566.0,7567.75,7562.5,7567.75,13585
2026-06-03T16:45:00+00:00,7567.75,7573.25,7567.5,7572.75,10796
2026-06-03T16:50:00+00:00,7572.75,7575.0,7570.5,7572.5,11649
2026-06-03T16:55:00+00:00,7572.75,7578.75,7571.0,7578.25,12174
2026-06-03T17:00:00+00:00,7578.25,7578.5,7573.0,7574.0,7910
2026-06-03T17:05:00+00:00,7573.75,7578.75,7572.0,7576.0,10443
2026-06-03T17:10:00+00:00,7576.0,7576.75,7568.0,7570.0,10236
2026-06-03T17:15:00+00:00,7569.75,7571.0,7567.0,7568.75,6949
2026-06-03T17:20:00+00:00,7568.75,7572.75,7568.25,7572.5,5484
2026-06-03T17:25:00+00:00,7572.5,7573.75,7570.25,7573.25,5416
2026-06-03T17:30:00+00:00,7573.25,7576.25,7568.75,7576.0,8194
2026-06-03T17:35:00+00:00,7576.25,7578.75,7575.0,7577.25,6488
2026-06-03T17:40:00+00:00,7577.0,7581.0,7576.5,7579.25,6685
2026-06-03T17:45:00+00:00,7579.25,7580.5,7577.75,7579.25,4953
2026-06-03T17:50:00+00:00,7579.5,7583.75,7579.25,7583.75,6962
2026-06-03T17:55:00+00:00,7583.75,7585.0,7582.5,7583.0,5915
2026-06-03T18:00:00+00:00,7583.25,7583.75,7581.0,7582.75,5721
2026-06-03T18:05:00+00:00,7582.75,7583.0,7579.75,7580.75,4654
2026-06-03T18:10:00+00:00,7580.75,7582.25,7578.5,7580.5,4640
2026-06-03T18:15:00+00:00,7580.75,7582.25,7577.0,7582.25,6842
2026-06-03T18:20:00+00:00,7582.25,7584.5,7578.25,7584.25,7223
2026-06-03T18:25:00+00:00,7584.5,7587.75,7584.0,7587.25,7999
2026-06-03T18:30:00+00:00,7587.0,7588.0,7584.25,7584.75,6075
2026-06-03T18:35:00+00:00,7584.5,7586.25,7582.75,7584.75,5664
2026-06-03T18:40:00+00:00,7584.75,7585.25,7583.0,7584.5,3597
2026-06-03T18:45:00+00:00,7584.75,7586.25,7583.25,7583.5,3364
2026-06-03T18:50:00+00:00,7583.25,7585.0,7582.25,7583.75,4131
2026-06-03T18:55:00+00:00,7583.5,7585.0,7582.75,7583.25,3300
2026-06-03T19:00:00+00:00,7583.25,7583.5,7575.75,7577.75,11816
2026-06-03T19:05:00+00:00,7577.75,7581.25,7577.5,7578.75,5428
2026-06-03T19:10:00+00:00,7579.0,7579.25,7574.25,7577.5,7506
2026-06-03T19:15:00+00:00,7577.5,7581.75,7576.25,7578.75,8153
2026-06-03T19:20:00+00:00,7578.5,7579.25,7574.25,7574.25,5399
2026-06-03T19:25:00+00:00,7574.5,7576.0,7573.25,7575.75,5538
2026-06-03T19:30:00+00:00,7575.75,7577.0,7573.5,7575.5,5918
2026-06-03T19:35:00+00:00,7575.5,7581.75,7574.75,7581.0,6833
2026-06-03T19:40:00+00:00,7580.75,7582.75,7579.75,7580.75,5872
2026-06-03T19:45:00+00:00,7580.5,7582.5,7578.75,7581.5,6165
2026-06-03T19:50:00+00:00,7581.25,7582.25,7573.5,7574.25,22369
2026-06-03T19:55:00+00:00,7574.0,7577.0,7568.5,7572.25,42747
2026-06-03T20:00:00+00:00,7572.5,7573.5,7567.5,7569.5,8394
2026-06-03T20:05:00+00:00,7569.25,7569.75,7566.0,7567.75,3425
2026-06-03T20:10:00+00:00,7567.75,7570.0,7566.0,7567.25,2688
2026-06-03T20:15:00+00:00,7567.5,7568.25,7551.0,7559.5,12112
2026-06-03T20:20:00+00:00,7559.5,7565.25,7559.0,7563.0,4098
2026-06-03T20:25:00+00:00,7563.0,7563.25,7557.5,7558.75,2592
2026-06-03T20:30:00+00:00,7558.5,7559.25,7554.5,7556.0,2652
2026-06-03T20:35:00+00:00,7556.0,7557.25,7550.0,7552.5,3061
2026-06-03T20:40:00+00:00,7552.25,7552.25,7543.0,7544.25,4850
2026-06-03T20:45:00+00:00,7544.25,7549.0,7544.0,7545.0,3031
2026-06-03T20:50:00+00:00,7544.75,7546.5,7543.0,7544.5,1960
2026-06-03T20:55:00+00:00,7544.75,7547.5,7541.75,7547.25,2073
2026-06-03T22:00:00+00:00,7541.5,7545.5,7533.25,7541.75,0
2026-06-03T22:05:00+00:00,7541.75,7542.75,7537.25,7542.5,2936
2026-06-03T22:10:00+00:00,7542.75,7542.75,7535.5,7540.0,2642
2026-06-03T22:15:00+00:00,7540.25,7540.5,7534.25,7534.75,2392
2026-06-03T22:20:00+00:00,7534.75,7539.75,7533.0,7536.5,2916
2026-06-03T22:25:00+00:00,7536.5,7540.25,7536.25,7538.0,1774
2026-06-03T22:30:00+00:00,7537.75,7541.25,7537.25,7541.0,2361
2026-06-03T22:35:00+00:00,7540.75,7541.0,7535.75,7537.25,2213
2026-06-03T22:40:00+00:00,7537.0,7539.0,7534.75,7537.25,1695
2026-06-03T22:45:00+00:00,7537.0,7537.75,7533.5,7535.25,1491
2026-06-03T22:50:00+00:00,7535.0,7535.0,7530.5,7535.0,3715
2026-06-03T22:55:00+00:00,7534.75,7546.25,7533.75,7543.75,6090
2026-06-03T23:00:00+00:00,7543.5,7544.5,7538.25,7539.25,3056
2026-06-03T23:05:00+00:00,7539.25,7539.75,7534.75,7535.25,2666
2026-06-03T23:10:00+00:00,7535.0,7537.75,7534.5,7537.0,1408
2026-06-03T23:15:00+00:00,7537.5,7537.75,7532.75,7534.25,1740
2026-06-03T23:20:00+00:00,7534.25,7535.25,7531.5,7532.5,1544
2026-06-03T23:25:00+00:00,7532.5,7535.75,7532.0,7534.75,1711
2026-06-03T23:30:00+00:00,7535.0,7537.5,7529.25,7531.0,3028
2026-06-03T23:35:00+00:00,7531.0,7531.75,7529.0,7530.5,2059
2026-06-03T23:40:00+00:00,7530.5,7533.25,7530.0,7530.75,1494
2026-06-03T23:45:00+00:00,7531.0,7532.25,7529.0,7531.5,1745
2026-06-03T23:50:00+00:00,7531.5,7537.75,7530.75,7537.75,2464
2026-06-03T23:55:00+00:00,7537.5,7538.5,7534.0,7534.5,1590
2026-06-04T00:00:00+00:00,7534.25,7543.5,7531.75,7541.25,7599
2026-06-04T00:05:00+00:00,7541.0,7543.0,7539.5,7541.0,1636
2026-06-04T00:10:00+00:00,7541.25,7543.0,7538.75,7539.75,1521
2026-06-04T00:15:00+00:00,7539.75,7544.0,7535.5,7540.75,3506
2026-06-04T00:20:00+00:00,7541.25,7542.25,7537.5,7539.0,1400
2026-06-04T00:25:00+00:00,7539.0,7541.25,7538.0,7540.5,1075
2026-06-04T00:30:00+00:00,7540.25,7547.5,7540.25,7547.0,2632
2026-06-04T00:35:00+00:00,7547.0,7548.75,7542.25,7543.5,2193
2026-06-04T00:40:00+00:00,7543.5,7546.75,7542.75,7546.75,1132
2026-06-04T00:45:00+00:00,7546.5,7547.0,7543.75,7544.75,1292
2026-06-04T00:50:00+00:00,7545.25,7546.5,7542.25,7546.5,1161
2026-06-04T00:55:00+00:00,7546.5,7547.0,7544.0,7546.5,966
2026-06-04T01:00:00+00:00,7546.5,7548.5,7545.75,7546.75,1479
2026-06-04T01:05:00+00:00,7546.75,7549.0,7546.5,7548.75,1460
2026-06-04T01:10:00+00:00,7548.75,7551.25,7547.5,7549.25,2389
2026-06-04T01:15:00+00:00,7549.5,7549.5,7544.0,7544.75,1775
2026-06-04T01:20:00+00:00,7544.75,7547.75,7544.25,7544.75,963
2026-06-04T01:25:00+00:00,7544.25,7546.75,7542.75,7545.25,1354
2026-06-04T01:30:00+00:00,7545.5,7551.0,7545.5,7549.25,1660
2026-06-04T01:35:00+00:00,7549.5,7551.0,7547.25,7548.0,1282
2026-06-04T01:40:00+00:00,7547.75,7548.0,7543.25,7544.75,1238
2026-06-04T01:45:00+00:00,7544.5,7545.5,7541.75,7544.75,1539
2026-06-04T01:50:00+00:00,7544.75,7544.75,7537.0,7537.5,2462
2026-06-04T01:55:00+00:00,7537.5,7541.0,7537.25,7541.0,1855
2026-06-04T02:00:00+00:00,7541.25,7541.5,7536.75,7537.5,1630
2026-06-04T02:05:00+00:00,7537.25,7540.25,7536.5,7536.75,1601
2026-06-04T02:10:00+00:00,7536.75,7537.0,7533.5,7533.75,1971
2026-06-04T02:15:00+00:00,7534.0,7534.0,7527.5,7531.5,4349
2026-06-04T02:20:00+00:00,7531.5,7535.25,7531.0,7533.75,2015
2026-06-04T02:25:00+00:00,7533.75,7537.5,7533.75,7535.75,1386
2026-06-04T02:30:00+00:00,7535.5,7535.75,7531.5,7532.5,1380
2026-06-04T02:35:00+00:00,7532.75,7534.75,7532.0,7534.0,966
2026-06-04T02:40:00+00:00,7534.0,7536.25,7534.0,7534.75,987
2026-06-04T02:45:00+00:00,7535.0,7539.0,7535.0,7538.25,1297
2026-06-04T02:50:00+00:00,7538.5,7539.25,7535.5,7536.5,1114
2026-06-04T02:55:00+00:00,7536.25,7536.75,7534.25,7535.25,686
2026-06-04T03:00:00+00:00,7535.25,7537.75,7534.25,7537.5,1140
2026-06-04T03:05:00+00:00,7537.75,7539.25,7537.25,7538.75,777
2026-06-04T03:10:00+00:00,7538.75,7540.5,7537.5,7538.0,946
2026-06-04T03:15:00+00:00,7538.25,7541.25,7538.0,7541.0,792
2026-06-04T03:20:00+00:00,7541.0,7541.0,7539.5,7540.25,439
2026-06-04T03:25:00+00:00,7540.0,7542.5,7540.0,7542.25,1029
2026-06-04T03:30:00+00:00,7542.25,7544.75,7542.25,7544.25,1425
2026-06-04T03:35:00+00:00,7544.25,7544.25,7541.5,7543.0,1079
2026-06-04T03:40:00+00:00,7542.75,7543.25,7539.25,7540.0,950
2026-06-04T03:45:00+00:00,7540.0,7540.25,7538.25,7539.25,758
2026-06-04T03:50:00+00:00,7539.0,7541.5,7538.75,7540.25,658
2026-06-04T03:55:00+00:00,7540.25,7543.25,7540.25,7543.25,749
2026-06-04T04:05:00+00:00,7543.25,7543.5,7542.75,7543.0,1384
2026-06-04T04:10:00+00:00,7542.75,7546.25,7542.75,7546.25,743
2026-06-04T04:15:00+00:00,7546.25,7546.75,7543.75,7545.75,855
2026-06-04T04:20:00+00:00,7545.5,7546.75,7545.0,7546.25,489
2026-06-04T04:25:00+00:00,7546.25,7547.0,7544.75,7544.75,582
2026-06-04T04:30:00+00:00,7545.0,7548.0,7543.75,7546.25,1121
2026-06-04T04:35:00+00:00,7546.25,7547.25,7544.75,7545.5,696
2026-06-04T04:40:00+00:00,7545.75,7547.25,7545.25,7547.25,477
2026-06-04T04:45:00+00:00,7547.25,7547.75,7544.5,7545.5,618
2026-06-04T04:50:00+00:00,7545.5,7546.75,7545.0,7546.25,384
2026-06-04T04:55:00+00:00,7546.5,7546.5,7545.25,7546.25,355
2026-06-04T05:00:00+00:00,7546.25,7546.75,7543.75,7544.0,690
2026-06-04T05:05:00+00:00,7544.0,7545.25,7539.75,7540.0,1202
2026-06-04T05:10:00+00:00,7540.25,7542.25,7538.5,7542.25,1188
2026-06-04T05:15:00+00:00,7542.25,7544.0,7540.5,7542.5,890
2026-06-04T05:20:00+00:00,7542.75,7542.75,7540.0,7540.25,547
2026-06-04T05:25:00+00:00,7540.25,7541.5,7539.25,7540.25,554
2026-06-04T05:30:00+00:00,7540.25,7543.25,7539.5,7542.25,752
2026-06-04T05:35:00+00:00,7542.5,7544.0,7540.25,7542.25,572
2026-06-04T05:40:00+00:00,7542.5,7545.25,7541.75,7544.75,719
2026-06-04T05:45:00+00:00,7544.75,7544.75,7541.75,7541.75,525
2026-06-04T05:50:00+00:00,7542.0,7543.25,7541.0,7541.5,319
2026-06-04T05:55:00+00:00,7541.5,7544.0,7539.5,7543.75,589
2026-06-04T06:00:00+00:00,7543.75,7547.0,7542.5,7545.5,1025
2026-06-04T06:05:00+00:00,7545.5,7547.0,7544.75,7546.25,579
2026-06-04T06:10:00+00:00,7546.5,7547.5,7544.25,7545.25,709
2026-06-04T06:15:00+00:00,7545.25,7545.75,7543.75,7544.25,574
2026-06-04T06:20:00+00:00,7544.5,7545.0,7542.0,7542.25,784
2026-06-04T06:25:00+00:00,7542.25,7546.0,7542.25,7546.0,535
2026-06-04T06:30:00+00:00,7545.75,7547.75,7543.25,7545.75,1251
2026-06-04T06:35:00+00:00,7545.75,7549.0,7545.5,7548.75,1123
2026-06-04T06:40:00+00:00,7548.75,7551.0,7548.75,7550.5,1121
2026-06-04T06:45:00+00:00,7550.5,7550.5,7547.75,7549.5,730
2026-06-04T06:50:00+00:00,7549.5,7552.5,7549.5,7551.5,1644
2026-06-04T06:55:00+00:00,7551.5,7553.0,7550.75,7552.5,903
2026-06-04T07:00:00+00:00,7552.75,7556.25,7551.0,7556.0,1779
2026-06-04T07:05:00+00:00,7556.0,7557.0,7553.25,7555.0,1309
2026-06-04T07:10:00+00:00,7554.75,7557.5,7554.5,7555.75,1134
2026-06-04T07:15:00+00:00,7556.0,7556.5,7553.5,7554.75,1081
2026-06-04T07:20:00+00:00,7554.5,7555.5,7550.75,7554.5,1385
2026-06-04T07:25:00+00:00,7554.5,7556.5,7552.0,7556.25,1083
2026-06-04T07:30:00+00:00,7556.0,7558.0,7555.5,7557.25,1119
2026-06-04T07:35:00+00:00,7557.25,7558.0,7555.25,7555.5,1040
2026-06-04T07:40:00+00:00,7555.5,7556.0,7553.5,7554.25,849
2026-06-04T07:45:00+00:00,7554.25,7555.25,7553.25,7555.0,644
2026-06-04T07:50:00+00:00,7554.75,7555.0,7552.25,7553.75,759
2026-06-04T07:55:00+00:00,7553.5,7554.0,7552.5,7553.75,600
2026-06-04T08:00:00+00:00,7553.5,7553.75,7549.5,7551.0,1949
2026-06-04T08:05:00+00:00,7550.75,7552.0,7546.25,7548.5,2126
2026-06-04T08:10:00+00:00,7548.25,7549.5,7543.0,7543.0,1847
2026-06-04T08:15:00+00:00,7543.0,7546.25,7542.75,7543.5,1992
2026-06-04T08:20:00+00:00,7543.5,7543.75,7538.0,7543.0,2855
2026-06-04T08:25:00+00:00,7543.0,7544.0,7537.25,7543.75,4159
2026-06-04T08:30:00+00:00,7544.0,7550.0,7541.5,7545.75,4936
2026-06-04T08:35:00+00:00,7545.75,7548.75,7544.75,7546.0,1919
2026-06-04T08:40:00+00:00,7546.25,7547.0,7543.0,7543.5,976
2026-06-04T08:45:00+00:00,7543.75,7545.5,7538.25,7539.0,1975
2026-06-04T08:50:00+00:00,7538.75,7541.0,7538.0,7538.75,1486
2026-06-04T08:55:00+00:00,7538.75,7542.5,7538.25,7540.5,1594
2026-06-04T09:00:00+00:00,7540.75,7540.75,7535.75,7537.75,2444
2026-06-04T09:05:00+00:00,7537.75,7539.0,7534.0,7537.5,3381
2026-06-04T09:10:00+00:00,7537.75,7538.5,7532.75,7533.25,2339
2026-06-04T09:15:00+00:00,7533.25,7536.0,7532.5,7535.75,2425
2026-06-04T09:20:00+00:00,7536.0,7540.0,7535.75,7538.0,2230
2026-06-04T09:25:00+00:00,7538.25,7540.75,7537.75,7540.5,1876
2026-06-04T09:30:00+00:00,7540.25,7544.75,7538.75,7544.0,2023
2026-06-04T09:35:00+00:00,7544.25,7547.25,7543.75,7544.25,1717
2026-06-04T09:40:00+00:00,7544.5,7545.25,7542.5,7544.0,1272
2026-06-04T09:45:00+00:00,7544.0,7548.75,7544.0,7548.0,1622
2026-06-04T09:50:00+00:00,7548.25,7549.5,7546.25,7549.0,1457
2026-06-04T09:55:00+00:00,7549.0,7549.75,7546.75,7547.75,1073
2026-06-04T10:00:00+00:00,7547.75,7548.0,7544.75,7546.0,1374
2026-06-04T10:05:00+00:00,7546.0,7546.25,7544.0,7544.5,1040
2026-06-04T10:10:00+00:00,7544.25,7544.5,7541.5,7543.25,1970
2026-06-04T10:15:00+00:00,7543.25,7543.5,7539.75,7540.25,1409
2026-06-04T10:20:00+00:00,7540.25,7542.5,7540.25,7542.0,1107
2026-06-04T10:25:00+00:00,7542.0,7542.5,7537.25,7537.5,1858
2026-06-04T10:30:00+00:00,7537.5,7540.5,7537.25,7537.75,2008
2026-06-04T10:35:00+00:00,7538.0,7538.75,7536.25,7537.0,1103
2026-06-04T10:40:00+00:00,7536.75,7537.75,7534.75,7535.0,1149
2026-06-04T10:45:00+00:00,7535.0,7536.5,7533.5,7534.0,1960
2026-06-04T10:50:00+00:00,7534.0,7534.0,7528.25,7532.75,3900
2026-06-04T10:55:00+00:00,7533.0,7533.75,7528.25,7533.5,2181
2026-06-04T11:00:00+00:00,7533.5,7538.25,7533.5,7537.25,3468
2026-06-04T11:05:00+00:00,7537.5,7538.0,7534.0,7534.5,1543
2026-06-04T11:10:00+00:00,7534.5,7537.75,7532.75,7537.0,1659
2026-06-04T11:15:00+00:00,7536.75,7544.0,7536.5,7541.75,3087
2026-06-04T11:20:00+00:00,7541.75,7542.0,7535.5,7539.75,2501
2026-06-04T11:25:00+00:00,7540.0,7543.0,7538.25,7540.5,2557
2026-06-04T11:30:00+00:00,7540.5,7542.75,7536.25,7536.75,2598
2026-06-04T11:35:00+00:00,7536.75,7536.75,7524.5,7533.0,8119
2026-06-04T11:40:00+00:00,7533.0,7534.0,7528.5,7532.75,3770
2026-06-04T11:45:00+00:00,7532.75,7538.0,7530.75,7537.5,4755
2026-06-04T11:50:00+00:00,7537.75,7543.75,7537.0,7543.25,4615
2026-06-04T11:55:00+00:00,7543.25,7545.5,7540.25,7544.0,4447
2026-06-04T12:00:00+00:00,7543.75,7545.25,7539.5,7541.25,4408
2026-06-04T12:05:00+00:00,7541.25,7547.75,7540.0,7542.75,6432
2026-06-04T12:10:00+00:00,7543.0,7544.5,7536.75,7538.25,5088
2026-06-04T12:15:00+00:00,7538.25,7541.25,7537.5,7539.25,2733
2026-06-04T12:20:00+00:00,7539.25,7543.75,7538.75,7541.5,2674
2026-06-04T12:25:00+00:00,7541.75,7543.75,7539.0,7542.0,2488
2026-06-04T12:30:00+00:00,7541.75,7547.25,7541.5,7544.25,3086
2026-06-04T12:35:00+00:00,7544.0,7549.0,7542.75,7546.5,2929
2026-06-04T12:40:00+00:00,7546.5,7550.25,7546.0,7549.75,2670
2026-06-04T12:45:00+00:00,7549.5,7550.5,7545.25,7549.75,2630
2026-06-04T12:50:00+00:00,7550.0,7552.5,7548.5,7550.5,2484
2026-06-04T12:55:00+00:00,7550.5,7551.0,7547.5,7549.75,1955
2026-06-04T13:00:00+00:00,7550.25,7552.0,7548.0,7549.25,2859
2026-06-04T13:05:00+00:00,7549.0,7551.25,7548.25,7549.25,2285
2026-06-04T13:10:00+00:00,7549.25,7550.0,7547.25,7549.5,2331
2026-06-04T13:15:00+00:00,7549.5,7555.0,7549.0,7554.25,4873
2026-06-04T13:20:00+00:00,7554.0,7554.25,7550.75,7552.25,3634
2026-06-04T13:25:00+00:00,7552.25,7552.25,7545.5,7548.5,9138
2026-06-04T13:30:00+00:00,7548.5,7557.25,7541.75,7556.5,34149
2026-06-04T13:35:00+00:00,7556.25,7561.5,7551.75,7556.75,24712
2026-06-04T13:40:00+00:00,7556.75,7557.5,7547.0,7548.0,22223
2026-06-04T13:45:00+00:00,7548.25,7556.0,7543.5,7553.5,24409
2026-06-04T13:50:00+00:00,7553.25,7561.5,7549.25,7555.25,20561
2026-06-04T13:55:00+00:00,7555.5,7564.5,7553.5,7559.75,20506
2026-06-04T14:00:00+00:00,7559.25,7562.75,7553.25,7553.25,18116
2026-06-04T14:05:00+00:00,7553.5,7556.25,7549.75,7554.5,19051
2026-06-04T14:10:00+00:00,7554.5,7564.25,7554.0,7561.5,19583
2026-06-04T14:15:00+00:00,7561.75,7565.0,7559.25,7559.5,13993
2026-06-04T14:20:00+00:00,7559.5,7569.75,7558.25,7569.75,17151
2026-06-04T14:25:00+00:00,7569.25,7570.5,7566.75,7568.0,13552
2026-06-04T14:30:00+00:00,7567.75,7569.25,7563.75,7567.5,13104
2026-06-04T14:35:00+00:00,7567.5,7568.0,7562.5,7564.25,12635
2026-06-04T14:40:00+00:00,7564.25,7569.5,7564.25,7565.75,9599
2026-06-04T14:45:00+00:00,7565.75,7570.0,7561.25,7565.0,12564
2026-06-04T14:50:00+00:00,7565.0,7567.25,7562.75,7566.25,8015
2026-06-04T14:55:00+00:00,7566.25,7569.75,7565.5,7569.75,7634
2026-06-04T15:00:00+00:00,7569.75,7575.0,7569.5,7572.5,16031
2026-06-04T15:05:00+00:00,7572.75,7582.75,7572.25,7581.5,14059
2026-06-04T15:10:00+00:00,7581.5,7584.0,7579.25,7583.25,11243
2026-06-04T15:15:00+00:00,7583.5,7587.5,7582.5,7584.5,10816
2026-06-04T15:20:00+00:00,7584.25,7585.75,7581.25,7585.25,8906
2026-06-04T15:25:00+00:00,7585.25,7586.5,7583.25,7586.5,5704
2026-06-04T15:30:00+00:00,7586.5,7587.5,7582.75,7584.0,6604
2026-06-04T15:35:00+00:00,7584.25,7585.5,7582.5,7584.25,4873
2026-06-04T15:40:00+00:00,7584.25,7585.25,7579.5,7580.75,7034
2026-06-04T15:45:00+00:00,7580.5,7582.25,7575.75,7577.0,9998
2026-06-04T15:50:00+00:00,7577.0,7581.75,7575.5,7580.25,9303
2026-06-04T15:55:00+00:00,7580.0,7582.5,7578.5,7581.0,6043
2026-06-04T16:00:00+00:00,7581.25,7583.25,7579.5,7582.25,4985
2026-06-04T16:05:00+00:00,7582.25,7591.5,7581.75,7589.75,11324
2026-06-04T16:10:00+00:00,7590.0,7592.0,7589.0,7590.0,6093
2026-06-04T16:15:00+00:00,7590.25,7593.75,7590.0,7592.0,6417
2026-06-04T16:20:00+00:00,7592.0,7595.0,7591.25,7594.25,5452
2026-06-04T16:25:00+00:00,7594.5,7594.75,7591.75,7593.5,4566
2026-06-04T16:30:00+00:00,7593.5,7593.5,7588.5,7591.25,9535
2026-06-04T16:35:00+00:00,7591.25,7596.5,7590.75,7595.5,6858
2026-06-04T16:40:00+00:00,7595.5,7596.75,7593.75,7595.75,4970
2026-06-04T16:45:00+00:00,7595.75,7596.5,7593.75,7595.25,4275
2026-06-04T16:50:00+00:00,7595.25,7597.5,7595.0,7596.75,5260
2026-06-04T16:55:00+00:00,7596.75,7597.5,7596.0,7596.25,2765
2026-06-04T17:00:00+00:00,7596.25,7597.25,7594.0,7595.25,5175
2026-06-04T17:05:00+00:00,7595.25,7597.75,7594.0,7597.25,3998
2026-06-04T17:10:00+00:00,7597.25,7598.0,7595.25,7596.25,4473
2026-06-04T17:15:00+00:00,7596.25,7597.0,7595.0,7596.5,2497
2026-06-04T17:20:00+00:00,7596.5,7597.0,7594.25,7596.25,3414
2026-06-04T17:25:00+00:00,7596.25,7600.0,7596.25,7599.25,5952
2026-06-04T17:30:00+00:00,7599.25,7602.5,7598.5,7600.5,8902
2026-06-04T17:35:00+00:00,7600.5,7600.75,7598.25,7599.25,4161
2026-06-04T17:40:00+00:00,7599.25,7601.25,7599.25,7600.5,2417
2026-06-04T17:45:00+00:00,7600.75,7602.25,7599.25,7602.25,2571
2026-06-04T17:50:00+00:00,7602.25,7603.0,7601.0,7601.75,3483
2026-06-04T17:55:00+00:00,7602.0,7605.5,7601.5,7604.75,5064
2026-06-04T18:00:00+00:00,7604.75,7606.75,7603.75,7605.75,7715
2026-06-04T18:05:00+00:00,7605.5,7606.75,7604.5,7605.5,3693
2026-06-04T18:10:00+00:00,7605.5,7606.75,7604.5,7604.75,2792
2026-06-04T18:15:00+00:00,7605.0,7607.0,7603.5,7606.75,5130
2026-06-04T18:20:00+00:00,7606.75,7607.5,7605.5,7606.0,4238
2026-06-04T18:25:00+00:00,7606.25,7607.25,7605.5,7606.25,2694
2026-06-04T18:30:00+00:00,7606.25,7607.0,7604.25,7606.0,3203
2026-06-04T18:35:00+00:00,7606.0,7607.5,7605.5,7606.0,3223
2026-06-04T18:40:00+00:00,7606.0,7606.5,7605.0,7605.75,2012
2026-06-04T18:45:00+00:00,7605.75,7607.75,7604.75,7606.75,3018
2026-06-04T18:50:00+00:00,7607.0,7607.5,7606.0,7606.25,1761
2026-06-04T18:55:00+00:00,7606.5,7606.5,7603.0,7604.25,5100
2026-06-04T19:00:00+00:00,7604.5,7607.25,7604.25,7607.25,3596
2026-06-04T19:05:00+00:00,7607.0,7609.0,7606.75,7607.25,5391
2026-06-04T19:10:00+00:00,7607.25,7607.75,7605.0,7606.0,4794
2026-06-04T19:15:00+00:00,7606.0,7606.25,7604.0,7605.0,4244
2026-06-04T19:20:00+00:00,7605.25,7608.25,7604.75,7608.0,4132
2026-06-04T19:25:00+00:00,7608.0,7611.5,7607.5,7610.75,6284
2026-06-04T19:30:00+00:00,7610.75,7611.5,7609.25,7609.75,4699
2026-06-04T19:35:00+00:00,7609.75,7611.0,7609.0,7610.25,3164
2026-06-04T19:40:00+00:00,7610.25,7610.25,7606.0,7606.25,5248
2026-06-04T19:45:00+00:00,7606.25,7607.5,7604.5,7606.75,5692
2026-06-04T19:50:00+00:00,7606.75,7608.5,7602.25,7604.25,13876
2026-06-04T19:55:00+00:00,7604.0,7604.25,7598.25,7599.75,28401
2026-06-04T20:00:00+00:00,7599.5,7602.0,7594.25,7595.0,9768
2026-06-04T20:05:00+00:00,7595.0,7596.75,7593.0,7595.25,4427
2026-06-04T20:10:00+00:00,7595.25,7595.75,7593.0,7594.0,2860
2026-06-04T20:15:00+00:00,7593.75,7595.0,7591.0,7591.5,2333
2026-06-04T20:20:00+00:00,7591.5,7592.0,7589.75,7591.25,1972
2026-06-04T20:25:00+00:00,7591.5,7591.75,7587.25,7588.75,2579
2026-06-04T20:30:00+00:00,7588.75,7591.0,7588.25,7589.5,1373
2026-06-04T20:35:00+00:00,7589.5,7590.5,7588.5,7589.5,1047
2026-06-04T20:40:00+00:00,7589.5,7591.0,7588.25,7588.75,1443
2026-06-04T20:45:00+00:00,7588.75,7589.5,7587.25,7587.5,1117
2026-06-04T20:50:00+00:00,7587.5,7589.75,7587.25,7589.25,1027
2026-06-04T20:55:00+00:00,7589.25,7590.25,7587.5,7587.5,1550
2026-06-04T22:00:00+00:00,7589.5,7591.5,7585.0,7585.0,0
2026-06-04T22:05:00+00:00,7585.25,7587.5,7584.5,7586.75,1245
2026-06-04T22:10:00+00:00,7586.75,7587.0,7583.5,7584.0,1013
2026-06-04T22:15:00+00:00,7584.25,7585.0,7582.25,7584.75,1018
2026-06-04T22:20:00+00:00,7584.5,7586.25,7580.0,7581.25,2054
2026-06-04T22:25:00+00:00,7581.5,7582.5,7578.25,7581.5,1852
2026-06-04T22:30:00+00:00,7581.75,7583.75,7580.75,7581.25,1135
2026-06-04T22:35:00+00:00,7581.0,7583.0,7580.25,7582.5,677
2026-06-04T22:40:00+00:00,7582.25,7583.75,7581.75,7582.0,928
2026-06-04T22:45:00+00:00,7582.0,7585.0,7581.75,7584.25,1033
2026-06-04T22:50:00+00:00,7584.5,7585.5,7584.25,7585.25,821
2026-06-04T22:55:00+00:00,7585.0,7586.25,7584.75,7586.0,710
2026-06-04T23:00:00+00:00,7586.0,7586.75,7584.0,7584.5,972
2026-06-04T23:05:00+00:00,7584.75,7585.25,7582.0,7582.75,1010
2026-06-04T23:10:00+00:00,7583.0,7583.75,7580.25,7580.5,1361
2026-06-04T23:15:00+00:00,7580.5,7581.25,7578.0,7578.25,1619
2026-06-04T23:20:00+00:00,7578.25,7579.0,7576.25,7577.75,2152
2026-06-04T23:25:00+00:00,7577.75,7580.0,7577.25,7579.5,1219
2026-06-04T23:30:00+00:00,7579.5,7579.75,7576.25,7577.75,1237
2026-06-04T23:35:00+00:00,7577.75,7578.75,7576.0,7577.0,1259
2026-06-04T23:40:00+00:00,7577.25,7577.5,7576.0,7576.5,897
2026-06-04T23:45:00+00:00,7576.5,7576.5,7573.25,7574.5,2609
2026-06-04T23:50:00+00:00,7574.5,7576.75,7574.5,7575.75,1352
2026-06-04T23:55:00+00:00,7575.5,7575.75,7573.25,7573.5,908
2026-06-05T00:00:00+00:00,7573.5,7573.5,7567.5,7569.25,4816
2026-06-05T00:05:00+00:00,7569.5,7570.5,7566.75,7568.0,2031
2026-06-05T00:10:00+00:00,7568.0,7569.25,7563.0,7563.75,3286
2026-06-05T00:15:00+00:00,7564.0,7566.75,7563.0,7564.25,2341
2026-06-05T00:20:00+00:00,7564.25,7567.0,7562.25,7563.25,2493
2026-06-05T00:25:00+00:00,7563.25,7565.25,7561.5,7564.5,2216
2026-06-05T00:30:00+00:00,7564.5,7566.75,7562.5,7565.0,1712
2026-06-05T00:35:00+00:00,7564.75,7566.0,7560.75,7562.25,2280
2026-06-05T00:40:00+00:00,7562.25,7565.0,7562.0,7562.5,1219
2026-06-05T00:45:00+00:00,7562.25,7564.75,7560.0,7561.75,3054
2026-06-05T00:50:00+00:00,7561.75,7562.5,7557.5,7560.25,2447
2026-06-05T00:55:00+00:00,7560.0,7560.5,7556.5,7559.0,2905
2026-06-05T01:00:00+00:00,7559.25,7560.25,7555.75,7558.5,2546
2026-06-05T01:05:00+00:00,7558.5,7560.25,7556.5,7557.25,1643
2026-06-05T01:10:00+00:00,7557.5,7558.0,7556.0,7557.5,1260
2026-06-05T01:15:00+00:00,7557.25,7558.5,7555.25,7558.0,1790
2026-06-05T01:20:00+00:00,7557.75,7558.0,7551.5,7552.25,2949
2026-06-05T01:25:00+00:00,7552.25,7552.5,7546.75,7550.75,5221
2026-06-05T01:30:00+00:00,7551.0,7556.0,7550.5,7555.0,2360
2026-06-05T01:35:00+00:00,7554.75,7556.75,7552.25,7553.0,2261
2026-06-05T01:40:00+00:00,7553.0,7556.0,7552.5,7554.75,2168
2026-06-05T01:45:00+00:00,7555.0,7555.25,7553.25,7553.5,1135
2026-06-05T01:50:00+00:00,7553.5,7557.5,7552.0,7557.0,2127
2026-06-05T01:55:00+00:00,7557.25,7561.0,7557.0,7560.75,3011
2026-06-05T02:00:00+00:00,7560.5,7563.5,7558.25,7561.75,2492
2026-06-05T02:05:00+00:00,7561.75,7562.5,7560.5,7562.25,1330
2026-06-05T02:10:00+00:00,7562.0,7564.75,7561.75,7563.5,1861
2026-06-05T02:15:00+00:00,7563.25,7565.5,7561.0,7562.0,2558
2026-06-05T02:20:00+00:00,7562.0,7565.25,7562.0,7564.75,975
2026-06-05T02:25:00+00:00,7564.75,7566.5,7564.5,7564.75,998
2026-06-05T02:30:00+00:00,7564.75,7565.5,7563.0,7564.0,1136
2026-06-05T02:35:00+00:00,7564.0,7566.0,7563.5,7563.5,994
2026-06-05T02:40:00+00:00,7563.75,7564.0,7561.75,7562.5,1247
2026-06-05T02:45:00+00:00,7562.25,7562.75,7559.75,7560.25,1443
2026-06-05T02:50:00+00:00,7560.25,7564.0,7560.0,7561.25,1235
2026-06-05T02:55:00+00:00,7561.25,7562.75,7560.0,7561.25,782
2026-06-05T03:00:00+00:00,7561.5,7562.0,7560.0,7560.75,760
2026-06-05T03:05:00+00:00,7561.0,7561.0,7557.0,7560.0,2079
2026-06-05T03:10:00+00:00,7560.0,7562.25,7559.5,7561.25,1280
2026-06-05T03:15:00+00:00,7561.25,7564.0,7560.5,7561.75,990
2026-06-05T03:20:00+00:00,7561.5,7562.5,7559.75,7562.5,662
2026-06-05T03:25:00+00:00,7562.25,7563.75,7558.25,7558.75,1111
2026-06-05T03:30:00+00:00,7559.0,7561.0,7557.75,7559.75,1037
2026-06-05T03:35:00+00:00,7559.5,7559.75,7558.25,7559.5,501
2026-06-05T03:40:00+00:00,7559.5,7560.75,7558.5,7559.25,628
2026-06-05T03:45:00+00:00,7559.0,7559.25,7556.75,7556.75,833
2026-06-05T03:50:00+00:00,7556.75,7557.5,7553.5,7555.0,1430
2026-06-05T03:55:00+00:00,7555.0,7557.5,7555.0,7556.75,711
2026-06-05T04:05:00+00:00,7557.75,7558.25,7557.75,7558.25,1983
2026-06-05T04:10:00+00:00,7558.5,7558.5,7556.25,7557.75,546
2026-06-05T04:15:00+00:00,7558.0,7559.75,7557.5,7557.75,910
2026-06-05T04:20:00+00:00,7558.0,7559.25,7557.5,7558.5,275
2026-06-05T04:25:00+00:00,7558.5,7561.75,7557.5,7557.75,825
2026-06-05T04:30:00+00:00,7558.0,7558.5,7556.25,7557.75,630
2026-06-05T04:35:00+00:00,7557.75,7561.0,7557.5,7560.75,512
2026-06-05T04:40:00+00:00,7560.5,7562.75,7558.5,7560.75,913
2026-06-05T04:45:00+00:00,7560.5,7562.5,7560.0,7562.25,690
2026-06-05T04:50:00+00:00,7562.25,7564.75,7562.0,7564.5,1148
2026-06-05T04:55:00+00:00,7564.5,7565.25,7563.75,7563.75,647
2026-06-05T05:00:00+00:00,7563.75,7564.25,7560.75,7561.25,1004
2026-06-05T05:05:00+00:00,7561.25,7562.0,7559.25,7560.25,726
2026-06-05T05:10:00+00:00,7560.0,7561.0,7559.0,7559.75,480
2026-06-05T05:15:00+00:00,7559.75,7561.25,7558.5,7560.75,574
2026-06-05T05:20:00+00:00,7561.0,7563.5,7560.5,7563.0,700
2026-06-05T05:25:00+00:00,7563.0,7563.0,7559.25,7559.75,460
2026-06-05T05:30:00+00:00,7559.5,7563.25,7559.5,7562.0,524
2026-06-05T05:35:00+00:00,7562.0,7564.0,7561.75,7563.0,513
2026-06-05T05:40:00+00:00,7563.0,7564.5,7561.25,7561.25,783
2026-06-05T05:45:00+00:00,7561.25,7561.25,7558.75,7559.75,677
2026-06-05T05:50:00+00:00,7560.0,7560.5,7556.75,7557.25,683
2026-06-05T05:55:00+00:00,7557.5,7559.0,7557.0,7558.0,785
2026-06-05T06:00:00+00:00,7558.0,7562.25,7557.75,7561.5,1588
2026-06-05T06:05:00+00:00,7561.75,7565.0,7561.75,7563.5,956
2026-06-05T06:10:00+00:00,7563.25,7564.25,7559.25,7559.25,727
2026-06-05T06:15:00+00:00,7559.25,7559.5,7555.75,7556.75,1202
2026-06-05T06:20:00+00:00,7556.75,7557.0,7553.75,7554.25,1122
2026-06-05T06:25:00+00:00,7555.0,7557.0,7554.5,7555.25,913
2026-06-05T06:30:00+00:00,7555.5,7556.75,7554.25,7554.75,787
2026-06-05T06:35:00+00:00,7554.5,7556.5,7553.5,7554.25,918
2026-06-05T06:40:00+00:00,7554.25,7555.25,7552.75,7553.0,1021
2026-06-05T06:45:00+00:00,7553.0,7555.0,7551.0,7553.5,1491
2026-06-05T06:50:00+00:00,7553.5,7555.5,7552.75,7555.25,769
2026-06-05T06:55:00+00:00,7554.75,7556.0,7553.5,7554.25,634
2026-06-05T07:00:00+00:00,7554.0,7555.25,7549.25,7551.75,2365
2026-06-05T07:05:00+00:00,7552.0,7552.0,7549.5,7550.25,958
2026-06-05T07:10:00+00:00,7550.5,7552.75,7549.25,7550.0,954
2026-06-05T07:15:00+00:00,7550.0,7551.25,7548.5,7549.5,1256
2026-06-05T07:20:00+00:00,7549.5,7554.5,7547.0,7552.75,1698
2026-06-05T07:25:00+00:00,7553.0,7555.75,7551.25,7555.25,1459
2026-06-05T07:30:00+00:00,7555.25,7558.25,7554.75,7557.75,1213
2026-06-05T07:35:00+00:00,7557.75,7560.0,7556.5,7557.75,1689
2026-06-05T07:40:00+00:00,7557.75,7558.75,7556.75,7557.75,698
2026-06-05T07:45:00+00:00,7557.75,7558.5,7556.0,7557.75,761
2026-06-05T07:50:00+00:00,7557.5,7559.75,7556.25,7557.25,812
2026-06-05T07:55:00+00:00,7557.25,7559.0,7556.25,7557.5,617
2026-06-05T08:00:00+00:00,7557.25,7559.25,7554.75,7555.0,1611
2026-06-05T08:05:00+00:00,7554.75,7558.25,7554.25,7558.0,1150
2026-06-05T08:10:00+00:00,7558.0,7560.5,7557.75,7559.0,1046
2026-06-05T08:15:00+00:00,7558.75,7560.0,7557.0,7559.75,756
2026-06-05T08:20:00+00:00,7559.5,7562.5,7558.5,7561.5,1746
2026-06-05T08:25:00+00:00,7561.5,7566.5,7561.25,7566.5,2058
2026-06-05T08:30:00+00:00,7566.5,7568.5,7564.75,7566.0,2265
2026-06-05T08:35:00+00:00,7565.5,7567.25,7564.75,7564.75,806
2026-06-05T08:40:00+00:00,7564.75,7565.25,7561.5,7561.75,958
2026-06-05T08:45:00+00:00,7561.75,7562.75,7561.0,7562.75,767
2026-06-05T08:50:00+00:00,7562.5,7562.75,7559.5,7562.25,991
2026-06-05T08:55:00+00:00,7562.0,7562.0,7559.25,7560.25,707
2026-06-05T09:00:00+00:00,7560.25,7561.5,7559.75,7560.75,1028
2026-06-05T09:05:00+00:00,7560.75,7562.5,7559.75,7560.5,712
2026-06-05T09:10:00+00:00,7560.5,7579.0,7560.0,7572.0,9572
2026-06-05T09:15:00+00:00,7572.0,7574.5,7568.75,7569.25,3311
2026-06-05T09:20:00+00:00,7569.5,7570.25,7567.75,7568.25,1811
2026-06-05T09:25:00+00:00,7568.25,7569.5,7565.0,7566.25,1221
2026-06-05T09:30:00+00:00,7566.5,7568.25,7564.25,7565.25,2590
2026-06-05T09:35:00+00:00,7565.25,7566.25,7564.0,7565.0,813
2026-06-05T09:40:00+00:00,7565.0,7565.5,7563.75,7564.75,711
2026-06-05T09:45:00+00:00,7564.75,7567.75,7564.5,7566.5,873
2026-06-05T09:50:00+00:00,7566.75,7569.0,7566.25,7568.5,949
2026-06-05T09:55:00+00:00,7568.5,7569.0,7567.0,7567.75,567
2026-06-05T10:00:00+00:00,7567.75,7569.25,7567.0,7569.0,669
2026-06-05T10:05:00+00:00,7569.0,7569.75,7567.5,7569.25,647
2026-06-05T10:10:00+00:00,7569.5,7571.0,7568.0,7570.75,845
2026-06-05T10:15:00+00:00,7570.75,7571.25,7569.5,7571.25,600
2026-06-05T10:20:00+00:00,7571.25,7573.5,7570.75,7573.0,1067
2026-06-05T10:25:00+00:00,7573.25,7574.25,7572.0,7573.25,785
2026-06-05T10:30:00+00:00,7573.5,7574.0,7571.75,7573.5,737
2026-06-05T10:35:00+00:00,7573.75,7573.75,7570.75,7572.25,755
2026-06-05T10:40:00+00:00,7572.25,7572.75,7570.5,7572.5,637
2026-06-05T10:45:00+00:00,7572.75,7573.0,7571.0,7571.25,559
2026-06-05T10:50:00+00:00,7571.25,7571.5,7568.75,7569.0,789
2026-06-05T10:55:00+00:00,7569.25,7570.0,7568.0,7568.5,1050
2026-06-05T11:00:00+00:00,7568.0,7569.0,7567.0,7569.0,1433
2026-06-05T11:05:00+00:00,7569.0,7570.0,7567.25,7567.75,920
2026-06-05T11:10:00+00:00,7567.75,7569.25,7567.5,7567.75,657
2026-06-05T11:15:00+00:00,7567.75,7567.75,7564.25,7565.75,1573
2026-06-05T11:20:00+00:00,7565.75,7567.25,7559.25,7561.75,4660
2026-06-05T11:25:00+00:00,7561.5,7569.5,7561.5,7568.75,2839
2026-06-05T11:30:00+00:00,7568.75,7570.25,7567.75,7570.0,1222
2026-06-05T11:35:00+00:00,7570.0,7571.0,7566.5,7566.5,2044
2026-06-05T11:40:00+00:00,7566.75,7569.25,7566.5,7568.0,1272
2026-06-05T11:45:00+00:00,7568.25,7568.75,7565.5,7566.5,1377
2026-06-05T11:50:00+00:00,7566.25,7567.0,7565.0,7566.25,1067
2026-06-05T11:55:00+00:00,7566.0,7566.0,7562.75,7563.25,1539
2026-06-05T12:00:00+00:00,7563.25,7563.25,7560.5,7561.25,1728
2026-06-05T12:05:00+00:00,7561.0,7562.5,7560.5,7561.25,1164
2026-06-05T12:10:00+00:00,7561.0,7561.25,7557.5,7559.0,2185
2026-06-05T12:15:00+00:00,7558.75,7563.5,7558.0,7562.5,1966
2026-06-05T12:20:00+00:00,7562.5,7563.25,7561.0,7562.5,1769
2026-06-05T12:25:00+00:00,7562.5,7562.75,7558.0,7559.75,2275
2026-06-05T12:30:00+00:00,7559.25,7568.0,7549.0,7550.25,8574
2026-06-05T12:35:00+00:00,7550.0,7555.5,7545.75,7553.75,7671
2026-06-05T12:40:00+00:00,7554.0,7560.25,7553.75,7559.5,4714
2026-06-05T12:45:00+00:00,7559.5,7562.5,7558.75,7561.5,4791
2026-06-05T12:50:00+00:00,7561.75,7562.0,7550.5,7551.25,6369
2026-06-05T12:55:00+00:00,7551.25,7552.25,7548.75,7549.75,5370
2026-06-05T13:00:00+00:00,7549.75,7551.5,7546.25,7548.5,5805
2026-06-05T13:05:00+00:00,7548.5,7549.5,7543.75,7548.5,5844
2026-06-05T13:10:00+00:00,7548.5,7550.25,7545.25,7545.75,4214
2026-06-05T13:15:00+00:00,7545.5,7549.0,7544.5,7547.5,4253
2026-06-05T13:20:00+00:00,7547.5,7549.75,7545.5,7546.0,3596
2026-06-05T13:25:00+00:00,7546.0,7549.5,7542.25,7548.0,8225
2026-06-05T13:30:00+00:00,7548.0,7552.75,7540.5,7550.5,34109
2026-06-05T13:35:00+00:00,7550.5,7550.5,7536.25,7540.25,29429
2026-06-05T13:40:00+00:00,7540.25,7541.0,7526.75,7527.5,30034
2026-06-05T13:45:00+00:00,7527.25,7531.0,7517.5,7518.5,36454
2026-06-05T13:50:00+00:00,7518.5,7525.75,7518.25,7524.25,35093
2026-06-05T13:55:00+00:00,7524.25,7524.75,7510.75,7511.5,26897
2026-06-05T14:00:00+00:00,7511.5,7520.25,7505.75,7513.75,53044
2026-06-05T14:05:00+00:00,7514.0,7522.5,7508.75,7522.0,33867
2026-06-05T14:10:00+00:00,7522.0,7526.5,7517.0,7525.25,29143
2026-06-05T14:15:00+00:00,7525.0,7533.5,7524.75,7533.25,23726
2026-06-05T14:20:00+00:00,7533.25,7533.25,7521.0,7521.25,23518
2026-06-05T14:25:00+00:00,7521.25,7522.0,7512.75,7516.5,22187
2026-06-05T14:30:00+00:00,7516.25,7528.75,7515.0,7528.25,24621
2026-06-05T14:35:00+00:00,7528.25,7531.5,7524.75,7526.0,20929
2026-06-05T14:40:00+00:00,7525.75,7527.5,7516.25,7519.75,20016
2026-06-05T14:45:00+00:00,7519.5,7522.25,7515.0,7518.0,15259
2026-06-05T14:50:00+00:00,7518.0,7522.5,7516.5,7520.5,12936
2026-06-05T14:55:00+00:00,7520.25,7525.0,7518.75,7522.75,11234
2026-06-05T15:00:00+00:00,7523.0,7526.25,7515.75,7519.25,15636
2026-06-05T15:05:00+00:00,7519.25,7520.75,7512.25,7513.5,13858
2026-06-05T15:10:00+00:00,7513.5,7516.5,7507.25,7507.25,14548
2026-06-05T15:15:00+00:00,7507.5,7511.75,7506.25,7511.0,13395
2026-06-05T15:20:00+00:00,7510.75,7512.25,7499.75,7503.25,26872
2026-06-05T15:25:00+00:00,7503.25,7508.0,7502.75,7505.75,11018
2026-06-05T15:30:00+00:00,7505.5,7509.0,7500.75,7501.0,13101
2026-06-05T15:35:00+00:00,7501.0,7503.75,7491.75,7492.5,21797
2026-06-05T15:40:00+00:00,7492.5,7495.0,7488.5,7490.0,20866
2026-06-05T15:45:00+00:00,7490.0,7494.0,7486.25,7488.25,16471
2026-06-05T15:50:00+00:00,7488.0,7493.0,7487.0,7492.0,11816
2026-06-05T15:55:00+00:00,7491.75,7493.5,7488.5,7490.0,8458
2026-06-05T16:00:00+00:00,7490.25,7490.5,7484.0,7485.25,14948
2026-06-05T16:05:00+00:00,7485.25,7485.5,7475.0,7476.5,19414
2026-06-05T16:10:00+00:00,7476.5,7483.0,7474.25,7479.0,14428
2026-06-05T16:15:00+00:00,7478.75,7479.25,7470.25,7472.5,15400
2026-06-05T16:20:00+00:00,7472.5,7479.0,7471.0,7475.75,14080
2026-06-05T16:25:00+00:00,7475.75,7480.0,7471.5,7471.75,10978
2026-06-05T16:30:00+00:00,7471.75,7472.5,7463.0,7466.75,20173
2026-06-05T16:35:00+00:00,7466.75,7470.0,7461.0,7466.75,15453
2026-06-05T16:40:00+00:00,7466.75,7468.5,7453.25,7456.75,20873
2026-06-05T16:45:00+00:00,7456.5,7460.25,7448.75,7460.25,24651
2026-06-05T16:50:00+00:00,7460.25,7471.0,7457.0,7469.75,22705
2026-06-05T16:55:00+00:00,7469.75,7470.5,7464.0,7469.75,14583
2026-06-05T17:00:00+00:00,7470.0,7470.25,7457.25,7463.5,18921
2026-06-05T17:05:00+00:00,7463.0,7463.25,7457.5,7459.5,9698
2026-06-05T17:10:00+00:00,7459.5,7461.0,7453.75,7458.5,12124
2026-06-05T17:15:00+00:00,7458.5,7459.75,7452.5,7457.25,10813
2026-06-05T17:20:00+00:00,7457.25,7466.0,7452.25,7465.0,13936
2026-06-05T17:25:00+00:00,7465.0,7465.5,7458.25,7464.75,11836
2026-06-05T17:30:00+00:00,7464.75,7467.25,7459.75,7466.75,11815
2026-06-05T17:35:00+00:00,7466.5,7474.25,7466.5,7473.75,13592
2026-06-05T17:40:00+00:00,7473.75,7477.75,7460.75,7462.5,18113
2026-06-05T17:45:00+00:00,7462.75,7468.0,7460.5,7464.25,13670
2026-06-05T17:50:00+00:00,7464.25,7466.25,7461.75,7465.5,8637
2026-06-05T17:55:00+00:00,7465.5,7471.75,7464.5,7471.5,7320
2026-06-05T18:00:00+00:00,7471.5,7472.5,7458.25,7458.5,13627
2026-06-05T18:05:00+00:00,7458.25,7460.5,7455.25,7456.75,12465
2026-06-05T18:10:00+00:00,7456.5,7458.75,7445.5,7445.75,17653
2026-06-05T18:15:00+00:00,7446.0,7446.25,7437.25,7438.75,26275
2026-06-05T18:20:00+00:00,7438.75,7444.5,7438.0,7439.75,19156
2026-06-05T18:25:00+00:00,7439.5,7440.0,7429.5,7433.5,23087
2026-06-05T18:30:00+00:00,7433.25,7435.75,7428.5,7430.75,15368
2026-06-05T18:35:00+00:00,7431.0,7432.5,7425.5,7430.5,16730
2026-06-05T18:40:00+00:00,7430.5,7431.0,7421.75,7424.75,16154
2026-06-05T18:45:00+00:00,7424.75,7424.75,7410.25,7421.0,29803
2026-06-05T18:50:00+00:00,7420.75,7423.5,7409.0,7413.75,21814
2026-06-05T18:55:00+00:00,7413.75,7426.25,7412.0,7416.5,35291
2026-06-05T19:00:00+00:00,7416.25,7418.25,7407.0,7415.0,23168
2026-06-05T19:05:00+00:00,7415.0,7415.75,7399.5,7404.5,23228
2026-06-05T19:10:00+00:00,7404.5,7405.25,7393.25,7396.75,23567
2026-06-05T19:15:00+00:00,7396.75,7396.75,7379.75,7388.0,34283
2026-06-05T19:20:00+00:00,7387.75,7393.75,7383.0,7393.5,26865
2026-06-05T19:25:00+00:00,7393.75,7409.25,7393.25,7409.25,27560
2026-06-05T19:30:00+00:00,7409.0,7409.75,7397.0,7404.0,23598
2026-06-05T19:35:00+00:00,7404.0,7413.0,7402.25,7411.75,21847
2026-06-05T19:40:00+00:00,7411.75,7412.5,7394.75,7402.75,33841
2026-06-05T19:45:00+00:00,7402.75,7414.75,7401.0,7412.5,24295
2026-06-05T19:50:00+00:00,7412.5,7423.0,7409.0,7416.5,34075
2026-06-05T19:55:00+00:00,7416.25,7416.25,7397.25,7400.25,45854
2026-06-05T20:00:00+00:00,7400.25,7401.5,7374.0,7378.25,27378
2026-06-05T20:05:00+00:00,7378.0,7379.0,7370.5,7375.25,11947
2026-06-05T20:10:00+00:00,7375.25,7375.25,7364.25,7368.25,11242
2026-06-05T20:15:00+00:00,7368.25,7370.75,7360.75,7362.75,6266
2026-06-05T20:20:00+00:00,7362.75,7368.0,7362.75,7366.75,3373
2026-06-05T20:25:00+00:00,7366.75,7371.5,7365.75,7369.5,3507
2026-06-05T20:30:00+00:00,7369.75,7369.75,7361.25,7363.25,3709
2026-06-05T20:35:00+00:00,7363.25,7365.25,7359.0,7364.5,3033
2026-06-05T20:40:00+00:00,7364.25,7365.0,7360.75,7364.25,3130
2026-06-05T20:45:00+00:00,7364.25,7366.5,7361.0,7366.0,3177
2026-06-05T20:50:00+00:00,7365.75,7371.75,7365.25,7369.25,4223
2026-06-05T20:55:00+00:00,7369.5,7400.5,7366.25,7400.5,2445
2026-06-07T22:10:00+00:00,7369.0,7387.0,7367.5,7386.75,4911
2026-06-07T22:15:00+00:00,7386.5,7394.5,7382.25,7388.0,7320
2026-06-07T22:20:00+00:00,7388.0,7396.25,7386.75,7387.75,5345
2026-06-07T22:25:00+00:00,7387.75,7390.0,7381.5,7384.25,3833
2026-06-07T22:30:00+00:00,7384.25,7389.75,7381.5,7387.25,4778
2026-06-07T22:35:00+00:00,7387.0,7391.5,7385.75,7389.25,2776
2026-06-07T22:40:00+00:00,7389.5,7391.75,7385.25,7385.5,2494
2026-06-07T22:45:00+00:00,7385.5,7388.75,7380.0,7384.5,4678
2026-06-07T22:50:00+00:00,7384.5,7386.75,7381.5,7382.25,2259
2026-06-07T22:55:00+00:00,7382.5,7383.0,7355.5,7367.75,12330
2026-06-07T23:00:00+00:00,7367.75,7380.75,7367.75,7380.0,4875
2026-06-07T23:05:00+00:00,7380.25,7384.25,7377.25,7384.0,2857
2026-06-07T23:10:00+00:00,7384.25,7386.5,7381.0,7385.0,2561
2026-06-07T23:15:00+00:00,7384.75,7385.25,7376.75,7379.5,3496
2026-06-07T23:20:00+00:00,7379.5,7382.0,7373.75,7377.75,3513
2026-06-07T23:25:00+00:00,7377.5,7383.75,7376.75,7381.25,1921
2026-06-07T23:30:00+00:00,7381.0,7387.25,7380.75,7384.75,2318
2026-06-07T23:35:00+00:00,7385.0,7386.0,7381.25,7383.25,1559
2026-06-07T23:40:00+00:00,7383.5,7391.5,7383.0,7391.25,2446
2026-06-07T23:45:00+00:00,7391.0,7401.5,7389.25,7398.5,5336
2026-06-07T23:50:00+00:00,7398.25,7400.5,7395.5,7397.75,2236
2026-06-07T23:55:00+00:00,7397.75,7404.5,7397.75,7400.25,2635
2026-06-08T00:00:00+00:00,7400.0,7407.5,7395.75,7406.75,4762
2026-06-08T00:05:00+00:00,7407.0,7407.25,7402.5,7405.25,3451
2026-06-08T00:10:00+00:00,7405.0,7406.75,7399.0,7406.75,3429
2026-06-08T00:15:00+00:00,7406.75,7411.25,7404.5,7408.5,4065
2026-06-08T00:20:00+00:00,7408.75,7412.5,7408.5,7410.0,2105
2026-06-08T00:25:00+00:00,7410.0,7415.75,7409.25,7414.75,2851
2026-06-08T00:30:00+00:00,7415.0,7418.25,7414.0,7414.75,2530
2026-06-08T00:35:00+00:00,7415.25,7423.0,7414.75,7422.5,3660
2026-06-08T00:40:00+00:00,7422.5,7423.0,7411.75,7416.25,5201
2026-06-08T00:45:00+00:00,7416.25,7417.5,7411.25,7415.5,3467
2026-06-08T00:50:00+00:00,7415.75,7416.5,7411.0,7411.5,1947
2026-06-08T00:55:00+00:00,7411.25,7416.0,7406.75,7415.75,3989
2026-06-08T01:00:00+00:00,7415.75,7418.25,7412.0,7416.0,2786
2026-06-08T01:05:00+00:00,7415.75,7419.0,7412.25,7415.0,2875
2026-06-08T01:10:00+00:00,7415.25,7416.0,7405.75,7406.0,4452
2026-06-08T01:15:00+00:00,7406.0,7407.5,7397.5,7399.75,7944
2026-06-08T01:20:00+00:00,7399.5,7405.5,7396.25,7399.5,5341
2026-06-08T01:25:00+00:00,7399.75,7401.5,7392.0,7392.75,4702
2026-06-08T01:30:00+00:00,7393.0,7404.0,7384.0,7398.0,11990
2026-06-08T01:35:00+00:00,7397.5,7399.25,7391.75,7396.25,3741
2026-06-08T01:40:00+00:00,7396.5,7407.0,7394.25,7405.75,5586
2026-06-08T01:45:00+00:00,7405.75,7409.5,7402.5,7405.0,3606
2026-06-08T01:50:00+00:00,7404.75,7408.0,7400.25,7402.75,3283
2026-06-08T01:55:00+00:00,7402.75,7407.75,7401.75,7406.0,1686
2026-06-08T02:00:00+00:00,7406.5,7410.5,7403.5,7405.5,2647
2026-06-08T02:05:00+00:00,7405.25,7407.75,7401.5,7403.25,2032
2026-06-08T02:10:00+00:00,7402.75,7407.75,7401.0,7406.5,1652
2026-06-08T02:15:00+00:00,7406.5,7406.5,7400.5,7401.25,1728
2026-06-08T02:20:00+00:00,7401.25,7406.75,7400.75,7406.25,1251
2026-06-08T02:25:00+00:00,7405.75,7410.25,7403.25,7408.25,2785
2026-06-08T02:30:00+00:00,7408.25,7410.75,7401.0,7408.0,4228
2026-06-08T02:35:00+00:00,7407.75,7413.0,7403.75,7412.0,3195
2026-06-08T02:40:00+00:00,7412.0,7417.75,7411.0,7417.5,2716
2026-06-08T02:45:00+00:00,7417.25,7419.25,7415.5,7417.75,1924
2026-06-08T02:50:00+00:00,7417.75,7418.25,7412.5,7414.75,2025
2026-06-08T02:55:00+00:00,7414.75,7418.0,7414.0,7414.5,1409
2026-06-08T03:00:00+00:00,7414.5,7417.5,7413.25,7414.0,1354
2026-06-08T03:05:00+00:00,7414.25,7418.5,7413.0,7417.5,1201
2026-06-08T03:10:00+00:00,7417.5,7418.5,7414.5,7416.0,907
2026-06-08T03:15:00+00:00,7416.25,7417.0,7411.25,7412.0,1233
2026-06-08T03:20:00+00:00,7412.0,7417.75,7410.5,7417.75,1447
2026-06-08T03:25:00+00:00,7417.75,7418.25,7415.0,7417.0,887
2026-06-08T03:30:00+00:00,7416.75,7419.5,7416.5,7417.5,1034
2026-06-08T03:35:00+00:00,7417.5,7418.75,7416.0,7416.75,561
2026-06-08T03:40:00+00:00,7417.0,7418.75,7415.0,7416.25,630
2026-06-08T03:45:00+00:00,7416.0,7418.0,7415.75,7416.25,341
2026-06-08T03:50:00+00:00,7415.75,7418.75,7414.75,7417.25,950
2026-06-08T03:55:00+00:00,7417.0,7417.5,7415.5,7415.75,414
2026-06-08T04:00:00+00:00,7416.75,7418.75,7412.0,7413.75,1361
2026-06-08T04:05:00+00:00,7413.5,7414.75,7410.5,7413.25,1208
2026-06-08T04:10:00+00:00,7413.5,7414.5,7411.0,7412.5,806
2026-06-08T04:15:00+00:00,7412.75,7416.25,7410.5,7410.5,1100
2026-06-08T04:20:00+00:00,7410.75,7411.75,7408.0,7408.75,1511
2026-06-08T04:25:00+00:00,7408.75,7412.5,7408.75,7411.5,709
2026-06-08T04:30:00+00:00,7411.75,7413.0,7406.0,7407.75,1762
2026-06-08T04:35:00+00:00,7407.5,7408.25,7404.5,7405.75,1181
2026-06-08T04:40:00+00:00,7405.5,7406.5,7401.25,7401.5,1299
2026-06-08T04:45:00+00:00,7401.75,7407.25,7401.5,7404.25,1206
2026-06-08T04:50:00+00:00,7404.25,7408.75,7404.25,7405.5,761
2026-06-08T04:55:00+00:00,7405.25,7405.75,7400.5,7401.25,1128
2026-06-08T05:00:00+00:00,7401.25,7409.0,7401.25,7408.25,1364
2026-06-08T05:05:00+00:00,7408.5,7408.5,7402.5,7404.0,1142
2026-06-08T05:10:00+00:00,7404.25,7404.75,7395.75,7396.75,1942
2026-06-08T05:15:00+00:00,7396.75,7402.75,7395.5,7401.5,1821
2026-06-08T05:20:00+00:00,7401.5,7403.0,7399.75,7400.75,782
2026-06-08T05:25:00+00:00,7401.0,7403.75,7397.25,7402.25,1232
2026-06-08T05:30:00+00:00,7402.25,7403.5,7394.25,7395.0,1639
2026-06-08T05:35:00+00:00,7395.25,7396.0,7388.25,7392.75,3145
2026-06-08T05:40:00+00:00,7392.75,7393.75,7386.5,7389.5,2226
2026-06-08T05:45:00+00:00,7389.5,7390.0,7386.25,7387.5,1132
2026-06-08T05:50:00+00:00,7387.75,7392.75,7386.75,7389.0,1584
2026-06-08T05:55:00+00:00,7389.0,7392.0,7387.5,7391.75,1181
2026-06-08T06:00:00+00:00,7391.75,7399.75,7389.5,7396.75,3344
2026-06-08T06:05:00+00:00,7396.75,7397.5,7392.5,7396.0,1531
2026-06-08T06:10:00+00:00,7395.75,7396.5,7393.5,7394.0,1103
2026-06-08T06:15:00+00:00,7393.25,7396.25,7391.25,7395.0,1355
2026-06-08T06:20:00+00:00,7395.0,7400.0,7395.0,7399.75,1312
2026-06-08T06:25:00+00:00,7399.5,7408.5,7396.25,7407.0,3378
2026-06-08T06:30:00+00:00,7407.25,7410.0,7402.5,7402.5,2214
2026-06-08T06:35:00+00:00,7402.5,7403.25,7397.0,7399.0,1844
2026-06-08T06:40:00+00:00,7398.75,7402.0,7396.75,7401.5,1311
2026-06-08T06:45:00+00:00,7401.25,7401.5,7395.75,7396.25,1486
2026-06-08T06:50:00+00:00,7396.25,7401.75,7394.0,7401.75,1581
2026-06-08T06:55:00+00:00,7401.5,7402.75,7398.75,7402.5,1018
2026-06-08T07:00:00+00:00,7402.5,7406.75,7400.5,7404.0,3368
2026-06-08T07:05:00+00:00,7404.25,7407.75,7402.0,7407.25,1712
2026-06-08T07:10:00+00:00,7407.0,7412.5,7406.0,7410.0,2777
2026-06-08T07:15:00+00:00,7410.0,7415.0,7403.75,7413.25,2861
2026-06-08T07:20:00+00:00,7412.75,7422.25,7412.75,7421.75,2962
2026-06-08T07:25:00+00:00,7421.75,7423.5,7419.5,7420.75,2638
2026-06-08T07:30:00+00:00,7421.0,7424.0,7419.5,7420.75,2004
2026-06-08T07:35:00+00:00,7421.0,7423.0,7415.25,7421.75,2850
2026-06-08T07:40:00+00:00,7421.75,7423.25,7420.0,7422.5,1130
2026-06-08T07:45:00+00:00,7422.5,7428.75,7421.0,7427.75,2292
2026-06-08T07:50:00+00:00,7427.5,7428.75,7422.0,7422.75,1696
2026-06-08T07:55:00+00:00,7422.5,7425.0,7421.75,7423.25,1181
2026-06-08T08:00:00+00:00,7423.0,7423.75,7416.5,7420.75,2444
2026-06-08T08:05:00+00:00,7420.75,7423.5,7418.0,7422.25,1731
2026-06-08T08:10:00+00:00,7422.5,7422.75,7417.0,7417.75,1473
2026-06-08T08:15:00+00:00,7418.0,7421.0,7415.5,7420.25,1636
2026-06-08T08:20:00+00:00,7420.0,7420.25,7412.75,7416.25,1988
2026-06-08T08:25:00+00:00,7416.0,7418.25,7414.5,7417.25,936
2026-06-08T08:30:00+00:00,7417.0,7421.25,7415.75,7420.25,1283
2026-06-08T08:35:00+00:00,7420.5,7420.5,7414.25,7414.5,1062
2026-06-08T08:40:00+00:00,7414.25,7416.0,7410.5,7414.75,1642
2026-06-08T08:45:00+00:00,7414.75,7416.0,7409.25,7415.75,1595
2026-06-08T08:50:00+00:00,7415.5,7417.5,7410.75,7412.25,1738
2026-06-08T08:55:00+00:00,7411.75,7415.0,7410.5,7413.75,1002
2026-06-08T09:00:00+00:00,7413.75,7417.75,7413.25,7416.25,830
2026-06-08T09:05:00+00:00,7416.25,7416.5,7407.25,7408.0,1021
2026-06-08T09:10:00+00:00,7407.75,7416.0,7407.25,7416.0,944
2026-06-08T09:15:00+00:00,7415.75,7417.75,7414.75,7416.5,879
2026-06-08T09:20:00+00:00,7416.5,7420.25,7416.5,7417.75,1153
2026-06-08T09:25:00+00:00,7417.75,7419.25,7415.5,7416.75,616
2026-06-08T09:30:00+00:00,7416.75,7417.5,7413.75,7414.25,731
2026-06-08T09:35:00+00:00,7414.25,7431.25,7412.0,7418.75,5056
2026-06-08T09:40:00+00:00,7418.75,7424.0,7417.5,7423.25,1522
2026-06-08T09:45:00+00:00,7423.25,7426.5,7422.0,7425.25,1174
2026-06-08T09:50:00+00:00,7425.25,7426.75,7422.25,7424.75,1430
2026-06-08T09:55:00+00:00,7425.0,7427.25,7424.25,7427.25,609
2026-06-08T10:00:00+00:00,7427.5,7427.75,7416.25,7423.0,3567
2026-06-08T10:05:00+00:00,7423.5,7427.75,7423.0,7425.25,1014
2026-06-08T10:10:00+00:00,7425.25,7426.75,7423.75,7425.0,820
2026-06-08T10:15:00+00:00,7425.0,7425.5,7418.25,7418.75,1017
2026-06-08T10:20:00+00:00,7418.5,7420.75,7415.5,7418.75,1246
2026-06-08T10:25:00+00:00,7418.5,7421.5,7417.5,7420.5,898
2026-06-08T10:30:00+00:00,7420.5,7436.0,7419.0,7431.5,4210
2026-06-08T10:35:00+00:00,7431.0,7432.0,7427.0,7428.25,2819
2026-06-08T10:40:00+00:00,7428.5,7431.0,7427.25,7429.0,966
2026-06-08T10:45:00+00:00,7429.0,7430.5,7426.0,7427.5,931
2026-06-08T10:50:00+00:00,7427.5,7430.25,7424.25,7428.5,1741
2026-06-08T10:55:00+00:00,7428.5,7429.25,7424.75,7428.25,1489
2026-06-08T11:00:00+00:00,7428.25,7428.25,7422.5,7426.0,1311
2026-06-08T11:05:00+00:00,7426.25,7430.5,7424.5,7430.5,1119
2026-06-08T11:10:00+00:00,7430.5,7449.0,7430.0,7448.5,9389
2026-06-08T11:15:00+00:00,7448.0,7452.5,7442.0,7448.75,8071
2026-06-08T11:20:00+00:00,7449.0,7453.5,7445.75,7446.75,4847
2026-06-08T11:25:00+00:00,7447.0,7452.5,7446.25,7452.0,2421
2026-06-08T11:30:00+00:00,7452.25,7456.5,7452.0,7454.5,3281
2026-06-08T11:35:00+00:00,7454.75,7457.0,7453.25,7456.0,1930
2026-06-08T11:40:00+00:00,7456.0,7457.75,7450.75,7451.75,2579
2026-06-08T11:45:00+00:00,7451.25,7452.75,7445.25,7448.25,2655
2026-06-08T11:50:00+00:00,7448.25,7449.75,7445.75,7446.25,1721
2026-06-08T11:55:00+00:00,7446.25,7449.25,7445.0,7446.75,1279
2026-06-08T12:00:00+00:00,7446.75,7452.0,7446.0,7449.75,4140
2026-06-08T12:05:00+00:00,7450.0,7456.5,7447.75,7456.25,4787
2026-06-08T12:10:00+00:00,7456.5,7457.0,7451.0,7453.75,2868
2026-06-08T12:15:00+00:00,7454.0,7455.0,7451.75,7454.0,2050
2026-06-08T12:20:00+00:00,7454.0,7458.75,7453.0,7457.5,2777
2026-06-08T12:25:00+00:00,7457.5,7458.75,7456.5,7458.25,1986
2026-06-08T12:30:00+00:00,7458.0,7463.5,7457.75,7460.5,3804
2026-06-08T12:35:00+00:00,7460.5,7463.75,7458.75,7460.0,2727
2026-06-08T12:40:00+00:00,7460.0,7467.75,7459.25,7463.25,6096
2026-06-08T12:45:00+00:00,7463.25,7463.5,7459.5,7462.25,1768
2026-06-08T12:50:00+00:00,7462.25,7462.5,7456.75,7460.25,3644
2026-06-08T12:55:00+00:00,7460.25,7461.5,7458.25,7459.5,2018
2026-06-08T13:00:00+00:00,7459.25,7464.5,7459.25,7462.5,4414
2026-06-08T13:05:00+00:00,7462.25,7465.0,7460.0,7463.75,3117
2026-06-08T13:10:00+00:00,7463.75,7464.5,7461.25,7462.5,2838
2026-06-08T13:15:00+00:00,7462.75,7464.0,7460.5,7463.75,3211
2026-06-08T13:20:00+00:00,7463.75,7471.5,7463.5,7466.0,7267
2026-06-08T13:25:00+00:00,7466.25,7467.5,7456.5,7457.5,11963
2026-06-08T13:30:00+00:00,7457.25,7469.5,7445.0,7445.5,39171
2026-06-08T13:35:00+00:00,7445.5,7450.5,7438.75,7439.25,29951
2026-06-08T13:40:00+00:00,7439.5,7454.25,7437.75,7450.25,27937
2026-06-08T13:45:00+00:00,7450.5,7458.75,7444.0,7449.0,25011
2026-06-08T13:50:00+00:00,7448.75,7460.5,7442.25,7455.25,21056
2026-06-08T13:55:00+00:00,7455.25,7456.75,7431.0,7431.25,29623
2026-06-08T14:00:00+00:00,7431.5,7446.75,7429.0,7435.0,32551
2026-06-08T14:05:00+00:00,7434.75,7448.5,7433.5,7446.25,22424
2026-06-08T14:10:00+00:00,7446.25,7447.75,7437.0,7439.5,19754
2026-06-08T14:15:00+00:00,7439.5,7441.25,7431.5,7438.75,18586
2026-06-08T14:20:00+00:00,7438.75,7446.75,7434.5,7444.5,18236
2026-06-08T14:25:00+00:00,7444.5,7453.25,7442.25,7447.75,21445
2026-06-08T14:30:00+00:00,7447.75,7452.5,7445.75,7451.5,12971
2026-06-08T14:35:00+00:00,7451.75,7459.5,7449.75,7455.25,20622
2026-06-08T14:40:00+00:00,7455.25,7458.0,7442.0,7448.5,21828
2026-06-08T14:45:00+00:00,7448.25,7466.25,7448.25,7458.5,26084
2026-06-08T14:50:00+00:00,7458.75,7466.5,7456.0,7463.75,14899
2026-06-08T14:55:00+00:00,7464.0,7473.5,7459.25,7473.0,15132
2026-06-08T15:00:00+00:00,7473.25,7476.25,7469.0,7469.25,15629
2026-06-08T15:05:00+00:00,7469.25,7476.75,7468.5,7474.25,11333
2026-06-08T15:10:00+00:00,7474.5,7475.25,7469.75,7470.5,8167
2026-06-08T15:15:00+00:00,7470.75,7474.75,7467.0,7471.5,17141
2026-06-08T15:20:00+00:00,7471.5,7473.75,7464.0,7472.25,14513
2026-06-08T15:25:00+00:00,7472.25,7472.25,7453.75,7455.0,18907
2026-06-08T15:30:00+00:00,7455.25,7456.5,7440.75,7444.0,27350
2026-06-08T15:35:00+00:00,7444.0,7458.75,7441.25,7457.25,18098
2026-06-08T15:40:00+00:00,7457.25,7461.75,7453.75,7459.75,14184
2026-06-08T15:45:00+00:00,7459.75,7466.0,7455.25,7456.25,16026
2026-06-08T15:50:00+00:00,7456.0,7464.25,7456.0,7458.0,10956
2026-06-08T15:55:00+00:00,7458.0,7458.0,7447.25,7449.75,14974
2026-06-08T16:00:00+00:00,7450.0,7455.25,7444.0,7451.0,13709
2026-06-08T16:05:00+00:00,7450.75,7454.75,7447.0,7449.0,10566
2026-06-08T16:10:00+00:00,7448.75,7455.0,7445.75,7453.0,8847
2026-06-08T16:15:00+00:00,7453.25,7459.75,7452.5,7459.25,8429
2026-06-08T16:20:00+00:00,7459.25,7462.25,7450.75,7452.5,14667
2026-06-08T16:25:00+00:00,7452.75,7457.0,7443.25,7443.75,10912
2026-06-08T16:30:00+00:00,7444.0,7448.75,7441.25,7441.75,11499
2026-06-08T16:35:00+00:00,7441.75,7446.75,7437.25,7439.75,14177
2026-06-08T16:40:00+00:00,7439.75,7445.75,7438.0,7443.5,11497
2026-06-08T16:45:00+00:00,7443.5,7452.25,7442.25,7447.0,11073
2026-06-08T16:50:00+00:00,7447.25,7449.5,7444.5,7446.25,8217
2026-06-08T16:55:00+00:00,7446.25,7447.25,7441.0,7441.5,7661
2026-06-08T17:00:00+00:00,7441.5,7442.0,7425.5,7429.75,21266
2026-06-08T17:05:00+00:00,7429.75,7437.25,7428.0,7430.75,13800
2026-06-08T17:10:00+00:00,7430.75,7432.25,7423.0,7431.5,15453
2026-06-08T17:15:00+00:00,7431.25,7434.0,7423.0,7426.0,14536
2026-06-08T17:20:00+00:00,7426.0,7431.0,7423.25,7427.0,10288
2026-06-08T17:25:00+00:00,7427.0,7443.0,7425.75,7442.75,17240
2026-06-08T17:30:00+00:00,7442.25,7446.5,7432.25,7438.25,18568
2026-06-08T17:35:00+00:00,7438.25,7439.5,7427.75,7434.25,13042
2026-06-08T17:40:00+00:00,7434.0,7435.75,7426.0,7426.25,10105
2026-06-08T17:45:00+00:00,7426.5,7436.5,7426.25,7436.25,11326
2026-06-08T17:50:00+00:00,7436.25,7439.75,7432.0,7437.25,9319
2026-06-08T17:55:00+00:00,7437.25,7438.0,7431.25,7433.75,8250
2026-06-08T18:00:00+00:00,7433.75,7441.75,7433.5,7438.5,10890
2026-06-08T18:05:00+00:00,7438.5,7445.75,7438.25,7441.25,10149
2026-06-08T18:10:00+00:00,7442.0,7443.5,7432.75,7435.0,11542
2026-06-08T18:15:00+00:00,7435.0,7440.5,7434.75,7438.25,6935
2026-06-08T18:20:00+00:00,7438.5,7441.5,7435.0,7440.0,6358
2026-06-08T18:25:00+00:00,7439.75,7443.5,7438.0,7442.0,5993
2026-06-08T18:30:00+00:00,7442.25,7447.25,7440.0,7440.25,8909
2026-06-08T18:35:00+00:00,7440.25,7443.5,7431.0,7432.0,9843
2026-06-08T18:40:00+00:00,7432.0,7436.0,7430.25,7431.5,9984
2026-06-08T18:45:00+00:00,7431.5,7438.0,7431.25,7432.5,8040
2026-06-08T18:50:00+00:00,7432.75,7436.25,7431.25,7435.0,5564
2026-06-08T18:55:00+00:00,7435.25,7437.75,7431.0,7431.75,5828
2026-06-08T19:00:00+00:00,7432.0,7434.25,7427.25,7432.0,9851
2026-06-08T19:05:00+00:00,7432.0,7434.0,7424.25,7424.25,8553
2026-06-08T19:10:00+00:00,7424.0,7424.5,7414.75,7414.75,18813
2026-06-08T19:15:00+00:00,7415.0,7418.5,7411.5,7414.5,14875
2026-06-08T19:20:00+00:00,7414.5,7419.25,7406.25,7407.25,16634
2026-06-08T19:25:00+00:00,7407.25,7414.75,7403.75,7414.5,14676
2026-06-08T19:30:00+00:00,7414.5,7424.25,7413.5,7417.0,19109
2026-06-08T19:35:00+00:00,7417.25,7421.5,7413.0,7416.25,13088
2026-06-08T19:40:00+00:00,7416.0,7420.0,7411.25,7416.0,13473
2026-06-08T19:45:00+00:00,7415.75,7421.75,7413.5,7415.5,10621
2026-06-08T19:50:00+00:00,7415.75,7422.25,7410.5,7414.75,20623
2026-06-08T19:55:00+00:00,7414.75,7418.25,7411.75,7415.5,24053
2026-06-08T20:00:00+00:00,7416.0,7418.75,7411.25,7417.5,7421
2026-06-08T20:05:00+00:00,7417.5,7419.0,7413.25,7416.0,3461
2026-06-08T20:10:00+00:00,7416.25,7417.75,7412.5,7413.25,2412
2026-06-08T20:15:00+00:00,7413.25,7414.75,7410.5,7411.25,2228
2026-06-08T20:20:00+00:00,7411.0,7412.0,7407.25,7411.75,2000
2026-06-08T20:25:00+00:00,7411.75,7413.25,7407.75,7412.75,2570
2026-06-08T20:30:00+00:00,7412.75,7413.5,7411.0,7412.5,777
2026-06-08T20:35:00+00:00,7412.5,7413.25,7411.0,7412.0,993
2026-06-08T20:40:00+00:00,7412.0,7413.25,7411.0,7411.75,663
2026-06-08T20:45:00+00:00,7411.75,7412.75,7409.25,7411.5,1018
2026-06-08T20:50:00+00:00,7411.75,7413.75,7410.5,7412.25,1205
2026-06-08T20:55:00+00:00,7412.25,7412.75,7411.0,7412.0,913
2026-06-08T22:00:00+00:00,7412.25,7417.0,7405.5,7405.75,0
2026-06-08T22:05:00+00:00,7406.0,7408.25,7398.25,7401.25,3352
2026-06-08T22:10:00+00:00,7402.0,7402.75,7395.5,7397.75,2334
2026-06-08T22:15:00+00:00,7397.75,7398.25,7390.75,7395.25,1829
2026-06-08T22:25:00+00:00,7416.0,7416.0,7395.0,7395.75,4137
2026-06-08T22:30:00+00:00,7395.5,7401.5,7395.25,7400.75,2217
2026-06-08T22:35:00+00:00,7400.75,7404.0,7400.75,7403.0,1645
2026-06-08T22:40:00+00:00,7403.0,7404.75,7402.25,7403.75,1173
2026-06-08T22:45:00+00:00,7403.5,7406.5,7401.75,7405.75,1665
2026-06-08T22:50:00+00:00,7405.75,7407.25,7404.75,7407.0,991
2026-06-08T22:55:00+00:00,7407.0,7412.75,7407.0,7411.75,2253
2026-06-08T23:00:00+00:00,7412.0,7412.0,7409.0,7410.0,1254
2026-06-08T23:05:00+00:00,7410.25,7411.5,7408.75,7410.75,972
2026-06-08T23:10:00+00:00,7410.75,7416.75,7410.25,7416.0,2562
2026-06-08T23:15:00+00:00,7416.0,7416.25,7411.25,7411.75,1490
2026-06-08T23:20:00+00:00,7412.25,7414.75,7411.5,7413.5,1062
2026-06-08T23:25:00+00:00,7413.5,7414.5,7411.5,7412.5,950
2026-06-08T23:30:00+00:00,7412.0,7414.5,7410.5,7413.0,1377
2026-06-08T23:35:00+00:00,7413.25,7418.25,7413.25,7418.25,2389
2026-06-08T23:40:00+00:00,7418.25,7419.25,7413.0,7413.0,1421
2026-06-08T23:45:00+00:00,7413.25,7413.25,7407.5,7409.0,3607
2026-06-08T23:50:00+00:00,7408.75,7409.75,7404.25,7406.0,2585
2026-06-08T23:55:00+00:00,7406.0,7410.75,7403.25,7410.5,1892
2026-06-09T00:00:00+00:00,7410.25,7412.0,7399.5,7400.75,4393
2026-06-09T00:05:00+00:00,7400.75,7403.25,7394.25,7395.75,4967
2026-06-09T00:10:00+00:00,7395.75,7402.25,7395.5,7397.0,2644
2026-06-09T00:15:00+00:00,7397.5,7401.0,7395.0,7396.25,2373
2026-06-09T00:20:00+00:00,7396.0,7398.0,7393.5,7395.75,2304
2026-06-09T00:25:00+00:00,7396.0,7400.5,7394.5,7399.5,2135
2026-06-09T00:30:00+00:00,7399.5,7401.25,7391.0,7394.5,3775
2026-06-09T00:35:00+00:00,7394.0,7395.75,7391.0,7392.5,1739
2026-06-09T00:40:00+00:00,7392.25,7397.5,7392.0,7397.0,1857
2026-06-09T00:45:00+00:00,7397.0,7398.0,7392.5,7395.25,1647
2026-06-09T00:50:00+00:00,7395.25,7397.25,7390.0,7392.5,2224
2026-06-09T00:55:00+00:00,7392.25,7396.75,7390.0,7395.25,1800
2026-06-09T01:00:00+00:00,7395.5,7399.5,7395.0,7395.0,2223
2026-06-09T01:05:00+00:00,7395.0,7400.0,7393.5,7395.75,1998
2026-06-09T01:10:00+00:00,7396.0,7402.25,7394.75,7399.75,2007
2026-06-09T01:15:00+00:00,7400.25,7403.5,7398.75,7402.25,2029
2026-06-09T01:20:00+00:00,7402.5,7418.0,7402.0,7413.5,5120
2026-06-09T01:25:00+00:00,7413.75,7417.25,7412.0,7413.75,1950
2026-06-09T01:30:00+00:00,7414.0,7416.25,7412.0,7415.0,1662
2026-06-09T01:35:00+00:00,7414.75,7419.0,7412.75,7418.75,1837
2026-06-09T01:40:00+00:00,7418.75,7422.5,7416.5,7420.0,3069
2026-06-09T01:45:00+00:00,7420.0,7428.0,7419.75,7424.75,3317
2026-06-09T01:50:00+00:00,7425.0,7426.5,7421.75,7423.0,1701
2026-06-09T01:55:00+00:00,7422.5,7423.0,7418.25,7420.0,1799
2026-06-09T02:00:00+00:00,7420.0,7423.5,7419.75,7421.5,1439
2026-06-09T02:05:00+00:00,7421.5,7424.25,7419.25,7423.75,1630
2026-06-09T02:10:00+00:00,7424.0,7424.75,7421.0,7421.75,860
2026-06-09T02:15:00+00:00,7422.0,7422.5,7419.0,7419.75,1163
2026-06-09T02:20:00+00:00,7419.75,7421.25,7418.0,7419.0,1059
2026-06-09T02:25:00+00:00,7418.5,7420.25,7415.5,7420.0,2027
2026-06-09T02:30:00+00:00,7420.25,7423.5,7419.75,7421.25,1632
2026-06-09T02:35:00+00:00,7421.5,7421.5,7417.25,7420.0,1565
2026-06-09T02:40:00+00:00,7420.25,7422.75,7419.75,7422.75,827
2026-06-09T02:45:00+00:00,7423.0,7425.25,7422.25,7422.5,1239
2026-06-09T02:50:00+00:00,7422.25,7423.5,7420.0,7421.5,728
2026-06-09T02:55:00+00:00,7421.5,7424.0,7421.25,7423.25,437
2026-06-09T03:00:00+00:00,7423.25,7423.75,7421.75,7423.0,689
2026-06-09T03:05:00+00:00,7423.0,7426.25,7421.25,7424.0,1638
2026-06-09T03:10:00+00:00,7424.25,7427.25,7423.5,7426.25,911
2026-06-09T03:15:00+00:00,7426.0,7429.0,7426.0,7427.0,1212
2026-06-09T03:20:00+00:00,7426.5,7428.0,7422.0,7423.25,1327
2026-06-09T03:25:00+00:00,7423.5,7426.0,7423.0,7425.25,794
2026-06-09T03:30:00+00:00,7425.5,7428.5,7424.5,7428.0,1212
2026-06-09T03:35:00+00:00,7428.0,7430.25,7427.75,7430.0,856
2026-06-09T03:40:00+00:00,7430.0,7433.0,7429.0,7432.0,1650
2026-06-09T03:45:00+00:00,7431.75,7433.0,7429.75,7430.0,972
2026-06-09T03:50:00+00:00,7429.75,7430.5,7428.75,7430.0,873
2026-06-09T03:55:00+00:00,7430.0,7430.75,7428.75,7429.5,563
2026-06-09T04:05:00+00:00,7431.25,7433.0,7431.25,7432.5,2361
2026-06-09T04:10:00+00:00,7432.75,7433.75,7431.25,7431.25,1249
2026-06-09T04:15:00+00:00,7431.5,7435.25,7430.5,7435.0,1037
2026-06-09T04:20:00+00:00,7434.5,7434.75,7432.5,7434.0,715
2026-06-09T04:25:00+00:00,7433.75,7435.25,7431.75,7433.25,684
2026-06-09T04:30:00+00:00,7433.75,7435.5,7431.75,7435.5,720
2026-06-09T04:35:00+00:00,7435.5,7437.25,7435.0,7437.0,1069
2026-06-09T04:40:00+00:00,7436.75,7437.25,7434.75,7435.25,610
2026-06-09T04:45:00+00:00,7435.25,7436.75,7434.25,7436.25,464
2026-06-09T04:50:00+00:00,7436.25,7436.5,7433.75,7435.25,352
2026-06-09T04:55:00+00:00,7435.25,7435.75,7433.5,7434.0,521
2026-06-09T05:00:00+00:00,7434.25,7437.25,7432.75,7436.75,984
2026-06-09T05:05:00+00:00,7436.75,7437.25,7433.25,7433.25,830
2026-06-09T05:10:00+00:00,7433.5,7436.0,7433.25,7433.75,471
2026-06-09T05:15:00+00:00,7433.75,7435.0,7433.0,7434.0,476
2026-06-09T05:20:00+00:00,7433.75,7435.5,7432.0,7435.25,666
2026-06-09T05:25:00+00:00,7435.25,7436.25,7432.0,7432.5,731
2026-06-09T05:30:00+00:00,7432.5,7440.0,7432.25,7439.0,1999
2026-06-09T05:35:00+00:00,7439.0,7439.5,7435.25,7437.0,788
2026-06-09T05:40:00+00:00,7437.0,7440.0,7435.75,7436.5,786
2026-06-09T05:45:00+00:00,7436.5,7441.0,7436.5,7440.5,718
2026-06-09T05:50:00+00:00,7440.25,7440.25,7436.5,7436.75,543
2026-06-09T05:55:00+00:00,7436.75,7437.5,7434.25,7436.75,676
2026-06-09T06:00:00+00:00,7436.75,7438.25,7435.0,7436.75,982
2026-06-09T06:05:00+00:00,7436.5,7438.5,7436.5,7437.25,851
2026-06-09T06:10:00+00:00,7437.25,7439.0,7436.75,7438.5,652
2026-06-09T06:15:00+00:00,7438.75,7442.0,7438.25,7439.75,1106
2026-06-09T06:20:00+00:00,7439.5,7442.0,7439.0,7440.25,492
2026-06-09T06:25:00+00:00,7440.25,7441.0,7436.0,7436.5,823
2026-06-09T06:30:00+00:00,7436.75,7437.0,7433.5,7435.5,1104
2026-06-09T06:35:00+00:00,7435.75,7436.75,7434.5,7436.0,534
2026-06-09T06:40:00+00:00,7436.25,7437.75,7434.5,7436.25,637
2026-06-09T06:45:00+00:00,7436.25,7437.5,7435.0,7435.25,467
2026-06-09T06:50:00+00:00,7435.25,7435.5,7430.25,7431.0,1281
2026-06-09T06:55:00+00:00,7431.25,7433.75,7431.0,7433.25,676
2026-06-09T07:00:00+00:00,7433.25,7443.5,7431.5,7443.25,2525
2026-06-09T07:05:00+00:00,7443.5,7446.75,7442.5,7445.0,1849
2026-06-09T07:10:00+00:00,7444.75,7446.25,7437.75,7438.0,1553
2026-06-09T07:15:00+00:00,7438.5,7439.75,7436.0,7437.5,1279
2026-06-09T07:20:00+00:00,7437.5,7440.5,7435.5,7435.75,1184
2026-06-09T07:25:00+00:00,7436.0,7436.5,7430.5,7433.25,1936
2026-06-09T07:30:00+00:00,7433.25,7436.25,7433.0,7433.75,1094
2026-06-09T07:35:00+00:00,7433.75,7434.5,7430.75,7433.25,1230
2026-06-09T07:40:00+00:00,7433.25,7436.5,7431.25,7436.5,1236
2026-06-09T07:45:00+00:00,7436.25,7439.0,7435.75,7437.0,999
2026-06-09T07:50:00+00:00,7436.75,7437.75,7431.75,7432.5,1660
2026-06-09T07:55:00+00:00,7432.75,7433.5,7430.75,7432.75,973
2026-06-09T08:00:00+00:00,7432.75,7437.0,7428.0,7433.5,2963
2026-06-09T08:05:00+00:00,7433.5,7438.5,7430.25,7438.0,1884
2026-06-09T08:10:00+00:00,7437.75,7445.25,7437.25,7444.0,4030
2026-06-09T08:15:00+00:00,7444.0,7445.75,7442.0,7442.5,1673
2026-06-09T08:20:00+00:00,7442.25,7443.5,7439.75,7441.75,1420
2026-06-09T08:25:00+00:00,7442.0,7444.5,7441.0,7443.25,1046
2026-06-09T08:30:00+00:00,7443.25,7446.0,7443.0,7443.5,1133
2026-06-09T08:35:00+00:00,7444.0,7448.25,7441.25,7447.25,1523
2026-06-09T08:40:00+00:00,7447.25,7448.75,7445.25,7447.5,1307
2026-06-09T08:45:00+00:00,7447.5,7449.0,7445.75,7446.25,741
2026-06-09T08:50:00+00:00,7446.25,7446.25,7441.0,7442.0,1411
2026-06-09T08:55:00+00:00,7441.75,7442.75,7440.5,7442.25,552
2026-06-09T09:00:00+00:00,7442.0,7446.5,7441.25,7444.5,1057
2026-06-09T09:05:00+00:00,7444.75,7447.0,7443.0,7446.75,764
2026-06-09T09:10:00+00:00,7446.5,7448.25,7446.0,7447.75,663
2026-06-09T09:15:00+00:00,7448.0,7448.75,7446.5,7448.0,713
2026-06-09T09:20:00+00:00,7447.75,7448.25,7446.0,7447.25,559
2026-06-09T09:25:00+00:00,7447.25,7450.75,7446.25,7449.25,1229
2026-06-09T09:30:00+00:00,7449.5,7449.5,7444.5,7444.5,866
2026-06-09T09:35:00+00:00,7445.25,7449.5,7445.0,7448.5,700
2026-06-09T09:40:00+00:00,7448.5,7449.75,7447.5,7448.5,530
2026-06-09T09:45:00+00:00,7448.5,7450.0,7448.0,7449.0,443
2026-06-09T09:50:00+00:00,7449.0,7451.25,7449.0,7450.0,909
2026-06-09T09:55:00+00:00,7450.0,7450.75,7448.5,7448.5,460
2026-06-09T10:00:00+00:00,7448.75,7451.75,7448.25,7450.75,1002
2026-06-09T10:05:00+00:00,7450.75,7451.75,7434.25,7441.75,10115
2026-06-09T10:10:00+00:00,7441.5,7449.75,7441.25,7449.0,2965
2026-06-09T10:15:00+00:00,7449.0,7449.5,7445.0,7445.25,701
2026-06-09T10:20:00+00:00,7445.25,7447.0,7445.0,7446.25,445
2026-06-09T10:25:00+00:00,7446.25,7449.75,7446.25,7449.25,512
2026-06-09T10:30:00+00:00,7449.25,7449.75,7446.5,7446.75,379
2026-06-09T10:35:00+00:00,7446.75,7447.75,7445.75,7445.75,458
2026-06-09T10:40:00+00:00,7446.25,7447.75,7445.25,7447.0,397
2026-06-09T10:45:00+00:00,7446.75,7448.0,7445.75,7447.25,670
2026-06-09T10:50:00+00:00,7447.5,7456.0,7447.5,7451.25,3386
2026-06-09T10:55:00+00:00,7451.25,7452.5,7450.0,7451.25,1499
2026-06-09T11:00:00+00:00,7451.5,7454.5,7450.0,7450.25,1437
2026-06-09T11:05:00+00:00,7450.5,7453.5,7449.25,7452.75,1011
2026-06-09T11:10:00+00:00,7452.5,7452.5,7448.75,7450.5,1082
2026-06-09T11:15:00+00:00,7450.5,7451.0,7447.0,7449.5,993
2026-06-09T11:20:00+00:00,7449.25,7449.75,7444.75,7445.25,1095
2026-06-09T11:25:00+00:00,7445.25,7448.0,7444.75,7446.5,669
2026-06-09T11:30:00+00:00,7446.75,7449.75,7446.25,7448.75,1213
2026-06-09T11:35:00+00:00,7448.75,7449.25,7445.0,7446.5,1071
2026-06-09T11:40:00+00:00,7446.25,7450.75,7446.25,7448.5,1769
2026-06-09T11:45:00+00:00,7448.75,7450.5,7445.5,7445.75,1137
2026-06-09T11:50:00+00:00,7445.75,7448.0,7444.75,7445.0,957
2026-06-09T11:55:00+00:00,7444.75,7445.0,7443.0,7443.25,1588
2026-06-09T12:00:00+00:00,7443.5,7447.75,7442.75,7446.0,1873
2026-06-09T12:05:00+00:00,7446.0,7448.0,7443.75,7447.25,1873
2026-06-09T12:10:00+00:00,7447.25,7447.5,7443.0,7443.25,1290
2026-06-09T12:15:00+00:00,7443.0,7444.75,7442.25,7444.0,1514
2026-06-09T12:20:00+00:00,7444.0,7445.5,7441.5,7442.75,1560
2026-06-09T12:25:00+00:00,7442.75,7445.5,7441.5,7443.5,2033
2026-06-09T12:30:00+00:00,7443.5,7453.5,7443.5,7452.5,3576
2026-06-09T12:35:00+00:00,7452.75,7455.75,7450.75,7451.25,2643
2026-06-09T12:40:00+00:00,7451.25,7452.5,7448.5,7449.75,1884
2026-06-09T12:45:00+00:00,7449.5,7449.75,7446.25,7448.25,1884
2026-06-09T12:50:00+00:00,7448.25,7449.25,7447.0,7447.75,1131
2026-06-09T12:55:00+00:00,7448.0,7456.75,7447.75,7456.25,5179
2026-06-09T13:00:00+00:00,7456.25,7458.0,7451.75,7453.75,9616
2026-06-09T13:05:00+00:00,7454.0,7459.0,7453.75,7457.0,5032
2026-06-09T13:10:00+00:00,7457.25,7457.25,7451.25,7451.75,3272
2026-06-09T13:15:00+00:00,7452.0,7452.0,7449.0,7450.75,3723
2026-06-09T13:20:00+00:00,7450.75,7453.25,7450.5,7451.75,2495
2026-06-09T13:25:00+00:00,7451.75,7459.5,7451.75,7458.5,8180
2026-06-09T13:30:00+00:00,7458.75,7463.75,7454.5,7458.25,24885
2026-06-09T13:35:00+00:00,7458.5,7470.75,7456.75,7466.0,25094
2026-06-09T13:40:00+00:00,7466.0,7475.5,7463.25,7475.25,20814
2026-06-09T13:45:00+00:00,7475.0,7491.0,7474.0,7489.75,29954
2026-06-09T13:50:00+00:00,7489.5,7490.0,7473.0,7473.75,29255
2026-06-09T13:55:00+00:00,7473.5,7476.75,7464.0,7465.5,27979
2026-06-09T14:00:00+00:00,7465.5,7472.5,7459.5,7462.75,29070
2026-06-09T14:05:00+00:00,7462.75,7469.5,7460.25,7461.25,21730
2026-06-09T14:10:00+00:00,7461.5,7461.5,7435.75,7437.0,44180
2026-06-09T14:15:00+00:00,7437.0,7441.25,7415.5,7422.75,52415
2026-06-09T14:20:00+00:00,7422.75,7441.75,7415.5,7441.0,40153
2026-06-09T14:25:00+00:00,7440.75,7443.5,7429.5,7433.25,31290
2026-06-09T14:30:00+00:00,7433.25,7439.0,7425.0,7433.5,30464
2026-06-09T14:35:00+00:00,7433.5,7437.25,7426.0,7430.75,23639
2026-06-09T14:40:00+00:00,7430.75,7434.25,7405.5,7407.75,30968
2026-06-09T14:45:00+00:00,7407.75,7410.5,7371.75,7374.0,65842
2026-06-09T14:50:00+00:00,7374.0,7387.5,7367.75,7387.0,51561
2026-06-09T14:55:00+00:00,7387.25,7399.5,7379.5,7399.0,31305
2026-06-09T15:00:00+00:00,7399.25,7402.75,7390.75,7391.25,28401
2026-06-09T15:05:00+00:00,7391.25,7401.5,7384.25,7400.75,25864
2026-06-09T15:10:00+00:00,7400.75,7405.5,7390.0,7396.5,22139
2026-06-09T15:15:00+00:00,7396.75,7399.0,7383.25,7384.0,20814
2026-06-09T15:20:00+00:00,7383.75,7388.5,7362.25,7362.5,29848
2026-06-09T15:25:00+00:00,7362.75,7363.25,7329.25,7331.5,49149
2026-06-09T15:30:00+00:00,7331.75,7339.5,7326.0,7334.0,45681
2026-06-09T15:35:00+00:00,7334.25,7339.25,7327.0,7336.0,34801
2026-06-09T15:40:00+00:00,7336.0,7346.25,7333.75,7339.75,28412
2026-06-09T15:45:00+00:00,7339.75,7343.75,7337.25,7341.25,17283
2026-06-09T15:50:00+00:00,7341.0,7349.0,7331.75,7333.0,25598
2026-06-09T15:55:00+00:00,7332.75,7334.5,7311.0,7312.5,38616
2026-06-09T16:00:00+00:00,7312.5,7327.25,7311.0,7317.75,37021
2026-06-09T16:05:00+00:00,7317.5,7319.0,7299.25,7304.75,35669
2026-06-09T16:10:00+00:00,7304.5,7315.0,7299.5,7307.0,28816
2026-06-09T16:15:00+00:00,7307.0,7307.25,7278.75,7281.0,41256
2026-06-09T16:20:00+00:00,7281.25,7296.75,7274.5,7296.25,41594
2026-06-09T16:25:00+00:00,7296.0,7303.0,7290.25,7295.0,26574
2026-06-09T16:30:00+00:00,7295.0,7307.75,7285.0,7294.25,33375
2026-06-09T16:35:00+00:00,7294.5,7305.5,7250.5,7254.75,48151
2026-06-09T16:40:00+00:00,7255.5,7271.0,7247.0,7268.0,40307
2026-06-09T16:45:00+00:00,7268.0,7278.75,7262.5,7270.0,28881
2026-06-09T16:50:00+00:00,7270.0,7276.25,7257.5,7258.25,23855
2026-06-09T16:55:00+00:00,7258.25,7288.25,7257.0,7287.25,23447
2026-06-09T17:00:00+00:00,7287.5,7308.25,7285.25,7305.5,25360
2026-06-09T17:05:00+00:00,7305.25,7309.75,7296.75,7304.0,17063
2026-06-09T17:10:00+00:00,7303.75,7312.0,7293.0,7307.25,18743
2026-06-09T17:15:00+00:00,7307.0,7322.0,7300.5,7320.5,18755
2026-06-09T17:20:00+00:00,7320.5,7334.5,7316.5,7326.0,26265
2026-06-09T17:25:00+00:00,7326.0,7334.0,7320.25,7329.0,15124
2026-06-09T17:30:00+00:00,7328.75,7338.75,7323.25,7338.5,16293
2026-06-09T17:35:00+00:00,7338.5,7347.25,7331.5,7342.5,16199
2026-06-09T17:40:00+00:00,7342.75,7361.0,7340.5,7351.0,17900
2026-06-09T17:45:00+00:00,7351.25,7353.75,7331.0,7333.5,20516
2026-06-09T17:50:00+00:00,7333.5,7353.25,7333.25,7346.5,17549
2026-06-09T17:55:00+00:00,7346.5,7353.25,7345.25,7347.25,10877
2026-06-09T18:00:00+00:00,7347.75,7354.5,7342.5,7347.5,12994
2026-06-09T18:05:00+00:00,7347.25,7359.25,7345.0,7357.5,11499
2026-06-09T18:10:00+00:00,7357.75,7358.0,7347.0,7354.25,12797
2026-06-09T18:15:00+00:00,7354.0,7367.0,7347.5,7366.0,15291
2026-06-09T18:20:00+00:00,7365.75,7373.5,7359.25,7372.5,14883
2026-06-09T18:25:00+00:00,7372.25,7373.25,7361.25,7373.0,10467
2026-06-09T18:30:00+00:00,7373.0,7384.0,7370.5,7378.75,15795
2026-06-09T18:35:00+00:00,7378.75,7384.75,7375.75,7381.25,8710
2026-06-09T18:40:00+00:00,7381.75,7382.0,7364.75,7366.0,13970
2026-06-09T18:45:00+00:00,7366.25,7377.25,7365.0,7377.25,10753
2026-06-09T18:50:00+00:00,7377.25,7384.0,7373.0,7378.5,8703
2026-06-09T18:55:00+00:00,7378.5,7393.5,7377.75,7389.5,11798
2026-06-09T19:00:00+00:00,7389.5,7396.25,7383.0,7395.0,11442
2026-06-09T19:05:00+00:00,7394.75,7398.75,7385.75,7386.5,11130
2026-06-09T19:10:00+00:00,7386.75,7386.75,7373.25,7374.5,13866
2026-06-09T19:15:00+00:00,7375.0,7376.25,7356.5,7358.25,21718
2026-06-09T19:20:00+00:00,7358.5,7365.5,7353.5,7361.5,16266
2026-06-09T19:25:00+00:00,7361.25,7370.5,7356.75,7367.75,12371
2026-06-09T19:30:00+00:00,7367.5,7372.0,7362.0,7367.25,11990
2026-06-09T19:35:00+00:00,7367.5,7368.75,7357.0,7357.75,10277
2026-06-09T19:40:00+00:00,7357.75,7360.75,7347.75,7356.25,16717
2026-06-09T19:45:00+00:00,7356.25,7360.0,7347.5,7352.5,11154
2026-06-09T19:50:00+00:00,7352.75,7384.5,7352.75,7383.5,26112
2026-06-09T19:55:00+00:00,7383.75,7395.25,7382.25,7392.0,30692
2026-06-09T20:00:00+00:00,7391.75,7399.0,7384.0,7399.0,13803
2026-06-09T20:05:00+00:00,7399.0,7399.0,7385.0,7387.5,5690
2026-06-09T20:10:00+00:00,7387.5,7389.5,7383.0,7385.5,2944
2026-06-09T20:15:00+00:00,7385.5,7390.5,7383.25,7383.25,2775
2026-06-09T20:20:00+00:00,7383.25,7387.5,7382.25,7386.25,1516
2026-06-09T20:25:00+00:00,7386.0,7391.75,7385.5,7390.0,1831
2026-06-09T20:30:00+00:00,7389.5,7390.0,7386.0,7388.75,1399
2026-06-09T20:35:00+00:00,7389.25,7391.25,7388.0,7390.25,1344
2026-06-09T20:40:00+00:00,7390.0,7393.75,7389.75,7390.75,1690
2026-06-09T20:45:00+00:00,7391.0,7392.5,7388.25,7391.25,1720
2026-06-09T20:50:00+00:00,7391.0,7391.25,7386.0,7386.75,1148
2026-06-09T20:55:00+00:00,7386.75,7390.0,7385.5,7390.0,1323
2026-06-09T22:00:00+00:00,7382.0,7384.5,7374.5,7379.0,0
2026-06-09T22:05:00+00:00,7378.5,7383.5,7376.25,7381.75,2857
2026-06-09T22:10:00+00:00,7381.75,7383.25,7378.75,7381.5,1665
2026-06-09T22:15:00+00:00,7381.5,7386.75,7378.5,7382.75,2536
2026-06-09T22:20:00+00:00,7382.75,7383.25,7379.25,7380.0,756
2026-06-09T22:25:00+00:00,7379.75,7380.75,7376.5,7378.5,1764
2026-06-09T22:30:00+00:00,7378.5,7378.75,7371.75,7372.25,2162
2026-06-09T22:35:00+00:00,7372.75,7373.5,7366.5,7371.75,2619
2026-06-09T22:40:00+00:00,7371.5,7374.25,7367.0,7370.75,2429
2026-06-09T22:45:00+00:00,7370.75,7372.0,7364.25,7366.75,2389
2026-06-09T22:50:00+00:00,7367.0,7369.25,7363.5,7367.75,1851
2026-06-09T22:55:00+00:00,7367.75,7371.75,7366.75,7370.5,1754
2026-06-09T23:00:00+00:00,7370.25,7376.75,7368.75,7375.0,2866
2026-06-09T23:05:00+00:00,7375.5,7379.5,7374.0,7375.5,2507
2026-06-09T23:10:00+00:00,7375.25,7376.5,7369.5,7370.25,2349
2026-06-09T23:15:00+00:00,7370.0,7372.25,7366.75,7369.0,2147
2026-06-09T23:20:00+00:00,7369.0,7371.0,7366.75,7368.5,1310
2026-06-09T23:25:00+00:00,7368.25,7369.5,7366.75,7367.25,908
2026-06-09T23:30:00+00:00,7367.25,7370.25,7365.0,7369.25,1800
2026-06-09T23:35:00+00:00,7369.25,7371.0,7365.0,7369.0,1451
2026-06-09T23:40:00+00:00,7369.25,7370.5,7367.0,7369.75,837
2026-06-09T23:45:00+00:00,7370.0,7373.5,7368.75,7372.5,1976
2026-06-09T23:50:00+00:00,7372.25,7376.75,7370.5,7376.5,1708
2026-06-09T23:55:00+00:00,7376.5,7379.75,7373.25,7379.0,2221
2026-06-10T00:00:00+00:00,7379.0,7388.75,7378.25,7387.5,4524
2026-06-10T00:05:00+00:00,7387.5,7393.25,7384.0,7389.25,4992
2026-06-10T00:10:00+00:00,7389.25,7389.5,7380.0,7384.5,3423
2026-06-10T00:15:00+00:00,7384.25,7386.25,7377.25,7382.0,2478
2026-06-10T00:20:00+00:00,7382.25,7383.25,7378.25,7381.25,1639
2026-06-10T00:25:00+00:00,7381.5,7384.75,7377.75,7383.25,1596
2026-06-10T00:30:00+00:00,7383.25,7384.0,7371.25,7371.5,2909
2026-06-10T00:35:00+00:00,7371.5,7377.5,7367.75,7372.5,3443
2026-06-10T00:40:00+00:00,7372.75,7373.0,7364.0,7368.25,2494
2026-06-10T00:45:00+00:00,7368.25,7376.5,7367.0,7376.5,2504
2026-06-10T00:50:00+00:00,7376.25,7381.0,7369.75,7379.25,3009
2026-06-10T00:55:00+00:00,7379.5,7384.75,7375.25,7381.5,3780
2026-06-10T01:00:00+00:00,7382.0,7385.25,7378.5,7384.75,3091
2026-06-10T01:05:00+00:00,7384.5,7384.75,7379.25,7380.5,1727
2026-06-10T01:10:00+00:00,7380.75,7388.5,7378.5,7384.75,2331
2026-06-10T01:15:00+00:00,7384.5,7390.0,7382.25,7388.0,1813
2026-06-10T01:20:00+00:00,7388.25,7388.5,7382.0,7383.0,1642
2026-06-10T01:25:00+00:00,7383.0,7386.25,7380.75,7383.5,1766
2026-06-10T01:30:00+00:00,7383.25,7388.5,7377.25,7387.5,2733
2026-06-10T01:35:00+00:00,7387.75,7388.75,7381.75,7385.5,1264
2026-06-10T01:40:00+00:00,7385.75,7386.5,7379.25,7379.5,1235
2026-06-10T01:45:00+00:00,7379.5,7385.75,7378.25,7384.5,1448
2026-06-10T01:50:00+00:00,7384.5,7385.5,7376.0,7380.0,2077
2026-06-10T01:55:00+00:00,7379.25,7384.5,7378.75,7380.0,1234
2026-06-10T02:00:00+00:00,7379.5,7381.5,7374.75,7376.0,1266
2026-06-10T02:05:00+00:00,7375.5,7376.25,7371.5,7372.75,1623
2026-06-10T02:10:00+00:00,7372.75,7378.0,7372.0,7375.5,1971
2026-06-10T02:15:00+00:00,7376.0,7377.5,7373.75,7375.5,783
2026-06-10T02:20:00+00:00,7375.75,7379.75,7373.5,7375.5,1295
2026-06-10T02:25:00+00:00,7375.5,7378.75,7372.5,7378.5,1352
2026-06-10T02:30:00+00:00,7379.0,7381.5,7375.5,7376.0,1180
2026-06-10T02:35:00+00:00,7376.25,7379.0,7373.75,7373.75,1049
2026-06-10T02:40:00+00:00,7373.75,7376.75,7373.25,7376.75,921
2026-06-10T02:45:00+00:00,7376.5,7381.0,7376.5,7380.75,979
2026-06-10T02:50:00+00:00,7380.75,7381.0,7369.5,7370.5,1553
2026-06-10T02:55:00+00:00,7370.75,7374.0,7369.5,7371.0,1113
2026-06-10T03:00:00+00:00,7371.0,7376.0,7370.25,7375.75,995
2026-06-10T03:05:00+00:00,7376.0,7380.0,7375.75,7377.75,994
2026-06-10T03:10:00+00:00,7377.75,7378.75,7375.75,7377.25,541
2026-06-10T03:15:00+00:00,7377.25,7381.75,7376.5,7377.5,838
2026-06-10T03:20:00+00:00,7377.25,7378.25,7374.25,7377.25,692
2026-06-10T03:25:00+00:00,7377.5,7378.75,7375.0,7376.25,478
2026-06-10T03:30:00+00:00,7376.25,7378.0,7374.25,7375.75,741
2026-06-10T03:35:00+00:00,7375.5,7375.5,7371.25,7372.75,765
2026-06-10T03:40:00+00:00,7372.5,7372.75,7369.75,7370.0,685
2026-06-10T03:45:00+00:00,7370.0,7373.5,7369.75,7371.25,676
2026-06-10T03:50:00+00:00,7370.75,7374.0,7369.75,7373.25,689
2026-06-10T03:55:00+00:00,7373.0,7374.5,7370.75,7372.75,556
2026-06-10T04:05:00+00:00,7367.0,7368.0,7366.5,7366.75,1646
2026-06-10T04:10:00+00:00,7366.5,7368.0,7364.5,7365.25,877
2026-06-10T04:15:00+00:00,7365.5,7369.75,7363.5,7368.5,1008
2026-06-10T04:20:00+00:00,7368.75,7370.75,7365.75,7366.75,864
2026-06-10T04:25:00+00:00,7366.75,7369.0,7364.75,7365.5,779
2026-06-10T04:30:00+00:00,7365.0,7365.75,7360.75,7361.0,1497
2026-06-10T04:35:00+00:00,7361.0,7362.5,7358.75,7360.5,1076
2026-06-10T04:40:00+00:00,7360.75,7363.0,7356.5,7357.25,999
2026-06-10T04:45:00+00:00,7357.0,7361.5,7355.75,7360.75,1197
2026-06-10T04:50:00+00:00,7361.0,7365.25,7359.5,7364.25,953
2026-06-10T04:55:00+00:00,7364.25,7365.0,7357.75,7358.0,914
2026-06-10T05:00:00+00:00,7358.0,7362.0,7356.75,7361.25,986
2026-06-10T05:05:00+00:00,7361.25,7366.0,7359.0,7361.25,1109
2026-06-10T05:10:00+00:00,7361.5,7361.75,7359.25,7360.0,520
2026-06-10T05:15:00+00:00,7360.5,7360.5,7353.75,7354.5,1302
2026-06-10T05:20:00+00:00,7354.25,7358.5,7353.75,7357.0,1379
2026-06-10T05:25:00+00:00,7357.0,7367.5,7355.75,7367.0,1759
2026-06-10T05:30:00+00:00,7367.0,7368.25,7358.75,7364.0,1664
2026-06-10T05:35:00+00:00,7364.0,7366.25,7362.25,7365.5,746
2026-06-10T05:40:00+00:00,7365.75,7368.75,7362.25,7364.0,981
2026-06-10T05:45:00+00:00,7364.0,7364.75,7359.5,7362.0,788
2026-06-10T05:50:00+00:00,7361.75,7367.5,7361.5,7367.25,883
2026-06-10T05:55:00+00:00,7366.75,7370.75,7366.0,7368.5,1051
2026-06-10T06:00:00+00:00,7368.5,7373.0,7367.25,7372.0,1062
2026-06-10T06:05:00+00:00,7372.25,7375.75,7370.75,7372.5,1057
2026-06-10T06:10:00+00:00,7372.25,7373.75,7369.75,7372.25,957
2026-06-10T06:15:00+00:00,7372.5,7374.75,7371.5,7374.5,832
2026-06-10T06:20:00+00:00,7374.25,7374.75,7367.25,7367.75,972
2026-06-10T06:25:00+00:00,7367.5,7372.0,7366.75,7370.5,931
2026-06-10T06:30:00+00:00,7370.25,7373.0,7368.25,7369.5,1187
2026-06-10T06:35:00+00:00,7369.5,7375.75,7366.75,7372.75,1960
2026-06-10T06:40:00+00:00,7372.75,7373.0,7370.0,7371.25,904
2026-06-10T06:45:00+00:00,7371.5,7372.0,7369.75,7371.5,454
2026-06-10T06:50:00+00:00,7371.5,7371.5,7368.5,7370.0,634
2026-06-10T06:55:00+00:00,7369.75,7370.0,7366.75,7368.5,680
2026-06-10T07:00:00+00:00,7368.5,7370.75,7366.25,7366.75,1195
2026-06-10T07:05:00+00:00,7366.5,7369.75,7364.5,7369.5,1307
2026-06-10T07:10:00+00:00,7369.25,7373.5,7367.75,7371.0,1552
2026-06-10T07:15:00+00:00,7370.75,7373.25,7367.0,7367.0,1208
2026-06-10T07:20:00+00:00,7366.75,7369.5,7364.5,7366.0,1182
2026-06-10T07:25:00+00:00,7366.0,7366.0,7362.25,7364.5,1334
2026-06-10T07:30:00+00:00,7364.5,7370.5,7362.75,7370.0,1462
2026-06-10T07:35:00+00:00,7369.75,7370.75,7365.0,7365.25,1249
2026-06-10T07:40:00+00:00,7365.75,7367.0,7362.75,7365.25,858
2026-06-10T07:45:00+00:00,7365.0,7367.75,7362.0,7364.75,1511
2026-06-10T07:50:00+00:00,7365.0,7366.25,7362.75,7365.25,1446
2026-06-10T07:55:00+00:00,7365.25,7368.25,7364.5,7367.75,1088
2026-06-10T08:00:00+00:00,7367.5,7367.75,7352.5,7357.5,3046
2026-06-10T08:05:00+00:00,7357.75,7363.5,7355.75,7362.25,2572
2026-06-10T08:10:00+00:00,7362.25,7364.75,7355.75,7356.0,2155
2026-06-10T08:15:00+00:00,7355.75,7358.0,7353.25,7353.75,2014
2026-06-10T08:20:00+00:00,7353.75,7358.5,7351.25,7355.75,3305
2026-06-10T08:25:00+00:00,7356.0,7357.75,7351.0,7353.0,2912
2026-06-10T08:30:00+00:00,7353.25,7354.75,7350.75,7351.5,2034
2026-06-10T08:35:00+00:00,7351.25,7357.0,7350.75,7353.25,1774
2026-06-10T08:40:00+00:00,7353.0,7353.25,7338.5,7339.5,4107
2026-06-10T08:45:00+00:00,7339.25,7340.75,7332.5,7337.5,4954
2026-06-10T08:50:00+00:00,7337.5,7345.0,7336.75,7338.75,3614
2026-06-10T08:55:00+00:00,7338.75,7340.0,7334.0,7336.25,2342
2026-06-10T09:00:00+00:00,7336.5,7337.75,7331.75,7334.75,2933
2026-06-10T09:05:00+00:00,7334.75,7339.25,7333.25,7333.25,2812
2026-06-10T09:10:00+00:00,7333.25,7339.75,7324.0,7324.0,5360
2026-06-10T09:15:00+00:00,7323.75,7329.5,7319.0,7325.25,4335
2026-06-10T09:20:00+00:00,7325.25,7328.25,7321.25,7328.0,2807
2026-06-10T09:25:00+00:00,7327.5,7337.25,7327.5,7336.5,3088
2026-06-10T09:30:00+00:00,7336.5,7338.25,7334.25,7336.5,1957
2026-06-10T09:35:00+00:00,7336.0,7342.75,7335.25,7337.5,2797
2026-06-10T09:40:00+00:00,7337.5,7338.0,7329.5,7333.0,3185
2026-06-10T09:45:00+00:00,7333.0,7335.75,7328.75,7331.75,2033
2026-06-10T09:50:00+00:00,7332.0,7336.5,7330.0,7335.5,2607
2026-06-10T09:55:00+00:00,7335.5,7339.5,7335.5,7337.5,2350
2026-06-10T10:00:00+00:00,7337.75,7338.5,7331.5,7334.75,2037
2026-06-10T10:05:00+00:00,7335.0,7337.25,7330.25,7336.25,1712
2026-06-10T10:10:00+00:00,7336.25,7337.0,7332.5,7334.75,1842
2026-06-10T10:15:00+00:00,7334.75,7335.25,7326.0,7328.0,3107
2026-06-10T10:20:00+00:00,7327.75,7335.5,7324.5,7333.0,3238
2026-06-10T10:25:00+00:00,7333.25,7337.25,7331.5,7336.25,2058
2026-06-10T10:30:00+00:00,7336.0,7342.0,7334.5,7335.5,3907
2026-06-10T10:35:00+00:00,7335.25,7340.5,7333.75,7339.25,1949
2026-06-10T10:40:00+00:00,7339.5,7344.25,7338.25,7344.25,2081
2026-06-10T10:45:00+00:00,7344.0,7346.25,7341.0,7342.0,1846
2026-06-10T10:50:00+00:00,7341.75,7341.75,7335.0,7335.75,1664
2026-06-10T10:55:00+00:00,7335.75,7346.5,7334.75,7344.0,3572
2026-06-10T11:00:00+00:00,7344.0,7346.5,7316.5,7318.5,7806
2026-06-10T11:05:00+00:00,7319.0,7323.75,7307.0,7321.75,8062
2026-06-10T11:10:00+00:00,7321.75,7327.75,7319.75,7326.0,4390
2026-06-10T11:15:00+00:00,7325.75,7331.5,7321.0,7322.0,3027
2026-06-10T11:20:00+00:00,7322.0,7334.25,7320.5,7324.0,4894
2026-06-10T11:25:00+00:00,7323.75,7324.5,7305.25,7316.75,9944
2026-06-10T11:30:00+00:00,7316.75,7319.75,7309.0,7315.25,4786
2026-06-10T11:35:00+00:00,7315.0,7318.0,7306.5,7306.75,3870
2026-06-10T11:40:00+00:00,7307.25,7315.0,7306.75,7311.75,3562
2026-06-10T11:45:00+00:00,7311.75,7316.25,7309.0,7313.75,3410
2026-06-10T11:50:00+00:00,7313.75,7323.75,7313.75,7322.5,3860
2026-06-10T11:55:00+00:00,7322.75,7326.75,7319.0,7322.5,3072
2026-06-10T12:00:00+00:00,7322.25,7325.0,7319.75,7322.75,3353
2026-06-10T12:05:00+00:00,7322.75,7329.5,7322.75,7327.25,4202
2026-06-10T12:10:00+00:00,7327.25,7335.0,7323.5,7327.5,6886
2026-06-10T12:15:00+00:00,7327.25,7334.25,7321.75,7323.75,6502
2026-06-10T12:20:00+00:00,7324.0,7331.75,7323.0,7327.0,3579
2026-06-10T12:25:00+00:00,7327.0,7339.0,7326.75,7338.25,5398
2026-06-10T12:30:00+00:00,7338.25,7367.0,7330.0,7353.75,23816
2026-06-10T12:35:00+00:00,7353.75,7361.75,7344.75,7353.25,13238
2026-06-10T12:40:00+00:00,7353.25,7365.0,7351.25,7359.0,9589
2026-06-10T12:45:00+00:00,7359.5,7366.75,7355.75,7364.0,9691
2026-06-10T12:50:00+00:00,7364.0,7364.25,7355.0,7359.75,7282
2026-06-10T12:55:00+00:00,7360.0,7360.5,7349.75,7350.5,7537
2026-06-10T13:00:00+00:00,7350.5,7355.5,7348.5,7349.25,8907
2026-06-10T13:05:00+00:00,7349.0,7354.5,7346.5,7354.5,5898
2026-06-10T13:10:00+00:00,7354.5,7355.75,7350.75,7351.25,4518
2026-06-10T13:15:00+00:00,7351.25,7355.0,7349.5,7354.25,3761
2026-06-10T13:20:00+00:00,7354.25,7355.5,7350.5,7352.5,3917
2026-06-10T13:25:00+00:00,7352.75,7356.0,7350.25,7355.0,6715
2026-06-10T13:30:00+00:00,7354.75,7360.25,7338.25,7338.25,33023
2026-06-10T13:35:00+00:00,7338.5,7373.25,7335.25,7366.5,42560
2026-06-10T13:40:00+00:00,7366.25,7382.5,7353.0,7382.25,35000
2026-06-10T13:45:00+00:00,7382.0,7390.25,7373.75,7386.75,28929
2026-06-10T13:50:00+00:00,7387.0,7387.0,7367.75,7377.0,27817
2026-06-10T13:55:00+00:00,7377.25,7387.75,7373.25,7378.0,23325
2026-06-10T14:00:00+00:00,7378.0,7393.5,7370.75,7386.5,31506
2026-06-10T14:05:00+00:00,7386.25,7395.0,7379.25,7391.75,21091
2026-06-10T14:10:00+00:00,7391.75,7397.0,7385.0,7387.5,29308
2026-06-10T14:15:00+00:00,7387.75,7391.75,7378.5,7386.0,25136
2026-06-10T14:20:00+00:00,7386.0,7404.75,7382.5,7403.0,24240
2026-06-10T14:25:00+00:00,7403.0,7404.75,7386.75,7392.75,23420
2026-06-10T14:30:00+00:00,7392.5,7399.25,7378.25,7399.25,29013
2026-06-10T14:35:00+00:00,7399.0,7400.0,7380.5,7386.0,22601
2026-06-10T14:40:00+00:00,7385.75,7393.25,7376.25,7376.5,20890
2026-06-10T14:45:00+00:00,7376.5,7381.75,7365.5,7370.0,33560
2026-06-10T14:50:00+00:00,7370.25,7377.75,7362.25,7366.75,30055
2026-06-10T14:55:00+00:00,7366.5,7370.0,7343.0,7348.75,37811
2026-06-10T15:00:00+00:00,7349.25,7365.0,7339.75,7351.5,34925
2026-06-10T15:05:00+00:00,7351.5,7353.0,7337.75,7338.5,21987
2026-06-10T15:10:00+00:00,7338.5,7341.0,7326.75,7327.5,31383
2026-06-10T15:15:00+00:00,7327.5,7328.25,7315.5,7322.5,29612
2026-06-10T15:20:00+00:00,7322.25,7344.25,7320.75,7339.0,28538
2026-06-10T15:25:00+00:00,7338.5,7346.25,7334.5,7334.75,21931
2026-06-10T15:30:00+00:00,7334.75,7344.0,7325.75,7330.75,24130
2026-06-10T15:35:00+00:00,7330.75,7337.25,7321.0,7328.5,21031
2026-06-10T15:40:00+00:00,7328.25,7346.25,7324.0,7343.0,20477
2026-06-10T15:45:00+00:00,7343.0,7348.5,7309.75,7320.25,40319
2026-06-10T15:50:00+00:00,7320.0,7337.0,7305.25,7328.5,33734
2026-06-10T15:55:00+00:00,7328.25,7342.0,7321.5,7340.0,17910
2026-06-10T16:00:00+00:00,7340.25,7346.0,7330.5,7336.0,20493
2026-06-10T16:05:00+00:00,7335.75,7341.25,7325.75,7329.75,15551
2026-06-10T16:10:00+00:00,7329.25,7329.75,7319.5,7323.0,14047
2026-06-10T16:15:00+00:00,7322.75,7331.0,7321.5,7325.75,9886
2026-06-10T16:20:00+00:00,7325.75,7329.75,7319.25,7321.75,11005
2026-06-10T16:25:00+00:00,7321.75,7330.0,7320.75,7327.25,7373
2026-06-10T16:30:00+00:00,7327.25,7337.0,7320.5,7336.75,9521
2026-06-10T16:35:00+00:00,7336.5,7344.0,7330.75,7340.25,12768
2026-06-10T16:40:00+00:00,7340.25,7343.5,7324.75,7328.75,11657
2026-06-10T16:45:00+00:00,7328.75,7328.75,7314.5,7320.25,13909
2026-06-10T16:50:00+00:00,7320.0,7331.0,7317.25,7322.75,11393
2026-06-10T16:55:00+00:00,7322.75,7326.0,7315.25,7324.0,8579
2026-06-10T17:00:00+00:00,7324.0,7334.5,7320.5,7332.0,9957
2026-06-10T17:05:00+00:00,7332.0,7332.5,7315.75,7317.0,12258
2026-06-10T17:10:00+00:00,7317.0,7318.0,7307.25,7310.75,12746
2026-06-10T17:15:00+00:00,7310.5,7315.0,7307.0,7310.5,9487
2026-06-10T17:20:00+00:00,7310.0,7316.25,7308.0,7315.5,7885
2026-06-10T17:25:00+00:00,7315.25,7319.0,7311.0,7317.0,8104
2026-06-10T17:30:00+00:00,7316.75,7317.5,7303.25,7309.0,12010
2026-06-10T17:35:00+00:00,7309.5,7309.5,7301.0,7302.25,10149
2026-06-10T17:40:00+00:00,7302.25,7306.5,7298.75,7300.25,8104
2026-06-10T17:45:00+00:00,7300.5,7327.5,7299.0,7324.0,20016
2026-06-10T17:50:00+00:00,7323.75,7326.25,7310.0,7320.5,15459
2026-06-10T17:55:00+00:00,7320.5,7328.75,7318.5,7327.25,9754
2026-06-10T18:00:00+00:00,7327.0,7338.5,7325.75,7337.25,12901
2026-06-10T18:05:00+00:00,7337.5,7338.25,7325.25,7325.75,10166
2026-06-10T18:10:00+00:00,7326.0,7333.25,7324.75,7328.25,6971
2026-06-10T18:15:00+00:00,7328.0,7333.25,7315.0,7318.5,10954
2026-06-10T18:20:00+00:00,7318.25,7325.0,7313.5,7319.75,10572
2026-06-10T18:25:00+00:00,7320.0,7322.0,7314.5,7316.5,8059
2026-06-10T18:30:00+00:00,7316.25,7316.5,7309.25,7311.25,9336
2026-06-10T18:35:00+00:00,7311.0,7312.0,7302.0,7305.75,13178
2026-06-10T18:40:00+00:00,7306.0,7309.25,7301.5,7305.75,8222
2026-06-10T18:45:00+00:00,7306.0,7306.25,7299.0,7300.0,7677
2026-06-10T18:50:00+00:00,7299.75,7301.5,7290.5,7298.0,15561
2026-06-10T18:55:00+00:00,7298.25,7299.5,7290.5,7295.0,9527
2026-06-10T19:00:00+00:00,7295.25,7302.0,7289.25,7294.25,12616
2026-06-10T19:05:00+00:00,7294.25,7302.0,7290.5,7298.25,9982
2026-06-10T19:10:00+00:00,7298.5,7299.5,7288.25,7291.5,8477
2026-06-10T19:15:00+00:00,7291.75,7293.5,7283.5,7286.25,10561
2026-06-10T19:20:00+00:00,7286.0,7286.25,7278.75,7282.5,12407
2026-06-10T19:25:00+00:00,7282.25,7284.0,7276.0,7281.0,12094
2026-06-10T19:30:00+00:00,7281.0,7293.0,7277.75,7290.75,16542
2026-06-10T19:35:00+00:00,7291.0,7298.0,7287.75,7296.25,10793
2026-06-10T19:40:00+00:00,7296.25,7298.75,7287.75,7293.75,11593
2026-06-10T19:45:00+00:00,7294.0,7295.75,7283.75,7290.0,11440
2026-06-10T19:50:00+00:00,7290.0,7300.5,7275.75,7290.0,23030
2026-06-10T19:55:00+00:00,7289.75,7294.0,7275.0,7276.0,18213
2026-06-10T20:00:00+00:00,7276.0,7279.25,7267.0,7274.0,11383
2026-06-10T20:05:00+00:00,7273.25,7275.0,7261.0,7268.0,7799
2026-06-10T20:10:00+00:00,7268.0,7274.25,7267.75,7271.25,4523
2026-06-10T20:15:00+00:00,7271.5,7275.0,7268.5,7272.0,3506
2026-06-10T20:20:00+00:00,7272.0,7276.0,7269.0,7273.5,1899
2026-06-10T20:25:00+00:00,7273.25,7273.5,7268.5,7270.5,1340
2026-06-10T20:30:00+00:00,7269.75,7269.75,7264.25,7266.0,1956
2026-06-10T20:35:00+00:00,7266.5,7269.25,7265.0,7268.75,1493
2026-06-10T20:40:00+00:00,7268.75,7270.25,7261.75,7262.75,2490
2026-06-10T20:45:00+00:00,7262.25,7263.5,7256.25,7259.75,2632
2026-06-10T20:50:00+00:00,7260.0,7265.0,7256.25,7264.5,1982
2026-06-10T20:55:00+00:00,7264.25,7267.75,7262.75,7267.0,2204
2026-06-10T22:00:00+00:00,7263.0,7266.25,7249.75,7250.75,0
2026-06-10T22:05:00+00:00,7251.25,7252.25,7247.0,7249.25,2910
2026-06-10T22:10:00+00:00,7249.5,7255.25,7247.0,7255.25,3756
2026-06-10T22:15:00+00:00,7255.25,7257.75,7252.75,7257.0,3075
2026-06-10T22:20:00+00:00,7256.75,7257.0,7253.75,7255.0,1785
2026-06-10T22:25:00+00:00,7254.75,7259.75,7253.0,7258.75,2265
2026-06-10T22:30:00+00:00,7258.75,7264.0,7258.75,7259.0,3279
2026-06-10T22:35:00+00:00,7259.0,7265.75,7258.5,7265.0,2293
2026-06-10T22:40:00+00:00,7265.0,7266.75,7256.5,7260.0,3873
2026-06-10T22:45:00+00:00,7260.25,7265.25,7256.25,7259.25,4121
2026-06-10T22:50:00+00:00,7259.75,7260.5,7250.75,7253.0,3429
2026-06-10T22:55:00+00:00,7252.75,7253.25,7242.75,7244.0,5102
2026-06-10T23:00:00+00:00,7244.25,7250.75,7240.0,7249.5,6803
2026-06-10T23:05:00+00:00,7249.5,7251.5,7242.5,7243.25,3166
2026-06-10T23:10:00+00:00,7243.25,7244.75,7234.75,7236.25,5883
2026-06-10T23:15:00+00:00,7236.25,7252.75,7232.5,7247.5,9223
2026-06-10T23:20:00+00:00,7247.75,7256.5,7240.5,7244.5,9511
2026-06-10T23:25:00+00:00,7244.5,7258.5,7244.5,7257.0,6435
2026-06-10T23:30:00+00:00,7257.25,7258.75,7247.25,7252.5,4637
2026-06-10T23:35:00+00:00,7252.75,7258.75,7252.25,7255.0,2801
2026-06-10T23:40:00+00:00,7255.25,7263.25,7254.5,7259.5,3538
2026-06-10T23:45:00+00:00,7259.25,7260.0,7252.5,7255.75,3110
2026-06-10T23:50:00+00:00,7255.5,7256.75,7251.25,7253.25,2181
2026-06-10T23:55:00+00:00,7253.0,7253.5,7247.25,7249.5,2458
2026-06-11T00:00:00+00:00,7249.75,7258.5,7246.25,7248.25,4610
2026-06-11T00:05:00+00:00,7248.5,7254.75,7246.0,7248.5,4377
2026-06-11T00:10:00+00:00,7248.5,7257.5,7245.75,7254.75,3734
2026-06-11T00:15:00+00:00,7255.0,7282.75,7255.0,7274.5,11555
2026-06-11T00:20:00+00:00,7274.5,7278.25,7269.5,7271.5,4638
2026-06-11T00:25:00+00:00,7271.75,7272.5,7264.75,7267.0,3604
2026-06-11T00:30:00+00:00,7267.25,7272.75,7265.0,7267.0,4162
2026-06-11T00:35:00+00:00,7266.75,7268.0,7257.75,7263.75,6157
2026-06-11T00:40:00+00:00,7263.5,7270.5,7262.0,7263.25,2902
2026-06-11T00:45:00+00:00,7263.0,7277.75,7263.0,7274.5,4254
2026-06-11T00:50:00+00:00,7274.75,7279.75,7272.0,7275.75,3209
2026-06-11T00:55:00+00:00,7276.0,7280.0,7275.75,7277.0,2178
2026-06-11T01:00:00+00:00,7277.25,7290.75,7277.0,7286.75,5993
2026-06-11T01:05:00+00:00,7286.75,7292.75,7285.5,7291.25,4641
2026-06-11T01:10:00+00:00,7291.25,7303.25,7291.25,7302.75,4935
2026-06-11T01:15:00+00:00,7302.5,7304.25,7297.5,7303.25,3896
2026-06-11T01:20:00+00:00,7303.25,7306.0,7297.5,7305.0,3456
2026-06-11T01:25:00+00:00,7305.0,7306.0,7301.5,7304.5,2615
2026-06-11T01:30:00+00:00,7304.5,7305.25,7298.0,7298.5,2494
2026-06-11T01:35:00+00:00,7298.5,7305.5,7296.0,7302.0,3009
2026-06-11T01:40:00+00:00,7301.75,7303.5,7295.75,7296.75,1849
2026-06-11T01:45:00+00:00,7297.0,7297.5,7293.0,7293.75,2099
2026-06-11T01:50:00+00:00,7294.0,7294.75,7290.5,7291.5,1852
2026-06-11T01:55:00+00:00,7291.75,7292.0,7285.75,7287.5,2511
2026-06-11T02:00:00+00:00,7287.75,7297.25,7286.5,7296.75,2523
2026-06-11T02:05:00+00:00,7296.75,7296.75,7290.5,7293.0,1752
2026-06-11T02:10:00+00:00,7292.75,7293.0,7286.75,7287.25,1551
2026-06-11T02:15:00+00:00,7287.25,7290.75,7285.5,7287.0,1480
2026-06-11T02:20:00+00:00,7287.0,7288.0,7278.5,7280.5,3282
2026-06-11T02:25:00+00:00,7280.25,7283.0,7276.5,7278.25,3268
2026-06-11T02:30:00+00:00,7278.5,7281.25,7273.25,7276.25,3399
2026-06-11T02:35:00+00:00,7276.5,7281.75,7275.5,7280.0,2577
2026-06-11T02:40:00+00:00,7279.75,7283.75,7278.5,7279.25,2207
2026-06-11T02:45:00+00:00,7279.5,7283.5,7278.0,7282.5,1919
2026-06-11T02:50:00+00:00,7282.75,7284.75,7279.25,7282.5,1902
2026-06-11T02:55:00+00:00,7282.75,7291.25,7282.5,7289.25,2957
2026-06-11T03:00:00+00:00,7289.5,7294.25,7289.5,7293.75,2131
2026-06-11T03:05:00+00:00,7294.0,7294.5,7288.0,7290.0,2234
2026-06-11T03:10:00+00:00,7290.0,7290.5,7282.25,7284.5,2119
2026-06-11T03:15:00+00:00,7284.25,7288.5,7283.0,7283.25,1672
2026-06-11T03:20:00+00:00,7283.25,7288.0,7281.0,7287.5,1817
2026-06-11T03:25:00+00:00,7287.25,7288.0,7284.0,7288.0,1187
2026-06-11T03:30:00+00:00,7287.5,7295.5,7287.25,7294.5,2611
2026-06-11T03:35:00+00:00,7294.5,7296.75,7291.25,7296.75,1526
2026-06-11T03:40:00+00:00,7296.5,7298.75,7295.75,7298.0,1637
2026-06-11T03:45:00+00:00,7298.0,7300.0,7296.0,7298.0,1276
2026-06-11T03:50:00+00:00,7298.0,7305.75,7297.75,7303.0,3084
2026-06-11T03:55:00+00:00,7303.0,7305.5,7302.25,7304.25,1141
2026-06-11T04:05:00+00:00,7303.5,7304.0,7302.5,7304.0,3645
2026-06-11T04:10:00+00:00,7304.0,7304.75,7302.5,7303.5,1330
2026-06-11T04:15:00+00:00,7303.25,7304.0,7300.5,7303.75,1320
2026-06-11T04:20:00+00:00,7303.75,7309.0,7302.25,7304.25,2943
2026-06-11T04:25:00+00:00,7304.5,7308.0,7304.0,7306.25,1602
2026-06-11T04:30:00+00:00,7306.75,7309.75,7305.75,7305.75,1633
2026-06-11T04:35:00+00:00,7305.75,7312.5,7305.5,7312.0,1664
2026-06-11T04:40:00+00:00,7312.0,7317.5,7311.25,7315.5,2539
2026-06-11T04:45:00+00:00,7315.5,7317.75,7313.25,7313.75,1481
2026-06-11T04:50:00+00:00,7313.75,7314.25,7310.25,7313.75,1680
2026-06-11T04:55:00+00:00,7313.75,7314.25,7310.75,7312.75,1173
2026-06-11T05:00:00+00:00,7313.25,7313.75,7307.25,7309.0,2666
2026-06-11T05:05:00+00:00,7308.75,7309.0,7304.75,7308.0,1605
2026-06-11T05:10:00+00:00,7307.5,7308.0,7304.25,7305.75,1399
2026-06-11T05:15:00+00:00,7305.5,7308.5,7304.0,7305.75,1547
2026-06-11T05:20:00+00:00,7305.5,7308.25,7305.25,7306.5,904
2026-06-11T05:25:00+00:00,7306.0,7306.75,7302.75,7306.0,1571
2026-06-11T05:30:00+00:00,7305.5,7308.0,7302.75,7307.25,2260
2026-06-11T05:35:00+00:00,7307.5,7308.5,7303.75,7306.25,1424
2026-06-11T05:40:00+00:00,7306.0,7309.0,7305.75,7307.75,1276
2026-06-11T05:45:00+00:00,7307.75,7309.75,7305.75,7307.5,1107
2026-06-11T05:50:00+00:00,7307.5,7309.0,7306.25,7306.75,1374
2026-06-11T05:55:00+00:00,7306.5,7310.5,7305.75,7308.5,1644
2026-06-11T06:00:00+00:00,7308.25,7309.0,7301.75,7302.0,3025
2026-06-11T06:05:00+00:00,7301.75,7302.5,7294.75,7299.0,7610
2026-06-11T06:10:00+00:00,7299.0,7307.0,7298.25,7306.5,3592
2026-06-11T06:15:00+00:00,7306.5,7310.25,7305.5,7306.0,2404
2026-06-11T06:20:00+00:00,7306.25,7309.5,7304.75,7307.25,1834
2026-06-11T06:25:00+00:00,7307.5,7309.0,7305.0,7305.75,2415
2026-06-11T06:30:00+00:00,7306.0,7306.5,7303.75,7304.25,1815
2026-06-11T06:35:00+00:00,7304.25,7311.25,7303.75,7310.5,3259
2026-06-11T06:40:00+00:00,7310.5,7312.5,7309.75,7310.25,2164
2026-06-11T06:45:00+00:00,7310.5,7313.0,7308.75,7311.75,2633
2026-06-11T06:50:00+00:00,7311.5,7314.5,7311.0,7313.75,1502
2026-06-11T06:55:00+00:00,7313.75,7316.0,7312.5,7315.5,1068
2026-06-11T07:00:00+00:00,7315.75,7319.75,7315.25,7318.5,3572
2026-06-11T07:05:00+00:00,7318.75,7319.25,7312.5,7317.5,2465
2026-06-11T07:10:00+00:00,7317.5,7319.25,7312.5,7317.25,3256
2026-06-11T07:15:00+00:00,7317.25,7325.0,7316.0,7322.75,3307
2026-06-11T07:20:00+00:00,7322.75,7330.0,7322.5,7329.25,4207
2026-06-11T07:25:00+00:00,7329.25,7329.25,7322.75,7326.75,2387
2026-06-11T07:30:00+00:00,7326.75,7329.0,7326.0,7327.0,2266
2026-06-11T07:35:00+00:00,7326.75,7331.25,7326.75,7328.25,2659
2026-06-11T07:40:00+00:00,7328.25,7331.0,7325.75,7330.25,2316
2026-06-11T07:45:00+00:00,7330.0,7330.75,7325.25,7325.75,2247
2026-06-11T07:50:00+00:00,7326.0,7328.75,7324.25,7326.75,1761
2026-06-11T07:55:00+00:00,7326.5,7328.0,7325.75,7327.25,1378
2026-06-11T08:00:00+00:00,7327.0,7336.0,7326.5,7329.25,3966
2026-06-11T08:05:00+00:00,7329.25,7335.75,7328.25,7334.5,2722
2026-06-11T08:10:00+00:00,7335.0,7337.5,7333.5,7335.5,2533
2026-06-11T08:15:00+00:00,7335.25,7335.5,7331.25,7333.5,1745
2026-06-11T08:20:00+00:00,7333.25,7335.0,7330.0,7334.0,2384
2026-06-11T08:25:00+00:00,7334.25,7336.75,7331.0,7332.25,1889
2026-06-11T08:30:00+00:00,7332.25,7336.0,7331.25,7335.0,2418
2026-06-11T08:35:00+00:00,7335.25,7337.25,7334.25,7336.0,1720
2026-06-11T08:40:00+00:00,7336.25,7336.75,7333.5,7335.0,1836
2026-06-11T08:45:00+00:00,7335.0,7337.25,7334.25,7334.25,1496
2026-06-11T08:50:00+00:00,7334.25,7337.0,7333.0,7334.5,1165
2026-06-11T08:55:00+00:00,7334.75,7337.5,7334.25,7336.5,940
2026-06-11T09:00:00+00:00,7336.5,7337.75,7335.25,7336.5,1496
2026-06-11T09:05:00+00:00,7336.5,7337.5,7333.0,7333.75,1948
2026-06-11T09:10:00+00:00,7333.75,7334.75,7331.5,7333.25,1911
2026-06-11T09:15:00+00:00,7333.25,7336.5,7332.5,7335.0,1711
2026-06-11T09:20:00+00:00,7335.0,7335.25,7331.5,7333.25,1111
2026-06-11T09:25:00+00:00,7333.75,7335.5,7331.75,7333.5,987
2026-06-11T09:30:00+00:00,7333.5,7334.0,7332.0,7333.75,1249
2026-06-11T09:35:00+00:00,7333.75,7335.5,7332.5,7334.5,1070
2026-06-11T09:40:00+00:00,7334.5,7337.0,7334.25,7335.25,1023
2026-06-11T09:45:00+00:00,7335.5,7338.75,7334.25,7335.5,1352
2026-06-11T09:50:00+00:00,7335.75,7336.75,7333.75,7335.25,1137
2026-06-11T09:55:00+00:00,7335.25,7337.75,7333.5,7333.5,1245
2026-06-11T10:00:00+00:00,7333.5,7337.5,7331.5,7333.5,2167
2026-06-11T10:05:00+00:00,7333.5,7335.0,7332.25,7332.75,1507
2026-06-11T10:10:00+00:00,7332.75,7334.0,7330.5,7332.0,1357
2026-06-11T10:15:00+00:00,7332.0,7333.0,7329.75,7331.0,1202
2026-06-11T10:20:00+00:00,7331.0,7333.5,7330.5,7333.25,1187
2026-06-11T10:25:00+00:00,7333.25,7333.75,7328.5,7328.75,2084
2026-06-11T10:30:00+00:00,7329.0,7334.25,7329.0,7334.25,2147
2026-06-11T10:35:00+00:00,7334.25,7334.25,7331.25,7332.0,1121
2026-06-11T10:40:00+00:00,7332.25,7333.0,7330.75,7331.5,805
2026-06-11T10:45:00+00:00,7331.75,7332.0,7330.5,7331.5,1052
2026-06-11T10:50:00+00:00,7331.75,7334.25,7331.0,7332.0,1219
2026-06-11T10:55:00+00:00,7332.25,7332.5,7328.5,7329.0,2121
2026-06-11T11:00:00+00:00,7329.0,7329.25,7325.0,7325.5,3908
2026-06-11T11:05:00+00:00,7325.5,7326.0,7317.5,7317.75,4961
2026-06-11T11:10:00+00:00,7318.0,7323.0,7317.75,7322.0,2637
2026-06-11T11:15:00+00:00,7322.0,7324.0,7321.0,7322.25,2199
2026-06-11T11:20:00+00:00,7322.25,7323.0,7319.5,7319.75,2437
2026-06-11T11:25:00+00:00,7319.75,7325.75,7317.75,7322.75,4906
2026-06-11T11:30:00+00:00,7323.0,7332.5,7322.0,7328.5,7700
2026-06-11T11:35:00+00:00,7328.25,7332.5,7326.25,7327.75,5071
2026-06-11T11:40:00+00:00,7328.0,7331.0,7325.0,7329.5,2662
2026-06-11T11:45:00+00:00,7329.75,7331.25,7329.25,7329.75,1673
2026-06-11T11:50:00+00:00,7329.75,7332.25,7326.75,7331.5,2186
2026-06-11T11:55:00+00:00,7331.5,7334.0,7330.5,7332.25,2955
2026-06-11T12:00:00+00:00,7332.0,7334.0,7331.25,7333.5,1931
2026-06-11T12:05:00+00:00,7333.5,7334.0,7328.75,7332.75,2669
2026-06-11T12:10:00+00:00,7332.75,7332.75,7329.75,7332.0,1516
2026-06-11T12:15:00+00:00,7332.25,7332.25,7325.75,7326.5,3710
2026-06-11T12:20:00+00:00,7326.0,7327.25,7296.25,7309.5,29486
2026-06-11T12:25:00+00:00,7309.25,7315.5,7302.75,7305.75,11607
2026-06-11T12:30:00+00:00,7306.75,7314.75,7288.25,7296.75,13139
2026-06-11T12:35:00+00:00,7297.0,7303.0,7293.5,7301.5,7188
2026-06-11T12:40:00+00:00,7301.25,7310.75,7296.25,7304.75,11236
2026-06-11T12:45:00+00:00,7304.5,7315.0,7301.75,7311.75,9839
2026-06-11T12:50:00+00:00,7312.0,7317.25,7310.0,7314.0,7201
2026-06-11T12:55:00+00:00,7314.0,7319.5,7311.75,7316.25,8059
2026-06-11T13:00:00+00:00,7316.0,7316.75,7309.0,7312.5,5582
2026-06-11T13:05:00+00:00,7312.5,7312.75,7304.0,7307.0,4608
2026-06-11T13:10:00+00:00,7307.25,7311.75,7305.5,7308.25,3683
2026-06-11T13:15:00+00:00,7308.5,7310.25,7306.25,7307.5,2773
2026-06-11T13:20:00+00:00,7307.5,7311.75,7307.0,7310.5,3157
2026-06-11T13:25:00+00:00,7310.25,7311.0,7307.0,7308.5,5251
2026-06-11T13:30:00+00:00,7307.75,7311.0,7290.75,7292.5,39282
2026-06-11T13:35:00+00:00,7292.75,7302.75,7287.5,7292.25,41915
2026-06-11T13:40:00+00:00,7292.5,7296.5,7283.0,7291.25,35266
2026-06-11T13:45:00+00:00,7291.25,7317.75,7287.25,7305.75,56478
2026-06-11T13:50:00+00:00,7305.75,7335.25,7305.75,7330.25,43565
2026-06-11T13:55:00+00:00,7330.25,7335.25,7313.75,7317.0,31698
2026-06-11T14:00:00+00:00,7317.0,7335.75,7314.5,7330.5,33240
2026-06-11T14:05:00+00:00,7330.5,7330.5,7317.0,7320.5,24969
2026-06-11T14:10:00+00:00,7320.25,7321.75,7297.25,7298.0,42369
2026-06-11T14:15:00+00:00,7298.25,7304.5,7289.0,7290.5,32072
2026-06-11T14:20:00+00:00,7290.5,7316.25,7289.25,7311.25,35806
2026-06-11T14:25:00+00:00,7311.25,7317.5,7296.25,7308.0,30721
2026-06-11T14:30:00+00:00,7307.75,7313.0,7296.25,7303.0,28689
2026-06-11T14:35:00+00:00,7302.75,7320.25,7300.75,7311.0,30069
2026-06-11T14:40:00+00:00,7311.25,7318.5,7305.0,7305.5,18980
2026-06-11T14:45:00+00:00,7305.5,7309.75,7298.0,7301.0,23026
2026-06-11T14:50:00+00:00,7300.75,7302.0,7290.25,7292.75,21330
2026-06-11T14:55:00+00:00,7293.0,7293.0,7270.25,7275.75,38440
2026-06-11T15:00:00+00:00,7275.5,7282.5,7263.0,7278.5,37888
2026-06-11T15:05:00+00:00,7279.0,7292.75,7272.25,7285.75,29317
2026-06-11T15:10:00+00:00,7285.5,7298.25,7284.0,7293.0,23643
2026-06-11T15:15:00+00:00,7293.0,7303.75,7286.25,7292.5,21911
2026-06-11T15:20:00+00:00,7292.75,7307.0,7290.75,7301.75,20749
2026-06-11T15:25:00+00:00,7302.0,7305.75,7291.0,7291.0,14845
2026-06-11T15:30:00+00:00,7291.0,7297.75,7286.25,7294.5,16507
2026-06-11T15:35:00+00:00,7294.75,7308.75,7293.5,7304.25,16582
2026-06-11T15:40:00+00:00,7304.5,7314.25,7293.75,7298.0,17249
2026-06-11T15:45:00+00:00,7298.0,7303.75,7292.5,7296.75,13364
2026-06-11T15:50:00+00:00,7296.75,7297.5,7289.0,7292.0,10275
2026-06-11T15:55:00+00:00,7292.0,7303.0,7287.5,7300.0,17191
2026-06-11T16:00:00+00:00,7300.5,7310.0,7294.75,7299.5,13079
2026-06-11T16:05:00+00:00,7299.5,7312.0,7296.25,7309.75,11944
2026-06-11T16:10:00+00:00,7309.5,7321.0,7307.75,7318.5,13989
2026-06-11T16:15:00+00:00,7318.5,7322.5,7312.75,7317.25,12241
2026-06-11T16:20:00+00:00,7317.25,7319.75,7304.25,7305.0,14793
2026-06-11T16:25:00+00:00,7305.0,7307.25,7297.0,7298.0,14265
2026-06-11T16:30:00+00:00,7298.0,7317.75,7293.25,7312.75,20516
2026-06-11T16:35:00+00:00,7312.5,7318.5,7304.75,7307.0,13912
2026-06-11T16:40:00+00:00,7307.0,7308.75,7302.75,7305.75,7666
2026-06-11T16:45:00+00:00,7305.75,7309.0,7300.5,7302.75,9603
2026-06-11T16:50:00+00:00,7302.5,7303.75,7290.25,7291.0,12906
2026-06-11T16:55:00+00:00,7290.75,7292.25,7284.25,7284.75,9735
2026-06-11T17:00:00+00:00,7285.0,7292.0,7275.0,7278.0,18126
2026-06-11T17:05:00+00:00,7278.0,7288.25,7277.25,7287.25,12366
2026-06-11T17:10:00+00:00,7287.5,7292.0,7281.5,7282.75,11971
2026-06-11T17:15:00+00:00,7283.0,7285.75,7273.5,7276.5,11173
2026-06-11T17:20:00+00:00,7276.25,7281.75,7272.0,7280.0,9791
2026-06-11T17:25:00+00:00,7279.75,7346.5,7278.5,7345.25,33930
2026-06-11T17:30:00+00:00,7345.25,7371.5,7342.0,7362.25,61218
2026-06-11T17:35:00+00:00,7362.5,7366.5,7352.25,7363.0,25882
2026-06-11T17:40:00+00:00,7362.75,7386.5,7358.75,7382.25,22705
2026-06-11T17:45:00+00:00,7382.5,7385.5,7365.25,7368.0,19571
2026-06-11T17:50:00+00:00,7368.25,7369.5,7353.75,7363.25,16477
2026-06-11T17:55:00+00:00,7363.0,7371.25,7357.5,7369.0,16696
2026-06-11T18:00:00+00:00,7369.0,7376.5,7347.5,7352.5,23109
2026-06-11T18:05:00+00:00,7352.75,7359.0,7345.25,7352.0,15383
2026-06-11T18:10:00+00:00,7351.75,7363.0,7350.75,7363.0,11170
2026-06-11T18:15:00+00:00,7362.75,7377.75,7361.0,7375.5,14340
2026-06-11T18:20:00+00:00,7375.5,7375.5,7357.75,7365.5,20549
2026-06-11T18:25:00+00:00,7364.75,7369.5,7362.5,7364.5,7701
2026-06-11T18:30:00+00:00,7364.75,7373.75,7362.75,7365.25,6928
2026-06-11T18:35:00+00:00,7365.25,7369.5,7361.25,7363.0,5620
2026-06-11T18:40:00+00:00,7363.0,7370.5,7360.5,7369.25,5439
2026-06-11T18:45:00+00:00,7369.25,7379.5,7368.0,7378.5,8111
2026-06-11T18:50:00+00:00,7378.5,7383.25,7377.0,7377.5,6410
2026-06-11T18:55:00+00:00,7377.25,7379.5,7371.75,7377.5,8117
2026-06-11T19:00:00+00:00,7377.5,7387.0,7377.25,7384.0,9717
2026-06-11T19:05:00+00:00,7383.75,7385.25,7372.25,7381.5,9748
2026-06-11T19:10:00+00:00,7381.25,7392.75,7380.5,7389.25,12625
2026-06-11T19:15:00+00:00,7389.5,7394.5,7387.25,7393.75,7436
2026-06-11T19:20:00+00:00,7393.75,7396.75,7391.0,7393.0,6381
2026-06-11T19:25:00+00:00,7393.25,7402.0,7391.5,7399.0,9161
2026-06-11T19:30:00+00:00,7399.0,7417.75,7398.75,7416.0,23154
2026-06-11T19:35:00+00:00,7416.0,7419.75,7407.5,7409.0,10759
2026-06-11T19:40:00+00:00,7409.25,7418.5,7406.25,7413.5,9349
2026-06-11T19:45:00+00:00,7413.25,7413.25,7398.5,7399.0,10167
2026-06-11T19:50:00+00:00,7399.25,7404.75,7392.5,7401.75,16585
2026-06-11T19:55:00+00:00,7401.5,7403.75,7393.25,7394.5,35554
2026-06-11T20:00:00+00:00,7394.5,7402.0,7390.25,7397.5,7943
2026-06-11T20:05:00+00:00,7398.0,7405.75,7398.0,7402.75,3776
2026-06-11T20:10:00+00:00,7403.0,7409.75,7399.75,7407.0,3173
2026-06-11T20:15:00+00:00,7407.0,7409.75,7403.75,7404.25,1677
2026-06-11T20:20:00+00:00,7403.75,7405.5,7401.25,7404.0,1410
2026-06-11T20:25:00+00:00,7404.0,7407.5,7399.0,7401.75,2253
2026-06-11T20:30:00+00:00,7401.5,7404.0,7399.75,7400.25,885
2026-06-11T20:35:00+00:00,7400.25,7400.5,7395.25,7395.25,1666
2026-06-11T20:40:00+00:00,7395.0,7395.75,7392.0,7392.75,1144
2026-06-11T20:45:00+00:00,7392.5,7394.75,7392.25,7393.25,969
2026-06-11T20:50:00+00:00,7393.25,7396.0,7393.0,7395.5,825
2026-06-11T20:55:00+00:00,7395.25,7399.0,7395.0,7397.75,1035
2026-06-11T22:00:00+00:00,7398.25,7407.5,7397.75,7404.25,0
2026-06-11T22:05:00+00:00,7404.25,7409.5,7402.25,7407.25,1849
2026-06-11T22:10:00+00:00,7406.75,7413.25,7406.5,7412.5,1939
2026-06-11T22:15:00+00:00,7412.75,7416.5,7409.5,7410.75,2498
2026-06-11T22:20:00+00:00,7410.75,7413.75,7409.75,7409.75,1505
2026-06-11T22:25:00+00:00,7409.75,7412.25,7409.25,7410.75,1135
2026-06-11T22:30:00+00:00,7411.0,7412.0,7408.5,7409.25,1571
2026-06-11T22:35:00+00:00,7409.25,7410.5,7408.25,7408.5,928
2026-06-11T22:40:00+00:00,7408.5,7412.5,7408.25,7411.0,1321
2026-06-11T22:45:00+00:00,7410.75,7415.0,7410.75,7412.75,1438
2026-06-11T22:50:00+00:00,7412.75,7415.5,7412.25,7414.5,1074
2026-06-11T22:55:00+00:00,7414.0,7414.75,7410.5,7411.5,1137
2026-06-11T23:00:00+00:00,7411.75,7412.5,7408.25,7409.5,1903
2026-06-11T23:05:00+00:00,7409.25,7410.25,7406.5,7408.25,1474
2026-06-11T23:10:00+00:00,7408.25,7410.0,7406.75,7409.75,1218
2026-06-11T23:15:00+00:00,7409.5,7412.75,7408.75,7410.5,1384
2026-06-11T23:20:00+00:00,7410.5,7410.75,7403.5,7403.75,1896
2026-06-11T23:25:00+00:00,7404.0,7406.75,7402.5,7406.5,1798
2026-06-11T23:30:00+00:00,7406.25,7408.75,7406.25,7408.25,1190
2026-06-11T23:35:00+00:00,7408.5,7411.75,7408.0,7410.25,1352
2026-06-11T23:40:00+00:00,7410.5,7413.75,7410.5,7413.25,1328
2026-06-11T23:45:00+00:00,7413.25,7417.0,7413.25,7415.75,2321
2026-06-11T23:50:00+00:00,7415.75,7416.75,7412.0,7414.5,1605
2026-06-11T23:55:00+00:00,7414.75,7416.25,7413.5,7415.0,1104
2026-06-12T00:00:00+00:00,7414.75,7415.75,7406.5,7411.25,3981
2026-06-12T00:05:00+00:00,7411.25,7417.0,7411.25,7413.5,2910
2026-06-12T00:10:00+00:00,7413.25,7415.0,7410.25,7413.0,2053
2026-06-12T00:15:00+00:00,7412.5,7412.5,7407.5,7411.0,2414
2026-06-12T00:20:00+00:00,7411.25,7415.5,7410.0,7415.0,1732
2026-06-12T00:25:00+00:00,7415.25,7418.25,7412.5,7417.0,2190
2026-06-12T00:30:00+00:00,7417.0,7420.0,7416.5,7420.0,2006
2026-06-12T00:35:00+00:00,7420.0,7421.5,7416.0,7416.5,2016
2026-06-12T00:40:00+00:00,7416.5,7418.25,7411.25,7412.0,2138
2026-06-12T00:45:00+00:00,7412.0,7416.0,7411.75,7413.75,1488
2026-06-12T00:50:00+00:00,7413.75,7415.25,7412.5,7412.75,1169
2026-06-12T00:55:00+00:00,7412.5,7413.75,7408.75,7412.5,1871
2026-06-12T01:00:00+00:00,7412.5,7413.0,7406.5,7407.75,2566
2026-06-12T01:05:00+00:00,7407.5,7409.5,7404.25,7409.0,2304
2026-06-12T01:10:00+00:00,7408.75,7409.75,7404.5,7408.75,1979
2026-06-12T01:15:00+00:00,7408.75,7410.5,7403.5,7404.5,2024
2026-06-12T01:20:00+00:00,7404.75,7405.25,7400.25,7401.0,2993
2026-06-12T01:25:00+00:00,7401.0,7401.25,7396.5,7398.75,2788
2026-06-12T01:30:00+00:00,7398.75,7403.0,7398.5,7402.5,2527
2026-06-12T01:35:00+00:00,7402.5,7403.5,7396.75,7399.5,2042
2026-06-12T01:40:00+00:00,7399.75,7403.75,7397.25,7400.25,2182
2026-06-12T01:45:00+00:00,7400.25,7406.75,7399.75,7406.0,2039
2026-06-12T01:50:00+00:00,7406.0,7407.75,7404.5,7405.75,1301
2026-06-12T01:55:00+00:00,7406.0,7411.25,7405.5,7410.25,1666
2026-06-12T02:00:00+00:00,7410.25,7414.0,7410.25,7412.25,2307
2026-06-12T02:05:00+00:00,7412.25,7414.5,7410.5,7414.0,1993
2026-06-12T02:10:00+00:00,7414.0,7415.0,7411.5,7412.0,1197
2026-06-12T02:15:00+00:00,7412.5,7413.0,7409.0,7411.0,1652
2026-06-12T02:20:00+00:00,7411.25,7412.75,7409.0,7409.75,1436
2026-06-12T02:25:00+00:00,7410.0,7410.25,7405.25,7405.5,2092
2026-06-12T02:30:00+00:00,7406.0,7408.5,7405.25,7406.0,1633
2026-06-12T02:35:00+00:00,7406.0,7410.75,7404.75,7410.0,2008
2026-06-12T02:40:00+00:00,7409.75,7411.25,7408.75,7410.25,1356
2026-06-12T02:45:00+00:00,7410.25,7414.0,7409.75,7412.25,1716
2026-06-12T02:50:00+00:00,7412.25,7413.5,7409.75,7411.5,1674
2026-06-12T02:55:00+00:00,7411.5,7412.25,7410.0,7411.75,1211
2026-06-12T03:00:00+00:00,7411.75,7412.0,7407.75,7409.5,1555
2026-06-12T03:05:00+00:00,7409.75,7409.75,7406.5,7408.5,1149
2026-06-12T03:10:00+00:00,7408.25,7408.5,7402.75,7404.5,1706
2026-06-12T03:15:00+00:00,7404.5,7406.0,7402.75,7403.0,1192
2026-06-12T03:20:00+00:00,7403.0,7403.75,7399.75,7400.5,1382
2026-06-12T03:25:00+00:00,7400.5,7405.0,7400.0,7404.0,2065
2026-06-12T03:30:00+00:00,7404.0,7407.75,7403.25,7405.0,2192
2026-06-12T03:35:00+00:00,7405.0,7407.0,7404.0,7406.5,1114
2026-06-12T03:40:00+00:00,7406.75,7409.75,7406.25,7406.75,1616
2026-06-12T03:45:00+00:00,7406.75,7407.0,7402.0,7405.0,2142
2026-06-12T03:50:00+00:00,7405.0,7407.5,7404.5,7406.5,1354
2026-06-12T03:55:00+00:00,7406.5,7408.5,7406.0,7406.75,843
2026-06-12T04:05:00+00:00,7401.75,7402.25,7401.5,7401.5,2486
2026-06-12T04:10:00+00:00,7401.5,7404.5,7400.25,7404.0,1426
2026-06-12T04:15:00+00:00,7404.25,7405.5,7400.75,7401.75,1316
2026-06-12T04:20:00+00:00,7401.75,7406.5,7400.25,7405.25,1492
2026-06-12T04:25:00+00:00,7405.0,7409.0,7405.0,7408.5,1069
2026-06-12T04:30:00+00:00,7408.5,7410.25,7407.0,7409.0,1449
2026-06-12T04:35:00+00:00,7408.75,7409.0,7407.0,7408.0,881
2026-06-12T04:40:00+00:00,7408.0,7411.0,7407.25,7409.5,917
2026-06-12T04:45:00+00:00,7409.5,7410.75,7408.0,7409.0,1267
2026-06-12T04:50:00+00:00,7409.0,7411.5,7408.75,7409.75,861
2026-06-12T04:55:00+00:00,7409.75,7411.25,7409.25,7410.75,720
2026-06-12T05:00:00+00:00,7410.75,7412.75,7408.25,7409.0,1403
2026-06-12T05:05:00+00:00,7408.75,7409.25,7404.75,7406.75,1620
2026-06-12T05:10:00+00:00,7406.75,7409.0,7404.0,7408.75,1387
2026-06-12T05:15:00+00:00,7408.5,7411.25,7407.0,7410.25,1787
2026-06-12T05:20:00+00:00,7410.25,7411.75,7408.75,7409.25,1384
2026-06-12T05:25:00+00:00,7409.25,7411.25,7408.0,7410.75,1013
2026-06-12T05:30:00+00:00,7410.25,7410.25,7404.5,7406.25,1807
2026-06-12T05:35:00+00:00,7406.25,7407.75,7398.0,7401.0,3992
2026-06-12T05:40:00+00:00,7401.0,7407.25,7400.0,7402.5,3789
2026-06-12T05:45:00+00:00,7402.75,7403.25,7395.5,7396.0,3834
2026-06-12T05:50:00+00:00,7396.0,7398.25,7387.25,7396.5,6520
2026-06-12T05:55:00+00:00,7396.5,7397.0,7391.75,7393.25,2605
2026-06-12T06:00:00+00:00,7393.0,7401.5,7391.5,7399.0,4184
2026-06-12T06:05:00+00:00,7399.0,7401.75,7395.75,7399.75,4216
2026-06-12T06:10:00+00:00,7399.5,7404.0,7398.25,7401.75,2953
2026-06-12T06:15:00+00:00,7401.75,7401.75,7397.75,7397.75,1754
2026-06-12T06:20:00+00:00,7398.0,7399.75,7395.25,7398.0,1505
2026-06-12T06:25:00+00:00,7398.25,7399.0,7395.75,7396.5,1527
2026-06-12T06:30:00+00:00,7396.5,7396.5,7392.0,7392.75,1996
2026-06-12T06:35:00+00:00,7392.75,7393.25,7391.0,7391.0,1347
2026-06-12T06:40:00+00:00,7391.25,7392.0,7388.0,7389.25,1839
2026-06-12T06:45:00+00:00,7389.5,7391.25,7387.5,7389.25,1713
2026-06-12T06:50:00+00:00,7389.25,7390.5,7384.75,7384.75,2498
2026-06-12T06:55:00+00:00,7384.75,7388.25,7384.25,7388.0,1646
2026-06-12T07:00:00+00:00,7388.25,7389.75,7379.5,7381.0,3813
2026-06-12T07:05:00+00:00,7380.75,7384.75,7380.25,7384.0,2686
2026-06-12T07:10:00+00:00,7384.0,7386.0,7377.5,7377.75,3094
2026-06-12T07:15:00+00:00,7378.0,7380.0,7374.75,7379.5,2774
2026-06-12T07:20:00+00:00,7379.5,7383.0,7378.25,7382.0,2770
2026-06-12T07:25:00+00:00,7382.0,7382.0,7377.75,7380.25,2046
2026-06-12T07:30:00+00:00,7380.0,7382.75,7378.25,7382.5,1855
2026-06-12T07:35:00+00:00,7382.75,7388.25,7382.75,7387.0,3902
2026-06-12T07:40:00+00:00,7387.25,7393.0,7386.25,7392.25,2683
2026-06-12T07:45:00+00:00,7392.25,7393.75,7389.5,7391.25,2129
2026-06-12T07:50:00+00:00,7391.0,7394.0,7391.0,7392.75,1399
2026-06-12T07:55:00+00:00,7392.5,7408.5,7392.5,7401.0,7878
2026-06-12T08:00:00+00:00,7401.25,7408.5,7399.0,7404.75,4006
2026-06-12T08:05:00+00:00,7404.5,7412.5,7403.25,7410.25,3822
2026-06-12T08:10:00+00:00,7410.5,7414.5,7409.75,7411.75,2308
2026-06-12T08:15:00+00:00,7411.5,7425.25,7407.75,7422.75,6722
2026-06-12T08:20:00+00:00,7422.75,7428.25,7418.5,7422.75,5524
2026-06-12T08:25:00+00:00,7423.0,7424.0,7420.0,7421.5,2935
2026-06-12T08:30:00+00:00,7421.5,7424.0,7417.25,7417.25,2559
2026-06-12T08:35:00+00:00,7417.0,7417.25,7412.25,7412.25,2612
2026-06-12T08:40:00+00:00,7412.0,7412.5,7408.0,7412.0,2498
2026-06-12T08:45:00+00:00,7412.0,7416.5,7408.25,7416.0,2279
2026-06-12T08:50:00+00:00,7416.0,7419.75,7413.75,7418.5,1691
2026-06-12T08:55:00+00:00,7418.5,7419.25,7415.0,7415.0,1298
2026-06-12T09:00:00+00:00,7415.25,7421.5,7415.0,7421.0,1779
2026-06-12T09:05:00+00:00,7421.0,7421.25,7417.25,7419.5,1382
2026-06-12T09:10:00+00:00,7419.5,7426.25,7418.0,7426.0,1326
2026-06-12T09:15:00+00:00,7426.0,7433.25,7425.0,7432.0,4150
2026-06-12T09:20:00+00:00,7432.0,7433.5,7428.0,7429.25,2032
2026-06-12T09:25:00+00:00,7429.75,7437.5,7428.5,7436.25,2281
2026-06-12T09:30:00+00:00,7436.25,7448.0,7435.0,7448.0,4110
2026-06-12T09:35:00+00:00,7448.25,7451.25,7445.0,7445.25,3892
2026-06-12T09:40:00+00:00,7445.25,7447.5,7443.0,7446.0,2225
2026-06-12T09:45:00+00:00,7446.0,7447.25,7441.75,7442.25,1732
2026-06-12T09:50:00+00:00,7442.5,7443.25,7439.25,7442.25,1569
2026-06-12T09:55:00+00:00,7442.25,7446.5,7438.5,7439.5,1958
2026-06-12T10:00:00+00:00,7439.25,7443.75,7438.25,7443.0,1829
2026-06-12T10:05:00+00:00,7442.5,7444.5,7441.0,7442.25,1323
2026-06-12T10:10:00+00:00,7442.5,7443.25,7432.75,7436.5,3248
2026-06-12T10:15:00+00:00,7436.5,7437.25,7430.5,7433.75,2281
2026-06-12T10:20:00+00:00,7433.75,7434.0,7427.75,7431.0,2241
2026-06-12T10:25:00+00:00,7431.25,7431.75,7419.5,7421.75,6065
2026-06-12T10:30:00+00:00,7421.5,7429.75,7420.25,7423.75,3800
2026-06-12T10:35:00+00:00,7423.75,7428.0,7422.5,7423.25,1617
2026-06-12T10:40:00+00:00,7423.25,7428.0,7423.25,7426.25,1313
2026-06-12T10:45:00+00:00,7426.75,7428.25,7424.25,7425.25,1518
2026-06-12T10:50:00+00:00,7425.25,7425.5,7422.75,7424.0,1309
2026-06-12T10:55:00+00:00,7424.0,7426.75,7420.75,7424.75,2425
2026-06-12T11:00:00+00:00,7425.0,7429.25,7425.0,7428.75,2249
2026-06-12T11:05:00+00:00,7428.5,7428.75,7422.25,7425.0,1931
2026-06-12T11:10:00+00:00,7425.0,7431.75,7425.0,7430.25,1963
2026-06-12T11:15:00+00:00,7430.25,7433.25,7429.25,7432.75,2121
2026-06-12T11:20:00+00:00,7432.75,7439.75,7431.75,7439.0,3034
2026-06-12T11:25:00+00:00,7438.5,7439.75,7437.75,7438.0,1784
2026-06-12T11:30:00+00:00,7438.25,7439.75,7432.5,7435.0,3199
2026-06-12T11:35:00+00:00,7435.0,7438.25,7434.25,7434.5,1689
2026-06-12T11:40:00+00:00,7434.5,7442.75,7434.25,7442.25,2103
2026-06-12T11:45:00+00:00,7442.5,7444.0,7438.75,7439.25,1724
2026-06-12T11:50:00+00:00,7439.25,7447.75,7439.0,7447.5,2397
2026-06-12T11:55:00+00:00,7447.5,7447.75,7442.25,7443.0,2120
2026-06-12T12:00:00+00:00,7443.0,7444.5,7434.5,7436.25,2938
2026-06-12T12:05:00+00:00,7436.25,7439.0,7432.25,7436.5,2236
2026-06-12T12:10:00+00:00,7436.25,7437.75,7433.25,7434.25,1498
2026-06-12T12:15:00+00:00,7434.5,7436.5,7430.75,7434.0,2450
2026-06-12T12:20:00+00:00,7433.75,7434.5,7426.75,7427.0,2807
2026-06-12T12:25:00+00:00,7427.0,7428.25,7425.0,7425.5,2565
2026-06-12T12:30:00+00:00,7425.25,7427.75,7421.75,7424.25,2578
2026-06-12T12:35:00+00:00,7424.25,7426.75,7415.5,7416.5,3687
2026-06-12T12:40:00+00:00,7416.5,7421.25,7412.75,7414.25,4940
2026-06-12T12:45:00+00:00,7414.25,7416.75,7410.5,7415.75,4208
2026-06-12T12:50:00+00:00,7416.0,7418.0,7404.75,7406.75,4322
2026-06-12T12:55:00+00:00,7407.0,7409.5,7402.0,7404.5,5999
2026-06-12T13:00:00+00:00,7404.25,7407.0,7397.0,7407.0,7492
2026-06-12T13:05:00+00:00,7406.75,7412.75,7406.0,7411.75,6433
2026-06-12T13:10:00+00:00,7411.75,7415.25,7408.5,7415.0,6306
2026-06-12T13:15:00+00:00,7415.0,7417.5,7412.5,7416.5,5115
2026-06-12T13:20:00+00:00,7416.75,7419.75,7414.75,7416.0,4926
2026-06-12T13:25:00+00:00,7416.0,7423.75,7415.5,7423.75,8115
2026-06-12T13:30:00+00:00,7423.5,7424.75,7395.5,7401.5,49036
2026-06-12T13:35:00+00:00,7401.75,7411.0,7399.5,7408.75,29599
2026-06-12T13:40:00+00:00,7408.75,7410.0,7374.0,7375.25,43218
2026-06-12T13:45:00+00:00,7375.25,7383.0,7366.5,7373.0,29519
2026-06-12T13:50:00+00:00,7373.0,7382.5,7368.25,7377.25,20024
2026-06-12T13:55:00+00:00,7377.25,7390.75,7375.0,7383.0,14816
2026-06-12T14:00:00+00:00,7383.0,7407.75,7381.75,7404.25,26254
2026-06-12T14:05:00+00:00,7404.5,7419.0,7399.25,7418.25,22046
2026-06-12T14:10:00+00:00,7418.5,7421.75,7404.0,7409.75,20333
2026-06-12T14:15:00+00:00,7409.5,7428.0,7409.25,7419.75,20339
2026-06-12T14:20:00+00:00,7420.0,7425.0,7405.5,7408.0,18742
2026-06-12T14:25:00+00:00,7408.25,7418.5,7408.0,7412.5,12682
2026-06-12T14:30:00+00:00,7412.25,7421.75,7409.25,7414.75,14428
2026-06-12T14:35:00+00:00,7414.5,7429.0,7413.5,7420.75,16833
2026-06-12T14:40:00+00:00,7421.0,7421.5,7395.75,7396.5,25494
2026-06-12T14:45:00+00:00,7396.5,7403.5,7388.25,7391.25,26008
2026-06-12T14:50:00+00:00,7391.25,7434.5,7390.5,7433.5,46124
2026-06-12T14:55:00+00:00,7433.5,7443.5,7426.25,7440.75,33228
2026-06-12T15:00:00+00:00,7440.75,7446.5,7433.0,7437.75,20232
2026-06-12T15:05:00+00:00,7437.5,7445.25,7435.75,7441.25,13385
2026-06-12T15:10:00+00:00,7441.25,7450.5,7438.5,7448.25,14887
2026-06-12T15:15:00+00:00,7448.25,7453.75,7442.5,7453.25,14013
2026-06-12T15:20:00+00:00,7453.5,7461.5,7449.25,7459.75,15365
2026-06-12T15:25:00+00:00,7459.75,7461.0,7454.75,7458.75,12990
2026-06-12T15:30:00+00:00,7458.5,7459.25,7444.5,7444.5,17239
2026-06-12T15:35:00+00:00,7444.75,7455.5,7430.0,7436.5,23756
2026-06-12T15:40:00+00:00,7436.75,7437.5,7424.75,7426.25,15646
2026-06-12T15:45:00+00:00,7426.25,7435.75,7410.75,7412.25,25713
2026-06-12T15:50:00+00:00,7412.25,7429.75,7408.5,7426.5,24635
2026-06-12T15:55:00+00:00,7426.5,7427.0,7401.25,7405.75,17171
2026-06-12T16:00:00+00:00,7405.75,7411.75,7398.5,7406.25,20836
2026-06-12T16:05:00+00:00,7406.0,7415.75,7401.25,7413.5,13276
2026-06-12T16:10:00+00:00,7413.0,7440.0,7406.25,7427.5,23795
2026-06-12T16:15:00+00:00,7427.25,7439.0,7420.0,7423.25,15940
2026-06-12T16:20:00+00:00,7423.0,7428.25,7416.25,7424.25,13075
2026-06-12T16:25:00+00:00,7424.0,7429.0,7418.5,7423.25,9113
2026-06-12T16:30:00+00:00,7423.25,7428.75,7419.25,7427.25,5895
2026-06-12T16:35:00+00:00,7427.5,7428.75,7419.0,7424.0,5879
2026-06-12T16:40:00+00:00,7424.0,7431.75,7420.0,7421.75,7956
2026-06-12T16:45:00+00:00,7421.75,7431.0,7421.25,7430.5,5478
2026-06-12T16:50:00+00:00,7430.25,7432.75,7426.0,7427.25,6038
2026-06-12T16:55:00+00:00,7427.5,7433.25,7420.0,7432.0,7686
2026-06-12T17:00:00+00:00,7432.25,7438.25,7431.0,7437.5,7271
2026-06-12T17:05:00+00:00,7437.5,7447.0,7435.5,7439.5,12525
2026-06-12T17:10:00+00:00,7439.75,7440.75,7429.0,7436.75,7148
2026-06-12T17:15:00+00:00,7437.25,7443.25,7434.25,7442.25,7262
2026-06-12T17:20:00+00:00,7442.25,7444.75,7438.75,7441.25,4565
2026-06-12T17:25:00+00:00,7441.0,7443.0,7433.75,7438.5,5625
2026-06-12T17:30:00+00:00,7438.25,7440.0,7430.75,7431.75,6566
2026-06-12T17:35:00+00:00,7431.5,7437.25,7430.75,7434.5,4923
2026-06-12T17:40:00+00:00,7434.25,7438.25,7431.75,7434.0,4293
2026-06-12T17:45:00+00:00,7434.25,7438.75,7433.25,7435.75,3653
2026-06-12T17:50:00+00:00,7435.75,7438.0,7433.75,7435.5,2589
2026-06-12T17:55:00+00:00,7436.0,7436.0,7426.0,7430.5,7019
2026-06-12T18:00:00+00:00,7430.5,7432.75,7426.5,7428.25,4924
2026-06-12T18:05:00+00:00,7428.25,7430.25,7422.5,7427.25,6694
2026-06-12T18:10:00+00:00,7426.75,7437.75,7426.0,7427.75,8714
2026-06-12T18:15:00+00:00,7427.75,7430.0,7422.0,7424.0,6334
2026-06-12T18:20:00+00:00,7424.0,7427.25,7421.75,7424.75,4029
2026-06-12T18:25:00+00:00,7425.0,7431.25,7422.5,7430.25,5660
2026-06-12T18:30:00+00:00,7430.0,7436.25,7429.5,7434.25,5176
2026-06-12T18:35:00+00:00,7434.0,7435.5,7432.0,7435.5,3144
2026-06-12T18:40:00+00:00,7435.25,7441.25,7435.25,7440.0,6020
2026-06-12T18:45:00+00:00,7440.25,7440.75,7435.0,7437.5,4880
2026-06-12T18:50:00+00:00,7437.5,7439.25,7432.75,7438.5,5058
2026-06-12T18:55:00+00:00,7438.5,7438.75,7427.0,7427.75,6806
2026-06-12T19:00:00+00:00,7427.75,7438.25,7427.0,7437.5,6614
2026-06-12T19:05:00+00:00,7437.5,7439.75,7433.25,7435.75,4789
2026-06-12T19:10:00+00:00,7435.75,7436.25,7430.25,7432.0,4586
2026-06-12T19:15:00+00:00,7431.75,7434.75,7427.5,7434.25,5068
2026-06-12T19:20:00+00:00,7434.0,7435.25,7431.5,7434.25,3788
2026-06-12T19:25:00+00:00,7434.25,7437.5,7431.25,7432.25,3914
2026-06-12T19:30:00+00:00,7432.0,7433.75,7422.75,7423.5,7694
2026-06-12T19:35:00+00:00,7423.25,7435.75,7418.5,7424.0,13344
2026-06-12T19:40:00+00:00,7424.25,7429.5,7421.75,7426.25,6269
2026-06-12T19:45:00+00:00,7426.0,7428.75,7422.5,7427.0,5648
2026-06-12T19:50:00+00:00,7427.0,7430.75,7425.75,7430.0,7102
2026-06-12T19:55:00+00:00,7430.0,7438.0,7429.5,7433.5,13149
2026-06-12T20:00:00+00:00,7433.25,7439.25,7433.0,7437.25,5519
2026-06-12T20:05:00+00:00,7437.25,7440.0,7436.0,7438.75,2630
2026-06-12T20:10:00+00:00,7438.75,7442.5,7438.25,7442.5,2040
2026-06-12T20:15:00+00:00,7442.5,7444.5,7441.75,7444.0,1794
2026-06-12T20:20:00+00:00,7444.25,7444.75,7440.5,7441.0,1188
2026-06-12T20:25:00+00:00,7441.0,7442.0,7440.0,7440.25,634
2026-06-12T20:30:00+00:00,7440.5,7441.75,7439.5,7441.0,890
2026-06-12T20:35:00+00:00,7441.0,7441.5,7438.5,7439.75,882
2026-06-12T20:40:00+00:00,7440.0,7443.0,7438.25,7438.25,901
2026-06-12T20:45:00+00:00,7438.25,7439.0,7437.25,7438.25,702
2026-06-12T20:50:00+00:00,7438.0,7438.5,7436.0,7436.75,989
2026-06-12T20:55:00+00:00,7436.5,7438.25,7435.0,7435.0,1079
2026-06-14T22:10:00+00:00,7500.5,7502.25,7497.25,7500.75,1254
2026-06-14T22:15:00+00:00,7500.75,7501.5,7494.75,7501.25,1368
2026-06-14T22:20:00+00:00,7501.5,7504.75,7499.0,7501.5,1360
2026-06-14T22:25:00+00:00,7501.5,7501.5,7494.0,7495.5,1887
2026-06-14T22:30:00+00:00,7495.5,7497.5,7491.0,7494.0,1629
2026-06-14T22:35:00+00:00,7493.75,7495.5,7491.25,7493.25,918
2026-06-14T22:40:00+00:00,7493.0,7494.0,7490.25,7491.75,684
2026-06-14T22:45:00+00:00,7492.0,7496.25,7491.0,7496.0,854
2026-06-14T22:50:00+00:00,7496.5,7498.25,7495.0,7497.25,988
2026-06-14T22:55:00+00:00,7497.25,7498.75,7494.25,7494.5,681
2026-06-14T23:00:00+00:00,7494.75,7498.5,7493.0,7494.75,645
2026-06-14T23:05:00+00:00,7494.75,7497.5,7491.75,7492.75,815
2026-06-14T23:10:00+00:00,7493.0,7494.0,7489.75,7490.5,1229
2026-06-14T23:15:00+00:00,7490.25,7491.25,7486.0,7487.0,1312
2026-06-14T23:20:00+00:00,7487.0,7490.75,7484.75,7490.25,958
2026-06-14T23:25:00+00:00,7490.0,7492.5,7489.5,7491.75,643
2026-06-14T23:30:00+00:00,7491.75,7494.5,7491.0,7494.0,646
2026-06-14T23:35:00+00:00,7494.0,7496.75,7493.75,7496.25,603
2026-06-14T23:40:00+00:00,7496.25,7497.25,7494.0,7494.25,571
2026-06-14T23:45:00+00:00,7494.5,7495.0,7489.75,7493.25,1192
2026-06-14T23:50:00+00:00,7493.5,7496.25,7490.5,7495.25,881
2026-06-14T23:55:00+00:00,7495.5,7498.0,7494.0,7496.75,941
2026-06-15T00:00:00+00:00,7496.5,7500.25,7494.25,7499.25,2502
2026-06-15T00:05:00+00:00,7499.25,7503.5,7497.0,7502.75,1925
2026-06-15T00:10:00+00:00,7503.25,7511.75,7503.0,7508.5,2605
2026-06-15T00:15:00+00:00,7508.75,7511.0,7505.75,7508.5,2069
2026-06-15T00:20:00+00:00,7508.25,7510.75,7504.75,7507.5,1849
2026-06-15T00:25:00+00:00,7507.5,7509.5,7506.75,7508.5,848
2026-06-15T00:30:00+00:00,7508.5,7509.75,7507.5,7508.25,593
2026-06-15T00:35:00+00:00,7508.5,7509.75,7506.5,7507.25,604
2026-06-15T00:40:00+00:00,7507.5,7508.0,7504.0,7506.25,995
2026-06-15T00:45:00+00:00,7506.25,7509.0,7504.25,7507.25,844
2026-06-15T00:50:00+00:00,7507.0,7509.0,7504.75,7506.5,625
2026-06-15T00:55:00+00:00,7506.5,7507.5,7505.5,7507.25,724
2026-06-15T01:00:00+00:00,7507.0,7509.5,7505.25,7508.0,1234
2026-06-15T01:05:00+00:00,7508.5,7509.75,7506.5,7508.5,645
2026-06-15T01:10:00+00:00,7508.75,7511.5,7507.0,7509.75,867
2026-06-15T01:15:00+00:00,7509.5,7510.75,7508.0,7508.5,663
2026-06-15T01:20:00+00:00,7508.5,7511.0,7507.75,7510.0,585
2026-06-15T01:25:00+00:00,7510.25,7512.5,7509.0,7511.0,710
2026-06-15T01:30:00+00:00,7511.0,7513.0,7509.25,7512.75,681
2026-06-15T01:35:00+00:00,7512.75,7514.5,7511.75,7512.5,881
2026-06-15T01:40:00+00:00,7512.5,7513.75,7511.0,7513.5,643
2026-06-15T01:45:00+00:00,7513.5,7514.0,7512.5,7513.5,320
2026-06-15T01:50:00+00:00,7513.5,7514.75,7512.0,7512.5,793
2026-06-15T01:55:00+00:00,7512.5,7512.75,7510.0,7512.0,517
2026-06-15T02:00:00+00:00,7512.0,7514.0,7511.75,7513.5,496
2026-06-15T02:05:00+00:00,7513.5,7514.75,7512.25,7514.75,495
2026-06-15T02:10:00+00:00,7514.75,7516.0,7513.75,7514.75,685
2026-06-15T02:15:00+00:00,7514.5,7515.75,7514.25,7515.25,326
2026-06-15T02:20:00+00:00,7515.25,7518.0,7515.0,7517.5,448
2026-06-15T02:25:00+00:00,7517.5,7518.5,7516.75,7517.5,477
2026-06-15T02:30:00+00:00,7517.5,7518.25,7516.0,7516.5,547
2026-06-15T02:35:00+00:00,7516.25,7518.75,7516.0,7518.25,429
2026-06-15T02:40:00+00:00,7518.25,7519.25,7516.75,7517.5,334
2026-06-15T02:45:00+00:00,7517.5,7518.75,7517.5,7518.75,192
2026-06-15T02:50:00+00:00,7519.0,7520.0,7517.75,7519.5,536
2026-06-15T02:55:00+00:00,7519.5,7520.25,7518.5,7519.0,236
2026-06-15T03:00:00+00:00,7519.0,7519.25,7516.75,7518.75,539
2026-06-15T03:05:00+00:00,7519.0,7519.0,7516.75,7518.5,309
2026-06-15T03:10:00+00:00,7518.5,7519.75,7518.25,7519.25,354
2026-06-15T03:15:00+00:00,7519.5,7522.5,7519.5,7521.0,787
2026-06-15T03:20:00+00:00,7520.75,7521.75,7520.5,7521.25,181
2026-06-15T03:25:00+00:00,7521.25,7522.0,7520.5,7520.75,317
2026-06-15T03:30:00+00:00,7520.75,7523.5,7520.0,7522.5,385
2026-06-15T03:35:00+00:00,7522.5,7523.0,7521.0,7521.25,350
2026-06-15T03:40:00+00:00,7521.5,7522.25,7518.5,7519.75,692
2026-06-15T03:45:00+00:00,7519.75,7521.5,7518.0,7520.0,383
2026-06-15T03:50:00+00:00,7520.25,7520.25,7518.75,7520.0,223
2026-06-15T03:55:00+00:00,7519.75,7520.0,7518.5,7519.5,369
2026-06-15T04:00:00+00:00,7519.5,7520.5,7516.25,7518.25,471
2026-06-15T04:05:00+00:00,7518.25,7519.25,7517.5,7518.5,240
2026-06-15T04:10:00+00:00,7518.25,7519.0,7517.0,7518.5,306
2026-06-15T04:15:00+00:00,7519.0,7521.0,7518.75,7520.75,491
2026-06-15T04:20:00+00:00,7521.0,7522.5,7520.25,7521.5,338
2026-06-15T04:25:00+00:00,7521.75,7523.25,7521.75,7523.25,320
2026-06-15T04:30:00+00:00,7523.0,7524.5,7522.0,7524.0,924
2026-06-15T04:35:00+00:00,7523.75,7524.5,7522.75,7524.0,495
2026-06-15T04:40:00+00:00,7524.25,7524.5,7522.25,7524.25,371
2026-06-15T04:45:00+00:00,7524.25,7524.5,7522.5,7524.0,354
2026-06-15T04:50:00+00:00,7524.0,7525.0,7523.75,7524.0,572
2026-06-15T04:55:00+00:00,7523.75,7527.5,7522.5,7526.75,918
2026-06-15T05:00:00+00:00,7526.75,7527.0,7526.0,7526.5,437
2026-06-15T05:05:00+00:00,7526.5,7528.5,7526.0,7528.5,456
2026-06-15T05:10:00+00:00,7528.5,7529.75,7527.5,7528.75,394
2026-06-15T05:15:00+00:00,7528.5,7529.75,7528.25,7529.75,351
2026-06-15T05:20:00+00:00,7529.25,7530.0,7528.0,7528.25,310
2026-06-15T05:25:00+00:00,7528.25,7529.5,7527.25,7528.5,426
2026-06-15T05:30:00+00:00,7528.75,7529.5,7525.75,7527.5,658
2026-06-15T05:35:00+00:00,7527.5,7530.25,7526.75,7530.0,1325
2026-06-15T05:40:00+00:00,7529.5,7530.75,7529.25,7529.5,751
2026-06-15T05:45:00+00:00,7529.75,7530.5,7528.5,7530.0,519
2026-06-15T05:50:00+00:00,7529.75,7530.5,7528.0,7528.75,543
2026-06-15T05:55:00+00:00,7528.75,7531.25,7527.75,7531.25,342
2026-06-15T06:00:00+00:00,7531.0,7533.25,7530.25,7531.5,695
2026-06-15T06:05:00+00:00,7531.5,7531.5,7529.25,7529.25,468
2026-06-15T06:10:00+00:00,7529.25,7530.25,7529.0,7529.5,475
2026-06-15T06:15:00+00:00,7529.25,7529.25,7525.75,7527.25,583
2026-06-15T06:20:00+00:00,7527.5,7531.0,7526.5,7531.0,630
2026-06-15T06:25:00+00:00,7531.25,7532.25,7528.0,7528.75,739
2026-06-15T06:30:00+00:00,7528.75,7529.75,7524.75,7525.0,864
2026-06-15T06:35:00+00:00,7525.0,7526.0,7523.0,7524.75,721
2026-06-15T06:40:00+00:00,7524.75,7527.25,7524.0,7526.75,601
2026-06-15T06:45:00+00:00,7526.75,7527.5,7525.75,7527.0,486
2026-06-15T06:50:00+00:00,7526.75,7528.5,7524.0,7524.25,645
2026-06-15T06:55:00+00:00,7524.25,7526.25,7523.25,7526.0,659
2026-06-15T07:00:00+00:00,7526.0,7526.25,7521.25,7525.5,1892
2026-06-15T07:05:00+00:00,7525.75,7528.25,7525.25,7525.75,1052
2026-06-15T07:10:00+00:00,7525.75,7526.25,7523.5,7525.75,1010
2026-06-15T07:15:00+00:00,7525.75,7532.0,7525.0,7530.25,1328
2026-06-15T07:20:00+00:00,7530.0,7531.25,7526.5,7527.25,1130
2026-06-15T07:25:00+00:00,7527.25,7530.5,7526.25,7528.75,690
2026-06-15T07:30:00+00:00,7528.75,7593.0,7526.75,7593.0,50197
2026-06-15T07:35:00+00:00,7593.0,7594.25,7591.5,7592.5,935
2026-06-15T07:40:00+00:00,7592.5,7594.0,7591.0,7591.25,780
2026-06-15T07:45:00+00:00,7591.0,7591.75,7588.75,7590.0,854
2026-06-15T07:50:00+00:00,7590.0,7593.5,7589.0,7592.5,1412
2026-06-15T07:55:00+00:00,7592.5,7592.5,7586.75,7586.75,1569
2026-06-15T08:00:00+00:00,7586.5,7594.5,7586.25,7590.75,2021
2026-06-15T08:05:00+00:00,7590.75,7592.0,7587.5,7590.75,1487
2026-06-15T08:10:00+00:00,7591.0,7592.25,7589.25,7590.5,1337
2026-06-15T08:15:00+00:00,7590.5,7591.25,7587.25,7588.25,1177
2026-06-15T08:20:00+00:00,7588.0,7590.75,7587.5,7589.75,1221
2026-06-15T08:25:00+00:00,7589.0,7594.5,7589.0,7594.0,1868
2026-06-15T08:30:00+00:00,7593.75,7594.0,7590.75,7591.25,1138
2026-06-15T08:35:00+00:00,7591.25,7594.75,7591.0,7594.25,789
2026-06-15T08:40:00+00:00,7594.0,7594.5,7592.5,7594.0,888
2026-06-15T08:45:00+00:00,7594.0,7597.0,7592.75,7593.5,1809
2026-06-15T08:50:00+00:00,7593.25,7594.75,7590.5,7592.0,936
2026-06-15T08:55:00+00:00,7592.0,7593.75,7590.25,7592.25,1005
2026-06-15T09:00:00+00:00,7592.0,7596.0,7592.0,7595.25,1300
2026-06-15T09:05:00+00:00,7595.25,7595.5,7593.0,7594.0,742
2026-06-15T09:10:00+00:00,7594.0,7595.25,7590.5,7591.5,916
2026-06-15T09:15:00+00:00,7591.5,7592.25,7589.0,7590.0,1081
2026-06-15T09:20:00+00:00,7589.75,7590.0,7586.75,7588.25,2221
2026-06-15T09:25:00+00:00,7588.25,7589.25,7585.5,7586.0,1383
2026-06-15T09:30:00+00:00,7586.25,7587.0,7584.5,7584.5,969
2026-06-15T09:35:00+00:00,7584.75,7587.0,7584.25,7585.75,1139
2026-06-15T09:40:00+00:00,7586.0,7587.5,7584.75,7584.75,781
2026-06-15T09:45:00+00:00,7584.5,7586.0,7582.75,7585.75,1000
2026-06-15T09:50:00+00:00,7586.25,7587.75,7584.75,7586.25,1218
2026-06-15T09:55:00+00:00,7586.25,7588.75,7585.5,7587.25,2289
2026-06-15T10:00:00+00:00,7587.5,7589.5,7586.75,7588.75,1864
2026-06-15T10:05:00+00:00,7589.0,7589.5,7587.25,7589.25,654
2026-06-15T10:10:00+00:00,7589.75,7591.5,7589.5,7590.25,821
2026-06-15T10:15:00+00:00,7590.5,7590.75,7587.75,7589.0,662
2026-06-15T10:20:00+00:00,7589.0,7589.75,7587.0,7589.75,769
2026-06-15T10:25:00+00:00,7589.75,7592.0,7589.5,7591.0,718
2026-06-15T10:30:00+00:00,7591.25,7591.5,7588.0,7589.0,838
2026-06-15T10:35:00+00:00,7589.0,7590.25,7587.25,7587.75,790
2026-06-15T10:40:00+00:00,7588.0,7590.5,7587.25,7590.25,906
2026-06-15T10:45:00+00:00,7590.25,7591.25,7589.75,7591.0,710
2026-06-15T10:50:00+00:00,7591.0,7591.75,7589.5,7590.75,649
2026-06-15T10:55:00+00:00,7591.0,7592.75,7590.25,7592.0,1071
2026-06-15T11:00:00+00:00,7592.25,7594.5,7591.25,7593.0,2096
2026-06-15T11:05:00+00:00,7593.5,7595.75,7593.25,7595.25,970
2026-06-15T11:10:00+00:00,7595.25,7598.0,7595.0,7597.0,1240
2026-06-15T11:15:00+00:00,7597.25,7598.5,7596.5,7598.25,1606
2026-06-15T11:20:00+00:00,7598.0,7601.0,7597.75,7600.75,1879
2026-06-15T11:25:00+00:00,7600.75,7601.0,7597.0,7599.75,1776
2026-06-15T11:30:00+00:00,7599.75,7602.0,7596.25,7596.5,1645
2026-06-15T11:35:00+00:00,7596.75,7596.75,7592.5,7595.5,1978
2026-06-15T11:40:00+00:00,7595.25,7597.5,7591.75,7592.75,2446
2026-06-15T11:45:00+00:00,7593.0,7595.25,7591.5,7594.0,1989
2026-06-15T11:50:00+00:00,7594.25,7599.75,7594.0,7599.5,2327
2026-06-15T11:55:00+00:00,7599.25,7599.25,7595.0,7595.75,1368
2026-06-15T12:00:00+00:00,7595.75,7597.25,7594.5,7596.25,1461
2026-06-15T12:05:00+00:00,7596.25,7598.5,7595.0,7596.75,1747
2026-06-15T12:10:00+00:00,7596.5,7598.75,7595.0,7595.0,1511
2026-06-15T12:15:00+00:00,7595.0,7596.5,7590.25,7591.5,2638
2026-06-15T12:20:00+00:00,7591.75,7592.75,7588.0,7589.75,3262
2026-06-15T12:25:00+00:00,7590.0,7591.75,7587.75,7589.25,1818
2026-06-15T12:30:00+00:00,7589.25,7591.5,7588.5,7589.5,2320
2026-06-15T12:35:00+00:00,7589.25,7591.75,7588.25,7591.0,1781
2026-06-15T12:40:00+00:00,7591.0,7595.0,7590.25,7591.75,2106
2026-06-15T12:45:00+00:00,7591.75,7593.0,7587.5,7592.5,2168
2026-06-15T12:50:00+00:00,7592.5,7593.5,7590.0,7591.5,1346
2026-06-15T12:55:00+00:00,7591.5,7594.75,7591.25,7594.5,1370
2026-06-15T13:00:00+00:00,7594.75,7594.75,7592.5,7592.5,1646
2026-06-15T13:05:00+00:00,7592.75,7595.0,7591.75,7594.75,1778
2026-06-15T13:10:00+00:00,7594.75,7597.0,7594.0,7597.0,2240
2026-06-15T13:15:00+00:00,7596.75,7598.25,7595.5,7597.75,2452
2026-06-15T13:20:00+00:00,7598.0,7599.0,7596.5,7598.5,2010
2026-06-15T13:25:00+00:00,7598.75,7601.25,7597.0,7599.25,5938
2026-06-15T13:30:00+00:00,7599.25,7612.0,7598.25,7608.25,28826
2026-06-15T13:35:00+00:00,7608.25,7616.25,7608.0,7611.75,20534
2026-06-15T13:40:00+00:00,7611.75,7614.0,7606.5,7609.75,19239
2026-06-15T13:45:00+00:00,7609.75,7620.5,7609.5,7619.25,16853
2026-06-15T13:50:00+00:00,7619.5,7622.5,7617.25,7618.25,11884
2026-06-15T13:55:00+00:00,7618.5,7622.0,7613.25,7614.5,12884
2026-06-15T14:00:00+00:00,7614.0,7620.75,7611.5,7617.75,17641
2026-06-15T14:05:00+00:00,7618.0,7620.75,7610.0,7613.0,15555
2026-06-15T14:10:00+00:00,7613.25,7614.0,7605.75,7611.0,16262
2026-06-15T14:15:00+00:00,7611.0,7614.5,7606.5,7612.0,13211
2026-06-15T14:20:00+00:00,7613.5,7614.5,7610.25,7610.75,16723
2026-06-15T14:25:00+00:00,7610.5,7617.75,7610.25,7617.0,10981
2026-06-15T14:30:00+00:00,7617.0,7618.25,7610.0,7612.75,14872
2026-06-15T14:35:00+00:00,7612.5,7616.5,7611.25,7614.5,7914
2026-06-15T14:40:00+00:00,7614.5,7615.0,7611.5,7613.5,6037
2026-06-15T14:45:00+00:00,7613.75,7619.25,7613.5,7615.75,9717
2026-06-15T14:50:00+00:00,7616.0,7621.25,7615.75,7620.0,7640
2026-06-15T14:55:00+00:00,7620.25,7625.0,7618.75,7623.25,10977
2026-06-15T15:00:00+00:00,7623.25,7629.0,7623.0,7627.5,9060
2026-06-15T15:05:00+00:00,7627.25,7629.0,7624.75,7628.0,6208
2026-06-15T15:10:00+00:00,7628.25,7629.0,7625.0,7628.0,9705
2026-06-15T15:15:00+00:00,7628.25,7629.5,7626.0,7627.25,4102
2026-06-15T15:20:00+00:00,7627.5,7632.0,7627.0,7629.75,6128
2026-06-15T15:25:00+00:00,7629.5,7634.0,7629.25,7632.75,5733
2026-06-15T15:30:00+00:00,7633.0,7636.0,7626.5,7630.0,12706
2026-06-15T15:35:00+00:00,7630.25,7635.0,7629.5,7633.5,7376
2026-06-15T15:40:00+00:00,7634.0,7637.0,7632.75,7636.0,5763
2026-06-15T15:45:00+00:00,7636.0,7642.25,7636.0,7641.5,8430
2026-06-15T15:50:00+00:00,7641.5,7643.0,7640.0,7641.5,8195
2026-06-15T15:55:00+00:00,7641.5,7644.5,7640.0,7643.0,4675
2026-06-15T16:00:00+00:00,7643.25,7648.75,7643.0,7646.0,9005
2026-06-15T16:05:00+00:00,7646.0,7646.75,7644.0,7644.75,4102
2026-06-15T16:10:00+00:00,7644.75,7646.75,7642.0,7643.25,4978
2026-06-15T16:15:00+00:00,7643.5,7644.75,7640.75,7643.0,5734
2026-06-15T16:20:00+00:00,7643.0,7646.5,7642.75,7646.0,5268
2026-06-15T16:25:00+00:00,7645.75,7647.75,7644.25,7647.0,4348
2026-06-15T16:30:00+00:00,7647.0,7648.25,7643.75,7643.75,4369
2026-06-15T16:35:00+00:00,7643.75,7645.25,7640.0,7640.75,6396
2026-06-15T16:40:00+00:00,7641.0,7644.25,7639.25,7640.75,6586
2026-06-15T16:45:00+00:00,7641.0,7641.0,7636.75,7638.5,6476
2026-06-15T16:50:00+00:00,7638.75,7641.5,7638.0,7638.75,4598
2026-06-15T16:55:00+00:00,7638.75,7641.5,7637.5,7640.5,3668
2026-06-15T17:00:00+00:00,7640.5,7642.25,7634.75,7640.0,9892
2026-06-15T17:05:00+00:00,7640.0,7641.25,7632.5,7635.5,8646
2026-06-15T17:10:00+00:00,7635.5,7641.0,7634.75,7640.0,4123
2026-06-15T17:15:00+00:00,7639.5,7644.0,7638.75,7641.5,5134
2026-06-15T17:20:00+00:00,7641.75,7644.75,7640.5,7643.5,3436
2026-06-15T17:25:00+00:00,7643.5,7645.5,7642.0,7643.25,3814
2026-06-15T17:30:00+00:00,7643.25,7645.25,7639.0,7641.0,4874
2026-06-15T17:35:00+00:00,7641.0,7643.75,7641.0,7642.25,3160
2026-06-15T17:40:00+00:00,7642.0,7642.5,7638.75,7639.5,2578
2026-06-15T17:45:00+00:00,7639.25,7640.25,7637.5,7639.0,3120
2026-06-15T17:50:00+00:00,7639.5,7640.25,7636.0,7636.0,3468
2026-06-15T17:55:00+00:00,7635.75,7636.25,7632.25,7633.75,5894
2026-06-15T18:00:00+00:00,7633.75,7635.0,7628.0,7629.75,8345
2026-06-15T18:05:00+00:00,7629.75,7633.5,7628.25,7631.5,5266
2026-06-15T18:10:00+00:00,7631.5,7634.0,7631.0,7633.25,3943
2026-06-15T18:15:00+00:00,7633.5,7635.5,7632.25,7632.75,4259
2026-06-15T18:20:00+00:00,7632.75,7633.25,7630.5,7631.25,3699
2026-06-15T18:25:00+00:00,7631.25,7632.75,7628.0,7629.0,3528
2026-06-15T18:30:00+00:00,7628.75,7631.5,7625.5,7629.75,6314
2026-06-15T18:35:00+00:00,7630.0,7634.75,7629.0,7633.75,4738
2026-06-15T18:40:00+00:00,7634.0,7635.25,7631.75,7634.0,3973
2026-06-15T18:45:00+00:00,7634.25,7636.25,7633.0,7634.0,4772
2026-06-15T18:50:00+00:00,7633.75,7634.75,7632.0,7633.25,2574
2026-06-15T18:55:00+00:00,7633.0,7634.5,7630.25,7631.5,3626
2026-06-15T19:00:00+00:00,7631.75,7632.25,7628.75,7629.75,5302
2026-06-15T19:05:00+00:00,7629.75,7631.25,7628.5,7630.0,4164
2026-06-15T19:10:00+00:00,7630.0,7632.75,7628.5,7632.0,4240
2026-06-15T19:15:00+00:00,7632.0,7634.5,7630.5,7631.5,4220
2026-06-15T19:20:00+00:00,7631.5,7631.75,7627.75,7628.25,4210
2026-06-15T19:25:00+00:00,7628.25,7629.25,7624.75,7624.75,4638
2026-06-15T19:30:00+00:00,7625.0,7628.25,7623.25,7624.5,6551
2026-06-15T19:35:00+00:00,7624.25,7625.5,7622.75,7625.0,4747
2026-06-15T19:40:00+00:00,7624.75,7627.0,7623.75,7625.5,4339
2026-06-15T19:45:00+00:00,7625.25,7631.25,7624.75,7629.25,7347
2026-06-15T19:50:00+00:00,7629.0,7629.0,7620.25,7621.5,13571
2026-06-15T19:55:00+00:00,7621.75,7631.5,7616.5,7630.25,24793
2026-06-15T20:00:00+00:00,7630.0,7631.5,7628.5,7629.25,7489
2026-06-15T20:05:00+00:00,7629.25,7629.25,7626.75,7628.75,2364
2026-06-15T20:10:00+00:00,7628.5,7629.25,7626.25,7628.0,1529
2026-06-15T20:15:00+00:00,7628.0,7628.5,7625.75,7628.0,943
2026-06-15T20:20:00+00:00,7627.75,7628.25,7624.25,7624.5,828
2026-06-15T20:25:00+00:00,7624.75,7626.25,7624.25,7625.5,980
2026-06-15T20:30:00+00:00,7625.25,7628.25,7625.25,7627.5,813
2026-06-15T20:35:00+00:00,7627.5,7628.25,7627.0,7627.5,590
2026-06-15T20:40:00+00:00,7627.75,7628.0,7625.5,7626.25,1139
2026-06-15T20:45:00+00:00,7626.0,7629.0,7625.5,7627.5,841
2026-06-15T20:50:00+00:00,7627.5,7627.75,7625.0,7626.25,647
2026-06-15T20:55:00+00:00,7626.25,7627.0,7624.25,7624.5,1054
2026-06-15T22:00:00+00:00,7626.5,7630.0,7625.0,7626.25,0
2026-06-15T22:05:00+00:00,7626.0,7627.0,7622.5,7626.0,874
2026-06-15T22:10:00+00:00,7626.25,7626.5,7618.5,7620.75,1610
2026-06-15T22:15:00+00:00,7621.25,7621.5,7617.0,7617.0,954
2026-06-15T22:20:00+00:00,7617.25,7619.0,7615.0,7615.5,1751
2026-06-15T22:25:00+00:00,7615.25,7617.75,7612.0,7617.0,2257
2026-06-15T22:30:00+00:00,7616.75,7619.0,7616.0,7617.0,1093
2026-06-15T22:35:00+00:00,7617.25,7618.5,7615.25,7615.5,603
2026-06-15T22:40:00+00:00,7616.0,7616.5,7615.25,7616.25,319
2026-06-15T22:45:00+00:00,7616.0,7617.0,7615.5,7615.75,363
2026-06-15T22:50:00+00:00,7615.5,7619.75,7615.25,7616.5,1407
2026-06-15T22:55:00+00:00,7616.25,7618.5,7616.25,7617.75,447
2026-06-15T23:00:00+00:00,7617.25,7618.5,7615.75,7616.75,669
2026-06-15T23:05:00+00:00,7616.5,7618.0,7615.5,7616.5,458
2026-06-15T23:10:00+00:00,7616.5,7617.25,7615.25,7615.5,353
2026-06-15T23:15:00+00:00,7615.5,7616.5,7614.5,7614.5,420
2026-06-15T23:20:00+00:00,7614.75,7619.5,7614.75,7619.5,875
2026-06-15T23:25:00+00:00,7619.25,7622.0,7618.25,7621.0,1244
2026-06-15T23:30:00+00:00,7621.0,7621.5,7617.0,7617.75,683
2026-06-15T23:35:00+00:00,7618.0,7619.25,7616.5,7618.0,506
2026-06-15T23:40:00+00:00,7618.0,7619.25,7616.5,7618.75,384
2026-06-15T23:45:00+00:00,7619.5,7620.5,7617.75,7618.5,632
2026-06-15T23:50:00+00:00,7618.75,7621.5,7618.0,7621.25,643
2026-06-15T23:55:00+00:00,7621.25,7621.75,7619.0,7620.25,669
2026-06-16T00:00:00+00:00,7620.25,7622.0,7615.5,7618.75,1517
2026-06-16T00:05:00+00:00,7618.0,7622.0,7617.5,7621.0,959
2026-06-16T00:10:00+00:00,7621.25,7622.5,7620.0,7620.75,588
2026-06-16T00:15:00+00:00,7620.5,7623.5,7620.0,7622.0,740
2026-06-16T00:20:00+00:00,7621.75,7622.0,7617.5,7619.0,743
2026-06-16T00:25:00+00:00,7619.0,7622.0,7617.5,7621.75,770
2026-06-16T00:30:00+00:00,7621.75,7625.25,7620.0,7621.5,1734
2026-06-16T00:35:00+00:00,7621.5,7621.75,7617.0,7618.5,1207
2026-06-16T00:40:00+00:00,7618.25,7622.25,7617.25,7617.5,1351
2026-06-16T00:45:00+00:00,7617.5,7619.75,7615.0,7615.25,1293
2026-06-16T00:50:00+00:00,7615.5,7616.0,7612.75,7614.25,1747
2026-06-16T00:55:00+00:00,7614.5,7617.0,7614.25,7615.25,1210
2026-06-16T01:00:00+00:00,7615.5,7619.0,7614.5,7618.75,1242
2026-06-16T01:05:00+00:00,7618.5,7618.75,7613.75,7614.0,1141
2026-06-16T01:10:00+00:00,7614.5,7616.25,7613.25,7615.0,1187
2026-06-16T01:15:00+00:00,7615.0,7618.0,7614.25,7615.75,914
2026-06-16T01:20:00+00:00,7615.75,7617.75,7615.25,7616.0,484
2026-06-16T01:25:00+00:00,7616.0,7618.5,7616.0,7616.5,625
2026-06-16T01:30:00+00:00,7616.5,7618.0,7615.0,7616.5,679
2026-06-16T01:35:00+00:00,7616.75,7618.0,7614.75,7617.25,705
2026-06-16T01:40:00+00:00,7617.25,7617.5,7615.25,7616.0,464
2026-06-16T01:45:00+00:00,7616.0,7618.75,7615.5,7618.0,719
2026-06-16T01:50:00+00:00,7618.25,7618.5,7615.0,7615.5,507
2026-06-16T01:55:00+00:00,7615.25,7616.5,7614.0,7616.5,947
2026-06-16T02:00:00+00:00,7616.25,7617.0,7614.5,7614.75,610
2026-06-16T02:05:00+00:00,7615.0,7618.0,7614.75,7615.75,665
2026-06-16T02:10:00+00:00,7615.75,7616.0,7614.0,7615.25,689
2026-06-16T02:15:00+00:00,7615.25,7618.25,7615.25,7616.75,885
2026-06-16T02:20:00+00:00,7616.75,7618.5,7616.75,7617.0,409
2026-06-16T02:25:00+00:00,7616.75,7617.5,7616.25,7616.75,296
2026-06-16T02:30:00+00:00,7616.75,7620.0,7616.5,7619.0,1103
2026-06-16T02:35:00+00:00,7619.5,7621.0,7619.0,7619.25,708
2026-06-16T02:40:00+00:00,7619.25,7619.75,7618.25,7619.75,366
2026-06-16T02:45:00+00:00,7619.25,7620.5,7618.75,7619.25,325
2026-06-16T02:50:00+00:00,7619.0,7619.25,7616.5,7617.0,590
2026-06-16T02:55:00+00:00,7617.0,7618.25,7615.75,7617.5,671
2026-06-16T03:00:00+00:00,7617.75,7619.0,7616.75,7618.5,346
2026-06-16T03:05:00+00:00,7618.5,7620.5,7618.5,7619.25,494
2026-06-16T03:10:00+00:00,7619.25,7619.5,7617.5,7617.5,305
2026-06-16T03:15:00+00:00,7617.75,7620.5,7617.25,7620.0,484
2026-06-16T03:20:00+00:00,7620.25,7622.25,7619.5,7622.0,697
2026-06-16T03:25:00+00:00,7621.75,7623.5,7621.5,7621.75,834
2026-06-16T03:30:00+00:00,7621.5,7624.75,7620.75,7624.5,1366
2026-06-16T03:35:00+00:00,7624.75,7627.25,7624.5,7626.75,1819
2026-06-16T03:40:00+00:00,7626.75,7627.5,7626.0,7626.5,976
2026-06-16T03:45:00+00:00,7626.75,7626.75,7623.5,7624.75,690
2026-06-16T03:50:00+00:00,7624.5,7625.25,7621.5,7622.0,880
2026-06-16T03:55:00+00:00,7622.0,7623.0,7621.25,7622.5,383
2026-06-16T04:05:00+00:00,7621.25,7621.5,7620.5,7621.25,934
2026-06-16T04:10:00+00:00,7621.5,7622.5,7621.0,7621.75,281
2026-06-16T04:15:00+00:00,7621.5,7622.5,7619.0,7619.5,743
2026-06-16T04:20:00+00:00,7619.75,7622.0,7619.5,7621.5,424
2026-06-16T04:25:00+00:00,7620.75,7621.25,7619.75,7620.5,464
2026-06-16T04:30:00+00:00,7620.5,7621.0,7619.25,7620.0,391
2026-06-16T04:35:00+00:00,7620.0,7621.25,7619.25,7621.25,277
2026-06-16T04:40:00+00:00,7621.5,7622.0,7619.25,7619.5,444
2026-06-16T04:45:00+00:00,7619.25,7620.0,7616.75,7618.0,883
2026-06-16T04:50:00+00:00,7618.0,7618.0,7615.25,7615.75,920
2026-06-16T04:55:00+00:00,7615.75,7619.0,7615.25,7618.5,645
2026-06-16T05:00:00+00:00,7618.75,7621.5,7618.5,7621.0,580
2026-06-16T05:05:00+00:00,7621.0,7622.0,7620.0,7621.75,415
2026-06-16T05:10:00+00:00,7621.75,7624.5,7621.75,7623.0,627
2026-06-16T05:15:00+00:00,7623.0,7625.25,7622.75,7624.75,438
2026-06-16T05:20:00+00:00,7624.5,7624.5,7622.25,7623.0,430
2026-06-16T05:25:00+00:00,7622.75,7623.0,7621.5,7621.75,569
2026-06-16T05:30:00+00:00,7621.75,7622.75,7616.0,7616.0,821
2026-06-16T05:35:00+00:00,7616.25,7619.25,7616.0,7617.75,857
2026-06-16T05:40:00+00:00,7617.75,7619.0,7617.0,7618.0,380
2026-06-16T05:45:00+00:00,7618.0,7620.0,7618.0,7618.25,481
2026-06-16T05:50:00+00:00,7618.25,7620.75,7618.0,7619.0,410
2026-06-16T05:55:00+00:00,7619.0,7619.25,7617.5,7618.25,414
2026-06-16T06:00:00+00:00,7618.0,7621.75,7617.0,7621.25,790
2026-06-16T06:05:00+00:00,7621.0,7623.0,7621.0,7622.25,662
2026-06-16T06:10:00+00:00,7622.0,7624.0,7621.5,7623.25,669
2026-06-16T06:15:00+00:00,7623.25,7623.5,7620.75,7621.5,426
2026-06-16T06:20:00+00:00,7621.25,7621.75,7620.0,7621.5,640
2026-06-16T06:25:00+00:00,7621.5,7623.25,7621.5,7623.25,479
2026-06-16T06:30:00+00:00,7623.25,7624.0,7621.5,7622.25,622
2026-06-16T06:35:00+00:00,7622.25,7623.75,7621.25,7622.5,554
2026-06-16T06:40:00+00:00,7622.0,7623.0,7620.75,7621.0,457
2026-06-16T06:45:00+00:00,7621.0,7621.5,7619.75,7620.25,599
2026-06-16T06:50:00+00:00,7620.0,7622.25,7620.0,7622.0,326
2026-06-16T06:55:00+00:00,7622.5,7623.0,7621.0,7622.5,462
2026-06-16T07:00:00+00:00,7622.25,7625.0,7621.75,7622.5,1172
2026-06-16T07:05:00+00:00,7622.25,7626.0,7622.25,7625.5,1006
2026-06-16T07:10:00+00:00,7625.5,7626.5,7623.5,7623.75,1105
2026-06-16T07:15:00+00:00,7623.75,7626.0,7623.25,7625.5,1058
2026-06-16T07:20:00+00:00,7625.25,7626.5,7623.75,7624.25,729
2026-06-16T07:25:00+00:00,7624.5,7627.75,7624.5,7626.5,703
2026-06-16T07:30:00+00:00,7626.5,7627.5,7625.25,7625.5,1188
2026-06-16T07:35:00+00:00,7625.75,7627.75,7625.25,7627.25,787
2026-06-16T07:40:00+00:00,7627.25,7627.75,7622.0,7622.25,1257
2026-06-16T07:45:00+00:00,7622.25,7623.25,7620.25,7621.25,1405
2026-06-16T07:50:00+00:00,7621.25,7624.75,7621.0,7623.75,945
2026-06-16T07:55:00+00:00,7623.75,7625.25,7623.25,7624.5,561
2026-06-16T08:00:00+00:00,7624.75,7627.25,7622.5,7626.5,1241
2026-06-16T08:05:00+00:00,7626.5,7630.25,7625.5,7629.0,2090
2026-06-16T08:10:00+00:00,7629.25,7630.25,7626.0,7626.75,1357
2026-06-16T08:15:00+00:00,7626.75,7628.5,7625.25,7626.5,1106
2026-06-16T08:20:00+00:00,7626.5,7626.5,7624.25,7625.0,1043
2026-06-16T08:25:00+00:00,7625.25,7626.25,7624.0,7626.25,1260
2026-06-16T08:30:00+00:00,7626.5,7627.5,7622.5,7623.5,1651
2026-06-16T08:35:00+00:00,7623.5,7624.5,7620.75,7621.75,1245
2026-06-16T08:40:00+00:00,7621.5,7623.5,7620.75,7623.0,741
2026-06-16T08:45:00+00:00,7623.0,7623.25,7621.0,7622.25,522
2026-06-16T08:50:00+00:00,7622.25,7628.0,7622.0,7627.5,1753
2026-06-16T08:55:00+00:00,7627.5,7628.75,7625.5,7626.5,1073
2026-06-16T09:00:00+00:00,7626.25,7627.75,7625.0,7627.25,886
2026-06-16T09:05:00+00:00,7627.25,7628.75,7627.0,7628.25,788
2026-06-16T09:10:00+00:00,7628.25,7628.25,7626.75,7627.0,711
2026-06-16T09:15:00+00:00,7627.0,7627.5,7622.0,7622.0,1263
2026-06-16T09:20:00+00:00,7622.25,7624.5,7622.0,7624.5,777
2026-06-16T09:25:00+00:00,7624.5,7625.0,7622.25,7622.75,842
2026-06-16T09:30:00+00:00,7623.0,7625.25,7622.5,7624.25,593
2026-06-16T09:35:00+00:00,7624.25,7625.0,7622.5,7623.5,479
2026-06-16T09:40:00+00:00,7623.25,7623.25,7620.25,7621.25,784
2026-06-16T09:45:00+00:00,7621.5,7622.0,7619.25,7620.0,1158
2026-06-16T09:50:00+00:00,7620.0,7622.25,7620.0,7622.0,734
2026-06-16T09:55:00+00:00,7622.0,7622.25,7618.75,7620.25,845
2026-06-16T10:00:00+00:00,7620.5,7622.75,7620.5,7622.5,939
2026-06-16T10:05:00+00:00,7622.5,7624.75,7622.25,7624.75,874
2026-06-16T10:10:00+00:00,7624.75,7625.5,7623.5,7625.5,756
2026-06-16T10:15:00+00:00,7625.5,7626.25,7623.75,7623.75,687
2026-06-16T10:20:00+00:00,7624.0,7625.5,7623.0,7625.0,655
2026-06-16T10:25:00+00:00,7625.0,7627.25,7624.75,7626.25,658
2026-06-16T10:30:00+00:00,7626.25,7627.0,7624.5,7626.0,785
2026-06-16T10:35:00+00:00,7626.0,7628.25,7625.0,7628.25,732
2026-06-16T10:40:00+00:00,7628.0,7628.25,7626.5,7627.0,892
2026-06-16T10:45:00+00:00,7627.0,7628.25,7626.25,7627.5,361
2026-06-16T10:50:00+00:00,7627.5,7630.0,7626.75,7629.25,1111
2026-06-16T10:55:00+00:00,7629.25,7631.0,7628.75,7630.75,983
2026-06-16T11:00:00+00:00,7630.5,7632.25,7629.75,7631.25,3650
2026-06-16T11:05:00+00:00,7631.25,7632.25,7628.5,7629.0,1278
2026-06-16T11:10:00+00:00,7629.25,7632.0,7628.5,7631.25,997
2026-06-16T11:15:00+00:00,7630.75,7633.5,7630.0,7633.25,1610
2026-06-16T11:20:00+00:00,7633.25,7634.25,7631.0,7631.75,1260
2026-06-16T11:25:00+00:00,7631.75,7632.75,7629.0,7631.75,954
2026-06-16T11:30:00+00:00,7632.0,7633.25,7631.0,7631.5,986
2026-06-16T11:35:00+00:00,7631.75,7631.75,7628.75,7631.5,1138
2026-06-16T11:40:00+00:00,7631.5,7633.5,7631.0,7633.0,814
2026-06-16T11:45:00+00:00,7633.25,7634.25,7632.5,7632.5,1154
2026-06-16T11:50:00+00:00,7632.5,7633.5,7630.5,7630.5,930
2026-06-16T11:55:00+00:00,7630.5,7631.75,7630.5,7631.25,602
2026-06-16T12:00:00+00:00,7631.25,7633.25,7630.25,7630.75,1088
2026-06-16T12:05:00+00:00,7630.75,7634.25,7630.5,7634.0,1446
2026-06-16T12:10:00+00:00,7634.0,7634.75,7631.0,7631.25,1653
2026-06-16T12:15:00+00:00,7631.0,7631.5,7628.0,7629.25,2152
2026-06-16T12:20:00+00:00,7629.0,7629.25,7622.75,7623.25,3919
2026-06-16T12:25:00+00:00,7623.25,7626.0,7621.75,7625.5,3916
2026-06-16T12:30:00+00:00,7625.5,7626.75,7622.25,7626.5,3101
2026-06-16T12:35:00+00:00,7626.25,7627.0,7624.0,7625.0,2176
2026-06-16T12:40:00+00:00,7624.75,7625.75,7623.25,7623.75,1770
2026-06-16T12:45:00+00:00,7624.0,7625.5,7622.25,7624.25,2902
2026-06-16T12:50:00+00:00,7624.25,7627.75,7624.0,7627.0,2854
2026-06-16T12:55:00+00:00,7627.0,7628.75,7625.0,7625.25,2536
2026-06-16T13:00:00+00:00,7625.25,7627.0,7623.5,7625.75,3214
2026-06-16T13:05:00+00:00,7625.75,7625.75,7620.75,7621.5,4140
2026-06-16T13:10:00+00:00,7621.75,7625.0,7620.75,7624.25,3328
2026-06-16T13:15:00+00:00,7624.5,7626.75,7622.0,7626.5,2907
2026-06-16T13:20:00+00:00,7626.25,7628.25,7626.25,7627.75,2475
2026-06-16T13:25:00+00:00,7627.75,7630.75,7626.5,7628.0,5846
2026-06-16T13:30:00+00:00,7628.0,7636.5,7624.25,7634.75,30504
2026-06-16T13:35:00+00:00,7634.5,7636.5,7629.75,7630.0,22400
2026-06-16T13:40:00+00:00,7629.75,7635.0,7628.5,7630.5,18609
2026-06-16T13:45:00+00:00,7630.25,7636.25,7628.75,7633.5,16716
2026-06-16T13:50:00+00:00,7633.5,7635.25,7630.0,7631.25,10615
2026-06-16T13:55:00+00:00,7631.5,7632.25,7621.75,7622.75,20872
2026-06-16T14:00:00+00:00,7622.75,7629.5,7622.5,7628.5,19384
2026-06-16T14:05:00+00:00,7628.5,7633.0,7623.5,7633.0,16749
2026-06-16T14:10:00+00:00,7633.0,7634.25,7628.0,7630.25,14774
2026-06-16T14:15:00+00:00,7630.5,7632.75,7620.25,7621.75,21339
2026-06-16T14:20:00+00:00,7621.5,7625.25,7613.0,7617.25,29879
2026-06-16T14:25:00+00:00,7617.25,7621.25,7612.0,7612.0,24309
2026-06-16T14:30:00+00:00,7612.25,7612.5,7604.0,7606.75,27523
2026-06-16T14:35:00+00:00,7607.0,7617.75,7606.25,7617.75,24512
2026-06-16T14:40:00+00:00,7617.5,7621.5,7614.25,7614.25,18566
2026-06-16T14:45:00+00:00,7614.25,7616.25,7611.5,7613.0,13999
2026-06-16T14:50:00+00:00,7612.75,7619.0,7612.5,7613.75,16535
2026-06-16T14:55:00+00:00,7613.75,7616.0,7606.5,7611.25,19553
2026-06-16T15:00:00+00:00,7611.0,7616.25,7610.0,7615.0,15165
2026-06-16T15:05:00+00:00,7615.25,7618.0,7611.5,7616.0,12401
2026-06-16T15:10:00+00:00,7616.25,7619.25,7612.75,7616.0,10928
2026-06-16T15:15:00+00:00,7615.75,7618.5,7611.75,7612.0,8698
2026-06-16T15:20:00+00:00,7612.0,7614.5,7607.5,7611.0,14574
2026-06-16T15:25:00+00:00,7610.5,7612.75,7604.5,7608.0,14469
2026-06-16T15:30:00+00:00,7608.25,7615.0,7608.0,7613.5,14040
2026-06-16T15:35:00+00:00,7613.5,7616.5,7608.25,7610.25,12348
2026-06-16T15:40:00+00:00,7610.5,7611.75,7605.75,7606.75,10150
2026-06-16T15:45:00+00:00,7606.75,7608.25,7598.75,7604.25,22905
2026-06-16T15:50:00+00:00,7604.5,7614.75,7602.25,7614.25,19527
2026-06-16T15:55:00+00:00,7614.25,7616.75,7609.75,7610.0,15604
2026-06-16T16:00:00+00:00,7609.75,7618.75,7609.5,7615.75,15027
2026-06-16T16:05:00+00:00,7616.0,7619.5,7615.25,7617.75,8226
2026-06-16T16:10:00+00:00,7617.75,7622.5,7616.25,7619.0,10134
2026-06-16T16:15:00+00:00,7619.25,7621.25,7615.5,7619.0,9647
2026-06-16T16:20:00+00:00,7619.0,7621.75,7616.5,7618.0,7972
2026-06-16T16:25:00+00:00,7617.75,7619.0,7614.25,7616.25,7846
2026-06-16T16:30:00+00:00,7616.25,7617.25,7607.0,7607.25,12871
2026-06-16T16:35:00+00:00,7607.25,7611.0,7606.75,7610.25,10581
2026-06-16T16:40:00+00:00,7610.25,7615.0,7608.25,7613.25,10310
2026-06-16T16:45:00+00:00,7613.25,7615.0,7610.0,7610.5,8865
2026-06-16T16:50:00+00:00,7610.75,7613.75,7607.25,7609.0,9580
2026-06-16T16:55:00+00:00,7609.0,7610.75,7606.0,7610.5,9285
2026-06-16T17:00:00+00:00,7610.5,7610.5,7605.25,7607.75,6493
2026-06-16T17:05:00+00:00,7607.75,7608.0,7605.0,7607.5,4943
2026-06-16T17:10:00+00:00,7607.5,7611.5,7607.0,7609.25,7819
2026-06-16T17:15:00+00:00,7609.25,7610.75,7604.25,7604.75,7890
2026-06-16T17:20:00+00:00,7604.75,7607.5,7602.0,7607.0,9014
2026-06-16T17:25:00+00:00,7607.0,7608.25,7604.25,7605.75,5253
2026-06-16T17:30:00+00:00,7605.75,7606.75,7603.25,7604.75,5405
2026-06-16T17:35:00+00:00,7605.0,7605.75,7598.75,7600.75,7246
2026-06-16T17:40:00+00:00,7600.75,7606.0,7599.0,7603.5,8767
2026-06-16T17:45:00+00:00,7603.5,7605.75,7601.25,7605.5,6054
2026-06-16T17:50:00+00:00,7605.75,7610.0,7604.25,7609.5,6989
2026-06-16T17:55:00+00:00,7609.75,7611.5,7605.25,7606.0,7017
2026-06-16T18:00:00+00:00,7605.75,7607.75,7604.0,7606.25,6509
2026-06-16T18:05:00+00:00,7606.25,7606.75,7603.5,7604.0,4705
2026-06-16T18:10:00+00:00,7604.25,7606.5,7603.75,7604.75,2981
2026-06-16T18:15:00+00:00,7604.5,7605.5,7601.5,7603.5,5950
2026-06-16T18:20:00+00:00,7603.5,7606.0,7602.5,7604.5,3379
2026-06-16T18:25:00+00:00,7604.25,7607.5,7604.0,7605.25,4735
2026-06-16T18:30:00+00:00,7605.25,7606.5,7602.0,7603.0,4941
2026-06-16T18:35:00+00:00,7602.75,7606.5,7601.5,7605.0,5634
2026-06-16T18:40:00+00:00,7605.0,7606.0,7603.25,7605.25,2908
2026-06-16T18:45:00+00:00,7605.25,7606.75,7602.0,7602.25,4018
2026-06-16T18:50:00+00:00,7602.25,7604.0,7601.25,7602.5,3210
2026-06-16T18:55:00+00:00,7602.5,7604.5,7600.5,7602.0,4348
2026-06-16T19:00:00+00:00,7601.75,7603.0,7597.75,7601.75,9265
2026-06-16T19:05:00+00:00,7601.75,7601.75,7597.0,7598.0,6831
2026-06-16T19:10:00+00:00,7598.0,7599.25,7592.5,7593.75,12781
2026-06-16T19:15:00+00:00,7593.75,7594.25,7584.75,7594.0,19152
2026-06-16T19:20:00+00:00,7594.0,7599.0,7592.75,7598.5,11034
2026-06-16T19:25:00+00:00,7598.25,7600.25,7594.0,7596.25,9184
2026-06-16T19:30:00+00:00,7596.25,7597.25,7590.5,7591.0,9419
2026-06-16T19:35:00+00:00,7591.0,7595.0,7588.0,7588.75,9331
2026-06-16T19:40:00+00:00,7588.5,7594.75,7587.5,7594.5,9633
2026-06-16T19:45:00+00:00,7594.25,7595.0,7590.0,7592.5,9055
2026-06-16T19:50:00+00:00,7592.5,7597.5,7589.25,7595.0,18283
2026-06-16T19:55:00+00:00,7595.0,7596.75,7582.75,7588.0,26270
2026-06-16T20:00:00+00:00,7588.0,7588.75,7581.25,7583.75,10229
2026-06-16T20:05:00+00:00,7584.0,7586.75,7582.5,7583.0,3247
2026-06-16T20:10:00+00:00,7583.0,7583.75,7581.25,7582.25,2658
2026-06-16T20:15:00+00:00,7582.25,7582.75,7577.75,7579.5,3447
2026-06-16T20:20:00+00:00,7579.5,7584.0,7579.0,7583.0,2131
2026-06-16T20:25:00+00:00,7583.25,7584.75,7582.75,7582.75,1194
2026-06-16T20:30:00+00:00,7582.75,7584.75,7582.25,7583.0,1149
2026-06-16T20:35:00+00:00,7583.0,7584.25,7581.75,7584.25,778
2026-06-16T20:40:00+00:00,7584.0,7585.75,7583.5,7584.75,1485
2026-06-16T20:45:00+00:00,7585.0,7585.75,7584.25,7585.25,1067
2026-06-16T20:50:00+00:00,7585.0,7585.25,7582.5,7583.0,938
2026-06-16T20:55:00+00:00,7583.25,7584.0,7581.25,7583.5,1024
2026-06-16T22:00:00+00:00,7583.5,7590.75,7583.0,7586.25,0
2026-06-16T22:05:00+00:00,7586.5,7591.75,7585.75,7591.5,1086
2026-06-16T22:10:00+00:00,7591.75,7593.25,7590.75,7591.25,1103
2026-06-16T22:15:00+00:00,7591.75,7593.25,7591.0,7591.5,743
2026-06-16T22:20:00+00:00,7591.5,7595.25,7589.5,7594.75,1432
2026-06-16T22:25:00+00:00,7594.75,7595.0,7593.25,7593.75,542
2026-06-16T22:30:00+00:00,7593.5,7596.5,7593.5,7595.75,842
2026-06-16T22:35:00+00:00,7595.75,7596.25,7594.5,7595.0,641
2026-06-16T22:40:00+00:00,7595.25,7595.25,7590.75,7593.75,980
2026-06-16T22:45:00+00:00,7593.75,7595.0,7592.75,7594.5,595
2026-06-16T22:50:00+00:00,7594.25,7596.75,7594.25,7596.5,608
2026-06-16T22:55:00+00:00,7596.75,7597.5,7595.5,7596.25,616
2026-06-16T23:00:00+00:00,7596.5,7597.0,7593.25,7594.25,719
2026-06-16T23:05:00+00:00,7594.5,7595.5,7593.0,7595.25,525
2026-06-16T23:10:00+00:00,7595.0,7595.25,7590.5,7594.0,954
2026-06-16T23:15:00+00:00,7594.0,7594.0,7592.25,7593.25,344
2026-06-16T23:20:00+00:00,7593.0,7593.5,7591.0,7592.25,484
2026-06-16T23:25:00+00:00,7592.25,7593.0,7591.25,7592.0,423
2026-06-16T23:30:00+00:00,7592.0,7593.75,7591.5,7593.0,415
2026-06-16T23:35:00+00:00,7593.25,7594.75,7590.5,7591.75,824
2026-06-16T23:40:00+00:00,7591.5,7592.75,7590.0,7591.75,555
2026-06-16T23:45:00+00:00,7591.75,7594.25,7590.25,7591.75,784
2026-06-16T23:50:00+00:00,7591.75,7593.5,7589.0,7593.25,1321
2026-06-16T23:55:00+00:00,7593.25,7593.25,7590.0,7591.75,667
2026-06-17T00:00:00+00:00,7592.0,7598.75,7592.0,7596.75,2808
2026-06-17T00:05:00+00:00,7597.0,7597.25,7594.25,7596.75,1700
2026-06-17T00:10:00+00:00,7596.75,7598.25,7594.75,7595.0,1045
2026-06-17T00:15:00+00:00,7595.0,7599.5,7594.75,7596.25,1502
2026-06-17T00:20:00+00:00,7596.5,7597.5,7594.25,7596.5,993
2026-06-17T00:25:00+00:00,7596.5,7597.75,7596.0,7597.25,711
2026-06-17T00:30:00+00:00,7597.25,7600.0,7596.25,7599.0,1358
2026-06-17T00:35:00+00:00,7598.75,7600.5,7598.5,7598.75,978
2026-06-17T00:40:00+00:00,7599.0,7600.0,7598.0,7598.25,602
2026-06-17T00:45:00+00:00,7598.25,7598.75,7595.75,7598.25,1074
2026-06-17T00:50:00+00:00,7598.25,7598.25,7595.25,7596.5,825
2026-06-17T00:55:00+00:00,7596.75,7597.75,7595.75,7597.0,431
2026-06-17T01:00:00+00:00,7597.0,7600.5,7595.5,7600.0,1432
2026-06-17T01:05:00+00:00,7599.75,7602.75,7599.5,7602.25,1789
2026-06-17T01:10:00+00:00,7602.25,7602.75,7601.0,7601.25,799
2026-06-17T01:15:00+00:00,7601.25,7602.75,7599.75,7602.5,973
2026-06-17T01:20:00+00:00,7602.25,7604.0,7601.5,7603.5,892
2026-06-17T01:25:00+00:00,7603.75,7604.25,7603.0,7603.0,625
2026-06-17T01:30:00+00:00,7603.25,7604.5,7602.0,7603.25,836
2026-06-17T01:35:00+00:00,7603.25,7604.5,7603.0,7604.25,410
2026-06-17T01:40:00+00:00,7604.0,7605.0,7602.0,7602.5,915
2026-06-17T01:45:00+00:00,7602.5,7604.5,7602.5,7603.0,653
2026-06-17T01:50:00+00:00,7603.25,7604.5,7603.25,7604.0,360
2026-06-17T01:55:00+00:00,7604.25,7605.5,7604.25,7605.5,775
2026-06-17T02:00:00+00:00,7605.25,7605.5,7604.0,7604.0,495
2026-06-17T02:05:00+00:00,7604.0,7604.5,7603.25,7604.0,488
2026-06-17T02:10:00+00:00,7604.0,7605.5,7603.5,7605.0,385
2026-06-17T02:15:00+00:00,7605.0,7605.0,7603.5,7604.0,376
2026-06-17T02:20:00+00:00,7604.0,7605.5,7603.75,7605.0,378
2026-06-17T02:25:00+00:00,7605.0,7605.5,7603.75,7603.75,571
2026-06-17T02:30:00+00:00,7603.75,7604.0,7602.0,7602.25,853
2026-06-17T02:35:00+00:00,7602.5,7603.0,7601.5,7601.75,510
2026-06-17T02:40:00+00:00,7601.75,7603.25,7601.5,7603.25,371
2026-06-17T02:45:00+00:00,7603.25,7603.5,7601.25,7602.25,433
2026-06-17T02:50:00+00:00,7602.0,7602.5,7601.0,7601.75,528
2026-06-17T02:55:00+00:00,7601.75,7603.25,7601.5,7602.5,345
2026-06-17T03:00:00+00:00,7602.75,7604.5,7602.25,7603.5,494
2026-06-17T03:05:00+00:00,7603.25,7605.25,7602.75,7603.5,561
2026-06-17T03:10:00+00:00,7603.5,7604.25,7601.0,7601.25,548
2026-06-17T03:15:00+00:00,7601.25,7601.75,7599.5,7600.5,856
2026-06-17T03:20:00+00:00,7600.5,7600.75,7598.75,7600.0,665
2026-06-17T03:25:00+00:00,7600.25,7601.5,7599.75,7601.0,367
2026-06-17T03:30:00+00:00,7601.0,7602.0,7600.25,7601.5,447
2026-06-17T03:35:00+00:00,7601.5,7602.5,7600.75,7602.25,320
2026-06-17T03:40:00+00:00,7602.5,7605.5,7602.0,7604.5,1023
2026-06-17T03:45:00+00:00,7604.5,7605.5,7604.0,7605.0,503
2026-06-17T03:50:00+00:00,7604.75,7606.0,7604.25,7605.75,561
2026-06-17T03:55:00+00:00,7605.75,7606.25,7605.25,7606.0,330
2026-06-17T04:05:00+00:00,7605.25,7605.5,7604.5,7605.25,887
2026-06-17T04:10:00+00:00,7605.25,7605.75,7604.5,7605.0,239
2026-06-17T04:15:00+00:00,7604.75,7606.25,7604.5,7606.25,180
2026-06-17T04:20:00+00:00,7606.25,7606.5,7605.5,7606.25,396
2026-06-17T04:25:00+00:00,7606.25,7606.5,7605.25,7605.25,273
2026-06-17T04:30:00+00:00,7605.25,7606.0,7603.5,7603.75,428
2026-06-17T04:35:00+00:00,7603.75,7604.25,7602.75,7602.75,427
2026-06-17T04:40:00+00:00,7603.0,7603.5,7601.0,7601.5,628
2026-06-17T04:45:00+00:00,7601.75,7605.75,7601.75,7605.25,636
2026-06-17T04:50:00+00:00,7605.0,7606.0,7604.5,7605.75,313
2026-06-17T04:55:00+00:00,7605.75,7606.25,7605.25,7606.0,255
2026-06-17T05:00:00+00:00,7606.25,7607.5,7605.5,7607.25,914
2026-06-17T05:05:00+00:00,7607.0,7607.5,7605.75,7605.75,369
2026-06-17T05:10:00+00:00,7605.75,7606.0,7605.0,7605.5,353
2026-06-17T05:15:00+00:00,7605.25,7606.75,7605.0,7606.0,483
2026-06-17T05:20:00+00:00,7606.0,7607.0,7605.75,7606.0,320
2026-06-17T05:25:00+00:00,7606.0,7606.75,7604.0,7604.5,381
2026-06-17T05:30:00+00:00,7604.5,7605.25,7603.75,7605.25,742
2026-06-17T05:35:00+00:00,7605.25,7608.0,7605.25,7608.0,674
2026-06-17T05:40:00+00:00,7607.75,7608.0,7605.25,7605.75,453
2026-06-17T05:45:00+00:00,7605.25,7607.5,7605.25,7607.0,351
2026-06-17T05:50:00+00:00,7607.25,7607.25,7605.5,7605.5,214
2026-06-17T05:55:00+00:00,7605.25,7605.75,7603.0,7604.0,536
2026-06-17T06:00:00+00:00,7604.25,7606.25,7603.0,7605.5,584
2026-06-17T06:05:00+00:00,7605.75,7607.5,7604.75,7606.25,481
2026-06-17T06:10:00+00:00,7606.5,7606.75,7604.25,7605.5,389
2026-06-17T06:15:00+00:00,7605.5,7606.25,7604.5,7605.0,287
2026-06-17T06:20:00+00:00,7604.75,7605.5,7603.5,7604.25,440
2026-06-17T06:25:00+00:00,7604.25,7604.25,7602.0,7602.75,531
2026-06-17T06:30:00+00:00,7602.75,7606.5,7601.25,7606.25,1118
2026-06-17T06:35:00+00:00,7606.25,7607.0,7605.5,7607.0,592
2026-06-17T06:40:00+00:00,7607.25,7608.5,7606.5,7608.0,714
2026-06-17T06:45:00+00:00,7608.25,7609.25,7608.0,7608.75,568
2026-06-17T06:50:00+00:00,7608.75,7608.75,7607.0,7607.25,662
2026-06-17T06:55:00+00:00,7607.25,7609.25,7607.0,7609.0,462
2026-06-17T07:00:00+00:00,7608.75,7611.0,7608.25,7609.5,1376
2026-06-17T07:05:00+00:00,7609.5,7611.0,7608.75,7610.5,813
2026-06-17T07:10:00+00:00,7610.75,7612.25,7609.75,7611.75,1113
2026-06-17T07:15:00+00:00,7611.5,7612.5,7607.0,7607.75,1172
2026-06-17T07:20:00+00:00,7607.75,7608.0,7604.5,7605.0,838
2026-06-17T07:25:00+00:00,7605.0,7605.0,7603.25,7604.75,751
2026-06-17T07:30:00+00:00,7604.75,7606.75,7603.25,7604.0,745
2026-06-17T07:35:00+00:00,7604.0,7607.25,7603.75,7607.0,750
2026-06-17T07:40:00+00:00,7607.0,7608.5,7605.75,7606.0,480
2026-06-17T07:45:00+00:00,7606.25,7606.75,7604.0,7604.75,749
2026-06-17T07:50:00+00:00,7604.75,7607.25,7604.25,7605.25,749
2026-06-17T07:55:00+00:00,7605.5,7607.0,7605.0,7606.0,651
2026-06-17T08:00:00+00:00,7605.75,7608.25,7604.75,7605.5,823
2026-06-17T08:05:00+00:00,7605.5,7608.0,7605.25,7607.25,593
2026-06-17T08:10:00+00:00,7607.25,7607.25,7597.75,7598.5,2675
2026-06-17T08:15:00+00:00,7598.75,7601.25,7598.25,7598.75,1364
2026-06-17T08:20:00+00:00,7598.75,7601.0,7597.75,7600.5,1127
2026-06-17T08:25:00+00:00,7600.25,7602.25,7599.25,7599.5,1268
2026-06-17T08:30:00+00:00,7599.5,7600.5,7594.5,7597.5,1848
2026-06-17T08:35:00+00:00,7597.5,7598.25,7593.25,7593.75,1492
2026-06-17T08:40:00+00:00,7593.75,7597.25,7593.25,7594.0,876
2026-06-17T08:45:00+00:00,7594.0,7594.75,7591.5,7591.75,1535
2026-06-17T08:50:00+00:00,7592.0,7597.75,7592.0,7596.75,1325
2026-06-17T08:55:00+00:00,7597.0,7600.0,7596.25,7600.0,1120
2026-06-17T09:00:00+00:00,7600.0,7601.25,7598.75,7599.5,835
2026-06-17T09:05:00+00:00,7599.5,7600.0,7597.5,7597.75,968
2026-06-17T09:10:00+00:00,7597.75,7598.5,7596.25,7598.25,663
2026-06-17T09:15:00+00:00,7598.25,7599.75,7597.5,7597.75,848
2026-06-17T09:20:00+00:00,7597.75,7600.5,7597.25,7599.75,956
2026-06-17T09:25:00+00:00,7599.5,7601.75,7599.5,7601.0,735
2026-06-17T09:30:00+00:00,7601.0,7602.75,7598.0,7598.25,1324
2026-06-17T09:35:00+00:00,7598.0,7598.75,7596.0,7597.25,970
2026-06-17T09:40:00+00:00,7597.25,7598.5,7596.5,7597.5,775
2026-06-17T09:45:00+00:00,7597.25,7598.25,7594.5,7595.0,950
2026-06-17T09:50:00+00:00,7594.75,7595.0,7590.75,7592.25,1551
2026-06-17T09:55:00+00:00,7592.25,7593.25,7590.25,7592.25,1194
2026-06-17T10:00:00+00:00,7592.25,7592.5,7587.5,7588.25,2035
2026-06-17T10:05:00+00:00,7588.25,7589.75,7585.5,7589.25,2079
2026-06-17T10:10:00+00:00,7589.25,7589.75,7586.75,7589.25,1284
2026-06-17T10:15:00+00:00,7589.5,7589.75,7586.5,7586.5,1051
2026-06-17T10:20:00+00:00,7586.75,7593.75,7586.75,7593.0,1631
2026-06-17T10:25:00+00:00,7593.25,7594.25,7591.5,7591.5,1189
2026-06-17T10:30:00+00:00,7591.75,7593.0,7590.5,7591.25,1122
2026-06-17T10:35:00+00:00,7591.25,7593.75,7590.5,7593.5,874
2026-06-17T10:40:00+00:00,7593.5,7596.0,7592.0,7596.0,1121
2026-06-17T10:45:00+00:00,7595.75,7596.0,7594.0,7595.5,850
2026-06-17T10:50:00+00:00,7595.75,7598.5,7593.25,7593.75,1531
2026-06-17T10:55:00+00:00,7593.5,7594.5,7590.25,7591.25,1817
2026-06-17T11:00:00+00:00,7591.25,7593.25,7589.5,7592.5,1886
2026-06-17T11:05:00+00:00,7592.25,7596.25,7591.5,7594.5,1472
2026-06-17T11:10:00+00:00,7594.5,7596.25,7594.5,7595.5,800
2026-06-17T11:15:00+00:00,7595.5,7597.0,7594.5,7596.75,1059
2026-06-17T11:20:00+00:00,7596.5,7597.75,7595.5,7596.0,1370
2026-06-17T11:25:00+00:00,7596.0,7596.5,7593.5,7594.5,1004
2026-06-17T11:30:00+00:00,7594.25,7594.5,7592.0,7593.5,915
2026-06-17T11:35:00+00:00,7593.25,7593.5,7591.75,7592.5,653
2026-06-17T11:40:00+00:00,7592.75,7594.25,7589.0,7589.5,1727
2026-06-17T11:45:00+00:00,7589.5,7591.25,7585.5,7586.5,2030
2026-06-17T11:50:00+00:00,7586.25,7587.75,7585.0,7585.75,1850
2026-06-17T11:55:00+00:00,7585.75,7586.75,7582.75,7586.5,2895
2026-06-17T12:00:00+00:00,7586.75,7589.75,7586.25,7589.0,2265
2026-06-17T12:05:00+00:00,7589.0,7592.75,7588.25,7591.25,1895
2026-06-17T12:10:00+00:00,7591.5,7593.75,7590.5,7592.75,1626
2026-06-17T12:15:00+00:00,7592.5,7593.0,7589.5,7590.75,1601
2026-06-17T12:20:00+00:00,7590.5,7592.75,7589.5,7591.25,1576
2026-06-17T12:25:00+00:00,7591.25,7593.5,7589.75,7590.0,1411
2026-06-17T12:30:00+00:00,7590.25,7595.25,7590.0,7593.5,3667
2026-06-17T12:35:00+00:00,7593.5,7596.5,7591.75,7592.25,2191
2026-06-17T12:40:00+00:00,7592.0,7595.25,7590.0,7594.5,2292
2026-06-17T12:45:00+00:00,7594.5,7596.0,7593.5,7594.75,1941
2026-06-17T12:50:00+00:00,7594.75,7596.25,7594.25,7595.75,1228
2026-06-17T12:55:00+00:00,7596.0,7596.0,7593.25,7595.5,2566
2026-06-17T13:00:00+00:00,7595.0,7596.0,7593.25,7594.75,2774
2026-06-17T13:05:00+00:00,7594.75,7595.0,7591.0,7592.0,2278
2026-06-17T13:10:00+00:00,7592.0,7595.5,7591.5,7594.0,2191
2026-06-17T13:15:00+00:00,7594.0,7598.75,7593.75,7597.5,3382
2026-06-17T13:20:00+00:00,7597.5,7598.0,7596.0,7597.5,3106
2026-06-17T13:25:00+00:00,7597.25,7599.0,7591.75,7595.75,9891
2026-06-17T13:30:00+00:00,7595.75,7596.0,7584.75,7589.75,29413
2026-06-17T13:35:00+00:00,7589.75,7593.25,7585.25,7586.25,17334
2026-06-17T13:40:00+00:00,7586.25,7598.0,7583.5,7597.75,19768
2026-06-17T13:45:00+00:00,7597.75,7600.25,7593.75,7594.0,16509
2026-06-17T13:50:00+00:00,7594.0,7597.75,7591.25,7596.0,15408
2026-06-17T13:55:00+00:00,7596.0,7596.25,7581.0,7581.25,20415
2026-06-17T14:00:00+00:00,7581.25,7589.0,7578.5,7587.0,24463
2026-06-17T14:05:00+00:00,7587.0,7593.5,7582.25,7589.0,18296
2026-06-17T14:10:00+00:00,7589.25,7595.25,7585.5,7594.75,16528
2026-06-17T14:15:00+00:00,7594.75,7598.25,7593.25,7595.75,13983
2026-06-17T14:20:00+00:00,7595.5,7604.25,7594.0,7603.75,14580
2026-06-17T14:25:00+00:00,7603.75,7603.75,7597.25,7599.25,13170
2026-06-17T14:30:00+00:00,7599.25,7600.0,7586.25,7590.0,20384
2026-06-17T14:35:00+00:00,7590.0,7590.75,7582.25,7582.75,16231
2026-06-17T14:40:00+00:00,7582.75,7586.0,7574.0,7584.0,27160
2026-06-17T14:45:00+00:00,7584.0,7589.0,7560.5,7575.75,60285
2026-06-17T14:50:00+00:00,7576.0,7584.5,7572.75,7582.5,23555
2026-06-17T14:55:00+00:00,7582.5,7582.75,7571.25,7572.25,15430
2026-06-17T15:00:00+00:00,7572.5,7577.5,7571.0,7574.5,14968
2026-06-17T15:05:00+00:00,7574.5,7577.0,7568.0,7569.25,15677
2026-06-17T15:10:00+00:00,7569.25,7579.75,7569.0,7578.25,14421
2026-06-17T15:15:00+00:00,7578.25,7584.75,7575.5,7580.25,19553
2026-06-17T15:20:00+00:00,7580.25,7583.25,7578.25,7581.0,9846
2026-06-17T15:25:00+00:00,7581.0,7582.75,7578.25,7582.25,9451
2026-06-17T15:30:00+00:00,7582.25,7590.0,7580.0,7588.0,11541
2026-06-17T15:35:00+00:00,7588.0,7590.5,7585.25,7589.5,8053
2026-06-17T15:40:00+00:00,7589.5,7590.5,7584.0,7586.25,7689
2026-06-17T15:45:00+00:00,7586.25,7590.0,7585.5,7589.25,5877
2026-06-17T15:50:00+00:00,7589.5,7591.25,7585.75,7587.0,6047
2026-06-17T15:55:00+00:00,7586.75,7590.75,7585.75,7588.75,5104
2026-06-17T16:00:00+00:00,7589.0,7592.25,7588.75,7589.75,4234
2026-06-17T16:05:00+00:00,7590.0,7590.5,7587.5,7588.75,3639
2026-06-17T16:10:00+00:00,7588.75,7589.0,7585.5,7588.75,3408
2026-06-17T16:15:00+00:00,7588.75,7592.25,7587.25,7592.0,3466
2026-06-17T16:20:00+00:00,7592.0,7593.25,7590.0,7592.25,3725
2026-06-17T16:25:00+00:00,7592.25,7593.25,7590.0,7590.25,3072
2026-06-17T16:30:00+00:00,7590.25,7591.25,7585.5,7586.25,4851
2026-06-17T16:35:00+00:00,7586.0,7588.75,7584.25,7587.75,4464
2026-06-17T16:40:00+00:00,7587.75,7588.0,7582.0,7585.0,5817
2026-06-17T16:45:00+00:00,7584.75,7585.25,7581.75,7583.0,4423
2026-06-17T16:50:00+00:00,7583.0,7585.5,7582.0,7582.5,3546
2026-06-17T16:55:00+00:00,7582.75,7585.5,7581.5,7582.75,3090
2026-06-17T17:00:00+00:00,7582.5,7582.75,7575.75,7577.5,7004
2026-06-17T17:05:00+00:00,7577.25,7579.0,7568.5,7576.5,11198
2026-06-17T17:10:00+00:00,7576.5,7579.0,7574.75,7575.0,4943
2026-06-17T17:15:00+00:00,7575.0,7576.25,7572.0,7576.25,6351
2026-06-17T17:20:00+00:00,7576.0,7578.75,7573.0,7575.5,4888
2026-06-17T17:25:00+00:00,7575.5,7579.75,7574.25,7578.25,5756
2026-06-17T17:30:00+00:00,7578.25,7578.25,7572.5,7573.5,6019
2026-06-17T17:35:00+00:00,7573.5,7579.25,7572.75,7577.75,4971
2026-06-17T17:40:00+00:00,7577.5,7577.75,7573.75,7574.5,3536
2026-06-17T17:45:00+00:00,7574.25,7578.0,7573.0,7577.0,4094
2026-06-17T17:50:00+00:00,7577.25,7587.25,7576.5,7584.75,7670
2026-06-17T17:55:00+00:00,7584.75,7590.0,7582.5,7590.0,4341
2026-06-17T18:00:00+00:00,7589.75,7590.0,7531.25,7531.5,33283
2026-06-17T18:05:00+00:00,7531.75,7548.75,7513.75,7546.5,48410
2026-06-17T18:10:00+00:00,7546.5,7552.0,7539.75,7546.25,28238
2026-06-17T18:15:00+00:00,7546.0,7560.5,7545.75,7556.75,26123
2026-06-17T18:20:00+00:00,7556.75,7558.25,7539.75,7542.25,24045
2026-06-17T18:25:00+00:00,7542.0,7546.0,7533.75,7542.75,25634
2026-06-17T18:30:00+00:00,7542.75,7562.5,7535.5,7537.25,38336
2026-06-17T18:35:00+00:00,7537.25,7568.75,7537.25,7561.0,25180
2026-06-17T18:40:00+00:00,7561.0,7584.25,7557.25,7580.25,26684
2026-06-17T18:45:00+00:00,7580.25,7580.5,7566.5,7568.75,17696
2026-06-17T18:50:00+00:00,7568.5,7574.0,7562.25,7564.0,15989
2026-06-17T18:55:00+00:00,7564.0,7564.0,7531.5,7540.5,28822
2026-06-17T19:00:00+00:00,7540.5,7552.0,7536.5,7541.25,27999
2026-06-17T19:05:00+00:00,7541.25,7548.5,7536.0,7538.0,16876
2026-06-17T19:10:00+00:00,7538.0,7551.5,7524.5,7547.0,24972
2026-06-17T19:15:00+00:00,7547.25,7548.5,7521.25,7521.25,17672
2026-06-17T19:20:00+00:00,7521.5,7522.25,7497.75,7498.0,32697
2026-06-17T19:25:00+00:00,7498.25,7513.75,7497.5,7500.25,20699
2026-06-17T19:30:00+00:00,7500.25,7503.75,7488.0,7489.0,26629
2026-06-17T19:35:00+00:00,7489.0,7500.25,7472.25,7475.75,26983
2026-06-17T19:40:00+00:00,7475.25,7485.25,7473.25,7479.75,23688
2026-06-17T19:45:00+00:00,7480.25,7498.0,7478.25,7489.0,24108
2026-06-17T19:50:00+00:00,7488.75,7494.0,7475.25,7481.25,21732
2026-06-17T19:55:00+00:00,7481.25,7498.75,7479.75,7492.0,18440
2026-06-17T20:00:00+00:00,7492.25,7504.5,7491.75,7497.75,9685
2026-06-17T20:05:00+00:00,7498.0,7498.75,7492.75,7498.5,3451
2026-06-17T20:10:00+00:00,7498.25,7501.75,7490.0,7492.5,4398
2026-06-17T20:15:00+00:00,7492.5,7503.0,7489.75,7502.5,2945
2026-06-17T20:20:00+00:00,7502.75,7508.5,7502.75,7505.0,3626
2026-06-17T20:25:00+00:00,7504.75,7509.75,7504.0,7508.25,2782
2026-06-17T20:30:00+00:00,7508.25,7510.75,7506.0,7508.5,2183
2026-06-17T20:35:00+00:00,7508.5,7514.75,7508.25,7513.25,2367
2026-06-17T20:40:00+00:00,7513.25,7513.5,7509.5,7511.5,1295
2026-06-17T20:45:00+00:00,7511.5,7511.75,7508.75,7508.75,1279
2026-06-17T20:50:00+00:00,7509.0,7510.75,7507.5,7510.0,1081
2026-06-17T20:55:00+00:00,7510.25,7511.5,7508.5,7511.0,1115
2026-06-17T22:00:00+00:00,7515.0,7515.25,7504.25,7507.5,0
2026-06-17T22:05:00+00:00,7507.25,7517.0,7507.25,7517.0,2513
2026-06-17T22:10:00+00:00,7516.75,7521.75,7516.25,7519.5,2351
2026-06-17T22:15:00+00:00,7519.75,7522.0,7518.25,7519.25,1234
2026-06-17T22:20:00+00:00,7519.25,7526.25,7519.25,7525.75,2893
2026-06-17T22:25:00+00:00,7525.5,7527.0,7523.0,7523.5,2046
2026-06-17T22:30:00+00:00,7523.25,7525.0,7522.5,7523.5,1669
2026-06-17T22:35:00+00:00,7523.5,7527.0,7523.5,7525.25,1695
2026-06-17T22:40:00+00:00,7525.25,7525.25,7523.25,7524.25,580
2026-06-17T22:45:00+00:00,7524.0,7526.75,7524.0,7526.25,974
2026-06-17T22:50:00+00:00,7526.25,7527.75,7525.5,7527.5,1166
2026-06-17T22:55:00+00:00,7527.5,7527.75,7525.0,7525.75,905
2026-06-17T23:00:00+00:00,7525.5,7527.75,7525.0,7527.5,774
2026-06-17T23:05:00+00:00,7527.5,7528.5,7524.5,7528.25,1412
2026-06-17T23:10:00+00:00,7528.25,7532.25,7527.5,7531.75,1704
2026-06-17T23:15:00+00:00,7531.5,7534.25,7531.0,7534.0,1431
2026-06-17T23:20:00+00:00,7534.25,7537.5,7534.0,7536.75,1502
2026-06-17T23:25:00+00:00,7536.75,7539.0,7536.5,7537.75,1012
2026-06-17T23:30:00+00:00,7537.75,7539.5,7536.5,7538.25,1429
2026-06-17T23:35:00+00:00,7538.25,7538.5,7534.25,7536.25,1487
2026-06-17T23:40:00+00:00,7536.25,7536.25,7534.0,7535.75,1043
2026-06-17T23:45:00+00:00,7535.75,7538.0,7534.25,7537.0,1147
2026-06-17T23:50:00+00:00,7537.0,7539.5,7536.0,7538.25,1066
2026-06-17T23:55:00+00:00,7538.0,7541.5,7537.0,7541.5,1361
2026-06-18T00:00:00+00:00,7541.5,7550.5,7539.75,7549.5,4888
2026-06-18T00:05:00+00:00,7549.25,7558.0,7549.25,7555.0,4320
2026-06-18T00:10:00+00:00,7555.5,7559.25,7553.5,7559.0,3498
2026-06-18T00:15:00+00:00,7558.75,7560.5,7554.75,7554.75,3663
2026-06-18T00:20:00+00:00,7555.0,7556.0,7552.25,7553.0,2285
2026-06-18T00:25:00+00:00,7552.75,7553.0,7548.75,7552.75,2998
2026-06-18T00:30:00+00:00,7552.75,7557.5,7552.75,7556.0,2726
2026-06-18T00:35:00+00:00,7556.25,7558.0,7553.75,7558.0,1738
2026-06-18T00:40:00+00:00,7558.0,7558.25,7554.0,7556.25,1817
2026-06-18T00:45:00+00:00,7556.25,7557.0,7553.0,7554.25,1247
2026-06-18T00:50:00+00:00,7554.25,7554.25,7548.25,7552.75,3314
2026-06-18T00:55:00+00:00,7552.75,7552.75,7549.0,7550.75,1861
2026-06-18T01:00:00+00:00,7551.0,7558.0,7550.0,7556.25,2816
2026-06-18T01:05:00+00:00,7556.5,7559.0,7555.0,7557.5,1932
2026-06-18T01:10:00+00:00,7557.75,7560.5,7557.0,7559.25,1954
2026-06-18T01:15:00+00:00,7559.25,7559.75,7554.75,7556.5,1618
2026-06-18T01:20:00+00:00,7556.75,7560.5,7556.25,7558.25,1158
2026-06-18T01:25:00+00:00,7558.5,7561.5,7556.75,7557.0,1617
2026-06-18T01:30:00+00:00,7557.25,7559.25,7556.75,7556.75,1474
2026-06-18T01:35:00+00:00,7556.75,7557.5,7554.25,7555.0,1326
2026-06-18T01:40:00+00:00,7555.25,7557.25,7553.75,7554.75,925
2026-06-18T01:45:00+00:00,7554.5,7554.5,7550.25,7552.75,2050
2026-06-18T01:50:00+00:00,7552.75,7556.25,7552.0,7554.0,1423
2026-06-18T01:55:00+00:00,7554.0,7554.75,7551.75,7552.75,1028
2026-06-18T02:00:00+00:00,7553.0,7556.5,7552.25,7556.0,1050
2026-06-18T02:05:00+00:00,7556.0,7558.25,7555.75,7557.5,1108
2026-06-18T02:10:00+00:00,7557.5,7559.75,7556.0,7557.75,828
2026-06-18T02:15:00+00:00,7557.5,7558.0,7554.5,7554.75,820
2026-06-18T02:20:00+00:00,7555.25,7557.0,7554.25,7556.5,451
2026-06-18T02:25:00+00:00,7556.75,7556.75,7554.75,7555.5,304
2026-06-18T02:30:00+00:00,7555.75,7556.5,7553.0,7555.75,804
2026-06-18T02:35:00+00:00,7555.5,7556.75,7554.5,7556.25,451
2026-06-18T02:40:00+00:00,7556.25,7557.5,7556.0,7557.0,431
2026-06-18T02:45:00+00:00,7557.25,7558.0,7555.0,7556.5,706
2026-06-18T02:50:00+00:00,7556.75,7558.75,7556.25,7557.5,862
2026-06-18T02:55:00+00:00,7557.75,7557.75,7555.75,7556.75,336
2026-06-18T03:00:00+00:00,7556.75,7558.25,7556.5,7557.0,415
2026-06-18T03:05:00+00:00,7557.25,7558.0,7554.75,7554.75,643
2026-06-18T03:10:00+00:00,7555.0,7555.75,7552.5,7553.0,939
2026-06-18T03:15:00+00:00,7553.0,7554.25,7552.0,7554.0,648
2026-06-18T03:20:00+00:00,7554.0,7556.5,7553.75,7555.5,1065
2026-06-18T03:25:00+00:00,7555.75,7557.5,7555.25,7556.5,392
2026-06-18T03:30:00+00:00,7556.75,7558.75,7554.75,7555.25,757
2026-06-18T03:35:00+00:00,7555.0,7555.25,7550.5,7551.5,1140
2026-06-18T03:40:00+00:00,7551.75,7552.75,7550.5,7551.75,735
2026-06-18T03:45:00+00:00,7551.5,7554.0,7551.25,7554.0,677
2026-06-18T03:50:00+00:00,7554.0,7555.25,7553.5,7554.75,523
2026-06-18T03:55:00+00:00,7554.75,7556.75,7554.25,7555.25,353
2026-06-18T04:05:00+00:00,7552.5,7553.25,7552.0,7553.25,1278
2026-06-18T04:10:00+00:00,7553.25,7553.5,7549.0,7549.5,1064
2026-06-18T04:15:00+00:00,7549.5,7551.5,7547.75,7547.75,1199
2026-06-18T04:20:00+00:00,7547.75,7548.0,7545.5,7546.25,1601
2026-06-18T04:25:00+00:00,7546.25,7547.75,7544.75,7546.75,1284
2026-06-18T04:30:00+00:00,7546.5,7546.75,7543.75,7544.75,1221
2026-06-18T04:35:00+00:00,7544.75,7546.25,7543.0,7543.0,1000
2026-06-18T04:40:00+00:00,7542.75,7543.5,7540.5,7541.0,1192
2026-06-18T04:45:00+00:00,7540.75,7542.5,7539.25,7542.25,1329
2026-06-18T04:50:00+00:00,7542.25,7545.75,7541.75,7545.25,1274
2026-06-18T04:55:00+00:00,7545.25,7546.25,7544.0,7545.0,636
2026-06-18T05:00:00+00:00,7544.75,7547.5,7542.75,7547.25,1322
2026-06-18T05:05:00+00:00,7547.0,7548.0,7546.0,7546.75,768
2026-06-18T05:10:00+00:00,7546.5,7547.25,7544.0,7544.75,624
2026-06-18T05:15:00+00:00,7544.25,7549.5,7544.0,7548.5,1009
2026-06-18T05:20:00+00:00,7548.5,7549.25,7547.75,7548.0,455
2026-06-18T05:25:00+00:00,7548.0,7549.25,7546.5,7548.25,732
2026-06-18T05:30:00+00:00,7548.25,7550.75,7547.75,7549.25,929
2026-06-18T05:35:00+00:00,7549.25,7549.75,7546.25,7547.5,827
2026-06-18T05:40:00+00:00,7547.75,7549.75,7547.25,7547.75,517
2026-06-18T05:45:00+00:00,7547.5,7548.0,7545.0,7545.75,650
2026-06-18T05:50:00+00:00,7546.0,7546.25,7544.0,7545.25,706
2026-06-18T05:55:00+00:00,7545.0,7547.25,7545.0,7546.25,480
2026-06-18T06:00:00+00:00,7546.5,7548.75,7543.5,7547.25,984
2026-06-18T06:05:00+00:00,7547.25,7547.5,7541.25,7542.0,1110
2026-06-18T06:10:00+00:00,7541.75,7545.0,7541.25,7544.5,1643
2026-06-18T06:15:00+00:00,7544.25,7546.0,7540.75,7542.0,1188
2026-06-18T06:20:00+00:00,7541.75,7546.25,7541.5,7545.0,864
2026-06-18T06:25:00+00:00,7544.5,7550.75,7543.25,7550.5,1355
2026-06-18T06:30:00+00:00,7550.25,7550.25,7546.75,7547.5,704
2026-06-18T06:35:00+00:00,7547.25,7547.75,7545.25,7546.75,1010
2026-06-18T06:40:00+00:00,7546.5,7546.75,7543.75,7546.75,616
2026-06-18T06:45:00+00:00,7546.75,7551.75,7546.5,7551.25,985
2026-06-18T06:50:00+00:00,7551.75,7551.75,7550.0,7551.0,530
2026-06-18T06:55:00+00:00,7551.0,7557.25,7551.0,7556.75,2005
2026-06-18T07:00:00+00:00,7556.75,7557.75,7555.0,7557.75,1445
2026-06-18T07:05:00+00:00,7557.75,7559.0,7556.25,7558.25,916
2026-06-18T07:10:00+00:00,7558.25,7558.5,7550.25,7551.5,1504
2026-06-18T07:15:00+00:00,7551.5,7553.75,7550.5,7553.0,1318
2026-06-18T07:20:00+00:00,7553.0,7556.5,7552.5,7555.75,722
2026-06-18T07:25:00+00:00,7555.75,7559.25,7555.0,7558.5,1040
2026-06-18T07:30:00+00:00,7558.5,7558.5,7553.5,7556.5,1145
2026-06-18T07:35:00+00:00,7556.75,7558.0,7555.0,7556.25,855
2026-06-18T07:40:00+00:00,7556.5,7557.0,7555.0,7556.75,573
2026-06-18T07:45:00+00:00,7556.75,7557.25,7554.5,7556.5,761
2026-06-18T07:50:00+00:00,7556.5,7556.5,7554.0,7554.75,859
2026-06-18T07:55:00+00:00,7554.5,7559.5,7554.25,7559.5,866
2026-06-18T08:00:00+00:00,7559.5,7563.5,7559.25,7562.25,2311
2026-06-18T08:05:00+00:00,7562.0,7568.0,7561.25,7567.5,2728
2026-06-18T08:10:00+00:00,7567.5,7568.0,7564.5,7565.5,1641
2026-06-18T08:15:00+00:00,7565.25,7566.25,7562.5,7562.75,1101
2026-06-18T08:20:00+00:00,7562.75,7563.25,7556.25,7557.5,1761
2026-06-18T08:25:00+00:00,7557.5,7557.75,7555.5,7556.5,1276
2026-06-18T08:30:00+00:00,7556.5,7558.75,7554.75,7557.0,1634
2026-06-18T08:35:00+00:00,7556.75,7558.5,7554.75,7558.5,848
2026-06-18T08:40:00+00:00,7558.25,7560.25,7556.75,7557.25,1185
2026-06-18T08:45:00+00:00,7557.0,7558.5,7554.5,7556.75,916
2026-06-18T08:50:00+00:00,7556.75,7557.0,7551.5,7553.0,1108
2026-06-18T08:55:00+00:00,7553.25,7554.25,7547.0,7547.75,1878
2026-06-18T09:00:00+00:00,7548.0,7552.0,7545.75,7552.0,2118
2026-06-18T09:05:00+00:00,7552.0,7553.0,7550.25,7551.25,1448
2026-06-18T09:10:00+00:00,7551.0,7553.75,7548.75,7553.0,895
2026-06-18T09:15:00+00:00,7553.25,7556.5,7553.25,7555.0,1425
2026-06-18T09:20:00+00:00,7554.5,7554.5,7551.75,7552.5,1202
2026-06-18T09:25:00+00:00,7552.5,7554.5,7552.5,7554.25,800
2026-06-18T09:30:00+00:00,7554.0,7555.0,7552.5,7553.75,908
2026-06-18T09:35:00+00:00,7554.0,7558.5,7553.5,7558.0,800
2026-06-18T09:40:00+00:00,7558.25,7560.0,7557.25,7559.25,998
2026-06-18T09:45:00+00:00,7559.0,7563.75,7559.0,7562.5,1633
2026-06-18T09:50:00+00:00,7562.75,7563.75,7561.5,7562.0,1191
2026-06-18T09:55:00+00:00,7562.0,7564.0,7561.75,7563.25,938
2026-06-18T10:00:00+00:00,7563.25,7563.5,7560.25,7561.0,827
2026-06-18T10:05:00+00:00,7560.75,7562.25,7558.75,7559.75,934
2026-06-18T10:10:00+00:00,7560.0,7563.5,7558.75,7563.25,898
2026-06-18T10:15:00+00:00,7563.25,7564.25,7562.0,7563.5,888
2026-06-18T10:20:00+00:00,7563.5,7564.5,7560.5,7560.75,897
2026-06-18T10:25:00+00:00,7560.75,7563.5,7559.5,7560.5,1346
2026-06-18T10:30:00+00:00,7560.75,7563.0,7557.25,7558.0,1561
2026-06-18T10:35:00+00:00,7558.0,7559.0,7557.25,7557.25,1051
2026-06-18T10:40:00+00:00,7557.25,7558.0,7552.0,7552.0,2037
2026-06-18T10:45:00+00:00,7552.25,7555.0,7551.25,7553.25,1174
2026-06-18T10:50:00+00:00,7553.5,7555.25,7552.0,7552.5,1121
2026-06-18T10:55:00+00:00,7552.75,7553.75,7552.0,7553.0,512
2026-06-18T11:00:00+00:00,7553.5,7554.75,7551.5,7553.0,1313
2026-06-18T11:05:00+00:00,7553.0,7553.25,7542.75,7544.5,3002
2026-06-18T11:10:00+00:00,7544.25,7545.0,7540.0,7544.5,2711
2026-06-18T11:15:00+00:00,7544.5,7545.0,7537.0,7538.5,2790
2026-06-18T11:20:00+00:00,7538.0,7540.5,7535.5,7539.25,2359
2026-06-18T11:25:00+00:00,7539.25,7542.75,7538.75,7541.5,2279
2026-06-18T11:30:00+00:00,7541.5,7543.75,7539.5,7541.75,2032
2026-06-18T11:35:00+00:00,7542.0,7542.5,7535.75,7537.25,2051
2026-06-18T11:40:00+00:00,7537.25,7539.0,7531.25,7538.0,3734
2026-06-18T11:45:00+00:00,7538.0,7539.75,7537.25,7539.25,1625
2026-06-18T11:50:00+00:00,7538.75,7544.0,7537.75,7542.0,2700
2026-06-18T11:55:00+00:00,7542.0,7543.25,7541.0,7543.25,1045
2026-06-18T12:00:00+00:00,7543.25,7545.25,7541.75,7544.0,2174
2026-06-18T12:05:00+00:00,7544.0,7544.0,7540.75,7541.5,1716
2026-06-18T12:10:00+00:00,7541.25,7548.0,7541.25,7546.5,2625
2026-06-18T12:15:00+00:00,7546.5,7547.75,7544.0,7547.75,2105
2026-06-18T12:20:00+00:00,7547.5,7553.5,7547.5,7553.5,3883
2026-06-18T12:25:00+00:00,7553.25,7555.5,7552.75,7554.25,2733
2026-06-18T12:30:00+00:00,7554.75,7558.75,7553.5,7554.0,2558
2026-06-18T12:35:00+00:00,7554.0,7558.25,7553.5,7554.25,1944
2026-06-18T12:40:00+00:00,7554.25,7559.5,7553.25,7555.5,2728
2026-06-18T12:45:00+00:00,7555.5,7560.0,7554.75,7559.75,1621
2026-06-18T12:50:00+00:00,7559.75,7560.5,7556.5,7559.75,2012
2026-06-18T12:55:00+00:00,7559.75,7565.0,7559.25,7560.5,3415
2026-06-18T13:00:00+00:00,7560.5,7560.75,7550.75,7551.5,5222
2026-06-18T13:05:00+00:00,7551.75,7557.0,7550.5,7554.5,6026
2026-06-18T13:10:00+00:00,7554.75,7562.75,7553.5,7561.5,5856
2026-06-18T13:15:00+00:00,7561.75,7566.5,7560.75,7563.5,5090
2026-06-18T13:20:00+00:00,7563.75,7567.75,7563.0,7565.5,4443
2026-06-18T13:25:00+00:00,7565.5,7579.75,7565.5,7577.0,19832
2026-06-18T13:30:00+00:00,7577.0,7581.75,7557.25,7557.5,35581
2026-06-18T13:35:00+00:00,7557.75,7559.25,7541.5,7544.0,38580
2026-06-18T13:40:00+00:00,7544.0,7548.75,7537.0,7538.5,27666
2026-06-18T13:45:00+00:00,7538.75,7550.25,7535.5,7549.0,24108
2026-06-18T13:50:00+00:00,7549.25,7555.0,7542.25,7543.0,23923
2026-06-18T13:55:00+00:00,7543.25,7547.5,7536.0,7544.0,22122
2026-06-18T14:00:00+00:00,7544.25,7550.5,7540.75,7545.75,21058
2026-06-18T14:05:00+00:00,7545.75,7558.25,7543.0,7554.5,20754
2026-06-18T14:10:00+00:00,7554.75,7555.5,7542.0,7545.5,18049
2026-06-18T14:15:00+00:00,7545.0,7561.5,7539.0,7558.25,22358
2026-06-18T14:20:00+00:00,7558.25,7566.25,7552.5,7561.5,18238
2026-06-18T14:25:00+00:00,7561.5,7563.5,7548.5,7550.75,16749
2026-06-18T14:30:00+00:00,7550.5,7555.75,7541.25,7555.25,21315
2026-06-18T14:35:00+00:00,7555.5,7563.5,7551.0,7562.25,14373
2026-06-18T14:40:00+00:00,7562.5,7564.5,7555.75,7558.75,13785
2026-06-18T14:45:00+00:00,7558.5,7570.75,7558.25,7568.5,13563
2026-06-18T14:50:00+00:00,7568.5,7568.5,7560.0,7564.25,11918
2026-06-18T14:55:00+00:00,7564.25,7570.5,7563.25,7566.25,8180
2026-06-18T15:00:00+00:00,7566.5,7567.5,7557.25,7562.5,14354
2026-06-18T15:05:00+00:00,7562.5,7564.75,7559.25,7561.75,7794
2026-06-18T15:10:00+00:00,7561.5,7569.0,7558.75,7559.0,11135
2026-06-18T15:15:00+00:00,7559.0,7561.5,7553.5,7554.5,13070
2026-06-18T15:20:00+00:00,7554.75,7559.25,7551.25,7553.75,12440
2026-06-18T15:25:00+00:00,7553.75,7559.5,7549.5,7551.75,12773
2026-06-18T15:30:00+00:00,7551.5,7556.25,7548.0,7553.5,13721
2026-06-18T15:35:00+00:00,7553.75,7553.75,7541.0,7546.75,14166
2026-06-18T15:40:00+00:00,7546.75,7551.5,7543.25,7545.75,11221
2026-06-18T15:45:00+00:00,7545.75,7551.25,7541.25,7549.5,10922
2026-06-18T15:50:00+00:00,7549.25,7561.75,7549.25,7558.0,11218
2026-06-18T15:55:00+00:00,7557.75,7563.25,7557.75,7560.5,8072
2026-06-18T16:00:00+00:00,7560.5,7563.75,7556.25,7557.5,7390
2026-06-18T16:05:00+00:00,7557.75,7562.5,7555.0,7558.75,7438
2026-06-18T16:10:00+00:00,7558.75,7561.25,7556.75,7559.75,4301
2026-06-18T16:15:00+00:00,7559.75,7562.25,7557.0,7559.5,4889
2026-06-18T16:20:00+00:00,7559.75,7566.75,7559.25,7561.75,8415
2026-06-18T16:25:00+00:00,7562.0,7565.5,7560.75,7564.25,3749
2026-06-18T16:30:00+00:00,7564.25,7564.5,7560.75,7563.0,4439
2026-06-18T16:35:00+00:00,7563.0,7570.5,7560.75,7569.25,7986
2026-06-18T16:40:00+00:00,7569.5,7570.5,7567.0,7567.5,4736
2026-06-18T16:45:00+00:00,7567.75,7568.75,7565.75,7567.0,4147
2026-06-18T16:50:00+00:00,7567.0,7567.0,7560.5,7561.75,6382
2026-06-18T16:55:00+00:00,7562.0,7564.25,7559.5,7564.0,4739
2026-06-18T17:00:00+00:00,7564.25,7570.0,7561.5,7569.75,5473
2026-06-18T17:05:00+00:00,7569.75,7574.5,7569.0,7571.75,7927
2026-06-18T17:10:00+00:00,7571.75,7575.25,7571.0,7573.5,4024
2026-06-18T17:15:00+00:00,7573.25,7578.75,7572.25,7577.25,5872
2026-06-18T17:20:00+00:00,7577.0,7578.75,7572.25,7572.5,5006
2026-06-18T17:25:00+00:00,7572.5,7573.75,7571.0,7573.0,4086
2026-06-18T17:30:00+00:00,7573.0,7577.0,7572.75,7574.75,5070
2026-06-18T17:35:00+00:00,7575.0,7575.0,7569.75,7570.5,3451
2026-06-18T17:40:00+00:00,7570.25,7572.25,7569.5,7570.5,4573
2026-06-18T17:45:00+00:00,7570.5,7571.5,7568.0,7569.5,3860
2026-06-18T17:50:00+00:00,7569.5,7572.75,7568.25,7569.25,3599
2026-06-18T17:55:00+00:00,7569.25,7569.5,7566.75,7567.0,4677
2026-06-18T18:00:00+00:00,7567.25,7568.0,7562.0,7563.25,7100
2026-06-18T18:05:00+00:00,7563.25,7565.75,7562.25,7563.0,4465
2026-06-18T18:10:00+00:00,7563.0,7566.75,7562.75,7563.75,4516
2026-06-18T18:15:00+00:00,7563.5,7565.5,7561.0,7563.25,6051
2026-06-18T18:20:00+00:00,7563.25,7566.5,7562.0,7564.5,4050
2026-06-18T18:25:00+00:00,7564.25,7565.75,7562.0,7562.75,4346
2026-06-18T18:30:00+00:00,7562.75,7563.5,7560.75,7561.75,4172
2026-06-18T18:35:00+00:00,7561.5,7562.25,7559.0,7560.25,4952
2026-06-18T18:40:00+00:00,7560.25,7563.25,7559.25,7562.75,3480
2026-06-18T18:45:00+00:00,7562.75,7566.0,7562.25,7565.5,5015
2026-06-18T18:50:00+00:00,7565.5,7567.25,7563.25,7564.5,5016
2026-06-18T18:55:00+00:00,7564.25,7565.75,7560.5,7561.25,5071
2026-06-18T19:00:00+00:00,7561.5,7562.5,7556.0,7557.25,7311
2026-06-18T19:05:00+00:00,7557.0,7558.25,7556.0,7556.5,4365
2026-06-18T19:10:00+00:00,7556.25,7556.5,7549.25,7552.25,10483
2026-06-18T19:15:00+00:00,7552.25,7556.25,7550.0,7556.25,6618
2026-06-18T19:20:00+00:00,7556.0,7559.5,7555.25,7556.25,5538
2026-06-18T19:25:00+00:00,7556.25,7560.0,7556.0,7558.0,4086
2026-06-18T19:30:00+00:00,7557.75,7560.0,7553.5,7559.75,7314
2026-06-18T19:35:00+00:00,7559.75,7567.75,7559.5,7567.25,8977
2026-06-18T19:40:00+00:00,7567.25,7571.75,7566.25,7571.0,7554
2026-06-18T19:45:00+00:00,7571.25,7573.0,7567.0,7568.75,9798
2026-06-18T19:50:00+00:00,7568.75,7578.0,7566.0,7574.5,21863
2026-06-18T19:55:00+00:00,7574.5,7580.75,7564.5,7564.75,29153
2026-06-18T20:00:00+00:00,7564.5,7572.5,7562.25,7572.25,9836
2026-06-18T20:05:00+00:00,7572.5,7576.25,7572.25,7573.75,3979
2026-06-18T20:10:00+00:00,7573.75,7577.5,7572.25,7576.75,2315
2026-06-18T20:15:00+00:00,7576.5,7579.5,7575.0,7579.25,2007
2026-06-18T20:20:00+00:00,7579.5,7583.0,7577.5,7577.5,2812
2026-06-18T20:25:00+00:00,7577.5,7580.0,7577.25,7577.5,1079
2026-06-18T20:30:00+00:00,7577.25,7579.5,7576.5,7576.75,904
2026-06-18T20:35:00+00:00,7576.75,7577.25,7575.0,7575.75,875
2026-06-18T20:40:00+00:00,7575.75,7576.0,7572.25,7573.0,1380
2026-06-18T20:45:00+00:00,7573.0,7573.5,7571.5,7572.75,831
2026-06-18T20:50:00+00:00,7572.5,7572.75,7570.5,7572.25,842
2026-06-18T20:55:00+00:00,7572.0,7575.0,7571.75,7574.75,1010
2026-06-18T22:00:00+00:00,7575.5,7580.0,7573.75,7575.0,0
2026-06-18T22:05:00+00:00,7575.25,7575.75,7572.0,7573.0,866
2026-06-18T22:10:00+00:00,7573.0,7574.5,7572.5,7573.25,498
2026-06-18T22:15:00+00:00,7573.25,7573.25,7568.5,7569.25,1076
2026-06-18T22:20:00+00:00,7568.75,7569.25,7564.75,7566.0,1386
2026-06-18T22:25:00+00:00,7565.5,7567.75,7565.25,7566.0,1021
2026-06-18T22:30:00+00:00,7566.25,7566.25,7563.5,7563.75,864
2026-06-18T22:35:00+00:00,7563.75,7564.0,7561.0,7561.25,1222
2026-06-18T22:40:00+00:00,7561.25,7562.75,7560.25,7561.75,1210
2026-06-18T22:45:00+00:00,7561.75,7563.5,7559.75,7563.25,1093
2026-06-18T22:50:00+00:00,7563.25,7564.0,7562.0,7562.75,794
2026-06-18T22:55:00+00:00,7562.75,7562.75,7560.75,7561.0,679
2026-06-18T23:00:00+00:00,7561.25,7564.0,7560.25,7562.5,1039
2026-06-18T23:05:00+00:00,7562.25,7562.75,7560.5,7562.25,480
2026-06-18T23:10:00+00:00,7562.5,7564.25,7561.5,7561.5,668
2026-06-18T23:15:00+00:00,7561.5,7563.25,7561.25,7562.0,415
2026-06-18T23:20:00+00:00,7562.0,7566.0,7562.0,7564.5,927
2026-06-18T23:25:00+00:00,7564.25,7565.25,7563.0,7564.25,456
2026-06-18T23:30:00+00:00,7564.5,7565.5,7562.75,7564.5,590
2026-06-18T23:35:00+00:00,7564.75,7567.25,7564.25,7566.0,779
2026-06-18T23:40:00+00:00,7566.0,7566.5,7564.25,7565.75,563
2026-06-18T23:45:00+00:00,7565.5,7567.5,7564.5,7565.75,793
2026-06-18T23:50:00+00:00,7566.0,7567.75,7565.75,7567.5,605
2026-06-18T23:55:00+00:00,7567.5,7568.25,7565.5,7565.75,686
2026-06-19T00:00:00+00:00,7565.5,7565.75,7561.5,7563.0,2039
2026-06-19T00:05:00+00:00,7563.25,7564.5,7559.25,7561.0,1863
2026-06-19T00:10:00+00:00,7561.0,7562.0,7556.0,7557.25,1975
2026-06-19T00:15:00+00:00,7557.5,7561.0,7557.0,7560.25,1915
2026-06-19T00:20:00+00:00,7560.25,7560.75,7556.75,7559.75,1194
2026-06-19T00:25:00+00:00,7559.5,7562.0,7558.5,7559.5,1003
2026-06-19T00:30:00+00:00,7559.75,7561.25,7559.25,7561.0,534
2026-06-19T00:35:00+00:00,7560.5,7561.0,7556.75,7558.75,1086
2026-06-19T00:40:00+00:00,7558.5,7560.0,7557.5,7559.0,511
2026-06-19T00:45:00+00:00,7559.25,7560.5,7558.5,7559.5,575
2026-06-19T00:50:00+00:00,7559.25,7559.75,7558.25,7559.25,264
2026-06-19T00:55:00+00:00,7559.0,7559.0,7557.0,7558.25,308
2026-06-19T01:00:00+00:00,7558.25,7560.75,7556.5,7559.5,1027
2026-06-19T01:05:00+00:00,7559.25,7559.25,7553.25,7553.75,1824
2026-06-19T01:10:00+00:00,7553.5,7554.5,7551.0,7552.5,1317
2026-06-19T01:15:00+00:00,7552.5,7554.75,7552.5,7554.5,854
2026-06-19T01:20:00+00:00,7554.5,7555.0,7552.75,7553.75,608
2026-06-19T01:25:00+00:00,7553.5,7556.0,7553.0,7554.75,658
2026-06-19T01:30:00+00:00,7554.75,7554.75,7551.25,7553.25,1052
2026-06-19T01:35:00+00:00,7553.5,7553.75,7551.5,7551.75,532
2026-06-19T01:40:00+00:00,7552.0,7552.0,7550.0,7551.25,714
2026-06-19T01:45:00+00:00,7551.75,7553.0,7550.25,7550.75,652
2026-06-19T01:50:00+00:00,7550.75,7551.5,7548.25,7548.25,1158
2026-06-19T01:55:00+00:00,7548.25,7549.25,7547.25,7547.5,713
2026-06-19T02:00:00+00:00,7547.5,7548.5,7546.0,7547.0,998
2026-06-19T02:05:00+00:00,7547.25,7547.5,7544.0,7545.75,971
2026-06-19T02:10:00+00:00,7545.75,7546.0,7543.75,7544.75,748
2026-06-19T02:15:00+00:00,7544.75,7545.0,7541.75,7542.5,1050
2026-06-19T02:20:00+00:00,7542.5,7546.75,7542.5,7545.75,982
2026-06-19T02:25:00+00:00,7545.75,7546.5,7544.75,7546.0,471
2026-06-19T02:30:00+00:00,7546.0,7547.25,7545.5,7546.75,455
2026-06-19T02:35:00+00:00,7546.5,7548.0,7546.25,7547.0,518
2026-06-19T02:40:00+00:00,7546.75,7549.25,7546.75,7548.75,778
2026-06-19T02:45:00+00:00,7548.75,7548.75,7546.5,7546.5,496
2026-06-19T02:50:00+00:00,7546.5,7546.75,7544.25,7546.25,836
2026-06-19T02:55:00+00:00,7546.5,7547.0,7545.75,7546.25,305
2026-06-19T03:00:00+00:00,7546.25,7548.5,7545.25,7545.5,671
2026-06-19T03:05:00+00:00,7545.25,7546.25,7544.75,7545.0,343
2026-06-19T03:10:00+00:00,7545.25,7545.75,7544.0,7544.0,259
2026-06-19T03:15:00+00:00,7544.25,7544.75,7539.5,7540.5,2049
2026-06-19T03:20:00+00:00,7540.25,7542.0,7539.0,7539.75,667
2026-06-19T03:25:00+00:00,7539.75,7540.0,7537.75,7539.0,723
2026-06-19T03:30:00+00:00,7538.5,7539.75,7536.75,7537.0,1025
2026-06-19T03:35:00+00:00,7537.0,7541.0,7536.0,7540.5,1242
2026-06-19T03:40:00+00:00,7540.75,7541.25,7537.75,7538.75,741
2026-06-19T03:45:00+00:00,7539.0,7539.25,7537.5,7538.0,505
2026-06-19T03:50:00+00:00,7538.25,7540.0,7537.75,7538.5,476
2026-06-19T03:55:00+00:00,7538.5,7539.25,7536.25,7536.75,512
2026-06-21T22:00:00+00:00,7543.75,7557.0,7539.0,7548.0,5558
2026-06-21T22:05:00+00:00,7548.0,7557.0,7532.5,7535.75,4599
2026-06-21T22:10:00+00:00,7536.0,7538.25,7528.25,7532.0,4282
2026-06-21T22:15:00+00:00,7532.5,7534.5,7526.0,7533.75,3526
2026-06-21T22:20:00+00:00,7534.0,7542.5,7532.75,7541.75,3561
2026-06-21T22:25:00+00:00,7541.5,7557.0,7539.5,7540.75,1650
2026-06-21T22:30:00+00:00,7541.0,7557.0,7536.75,7538.25,2144
2026-06-21T22:35:00+00:00,7537.75,7539.75,7536.25,7537.25,1074
2026-06-21T22:40:00+00:00,7537.0,7542.25,7536.75,7541.25,1567
2026-06-21T22:45:00+00:00,7541.25,7557.0,7540.75,7543.5,1353
2026-06-21T22:50:00+00:00,7543.25,7557.0,7541.75,7543.0,775
2026-06-21T22:55:00+00:00,7543.0,7543.5,7536.75,7538.0,1982
2026-06-21T23:00:00+00:00,7537.75,7538.25,7525.75,7528.5,5472
2026-06-21T23:05:00+00:00,7528.25,7531.75,7525.5,7530.5,2920
2026-06-21T23:10:00+00:00,7530.25,7557.0,7525.0,7526.5,2583
2026-06-21T23:15:00+00:00,7526.5,7557.0,7523.25,7525.5,2709
2026-06-21T23:20:00+00:00,7525.25,7529.0,7523.75,7528.25,1766
2026-06-21T23:25:00+00:00,7528.5,7529.25,7524.5,7526.0,1729
2026-06-21T23:30:00+00:00,7526.25,7527.25,7522.25,7523.25,1990
2026-06-21T23:35:00+00:00,7523.25,7557.0,7516.25,7518.5,3539
2026-06-21T23:40:00+00:00,7518.5,7557.0,7515.5,7519.5,2459
2026-06-21T23:45:00+00:00,7519.5,7521.25,7514.75,7515.0,2562
2026-06-21T23:50:00+00:00,7515.0,7517.0,7513.25,7514.25,2001
2026-06-21T23:55:00+00:00,7514.25,7516.25,7513.0,7516.0,1404
2026-06-22T00:00:00+00:00,7515.75,7557.0,7514.5,7531.5,6729
2026-06-22T00:05:00+00:00,7531.75,7557.0,7530.0,7532.25,5592
2026-06-22T00:10:00+00:00,7532.25,7534.0,7527.75,7533.25,2719
2026-06-22T00:15:00+00:00,7533.0,7540.25,7531.25,7538.5,4223
2026-06-22T00:20:00+00:00,7538.75,7539.5,7534.75,7537.0,2190
2026-06-22T00:25:00+00:00,7536.5,7557.0,7535.75,7543.5,3709
2026-06-22T00:30:00+00:00,7543.75,7557.0,7540.5,7542.5,2279
2026-06-22T00:35:00+00:00,7542.5,7544.75,7541.25,7542.0,1816
2026-06-22T00:40:00+00:00,7542.0,7543.75,7540.25,7542.75,1924
2026-06-22T00:45:00+00:00,7543.0,7545.75,7543.0,7545.0,2513
2026-06-22T00:50:00+00:00,7545.25,7557.0,7543.5,7545.5,981
2026-06-22T00:55:00+00:00,7545.5,7557.0,7545.25,7549.0,2971
2026-06-22T01:00:00+00:00,7549.0,7553.25,7549.0,7552.75,3295
2026-06-22T01:05:00+00:00,7553.0,7558.0,7552.5,7552.75,3642
2026-06-22T01:10:00+00:00,7553.0,7554.0,7551.25,7553.5,1657
2026-06-22T01:15:00+00:00,7553.5,7557.0,7551.5,7551.5,1686
2026-06-22T01:20:00+00:00,7551.75,7557.0,7550.75,7554.25,1501
2026-06-22T01:25:00+00:00,7554.75,7556.0,7554.0,7554.75,1132
2026-06-22T01:30:00+00:00,7554.5,7554.75,7552.0,7553.75,1317
2026-06-22T01:35:00+00:00,7553.75,7555.75,7552.25,7555.25,823
2026-06-22T01:40:00+00:00,7555.5,7557.0,7552.75,7554.0,767
2026-06-22T01:45:00+00:00,7554.0,7557.0,7551.0,7552.0,1416
2026-06-22T01:50:00+00:00,7552.5,7553.75,7549.25,7550.0,1462
2026-06-22T01:55:00+00:00,7550.25,7551.75,7549.0,7549.75,1123
2026-06-22T02:00:00+00:00,7550.0,7550.75,7547.25,7548.5,1535
2026-06-22T02:05:00+00:00,7548.5,7557.0,7548.25,7548.75,1453
2026-06-22T02:10:00+00:00,7548.75,7557.0,7544.0,7544.0,1675
2026-06-22T02:15:00+00:00,7544.25,7546.25,7544.0,7545.5,964
2026-06-22T02:20:00+00:00,7545.25,7547.0,7543.75,7546.0,1169
2026-06-22T02:25:00+00:00,7546.25,7546.5,7542.0,7542.5,1524
2026-06-22T02:30:00+00:00,7542.25,7557.0,7540.25,7541.5,1426
2026-06-22T02:35:00+00:00,7541.5,7557.0,7539.75,7540.75,852
2026-06-22T02:40:00+00:00,7540.5,7541.25,7538.5,7540.0,1229
2026-06-22T02:45:00+00:00,7540.0,7540.25,7537.5,7538.25,948
2026-06-22T02:50:00+00:00,7538.0,7540.25,7537.25,7539.5,936
2026-06-22T02:55:00+00:00,7539.5,7557.0,7538.0,7538.5,504
2026-06-22T03:00:00+00:00,7538.5,7557.0,7534.25,7537.75,2352
2026-06-22T03:05:00+00:00,7537.75,7538.5,7535.5,7536.25,824
2026-06-22T03:10:00+00:00,7536.25,7537.0,7535.0,7536.0,846
2026-06-22T03:15:00+00:00,7536.0,7540.5,7536.0,7539.75,1584
2026-06-22T03:20:00+00:00,7539.75,7557.0,7538.5,7540.75,996
2026-06-22T03:25:00+00:00,7540.5,7557.0,7539.0,7540.5,731
2026-06-22T03:30:00+00:00,7540.5,7542.25,7540.25,7541.5,819
2026-06-22T03:35:00+00:00,7541.25,7541.75,7539.75,7541.0,535
2026-06-22T03:40:00+00:00,7540.75,7541.25,7539.0,7540.0,500
2026-06-22T03:45:00+00:00,7540.25,7557.0,7539.75,7541.25,480
2026-06-22T03:50:00+00:00,7541.25,7557.0,7536.75,7537.0,1033
2026-06-22T03:55:00+00:00,7536.75,7537.25,7533.5,7534.5,1327
2026-06-22T04:00:00+00:00,7534.5,7535.0,7532.75,7533.75,969
2026-06-22T04:05:00+00:00,7533.75,7536.0,7533.5,7536.0,958
2026-06-22T04:10:00+00:00,7535.75,7536.75,7532.75,7533.0,760
2026-06-22T04:15:00+00:00,7533.0,7533.75,7532.0,7532.5,909
2026-06-22T04:20:00+00:00,7532.5,7534.25,7532.0,7532.5,736
2026-06-22T04:25:00+00:00,7532.5,7532.5,7530.25,7531.0,955
2026-06-22T04:30:00+00:00,7530.75,7532.75,7530.25,7532.25,717
2026-06-22T04:35:00+00:00,7532.25,7532.5,7528.75,7531.0,1013
2026-06-22T04:40:00+00:00,7530.5,7531.75,7528.5,7529.75,1185
2026-06-22T04:45:00+00:00,7529.75,7534.25,7529.25,7533.75,2191
2026-06-22T04:50:00+00:00,7533.5,7534.75,7532.25,7533.25,1070
2026-06-22T04:55:00+00:00,7532.75,7535.5,7532.0,7534.75,840
2026-06-22T05:00:00+00:00,7534.75,7536.0,7533.75,7535.75,915
2026-06-22T05:05:00+00:00,7536.0,7544.25,7535.75,7543.5,2606
2026-06-22T05:10:00+00:00,7543.5,7546.5,7542.5,7545.25,1455
2026-06-22T05:15:00+00:00,7545.25,7547.25,7542.5,7543.0,1191
2026-06-22T05:20:00+00:00,7543.25,7545.0,7542.5,7545.0,954
2026-06-22T05:25:00+00:00,7545.0,7545.75,7544.0,7545.5,514
2026-06-22T05:30:00+00:00,7545.75,7546.0,7541.5,7543.5,938
2026-06-22T05:35:00+00:00,7543.25,7546.75,7543.25,7544.5,682
2026-06-22T05:40:00+00:00,7544.5,7545.75,7544.0,7545.0,373
2026-06-22T05:45:00+00:00,7545.0,7545.75,7543.5,7545.0,509
2026-06-22T05:50:00+00:00,7544.75,7547.25,7544.0,7545.75,614
2026-06-22T05:55:00+00:00,7546.0,7547.75,7545.75,7546.25,611
2026-06-22T06:00:00+00:00,7546.5,7549.25,7546.0,7548.75,1052
2026-06-22T06:05:00+00:00,7549.0,7552.25,7548.5,7551.75,1345
2026-06-22T06:10:00+00:00,7551.75,7553.5,7550.0,7553.0,822
2026-06-22T06:15:00+00:00,7553.0,7555.25,7551.75,7553.75,1497
2026-06-22T06:20:00+00:00,7553.75,7557.75,7553.0,7557.5,1273
2026-06-22T06:25:00+00:00,7557.25,7560.5,7557.0,7558.75,1891
2026-06-22T06:30:00+00:00,7558.5,7558.5,7554.5,7556.25,1619
2026-06-22T06:35:00+00:00,7556.25,7559.5,7555.5,7558.75,767
2026-06-22T06:40:00+00:00,7559.0,7562.0,7558.5,7560.75,836
2026-06-22T06:45:00+00:00,7560.75,7562.25,7559.5,7559.75,792
2026-06-22T06:50:00+00:00,7560.0,7562.0,7559.75,7561.75,408
2026-06-22T06:55:00+00:00,7561.75,7563.0,7560.75,7561.75,509
2026-06-22T07:00:00+00:00,7561.75,7566.0,7561.25,7565.5,1747
2026-06-22T07:05:00+00:00,7565.5,7566.25,7563.5,7564.25,1172
2026-06-22T07:10:00+00:00,7564.5,7565.25,7563.0,7564.0,783
2026-06-22T07:15:00+00:00,7564.0,7567.5,7564.0,7566.75,943
2026-06-22T07:20:00+00:00,7567.0,7567.25,7564.25,7564.75,473
2026-06-22T07:25:00+00:00,7564.75,7566.75,7564.5,7566.75,607
2026-06-22T07:30:00+00:00,7566.5,7566.75,7564.0,7565.25,668
2026-06-22T07:35:00+00:00,7565.25,7567.25,7565.0,7565.0,547
2026-06-22T07:40:00+00:00,7565.0,7565.0,7562.0,7562.75,945
2026-06-22T07:45:00+00:00,7562.5,7565.0,7561.75,7564.5,733
2026-06-22T07:50:00+00:00,7564.25,7564.75,7561.0,7561.25,655
2026-06-22T07:55:00+00:00,7561.25,7563.0,7560.5,7562.75,576
2026-06-22T08:00:00+00:00,7562.75,7563.75,7556.25,7557.0,1471
2026-06-22T08:05:00+00:00,7557.0,7558.0,7555.75,7556.25,982
2026-06-22T08:10:00+00:00,7556.0,7557.5,7552.5,7556.25,1454
2026-06-22T08:15:00+00:00,7556.5,7557.75,7553.25,7553.75,919
2026-06-22T08:20:00+00:00,7553.5,7556.25,7552.5,7556.0,945
2026-06-22T08:25:00+00:00,7555.75,7556.5,7554.25,7555.0,680
2026-06-22T08:30:00+00:00,7554.75,7556.0,7553.25,7555.75,763
2026-06-22T08:35:00+00:00,7556.0,7558.25,7555.25,7557.5,1068
2026-06-22T08:40:00+00:00,7557.5,7560.0,7557.0,7560.0,575
2026-06-22T08:45:00+00:00,7559.75,7560.25,7555.5,7557.5,837
2026-06-22T08:50:00+00:00,7557.0,7559.25,7556.0,7559.0,603
2026-06-22T08:55:00+00:00,7559.25,7560.25,7558.0,7559.25,782
2026-06-22T09:00:00+00:00,7559.5,7562.75,7556.25,7562.75,1181
2026-06-22T09:05:00+00:00,7563.0,7564.5,7561.5,7563.75,973
2026-06-22T09:10:00+00:00,7564.0,7564.5,7561.0,7563.0,705
2026-06-22T09:15:00+00:00,7562.75,7563.0,7560.25,7560.75,586
2026-06-22T09:20:00+00:00,7560.75,7562.25,7560.0,7561.0,550
2026-06-22T09:25:00+00:00,7561.25,7562.25,7559.75,7560.5,488
2026-06-22T09:30:00+00:00,7560.25,7562.0,7558.25,7560.5,1200
2026-06-22T09:35:00+00:00,7560.5,7560.75,7557.25,7557.25,634
2026-06-22T09:40:00+00:00,7557.25,7558.5,7555.25,7556.25,589
2026-06-22T09:45:00+00:00,7556.5,7558.25,7555.5,7556.5,466
2026-06-22T09:50:00+00:00,7556.25,7557.5,7555.25,7556.5,570
2026-06-22T09:55:00+00:00,7556.5,7557.5,7554.5,7555.0,822
2026-06-22T10:00:00+00:00,7554.75,7561.0,7554.75,7560.75,1142
2026-06-22T10:05:00+00:00,7561.0,7564.75,7560.0,7563.25,994
2026-06-22T10:10:00+00:00,7563.25,7564.75,7562.75,7563.0,598
2026-06-22T10:15:00+00:00,7562.75,7564.5,7562.75,7563.5,557
2026-06-22T10:20:00+00:00,7563.5,7564.25,7562.75,7564.25,337
2026-06-22T10:25:00+00:00,7564.0,7564.5,7562.0,7563.0,469
2026-06-22T10:30:00+00:00,7563.0,7563.0,7559.0,7560.0,796
2026-06-22T10:35:00+00:00,7560.0,7561.0,7557.75,7558.0,673
2026-06-22T10:40:00+00:00,7558.0,7559.75,7556.75,7559.25,833
2026-06-22T10:45:00+00:00,7559.25,7562.5,7559.25,7561.75,768
2026-06-22T10:50:00+00:00,7561.75,7562.0,7558.5,7559.5,704
2026-06-22T10:55:00+00:00,7559.5,7559.75,7557.75,7558.75,563
2026-06-22T11:00:00+00:00,7558.5,7568.5,7558.5,7567.0,2444
2026-06-22T11:05:00+00:00,7567.0,7578.0,7566.5,7569.25,7345
2026-06-22T11:10:00+00:00,7569.0,7569.0,7560.0,7562.75,2929
2026-06-22T11:15:00+00:00,7562.5,7564.25,7561.25,7563.75,1131
2026-06-22T11:20:00+00:00,7563.5,7563.75,7560.75,7563.0,864
2026-06-22T11:25:00+00:00,7562.75,7564.0,7561.25,7561.75,658
2026-06-22T11:30:00+00:00,7561.75,7565.5,7560.75,7563.75,1407
2026-06-22T11:35:00+00:00,7563.75,7565.75,7563.0,7565.25,1250
2026-06-22T11:40:00+00:00,7565.25,7565.5,7562.0,7563.25,1407
2026-06-22T11:45:00+00:00,7563.5,7564.5,7559.0,7564.25,2320
2026-06-22T11:50:00+00:00,7564.5,7564.5,7560.0,7561.25,1469
2026-06-22T11:55:00+00:00,7561.5,7565.0,7561.0,7563.5,1702
2026-06-22T12:00:00+00:00,7563.75,7567.0,7563.75,7566.75,1197
2026-06-22T12:05:00+00:00,7566.75,7569.0,7566.25,7568.75,1181
2026-06-22T12:10:00+00:00,7568.75,7570.25,7567.5,7569.75,1172
2026-06-22T12:15:00+00:00,7569.5,7570.25,7567.75,7569.0,872
2026-06-22T12:20:00+00:00,7568.75,7574.25,7568.75,7573.5,2003
2026-06-22T12:25:00+00:00,7573.5,7574.5,7571.75,7574.0,1746
2026-06-22T12:30:00+00:00,7574.25,7575.75,7572.25,7575.75,1900
2026-06-22T12:35:00+00:00,7575.5,7576.5,7573.0,7573.25,1917
2026-06-22T12:40:00+00:00,7573.25,7574.75,7570.25,7570.75,1855
2026-06-22T12:45:00+00:00,7571.0,7571.75,7568.75,7570.75,1690
2026-06-22T12:50:00+00:00,7570.25,7570.75,7568.25,7568.75,1130
2026-06-22T12:55:00+00:00,7568.75,7570.0,7567.5,7568.0,1273
2026-06-22T13:00:00+00:00,7568.0,7578.0,7568.0,7574.25,7872
2026-06-22T13:05:00+00:00,7574.25,7574.75,7569.25,7570.75,3299
2026-06-22T13:10:00+00:00,7570.5,7576.75,7569.75,7576.5,6190
2026-06-22T13:15:00+00:00,7576.5,7577.5,7573.25,7575.25,2617
2026-06-22T13:20:00+00:00,7575.25,7579.0,7574.75,7577.5,2267
2026-06-22T13:25:00+00:00,7577.75,7578.5,7572.25,7573.25,4828
2026-06-22T13:30:00+00:00,7573.25,7590.25,7571.5,7578.0,32204
2026-06-22T13:35:00+00:00,7578.25,7595.5,7576.75,7595.5,22113
2026-06-22T13:40:00+00:00,7595.5,7596.75,7576.0,7578.75,26420
2026-06-22T13:45:00+00:00,7578.5,7595.5,7576.5,7591.75,22589
2026-06-22T13:50:00+00:00,7592.0,7593.0,7586.25,7587.5,15306
2026-06-22T13:55:00+00:00,7587.25,7596.5,7584.0,7596.25,14014
2026-06-22T14:00:00+00:00,7596.5,7597.5,7591.0,7593.0,11967
2026-06-22T14:05:00+00:00,7593.25,7597.0,7590.5,7596.75,11140
2026-06-22T14:10:00+00:00,7596.75,7599.25,7589.0,7589.75,14359
2026-06-22T14:15:00+00:00,7590.0,7591.0,7579.25,7581.25,18617
2026-06-22T14:20:00+00:00,7581.0,7581.75,7569.5,7571.75,21121
2026-06-22T14:25:00+00:00,7571.5,7574.75,7560.5,7561.5,27753
2026-06-22T14:30:00+00:00,7561.25,7562.5,7545.75,7550.75,40243
2026-06-22T14:35:00+00:00,7551.0,7556.25,7545.75,7550.5,24410
2026-06-22T14:40:00+00:00,7550.5,7553.5,7540.0,7541.0,23799
2026-06-22T14:45:00+00:00,7541.0,7549.5,7540.5,7543.75,24220
2026-06-22T14:50:00+00:00,7544.0,7546.75,7532.25,7534.25,22762
2026-06-22T14:55:00+00:00,7534.25,7545.0,7527.25,7543.0,23880
2026-06-22T15:00:00+00:00,7543.0,7550.0,7541.25,7546.5,14409
2026-06-22T15:05:00+00:00,7546.5,7547.0,7536.0,7538.5,17551
2026-06-22T15:10:00+00:00,7539.0,7544.75,7536.5,7540.75,13437
2026-06-22T15:15:00+00:00,7540.5,7545.5,7535.25,7537.75,17624
2026-06-22T15:20:00+00:00,7537.75,7546.0,7534.5,7544.25,17003
2026-06-22T15:25:00+00:00,7544.0,7547.0,7537.5,7539.75,18962
2026-06-22T15:30:00+00:00,7539.75,7546.5,7537.75,7542.25,16344
2026-06-22T15:35:00+00:00,7542.25,7548.25,7540.5,7547.75,9820
2026-06-22T15:40:00+00:00,7547.75,7558.0,7547.75,7555.0,12978
2026-06-22T15:45:00+00:00,7555.0,7559.25,7539.25,7540.5,16611
2026-06-22T15:50:00+00:00,7540.5,7546.0,7540.5,7542.0,12318
2026-06-22T15:55:00+00:00,7542.0,7547.25,7540.25,7542.5,9361
2026-06-22T16:00:00+00:00,7542.75,7544.5,7532.0,7533.75,14327
2026-06-22T16:05:00+00:00,7533.5,7539.75,7532.5,7538.25,10664
2026-06-22T16:10:00+00:00,7538.25,7546.5,7537.75,7546.5,10050
2026-06-22T16:15:00+00:00,7546.25,7547.25,7541.0,7546.25,7304
2026-06-22T16:20:00+00:00,7546.25,7550.5,7540.25,7541.75,9444
2026-06-22T16:25:00+00:00,7541.5,7545.75,7540.0,7544.5,6128
2026-06-22T16:30:00+00:00,7544.25,7545.25,7539.0,7539.75,5781
2026-06-22T16:35:00+00:00,7539.75,7541.5,7537.0,7540.5,5708
2026-06-22T16:40:00+00:00,7540.5,7542.0,7536.75,7540.0,5939
2026-06-22T16:45:00+00:00,7540.0,7546.25,7537.75,7546.25,6521
2026-06-22T16:50:00+00:00,7546.0,7548.75,7545.0,7547.25,6301
2026-06-22T16:55:00+00:00,7547.5,7549.75,7543.0,7546.0,9512
2026-06-22T17:00:00+00:00,7546.25,7547.0,7542.5,7544.75,5390
2026-06-22T17:05:00+00:00,7545.0,7545.0,7535.25,7538.25,7859
2026-06-22T17:10:00+00:00,7538.25,7542.25,7537.75,7542.25,4841
2026-06-22T17:15:00+00:00,7542.25,7547.0,7542.0,7546.5,6130
2026-06-22T17:20:00+00:00,7546.5,7549.0,7543.25,7545.0,4191
2026-06-22T17:25:00+00:00,7545.25,7546.5,7542.75,7543.25,2962
2026-06-22T17:30:00+00:00,7543.25,7544.75,7539.0,7541.0,5726
2026-06-22T17:35:00+00:00,7540.75,7541.0,7535.5,7540.5,5817
2026-06-22T17:40:00+00:00,7540.25,7542.0,7538.25,7539.25,3609
2026-06-22T17:45:00+00:00,7539.5,7544.5,7538.25,7543.75,4885
2026-06-22T17:50:00+00:00,7543.75,7549.5,7543.0,7548.25,5393
2026-06-22T17:55:00+00:00,7548.5,7548.5,7542.75,7542.75,5491
2026-06-22T18:00:00+00:00,7543.0,7544.75,7538.5,7541.0,7626
2026-06-22T18:05:00+00:00,7540.75,7545.25,7540.5,7545.25,3970
2026-06-22T18:10:00+00:00,7545.25,7546.75,7542.5,7545.75,3082
2026-06-22T18:15:00+00:00,7545.75,7549.5,7545.75,7548.25,3524
2026-06-22T18:20:00+00:00,7548.25,7553.75,7548.0,7550.0,8601
2026-06-22T18:25:00+00:00,7550.0,7550.5,7544.75,7547.0,6402
2026-06-22T18:30:00+00:00,7547.5,7551.5,7545.25,7546.25,7121
2026-06-22T18:35:00+00:00,7546.0,7548.25,7544.75,7545.0,3387
2026-06-22T18:40:00+00:00,7545.0,7546.0,7540.5,7540.75,4925
2026-06-22T18:45:00+00:00,7541.0,7544.25,7539.75,7543.75,5816
2026-06-22T18:50:00+00:00,7543.75,7544.75,7532.75,7536.75,8872
2026-06-22T18:55:00+00:00,7536.5,7536.5,7531.5,7533.0,5760
2026-06-22T19:00:00+00:00,7533.0,7539.5,7532.25,7537.0,7834
2026-06-22T19:05:00+00:00,7536.75,7537.5,7528.5,7532.5,8124
2026-06-22T19:10:00+00:00,7532.75,7537.0,7531.25,7535.5,4981
2026-06-22T19:15:00+00:00,7535.5,7538.25,7533.75,7537.5,4962
2026-06-22T19:20:00+00:00,7537.5,7538.25,7532.5,7533.25,4535
2026-06-22T19:25:00+00:00,7533.5,7534.5,7530.25,7530.5,5210
2026-06-22T19:30:00+00:00,7530.5,7536.25,7530.25,7533.75,6863
2026-06-22T19:35:00+00:00,7533.75,7534.0,7531.0,7532.25,4625
2026-06-22T19:40:00+00:00,7532.25,7533.25,7528.0,7529.5,5477
2026-06-22T19:45:00+00:00,7529.5,7535.5,7528.75,7535.5,6816
2026-06-22T19:50:00+00:00,7535.25,7545.25,7533.5,7543.75,17804
2026-06-22T19:55:00+00:00,7543.75,7545.75,7536.0,7540.0,20151
2026-06-22T20:00:00+00:00,7540.0,7547.0,7539.0,7545.25,7900
2026-06-22T20:05:00+00:00,7545.25,7546.0,7542.75,7543.5,1953
2026-06-22T20:10:00+00:00,7543.25,7546.0,7542.25,7545.25,1929
2026-06-22T20:15:00+00:00,7545.5,7547.0,7543.75,7546.75,1425
2026-06-22T20:20:00+00:00,7547.0,7547.0,7545.0,7545.0,1049
2026-06-22T20:25:00+00:00,7545.0,7545.0,7541.0,7541.5,1187
2026-06-22T20:30:00+00:00,7541.5,7542.5,7541.0,7541.25,867
2026-06-22T20:35:00+00:00,7541.25,7542.0,7540.5,7541.0,732
2026-06-22T20:40:00+00:00,7541.25,7542.75,7541.0,7542.25,643
2026-06-22T20:45:00+00:00,7542.5,7542.5,7541.25,7542.0,803
2026-06-22T20:50:00+00:00,7541.75,7541.75,7540.0,7541.25,942
2026-06-22T20:55:00+00:00,7540.75,7542.25,7539.75,7540.75,1054
2026-06-22T22:00:00+00:00,7543.25,7547.5,7539.75,7543.25,0
2026-06-22T22:05:00+00:00,7543.0,7544.75,7538.5,7542.5,1628
2026-06-22T22:10:00+00:00,7542.75,7542.75,7540.25,7541.25,473
2026-06-22T22:15:00+00:00,7541.25,7542.0,7540.0,7541.5,373
2026-06-22T22:20:00+00:00,7541.25,7543.25,7540.25,7542.75,470
2026-06-22T22:25:00+00:00,7542.5,7542.75,7539.0,7539.75,702
2026-06-22T22:30:00+00:00,7540.0,7540.0,7534.5,7535.0,1993
2026-06-22T22:35:00+00:00,7534.5,7535.5,7530.0,7533.75,2055
2026-06-22T22:40:00+00:00,7533.75,7534.0,7529.5,7530.5,1147
2026-06-22T22:45:00+00:00,7530.0,7532.25,7529.25,7531.75,932
2026-06-22T22:50:00+00:00,7532.25,7533.25,7530.5,7533.0,686
2026-06-22T22:55:00+00:00,7533.0,7533.75,7531.5,7532.0,769
2026-06-22T23:00:00+00:00,7532.25,7533.25,7529.25,7531.0,972
2026-06-22T23:05:00+00:00,7531.0,7531.75,7530.0,7531.5,402
2026-06-22T23:10:00+00:00,7531.5,7531.5,7527.75,7528.75,963
2026-06-22T23:15:00+00:00,7528.75,7528.75,7525.5,7526.5,1502
2026-06-22T23:20:00+00:00,7526.75,7529.5,7526.0,7529.0,1108
2026-06-22T23:25:00+00:00,7529.0,7531.5,7528.25,7531.0,1099
2026-06-22T23:30:00+00:00,7531.0,7531.5,7529.25,7529.5,707
2026-06-22T23:35:00+00:00,7529.75,7531.0,7528.25,7529.0,704
2026-06-22T23:40:00+00:00,7529.0,7531.0,7528.25,7531.0,421
2026-06-22T23:45:00+00:00,7531.0,7531.5,7526.75,7528.25,1240
2026-06-22T23:50:00+00:00,7528.0,7530.25,7526.25,7529.5,865
2026-06-22T23:55:00+00:00,7529.5,7532.5,7529.0,7532.0,827
2026-06-23T00:00:00+00:00,7531.75,7535.0,7530.25,7533.25,2727
2026-06-23T00:05:00+00:00,7533.25,7534.75,7530.0,7530.25,964
2026-06-23T00:10:00+00:00,7530.0,7531.25,7522.0,7525.0,3019
2026-06-23T00:15:00+00:00,7525.0,7529.0,7524.75,7525.0,1470
2026-06-23T00:20:00+00:00,7525.25,7525.5,7522.0,7523.25,2459
2026-06-23T00:25:00+00:00,7523.25,7527.25,7522.5,7525.0,1370
2026-06-23T00:30:00+00:00,7525.25,7530.5,7524.0,7529.5,1584
2026-06-23T00:35:00+00:00,7529.75,7534.25,7527.5,7533.5,1644
2026-06-23T00:40:00+00:00,7533.5,7541.0,7532.25,7541.0,3806
2026-06-23T00:45:00+00:00,7541.0,7545.25,7538.5,7542.25,4196
2026-06-23T00:50:00+00:00,7542.25,7542.75,7539.25,7539.5,1488
2026-06-23T00:55:00+00:00,7539.75,7541.5,7537.75,7540.0,1363
2026-06-23T01:00:00+00:00,7540.25,7542.5,7538.25,7541.0,1889
2026-06-23T01:05:00+00:00,7541.0,7541.75,7537.0,7540.0,1443
2026-06-23T01:10:00+00:00,7540.0,7541.25,7536.25,7536.5,1087
2026-06-23T01:15:00+00:00,7536.25,7537.75,7533.0,7534.0,2138
2026-06-23T01:20:00+00:00,7534.25,7536.25,7532.75,7533.25,1527
2026-06-23T01:25:00+00:00,7533.0,7537.5,7533.0,7535.75,1220
2026-06-23T01:30:00+00:00,7535.75,7536.5,7529.5,7529.75,1861
2026-06-23T01:35:00+00:00,7530.0,7530.25,7522.5,7525.5,3823
2026-06-23T01:40:00+00:00,7525.5,7528.5,7521.0,7522.25,3095
2026-06-23T01:45:00+00:00,7522.25,7522.25,7518.0,7519.25,3406
2026-06-23T01:50:00+00:00,7519.5,7522.0,7512.0,7520.75,4854
2026-06-23T01:55:00+00:00,7521.0,7525.5,7520.0,7522.5,2519
2026-06-23T02:00:00+00:00,7522.5,7525.0,7520.0,7523.75,1803
2026-06-23T02:05:00+00:00,7523.75,7524.0,7514.5,7516.25,2728
2026-06-23T02:10:00+00:00,7516.25,7519.75,7514.0,7519.0,1989
2026-06-23T02:15:00+00:00,7519.0,7522.5,7517.25,7520.75,2260
2026-06-23T02:20:00+00:00,7520.75,7522.5,7518.75,7519.75,873
2026-06-23T02:25:00+00:00,7520.0,7521.5,7518.75,7520.0,947
2026-06-23T02:30:00+00:00,7520.0,7520.5,7516.5,7517.0,1080
2026-06-23T02:35:00+00:00,7517.0,7518.75,7516.25,7516.75,792
2026-06-23T02:40:00+00:00,7516.75,7518.5,7515.5,7517.5,682
2026-06-23T02:45:00+00:00,7517.75,7518.25,7512.5,7514.25,1776
2026-06-23T02:50:00+00:00,7514.25,7516.75,7513.25,7514.5,1059
2026-06-23T02:55:00+00:00,7514.5,7516.5,7510.5,7512.5,1745
2026-06-23T03:00:00+00:00,7512.75,7513.75,7510.25,7511.5,1761
2026-06-23T03:05:00+00:00,7511.5,7511.75,7506.5,7506.5,2190
2026-06-23T03:10:00+00:00,7506.75,7508.5,7504.5,7506.5,2078
2026-06-23T03:15:00+00:00,7506.25,7508.0,7505.0,7505.75,1230
2026-06-23T03:20:00+00:00,7506.0,7507.75,7505.25,7506.25,849
2026-06-23T03:25:00+00:00,7506.0,7509.0,7505.5,7507.75,1266
2026-06-23T03:30:00+00:00,7507.5,7507.75,7503.5,7504.0,1953
2026-06-23T03:35:00+00:00,7504.0,7505.0,7499.0,7501.0,2700
2026-06-23T03:40:00+00:00,7500.75,7501.0,7496.5,7500.5,2882
2026-06-23T03:45:00+00:00,7500.5,7501.0,7497.0,7499.5,1416
2026-06-23T03:50:00+00:00,7499.75,7506.0,7499.75,7505.25,2096
2026-06-23T03:55:00+00:00,7505.25,7506.75,7504.25,7506.0,1050
2026-06-23T04:05:00+00:00,7504.5,7504.5,7502.75,7503.5,4159
2026-06-23T04:10:00+00:00,7503.5,7504.0,7499.75,7501.75,1288
2026-06-23T04:15:00+00:00,7501.75,7501.75,7495.25,7496.0,2102
2026-06-23T04:20:00+00:00,7496.25,7496.5,7493.25,7495.5,1700
2026-06-23T04:25:00+00:00,7495.75,7497.5,7494.75,7496.75,885
2026-06-23T04:30:00+00:00,7496.5,7496.75,7494.0,7495.0,888
2026-06-23T04:35:00+00:00,7495.0,7495.25,7492.25,7493.5,1220
2026-06-23T04:40:00+00:00,7493.25,7493.75,7490.5,7492.0,1657
2026-06-23T04:45:00+00:00,7492.25,7493.25,7490.75,7491.0,1124
2026-06-23T04:50:00+00:00,7491.0,7491.5,7484.25,7485.75,2646
2026-06-23T04:55:00+00:00,7485.75,7485.75,7481.75,7483.25,1898
2026-06-23T05:00:00+00:00,7483.5,7487.25,7483.0,7487.25,1738
2026-06-23T05:05:00+00:00,7486.75,7487.75,7482.75,7483.75,1377
2026-06-23T05:10:00+00:00,7483.5,7488.25,7483.0,7483.25,1833
2026-06-23T05:15:00+00:00,7483.25,7484.5,7480.5,7481.25,1607
2026-06-23T05:20:00+00:00,7481.0,7484.25,7479.5,7480.25,1861
2026-06-23T05:25:00+00:00,7480.5,7481.0,7474.25,7477.0,3468
2026-06-23T05:30:00+00:00,7477.0,7477.5,7472.0,7473.75,3736
2026-06-23T05:35:00+00:00,7473.75,7474.75,7467.25,7470.0,3320
2026-06-23T05:40:00+00:00,7470.25,7474.0,7467.25,7473.25,3163
2026-06-23T05:45:00+00:00,7473.5,7476.0,7471.25,7474.25,2335
2026-06-23T05:50:00+00:00,7474.25,7476.0,7470.75,7471.5,1862
2026-06-23T05:55:00+00:00,7471.25,7472.0,7465.5,7468.5,2613
2026-06-23T06:00:00+00:00,7468.75,7472.25,7466.25,7470.5,2664
2026-06-23T06:05:00+00:00,7470.5,7472.25,7462.5,7464.5,3113
2026-06-23T06:10:00+00:00,7464.75,7466.25,7463.0,7465.75,1954
2026-06-23T06:15:00+00:00,7466.0,7468.5,7461.5,7462.75,2744
2026-06-23T06:20:00+00:00,7462.75,7463.0,7457.25,7458.75,3455
2026-06-23T06:25:00+00:00,7459.0,7459.5,7451.0,7454.75,4558
2026-06-23T06:30:00+00:00,7454.5,7458.75,7452.75,7456.0,2452
2026-06-23T06:35:00+00:00,7455.75,7457.0,7453.0,7454.25,1990
2026-06-23T06:40:00+00:00,7454.5,7457.5,7448.0,7450.5,2971
2026-06-23T06:45:00+00:00,7450.75,7455.75,7449.25,7452.0,2922
2026-06-23T06:50:00+00:00,7452.25,7453.5,7448.75,7450.5,1192
2026-06-23T06:55:00+00:00,7450.5,7452.0,7444.5,7447.0,2279
2026-06-23T07:00:00+00:00,7447.0,7448.75,7442.25,7447.0,3757
2026-06-23T07:05:00+00:00,7447.5,7455.5,7446.25,7454.75,3741
2026-06-23T07:10:00+00:00,7454.5,7455.5,7451.0,7452.0,2184
2026-06-23T07:15:00+00:00,7452.0,7453.25,7445.75,7447.0,1764
2026-06-23T07:20:00+00:00,7446.5,7449.75,7442.5,7443.75,2068
2026-06-23T07:25:00+00:00,7443.75,7447.0,7440.5,7446.25,2148
2026-06-23T07:30:00+00:00,7446.5,7446.75,7437.25,7445.0,3105
2026-06-23T07:35:00+00:00,7445.0,7446.0,7439.5,7445.5,2323
2026-06-23T07:40:00+00:00,7445.5,7447.5,7437.75,7439.5,2471
2026-06-23T07:45:00+00:00,7439.5,7441.25,7435.75,7438.25,2505
2026-06-23T07:50:00+00:00,7438.5,7438.75,7433.25,7435.75,2569
2026-06-23T07:55:00+00:00,7436.25,7436.5,7428.5,7434.0,4060
2026-06-23T08:00:00+00:00,7433.75,7434.75,7421.75,7426.75,7151
2026-06-23T08:05:00+00:00,7427.0,7435.25,7427.0,7434.0,3751
2026-06-23T08:10:00+00:00,7434.0,7435.0,7429.25,7429.75,3399
2026-06-23T08:15:00+00:00,7429.5,7430.75,7424.75,7424.75,4143
2026-06-23T08:20:00+00:00,7425.0,7428.5,7421.5,7425.25,3599
2026-06-23T08:25:00+00:00,7425.25,7427.25,7422.5,7424.5,2933
2026-06-23T08:30:00+00:00,7424.5,7433.0,7424.25,7432.0,3390
2026-06-23T08:35:00+00:00,7432.25,7435.0,7430.5,7431.75,2588
2026-06-23T08:40:00+00:00,7432.0,7438.5,7431.75,7434.5,2909
2026-06-23T08:45:00+00:00,7434.5,7434.5,7423.5,7427.25,3152
2026-06-23T08:50:00+00:00,7427.0,7431.0,7424.75,7430.25,2588
2026-06-23T08:55:00+00:00,7430.25,7432.0,7428.0,7430.5,2014
2026-06-23T09:00:00+00:00,7430.5,7436.5,7429.5,7434.75,2929
2026-06-23T09:05:00+00:00,7434.5,7438.0,7431.75,7432.75,2200
2026-06-23T09:10:00+00:00,7432.5,7439.25,7431.25,7438.25,2538
2026-06-23T09:15:00+00:00,7438.0,7439.0,7434.75,7438.5,1608
2026-06-23T09:20:00+00:00,7438.5,7445.0,7437.75,7444.0,2900
2026-06-23T09:25:00+00:00,7444.0,7446.0,7441.25,7445.0,2471
2026-06-23T09:30:00+00:00,7445.0,7445.5,7440.25,7441.0,1886
2026-06-23T09:35:00+00:00,7441.5,7443.0,7439.25,7439.75,1502
2026-06-23T09:40:00+00:00,7439.75,7442.5,7438.25,7440.0,1517
2026-06-23T09:45:00+00:00,7440.0,7443.5,7438.0,7443.25,1489
2026-06-23T09:50:00+00:00,7443.25,7445.5,7441.0,7444.0,1315
2026-06-23T09:55:00+00:00,7444.25,7446.0,7442.75,7444.25,1641
2026-06-23T10:00:00+00:00,7444.25,7449.5,7443.25,7447.75,2522
2026-06-23T10:05:00+00:00,7447.75,7448.25,7442.5,7444.25,1750
2026-06-23T10:10:00+00:00,7444.0,7444.75,7440.75,7442.5,1252
2026-06-23T10:15:00+00:00,7442.5,7446.75,7441.75,7446.25,1952
2026-06-23T10:20:00+00:00,7446.5,7449.5,7443.75,7444.25,2612
2026-06-23T10:25:00+00:00,7444.25,7444.25,7439.25,7439.75,1615
2026-06-23T10:30:00+00:00,7439.75,7440.25,7433.25,7433.75,4071
2026-06-23T10:35:00+00:00,7434.0,7435.75,7430.0,7432.75,2760
2026-06-23T10:40:00+00:00,7432.5,7433.25,7426.25,7431.5,2915
2026-06-23T10:45:00+00:00,7431.25,7436.5,7431.25,7433.25,2411
2026-06-23T10:50:00+00:00,7433.5,7435.5,7430.5,7434.75,2017
2026-06-23T10:55:00+00:00,7435.0,7438.0,7433.5,7436.75,1747
2026-06-23T11:00:00+00:00,7436.75,7441.5,7434.5,7434.75,3442
2026-06-23T11:05:00+00:00,7434.75,7438.0,7432.5,7435.5,2034
2026-06-23T11:10:00+00:00,7435.75,7443.0,7435.75,7442.75,1772
2026-06-23T11:15:00+00:00,7442.5,7442.75,7438.5,7441.25,1718
2026-06-23T11:20:00+00:00,7441.25,7448.25,7436.0,7442.5,5414
2026-06-23T11:25:00+00:00,7442.5,7443.75,7437.75,7440.25,2368
2026-06-23T11:30:00+00:00,7440.0,7444.5,7438.25,7442.0,1765
2026-06-23T11:35:00+00:00,7442.5,7446.0,7438.5,7444.75,2419
2026-06-23T11:40:00+00:00,7444.5,7449.5,7444.5,7449.0,2485
2026-06-23T11:45:00+00:00,7449.0,7450.75,7446.0,7448.5,2813
2026-06-23T11:50:00+00:00,7448.25,7453.0,7446.25,7453.0,3118
2026-06-23T11:55:00+00:00,7453.0,7453.75,7450.0,7450.75,2854
2026-06-23T12:00:00+00:00,7450.75,7454.5,7449.0,7451.75,3040
2026-06-23T12:05:00+00:00,7452.0,7452.0,7447.25,7448.75,2372
2026-06-23T12:10:00+00:00,7449.0,7451.25,7444.25,7446.75,3523
2026-06-23T12:15:00+00:00,7446.75,7447.5,7440.25,7443.5,3177
2026-06-23T12:20:00+00:00,7443.5,7443.5,7436.25,7437.5,3557
2026-06-23T12:25:00+00:00,7437.5,7438.5,7432.75,7437.5,3659
2026-06-23T12:30:00+00:00,7437.5,7440.5,7427.75,7428.0,5250
2026-06-23T12:35:00+00:00,7427.75,7432.75,7427.5,7431.5,3983
2026-06-23T12:40:00+00:00,7431.25,7436.75,7430.75,7433.25,3973
2026-06-23T12:45:00+00:00,7433.25,7435.25,7429.75,7432.25,3353
2026-06-23T12:50:00+00:00,7432.25,7435.25,7430.25,7430.25,2595
2026-06-23T12:55:00+00:00,7430.0,7434.5,7429.75,7432.5,2267
2026-06-23T13:00:00+00:00,7432.5,7434.25,7430.0,7433.0,3514
2026-06-23T13:05:00+00:00,7433.25,7434.5,7431.0,7432.5,2483
2026-06-23T13:10:00+00:00,7432.5,7436.25,7429.0,7434.0,4440
2026-06-23T13:15:00+00:00,7433.75,7434.0,7427.5,7430.5,4099
2026-06-23T13:20:00+00:00,7430.5,7432.75,7428.75,7430.75,3327
2026-06-23T13:25:00+00:00,7430.5,7430.5,7423.75,7429.5,10234
2026-06-23T13:30:00+00:00,7429.5,7434.5,7415.0,7432.5,49932
2026-06-23T13:35:00+00:00,7432.25,7439.25,7416.75,7436.75,40320
2026-06-23T13:40:00+00:00,7437.0,7446.75,7430.75,7442.5,27090
2026-06-23T13:45:00+00:00,7442.0,7463.5,7436.0,7457.75,32699
2026-06-23T13:50:00+00:00,7457.75,7465.75,7457.25,7460.0,22246
2026-06-23T13:55:00+00:00,7459.75,7466.25,7454.75,7465.25,25289
2026-06-23T14:00:00+00:00,7465.25,7478.0,7463.75,7474.5,28798
2026-06-23T14:05:00+00:00,7474.75,7480.75,7470.75,7479.0,21613
2026-06-23T14:10:00+00:00,7478.75,7485.25,7476.25,7484.0,24663
2026-06-23T14:15:00+00:00,7483.75,7487.5,7480.0,7486.25,17863
2026-06-23T14:20:00+00:00,7486.25,7491.25,7479.5,7483.0,22280
2026-06-23T14:25:00+00:00,7483.0,7484.75,7475.75,7483.75,21715
2026-06-23T14:30:00+00:00,7483.75,7486.0,7472.25,7476.0,20552
2026-06-23T14:35:00+00:00,7476.0,7482.75,7470.0,7470.5,22556
2026-06-23T14:40:00+00:00,7470.5,7476.25,7466.0,7468.25,24433
2026-06-23T14:45:00+00:00,7468.5,7470.25,7461.25,7467.5,20511
2026-06-23T14:50:00+00:00,7468.0,7474.0,7462.0,7466.0,22187
2026-06-23T14:55:00+00:00,7466.0,7467.75,7459.75,7464.75,17388
2026-06-23T15:00:00+00:00,7464.75,7468.75,7458.5,7459.75,20565
2026-06-23T15:05:00+00:00,7459.75,7461.5,7450.5,7453.75,19381
2026-06-23T15:10:00+00:00,7454.25,7457.0,7451.0,7455.5,13271
2026-06-23T15:15:00+00:00,7455.5,7457.0,7445.75,7446.5,15306
2026-06-23T15:20:00+00:00,7446.5,7449.75,7439.75,7440.0,13795
2026-06-23T15:25:00+00:00,7440.0,7443.0,7436.25,7440.0,17049
2026-06-23T15:30:00+00:00,7439.75,7446.75,7438.0,7443.5,15479
2026-06-23T15:35:00+00:00,7443.75,7449.5,7436.75,7438.75,15444
2026-06-23T15:40:00+00:00,7438.75,7445.75,7435.75,7444.25,12654
2026-06-23T15:45:00+00:00,7444.0,7449.5,7441.75,7444.75,11950
2026-06-23T15:50:00+00:00,7444.75,7456.5,7443.25,7452.75,14055
2026-06-23T15:55:00+00:00,7453.0,7455.75,7447.25,7453.75,10497
2026-06-23T16:00:00+00:00,7454.0,7462.0,7452.75,7461.25,10648
2026-06-23T16:05:00+00:00,7461.0,7467.0,7459.5,7466.25,12158
2026-06-23T16:10:00+00:00,7466.25,7471.5,7466.25,7469.25,9552
2026-06-23T16:15:00+00:00,7469.5,7471.0,7464.0,7465.0,8705
2026-06-23T16:20:00+00:00,7465.0,7469.5,7460.5,7468.25,9138
2026-06-23T16:25:00+00:00,7468.0,7470.5,7465.25,7469.0,6537
2026-06-23T16:30:00+00:00,7469.0,7470.0,7464.5,7466.0,6286
2026-06-23T16:35:00+00:00,7466.0,7470.75,7465.0,7470.25,5418
2026-06-23T16:40:00+00:00,7470.25,7475.25,7470.25,7474.0,8386
2026-06-23T16:45:00+00:00,7474.0,7474.75,7466.25,7469.0,7867
2026-06-23T16:50:00+00:00,7469.0,7469.25,7464.5,7468.75,7210
2026-06-23T16:55:00+00:00,7468.5,7471.75,7465.25,7469.5,7283
2026-06-23T17:00:00+00:00,7469.75,7470.25,7461.5,7462.75,7739
2026-06-23T17:05:00+00:00,7462.75,7465.5,7460.5,7464.75,7092
2026-06-23T17:10:00+00:00,7464.75,7473.0,7464.5,7468.75,9220
2026-06-23T17:15:00+00:00,7469.25,7471.25,7464.75,7466.75,6738
2026-06-23T17:20:00+00:00,7466.75,7476.5,7466.0,7474.5,9171
2026-06-23T17:25:00+00:00,7474.25,7475.0,7470.25,7471.0,5955
2026-06-23T17:30:00+00:00,7471.0,7473.25,7466.75,7473.25,7135
2026-06-23T17:35:00+00:00,7473.25,7476.0,7470.25,7471.25,5650
2026-06-23T17:40:00+00:00,7471.0,7472.5,7466.25,7467.25,4801
2026-06-23T17:45:00+00:00,7467.25,7470.5,7466.0,7468.5,5327
2026-06-23T17:50:00+00:00,7468.5,7469.0,7455.5,7456.25,10043
2026-06-23T17:55:00+00:00,7456.25,7457.75,7452.75,7453.0,10108
2026-06-23T18:00:00+00:00,7453.25,7461.25,7451.75,7456.0,11741
2026-06-23T18:05:00+00:00,7456.25,7457.0,7449.0,7453.25,8250
2026-06-23T18:10:00+00:00,7453.25,7455.75,7452.5,7453.75,6206
2026-06-23T18:15:00+00:00,7453.5,7456.0,7450.25,7451.25,5784
2026-06-23T18:20:00+00:00,7451.5,7454.5,7447.75,7452.75,7408
2026-06-23T18:25:00+00:00,7453.0,7453.0,7448.5,7449.75,5725
2026-06-23T18:30:00+00:00,7449.5,7451.0,7446.5,7447.0,5657
2026-06-23T18:35:00+00:00,7446.75,7448.5,7444.25,7445.0,5761
2026-06-23T18:40:00+00:00,7445.0,7445.0,7433.0,7433.5,12517
2026-06-23T18:45:00+00:00,7433.75,7436.0,7430.25,7435.5,12998
2026-06-23T18:50:00+00:00,7435.5,7441.0,7428.75,7432.75,13698
2026-06-23T18:55:00+00:00,7432.75,7438.5,7429.25,7436.25,11744
2026-06-23T19:00:00+00:00,7436.0,7446.5,7433.75,7445.75,13427
2026-06-23T19:05:00+00:00,7446.0,7452.25,7438.25,7440.75,16213
2026-06-23T19:10:00+00:00,7440.75,7444.75,7438.0,7441.0,9520
2026-06-23T19:15:00+00:00,7441.0,7442.5,7434.0,7434.25,9245
2026-06-23T19:20:00+00:00,7434.5,7448.5,7433.25,7444.75,14481
2026-06-23T19:25:00+00:00,7444.75,7449.75,7442.5,7447.0,12183
2026-06-23T19:30:00+00:00,7447.0,7449.0,7440.25,7447.0,12286
2026-06-23T19:35:00+00:00,7447.0,7448.5,7442.75,7443.0,10524
2026-06-23T19:40:00+00:00,7443.0,7444.25,7438.0,7442.25,11357
2026-06-23T19:45:00+00:00,7442.25,7444.75,7436.25,7444.25,14996
2026-06-23T19:50:00+00:00,7444.25,7453.0,7442.25,7452.5,20465
2026-06-23T19:55:00+00:00,7452.5,7452.5,7432.75,7434.75,32848
2026-06-23T20:00:00+00:00,7435.0,7437.25,7431.75,7436.0,9685
2026-06-23T20:05:00+00:00,7435.75,7442.25,7435.5,7439.75,3161
2026-06-23T20:10:00+00:00,7439.5,7441.25,7438.0,7438.75,2302
2026-06-23T20:15:00+00:00,7438.75,7439.5,7435.25,7437.75,1837
2026-06-23T20:20:00+00:00,7437.75,7440.75,7437.0,7440.25,1101
2026-06-23T20:25:00+00:00,7440.25,7442.0,7439.25,7440.75,1287
2026-06-23T20:30:00+00:00,7440.5,7443.0,7439.25,7442.25,1241
2026-06-23T20:35:00+00:00,7442.0,7443.0,7439.5,7439.75,957
2026-06-23T20:40:00+00:00,7439.75,7441.5,7438.25,7440.5,1065
2026-06-23T20:45:00+00:00,7440.5,7441.75,7439.75,7440.0,939
2026-06-23T20:50:00+00:00,7440.25,7441.5,7439.5,7441.25,745
2026-06-23T20:55:00+00:00,7441.0,7447.0,7440.75,7445.5,1657
2026-06-23T22:00:00+00:00,7449.0,7451.0,7443.5,7446.25,0
2026-06-23T22:05:00+00:00,7446.0,7450.75,7444.5,7449.75,1306
2026-06-23T22:10:00+00:00,7450.0,7452.25,7448.75,7449.0,1195
2026-06-23T22:15:00+00:00,7449.0,7452.0,7446.0,7447.75,1561
2026-06-23T22:20:00+00:00,7447.75,7448.75,7438.25,7438.5,2416
2026-06-23T22:25:00+00:00,7438.5,7440.0,7436.5,7436.75,2117
2026-06-23T22:30:00+00:00,7437.0,7440.75,7432.5,7433.75,2689
2026-06-23T22:35:00+00:00,7433.5,7434.75,7431.0,7433.5,2473
2026-06-23T22:40:00+00:00,7433.75,7434.5,7429.0,7430.5,2167
2026-06-23T22:45:00+00:00,7430.75,7434.25,7430.25,7434.25,1384
2026-06-23T22:50:00+00:00,7434.0,7435.5,7432.0,7434.25,1629
2026-06-23T22:55:00+00:00,7434.0,7436.25,7433.75,7434.75,1308
2026-06-23T23:00:00+00:00,7435.0,7435.5,7428.0,7428.75,2231
2026-06-23T23:05:00+00:00,7429.0,7429.25,7420.25,7426.5,4984
2026-06-23T23:10:00+00:00,7426.5,7434.5,7425.75,7433.0,3157
2026-06-23T23:15:00+00:00,7433.25,7436.0,7432.25,7434.25,1708
2026-06-23T23:20:00+00:00,7434.5,7437.5,7433.5,7437.5,1279
2026-06-23T23:25:00+00:00,7437.25,7438.25,7435.0,7435.75,1324
2026-06-23T23:30:00+00:00,7436.0,7437.0,7430.5,7430.75,1959
2026-06-23T23:35:00+00:00,7430.75,7431.75,7427.5,7428.5,2106
2026-06-23T23:40:00+00:00,7428.5,7433.75,7427.5,7433.75,1864
2026-06-23T23:45:00+00:00,7433.5,7451.0,7433.25,7446.75,7458
2026-06-23T23:50:00+00:00,7447.0,7448.75,7444.25,7445.0,2680
2026-06-23T23:55:00+00:00,7445.0,7447.5,7444.25,7447.0,1753
2026-06-24T00:00:00+00:00,7446.75,7455.5,7444.75,7445.75,5469
2026-06-24T00:05:00+00:00,7445.25,7456.75,7443.25,7455.0,4825
2026-06-24T00:10:00+00:00,7455.0,7460.0,7451.75,7454.25,4298
2026-06-24T00:15:00+00:00,7454.0,7458.75,7453.0,7456.5,3438
2026-06-24T00:20:00+00:00,7456.25,7456.5,7449.25,7450.0,3155
2026-06-24T00:25:00+00:00,7450.0,7455.0,7448.5,7455.0,2383
2026-06-24T00:30:00+00:00,7454.75,7458.25,7453.0,7456.75,2687
2026-06-24T00:35:00+00:00,7456.75,7458.25,7453.25,7456.0,2312
2026-06-24T00:40:00+00:00,7456.0,7458.5,7453.75,7456.0,1731
2026-06-24T00:45:00+00:00,7456.5,7458.25,7453.5,7455.0,1957
2026-06-24T00:50:00+00:00,7454.75,7457.0,7451.25,7452.0,1972
2026-06-24T00:55:00+00:00,7452.0,7453.75,7448.75,7453.5,2228
2026-06-24T01:00:00+00:00,7453.75,7454.5,7446.0,7447.25,3106
2026-06-24T01:05:00+00:00,7447.25,7453.5,7446.0,7447.75,3137
2026-06-24T01:10:00+00:00,7447.75,7452.0,7447.0,7451.75,1549
2026-06-24T01:15:00+00:00,7452.0,7452.0,7442.75,7444.0,2604
2026-06-24T01:20:00+00:00,7444.25,7451.5,7442.5,7451.0,2339
2026-06-24T01:25:00+00:00,7451.0,7452.75,7448.5,7450.75,1598
2026-06-24T01:30:00+00:00,7450.75,7453.0,7450.0,7451.75,1600
2026-06-24T01:35:00+00:00,7451.5,7451.5,7448.0,7450.25,1437
2026-06-24T01:40:00+00:00,7450.25,7454.25,7448.75,7452.0,1922
2026-06-24T01:45:00+00:00,7452.0,7453.25,7448.75,7450.5,1262
2026-06-24T01:50:00+00:00,7450.0,7454.25,7449.25,7454.0,1501
2026-06-24T01:55:00+00:00,7453.75,7453.75,7449.5,7451.25,1426
2026-06-24T02:00:00+00:00,7451.25,7453.25,7449.25,7451.5,1497
2026-06-24T02:05:00+00:00,7451.75,7451.75,7447.25,7451.0,1385
2026-06-24T02:10:00+00:00,7451.25,7453.25,7449.75,7451.25,1054
2026-06-24T02:15:00+00:00,7451.0,7451.5,7445.75,7447.0,1119
2026-06-24T02:20:00+00:00,7448.75,7448.75,7442.75,7444.5,1626
2026-06-24T02:25:00+00:00,7444.5,7448.75,7444.5,7448.0,1042
2026-06-24T02:30:00+00:00,7448.0,7450.5,7446.0,7446.0,1048
2026-06-24T02:35:00+00:00,7446.25,7446.75,7438.75,7441.25,2519
2026-06-24T02:40:00+00:00,7441.25,7444.0,7439.0,7440.25,2047
2026-06-24T02:45:00+00:00,7440.25,7441.25,7434.25,7436.25,2146
2026-06-24T02:50:00+00:00,7436.0,7436.5,7432.25,7433.75,1701
2026-06-24T02:55:00+00:00,7434.25,7435.5,7429.75,7430.0,1822
2026-06-24T03:00:00+00:00,7430.0,7434.75,7429.25,7430.0,2851
2026-06-24T03:05:00+00:00,7430.0,7436.75,7427.0,7435.5,2812
2026-06-24T03:10:00+00:00,7435.75,7446.25,7435.5,7444.75,2839
2026-06-24T03:15:00+00:00,7445.0,7445.0,7438.0,7438.25,1966
2026-06-24T03:20:00+00:00,7438.5,7440.75,7436.25,7437.5,1629
2026-06-24T03:25:00+00:00,7437.75,7448.25,7437.75,7448.25,2204
2026-06-24T03:30:00+00:00,7448.0,7451.0,7447.0,7449.0,2360
2026-06-24T03:35:00+00:00,7449.25,7452.0,7446.0,7447.75,2238
2026-06-24T03:40:00+00:00,7447.5,7450.0,7445.75,7447.5,1272
2026-06-24T03:45:00+00:00,7447.5,7448.25,7444.5,7445.0,924
2026-06-24T03:50:00+00:00,7445.0,7447.5,7443.25,7445.25,1345
2026-06-24T03:55:00+00:00,7445.25,7447.75,7444.0,7447.5,653
2026-06-24T04:05:00+00:00,7440.0,7442.25,7439.5,7441.5,2998
2026-06-24T04:10:00+00:00,7441.5,7443.0,7438.0,7439.75,945
2026-06-24T04:15:00+00:00,7440.0,7441.75,7436.25,7436.5,1007
2026-06-24T04:20:00+00:00,7436.5,7438.75,7434.75,7435.75,1527
2026-06-24T04:25:00+00:00,7435.75,7438.75,7435.75,7437.0,874
2026-06-24T04:30:00+00:00,7437.0,7444.5,7437.0,7443.75,1756
2026-06-24T04:35:00+00:00,7444.0,7449.0,7442.0,7448.0,1526
2026-06-24T04:40:00+00:00,7448.25,7450.75,7447.0,7448.5,1142
2026-06-24T04:45:00+00:00,7448.25,7450.5,7447.5,7449.75,1128
2026-06-24T04:50:00+00:00,7449.75,7451.25,7448.25,7449.5,1074
2026-06-24T04:55:00+00:00,7449.5,7451.5,7448.25,7449.5,806
2026-06-24T05:00:00+00:00,7449.5,7451.5,7448.25,7451.0,1297
2026-06-24T05:05:00+00:00,7450.75,7452.25,7447.25,7451.75,1700
2026-06-24T05:10:00+00:00,7452.0,7453.25,7450.25,7451.25,1170
2026-06-24T05:15:00+00:00,7451.5,7456.0,7450.0,7455.75,1553
2026-06-24T05:20:00+00:00,7455.75,7456.75,7453.75,7456.75,1215
2026-06-24T05:25:00+00:00,7456.5,7457.5,7453.75,7454.25,817
2026-06-24T05:30:00+00:00,7454.25,7457.75,7453.5,7454.0,998
2026-06-24T05:35:00+00:00,7454.5,7459.5,7454.25,7458.5,1125
2026-06-24T05:40:00+00:00,7458.75,7458.75,7453.25,7454.0,966
2026-06-24T05:45:00+00:00,7454.0,7455.25,7451.5,7452.25,975
2026-06-24T05:50:00+00:00,7452.25,7452.5,7449.75,7450.5,578
2026-06-24T05:55:00+00:00,7450.25,7452.0,7449.5,7450.5,542
2026-06-24T06:00:00+00:00,7450.25,7450.5,7445.75,7446.25,1323
2026-06-24T06:05:00+00:00,7446.25,7450.25,7446.0,7450.0,840
2026-06-24T06:10:00+00:00,7449.75,7453.5,7449.75,7452.0,1080
2026-06-24T06:15:00+00:00,7451.75,7452.75,7447.5,7448.5,712
2026-06-24T06:20:00+00:00,7448.5,7448.5,7445.0,7447.5,1048
2026-06-24T06:25:00+00:00,7447.25,7448.75,7445.25,7447.25,1051
2026-06-24T06:30:00+00:00,7447.5,7451.5,7446.75,7451.25,1067
2026-06-24T06:35:00+00:00,7451.25,7454.0,7450.0,7450.25,1206
2026-06-24T06:40:00+00:00,7450.0,7451.25,7449.25,7450.25,712
2026-06-24T06:45:00+00:00,7450.0,7450.25,7448.0,7449.0,781
2026-06-24T06:50:00+00:00,7449.25,7451.75,7449.0,7450.5,498
2026-06-24T06:55:00+00:00,7450.25,7451.25,7448.5,7449.0,540
2026-06-24T07:00:00+00:00,7449.0,7450.75,7442.5,7446.0,1981
2026-06-24T07:05:00+00:00,7446.0,7449.75,7443.5,7446.5,1421
2026-06-24T07:10:00+00:00,7446.75,7450.0,7446.0,7448.0,991
2026-06-24T07:15:00+00:00,7448.0,7449.5,7445.0,7446.5,1123
2026-06-24T07:20:00+00:00,7446.5,7450.5,7444.75,7448.25,793
2026-06-24T07:25:00+00:00,7448.25,7448.25,7444.25,7444.5,1102
2026-06-24T07:30:00+00:00,7444.5,7448.0,7444.25,7446.25,1018
2026-06-24T07:35:00+00:00,7446.25,7446.5,7439.5,7444.5,1874
2026-06-24T07:40:00+00:00,7444.75,7451.0,7443.0,7450.25,1816
2026-06-24T07:45:00+00:00,7450.0,7452.75,7449.5,7451.5,1271
2026-06-24T07:50:00+00:00,7451.75,7451.75,7444.5,7446.0,1498
2026-06-24T07:55:00+00:00,7446.25,7447.75,7441.75,7443.0,1138
2026-06-24T08:00:00+00:00,7443.0,7450.75,7442.25,7450.75,1725
2026-06-24T08:05:00+00:00,7450.25,7452.5,7447.75,7448.5,1536
2026-06-24T08:10:00+00:00,7448.75,7452.5,7446.75,7452.0,1263
2026-06-24T08:15:00+00:00,7451.75,7453.25,7447.75,7448.5,1235
2026-06-24T08:20:00+00:00,7448.25,7449.75,7446.75,7447.75,1214
2026-06-24T08:25:00+00:00,7447.75,7448.5,7445.75,7448.5,849
2026-06-24T08:30:00+00:00,7448.25,7453.25,7447.0,7450.75,1343
2026-06-24T08:35:00+00:00,7450.75,7451.75,7447.0,7447.5,977
2026-06-24T08:40:00+00:00,7447.5,7450.0,7447.0,7449.0,670
2026-06-24T08:45:00+00:00,7448.75,7449.25,7445.0,7445.0,922
2026-06-24T08:50:00+00:00,7445.0,7447.5,7445.0,7447.0,612
2026-06-24T08:55:00+00:00,7447.0,7448.0,7445.75,7447.5,508
2026-06-24T09:00:00+00:00,7447.5,7449.5,7444.25,7445.0,1326
2026-06-24T09:05:00+00:00,7445.25,7448.25,7444.25,7447.0,774
2026-06-24T09:10:00+00:00,7447.0,7452.25,7446.0,7451.25,987
2026-06-24T09:15:00+00:00,7451.25,7451.75,7443.25,7446.75,1316
2026-06-24T09:20:00+00:00,7446.75,7449.0,7445.75,7448.0,733
2026-06-24T09:25:00+00:00,7448.0,7450.0,7446.0,7447.0,902
2026-06-24T09:30:00+00:00,7446.75,7448.5,7445.5,7447.5,941
2026-06-24T09:35:00+00:00,7447.25,7447.5,7444.0,7444.5,801
2026-06-24T09:40:00+00:00,7444.25,7444.5,7440.75,7441.5,1184
2026-06-24T09:45:00+00:00,7441.25,7444.75,7439.25,7444.25,1714
2026-06-24T09:50:00+00:00,7444.0,7448.75,7444.0,7446.25,982
2026-06-24T09:55:00+00:00,7446.25,7448.25,7446.0,7447.75,592
2026-06-24T10:00:00+00:00,7447.75,7448.0,7442.25,7445.25,1721
2026-06-24T10:05:00+00:00,7445.5,7447.75,7444.25,7445.75,1059
2026-06-24T10:10:00+00:00,7445.75,7448.0,7443.5,7447.75,810
2026-06-24T10:15:00+00:00,7447.0,7450.25,7447.0,7448.0,1256
2026-06-24T10:20:00+00:00,7448.25,7449.5,7447.25,7447.75,857
2026-06-24T10:25:00+00:00,7447.5,7450.5,7447.0,7450.5,578
2026-06-24T10:30:00+00:00,7450.25,7453.25,7449.75,7452.75,1318
2026-06-24T10:35:00+00:00,7452.75,7453.75,7452.0,7452.25,886
2026-06-24T10:40:00+00:00,7452.0,7458.25,7451.5,7455.25,2407
2026-06-24T10:45:00+00:00,7455.25,7455.75,7452.25,7453.0,1558
2026-06-24T10:50:00+00:00,7452.75,7452.75,7448.25,7449.25,1200
2026-06-24T10:55:00+00:00,7449.5,7450.5,7447.5,7448.75,1792
2026-06-24T11:00:00+00:00,7449.0,7455.75,7448.5,7453.25,2189
2026-06-24T11:05:00+00:00,7453.5,7454.0,7449.0,7449.5,1068
2026-06-24T11:10:00+00:00,7449.5,7451.0,7447.75,7448.0,1048
2026-06-24T11:15:00+00:00,7448.0,7449.0,7445.75,7446.25,1612
2026-06-24T11:20:00+00:00,7446.5,7449.25,7443.75,7448.75,1459
2026-06-24T11:25:00+00:00,7449.0,7449.25,7446.5,7447.5,1135
2026-06-24T11:30:00+00:00,7447.75,7452.75,7447.75,7451.25,1715
2026-06-24T11:35:00+00:00,7451.5,7459.5,7451.5,7456.25,3139
2026-06-24T11:40:00+00:00,7456.0,7456.75,7453.75,7455.25,1207
2026-06-24T11:45:00+00:00,7455.25,7464.25,7454.5,7463.25,2773
2026-06-24T11:50:00+00:00,7463.25,7465.0,7460.75,7463.75,3542
2026-06-24T11:55:00+00:00,7463.75,7464.0,7460.25,7463.75,2505
2026-06-24T12:00:00+00:00,7463.75,7464.75,7458.25,7462.0,3681
2026-06-24T12:05:00+00:00,7462.0,7463.0,7458.25,7460.5,2030
2026-06-24T12:10:00+00:00,7460.25,7462.75,7458.5,7460.25,1781
2026-06-24T12:15:00+00:00,7460.5,7465.5,7457.0,7465.5,2794
2026-06-24T12:20:00+00:00,7465.5,7466.75,7462.75,7464.25,2723
2026-06-24T12:25:00+00:00,7464.25,7467.0,7462.25,7465.0,2461
2026-06-24T12:30:00+00:00,7464.75,7467.0,7459.25,7459.5,2136
2026-06-24T12:35:00+00:00,7459.5,7460.0,7455.0,7457.0,2805
2026-06-24T12:40:00+00:00,7457.0,7457.25,7452.75,7454.25,2072
2026-06-24T12:45:00+00:00,7454.0,7455.5,7450.5,7451.75,2163
2026-06-24T12:50:00+00:00,7451.75,7451.75,7449.0,7450.5,2068
2026-06-24T12:55:00+00:00,7450.5,7451.25,7448.0,7450.5,3400
2026-06-24T13:00:00+00:00,7450.5,7455.75,7449.0,7449.75,6872
2026-06-24T13:05:00+00:00,7449.75,7452.0,7445.25,7447.0,5128
2026-06-24T13:10:00+00:00,7446.75,7447.5,7441.75,7442.75,4452
2026-06-24T13:15:00+00:00,7443.0,7447.25,7442.0,7446.75,3742
2026-06-24T13:20:00+00:00,7446.75,7449.25,7439.0,7445.5,7674
2026-06-24T13:25:00+00:00,7445.75,7449.5,7443.5,7447.25,7434
2026-06-24T13:30:00+00:00,7447.25,7466.75,7438.0,7463.75,43552
2026-06-24T13:35:00+00:00,7463.5,7468.25,7456.25,7458.5,25239
2026-06-24T13:40:00+00:00,7458.5,7460.5,7442.25,7452.75,29568
2026-06-24T13:45:00+00:00,7452.75,7457.75,7437.0,7450.25,35772
2026-06-24T13:50:00+00:00,7450.25,7472.5,7449.5,7468.5,32880
2026-06-24T13:55:00+00:00,7468.5,7468.75,7453.5,7454.5,24386
2026-06-24T14:00:00+00:00,7454.75,7459.0,7447.75,7450.5,24462
2026-06-24T14:05:00+00:00,7450.5,7460.75,7447.75,7453.0,27385
2026-06-24T14:10:00+00:00,7453.0,7457.75,7446.5,7451.5,22081
2026-06-24T14:15:00+00:00,7451.25,7455.0,7442.5,7444.0,18560
2026-06-24T14:20:00+00:00,7444.25,7460.25,7436.5,7458.5,30284
2026-06-24T14:25:00+00:00,7458.5,7466.0,7455.25,7461.0,20427
2026-06-24T14:30:00+00:00,7461.0,7469.25,7460.75,7465.5,15806
2026-06-24T14:35:00+00:00,7465.5,7468.0,7458.25,7458.75,14238
2026-06-24T14:40:00+00:00,7459.0,7473.5,7457.5,7472.75,19643
2026-06-24T14:45:00+00:00,7472.75,7486.0,7471.75,7479.5,24746
2026-06-24T14:50:00+00:00,7479.75,7487.5,7479.75,7480.75,15044
2026-06-24T14:55:00+00:00,7481.0,7494.25,7478.0,7493.5,19800
2026-06-24T15:00:00+00:00,7493.5,7496.5,7488.0,7490.0,18977
2026-06-24T15:05:00+00:00,7490.0,7491.0,7479.25,7481.25,15799
2026-06-24T15:10:00+00:00,7481.25,7485.25,7476.25,7482.0,16992
2026-06-24T15:15:00+00:00,7481.75,7491.0,7480.25,7488.75,14083
2026-06-24T15:20:00+00:00,7489.0,7490.75,7483.5,7484.25,11530
2026-06-24T15:25:00+00:00,7484.0,7493.75,7478.25,7493.75,15392
2026-06-24T15:30:00+00:00,7493.5,7496.5,7486.0,7489.25,15959
2026-06-24T15:35:00+00:00,7489.25,7492.5,7483.0,7485.5,12193
2026-06-24T15:40:00+00:00,7485.5,7487.75,7478.25,7481.25,13062
2026-06-24T15:45:00+00:00,7481.5,7483.75,7474.5,7483.25,17584
2026-06-24T15:50:00+00:00,7483.25,7489.75,7483.25,7485.0,13458
2026-06-24T15:55:00+00:00,7485.0,7487.25,7478.0,7480.25,10557
2026-06-24T16:00:00+00:00,7480.25,7483.25,7475.75,7477.75,10244
2026-06-24T16:05:00+00:00,7477.5,7481.25,7474.5,7478.25,10430
2026-06-24T16:10:00+00:00,7478.0,7485.5,7476.0,7481.25,10678
2026-06-24T16:15:00+00:00,7481.5,7485.0,7478.0,7480.0,7324
2026-06-24T16:20:00+00:00,7480.0,7484.5,7476.75,7483.0,8041
2026-06-24T16:25:00+00:00,7483.25,7483.25,7476.5,7477.5,7764
2026-06-24T16:30:00+00:00,7477.5,7477.75,7471.5,7473.25,11576
2026-06-24T16:35:00+00:00,7473.0,7476.0,7461.25,7461.5,17105
2026-06-24T16:40:00+00:00,7461.5,7462.25,7455.0,7459.75,20245
2026-06-24T16:45:00+00:00,7459.5,7461.75,7455.5,7459.25,11085
2026-06-24T16:50:00+00:00,7459.5,7464.5,7454.0,7454.0,11931
2026-06-24T16:55:00+00:00,7454.25,7456.25,7450.5,7452.75,10916
2026-06-24T17:00:00+00:00,7453.25,7461.0,7451.0,7460.25,9030
2026-06-24T17:05:00+00:00,7460.25,7460.75,7442.5,7445.5,15470
2026-06-24T17:10:00+00:00,7445.75,7450.0,7442.0,7444.0,12905
2026-06-24T17:15:00+00:00,7444.0,7447.75,7431.0,7433.75,20968
2026-06-24T17:20:00+00:00,7433.75,7434.0,7425.75,7426.75,18828
2026-06-24T17:25:00+00:00,7426.75,7428.0,7415.75,7416.75,20762
2026-06-24T17:30:00+00:00,7416.75,7422.25,7407.75,7418.5,28726
2026-06-24T17:35:00+00:00,7418.5,7424.75,7412.0,7420.25,19642
2026-06-24T17:40:00+00:00,7420.25,7423.75,7413.25,7414.75,14774
2026-06-24T17:45:00+00:00,7414.75,7422.0,7410.25,7420.0,15959
2026-06-24T17:50:00+00:00,7420.25,7421.75,7416.25,7421.25,12130
2026-06-24T17:55:00+00:00,7421.25,7427.25,7412.5,7414.0,18584
2026-06-24T18:00:00+00:00,7414.25,7425.25,7413.0,7421.5,16635
2026-06-24T18:05:00+00:00,7421.5,7429.5,7421.25,7426.0,15026
2026-06-24T18:10:00+00:00,7426.0,7427.5,7421.25,7424.75,11411
2026-06-24T18:15:00+00:00,7424.75,7435.75,7424.5,7433.75,17169
2026-06-24T18:20:00+00:00,7433.75,7439.75,7431.75,7439.5,9358
2026-06-24T18:25:00+00:00,7439.5,7443.25,7437.75,7440.0,10682
2026-06-24T18:30:00+00:00,7440.0,7442.5,7436.25,7439.0,8964
2026-06-24T18:35:00+00:00,7439.25,7439.75,7431.5,7432.75,9607
2026-06-24T18:40:00+00:00,7432.75,7434.5,7424.75,7429.25,11366
2026-06-24T18:45:00+00:00,7429.0,7429.25,7410.75,7414.25,13299
2026-06-24T18:50:00+00:00,7414.0,7418.25,7408.25,7417.5,15510
2026-06-24T18:55:00+00:00,7417.5,7424.5,7412.5,7415.5,11574
2026-06-24T19:00:00+00:00,7415.5,7425.25,7409.5,7422.25,14017
2026-06-24T19:05:00+00:00,7422.25,7422.25,7404.75,7409.5,16957
2026-06-24T19:10:00+00:00,7409.25,7413.25,7404.0,7412.25,12126
2026-06-24T19:15:00+00:00,7412.25,7413.25,7407.75,7412.0,8604
2026-06-24T19:20:00+00:00,7412.0,7414.75,7408.5,7414.75,9054
2026-06-24T19:25:00+00:00,7414.5,7419.5,7414.0,7416.25,9511
2026-06-24T19:30:00+00:00,7416.25,7418.75,7411.5,7413.25,9962
2026-06-24T19:35:00+00:00,7413.5,7416.0,7410.0,7414.0,7938
2026-06-24T19:40:00+00:00,7414.0,7417.25,7405.25,7411.0,9680
2026-06-24T19:45:00+00:00,7411.0,7418.75,7410.5,7417.0,10832
2026-06-24T19:50:00+00:00,7417.0,7427.5,7411.0,7426.75,20057
2026-06-24T19:55:00+00:00,7426.75,7431.5,7417.75,7428.25,20781
2026-06-24T20:00:00+00:00,7428.25,7451.25,7421.25,7450.5,13997
2026-06-24T20:05:00+00:00,7450.5,7465.0,7449.75,7459.75,9844
2026-06-24T20:10:00+00:00,7459.75,7464.5,7457.0,7463.5,5614
2026-06-24T20:15:00+00:00,7463.75,7465.0,7460.75,7462.75,3024
2026-06-24T20:20:00+00:00,7462.75,7473.25,7462.75,7472.75,4355
2026-06-24T20:25:00+00:00,7472.75,7474.0,7469.25,7470.75,3002
2026-06-24T20:30:00+00:00,7470.25,7475.0,7468.0,7468.0,2989
2026-06-24T20:35:00+00:00,7468.0,7473.25,7467.75,7473.25,1841
2026-06-24T20:40:00+00:00,7473.25,7480.0,7472.25,7479.5,3115
2026-06-24T20:45:00+00:00,7479.25,7482.25,7477.0,7479.0,3078
2026-06-24T20:50:00+00:00,7479.25,7479.5,7475.25,7477.25,2181
2026-06-24T20:55:00+00:00,7477.75,7479.0,7474.5,7477.25,1890
2026-06-24T22:00:00+00:00,7477.25,7486.75,7476.0,7477.75,0
2026-06-24T22:05:00+00:00,7477.5,7478.25,7472.5,7474.25,2151
2026-06-24T22:10:00+00:00,7474.25,7477.25,7472.25,7473.0,1497
2026-06-24T22:15:00+00:00,7473.0,7473.25,7470.5,7471.25,1334
2026-06-24T22:20:00+00:00,7471.25,7475.25,7470.25,7471.0,1608
2026-06-24T22:25:00+00:00,7471.0,7472.0,7468.25,7468.25,1774
2026-06-24T22:30:00+00:00,7468.5,7471.25,7468.0,7469.75,1418
2026-06-24T22:35:00+00:00,7469.75,7470.5,7468.0,7468.5,1008
2026-06-24T22:40:00+00:00,7468.5,7471.5,7467.25,7470.75,1393
2026-06-24T22:45:00+00:00,7470.75,7471.0,7466.5,7466.75,1116
2026-06-24T22:50:00+00:00,7466.75,7469.5,7466.75,7467.5,785
2026-06-24T22:55:00+00:00,7467.5,7467.75,7465.75,7466.5,690
2026-06-24T23:00:00+00:00,7466.5,7468.25,7465.0,7467.5,974
2026-06-24T23:05:00+00:00,7467.25,7468.25,7466.25,7467.0,685
2026-06-24T23:10:00+00:00,7467.25,7468.5,7464.0,7465.25,1156
2026-06-24T23:15:00+00:00,7465.0,7465.5,7464.0,7464.5,655
2026-06-24T23:20:00+00:00,7464.5,7468.75,7464.25,7468.5,1211
2026-06-24T23:25:00+00:00,7468.0,7471.0,7468.0,7468.5,1243
2026-06-24T23:30:00+00:00,7468.5,7471.5,7468.0,7471.5,750
2026-06-24T23:35:00+00:00,7471.0,7475.5,7470.75,7473.75,1760
2026-06-24T23:40:00+00:00,7474.0,7475.5,7472.75,7474.25,1107
2026-06-24T23:45:00+00:00,7474.25,7478.75,7471.25,7472.5,2747
2026-06-24T23:50:00+00:00,7472.75,7473.25,7469.5,7473.25,1342
2026-06-24T23:55:00+00:00,7473.25,7474.0,7470.25,7471.75,1191
2026-06-25T00:00:00+00:00,7471.75,7473.0,7465.5,7467.25,2463
2026-06-25T00:05:00+00:00,7467.0,7470.0,7464.75,7469.0,2205
2026-06-25T00:10:00+00:00,7469.0,7473.25,7467.0,7470.75,2132
2026-06-25T00:15:00+00:00,7471.0,7472.25,7467.75,7469.25,1365
2026-06-25T00:20:00+00:00,7469.25,7471.25,7467.5,7468.5,1070
2026-06-25T00:25:00+00:00,7468.5,7468.5,7464.5,7466.0,1644
2026-06-25T00:30:00+00:00,7466.0,7467.0,7460.25,7461.25,2759
2026-06-25T00:35:00+00:00,7461.25,7462.25,7459.0,7460.0,1772
2026-06-25T00:40:00+00:00,7459.75,7460.25,7454.0,7457.0,2512
2026-06-25T00:45:00+00:00,7457.0,7458.75,7453.5,7454.5,1949
2026-06-25T00:50:00+00:00,7454.25,7460.5,7454.0,7459.25,2115
2026-06-25T00:55:00+00:00,7459.25,7459.5,7453.0,7455.0,1877
2026-06-25T01:00:00+00:00,7455.0,7459.25,7452.75,7453.0,2211
2026-06-25T01:05:00+00:00,7452.75,7455.75,7452.0,7454.75,1627
2026-06-25T01:10:00+00:00,7455.0,7457.0,7454.25,7456.0,1332
2026-06-25T01:15:00+00:00,7455.75,7458.25,7454.0,7457.75,1693
2026-06-25T01:20:00+00:00,7458.0,7460.0,7457.25,7458.25,1257
2026-06-25T01:25:00+00:00,7458.0,7459.25,7455.75,7456.25,1138
2026-06-25T01:30:00+00:00,7456.5,7461.25,7456.0,7461.0,1457
2026-06-25T01:35:00+00:00,7460.75,7466.5,7460.5,7464.0,2782
2026-06-25T01:40:00+00:00,7463.75,7464.5,7460.0,7461.0,1782
2026-06-25T01:45:00+00:00,7460.75,7462.75,7459.5,7462.5,1083
2026-06-25T01:50:00+00:00,7462.75,7464.5,7460.75,7463.75,1400
2026-06-25T01:55:00+00:00,7464.0,7465.25,7460.0,7460.0,1360
2026-06-25T02:00:00+00:00,7460.0,7464.25,7458.5,7463.25,1486
2026-06-25T02:05:00+00:00,7463.25,7464.75,7459.75,7461.25,1352
2026-06-25T02:10:00+00:00,7461.0,7461.25,7454.0,7455.0,2397
2026-06-25T02:15:00+00:00,7455.5,7459.75,7452.75,7459.25,1874
2026-06-25T02:20:00+00:00,7459.5,7463.0,7458.25,7459.75,1483
2026-06-25T02:25:00+00:00,7459.25,7462.5,7458.25,7461.5,752
2026-06-25T02:30:00+00:00,7461.25,7462.75,7459.75,7462.25,639
2026-06-25T02:35:00+00:00,7461.75,7463.5,7460.75,7461.5,711
2026-06-25T02:40:00+00:00,7461.75,7462.25,7458.5,7459.75,863
2026-06-25T02:45:00+00:00,7459.75,7461.0,7458.5,7460.25,593
2026-06-25T02:50:00+00:00,7460.25,7461.75,7458.75,7461.5,457
2026-06-25T02:55:00+00:00,7461.5,7464.0,7460.5,7463.5,720
2026-06-25T03:00:00+00:00,7463.75,7467.0,7462.5,7465.5,1487
2026-06-25T03:05:00+00:00,7465.75,7467.25,7463.75,7463.75,771
2026-06-25T03:10:00+00:00,7464.0,7465.0,7462.5,7464.25,659
2026-06-25T03:15:00+00:00,7464.0,7467.0,7460.25,7466.75,1603
2026-06-25T03:20:00+00:00,7466.5,7468.25,7465.75,7467.25,844
2026-06-25T03:25:00+00:00,7467.5,7467.5,7465.5,7466.5,532
2026-06-25T03:30:00+00:00,7466.5,7469.25,7466.0,7466.75,1298
2026-06-25T03:35:00+00:00,7466.75,7466.75,7464.5,7466.25,695
2026-06-25T03:40:00+00:00,7465.75,7466.5,7463.75,7465.0,624
2026-06-25T03:45:00+00:00,7465.0,7467.75,7464.0,7467.0,518
2026-06-25T03:50:00+00:00,7467.25,7469.25,7465.75,7468.5,687
2026-06-25T03:55:00+00:00,7468.75,7469.75,7468.0,7469.5,506
2026-06-25T04:05:00+00:00,7466.75,7467.75,7466.5,7467.5,1047
2026-06-25T04:10:00+00:00,7467.5,7468.0,7465.25,7465.25,503
2026-06-25T04:15:00+00:00,7465.25,7466.25,7462.25,7464.25,1163
2026-06-25T04:20:00+00:00,7464.5,7467.0,7464.25,7465.0,619
2026-06-25T04:25:00+00:00,7464.75,7465.25,7463.5,7463.75,415
2026-06-25T04:30:00+00:00,7464.25,7464.25,7460.0,7461.25,997
2026-06-25T04:35:00+00:00,7461.25,7464.5,7459.75,7463.75,725
2026-06-25T04:40:00+00:00,7463.75,7466.75,7462.25,7466.5,652
2026-06-25T04:45:00+00:00,7466.75,7467.5,7465.5,7465.75,913
2026-06-25T04:50:00+00:00,7466.0,7467.75,7466.0,7466.5,382
2026-06-25T04:55:00+00:00,7466.5,7466.75,7463.0,7464.25,745
2026-06-25T05:00:00+00:00,7464.25,7468.25,7464.0,7467.75,779
2026-06-25T05:05:00+00:00,7467.75,7470.5,7467.75,7469.75,969
2026-06-25T05:10:00+00:00,7469.75,7470.0,7468.25,7469.75,585
2026-06-25T05:15:00+00:00,7469.75,7470.75,7468.5,7469.0,559
2026-06-25T05:20:00+00:00,7469.0,7472.5,7468.5,7471.75,882
2026-06-25T05:25:00+00:00,7471.5,7474.25,7471.25,7473.5,776
2026-06-25T05:30:00+00:00,7473.25,7474.5,7472.25,7474.5,711
2026-06-25T05:35:00+00:00,7474.75,7475.25,7472.75,7473.5,816
2026-06-25T05:40:00+00:00,7473.75,7476.5,7473.5,7474.5,936
2026-06-25T05:45:00+00:00,7474.5,7474.75,7471.5,7472.25,693
2026-06-25T05:50:00+00:00,7472.5,7473.75,7471.25,7472.0,658
2026-06-25T05:55:00+00:00,7472.0,7472.75,7470.5,7472.0,758
2026-06-25T06:00:00+00:00,7472.0,7475.25,7472.0,7472.5,957
2026-06-25T06:05:00+00:00,7472.25,7475.25,7471.0,7474.25,1275
2026-06-25T06:10:00+00:00,7474.25,7478.75,7474.0,7477.25,1187
2026-06-25T06:15:00+00:00,7477.5,7480.5,7476.75,7480.0,1490
2026-06-25T06:20:00+00:00,7479.75,7481.5,7478.75,7480.5,970
2026-06-25T06:25:00+00:00,7480.5,7482.0,7479.25,7480.0,1259
2026-06-25T06:30:00+00:00,7480.0,7481.25,7479.0,7481.0,1099
2026-06-25T06:35:00+00:00,7481.25,7482.0,7479.25,7480.25,710
2026-06-25T06:40:00+00:00,7480.0,7480.75,7478.0,7479.25,572
2026-06-25T06:45:00+00:00,7479.5,7481.5,7478.5,7479.25,790
2026-06-25T06:50:00+00:00,7479.0,7480.25,7477.0,7477.25,753
2026-06-25T06:55:00+00:00,7477.25,7479.25,7477.25,7477.75,580
2026-06-25T07:00:00+00:00,7478.0,7481.75,7478.0,7481.0,1889
2026-06-25T07:05:00+00:00,7481.25,7484.25,7481.25,7482.75,1744
2026-06-25T07:10:00+00:00,7482.75,7483.5,7481.0,7481.75,847
2026-06-25T07:15:00+00:00,7481.75,7485.5,7481.5,7484.5,1163
2026-06-25T07:20:00+00:00,7484.75,7488.75,7484.75,7487.5,2031
2026-06-25T07:25:00+00:00,7487.5,7488.25,7485.5,7485.75,887
2026-06-25T07:30:00+00:00,7485.75,7487.0,7484.75,7486.0,811
2026-06-25T07:35:00+00:00,7485.75,7487.25,7483.25,7487.25,1102
2026-06-25T07:40:00+00:00,7487.0,7488.5,7486.5,7487.0,904
2026-06-25T07:45:00+00:00,7486.75,7487.25,7484.75,7485.5,872
2026-06-25T07:50:00+00:00,7485.75,7486.25,7484.75,7485.0,772
2026-06-25T07:55:00+00:00,7485.25,7488.25,7484.5,7488.0,761
2026-06-25T08:00:00+00:00,7488.25,7491.25,7485.5,7487.25,2412
2026-06-25T08:05:00+00:00,7487.25,7489.75,7487.0,7488.25,1446
2026-06-25T08:10:00+00:00,7488.0,7489.5,7483.75,7483.75,1300
2026-06-25T08:15:00+00:00,7483.75,7484.0,7480.25,7482.5,1608
2026-06-25T08:20:00+00:00,7483.0,7484.0,7481.25,7483.0,1242
2026-06-25T08:25:00+00:00,7482.75,7485.5,7482.25,7483.5,1302
2026-06-25T08:30:00+00:00,7483.5,7485.25,7482.25,7482.25,1080
2026-06-25T08:35:00+00:00,7482.25,7485.75,7482.25,7485.0,834
2026-06-25T08:40:00+00:00,7485.0,7485.0,7481.0,7481.25,1025
2026-06-25T08:45:00+00:00,7481.25,7482.25,7478.75,7480.75,1747
2026-06-25T08:50:00+00:00,7480.75,7481.0,7476.75,7478.25,1238
2026-06-25T08:55:00+00:00,7478.25,7479.0,7475.75,7476.75,1248
2026-06-25T09:00:00+00:00,7477.0,7480.5,7476.0,7480.25,1447
2026-06-25T09:05:00+00:00,7480.0,7482.5,7479.75,7480.0,1095
2026-06-25T09:10:00+00:00,7479.75,7482.5,7479.25,7480.25,962
2026-06-25T09:15:00+00:00,7480.0,7482.0,7476.75,7477.25,1367
2026-06-25T09:20:00+00:00,7477.0,7479.0,7476.5,7478.75,961
2026-06-25T09:25:00+00:00,7478.5,7480.0,7477.0,7478.75,1067
2026-06-25T09:30:00+00:00,7478.75,7481.75,7478.5,7480.5,1171
2026-06-25T09:35:00+00:00,7480.5,7483.0,7480.0,7482.25,733
2026-06-25T09:40:00+00:00,7482.25,7482.5,7480.75,7481.5,675
2026-06-25T09:45:00+00:00,7481.75,7482.25,7480.75,7482.0,683
2026-06-25T09:50:00+00:00,7482.0,7484.5,7481.5,7483.75,1209
2026-06-25T09:55:00+00:00,7484.0,7484.0,7479.75,7480.5,853
2026-06-25T10:00:00+00:00,7480.5,7482.5,7480.0,7482.5,905
2026-06-25T10:05:00+00:00,7482.75,7485.0,7482.0,7484.5,1068
2026-06-25T10:10:00+00:00,7484.5,7486.0,7483.5,7486.0,778
2026-06-25T10:15:00+00:00,7485.75,7486.75,7484.5,7485.5,852
2026-06-25T10:20:00+00:00,7485.5,7485.5,7483.5,7485.25,681
2026-06-25T10:25:00+00:00,7485.0,7486.5,7484.5,7485.75,733
2026-06-25T10:30:00+00:00,7486.0,7487.0,7484.0,7484.75,829
2026-06-25T10:35:00+00:00,7484.5,7487.5,7483.75,7485.25,919
2026-06-25T10:40:00+00:00,7485.5,7486.25,7481.75,7482.25,1172
2026-06-25T10:45:00+00:00,7482.25,7483.75,7480.0,7483.75,976
2026-06-25T10:50:00+00:00,7483.75,7486.0,7483.25,7484.75,689
2026-06-25T10:55:00+00:00,7484.75,7485.5,7481.75,7483.5,729
2026-06-25T11:00:00+00:00,7483.75,7487.25,7483.5,7485.5,1668
2026-06-25T11:05:00+00:00,7485.5,7485.75,7481.0,7482.0,1088
2026-06-25T11:10:00+00:00,7482.0,7482.75,7480.25,7480.25,1341
2026-06-25T11:15:00+00:00,7480.5,7481.25,7478.25,7479.0,1573
2026-06-25T11:20:00+00:00,7478.75,7479.25,7473.5,7474.25,2397
2026-06-25T11:25:00+00:00,7474.0,7475.5,7472.5,7473.75,1773
2026-06-25T11:30:00+00:00,7473.75,7476.5,7472.25,7475.25,1813
2026-06-25T11:35:00+00:00,7475.5,7477.75,7474.25,7476.75,1703
2026-06-25T11:40:00+00:00,7476.75,7479.0,7476.0,7477.5,1409
2026-06-25T11:45:00+00:00,7477.5,7480.25,7476.25,7476.75,1619
2026-06-25T11:50:00+00:00,7476.5,7478.5,7474.25,7474.5,1788
2026-06-25T11:55:00+00:00,7474.5,7477.0,7473.0,7475.75,2137
2026-06-25T12:00:00+00:00,7475.75,7477.0,7474.5,7476.75,1586
2026-06-25T12:05:00+00:00,7477.0,7482.75,7477.0,7480.75,2821
2026-06-25T12:10:00+00:00,7480.75,7481.0,7475.0,7476.75,2887
2026-06-25T12:15:00+00:00,7476.5,7478.75,7474.25,7476.0,2786
2026-06-25T12:20:00+00:00,7476.0,7476.5,7472.25,7475.25,2211
2026-06-25T12:25:00+00:00,7475.25,7476.5,7473.75,7474.5,1702
2026-06-25T12:30:00+00:00,7474.5,7496.25,7473.25,7489.5,12278
2026-06-25T12:35:00+00:00,7489.5,7492.5,7485.5,7487.75,5368
2026-06-25T12:40:00+00:00,7488.0,7489.75,7483.5,7485.25,3824
2026-06-25T12:45:00+00:00,7485.25,7492.75,7485.0,7489.0,3456
2026-06-25T12:50:00+00:00,7489.0,7490.25,7487.5,7489.5,2148
2026-06-25T12:55:00+00:00,7489.25,7489.5,7484.75,7486.75,2001
2026-06-25T13:00:00+00:00,7487.0,7489.0,7482.75,7483.75,3359
2026-06-25T13:05:00+00:00,7483.75,7484.75,7481.5,7482.0,3070
2026-06-25T13:10:00+00:00,7482.0,7484.25,7480.5,7483.75,3194
2026-06-25T13:15:00+00:00,7483.75,7483.75,7480.0,7481.75,2025
2026-06-25T13:20:00+00:00,7481.75,7483.25,7479.25,7481.5,2358
2026-06-25T13:25:00+00:00,7481.5,7488.25,7481.5,7485.75,7625
2026-06-25T13:30:00+00:00,7485.75,7490.5,7464.5,7469.75,40971
2026-06-25T13:35:00+00:00,7469.75,7477.0,7465.25,7466.25,25957
2026-06-25T13:40:00+00:00,7466.5,7468.0,7436.25,7439.0,40800
2026-06-25T13:45:00+00:00,7439.0,7444.0,7410.5,7424.25,64572
2026-06-25T13:50:00+00:00,7424.75,7432.0,7399.5,7401.75,56099
2026-06-25T13:55:00+00:00,7401.75,7407.0,7390.0,7393.0,57575
2026-06-25T14:00:00+00:00,7393.25,7430.25,7392.25,7427.75,55376
2026-06-25T14:05:00+00:00,7427.75,7445.75,7427.5,7444.75,42123
2026-06-25T14:10:00+00:00,7445.0,7454.5,7436.25,7437.25,37905
2026-06-25T14:15:00+00:00,7437.0,7453.25,7427.75,7452.25,41638
2026-06-25T14:20:00+00:00,7452.0,7462.0,7441.0,7446.25,39360
2026-06-25T14:25:00+00:00,7446.5,7455.75,7444.25,7450.75,29269
2026-06-25T14:30:00+00:00,7450.75,7467.75,7449.25,7460.5,33704
2026-06-25T14:35:00+00:00,7460.5,7465.5,7452.25,7463.0,24015
2026-06-25T14:40:00+00:00,7463.25,7464.0,7444.25,7450.75,24436
2026-06-25T14:45:00+00:00,7450.75,7463.25,7444.0,7460.5,24333
2026-06-25T14:50:00+00:00,7460.25,7475.5,7457.0,7474.5,26420
2026-06-25T14:55:00+00:00,7474.5,7474.75,7447.25,7449.25,32971
2026-06-25T15:00:00+00:00,7449.25,7459.5,7445.5,7458.75,22139
2026-06-25T15:05:00+00:00,7458.75,7462.25,7441.5,7444.0,27828
2026-06-25T15:10:00+00:00,7444.0,7445.75,7422.75,7426.25,28367
2026-06-25T15:15:00+00:00,7426.25,7435.25,7414.25,7433.0,32581
2026-06-25T15:20:00+00:00,7432.5,7444.75,7425.75,7441.25,22854
2026-06-25T15:25:00+00:00,7441.5,7445.25,7433.75,7439.25,16493
2026-06-25T15:30:00+00:00,7439.25,7451.5,7437.25,7438.25,19309
2026-06-25T15:35:00+00:00,7438.25,7446.25,7438.0,7438.25,13077
2026-06-25T15:40:00+00:00,7438.25,7445.5,7435.25,7443.75,13048
2026-06-25T15:45:00+00:00,7443.75,7454.5,7439.0,7440.5,14357
2026-06-25T15:50:00+00:00,7440.25,7446.0,7436.75,7442.5,10841
2026-06-25T15:55:00+00:00,7442.25,7446.0,7436.0,7437.5,9160
2026-06-25T16:00:00+00:00,7438.0,7440.5,7432.75,7438.0,12434
2026-06-25T16:05:00+00:00,7438.0,7450.5,7436.0,7449.75,13620
2026-06-25T16:10:00+00:00,7449.75,7458.25,7448.5,7453.5,14129
2026-06-25T16:15:00+00:00,7453.5,7459.0,7450.25,7451.25,11698
2026-06-25T16:20:00+00:00,7451.25,7453.75,7438.5,7440.75,12779
2026-06-25T16:25:00+00:00,7440.75,7442.5,7435.25,7437.5,9977
2026-06-25T16:30:00+00:00,7438.0,7438.25,7425.0,7429.25,15710
2026-06-25T16:35:00+00:00,7429.25,7431.5,7421.75,7422.75,13162
2026-06-25T16:40:00+00:00,7422.75,7425.0,7415.75,7417.75,12749
2026-06-25T16:45:00+00:00,7417.75,7424.0,7409.75,7423.0,18818
2026-06-25T16:50:00+00:00,7422.75,7425.75,7417.25,7422.0,12167
2026-06-25T16:55:00+00:00,7422.25,7422.5,7415.5,7420.5,9088
2026-06-25T17:00:00+00:00,7420.5,7425.0,7419.5,7419.75,6833
2026-06-25T17:05:00+00:00,7419.75,7423.5,7416.5,7421.75,6413
2026-06-25T17:10:00+00:00,7422.0,7432.75,7422.0,7427.25,12011
2026-06-25T17:15:00+00:00,7427.25,7438.0,7419.75,7419.75,13466
2026-06-25T17:20:00+00:00,7419.75,7426.25,7415.75,7424.25,11948
2026-06-25T17:25:00+00:00,7424.25,7431.75,7423.5,7427.75,9242
2026-06-25T17:30:00+00:00,7427.75,7430.5,7421.0,7424.25,7740
2026-06-25T17:35:00+00:00,7424.5,7430.75,7423.25,7428.25,7285
2026-06-25T17:40:00+00:00,7428.25,7433.25,7420.25,7421.75,8652
2026-06-25T17:45:00+00:00,7421.5,7421.75,7411.25,7413.5,10253
2026-06-25T17:50:00+00:00,7413.25,7423.0,7410.5,7420.5,9273
2026-06-25T17:55:00+00:00,7420.5,7431.25,7418.0,7429.5,11948
2026-06-25T18:00:00+00:00,7429.5,7430.75,7408.25,7414.0,18614
2026-06-25T18:05:00+00:00,7414.5,7431.25,7411.75,7429.5,13257
2026-06-25T18:10:00+00:00,7429.5,7435.5,7424.0,7427.5,11811
2026-06-25T18:15:00+00:00,7427.5,7449.5,7425.0,7443.75,16584
2026-06-25T18:20:00+00:00,7443.75,7447.75,7437.5,7444.75,12403
2026-06-25T18:25:00+00:00,7444.5,7456.75,7444.5,7454.25,11407
2026-06-25T18:30:00+00:00,7454.25,7454.5,7435.0,7435.75,14615
2026-06-25T18:35:00+00:00,7435.5,7442.75,7431.25,7440.0,14156
2026-06-25T18:40:00+00:00,7440.0,7441.0,7433.75,7434.75,8709
2026-06-25T18:45:00+00:00,7434.75,7434.75,7422.25,7431.0,13670
2026-06-25T18:50:00+00:00,7431.0,7439.75,7429.25,7432.5,10171
2026-06-25T18:55:00+00:00,7432.5,7436.5,7430.5,7434.25,7207
2026-06-25T19:00:00+00:00,7434.5,7434.75,7422.75,7425.25,8546
2026-06-25T19:05:00+00:00,7425.25,7428.0,7423.0,7426.25,7991
2026-06-25T19:10:00+00:00,7426.25,7427.75,7418.75,7419.5,9292
2026-06-25T19:15:00+00:00,7419.5,7422.25,7414.25,7418.25,11810
2026-06-25T19:20:00+00:00,7418.25,7422.75,7416.0,7422.5,9671
2026-06-25T19:25:00+00:00,7422.75,7424.75,7416.25,7419.5,9125
2026-06-25T19:30:00+00:00,7419.5,7421.0,7413.25,7417.5,9910
2026-06-25T19:35:00+00:00,7417.5,7417.5,7412.25,7416.75,7888
2026-06-25T19:40:00+00:00,7416.75,7419.25,7411.5,7415.75,8661
2026-06-25T19:45:00+00:00,7415.5,7416.5,7409.5,7413.5,11951
2026-06-25T19:50:00+00:00,7413.25,7422.25,7408.75,7421.25,18049
2026-06-25T19:55:00+00:00,7421.5,7430.0,7414.5,7429.0,24825
2026-06-25T20:00:00+00:00,7428.75,7452.0,7427.75,7440.5,18489
2026-06-25T20:05:00+00:00,7440.5,7443.75,7438.0,7438.5,3720
2026-06-25T20:10:00+00:00,7438.25,7438.5,7436.25,7438.25,1489
2026-06-25T20:15:00+00:00,7438.25,7447.5,7437.75,7446.5,3598
2026-06-25T20:20:00+00:00,7447.0,7454.0,7445.75,7448.5,3096
2026-06-25T20:25:00+00:00,7448.5,7449.25,7446.0,7446.75,1112
2026-06-25T20:30:00+00:00,7447.0,7447.25,7441.75,7445.75,1992
2026-06-25T20:35:00+00:00,7445.25,7446.0,7441.0,7441.25,1001
2026-06-25T20:40:00+00:00,7441.5,7442.5,7440.0,7440.25,1047
2026-06-25T20:45:00+00:00,7440.5,7441.0,7436.5,7437.75,902
2026-06-25T20:50:00+00:00,7437.75,7438.5,7434.0,7434.5,826
2026-06-25T20:55:00+00:00,7434.5,7436.25,7431.75,7434.0,737
2026-06-25T22:00:00+00:00,7431.0,7435.75,7426.0,7426.75,0
2026-06-25T22:05:00+00:00,7426.5,7427.25,7423.0,7423.0,1734
2026-06-25T22:10:00+00:00,7423.0,7423.5,7417.0,7420.5,2729
2026-06-25T22:15:00+00:00,7420.5,7425.75,7419.5,7420.5,2136
2026-06-25T22:20:00+00:00,7420.5,7423.25,7417.75,7422.5,1798
2026-06-25T22:25:00+00:00,7422.5,7422.5,7416.5,7417.25,1612
2026-06-25T22:30:00+00:00,7417.25,7419.75,7416.0,7419.25,1798
2026-06-25T22:35:00+00:00,7419.5,7422.5,7418.5,7420.75,1247
2026-06-25T22:40:00+00:00,7420.75,7423.0,7419.75,7422.25,1033
2026-06-25T22:45:00+00:00,7422.25,7423.0,7419.25,7420.5,970
2026-06-25T22:50:00+00:00,7420.75,7425.25,7420.0,7425.25,1455
2026-06-25T22:55:00+00:00,7425.25,7426.25,7423.0,7425.25,1292
2026-06-25T23:00:00+00:00,7425.25,7427.25,7424.5,7426.5,1053
2026-06-25T23:05:00+00:00,7426.5,7427.25,7424.5,7425.5,1076
2026-06-25T23:10:00+00:00,7425.5,7433.75,7425.25,7433.25,2568
2026-06-25T23:15:00+00:00,7433.5,7448.75,7431.75,7447.0,4591
2026-06-25T23:20:00+00:00,7447.25,7454.0,7446.5,7449.5,4876
2026-06-25T23:25:00+00:00,7449.75,7454.0,7449.5,7449.75,2679
2026-06-25T23:30:00+00:00,7449.75,7451.5,7444.0,7444.75,3276
2026-06-25T23:35:00+00:00,7444.5,7445.25,7436.75,7437.0,3223
2026-06-25T23:40:00+00:00,7437.0,7437.25,7430.25,7430.75,2441
2026-06-25T23:45:00+00:00,7430.5,7430.5,7422.0,7423.0,4455
2026-06-25T23:50:00+00:00,7423.0,7423.0,7417.0,7421.5,3939
2026-06-25T23:55:00+00:00,7421.75,7424.25,7417.25,7424.0,2425
2026-06-26T00:00:00+00:00,7423.75,7430.75,7419.5,7428.25,4810
2026-06-26T00:05:00+00:00,7428.5,7434.5,7427.5,7433.25,3774
2026-06-26T00:10:00+00:00,7433.25,7433.5,7426.5,7432.0,2614
2026-06-26T00:15:00+00:00,7432.25,7435.5,7427.25,7427.25,2706
2026-06-26T00:20:00+00:00,7427.25,7431.0,7425.75,7426.25,1767
2026-06-26T00:25:00+00:00,7426.25,7430.0,7420.5,7429.5,3063
2026-06-26T00:30:00+00:00,7429.25,7430.5,7422.5,7424.75,2332
2026-06-26T00:35:00+00:00,7425.0,7427.5,7422.0,7425.75,1662
2026-06-26T00:40:00+00:00,7425.75,7429.75,7424.0,7426.0,1837
2026-06-26T00:45:00+00:00,7426.0,7429.5,7425.0,7425.5,1098
2026-06-26T00:50:00+00:00,7425.75,7429.0,7421.25,7422.0,1536
2026-06-26T00:55:00+00:00,7422.0,7425.0,7418.5,7421.5,2344
2026-06-26T01:00:00+00:00,7421.75,7427.75,7418.25,7418.5,2358
2026-06-26T01:05:00+00:00,7418.75,7420.25,7411.5,7418.0,3743
2026-06-26T01:10:00+00:00,7418.75,7425.25,7418.75,7422.0,1792
2026-06-26T01:15:00+00:00,7421.75,7428.0,7421.25,7425.25,2012
2026-06-26T01:20:00+00:00,7425.5,7427.0,7423.25,7424.0,855
2026-06-26T01:25:00+00:00,7424.0,7424.0,7416.5,7417.75,1884
2026-06-26T01:30:00+00:00,7417.75,7418.75,7406.75,7408.75,3946
2026-06-26T01:35:00+00:00,7408.5,7410.25,7406.0,7408.75,2829
2026-06-26T01:40:00+00:00,7408.5,7409.25,7402.0,7403.25,3045
2026-06-26T01:45:00+00:00,7402.75,7407.5,7397.75,7406.25,4365
2026-06-26T01:50:00+00:00,7406.75,7407.5,7401.75,7402.5,2049
2026-06-26T01:55:00+00:00,7402.25,7403.0,7395.0,7399.75,3281
2026-06-26T02:00:00+00:00,7399.75,7401.5,7395.75,7396.25,2900
2026-06-26T02:05:00+00:00,7396.25,7401.5,7395.75,7396.75,1888
2026-06-26T02:10:00+00:00,7396.75,7398.25,7391.75,7394.5,3095
2026-06-26T02:15:00+00:00,7394.25,7397.25,7391.75,7392.5,2079
2026-06-26T02:20:00+00:00,7392.25,7394.25,7388.25,7388.5,3199
2026-06-26T02:25:00+00:00,7388.5,7391.0,7383.75,7388.75,4362
2026-06-26T02:30:00+00:00,7389.0,7391.0,7382.5,7384.75,3215
2026-06-26T02:35:00+00:00,7384.75,7385.75,7378.75,7384.25,3991
2026-06-26T02:40:00+00:00,7384.25,7384.25,7378.0,7381.5,3001
2026-06-26T02:45:00+00:00,7381.5,7381.75,7371.75,7373.0,5259
2026-06-26T02:50:00+00:00,7373.5,7377.0,7369.25,7370.5,3811
2026-06-26T02:55:00+00:00,7370.25,7372.5,7366.75,7371.25,4209
2026-06-26T03:00:00+00:00,7371.0,7371.5,7365.25,7367.75,3715
2026-06-26T03:05:00+00:00,7368.25,7369.25,7365.75,7367.25,2187
2026-06-26T03:10:00+00:00,7367.0,7371.75,7365.5,7369.75,2464
2026-06-26T03:15:00+00:00,7369.25,7371.0,7367.25,7370.0,2000
2026-06-26T03:20:00+00:00,7370.0,7370.5,7364.0,7367.5,1900
2026-06-26T03:25:00+00:00,7367.5,7370.0,7366.75,7368.5,1532
2026-06-26T03:30:00+00:00,7368.25,7368.5,7363.0,7363.5,2565
2026-06-26T03:35:00+00:00,7364.25,7364.75,7357.25,7362.75,4194
2026-06-26T03:40:00+00:00,7362.75,7369.75,7361.25,7369.75,3653
2026-06-26T03:45:00+00:00,7369.5,7370.75,7366.5,7367.5,2489
2026-06-26T03:50:00+00:00,7367.25,7377.25,7367.25,7376.75,3351
2026-06-26T03:55:00+00:00,7376.5,7381.25,7375.75,7381.25,2226
2026-06-26T04:05:00+00:00,7383.25,7384.0,7381.0,7381.25,7250
2026-06-26T04:10:00+00:00,7381.25,7384.5,7380.25,7380.75,1163
2026-06-26T04:15:00+00:00,7381.25,7385.0,7380.25,7381.25,1314
2026-06-26T04:20:00+00:00,7381.0,7382.25,7373.75,7374.25,2473
2026-06-26T04:25:00+00:00,7374.0,7377.5,7371.25,7376.5,2341
2026-06-26T04:30:00+00:00,7376.5,7380.0,7370.25,7371.0,2411
2026-06-26T04:35:00+00:00,7371.0,7372.75,7369.5,7370.0,1384
2026-06-26T04:40:00+00:00,7370.25,7373.5,7368.75,7373.0,1435
2026-06-26T04:45:00+00:00,7373.25,7373.25,7368.0,7369.25,1430
2026-06-26T04:50:00+00:00,7369.25,7370.5,7365.5,7368.0,1534
2026-06-26T04:55:00+00:00,7368.0,7368.25,7366.0,7367.75,882
2026-06-26T05:00:00+00:00,7367.75,7371.5,7365.5,7366.5,1712
2026-06-26T05:05:00+00:00,7366.5,7370.5,7364.5,7367.75,1548
2026-06-26T05:10:00+00:00,7367.75,7376.75,7367.75,7376.75,1888
2026-06-26T05:15:00+00:00,7376.25,7379.0,7374.25,7376.0,1698
2026-06-26T05:20:00+00:00,7376.25,7377.0,7373.25,7374.25,884
2026-06-26T05:25:00+00:00,7374.5,7380.25,7374.25,7378.75,1425
2026-06-26T05:30:00+00:00,7379.0,7382.75,7379.0,7381.75,1637
2026-06-26T05:35:00+00:00,7381.0,7383.0,7374.5,7375.0,2031
2026-06-26T05:40:00+00:00,7375.0,7375.0,7367.5,7367.75,2018
2026-06-26T05:45:00+00:00,7368.25,7369.75,7365.0,7369.75,1691
2026-06-26T05:50:00+00:00,7369.75,7375.75,7369.0,7374.25,1725
2026-06-26T05:55:00+00:00,7374.5,7375.5,7371.75,7372.0,997
2026-06-26T06:00:00+00:00,7372.25,7375.5,7371.5,7373.5,1043
2026-06-26T06:05:00+00:00,7373.5,7374.0,7369.0,7370.25,1161
2026-06-26T06:10:00+00:00,7370.0,7376.5,7369.25,7375.75,1596
2026-06-26T06:15:00+00:00,7375.75,7379.5,7375.75,7376.5,1436
2026-06-26T06:20:00+00:00,7376.25,7381.75,7376.25,7381.25,1338
2026-06-26T06:25:00+00:00,7381.25,7387.0,7380.0,7386.5,2190
2026-06-26T06:30:00+00:00,7386.5,7390.75,7384.0,7389.75,2500
2026-06-26T06:35:00+00:00,7389.75,7392.75,7389.5,7391.0,1599
2026-06-26T06:40:00+00:00,7391.0,7395.75,7389.25,7395.5,1760
2026-06-26T06:45:00+00:00,7395.25,7403.0,7394.25,7398.5,3255
2026-06-26T06:50:00+00:00,7398.5,7408.0,7396.75,7407.25,2066
2026-06-26T06:55:00+00:00,7406.75,7409.5,7402.25,7404.0,2277
2026-06-26T07:00:00+00:00,7403.75,7406.25,7398.25,7398.5,2039
2026-06-26T07:05:00+00:00,7398.75,7399.5,7395.0,7395.0,1588
2026-06-26T07:10:00+00:00,7395.0,7403.25,7394.75,7402.5,1472
2026-06-26T07:15:00+00:00,7402.5,7407.0,7401.25,7404.5,2328
2026-06-26T07:20:00+00:00,7404.25,7408.5,7401.0,7408.0,1459
2026-06-26T07:25:00+00:00,7408.25,7409.5,7404.25,7409.25,1612
2026-06-26T07:30:00+00:00,7409.5,7413.75,7409.0,7411.75,2367
2026-06-26T07:35:00+00:00,7411.5,7412.75,7408.25,7412.5,1524
2026-06-26T07:40:00+00:00,7412.25,7412.5,7406.5,7406.75,1382
2026-06-26T07:45:00+00:00,7406.75,7407.25,7404.5,7406.25,1326
2026-06-26T07:50:00+00:00,7406.0,7412.0,7405.75,7411.75,1178
2026-06-26T07:55:00+00:00,7411.5,7412.0,7409.25,7411.25,1052
2026-06-26T08:00:00+00:00,7411.0,7415.75,7404.75,7404.75,3349
2026-06-26T08:05:00+00:00,7405.0,7410.25,7401.0,7407.0,2702
2026-06-26T08:10:00+00:00,7407.0,7408.25,7401.75,7402.75,1916
2026-06-26T08:15:00+00:00,7403.0,7407.0,7401.25,7401.75,1372
2026-06-26T08:20:00+00:00,7402.0,7405.75,7400.25,7405.25,1593
2026-06-26T08:25:00+00:00,7405.0,7409.25,7404.0,7407.5,1770
2026-06-26T08:30:00+00:00,7407.5,7407.75,7398.5,7400.25,2327
2026-06-26T08:35:00+00:00,7400.25,7402.25,7398.25,7400.5,1478
2026-06-26T08:40:00+00:00,7400.75,7403.25,7396.5,7397.75,1092
2026-06-26T08:45:00+00:00,7397.75,7398.75,7391.75,7391.75,1736
2026-06-26T08:50:00+00:00,7392.0,7393.5,7386.0,7386.0,2079
2026-06-26T08:55:00+00:00,7386.0,7389.5,7381.25,7388.75,3062
2026-06-26T09:00:00+00:00,7388.75,7389.5,7383.25,7384.25,2076
2026-06-26T09:05:00+00:00,7384.5,7388.25,7383.5,7384.5,1548
2026-06-26T09:10:00+00:00,7384.5,7390.0,7382.25,7388.5,1590
2026-06-26T09:15:00+00:00,7388.25,7389.75,7382.25,7386.0,2205
2026-06-26T09:20:00+00:00,7385.75,7386.25,7380.0,7381.75,2268
2026-06-26T09:25:00+00:00,7381.75,7384.75,7380.5,7383.5,1904
2026-06-26T09:30:00+00:00,7383.5,7386.25,7380.0,7386.0,1981
2026-06-26T09:35:00+00:00,7385.5,7389.5,7384.25,7387.5,1490
2026-06-26T09:40:00+00:00,7387.5,7395.75,7387.5,7392.25,1829
2026-06-26T09:45:00+00:00,7392.5,7396.25,7390.5,7393.5,2133
2026-06-26T09:50:00+00:00,7393.75,7394.25,7387.75,7388.0,1700
2026-06-26T09:55:00+00:00,7388.0,7388.25,7384.0,7385.5,1331
2026-06-26T10:00:00+00:00,7385.5,7386.25,7376.75,7379.75,2826
2026-06-26T10:05:00+00:00,7379.5,7385.5,7379.25,7385.25,1575
2026-06-26T10:10:00+00:00,7385.25,7389.0,7383.5,7386.75,1096
2026-06-26T10:15:00+00:00,7386.75,7389.25,7384.75,7384.75,1103
2026-06-26T10:20:00+00:00,7384.75,7385.5,7380.75,7381.75,1262
2026-06-26T10:25:00+00:00,7381.75,7387.0,7381.0,7386.0,821
2026-06-26T10:30:00+00:00,7386.0,7389.25,7384.25,7387.75,1465
2026-06-26T10:35:00+00:00,7388.0,7388.5,7384.0,7384.5,1557
2026-06-26T10:40:00+00:00,7384.0,7387.25,7383.5,7385.25,814
2026-06-26T10:45:00+00:00,7385.25,7388.5,7384.5,7385.75,1026
2026-06-26T10:50:00+00:00,7386.25,7387.75,7383.0,7386.5,1187
2026-06-26T10:55:00+00:00,7386.5,7387.25,7384.25,7386.5,1124
2026-06-26T11:00:00+00:00,7386.5,7391.5,7383.5,7390.0,2554
2026-06-26T11:05:00+00:00,7390.0,7392.25,7387.5,7390.5,1396
2026-06-26T11:10:00+00:00,7390.25,7394.5,7389.0,7390.75,1863
2026-06-26T11:15:00+00:00,7390.75,7390.75,7386.75,7387.25,1642
2026-06-26T11:20:00+00:00,7387.0,7389.75,7384.0,7386.5,1689
2026-06-26T11:25:00+00:00,7387.0,7388.75,7384.75,7386.5,945
2026-06-26T11:30:00+00:00,7386.25,7389.0,7385.75,7387.0,1127
2026-06-26T11:35:00+00:00,7386.75,7390.25,7385.5,7386.5,1039
2026-06-26T11:40:00+00:00,7387.25,7390.75,7384.75,7385.75,1556
2026-06-26T11:45:00+00:00,7385.75,7389.0,7384.25,7388.0,1245
2026-06-26T11:50:00+00:00,7388.0,7388.0,7377.5,7378.75,2675
2026-06-26T11:55:00+00:00,7379.0,7385.75,7379.0,7384.75,2323
2026-06-26T12:00:00+00:00,7384.75,7390.75,7382.75,7390.0,2014
2026-06-26T12:05:00+00:00,7390.0,7396.75,7389.75,7396.0,3569
2026-06-26T12:10:00+00:00,7395.75,7401.25,7393.25,7398.5,3199
2026-06-26T12:15:00+00:00,7398.25,7404.0,7396.5,7397.5,3259
2026-06-26T12:20:00+00:00,7397.5,7398.75,7390.25,7390.5,3149
2026-06-26T12:25:00+00:00,7390.25,7395.5,7389.75,7395.0,2216
2026-06-26T12:30:00+00:00,7394.5,7397.0,7391.5,7392.5,2592
2026-06-26T12:35:00+00:00,7392.25,7392.25,7385.25,7386.25,2991
2026-06-26T12:40:00+00:00,7386.25,7388.0,7383.5,7384.0,1981
2026-06-26T12:45:00+00:00,7383.75,7386.0,7381.0,7383.25,2629
2026-06-26T12:50:00+00:00,7383.25,7386.75,7380.0,7385.25,2523
2026-06-26T12:55:00+00:00,7385.5,7386.75,7383.0,7383.75,1606
2026-06-26T13:00:00+00:00,7384.25,7385.0,7378.75,7380.25,4221
2026-06-26T13:05:00+00:00,7380.25,7381.5,7375.25,7375.75,3866
2026-06-26T13:10:00+00:00,7375.75,7378.5,7373.25,7376.75,4547
2026-06-26T13:15:00+00:00,7376.75,7378.25,7364.5,7374.0,12930
2026-06-26T13:20:00+00:00,7374.0,7382.5,7372.0,7380.0,10250
2026-06-26T13:25:00+00:00,7379.5,7382.75,7377.25,7380.75,6951
2026-06-26T13:30:00+00:00,7381.0,7388.25,7360.0,7370.25,39252
2026-06-26T13:35:00+00:00,7370.25,7383.25,7367.25,7373.0,30225
2026-06-26T13:40:00+00:00,7372.75,7386.5,7368.75,7384.25,25215
2026-06-26T13:45:00+00:00,7384.25,7390.25,7371.25,7379.0,32260
2026-06-26T13:50:00+00:00,7378.75,7389.0,7377.0,7385.75,23984
2026-06-26T13:55:00+00:00,7386.0,7405.5,7384.0,7403.5,31127
2026-06-26T14:00:00+00:00,7401.5,7416.0,7397.75,7415.0,24077
2026-06-26T14:05:00+00:00,7415.0,7424.5,7414.25,7423.25,24084
2026-06-26T14:10:00+00:00,7423.0,7428.25,7417.0,7425.5,24258
2026-06-26T14:15:00+00:00,7425.25,7429.5,7418.0,7419.75,19768
2026-06-26T14:20:00+00:00,7420.0,7436.25,7418.25,7428.25,24139
2026-06-26T14:25:00+00:00,7428.25,7433.25,7426.0,7428.5,17065
2026-06-26T14:30:00+00:00,7428.75,7433.0,7424.0,7427.5,18091
2026-06-26T14:35:00+00:00,7427.5,7428.0,7414.75,7415.25,17095
2026-06-26T14:40:00+00:00,7415.25,7424.75,7409.0,7415.25,24412
2026-06-26T14:45:00+00:00,7415.25,7427.5,7414.0,7422.0,19631
2026-06-26T14:50:00+00:00,7422.25,7425.75,7415.25,7419.0,17826
2026-06-26T14:55:00+00:00,7419.0,7423.5,7411.75,7418.0,17321
2026-06-26T15:00:00+00:00,7418.0,7427.75,7417.75,7421.5,15942
2026-06-26T15:05:00+00:00,7422.0,7425.5,7416.0,7424.5,12936
2026-06-26T15:10:00+00:00,7424.25,7426.0,7413.0,7414.25,11336
2026-06-26T15:15:00+00:00,7414.5,7426.25,7409.5,7424.5,18356
2026-06-26T15:20:00+00:00,7424.5,7432.5,7422.0,7431.5,14717
2026-06-26T15:25:00+00:00,7431.75,7440.75,7430.25,7440.75,15747
2026-06-26T15:30:00+00:00,7440.5,7450.0,7437.5,7439.25,21992
2026-06-26T15:35:00+00:00,7439.25,7453.75,7439.25,7451.5,15029
2026-06-26T15:40:00+00:00,7451.75,7459.25,7449.0,7456.5,14668
2026-06-26T15:45:00+00:00,7456.75,7458.75,7449.0,7449.5,12463
2026-06-26T15:50:00+00:00,7449.75,7454.25,7435.25,7439.25,26951
2026-06-26T15:55:00+00:00,7439.0,7452.25,7437.25,7447.75,13097
2026-06-26T16:00:00+00:00,7447.75,7449.25,7444.5,7447.0,8673
2026-06-26T16:05:00+00:00,7447.0,7447.75,7434.75,7436.25,10365
2026-06-26T16:10:00+00:00,7436.25,7438.75,7431.5,7434.75,11900
2026-06-26T16:15:00+00:00,7434.75,7440.25,7431.25,7433.75,11459
2026-06-26T16:20:00+00:00,7433.75,7434.75,7420.75,7425.5,22447
2026-06-26T16:25:00+00:00,7425.5,7430.0,7424.25,7427.25,8619
2026-06-26T16:30:00+00:00,7427.25,7440.5,7427.25,7439.75,11748
2026-06-26T16:35:00+00:00,7439.5,7441.5,7435.5,7437.5,8746
2026-06-26T16:40:00+00:00,7437.75,7440.0,7433.25,7433.75,7778
2026-06-26T16:45:00+00:00,7433.75,7437.75,7432.0,7437.25,6858
2026-06-26T16:50:00+00:00,7437.25,7443.0,7436.25,7439.75,9713
2026-06-26T16:55:00+00:00,7439.75,7439.75,7436.0,7438.25,5784
2026-06-26T17:00:00+00:00,7438.25,7445.75,7435.0,7442.5,9155
2026-06-26T17:05:00+00:00,7442.75,7452.0,7442.25,7449.75,8345
2026-06-26T17:10:00+00:00,7449.75,7452.5,7442.75,7444.5,7346
2026-06-26T17:15:00+00:00,7444.5,7445.25,7436.25,7438.0,7377
2026-06-26T17:20:00+00:00,7438.0,7440.0,7432.75,7434.0,7471
2026-06-26T17:25:00+00:00,7433.75,7443.25,7431.25,7441.0,8779
2026-06-26T17:30:00+00:00,7440.75,7447.5,7437.5,7439.5,8791
2026-06-26T17:35:00+00:00,7439.5,7439.5,7433.25,7433.5,6762
2026-06-26T17:40:00+00:00,7433.5,7438.75,7429.5,7436.0,9689
2026-06-26T17:45:00+00:00,7435.75,7437.75,7431.75,7431.75,5628
2026-06-26T17:50:00+00:00,7432.0,7436.5,7431.25,7434.25,5413
2026-06-26T17:55:00+00:00,7434.25,7434.5,7427.5,7429.75,7076
2026-06-26T18:00:00+00:00,7430.25,7437.5,7429.5,7435.75,7510
2026-06-26T18:05:00+00:00,7435.75,7439.5,7433.75,7435.0,6006
2026-06-26T18:10:00+00:00,7435.0,7438.0,7432.0,7433.75,4625
2026-06-26T18:15:00+00:00,7434.0,7435.5,7425.5,7427.5,6013
2026-06-26T18:20:00+00:00,7427.25,7430.0,7425.25,7429.0,5164
2026-06-26T18:25:00+00:00,7428.5,7430.0,7420.25,7421.25,7120
2026-06-26T18:30:00+00:00,7421.5,7429.75,7420.5,7427.5,6578
2026-06-26T18:35:00+00:00,7427.5,7428.0,7420.25,7422.0,5278
2026-06-26T18:40:00+00:00,7422.0,7424.5,7420.5,7420.75,3369
2026-06-26T18:45:00+00:00,7420.75,7420.75,7410.0,7413.0,10715
2026-06-26T18:50:00+00:00,7412.75,7413.25,7408.75,7410.25,8435
2026-06-26T18:55:00+00:00,7410.25,7414.25,7405.0,7409.0,8042
2026-06-26T19:00:00+00:00,7409.0,7413.25,7406.75,7407.0,7257
2026-06-26T19:05:00+00:00,7407.25,7417.75,7406.25,7416.0,7652
2026-06-26T19:10:00+00:00,7416.0,7421.0,7412.75,7420.75,6820
2026-06-26T19:15:00+00:00,7420.75,7423.0,7417.0,7420.5,6905
2026-06-26T19:20:00+00:00,7420.5,7422.0,7411.0,7415.75,8846
2026-06-26T19:25:00+00:00,7415.75,7418.0,7414.25,7415.0,5232
2026-06-26T19:30:00+00:00,7415.25,7421.5,7410.5,7419.5,7621
2026-06-26T19:35:00+00:00,7419.5,7421.0,7415.5,7416.25,5412
2026-06-26T19:40:00+00:00,7416.25,7426.75,7416.0,7426.0,6712
2026-06-26T19:45:00+00:00,7426.0,7432.25,7420.25,7423.75,10397
2026-06-26T19:50:00+00:00,7423.75,7429.5,7418.75,7425.0,17578
2026-06-26T19:55:00+00:00,7424.75,7429.5,7369.75,7378.25,31559
2026-06-26T20:00:00+00:00,7378.0,7408.5,7370.5,7400.0,20821
2026-06-26T20:05:00+00:00,7400.25,7403.25,7392.5,7400.75,5461
2026-06-26T20:10:00+00:00,7400.75,7413.5,7399.0,7412.25,4371
2026-06-26T20:15:00+00:00,7412.5,7417.75,7410.5,7413.0,3162
2026-06-26T20:20:00+00:00,7413.0,7418.75,7410.75,7417.5,2523
2026-06-26T20:25:00+00:00,7417.75,7420.5,7415.0,7415.75,2425
2026-06-26T20:30:00+00:00,7416.0,7416.5,7400.25,7409.0,4552
2026-06-26T20:35:00+00:00,7408.25,7411.5,7397.0,7404.0,3647
2026-06-26T20:40:00+00:00,7403.5,7404.0,7397.25,7399.75,2040
2026-06-26T20:45:00+00:00,7399.75,7402.0,7395.75,7400.0,1874
2026-06-26T20:50:00+00:00,7400.25,7404.25,7399.5,7402.5,1449
2026-06-26T20:55:00+00:00,7402.25,7404.75,7395.25,7401.75,1895
2026-06-28T22:10:00+00:00,7430.75,7437.75,7428.5,7435.5,2532
2026-06-28T22:15:00+00:00,7435.25,7435.75,7431.25,7432.0,2097
2026-06-28T22:20:00+00:00,7431.75,7437.25,7426.75,7433.5,3543
2026-06-28T22:25:00+00:00,7433.75,7437.75,7432.0,7434.75,2176
2026-06-28T22:30:00+00:00,7434.75,7438.25,7434.0,7434.75,2459
2026-06-28T22:35:00+00:00,7434.75,7437.5,7434.25,7435.0,1707
2026-06-28T22:40:00+00:00,7435.25,7438.25,7434.25,7437.75,1516
2026-06-28T22:45:00+00:00,7437.75,7438.75,7435.75,7437.75,1155
2026-06-28T22:50:00+00:00,7437.5,7437.75,7433.75,7434.75,1056
2026-06-28T22:55:00+00:00,7435.0,7436.25,7433.5,7434.25,944
2026-06-28T23:00:00+00:00,7434.25,7440.5,7432.75,7438.75,2886
2026-06-28T23:05:00+00:00,7439.0,7447.5,7437.5,7447.25,4333
2026-06-28T23:10:00+00:00,7447.0,7448.5,7445.25,7446.0,2378
2026-06-28T23:15:00+00:00,7446.25,7449.5,7443.75,7448.0,2404
2026-06-28T23:20:00+00:00,7448.0,7451.75,7448.0,7448.75,1930
2026-06-28T23:25:00+00:00,7449.0,7450.25,7448.5,7449.5,954
2026-06-28T23:30:00+00:00,7449.5,7452.75,7449.25,7451.0,1452
2026-06-28T23:35:00+00:00,7451.0,7453.5,7450.0,7453.25,1221
2026-06-28T23:40:00+00:00,7453.25,7453.25,7451.0,7452.0,1443
2026-06-28T23:45:00+00:00,7452.0,7455.75,7449.75,7452.0,3173
2026-06-28T23:50:00+00:00,7451.75,7452.25,7448.25,7449.25,1648
2026-06-28T23:55:00+00:00,7449.25,7451.0,7447.0,7447.25,1796
2026-06-29T00:00:00+00:00,7447.5,7447.5,7432.75,7436.25,8976
2026-06-29T00:05:00+00:00,7436.5,7438.75,7432.5,7436.0,4035
2026-06-29T00:10:00+00:00,7436.0,7442.75,7434.75,7436.25,3356
2026-06-29T00:15:00+00:00,7436.0,7438.75,7427.75,7433.0,5772
2026-06-29T00:20:00+00:00,7432.75,7433.25,7423.0,7425.25,4889
2026-06-29T00:25:00+00:00,7425.5,7428.25,7422.5,7423.0,3301
2026-06-29T00:30:00+00:00,7423.25,7429.0,7422.25,7426.75,4560
2026-06-29T00:35:00+00:00,7426.5,7429.75,7424.25,7426.5,3289
2026-06-29T00:40:00+00:00,7426.5,7436.5,7426.0,7435.25,3766
2026-06-29T00:45:00+00:00,7435.25,7435.25,7423.0,7427.0,3955
2026-06-29T00:50:00+00:00,7426.75,7432.25,7426.5,7432.25,2655
2026-06-29T00:55:00+00:00,7432.25,7440.0,7432.0,7438.5,3480
2026-06-29T01:00:00+00:00,7438.75,7440.5,7430.5,7433.25,3813
2026-06-29T01:05:00+00:00,7433.5,7439.75,7433.25,7434.5,2422
2026-06-29T01:10:00+00:00,7434.75,7437.25,7434.0,7437.0,1284
2026-06-29T01:15:00+00:00,7437.0,7437.5,7427.0,7430.25,2932
2026-06-29T01:20:00+00:00,7429.75,7436.25,7428.0,7433.5,2187
2026-06-29T01:25:00+00:00,7433.5,7436.5,7428.5,7429.25,1892
2026-06-29T01:30:00+00:00,7429.5,7431.75,7426.75,7429.25,2589
2026-06-29T01:35:00+00:00,7429.25,7440.25,7428.5,7438.5,3910
2026-06-29T01:40:00+00:00,7438.5,7442.75,7438.5,7440.5,2624
2026-06-29T01:45:00+00:00,7440.5,7441.5,7434.5,7437.75,1940
2026-06-29T01:50:00+00:00,7437.75,7439.5,7435.75,7437.75,1119
2026-06-29T01:55:00+00:00,7437.75,7441.75,7436.5,7438.5,1629
2026-06-29T02:00:00+00:00,7438.75,7439.75,7433.5,7434.5,1865
2026-06-29T02:05:00+00:00,7434.0,7435.75,7428.75,7429.75,2283
2026-06-29T02:10:00+00:00,7429.5,7431.25,7421.5,7422.75,3203
2026-06-29T02:15:00+00:00,7422.5,7429.25,7420.5,7428.75,3042
2026-06-29T02:20:00+00:00,7428.75,7435.75,7428.75,7434.25,2589
2026-06-29T02:25:00+00:00,7434.5,7441.25,7433.0,7440.0,2440
2026-06-29T02:30:00+00:00,7440.0,7441.25,7438.25,7439.5,1717
2026-06-29T02:35:00+00:00,7439.75,7443.75,7438.5,7441.75,1599
2026-06-29T02:40:00+00:00,7441.5,7443.5,7440.25,7441.25,1267
2026-06-29T02:45:00+00:00,7441.75,7443.25,7440.5,7442.5,983
2026-06-29T02:50:00+00:00,7442.25,7442.75,7440.0,7440.25,1014
2026-06-29T02:55:00+00:00,7440.5,7442.5,7440.25,7440.5,673
2026-06-29T03:00:00+00:00,7441.0,7448.0,7441.0,7446.5,2740
2026-06-29T03:05:00+00:00,7446.75,7450.0,7446.0,7447.75,2099
2026-06-29T03:10:00+00:00,7448.0,7448.0,7444.0,7444.5,1471
2026-06-29T03:15:00+00:00,7444.75,7445.0,7443.5,7444.75,738
2026-06-29T03:20:00+00:00,7444.5,7446.25,7443.0,7444.25,979
2026-06-29T03:25:00+00:00,7444.0,7446.5,7443.0,7444.75,1033
2026-06-29T03:30:00+00:00,7444.75,7446.25,7439.5,7440.25,1678
2026-06-29T03:35:00+00:00,7440.5,7441.0,7434.25,7436.75,2056
2026-06-29T03:40:00+00:00,7436.5,7439.0,7435.25,7436.75,1242
2026-06-29T03:45:00+00:00,7437.0,7445.5,7436.0,7444.5,2172
2026-06-29T03:50:00+00:00,7444.75,7452.75,7444.5,7449.0,3256
2026-06-29T03:55:00+00:00,7449.25,7451.5,7447.0,7450.25,1183
2026-06-29T04:00:00+00:00,7450.25,7450.5,7447.0,7447.75,1397
2026-06-29T04:05:00+00:00,7447.75,7448.5,7444.75,7447.0,1344
2026-06-29T04:10:00+00:00,7447.0,7447.25,7444.5,7445.0,835
2026-06-29T04:15:00+00:00,7445.25,7445.75,7442.75,7443.25,1011
2026-06-29T04:20:00+00:00,7443.5,7445.5,7441.5,7445.25,1171
2026-06-29T04:25:00+00:00,7445.0,7448.0,7443.25,7444.25,1573
2026-06-29T04:30:00+00:00,7444.0,7445.75,7441.75,7443.0,1088
2026-06-29T04:35:00+00:00,7443.0,7445.0,7441.25,7442.5,950
2026-06-29T04:40:00+00:00,7442.75,7442.75,7439.5,7441.75,1373
2026-06-29T04:45:00+00:00,7441.25,7443.0,7439.75,7443.0,947
2026-06-29T04:50:00+00:00,7443.0,7445.5,7441.5,7444.5,1085
2026-06-29T04:55:00+00:00,7444.5,7444.5,7440.75,7442.25,905
2026-06-29T05:00:00+00:00,7442.0,7444.5,7439.25,7441.0,1447
2026-06-29T05:05:00+00:00,7441.0,7443.25,7439.0,7441.75,990
2026-06-29T05:10:00+00:00,7442.0,7445.0,7439.0,7444.5,1129
2026-06-29T05:15:00+00:00,7444.75,7447.0,7440.5,7442.0,1317
2026-06-29T05:20:00+00:00,7442.0,7444.25,7441.25,7443.25,422
2026-06-29T05:25:00+00:00,7443.0,7445.25,7441.25,7442.75,780
2026-06-29T05:30:00+00:00,7442.5,7449.25,7442.0,7449.0,1205
2026-06-29T05:35:00+00:00,7449.25,7450.0,7445.25,7448.0,1150
2026-06-29T05:40:00+00:00,7447.75,7453.75,7447.75,7453.0,1801
2026-06-29T05:45:00+00:00,7453.0,7453.25,7451.0,7451.5,1141
2026-06-29T05:50:00+00:00,7451.25,7457.25,7449.75,7456.25,2114
2026-06-29T05:55:00+00:00,7456.5,7458.5,7455.0,7457.25,1755
2026-06-29T06:00:00+00:00,7457.0,7457.75,7447.75,7449.5,2060
2026-06-29T06:05:00+00:00,7449.25,7449.5,7446.0,7447.5,1435
2026-06-29T06:10:00+00:00,7447.5,7448.5,7445.25,7447.5,1004
2026-06-29T06:15:00+00:00,7447.75,7449.25,7447.0,7447.75,1036
2026-06-29T06:20:00+00:00,7447.75,7451.0,7446.75,7450.25,1073
2026-06-29T06:25:00+00:00,7450.25,7452.5,7448.75,7450.75,1162
2026-06-29T06:30:00+00:00,7451.0,7454.25,7449.25,7453.75,1490
2026-06-29T06:35:00+00:00,7454.0,7454.75,7450.0,7451.25,880
2026-06-29T06:40:00+00:00,7451.25,7454.0,7451.0,7451.75,804
2026-06-29T06:45:00+00:00,7452.0,7452.0,7449.0,7449.5,640
2026-06-29T06:50:00+00:00,7449.5,7450.25,7446.75,7447.0,865
2026-06-29T06:55:00+00:00,7447.0,7447.0,7444.25,7446.25,1142
2026-06-29T07:00:00+00:00,7446.5,7447.0,7436.75,7440.75,3626
2026-06-29T07:05:00+00:00,7440.5,7442.25,7437.5,7441.25,1926
2026-06-29T07:10:00+00:00,7441.75,7443.0,7437.25,7443.0,1647
2026-06-29T07:15:00+00:00,7443.0,7447.5,7443.0,7445.5,1584
2026-06-29T07:20:00+00:00,7445.25,7448.5,7444.5,7447.5,1504
2026-06-29T07:25:00+00:00,7447.5,7452.0,7446.25,7450.25,1381
2026-06-29T07:30:00+00:00,7450.25,7451.0,7446.5,7449.0,938
2026-06-29T07:35:00+00:00,7448.5,7452.5,7446.5,7452.5,1261
2026-06-29T07:40:00+00:00,7452.5,7453.5,7450.0,7450.75,1087
2026-06-29T07:45:00+00:00,7450.5,7452.75,7448.25,7449.75,1862
2026-06-29T07:50:00+00:00,7449.75,7451.75,7449.0,7450.25,815
2026-06-29T07:55:00+00:00,7449.5,7451.75,7449.0,7451.0,631
2026-06-29T08:00:00+00:00,7451.25,7458.75,7450.25,7455.75,2990
2026-06-29T08:05:00+00:00,7455.5,7459.75,7454.75,7458.0,2089
2026-06-29T08:10:00+00:00,7458.0,7459.25,7456.5,7458.0,849
2026-06-29T08:15:00+00:00,7458.0,7463.75,7455.25,7460.5,2856
2026-06-29T08:20:00+00:00,7460.25,7461.25,7457.75,7459.0,1471
2026-06-29T08:25:00+00:00,7459.5,7461.75,7455.75,7456.25,1395
2026-06-29T08:30:00+00:00,7456.25,7461.0,7455.25,7460.0,1362
2026-06-29T08:35:00+00:00,7459.75,7462.0,7455.75,7456.75,1059
2026-06-29T08:40:00+00:00,7456.75,7456.75,7453.75,7454.75,1650
2026-06-29T08:45:00+00:00,7455.25,7457.75,7453.75,7455.25,856
2026-06-29T08:50:00+00:00,7455.0,7456.5,7452.5,7452.75,712
2026-06-29T08:55:00+00:00,7452.75,7453.0,7450.5,7451.5,1069
2026-06-29T09:00:00+00:00,7451.25,7453.75,7450.25,7453.0,1015
2026-06-29T09:05:00+00:00,7453.0,7453.75,7451.25,7453.0,916
2026-06-29T09:10:00+00:00,7452.5,7454.75,7450.75,7453.75,908
2026-06-29T09:15:00+00:00,7453.5,7456.5,7452.25,7455.5,768
2026-06-29T09:20:00+00:00,7455.5,7456.5,7454.5,7456.5,1120
2026-06-29T09:25:00+00:00,7456.25,7458.5,7455.0,7457.75,1228
2026-06-29T09:30:00+00:00,7457.75,7459.25,7456.25,7456.5,1155
2026-06-29T09:35:00+00:00,7456.5,7457.0,7454.25,7456.0,979
2026-06-29T09:40:00+00:00,7455.75,7455.75,7453.5,7455.5,726
2026-06-29T09:45:00+00:00,7455.5,7456.25,7453.5,7454.75,641
2026-06-29T09:50:00+00:00,7454.5,7455.5,7447.25,7451.0,3695
2026-06-29T09:55:00+00:00,7451.0,7455.5,7450.25,7454.5,1505
2026-06-29T10:00:00+00:00,7455.0,7459.5,7455.0,7458.0,1833
2026-06-29T10:05:00+00:00,7457.75,7460.5,7456.0,7460.0,1009
2026-06-29T10:10:00+00:00,7460.5,7461.25,7455.75,7457.0,1591
2026-06-29T10:15:00+00:00,7457.0,7457.0,7452.75,7455.25,1334
2026-06-29T10:20:00+00:00,7455.25,7456.5,7454.25,7455.25,696
2026-06-29T10:25:00+00:00,7455.0,7460.25,7454.0,7460.0,1155
2026-06-29T10:30:00+00:00,7460.0,7462.5,7459.25,7461.0,1287
2026-06-29T10:35:00+00:00,7461.25,7465.0,7459.25,7463.5,2343
2026-06-29T10:40:00+00:00,7463.75,7464.25,7461.5,7462.0,851
2026-06-29T10:45:00+00:00,7462.0,7462.25,7456.0,7461.5,2083
2026-06-29T10:50:00+00:00,7461.75,7463.25,7460.75,7462.25,853
2026-06-29T10:55:00+00:00,7462.5,7466.75,7461.5,7466.0,2140
2026-06-29T11:00:00+00:00,7466.0,7469.5,7465.25,7469.0,2970
2026-06-29T11:05:00+00:00,7469.25,7470.5,7467.0,7467.0,1681
2026-06-29T11:10:00+00:00,7467.0,7467.25,7462.5,7463.0,1335
2026-06-29T11:15:00+00:00,7463.5,7464.5,7459.5,7460.25,1612
2026-06-29T11:20:00+00:00,7460.25,7462.0,7456.75,7460.0,2231
2026-06-29T11:25:00+00:00,7460.25,7463.25,7460.0,7462.0,814
2026-06-29T11:30:00+00:00,7461.75,7473.75,7460.5,7465.75,5354
2026-06-29T11:35:00+00:00,7465.5,7466.5,7463.25,7463.75,970
2026-06-29T11:40:00+00:00,7463.75,7466.75,7463.0,7464.75,1449
2026-06-29T11:45:00+00:00,7464.75,7467.75,7464.25,7466.25,1249
2026-06-29T11:50:00+00:00,7466.25,7469.0,7464.25,7465.25,1348
2026-06-29T11:55:00+00:00,7465.0,7466.0,7462.5,7463.5,1661
2026-06-29T12:00:00+00:00,7463.5,7465.5,7461.25,7464.25,1708
2026-06-29T12:05:00+00:00,7464.25,7465.5,7462.25,7465.0,990
2026-06-29T12:10:00+00:00,7465.0,7467.75,7465.0,7466.25,1221
2026-06-29T12:15:00+00:00,7466.25,7468.5,7465.0,7467.0,1457
2026-06-29T12:20:00+00:00,7467.0,7467.5,7463.75,7464.75,1189
2026-06-29T12:25:00+00:00,7464.75,7468.0,7464.75,7465.5,897
2026-06-29T12:30:00+00:00,7465.5,7467.25,7460.75,7467.0,2253
2026-06-29T12:35:00+00:00,7467.0,7467.75,7460.25,7460.75,1986
2026-06-29T12:40:00+00:00,7460.75,7461.5,7455.0,7459.25,3064
2026-06-29T12:45:00+00:00,7459.0,7461.5,7457.5,7458.75,2077
2026-06-29T12:50:00+00:00,7458.75,7461.25,7457.75,7460.0,1706
2026-06-29T12:55:00+00:00,7460.0,7464.25,7459.75,7464.25,1502
2026-06-29T13:00:00+00:00,7464.0,7466.75,7463.75,7464.25,2150
2026-06-29T13:05:00+00:00,7464.5,7466.5,7463.0,7464.0,2114
2026-06-29T13:10:00+00:00,7464.0,7468.5,7463.5,7467.75,2065
2026-06-29T13:15:00+00:00,7467.75,7469.0,7466.5,7466.75,2097
2026-06-29T13:20:00+00:00,7466.75,7467.25,7458.25,7459.25,3769
2026-06-29T13:25:00+00:00,7459.5,7460.5,7454.5,7457.0,6011
2026-06-29T13:30:00+00:00,7457.0,7479.0,7444.5,7478.0,48003
2026-06-29T13:35:00+00:00,7478.0,7478.25,7460.0,7471.25,33645
2026-06-29T13:40:00+00:00,7471.5,7483.75,7464.75,7483.5,25316
2026-06-29T13:45:00+00:00,7483.5,7488.25,7478.5,7479.0,23565
2026-06-29T13:50:00+00:00,7479.25,7489.75,7474.0,7479.5,23843
2026-06-29T13:55:00+00:00,7479.5,7480.75,7453.75,7458.75,38336
2026-06-29T14:00:00+00:00,7458.5,7460.75,7448.25,7449.75,33538
2026-06-29T14:05:00+00:00,7449.75,7450.75,7435.25,7439.5,33324
2026-06-29T14:10:00+00:00,7439.5,7442.5,7415.25,7415.25,34998
2026-06-29T14:15:00+00:00,7415.5,7428.5,7409.0,7425.75,39487
2026-06-29T14:20:00+00:00,7425.75,7434.5,7421.5,7430.25,30325
2026-06-29T14:25:00+00:00,7430.5,7450.75,7430.0,7449.5,29156
2026-06-29T14:30:00+00:00,7449.5,7465.75,7448.0,7463.0,30607
2026-06-29T14:35:00+00:00,7462.75,7466.5,7457.5,7460.75,22259
2026-06-29T14:40:00+00:00,7460.5,7468.0,7457.25,7459.5,19585
2026-06-29T14:45:00+00:00,7459.75,7460.0,7447.75,7455.5,29835
2026-06-29T14:50:00+00:00,7455.5,7472.5,7455.0,7469.0,23918
2026-06-29T14:55:00+00:00,7468.75,7468.75,7460.5,7468.0,17028
2026-06-29T15:00:00+00:00,7468.0,7469.5,7461.25,7463.0,13321
2026-06-29T15:05:00+00:00,7463.0,7465.0,7459.25,7461.25,11507
2026-06-29T15:10:00+00:00,7461.25,7464.25,7454.5,7464.0,17121
2026-06-29T15:15:00+00:00,7464.25,7467.0,7458.5,7459.0,10370
2026-06-29T15:20:00+00:00,7459.0,7464.5,7453.0,7456.5,13085
2026-06-29T15:25:00+00:00,7456.75,7468.0,7454.75,7467.25,10252
2026-06-29T15:30:00+00:00,7467.0,7469.75,7464.5,7465.75,8204
2026-06-29T15:35:00+00:00,7465.5,7471.0,7461.5,7470.0,8960
2026-06-29T15:40:00+00:00,7470.0,7475.0,7466.75,7474.25,8688
2026-06-29T15:45:00+00:00,7474.25,7474.5,7467.75,7469.0,7236
2026-06-29T15:50:00+00:00,7469.0,7472.0,7467.25,7470.25,6504
2026-06-29T15:55:00+00:00,7470.25,7476.25,7468.0,7475.25,8569
2026-06-29T16:00:00+00:00,7475.0,7479.5,7474.5,7479.25,9223
2026-06-29T16:05:00+00:00,7479.25,7481.75,7476.5,7478.25,7727
2026-06-29T16:10:00+00:00,7478.25,7480.0,7474.5,7475.5,5569
2026-06-29T16:15:00+00:00,7475.5,7478.0,7474.75,7476.0,4666
2026-06-29T16:20:00+00:00,7475.75,7478.5,7474.0,7478.25,5475
2026-06-29T16:25:00+00:00,7478.25,7479.25,7473.0,7474.0,5056
2026-06-29T16:30:00+00:00,7474.0,7475.75,7470.0,7471.25,5916
2026-06-29T16:35:00+00:00,7471.5,7474.75,7470.25,7474.75,5303
2026-06-29T16:40:00+00:00,7474.75,7476.25,7473.5,7475.5,4752
2026-06-29T16:45:00+00:00,7475.25,7476.75,7472.0,7475.0,4577
2026-06-29T16:50:00+00:00,7475.0,7480.0,7474.25,7479.25,6803
2026-06-29T16:55:00+00:00,7479.0,7479.5,7476.5,7477.5,3509
2026-06-29T17:00:00+00:00,7477.5,7481.5,7477.25,7480.75,3935
2026-06-29T17:05:00+00:00,7480.75,7484.5,7480.25,7483.5,5540
2026-06-29T17:10:00+00:00,7483.5,7492.75,7483.25,7490.25,11428
2026-06-29T17:15:00+00:00,7490.25,7493.75,7489.25,7491.25,7749
2026-06-29T17:20:00+00:00,7491.5,7494.75,7485.25,7485.75,8983
2026-06-29T17:25:00+00:00,7485.75,7492.5,7485.0,7491.5,5873
2026-06-29T17:30:00+00:00,7491.75,7496.75,7490.0,7493.0,9278
2026-06-29T17:35:00+00:00,7493.0,7494.75,7490.0,7493.25,4474
2026-06-29T17:40:00+00:00,7493.25,7494.75,7492.75,7493.0,3147
2026-06-29T17:45:00+00:00,7493.25,7496.25,7491.25,7495.0,3765
2026-06-29T17:50:00+00:00,7495.25,7498.75,7494.0,7495.75,5048
2026-06-29T17:55:00+00:00,7495.75,7497.5,7491.75,7494.25,4881
2026-06-29T18:00:00+00:00,7494.25,7498.0,7492.25,7496.0,4692
2026-06-29T18:05:00+00:00,7496.0,7497.75,7494.25,7495.25,3173
2026-06-29T18:10:00+00:00,7495.25,7497.25,7494.25,7495.75,2813
2026-06-29T18:15:00+00:00,7495.5,7496.5,7493.5,7494.0,3822
2026-06-29T18:20:00+00:00,7494.0,7496.0,7491.5,7494.0,4290
2026-06-29T18:25:00+00:00,7493.75,7494.0,7491.25,7492.25,3961
2026-06-29T18:30:00+00:00,7492.25,7497.25,7491.75,7496.25,5361
2026-06-29T18:35:00+00:00,7496.25,7499.5,7495.25,7497.75,5681
2026-06-29T18:40:00+00:00,7498.0,7500.75,7496.75,7499.75,5105
2026-06-29T18:45:00+00:00,7499.75,7502.25,7498.75,7499.5,5284
2026-06-29T18:50:00+00:00,7499.5,7499.75,7496.75,7498.5,3854
2026-06-29T18:55:00+00:00,7498.5,7499.25,7495.25,7497.0,3917
2026-06-29T19:00:00+00:00,7496.75,7499.25,7494.75,7495.75,4992
2026-06-29T19:05:00+00:00,7495.75,7499.25,7495.0,7497.5,5620
2026-06-29T19:10:00+00:00,7497.25,7497.75,7494.75,7495.5,6454
2026-06-29T19:15:00+00:00,7495.25,7497.5,7493.0,7495.75,7883
2026-06-29T19:20:00+00:00,7495.75,7500.5,7495.75,7499.0,6300
2026-06-29T19:25:00+00:00,7499.0,7499.75,7497.75,7497.75,4378
2026-06-29T19:30:00+00:00,7497.75,7498.5,7493.5,7494.0,6499
2026-06-29T19:35:00+00:00,7494.0,7496.75,7493.75,7496.25,5857
2026-06-29T19:40:00+00:00,7496.25,7498.75,7493.5,7495.25,6765
2026-06-29T19:45:00+00:00,7495.25,7497.5,7494.75,7497.25,4704
2026-06-29T19:50:00+00:00,7497.25,7499.75,7491.5,7492.5,14459
2026-06-29T19:55:00+00:00,7492.75,7505.0,7491.75,7497.0,26473
2026-06-29T20:00:00+00:00,7497.0,7499.0,7491.75,7495.25,11023
2026-06-29T20:05:00+00:00,7495.0,7496.75,7494.25,7495.75,2157
2026-06-29T20:10:00+00:00,7495.75,7498.5,7495.25,7497.75,1864
2026-06-29T20:15:00+00:00,7497.5,7498.5,7496.75,7498.0,1081
2026-06-29T20:20:00+00:00,7497.75,7499.75,7497.25,7498.75,1092
2026-06-29T20:25:00+00:00,7498.75,7499.5,7497.0,7497.5,1051
2026-06-29T20:30:00+00:00,7497.25,7497.5,7495.5,7495.75,967
2026-06-29T20:35:00+00:00,7495.75,7496.0,7492.5,7493.0,1337
2026-06-29T20:40:00+00:00,7493.0,7494.25,7492.5,7493.5,935
2026-06-29T20:45:00+00:00,7493.75,7493.75,7491.0,7493.5,1258
2026-06-29T20:50:00+00:00,7493.25,7494.5,7493.0,7493.75,1332
2026-06-29T20:55:00+00:00,7493.5,7495.5,7493.0,7493.0,1257
2026-06-29T22:00:00+00:00,7494.75,7496.5,7490.5,7493.0,0
2026-06-29T22:05:00+00:00,7493.25,7496.75,7491.5,7494.75,1590
2026-06-29T22:10:00+00:00,7495.25,7497.25,7493.5,7494.0,1007
2026-06-29T22:15:00+00:00,7494.0,7495.5,7492.75,7495.5,515
2026-06-29T22:20:00+00:00,7495.25,7496.75,7494.75,7494.75,647
2026-06-29T22:25:00+00:00,7494.75,7495.5,7493.25,7493.75,503
2026-06-29T22:30:00+00:00,7494.25,7494.5,7491.25,7492.75,1066
2026-06-29T22:35:00+00:00,7492.5,7493.25,7492.0,7492.75,302
2026-06-29T22:40:00+00:00,7493.0,7497.0,7492.0,7496.0,1279
2026-06-29T22:45:00+00:00,7496.0,7496.25,7494.25,7495.25,461
2026-06-29T22:50:00+00:00,7494.75,7495.0,7493.0,7495.0,477
2026-06-29T22:55:00+00:00,7495.0,7495.0,7493.5,7494.25,362
2026-06-29T23:00:00+00:00,7494.5,7495.75,7493.5,7495.75,313
2026-06-29T23:05:00+00:00,7495.75,7498.5,7495.0,7498.25,935
2026-06-29T23:10:00+00:00,7498.0,7499.0,7495.25,7496.25,990
2026-06-29T23:15:00+00:00,7496.25,7497.75,7495.25,7496.25,549
2026-06-29T23:20:00+00:00,7496.25,7497.0,7495.0,7495.75,360
2026-06-29T23:25:00+00:00,7495.75,7497.25,7495.5,7496.25,405
2026-06-29T23:30:00+00:00,7496.0,7498.75,7494.75,7498.25,681
2026-06-29T23:35:00+00:00,7498.0,7498.25,7496.5,7496.75,364
2026-06-29T23:40:00+00:00,7496.75,7497.75,7495.75,7496.25,589
2026-06-29T23:45:00+00:00,7496.0,7496.5,7492.25,7493.5,1496
2026-06-29T23:50:00+00:00,7493.75,7494.5,7491.5,7493.5,908
2026-06-29T23:55:00+00:00,7493.5,7497.0,7493.0,7495.5,893
2026-06-30T00:00:00+00:00,7495.5,7496.25,7491.25,7496.25,1814
2026-06-30T00:05:00+00:00,7496.25,7500.5,7495.25,7496.0,2320
2026-06-30T00:10:00+00:00,7496.25,7501.0,7494.75,7499.0,1557
2026-06-30T00:15:00+00:00,7499.25,7501.25,7497.5,7498.25,1192
2026-06-30T00:20:00+00:00,7498.25,7498.75,7494.0,7496.0,1293
2026-06-30T00:25:00+00:00,7496.0,7496.5,7489.25,7491.0,2344
2026-06-30T00:30:00+00:00,7491.0,7491.5,7481.75,7486.25,3947
2026-06-30T00:35:00+00:00,7486.0,7488.0,7483.75,7486.75,1781
2026-06-30T00:40:00+00:00,7487.25,7489.0,7484.0,7484.75,1878
2026-06-30T00:45:00+00:00,7484.75,7490.75,7484.0,7489.75,2115
2026-06-30T00:50:00+00:00,7490.25,7492.75,7488.5,7492.25,1590
2026-06-30T00:55:00+00:00,7492.5,7493.25,7490.75,7492.75,1029
2026-06-30T01:00:00+00:00,7492.75,7494.0,7487.0,7488.25,2101
2026-06-30T01:05:00+00:00,7488.75,7489.0,7485.75,7486.0,1336
2026-06-30T01:10:00+00:00,7486.5,7487.25,7484.0,7486.25,1370
2026-06-30T01:15:00+00:00,7486.25,7489.5,7485.0,7489.0,1303
2026-06-30T01:20:00+00:00,7489.25,7491.5,7487.5,7489.75,1130
2026-06-30T01:25:00+00:00,7489.75,7499.0,7489.0,7498.75,2427
2026-06-30T01:30:00+00:00,7499.0,7501.25,7496.75,7497.75,2642
2026-06-30T01:35:00+00:00,7498.0,7498.0,7492.25,7494.5,1695
2026-06-30T01:40:00+00:00,7494.75,7498.75,7494.5,7497.5,1040
2026-06-30T01:45:00+00:00,7497.75,7498.25,7493.5,7496.0,1051
2026-06-30T01:50:00+00:00,7496.25,7498.25,7495.25,7497.5,634
2026-06-30T01:55:00+00:00,7497.5,7498.75,7496.75,7498.25,518
2026-06-30T02:00:00+00:00,7498.5,7498.75,7493.75,7494.75,1162
2026-06-30T02:05:00+00:00,7495.0,7495.5,7492.75,7494.75,665
2026-06-30T02:10:00+00:00,7494.5,7494.75,7491.25,7492.0,1042
2026-06-30T02:15:00+00:00,7492.25,7492.75,7488.25,7490.25,1385
2026-06-30T02:20:00+00:00,7490.5,7494.75,7489.75,7494.25,1127
2026-06-30T02:25:00+00:00,7494.25,7495.75,7493.0,7494.0,732
2026-06-30T02:30:00+00:00,7494.0,7496.25,7493.0,7494.0,779
2026-06-30T02:35:00+00:00,7494.25,7494.75,7493.0,7494.0,283
2026-06-30T02:40:00+00:00,7494.5,7495.0,7491.75,7492.75,536
2026-06-30T02:45:00+00:00,7492.75,7494.75,7492.25,7494.25,397
2026-06-30T02:50:00+00:00,7494.5,7494.75,7493.0,7493.75,308
2026-06-30T02:55:00+00:00,7494.0,7494.75,7490.5,7491.25,668
2026-06-30T03:00:00+00:00,7491.25,7492.25,7490.0,7491.75,494
2026-06-30T03:05:00+00:00,7491.75,7494.75,7491.75,7494.25,422
2026-06-30T03:10:00+00:00,7494.5,7494.75,7492.75,7493.0,429
2026-06-30T03:15:00+00:00,7493.5,7496.75,7493.5,7495.75,547
2026-06-30T03:20:00+00:00,7496.0,7496.5,7494.25,7494.75,376
2026-06-30T03:25:00+00:00,7494.25,7497.25,7493.75,7496.5,537
2026-06-30T03:30:00+00:00,7496.75,7499.0,7495.5,7498.5,824
2026-06-30T03:35:00+00:00,7498.5,7503.0,7497.75,7502.75,1754
2026-06-30T03:40:00+00:00,7502.75,7504.75,7501.75,7503.75,1038
2026-06-30T03:45:00+00:00,7503.75,7504.5,7502.75,7504.5,508
2026-06-30T03:50:00+00:00,7504.5,7506.75,7503.5,7503.5,1375
2026-06-30T03:55:00+00:00,7503.75,7503.75,7501.5,7502.5,763
2026-06-30T04:05:00+00:00,7506.25,7506.5,7505.5,7505.75,2199
2026-06-30T04:10:00+00:00,7506.0,7507.0,7505.5,7506.75,252
2026-06-30T04:15:00+00:00,7506.5,7507.0,7505.75,7506.25,384
2026-06-30T04:20:00+00:00,7506.25,7508.25,7506.0,7506.75,667
2026-06-30T04:25:00+00:00,7507.0,7509.0,7507.0,7509.0,823
2026-06-30T04:30:00+00:00,7508.75,7510.25,7507.75,7510.0,1048
2026-06-30T04:35:00+00:00,7510.0,7513.25,7510.0,7512.75,1625
2026-06-30T04:40:00+00:00,7512.75,7513.25,7511.5,7513.0,913
2026-06-30T04:45:00+00:00,7513.0,7513.5,7510.25,7511.75,694
2026-06-30T04:50:00+00:00,7511.5,7512.5,7510.0,7511.5,690
2026-06-30T04:55:00+00:00,7511.0,7512.25,7510.25,7511.0,459
2026-06-30T05:00:00+00:00,7511.25,7514.5,7510.75,7512.5,1339
2026-06-30T05:05:00+00:00,7512.5,7513.0,7511.5,7511.75,433
2026-06-30T05:10:00+00:00,7511.5,7513.0,7511.0,7512.75,495
2026-06-30T05:15:00+00:00,7512.5,7512.75,7510.25,7510.75,599
2026-06-30T05:20:00+00:00,7510.75,7513.5,7510.25,7512.75,517
2026-06-30T05:25:00+00:00,7512.75,7513.0,7508.0,7508.5,1613
2026-06-30T05:30:00+00:00,7508.75,7508.75,7505.25,7505.5,1590
2026-06-30T05:35:00+00:00,7505.5,7506.25,7503.5,7506.25,1446
2026-06-30T05:40:00+00:00,7506.0,7509.0,7506.0,7506.5,1331
2026-06-30T05:45:00+00:00,7506.75,7508.5,7506.25,7508.5,437
2026-06-30T05:50:00+00:00,7508.75,7510.5,7507.5,7509.75,973
2026-06-30T05:55:00+00:00,7509.5,7511.0,7509.0,7510.25,544
2026-06-30T06:00:00+00:00,7510.25,7511.25,7508.75,7510.5,1250
2026-06-30T06:05:00+00:00,7510.0,7510.25,7507.25,7507.75,875
2026-06-30T06:10:00+00:00,7508.0,7510.25,7507.25,7508.5,980
2026-06-30T06:15:00+00:00,7508.5,7508.5,7506.5,7507.0,792
2026-06-30T06:20:00+00:00,7506.75,7507.0,7504.5,7505.75,1094
2026-06-30T06:25:00+00:00,7505.5,7508.75,7502.75,7508.0,1754
2026-06-30T06:30:00+00:00,7508.0,7508.5,7501.5,7503.0,1831
2026-06-30T06:35:00+00:00,7503.0,7505.75,7502.5,7503.75,1053
2026-06-30T06:40:00+00:00,7504.25,7505.5,7502.5,7503.0,538
2026-06-30T06:45:00+00:00,7502.5,7507.25,7502.5,7507.25,1095
2026-06-30T06:50:00+00:00,7507.0,7507.25,7505.75,7506.25,559
2026-06-30T06:55:00+00:00,7506.25,7509.0,7506.25,7508.75,672
2026-06-30T07:00:00+00:00,7508.75,7511.75,7507.0,7510.25,2047
2026-06-30T07:05:00+00:00,7510.25,7512.75,7508.0,7508.75,1400
2026-06-30T07:10:00+00:00,7508.75,7509.0,7505.25,7506.0,1370
2026-06-30T07:15:00+00:00,7506.0,7507.75,7504.75,7505.25,1297
2026-06-30T07:20:00+00:00,7505.25,7508.75,7504.5,7508.25,1000
2026-06-30T07:25:00+00:00,7508.25,7509.5,7507.25,7507.75,801
2026-06-30T07:30:00+00:00,7507.75,7509.5,7507.25,7508.0,763
2026-06-30T07:35:00+00:00,7508.0,7510.0,7507.25,7507.5,753
2026-06-30T07:40:00+00:00,7507.5,7508.75,7506.75,7507.0,687
2026-06-30T07:45:00+00:00,7507.25,7507.25,7503.75,7505.75,1224
2026-06-30T07:50:00+00:00,7505.5,7505.75,7500.5,7503.75,1699
2026-06-30T07:55:00+00:00,7503.75,7504.5,7501.5,7502.25,712
2026-06-30T08:00:00+00:00,7502.0,7508.5,7501.5,7505.0,2182
2026-06-30T08:05:00+00:00,7505.25,7508.0,7504.75,7505.5,1262
2026-06-30T08:10:00+00:00,7505.75,7508.25,7502.75,7502.75,1193
2026-06-30T08:15:00+00:00,7502.75,7503.75,7499.25,7503.25,2031
2026-06-30T08:20:00+00:00,7503.5,7508.0,7503.25,7508.0,1232
2026-06-30T08:25:00+00:00,7508.0,7509.25,7506.25,7508.75,935
2026-06-30T08:30:00+00:00,7508.5,7510.25,7502.0,7502.5,1713
2026-06-30T08:35:00+00:00,7502.75,7503.25,7497.5,7498.0,2221
2026-06-30T08:40:00+00:00,7497.75,7499.5,7494.75,7498.5,1932
2026-06-30T08:45:00+00:00,7498.75,7499.25,7494.5,7495.75,1464
2026-06-30T08:50:00+00:00,7496.0,7500.75,7494.0,7500.75,1664
2026-06-30T08:55:00+00:00,7500.75,7503.0,7499.75,7502.0,814
2026-06-30T09:00:00+00:00,7502.0,7504.5,7500.25,7504.25,1286
2026-06-30T09:05:00+00:00,7504.0,7504.25,7501.25,7501.5,661
2026-06-30T09:10:00+00:00,7501.75,7504.5,7500.75,7503.75,796
2026-06-30T09:15:00+00:00,7503.75,7505.75,7503.5,7504.5,821
2026-06-30T09:20:00+00:00,7504.75,7505.0,7502.75,7503.5,693
2026-06-30T09:25:00+00:00,7503.75,7505.0,7502.5,7502.75,879
2026-06-30T09:30:00+00:00,7502.5,7503.0,7498.25,7499.25,1492
2026-06-30T09:35:00+00:00,7499.25,7504.0,7499.0,7503.75,1105
2026-06-30T09:40:00+00:00,7504.0,7505.75,7503.5,7504.5,824
2026-06-30T09:45:00+00:00,7505.0,7508.0,7504.75,7507.75,984
2026-06-30T09:50:00+00:00,7508.0,7508.25,7506.25,7507.0,887
2026-06-30T09:55:00+00:00,7507.0,7508.0,7505.75,7506.0,626
2026-06-30T10:00:00+00:00,7506.25,7506.75,7503.75,7505.25,1169
2026-06-30T10:05:00+00:00,7505.0,7508.75,7504.75,7507.5,848
2026-06-30T10:10:00+00:00,7507.25,7507.25,7505.0,7507.0,1089
2026-06-30T10:15:00+00:00,7507.0,7508.75,7506.75,7508.0,936
2026-06-30T10:20:00+00:00,7507.75,7509.0,7506.0,7506.25,778
2026-06-30T10:25:00+00:00,7506.25,7508.75,7506.0,7508.25,782
2026-06-30T10:30:00+00:00,7508.25,7509.0,7506.0,7506.5,925
2026-06-30T10:35:00+00:00,7506.25,7506.5,7504.25,7505.75,823
2026-06-30T10:40:00+00:00,7505.75,7508.25,7505.5,7507.0,705
2026-06-30T10:45:00+00:00,7507.0,7510.75,7505.25,7509.75,1205
2026-06-30T10:50:00+00:00,7509.5,7511.25,7508.5,7511.0,1186
2026-06-30T10:55:00+00:00,7510.75,7515.0,7510.0,7513.0,1536
2026-06-30T11:00:00+00:00,7513.0,7514.75,7511.25,7514.25,1341
2026-06-30T11:05:00+00:00,7514.25,7517.0,7514.25,7515.75,1738
2026-06-30T11:10:00+00:00,7515.75,7517.0,7514.75,7516.5,1097
2026-06-30T11:15:00+00:00,7516.75,7517.5,7514.75,7515.0,1207
2026-06-30T11:20:00+00:00,7515.25,7515.75,7511.5,7511.75,1316
2026-06-30T11:25:00+00:00,7511.5,7512.5,7509.0,7511.5,2341
2026-06-30T11:30:00+00:00,7511.25,7512.75,7510.0,7511.0,1181
2026-06-30T11:35:00+00:00,7511.0,7512.5,7510.25,7511.0,799
2026-06-30T11:40:00+00:00,7510.75,7515.25,7510.75,7514.5,1375
2026-06-30T11:45:00+00:00,7514.25,7517.5,7513.75,7516.75,1426
2026-06-30T11:50:00+00:00,7516.75,7517.5,7512.75,7513.75,2566
2026-06-30T11:55:00+00:00,7513.5,7513.5,7510.25,7510.5,1523
2026-06-30T12:00:00+00:00,7510.75,7511.25,7504.0,7505.25,3570
2026-06-30T12:05:00+00:00,7505.0,7506.25,7503.0,7504.5,2464
2026-06-30T12:10:00+00:00,7504.25,7508.0,7501.5,7502.75,2830
2026-06-30T12:15:00+00:00,7502.5,7503.5,7500.0,7502.0,2978
2026-06-30T12:20:00+00:00,7502.0,7502.25,7497.5,7499.0,2549
2026-06-30T12:25:00+00:00,7499.0,7499.75,7495.75,7496.25,3026
2026-06-30T12:30:00+00:00,7496.0,7497.5,7491.5,7494.25,3872
2026-06-30T12:35:00+00:00,7494.5,7498.25,7493.75,7498.0,2759
2026-06-30T12:40:00+00:00,7498.0,7500.75,7497.0,7499.25,2704
2026-06-30T12:45:00+00:00,7499.25,7501.0,7498.0,7500.75,2007
2026-06-30T12:50:00+00:00,7500.75,7502.0,7499.5,7500.25,2029
2026-06-30T12:55:00+00:00,7500.25,7500.75,7496.5,7496.75,2531
2026-06-30T13:00:00+00:00,7497.0,7498.75,7494.75,7495.25,2848
2026-06-30T13:05:00+00:00,7495.5,7498.25,7494.0,7495.5,2842
2026-06-30T13:10:00+00:00,7495.75,7499.5,7495.5,7496.5,2623
2026-06-30T13:15:00+00:00,7496.25,7498.0,7495.0,7497.0,2803
2026-06-30T13:20:00+00:00,7497.0,7498.0,7492.25,7492.75,2869
2026-06-30T13:25:00+00:00,7492.75,7500.75,7492.75,7500.25,6401
2026-06-30T13:30:00+00:00,7500.0,7506.75,7495.75,7500.25,28417
2026-06-30T13:35:00+00:00,7500.25,7508.0,7498.25,7501.75,18698
2026-06-30T13:40:00+00:00,7501.5,7510.5,7499.25,7506.0,18513
2026-06-30T13:45:00+00:00,7506.0,7510.5,7503.5,7507.0,13187
2026-06-30T13:50:00+00:00,7507.0,7522.0,7505.75,7518.75,23908
2026-06-30T13:55:00+00:00,7518.75,7527.0,7518.25,7526.75,14593
2026-06-30T14:00:00+00:00,7526.75,7532.75,7515.5,7532.5,24005
2026-06-30T14:05:00+00:00,7532.5,7532.5,7520.75,7522.75,15296
2026-06-30T14:10:00+00:00,7522.75,7526.25,7518.75,7523.75,13802
2026-06-30T14:15:00+00:00,7523.5,7526.25,7520.25,7523.25,10336
2026-06-30T14:20:00+00:00,7523.0,7532.25,7522.0,7530.75,11921
2026-06-30T14:25:00+00:00,7530.75,7533.5,7527.0,7532.5,9653
2026-06-30T14:30:00+00:00,7532.5,7541.25,7532.0,7541.25,13556
2026-06-30T14:35:00+00:00,7541.25,7541.75,7531.0,7533.5,13041
2026-06-30T14:40:00+00:00,7533.5,7537.25,7529.0,7535.5,13768
2026-06-30T14:45:00+00:00,7535.75,7535.75,7523.75,7526.0,13393
2026-06-30T14:50:00+00:00,7526.25,7530.25,7520.25,7521.0,13064
2026-06-30T14:55:00+00:00,7521.0,7524.5,7516.5,7520.5,15880
2026-06-30T15:00:00+00:00,7520.5,7530.75,7519.75,7529.25,13509
2026-06-30T15:05:00+00:00,7529.25,7532.75,7525.25,7532.0,9659
2026-06-30T15:10:00+00:00,7532.0,7536.75,7530.75,7535.5,9093
2026-06-30T15:15:00+00:00,7535.5,7536.25,7531.0,7533.25,7238
2026-06-30T15:20:00+00:00,7533.25,7540.0,7533.0,7539.5,8497
2026-06-30T15:25:00+00:00,7539.25,7541.5,7537.5,7540.5,7165
2026-06-30T15:30:00+00:00,7540.5,7542.75,7538.25,7542.25,6533
2026-06-30T15:35:00+00:00,7542.25,7542.75,7536.0,7537.0,7161
2026-06-30T15:40:00+00:00,7536.75,7540.25,7535.5,7537.5,6139
2026-06-30T15:45:00+00:00,7537.75,7544.5,7537.75,7541.25,7781
2026-06-30T15:50:00+00:00,7541.5,7545.0,7540.0,7544.25,5946
2026-06-30T15:55:00+00:00,7544.25,7547.75,7543.5,7545.75,7369
2026-06-30T16:00:00+00:00,7545.75,7549.5,7545.25,7548.0,5238
2026-06-30T16:05:00+00:00,7548.25,7552.25,7547.75,7548.5,6646
2026-06-30T16:10:00+00:00,7548.5,7551.0,7548.25,7550.5,4086
2026-06-30T16:15:00+00:00,7550.5,7554.5,7549.5,7551.5,6710
2026-06-30T16:20:00+00:00,7551.75,7553.25,7550.25,7551.75,3478
2026-06-30T16:25:00+00:00,7552.0,7552.0,7550.25,7550.5,3037
2026-06-30T16:30:00+00:00,7550.5,7552.0,7548.75,7549.75,4996
2026-06-30T16:35:00+00:00,7550.0,7552.0,7549.0,7551.75,3004
2026-06-30T16:40:00+00:00,7551.75,7553.75,7551.0,7553.0,3750
2026-06-30T16:45:00+00:00,7553.25,7555.75,7552.25,7555.25,4521
2026-06-30T16:50:00+00:00,7555.5,7558.25,7554.0,7557.0,5871
2026-06-30T16:55:00+00:00,7557.25,7557.75,7554.25,7555.5,3921
2026-06-30T17:00:00+00:00,7555.75,7559.5,7555.5,7557.75,4590
2026-06-30T17:05:00+00:00,7557.75,7558.5,7556.0,7556.5,2754
2026-06-30T17:10:00+00:00,7556.5,7557.0,7553.25,7553.5,3868
2026-06-30T17:15:00+00:00,7553.75,7555.25,7552.5,7553.75,3941
2026-06-30T17:20:00+00:00,7554.0,7556.5,7553.25,7554.0,3884
2026-06-30T17:25:00+00:00,7554.25,7554.75,7550.75,7552.25,4783
2026-06-30T17:30:00+00:00,7552.5,7554.25,7550.5,7553.25,4610
2026-06-30T17:35:00+00:00,7553.0,7553.5,7548.5,7549.25,5110
2026-06-30T17:40:00+00:00,7549.0,7553.5,7549.0,7553.5,4890
2026-06-30T17:45:00+00:00,7553.5,7554.0,7550.5,7551.0,3816
2026-06-30T17:50:00+00:00,7551.0,7553.5,7550.0,7551.75,3053
2026-06-30T17:55:00+00:00,7551.75,7553.0,7551.25,7552.0,1796
2026-06-30T18:00:00+00:00,7552.25,7556.0,7550.75,7554.25,6100
2026-06-30T18:05:00+00:00,7554.25,7555.25,7550.5,7554.0,5367
2026-06-30T18:10:00+00:00,7553.75,7556.0,7553.25,7555.25,3250
2026-06-30T18:15:00+00:00,7555.25,7557.25,7554.0,7556.75,3969
2026-06-30T18:20:00+00:00,7557.0,7558.25,7556.0,7556.0,4336
2026-06-30T18:25:00+00:00,7556.25,7556.75,7554.25,7555.5,3467
2026-06-30T18:30:00+00:00,7555.25,7555.75,7553.25,7554.5,2964
2026-06-30T18:35:00+00:00,7554.5,7556.25,7554.0,7555.0,2817
2026-06-30T18:40:00+00:00,7555.0,7559.25,7554.75,7557.25,4826
2026-06-30T18:45:00+00:00,7557.25,7561.0,7555.75,7560.5,5979
2026-06-30T18:50:00+00:00,7560.75,7562.25,7557.5,7558.75,6164
2026-06-30T18:55:00+00:00,7558.75,7560.75,7558.25,7558.5,3457
2026-06-30T19:00:00+00:00,7559.0,7561.25,7558.25,7559.5,3742
2026-06-30T19:05:00+00:00,7559.75,7563.75,7558.5,7562.5,5388
2026-06-30T19:10:00+00:00,7562.25,7565.0,7560.5,7564.5,6023
2026-06-30T19:15:00+00:00,7564.75,7567.75,7563.25,7563.5,7574
2026-06-30T19:20:00+00:00,7563.75,7565.5,7562.0,7563.5,5129
2026-06-30T19:25:00+00:00,7563.25,7564.0,7560.25,7561.25,4402
2026-06-30T19:30:00+00:00,7561.5,7562.0,7558.25,7558.75,5387
2026-06-30T19:35:00+00:00,7558.5,7559.0,7554.25,7556.25,7979
2026-06-30T19:40:00+00:00,7556.0,7558.25,7554.75,7557.75,5579
2026-06-30T19:45:00+00:00,7558.0,7560.25,7554.5,7555.5,7107
2026-06-30T19:50:00+00:00,7555.25,7561.25,7553.0,7560.25,14095
2026-06-30T19:55:00+00:00,7560.25,7564.0,7544.5,7545.0,54709
2026-06-30T20:00:00+00:00,7544.75,7552.5,7542.0,7551.5,14629
2026-06-30T20:05:00+00:00,7551.5,7553.25,7547.75,7549.75,3475
2026-06-30T20:10:00+00:00,7549.75,7549.75,7542.0,7545.25,4943
2026-06-30T20:15:00+00:00,7545.25,7547.25,7542.5,7543.75,2494
2026-06-30T20:20:00+00:00,7543.75,7544.0,7541.0,7542.5,1642
2026-06-30T20:25:00+00:00,7542.5,7543.25,7542.0,7542.75,759
2026-06-30T20:30:00+00:00,7542.5,7543.75,7541.5,7541.75,844
2026-06-30T20:35:00+00:00,7541.75,7542.5,7541.0,7541.75,864
2026-06-30T20:40:00+00:00,7541.5,7541.75,7540.5,7540.5,795
2026-06-30T20:45:00+00:00,7540.5,7541.0,7538.5,7539.5,1212
2026-06-30T20:50:00+00:00,7539.5,7541.25,7538.5,7540.5,1437
2026-06-30T20:55:00+00:00,7540.75,7542.5,7540.0,7541.75,1082
2026-06-30T22:00:00+00:00,7543.5,7546.75,7541.0,7545.0,0
2026-06-30T22:05:00+00:00,7545.0,7547.25,7545.0,7547.25,1226
2026-06-30T22:10:00+00:00,7547.0,7547.25,7543.25,7546.5,1272
2026-06-30T22:15:00+00:00,7546.25,7550.25,7546.25,7550.0,1697
2026-06-30T22:20:00+00:00,7549.75,7550.75,7549.0,7550.0,1052
2026-06-30T22:25:00+00:00,7549.75,7550.5,7549.0,7550.25,887
2026-06-30T22:30:00+00:00,7550.0,7550.25,7547.25,7547.75,1306
2026-06-30T22:35:00+00:00,7547.25,7548.0,7546.25,7547.25,872
2026-06-30T22:40:00+00:00,7547.5,7548.25,7546.75,7547.5,350
2026-06-30T22:45:00+00:00,7547.25,7547.5,7544.25,7545.0,938
2026-06-30T22:50:00+00:00,7545.25,7545.25,7541.75,7542.25,1217
2026-06-30T22:55:00+00:00,7542.5,7544.25,7542.25,7543.5,698
2026-06-30T23:00:00+00:00,7543.5,7544.75,7542.25,7543.0,794
2026-06-30T23:05:00+00:00,7542.75,7546.0,7542.0,7545.25,1358
2026-06-30T23:10:00+00:00,7545.25,7545.25,7543.0,7544.0,448
2026-06-30T23:15:00+00:00,7543.75,7545.25,7542.5,7544.5,564
2026-06-30T23:20:00+00:00,7544.75,7545.5,7543.75,7544.75,449
2026-06-30T23:25:00+00:00,7544.75,7546.25,7543.5,7544.0,848
2026-06-30T23:30:00+00:00,7544.25,7547.0,7543.5,7546.75,581
2026-06-30T23:35:00+00:00,7546.75,7546.75,7544.25,7545.75,634
2026-06-30T23:40:00+00:00,7545.75,7546.25,7544.75,7544.75,391
2026-06-30T23:45:00+00:00,7545.0,7547.25,7543.5,7545.25,955
2026-06-30T23:50:00+00:00,7545.0,7545.75,7542.5,7542.75,949
2026-06-30T23:55:00+00:00,7543.0,7545.75,7541.75,7545.0,934
2026-07-01T00:00:00+00:00,7545.0,7547.5,7543.75,7545.75,2044
2026-07-01T00:05:00+00:00,7545.75,7546.75,7543.25,7544.5,1274
2026-07-01T00:10:00+00:00,7544.75,7546.0,7543.25,7544.5,1044
2026-07-01T00:15:00+00:00,7544.25,7546.0,7543.0,7544.0,910
2026-07-01T00:20:00+00:00,7543.75,7545.5,7542.0,7543.75,1061
2026-07-01T00:25:00+00:00,7543.75,7546.0,7542.5,7545.75,996
2026-07-01T00:30:00+00:00,7545.75,7548.5,7545.25,7547.25,1253
2026-07-01T00:35:00+00:00,7547.25,7548.25,7545.25,7547.25,947
2026-07-01T00:40:00+00:00,7547.5,7548.75,7547.0,7547.25,572
2026-07-01T00:45:00+00:00,7547.5,7549.25,7547.0,7549.25,542
2026-07-01T00:50:00+00:00,7549.25,7549.25,7545.75,7546.0,1122
2026-07-01T00:55:00+00:00,7546.0,7547.5,7544.75,7544.75,920
2026-07-01T01:00:00+00:00,7545.0,7546.0,7539.75,7539.75,2308
2026-07-01T01:05:00+00:00,7540.25,7541.5,7538.5,7539.0,1885
2026-07-01T01:10:00+00:00,7539.0,7539.75,7534.75,7539.5,3215
2026-07-01T01:15:00+00:00,7539.75,7540.75,7534.5,7537.25,2697
2026-07-01T01:20:00+00:00,7537.25,7539.0,7535.5,7537.0,1204
2026-07-01T01:25:00+00:00,7537.0,7537.75,7535.75,7536.75,857
2026-07-01T01:30:00+00:00,7536.5,7539.0,7534.0,7535.0,1904
2026-07-01T01:35:00+00:00,7535.0,7537.25,7534.75,7536.0,991
2026-07-01T01:40:00+00:00,7536.0,7536.5,7534.5,7535.25,887
2026-07-01T01:45:00+00:00,7535.0,7536.25,7532.5,7534.0,1174
2026-07-01T01:50:00+00:00,7533.75,7534.25,7531.75,7533.75,1112
2026-07-01T01:55:00+00:00,7533.75,7535.75,7532.25,7532.75,1440
2026-07-01T02:00:00+00:00,7532.75,7533.25,7530.5,7531.25,1481
2026-07-01T02:05:00+00:00,7531.0,7531.0,7525.25,7527.25,3202
2026-07-01T02:10:00+00:00,7527.0,7527.25,7522.0,7523.75,3075
2026-07-01T02:15:00+00:00,7523.75,7526.5,7517.5,7525.75,4227
2026-07-01T02:20:00+00:00,7525.5,7527.5,7524.0,7526.25,1132
2026-07-01T02:25:00+00:00,7526.25,7528.25,7525.25,7528.25,1129
2026-07-01T02:30:00+00:00,7528.0,7529.25,7526.0,7526.0,1493
2026-07-01T02:35:00+00:00,7526.0,7528.5,7526.0,7528.0,726
2026-07-01T02:40:00+00:00,7528.0,7531.0,7527.5,7530.0,1382
2026-07-01T02:45:00+00:00,7530.25,7530.75,7528.75,7529.25,833
2026-07-01T02:50:00+00:00,7529.0,7529.75,7527.0,7529.5,1021
2026-07-01T02:55:00+00:00,7529.5,7529.75,7528.25,7529.0,428
2026-07-01T03:00:00+00:00,7529.0,7530.5,7528.5,7529.5,695
2026-07-01T03:05:00+00:00,7529.5,7531.75,7529.0,7531.25,1159
2026-07-01T03:10:00+00:00,7531.25,7533.25,7531.0,7532.75,963
2026-07-01T03:15:00+00:00,7532.5,7533.0,7529.0,7530.5,1209
2026-07-01T03:20:00+00:00,7530.5,7530.75,7527.75,7528.25,773
2026-07-01T03:25:00+00:00,7528.0,7528.75,7526.5,7527.5,819
2026-07-01T03:30:00+00:00,7527.5,7528.5,7526.25,7527.75,786
2026-07-01T03:35:00+00:00,7527.75,7531.75,7527.75,7531.25,1139
2026-07-01T03:40:00+00:00,7531.25,7531.75,7529.0,7529.5,818
2026-07-01T03:45:00+00:00,7529.25,7532.75,7529.25,7532.5,603
2026-07-01T03:50:00+00:00,7532.5,7534.0,7532.5,7532.5,984
2026-07-01T03:55:00+00:00,7532.75,7533.0,7531.75,7532.25,374
2026-07-01T04:05:00+00:00,7530.5,7530.75,7529.75,7530.0,1745
2026-07-01T04:10:00+00:00,7530.0,7530.75,7527.75,7528.0,660
2026-07-01T04:15:00+00:00,7528.0,7528.75,7527.25,7528.25,525
2026-07-01T04:20:00+00:00,7528.0,7529.75,7527.0,7528.5,543
2026-07-01T04:25:00+00:00,7528.25,7530.75,7527.75,7530.0,730
2026-07-01T04:30:00+00:00,7530.25,7530.5,7529.5,7530.25,262
2026-07-01T04:35:00+00:00,7530.25,7530.25,7527.5,7528.5,413
2026-07-01T04:40:00+00:00,7528.25,7531.5,7528.0,7530.75,701
2026-07-01T04:45:00+00:00,7531.25,7534.0,7531.25,7533.0,1001
2026-07-01T04:50:00+00:00,7533.0,7535.0,7533.0,7534.5,606
2026-07-01T04:55:00+00:00,7534.25,7534.75,7529.75,7530.5,882
2026-07-01T05:00:00+00:00,7530.75,7531.75,7528.75,7530.25,657
2026-07-01T05:05:00+00:00,7530.25,7532.5,7530.0,7531.5,627
2026-07-01T05:10:00+00:00,7531.25,7531.25,7530.0,7530.5,457
2026-07-01T05:15:00+00:00,7530.5,7531.25,7529.25,7530.5,467
2026-07-01T05:20:00+00:00,7530.5,7530.75,7528.0,7529.75,840
2026-07-01T05:25:00+00:00,7529.5,7529.5,7527.5,7528.25,606
2026-07-01T05:30:00+00:00,7528.5,7529.5,7527.5,7528.25,558
2026-07-01T05:35:00+00:00,7528.25,7529.0,7526.25,7528.5,987
2026-07-01T05:40:00+00:00,7528.5,7530.0,7527.75,7528.5,682
2026-07-01T05:45:00+00:00,7528.5,7530.0,7525.75,7526.25,798
2026-07-01T05:50:00+00:00,7526.5,7528.5,7526.0,7527.75,592
2026-07-01T05:55:00+00:00,7527.5,7528.5,7527.0,7527.5,306
2026-07-01T06:00:00+00:00,7527.5,7530.0,7524.75,7525.75,1315
2026-07-01T06:05:00+00:00,7525.5,7527.75,7525.25,7527.25,773
2026-07-01T06:10:00+00:00,7527.0,7529.25,7526.0,7526.5,1018
2026-07-01T06:15:00+00:00,7526.5,7528.0,7525.5,7525.75,706
2026-07-01T06:20:00+00:00,7526.0,7526.75,7525.5,7525.75,423
2026-07-01T06:25:00+00:00,7525.5,7526.5,7521.75,7525.75,2123
2026-07-01T06:30:00+00:00,7526.0,7527.25,7525.0,7525.25,692
2026-07-01T06:35:00+00:00,7525.25,7526.5,7524.5,7526.0,513
2026-07-01T06:40:00+00:00,7525.75,7527.0,7524.5,7526.75,585
2026-07-01T06:45:00+00:00,7526.75,7529.25,7526.0,7528.75,644
2026-07-01T06:50:00+00:00,7528.5,7528.75,7525.25,7525.25,472
2026-07-01T06:55:00+00:00,7525.5,7525.5,7522.75,7524.25,1121
2026-07-01T07:00:00+00:00,7524.5,7525.25,7520.5,7522.25,2114
2026-07-01T07:05:00+00:00,7522.5,7522.75,7519.0,7519.5,1498
2026-07-01T07:10:00+00:00,7519.5,7519.5,7514.0,7515.5,3123
2026-07-01T07:15:00+00:00,7515.5,7517.0,7510.5,7514.75,3152
2026-07-01T07:20:00+00:00,7514.75,7519.75,7511.25,7518.75,2343
2026-07-01T07:25:00+00:00,7518.75,7520.25,7517.75,7518.75,852
2026-07-01T07:30:00+00:00,7518.75,7521.75,7517.5,7521.25,980
2026-07-01T07:35:00+00:00,7521.25,7522.0,7519.25,7521.5,828
2026-07-01T07:40:00+00:00,7521.75,7521.75,7519.0,7519.5,710
2026-07-01T07:45:00+00:00,7519.5,7522.25,7518.25,7522.0,1008
2026-07-01T07:50:00+00:00,7522.0,7522.75,7519.5,7522.0,894
2026-07-01T07:55:00+00:00,7522.0,7524.25,7521.75,7523.0,857
2026-07-01T08:00:00+00:00,7523.0,7523.25,7520.0,7520.25,1507
2026-07-01T08:05:00+00:00,7520.0,7524.75,7519.25,7523.75,1559
2026-07-01T08:10:00+00:00,7523.75,7525.25,7522.5,7524.25,1007
2026-07-01T08:15:00+00:00,7524.25,7526.5,7523.25,7525.5,857
2026-07-01T08:20:00+00:00,7525.5,7526.5,7522.5,7524.25,933
2026-07-01T08:25:00+00:00,7524.25,7525.75,7522.5,7523.75,894
2026-07-01T08:30:00+00:00,7523.75,7526.0,7522.0,7525.25,950
2026-07-01T08:35:00+00:00,7525.0,7526.25,7524.5,7526.0,833
2026-07-01T08:40:00+00:00,7525.75,7528.5,7524.75,7527.5,1012
2026-07-01T08:45:00+00:00,7527.75,7527.75,7525.0,7525.5,2831
2026-07-01T08:50:00+00:00,7525.5,7529.25,7524.75,7528.5,3061
2026-07-01T08:55:00+00:00,7528.75,7529.25,7526.75,7529.0,3077
2026-07-01T09:00:00+00:00,7528.5,7529.0,7523.75,7524.25,3105
2026-07-01T09:05:00+00:00,7524.5,7526.25,7523.5,7524.75,2757
2026-07-01T09:10:00+00:00,7524.25,7526.75,7521.75,7525.75,3077
2026-07-01T09:15:00+00:00,7525.5,7526.25,7524.75,7525.75,459
2026-07-01T09:20:00+00:00,7525.75,7526.5,7525.25,7525.25,372
2026-07-01T09:25:00+00:00,7525.25,7526.0,7523.0,7525.75,446
2026-07-01T09:30:00+00:00,7525.25,7527.75,7524.75,7527.0,414
2026-07-01T09:35:00+00:00,7527.25,7527.5,7526.25,7527.0,211
2026-07-01T09:40:00+00:00,7527.0,7527.75,7526.5,7527.0,339
2026-07-01T09:45:00+00:00,7527.25,7529.25,7527.0,7528.5,567
2026-07-01T09:50:00+00:00,7528.5,7530.0,7527.5,7529.75,766
2026-07-01T09:55:00+00:00,7529.5,7531.25,7529.25,7531.0,901
2026-07-01T10:00:00+00:00,7531.0,7532.25,7530.0,7530.5,977
2026-07-01T10:05:00+00:00,7530.5,7530.5,7528.25,7529.25,635
2026-07-01T10:10:00+00:00,7529.0,7529.0,7526.0,7528.25,1059
2026-07-01T10:15:00+00:00,7528.5,7532.5,7528.5,7532.0,874
2026-07-01T10:20:00+00:00,7532.25,7534.75,7532.25,7534.25,1035
2026-07-01T10:25:00+00:00,7534.25,7535.5,7533.5,7534.75,820
2026-07-01T10:30:00+00:00,7534.5,7535.75,7533.75,7535.75,594
2026-07-01T10:35:00+00:00,7535.75,7536.75,7535.0,7536.0,835
2026-07-01T10:40:00+00:00,7536.25,7536.75,7531.0,7534.5,2166
2026-07-01T10:45:00+00:00,7534.25,7535.0,7533.5,7535.0,474
2026-07-01T10:50:00+00:00,7535.0,7536.75,7534.5,7536.0,586
2026-07-01T10:55:00+00:00,7536.25,7537.75,7535.5,7536.0,927
2026-07-01T11:00:00+00:00,7536.0,7539.5,7536.0,7538.5,1201
2026-07-01T11:05:00+00:00,7538.5,7539.75,7537.75,7538.75,769
2026-07-01T11:10:00+00:00,7538.75,7539.75,7536.5,7537.25,912
2026-07-01T11:15:00+00:00,7537.5,7539.0,7537.25,7537.25,740
2026-07-01T11:20:00+00:00,7537.25,7537.75,7536.0,7536.75,801
2026-07-01T11:25:00+00:00,7536.75,7538.0,7535.5,7536.25,551
2026-07-01T11:30:00+00:00,7536.0,7536.5,7534.5,7535.0,917
2026-07-01T11:35:00+00:00,7534.75,7535.5,7532.75,7534.75,939
2026-07-01T11:40:00+00:00,7535.0,7535.75,7532.25,7535.5,1267
2026-07-01T11:45:00+00:00,7535.5,7536.5,7532.5,7532.75,1042
2026-07-01T11:50:00+00:00,7532.75,7533.25,7530.0,7530.75,2027
2026-07-01T11:55:00+00:00,7530.5,7531.75,7530.0,7531.0,1479
2026-07-01T12:00:00+00:00,7531.0,7532.75,7527.25,7528.0,2235
2026-07-01T12:05:00+00:00,7527.75,7530.5,7527.25,7530.5,1521
2026-07-01T12:10:00+00:00,7530.5,7533.75,7530.0,7532.25,1957
2026-07-01T12:15:00+00:00,7532.75,7537.0,7532.75,7536.75,2011
2026-07-01T12:20:00+00:00,7537.0,7537.75,7535.5,7537.5,1208
2026-07-01T12:25:00+00:00,7537.25,7537.5,7535.5,7535.5,1240
2026-07-01T12:30:00+00:00,7535.75,7538.75,7527.75,7528.25,5591
2026-07-01T12:35:00+00:00,7528.25,7531.25,7526.25,7527.0,6332
2026-07-01T12:40:00+00:00,7527.0,7531.25,7524.75,7528.0,4688
2026-07-01T12:45:00+00:00,7528.0,7529.25,7525.5,7528.0,3571
2026-07-01T12:50:00+00:00,7528.0,7531.5,7526.25,7527.25,3309
2026-07-01T12:55:00+00:00,7527.5,7532.0,7525.25,7528.5,3550
2026-07-01T13:00:00+00:00,7528.25,7535.0,7528.25,7530.0,3680
2026-07-01T13:05:00+00:00,7529.75,7530.25,7523.75,7525.0,3717
2026-07-01T13:10:00+00:00,7525.5,7527.75,7524.0,7527.0,2857
2026-07-01T13:15:00+00:00,7527.25,7539.5,7527.0,7535.25,7478
2026-07-01T13:20:00+00:00,7535.0,7539.0,7534.5,7537.75,3699
2026-07-01T13:25:00+00:00,7537.75,7537.75,7528.5,7532.0,9611
2026-07-01T13:30:00+00:00,7532.0,7534.0,7507.25,7508.75,41133
2026-07-01T13:35:00+00:00,7508.75,7517.0,7506.0,7513.75,31647
2026-07-01T13:40:00+00:00,7513.75,7520.0,7510.0,7515.0,22233
2026-07-01T13:45:00+00:00,7514.75,7524.25,7511.25,7519.75,21233
2026-07-01T13:50:00+00:00,7519.75,7532.5,7519.0,7531.0,18029
2026-07-01T13:55:00+00:00,7530.5,7537.0,7528.0,7536.0,13998
2026-07-01T14:00:00+00:00,7537.0,7540.0,7533.0,7537.25,14784
2026-07-01T14:05:00+00:00,7537.5,7546.5,7536.5,7544.5,16482
2026-07-01T14:10:00+00:00,7544.25,7552.5,7543.5,7549.75,17731
2026-07-01T14:15:00+00:00,7550.0,7552.0,7546.75,7551.0,12066
2026-07-01T14:20:00+00:00,7550.75,7553.5,7549.75,7551.5,9695
2026-07-01T14:25:00+00:00,7551.5,7553.75,7550.25,7551.75,7683
2026-07-01T14:30:00+00:00,7551.75,7552.5,7543.5,7546.25,18818
2026-07-01T14:35:00+00:00,7546.5,7552.75,7543.25,7552.25,12876
2026-07-01T14:40:00+00:00,7552.5,7555.5,7548.0,7550.0,11691
2026-07-01T14:45:00+00:00,7549.75,7550.25,7540.0,7548.25,18755
2026-07-01T14:50:00+00:00,7548.0,7554.0,7547.5,7552.5,10722
2026-07-01T14:55:00+00:00,7552.25,7553.5,7547.0,7553.5,8716
2026-07-01T15:00:00+00:00,7553.25,7562.75,7552.25,7561.5,17155
2026-07-01T15:05:00+00:00,7561.25,7564.5,7557.75,7560.5,13528
2026-07-01T15:10:00+00:00,7560.5,7564.5,7558.5,7564.25,6805
2026-07-01T15:15:00+00:00,7564.5,7570.5,7563.75,7568.5,12127
2026-07-01T15:20:00+00:00,7568.75,7574.75,7568.5,7573.0,11257
2026-07-01T15:25:00+00:00,7572.75,7577.75,7572.25,7577.5,9123
2026-07-01T15:30:00+00:00,7577.25,7578.5,7570.5,7570.75,11354
2026-07-01T15:35:00+00:00,7570.75,7573.0,7567.5,7570.75,8723
2026-07-01T15:40:00+00:00,7570.75,7573.75,7569.25,7572.5,6128
2026-07-01T15:45:00+00:00,7572.75,7573.75,7568.0,7569.25,6310
2026-07-01T15:50:00+00:00,7569.25,7573.0,7568.0,7569.75,6259
2026-07-01T15:55:00+00:00,7569.75,7573.25,7568.0,7572.5,4880
2026-07-01T16:00:00+00:00,7572.5,7576.0,7571.5,7572.5,6786
2026-07-01T16:05:00+00:00,7572.75,7575.5,7571.0,7573.25,4300
2026-07-01T16:10:00+00:00,7573.25,7576.0,7571.5,7575.75,3940
2026-07-01T16:15:00+00:00,7575.5,7576.5,7573.0,7575.75,4183
2026-07-01T16:20:00+00:00,7575.5,7579.0,7574.25,7577.0,5621
2026-07-01T16:25:00+00:00,7577.25,7578.25,7574.0,7574.25,4252
2026-07-01T16:30:00+00:00,7574.5,7576.75,7574.25,7574.75,3456
2026-07-01T16:35:00+00:00,7574.75,7575.0,7569.75,7570.0,5246
2026-07-01T16:40:00+00:00,7569.75,7571.5,7567.25,7570.5,7239
2026-07-01T16:45:00+00:00,7570.75,7572.75,7567.5,7567.5,5364
2026-07-01T16:50:00+00:00,7567.5,7570.0,7563.0,7565.0,8971
2026-07-01T16:55:00+00:00,7565.25,7565.75,7557.5,7559.75,8547
2026-07-01T17:00:00+00:00,7559.75,7564.0,7558.25,7559.5,7628
2026-07-01T17:05:00+00:00,7559.25,7560.25,7554.5,7559.5,9555
2026-07-01T17:10:00+00:00,7559.25,7563.0,7557.0,7562.75,6461
2026-07-01T17:15:00+00:00,7562.75,7565.75,7561.5,7565.0,6032
2026-07-01T17:20:00+00:00,7565.25,7567.5,7564.75,7566.75,4269
2026-07-01T17:25:00+00:00,7566.75,7568.5,7563.5,7564.0,5233
2026-07-01T17:30:00+00:00,7564.0,7566.5,7561.0,7563.0,5186
2026-07-01T17:35:00+00:00,7563.0,7565.5,7561.0,7564.0,3917
2026-07-01T17:40:00+00:00,7564.25,7564.75,7559.25,7559.5,3737
2026-07-01T17:45:00+00:00,7559.25,7561.0,7557.25,7558.75,5094
2026-07-01T17:50:00+00:00,7559.0,7562.0,7557.0,7560.5,4984
2026-07-01T17:55:00+00:00,7560.75,7560.75,7556.25,7556.75,4100
2026-07-01T18:00:00+00:00,7556.75,7561.5,7556.0,7561.5,5016
2026-07-01T18:05:00+00:00,7561.25,7561.5,7557.25,7559.5,3094
2026-07-01T18:10:00+00:00,7559.5,7559.75,7555.25,7555.5,4083
2026-07-01T18:15:00+00:00,7555.5,7557.25,7551.5,7556.75,8326
2026-07-01T18:20:00+00:00,7557.0,7559.5,7555.5,7559.25,4360
2026-07-01T18:25:00+00:00,7559.0,7560.25,7556.0,7556.0,3135
2026-07-01T18:30:00+00:00,7556.0,7557.5,7554.75,7556.75,3468
2026-07-01T18:35:00+00:00,7556.75,7558.5,7555.5,7557.25,2791
2026-07-01T18:40:00+00:00,7557.25,7558.0,7555.25,7556.5,2611
2026-07-01T18:45:00+00:00,7556.5,7557.0,7551.25,7554.0,6056
2026-07-01T18:50:00+00:00,7554.0,7555.0,7549.25,7549.75,6543
2026-07-01T18:55:00+00:00,7549.5,7554.25,7549.25,7553.25,5096
2026-07-01T19:00:00+00:00,7553.5,7558.0,7552.75,7557.75,7085
2026-07-01T19:05:00+00:00,7557.75,7561.75,7557.25,7561.0,6970
2026-07-01T19:10:00+00:00,7561.25,7561.25,7557.0,7558.5,4874
2026-07-01T19:15:00+00:00,7558.5,7561.0,7557.75,7559.0,3623
2026-07-01T19:20:00+00:00,7559.0,7560.0,7557.5,7559.5,2738
2026-07-01T19:25:00+00:00,7559.75,7559.75,7553.75,7553.75,6338
2026-07-01T19:30:00+00:00,7553.75,7557.5,7553.75,7555.5,4465
2026-07-01T19:35:00+00:00,7555.5,7555.75,7551.75,7552.75,4510
2026-07-01T19:40:00+00:00,7552.5,7553.0,7548.75,7550.5,7972
2026-07-01T19:45:00+00:00,7550.5,7551.0,7547.0,7549.25,5428
2026-07-01T19:50:00+00:00,7549.0,7552.5,7543.0,7546.75,15026
2026-07-01T19:55:00+00:00,7546.5,7547.5,7536.5,7541.75,26539
2026-07-01T20:00:00+00:00,7542.0,7543.0,7529.0,7532.0,12934
2026-07-01T20:05:00+00:00,7532.0,7535.0,7529.75,7533.25,5220
2026-07-01T20:10:00+00:00,7533.25,7537.0,7532.5,7535.25,2957
2026-07-01T20:15:00+00:00,7535.0,7535.5,7531.25,7532.0,1926
2026-07-01T20:20:00+00:00,7532.25,7534.75,7531.0,7534.5,1218
2026-07-01T20:25:00+00:00,7534.5,7535.5,7531.5,7532.25,1467
2026-07-01T20:30:00+00:00,7532.0,7533.0,7529.0,7529.25,1858
2026-07-01T20:35:00+00:00,7529.5,7529.75,7525.5,7529.5,2256
2026-07-01T20:40:00+00:00,7529.5,7530.5,7529.25,7530.25,1257
2026-07-01T20:45:00+00:00,7530.5,7531.5,7529.75,7530.75,1494
2026-07-01T20:50:00+00:00,7530.75,7531.75,7528.5,7529.75,983
2026-07-01T20:55:00+00:00,7530.0,7534.0,7529.25,7533.0,1189
2026-07-01T22:00:00+00:00,7535.5,7539.0,7531.75,7533.75,0
2026-07-01T22:05:00+00:00,7533.75,7538.25,7532.5,7535.75,1700
2026-07-01T22:10:00+00:00,7535.75,7536.0,7532.0,7532.0,777
2026-07-01T22:15:00+00:00,7532.0,7534.25,7532.0,7534.25,664
2026-07-01T22:20:00+00:00,7534.0,7538.5,7534.0,7537.5,1344
2026-07-01T22:25:00+00:00,7538.0,7538.75,7537.0,7538.25,586
2026-07-01T22:30:00+00:00,7538.0,7539.75,7537.25,7539.5,938
2026-07-01T22:35:00+00:00,7539.5,7540.25,7538.25,7539.0,620
2026-07-01T22:40:00+00:00,7539.25,7540.25,7538.5,7538.5,377
2026-07-01T22:45:00+00:00,7539.0,7539.25,7536.25,7536.75,648
2026-07-01T22:50:00+00:00,7537.0,7537.75,7535.75,7536.75,458
2026-07-01T22:55:00+00:00,7536.5,7541.25,7536.5,7539.75,1089
2026-07-01T23:00:00+00:00,7540.25,7540.5,7538.0,7538.25,694
2026-07-01T23:05:00+00:00,7538.25,7538.75,7536.5,7537.25,568
2026-07-01T23:10:00+00:00,7537.25,7538.0,7535.75,7536.25,613
2026-07-01T23:15:00+00:00,7536.0,7537.0,7535.25,7536.25,563
2026-07-01T23:20:00+00:00,7536.5,7537.5,7535.75,7536.0,391
2026-07-01T23:25:00+00:00,7536.25,7537.75,7536.0,7537.25,209
2026-07-01T23:30:00+00:00,7537.5,7537.75,7535.5,7535.5,426
2026-07-01T23:35:00+00:00,7535.5,7538.0,7534.25,7537.25,1002
2026-07-01T23:40:00+00:00,7537.25,7538.0,7536.0,7537.75,329
2026-07-01T23:45:00+00:00,7537.5,7537.5,7530.0,7530.25,2410
2026-07-01T23:50:00+00:00,7530.5,7535.5,7528.75,7534.25,1756
2026-07-01T23:55:00+00:00,7534.25,7535.75,7533.0,7534.75,854
2026-07-02T00:00:00+00:00,7534.75,7534.75,7522.75,7523.0,5197
2026-07-02T00:05:00+00:00,7523.0,7529.0,7522.75,7528.75,2401
2026-07-02T00:10:00+00:00,7528.75,7533.0,7527.75,7529.0,1937
2026-07-02T00:15:00+00:00,7529.0,7531.0,7526.75,7527.25,1215
2026-07-02T00:20:00+00:00,7527.5,7535.25,7526.75,7534.75,1742
2026-07-02T00:25:00+00:00,7534.5,7537.0,7532.25,7536.5,1414
2026-07-02T00:30:00+00:00,7536.5,7537.0,7533.75,7535.25,825
2026-07-02T00:35:00+00:00,7535.5,7538.75,7535.0,7535.75,1497
2026-07-02T00:40:00+00:00,7536.0,7536.5,7529.75,7530.25,1605
2026-07-02T00:45:00+00:00,7530.25,7536.25,7529.5,7535.5,1459
2026-07-02T00:50:00+00:00,7535.75,7541.0,7534.0,7540.75,1907
2026-07-02T00:55:00+00:00,7540.5,7542.0,7539.25,7541.0,1643
2026-07-02T01:00:00+00:00,7541.25,7545.25,7539.75,7545.25,2161
2026-07-02T01:05:00+00:00,7545.25,7549.25,7544.25,7548.25,2602
2026-07-02T01:10:00+00:00,7548.5,7549.75,7547.5,7549.5,1343
2026-07-02T01:15:00+00:00,7549.25,7549.75,7546.25,7549.25,1707
2026-07-02T01:20:00+00:00,7549.25,7550.0,7548.5,7549.75,1063
2026-07-02T01:25:00+00:00,7549.75,7550.75,7547.5,7549.75,1726
2026-07-02T01:30:00+00:00,7550.0,7553.25,7549.25,7550.75,1989
2026-07-02T01:35:00+00:00,7550.5,7554.5,7550.25,7554.5,1435
2026-07-02T01:40:00+00:00,7554.5,7555.25,7553.25,7554.0,1119
2026-07-02T01:45:00+00:00,7553.75,7556.5,7552.25,7554.5,1274
2026-07-02T01:50:00+00:00,7554.5,7555.25,7552.75,7553.25,832
2026-07-02T01:55:00+00:00,7553.25,7553.75,7552.0,7552.75,753
2026-07-02T02:00:00+00:00,7553.0,7553.75,7551.25,7553.25,773
2026-07-02T02:05:00+00:00,7553.25,7555.25,7552.75,7555.0,1019
2026-07-02T02:10:00+00:00,7555.0,7557.0,7553.5,7556.75,889
2026-07-02T02:15:00+00:00,7557.0,7558.25,7555.75,7556.0,1336
2026-07-02T02:20:00+00:00,7556.25,7556.75,7553.5,7553.5,1049
2026-07-02T02:25:00+00:00,7553.75,7556.25,7553.5,7554.5,786
2026-07-02T02:30:00+00:00,7554.75,7557.0,7553.0,7556.75,986
2026-07-02T02:35:00+00:00,7556.5,7556.75,7555.0,7555.25,481
2026-07-02T02:40:00+00:00,7555.5,7556.5,7555.0,7556.0,477
2026-07-02T02:45:00+00:00,7556.0,7557.75,7556.0,7556.0,802
2026-07-02T02:50:00+00:00,7556.0,7556.75,7555.0,7555.5,524
2026-07-02T02:55:00+00:00,7555.75,7557.5,7555.75,7557.0,677
2026-07-02T03:00:00+00:00,7557.25,7558.0,7555.25,7555.25,438
2026-07-02T03:05:00+00:00,7555.5,7555.75,7552.5,7553.0,1088
2026-07-02T03:10:00+00:00,7552.75,7554.75,7552.0,7554.25,861
2026-07-02T03:15:00+00:00,7554.25,7555.0,7552.75,7553.25,433
2026-07-02T03:20:00+00:00,7553.25,7554.0,7550.25,7551.25,1046
2026-07-02T03:25:00+00:00,7551.25,7553.0,7549.75,7552.0,852
2026-07-02T03:30:00+00:00,7552.0,7557.5,7551.5,7556.5,1922
2026-07-02T03:35:00+00:00,7556.25,7557.25,7553.25,7554.25,807
2026-07-02T03:40:00+00:00,7554.25,7554.75,7551.5,7553.0,727
2026-07-02T03:45:00+00:00,7553.0,7553.25,7551.0,7553.0,656
2026-07-02T03:50:00+00:00,7553.25,7555.75,7552.5,7555.0,745
2026-07-02T03:55:00+00:00,7554.25,7556.5,7554.0,7554.25,488
2026-07-02T04:05:00+00:00,7552.0,7552.75,7551.5,7551.75,1102
2026-07-02T04:10:00+00:00,7552.0,7552.25,7549.0,7549.0,843
2026-07-02T04:15:00+00:00,7549.25,7550.25,7548.0,7548.25,879
2026-07-02T04:20:00+00:00,7548.25,7549.25,7546.75,7549.0,802
2026-07-02T04:25:00+00:00,7549.25,7551.0,7548.25,7549.75,761
2026-07-02T04:30:00+00:00,7549.5,7550.0,7544.75,7545.5,1010
2026-07-02T04:35:00+00:00,7545.25,7545.75,7543.5,7544.0,875
2026-07-02T04:40:00+00:00,7544.0,7544.25,7542.0,7542.75,990
2026-07-02T04:45:00+00:00,7542.5,7544.75,7541.25,7543.5,987
2026-07-02T04:50:00+00:00,7543.5,7547.0,7543.0,7546.75,886
2026-07-02T04:55:00+00:00,7547.0,7549.5,7546.75,7548.25,689
2026-07-02T05:00:00+00:00,7548.75,7550.5,7546.25,7550.0,967
2026-07-02T05:05:00+00:00,7550.25,7553.25,7550.0,7553.0,950
2026-07-02T05:10:00+00:00,7553.0,7553.5,7551.5,7552.5,639
2026-07-02T05:15:00+00:00,7552.25,7554.25,7552.0,7554.0,641
2026-07-02T05:20:00+00:00,7553.75,7554.75,7553.0,7553.75,464
2026-07-02T05:25:00+00:00,7553.25,7553.5,7549.5,7549.5,816
2026-07-02T05:30:00+00:00,7549.75,7549.75,7546.5,7546.75,1179
2026-07-02T05:35:00+00:00,7547.0,7547.5,7542.75,7543.0,1135
2026-07-02T05:40:00+00:00,7543.25,7545.0,7541.75,7542.75,1414
2026-07-02T05:45:00+00:00,7543.0,7544.0,7541.25,7542.0,910
2026-07-02T05:50:00+00:00,7542.25,7544.75,7542.25,7543.0,850
2026-07-02T05:55:00+00:00,7543.0,7545.0,7542.25,7542.5,830
2026-07-02T06:00:00+00:00,7542.75,7544.75,7539.5,7539.75,1466
2026-07-02T06:05:00+00:00,7540.0,7541.0,7536.5,7536.5,2045
2026-07-02T06:10:00+00:00,7536.75,7537.25,7533.25,7533.75,1405
2026-07-02T06:15:00+00:00,7533.5,7537.5,7533.25,7536.5,1451
2026-07-02T06:20:00+00:00,7536.75,7538.5,7535.75,7536.5,879
2026-07-02T06:25:00+00:00,7536.5,7538.5,7533.5,7534.0,1059
2026-07-02T06:30:00+00:00,7534.0,7540.0,7533.5,7538.5,1479
2026-07-02T06:35:00+00:00,7538.75,7539.75,7537.0,7537.75,511
2026-07-02T06:40:00+00:00,7537.25,7538.0,7534.0,7535.5,658
2026-07-02T06:45:00+00:00,7535.25,7536.0,7529.0,7529.25,2237
2026-07-02T06:50:00+00:00,7529.25,7530.5,7526.5,7529.0,1528
2026-07-02T06:55:00+00:00,7529.0,7533.75,7529.0,7530.5,1133
2026-07-02T07:00:00+00:00,7530.5,7532.25,7527.5,7528.5,1376
2026-07-02T07:05:00+00:00,7528.5,7528.75,7524.25,7525.0,2050
2026-07-02T07:10:00+00:00,7525.0,7527.25,7520.0,7521.0,2736
2026-07-02T07:15:00+00:00,7521.25,7525.75,7520.0,7524.0,2227
2026-07-02T07:20:00+00:00,7524.0,7525.5,7522.0,7523.0,1278
2026-07-02T07:25:00+00:00,7522.75,7525.75,7520.5,7525.25,1137
2026-07-02T07:30:00+00:00,7525.0,7527.25,7524.25,7526.5,1319
2026-07-02T07:35:00+00:00,7526.75,7529.0,7525.25,7528.75,1107
2026-07-02T07:40:00+00:00,7528.75,7536.75,7528.25,7536.0,2100
2026-07-02T07:45:00+00:00,7536.0,7536.25,7533.25,7535.5,1088
2026-07-02T07:50:00+00:00,7535.5,7536.25,7532.75,7533.75,1000
2026-07-02T07:55:00+00:00,7533.5,7533.75,7530.5,7531.0,930
2026-07-02T08:00:00+00:00,7531.0,7532.0,7527.5,7531.0,2284
2026-07-02T08:05:00+00:00,7531.25,7534.25,7526.25,7528.25,2240
2026-07-02T08:10:00+00:00,7528.5,7528.5,7522.25,7524.5,1552
2026-07-02T08:15:00+00:00,7524.5,7530.0,7523.75,7529.5,1144
2026-07-02T08:20:00+00:00,7529.75,7535.25,7528.5,7534.5,1510
2026-07-02T08:25:00+00:00,7534.25,7538.0,7534.0,7536.0,1785
2026-07-02T08:30:00+00:00,7535.75,7541.0,7533.75,7540.75,2598
2026-07-02T08:35:00+00:00,7540.75,7543.0,7540.25,7541.25,1689
2026-07-02T08:40:00+00:00,7541.0,7541.75,7538.5,7539.5,1116
2026-07-02T08:45:00+00:00,7539.5,7542.25,7538.75,7542.25,825
2026-07-02T08:50:00+00:00,7542.0,7545.0,7541.75,7542.75,1518
2026-07-02T08:55:00+00:00,7542.75,7543.25,7540.5,7542.5,1082
2026-07-02T09:00:00+00:00,7542.0,7542.5,7537.75,7537.75,853
2026-07-02T09:05:00+00:00,7538.25,7538.25,7534.5,7536.0,1343
2026-07-02T09:10:00+00:00,7536.0,7538.0,7535.5,7537.5,946
2026-07-02T09:15:00+00:00,7537.5,7538.25,7535.5,7536.0,800
2026-07-02T09:20:00+00:00,7536.0,7538.25,7535.75,7537.0,582
2026-07-02T09:25:00+00:00,7536.75,7538.25,7535.0,7537.5,771
2026-07-02T09:30:00+00:00,7537.75,7541.5,7537.5,7539.25,2198
2026-07-02T09:35:00+00:00,7539.5,7542.25,7538.75,7541.25,977
2026-07-02T09:40:00+00:00,7541.0,7542.25,7540.0,7540.75,666
2026-07-02T09:45:00+00:00,7540.75,7540.75,7536.5,7539.0,795
2026-07-02T09:50:00+00:00,7539.0,7540.5,7538.0,7538.75,600
2026-07-02T09:55:00+00:00,7538.5,7538.5,7536.0,7537.25,849
2026-07-02T10:00:00+00:00,7537.25,7537.25,7532.0,7532.25,1461
2026-07-02T10:05:00+00:00,7532.25,7536.0,7531.75,7534.5,1154
2026-07-02T10:10:00+00:00,7534.25,7535.75,7533.25,7534.0,512
2026-07-02T10:15:00+00:00,7534.0,7537.0,7533.0,7537.0,679
2026-07-02T10:20:00+00:00,7536.75,7537.0,7534.75,7535.75,663
2026-07-02T10:25:00+00:00,7535.75,7538.5,7535.75,7537.5,882
2026-07-02T10:30:00+00:00,7537.5,7542.75,7537.5,7541.5,1222
2026-07-02T10:35:00+00:00,7541.5,7544.0,7540.75,7543.25,1278
2026-07-02T10:40:00+00:00,7543.5,7544.0,7540.75,7541.25,842
2026-07-02T10:45:00+00:00,7541.25,7541.75,7539.25,7540.25,795
2026-07-02T10:50:00+00:00,7540.25,7542.0,7539.25,7541.75,497
2026-07-02T10:55:00+00:00,7541.5,7544.0,7540.5,7542.75,985
2026-07-02T11:00:00+00:00,7543.0,7544.25,7540.0,7540.25,2015
2026-07-02T11:05:00+00:00,7540.25,7540.75,7538.25,7540.25,1001
2026-07-02T11:10:00+00:00,7540.25,7543.5,7539.75,7543.25,905
2026-07-02T11:15:00+00:00,7543.25,7543.75,7539.0,7541.25,949
2026-07-02T11:20:00+00:00,7541.0,7543.75,7539.5,7542.5,719
2026-07-02T11:25:00+00:00,7542.5,7544.25,7542.5,7542.75,880
2026-07-02T11:30:00+00:00,7542.5,7544.0,7541.5,7542.0,885
2026-07-02T11:35:00+00:00,7541.75,7546.75,7541.5,7546.5,1388
2026-07-02T11:40:00+00:00,7546.5,7548.0,7543.25,7547.25,1924
2026-07-02T11:45:00+00:00,7547.25,7549.5,7546.75,7547.25,1659
2026-07-02T11:50:00+00:00,7547.0,7548.75,7543.75,7543.75,1915
2026-07-02T11:55:00+00:00,7543.75,7546.0,7543.5,7543.5,1108
2026-07-02T12:00:00+00:00,7543.25,7548.75,7541.0,7547.75,2022
2026-07-02T12:05:00+00:00,7547.75,7549.5,7546.5,7548.75,1897
2026-07-02T12:10:00+00:00,7548.75,7551.75,7547.25,7550.5,2167
2026-07-02T12:15:00+00:00,7550.5,7553.5,7550.25,7551.5,2248
2026-07-02T12:20:00+00:00,7551.5,7554.75,7551.0,7554.75,2225
2026-07-02T12:25:00+00:00,7554.75,7558.0,7549.5,7558.0,3330
2026-07-02T12:30:00+00:00,7555.75,7575.25,7554.75,7570.75,11639
2026-07-02T12:35:00+00:00,7570.5,7576.75,7568.75,7572.25,6826
2026-07-02T12:40:00+00:00,7572.25,7574.0,7568.0,7569.75,4147
2026-07-02T12:45:00+00:00,7570.0,7573.75,7569.25,7571.25,3098
2026-07-02T12:50:00+00:00,7571.0,7572.75,7565.25,7565.75,4427
2026-07-02T12:55:00+00:00,7565.75,7566.25,7557.5,7561.75,6658
2026-07-02T13:00:00+00:00,7561.75,7565.5,7552.5,7561.5,8599
2026-07-02T13:05:00+00:00,7561.5,7561.75,7553.25,7554.25,4329
2026-07-02T13:10:00+00:00,7554.25,7557.5,7553.0,7554.5,3442
2026-07-02T13:15:00+00:00,7554.5,7559.5,7552.5,7559.0,4024
2026-07-02T13:20:00+00:00,7559.0,7560.5,7557.75,7558.75,3426
2026-07-02T13:25:00+00:00,7559.0,7561.5,7553.25,7555.25,6398
2026-07-02T13:30:00+00:00,7555.0,7568.0,7551.75,7566.25,37939
2026-07-02T13:35:00+00:00,7566.0,7573.0,7560.5,7568.75,26902
2026-07-02T13:40:00+00:00,7568.75,7583.5,7567.0,7578.5,28683
2026-07-02T13:45:00+00:00,7578.5,7588.5,7575.75,7585.25,25051
2026-07-02T13:50:00+00:00,7585.25,7594.0,7582.75,7586.0,22120
2026-07-02T13:55:00+00:00,7586.0,7589.0,7581.0,7588.75,15991
2026-07-02T14:00:00+00:00,7589.0,7592.0,7584.75,7588.75,15092
2026-07-02T14:05:00+00:00,7588.75,7591.0,7582.25,7583.75,14761
2026-07-02T14:10:00+00:00,7583.75,7593.75,7577.5,7591.0,21468
2026-07-02T14:15:00+00:00,7590.75,7593.25,7582.25,7587.75,18136
2026-07-02T14:20:00+00:00,7587.5,7588.75,7575.75,7577.25,24981
2026-07-02T14:25:00+00:00,7577.25,7579.0,7556.5,7559.75,37405
2026-07-02T14:30:00+00:00,7559.75,7574.5,7555.25,7563.25,33754
2026-07-02T14:35:00+00:00,7563.25,7572.25,7558.25,7565.25,24699
2026-07-02T14:40:00+00:00,7565.25,7567.0,7543.75,7549.0,33263
2026-07-02T14:45:00+00:00,7549.5,7557.5,7543.5,7553.25,30436
2026-07-02T14:50:00+00:00,7553.25,7558.0,7540.25,7545.25,25903
2026-07-02T14:55:00+00:00,7545.25,7557.5,7544.75,7557.25,19039
2026-07-02T15:00:00+00:00,7557.25,7559.25,7541.0,7541.25,20880
2026-07-02T15:05:00+00:00,7541.5,7544.5,7522.25,7534.25,33146
2026-07-02T15:10:00+00:00,7534.5,7546.5,7530.5,7541.25,21629
2026-07-02T15:15:00+00:00,7541.25,7544.5,7525.0,7526.75,21683
2026-07-02T15:20:00+00:00,7527.0,7540.25,7523.75,7539.75,21766
2026-07-02T15:25:00+00:00,7539.75,7541.0,7529.0,7529.25,18584
2026-07-02T15:30:00+00:00,7529.0,7543.25,7528.75,7541.25,16438
2026-07-02T15:35:00+00:00,7541.25,7547.75,7539.75,7542.5,13889
2026-07-02T15:40:00+00:00,7542.75,7546.0,7533.25,7533.25,13949
2026-07-02T15:45:00+00:00,7533.25,7537.75,7527.75,7529.0,13424
2026-07-02T15:50:00+00:00,7529.0,7529.25,7520.5,7526.5,17030
2026-07-02T15:55:00+00:00,7526.5,7530.0,7520.75,7526.75,12233
2026-07-02T16:00:00+00:00,7527.0,7529.5,7517.0,7523.5,15206
2026-07-02T16:05:00+00:00,7523.75,7526.5,7518.0,7519.75,9902
2026-07-02T16:10:00+00:00,7519.75,7527.0,7518.0,7525.25,11557
2026-07-02T16:15:00+00:00,7525.25,7526.5,7519.75,7520.75,8193
2026-07-02T16:20:00+00:00,7520.5,7521.25,7513.5,7514.5,12676
2026-07-02T16:25:00+00:00,7514.5,7520.5,7514.25,7515.5,10698
2026-07-02T16:30:00+00:00,7516.0,7516.25,7508.5,7508.75,12885
2026-07-02T16:35:00+00:00,7508.75,7511.75,7501.25,7506.75,17705
2026-07-02T16:40:00+00:00,7507.0,7513.75,7506.0,7512.25,13983
2026-07-02T16:45:00+00:00,7512.25,7513.0,7507.5,7509.75,9013
2026-07-02T16:50:00+00:00,7509.75,7513.75,7505.75,7509.0,9770
2026-07-02T16:55:00+00:00,7509.25,7509.25,7497.75,7501.5,12645
2026-07-02T17:00:00+00:00,7501.75,7503.0,7485.0,7488.5,18591
2026-07-02T17:05:00+00:00,7488.5,7499.5,7483.25,7495.0,18421
2026-07-02T17:10:00+00:00,7495.0,7499.5,7492.0,7497.5,7757
2026-07-02T17:15:00+00:00,7497.0,7502.0,7493.5,7494.0,10066
2026-07-02T17:20:00+00:00,7494.5,7499.0,7492.5,7493.5,7087
2026-07-02T17:25:00+00:00,7493.25,7496.25,7491.25,7495.25,5540
2026-07-02T17:30:00+00:00,7495.0,7500.75,7493.75,7494.0,9445
2026-07-02T17:35:00+00:00,7493.75,7495.25,7485.75,7486.75,10890
2026-07-02T17:40:00+00:00,7487.0,7491.75,7483.75,7490.75,9160
2026-07-02T17:45:00+00:00,7490.5,7491.0,7481.5,7485.75,8993
2026-07-02T17:50:00+00:00,7485.75,7490.5,7483.0,7489.0,6413
2026-07-02T17:55:00+00:00,7489.0,7490.0,7479.75,7482.0,8458
2026-07-02T18:00:00+00:00,7482.25,7489.25,7480.0,7489.0,8915
2026-07-02T18:05:00+00:00,7489.25,7504.5,7488.5,7504.25,16426
2026-07-02T18:10:00+00:00,7504.0,7508.75,7500.75,7501.75,12642
2026-07-02T18:15:00+00:00,7502.0,7503.5,7493.0,7496.25,11907
2026-07-02T18:20:00+00:00,7496.25,7502.75,7496.0,7501.25,6953
2026-07-02T18:25:00+00:00,7501.0,7506.75,7499.0,7506.75,7825
2026-07-02T18:30:00+00:00,7506.5,7513.0,7505.75,7509.0,11162
2026-07-02T18:35:00+00:00,7509.0,7512.5,7508.0,7511.25,6318
2026-07-02T18:40:00+00:00,7511.5,7513.0,7509.25,7510.25,4959
2026-07-02T18:45:00+00:00,7510.25,7512.5,7504.5,7511.75,9028
2026-07-02T18:50:00+00:00,7511.75,7514.75,7508.0,7508.0,7327
2026-07-02T18:55:00+00:00,7508.25,7510.5,7504.75,7509.0,6860
2026-07-02T19:00:00+00:00,7509.25,7510.75,7494.25,7495.75,12603
2026-07-02T19:05:00+00:00,7495.75,7500.25,7491.75,7497.5,14975
2026-07-02T19:10:00+00:00,7497.75,7501.75,7494.25,7499.75,6646
2026-07-02T19:15:00+00:00,7499.5,7500.75,7494.0,7496.75,5523
2026-07-02T19:20:00+00:00,7497.0,7497.75,7494.25,7495.0,4084
2026-07-02T19:25:00+00:00,7495.0,7505.5,7493.25,7502.5,9710
2026-07-02T19:30:00+00:00,7502.25,7508.0,7500.75,7507.5,7470
2026-07-02T19:35:00+00:00,7507.75,7510.75,7505.0,7510.0,7687
2026-07-02T19:40:00+00:00,7510.0,7513.0,7507.0,7511.75,6217
2026-07-02T19:45:00+00:00,7511.75,7513.0,7509.0,7511.75,6374
2026-07-02T19:50:00+00:00,7511.75,7523.5,7511.75,7523.0,19250
2026-07-02T19:55:00+00:00,7523.25,7534.0,7521.0,7526.5,34894
2026-07-02T20:00:00+00:00,7526.25,7527.25,7520.25,7520.5,12719
2026-07-02T20:05:00+00:00,7520.75,7523.0,7517.75,7522.25,4462
2026-07-02T20:10:00+00:00,7522.5,7525.5,7520.25,7524.25,2304
2026-07-02T20:15:00+00:00,7524.5,7525.0,7522.5,7522.75,1346
2026-07-02T20:20:00+00:00,7522.75,7524.0,7520.0,7520.25,1352
2026-07-02T20:25:00+00:00,7520.25,7523.25,7519.75,7521.25,917
2026-07-02T20:30:00+00:00,7521.0,7523.25,7519.75,7523.25,829
2026-07-02T20:35:00+00:00,7523.0,7524.75,7521.5,7522.25,877
2026-07-02T20:40:00+00:00,7522.25,7522.5,7519.25,7519.75,949
2026-07-02T20:45:00+00:00,7519.75,7522.0,7519.25,7521.5,1113
2026-07-02T20:50:00+00:00,7521.5,7522.25,7520.75,7521.25,909
2026-07-02T20:55:00+00:00,7521.25,7524.5,7520.5,7522.75,1408
2026-07-02T22:00:00+00:00,7523.5,7528.5,7523.5,7527.25,0
2026-07-02T22:05:00+00:00,7527.0,7529.5,7524.25,7528.5,779
2026-07-02T22:10:00+00:00,7528.5,7529.0,7527.5,7528.5,330
2026-07-02T22:15:00+00:00,7528.75,7530.5,7528.5,7530.0,652
2026-07-02T22:20:00+00:00,7530.0,7531.5,7529.25,7531.0,381
2026-07-02T22:25:00+00:00,7530.75,7531.25,7528.5,7529.0,430
2026-07-02T22:30:00+00:00,7528.75,7531.5,7527.25,7531.0,661
2026-07-02T22:35:00+00:00,7531.25,7534.5,7530.5,7534.0,1214
2026-07-02T22:40:00+00:00,7534.0,7535.75,7533.5,7535.0,791
2026-07-02T22:45:00+00:00,7535.25,7535.5,7533.75,7534.0,502
2026-07-02T22:50:00+00:00,7533.75,7534.0,7532.75,7534.0,523
2026-07-02T22:55:00+00:00,7534.0,7535.75,7533.75,7535.5,756
2026-07-02T23:00:00+00:00,7535.25,7535.75,7533.5,7533.5,787
2026-07-02T23:05:00+00:00,7533.75,7534.25,7531.5,7532.0,922
2026-07-02T23:10:00+00:00,7532.25,7533.0,7529.5,7529.75,1026
2026-07-02T23:15:00+00:00,7529.75,7532.5,7529.75,7530.5,1099
2026-07-02T23:20:00+00:00,7530.5,7536.0,7530.0,7535.5,1429
2026-07-02T23:25:00+00:00,7535.75,7537.0,7535.0,7536.0,1035
2026-07-02T23:30:00+00:00,7536.0,7537.75,7534.25,7537.0,1066
2026-07-02T23:35:00+00:00,7537.25,7537.75,7533.75,7535.0,790
2026-07-02T23:40:00+00:00,7535.0,7536.0,7533.0,7533.25,783
2026-07-02T23:45:00+00:00,7533.5,7537.25,7532.5,7536.75,1315
2026-07-02T23:50:00+00:00,7536.5,7537.25,7534.0,7536.5,961
2026-07-02T23:55:00+00:00,7536.5,7536.5,7535.0,7536.25,429
2026-07-03T00:00:00+00:00,7536.0,7540.25,7530.75,7534.5,3344
2026-07-03T00:05:00+00:00,7534.25,7535.75,7529.0,7529.0,2109
2026-07-03T00:10:00+00:00,7529.25,7538.0,7527.25,7537.25,2503
2026-07-03T00:15:00+00:00,7537.25,7537.5,7531.5,7534.25,1780
2026-07-03T00:20:00+00:00,7534.25,7536.75,7532.0,7533.5,833
2026-07-03T00:25:00+00:00,7533.5,7534.75,7530.0,7531.0,999
2026-07-03T00:30:00+00:00,7531.0,7531.75,7527.5,7529.0,1421
2026-07-03T00:35:00+00:00,7528.75,7537.0,7528.0,7533.75,1760
2026-07-03T00:40:00+00:00,7533.0,7534.5,7530.0,7531.25,1148
2026-07-03T00:45:00+00:00,7531.25,7533.0,7528.75,7532.25,999
2026-07-03T00:50:00+00:00,7532.25,7533.5,7528.5,7530.75,995
2026-07-03T00:55:00+00:00,7530.75,7531.5,7527.75,7530.0,1122
2026-07-03T01:00:00+00:00,7530.25,7540.75,7529.5,7540.5,2111
2026-07-03T01:05:00+00:00,7540.25,7550.0,7539.75,7547.75,4372
2026-07-03T01:10:00+00:00,7548.0,7548.75,7545.0,7547.5,1862
2026-07-03T01:15:00+00:00,7547.5,7549.25,7544.75,7546.0,1532
2026-07-03T01:20:00+00:00,7546.5,7550.0,7546.5,7549.25,997
2026-07-03T01:25:00+00:00,7549.25,7549.75,7547.5,7547.75,1036
2026-07-03T01:30:00+00:00,7547.5,7550.25,7546.0,7549.75,1411
2026-07-03T01:35:00+00:00,7550.0,7551.0,7546.75,7549.0,1186
2026-07-03T01:40:00+00:00,7548.75,7551.0,7548.5,7549.75,976
2026-07-03T01:45:00+00:00,7550.0,7550.75,7548.0,7549.75,862
2026-07-03T01:50:00+00:00,7549.75,7550.5,7547.5,7550.0,1010
2026-07-03T01:55:00+00:00,7550.25,7550.75,7548.75,7549.25,680
2026-07-03T02:00:00+00:00,7549.5,7551.0,7549.0,7550.0,711
2026-07-03T02:05:00+00:00,7549.75,7552.75,7549.75,7552.5,1074
2026-07-03T02:10:00+00:00,7552.5,7552.75,7549.0,7549.25,1202
2026-07-03T02:15:00+00:00,7549.25,7551.5,7548.75,7549.25,687
2026-07-03T02:20:00+00:00,7549.25,7551.5,7549.25,7551.25,359
2026-07-03T02:25:00+00:00,7551.25,7553.25,7551.0,7552.5,688
2026-07-03T02:30:00+00:00,7552.5,7552.75,7551.0,7551.0,656
2026-07-03T02:35:00+00:00,7551.0,7551.0,7548.75,7550.0,864
2026-07-03T02:40:00+00:00,7550.0,7550.5,7548.25,7550.0,693
2026-07-03T02:45:00+00:00,7550.25,7552.25,7550.0,7552.0,615
2026-07-03T02:50:00+00:00,7552.0,7552.5,7550.75,7551.5,471
2026-07-03T02:55:00+00:00,7551.75,7553.5,7551.0,7552.75,586
2026-07-03T03:00:00+00:00,7552.5,7552.5,7551.0,7551.5,458
2026-07-03T03:05:00+00:00,7551.5,7552.75,7550.25,7551.0,451
2026-07-03T03:10:00+00:00,7550.75,7551.75,7549.75,7551.75,471
2026-07-03T03:15:00+00:00,7551.75,7552.5,7551.25,7552.0,361
2026-07-03T03:20:00+00:00,7552.0,7553.25,7551.5,7552.0,433
2026-07-03T03:25:00+00:00,7552.0,7554.25,7551.25,7554.0,569
2026-07-03T03:30:00+00:00,7554.0,7555.5,7552.25,7552.75,1110
2026-07-03T03:35:00+00:00,7552.5,7553.0,7549.75,7549.75,673
2026-07-03T03:40:00+00:00,7549.75,7550.25,7548.25,7548.5,684
2026-07-03T03:45:00+00:00,7548.5,7552.25,7547.75,7551.75,771
2026-07-03T03:50:00+00:00,7552.0,7552.5,7551.0,7551.75,393
2026-07-03T03:55:00+00:00,7551.75,7554.5,7551.75,7554.0,572
2026-07-05T22:00:00+00:00,7562.75,7569.0,7554.25,7554.5,4212
2026-07-05T22:05:00+00:00,7554.5,7558.0,7551.25,7555.0,2914
2026-07-05T22:10:00+00:00,7555.25,7557.5,7554.0,7556.75,1842
2026-07-05T22:15:00+00:00,7557.25,7559.75,7556.0,7558.5,1650
2026-07-05T22:20:00+00:00,7558.75,7562.5,7558.25,7561.75,2297
2026-07-05T22:25:00+00:00,7561.25,7562.25,7557.25,7561.5,1241
2026-07-05T22:30:00+00:00,7561.75,7565.0,7557.25,7564.75,1668
2026-07-05T22:35:00+00:00,7564.75,7566.0,7563.5,7565.75,1343
2026-07-05T22:40:00+00:00,7565.75,7566.25,7563.75,7565.5,1184
2026-07-05T22:45:00+00:00,7565.5,7568.0,7557.25,7567.0,1169
2026-07-05T22:50:00+00:00,7567.25,7567.25,7563.25,7564.0,1365
2026-07-05T22:55:00+00:00,7564.25,7564.25,7557.25,7562.75,1256
2026-07-05T23:00:00+00:00,7562.75,7563.75,7560.75,7563.25,1418
2026-07-05T23:05:00+00:00,7563.25,7565.0,7563.0,7563.75,820
2026-07-05T23:10:00+00:00,7563.5,7568.5,7557.25,7568.0,2899
2026-07-05T23:15:00+00:00,7568.0,7569.0,7557.25,7567.75,987
2026-07-05T23:20:00+00:00,7567.5,7568.0,7565.25,7565.75,743
2026-07-05T23:25:00+00:00,7565.75,7566.5,7564.5,7565.25,1000
2026-07-05T23:30:00+00:00,7565.25,7568.75,7564.5,7567.25,1136
2026-07-05T23:35:00+00:00,7567.25,7567.75,7557.25,7565.75,614
2026-07-05T23:40:00+00:00,7566.0,7566.5,7557.25,7565.5,665
2026-07-05T23:45:00+00:00,7565.25,7567.75,7563.75,7567.25,1553
2026-07-05T23:50:00+00:00,7567.0,7570.0,7566.5,7567.75,1681
2026-07-05T23:55:00+00:00,7568.0,7570.75,7566.75,7569.75,1678
2026-07-06T00:00:00+00:00,7570.0,7570.5,7557.25,7566.5,4807
2026-07-06T00:05:00+00:00,7566.75,7570.0,7557.25,7569.0,2273
2026-07-06T00:10:00+00:00,7568.75,7570.0,7566.0,7570.0,1332
2026-07-06T00:15:00+00:00,7569.75,7574.0,7569.0,7569.25,3373
2026-07-06T00:20:00+00:00,7569.25,7569.75,7565.5,7567.0,1826
2026-07-06T00:25:00+00:00,7567.25,7567.75,7557.25,7559.75,2847
2026-07-06T00:30:00+00:00,7559.75,7564.5,7557.25,7562.5,3179
2026-07-06T00:35:00+00:00,7562.5,7566.0,7560.5,7565.0,1534
2026-07-06T00:40:00+00:00,7565.25,7567.5,7564.25,7566.25,1598
2026-07-06T00:45:00+00:00,7566.25,7570.75,7566.25,7567.75,2039
2026-07-06T00:50:00+00:00,7567.75,7569.25,7557.25,7567.5,1936
2026-07-06T00:55:00+00:00,7567.5,7568.75,7557.25,7566.0,1203
2026-07-06T01:00:00+00:00,7566.0,7566.5,7562.75,7563.0,1270
2026-07-06T01:05:00+00:00,7562.75,7564.0,7560.75,7562.75,1402
2026-07-06T01:10:00+00:00,7562.75,7564.5,7560.0,7563.0,1427
2026-07-06T01:15:00+00:00,7562.75,7563.75,7557.25,7563.25,792
2026-07-06T01:20:00+00:00,7563.25,7564.25,7557.25,7557.75,1645
2026-07-06T01:25:00+00:00,7558.0,7558.5,7552.5,7556.5,2947
2026-07-06T01:30:00+00:00,7556.25,7561.0,7556.0,7559.75,1858
2026-07-06T01:35:00+00:00,7559.5,7560.5,7557.5,7560.0,947
2026-07-06T01:40:00+00:00,7560.0,7561.75,7557.0,7557.5,1409
2026-07-06T01:45:00+00:00,7557.75,7557.75,7552.0,7552.25,1905
2026-07-06T01:50:00+00:00,7552.5,7553.25,7550.25,7551.0,2023
2026-07-06T01:55:00+00:00,7551.0,7555.25,7549.75,7553.5,1945
2026-07-06T02:00:00+00:00,7553.75,7555.75,7552.25,7555.0,1549
2026-07-06T02:05:00+00:00,7555.0,7557.25,7551.5,7551.75,964
2026-07-06T02:10:00+00:00,7552.0,7557.25,7548.0,7548.75,1642
2026-07-06T02:15:00+00:00,7548.75,7550.5,7546.5,7548.25,1825
2026-07-06T02:20:00+00:00,7548.0,7550.75,7547.5,7549.5,909
2026-07-06T02:25:00+00:00,7549.5,7550.25,7546.75,7547.25,1140
2026-07-06T02:30:00+00:00,7547.25,7557.25,7543.25,7545.0,2276
2026-07-06T02:35:00+00:00,7545.25,7557.25,7543.25,7543.25,1066
2026-07-06T02:40:00+00:00,7543.25,7543.75,7541.0,7541.5,1890
2026-07-06T02:45:00+00:00,7541.75,7544.25,7541.5,7542.5,1070
2026-07-06T02:50:00+00:00,7542.75,7543.25,7540.25,7543.25,914
2026-07-06T02:55:00+00:00,7543.0,7557.25,7541.75,7544.25,1307
2026-07-06T03:00:00+00:00,7544.25,7557.25,7542.25,7545.25,1248
2026-07-06T03:05:00+00:00,7545.0,7545.5,7543.75,7545.0,613
2026-07-06T03:10:00+00:00,7545.0,7547.0,7541.25,7544.25,2289
2026-07-06T03:15:00+00:00,7544.5,7546.25,7543.25,7543.75,1030
2026-07-06T03:20:00+00:00,7543.5,7557.25,7542.5,7544.5,519
2026-07-06T03:25:00+00:00,7544.5,7557.25,7543.75,7546.0,499
2026-07-06T03:30:00+00:00,7546.0,7547.5,7543.5,7546.25,1327
2026-07-06T03:35:00+00:00,7546.5,7547.75,7545.0,7545.75,969
2026-07-06T03:40:00+00:00,7545.75,7546.0,7541.5,7541.75,1334
2026-07-06T03:45:00+00:00,7541.5,7557.25,7539.5,7540.25,1313
2026-07-06T03:50:00+00:00,7540.25,7557.25,7538.0,7538.5,1587
2026-07-06T03:55:00+00:00,7539.0,7541.5,7538.25,7541.25,743
2026-07-06T04:00:00+00:00,7542.5,7543.5,7539.75,7543.25,595
2026-07-06T04:05:00+00:00,7543.25,7544.0,7540.5,7541.5,725
2026-07-06T04:10:00+00:00,7541.5,7547.0,7541.5,7546.5,1012
2026-07-06T04:15:00+00:00,7546.5,7547.5,7545.5,7547.0,852
2026-07-06T04:20:00+00:00,7547.0,7547.75,7546.0,7547.5,643
2026-07-06T04:25:00+00:00,7547.75,7548.75,7546.5,7547.75,594
2026-07-06T04:30:00+00:00,7547.75,7550.0,7547.0,7547.25,1215
2026-07-06T04:35:00+00:00,7547.25,7549.75,7547.0,7549.5,782
2026-07-06T04:40:00+00:00,7549.5,7551.75,7548.5,7551.0,852
2026-07-06T04:45:00+00:00,7550.75,7551.5,7549.25,7550.25,582
2026-07-06T04:50:00+00:00,7550.0,7551.25,7549.5,7551.25,453
2026-07-06T04:55:00+00:00,7551.25,7553.0,7551.0,7552.0,845
2026-07-06T05:00:00+00:00,7552.5,7552.75,7549.25,7549.75,813
2026-07-06T05:05:00+00:00,7549.5,7554.0,7549.5,7551.25,921
2026-07-06T05:10:00+00:00,7551.5,7554.0,7551.0,7552.75,491
2026-07-06T05:15:00+00:00,7552.75,7554.5,7552.5,7554.25,413
2026-07-06T05:20:00+00:00,7554.25,7554.75,7549.25,7550.5,1124
2026-07-06T05:25:00+00:00,7550.0,7551.75,7548.5,7549.0,845
2026-07-06T05:30:00+00:00,7549.0,7549.0,7544.75,7545.75,1021
2026-07-06T05:35:00+00:00,7545.5,7548.5,7545.5,7547.75,717
2026-07-06T05:40:00+00:00,7547.5,7552.0,7547.5,7550.5,1050
2026-07-06T05:45:00+00:00,7550.5,7551.0,7548.25,7548.5,611
2026-07-06T05:50:00+00:00,7548.75,7552.5,7548.25,7551.75,577
2026-07-06T05:55:00+00:00,7551.75,7552.25,7549.5,7549.75,384
2026-07-06T06:00:00+00:00,7550.0,7552.25,7549.25,7550.5,533
2026-07-06T06:05:00+00:00,7551.0,7551.5,7548.5,7549.0,479
2026-07-06T06:10:00+00:00,7548.75,7549.25,7546.25,7547.0,577
2026-07-06T06:15:00+00:00,7546.75,7549.0,7546.25,7547.75,424
2026-07-06T06:20:00+00:00,7547.5,7549.75,7547.0,7549.0,406
2026-07-06T06:25:00+00:00,7549.25,7551.75,7548.5,7551.0,522
2026-07-06T06:30:00+00:00,7550.75,7553.75,7550.0,7553.0,787
2026-07-06T06:35:00+00:00,7553.25,7554.5,7553.0,7553.75,792
2026-07-06T06:40:00+00:00,7554.0,7555.75,7553.75,7555.0,1001
2026-07-06T06:45:00+00:00,7554.75,7555.0,7552.5,7553.75,627
2026-07-06T06:50:00+00:00,7553.75,7555.0,7552.75,7553.75,350
2026-07-06T06:55:00+00:00,7553.5,7554.75,7553.0,7554.5,329
2026-07-06T07:00:00+00:00,7554.25,7555.75,7552.5,7555.5,779
2026-07-06T07:05:00+00:00,7555.75,7558.0,7555.5,7556.25,1221
2026-07-06T07:10:00+00:00,7556.5,7557.75,7555.25,7556.25,677
2026-07-06T07:15:00+00:00,7556.5,7558.75,7556.5,7558.5,681
2026-07-06T07:20:00+00:00,7558.75,7558.75,7555.75,7556.75,540
2026-07-06T07:25:00+00:00,7556.75,7556.75,7554.5,7555.25,584
2026-07-06T07:30:00+00:00,7555.5,7558.5,7554.5,7558.0,583
2026-07-06T07:35:00+00:00,7558.0,7559.0,7556.5,7557.25,348
2026-07-06T07:40:00+00:00,7558.0,7563.0,7558.0,7562.5,996
2026-07-06T07:45:00+00:00,7562.5,7562.75,7561.25,7562.25,649
2026-07-06T07:50:00+00:00,7562.25,7563.0,7561.5,7562.25,396
2026-07-06T07:55:00+00:00,7562.25,7563.5,7561.5,7563.0,475
2026-07-06T08:00:00+00:00,7563.0,7566.0,7562.0,7564.25,1295
2026-07-06T08:05:00+00:00,7564.25,7566.75,7563.75,7565.5,850
2026-07-06T08:10:00+00:00,7565.25,7565.75,7558.5,7560.5,1571
2026-07-06T08:15:00+00:00,7560.75,7561.0,7556.5,7561.0,1166
2026-07-06T08:20:00+00:00,7561.0,7562.0,7559.75,7561.5,506
2026-07-06T08:25:00+00:00,7561.75,7562.5,7561.0,7562.25,452
2026-07-06T08:30:00+00:00,7562.0,7562.25,7559.25,7559.25,798
2026-07-06T08:35:00+00:00,7559.5,7560.25,7557.75,7559.5,516
2026-07-06T08:40:00+00:00,7559.5,7562.5,7559.5,7561.5,505
2026-07-06T08:45:00+00:00,7561.75,7561.75,7560.0,7561.25,406
2026-07-06T08:50:00+00:00,7561.5,7562.25,7560.5,7561.25,299
2026-07-06T08:55:00+00:00,7561.25,7563.5,7560.75,7562.75,447
2026-07-06T09:00:00+00:00,7562.75,7563.0,7560.25,7561.25,552
2026-07-06T09:05:00+00:00,7561.0,7563.0,7560.5,7561.5,276
2026-07-06T09:10:00+00:00,7561.5,7561.5,7558.75,7560.0,582
2026-07-06T09:15:00+00:00,7560.25,7561.5,7559.5,7559.75,361
2026-07-06T09:20:00+00:00,7559.75,7562.0,7558.75,7561.25,326
2026-07-06T09:25:00+00:00,7561.0,7562.75,7561.0,7562.25,448
2026-07-06T09:30:00+00:00,7562.5,7562.5,7559.0,7560.25,408
2026-07-06T09:35:00+00:00,7560.25,7562.5,7560.25,7561.75,339
2026-07-06T09:40:00+00:00,7561.75,7562.5,7560.0,7560.0,368
2026-07-06T09:45:00+00:00,7560.0,7560.5,7557.0,7557.75,686
2026-07-06T09:50:00+00:00,7557.75,7565.0,7557.75,7564.75,1251
2026-07-06T09:55:00+00:00,7564.75,7565.5,7563.75,7565.0,555
2026-07-06T10:00:00+00:00,7565.0,7566.5,7562.0,7562.5,1124
2026-07-06T10:05:00+00:00,7562.25,7562.5,7560.5,7560.75,602
2026-07-06T10:10:00+00:00,7561.0,7565.0,7560.5,7564.75,538
2026-07-06T10:15:00+00:00,7564.75,7565.75,7564.0,7565.0,539
2026-07-06T10:20:00+00:00,7565.0,7565.75,7563.25,7563.25,367
2026-07-06T10:25:00+00:00,7563.25,7564.0,7562.25,7562.5,398
2026-07-06T10:30:00+00:00,7562.75,7565.5,7562.5,7565.25,423
2026-07-06T10:35:00+00:00,7564.75,7565.75,7563.75,7564.75,325
2026-07-06T10:40:00+00:00,7564.75,7565.0,7561.0,7561.0,583
2026-07-06T10:45:00+00:00,7560.75,7561.75,7559.25,7561.0,534
2026-07-06T10:50:00+00:00,7561.0,7562.25,7560.5,7561.5,415
2026-07-06T10:55:00+00:00,7562.0,7563.25,7561.5,7563.0,534
2026-07-06T11:00:00+00:00,7563.25,7565.25,7559.75,7560.0,1031
2026-07-06T11:05:00+00:00,7560.0,7560.75,7558.25,7558.5,938
2026-07-06T11:10:00+00:00,7559.0,7560.25,7558.5,7559.75,620
2026-07-06T11:15:00+00:00,7560.25,7561.25,7559.5,7560.75,457
2026-07-06T11:20:00+00:00,7561.25,7563.25,7559.75,7560.25,739
2026-07-06T11:25:00+00:00,7560.0,7562.0,7559.5,7560.0,616
2026-07-06T11:30:00+00:00,7559.5,7562.5,7559.5,7562.25,524
2026-07-06T11:35:00+00:00,7562.5,7562.5,7560.0,7560.5,471
2026-07-06T11:40:00+00:00,7560.75,7561.0,7559.5,7561.0,503
2026-07-06T11:45:00+00:00,7561.0,7563.0,7560.25,7561.25,762
2026-07-06T11:50:00+00:00,7561.25,7561.5,7557.5,7558.25,1052
2026-07-06T11:55:00+00:00,7558.0,7560.75,7556.0,7556.5,1775
2026-07-06T12:00:00+00:00,7556.5,7563.75,7555.25,7562.5,3509
2026-07-06T12:05:00+00:00,7562.5,7563.5,7560.25,7562.75,1269
2026-07-06T12:10:00+00:00,7562.75,7563.25,7561.25,7562.5,904
2026-07-06T12:15:00+00:00,7562.75,7564.75,7562.25,7563.75,1436
2026-07-06T12:20:00+00:00,7563.75,7564.0,7556.25,7556.5,1978
2026-07-06T12:25:00+00:00,7556.25,7558.75,7556.25,7558.25,1336
2026-07-06T12:30:00+00:00,7558.0,7559.75,7556.5,7557.25,1113
2026-07-06T12:35:00+00:00,7557.25,7563.5,7557.0,7562.0,2110
2026-07-06T12:40:00+00:00,7561.75,7562.0,7558.25,7559.0,1479
2026-07-06T12:45:00+00:00,7559.25,7560.5,7559.0,7560.0,612
2026-07-06T12:50:00+00:00,7560.0,7562.75,7559.25,7562.5,977
2026-07-06T12:55:00+00:00,7562.5,7562.75,7561.0,7562.5,843
2026-07-06T13:00:00+00:00,7562.75,7563.5,7556.5,7558.0,2740
2026-07-06T13:05:00+00:00,7558.0,7558.25,7556.0,7556.5,1399
2026-07-06T13:10:00+00:00,7556.5,7558.25,7555.0,7555.25,2307
2026-07-06T13:15:00+00:00,7555.25,7556.25,7552.5,7553.75,3299
2026-07-06T13:20:00+00:00,7554.0,7555.75,7552.0,7553.75,3202
2026-07-06T13:25:00+00:00,7553.75,7565.5,7553.75,7565.0,7258
2026-07-06T13:30:00+00:00,7564.75,7573.25,7559.25,7570.25,28981
2026-07-06T13:35:00+00:00,7570.0,7570.25,7552.25,7561.5,22627
2026-07-06T13:40:00+00:00,7561.75,7565.5,7555.25,7565.25,15834
2026-07-06T13:45:00+00:00,7565.0,7569.5,7561.25,7568.0,14634
2026-07-06T13:50:00+00:00,7568.0,7574.0,7560.75,7567.25,20432
2026-07-06T13:55:00+00:00,7567.25,7568.5,7561.75,7564.5,10199
2026-07-06T14:00:00+00:00,7564.25,7569.25,7556.25,7562.75,17677
2026-07-06T14:05:00+00:00,7562.25,7570.0,7559.0,7566.75,12552
2026-07-06T14:10:00+00:00,7567.0,7568.25,7564.5,7567.0,0
2026-07-06T14:10:25+00:00,7566.5,7566.5,7566.5,7566.5,0
