param_id,signal_name,side_mode,session_set,sl_atr,tp_atr,max_hold_bars,exit_on_opposite,max_trades_per_day,all_trades,all_pnl,all_max_dd,all_profit_factor,all_win_rate,all_expectancy,all_total_gain,all_total_loss,is_trades,is_pnl,is_max_dd,is_profit_factor,is_win_rate,is_expectancy,is_total_gain,is_total_loss,oos_trades,oos_pnl,oos_max_dd,oos_profit_factor,oos_win_rate,oos_expectancy,oos_total_gain,oos_total_loss,wf_positive
IFB_0001,emapmo_normal,both,ALL,1.0,0.75,6,False,1,40,-1202.0,3641.81,0.8862,0.525,-30.05,9360.18,-10562.18,26,-988.78,2260.39,0.8591,0.5385,-38.03,6026.8,-7015.58,14,-213.22,2372.8,0.9399,0.5,-15.23,3333.38,-3546.6,False
IFB_0002,emapmo_normal,both,ALL,1.0,0.75,6,False,3,74,-3091.2,5269.4,0.8477,0.527,-41.773,17201.78,-20292.98,45,-3730.98,4667.39,0.7291,0.5111,-82.911,10042.6,-13773.58,29,639.78,2473.2,1.0981,0.5517,22.061,7159.18,-6519.4,False
IFB_0003,emapmo_normal,both,ALL,1.0,0.75,6,True,1,40,-1202.0,3641.81,0.8862,0.525,-30.05,9360.18,-10562.18,26,-988.78,2260.39,0.8591,0.5385,-38.03,6026.8,-7015.58,14,-213.22,2372.8,0.9399,0.5,-15.23,3333.38,-3546.6,False
IFB_0004,emapmo_normal,both,ALL,1.0,0.75,6,True,3,74,-3091.2,5269.4,0.8477,0.527,-41.773,17201.78,-20292.98,45,-3730.98,4667.39,0.7291,0.5111,-82.911,10042.6,-13773.58,29,639.78,2473.2,1.0981,0.5517,22.061,7159.18,-6519.4,False
IFB_0005,emapmo_normal,both,ALL,1.0,0.75,12,False,1,40,-2522.0,4861.8,0.7864,0.5,-63.05,9284.0,-11806.0,26,-1728.8,2771.4,0.7771,0.5385,-66.492,6026.8,-7755.6,14,-793.2,2372.8,0.8042,0.4286,-56.657,3257.2,-4050.4,False
IFB_0006,emapmo_normal,both,ALL,1.0,0.75,12,False,3,74,-5611.2,7789.4,0.7532,0.5135,-75.827,17125.6,-22736.8,45,-4471.0,4887.2,0.6919,0.5111,-99.356,10042.6,-14513.6,29,-1140.2,3673.2,0.8613,0.5172,-39.317,7083.0,-8223.2,False
IFB_0007,emapmo_normal,both,ALL,1.0,0.75,12,True,1,40,-2522.0,4861.8,0.7864,0.5,-63.05,9284.0,-11806.0,26,-1728.8,2771.4,0.7771,0.5385,-66.492,6026.8,-7755.6,14,-793.2,2372.8,0.8042,0.4286,-56.657,3257.2,-4050.4,False
IFB_0008,emapmo_normal,both,ALL,1.0,0.75,12,True,3,74,-5611.2,7789.4,0.7532,0.5135,-75.827,17125.6,-22736.8,45,-4471.0,4887.2,0.6919,0.5111,-99.356,10042.6,-14513.6,29,-1140.2,3673.2,0.8613,0.5172,-39.317,7083.0,-8223.2,False
IFB_0009,emapmo_normal,both,ALL,1.0,0.75,24,False,1,40,-2522.0,4861.8,0.7864,0.5,-63.05,9284.0,-11806.0,26,-1728.8,2771.4,0.7771,0.5385,-66.492,6026.8,-7755.6,14,-793.2,2372.8,0.8042,0.4286,-56.657,3257.2,-4050.4,False
IFB_0010,emapmo_normal,both,ALL,1.0,0.75,24,False,3,74,-5611.2,7789.4,0.7532,0.5135,-75.827,17125.6,-22736.8,45,-4471.0,4887.2,0.6919,0.5111,-99.356,10042.6,-14513.6,29,-1140.2,3673.2,0.8613,0.5172,-39.317,7083.0,-8223.2,False
IFB_0011,emapmo_normal,both,ALL,1.0,0.75,24,True,1,40,-2522.0,4861.8,0.7864,0.5,-63.05,9284.0,-11806.0,26,-1728.8,2771.4,0.7771,0.5385,-66.492,6026.8,-7755.6,14,-793.2,2372.8,0.8042,0.4286,-56.657,3257.2,-4050.4,False
IFB_0012,emapmo_normal,both,ALL,1.0,0.75,24,True,3,74,-5611.2,7789.4,0.7532,0.5135,-75.827,17125.6,-22736.8,45,-4471.0,4887.2,0.6919,0.5111,-99.356,10042.6,-14513.6,29,-1140.2,3673.2,0.8613,0.5172,-39.317,7083.0,-8223.2,False
IFB_0013,emapmo_normal,both,ALL,1.0,1.0,6,False,1,40,-602.03,3905.62,0.9474,0.45,-15.051,10841.57,-11443.6,26,-418.8,2131.39,0.9439,0.4615,-16.108,7044.4,-7463.2,14,-183.23,2896.61,0.954,0.4286,-13.088,3797.17,-3980.4,False
IFB_0014,emapmo_normal,both,ALL,1.0,1.0,6,False,3,74,-1541.23,4101.21,0.9287,0.4595,-20.827,20060.76,-21601.99,45,-1881.01,3860.79,0.8677,0.4667,-41.8,12340.19,-14221.2,29,339.78,2350.8,1.046,0.4483,11.717,7720.57,-7380.79,False
IFB_0015,emapmo_normal,both,ALL,1.0,1.0,6,True,1,40,-602.03,3905.62,0.9474,0.45,-15.051,10841.57,-11443.6,26,-418.8,2131.39,0.9439,0.4615,-16.108,7044.4,-7463.2,14,-183.23,2896.61,0.954,0.4286,-13.088,3797.17,-3980.4,False
IFB_0016,emapmo_normal,both,ALL,1.0,1.0,6,True,3,74,-1541.23,4101.21,0.9287,0.4595,-20.827,20060.76,-21601.99,45,-1881.01,3860.79,0.8677,0.4667,-41.8,12340.19,-14221.2,29,339.78,2350.8,1.046,0.4483,11.717,7720.57,-7380.79,False
IFB_0017,emapmo_normal,both,ALL,1.0,1.0,12,False,1,40,-1082.0,4905.6,0.9145,0.45,-27.05,11571.6,-12653.6,26,-538.8,2771.4,0.934,0.5,-20.723,7630.6,-8169.4,14,-543.2,2676.6,0.8789,0.3571,-38.8,3941.0,-4484.2,False
IFB_0018,emapmo_normal,both,ALL,1.0,1.0,12,False,3,74,-2241.21,5607.42,0.905,0.4865,-30.287,21343.19,-23584.4,45,-2230.99,3960.8,0.8505,0.4889,-49.578,12696.41,-14927.4,29,-10.22,3267.0,0.9988,0.4828,-0.352,8646.78,-8657.0,False
IFB_0019,emapmo_normal,both,ALL,1.0,1.0,12,True,1,40,-1082.0,4905.6,0.9145,0.45,-27.05,11571.6,-12653.6,26,-538.8,2771.4,0.934,0.5,-20.723,7630.6,-8169.4,14,-543.2,2676.6,0.8789,0.3571,-38.8,3941.0,-4484.2,False
IFB_0020,emapmo_normal,both,ALL,1.0,1.0,12,True,3,74,-2241.21,5607.42,0.905,0.4865,-30.287,21343.19,-23584.4,45,-2230.99,3960.8,0.8505,0.4889,-49.578,12696.41,-14927.4,29,-10.22,3267.0,0.9988,0.4828,-0.352,8646.78,-8657.0,False
IFB_0021,emapmo_normal,both,ALL,1.0,1.0,24,False,1,40,-1082.0,4905.6,0.9145,0.45,-27.05,11571.6,-12653.6,26,-538.8,2771.4,0.934,0.5,-20.723,7630.6,-8169.4,14,-543.2,2676.6,0.8789,0.3571,-38.8,3941.0,-4484.2,False
IFB_0022,emapmo_normal,both,ALL,1.0,1.0,24,False,3,74,-1501.2,5177.4,0.9363,0.4865,-20.286,22083.2,-23584.4,45,-1921.0,3960.8,0.8713,0.4889,-42.689,13006.4,-14927.4,29,419.8,3267.0,1.0485,0.4828,14.476,9076.8,-8657.0,False
IFB_0023,emapmo_normal,both,ALL,1.0,1.0,24,True,1,40,-1082.0,4905.6,0.9145,0.45,-27.05,11571.6,-12653.6,26,-538.8,2771.4,0.934,0.5,-20.723,7630.6,-8169.4,14,-543.2,2676.6,0.8789,0.3571,-38.8,3941.0,-4484.2,False
IFB_0024,emapmo_normal,both,ALL,1.0,1.0,24,True,3,74,-1501.2,5177.4,0.9363,0.4865,-20.286,22083.2,-23584.4,45,-1921.0,3960.8,0.8713,0.4889,-42.689,13006.4,-14927.4,29,419.8,3267.0,1.0485,0.4828,14.476,9076.8,-8657.0,False
IFB_0025,emapmo_normal,both,ALL,1.5,1.0,6,False,1,40,-2272.05,4681.83,0.8322,0.475,-56.801,11267.77,-13539.82,26,-2278.81,3061.39,0.7556,0.4615,-87.647,7044.4,-9323.21,14,6.76,2742.82,1.0016,0.5,0.483,4223.37,-4216.61,False
IFB_0026,emapmo_normal,both,ALL,1.5,1.0,6,False,3,72,-3793.66,6592.86,0.8456,0.5,-52.69,20773.16,-24566.82,44,-4807.22,5507.0,0.7227,0.5,-109.255,12526.39,-17333.61,28,1013.56,2480.41,1.1401,0.5,36.199,8246.77,-7233.21,False
IFB_0027,emapmo_normal,both,ALL,1.5,1.0,6,True,1,40,-2272.05,4681.83,0.8322,0.475,-56.801,11267.77,-13539.82,26,-2278.81,3061.39,0.7556,0.4615,-87.647,7044.4,-9323.21,14,6.76,2742.82,1.0016,0.5,0.483,4223.37,-4216.61,False
IFB_0028,emapmo_normal,both,ALL,1.5,1.0,6,True,3,72,-3793.66,6592.86,0.8456,0.5,-52.69,20773.16,-24566.82,44,-4807.22,5507.0,0.7227,0.5,-109.255,12526.39,-17333.61,28,1013.56,2480.41,1.1401,0.5,36.199,8246.77,-7233.21,False
IFB_0029,emapmo_normal,both,ALL,1.5,1.0,12,False,1,40,-3061.98,5829.38,0.8115,0.525,-76.55,13180.2,-16242.18,26,-3078.8,4219.0,0.7282,0.5385,-118.415,8246.8,-11325.6,14,16.82,2739.0,1.0034,0.5,1.201,4933.4,-4916.58,False
IFB_0030,emapmo_normal,both,ALL,1.5,1.0,12,False,3,72,-5013.58,7751.78,0.8276,0.5694,-69.633,24074.19,-29087.77,44,-4787.19,5343.39,0.7497,0.5682,-108.8,14335.01,-19122.2,28,-226.39,4065.6,0.9773,0.5714,-8.085,9739.18,-9965.57,False
IFB_0031,emapmo_normal,both,ALL,1.5,1.0,12,True,1,40,-3061.98,5829.38,0.8115,0.525,-76.55,13180.2,-16242.18,26,-3078.8,4219.0,0.7282,0.5385,-118.415,8246.8,-11325.6,14,16.82,2739.0,1.0034,0.5,1.201,4933.4,-4916.58,False
IFB_0032,emapmo_normal,both,ALL,1.5,1.0,12,True,3,72,-5013.58,7751.78,0.8276,0.5694,-69.633,24074.19,-29087.77,44,-4787.19,5343.39,0.7497,0.5682,-108.8,14335.01,-19122.2,28,-226.39,4065.6,0.9773,0.5714,-8.085,9739.18,-9965.57,False
IFB_0033,emapmo_normal,both,ALL,1.5,1.0,24,False,1,40,-3322.0,6089.4,0.7987,0.525,-83.05,13180.2,-16502.2,26,-3078.8,4219.0,0.7282,0.5385,-118.415,8246.8,-11325.6,14,-243.2,2739.0,0.953,0.5,-17.371,4933.4,-5176.6,False
IFB_0034,emapmo_normal,both,ALL,1.5,1.0,24,False,3,72,-4913.6,7865.0,0.8347,0.5694,-68.244,24814.2,-29727.8,44,-4477.2,5246.6,0.7659,0.5682,-101.755,14645.0,-19122.2,28,-436.4,4065.6,0.9589,0.5714,-15.586,10169.2,-10605.6,False
IFB_0035,emapmo_normal,both,ALL,1.5,1.0,24,True,1,40,-3322.0,6089.4,0.7987,0.525,-83.05,13180.2,-16502.2,26,-3078.8,4219.0,0.7282,0.5385,-118.415,8246.8,-11325.6,14,-243.2,2739.0,0.953,0.5,-17.371,4933.4,-5176.6,False
IFB_0036,emapmo_normal,both,ALL,1.5,1.0,24,True,3,72,-4913.6,7865.0,0.8347,0.5694,-68.244,24814.2,-29727.8,44,-4477.2,5246.6,0.7659,0.5682,-101.755,14645.0,-19122.2,28,-436.4,4065.6,0.9589,0.5714,-15.586,10169.2,-10605.6,False
IFB_0037,emapmo_normal,both,ALL,1.5,1.5,6,False,1,40,-1042.04,4469.43,0.923,0.475,-26.051,12497.78,-13539.82,26,-1388.8,3378.99,0.851,0.4615,-53.415,7934.41,-9323.21,14,346.76,2742.82,1.0822,0.5,24.769,4563.37,-4216.61,False
IFB_0038,emapmo_normal,both,ALL,1.5,1.5,6,False,3,72,-2653.67,6056.59,0.8994,0.4583,-36.857,23724.55,-26378.22,44,-4747.23,6056.59,0.7435,0.4545,-107.892,13763.98,-18511.21,28,2093.56,2051.4,1.2661,0.4643,74.77,9960.57,-7867.01,False
IFB_0039,emapmo_normal,both,ALL,1.5,1.5,6,True,1,40,-1042.04,4469.43,0.923,0.475,-26.051,12497.78,-13539.82,26,-1388.8,3378.99,0.851,0.4615,-53.415,7934.41,-9323.21,14,346.76,2742.82,1.0822,0.5,24.769,4563.37,-4216.61,False
IFB_0040,emapmo_normal,both,ALL,1.5,1.5,6,True,3,72,-2653.67,6056.59,0.8994,0.4583,-36.857,23724.55,-26378.22,44,-4747.23,6056.59,0.7435,0.4545,-107.892,13763.98,-18511.21,28,2093.56,2051.4,1.2661,0.4643,74.77,9960.57,-7867.01,False
IFB_0041,emapmo_normal,both,ALL,1.5,1.5,12,False,1,40,-3451.98,7325.58,0.8103,0.45,-86.3,14741.61,-18193.59,26,-4168.79,6772.8,0.6859,0.4615,-160.338,9104.41,-13273.2,14,716.81,2501.4,1.1457,0.4286,51.201,5637.2,-4920.39,False
IFB_0042,emapmo_normal,both,ALL,1.5,1.5,12,False,3,72,-5033.61,9450.4,0.8459,0.5,-69.911,27633.17,-32666.78,44,-6517.21,9450.4,0.7046,0.5,-148.118,15546.39,-22063.6,28,1483.6,2710.4,1.1399,0.5,52.986,12086.78,-10603.18,False
IFB_0043,emapmo_normal,both,ALL,1.5,1.5,12,True,1,40,-3451.98,7325.58,0.8103,0.45,-86.3,14741.61,-18193.59,26,-4168.79,6772.8,0.6859,0.4615,-160.338,9104.41,-13273.2,14,716.81,2501.4,1.1457,0.4286,51.201,5637.2,-4920.39,False
IFB_0044,emapmo_normal,both,ALL,1.5,1.5,12,True,3,72,-5033.61,9450.4,0.8459,0.5,-69.911,27633.17,-32666.78,44,-6517.21,9450.4,0.7046,0.5,-148.118,15546.39,-22063.6,28,1483.6,2710.4,1.1399,0.5,52.986,12086.78,-10603.18,False
IFB_0045,emapmo_normal,both,ALL,1.5,1.5,24,False,1,40,-6002.0,8096.0,0.7166,0.425,-150.05,15175.4,-21177.4,26,-4678.8,6772.8,0.6709,0.4231,-179.954,9538.2,-14217.0,14,-1323.2,3011.8,0.8099,0.4286,-94.514,5637.2,-6960.4,False
IFB_0046,emapmo_normal,both,ALL,1.5,1.5,24,False,3,72,-8793.62,10054.82,0.7651,0.4583,-122.134,28644.6,-37438.22,44,-8637.22,9473.42,0.6462,0.4318,-196.3,15777.8,-24415.02,28,-156.4,2710.4,0.988,0.5,-5.586,12866.8,-13023.2,False
IFB_0047,emapmo_normal,both,ALL,1.5,1.5,24,True,1,40,-6002.0,8096.0,0.7166,0.425,-150.05,15175.4,-21177.4,26,-4678.8,6772.8,0.6709,0.4231,-179.954,9538.2,-14217.0,14,-1323.2,3011.8,0.8099,0.4286,-94.514,5637.2,-6960.4,False
IFB_0048,emapmo_normal,both,ALL,1.5,1.5,24,True,3,72,-8793.62,10054.82,0.7651,0.4583,-122.134,28644.6,-37438.22,44,-8637.22,9473.42,0.6462,0.4318,-196.3,15777.8,-24415.02,28,-156.4,2710.4,0.988,0.5,-5.586,12866.8,-13023.2,False
IFB_0049,emapmo_normal,both,PRE_RTH,1.0,0.75,6,False,1,29,-3020.2,3536.4,0.6929,0.5172,-104.145,6813.0,-9833.2,20,-3266.0,3358.0,0.573,0.5,-163.3,4382.0,-7648.0,9,245.8,1572.8,1.1125,0.5556,27.311,2431.0,-2185.2,False
IFB_0050,emapmo_normal,both,PRE_RTH,1.0,0.75,6,False,3,42,-1119.61,3042.62,0.9106,0.5476,-26.657,11402.6,-12522.21,28,-1936.42,3042.62,0.7968,0.5357,-69.158,7593.0,-9529.42,14,816.8,1481.4,1.2729,0.5714,58.343,3809.6,-2992.8,False
IFB_0051,emapmo_normal,both,PRE_RTH,1.0,0.75,6,True,1,29,-3020.2,3536.4,0.6929,0.5172,-104.145,6813.0,-9833.2,20,-3266.0,3358.0,0.573,0.5,-163.3,4382.0,-7648.0,9,245.8,1572.8,1.1125,0.5556,27.311,2431.0,-2185.2,False
IFB_0052,emapmo_normal,both,PRE_RTH,1.0,0.75,6,True,3,42,-1119.61,3042.62,0.9106,0.5476,-26.657,11402.6,-12522.21,28,-1936.42,3042.62,0.7968,0.5357,-69.158,7593.0,-9529.42,14,816.8,1481.4,1.2729,0.5714,58.343,3809.6,-2992.8,False
IFB_0053,emapmo_normal,both,PRE_RTH,1.0,0.75,12,False,1,29,-4220.2,4736.4,0.6175,0.5172,-145.524,6813.0,-11033.2,20,-3266.0,3358.0,0.573,0.5,-163.3,4382.0,-7648.0,9,-954.2,2772.8,0.7181,0.5556,-106.022,2431.0,-3385.2,False
IFB_0054,emapmo_normal,both,PRE_RTH,1.0,0.75,12,False,3,42,-1329.6,2681.4,0.9014,0.5714,-31.657,12158.8,-13488.4,28,-916.4,2337.6,0.9011,0.5714,-32.729,8349.2,-9265.6,14,-413.2,2681.4,0.9022,0.5714,-29.514,3809.6,-4222.8,False
IFB_0055,emapmo_normal,both,PRE_RTH,1.0,0.75,12,True,1,29,-4220.2,4736.4,0.6175,0.5172,-145.524,6813.0,-11033.2,20,-3266.0,3358.0,0.573,0.5,-163.3,4382.0,-7648.0,9,-954.2,2772.8,0.7181,0.5556,-106.022,2431.0,-3385.2,False
IFB_0056,emapmo_normal,both,PRE_RTH,1.0,0.75,12,True,3,42,-1329.6,2681.4,0.9014,0.5714,-31.657,12158.8,-13488.4,28,-916.4,2337.6,0.9011,0.5714,-32.729,8349.2,-9265.6,14,-413.2,2681.4,0.9022,0.5714,-29.514,3809.6,-4222.8,False
IFB_0057,emapmo_normal,both,PRE_RTH,1.0,0.75,24,False,1,29,-4220.2,4736.4,0.6175,0.5172,-145.524,6813.0,-11033.2,20,-3266.0,3358.0,0.573,0.5,-163.3,4382.0,-7648.0,9,-954.2,2772.8,0.7181,0.5556,-106.022,2431.0,-3385.2,False
IFB_0058,emapmo_normal,both,PRE_RTH,1.0,0.75,24,False,3,42,-459.6,2681.4,0.9652,0.5952,-10.943,12745.0,-13204.6,28,-916.4,2337.6,0.9011,0.5714,-32.729,8349.2,-9265.6,14,456.8,2681.4,1.116,0.6429,32.629,4395.8,-3939.0,False
IFB_0059,emapmo_normal,both,PRE_RTH,1.0,0.75,24,True,1,29,-4220.2,4736.4,0.6175,0.5172,-145.524,6813.0,-11033.2,20,-3266.0,3358.0,0.573,0.5,-163.3,4382.0,-7648.0,9,-954.2,2772.8,0.7181,0.5556,-106.022,2431.0,-3385.2,False
IFB_0060,emapmo_normal,both,PRE_RTH,1.0,0.75,24,True,3,42,-459.6,2681.4,0.9652,0.5952,-10.943,12745.0,-13204.6,28,-916.4,2337.6,0.9011,0.5714,-32.729,8349.2,-9265.6,14,456.8,2681.4,1.116,0.6429,32.629,4395.8,-3939.0,False
IFB_0061,emapmo_normal,both,PRE_RTH,1.0,1.0,6,False,1,29,-3560.21,4246.41,0.6777,0.4138,-122.766,7484.39,-11044.6,20,-2706.01,3167.01,0.6643,0.45,-135.3,5355.79,-8061.8,9,-854.2,2222.8,0.7136,0.3333,-94.911,2128.6,-2982.8,False
IFB_0062,emapmo_normal,both,PRE_RTH,1.0,1.0,6,False,3,42,-679.61,2450.39,0.9507,0.4524,-16.181,13117.79,-13797.4,28,-286.43,2337.6,0.9712,0.5,-10.23,9656.79,-9943.22,14,-393.19,2450.39,0.898,0.3571,-28.085,3461.0,-3854.19,False
IFB_0063,emapmo_normal,both,PRE_RTH,1.0,1.0,6,True,1,29,-3560.21,4246.41,0.6777,0.4138,-122.766,7484.39,-11044.6,20,-2706.01,3167.01,0.6643,0.45,-135.3,5355.79,-8061.8,9,-854.2,2222.8,0.7136,0.3333,-94.911,2128.6,-2982.8,False
IFB_0064,emapmo_normal,both,PRE_RTH,1.0,1.0,6,True,3,42,-679.61,2450.39,0.9507,0.4524,-16.181,13117.79,-13797.4,28,-286.43,2337.6,0.9712,0.5,-10.23,9656.79,-9943.22,14,-393.19,2450.39,0.898,0.3571,-28.085,3461.0,-3854.19,False
IFB_0065,emapmo_normal,both,PRE_RTH,1.0,1.0,12,False,1,29,-4360.21,5046.41,0.633,0.4483,-150.352,7520.59,-11880.8,20,-2935.99,3396.99,0.6358,0.45,-146.8,5125.81,-8061.8,9,-1424.22,3422.8,0.6271,0.4444,-158.247,2394.78,-3819.0,False
IFB_0066,emapmo_normal,both,PRE_RTH,1.0,1.0,12,False,3,42,350.39,3115.2,1.0244,0.5238,8.343,14686.39,-14336.0,28,763.61,2337.6,1.0789,0.5357,27.272,10443.01,-9679.4,14,-413.22,3115.2,0.9113,0.5,-29.516,4243.38,-4656.6,False
IFB_0067,emapmo_normal,both,PRE_RTH,1.0,1.0,12,True,1,29,-4360.21,5046.41,0.633,0.4483,-150.352,7520.59,-11880.8,20,-2935.99,3396.99,0.6358,0.45,-146.8,5125.81,-8061.8,9,-1424.22,3422.8,0.6271,0.4444,-158.247,2394.78,-3819.0,False
IFB_0068,emapmo_normal,both,PRE_RTH,1.0,1.0,12,True,3,42,350.39,3115.2,1.0244,0.5238,8.343,14686.39,-14336.0,28,763.61,2337.6,1.0789,0.5357,27.272,10443.01,-9679.4,14,-413.22,3115.2,0.9113,0.5,-29.516,4243.38,-4656.6,False
IFB_0069,emapmo_normal,both,PRE_RTH,1.0,1.0,24,False,1,29,-3620.2,4306.4,0.6953,0.4483,-124.834,8260.6,-11880.8,20,-2626.0,3087.0,0.6743,0.45,-131.3,5435.8,-8061.8,9,-994.2,3422.8,0.7397,0.4444,-110.467,2824.8,-3819.0,False
IFB_0070,emapmo_normal,both,PRE_RTH,1.0,1.0,24,False,3,42,1540.4,3115.2,1.1096,0.5476,36.676,15592.6,-14052.2,28,1073.6,2337.6,1.1109,0.5357,38.343,10753.0,-9679.4,14,466.8,3115.2,1.1068,0.5714,33.343,4839.6,-4372.8,False
IFB_0071,emapmo_normal,both,PRE_RTH,1.0,1.0,24,True,1,29,-3620.2,4306.4,0.6953,0.4483,-124.834,8260.6,-11880.8,20,-2626.0,3087.0,0.6743,0.45,-131.3,5435.8,-8061.8,9,-994.2,3422.8,0.7397,0.4444,-110.467,2824.8,-3819.0,False
IFB_0072,emapmo_normal,both,PRE_RTH,1.0,1.0,24,True,3,42,1540.4,3115.2,1.1096,0.5476,36.676,15592.6,-14052.2,28,1073.6,2337.6,1.1109,0.5357,38.343,10753.0,-9679.4,14,466.8,3115.2,1.1068,0.5714,33.343,4839.6,-4372.8,False
IFB_0073,emapmo_normal,both,PRE_RTH,1.5,1.0,6,False,1,29,-940.21,2935.0,0.9063,0.5172,-32.421,9092.98,-10033.19,20,-1866.0,1877.01,0.7643,0.5,-93.3,6051.99,-7917.99,9,925.79,1751.4,1.4377,0.5556,102.866,3040.99,-2115.2,False
IFB_0074,emapmo_normal,both,PRE_RTH,1.5,1.0,6,False,3,40,4567.99,1877.62,1.4303,0.575,114.2,15182.58,-10614.6,26,2081.18,1877.62,1.2544,0.5769,80.045,10262.99,-8181.81,14,2486.8,963.8,2.0222,0.5714,177.629,4919.59,-2432.79,True
IFB_0075,emapmo_normal,both,PRE_RTH,1.5,1.0,6,True,1,29,-940.21,2935.0,0.9063,0.5172,-32.421,9092.98,-10033.19,20,-1866.0,1877.01,0.7643,0.5,-93.3,6051.99,-7917.99,9,925.79,1751.4,1.4377,0.5556,102.866,3040.99,-2115.2,False
IFB_0076,emapmo_normal,both,PRE_RTH,1.5,1.0,6,True,3,40,4567.99,1877.62,1.4303,0.575,114.2,15182.58,-10614.6,26,2081.18,1877.62,1.2544,0.5769,80.045,10262.99,-8181.81,14,2486.8,963.8,2.0222,0.5714,177.629,4919.59,-2432.79,True
IFB_0077,emapmo_normal,both,PRE_RTH,1.5,1.0,12,False,1,29,-3800.21,6528.41,0.7219,0.5862,-131.042,9865.39,-13665.6,20,-3085.99,3699.39,0.676,0.55,-154.3,6438.21,-9524.2,9,-714.22,4141.4,0.8275,0.6667,-79.358,3427.18,-4141.4,False
IFB_0078,emapmo_normal,both,PRE_RTH,1.5,1.0,12,False,3,40,3537.99,2631.4,1.2536,0.675,88.45,17487.39,-13949.4,26,2141.21,2445.59,1.2248,0.6538,82.354,11665.41,-9524.2,14,1396.78,2631.4,1.3156,0.7143,99.77,5821.98,-4425.2,True
IFB_0079,emapmo_normal,both,PRE_RTH,1.5,1.0,12,True,1,29,-3800.21,6528.41,0.7219,0.5862,-131.042,9865.39,-13665.6,20,-3085.99,3699.39,0.676,0.55,-154.3,6438.21,-9524.2,9,-714.22,4141.4,0.8275,0.6667,-79.358,3427.18,-4141.4,False
IFB_0080,emapmo_normal,both,PRE_RTH,1.5,1.0,12,True,3,40,3537.99,2631.4,1.2536,0.675,88.45,17487.39,-13949.4,26,2141.21,2445.59,1.2248,0.6538,82.354,11665.41,-9524.2,14,1396.78,2631.4,1.3156,0.7143,99.77,5821.98,-4425.2,True
IFB_0081,emapmo_normal,both,PRE_RTH,1.5,1.0,24,False,1,29,-3600.2,6328.4,0.7466,0.5862,-124.145,10605.4,-14205.6,20,-3316.0,3929.4,0.6705,0.55,-165.8,6748.2,-10064.2,9,-284.2,4141.4,0.9314,0.6667,-31.578,3857.2,-4141.4,False
IFB_0082,emapmo_normal,both,PRE_RTH,1.5,1.0,24,False,3,40,4188.0,2675.6,1.2948,0.7,104.7,18393.6,-14205.6,26,1911.2,2675.6,1.1899,0.6538,73.508,11975.4,-10064.2,14,2276.8,2631.4,1.5498,0.7857,162.629,6418.2,-4141.4,True
IFB_0083,emapmo_normal,both,PRE_RTH,1.5,1.0,24,True,1,29,-3600.2,6328.4,0.7466,0.5862,-124.145,10605.4,-14205.6,20,-3316.0,3929.4,0.6705,0.55,-165.8,6748.2,-10064.2,9,-284.2,4141.4,0.9314,0.6667,-31.578,3857.2,-4141.4,False
IFB_0084,emapmo_normal,both,PRE_RTH,1.5,1.0,24,True,3,40,4188.0,2675.6,1.2948,0.7,104.7,18393.6,-14205.6,26,1911.2,2675.6,1.1899,0.6538,73.508,11975.4,-10064.2,14,2276.8,2631.4,1.5498,0.7857,162.629,6418.2,-4141.4,True
IFB_0085,emapmo_normal,both,PRE_RTH,1.5,1.5,6,False,1,29,-980.19,3638.38,0.9041,0.4828,-33.8,9236.8,-10216.99,20,-2755.97,3099.38,0.6598,0.45,-137.799,5345.82,-8101.79,9,1775.78,1751.4,1.8395,0.5556,197.309,3890.98,-2115.2,False
IFB_0086,emapmo_normal,both,PRE_RTH,1.5,1.5,6,False,3,40,5318.02,2001.4,1.4925,0.55,132.951,16116.42,-10798.4,26,1611.24,2001.4,1.1926,0.5385,61.971,9976.85,-8365.61,14,3706.79,963.8,2.5237,0.5714,264.77,6139.57,-2432.79,False
IFB_0087,emapmo_normal,both,PRE_RTH,1.5,1.5,6,True,1,29,-980.19,3638.38,0.9041,0.4828,-33.8,9236.8,-10216.99,20,-2755.97,3099.38,0.6598,0.45,-137.799,5345.82,-8101.79,9,1775.78,1751.4,1.8395,0.5556,197.309,3890.98,-2115.2,False
IFB_0088,emapmo_normal,both,PRE_RTH,1.5,1.5,6,True,3,40,5318.02,2001.4,1.4925,0.55,132.951,16116.42,-10798.4,26,1611.24,2001.4,1.1926,0.5385,61.971,9976.85,-8365.61,14,3706.79,963.8,2.5237,0.5714,264.77,6139.57,-2432.79,False
IFB_0089,emapmo_normal,both,PRE_RTH,1.5,1.5,12,False,1,29,-4360.23,9058.42,0.7207,0.5172,-150.353,11252.97,-15613.2,20,-5246.01,6759.4,0.5427,0.45,-262.3,6225.79,-11471.8,9,885.78,4141.4,1.2139,0.6667,98.42,5027.18,-4141.4,False
IFB_0090,emapmo_normal,both,PRE_RTH,1.5,1.5,12,False,3,40,1357.96,7802.21,1.076,0.575,33.949,19232.55,-17874.59,26,-1698.83,7089.4,0.8703,0.5385,-65.34,11396.77,-13095.6,14,3056.79,2797.59,1.6396,0.6429,218.342,7835.78,-4778.99,False
IFB_0091,emapmo_normal,both,PRE_RTH,1.5,1.5,12,True,1,29,-4360.23,9058.42,0.7207,0.5172,-150.353,11252.97,-15613.2,20,-5246.01,6759.4,0.5427,0.45,-262.3,6225.79,-11471.8,9,885.78,4141.4,1.2139,0.6667,98.42,5027.18,-4141.4,False
IFB_0092,emapmo_normal,both,PRE_RTH,1.5,1.5,12,True,3,40,1357.96,7802.21,1.076,0.575,33.949,19232.55,-17874.59,26,-1698.83,7089.4,0.8703,0.5385,-65.34,11396.77,-13095.6,14,3056.79,2797.59,1.6396,0.6429,218.342,7835.78,-4778.99,False
IFB_0093,emapmo_normal,both,PRE_RTH,1.5,1.5,24,False,1,29,-5350.22,8808.42,0.6899,0.4483,-184.49,11900.6,-17250.82,20,-7016.02,7289.42,0.4648,0.35,-350.801,6093.4,-13109.42,9,1665.8,4141.4,1.4022,0.6667,185.089,5807.2,-4141.4,False
IFB_0094,emapmo_normal,both,PRE_RTH,1.5,1.5,24,False,3,40,257.98,8602.22,1.0127,0.55,6.45,20536.4,-20278.42,26,-3578.82,8219.42,0.7666,0.4615,-137.647,11754.4,-15333.22,14,3836.8,3247.6,1.7759,0.7143,274.057,8782.0,-4945.2,False
IFB_0095,emapmo_normal,both,PRE_RTH,1.5,1.5,24,True,1,29,-5350.22,8808.42,0.6899,0.4483,-184.49,11900.6,-17250.82,20,-7016.02,7289.42,0.4648,0.35,-350.801,6093.4,-13109.42,9,1665.8,4141.4,1.4022,0.6667,185.089,5807.2,-4141.4,False
IFB_0096,emapmo_normal,both,PRE_RTH,1.5,1.5,24,True,3,40,257.98,8602.22,1.0127,0.55,6.45,20536.4,-20278.42,26,-3578.82,8219.42,0.7666,0.4615,-137.647,11754.4,-15333.22,14,3836.8,3247.6,1.7759,0.7143,274.057,8782.0,-4945.2,False
IFB_0097,emapmo_normal,both,RTH,1.0,0.75,6,False,1,28,3323.59,1701.4,1.5802,0.6429,118.699,9051.6,-5728.01,19,2517.78,1701.4,1.6402,0.6842,132.515,6450.6,-3932.82,9,805.8,1409.0,1.4489,0.5556,89.534,2601.0,-1795.2,False
IFB_0098,emapmo_normal,both,RTH,1.0,0.75,6,False,3,33,3404.6,2066.58,1.5015,0.6061,103.17,10194.0,-6789.4,22,3256.38,1233.8,1.7509,0.6818,148.017,7593.0,-4336.62,11,148.22,2066.58,1.0604,0.4545,13.475,2601.0,-2452.78,True
IFB_0099,emapmo_normal,both,RTH,1.0,0.75,6,True,1,28,3323.59,1701.4,1.5802,0.6429,118.699,9051.6,-5728.01,19,2517.78,1701.4,1.6402,0.6842,132.515,6450.6,-3932.82,9,805.8,1409.0,1.4489,0.5556,89.534,2601.0,-1795.2,False
IFB_0100,emapmo_normal,both,RTH,1.0,0.75,6,True,3,33,3404.6,2066.58,1.5015,0.6061,103.17,10194.0,-6789.4,22,3256.38,1233.8,1.7509,0.6818,148.017,7593.0,-4336.62,11,148.22,2066.58,1.0604,0.4545,13.475,2601.0,-2452.78,True
IFB_0101,emapmo_normal,both,RTH,1.0,0.75,12,False,1,28,3113.6,2639.0,1.4651,0.6786,111.2,9807.8,-6694.2,19,3537.8,1701.4,1.9642,0.7368,186.2,7206.8,-3669.0,9,-424.2,2639.0,0.8598,0.5556,-47.133,2601.0,-3025.2,False
IFB_0102,emapmo_normal,both,RTH,1.0,0.75,12,False,3,33,2824.6,3666.6,1.3476,0.6364,85.594,10950.2,-8125.6,22,4276.4,1233.8,2.05,0.7273,194.382,8349.2,-4072.8,11,-1451.8,3666.6,0.6418,0.4545,-131.982,2601.0,-4052.8,False
IFB_0103,emapmo_normal,both,RTH,1.0,0.75,12,True,1,28,3113.6,2639.0,1.4651,0.6786,111.2,9807.8,-6694.2,19,3537.8,1701.4,1.9642,0.7368,186.2,7206.8,-3669.0,9,-424.2,2639.0,0.8598,0.5556,-47.133,2601.0,-3025.2,False
IFB_0104,emapmo_normal,both,RTH,1.0,0.75,12,True,3,33,2824.6,3666.6,1.3476,0.6364,85.594,10950.2,-8125.6,22,4276.4,1233.8,2.05,0.7273,194.382,8349.2,-4072.8,11,-1451.8,3666.6,0.6418,0.4545,-131.982,2601.0,-4052.8,False
IFB_0105,emapmo_normal,both,RTH,1.0,0.75,24,False,1,28,3983.6,2127.6,1.6214,0.7143,142.271,10394.0,-6410.4,19,3537.8,1701.4,1.9642,0.7368,186.2,7206.8,-3669.0,9,445.8,2127.6,1.1626,0.6667,49.533,3187.2,-2741.4,False
IFB_0106,emapmo_normal,both,RTH,1.0,0.75,24,False,3,33,3694.6,3155.2,1.4711,0.6667,111.958,11536.4,-7841.8,22,4276.4,1233.8,2.05,0.7273,194.382,8349.2,-4072.8,11,-581.8,3155.2,0.8456,0.5455,-52.891,3187.2,-3769.0,False
IFB_0107,emapmo_normal,both,RTH,1.0,0.75,24,True,1,28,3983.6,2127.6,1.6214,0.7143,142.271,10394.0,-6410.4,19,3537.8,1701.4,1.9642,0.7368,186.2,7206.8,-3669.0,9,445.8,2127.6,1.1626,0.6667,49.533,3187.2,-2741.4,False
IFB_0108,emapmo_normal,both,RTH,1.0,0.75,24,True,3,33,3694.6,3155.2,1.4711,0.6667,111.958,11536.4,-7841.8,22,4276.4,1233.8,2.05,0.7273,194.382,8349.2,-4072.8,11,-581.8,3155.2,0.8456,0.5455,-52.891,3187.2,-3769.0,False
IFB_0109,emapmo_normal,both,RTH,1.0,1.0,6,False,1,28,3803.59,1858.99,1.579,0.5357,135.842,10372.99,-6569.4,19,3767.77,1591.4,1.8668,0.6316,198.304,8114.39,-4346.62,9,35.81,1858.99,1.0161,0.3333,3.979,2258.6,-2222.79,False
IFB_0110,emapmo_normal,both,RTH,1.0,1.0,6,False,3,33,4284.6,2516.57,1.5615,0.5152,129.837,11915.39,-7630.79,22,4906.37,1233.8,2.0328,0.6364,223.017,9656.79,-4750.42,11,-621.77,2516.57,0.7841,0.2727,-56.524,2258.6,-2880.37,False
IFB_0111,emapmo_normal,both,RTH,1.0,1.0,6,True,1,28,3803.59,1858.99,1.579,0.5357,135.842,10372.99,-6569.4,19,3767.77,1591.4,1.8668,0.6316,198.304,8114.39,-4346.62,9,35.81,1858.99,1.0161,0.3333,3.979,2258.6,-2222.79,False
IFB_0112,emapmo_normal,both,RTH,1.0,1.0,6,True,3,33,4284.6,2516.57,1.5615,0.5152,129.837,11915.39,-7630.79,22,4906.37,1233.8,2.0328,0.6364,223.017,9656.79,-4750.42,11,-621.77,2516.57,0.7841,0.2727,-56.524,2258.6,-2880.37,False
IFB_0113,emapmo_normal,both,RTH,1.0,1.0,12,False,1,28,4833.59,2509.0,1.68,0.6429,172.628,11941.59,-7108.0,19,4817.81,1591.4,2.18,0.6842,253.569,8900.61,-4082.8,9,15.78,2509.0,1.0052,0.5556,1.753,3040.98,-3025.2,False
IFB_0114,emapmo_normal,both,RTH,1.0,1.0,12,False,3,33,4944.59,3536.6,1.579,0.6061,149.836,13483.99,-8539.4,22,5956.41,1233.8,2.3276,0.6818,270.746,10443.01,-4486.6,11,-1011.82,3536.6,0.7503,0.4545,-91.984,3040.98,-4052.8,False
IFB_0115,emapmo_normal,both,RTH,1.0,1.0,12,True,1,28,4833.59,2509.0,1.68,0.6429,172.628,11941.59,-7108.0,19,4817.81,1591.4,2.18,0.6842,253.569,8900.61,-4082.8,9,15.78,2509.0,1.0052,0.5556,1.753,3040.98,-3025.2,False
IFB_0116,emapmo_normal,both,RTH,1.0,1.0,12,True,3,33,4944.59,3536.6,1.579,0.6061,149.836,13483.99,-8539.4,22,5956.41,1233.8,2.3276,0.6818,270.746,10443.01,-4486.6,11,-1011.82,3536.6,0.7503,0.4545,-91.984,3040.98,-4052.8,False
IFB_0117,emapmo_normal,both,RTH,1.0,1.0,24,False,1,28,6023.6,2127.6,1.8827,0.6786,215.129,12847.8,-6824.2,19,5127.8,1591.4,2.256,0.6842,269.884,9210.6,-4082.8,9,895.8,2127.6,1.3268,0.6667,99.533,3637.2,-2741.4,False
IFB_0118,emapmo_normal,both,RTH,1.0,1.0,24,False,3,33,6134.6,3155.2,1.7431,0.6364,185.897,14390.2,-8255.6,22,6266.4,1233.8,2.3967,0.6818,284.836,10753.0,-4486.6,11,-131.8,3155.2,0.965,0.5455,-11.982,3637.2,-3769.0,False
IFB_0119,emapmo_normal,both,RTH,1.0,1.0,24,True,1,28,6023.6,2127.6,1.8827,0.6786,215.129,12847.8,-6824.2,19,5127.8,1591.4,2.256,0.6842,269.884,9210.6,-4082.8,9,895.8,2127.6,1.3268,0.6667,99.533,3637.2,-2741.4,False
IFB_0120,emapmo_normal,both,RTH,1.0,1.0,24,True,3,33,6134.6,3155.2,1.7431,0.6364,185.897,14390.2,-8255.6,22,6266.4,1233.8,2.3967,0.6818,284.836,10753.0,-4486.6,11,-131.8,3155.2,0.965,0.5455,-11.982,3637.2,-3769.0,False
IFB_0121,emapmo_normal,both,RTH,1.5,1.0,6,False,1,28,5313.6,1173.8,1.9582,0.5714,189.771,10859.18,-5545.59,19,4037.79,1173.8,1.9905,0.6316,212.515,8114.39,-4076.6,9,1275.8,1105.19,1.8685,0.4444,141.756,2744.79,-1468.99,False
IFB_0122,emapmo_normal,both,RTH,1.5,1.0,6,False,3,32,7208.41,1173.8,2.276,0.5938,225.263,12857.78,-5649.37,21,5490.19,1173.8,2.3468,0.6667,261.438,9566.79,-4076.6,11,1718.22,671.39,2.0925,0.4545,156.202,3290.99,-1572.77,True
IFB_0123,emapmo_normal,both,RTH,1.5,1.0,6,True,1,28,5313.6,1173.8,1.9582,0.5714,189.771,10859.18,-5545.59,19,4037.79,1173.8,1.9905,0.6316,212.515,8114.39,-4076.6,9,1275.8,1105.19,1.8685,0.4444,141.756,2744.79,-1468.99,False
IFB_0124,emapmo_normal,both,RTH,1.5,1.0,6,True,3,32,7208.41,1173.8,2.276,0.5938,225.263,12857.78,-5649.37,21,5490.19,1173.8,2.3468,0.6667,261.438,9566.79,-4076.6,11,1718.22,671.39,2.0925,0.4545,156.202,3290.99,-1572.77,True
IFB_0125,emapmo_normal,both,RTH,1.5,1.0,12,False,1,28,3513.59,3177.6,1.3889,0.6786,125.485,12547.79,-9034.2,19,3327.81,2220.39,1.5972,0.6842,175.148,8900.61,-5572.8,9,185.78,3177.6,1.0537,0.6667,20.642,3647.18,-3461.4,False
IFB_0126,emapmo_normal,both,RTH,1.5,1.0,12,False,3,32,4798.39,3345.2,1.4922,0.6875,149.95,14546.39,-9748.0,21,4780.21,1472.79,1.8578,0.7143,227.629,10353.01,-5572.8,11,18.18,3345.2,1.0044,0.6364,1.653,4193.38,-4175.2,False
IFB_0127,emapmo_normal,both,RTH,1.5,1.0,12,True,1,28,3513.59,3177.6,1.3889,0.6786,125.485,12547.79,-9034.2,19,3327.81,2220.39,1.5972,0.6842,175.148,8900.61,-5572.8,9,185.78,3177.6,1.0537,0.6667,20.642,3647.18,-3461.4,False
IFB_0128,emapmo_normal,both,RTH,1.5,1.0,12,True,3,32,4798.39,3345.2,1.4922,0.6875,149.95,14546.39,-9748.0,21,4780.21,1472.79,1.8578,0.7143,227.629,10353.01,-5572.8,11,18.18,3345.2,1.0044,0.6364,1.653,4193.38,-4175.2,False
IFB_0129,emapmo_normal,both,RTH,1.5,1.0,24,False,1,28,4163.6,3177.6,1.4482,0.7143,148.7,13454.0,-9290.4,19,3097.8,2591.4,1.5068,0.6842,163.042,9210.6,-6112.8,9,1065.8,3177.6,1.3354,0.7778,118.422,4243.4,-3177.6,False
IFB_0130,emapmo_normal,both,RTH,1.5,1.0,24,False,3,32,5448.4,3345.2,1.5446,0.7188,170.263,15452.6,-10004.2,21,4550.2,1843.8,1.7444,0.7143,216.676,10663.0,-6112.8,11,898.2,3345.2,1.2308,0.7273,81.655,4789.6,-3891.4,True
IFB_0131,emapmo_normal,both,RTH,1.5,1.0,24,True,1,28,4163.6,3177.6,1.4482,0.7143,148.7,13454.0,-9290.4,19,3097.8,2591.4,1.5068,0.6842,163.042,9210.6,-6112.8,9,1065.8,3177.6,1.3354,0.7778,118.422,4243.4,-3177.6,False
IFB_0132,emapmo_normal,both,RTH,1.5,1.0,24,True,3,32,5448.4,3345.2,1.5446,0.7188,170.263,15452.6,-10004.2,21,4550.2,1843.8,1.7444,0.7143,216.676,10663.0,-6112.8,11,898.2,3345.2,1.2308,0.7273,81.655,4789.6,-3891.4,True
IFB_0133,emapmo_normal,both,RTH,1.5,1.5,6,False,1,28,4333.64,1208.99,1.7564,0.5357,154.773,10063.03,-5729.39,19,2487.85,1208.99,1.5839,0.5789,130.939,6748.25,-4260.4,9,1845.8,1105.19,2.2565,0.4444,205.088,3314.78,-1468.99,False
IFB_0134,emapmo_normal,both,RTH,1.5,1.5,6,False,3,32,7238.46,1173.8,2.2409,0.5625,226.202,13071.63,-5833.17,21,4680.25,1173.8,2.0985,0.619,222.869,8940.65,-4260.4,11,2558.21,671.39,2.6266,0.4545,232.565,4130.98,-1572.77,True
IFB_0135,emapmo_normal,both,RTH,1.5,1.5,6,True,1,28,4333.64,1208.99,1.7564,0.5357,154.773,10063.03,-5729.39,19,2487.85,1208.99,1.5839,0.5789,130.939,6748.25,-4260.4,9,1845.8,1105.19,2.2565,0.4444,205.088,3314.78,-1468.99,False
IFB_0136,emapmo_normal,both,RTH,1.5,1.5,6,True,3,32,7238.46,1173.8,2.2409,0.5625,226.202,13071.63,-5833.17,21,4680.25,1173.8,2.0985,0.619,222.869,8940.65,-4260.4,11,2558.21,671.39,2.6266,0.4545,232.565,4130.98,-1572.77,True
IFB_0137,emapmo_normal,both,RTH,1.5,1.5,12,False,1,28,-516.43,6968.41,0.9602,0.5357,-18.444,12442.96,-12959.39,19,-1272.22,5279.4,0.8609,0.5263,-66.959,7871.98,-9144.2,9,755.79,3531.39,1.1981,0.5556,83.977,4570.98,-3815.19,False
IFB_0138,emapmo_normal,both,RTH,1.5,1.5,12,False,3,32,1778.37,6420.81,1.1301,0.5625,55.574,15451.56,-13673.19,21,920.18,4751.8,1.1006,0.5714,43.818,10064.38,-9144.2,11,858.19,3511.39,1.1895,0.5455,78.017,5387.18,-4528.99,False
IFB_0139,emapmo_normal,both,RTH,1.5,1.5,12,True,1,28,-516.43,6968.41,0.9602,0.5357,-18.444,12442.96,-12959.39,19,-1272.22,5279.4,0.8609,0.5263,-66.959,7871.98,-9144.2,9,755.79,3531.39,1.1981,0.5556,83.977,4570.98,-3815.19,False
IFB_0140,emapmo_normal,both,RTH,1.5,1.5,12,True,3,32,1778.37,6420.81,1.1301,0.5625,55.574,15451.56,-13673.19,21,920.18,4751.8,1.1006,0.5714,43.818,10064.38,-9144.2,11,858.19,3511.39,1.1895,0.5455,78.017,5387.18,-4528.99,False
IFB_0141,emapmo_normal,both,RTH,1.5,1.5,24,False,1,28,-376.42,7768.42,0.9739,0.5357,-13.444,14043.0,-14419.42,19,-1912.22,6409.42,0.8168,0.4737,-100.643,8525.8,-10438.02,9,1535.8,3981.4,1.3857,0.6667,170.644,5517.2,-3981.4,False
IFB_0142,emapmo_normal,both,RTH,1.5,1.5,24,False,3,32,1918.38,7220.82,1.1268,0.5625,59.949,17051.6,-15133.22,21,280.18,5881.82,1.0268,0.5238,13.342,10718.2,-10438.02,11,1638.2,3961.4,1.3489,0.6364,148.927,6333.4,-4695.2,False
IFB_0143,emapmo_normal,both,RTH,1.5,1.5,24,True,1,28,-376.42,7768.42,0.9739,0.5357,-13.444,14043.0,-14419.42,19,-1912.22,6409.42,0.8168,0.4737,-100.643,8525.8,-10438.02,9,1535.8,3981.4,1.3857,0.6667,170.644,5517.2,-3981.4,False
IFB_0144,emapmo_normal,both,RTH,1.5,1.5,24,True,3,32,1918.38,7220.82,1.1268,0.5625,59.949,17051.6,-15133.22,21,280.18,5881.82,1.0268,0.5238,13.342,10718.2,-10438.02,11,1638.2,3961.4,1.3489,0.6364,148.927,6333.4,-4695.2,False
IFB_0145,emapmo_normal,long,ALL,1.0,0.75,6,False,1,19,-4052.19,4400.79,0.4476,0.3684,-213.273,3283.4,-7335.59,12,-2155.59,2155.59,0.5401,0.4167,-179.633,2531.0,-4686.59,7,-1896.6,2245.2,0.284,0.2857,-270.943,752.4,-2649.0,False
IFB_0146,emapmo_normal,long,ALL,1.0,0.75,6,False,3,37,-8170.59,8416.79,0.4407,0.3784,-220.827,6436.8,-14607.39,20,-6055.99,6055.99,0.3578,0.35,-302.8,3373.4,-9429.39,17,-2114.6,2360.8,0.5916,0.4118,-124.388,3063.4,-5178.0,False
IFB_0147,emapmo_normal,long,ALL,1.0,0.75,6,True,1,19,-4052.19,4400.79,0.4476,0.3684,-213.273,3283.4,-7335.59,12,-2155.59,2155.59,0.5401,0.4167,-179.633,2531.0,-4686.59,7,-1896.6,2245.2,0.284,0.2857,-270.943,752.4,-2649.0,False
IFB_0148,emapmo_normal,long,ALL,1.0,0.75,6,True,3,37,-8170.59,8416.79,0.4407,0.3784,-220.827,6436.8,-14607.39,20,-6055.99,6055.99,0.3578,0.35,-302.8,3373.4,-9429.39,17,-2114.6,2360.8,0.5916,0.4118,-124.388,3063.4,-5178.0,False
IFB_0149,emapmo_normal,long,ALL,1.0,0.75,12,False,1,19,-4152.2,4500.8,0.4416,0.3684,-218.537,3283.4,-7435.6,12,-2255.6,2255.6,0.5288,0.4167,-187.967,2531.0,-4786.6,7,-1896.6,2245.2,0.284,0.2857,-270.943,752.4,-2649.0,False
IFB_0150,emapmo_normal,long,ALL,1.0,0.75,12,False,3,37,-9470.6,9716.8,0.4046,0.3784,-255.962,6436.8,-15907.4,20,-6156.0,6156.0,0.354,0.35,-307.8,3373.4,-9529.4,17,-3314.6,3560.8,0.4803,0.4118,-194.976,3063.4,-6378.0,False
IFB_0151,emapmo_normal,long,ALL,1.0,0.75,12,True,1,19,-4152.2,4500.8,0.4416,0.3684,-218.537,3283.4,-7435.6,12,-2255.6,2255.6,0.5288,0.4167,-187.967,2531.0,-4786.6,7,-1896.6,2245.2,0.284,0.2857,-270.943,752.4,-2649.0,False
IFB_0152,emapmo_normal,long,ALL,1.0,0.75,12,True,3,37,-9470.6,9716.8,0.4046,0.3784,-255.962,6436.8,-15907.4,20,-6156.0,6156.0,0.354,0.35,-307.8,3373.4,-9529.4,17,-3314.6,3560.8,0.4803,0.4118,-194.976,3063.4,-6378.0,False
IFB_0153,emapmo_normal,long,ALL,1.0,0.75,24,False,1,19,-4152.2,4500.8,0.4416,0.3684,-218.537,3283.4,-7435.6,12,-2255.6,2255.6,0.5288,0.4167,-187.967,2531.0,-4786.6,7,-1896.6,2245.2,0.284,0.2857,-270.943,752.4,-2649.0,False
IFB_0154,emapmo_normal,long,ALL,1.0,0.75,24,False,3,37,-9470.6,9716.8,0.4046,0.3784,-255.962,6436.8,-15907.4,20,-6156.0,6156.0,0.354,0.35,-307.8,3373.4,-9529.4,17,-3314.6,3560.8,0.4803,0.4118,-194.976,3063.4,-6378.0,False
IFB_0155,emapmo_normal,long,ALL,1.0,0.75,24,True,1,19,-4152.2,4500.8,0.4416,0.3684,-218.537,3283.4,-7435.6,12,-2255.6,2255.6,0.5288,0.4167,-187.967,2531.0,-4786.6,7,-1896.6,2245.2,0.284,0.2857,-270.943,752.4,-2649.0,False
IFB_0156,emapmo_normal,long,ALL,1.0,0.75,24,True,3,37,-9470.6,9716.8,0.4046,0.3784,-255.962,6436.8,-15907.4,20,-6156.0,6156.0,0.354,0.35,-307.8,3373.4,-9529.4,17,-3314.6,3560.8,0.4803,0.4118,-194.976,3063.4,-6378.0,False
IFB_0157,emapmo_normal,long,ALL,1.0,1.0,6,False,1,19,-3162.2,4112.8,0.5689,0.3684,-166.432,4173.39,-7335.59,12,-1315.59,1867.6,0.7193,0.4167,-109.633,3371.0,-4686.59,7,-1846.61,2245.2,0.3029,0.2857,-263.801,802.39,-2649.0,False
IFB_0158,emapmo_normal,long,ALL,1.0,1.0,6,False,3,37,-6180.6,6516.8,0.5769,0.3784,-167.043,8426.79,-14607.39,20,-4915.99,4915.99,0.4787,0.35,-245.8,4513.4,-9429.39,17,-1264.61,1600.81,0.7558,0.4118,-74.389,3913.39,-5178.0,False
IFB_0159,emapmo_normal,long,ALL,1.0,1.0,6,True,1,19,-3162.2,4112.8,0.5689,0.3684,-166.432,4173.39,-7335.59,12,-1315.59,1867.6,0.7193,0.4167,-109.633,3371.0,-4686.59,7,-1846.61,2245.2,0.3029,0.2857,-263.801,802.39,-2649.0,False
IFB_0160,emapmo_normal,long,ALL,1.0,1.0,6,True,3,37,-6180.6,6516.8,0.5769,0.3784,-167.043,8426.79,-14607.39,20,-4915.99,4915.99,0.4787,0.35,-245.8,4513.4,-9429.39,17,-1264.61,1600.81,0.7558,0.4118,-74.389,3913.39,-5178.0,False
IFB_0161,emapmo_normal,long,ALL,1.0,1.0,12,False,1,19,-3042.2,4112.8,0.5909,0.3684,-160.116,4393.4,-7435.6,12,-1415.6,1867.6,0.7043,0.4167,-117.967,3371.0,-4786.6,7,-1626.6,2245.2,0.386,0.2857,-232.371,1022.4,-2649.0,False
IFB_0162,emapmo_normal,long,ALL,1.0,1.0,12,False,3,37,-7260.6,7596.8,0.5436,0.3784,-196.232,8646.8,-15907.4,20,-5016.0,5016.0,0.4736,0.35,-250.8,4513.4,-9529.4,17,-2244.6,2580.8,0.6481,0.4118,-132.035,4133.4,-6378.0,False
IFB_0163,emapmo_normal,long,ALL,1.0,1.0,12,True,1,19,-3042.2,4112.8,0.5909,0.3684,-160.116,4393.4,-7435.6,12,-1415.6,1867.6,0.7043,0.4167,-117.967,3371.0,-4786.6,7,-1626.6,2245.2,0.386,0.2857,-232.371,1022.4,-2649.0,False
IFB_0164,emapmo_normal,long,ALL,1.0,1.0,12,True,3,37,-7260.6,7596.8,0.5436,0.3784,-196.232,8646.8,-15907.4,20,-5016.0,5016.0,0.4736,0.35,-250.8,4513.4,-9529.4,17,-2244.6,2580.8,0.6481,0.4118,-132.035,4133.4,-6378.0,False
IFB_0165,emapmo_normal,long,ALL,1.0,1.0,24,False,1,19,-3042.2,4112.8,0.5909,0.3684,-160.116,4393.4,-7435.6,12,-1415.6,1867.6,0.7043,0.4167,-117.967,3371.0,-4786.6,7,-1626.6,2245.2,0.386,0.2857,-232.371,1022.4,-2649.0,False
IFB_0166,emapmo_normal,long,ALL,1.0,1.0,24,False,3,37,-7260.6,7596.8,0.5436,0.3784,-196.232,8646.8,-15907.4,20,-5016.0,5016.0,0.4736,0.35,-250.8,4513.4,-9529.4,17,-2244.6,2580.8,0.6481,0.4118,-132.035,4133.4,-6378.0,False
IFB_0167,emapmo_normal,long,ALL,1.0,1.0,24,True,1,19,-3042.2,4112.8,0.5909,0.3684,-160.116,4393.4,-7435.6,12,-1415.6,1867.6,0.7043,0.4167,-117.967,3371.0,-4786.6,7,-1626.6,2245.2,0.386,0.2857,-232.371,1022.4,-2649.0,False
IFB_0168,emapmo_normal,long,ALL,1.0,1.0,24,True,3,37,-7260.6,7596.8,0.5436,0.3784,-196.232,8646.8,-15907.4,20,-5016.0,5016.0,0.4736,0.35,-250.8,4513.4,-9529.4,17,-2244.6,2580.8,0.6481,0.4118,-132.035,4133.4,-6378.0,False
IFB_0169,emapmo_normal,long,ALL,1.5,1.0,6,False,1,19,-5812.21,6173.21,0.4179,0.3684,-305.906,4173.39,-9985.6,12,-3355.59,3508.0,0.5011,0.4167,-279.633,3371.0,-6726.59,7,-2456.62,2665.21,0.2462,0.2857,-350.946,802.39,-3259.01,False
IFB_0170,emapmo_normal,long,ALL,1.5,1.0,6,False,3,35,-9513.01,10222.6,0.47,0.4,-271.8,8436.79,-17949.8,19,-7742.19,7742.19,0.3636,0.3684,-407.484,4423.4,-12165.59,16,-1770.82,2480.41,0.6939,0.4375,-110.676,4013.39,-5784.21,False
IFB_0171,emapmo_normal,long,ALL,1.5,1.0,6,True,1,19,-5812.21,6173.21,0.4179,0.3684,-305.906,4173.39,-9985.6,12,-3355.59,3508.0,0.5011,0.4167,-279.633,3371.0,-6726.59,7,-2456.62,2665.21,0.2462,0.2857,-350.946,802.39,-3259.01,False
IFB_0172,emapmo_normal,long,ALL,1.5,1.0,6,True,3,35,-9513.01,10222.6,0.47,0.4,-271.8,8436.79,-17949.8,19,-7742.19,7742.19,0.3636,0.3684,-407.484,4423.4,-12165.59,16,-1770.82,2480.41,0.6939,0.4375,-110.676,4013.39,-5784.21,False
IFB_0173,emapmo_normal,long,ALL,1.5,1.0,12,False,1,19,-5322.2,5750.8,0.4824,0.4211,-280.116,4959.6,-10281.8,12,-3815.6,3815.6,0.4691,0.4167,-317.967,3371.0,-7186.6,7,-1506.6,2501.4,0.5132,0.4286,-215.229,1588.6,-3095.2,False
IFB_0174,emapmo_normal,long,ALL,1.5,1.0,12,False,3,35,-10203.0,10539.2,0.4965,0.4571,-291.514,10059.2,-20262.2,19,-7152.2,7152.2,0.4238,0.4211,-376.432,5259.6,-12411.8,16,-3050.8,3953.2,0.6114,0.5,-190.675,4799.6,-7850.4,False
IFB_0175,emapmo_normal,long,ALL,1.5,1.0,12,True,1,19,-5322.2,5750.8,0.4824,0.4211,-280.116,4959.6,-10281.8,12,-3815.6,3815.6,0.4691,0.4167,-317.967,3371.0,-7186.6,7,-1506.6,2501.4,0.5132,0.4286,-215.229,1588.6,-3095.2,False
IFB_0176,emapmo_normal,long,ALL,1.5,1.0,12,True,3,35,-10203.0,10539.2,0.4965,0.4571,-291.514,10059.2,-20262.2,19,-7152.2,7152.2,0.4238,0.4211,-376.432,5259.6,-12411.8,16,-3050.8,3953.2,0.6114,0.5,-190.675,4799.6,-7850.4,False
IFB_0177,emapmo_normal,long,ALL,1.5,1.0,24,False,1,19,-5322.2,5750.8,0.4824,0.4211,-280.116,4959.6,-10281.8,12,-3815.6,3815.6,0.4691,0.4167,-317.967,3371.0,-7186.6,7,-1506.6,2501.4,0.5132,0.4286,-215.229,1588.6,-3095.2,False
IFB_0178,emapmo_normal,long,ALL,1.5,1.0,24,False,3,35,-10203.0,10539.2,0.4965,0.4571,-291.514,10059.2,-20262.2,19,-7152.2,7152.2,0.4238,0.4211,-376.432,5259.6,-12411.8,16,-3050.8,3953.2,0.6114,0.5,-190.675,4799.6,-7850.4,False
IFB_0179,emapmo_normal,long,ALL,1.5,1.0,24,True,1,19,-5322.2,5750.8,0.4824,0.4211,-280.116,4959.6,-10281.8,12,-3815.6,3815.6,0.4691,0.4167,-317.967,3371.0,-7186.6,7,-1506.6,2501.4,0.5132,0.4286,-215.229,1588.6,-3095.2,False
IFB_0180,emapmo_normal,long,ALL,1.5,1.0,24,True,3,35,-10203.0,10539.2,0.4965,0.4571,-291.514,10059.2,-20262.2,19,-7152.2,7152.2,0.4238,0.4211,-376.432,5259.6,-12411.8,16,-3050.8,3953.2,0.6114,0.5,-190.675,4799.6,-7850.4,False
IFB_0181,emapmo_normal,long,ALL,1.5,1.5,6,False,1,19,-7602.18,8070.77,0.2524,0.3158,-400.115,2567.22,-10169.4,12,-5405.56,5405.56,0.2178,0.3333,-450.463,1504.83,-6910.39,7,-2196.62,2665.21,0.326,0.2857,-313.803,1062.39,-3259.01,False
IFB_0182,emapmo_normal,long,ALL,1.5,1.5,6,False,3,35,-11152.98,13204.97,0.4169,0.3429,-318.657,7974.42,-19127.4,19,-11232.16,11232.16,0.1582,0.2632,-591.166,2111.03,-13343.19,16,79.18,2051.4,1.0137,0.4375,4.949,5863.39,-5784.21,False
IFB_0183,emapmo_normal,long,ALL,1.5,1.5,6,True,1,19,-7602.18,8070.77,0.2524,0.3158,-400.115,2567.22,-10169.4,12,-5405.56,5405.56,0.2178,0.3333,-450.463,1504.83,-6910.39,7,-2196.62,2665.21,0.326,0.2857,-313.803,1062.39,-3259.01,False
IFB_0184,emapmo_normal,long,ALL,1.5,1.5,6,True,3,35,-11152.98,13204.97,0.4169,0.3429,-318.657,7974.42,-19127.4,19,-11232.16,11232.16,0.1582,0.2632,-591.166,2111.03,-13343.19,16,79.18,2051.4,1.0137,0.4375,4.949,5863.39,-5784.21,False
IFB_0185,emapmo_normal,long,ALL,1.5,1.5,12,False,1,19,-7522.21,8533.21,0.3849,0.3158,-395.906,4707.19,-12229.4,12,-6815.61,6888.01,0.2538,0.25,-567.967,2318.59,-9134.2,7,-706.6,2501.4,0.7717,0.4286,-100.943,2388.6,-3095.2,False
IFB_0186,emapmo_normal,long,ALL,1.5,1.5,12,False,3,35,-12723.03,13674.03,0.4517,0.3714,-363.515,10480.57,-23203.6,19,-12062.23,12062.23,0.2144,0.2632,-634.854,3290.97,-15353.2,16,-660.8,2710.4,0.9158,0.5,-41.3,7189.6,-7850.4,False
IFB_0187,emapmo_normal,long,ALL,1.5,1.5,12,True,1,19,-7522.21,8533.21,0.3849,0.3158,-395.906,4707.19,-12229.4,12,-6815.61,6888.01,0.2538,0.25,-567.967,2318.59,-9134.2,7,-706.6,2501.4,0.7717,0.4286,-100.943,2388.6,-3095.2,False
IFB_0188,emapmo_normal,long,ALL,1.5,1.5,12,True,3,35,-12723.03,13674.03,0.4517,0.3714,-363.515,10480.57,-23203.6,19,-12062.23,12062.23,0.2144,0.2632,-634.854,3290.97,-15353.2,16,-660.8,2710.4,0.9158,0.5,-41.3,7189.6,-7850.4,False
IFB_0189,emapmo_normal,long,ALL,1.5,1.5,24,False,1,19,-8032.22,9043.22,0.3514,0.2632,-422.748,4351.0,-12383.22,12,-7325.62,7398.02,0.2113,0.1667,-610.468,1962.4,-9288.02,7,-706.6,2501.4,0.7717,0.4286,-100.943,2388.6,-3095.2,False
IFB_0190,emapmo_normal,long,ALL,1.5,1.5,24,False,3,35,-14853.02,15804.02,0.3965,0.3143,-424.372,9758.2,-24611.22,19,-14192.22,14192.22,0.1533,0.1579,-746.959,2568.6,-16760.82,16,-660.8,2710.4,0.9158,0.5,-41.3,7189.6,-7850.4,False
IFB_0191,emapmo_normal,long,ALL,1.5,1.5,24,True,1,19,-8032.22,9043.22,0.3514,0.2632,-422.748,4351.0,-12383.22,12,-7325.62,7398.02,0.2113,0.1667,-610.468,1962.4,-9288.02,7,-706.6,2501.4,0.7717,0.4286,-100.943,2388.6,-3095.2,False
IFB_0192,emapmo_normal,long,ALL,1.5,1.5,24,True,3,35,-14853.02,15804.02,0.3965,0.3143,-424.372,9758.2,-24611.22,19,-14192.22,14192.22,0.1533,0.1579,-746.959,2568.6,-16760.82,16,-660.8,2710.4,0.9158,0.5,-41.3,7189.6,-7850.4,False
IFB_0193,emapmo_normal,long,PRE_RTH,1.0,0.75,6,False,1,11,-3591.8,3591.8,0.3717,0.3636,-326.527,2124.8,-5716.6,9,-2514.2,2514.2,0.458,0.4444,-279.356,2124.8,-4639.0,2,-1077.6,1077.6,0.0,0.0,-538.8,0.0,-1077.6,False
IFB_0194,emapmo_normal,long,PRE_RTH,1.0,0.75,6,False,3,19,-3572.22,4039.42,0.5618,0.4211,-188.012,4579.6,-8151.82,14,-2933.22,4039.42,0.5501,0.4286,-209.516,3587.2,-6520.42,5,-639.0,987.6,0.6083,0.4,-127.8,992.4,-1631.4,False
IFB_0195,emapmo_normal,long,PRE_RTH,1.0,0.75,6,True,1,11,-3591.8,3591.8,0.3717,0.3636,-326.527,2124.8,-5716.6,9,-2514.2,2514.2,0.458,0.4444,-279.356,2124.8,-4639.0,2,-1077.6,1077.6,0.0,0.0,-538.8,0.0,-1077.6,False
IFB_0196,emapmo_normal,long,PRE_RTH,1.0,0.75,6,True,3,19,-3572.22,4039.42,0.5618,0.4211,-188.012,4579.6,-8151.82,14,-2933.22,4039.42,0.5501,0.4286,-209.516,3587.2,-6520.42,5,-639.0,987.6,0.6083,0.4,-127.8,992.4,-1631.4,False
IFB_0197,emapmo_normal,long,PRE_RTH,1.0,0.75,12,False,1,11,-4791.8,4791.8,0.3072,0.3636,-435.618,2124.8,-6916.6,9,-2514.2,2514.2,0.458,0.4444,-279.356,2124.8,-4639.0,2,-2277.6,2277.6,0.0,0.0,-1138.8,0.0,-2277.6,False
IFB_0198,emapmo_normal,long,PRE_RTH,1.0,0.75,12,False,3,19,-3752.2,4000.8,0.5871,0.4737,-197.484,5335.8,-9088.0,14,-1913.2,3268.0,0.6942,0.5,-136.657,4343.4,-6256.6,5,-1839.0,2187.6,0.3505,0.4,-367.8,992.4,-2831.4,False
IFB_0199,emapmo_normal,long,PRE_RTH,1.0,0.75,12,True,1,11,-4791.8,4791.8,0.3072,0.3636,-435.618,2124.8,-6916.6,9,-2514.2,2514.2,0.458,0.4444,-279.356,2124.8,-4639.0,2,-2277.6,2277.6,0.0,0.0,-1138.8,0.0,-2277.6,False
IFB_0200,emapmo_normal,long,PRE_RTH,1.0,0.75,12,True,3,19,-3752.2,4000.8,0.5871,0.4737,-197.484,5335.8,-9088.0,14,-1913.2,3268.0,0.6942,0.5,-136.657,4343.4,-6256.6,5,-1839.0,2187.6,0.3505,0.4,-367.8,992.4,-2831.4,False
IFB_0201,emapmo_normal,long,PRE_RTH,1.0,0.75,24,False,1,11,-4791.8,4791.8,0.3072,0.3636,-435.618,2124.8,-6916.6,9,-2514.2,2514.2,0.458,0.4444,-279.356,2124.8,-4639.0,2,-2277.6,2277.6,0.0,0.0,-1138.8,0.0,-2277.6,False
IFB_0202,emapmo_normal,long,PRE_RTH,1.0,0.75,24,False,3,19,-3752.2,4000.8,0.5871,0.4737,-197.484,5335.8,-9088.0,14,-1913.2,3268.0,0.6942,0.5,-136.657,4343.4,-6256.6,5,-1839.0,2187.6,0.3505,0.4,-367.8,992.4,-2831.4,False
IFB_0203,emapmo_normal,long,PRE_RTH,1.0,0.75,24,True,1,11,-4791.8,4791.8,0.3072,0.3636,-435.618,2124.8,-6916.6,9,-2514.2,2514.2,0.458,0.4444,-279.356,2124.8,-4639.0,2,-2277.6,2277.6,0.0,0.0,-1138.8,0.0,-2277.6,False
IFB_0204,emapmo_normal,long,PRE_RTH,1.0,0.75,24,True,3,19,-3752.2,4000.8,0.5871,0.4737,-197.484,5335.8,-9088.0,14,-1913.2,3268.0,0.6942,0.5,-136.657,4343.4,-6256.6,5,-1839.0,2187.6,0.3505,0.4,-367.8,992.4,-2831.4,False
IFB_0205,emapmo_normal,long,PRE_RTH,1.0,1.0,6,False,1,11,-2891.8,2891.8,0.4941,0.3636,-262.891,2824.8,-5716.6,9,-1814.2,2125.2,0.6089,0.4444,-201.578,2824.8,-4639.0,2,-1077.6,1077.6,0.0,0.0,-538.8,0.0,-1077.6,False
IFB_0206,emapmo_normal,long,PRE_RTH,1.0,1.0,6,False,3,19,-2032.22,3209.42,0.7507,0.4211,-106.959,6119.6,-8151.82,14,-1733.22,3209.42,0.7342,0.4286,-123.801,4787.2,-6520.42,5,-299.0,987.6,0.8167,0.4,-59.8,1332.4,-1631.4,False
IFB_0207,emapmo_normal,long,PRE_RTH,1.0,1.0,6,True,1,11,-2891.8,2891.8,0.4941,0.3636,-262.891,2824.8,-5716.6,9,-1814.2,2125.2,0.6089,0.4444,-201.578,2824.8,-4639.0,2,-1077.6,1077.6,0.0,0.0,-538.8,0.0,-1077.6,False
IFB_0208,emapmo_normal,long,PRE_RTH,1.0,1.0,6,True,3,19,-2032.22,3209.42,0.7507,0.4211,-106.959,6119.6,-8151.82,14,-1733.22,3209.42,0.7342,0.4286,-123.801,4787.2,-6520.42,5,-299.0,987.6,0.8167,0.4,-59.8,1332.4,-1631.4,False
IFB_0209,emapmo_normal,long,PRE_RTH,1.0,1.0,12,False,1,11,-4091.8,4091.8,0.4084,0.3636,-371.982,2824.8,-6916.6,9,-1814.2,2125.2,0.6089,0.4444,-201.578,2824.8,-4639.0,2,-2277.6,2277.6,0.0,0.0,-1138.8,0.0,-2277.6,False
IFB_0210,emapmo_normal,long,PRE_RTH,1.0,1.0,12,False,3,19,-1952.2,2650.8,0.7852,0.4737,-102.747,7135.8,-9088.0,14,-453.2,2628.0,0.9276,0.5,-32.371,5803.4,-6256.6,5,-1499.0,2187.6,0.4706,0.4,-299.8,1332.4,-2831.4,False
IFB_0211,emapmo_normal,long,PRE_RTH,1.0,1.0,12,True,1,11,-4091.8,4091.8,0.4084,0.3636,-371.982,2824.8,-6916.6,9,-1814.2,2125.2,0.6089,0.4444,-201.578,2824.8,-4639.0,2,-2277.6,2277.6,0.0,0.0,-1138.8,0.0,-2277.6,False
IFB_0212,emapmo_normal,long,PRE_RTH,1.0,1.0,12,True,3,19,-1952.2,2650.8,0.7852,0.4737,-102.747,7135.8,-9088.0,14,-453.2,2628.0,0.9276,0.5,-32.371,5803.4,-6256.6,5,-1499.0,2187.6,0.4706,0.4,-299.8,1332.4,-2831.4,False
IFB_0213,emapmo_normal,long,PRE_RTH,1.0,1.0,24,False,1,11,-4091.8,4091.8,0.4084,0.3636,-371.982,2824.8,-6916.6,9,-1814.2,2125.2,0.6089,0.4444,-201.578,2824.8,-4639.0,2,-2277.6,2277.6,0.0,0.0,-1138.8,0.0,-2277.6,False
IFB_0214,emapmo_normal,long,PRE_RTH,1.0,1.0,24,False,3,19,-1952.2,2650.8,0.7852,0.4737,-102.747,7135.8,-9088.0,14,-453.2,2628.0,0.9276,0.5,-32.371,5803.4,-6256.6,5,-1499.0,2187.6,0.4706,0.4,-299.8,1332.4,-2831.4,False
IFB_0215,emapmo_normal,long,PRE_RTH,1.0,1.0,24,True,1,11,-4091.8,4091.8,0.4084,0.3636,-371.982,2824.8,-6916.6,9,-1814.2,2125.2,0.6089,0.4444,-201.578,2824.8,-4639.0,2,-2277.6,2277.6,0.0,0.0,-1138.8,0.0,-2277.6,False
IFB_0216,emapmo_normal,long,PRE_RTH,1.0,1.0,24,True,3,19,-1952.2,2650.8,0.7852,0.4737,-102.747,7135.8,-9088.0,14,-453.2,2628.0,0.9276,0.5,-32.371,5803.4,-6256.6,5,-1499.0,2187.6,0.4706,0.4,-299.8,1332.4,-2831.4,False
IFB_0217,emapmo_normal,long,PRE_RTH,1.5,1.0,6,False,1,11,-3851.78,3851.78,0.4231,0.3636,-350.162,2824.8,-6676.58,9,-2454.18,2454.18,0.5351,0.4444,-272.687,2824.8,-5278.98,2,-1397.6,1397.6,0.0,0.0,-698.8,0.0,-1397.6,False
IFB_0218,emapmo_normal,long,PRE_RTH,1.5,1.0,6,False,3,17,-364.6,2321.8,0.9475,0.5294,-21.447,6575.8,-6940.4,12,-845.6,2321.8,0.8474,0.5,-70.467,4697.2,-5542.8,5,481.0,963.8,1.3442,0.6,96.2,1878.6,-1397.6,False
IFB_0219,emapmo_normal,long,PRE_RTH,1.5,1.0,6,True,1,11,-3851.78,3851.78,0.4231,0.3636,-350.162,2824.8,-6676.58,9,-2454.18,2454.18,0.5351,0.4444,-272.687,2824.8,-5278.98,2,-1397.6,1397.6,0.0,0.0,-698.8,0.0,-1397.6,False
IFB_0220,emapmo_normal,long,PRE_RTH,1.5,1.0,6,True,3,17,-364.6,2321.8,0.9475,0.5294,-21.447,6575.8,-6940.4,12,-845.6,2321.8,0.8474,0.5,-70.467,4697.2,-5542.8,5,481.0,963.8,1.3442,0.6,96.2,1878.6,-1397.6,False
IFB_0221,emapmo_normal,long,PRE_RTH,1.5,1.0,12,False,1,11,-6981.8,6981.8,0.2881,0.3636,-634.709,2824.8,-9806.6,9,-3574.2,3574.2,0.4414,0.4444,-397.133,2824.8,-6399.0,2,-3407.6,3407.6,0.0,0.0,-1703.8,0.0,-3407.6,False
IFB_0222,emapmo_normal,long,PRE_RTH,1.5,1.0,12,False,3,17,-2214.6,2929.4,0.7742,0.5882,-130.271,7592.0,-9806.6,12,-685.6,2330.4,0.8929,0.5833,-57.133,5713.4,-6399.0,5,-1529.0,2443.8,0.5513,0.6,-305.8,1878.6,-3407.6,False
IFB_0223,emapmo_normal,long,PRE_RTH,1.5,1.0,12,True,1,11,-6981.8,6981.8,0.2881,0.3636,-634.709,2824.8,-9806.6,9,-3574.2,3574.2,0.4414,0.4444,-397.133,2824.8,-6399.0,2,-3407.6,3407.6,0.0,0.0,-1703.8,0.0,-3407.6,False
IFB_0224,emapmo_normal,long,PRE_RTH,1.5,1.0,12,True,3,17,-2214.6,2929.4,0.7742,0.5882,-130.271,7592.0,-9806.6,12,-685.6,2330.4,0.8929,0.5833,-57.133,5713.4,-6399.0,5,-1529.0,2443.8,0.5513,0.6,-305.8,1878.6,-3407.6,False
IFB_0225,emapmo_normal,long,PRE_RTH,1.5,1.0,24,False,1,11,-7521.8,7521.8,0.273,0.3636,-683.8,2824.8,-10346.6,9,-4114.2,4114.2,0.4071,0.4444,-457.133,2824.8,-6939.0,2,-3407.6,3407.6,0.0,0.0,-1703.8,0.0,-3407.6,False
IFB_0226,emapmo_normal,long,PRE_RTH,1.5,1.0,24,False,3,17,-2754.6,3469.4,0.7338,0.5882,-162.035,7592.0,-10346.6,12,-1225.6,2870.4,0.8234,0.5833,-102.133,5713.4,-6939.0,5,-1529.0,2443.8,0.5513,0.6,-305.8,1878.6,-3407.6,False
IFB_0227,emapmo_normal,long,PRE_RTH,1.5,1.0,24,True,1,11,-7521.8,7521.8,0.273,0.3636,-683.8,2824.8,-10346.6,9,-4114.2,4114.2,0.4071,0.4444,-457.133,2824.8,-6939.0,2,-3407.6,3407.6,0.0,0.0,-1703.8,0.0,-3407.6,False
IFB_0228,emapmo_normal,long,PRE_RTH,1.5,1.0,24,True,3,17,-2754.6,3469.4,0.7338,0.5882,-162.035,7592.0,-10346.6,12,-1225.6,2870.4,0.8234,0.5833,-102.133,5713.4,-6939.0,5,-1529.0,2443.8,0.5513,0.6,-305.8,1878.6,-3407.6,False
IFB_0229,emapmo_normal,long,PRE_RTH,1.5,1.5,6,False,1,11,-6171.75,6171.75,0.1004,0.2727,-561.068,688.63,-6860.38,9,-4774.15,4774.15,0.1261,0.3333,-530.461,688.63,-5462.78,2,-1397.6,1397.6,0.0,0.0,-698.8,0.0,-1397.6,False
IFB_0230,emapmo_normal,long,PRE_RTH,1.5,1.5,6,False,3,17,-2744.57,4559.36,0.6148,0.4706,-161.445,4379.63,-7124.2,12,-3595.56,4431.77,0.3721,0.4167,-299.63,2131.04,-5726.6,5,850.99,963.8,1.6089,0.6,170.198,2248.59,-1397.6,False
IFB_0231,emapmo_normal,long,PRE_RTH,1.5,1.5,6,True,1,11,-6171.75,6171.75,0.1004,0.2727,-561.068,688.63,-6860.38,9,-4774.15,4774.15,0.1261,0.3333,-530.461,688.63,-5462.78,2,-1397.6,1397.6,0.0,0.0,-698.8,0.0,-1397.6,False
IFB_0232,emapmo_normal,long,PRE_RTH,1.5,1.5,6,True,3,17,-2744.57,4559.36,0.6148,0.4706,-161.445,4379.63,-7124.2,12,-3595.56,4431.77,0.3721,0.4167,-299.63,2131.04,-5726.6,5,850.99,963.8,1.6089,0.6,170.198,2248.59,-1397.6,False
IFB_0233,emapmo_normal,long,PRE_RTH,1.5,1.5,12,False,1,11,-10251.81,10251.81,0.1278,0.1818,-931.983,1502.39,-11754.2,9,-6844.21,6844.21,0.18,0.2222,-760.468,1502.39,-8346.6,2,-3407.6,3407.6,0.0,0.0,-1703.8,0.0,-3407.6,False
IFB_0234,emapmo_normal,long,PRE_RTH,1.5,1.5,12,False,3,17,-8564.62,9949.4,0.3763,0.3529,-503.801,5167.17,-13731.79,12,-6825.63,7394.21,0.3154,0.3333,-568.802,3144.77,-9970.4,5,-1738.99,2797.59,0.5377,0.4,-347.798,2022.4,-3761.39,False
IFB_0235,emapmo_normal,long,PRE_RTH,1.5,1.5,12,True,1,11,-10251.81,10251.81,0.1278,0.1818,-931.983,1502.39,-11754.2,9,-6844.21,6844.21,0.18,0.2222,-760.468,1502.39,-8346.6,2,-3407.6,3407.6,0.0,0.0,-1703.8,0.0,-3407.6,False
IFB_0236,emapmo_normal,long,PRE_RTH,1.5,1.5,12,True,3,17,-8564.62,9949.4,0.3763,0.3529,-503.801,5167.17,-13731.79,12,-6825.63,7394.21,0.3154,0.3333,-568.802,3144.77,-9970.4,5,-1738.99,2797.59,0.5377,0.4,-347.798,2022.4,-3761.39,False
IFB_0237,emapmo_normal,long,PRE_RTH,1.5,1.5,24,False,1,11,-11301.82,11301.82,0.0921,0.0909,-1027.438,1146.2,-12448.02,9,-7894.22,7894.22,0.1268,0.1111,-877.136,1146.2,-9040.42,2,-3407.6,3407.6,0.0,0.0,-1703.8,0.0,-3407.6,False
IFB_0238,emapmo_normal,long,PRE_RTH,1.5,1.5,24,False,3,17,-10174.62,12049.42,0.3425,0.2941,-598.507,5301.0,-15475.62,12,-7985.62,9044.22,0.2911,0.25,-665.468,3278.6,-11264.22,5,-2189.0,3247.6,0.4802,0.4,-437.8,2022.4,-4211.4,False
IFB_0239,emapmo_normal,long,PRE_RTH,1.5,1.5,24,True,1,11,-11301.82,11301.82,0.0921,0.0909,-1027.438,1146.2,-12448.02,9,-7894.22,7894.22,0.1268,0.1111,-877.136,1146.2,-9040.42,2,-3407.6,3407.6,0.0,0.0,-1703.8,0.0,-3407.6,False
IFB_0240,emapmo_normal,long,PRE_RTH,1.5,1.5,24,True,3,17,-10174.62,12049.42,0.3425,0.2941,-598.507,5301.0,-15475.62,12,-7985.62,9044.22,0.2911,0.25,-665.468,3278.6,-11264.22,5,-2189.0,3247.6,0.4802,0.4,-437.8,2022.4,-4211.4,False
IFB_0241,emapmo_normal,long,RTH,1.0,0.75,6,False,1,11,498.18,1845.2,1.1592,0.5455,45.289,3627.2,-3129.02,9,535.78,1845.2,1.1988,0.5556,59.531,3231.0,-2695.22,2,-37.6,433.8,0.9133,0.5,-18.8,396.2,-433.8,False
IFB_0242,emapmo_normal,long,RTH,1.0,0.75,6,False,3,15,-207.0,1892.8,0.9506,0.4667,-13.8,3983.4,-4190.4,11,488.18,1892.8,1.1575,0.5455,44.38,3587.2,-3099.02,4,-695.18,1091.38,0.363,0.25,-173.795,396.2,-1091.38,False
IFB_0243,emapmo_normal,long,RTH,1.0,0.75,6,True,1,11,498.18,1845.2,1.1592,0.5455,45.289,3627.2,-3129.02,9,535.78,1845.2,1.1988,0.5556,59.531,3231.0,-2695.22,2,-37.6,433.8,0.9133,0.5,-18.8,396.2,-433.8,False
IFB_0244,emapmo_normal,long,RTH,1.0,0.75,6,True,3,15,-207.0,1892.8,0.9506,0.4667,-13.8,3983.4,-4190.4,11,488.18,1892.8,1.1575,0.5455,44.38,3587.2,-3099.02,4,-695.18,1091.38,0.363,0.25,-173.795,396.2,-1091.38,False
IFB_0245,emapmo_normal,long,RTH,1.0,0.75,12,False,1,11,318.2,1845.2,1.0783,0.6364,28.927,4383.4,-4065.2,9,1555.8,1845.2,1.6399,0.6667,172.867,3987.2,-2431.4,2,-1237.6,1633.8,0.2425,0.5,-618.8,396.2,-1633.8,False
IFB_0246,emapmo_normal,long,RTH,1.0,0.75,12,False,3,15,-757.0,2661.4,0.8623,0.5333,-50.467,4739.6,-5496.6,11,1508.2,1892.8,1.532,0.6364,137.109,4343.4,-2835.2,4,-2265.2,2661.4,0.1489,0.25,-566.3,396.2,-2661.4,False
IFB_0247,emapmo_normal,long,RTH,1.0,0.75,12,True,1,11,318.2,1845.2,1.0783,0.6364,28.927,4383.4,-4065.2,9,1555.8,1845.2,1.6399,0.6667,172.867,3987.2,-2431.4,2,-1237.6,1633.8,0.2425,0.5,-618.8,396.2,-1633.8,False
IFB_0248,emapmo_normal,long,RTH,1.0,0.75,12,True,3,15,-757.0,2661.4,0.8623,0.5333,-50.467,4739.6,-5496.6,11,1508.2,1892.8,1.532,0.6364,137.109,4343.4,-2835.2,4,-2265.2,2661.4,0.1489,0.25,-566.3,396.2,-2661.4,False
IFB_0249,emapmo_normal,long,RTH,1.0,0.75,24,False,1,11,318.2,1845.2,1.0783,0.6364,28.927,4383.4,-4065.2,9,1555.8,1845.2,1.6399,0.6667,172.867,3987.2,-2431.4,2,-1237.6,1633.8,0.2425,0.5,-618.8,396.2,-1633.8,False
IFB_0250,emapmo_normal,long,RTH,1.0,0.75,24,False,3,15,-757.0,2661.4,0.8623,0.5333,-50.467,4739.6,-5496.6,11,1508.2,1892.8,1.532,0.6364,137.109,4343.4,-2835.2,4,-2265.2,2661.4,0.1489,0.25,-566.3,396.2,-2661.4,False
IFB_0251,emapmo_normal,long,RTH,1.0,0.75,24,True,1,11,318.2,1845.2,1.0783,0.6364,28.927,4383.4,-4065.2,9,1555.8,1845.2,1.6399,0.6667,172.867,3987.2,-2431.4,2,-1237.6,1633.8,0.2425,0.5,-618.8,396.2,-1633.8,False
IFB_0252,emapmo_normal,long,RTH,1.0,0.75,24,True,3,15,-757.0,2661.4,0.8623,0.5333,-50.467,4739.6,-5496.6,11,1508.2,1892.8,1.532,0.6364,137.109,4343.4,-2835.2,4,-2265.2,2661.4,0.1489,0.25,-566.3,396.2,-2661.4,False
IFB_0253,emapmo_normal,long,RTH,1.0,1.0,6,False,1,11,1698.18,1807.6,1.5427,0.5455,154.38,4827.2,-3129.02,9,1605.78,1807.6,1.5958,0.5556,178.42,4301.0,-2695.22,2,92.4,433.8,1.213,0.5,46.2,526.2,-433.8,False
IFB_0254,emapmo_normal,long,RTH,1.0,1.0,6,False,3,15,1123.0,1725.2,1.268,0.4667,74.867,5313.4,-4190.4,11,1688.18,1725.2,1.5447,0.5455,153.471,4787.2,-3099.02,4,-565.18,1091.38,0.4821,0.25,-141.295,526.2,-1091.38,False
IFB_0255,emapmo_normal,long,RTH,1.0,1.0,6,True,1,11,1698.18,1807.6,1.5427,0.5455,154.38,4827.2,-3129.02,9,1605.78,1807.6,1.5958,0.5556,178.42,4301.0,-2695.22,2,92.4,433.8,1.213,0.5,46.2,526.2,-433.8,False
IFB_0256,emapmo_normal,long,RTH,1.0,1.0,6,True,3,15,1123.0,1725.2,1.268,0.4667,74.867,5313.4,-4190.4,11,1688.18,1725.2,1.5447,0.5455,153.471,4787.2,-3099.02,4,-565.18,1091.38,0.4821,0.25,-141.295,526.2,-1091.38,False
IFB_0257,emapmo_normal,long,RTH,1.0,1.0,12,False,1,11,1778.2,1807.6,1.4374,0.6364,161.655,5843.4,-4065.2,9,2885.8,1807.6,2.1869,0.6667,320.644,5317.2,-2431.4,2,-1107.6,1633.8,0.3221,0.5,-553.8,526.2,-1633.8,False
IFB_0258,emapmo_normal,long,RTH,1.0,1.0,12,False,3,15,833.0,2661.4,1.1515,0.5333,55.533,6329.6,-5496.6,11,2968.2,1725.2,2.0469,0.6364,269.836,5803.4,-2835.2,4,-2135.2,2661.4,0.1977,0.25,-533.8,526.2,-2661.4,False
IFB_0259,emapmo_normal,long,RTH,1.0,1.0,12,True,1,11,1778.2,1807.6,1.4374,0.6364,161.655,5843.4,-4065.2,9,2885.8,1807.6,2.1869,0.6667,320.644,5317.2,-2431.4,2,-1107.6,1633.8,0.3221,0.5,-553.8,526.2,-1633.8,False
IFB_0260,emapmo_normal,long,RTH,1.0,1.0,12,True,3,15,833.0,2661.4,1.1515,0.5333,55.533,6329.6,-5496.6,11,2968.2,1725.2,2.0469,0.6364,269.836,5803.4,-2835.2,4,-2135.2,2661.4,0.1977,0.25,-533.8,526.2,-2661.4,False
IFB_0261,emapmo_normal,long,RTH,1.0,1.0,24,False,1,11,1778.2,1807.6,1.4374,0.6364,161.655,5843.4,-4065.2,9,2885.8,1807.6,2.1869,0.6667,320.644,5317.2,-2431.4,2,-1107.6,1633.8,0.3221,0.5,-553.8,526.2,-1633.8,False
IFB_0262,emapmo_normal,long,RTH,1.0,1.0,24,False,3,15,833.0,2661.4,1.1515,0.5333,55.533,6329.6,-5496.6,11,2968.2,1725.2,2.0469,0.6364,269.836,5803.4,-2835.2,4,-2135.2,2661.4,0.1977,0.25,-533.8,526.2,-2661.4,False
IFB_0263,emapmo_normal,long,RTH,1.0,1.0,24,True,1,11,1778.2,1807.6,1.4374,0.6364,161.655,5843.4,-4065.2,9,2885.8,1807.6,2.1869,0.6667,320.644,5317.2,-2431.4,2,-1107.6,1633.8,0.3221,0.5,-553.8,526.2,-1633.8,False
IFB_0264,emapmo_normal,long,RTH,1.0,1.0,24,True,3,15,833.0,2661.4,1.1515,0.5333,55.533,6329.6,-5496.6,11,2968.2,1725.2,2.0469,0.6364,269.836,5803.4,-2835.2,4,-2135.2,2661.4,0.1977,0.25,-533.8,526.2,-2661.4,False
IFB_0265,emapmo_normal,long,RTH,1.5,1.0,6,False,1,11,2148.2,1205.18,1.8019,0.5455,195.291,4827.2,-2679.0,9,2055.8,1205.18,1.9156,0.5556,228.422,4301.0,-2245.2,2,92.4,433.8,1.213,0.5,46.2,526.2,-433.8,False
IFB_0266,emapmo_normal,long,RTH,1.5,1.0,6,False,3,14,2986.82,933.8,2.0733,0.5714,213.344,5769.6,-2782.78,10,2452.0,933.8,2.0921,0.6,245.2,4697.2,-2245.2,4,534.82,537.58,1.9949,0.5,133.705,1072.4,-537.58,False
IFB_0267,emapmo_normal,long,RTH,1.5,1.0,6,True,1,11,2148.2,1205.18,1.8019,0.5455,195.291,4827.2,-2679.0,9,2055.8,1205.18,1.9156,0.5556,228.422,4301.0,-2245.2,2,92.4,433.8,1.213,0.5,46.2,526.2,-433.8,False
IFB_0268,emapmo_normal,long,RTH,1.5,1.0,6,True,3,14,2986.82,933.8,2.0733,0.5714,213.344,5769.6,-2782.78,10,2452.0,933.8,2.0921,0.6,245.2,4697.2,-2245.2,4,534.82,537.58,1.9949,0.5,133.705,1072.4,-537.58,False
IFB_0269,emapmo_normal,long,RTH,1.5,1.0,12,False,1,11,298.2,2443.8,1.0538,0.6364,27.109,5843.4,-5545.2,9,2215.8,2325.2,1.7145,0.6667,246.2,5317.2,-3101.4,2,-1917.6,2443.8,0.2153,0.5,-958.8,526.2,-2443.8,False
IFB_0270,emapmo_normal,long,RTH,1.5,1.0,12,False,3,14,526.8,3157.6,1.0842,0.6429,37.629,6785.8,-6259.0,10,2612.0,1929.0,1.8422,0.7,261.2,5713.4,-3101.4,4,-2085.2,3157.6,0.3396,0.5,-521.3,1072.4,-3157.6,False
IFB_0271,emapmo_normal,long,RTH,1.5,1.0,12,True,1,11,298.2,2443.8,1.0538,0.6364,27.109,5843.4,-5545.2,9,2215.8,2325.2,1.7145,0.6667,246.2,5317.2,-3101.4,2,-1917.6,2443.8,0.2153,0.5,-958.8,526.2,-2443.8,False
IFB_0272,emapmo_normal,long,RTH,1.5,1.0,12,True,3,14,526.8,3157.6,1.0842,0.6429,37.629,6785.8,-6259.0,10,2612.0,1929.0,1.8422,0.7,261.2,5713.4,-3101.4,4,-2085.2,3157.6,0.3396,0.5,-521.3,1072.4,-3157.6,False
IFB_0273,emapmo_normal,long,RTH,1.5,1.0,24,False,1,11,-241.8,2865.2,0.9603,0.6364,-21.982,5843.4,-6085.2,9,1675.8,2865.2,1.4602,0.6667,186.2,5317.2,-3641.4,2,-1917.6,2443.8,0.2153,0.5,-958.8,526.2,-2443.8,False
IFB_0274,emapmo_normal,long,RTH,1.5,1.0,24,False,3,14,-13.2,3157.6,0.9981,0.6429,-0.943,6785.8,-6799.0,10,2072.0,2469.0,1.569,0.7,207.2,5713.4,-3641.4,4,-2085.2,3157.6,0.3396,0.5,-521.3,1072.4,-3157.6,False
IFB_0275,emapmo_normal,long,RTH,1.5,1.0,24,True,1,11,-241.8,2865.2,0.9603,0.6364,-21.982,5843.4,-6085.2,9,1675.8,2865.2,1.4602,0.6667,186.2,5317.2,-3641.4,2,-1917.6,2443.8,0.2153,0.5,-958.8,526.2,-2443.8,False
IFB_0276,emapmo_normal,long,RTH,1.5,1.0,24,True,3,14,-13.2,3157.6,0.9981,0.6429,-0.943,6785.8,-6799.0,10,2072.0,2469.0,1.569,0.7,207.2,5713.4,-3641.4,4,-2085.2,3157.6,0.3396,0.5,-521.3,1072.4,-3157.6,False
IFB_0277,emapmo_normal,long,RTH,1.5,1.5,6,False,1,11,-1111.77,2165.18,0.6116,0.4545,-101.07,1751.03,-2862.8,9,-904.16,2165.18,0.6278,0.4444,-100.462,1524.84,-2429.0,2,-207.61,433.8,0.5214,0.5,-103.805,226.19,-433.8,False
IFB_0278,emapmo_normal,long,RTH,1.5,1.5,6,False,3,14,206.85,1558.98,1.0697,0.5,14.775,3173.43,-2966.58,10,-297.96,1558.98,0.8773,0.5,-29.796,2131.04,-2429.0,4,504.81,537.58,1.939,0.5,126.202,1042.39,-537.58,False
IFB_0279,emapmo_normal,long,RTH,1.5,1.5,6,True,1,11,-1111.77,2165.18,0.6116,0.4545,-101.07,1751.03,-2862.8,9,-904.16,2165.18,0.6278,0.4444,-100.462,1524.84,-2429.0,2,-207.61,433.8,0.5214,0.5,-103.805,226.19,-433.8,False
IFB_0280,emapmo_normal,long,RTH,1.5,1.5,6,True,3,14,206.85,1558.98,1.0697,0.5,14.775,3173.43,-2966.58,10,-297.96,1558.98,0.8773,0.5,-29.796,2131.04,-2429.0,4,504.81,537.58,1.939,0.5,126.202,1042.39,-537.58,False
IFB_0281,emapmo_normal,long,RTH,1.5,1.5,12,False,1,11,-6931.82,9114.2,0.2681,0.2727,-630.165,2538.57,-9470.39,9,-4134.23,6316.61,0.3804,0.3333,-459.359,2538.57,-6672.8,2,-2797.59,2797.59,0.0,0.0,-1398.795,0.0,-2797.59,False
IFB_0282,emapmo_normal,long,RTH,1.5,1.5,12,False,3,14,-6223.22,9221.8,0.3889,0.3571,-444.516,3960.97,-10184.19,10,-3528.03,5710.41,0.4713,0.4,-352.803,3144.77,-6672.8,4,-2695.19,3511.39,0.2324,0.25,-673.798,816.2,-3511.39,False
IFB_0283,emapmo_normal,long,RTH,1.5,1.5,12,True,1,11,-6931.82,9114.2,0.2681,0.2727,-630.165,2538.57,-9470.39,9,-4134.23,6316.61,0.3804,0.3333,-459.359,2538.57,-6672.8,2,-2797.59,2797.59,0.0,0.0,-1398.795,0.0,-2797.59,False
IFB_0284,emapmo_normal,long,RTH,1.5,1.5,12,True,3,14,-6223.22,9221.8,0.3889,0.3571,-444.516,3960.97,-10184.19,10,-3528.03,5710.41,0.4713,0.4,-352.803,3144.77,-6672.8,4,-2695.19,3511.39,0.2324,0.25,-673.798,816.2,-3511.39,False
IFB_0285,emapmo_normal,long,RTH,1.5,1.5,24,False,1,11,-8541.82,11214.22,0.2383,0.1818,-776.529,2672.4,-11214.22,9,-5294.22,7966.62,0.3354,0.2222,-588.247,2672.4,-7966.62,2,-3247.6,3247.6,0.0,0.0,-1623.8,0.0,-3247.6,False
IFB_0286,emapmo_normal,long,RTH,1.5,1.5,24,False,3,14,-7833.22,11321.82,0.3433,0.2857,-559.516,4094.8,-11928.02,10,-4688.02,7360.42,0.4115,0.3,-468.802,3278.6,-7966.62,4,-3145.2,3961.4,0.206,0.25,-786.3,816.2,-3961.4,False
IFB_0287,emapmo_normal,long,RTH,1.5,1.5,24,True,1,11,-8541.82,11214.22,0.2383,0.1818,-776.529,2672.4,-11214.22,9,-5294.22,7966.62,0.3354,0.2222,-588.247,2672.4,-7966.62,2,-3247.6,3247.6,0.0,0.0,-1623.8,0.0,-3247.6,False
IFB_0288,emapmo_normal,long,RTH,1.5,1.5,24,True,3,14,-7833.22,11321.82,0.3433,0.2857,-559.516,4094.8,-11928.02,10,-4688.02,7360.42,0.4115,0.3,-468.802,3278.6,-7966.62,4,-3145.2,3961.4,0.206,0.25,-786.3,816.2,-3961.4,False
IFB_0289,emapmo_normal,short,ALL,1.0,0.75,6,False,1,26,3841.19,987.6,2.0002,0.6923,147.738,7681.58,-3840.39,17,2455.41,987.6,2.0543,0.7059,144.436,4784.4,-2328.99,9,1385.78,613.8,1.9169,0.6667,153.976,2897.18,-1511.4,False
IFB_0290,emapmo_normal,short,ALL,1.0,0.75,6,False,3,39,4211.8,1969.0,1.6427,0.641,107.995,10764.98,-6553.19,25,2325.01,1969.0,1.5352,0.64,93.0,6669.2,-4344.19,14,1886.79,867.6,1.8541,0.6429,134.77,4095.78,-2209.0,True
IFB_0291,emapmo_normal,short,ALL,1.0,0.75,6,True,1,26,3841.19,987.6,2.0002,0.6923,147.738,7681.58,-3840.39,17,2455.41,987.6,2.0543,0.7059,144.436,4784.4,-2328.99,9,1385.78,613.8,1.9169,0.6667,153.976,2897.18,-1511.4,False
IFB_0292,emapmo_normal,short,ALL,1.0,0.75,6,True,3,39,4211.8,1969.0,1.6427,0.641,107.995,10764.98,-6553.19,25,2325.01,1969.0,1.5352,0.64,93.0,6669.2,-4344.19,14,1886.79,867.6,1.8541,0.6429,134.77,4095.78,-2209.0,True
IFB_0293,emapmo_normal,short,ALL,1.0,0.75,12,False,1,26,2621.2,1861.4,1.5259,0.6538,100.815,7605.4,-4984.2,17,1815.4,1357.6,1.6115,0.7059,106.788,4784.4,-2969.0,9,805.8,613.8,1.3999,0.5556,89.533,2821.0,-2015.2,False
IFB_0294,emapmo_normal,short,ALL,1.0,0.75,12,False,3,39,2961.8,1969.0,1.3833,0.6154,75.944,10688.8,-7727.0,25,1685.0,1969.0,1.3381,0.64,67.4,6669.2,-4984.2,14,1276.8,947.6,1.4655,0.5714,91.2,4019.6,-2742.8,True
IFB_0295,emapmo_normal,short,ALL,1.0,0.75,12,True,1,26,2621.2,1861.4,1.5259,0.6538,100.815,7605.4,-4984.2,17,1815.4,1357.6,1.6115,0.7059,106.788,4784.4,-2969.0,9,805.8,613.8,1.3999,0.5556,89.533,2821.0,-2015.2,False
IFB_0296,emapmo_normal,short,ALL,1.0,0.75,12,True,3,39,2961.8,1969.0,1.3833,0.6154,75.944,10688.8,-7727.0,25,1685.0,1969.0,1.3381,0.64,67.4,6669.2,-4984.2,14,1276.8,947.6,1.4655,0.5714,91.2,4019.6,-2742.8,True
IFB_0297,emapmo_normal,short,ALL,1.0,0.75,24,False,1,26,2621.2,1861.4,1.5259,0.6538,100.815,7605.4,-4984.2,17,1815.4,1357.6,1.6115,0.7059,106.788,4784.4,-2969.0,9,805.8,613.8,1.3999,0.5556,89.533,2821.0,-2015.2,False
IFB_0298,emapmo_normal,short,ALL,1.0,0.75,24,False,3,39,3831.8,1969.0,1.5148,0.641,98.251,11275.0,-7443.2,25,1685.0,1969.0,1.3381,0.64,67.4,6669.2,-4984.2,14,2146.8,947.6,1.873,0.6429,153.343,4605.8,-2459.0,True
IFB_0299,emapmo_normal,short,ALL,1.0,0.75,24,True,1,26,2621.2,1861.4,1.5259,0.6538,100.815,7605.4,-4984.2,17,1815.4,1357.6,1.6115,0.7059,106.788,4784.4,-2969.0,9,805.8,613.8,1.3999,0.5556,89.533,2821.0,-2015.2,False
IFB_0300,emapmo_normal,short,ALL,1.0,0.75,24,True,3,39,3831.8,1969.0,1.5148,0.641,98.251,11275.0,-7443.2,25,1685.0,1969.0,1.3381,0.64,67.4,6669.2,-4984.2,14,2146.8,947.6,1.873,0.6429,153.343,4605.8,-2459.0,True
IFB_0301,emapmo_normal,short,ALL,1.0,1.0,6,False,1,26,3991.16,1125.2,1.8453,0.5769,153.506,8712.97,-4721.81,17,2525.38,987.6,1.9095,0.5882,148.552,5301.99,-2776.61,9,1465.78,1125.2,1.7535,0.5556,162.864,3410.98,-1945.2,False
IFB_0302,emapmo_normal,short,ALL,1.0,1.0,6,False,3,39,3771.78,1921.4,1.4797,0.5128,96.712,11633.97,-7862.2,25,3034.98,1921.4,1.6334,0.56,121.399,7826.79,-4791.81,14,736.8,1046.59,1.24,0.4286,52.628,3807.18,-3070.39,True
IFB_0303,emapmo_normal,short,ALL,1.0,1.0,6,True,1,26,3991.16,1125.2,1.8453,0.5769,153.506,8712.97,-4721.81,17,2525.38,987.6,1.9095,0.5882,148.552,5301.99,-2776.61,9,1465.78,1125.2,1.7535,0.5556,162.864,3410.98,-1945.2,False
IFB_0304,emapmo_normal,short,ALL,1.0,1.0,6,True,3,39,3771.78,1921.4,1.4797,0.5128,96.712,11633.97,-7862.2,25,3034.98,1921.4,1.6334,0.56,121.399,7826.79,-4791.81,14,736.8,1046.59,1.24,0.4286,52.628,3807.18,-3070.39,True
IFB_0305,emapmo_normal,short,ALL,1.0,1.0,12,False,1,26,3161.21,1940.4,1.5421,0.5769,121.585,8993.01,-5831.8,17,2275.41,1357.6,1.6726,0.6471,133.848,5658.21,-3382.8,9,885.8,1125.2,1.3617,0.4444,98.422,3334.8,-2449.0,False
IFB_0306,emapmo_normal,short,ALL,1.0,1.0,12,False,3,39,4121.79,1921.4,1.4807,0.5641,105.687,12696.39,-8574.6,25,2785.01,1921.4,1.5159,0.6,111.4,8183.01,-5398.0,14,1336.78,947.6,1.4208,0.5,95.484,4513.38,-3176.6,True
IFB_0307,emapmo_normal,short,ALL,1.0,1.0,12,True,1,26,3161.21,1940.4,1.5421,0.5769,121.585,8993.01,-5831.8,17,2275.41,1357.6,1.6726,0.6471,133.848,5658.21,-3382.8,9,885.8,1125.2,1.3617,0.4444,98.422,3334.8,-2449.0,False
IFB_0308,emapmo_normal,short,ALL,1.0,1.0,12,True,3,39,4121.79,1921.4,1.4807,0.5641,105.687,12696.39,-8574.6,25,2785.01,1921.4,1.5159,0.6,111.4,8183.01,-5398.0,14,1336.78,947.6,1.4208,0.5,95.484,4513.38,-3176.6,True
IFB_0309,emapmo_normal,short,ALL,1.0,1.0,24,False,1,26,3471.2,1940.4,1.5952,0.5769,133.508,9303.0,-5831.8,17,2585.4,1357.6,1.7643,0.6471,152.082,5968.2,-3382.8,9,885.8,1125.2,1.3617,0.4444,98.422,3334.8,-2449.0,False
IFB_0310,emapmo_normal,short,ALL,1.0,1.0,24,False,3,39,5311.8,1921.4,1.6407,0.5897,136.2,13602.6,-8290.8,25,3095.0,1921.4,1.5734,0.6,123.8,8493.0,-5398.0,14,2216.8,947.6,1.7663,0.5714,158.343,5109.6,-2892.8,True
IFB_0311,emapmo_normal,short,ALL,1.0,1.0,24,True,1,26,3471.2,1940.4,1.5952,0.5769,133.508,9303.0,-5831.8,17,2585.4,1357.6,1.7643,0.6471,152.082,5968.2,-3382.8,9,885.8,1125.2,1.3617,0.4444,98.422,3334.8,-2449.0,False
IFB_0312,emapmo_normal,short,ALL,1.0,1.0,24,True,3,39,5311.8,1921.4,1.6407,0.5897,136.2,13602.6,-8290.8,25,3095.0,1921.4,1.5734,0.6,123.8,8493.0,-5398.0,14,2216.8,947.6,1.7663,0.5714,158.343,5109.6,-2892.8,True
IFB_0313,emapmo_normal,short,ALL,1.5,1.0,6,False,1,26,6071.14,1487.6,2.7082,0.6538,233.505,9625.36,-3554.22,17,2705.37,1487.6,2.0419,0.5882,159.139,5301.99,-2596.62,9,3365.77,603.8,4.5148,0.7778,373.975,4323.37,-957.6,False
IFB_0314,emapmo_normal,short,ALL,1.5,1.0,6,False,3,39,5951.75,2999.0,1.8662,0.5897,152.609,12822.56,-6870.81,25,2934.97,2999.0,1.5679,0.6,117.399,8102.99,-5168.02,14,3016.78,603.8,2.7717,0.5714,215.484,4719.57,-1702.8,True
IFB_0315,emapmo_normal,short,ALL,1.5,1.0,6,True,1,26,6071.14,1487.6,2.7082,0.6538,233.505,9625.36,-3554.22,17,2705.37,1487.6,2.0419,0.5882,159.139,5301.99,-2596.62,9,3365.77,603.8,4.5148,0.7778,373.975,4323.37,-957.6,False
IFB_0316,emapmo_normal,short,ALL,1.5,1.0,6,True,3,39,5951.75,2999.0,1.8662,0.5897,152.609,12822.56,-6870.81,25,2934.97,2999.0,1.5679,0.6,117.399,8102.99,-5168.02,14,3016.78,603.8,2.7717,0.5714,215.484,4719.57,-1702.8,True
IFB_0317,emapmo_normal,short,ALL,1.5,1.0,12,False,1,26,4681.23,2511.38,1.7854,0.6923,180.047,10641.61,-5960.38,17,2135.41,2027.6,1.5159,0.7059,125.612,6274.41,-4139.0,9,2545.82,733.8,2.3977,0.6667,282.869,4367.2,-1821.38,False
IFB_0318,emapmo_normal,short,ALL,1.5,1.0,12,False,3,39,5511.82,2999.0,1.6051,0.6667,141.329,14621.19,-9109.37,25,2365.01,2999.0,1.3524,0.68,94.6,9075.41,-6710.4,14,3146.81,777.57,2.3117,0.6429,224.772,5545.78,-2398.97,False
IFB_0319,emapmo_normal,short,ALL,1.5,1.0,12,True,1,26,4681.23,2511.38,1.7854,0.6923,180.047,10641.61,-5960.38,17,2135.41,2027.6,1.5159,0.7059,125.612,6274.41,-4139.0,9,2545.82,733.8,2.3977,0.6667,282.869,4367.2,-1821.38,False
IFB_0320,emapmo_normal,short,ALL,1.5,1.0,12,True,3,39,5511.82,2999.0,1.6051,0.6667,141.329,14621.19,-9109.37,25,2365.01,2999.0,1.3524,0.68,94.6,9075.41,-6710.4,14,3146.81,777.57,2.3117,0.6429,224.772,5545.78,-2398.97,False
IFB_0321,emapmo_normal,short,ALL,1.5,1.0,24,False,1,26,4731.2,2771.4,1.7606,0.6923,181.969,10951.6,-6220.4,17,2445.4,2027.6,1.5908,0.7059,143.847,6584.4,-4139.0,9,2285.8,743.8,2.0982,0.6667,253.978,4367.2,-2081.4,False
IFB_0322,emapmo_normal,short,ALL,1.5,1.0,24,False,3,39,6061.8,2999.0,1.6404,0.6923,155.431,15527.4,-9465.6,25,2675.0,2999.0,1.3986,0.68,107.0,9385.4,-6710.4,14,3386.8,1417.6,2.2292,0.7143,241.914,6142.0,-2755.2,True
IFB_0323,emapmo_normal,short,ALL,1.5,1.0,24,True,1,26,4731.2,2771.4,1.7606,0.6923,181.969,10951.6,-6220.4,17,2445.4,2027.6,1.5908,0.7059,143.847,6584.4,-4139.0,9,2285.8,743.8,2.0982,0.6667,253.978,4367.2,-2081.4,False
IFB_0324,emapmo_normal,short,ALL,1.5,1.0,24,True,3,39,6061.8,2999.0,1.6404,0.6923,155.431,15527.4,-9465.6,25,2675.0,2999.0,1.3986,0.68,107.0,9385.4,-6710.4,14,3386.8,1417.6,2.2292,0.7143,241.914,6142.0,-2755.2,True
IFB_0325,emapmo_normal,short,ALL,1.5,1.5,6,False,1,26,7341.12,1487.6,2.7529,0.6154,282.351,11529.14,-4188.02,17,4945.35,1487.6,2.9045,0.5882,290.903,7541.97,-2596.62,9,2395.77,781.41,2.5054,0.6667,266.197,3987.17,-1591.4,False
IFB_0326,emapmo_normal,short,ALL,1.5,1.5,6,False,3,39,8731.71,2871.4,2.1635,0.5641,223.89,16236.32,-7504.61,25,6484.93,2871.4,2.2548,0.6,259.397,11652.95,-5168.02,14,2246.78,845.2,1.9616,0.5,160.484,4583.37,-2336.6,True
IFB_0327,emapmo_normal,short,ALL,1.5,1.5,6,True,1,26,7341.12,1487.6,2.7529,0.6154,282.351,11529.14,-4188.02,17,4945.35,1487.6,2.9045,0.5882,290.903,7541.97,-2596.62,9,2395.77,781.41,2.5054,0.6667,266.197,3987.17,-1591.4,False
IFB_0328,emapmo_normal,short,ALL,1.5,1.5,6,True,3,39,8731.71,2871.4,2.1635,0.5641,223.89,16236.32,-7504.61,25,6484.93,2871.4,2.2548,0.6,259.397,11652.95,-5168.02,14,2246.78,845.2,1.9616,0.5,160.484,4583.37,-2336.6,True
IFB_0329,emapmo_normal,short,ALL,1.5,1.5,12,False,1,26,5591.23,2511.38,1.8474,0.6154,215.047,12189.22,-6597.99,17,3885.42,2027.6,1.9387,0.7059,228.554,8024.42,-4139.0,9,1705.81,733.8,1.6937,0.4444,189.534,4164.8,-2458.99,False
IFB_0330,emapmo_normal,short,ALL,1.5,1.5,12,False,3,39,8321.82,2871.4,1.8538,0.6154,213.38,18068.8,-9746.98,25,5545.02,2871.4,1.8263,0.68,221.801,12255.42,-6710.4,14,2776.8,777.57,1.9144,0.5,198.343,5813.38,-3036.58,True
IFB_0331,emapmo_normal,short,ALL,1.5,1.5,12,True,1,26,5591.23,2511.38,1.8474,0.6154,215.047,12189.22,-6597.99,17,3885.42,2027.6,1.9387,0.7059,228.554,8024.42,-4139.0,9,1705.81,733.8,1.6937,0.4444,189.534,4164.8,-2458.99,False
IFB_0332,emapmo_normal,short,ALL,1.5,1.5,12,True,3,39,8321.82,2871.4,1.8538,0.6154,213.38,18068.8,-9746.98,25,5545.02,2871.4,1.8263,0.68,221.801,12255.42,-6710.4,14,2776.8,777.57,1.9144,0.5,198.343,5813.38,-3036.58,True
IFB_0333,emapmo_normal,short,ALL,1.5,1.5,24,False,1,26,3561.2,2771.4,1.3717,0.5769,136.969,13143.0,-9581.8,17,3895.4,2027.6,1.7664,0.6471,229.141,8978.2,-5082.8,9,-334.2,2387.6,0.9257,0.4444,-37.133,4164.8,-4499.0,False
IFB_0334,emapmo_normal,short,ALL,1.5,1.5,24,False,3,39,7141.8,2871.4,1.5568,0.6154,183.123,19968.8,-12827.0,25,5555.0,2871.4,1.7257,0.64,222.2,13209.2,-7654.2,14,1586.8,2387.6,1.3068,0.5714,113.343,6759.6,-5172.8,True
IFB_0335,emapmo_normal,short,ALL,1.5,1.5,24,True,1,26,3561.2,2771.4,1.3717,0.5769,136.969,13143.0,-9581.8,17,3895.4,2027.6,1.7664,0.6471,229.141,8978.2,-5082.8,9,-334.2,2387.6,0.9257,0.4444,-37.133,4164.8,-4499.0,False
IFB_0336,emapmo_normal,short,ALL,1.5,1.5,24,True,3,39,7141.8,2871.4,1.5568,0.6154,183.123,19968.8,-12827.0,25,5555.0,2871.4,1.7257,0.64,222.2,13209.2,-7654.2,14,1586.8,2387.6,1.3068,0.5714,113.343,6759.6,-5172.8,True
IFB_0337,emapmo_normal,short,PRE_RTH,1.0,0.75,6,False,1,18,571.6,1487.6,1.1389,0.6111,31.756,4688.2,-4116.6,11,-751.8,1487.6,0.7501,0.5455,-68.345,2257.2,-3009.0,7,1323.4,613.8,2.1948,0.7143,189.057,2431.0,-1107.6,False
IFB_0338,emapmo_normal,short,PRE_RTH,1.0,0.75,6,False,3,23,2452.6,901.4,1.5612,0.6522,106.635,6823.0,-4370.4,14,996.8,901.4,1.3313,0.6429,71.2,4005.8,-3009.0,9,1455.8,867.6,2.0693,0.6667,161.756,2817.2,-1361.4,False
IFB_0339,emapmo_normal,short,PRE_RTH,1.0,0.75,6,True,1,18,571.6,1487.6,1.1389,0.6111,31.756,4688.2,-4116.6,11,-751.8,1487.6,0.7501,0.5455,-68.345,2257.2,-3009.0,7,1323.4,613.8,2.1948,0.7143,189.057,2431.0,-1107.6,False
IFB_0340,emapmo_normal,short,PRE_RTH,1.0,0.75,6,True,3,23,2452.6,901.4,1.5612,0.6522,106.635,6823.0,-4370.4,14,996.8,901.4,1.3313,0.6429,71.2,4005.8,-3009.0,9,1455.8,867.6,2.0693,0.6667,161.756,2817.2,-1361.4,False
IFB_0341,emapmo_normal,short,PRE_RTH,1.0,0.75,12,False,1,18,571.6,1487.6,1.1389,0.6111,31.756,4688.2,-4116.6,11,-751.8,1487.6,0.7501,0.5455,-68.345,2257.2,-3009.0,7,1323.4,613.8,2.1948,0.7143,189.057,2431.0,-1107.6,False
IFB_0342,emapmo_normal,short,PRE_RTH,1.0,0.75,12,False,3,23,2422.6,901.4,1.5505,0.6522,105.33,6823.0,-4400.4,14,996.8,901.4,1.3313,0.6429,71.2,4005.8,-3009.0,9,1425.8,897.6,2.0247,0.6667,158.422,2817.2,-1391.4,False
IFB_0343,emapmo_normal,short,PRE_RTH,1.0,0.75,12,True,1,18,571.6,1487.6,1.1389,0.6111,31.756,4688.2,-4116.6,11,-751.8,1487.6,0.7501,0.5455,-68.345,2257.2,-3009.0,7,1323.4,613.8,2.1948,0.7143,189.057,2431.0,-1107.6,False
IFB_0344,emapmo_normal,short,PRE_RTH,1.0,0.75,12,True,3,23,2422.6,901.4,1.5505,0.6522,105.33,6823.0,-4400.4,14,996.8,901.4,1.3313,0.6429,71.2,4005.8,-3009.0,9,1425.8,897.6,2.0247,0.6667,158.422,2817.2,-1391.4,False
IFB_0345,emapmo_normal,short,PRE_RTH,1.0,0.75,24,False,1,18,571.6,1487.6,1.1389,0.6111,31.756,4688.2,-4116.6,11,-751.8,1487.6,0.7501,0.5455,-68.345,2257.2,-3009.0,7,1323.4,613.8,2.1948,0.7143,189.057,2431.0,-1107.6,False
IFB_0346,emapmo_normal,short,PRE_RTH,1.0,0.75,24,False,3,23,3292.6,901.4,1.7998,0.6957,143.157,7409.2,-4116.6,14,996.8,901.4,1.3313,0.6429,71.2,4005.8,-3009.0,9,2295.8,613.8,3.0728,0.7778,255.089,3403.4,-1107.6,False
IFB_0347,emapmo_normal,short,PRE_RTH,1.0,0.75,24,True,1,18,571.6,1487.6,1.1389,0.6111,31.756,4688.2,-4116.6,11,-751.8,1487.6,0.7501,0.5455,-68.345,2257.2,-3009.0,7,1323.4,613.8,2.1948,0.7143,189.057,2431.0,-1107.6,False
IFB_0348,emapmo_normal,short,PRE_RTH,1.0,0.75,24,True,3,23,3292.6,901.4,1.7998,0.6957,143.157,7409.2,-4116.6,14,996.8,901.4,1.3313,0.6429,71.2,4005.8,-3009.0,9,2295.8,613.8,3.0728,0.7778,255.089,3403.4,-1107.6,False
IFB_0349,emapmo_normal,short,PRE_RTH,1.0,1.0,6,False,1,18,-668.41,1743.21,0.8745,0.4444,-37.134,4659.59,-5328.0,11,-891.81,1582.81,0.7395,0.4545,-81.074,2530.99,-3422.8,7,223.4,1145.2,1.1173,0.4286,31.914,2128.6,-1905.2,False
IFB_0350,emapmo_normal,short,PRE_RTH,1.0,1.0,6,False,3,23,1352.6,1462.79,1.2396,0.4783,58.809,6998.19,-5645.59,14,1446.79,783.8,1.4227,0.5714,103.342,4869.59,-3422.8,9,-94.19,1462.79,0.9576,0.3333,-10.465,2128.6,-2222.79,False
IFB_0351,emapmo_normal,short,PRE_RTH,1.0,1.0,6,True,1,18,-668.41,1743.21,0.8745,0.4444,-37.134,4659.59,-5328.0,11,-891.81,1582.81,0.7395,0.4545,-81.074,2530.99,-3422.8,7,223.4,1145.2,1.1173,0.4286,31.914,2128.6,-1905.2,False
IFB_0352,emapmo_normal,short,PRE_RTH,1.0,1.0,6,True,3,23,1352.6,1462.79,1.2396,0.4783,58.809,6998.19,-5645.59,14,1446.79,783.8,1.4227,0.5714,103.342,4869.59,-3422.8,9,-94.19,1462.79,0.9576,0.3333,-10.465,2128.6,-2222.79,False
IFB_0353,emapmo_normal,short,PRE_RTH,1.0,1.0,12,False,1,18,-268.41,1812.79,0.9459,0.5,-14.912,4695.79,-4964.2,11,-1121.79,1812.79,0.6723,0.4545,-101.981,2301.01,-3422.8,7,853.38,1145.2,1.5536,0.5714,121.911,2394.78,-1541.4,False
IFB_0354,emapmo_normal,short,PRE_RTH,1.0,1.0,12,False,3,23,2302.59,927.6,1.4388,0.5652,100.113,7550.59,-5248.0,14,1216.81,783.8,1.3555,0.5714,86.915,4639.61,-3422.8,9,1085.78,927.6,1.5949,0.5556,120.642,2910.98,-1825.2,False
IFB_0355,emapmo_normal,short,PRE_RTH,1.0,1.0,12,True,1,18,-268.41,1812.79,0.9459,0.5,-14.912,4695.79,-4964.2,11,-1121.79,1812.79,0.6723,0.4545,-101.981,2301.01,-3422.8,7,853.38,1145.2,1.5536,0.5714,121.911,2394.78,-1541.4,False
IFB_0356,emapmo_normal,short,PRE_RTH,1.0,1.0,12,True,3,23,2302.59,927.6,1.4388,0.5652,100.113,7550.59,-5248.0,14,1216.81,783.8,1.3555,0.5714,86.915,4639.61,-3422.8,9,1085.78,927.6,1.5949,0.5556,120.642,2910.98,-1825.2,False
IFB_0357,emapmo_normal,short,PRE_RTH,1.0,1.0,24,False,1,18,471.6,1502.8,1.095,0.5,26.2,5435.8,-4964.2,11,-811.8,1502.8,0.7628,0.4545,-73.8,2611.0,-3422.8,7,1283.4,1145.2,1.8326,0.5714,183.343,2824.8,-1541.4,False
IFB_0358,emapmo_normal,short,PRE_RTH,1.0,1.0,24,False,3,23,3492.6,927.6,1.7036,0.6087,151.852,8456.8,-4964.2,14,1526.8,783.8,1.4461,0.5714,109.057,4949.6,-3422.8,9,1965.8,927.6,2.2753,0.6667,218.422,3507.2,-1541.4,False
IFB_0359,emapmo_normal,short,PRE_RTH,1.0,1.0,24,True,1,18,471.6,1502.8,1.095,0.5,26.2,5435.8,-4964.2,11,-811.8,1502.8,0.7628,0.4545,-73.8,2611.0,-3422.8,7,1283.4,1145.2,1.8326,0.5714,183.343,2824.8,-1541.4,False
IFB_0360,emapmo_normal,short,PRE_RTH,1.0,1.0,24,True,3,23,3492.6,927.6,1.7036,0.6087,151.852,8456.8,-4964.2,14,1526.8,783.8,1.4461,0.5714,109.057,4949.6,-3422.8,9,1965.8,927.6,2.2753,0.6667,218.422,3507.2,-1541.4,False
IFB_0361,emapmo_normal,short,PRE_RTH,1.5,1.0,6,False,1,18,2911.57,1379.02,1.8674,0.6111,161.754,6268.18,-3356.61,11,588.18,1379.02,1.2229,0.5455,53.471,3227.19,-2639.01,7,2323.39,363.8,4.2377,0.7143,331.913,3040.99,-717.6,False
IFB_0362,emapmo_normal,short,PRE_RTH,1.5,1.0,6,False,3,23,4932.59,1173.8,2.3425,0.6087,214.46,8606.78,-3674.2,14,2926.78,1173.8,2.109,0.6429,209.056,5565.79,-2639.01,9,2005.8,363.8,2.9376,0.5556,222.867,3040.99,-1035.19,False
IFB_0363,emapmo_normal,short,PRE_RTH,1.5,1.0,6,True,1,18,2911.57,1379.02,1.8674,0.6111,161.754,6268.18,-3356.61,11,588.18,1379.02,1.2229,0.5455,53.471,3227.19,-2639.01,7,2323.39,363.8,4.2377,0.7143,331.913,3040.99,-717.6,False
IFB_0364,emapmo_normal,short,PRE_RTH,1.5,1.0,6,True,3,23,4932.59,1173.8,2.3425,0.6087,214.46,8606.78,-3674.2,14,2926.78,1173.8,2.109,0.6429,209.056,5565.79,-2639.01,9,2005.8,363.8,2.9376,0.5556,222.867,3040.99,-1035.19,False
IFB_0365,emapmo_normal,short,PRE_RTH,1.5,1.0,12,False,1,18,3181.59,1918.99,1.8245,0.7222,176.755,7040.59,-3859.0,11,488.21,1918.99,1.1562,0.6364,44.383,3613.41,-3125.2,7,2693.38,733.8,4.6705,0.8571,384.769,3427.18,-733.8,False
IFB_0366,emapmo_normal,short,PRE_RTH,1.5,1.0,12,False,3,23,5752.59,1173.8,2.3886,0.7391,250.113,9895.39,-4142.8,14,2826.81,1173.8,1.9045,0.7143,201.915,5952.01,-3125.2,9,2925.78,733.8,3.8752,0.7778,325.087,3943.38,-1017.6,False
IFB_0367,emapmo_normal,short,PRE_RTH,1.5,1.0,12,True,1,18,3181.59,1918.99,1.8245,0.7222,176.755,7040.59,-3859.0,11,488.21,1918.99,1.1562,0.6364,44.383,3613.41,-3125.2,7,2693.38,733.8,4.6705,0.8571,384.769,3427.18,-733.8,False
IFB_0368,emapmo_normal,short,PRE_RTH,1.5,1.0,12,True,3,23,5752.59,1173.8,2.3886,0.7391,250.113,9895.39,-4142.8,14,2826.81,1173.8,1.9045,0.7143,201.915,5952.01,-3125.2,9,2925.78,733.8,3.8752,0.7778,325.087,3943.38,-1017.6,False
IFB_0369,emapmo_normal,short,PRE_RTH,1.5,1.0,24,False,1,18,3921.6,1609.0,2.0162,0.7222,217.867,7780.6,-3859.0,11,798.2,1609.0,1.2554,0.6364,72.564,3923.4,-3125.2,7,3123.4,733.8,5.2565,0.8571,446.2,3857.2,-733.8,False
IFB_0370,emapmo_normal,short,PRE_RTH,1.5,1.0,24,False,3,23,6942.6,1173.8,2.7991,0.7826,301.852,10801.6,-3859.0,14,3136.8,1173.8,2.0037,0.7143,224.057,6262.0,-3125.2,9,3805.8,733.8,6.1864,0.8889,422.867,4539.6,-733.8,False
IFB_0371,emapmo_normal,short,PRE_RTH,1.5,1.0,24,True,1,18,3921.6,1609.0,2.0162,0.7222,217.867,7780.6,-3859.0,11,798.2,1609.0,1.2554,0.6364,72.564,3923.4,-3125.2,7,3123.4,733.8,5.2565,0.8571,446.2,3857.2,-733.8,False
IFB_0372,emapmo_normal,short,PRE_RTH,1.5,1.0,24,True,3,23,6942.6,1173.8,2.7991,0.7826,301.852,10801.6,-3859.0,14,3136.8,1173.8,2.0037,0.7143,224.057,6262.0,-3125.2,9,3805.8,733.8,6.1864,0.8889,422.867,4539.6,-733.8,False
IFB_0373,emapmo_normal,short,PRE_RTH,1.5,1.5,6,False,1,18,5191.56,1173.8,2.5467,0.6111,288.42,8548.17,-3356.61,11,2018.18,1173.8,1.7647,0.5455,183.471,4657.19,-2639.01,7,3173.38,363.8,5.4222,0.7143,453.34,3890.98,-717.6,False
IFB_0374,emapmo_normal,short,PRE_RTH,1.5,1.5,6,False,3,23,8062.6,1173.8,3.1944,0.6087,350.548,11736.79,-3674.2,14,5206.8,1173.8,2.973,0.6429,371.914,7845.81,-2639.01,9,2855.8,363.8,3.7587,0.5556,317.311,3890.98,-1035.19,False
IFB_0375,emapmo_normal,short,PRE_RTH,1.5,1.5,6,True,1,18,5191.56,1173.8,2.5467,0.6111,288.42,8548.17,-3356.61,11,2018.18,1173.8,1.7647,0.5455,183.471,4657.19,-2639.01,7,3173.38,363.8,5.4222,0.7143,453.34,3890.98,-717.6,False
IFB_0376,emapmo_normal,short,PRE_RTH,1.5,1.5,6,True,3,23,8062.6,1173.8,3.1944,0.6087,350.548,11736.79,-3674.2,14,5206.8,1173.8,2.973,0.6429,371.914,7845.81,-2639.01,9,2855.8,363.8,3.7587,0.5556,317.311,3890.98,-1035.19,False
IFB_0377,emapmo_normal,short,PRE_RTH,1.5,1.5,12,False,1,18,5891.58,1698.99,2.5267,0.7222,327.31,9750.58,-3859.0,11,1598.2,1698.99,1.5114,0.6364,145.291,4723.4,-3125.2,7,4293.38,733.8,6.8509,0.8571,613.34,5027.18,-733.8,False
IFB_0378,emapmo_normal,short,PRE_RTH,1.5,1.5,12,False,3,23,9922.58,1173.8,3.3951,0.7391,431.417,14065.38,-4142.8,14,5126.8,1173.8,2.6405,0.7143,366.2,8252.0,-3125.2,9,4795.78,733.8,5.7128,0.7778,532.864,5813.38,-1017.6,False
IFB_0379,emapmo_normal,short,PRE_RTH,1.5,1.5,12,True,1,18,5891.58,1698.99,2.5267,0.7222,327.31,9750.58,-3859.0,11,1598.2,1698.99,1.5114,0.6364,145.291,4723.4,-3125.2,7,4293.38,733.8,6.8509,0.8571,613.34,5027.18,-733.8,False
IFB_0380,emapmo_normal,short,PRE_RTH,1.5,1.5,12,True,3,23,9922.58,1173.8,3.3951,0.7391,431.417,14065.38,-4142.8,14,5126.8,1173.8,2.6405,0.7143,366.2,8252.0,-3125.2,9,4795.78,733.8,5.7128,0.7778,532.864,5813.38,-1017.6,False
IFB_0381,emapmo_normal,short,PRE_RTH,1.5,1.5,24,False,1,18,5951.6,1179.0,2.2392,0.6667,330.644,10754.4,-4802.8,11,878.2,1179.0,1.2158,0.5455,79.836,4947.2,-4069.0,7,5073.4,733.8,7.9139,0.8571,724.771,5807.2,-733.8,False
IFB_0382,emapmo_normal,short,PRE_RTH,1.5,1.5,24,False,3,23,10432.6,1173.8,3.1722,0.7391,453.591,15235.4,-4802.8,14,4406.8,1173.8,2.083,0.6429,314.771,8475.8,-4069.0,9,6025.8,733.8,9.2118,0.8889,669.533,6759.6,-733.8,False
IFB_0383,emapmo_normal,short,PRE_RTH,1.5,1.5,24,True,1,18,5951.6,1179.0,2.2392,0.6667,330.644,10754.4,-4802.8,11,878.2,1179.0,1.2158,0.5455,79.836,4947.2,-4069.0,7,5073.4,733.8,7.9139,0.8571,724.771,5807.2,-733.8,False
IFB_0384,emapmo_normal,short,PRE_RTH,1.5,1.5,24,True,3,23,10432.6,1173.8,3.1722,0.7391,453.591,15235.4,-4802.8,14,4406.8,1173.8,2.083,0.6429,314.771,8475.8,-4069.0,9,6025.8,733.8,9.2118,0.8889,669.533,6759.6,-733.8,False
IFB_0385,emapmo_normal,short,RTH,1.0,0.75,6,False,1,17,2825.4,975.2,2.0871,0.7059,166.2,5424.4,-2599.0,10,1982.0,783.8,2.6015,0.8,198.2,3219.6,-1237.6,7,843.4,975.2,1.6195,0.5714,120.486,2204.8,-1361.4,False
IFB_0386,emapmo_normal,short,RTH,1.0,0.75,6,False,3,18,3611.6,975.2,2.3896,0.7222,200.645,6210.6,-2599.0,11,2768.2,783.8,3.2367,0.8182,251.655,4005.8,-1237.6,7,843.4,975.2,1.6195,0.5714,120.486,2204.8,-1361.4,False
IFB_0387,emapmo_normal,short,RTH,1.0,0.75,6,True,1,17,2825.4,975.2,2.0871,0.7059,166.2,5424.4,-2599.0,10,1982.0,783.8,2.6015,0.8,198.2,3219.6,-1237.6,7,843.4,975.2,1.6195,0.5714,120.486,2204.8,-1361.4,False
IFB_0388,emapmo_normal,short,RTH,1.0,0.75,6,True,3,18,3611.6,975.2,2.3896,0.7222,200.645,6210.6,-2599.0,11,2768.2,783.8,3.2367,0.8182,251.655,4005.8,-1237.6,7,843.4,975.2,1.6195,0.5714,120.486,2204.8,-1361.4,False
IFB_0389,emapmo_normal,short,RTH,1.0,0.75,12,False,1,17,2795.4,1005.2,2.0633,0.7059,164.435,5424.4,-2629.0,10,1982.0,783.8,2.6015,0.8,198.2,3219.6,-1237.6,7,813.4,1005.2,1.5846,0.5714,116.2,2204.8,-1391.4,False
IFB_0390,emapmo_normal,short,RTH,1.0,0.75,12,False,3,18,3581.6,1005.2,2.3623,0.7222,198.978,6210.6,-2629.0,11,2768.2,783.8,3.2367,0.8182,251.655,4005.8,-1237.6,7,813.4,1005.2,1.5846,0.5714,116.2,2204.8,-1391.4,False
IFB_0391,emapmo_normal,short,RTH,1.0,0.75,12,True,1,17,2795.4,1005.2,2.0633,0.7059,164.435,5424.4,-2629.0,10,1982.0,783.8,2.6015,0.8,198.2,3219.6,-1237.6,7,813.4,1005.2,1.5846,0.5714,116.2,2204.8,-1391.4,False
IFB_0392,emapmo_normal,short,RTH,1.0,0.75,12,True,3,18,3581.6,1005.2,2.3623,0.7222,198.978,6210.6,-2629.0,11,2768.2,783.8,3.2367,0.8182,251.655,4005.8,-1237.6,7,813.4,1005.2,1.5846,0.5714,116.2,2204.8,-1391.4,False
IFB_0393,emapmo_normal,short,RTH,1.0,0.75,24,False,1,17,3665.4,783.8,2.5629,0.7647,215.612,6010.6,-2345.2,10,1982.0,783.8,2.6015,0.8,198.2,3219.6,-1237.6,7,1683.4,613.8,2.5199,0.7143,240.486,2791.0,-1107.6,False
IFB_0394,emapmo_normal,short,RTH,1.0,0.75,24,False,3,18,4451.6,783.8,2.8982,0.7778,247.311,6796.8,-2345.2,11,2768.2,783.8,3.2367,0.8182,251.655,4005.8,-1237.6,7,1683.4,613.8,2.5199,0.7143,240.486,2791.0,-1107.6,False
IFB_0395,emapmo_normal,short,RTH,1.0,0.75,24,True,1,17,3665.4,783.8,2.5629,0.7647,215.612,6010.6,-2345.2,10,1982.0,783.8,2.6015,0.8,198.2,3219.6,-1237.6,7,1683.4,613.8,2.5199,0.7143,240.486,2791.0,-1107.6,False
IFB_0396,emapmo_normal,short,RTH,1.0,0.75,24,True,3,18,4451.6,783.8,2.8982,0.7778,247.311,6796.8,-2345.2,11,2768.2,783.8,3.2367,0.8182,251.655,4005.8,-1237.6,7,1683.4,613.8,2.5199,0.7143,240.486,2791.0,-1107.6,False
IFB_0397,emapmo_normal,short,RTH,1.0,1.0,6,False,1,17,2105.4,1425.19,1.612,0.5294,123.847,5545.79,-3440.39,10,2161.99,783.8,2.3092,0.7,216.199,3813.39,-1651.4,7,-56.59,1425.19,0.9684,0.2857,-8.084,1732.4,-1788.99,False
IFB_0398,emapmo_normal,short,RTH,1.0,1.0,6,False,3,18,3161.6,1425.19,1.919,0.5556,175.645,6601.99,-3440.39,11,3218.19,783.8,2.9488,0.7273,292.563,4869.59,-1651.4,7,-56.59,1425.19,0.9684,0.2857,-8.084,1732.4,-1788.99,False
IFB_0399,emapmo_normal,short,RTH,1.0,1.0,6,True,1,17,2105.4,1425.19,1.612,0.5294,123.847,5545.79,-3440.39,10,2161.99,783.8,2.3092,0.7,216.199,3813.39,-1651.4,7,-56.59,1425.19,0.9684,0.2857,-8.084,1732.4,-1788.99,False
IFB_0400,emapmo_normal,short,RTH,1.0,1.0,6,True,3,18,3161.6,1425.19,1.919,0.5556,175.645,6601.99,-3440.39,11,3218.19,783.8,2.9488,0.7273,292.563,4869.59,-1651.4,7,-56.59,1425.19,0.9684,0.2857,-8.084,1732.4,-1788.99,False
IFB_0401,emapmo_normal,short,RTH,1.0,1.0,12,False,1,17,3055.39,897.6,2.0041,0.6471,179.729,6098.19,-3042.8,10,1932.01,783.8,2.1699,0.7,193.201,3583.41,-1651.4,7,1123.38,897.6,1.8074,0.5714,160.483,2514.78,-1391.4,False
IFB_0402,emapmo_normal,short,RTH,1.0,1.0,12,False,3,18,4111.59,897.6,2.3513,0.6667,228.422,7154.39,-3042.8,11,2988.21,783.8,2.8095,0.7273,271.655,4639.61,-1651.4,7,1123.38,897.6,1.8074,0.5714,160.483,2514.78,-1391.4,False
IFB_0403,emapmo_normal,short,RTH,1.0,1.0,12,True,1,17,3055.39,897.6,2.0041,0.6471,179.729,6098.19,-3042.8,10,1932.01,783.8,2.1699,0.7,193.201,3583.41,-1651.4,7,1123.38,897.6,1.8074,0.5714,160.483,2514.78,-1391.4,False
IFB_0404,emapmo_normal,short,RTH,1.0,1.0,12,True,3,18,4111.59,897.6,2.3513,0.6667,228.422,7154.39,-3042.8,11,2988.21,783.8,2.8095,0.7273,271.655,4639.61,-1651.4,7,1123.38,897.6,1.8074,0.5714,160.483,2514.78,-1391.4,False
IFB_0405,emapmo_normal,short,RTH,1.0,1.0,24,False,1,17,4245.4,783.8,2.5387,0.7059,249.729,7004.4,-2759.0,10,2242.0,783.8,2.3576,0.7,224.2,3893.4,-1651.4,7,2003.4,613.8,2.8088,0.7143,286.2,3111.0,-1107.6,False
IFB_0406,emapmo_normal,short,RTH,1.0,1.0,24,False,3,18,5301.6,783.8,2.9216,0.7222,294.533,8060.6,-2759.0,11,3298.2,783.8,2.9972,0.7273,299.836,4949.6,-1651.4,7,2003.4,613.8,2.8088,0.7143,286.2,3111.0,-1107.6,False
IFB_0407,emapmo_normal,short,RTH,1.0,1.0,24,True,1,17,4245.4,783.8,2.5387,0.7059,249.729,7004.4,-2759.0,10,2242.0,783.8,2.3576,0.7,224.2,3893.4,-1651.4,7,2003.4,613.8,2.8088,0.7143,286.2,3111.0,-1107.6,False
IFB_0408,emapmo_normal,short,RTH,1.0,1.0,24,True,3,18,5301.6,783.8,2.9216,0.7222,294.533,8060.6,-2759.0,11,3298.2,783.8,2.9972,0.7273,299.836,4949.6,-1651.4,7,2003.4,613.8,2.8088,0.7143,286.2,3111.0,-1107.6,False
IFB_0409,emapmo_normal,short,RTH,1.5,1.0,6,False,1,17,3165.4,1173.8,2.1042,0.5882,186.2,6031.98,-2866.59,10,1981.99,1173.8,2.0822,0.7,198.199,3813.39,-1831.4,7,1183.4,671.39,2.1432,0.4286,169.058,2218.59,-1035.19,False
IFB_0410,emapmo_normal,short,RTH,1.5,1.0,6,False,3,18,4221.6,1173.8,2.4727,0.6111,234.533,7088.18,-2866.59,11,3038.19,1173.8,2.6589,0.7273,276.199,4869.59,-1831.4,7,1183.4,671.39,2.1432,0.4286,169.058,2218.59,-1035.19,False
IFB_0411,emapmo_normal,short,RTH,1.5,1.0,6,True,1,17,3165.4,1173.8,2.1042,0.5882,186.2,6031.98,-2866.59,10,1981.99,1173.8,2.0822,0.7,198.199,3813.39,-1831.4,7,1183.4,671.39,2.1432,0.4286,169.058,2218.59,-1035.19,False
IFB_0412,emapmo_normal,short,RTH,1.5,1.0,6,True,3,18,4221.6,1173.8,2.4727,0.6111,234.533,7088.18,-2866.59,11,3038.19,1173.8,2.6589,0.7273,276.199,4869.59,-1831.4,7,1183.4,671.39,2.1432,0.4286,169.058,2218.59,-1035.19,False
IFB_0413,emapmo_normal,short,RTH,1.5,1.0,12,False,1,17,3215.39,1371.4,1.9216,0.7059,189.141,6704.39,-3489.0,10,1112.01,1371.4,1.45,0.7,111.201,3583.41,-2471.4,7,2103.38,733.8,3.067,0.7143,300.483,3120.98,-1017.6,False
IFB_0414,emapmo_normal,short,RTH,1.5,1.0,12,False,3,18,4271.59,1173.8,2.2243,0.7222,237.311,7760.59,-3489.0,11,2168.21,1173.8,1.8773,0.7273,197.11,4639.61,-2471.4,7,2103.38,733.8,3.067,0.7143,300.483,3120.98,-1017.6,False
IFB_0415,emapmo_normal,short,RTH,1.5,1.0,12,True,1,17,3215.39,1371.4,1.9216,0.7059,189.141,6704.39,-3489.0,10,1112.01,1371.4,1.45,0.7,111.201,3583.41,-2471.4,7,2103.38,733.8,3.067,0.7143,300.483,3120.98,-1017.6,False
IFB_0416,emapmo_normal,short,RTH,1.5,1.0,12,True,3,18,4271.59,1173.8,2.2243,0.7222,237.311,7760.59,-3489.0,11,2168.21,1173.8,1.8773,0.7273,197.11,4639.61,-2471.4,7,2103.38,733.8,3.067,0.7143,300.483,3120.98,-1017.6,False
IFB_0417,emapmo_normal,short,RTH,1.5,1.0,24,False,1,17,4405.4,1371.4,2.3745,0.7647,259.141,7610.6,-3205.2,10,1422.0,1371.4,1.5754,0.7,142.2,3893.4,-2471.4,7,2983.4,733.8,5.0657,0.8571,426.2,3717.2,-733.8,False
IFB_0418,emapmo_normal,short,RTH,1.5,1.0,24,False,3,18,5461.6,1173.8,2.704,0.7778,303.422,8666.8,-3205.2,11,2478.2,1173.8,2.0028,0.7273,225.291,4949.6,-2471.4,7,2983.4,733.8,5.0657,0.8571,426.2,3717.2,-733.8,False
IFB_0419,emapmo_normal,short,RTH,1.5,1.0,24,True,1,17,4405.4,1371.4,2.3745,0.7647,259.141,7610.6,-3205.2,10,1422.0,1371.4,1.5754,0.7,142.2,3893.4,-2471.4,7,2983.4,733.8,5.0657,0.8571,426.2,3717.2,-733.8,False
IFB_0420,emapmo_normal,short,RTH,1.5,1.0,24,True,3,18,5461.6,1173.8,2.704,0.7778,303.422,8666.8,-3205.2,11,2478.2,1173.8,2.0028,0.7273,225.291,4949.6,-2471.4,7,2983.4,733.8,5.0657,0.8571,426.2,3717.2,-733.8,False
IFB_0421,emapmo_normal,short,RTH,1.5,1.5,6,False,1,17,5445.41,1173.8,2.8996,0.5882,320.319,8312.0,-2866.59,10,3392.01,1173.8,2.8521,0.7,339.201,5223.41,-1831.4,7,2053.4,671.39,2.9836,0.4286,293.344,3088.59,-1035.19,False
IFB_0422,emapmo_normal,short,RTH,1.5,1.5,6,False,3,18,7031.61,1173.8,3.453,0.6111,390.645,9898.2,-2866.59,11,4978.21,1173.8,3.7183,0.7273,452.565,6809.61,-1831.4,7,2053.4,671.39,2.9836,0.4286,293.344,3088.59,-1035.19,False
IFB_0423,emapmo_normal,short,RTH,1.5,1.5,6,True,1,17,5445.41,1173.8,2.8996,0.5882,320.319,8312.0,-2866.59,10,3392.01,1173.8,2.8521,0.7,339.201,5223.41,-1831.4,7,2053.4,671.39,2.9836,0.4286,293.344,3088.59,-1035.19,False
IFB_0424,emapmo_normal,short,RTH,1.5,1.5,6,True,3,18,7031.61,1173.8,3.453,0.6111,390.645,9898.2,-2866.59,11,4978.21,1173.8,3.7183,0.7273,452.565,6809.61,-1831.4,7,2053.4,671.39,2.9836,0.4286,293.344,3088.59,-1035.19,False
IFB_0425,emapmo_normal,short,RTH,1.5,1.5,12,False,1,17,6415.39,1173.8,2.8387,0.7059,377.376,9904.39,-3489.0,10,2862.01,1173.8,2.1581,0.7,286.201,5333.41,-2471.4,7,3553.38,733.8,4.4919,0.7143,507.626,4570.98,-1017.6,False
IFB_0426,emapmo_normal,short,RTH,1.5,1.5,12,False,3,18,8001.59,1173.8,3.2934,0.7222,444.533,11490.59,-3489.0,11,4448.21,1173.8,2.7999,0.7273,404.383,6919.61,-2471.4,7,3553.38,733.8,4.4919,0.7143,507.626,4570.98,-1017.6,False
IFB_0427,emapmo_normal,short,RTH,1.5,1.5,12,True,1,17,6415.39,1173.8,2.8387,0.7059,377.376,9904.39,-3489.0,10,2862.01,1173.8,2.1581,0.7,286.201,5333.41,-2471.4,7,3553.38,733.8,4.4919,0.7143,507.626,4570.98,-1017.6,False
IFB_0428,emapmo_normal,short,RTH,1.5,1.5,12,True,3,18,8001.59,1173.8,3.2934,0.7222,444.533,11490.59,-3489.0,11,4448.21,1173.8,2.7999,0.7273,404.383,6919.61,-2471.4,7,3553.38,733.8,4.4919,0.7143,507.626,4570.98,-1017.6,False
IFB_0429,emapmo_normal,short,RTH,1.5,1.5,24,False,1,17,8165.4,1173.8,3.5475,0.7647,480.318,11370.6,-3205.2,10,3382.0,1173.8,2.3685,0.7,338.2,5853.4,-2471.4,7,4783.4,733.8,7.5187,0.8571,683.343,5517.2,-733.8,False
IFB_0430,emapmo_normal,short,RTH,1.5,1.5,24,False,3,18,9751.6,1173.8,4.0424,0.7778,541.756,12956.8,-3205.2,11,4968.2,1173.8,3.0103,0.7273,451.655,7439.6,-2471.4,7,4783.4,733.8,7.5187,0.8571,683.343,5517.2,-733.8,False
IFB_0431,emapmo_normal,short,RTH,1.5,1.5,24,True,1,17,8165.4,1173.8,3.5475,0.7647,480.318,11370.6,-3205.2,10,3382.0,1173.8,2.3685,0.7,338.2,5853.4,-2471.4,7,4783.4,733.8,7.5187,0.8571,683.343,5517.2,-733.8,False
IFB_0432,emapmo_normal,short,RTH,1.5,1.5,24,True,3,18,9751.6,1173.8,4.0424,0.7778,541.756,12956.8,-3205.2,11,4968.2,1173.8,3.0103,0.7273,451.655,7439.6,-2471.4,7,4783.4,733.8,7.5187,0.8571,683.343,5517.2,-733.8,False
IFB_0433,emapmo_early,both,ALL,1.0,0.75,6,False,1,40,1817.97,3131.4,1.1724,0.625,45.449,12364.97,-10547.0,27,1507.38,1925.2,1.2178,0.5926,55.829,8429.18,-6921.8,13,310.59,3131.4,1.0857,0.6923,23.892,3935.79,-3625.2,True
IFB_0434,emapmo_early,both,ALL,1.0,0.75,6,False,3,113,-3699.44,8182.24,0.8913,0.5398,-32.738,30328.15,-34027.59,75,-5075.03,8017.02,0.7912,0.5067,-67.667,19235.56,-24310.59,38,1375.59,2731.8,1.1416,0.6053,36.2,11092.59,-9717.0,False
IFB_0435,emapmo_early,both,ALL,1.0,0.75,6,True,1,40,1817.97,3131.4,1.1724,0.625,45.449,12364.97,-10547.0,27,1507.38,1925.2,1.2178,0.5926,55.829,8429.18,-6921.8,13,310.59,3131.4,1.0857,0.6923,23.892,3935.79,-3625.2,True
IFB_0436,emapmo_early,both,ALL,1.0,0.75,6,True,3,113,-3699.44,8182.24,0.8913,0.5398,-32.738,30328.15,-34027.59,75,-5075.03,8017.02,0.7912,0.5067,-67.667,19235.56,-24310.59,38,1375.59,2731.8,1.1416,0.6053,36.2,11092.59,-9717.0,False
IFB_0437,emapmo_early,both,ALL,1.0,0.75,12,False,1,40,-142.01,3235.22,0.9889,0.575,-3.55,12682.6,-12824.61,27,1047.4,1925.2,1.1309,0.5926,38.793,9049.2,-8001.8,13,-1189.41,3235.22,0.7534,0.5385,-91.493,3633.4,-4822.81,False
IFB_0438,emapmo_early,both,ALL,1.0,0.75,12,False,3,112,-5185.62,9619.4,0.8587,0.5357,-46.3,31501.99,-36687.61,74,-6971.21,8828.01,0.7417,0.5,-94.206,20019.39,-26990.6,38,1785.59,2731.8,1.1841,0.6053,46.989,11482.6,-9697.01,False
IFB_0439,emapmo_early,both,ALL,1.0,0.75,12,True,1,40,-142.01,3235.22,0.9889,0.575,-3.55,12682.6,-12824.61,27,1047.4,1925.2,1.1309,0.5926,38.793,9049.2,-8001.8,13,-1189.41,3235.22,0.7534,0.5385,-91.493,3633.4,-4822.81,False
IFB_0440,emapmo_early,both,ALL,1.0,0.75,12,True,3,112,-5185.62,9619.4,0.8587,0.5357,-46.3,31501.99,-36687.61,74,-6971.21,8828.01,0.7417,0.5,-94.206,20019.39,-26990.6,38,1785.59,2731.8,1.1841,0.6053,46.989,11482.6,-9697.01,False
IFB_0441,emapmo_early,both,ALL,1.0,0.75,24,False,1,40,118.0,3131.4,1.0092,0.6,2.95,12948.8,-12830.8,27,1047.4,1925.2,1.1309,0.5926,38.793,9049.2,-8001.8,13,-929.4,3131.4,0.8075,0.6154,-71.492,3899.6,-4829.0,False
IFB_0442,emapmo_early,both,ALL,1.0,0.75,24,False,3,110,-4478.0,8935.6,0.8767,0.5455,-40.709,31832.0,-36310.0,74,-6561.2,8418.0,0.7569,0.5,-88.665,20429.4,-26990.6,36,2083.2,2731.8,1.2235,0.6389,57.867,11402.6,-9319.4,False
IFB_0443,emapmo_early,both,ALL,1.0,0.75,24,True,1,40,118.0,3131.4,1.0092,0.6,2.95,12948.8,-12830.8,27,1047.4,1925.2,1.1309,0.5926,38.793,9049.2,-8001.8,13,-929.4,3131.4,0.8075,0.6154,-71.492,3899.6,-4829.0,False
IFB_0444,emapmo_early,both,ALL,1.0,0.75,24,True,3,110,-4478.0,8935.6,0.8767,0.5455,-40.709,31832.0,-36310.0,74,-6561.2,8418.0,0.7569,0.5,-88.665,20429.4,-26990.6,36,2083.2,2731.8,1.2235,0.6389,57.867,11402.6,-9319.4,False
IFB_0445,emapmo_early,both,ALL,1.0,1.0,6,False,1,40,587.96,3275.2,1.0458,0.525,14.699,13430.16,-12842.2,27,-952.63,3275.2,0.8966,0.4444,-35.283,8264.37,-9217.0,13,1540.59,3131.4,1.425,0.6923,118.507,5165.79,-3625.2,False
IFB_0446,emapmo_early,both,ALL,1.0,1.0,6,False,3,110,-2718.03,9507.02,0.9255,0.4727,-24.709,33762.34,-36480.37,73,-3787.43,9507.02,0.8507,0.4658,-51.883,21580.75,-25368.18,37,1069.4,4641.8,1.0962,0.4865,28.903,12181.59,-11112.19,False
IFB_0447,emapmo_early,both,ALL,1.0,1.0,6,True,1,40,587.96,3275.2,1.0458,0.525,14.699,13430.16,-12842.2,27,-952.63,3275.2,0.8966,0.4444,-35.283,8264.37,-9217.0,13,1540.59,3131.4,1.425,0.6923,118.507,5165.79,-3625.2,False
IFB_0448,emapmo_early,both,ALL,1.0,1.0,6,True,3,110,-2718.03,9507.02,0.9255,0.4727,-24.709,33762.34,-36480.37,73,-3787.43,9507.02,0.8507,0.4658,-51.883,21580.75,-25368.18,37,1069.4,4641.8,1.0962,0.4865,28.903,12181.59,-11112.19,False
IFB_0449,emapmo_early,both,ALL,1.0,1.0,12,False,1,40,-452.01,4368.99,0.9701,0.475,-11.3,14667.8,-15119.81,27,-492.6,3275.2,0.9522,0.4444,-18.244,9804.4,-10297.0,13,40.59,3235.22,1.0084,0.5385,3.122,4863.4,-4822.81,False
IFB_0450,emapmo_early,both,ALL,1.0,1.0,12,False,3,108,1819.6,10407.4,1.0489,0.5,16.848,39044.81,-37225.21,72,-2833.6,9846.01,0.8955,0.4722,-39.356,24290.8,-27124.4,36,4653.2,2539.0,1.4607,0.5556,129.256,14754.01,-10100.81,False
IFB_0451,emapmo_early,both,ALL,1.0,1.0,12,True,1,40,-452.01,4368.99,0.9701,0.475,-11.3,14667.8,-15119.81,27,-492.6,3275.2,0.9522,0.4444,-18.244,9804.4,-10297.0,13,40.59,3235.22,1.0084,0.5385,3.122,4863.4,-4822.81,False
IFB_0452,emapmo_early,both,ALL,1.0,1.0,12,True,3,108,1819.6,10407.4,1.0489,0.5,16.848,39044.81,-37225.21,72,-2833.6,9846.01,0.8955,0.4722,-39.356,24290.8,-27124.4,36,4653.2,2539.0,1.4607,0.5556,129.256,14754.01,-10100.81,False
IFB_0453,emapmo_early,both,ALL,1.0,1.0,24,False,1,40,-192.0,4479.0,0.9873,0.5,-4.8,14934.0,-15126.0,27,-492.6,3275.2,0.9522,0.4444,-18.244,9804.4,-10297.0,13,300.6,3131.4,1.0622,0.6154,23.123,5129.6,-4829.0,False
IFB_0454,emapmo_early,both,ALL,1.0,1.0,24,False,3,107,4153.38,9423.6,1.1127,0.514,38.817,41000.98,-36847.6,72,-1753.62,9136.0,0.9353,0.4722,-24.356,25370.78,-27124.4,35,5907.0,2539.0,1.6075,0.6,168.771,15630.2,-9723.2,False
IFB_0455,emapmo_early,both,ALL,1.0,1.0,24,True,1,40,-192.0,4479.0,0.9873,0.5,-4.8,14934.0,-15126.0,27,-492.6,3275.2,0.9522,0.4444,-18.244,9804.4,-10297.0,13,300.6,3131.4,1.0622,0.6154,23.123,5129.6,-4829.0,False
IFB_0456,emapmo_early,both,ALL,1.0,1.0,24,True,3,107,4153.38,9423.6,1.1127,0.514,38.817,41000.98,-36847.6,72,-1753.62,9136.0,0.9353,0.4722,-24.356,25370.78,-27124.4,35,5907.0,2539.0,1.6075,0.6,168.771,15630.2,-9723.2,False
IFB_0457,emapmo_early,both,ALL,1.5,1.0,6,False,1,40,2447.98,4805.18,1.1984,0.6,61.2,14788.76,-12340.78,27,567.37,4805.18,1.063,0.5185,21.014,9566.77,-8999.4,13,1880.61,2711.39,1.5628,0.7692,144.662,5221.99,-3341.38,False
IFB_0458,emapmo_early,both,ALL,1.5,1.0,6,False,3,109,-704.22,13433.21,0.9825,0.5688,-6.461,39644.34,-40348.56,72,-2353.67,13433.21,0.9152,0.5556,-32.69,25407.94,-27761.61,37,1649.44,2968.99,1.131,0.5946,44.58,14236.4,-12586.95,False
IFB_0459,emapmo_early,both,ALL,1.5,1.0,6,True,1,40,2447.98,4805.18,1.1984,0.6,61.2,14788.76,-12340.78,27,567.37,4805.18,1.063,0.5185,21.014,9566.77,-8999.4,13,1880.61,2711.39,1.5628,0.7692,144.662,5221.99,-3341.38,False
IFB_0460,emapmo_early,both,ALL,1.5,1.0,6,True,3,109,-704.22,13433.21,0.9825,0.5688,-6.461,39644.34,-40348.56,72,-2353.67,13433.21,0.9152,0.5556,-32.69,25407.94,-27761.61,37,1649.44,2968.99,1.131,0.5946,44.58,14236.4,-12586.95,False
IFB_0461,emapmo_early,both,ALL,1.5,1.0,12,False,1,40,1937.99,6008.99,1.131,0.55,48.45,16726.4,-14788.41,27,1937.41,4915.2,1.1952,0.5556,71.756,11863.0,-9925.59,13,0.58,3035.23,1.0001,0.5385,0.045,4863.4,-4862.82,False
IFB_0462,emapmo_early,both,ALL,1.5,1.0,12,False,3,107,43.36,14334.6,1.001,0.5701,0.405,42798.18,-42754.82,71,-1549.82,14189.41,0.9469,0.5775,-21.828,27664.18,-29214.0,36,1593.18,3622.21,1.1177,0.5556,44.255,15134.0,-13540.82,False
IFB_0463,emapmo_early,both,ALL,1.5,1.0,12,True,1,40,1937.99,6008.99,1.131,0.55,48.45,16726.4,-14788.41,27,1937.41,4915.2,1.1952,0.5556,71.756,11863.0,-9925.59,13,0.58,3035.23,1.0001,0.5385,0.045,4863.4,-4862.82,False
IFB_0464,emapmo_early,both,ALL,1.5,1.0,12,True,3,107,43.36,14334.6,1.001,0.5701,0.405,42798.18,-42754.82,71,-1549.82,14189.41,0.9469,0.5775,-21.828,27664.18,-29214.0,36,1593.18,3622.21,1.1177,0.5556,44.255,15134.0,-13540.82,False
IFB_0465,emapmo_early,both,ALL,1.5,1.0,24,False,1,40,1798.01,6729.0,1.1139,0.6,44.95,17578.8,-15780.79,27,2127.4,4915.2,1.2061,0.5926,78.793,12449.2,-10321.8,13,-329.39,2911.39,0.9397,0.6154,-25.338,5129.6,-5458.99,False
IFB_0466,emapmo_early,both,ALL,1.5,1.0,24,False,3,106,1967.21,13770.8,1.0441,0.6038,18.559,46566.8,-44599.59,71,320.2,13479.4,1.0103,0.6056,4.51,31356.6,-31036.4,35,1647.01,3792.19,1.1214,0.6,47.057,15210.2,-13563.19,False
IFB_0467,emapmo_early,both,ALL,1.5,1.0,24,True,1,40,1798.01,6729.0,1.1139,0.6,44.95,17578.8,-15780.79,27,2127.4,4915.2,1.2061,0.5926,78.793,12449.2,-10321.8,13,-329.39,2911.39,0.9397,0.6154,-25.338,5129.6,-5458.99,False
IFB_0468,emapmo_early,both,ALL,1.5,1.0,24,True,3,106,1967.21,13770.8,1.0441,0.6038,18.559,46566.8,-44599.59,71,320.2,13479.4,1.0103,0.6056,4.51,31356.6,-31036.4,35,1647.01,3792.19,1.1214,0.6,47.057,15210.2,-13563.19,False
IFB_0469,emapmo_early,both,ALL,1.5,1.5,6,False,1,40,-1712.07,5490.39,0.8795,0.45,-42.802,12501.54,-14213.61,27,-3042.68,5490.39,0.7147,0.3704,-112.692,7621.94,-10664.62,13,1330.61,2785.2,1.3749,0.6154,102.355,4879.6,-3548.99,False
IFB_0470,emapmo_early,both,ALL,1.5,1.5,6,False,3,106,-682.81,13532.22,0.983,0.5,-6.442,39478.54,-40161.35,69,-5122.28,13532.22,0.8207,0.4783,-74.236,23444.52,-28566.8,37,4439.46,2721.39,1.3829,0.5405,119.985,16034.01,-11594.55,False
IFB_0471,emapmo_early,both,ALL,1.5,1.5,6,True,1,40,-1712.07,5490.39,0.8795,0.45,-42.802,12501.54,-14213.61,27,-3042.68,5490.39,0.7147,0.3704,-112.692,7621.94,-10664.62,13,1330.61,2785.2,1.3749,0.6154,102.355,4879.6,-3548.99,False
IFB_0472,emapmo_early,both,ALL,1.5,1.5,6,True,3,106,-682.81,13532.22,0.983,0.5,-6.442,39478.54,-40161.35,69,-5122.28,13532.22,0.8207,0.4783,-74.236,23444.52,-28566.8,37,4439.46,2721.39,1.3829,0.5405,119.985,16034.01,-11594.55,False
IFB_0473,emapmo_early,both,ALL,1.5,1.5,12,False,1,40,-6212.05,9105.03,0.7011,0.375,-155.301,14572.98,-20785.03,27,-3062.61,5955.59,0.7752,0.4074,-113.43,10558.18,-13620.79,13,-3149.44,5132.83,0.5604,0.3077,-242.265,4014.8,-7164.24,False
IFB_0474,emapmo_early,both,ALL,1.5,1.5,12,False,3,101,-1543.82,13029.41,0.9677,0.4851,-15.285,46263.8,-47807.62,66,-3040.78,13029.41,0.9065,0.5,-46.072,29494.59,-32535.37,35,1496.96,4658.4,1.098,0.4571,42.77,16769.2,-15272.25,False
IFB_0475,emapmo_early,both,ALL,1.5,1.5,12,True,1,40,-6212.05,9105.03,0.7011,0.375,-155.301,14572.98,-20785.03,27,-3062.61,5955.59,0.7752,0.4074,-113.43,10558.18,-13620.79,13,-3149.44,5132.83,0.5604,0.3077,-242.265,4014.8,-7164.24,False
IFB_0476,emapmo_early,both,ALL,1.5,1.5,12,True,3,101,-1543.82,13029.41,0.9677,0.4851,-15.285,46263.8,-47807.62,66,-3040.78,13029.41,0.9065,0.5,-46.072,29494.59,-32535.37,35,1496.96,4658.4,1.098,0.4571,42.77,16769.2,-15272.25,False
IFB_0477,emapmo_early,both,ALL,1.5,1.5,24,False,1,40,-3561.99,9778.39,0.8289,0.45,-89.05,17251.6,-20813.59,27,37.4,5912.8,1.0029,0.4444,1.385,12934.4,-12897.0,13,-3599.39,4508.99,0.5453,0.4615,-276.876,4317.2,-7916.59,False
IFB_0478,emapmo_early,both,ALL,1.5,1.5,24,False,3,100,-3050.02,14694.8,0.9413,0.48,-30.5,48867.6,-51917.62,66,-2770.82,13219.4,0.9208,0.4848,-41.982,32218.4,-34989.22,34,-279.2,6828.4,0.9835,0.4706,-8.212,16649.2,-16928.4,False
IFB_0479,emapmo_early,both,ALL,1.5,1.5,24,True,1,40,-3561.99,9778.39,0.8289,0.45,-89.05,17251.6,-20813.59,27,37.4,5912.8,1.0029,0.4444,1.385,12934.4,-12897.0,13,-3599.39,4508.99,0.5453,0.4615,-276.876,4317.2,-7916.59,False
IFB_0480,emapmo_early,both,ALL,1.5,1.5,24,True,3,100,-3050.02,14694.8,0.9413,0.48,-30.5,48867.6,-51917.62,66,-2770.82,13219.4,0.9208,0.4848,-41.982,32218.4,-34989.22,34,-279.2,6828.4,0.9835,0.4706,-8.212,16649.2,-16928.4,False
IFB_0481,emapmo_early,both,PRE_RTH,1.0,0.75,6,False,1,31,2842.17,2922.8,1.2942,0.6452,91.683,12503.98,-9661.81,22,3026.37,2041.4,1.4492,0.6818,137.562,9762.98,-6736.61,9,-184.2,1551.4,0.937,0.5556,-20.467,2741.0,-2925.2,False
IFB_0482,emapmo_early,both,PRE_RTH,1.0,0.75,6,False,3,85,8776.95,4465.21,1.3651,0.6588,103.258,32817.17,-24040.22,58,6269.55,4465.21,1.3693,0.6552,108.096,23245.57,-16976.02,27,2507.4,2027.6,1.3549,0.6667,92.866,9571.6,-7064.2,False
IFB_0483,emapmo_early,both,PRE_RTH,1.0,0.75,6,True,1,31,2842.17,2922.8,1.2942,0.6452,91.683,12503.98,-9661.81,22,3026.37,2041.4,1.4492,0.6818,137.562,9762.98,-6736.61,9,-184.2,1551.4,0.937,0.5556,-20.467,2741.0,-2925.2,False
IFB_0484,emapmo_early,both,PRE_RTH,1.0,0.75,6,True,3,85,8776.95,4465.21,1.3651,0.6588,103.258,32817.17,-24040.22,58,6269.55,4465.21,1.3693,0.6552,108.096,23245.57,-16976.02,27,2507.4,2027.6,1.3549,0.6667,92.866,9571.6,-7064.2,False
IFB_0485,emapmo_early,both,PRE_RTH,1.0,0.75,12,False,1,31,3402.2,2925.6,1.3395,0.6452,109.748,13424.0,-10021.8,22,3286.4,2044.2,1.4631,0.6818,149.382,10383.0,-7096.6,9,115.8,1403.8,1.0396,0.5556,12.867,3041.0,-2925.2,False
IFB_0486,emapmo_early,both,PRE_RTH,1.0,0.75,12,False,3,84,5960.8,5740.2,1.2203,0.631,70.962,33018.59,-27057.79,57,3133.4,5068.8,1.1566,0.614,54.972,23136.99,-20003.59,27,2827.4,2017.6,1.4008,0.6667,104.719,9881.6,-7054.2,False
IFB_0487,emapmo_early,both,PRE_RTH,1.0,0.75,12,True,1,31,3402.2,2925.6,1.3395,0.6452,109.748,13424.0,-10021.8,22,3286.4,2044.2,1.4631,0.6818,149.382,10383.0,-7096.6,9,115.8,1403.8,1.0396,0.5556,12.867,3041.0,-2925.2,False
IFB_0488,emapmo_early,both,PRE_RTH,1.0,0.75,12,True,3,84,5960.8,5740.2,1.2203,0.631,70.962,33018.59,-27057.79,57,3133.4,5068.8,1.1566,0.614,54.972,23136.99,-20003.59,27,2827.4,2017.6,1.4008,0.6667,104.719,9881.6,-7054.2,False
IFB_0489,emapmo_early,both,PRE_RTH,1.0,0.75,24,False,1,31,3402.2,2925.6,1.3395,0.6452,109.748,13424.0,-10021.8,22,3286.4,2044.2,1.4631,0.6818,149.382,10383.0,-7096.6,9,115.8,1403.8,1.0396,0.5556,12.867,3041.0,-2925.2,False
IFB_0490,emapmo_early,both,PRE_RTH,1.0,0.75,24,False,3,84,5750.8,5950.2,1.2078,0.631,68.462,33428.6,-27677.8,57,2923.4,5278.8,1.1418,0.614,51.288,23547.0,-20623.6,27,2827.4,2017.6,1.4008,0.6667,104.719,9881.6,-7054.2,False
IFB_0491,emapmo_early,both,PRE_RTH,1.0,0.75,24,True,1,31,3402.2,2925.6,1.3395,0.6452,109.748,13424.0,-10021.8,22,3286.4,2044.2,1.4631,0.6818,149.382,10383.0,-7096.6,9,115.8,1403.8,1.0396,0.5556,12.867,3041.0,-2925.2,False
IFB_0492,emapmo_early,both,PRE_RTH,1.0,0.75,24,True,3,84,5750.8,5950.2,1.2078,0.631,68.462,33428.6,-27677.8,57,2923.4,5278.8,1.1418,0.614,51.288,23547.0,-20623.6,27,2827.4,2017.6,1.4008,0.6667,104.719,9881.6,-7054.2,False
IFB_0493,emapmo_early,both,PRE_RTH,1.0,1.0,6,False,1,31,6242.16,2562.8,1.6461,0.6452,201.36,15903.97,-9661.81,22,5576.36,1791.4,1.8278,0.6818,253.471,12312.97,-6736.61,9,665.8,1551.4,1.2276,0.5556,73.977,3591.0,-2925.2,False
IFB_0494,emapmo_early,both,PRE_RTH,1.0,1.0,6,False,3,82,13918.36,5857.0,1.559,0.622,169.736,38816.18,-24897.82,55,8970.96,4535.61,1.5412,0.6364,163.108,25546.98,-16576.02,27,4947.4,2480.4,1.5945,0.5926,183.237,13269.2,-8321.8,False
IFB_0495,emapmo_early,both,PRE_RTH,1.0,1.0,6,True,1,31,6242.16,2562.8,1.6461,0.6452,201.36,15903.97,-9661.81,22,5576.36,1791.4,1.8278,0.6818,253.471,12312.97,-6736.61,9,665.8,1551.4,1.2276,0.5556,73.977,3591.0,-2925.2,False
IFB_0496,emapmo_early,both,PRE_RTH,1.0,1.0,6,True,3,82,13918.36,5857.0,1.559,0.622,169.736,38816.18,-24897.82,55,8970.96,4535.61,1.5412,0.6364,163.108,25546.98,-16576.02,27,4947.4,2480.4,1.5945,0.5926,183.237,13269.2,-8321.8,False
IFB_0497,emapmo_early,both,PRE_RTH,1.0,1.0,12,False,1,31,7882.2,2562.8,1.7865,0.6452,254.265,17904.0,-10021.8,22,6756.4,1791.4,1.9521,0.6818,307.109,13853.0,-7096.6,9,1125.8,1403.8,1.3849,0.5556,125.089,4051.0,-2925.2,False
IFB_0498,emapmo_early,both,PRE_RTH,1.0,1.0,12,False,3,81,14012.2,6533.18,1.511,0.6049,172.99,41433.79,-27421.59,54,7664.8,5371.8,1.4013,0.6111,141.941,26764.59,-19099.79,27,6347.4,1591.4,1.7627,0.5926,235.089,14669.2,-8321.8,False
IFB_0499,emapmo_early,both,PRE_RTH,1.0,1.0,12,True,1,31,7882.2,2562.8,1.7865,0.6452,254.265,17904.0,-10021.8,22,6756.4,1791.4,1.9521,0.6818,307.109,13853.0,-7096.6,9,1125.8,1403.8,1.3849,0.5556,125.089,4051.0,-2925.2,False
IFB_0500,emapmo_early,both,PRE_RTH,1.0,1.0,12,True,3,81,14012.2,6533.18,1.511,0.6049,172.99,41433.79,-27421.59,54,7664.8,5371.8,1.4013,0.6111,141.941,26764.59,-19099.79,27,6347.4,1591.4,1.7627,0.5926,235.089,14669.2,-8321.8,False
IFB_0501,emapmo_early,both,PRE_RTH,1.0,1.0,24,False,1,31,7882.2,2562.8,1.7865,0.6452,254.265,17904.0,-10021.8,22,6756.4,1791.4,1.9521,0.6818,307.109,13853.0,-7096.6,9,1125.8,1403.8,1.3849,0.5556,125.089,4051.0,-2925.2,False
IFB_0502,emapmo_early,both,PRE_RTH,1.0,1.0,24,False,3,81,15792.2,5713.2,1.5632,0.6049,194.965,43833.8,-28041.6,54,9444.8,5281.8,1.479,0.6111,174.904,29164.6,-19719.8,27,6347.4,1591.4,1.7627,0.5926,235.089,14669.2,-8321.8,False
IFB_0503,emapmo_early,both,PRE_RTH,1.0,1.0,24,True,1,31,7882.2,2562.8,1.7865,0.6452,254.265,17904.0,-10021.8,22,6756.4,1791.4,1.9521,0.6818,307.109,13853.0,-7096.6,9,1125.8,1403.8,1.3849,0.5556,125.089,4051.0,-2925.2,False
IFB_0504,emapmo_early,both,PRE_RTH,1.0,1.0,24,True,3,81,15792.2,5713.2,1.5632,0.6049,194.965,43833.8,-28041.6,54,9444.8,5281.8,1.479,0.6111,174.904,29164.6,-19719.8,27,6347.4,1591.4,1.7627,0.5926,235.089,14669.2,-8321.8,False
IFB_0505,emapmo_early,both,PRE_RTH,1.5,1.0,6,False,1,31,5982.15,3942.81,1.5363,0.7097,192.972,17136.37,-11154.22,22,6756.35,2581.41,1.9952,0.7727,307.107,13545.37,-6789.02,9,-774.2,2401.4,0.8226,0.5556,-86.023,3591.0,-4365.2,False
IFB_0506,emapmo_early,both,PRE_RTH,1.5,1.0,6,False,3,79,12639.75,7313.23,1.4704,0.6709,159.997,39508.57,-26868.82,52,8562.38,5871.82,1.5077,0.6731,164.661,25426.98,-16864.6,27,4077.37,3027.6,1.4076,0.6667,151.014,14081.59,-10004.22,False
IFB_0507,emapmo_early,both,PRE_RTH,1.5,1.0,6,True,1,31,5982.15,3942.81,1.5363,0.7097,192.972,17136.37,-11154.22,22,6756.35,2581.41,1.9952,0.7727,307.107,13545.37,-6789.02,9,-774.2,2401.4,0.8226,0.5556,-86.023,3591.0,-4365.2,False
IFB_0508,emapmo_early,both,PRE_RTH,1.5,1.0,6,True,3,79,12639.75,7313.23,1.4704,0.6709,159.997,39508.57,-26868.82,52,8562.38,5871.82,1.5077,0.6731,164.661,25426.98,-16864.6,27,4077.37,3027.6,1.4076,0.6667,151.014,14081.59,-10004.22,False
IFB_0509,emapmo_early,both,PRE_RTH,1.5,1.0,12,False,1,31,8242.21,4552.8,1.7075,0.7419,265.878,19892.6,-11650.39,22,8556.41,3191.4,2.1745,0.8182,388.928,15841.6,-7285.19,9,-314.2,2093.8,0.928,0.5556,-34.911,4051.0,-4365.2,False
IFB_0510,emapmo_early,both,PRE_RTH,1.5,1.0,12,False,3,77,13907.39,8237.0,1.4692,0.6883,180.615,43548.58,-29641.19,51,10006.21,7318.0,1.533,0.7255,196.2,28779.38,-18773.17,26,3901.18,2540.4,1.359,0.6154,150.045,14769.2,-10868.02,False
IFB_0511,emapmo_early,both,PRE_RTH,1.5,1.0,12,True,1,31,8242.21,4552.8,1.7075,0.7419,265.878,19892.6,-11650.39,22,8556.41,3191.4,2.1745,0.8182,388.928,15841.6,-7285.19,9,-314.2,2093.8,0.928,0.5556,-34.911,4051.0,-4365.2,False
IFB_0512,emapmo_early,both,PRE_RTH,1.5,1.0,12,True,3,77,13907.39,8237.0,1.4692,0.6883,180.615,43548.58,-29641.19,51,10006.21,7318.0,1.533,0.7255,196.2,28779.38,-18773.17,26,3901.18,2540.4,1.359,0.6154,150.045,14769.2,-10868.02,False
IFB_0513,emapmo_early,both,PRE_RTH,1.5,1.0,24,False,1,31,9062.18,4552.8,1.8367,0.7419,292.328,19892.6,-10830.42,22,9376.38,3191.4,2.4503,0.8182,426.199,15841.6,-6465.22,9,-314.2,2093.8,0.928,0.5556,-34.911,4051.0,-4365.2,False
IFB_0514,emapmo_early,both,PRE_RTH,1.5,1.0,24,False,3,75,15564.98,7875.6,1.5067,0.6933,207.533,46282.4,-30717.42,49,10893.78,7858.0,1.5479,0.7143,222.322,30777.0,-19883.22,26,4671.2,2540.4,1.4312,0.6538,179.662,15505.4,-10834.2,False
IFB_0515,emapmo_early,both,PRE_RTH,1.5,1.0,24,True,1,31,9062.18,4552.8,1.8367,0.7419,292.328,19892.6,-10830.42,22,9376.38,3191.4,2.4503,0.8182,426.199,15841.6,-6465.22,9,-314.2,2093.8,0.928,0.5556,-34.911,4051.0,-4365.2,False
IFB_0516,emapmo_early,both,PRE_RTH,1.5,1.0,24,True,3,75,15564.98,7875.6,1.5067,0.6933,207.533,46282.4,-30717.42,49,10893.78,7858.0,1.5479,0.7143,222.322,30777.0,-19883.22,26,4671.2,2540.4,1.4312,0.6538,179.662,15505.4,-10834.2,False
IFB_0517,emapmo_early,both,PRE_RTH,1.5,1.5,6,False,1,31,1852.13,7015.61,1.1318,0.6129,59.746,15907.75,-14055.62,22,1986.33,5864.21,1.205,0.6364,90.288,11676.75,-9690.42,9,-134.2,2401.4,0.9693,0.5556,-14.912,4231.0,-4365.2,False
IFB_0518,emapmo_early,both,PRE_RTH,1.5,1.5,6,False,3,75,10484.93,9463.23,1.3946,0.5867,139.799,37052.76,-26567.83,48,2847.54,8021.82,1.1585,0.5833,59.324,20813.57,-17966.03,27,7637.39,3007.6,1.8879,0.5926,282.866,16239.19,-8601.8,False
IFB_0519,emapmo_early,both,PRE_RTH,1.5,1.5,6,True,1,31,1852.13,7015.61,1.1318,0.6129,59.746,15907.75,-14055.62,22,1986.33,5864.21,1.205,0.6364,90.288,11676.75,-9690.42,9,-134.2,2401.4,0.9693,0.5556,-14.912,4231.0,-4365.2,False
IFB_0520,emapmo_early,both,PRE_RTH,1.5,1.5,6,True,3,75,10484.93,9463.23,1.3946,0.5867,139.799,37052.76,-26567.83,48,2847.54,8021.82,1.1585,0.5833,59.324,20813.57,-17966.03,27,7637.39,3007.6,1.8879,0.5926,282.866,16239.19,-8601.8,False
IFB_0521,emapmo_early,both,PRE_RTH,1.5,1.5,12,False,1,31,262.17,8462.2,1.0142,0.5806,8.457,18681.56,-18419.39,22,1796.37,6928.0,1.1446,0.6364,81.653,14216.76,-12420.39,9,-1534.2,2579.0,0.7443,0.4444,-170.467,4464.8,-5999.0,False
IFB_0522,emapmo_early,both,PRE_RTH,1.5,1.5,12,False,3,69,10147.77,10737.42,1.3153,0.5942,147.069,42334.17,-32186.4,44,4082.78,9956.02,1.192,0.6136,92.79,25347.35,-21264.57,25,6064.99,2907.6,1.5553,0.56,242.6,16986.82,-10921.83,False
IFB_0523,emapmo_early,both,PRE_RTH,1.5,1.5,12,True,1,31,262.17,8462.2,1.0142,0.5806,8.457,18681.56,-18419.39,22,1796.37,6928.0,1.1446,0.6364,81.653,14216.76,-12420.39,9,-1534.2,2579.0,0.7443,0.4444,-170.467,4464.8,-5999.0,False
IFB_0524,emapmo_early,both,PRE_RTH,1.5,1.5,12,True,3,69,10147.77,10737.42,1.3153,0.5942,147.069,42334.17,-32186.4,44,4082.78,9956.02,1.192,0.6136,92.79,25347.35,-21264.57,25,6064.99,2907.6,1.5553,0.56,242.6,16986.82,-10921.83,False
IFB_0525,emapmo_early,both,PRE_RTH,1.5,1.5,24,False,1,31,2872.19,8243.2,1.1689,0.5484,92.651,19875.41,-17003.22,22,4406.39,6709.0,1.4004,0.5909,200.29,15410.61,-11004.22,9,-1534.2,2579.0,0.7443,0.4444,-170.467,4464.8,-5999.0,False
IFB_0526,emapmo_early,both,PRE_RTH,1.5,1.5,24,False,3,67,14435.37,12105.6,1.4323,0.5672,215.453,47825.6,-33390.23,42,4180.39,11121.8,1.1801,0.5476,99.533,27392.61,-23212.22,25,10254.98,3669.01,2.0076,0.6,410.199,20432.99,-10178.01,False
IFB_0527,emapmo_early,both,PRE_RTH,1.5,1.5,24,True,1,31,2872.19,8243.2,1.1689,0.5484,92.651,19875.41,-17003.22,22,4406.39,6709.0,1.4004,0.5909,200.29,15410.61,-11004.22,9,-1534.2,2579.0,0.7443,0.4444,-170.467,4464.8,-5999.0,False
IFB_0528,emapmo_early,both,PRE_RTH,1.5,1.5,24,True,3,67,14435.37,12105.6,1.4323,0.5672,215.453,47825.6,-33390.23,42,4180.39,11121.8,1.1801,0.5476,99.533,27392.61,-23212.22,25,10254.98,3669.01,2.0076,0.6,410.199,20432.99,-10178.01,False
IFB_0529,emapmo_early,both,RTH,1.0,0.75,6,False,1,29,4059.79,3742.79,1.4357,0.6552,139.993,13377.79,-9318.0,20,1503.99,2661.39,1.214,0.65,75.2,8530.59,-7026.6,9,2555.8,1081.4,2.1154,0.6667,283.978,4847.2,-2291.4,False
IFB_0530,emapmo_early,both,RTH,1.0,0.75,6,False,3,76,3611.16,7845.42,1.1402,0.6053,47.515,29365.17,-25754.01,50,639.96,6591.22,1.0368,0.6,12.799,18045.97,-17406.01,26,2971.2,2612.8,1.3559,0.6154,114.277,11319.2,-8348.0,False
IFB_0531,emapmo_early,both,RTH,1.0,0.75,6,True,1,29,4059.79,3742.79,1.4357,0.6552,139.993,13377.79,-9318.0,20,1503.99,2661.39,1.214,0.65,75.2,8530.59,-7026.6,9,2555.8,1081.4,2.1154,0.6667,283.978,4847.2,-2291.4,False
IFB_0532,emapmo_early,both,RTH,1.0,0.75,6,True,3,76,3611.16,7845.42,1.1402,0.6053,47.515,29365.17,-25754.01,50,639.96,6591.22,1.0368,0.6,12.799,18045.97,-17406.01,26,2971.2,2612.8,1.3559,0.6154,114.277,11319.2,-8348.0,False
IFB_0533,emapmo_early,both,RTH,1.0,0.75,12,False,1,29,3879.81,4542.79,1.3887,0.6207,133.787,13861.6,-9981.79,20,1324.01,3461.39,1.1722,0.6,66.2,9014.4,-7690.39,9,2555.8,1081.4,2.1154,0.6667,283.978,4847.2,-2291.4,False
IFB_0534,emapmo_early,both,RTH,1.0,0.75,12,False,3,75,835.0,9033.0,1.0294,0.5733,11.133,29256.59,-28421.59,49,-2136.2,7778.8,0.8936,0.551,-43.596,17937.39,-20073.59,26,2971.2,2612.8,1.3559,0.6154,114.277,11319.2,-8348.0,False
IFB_0535,emapmo_early,both,RTH,1.0,0.75,12,True,1,29,3879.81,4542.79,1.3887,0.6207,133.787,13861.6,-9981.79,20,1324.01,3461.39,1.1722,0.6,66.2,9014.4,-7690.39,9,2555.8,1081.4,2.1154,0.6667,283.978,4847.2,-2291.4,False
IFB_0536,emapmo_early,both,RTH,1.0,0.75,12,True,3,75,835.0,9033.0,1.0294,0.5733,11.133,29256.59,-28421.59,49,-2136.2,7778.8,0.8936,0.551,-43.596,17937.39,-20073.59,26,2971.2,2612.8,1.3559,0.6154,114.277,11319.2,-8348.0,False
IFB_0537,emapmo_early,both,RTH,1.0,0.75,24,False,1,29,3259.8,5162.8,1.3075,0.6207,112.407,13861.6,-10601.8,20,704.0,4081.4,1.0847,0.6,35.2,9014.4,-8310.4,9,2555.8,1081.4,2.1154,0.6667,283.978,4847.2,-2291.4,False
IFB_0538,emapmo_early,both,RTH,1.0,0.75,24,False,3,75,625.0,9243.0,1.0215,0.5733,8.333,29666.6,-29041.6,49,-2346.2,7988.8,0.8866,0.551,-47.882,18347.4,-20693.6,26,2971.2,2612.8,1.3559,0.6154,114.277,11319.2,-8348.0,False
IFB_0539,emapmo_early,both,RTH,1.0,0.75,24,True,1,29,3259.8,5162.8,1.3075,0.6207,112.407,13861.6,-10601.8,20,704.0,4081.4,1.0847,0.6,35.2,9014.4,-8310.4,9,2555.8,1081.4,2.1154,0.6667,283.978,4847.2,-2291.4,False
IFB_0540,emapmo_early,both,RTH,1.0,0.75,24,True,3,75,625.0,9243.0,1.0215,0.5733,8.333,29666.6,-29041.6,49,-2346.2,7988.8,0.8866,0.551,-47.882,18347.4,-20693.6,26,2971.2,2612.8,1.3559,0.6154,114.277,11319.2,-8348.0,False
IFB_0541,emapmo_early,both,RTH,1.0,1.0,6,False,1,29,6929.76,3632.79,1.7437,0.6552,238.957,16247.76,-9318.0,20,3603.98,2661.39,1.5129,0.65,180.199,10630.58,-7026.6,9,3325.78,971.4,2.4514,0.6667,369.531,5617.18,-2291.4,False
IFB_0542,emapmo_early,both,RTH,1.0,1.0,6,False,3,72,10636.34,5797.0,1.4529,0.6111,147.727,34122.75,-23486.41,47,5211.37,4475.61,1.3442,0.617,110.88,20349.78,-15138.41,25,5424.97,2581.4,1.6499,0.6,216.999,13772.97,-8348.0,False
IFB_0543,emapmo_early,both,RTH,1.0,1.0,6,True,1,29,6929.76,3632.79,1.7437,0.6552,238.957,16247.76,-9318.0,20,3603.98,2661.39,1.5129,0.65,180.199,10630.58,-7026.6,9,3325.78,971.4,2.4514,0.6667,369.531,5617.18,-2291.4,False
IFB_0544,emapmo_early,both,RTH,1.0,1.0,6,True,3,72,10636.34,5797.0,1.4529,0.6111,147.727,34122.75,-23486.41,47,5211.37,4475.61,1.3442,0.617,110.88,20349.78,-15138.41,25,5424.97,2581.4,1.6499,0.6,216.999,13772.97,-8348.0,False
IFB_0545,emapmo_early,both,RTH,1.0,1.0,12,False,1,29,8509.81,4432.79,1.8525,0.6207,293.442,18491.6,-9981.79,20,4344.01,3461.39,1.5649,0.6,217.2,12034.4,-7690.39,9,4165.8,971.4,2.818,0.6667,462.867,6457.2,-2291.4,False
IFB_0546,emapmo_early,both,RTH,1.0,1.0,12,False,3,71,11020.19,6473.18,1.4296,0.5915,155.214,36670.38,-25650.19,46,4115.2,5311.8,1.2378,0.587,89.461,21417.39,-17302.19,25,6904.99,2581.4,1.8271,0.6,276.2,15252.99,-8348.0,False
IFB_0547,emapmo_early,both,RTH,1.0,1.0,12,True,1,29,8509.81,4432.79,1.8525,0.6207,293.442,18491.6,-9981.79,20,4344.01,3461.39,1.5649,0.6,217.2,12034.4,-7690.39,9,4165.8,971.4,2.818,0.6667,462.867,6457.2,-2291.4,False
IFB_0548,emapmo_early,both,RTH,1.0,1.0,12,True,3,71,11020.19,6473.18,1.4296,0.5915,155.214,36670.38,-25650.19,46,4115.2,5311.8,1.2378,0.587,89.461,21417.39,-17302.19,25,6904.99,2581.4,1.8271,0.6,276.2,15252.99,-8348.0,False
IFB_0549,emapmo_early,both,RTH,1.0,1.0,24,False,1,29,7889.8,5052.8,1.7442,0.6207,272.062,18491.6,-10601.8,20,3724.0,4081.4,1.4481,0.6,186.2,12034.4,-8310.4,9,4165.8,971.4,2.818,0.6667,462.867,6457.2,-2291.4,False
IFB_0550,emapmo_early,both,RTH,1.0,1.0,24,False,3,70,12484.0,5653.2,1.4752,0.5857,178.343,38754.2,-26270.2,45,5399.0,5221.8,1.3012,0.5778,119.978,23321.2,-17922.2,25,7085.0,2581.4,1.8487,0.6,283.4,15433.0,-8348.0,False
IFB_0551,emapmo_early,both,RTH,1.0,1.0,24,True,1,29,7889.8,5052.8,1.7442,0.6207,272.062,18491.6,-10601.8,20,3724.0,4081.4,1.4481,0.6,186.2,12034.4,-8310.4,9,4165.8,971.4,2.818,0.6667,462.867,6457.2,-2291.4,False
IFB_0552,emapmo_early,both,RTH,1.0,1.0,24,True,3,70,12484.0,5653.2,1.4752,0.5857,178.343,38754.2,-26270.2,45,5399.0,5221.8,1.3012,0.5778,119.978,23321.2,-17922.2,25,7085.0,2581.4,1.8487,0.6,283.4,15433.0,-8348.0,False
IFB_0553,emapmo_early,both,RTH,1.5,1.0,6,False,1,29,6349.75,5122.8,1.6053,0.7241,218.957,16840.16,-10490.41,20,2813.97,3451.4,1.3349,0.7,140.699,11216.78,-8402.81,9,3535.78,1671.4,2.6937,0.7778,392.864,5623.38,-2087.6,False
IFB_0554,emapmo_early,both,RTH,1.5,1.0,6,False,3,70,10003.93,7103.23,1.4129,0.6571,142.913,34235.15,-24231.22,45,4018.97,5661.82,1.247,0.6444,89.31,20289.78,-16270.81,25,5984.96,2662.8,1.7518,0.68,239.398,13945.37,-7960.41,False
IFB_0555,emapmo_early,both,RTH,1.5,1.0,6,True,1,29,6349.75,5122.8,1.6053,0.7241,218.957,16840.16,-10490.41,20,2813.97,3451.4,1.3349,0.7,140.699,11216.78,-8402.81,9,3535.78,1671.4,2.6937,0.7778,392.864,5623.38,-2087.6,False
IFB_0556,emapmo_early,both,RTH,1.5,1.0,6,True,3,70,10003.93,7103.23,1.4129,0.6571,142.913,34235.15,-24231.22,45,4018.97,5661.82,1.247,0.6444,89.31,20289.78,-16270.81,25,5984.96,2662.8,1.7518,0.68,239.398,13945.37,-7960.41,False
IFB_0557,emapmo_early,both,RTH,1.5,1.0,12,False,1,29,5659.82,6532.79,1.4218,0.6552,195.166,19077.8,-13417.98,20,2654.02,4861.39,1.2663,0.65,132.701,12620.6,-9966.58,9,3005.8,1671.4,1.8709,0.6667,333.978,6457.2,-3451.4,False
IFB_0558,emapmo_early,both,RTH,1.5,1.0,12,False,3,68,9271.59,8738.82,1.3325,0.6471,136.347,37152.77,-27881.18,44,2842.81,7819.82,1.148,0.6591,64.609,22049.78,-19206.97,24,6428.78,2979.0,1.7411,0.625,267.866,15102.99,-8674.21,False
IFB_0559,emapmo_early,both,RTH,1.5,1.0,12,True,1,29,5659.82,6532.79,1.4218,0.6552,195.166,19077.8,-13417.98,20,2654.02,4861.39,1.2663,0.65,132.701,12620.6,-9966.58,9,3005.8,1671.4,1.8709,0.6667,333.978,6457.2,-3451.4,False
IFB_0560,emapmo_early,both,RTH,1.5,1.0,12,True,3,68,9271.59,8738.82,1.3325,0.6471,136.347,37152.77,-27881.18,44,2842.81,7819.82,1.148,0.6591,64.609,22049.78,-19206.97,24,6428.78,2979.0,1.7411,0.625,267.866,15102.99,-8674.21,False
IFB_0561,emapmo_early,both,RTH,1.5,1.0,24,False,1,29,5229.78,7782.8,1.3777,0.6552,180.337,19077.8,-13848.02,20,2223.98,6111.4,1.2139,0.65,111.199,12620.6,-10396.62,9,3005.8,1671.4,1.8709,0.6667,333.978,6457.2,-3451.4,False
IFB_0562,emapmo_early,both,RTH,1.5,1.0,24,False,3,65,11842.98,8135.0,1.4116,0.6615,182.2,40616.6,-28773.62,41,3234.18,8117.4,1.1592,0.6341,78.882,23551.2,-20317.02,24,8608.8,2979.0,2.018,0.7083,358.7,17065.4,-8456.6,False
IFB_0563,emapmo_early,both,RTH,1.5,1.0,24,True,1,29,5229.78,7782.8,1.3777,0.6552,180.337,19077.8,-13848.02,20,2223.98,6111.4,1.2139,0.65,111.199,12620.6,-10396.62,9,3005.8,1671.4,1.8709,0.6667,333.978,6457.2,-3451.4,False
IFB_0564,emapmo_early,both,RTH,1.5,1.0,24,True,3,65,11842.98,8135.0,1.4116,0.6615,182.2,40616.6,-28773.62,41,3234.18,8117.4,1.1592,0.6341,78.882,23551.2,-20317.02,24,8608.8,2979.0,2.018,0.7083,358.7,17065.4,-8456.6,False
IFB_0565,emapmo_early,both,RTH,1.5,1.5,6,False,1,29,7449.76,5404.2,1.6882,0.6897,256.888,18273.97,-10824.21,20,2493.98,3942.8,1.2855,0.65,124.699,11230.59,-8736.61,9,4955.78,1461.4,3.3739,0.7778,550.642,7043.38,-2087.6,False
IFB_0566,emapmo_early,both,RTH,1.5,1.5,6,False,3,67,9155.27,7767.44,1.4264,0.597,136.646,30627.91,-21472.64,43,626.54,6326.03,1.0395,0.5814,14.571,16484.96,-15858.42,24,8528.73,1517.62,2.5191,0.625,355.364,14142.95,-5614.22,False
IFB_0567,emapmo_early,both,RTH,1.5,1.5,6,True,1,29,7449.76,5404.2,1.6882,0.6897,256.888,18273.97,-10824.21,20,2493.98,3942.8,1.2855,0.65,124.699,11230.59,-8736.61,9,4955.78,1461.4,3.3739,0.7778,550.642,7043.38,-2087.6,False
IFB_0568,emapmo_early,both,RTH,1.5,1.5,6,True,3,67,9155.27,7767.44,1.4264,0.597,136.646,30627.91,-21472.64,43,626.54,6326.03,1.0395,0.5814,14.571,16484.96,-15858.42,24,8528.73,1517.62,2.5191,0.625,355.364,14142.95,-5614.22,False
IFB_0569,emapmo_early,both,RTH,1.5,1.5,12,False,1,29,2179.81,9070.79,1.1237,0.5517,75.166,19799.19,-17619.38,20,483.99,6807.99,1.0386,0.55,24.2,13018.17,-12534.18,9,1695.82,2997.6,1.3335,0.5556,188.424,6781.02,-5085.2,False
IFB_0570,emapmo_early,both,RTH,1.5,1.5,12,False,3,61,8518.14,10601.22,1.2984,0.5738,139.642,37066.96,-28548.82,40,977.99,9819.82,1.048,0.575,24.45,21362.56,-20384.57,21,7540.15,3575.19,1.9236,0.5714,359.055,15704.4,-8164.25,False
IFB_0571,emapmo_early,both,RTH,1.5,1.5,12,True,1,29,2179.81,9070.79,1.1237,0.5517,75.166,19799.19,-17619.38,20,483.99,6807.99,1.0386,0.55,24.2,13018.17,-12534.18,9,1695.82,2997.6,1.3335,0.5556,188.424,6781.02,-5085.2,False
IFB_0572,emapmo_early,both,RTH,1.5,1.5,12,True,3,61,8518.14,10601.22,1.2984,0.5738,139.642,37066.96,-28548.82,40,977.99,9819.82,1.048,0.575,24.45,21362.56,-20384.57,21,7540.15,3575.19,1.9236,0.5714,359.055,15704.4,-8164.25,False
IFB_0573,emapmo_early,both,RTH,1.5,1.5,24,False,1,29,3549.78,10235.6,1.2034,0.5172,122.406,21003.0,-17453.22,20,733.99,7972.8,1.0593,0.5,36.7,13102.01,-12368.02,9,2815.79,2997.6,1.5537,0.5556,312.866,7900.99,-5085.2,False
IFB_0574,emapmo_early,both,RTH,1.5,1.5,24,False,3,56,8997.17,12981.2,1.2996,0.5179,160.664,39029.8,-30032.63,37,-770.61,11997.4,0.9655,0.4865,-20.827,21561.61,-22332.22,19,9767.78,4345.21,2.2685,0.5789,514.094,17468.19,-7700.41,False
IFB_0575,emapmo_early,both,RTH,1.5,1.5,24,True,1,29,3549.78,10235.6,1.2034,0.5172,122.406,21003.0,-17453.22,20,733.99,7972.8,1.0593,0.5,36.7,13102.01,-12368.02,9,2815.79,2997.6,1.5537,0.5556,312.866,7900.99,-5085.2,False
IFB_0576,emapmo_early,both,RTH,1.5,1.5,24,True,3,56,8997.17,12981.2,1.2996,0.5179,160.664,39029.8,-30032.63,37,-770.61,11997.4,0.9655,0.4865,-20.827,21561.61,-22332.22,19,9767.78,4345.21,2.2685,0.5789,514.094,17468.19,-7700.41,False
IFB_0577,emapmo_early,long,ALL,1.0,0.75,6,False,1,21,3650.2,1727.6,1.6077,0.6667,173.819,9656.8,-6006.6,13,2420.6,1361.4,1.6395,0.6923,186.2,6205.8,-3785.2,8,1229.6,1727.6,1.5535,0.625,153.7,3451.0,-2221.4,False
IFB_0578,emapmo_early,long,ALL,1.0,0.75,6,False,3,58,1579.61,5898.02,1.0899,0.569,27.235,19144.58,-17564.97,35,-1613.01,5898.02,0.8739,0.5429,-46.086,11177.78,-12790.79,23,3192.62,2466.6,1.6687,0.6087,138.81,7966.8,-4774.18,False
IFB_0579,emapmo_early,long,ALL,1.0,0.75,6,True,1,21,3650.2,1727.6,1.6077,0.6667,173.819,9656.8,-6006.6,13,2420.6,1361.4,1.6395,0.6923,186.2,6205.8,-3785.2,8,1229.6,1727.6,1.5535,0.625,153.7,3451.0,-2221.4,False
IFB_0580,emapmo_early,long,ALL,1.0,0.75,6,True,3,58,1579.61,5898.02,1.0899,0.569,27.235,19144.58,-17564.97,35,-1613.01,5898.02,0.8739,0.5429,-46.086,11177.78,-12790.79,23,3192.62,2466.6,1.6687,0.6087,138.81,7966.8,-4774.18,False
IFB_0581,emapmo_early,long,ALL,1.0,0.75,12,False,1,21,3650.2,1727.6,1.6077,0.6667,173.819,9656.8,-6006.6,13,2420.6,1361.4,1.6395,0.6923,186.2,6205.8,-3785.2,8,1229.6,1727.6,1.5535,0.625,153.7,3451.0,-2221.4,False
IFB_0582,emapmo_early,long,ALL,1.0,0.75,12,False,3,57,3543.39,5934.21,1.199,0.614,62.165,21346.99,-17803.6,34,-1419.21,5934.21,0.8934,0.5588,-41.741,11897.79,-13317.0,23,4962.6,2466.6,2.1061,0.6957,215.765,9449.2,-4486.6,True
IFB_0583,emapmo_early,long,ALL,1.0,0.75,12,True,1,21,3650.2,1727.6,1.6077,0.6667,173.819,9656.8,-6006.6,13,2420.6,1361.4,1.6395,0.6923,186.2,6205.8,-3785.2,8,1229.6,1727.6,1.5535,0.625,153.7,3451.0,-2221.4,False
IFB_0584,emapmo_early,long,ALL,1.0,0.75,12,True,3,57,3543.39,5934.21,1.199,0.614,62.165,21346.99,-17803.6,34,-1419.21,5934.21,0.8934,0.5588,-41.741,11897.79,-13317.0,23,4962.6,2466.6,2.1061,0.6957,215.765,9449.2,-4486.6,True
IFB_0585,emapmo_early,long,ALL,1.0,0.75,24,False,1,21,3650.2,1727.6,1.6077,0.6667,173.819,9656.8,-6006.6,13,2420.6,1361.4,1.6395,0.6923,186.2,6205.8,-3785.2,8,1229.6,1727.6,1.5535,0.625,153.7,3451.0,-2221.4,False
IFB_0586,emapmo_early,long,ALL,1.0,0.75,24,False,3,57,3953.4,5524.2,1.2221,0.614,69.358,21757.0,-17803.6,34,-1009.2,5524.2,0.9242,0.5588,-29.682,12307.8,-13317.0,23,4962.6,2466.6,2.1061,0.6957,215.765,9449.2,-4486.6,True
IFB_0587,emapmo_early,long,ALL,1.0,0.75,24,True,1,21,3650.2,1727.6,1.6077,0.6667,173.819,9656.8,-6006.6,13,2420.6,1361.4,1.6395,0.6923,186.2,6205.8,-3785.2,8,1229.6,1727.6,1.5535,0.625,153.7,3451.0,-2221.4,False
IFB_0588,emapmo_early,long,ALL,1.0,0.75,24,True,3,57,3953.4,5524.2,1.2221,0.614,69.358,21757.0,-17803.6,34,-1009.2,5524.2,0.9242,0.5588,-29.682,12307.8,-13317.0,23,4962.6,2466.6,2.1061,0.6957,215.765,9449.2,-4486.6,True
IFB_0589,emapmo_early,long,ALL,1.0,1.0,6,False,1,21,4680.19,2711.4,1.6903,0.619,222.866,11460.59,-6780.4,13,2290.59,2711.4,1.5024,0.6154,176.199,6849.59,-4559.0,8,2389.6,1727.6,2.0757,0.625,298.7,4611.0,-2221.4,False
IFB_0590,emapmo_early,long,ALL,1.0,1.0,6,False,3,53,-2711.41,7724.01,0.8633,0.4528,-51.159,17118.77,-19830.19,32,-3011.62,7608.02,0.77,0.4688,-94.113,10082.97,-13094.59,21,300.2,3428.0,1.0446,0.4286,14.295,7035.8,-6735.6,False
IFB_0591,emapmo_early,long,ALL,1.0,1.0,6,True,1,21,4680.19,2711.4,1.6903,0.619,222.866,11460.59,-6780.4,13,2290.59,2711.4,1.5024,0.6154,176.199,6849.59,-4559.0,8,2389.6,1727.6,2.0757,0.625,298.7,4611.0,-2221.4,False
IFB_0592,emapmo_early,long,ALL,1.0,1.0,6,True,3,53,-2711.41,7724.01,0.8633,0.4528,-51.159,17118.77,-19830.19,32,-3011.62,7608.02,0.77,0.4688,-94.113,10082.97,-13094.59,21,300.2,3428.0,1.0446,0.4286,14.295,7035.8,-6735.6,False
IFB_0593,emapmo_early,long,ALL,1.0,1.0,12,False,1,21,5330.2,2711.4,1.7861,0.619,253.819,12110.6,-6780.4,13,2940.6,2711.4,1.645,0.6154,226.2,7499.6,-4559.0,8,2389.6,1727.6,2.0757,0.625,298.7,4611.0,-2221.4,False
IFB_0594,emapmo_early,long,ALL,1.0,1.0,12,False,3,51,3926.21,7644.21,1.2253,0.5686,76.985,21349.81,-17423.6,31,932.2,7644.21,1.0744,0.5484,30.071,13465.4,-12533.2,20,2994.01,2126.6,1.6122,0.6,149.7,7884.41,-4890.4,False
IFB_0595,emapmo_early,long,ALL,1.0,1.0,12,True,1,21,5330.2,2711.4,1.7861,0.619,253.819,12110.6,-6780.4,13,2940.6,2711.4,1.645,0.6154,226.2,7499.6,-4559.0,8,2389.6,1727.6,2.0757,0.625,298.7,4611.0,-2221.4,False
IFB_0596,emapmo_early,long,ALL,1.0,1.0,12,True,3,51,3926.21,7644.21,1.2253,0.5686,76.985,21349.81,-17423.6,31,932.2,7644.21,1.0744,0.5484,30.071,13465.4,-12533.2,20,2994.01,2126.6,1.6122,0.6,149.7,7884.41,-4890.4,False
IFB_0597,emapmo_early,long,ALL,1.0,1.0,24,False,1,21,5330.2,2711.4,1.7861,0.619,253.819,12110.6,-6780.4,13,2940.6,2711.4,1.645,0.6154,226.2,7499.6,-4559.0,8,2389.6,1727.6,2.0757,0.625,298.7,4611.0,-2221.4,False
IFB_0598,emapmo_early,long,ALL,1.0,1.0,24,False,3,50,6289.98,6934.2,1.361,0.56,125.8,23713.58,-17423.6,31,2012.18,6934.2,1.1605,0.5484,64.909,14545.38,-12533.2,19,4277.8,2126.6,1.8747,0.5789,225.147,9168.2,-4890.4,False
IFB_0599,emapmo_early,long,ALL,1.0,1.0,24,True,1,21,5330.2,2711.4,1.7861,0.619,253.819,12110.6,-6780.4,13,2940.6,2711.4,1.645,0.6154,226.2,7499.6,-4559.0,8,2389.6,1727.6,2.0757,0.625,298.7,4611.0,-2221.4,False
IFB_0600,emapmo_early,long,ALL,1.0,1.0,24,True,3,50,6289.98,6934.2,1.361,0.56,125.8,23713.58,-17423.6,31,2012.18,6934.2,1.1605,0.5484,64.909,14545.38,-12533.2,19,4277.8,2126.6,1.8747,0.5789,225.147,9168.2,-4890.4,False
IFB_0601,emapmo_early,long,ALL,1.5,1.0,6,False,1,21,5240.21,4061.4,1.8349,0.6667,249.534,11516.79,-6276.58,13,1820.59,4061.4,1.362,0.6154,140.045,6849.59,-5029.0,8,3419.62,673.79,3.741,0.75,427.452,4667.2,-1247.58,False
IFB_0602,emapmo_early,long,ALL,1.5,1.0,6,False,3,52,-4247.62,11922.6,0.821,0.5192,-81.685,19487.38,-23735.0,32,-5521.64,11638.02,0.6727,0.5,-172.551,11349.18,-16870.82,20,1274.02,3126.58,1.1856,0.55,63.701,8138.2,-6864.18,False
IFB_0603,emapmo_early,long,ALL,1.5,1.0,6,True,1,21,5240.21,4061.4,1.8349,0.6667,249.534,11516.79,-6276.58,13,1820.59,4061.4,1.362,0.6154,140.045,6849.59,-5029.0,8,3419.62,673.79,3.741,0.75,427.452,4667.2,-1247.58,False
IFB_0604,emapmo_early,long,ALL,1.5,1.0,6,True,3,52,-4247.62,11922.6,0.821,0.5192,-81.685,19487.38,-23735.0,32,-5521.64,11638.02,0.6727,0.5,-172.551,11349.18,-16870.82,20,1274.02,3126.58,1.1856,0.55,63.701,8138.2,-6864.18,False
IFB_0605,emapmo_early,long,ALL,1.5,1.0,12,False,1,21,5210.18,4061.4,1.7551,0.619,248.104,12110.6,-6900.42,13,2170.59,4061.4,1.4073,0.6154,166.968,7499.6,-5329.01,8,3039.59,837.61,2.9343,0.625,379.949,4611.0,-1571.41,False
IFB_0606,emapmo_early,long,ALL,1.5,1.0,12,False,3,49,-3786.25,11674.21,0.8401,0.5306,-77.27,19891.19,-23677.44,31,-4907.84,11674.21,0.72,0.5161,-158.317,12619.19,-17527.03,18,1121.59,3129.0,1.1824,0.5556,62.311,7272.0,-6150.41,False
IFB_0607,emapmo_early,long,ALL,1.5,1.0,12,True,1,21,5210.18,4061.4,1.7551,0.619,248.104,12110.6,-6900.42,13,2170.59,4061.4,1.4073,0.6154,166.968,7499.6,-5329.01,8,3039.59,837.61,2.9343,0.625,379.949,4611.0,-1571.41,False
IFB_0608,emapmo_early,long,ALL,1.5,1.0,12,True,3,49,-3786.25,11674.21,0.8401,0.5306,-77.27,19891.19,-23677.44,31,-4907.84,11674.21,0.72,0.5161,-158.317,12619.19,-17527.03,18,1121.59,3129.0,1.1824,0.5556,62.311,7272.0,-6150.41,False
IFB_0609,emapmo_early,long,ALL,1.5,1.0,24,False,1,21,4840.21,4061.4,1.6657,0.619,230.486,12110.6,-7270.39,13,1780.6,4061.4,1.3113,0.6154,136.969,7499.6,-5719.0,8,3059.61,817.59,2.9722,0.625,382.451,4611.0,-1551.39,False
IFB_0610,emapmo_early,long,ALL,1.5,1.0,24,False,3,47,-218.59,10964.2,0.9904,0.5532,-4.651,22611.2,-22829.79,30,-1884.0,10964.2,0.8872,0.5667,-62.8,14815.4,-16699.4,17,1665.41,3430.39,1.2717,0.5294,97.965,7795.8,-6130.39,False
IFB_0611,emapmo_early,long,ALL,1.5,1.0,24,True,1,21,4840.21,4061.4,1.6657,0.619,230.486,12110.6,-7270.39,13,1780.6,4061.4,1.3113,0.6154,136.969,7499.6,-5719.0,8,3059.61,817.59,2.9722,0.625,382.451,4611.0,-1551.39,False
IFB_0612,emapmo_early,long,ALL,1.5,1.0,24,True,3,47,-218.59,10964.2,0.9904,0.5532,-4.651,22611.2,-22829.79,30,-1884.0,10964.2,0.8872,0.5667,-62.8,14815.4,-16699.4,17,1665.41,3430.39,1.2717,0.5294,97.965,7795.8,-6130.39,False
IFB_0613,emapmo_early,long,ALL,1.5,1.5,6,False,1,21,2120.19,4395.2,1.2756,0.4762,100.961,9811.99,-7691.8,13,-2619.44,4395.2,0.5849,0.3846,-201.495,3690.98,-6310.42,8,4739.63,673.79,4.4311,0.625,592.454,6121.01,-1381.38,False
IFB_0614,emapmo_early,long,ALL,1.5,1.5,6,False,3,49,-4076.22,11501.82,0.822,0.4694,-83.188,18822.6,-22898.82,30,-8374.04,11501.82,0.4981,0.4333,-279.135,8310.58,-16684.62,19,4297.81,2721.39,1.6916,0.5263,226.201,10512.01,-6214.2,False
IFB_0615,emapmo_early,long,ALL,1.5,1.5,6,True,1,21,2120.19,4395.2,1.2756,0.4762,100.961,9811.99,-7691.8,13,-2619.44,4395.2,0.5849,0.3846,-201.495,3690.98,-6310.42,8,4739.63,673.79,4.4311,0.625,592.454,6121.01,-1381.38,False
IFB_0616,emapmo_early,long,ALL,1.5,1.5,6,True,3,49,-4076.22,11501.82,0.822,0.4694,-83.188,18822.6,-22898.82,30,-8374.04,11501.82,0.4981,0.4333,-279.135,8310.58,-16684.62,19,4297.81,2721.39,1.6916,0.5263,226.201,10512.01,-6214.2,False
IFB_0617,emapmo_early,long,ALL,1.5,1.5,12,False,1,21,-69.87,6066.6,0.9935,0.381,-3.327,10729.57,-10799.44,13,-4399.44,6066.6,0.5125,0.3077,-338.418,4624.77,-9024.21,8,4329.57,837.61,3.4389,0.5,541.196,6104.8,-1775.23,False
IFB_0618,emapmo_early,long,ALL,1.5,1.5,12,False,3,45,-2761.08,10318.01,0.8852,0.4444,-61.357,21283.96,-24045.04,27,-6702.65,10318.01,0.6211,0.4074,-248.246,10988.16,-17690.81,18,3941.57,2881.4,1.6203,0.5,218.976,10295.8,-6354.23,False
IFB_0619,emapmo_early,long,ALL,1.5,1.5,12,True,1,21,-69.87,6066.6,0.9935,0.381,-3.327,10729.57,-10799.44,13,-4399.44,6066.6,0.5125,0.3077,-338.418,4624.77,-9024.21,8,4329.57,837.61,3.4389,0.5,541.196,6104.8,-1775.23,False
IFB_0620,emapmo_early,long,ALL,1.5,1.5,12,True,3,45,-2761.08,10318.01,0.8852,0.4444,-61.357,21283.96,-24045.04,27,-6702.65,10318.01,0.6211,0.4074,-248.246,10988.16,-17690.81,18,3941.57,2881.4,1.6203,0.5,218.976,10295.8,-6354.23,False
IFB_0621,emapmo_early,long,ALL,1.5,1.5,24,False,1,21,2010.22,5765.2,1.1912,0.4286,95.725,12525.81,-10515.59,13,-1719.39,5765.2,0.7888,0.3846,-132.261,6421.01,-8140.4,8,3729.61,823.8,2.5702,0.5,466.201,6104.8,-2375.19,False
IFB_0622,emapmo_early,long,ALL,1.5,1.5,24,False,3,43,-2083.38,10508.0,0.9155,0.4419,-48.451,22557.81,-24641.19,26,-5978.79,10508.0,0.662,0.4231,-229.953,11708.21,-17687.0,17,3895.41,2881.4,1.5602,0.4706,229.142,10849.6,-6954.19,False
IFB_0623,emapmo_early,long,ALL,1.5,1.5,24,True,1,21,2010.22,5765.2,1.1912,0.4286,95.725,12525.81,-10515.59,13,-1719.39,5765.2,0.7888,0.3846,-132.261,6421.01,-8140.4,8,3729.61,823.8,2.5702,0.5,466.201,6104.8,-2375.19,False
IFB_0624,emapmo_early,long,ALL,1.5,1.5,24,True,3,43,-2083.38,10508.0,0.9155,0.4419,-48.451,22557.81,-24641.19,26,-5978.79,10508.0,0.662,0.4231,-229.953,11708.21,-17687.0,17,3895.41,2881.4,1.5602,0.4706,229.142,10849.6,-6954.19,False
IFB_0625,emapmo_early,long,PRE_RTH,1.0,0.75,6,False,1,13,8000.6,1083.8,5.946,0.8462,615.431,9618.2,-1617.6,10,6082.0,1083.8,6.6117,0.9,608.2,7165.8,-1083.8,3,1918.6,533.8,4.5942,0.6667,639.533,2452.4,-533.8,False
IFB_0626,emapmo_early,long,PRE_RTH,1.0,0.75,6,False,3,32,11058.38,3231.4,2.6513,0.7812,345.574,17754.99,-6696.61,25,8744.98,3231.4,2.8974,0.8,349.799,13353.99,-4609.01,7,2313.4,1553.8,2.1082,0.7143,330.486,4401.0,-2087.6,False
IFB_0627,emapmo_early,long,PRE_RTH,1.0,0.75,6,True,1,13,8000.6,1083.8,5.946,0.8462,615.431,9618.2,-1617.6,10,6082.0,1083.8,6.6117,0.9,608.2,7165.8,-1083.8,3,1918.6,533.8,4.5942,0.6667,639.533,2452.4,-533.8,False
IFB_0628,emapmo_early,long,PRE_RTH,1.0,0.75,6,True,3,32,11058.38,3231.4,2.6513,0.7812,345.574,17754.99,-6696.61,25,8744.98,3231.4,2.8974,0.8,349.799,13353.99,-4609.01,7,2313.4,1553.8,2.1082,0.7143,330.486,4401.0,-2087.6,False
IFB_0629,emapmo_early,long,PRE_RTH,1.0,0.75,12,False,1,13,8000.6,1083.8,5.946,0.8462,615.431,9618.2,-1617.6,10,6082.0,1083.8,6.6117,0.9,608.2,7165.8,-1083.8,3,1918.6,533.8,4.5942,0.6667,639.533,2452.4,-533.8,False
IFB_0630,emapmo_early,long,PRE_RTH,1.0,0.75,12,False,3,31,9522.2,3231.4,2.1814,0.7419,307.168,17582.59,-8060.39,24,7208.8,3231.4,2.2069,0.75,300.367,13181.59,-5972.79,7,2313.4,1553.8,2.1082,0.7143,330.486,4401.0,-2087.6,False
IFB_0631,emapmo_early,long,PRE_RTH,1.0,0.75,12,True,1,13,8000.6,1083.8,5.946,0.8462,615.431,9618.2,-1617.6,10,6082.0,1083.8,6.6117,0.9,608.2,7165.8,-1083.8,3,1918.6,533.8,4.5942,0.6667,639.533,2452.4,-533.8,False
IFB_0632,emapmo_early,long,PRE_RTH,1.0,0.75,12,True,3,31,9522.2,3231.4,2.1814,0.7419,307.168,17582.59,-8060.39,24,7208.8,3231.4,2.2069,0.75,300.367,13181.59,-5972.79,7,2313.4,1553.8,2.1082,0.7143,330.486,4401.0,-2087.6,False
IFB_0633,emapmo_early,long,PRE_RTH,1.0,0.75,24,False,1,13,8000.6,1083.8,5.946,0.8462,615.431,9618.2,-1617.6,10,6082.0,1083.8,6.6117,0.9,608.2,7165.8,-1083.8,3,1918.6,533.8,4.5942,0.6667,639.533,2452.4,-533.8,False
IFB_0634,emapmo_early,long,PRE_RTH,1.0,0.75,24,False,3,31,9312.2,3231.4,2.0728,0.7419,300.394,17992.6,-8680.4,24,6998.8,3231.4,2.0616,0.75,291.617,13591.6,-6592.8,7,2313.4,1553.8,2.1082,0.7143,330.486,4401.0,-2087.6,False
IFB_0635,emapmo_early,long,PRE_RTH,1.0,0.75,24,True,1,13,8000.6,1083.8,5.946,0.8462,615.431,9618.2,-1617.6,10,6082.0,1083.8,6.6117,0.9,608.2,7165.8,-1083.8,3,1918.6,533.8,4.5942,0.6667,639.533,2452.4,-533.8,False
IFB_0636,emapmo_early,long,PRE_RTH,1.0,0.75,24,True,3,31,9312.2,3231.4,2.0728,0.7419,300.394,17992.6,-8680.4,24,6998.8,3231.4,2.0616,0.75,291.617,13591.6,-6592.8,7,2313.4,1553.8,2.1082,0.7143,330.486,4401.0,-2087.6,False
IFB_0637,emapmo_early,long,PRE_RTH,1.0,1.0,6,False,1,13,10550.59,1083.8,7.5224,0.8462,811.584,12168.19,-1617.6,10,7821.99,1083.8,8.2172,0.9,782.199,8905.79,-1083.8,3,2728.6,533.8,6.1117,0.6667,909.533,3262.4,-533.8,False
IFB_0638,emapmo_early,long,PRE_RTH,1.0,1.0,6,False,3,29,12119.77,3251.4,2.7363,0.7241,417.923,19100.18,-6980.41,22,8336.37,3251.4,2.7038,0.7273,378.926,13229.18,-4892.81,7,3783.4,1553.8,2.8123,0.7143,540.486,5871.0,-2087.6,False
IFB_0639,emapmo_early,long,PRE_RTH,1.0,1.0,6,True,1,13,10550.59,1083.8,7.5224,0.8462,811.584,12168.19,-1617.6,10,7821.99,1083.8,8.2172,0.9,782.199,8905.79,-1083.8,3,2728.6,533.8,6.1117,0.6667,909.533,3262.4,-533.8,False
IFB_0640,emapmo_early,long,PRE_RTH,1.0,1.0,6,True,3,29,12119.77,3251.4,2.7363,0.7241,417.923,19100.18,-6980.41,22,8336.37,3251.4,2.7038,0.7273,378.926,13229.18,-4892.81,7,3783.4,1553.8,2.8123,0.7143,540.486,5871.0,-2087.6,False
IFB_0641,emapmo_early,long,PRE_RTH,1.0,1.0,12,False,1,13,11200.6,1083.8,7.9242,0.8462,861.585,12818.2,-1617.6,10,8472.0,1083.8,8.8169,0.9,847.2,9555.8,-1083.8,3,2728.6,533.8,6.1117,0.6667,909.533,3262.4,-533.8,False
IFB_0642,emapmo_early,long,PRE_RTH,1.0,1.0,12,False,3,28,12523.6,3506.6,2.5912,0.7143,447.271,20393.99,-7870.39,21,8740.2,3506.6,2.5114,0.7143,416.2,14522.99,-5782.79,7,3783.4,1553.8,2.8123,0.7143,540.486,5871.0,-2087.6,False
IFB_0643,emapmo_early,long,PRE_RTH,1.0,1.0,12,True,1,13,11200.6,1083.8,7.9242,0.8462,861.585,12818.2,-1617.6,10,8472.0,1083.8,8.8169,0.9,847.2,9555.8,-1083.8,3,2728.6,533.8,6.1117,0.6667,909.533,3262.4,-533.8,False
IFB_0644,emapmo_early,long,PRE_RTH,1.0,1.0,12,True,3,28,12523.6,3506.6,2.5912,0.7143,447.271,20393.99,-7870.39,21,8740.2,3506.6,2.5114,0.7143,416.2,14522.99,-5782.79,7,3783.4,1553.8,2.8123,0.7143,540.486,5871.0,-2087.6,False
IFB_0645,emapmo_early,long,PRE_RTH,1.0,1.0,24,False,1,13,11200.6,1083.8,7.9242,0.8462,861.585,12818.2,-1617.6,10,8472.0,1083.8,8.8169,0.9,847.2,9555.8,-1083.8,3,2728.6,533.8,6.1117,0.6667,909.533,3262.4,-533.8,False
IFB_0646,emapmo_early,long,PRE_RTH,1.0,1.0,24,False,3,28,12613.6,3416.6,2.4856,0.7143,450.486,21104.0,-8490.4,21,8830.2,3416.6,2.3791,0.7143,420.486,15233.0,-6402.8,7,3783.4,1553.8,2.8123,0.7143,540.486,5871.0,-2087.6,False
IFB_0647,emapmo_early,long,PRE_RTH,1.0,1.0,24,True,1,13,11200.6,1083.8,7.9242,0.8462,861.585,12818.2,-1617.6,10,8472.0,1083.8,8.8169,0.9,847.2,9555.8,-1083.8,3,2728.6,533.8,6.1117,0.6667,909.533,3262.4,-533.8,False
IFB_0648,emapmo_early,long,PRE_RTH,1.0,1.0,24,True,3,28,12613.6,3416.6,2.4856,0.7143,450.486,21104.0,-8490.4,21,8830.2,3416.6,2.3791,0.7143,420.486,15233.0,-6402.8,7,3783.4,1553.8,2.8123,0.7143,540.486,5871.0,-2087.6,False
IFB_0649,emapmo_early,long,PRE_RTH,1.5,1.0,6,False,1,13,9740.59,1633.8,5.0124,0.8462,749.276,12168.19,-2427.6,10,7271.99,1633.8,5.451,0.9,727.199,8905.79,-1633.8,3,2468.6,793.8,4.1099,0.6667,822.867,3262.4,-793.8,False
IFB_0650,emapmo_early,long,PRE_RTH,1.5,1.0,6,False,3,29,8929.77,4956.62,1.878,0.7241,307.923,19100.18,-10170.41,22,6186.37,4956.62,1.8784,0.7273,281.199,13229.18,-7042.81,7,2743.4,2333.8,1.8772,0.7143,391.914,5871.0,-3127.6,False
IFB_0651,emapmo_early,long,PRE_RTH,1.5,1.0,6,True,1,13,9740.59,1633.8,5.0124,0.8462,749.276,12168.19,-2427.6,10,7271.99,1633.8,5.451,0.9,727.199,8905.79,-1633.8,3,2468.6,793.8,4.1099,0.6667,822.867,3262.4,-793.8,False
IFB_0652,emapmo_early,long,PRE_RTH,1.5,1.0,6,True,3,29,8929.77,4956.62,1.878,0.7241,307.923,19100.18,-10170.41,22,6186.37,4956.62,1.8784,0.7273,281.199,13229.18,-7042.81,7,2743.4,2333.8,1.8772,0.7143,391.914,5871.0,-3127.6,False
IFB_0653,emapmo_early,long,PRE_RTH,1.5,1.0,12,False,1,13,10390.6,1633.8,5.2802,0.8462,799.277,12818.2,-2427.6,10,7922.0,1633.8,5.8488,0.9,792.2,9555.8,-1633.8,3,2468.6,793.8,4.1099,0.6667,822.867,3262.4,-793.8,False
IFB_0654,emapmo_early,long,PRE_RTH,1.5,1.0,12,False,3,28,8943.6,5656.6,1.7811,0.7143,319.414,20393.99,-11450.39,21,6200.2,5656.6,1.745,0.7143,295.248,14522.99,-8322.79,7,2743.4,2333.8,1.8772,0.7143,391.914,5871.0,-3127.6,False
IFB_0655,emapmo_early,long,PRE_RTH,1.5,1.0,12,True,1,13,10390.6,1633.8,5.2802,0.8462,799.277,12818.2,-2427.6,10,7922.0,1633.8,5.8488,0.9,792.2,9555.8,-1633.8,3,2468.6,793.8,4.1099,0.6667,822.867,3262.4,-793.8,False
IFB_0656,emapmo_early,long,PRE_RTH,1.5,1.0,12,True,3,28,8943.6,5656.6,1.7811,0.7143,319.414,20393.99,-11450.39,21,6200.2,5656.6,1.745,0.7143,295.248,14522.99,-8322.79,7,2743.4,2333.8,1.8772,0.7143,391.914,5871.0,-3127.6,False
IFB_0657,emapmo_early,long,PRE_RTH,1.5,1.0,24,False,1,13,10390.6,1633.8,5.2802,0.8462,799.277,12818.2,-2427.6,10,7922.0,1633.8,5.8488,0.9,792.2,9555.8,-1633.8,3,2468.6,793.8,4.1099,0.6667,822.867,3262.4,-793.8,False
IFB_0658,emapmo_early,long,PRE_RTH,1.5,1.0,24,False,3,28,8403.6,6196.6,1.6617,0.7143,300.129,21104.0,-12700.4,21,5660.2,6196.6,1.5913,0.7143,269.533,15233.0,-9572.8,7,2743.4,2333.8,1.8772,0.7143,391.914,5871.0,-3127.6,False
IFB_0659,emapmo_early,long,PRE_RTH,1.5,1.0,24,True,1,13,10390.6,1633.8,5.2802,0.8462,799.277,12818.2,-2427.6,10,7922.0,1633.8,5.8488,0.9,792.2,9555.8,-1633.8,3,2468.6,793.8,4.1099,0.6667,822.867,3262.4,-793.8,False
IFB_0660,emapmo_early,long,PRE_RTH,1.5,1.0,24,True,3,28,8403.6,6196.6,1.6617,0.7143,300.129,21104.0,-12700.4,21,5660.2,6196.6,1.5913,0.7143,269.533,15233.0,-9572.8,7,2743.4,2333.8,1.8772,0.7143,391.914,5871.0,-3127.6,False
IFB_0661,emapmo_early,long,PRE_RTH,1.5,1.5,6,False,1,13,7520.58,3481.4,2.7591,0.6923,578.506,11795.78,-4275.2,10,3401.98,3481.4,1.9772,0.7,340.198,6883.38,-3481.4,3,4118.6,793.8,6.1885,0.6667,1372.867,4912.4,-793.8,False
IFB_0662,emapmo_early,long,PRE_RTH,1.5,1.5,6,False,3,27,8707.37,6774.21,1.8727,0.6296,322.495,18685.37,-9978.0,20,1593.97,6774.21,1.193,0.6,79.699,9854.37,-8260.4,7,7113.4,923.8,5.1415,0.7143,1016.2,8831.0,-1717.6,False
IFB_0663,emapmo_early,long,PRE_RTH,1.5,1.5,6,True,1,13,7520.58,3481.4,2.7591,0.6923,578.506,11795.78,-4275.2,10,3401.98,3481.4,1.9772,0.7,340.198,6883.38,-3481.4,3,4118.6,793.8,6.1885,0.6667,1372.867,4912.4,-793.8,False
IFB_0664,emapmo_early,long,PRE_RTH,1.5,1.5,6,True,3,27,8707.37,6774.21,1.8727,0.6296,322.495,18685.37,-9978.0,20,1593.97,6774.21,1.193,0.6,79.699,9854.37,-8260.4,7,7113.4,923.8,5.1415,0.7143,1016.2,8831.0,-1717.6,False
IFB_0665,emapmo_early,long,PRE_RTH,1.5,1.5,12,False,1,13,6220.57,4851.4,1.9557,0.6154,478.505,12729.57,-6509.0,10,2101.97,4851.4,1.3678,0.6,210.197,7817.17,-5715.2,3,4118.6,793.8,6.1885,0.6667,1372.867,4912.4,-793.8,False
IFB_0666,emapmo_early,long,PRE_RTH,1.5,1.5,12,False,3,25,8484.97,6370.4,1.7008,0.6,339.399,20592.96,-12107.99,18,1721.57,6370.4,1.1715,0.5556,95.643,11761.96,-10040.39,7,6763.4,1273.8,4.2711,0.7143,966.2,8831.0,-2067.6,False
IFB_0667,emapmo_early,long,PRE_RTH,1.5,1.5,12,True,1,13,6220.57,4851.4,1.9557,0.6154,478.505,12729.57,-6509.0,10,2101.97,4851.4,1.3678,0.6,210.197,7817.17,-5715.2,3,4118.6,793.8,6.1885,0.6667,1372.867,4912.4,-793.8,False
IFB_0668,emapmo_early,long,PRE_RTH,1.5,1.5,12,True,3,25,8484.97,6370.4,1.7008,0.6,339.399,20592.96,-12107.99,18,1721.57,6370.4,1.1715,0.5556,95.643,11761.96,-10040.39,7,6763.4,1273.8,4.2711,0.7143,966.2,8831.0,-2067.6,False
IFB_0669,emapmo_early,long,PRE_RTH,1.5,1.5,24,False,1,13,7750.61,4851.4,2.3458,0.6154,596.201,13509.61,-5759.0,10,3632.01,4851.4,1.7315,0.6,363.201,8597.21,-4965.2,3,4118.6,793.8,6.1885,0.6667,1372.867,4912.4,-793.8,False
IFB_0670,emapmo_early,long,PRE_RTH,1.5,1.5,24,False,3,25,8575.01,7810.4,1.6801,0.6,343.0,21183.01,-12608.0,18,1811.61,7810.4,1.1719,0.5556,100.645,12352.01,-10540.4,7,6763.4,1273.8,4.2711,0.7143,966.2,8831.0,-2067.6,False
IFB_0671,emapmo_early,long,PRE_RTH,1.5,1.5,24,True,1,13,7750.61,4851.4,2.3458,0.6154,596.201,13509.61,-5759.0,10,3632.01,4851.4,1.7315,0.6,363.201,8597.21,-4965.2,3,4118.6,793.8,6.1885,0.6667,1372.867,4912.4,-793.8,False
IFB_0672,emapmo_early,long,PRE_RTH,1.5,1.5,24,True,3,25,8575.01,7810.4,1.6801,0.6,343.0,21183.01,-12608.0,18,1811.61,7810.4,1.1719,0.5556,100.645,12352.01,-10540.4,7,6763.4,1273.8,4.2711,0.7143,966.2,8831.0,-2067.6,False
IFB_0673,emapmo_early,long,RTH,1.0,0.75,6,False,1,12,6464.41,1083.8,4.5566,0.8333,538.701,8282.01,-1817.6,9,4745.81,1083.8,5.3789,0.8889,527.312,5829.61,-1083.8,3,1718.6,733.8,3.3421,0.6667,572.867,2452.4,-733.8,False
IFB_0674,emapmo_early,long,RTH,1.0,0.75,6,False,3,29,5659.78,3376.61,1.6759,0.6897,195.165,14033.99,-8374.21,22,4616.38,3376.61,1.8513,0.7273,209.835,10039.19,-5422.81,7,1043.4,1553.8,1.3535,0.5714,149.057,3994.8,-2951.4,False
IFB_0675,emapmo_early,long,RTH,1.0,0.75,6,True,1,12,6464.41,1083.8,4.5566,0.8333,538.701,8282.01,-1817.6,9,4745.81,1083.8,5.3789,0.8889,527.312,5829.61,-1083.8,3,1718.6,733.8,3.3421,0.6667,572.867,2452.4,-733.8,False
IFB_0676,emapmo_early,long,RTH,1.0,0.75,6,True,3,29,5659.78,3376.61,1.6759,0.6897,195.165,14033.99,-8374.21,22,4616.38,3376.61,1.8513,0.7273,209.835,10039.19,-5422.81,7,1043.4,1553.8,1.3535,0.5714,149.057,3994.8,-2951.4,False
IFB_0677,emapmo_early,long,RTH,1.0,0.75,12,False,1,12,5664.41,1747.59,3.2828,0.75,472.034,8145.8,-2481.39,9,3945.81,1747.59,3.2579,0.7778,438.423,5693.4,-1747.59,3,1718.6,733.8,3.3421,0.6667,572.867,2452.4,-733.8,False
IFB_0678,emapmo_early,long,RTH,1.0,0.75,12,False,3,28,4123.6,3668.0,1.4235,0.6429,147.271,13861.59,-9737.99,21,3080.2,3626.6,1.4539,0.6667,146.676,9866.79,-6786.59,7,1043.4,1553.8,1.3535,0.5714,149.057,3994.8,-2951.4,False
IFB_0679,emapmo_early,long,RTH,1.0,0.75,12,True,1,12,5664.41,1747.59,3.2828,0.75,472.034,8145.8,-2481.39,9,3945.81,1747.59,3.2579,0.7778,438.423,5693.4,-1747.59,3,1718.6,733.8,3.3421,0.6667,572.867,2452.4,-733.8,False
IFB_0680,emapmo_early,long,RTH,1.0,0.75,12,True,3,28,4123.6,3668.0,1.4235,0.6429,147.271,13861.59,-9737.99,21,3080.2,3626.6,1.4539,0.6667,146.676,9866.79,-6786.59,7,1043.4,1553.8,1.3535,0.5714,149.057,3994.8,-2951.4,False
IFB_0681,emapmo_early,long,RTH,1.0,0.75,24,False,1,12,5044.4,2367.6,2.6265,0.75,420.367,8145.8,-3101.4,9,3325.8,2367.6,2.4047,0.7778,369.533,5693.4,-2367.6,3,1718.6,733.8,3.3421,0.6667,572.867,2452.4,-733.8,False
IFB_0682,emapmo_early,long,RTH,1.0,0.75,24,False,3,28,3913.6,3878.0,1.3778,0.6429,139.771,14271.6,-10358.0,21,2870.2,3836.6,1.3875,0.6667,136.676,10276.8,-7406.6,7,1043.4,1553.8,1.3535,0.5714,149.057,3994.8,-2951.4,False
IFB_0683,emapmo_early,long,RTH,1.0,0.75,24,True,1,12,5044.4,2367.6,2.6265,0.75,420.367,8145.8,-3101.4,9,3325.8,2367.6,2.4047,0.7778,369.533,5693.4,-2367.6,3,1718.6,733.8,3.3421,0.6667,572.867,2452.4,-733.8,False
IFB_0684,emapmo_early,long,RTH,1.0,0.75,24,True,3,28,3913.6,3878.0,1.3778,0.6429,139.771,14271.6,-10358.0,21,2870.2,3836.6,1.3875,0.6667,136.676,10276.8,-7406.6,7,1043.4,1553.8,1.3535,0.5714,149.057,3994.8,-2951.4,False
IFB_0685,emapmo_early,long,RTH,1.0,1.0,6,False,1,12,8524.4,1083.8,5.6899,0.8333,710.367,10342.0,-1817.6,9,5995.8,1083.8,6.5322,0.8889,666.2,7079.6,-1083.8,3,2528.6,733.8,4.4459,0.6667,842.867,3262.4,-733.8,False
IFB_0686,emapmo_early,long,RTH,1.0,1.0,6,False,3,26,7661.17,3396.61,2.0128,0.6538,294.66,15225.38,-7564.21,19,5287.77,3396.61,2.1463,0.6842,278.304,9900.58,-4612.81,7,2373.4,1553.8,1.8042,0.5714,339.057,5324.8,-2951.4,False
IFB_0687,emapmo_early,long,RTH,1.0,1.0,6,True,1,12,8524.4,1083.8,5.6899,0.8333,710.367,10342.0,-1817.6,9,5995.8,1083.8,6.5322,0.8889,666.2,7079.6,-1083.8,3,2528.6,733.8,4.4459,0.6667,842.867,3262.4,-733.8,False
IFB_0688,emapmo_early,long,RTH,1.0,1.0,6,True,3,26,7661.17,3396.61,2.0128,0.6538,294.66,15225.38,-7564.21,19,5287.77,3396.61,2.1463,0.6842,278.304,9900.58,-4612.81,7,2373.4,1553.8,1.8042,0.5714,339.057,5324.8,-2951.4,False
IFB_0689,emapmo_early,long,RTH,1.0,1.0,12,False,1,12,8374.41,1747.59,4.3749,0.75,697.867,10855.8,-2481.39,9,5845.81,1747.59,4.3451,0.7778,649.534,7593.4,-1747.59,3,2528.6,733.8,4.4459,0.6667,842.867,3262.4,-733.8,False
IFB_0690,emapmo_early,long,RTH,1.0,1.0,12,False,3,25,8065.0,3446.6,1.954,0.64,322.6,16519.19,-8454.19,18,5691.6,3446.6,2.0343,0.6667,316.2,11194.39,-5502.79,7,2373.4,1553.8,1.8042,0.5714,339.057,5324.8,-2951.4,False
IFB_0691,emapmo_early,long,RTH,1.0,1.0,12,True,1,12,8374.41,1747.59,4.3749,0.75,697.867,10855.8,-2481.39,9,5845.81,1747.59,4.3451,0.7778,649.534,7593.4,-1747.59,3,2528.6,733.8,4.4459,0.6667,842.867,3262.4,-733.8,False
IFB_0692,emapmo_early,long,RTH,1.0,1.0,12,True,3,25,8065.0,3446.6,1.954,0.64,322.6,16519.19,-8454.19,18,5691.6,3446.6,2.0343,0.6667,316.2,11194.39,-5502.79,7,2373.4,1553.8,1.8042,0.5714,339.057,5324.8,-2951.4,False
IFB_0693,emapmo_early,long,RTH,1.0,1.0,24,False,1,12,7754.4,2367.6,3.5003,0.75,646.2,10855.8,-3101.4,9,5225.8,2367.6,3.2072,0.7778,580.644,7593.4,-2367.6,3,2528.6,733.8,4.4459,0.6667,842.867,3262.4,-733.8,False
IFB_0694,emapmo_early,long,RTH,1.0,1.0,24,False,3,25,8155.0,3356.6,1.8987,0.64,326.2,17229.2,-9074.2,18,5781.6,3356.6,1.9443,0.6667,321.2,11904.4,-6122.8,7,2373.4,1553.8,1.8042,0.5714,339.057,5324.8,-2951.4,False
IFB_0695,emapmo_early,long,RTH,1.0,1.0,24,True,1,12,7754.4,2367.6,3.5003,0.75,646.2,10855.8,-3101.4,9,5225.8,2367.6,3.2072,0.7778,580.644,7593.4,-2367.6,3,2528.6,733.8,4.4459,0.6667,842.867,3262.4,-733.8,False
IFB_0696,emapmo_early,long,RTH,1.0,1.0,24,True,3,25,8155.0,3356.6,1.8987,0.64,326.2,17229.2,-9074.2,18,5781.6,3356.6,1.9443,0.6667,321.2,11904.4,-6122.8,7,2373.4,1553.8,1.8042,0.5714,339.057,5324.8,-2951.4,False
IFB_0697,emapmo_early,long,RTH,1.5,1.0,6,False,1,12,7604.4,1633.8,3.7778,0.8333,633.7,10342.0,-2737.6,9,5445.8,1633.8,4.3332,0.8889,605.089,7079.6,-1633.8,3,2158.6,1103.8,2.9556,0.6667,719.533,3262.4,-1103.8,False
IFB_0698,emapmo_early,long,RTH,1.5,1.0,6,False,3,26,5431.17,5396.61,1.5404,0.6923,208.891,15481.58,-10050.41,19,3287.77,5396.61,1.4972,0.6842,173.041,9900.58,-6612.81,7,2143.4,2333.8,1.6235,0.7143,306.2,5581.0,-3437.6,False
IFB_0699,emapmo_early,long,RTH,1.5,1.0,6,True,1,12,7604.4,1633.8,3.7778,0.8333,633.7,10342.0,-2737.6,9,5445.8,1633.8,4.3332,0.8889,605.089,7079.6,-1633.8,3,2158.6,1103.8,2.9556,0.6667,719.533,3262.4,-1103.8,False
IFB_0700,emapmo_early,long,RTH,1.5,1.0,6,True,3,26,5431.17,5396.61,1.5404,0.6923,208.891,15481.58,-10050.41,19,3287.77,5396.61,1.4972,0.6842,173.041,9900.58,-6612.81,7,2143.4,2333.8,1.6235,0.7143,306.2,5581.0,-3437.6,False
IFB_0701,emapmo_early,long,RTH,1.5,1.0,12,False,1,12,7454.41,2297.59,3.1916,0.75,621.201,10855.8,-3401.39,9,5295.81,2297.59,3.3049,0.7778,588.423,7593.4,-2297.59,3,2158.6,1103.8,2.9556,0.6667,719.533,3262.4,-1103.8,False
IFB_0702,emapmo_early,long,RTH,1.5,1.0,12,False,3,25,5015.02,5446.6,1.4337,0.64,200.601,16579.19,-11564.17,18,3301.6,5446.6,1.4183,0.6667,183.422,11194.39,-7892.79,7,1713.42,2333.8,1.4667,0.5714,244.774,5384.8,-3671.38,False
IFB_0703,emapmo_early,long,RTH,1.5,1.0,12,True,1,12,7454.41,2297.59,3.1916,0.75,621.201,10855.8,-3401.39,9,5295.81,2297.59,3.3049,0.7778,588.423,7593.4,-2297.59,3,2158.6,1103.8,2.9556,0.6667,719.533,3262.4,-1103.8,False
IFB_0704,emapmo_early,long,RTH,1.5,1.0,12,True,3,25,5015.02,5446.6,1.4337,0.64,200.601,16579.19,-11564.17,18,3301.6,5446.6,1.4183,0.6667,183.422,11194.39,-7892.79,7,1713.42,2333.8,1.4667,0.5714,244.774,5384.8,-3671.38,False
IFB_0705,emapmo_early,long,RTH,1.5,1.0,24,False,1,12,6204.4,3547.6,2.3339,0.75,517.033,10855.8,-4651.4,9,4045.8,3547.6,2.1404,0.7778,449.533,7593.4,-3547.6,3,2158.6,1103.8,2.9556,0.6667,719.533,3262.4,-1103.8,False
IFB_0706,emapmo_early,long,RTH,1.5,1.0,24,False,3,25,3875.0,5986.6,1.2889,0.64,155.0,17289.2,-13414.2,18,2761.6,5986.6,1.3021,0.6667,153.422,11904.4,-9142.8,7,1113.4,2333.8,1.2607,0.5714,159.057,5384.8,-4271.4,False
IFB_0707,emapmo_early,long,RTH,1.5,1.0,24,True,1,12,6204.4,3547.6,2.3339,0.75,517.033,10855.8,-4651.4,9,4045.8,3547.6,2.1404,0.7778,449.533,7593.4,-3547.6,3,2158.6,1103.8,2.9556,0.6667,719.533,3262.4,-1103.8,False
IFB_0708,emapmo_early,long,RTH,1.5,1.0,24,True,3,25,3875.0,5986.6,1.2889,0.64,155.0,17289.2,-13414.2,18,2761.6,5986.6,1.3021,0.6667,153.422,11904.4,-9142.8,7,1113.4,2333.8,1.2607,0.5714,159.057,5384.8,-4271.4,False
IFB_0709,emapmo_early,long,RTH,1.5,1.5,6,False,1,12,7414.39,1967.6,3.414,0.75,617.866,10485.79,-3071.4,9,3605.79,1967.6,2.8326,0.7778,400.643,5573.39,-1967.6,3,3808.6,1103.8,4.4504,0.6667,1269.533,4912.4,-1103.8,False
IFB_0710,emapmo_early,long,RTH,1.5,1.5,6,False,3,25,6334.96,5260.41,1.722,0.64,253.398,15109.16,-8774.2,18,261.57,5260.41,1.0388,0.6111,14.532,7008.17,-6746.6,7,6073.39,1103.8,3.9954,0.7143,867.627,8100.99,-2027.6,False
IFB_0711,emapmo_early,long,RTH,1.5,1.5,6,True,1,12,7414.39,1967.6,3.414,0.75,617.866,10485.79,-3071.4,9,3605.79,1967.6,2.8326,0.7778,400.643,5573.39,-1967.6,3,3808.6,1103.8,4.4504,0.6667,1269.533,4912.4,-1103.8,False
IFB_0712,emapmo_early,long,RTH,1.5,1.5,6,True,3,25,6334.96,5260.41,1.722,0.64,253.398,15109.16,-8774.2,18,261.57,5260.41,1.0388,0.6111,14.532,7008.17,-6746.6,7,6073.39,1103.8,3.9954,0.7143,867.627,8100.99,-2027.6,False
IFB_0713,emapmo_early,long,RTH,1.5,1.5,12,False,1,12,5314.38,4001.39,1.8903,0.5833,442.865,11283.37,-5968.99,9,1505.78,4001.39,1.3095,0.5556,167.309,6370.97,-4865.19,3,3808.6,1103.8,4.4504,0.6667,1269.533,4912.4,-1103.8,False
IFB_0714,emapmo_early,long,RTH,1.5,1.5,12,False,3,23,4182.53,5680.4,1.3433,0.5217,181.849,16364.34,-12181.81,16,-730.83,5680.4,0.9218,0.5,-45.677,8619.56,-9350.39,7,4913.36,1273.8,2.7353,0.5714,701.909,7744.78,-2831.42,False
IFB_0715,emapmo_early,long,RTH,1.5,1.5,12,True,1,12,5314.38,4001.39,1.8903,0.5833,442.865,11283.37,-5968.99,9,1505.78,4001.39,1.3095,0.5556,167.309,6370.97,-4865.19,3,3808.6,1103.8,4.4504,0.6667,1269.533,4912.4,-1103.8,False
IFB_0716,emapmo_early,long,RTH,1.5,1.5,12,True,3,23,4182.53,5680.4,1.3433,0.5217,181.849,16364.34,-12181.81,16,-730.83,5680.4,0.9218,0.5,-45.677,8619.56,-9350.39,7,4913.36,1273.8,2.7353,0.5714,701.909,7744.78,-2831.42,False
IFB_0717,emapmo_early,long,RTH,1.5,1.5,24,False,1,12,5594.41,5251.4,1.8648,0.5833,466.201,12063.41,-6469.0,9,1785.81,5251.4,1.3329,0.5556,198.423,7151.01,-5365.2,3,3808.6,1103.8,4.4504,0.6667,1269.533,4912.4,-1103.8,False
IFB_0718,emapmo_early,long,RTH,1.5,1.5,24,False,3,23,4342.61,7120.4,1.335,0.5217,188.809,17304.41,-12961.8,16,-640.79,7120.4,0.9349,0.5,-40.049,9209.61,-9850.4,7,4983.4,1273.8,2.6017,0.5714,711.914,8094.8,-3111.4,False
IFB_0719,emapmo_early,long,RTH,1.5,1.5,24,True,1,12,5594.41,5251.4,1.8648,0.5833,466.201,12063.41,-6469.0,9,1785.81,5251.4,1.3329,0.5556,198.423,7151.01,-5365.2,3,3808.6,1103.8,4.4504,0.6667,1269.533,4912.4,-1103.8,False
IFB_0720,emapmo_early,long,RTH,1.5,1.5,24,True,3,23,4342.61,7120.4,1.335,0.5217,188.809,17304.41,-12961.8,16,-640.79,7120.4,0.9349,0.5,-40.049,9209.61,-9850.4,7,4983.4,1273.8,2.6017,0.5714,711.914,8094.8,-3111.4,False
IFB_0721,emapmo_early,short,ALL,1.0,0.75,6,False,1,26,-2948.83,3978.42,0.6548,0.5769,-113.417,5592.97,-8541.8,18,-3978.42,3978.42,0.4426,0.4444,-221.023,3159.58,-7138.0,8,1029.59,1403.8,1.7334,0.875,128.698,2433.39,-1403.8,False
IFB_0722,emapmo_early,short,ALL,1.0,0.75,6,False,3,75,-6235.03,7836.04,0.7408,0.5067,-83.134,17815.57,-24050.6,51,-6133.82,6820.02,0.6531,0.4706,-120.271,11548.78,-17682.6,24,-101.21,2591.8,0.9841,0.5833,-4.217,6266.79,-6368.0,False
IFB_0723,emapmo_early,short,ALL,1.0,0.75,6,True,1,26,-2948.83,3978.42,0.6548,0.5769,-113.417,5592.97,-8541.8,18,-3978.42,3978.42,0.4426,0.4444,-221.023,3159.58,-7138.0,8,1029.59,1403.8,1.7334,0.875,128.698,2433.39,-1403.8,False
IFB_0724,emapmo_early,short,ALL,1.0,0.75,6,True,3,75,-6235.03,7836.04,0.7408,0.5067,-83.134,17815.57,-24050.6,51,-6133.82,6820.02,0.6531,0.4706,-120.271,11548.78,-17682.6,24,-101.21,2591.8,0.9841,0.5833,-4.217,6266.79,-6368.0,False
IFB_0725,emapmo_early,short,ALL,1.0,0.75,12,False,1,26,-4608.81,5532.19,0.574,0.5,-177.262,6210.6,-10819.41,18,-4438.4,4438.4,0.4599,0.4444,-246.578,3779.6,-8218.0,8,-170.41,1507.62,0.9345,0.625,-21.301,2431.0,-2601.41,False
IFB_0726,emapmo_early,short,ALL,1.0,0.75,12,False,3,75,-7595.01,9865.99,0.7098,0.4933,-101.267,18579.4,-26174.41,51,-8223.8,8910.0,0.5854,0.451,-161.251,11612.6,-19836.4,24,628.79,2271.8,1.0992,0.5833,26.2,6966.8,-6338.01,False
IFB_0727,emapmo_early,short,ALL,1.0,0.75,12,True,1,26,-4608.81,5532.19,0.574,0.5,-177.262,6210.6,-10819.41,18,-4438.4,4438.4,0.4599,0.4444,-246.578,3779.6,-8218.0,8,-170.41,1507.62,0.9345,0.625,-21.301,2431.0,-2601.41,False
IFB_0728,emapmo_early,short,ALL,1.0,0.75,12,True,3,75,-7595.01,9865.99,0.7098,0.4933,-101.267,18579.4,-26174.41,51,-8223.8,8910.0,0.5854,0.451,-161.251,11612.6,-19836.4,24,628.79,2271.8,1.0992,0.5833,26.2,6966.8,-6338.01,False
IFB_0729,emapmo_early,short,ALL,1.0,0.75,24,False,1,26,-4348.8,5642.2,0.5983,0.5385,-167.262,6476.8,-10825.6,18,-4438.4,4438.4,0.4599,0.4444,-246.578,3779.6,-8218.0,8,89.6,1403.8,1.0344,0.75,11.2,2697.2,-2607.6,False
IFB_0730,emapmo_early,short,ALL,1.0,0.75,24,False,3,73,-7297.4,9427.6,0.7171,0.5068,-99.964,18499.4,-25796.8,51,-8223.8,8910.0,0.5854,0.451,-161.251,11612.6,-19836.4,22,926.4,2271.8,1.1554,0.6364,42.109,6886.8,-5960.4,False
IFB_0731,emapmo_early,short,ALL,1.0,0.75,24,True,1,26,-4348.8,5642.2,0.5983,0.5385,-167.262,6476.8,-10825.6,18,-4438.4,4438.4,0.4599,0.4444,-246.578,3779.6,-8218.0,8,89.6,1403.8,1.0344,0.75,11.2,2697.2,-2607.6,False
IFB_0732,emapmo_early,short,ALL,1.0,0.75,24,True,3,73,-7297.4,9427.6,0.7171,0.5068,-99.964,18499.4,-25796.8,51,-8223.8,8910.0,0.5854,0.451,-161.251,11612.6,-19836.4,22,926.4,2271.8,1.1554,0.6364,42.109,6886.8,-5960.4,False
IFB_0733,emapmo_early,short,ALL,1.0,1.0,6,False,1,26,-4298.83,5988.42,0.5728,0.4615,-165.34,5764.37,-10063.2,18,-5988.42,5988.42,0.3084,0.2778,-332.69,2670.98,-8659.4,8,1689.59,1403.8,2.2036,0.875,211.198,3093.39,-1403.8,False
IFB_0734,emapmo_early,short,ALL,1.0,1.0,6,False,3,74,-2341.21,6438.4,0.9017,0.4865,-31.638,21483.18,-23824.39,51,-3733.81,6438.4,0.7919,0.451,-73.212,14212.59,-17946.4,23,1392.6,2027.6,1.2369,0.5652,60.548,7270.59,-5877.99,False
IFB_0735,emapmo_early,short,ALL,1.0,1.0,6,True,1,26,-4298.83,5988.42,0.5728,0.4615,-165.34,5764.37,-10063.2,18,-5988.42,5988.42,0.3084,0.2778,-332.69,2670.98,-8659.4,8,1689.59,1403.8,2.2036,0.875,211.198,3093.39,-1403.8,False
IFB_0736,emapmo_early,short,ALL,1.0,1.0,6,True,3,74,-2341.21,6438.4,0.9017,0.4865,-31.638,21483.18,-23824.39,51,-3733.81,6438.4,0.7919,0.451,-73.212,14212.59,-17946.4,23,1392.6,2027.6,1.2369,0.5652,60.548,7270.59,-5877.99,False
IFB_0737,emapmo_early,short,ALL,1.0,1.0,12,False,1,26,-5528.81,7272.19,0.552,0.3846,-212.647,6812.0,-12340.81,18,-6178.4,6178.4,0.3656,0.2778,-343.244,3561.0,-9739.4,8,649.59,1507.62,1.2497,0.625,81.199,3251.0,-2601.41,False
IFB_0738,emapmo_early,short,ALL,1.0,1.0,12,False,3,73,-3437.39,7786.77,0.8715,0.4521,-47.088,23314.62,-26752.01,51,-5553.78,7225.38,0.7233,0.4314,-108.898,14516.42,-20070.2,22,2116.39,1606.6,1.3167,0.5,96.2,8798.2,-6681.81,False
IFB_0739,emapmo_early,short,ALL,1.0,1.0,12,True,1,26,-5528.81,7272.19,0.552,0.3846,-212.647,6812.0,-12340.81,18,-6178.4,6178.4,0.3656,0.2778,-343.244,3561.0,-9739.4,8,649.59,1507.62,1.2497,0.625,81.199,3251.0,-2601.41,False
IFB_0740,emapmo_early,short,ALL,1.0,1.0,12,True,3,73,-3437.39,7786.77,0.8715,0.4521,-47.088,23314.62,-26752.01,51,-5553.78,7225.38,0.7233,0.4314,-108.898,14516.42,-20070.2,22,2116.39,1606.6,1.3167,0.5,96.2,8798.2,-6681.81,False
IFB_0741,emapmo_early,short,ALL,1.0,1.0,24,False,1,26,-5268.8,7382.2,0.5733,0.4231,-202.646,7078.2,-12347.0,18,-6178.4,6178.4,0.3656,0.2778,-343.244,3561.0,-9739.4,8,909.6,1403.8,1.3488,0.75,113.7,3517.2,-2607.6,False
IFB_0742,emapmo_early,short,ALL,1.0,1.0,24,False,3,72,-2033.6,6753.0,0.9228,0.4722,-28.244,24310.8,-26344.4,51,-4793.8,6465.4,0.7608,0.4314,-93.996,15246.4,-20040.2,21,2760.2,1606.6,1.4378,0.5714,131.438,9064.4,-6304.2,False
IFB_0743,emapmo_early,short,ALL,1.0,1.0,24,True,1,26,-5268.8,7382.2,0.5733,0.4231,-202.646,7078.2,-12347.0,18,-6178.4,6178.4,0.3656,0.2778,-343.244,3561.0,-9739.4,8,909.6,1403.8,1.3488,0.75,113.7,3517.2,-2607.6,False
IFB_0744,emapmo_early,short,ALL,1.0,1.0,24,True,3,72,-2033.6,6753.0,0.9228,0.4722,-28.244,24310.8,-26344.4,51,-4793.8,6465.4,0.7608,0.4314,-93.996,15246.4,-20040.2,21,2760.2,1606.6,1.4378,0.5714,131.438,9064.4,-6304.2,False
IFB_0745,emapmo_early,short,ALL,1.5,1.0,6,False,1,26,-3748.84,5456.62,0.6534,0.5385,-144.186,7066.77,-10815.61,18,-4748.43,5456.62,0.4556,0.3889,-263.802,3973.38,-8721.81,8,999.59,2093.8,1.4774,0.875,124.948,3093.39,-2093.8,False
IFB_0746,emapmo_early,short,ALL,1.5,1.0,6,False,3,73,1922.58,4360.64,1.0826,0.589,26.337,25196.57,-23273.99,50,1789.95,4113.24,1.1137,0.58,35.799,17529.77,-15739.82,23,132.62,3027.6,1.0176,0.6087,5.766,7666.8,-7534.17,False
IFB_0747,emapmo_early,short,ALL,1.5,1.0,6,True,1,26,-3748.84,5456.62,0.6534,0.5385,-144.186,7066.77,-10815.61,18,-4748.43,5456.62,0.4556,0.3889,-263.802,3973.38,-8721.81,8,999.59,2093.8,1.4774,0.875,124.948,3093.39,-2093.8,False
IFB_0748,emapmo_early,short,ALL,1.5,1.0,6,True,3,73,1922.58,4360.64,1.0826,0.589,26.337,25196.57,-23273.99,50,1789.95,4113.24,1.1137,0.58,35.799,17529.77,-15739.82,23,132.62,3027.6,1.0176,0.6087,5.766,7666.8,-7534.17,False
IFB_0749,emapmo_early,short,ALL,1.5,1.0,12,False,1,26,-4668.78,6130.38,0.6552,0.5,-179.568,8870.6,-13539.38,18,-4628.37,5036.59,0.5484,0.4444,-257.132,5619.6,-10247.97,8,-40.41,2197.62,0.9877,0.625,-5.051,3251.0,-3291.41,False
IFB_0750,emapmo_early,short,ALL,1.5,1.0,12,False,3,71,2910.24,5375.96,1.1141,0.6056,40.989,28416.61,-25506.37,49,1043.85,5230.77,1.0592,0.6122,21.303,18666.01,-17622.16,22,1866.39,2093.8,1.2367,0.5909,84.836,9750.6,-7884.21,False
IFB_0751,emapmo_early,short,ALL,1.5,1.0,12,True,1,26,-4668.78,6130.38,0.6552,0.5,-179.568,8870.6,-13539.38,18,-4628.37,5036.59,0.5484,0.4444,-257.132,5619.6,-10247.97,8,-40.41,2197.62,0.9877,0.625,-5.051,3251.0,-3291.41,False
IFB_0752,emapmo_early,short,ALL,1.5,1.0,12,True,3,71,2910.24,5375.96,1.1141,0.6056,40.989,28416.61,-25506.37,49,1043.85,5230.77,1.0592,0.6122,21.303,18666.01,-17622.16,22,1866.39,2093.8,1.2367,0.5909,84.836,9750.6,-7884.21,False
IFB_0753,emapmo_early,short,ALL,1.5,1.0,24,False,1,26,-3618.82,6040.4,0.7288,0.5769,-139.185,9723.0,-13341.82,18,-3228.42,4226.6,0.6578,0.5,-179.357,6205.8,-9434.22,8,-390.4,2093.8,0.9001,0.75,-48.8,3517.2,-3907.6,False
IFB_0754,emapmo_early,short,ALL,1.5,1.0,24,False,3,68,4231.58,5026.6,1.1668,0.6324,62.229,29596.6,-25365.02,47,2141.38,5026.6,1.1228,0.617,45.561,19579.8,-17438.42,21,2090.2,2093.8,1.2637,0.6667,99.533,10016.8,-7926.6,False
IFB_0755,emapmo_early,short,ALL,1.5,1.0,24,True,1,26,-3618.82,6040.4,0.7288,0.5769,-139.185,9723.0,-13341.82,18,-3228.42,4226.6,0.6578,0.5,-179.357,6205.8,-9434.22,8,-390.4,2093.8,0.9001,0.75,-48.8,3517.2,-3907.6,False
IFB_0756,emapmo_early,short,ALL,1.5,1.0,24,True,3,68,4231.58,5026.6,1.1668,0.6324,62.229,29596.6,-25365.02,47,2141.38,5026.6,1.1228,0.617,45.561,19579.8,-17438.42,21,2090.2,2093.8,1.2637,0.6667,99.533,10016.8,-7926.6,False
IFB_0757,emapmo_early,short,ALL,1.5,1.5,6,False,1,26,-3958.87,5465.64,0.6488,0.4615,-152.264,7314.35,-11273.22,18,-4268.45,5465.64,0.5312,0.3333,-237.136,4837.16,-9105.61,8,309.58,2093.8,1.1428,0.75,38.697,2477.19,-2167.61,False
IFB_0758,emapmo_early,short,ALL,1.5,1.5,6,False,3,71,-1199.85,5896.86,0.9499,0.4789,-16.899,22760.74,-23960.6,48,-472.48,4454.63,0.972,0.4792,-9.843,16422.54,-16895.02,23,-727.38,3007.6,0.8971,0.4783,-31.625,6338.2,-7065.58,False
IFB_0759,emapmo_early,short,ALL,1.5,1.5,6,True,1,26,-3958.87,5465.64,0.6488,0.4615,-152.264,7314.35,-11273.22,18,-4268.45,5465.64,0.5312,0.3333,-237.136,4837.16,-9105.61,8,309.58,2093.8,1.1428,0.75,38.697,2477.19,-2167.61,False
IFB_0760,emapmo_early,short,ALL,1.5,1.5,6,True,3,71,-1199.85,5896.86,0.9499,0.4789,-16.899,22760.74,-23960.6,48,-472.48,4454.63,0.972,0.4792,-9.843,16422.54,-16895.02,23,-727.38,3007.6,0.8971,0.4783,-31.625,6338.2,-7065.58,False
IFB_0761,emapmo_early,short,ALL,1.5,1.5,12,False,1,26,-6208.79,7397.0,0.6029,0.4231,-238.8,9428.19,-15636.98,18,-3228.38,4416.59,0.685,0.4444,-179.354,7019.59,-10247.97,8,-2980.41,2980.41,0.4469,0.375,-372.551,2408.6,-5389.01,False
IFB_0762,emapmo_early,short,ALL,1.5,1.5,12,False,3,65,1223.07,6655.32,1.0445,0.5231,18.817,28700.86,-27477.79,44,3102.87,5063.17,1.1754,0.5682,70.52,20795.03,-17692.16,21,-1879.8,3434.57,0.8079,0.4286,-89.514,7905.83,-9785.62,False
IFB_0763,emapmo_early,short,ALL,1.5,1.5,12,True,1,26,-6208.79,7397.0,0.6029,0.4231,-238.8,9428.19,-15636.98,18,-3228.38,4416.59,0.685,0.4444,-179.354,7019.59,-10247.97,8,-2980.41,2980.41,0.4469,0.375,-372.551,2408.6,-5389.01,False
IFB_0764,emapmo_early,short,ALL,1.5,1.5,12,True,3,65,1223.07,6655.32,1.0445,0.5231,18.817,28700.86,-27477.79,44,3102.87,5063.17,1.1754,0.5682,70.52,20795.03,-17692.16,21,-1879.8,3434.57,0.8079,0.4286,-89.514,7905.83,-9785.62,False
IFB_0765,emapmo_early,short,ALL,1.5,1.5,24,False,1,26,-4688.82,6514.2,0.6901,0.5,-180.339,10440.6,-15129.42,18,-1858.42,3417.6,0.8062,0.4444,-103.246,7729.6,-9588.02,8,-2830.4,3096.6,0.4892,0.625,-353.8,2711.0,-5541.4,False
IFB_0766,emapmo_early,short,ALL,1.5,1.5,24,False,3,63,3080.56,6175.01,1.1054,0.5238,48.898,32304.59,-29224.03,43,3806.58,4811.4,1.203,0.5349,88.525,22562.6,-18756.02,20,-726.02,4784.21,0.9306,0.5,-36.301,9741.99,-10468.01,False
IFB_0767,emapmo_early,short,ALL,1.5,1.5,24,True,1,26,-4688.82,6514.2,0.6901,0.5,-180.339,10440.6,-15129.42,18,-1858.42,3417.6,0.8062,0.4444,-103.246,7729.6,-9588.02,8,-2830.4,3096.6,0.4892,0.625,-353.8,2711.0,-5541.4,False
IFB_0768,emapmo_early,short,ALL,1.5,1.5,24,True,3,63,3080.56,6175.01,1.1054,0.5238,48.898,32304.59,-29224.03,43,3806.58,4811.4,1.203,0.5349,88.525,22562.6,-18756.02,20,-726.02,4784.21,0.9306,0.5,-36.301,9741.99,-10468.01,False
IFB_0769,emapmo_early,short,PRE_RTH,1.0,0.75,6,False,1,19,-3802.23,3802.23,0.5273,0.5263,-200.118,4241.98,-8044.21,12,-3055.63,3055.63,0.4594,0.5,-254.636,2597.18,-5652.81,7,-746.6,1551.4,0.6878,0.5714,-106.658,1644.8,-2391.4,False
IFB_0770,emapmo_early,short,PRE_RTH,1.0,0.75,6,False,3,54,-925.23,4600.81,0.9467,0.5926,-17.134,16418.38,-17343.61,33,-2475.43,3995.2,0.7998,0.5455,-75.013,9891.58,-12367.01,21,1550.2,2027.6,1.3115,0.6667,73.819,6526.8,-4976.6,False
IFB_0771,emapmo_early,short,PRE_RTH,1.0,0.75,6,True,1,19,-3802.23,3802.23,0.5273,0.5263,-200.118,4241.98,-8044.21,12,-3055.63,3055.63,0.4594,0.5,-254.636,2597.18,-5652.81,7,-746.6,1551.4,0.6878,0.5714,-106.658,1644.8,-2391.4,False
IFB_0772,emapmo_early,short,PRE_RTH,1.0,0.75,6,True,3,54,-925.23,4600.81,0.9467,0.5926,-17.134,16418.38,-17343.61,33,-2475.43,3995.2,0.7998,0.5455,-75.013,9891.58,-12367.01,21,1550.2,2027.6,1.3115,0.6667,73.819,6526.8,-4976.6,False
IFB_0773,emapmo_early,short,PRE_RTH,1.0,0.75,12,False,1,19,-3242.2,3762.8,0.6142,0.5263,-170.642,5162.0,-8404.2,12,-2795.6,3109.0,0.5351,0.5,-232.967,3217.2,-6012.8,7,-446.6,1403.8,0.8132,0.5714,-63.8,1944.8,-2391.4,False
IFB_0774,emapmo_early,short,PRE_RTH,1.0,0.75,12,False,3,54,-2205.2,5592.2,0.8839,0.5741,-40.837,16792.2,-18997.4,33,-4075.4,4920.8,0.7095,0.5152,-123.497,9955.4,-14030.8,21,1870.2,2017.6,1.3766,0.6667,89.057,6836.8,-4966.6,False
IFB_0775,emapmo_early,short,PRE_RTH,1.0,0.75,12,True,1,19,-3242.2,3762.8,0.6142,0.5263,-170.642,5162.0,-8404.2,12,-2795.6,3109.0,0.5351,0.5,-232.967,3217.2,-6012.8,7,-446.6,1403.8,0.8132,0.5714,-63.8,1944.8,-2391.4,False
IFB_0776,emapmo_early,short,PRE_RTH,1.0,0.75,12,True,3,54,-2205.2,5592.2,0.8839,0.5741,-40.837,16792.2,-18997.4,33,-4075.4,4920.8,0.7095,0.5152,-123.497,9955.4,-14030.8,21,1870.2,2017.6,1.3766,0.6667,89.057,6836.8,-4966.6,False
IFB_0777,emapmo_early,short,PRE_RTH,1.0,0.75,24,False,1,19,-3242.2,3762.8,0.6142,0.5263,-170.642,5162.0,-8404.2,12,-2795.6,3109.0,0.5351,0.5,-232.967,3217.2,-6012.8,7,-446.6,1403.8,0.8132,0.5714,-63.8,1944.8,-2391.4,False
IFB_0778,emapmo_early,short,PRE_RTH,1.0,0.75,24,False,3,54,-2205.2,5592.2,0.8839,0.5741,-40.837,16792.2,-18997.4,33,-4075.4,4920.8,0.7095,0.5152,-123.497,9955.4,-14030.8,21,1870.2,2017.6,1.3766,0.6667,89.057,6836.8,-4966.6,False
IFB_0779,emapmo_early,short,PRE_RTH,1.0,0.75,24,True,1,19,-3242.2,3762.8,0.6142,0.5263,-170.642,5162.0,-8404.2,12,-2795.6,3109.0,0.5351,0.5,-232.967,3217.2,-6012.8,7,-446.6,1403.8,0.8132,0.5714,-63.8,1944.8,-2391.4,False
IFB_0780,emapmo_early,short,PRE_RTH,1.0,0.75,24,True,3,54,-2205.2,5592.2,0.8839,0.5741,-40.837,16792.2,-18997.4,33,-4075.4,4920.8,0.7095,0.5152,-123.497,9955.4,-14030.8,21,1870.2,2017.6,1.3766,0.6667,89.057,6836.8,-4966.6,False
IFB_0781,emapmo_early,short,PRE_RTH,1.0,1.0,6,False,1,19,-2502.23,3172.81,0.6889,0.5263,-131.697,5541.98,-8044.21,12,-2245.63,2519.01,0.6027,0.5,-187.136,3407.18,-5652.81,7,-256.6,1551.4,0.8927,0.5714,-36.658,2134.8,-2391.4,False
IFB_0782,emapmo_early,short,PRE_RTH,1.0,1.0,6,False,3,53,1798.59,4750.79,1.1004,0.566,33.936,19716.0,-17917.41,33,634.59,3995.2,1.0543,0.5758,19.23,12317.8,-11683.21,20,1164.0,2480.4,1.1867,0.55,58.2,7398.2,-6234.2,False
IFB_0783,emapmo_early,short,PRE_RTH,1.0,1.0,6,True,1,19,-2502.23,3172.81,0.6889,0.5263,-131.697,5541.98,-8044.21,12,-2245.63,2519.01,0.6027,0.5,-187.136,3407.18,-5652.81,7,-256.6,1551.4,0.8927,0.5714,-36.658,2134.8,-2391.4,False
IFB_0784,emapmo_early,short,PRE_RTH,1.0,1.0,6,True,3,53,1798.59,4750.79,1.1004,0.566,33.936,19716.0,-17917.41,33,634.59,3995.2,1.0543,0.5758,19.23,12317.8,-11683.21,20,1164.0,2480.4,1.1867,0.55,58.2,7398.2,-6234.2,False
IFB_0785,emapmo_early,short,PRE_RTH,1.0,1.0,12,False,1,19,-1512.2,3532.8,0.8201,0.5263,-79.589,6892.0,-8404.2,12,-1715.6,2879.0,0.7147,0.5,-142.967,4297.2,-6012.8,7,203.4,1403.8,1.0851,0.5714,29.057,2594.8,-2391.4,False
IFB_0786,emapmo_early,short,PRE_RTH,1.0,1.0,12,False,3,53,1488.6,5764.6,1.0761,0.5472,28.087,21039.8,-19551.2,33,-1075.4,4603.22,0.9192,0.5455,-32.588,12241.6,-13317.0,20,2564.0,1591.4,1.4113,0.55,128.2,8798.2,-6234.2,False
IFB_0787,emapmo_early,short,PRE_RTH,1.0,1.0,12,True,1,19,-1512.2,3532.8,0.8201,0.5263,-79.589,6892.0,-8404.2,12,-1715.6,2879.0,0.7147,0.5,-142.967,4297.2,-6012.8,7,203.4,1403.8,1.0851,0.5714,29.057,2594.8,-2391.4,False
IFB_0788,emapmo_early,short,PRE_RTH,1.0,1.0,12,True,3,53,1488.6,5764.6,1.0761,0.5472,28.087,21039.8,-19551.2,33,-1075.4,4603.22,0.9192,0.5455,-32.588,12241.6,-13317.0,20,2564.0,1591.4,1.4113,0.55,128.2,8798.2,-6234.2,False
IFB_0789,emapmo_early,short,PRE_RTH,1.0,1.0,24,False,1,19,-1512.2,3532.8,0.8201,0.5263,-79.589,6892.0,-8404.2,12,-1715.6,2879.0,0.7147,0.5,-142.967,4297.2,-6012.8,7,203.4,1403.8,1.0851,0.5714,29.057,2594.8,-2391.4,False
IFB_0790,emapmo_early,short,PRE_RTH,1.0,1.0,24,False,3,53,3178.6,4429.0,1.1626,0.5472,59.974,22729.8,-19551.2,33,614.6,4429.0,1.0462,0.5455,18.624,13931.6,-13317.0,20,2564.0,1591.4,1.4113,0.55,128.2,8798.2,-6234.2,False
IFB_0791,emapmo_early,short,PRE_RTH,1.0,1.0,24,True,1,19,-1512.2,3532.8,0.8201,0.5263,-79.589,6892.0,-8404.2,12,-1715.6,2879.0,0.7147,0.5,-142.967,4297.2,-6012.8,7,203.4,1403.8,1.0851,0.5714,29.057,2594.8,-2391.4,False
IFB_0792,emapmo_early,short,PRE_RTH,1.0,1.0,24,True,3,53,3178.6,4429.0,1.1626,0.5472,59.974,22729.8,-19551.2,33,614.6,4429.0,1.0462,0.5455,18.624,13931.6,-13317.0,20,2564.0,1591.4,1.4113,0.55,128.2,8798.2,-6234.2,False
IFB_0793,emapmo_early,short,PRE_RTH,1.5,1.0,6,False,1,19,-1952.24,4855.62,0.7763,0.6316,-102.75,6774.38,-8726.62,12,-515.64,3419.02,0.9,0.6667,-42.97,4639.58,-5155.22,7,-1436.6,2401.4,0.5977,0.5714,-205.229,2134.8,-3571.4,False
IFB_0794,emapmo_early,short,PRE_RTH,1.5,1.0,6,False,3,50,3709.98,4657.02,1.2222,0.64,74.2,20408.39,-16698.41,30,2376.01,4595.2,1.2419,0.6333,79.2,12197.8,-9821.79,20,1333.97,3027.6,1.194,0.65,66.699,8210.59,-6876.62,False
IFB_0795,emapmo_early,short,PRE_RTH,1.5,1.0,6,True,1,19,-1952.24,4855.62,0.7763,0.6316,-102.75,6774.38,-8726.62,12,-515.64,3419.02,0.9,0.6667,-42.97,4639.58,-5155.22,7,-1436.6,2401.4,0.5977,0.5714,-205.229,2134.8,-3571.4,False
IFB_0796,emapmo_early,short,PRE_RTH,1.5,1.0,6,True,3,50,3709.98,4657.02,1.2222,0.64,74.2,20408.39,-16698.41,30,2376.01,4595.2,1.2419,0.6333,79.2,12197.8,-9821.79,20,1333.97,3027.6,1.194,0.65,66.699,8210.59,-6876.62,False
IFB_0797,emapmo_early,short,PRE_RTH,1.5,1.0,12,False,1,19,-342.19,3852.8,0.9629,0.6842,-18.01,8880.6,-9222.79,12,634.41,2869.0,1.1123,0.75,52.867,6285.8,-5651.39,7,-976.6,2093.8,0.7265,0.5714,-139.514,2594.8,-3571.4,False
IFB_0798,emapmo_early,short,PRE_RTH,1.5,1.0,12,False,3,49,4963.79,5549.01,1.2729,0.6735,101.302,23154.59,-18190.8,30,3806.01,5549.01,1.3642,0.7333,126.867,14256.39,-10450.38,19,1157.78,2209.0,1.1496,0.5789,60.936,8898.2,-7740.42,False
IFB_0799,emapmo_early,short,PRE_RTH,1.5,1.0,12,True,1,19,-342.19,3852.8,0.9629,0.6842,-18.01,8880.6,-9222.79,12,634.41,2869.0,1.1123,0.75,52.867,6285.8,-5651.39,7,-976.6,2093.8,0.7265,0.5714,-139.514,2594.8,-3571.4,False
IFB_0800,emapmo_early,short,PRE_RTH,1.5,1.0,12,True,3,49,4963.79,5549.01,1.2729,0.6735,101.302,23154.59,-18190.8,30,3806.01,5549.01,1.3642,0.7333,126.867,14256.39,-10450.38,19,1157.78,2209.0,1.1496,0.5789,60.936,8898.2,-7740.42,False
IFB_0801,emapmo_early,short,PRE_RTH,1.5,1.0,24,False,1,19,477.78,3852.8,1.0569,0.6842,25.146,8880.6,-8402.82,12,1454.38,2869.0,1.301,0.75,121.198,6285.8,-4831.42,7,-976.6,2093.8,0.7265,0.5714,-139.514,2594.8,-3571.4,False
IFB_0802,emapmo_early,short,PRE_RTH,1.5,1.0,24,False,3,47,7161.38,6289.0,1.3975,0.6809,152.37,25178.4,-18017.02,28,5233.58,6289.0,1.5076,0.7143,186.914,15544.0,-10310.42,19,1927.8,2209.0,1.2501,0.6316,101.463,9634.4,-7706.6,False
IFB_0803,emapmo_early,short,PRE_RTH,1.5,1.0,24,True,1,19,477.78,3852.8,1.0569,0.6842,25.146,8880.6,-8402.82,12,1454.38,2869.0,1.301,0.75,121.198,6285.8,-4831.42,7,-976.6,2093.8,0.7265,0.5714,-139.514,2594.8,-3571.4,False
IFB_0804,emapmo_early,short,PRE_RTH,1.5,1.0,24,True,3,47,7161.38,6289.0,1.3975,0.6809,152.37,25178.4,-18017.02,28,5233.58,6289.0,1.5076,0.7143,186.914,15544.0,-10310.42,19,1927.8,2209.0,1.2501,0.6316,101.463,9634.4,-7706.6,False
IFB_0805,emapmo_early,short,PRE_RTH,1.5,1.5,6,False,1,19,-2952.25,5005.61,0.6981,0.5789,-155.382,6828.17,-9780.42,12,-1415.65,3469.01,0.772,0.5833,-117.971,4793.37,-6209.02,7,-1536.6,2401.4,0.5697,0.5714,-219.515,2034.8,-3571.4,False
IFB_0806,emapmo_early,short,PRE_RTH,1.5,1.5,6,False,3,48,1777.56,3761.4,1.1071,0.5625,37.032,18367.39,-16589.83,28,1253.57,3761.4,1.1292,0.5714,44.77,10959.2,-9705.63,20,523.99,3007.6,1.0761,0.55,26.199,7408.19,-6884.2,False
IFB_0807,emapmo_early,short,PRE_RTH,1.5,1.5,6,True,1,19,-2952.25,5005.61,0.6981,0.5789,-155.382,6828.17,-9780.42,12,-1415.65,3469.01,0.772,0.5833,-117.971,4793.37,-6209.02,7,-1536.6,2401.4,0.5697,0.5714,-219.515,2034.8,-3571.4,False
IFB_0808,emapmo_early,short,PRE_RTH,1.5,1.5,6,True,3,48,1777.56,3761.4,1.1071,0.5625,37.032,18367.39,-16589.83,28,1253.57,3761.4,1.1292,0.5714,44.77,10959.2,-9705.63,20,523.99,3007.6,1.0761,0.55,26.199,7408.19,-6884.2,False
IFB_0809,emapmo_early,short,PRE_RTH,1.5,1.5,12,False,1,19,-3242.2,5500.4,0.7278,0.5789,-170.642,8668.19,-11910.39,12,-305.6,2563.8,0.9544,0.6667,-25.467,6399.59,-6705.19,7,-2936.6,2936.6,0.4358,0.4286,-419.514,2268.6,-5205.2,False
IFB_0810,emapmo_early,short,PRE_RTH,1.5,1.5,12,False,3,44,1662.8,6130.82,1.0828,0.5909,37.791,21741.21,-20078.41,26,2361.21,5315.2,1.2104,0.6538,90.816,13585.39,-11224.18,18,-698.41,2559.02,0.9211,0.5,-38.801,8155.82,-8854.23,False
IFB_0811,emapmo_early,short,PRE_RTH,1.5,1.5,12,True,1,19,-3242.2,5500.4,0.7278,0.5789,-170.642,8668.19,-11910.39,12,-305.6,2563.8,0.9544,0.6667,-25.467,6399.59,-6705.19,7,-2936.6,2936.6,0.4358,0.4286,-419.514,2268.6,-5205.2,False
IFB_0812,emapmo_early,short,PRE_RTH,1.5,1.5,12,True,3,44,1662.8,6130.82,1.0828,0.5909,37.791,21741.21,-20078.41,26,2361.21,5315.2,1.2104,0.6538,90.816,13585.39,-11224.18,18,-698.41,2559.02,0.9211,0.5,-38.801,8155.82,-8854.23,False
IFB_0813,emapmo_early,short,PRE_RTH,1.5,1.5,24,False,1,19,-2162.22,5500.4,0.8077,0.5263,-113.801,9082.0,-11244.22,12,774.38,2563.8,1.1282,0.5833,64.532,6813.4,-6039.02,7,-2936.6,2936.6,0.4358,0.4286,-419.514,2268.6,-5205.2,False
IFB_0814,emapmo_early,short,PRE_RTH,1.5,1.5,24,False,3,42,5860.36,6459.81,1.282,0.5476,139.532,26642.59,-20782.23,24,2368.78,6142.8,1.1869,0.5417,98.699,15040.6,-12671.82,18,3491.58,2929.01,1.4305,0.5556,193.977,11601.99,-8110.41,False
IFB_0815,emapmo_early,short,PRE_RTH,1.5,1.5,24,True,1,19,-2162.22,5500.4,0.8077,0.5263,-113.801,9082.0,-11244.22,12,774.38,2563.8,1.1282,0.5833,64.532,6813.4,-6039.02,7,-2936.6,2936.6,0.4358,0.4286,-419.514,2268.6,-5205.2,False
IFB_0816,emapmo_early,short,PRE_RTH,1.5,1.5,24,True,3,42,5860.36,6459.81,1.282,0.5476,139.532,26642.59,-20782.23,24,2368.78,6142.8,1.1869,0.5417,98.699,15040.6,-12671.82,18,3491.58,2929.01,1.4305,0.5556,193.977,11601.99,-8110.41,False
IFB_0817,emapmo_early,short,RTH,1.0,0.75,6,False,1,18,-1048.42,3895.62,0.8602,0.5556,-58.246,6451.98,-7500.4,11,-3241.82,3241.82,0.4545,0.4545,-294.711,2700.98,-5942.8,7,2193.4,903.8,2.4082,0.7143,313.343,3751.0,-1557.6,False
IFB_0818,emapmo_early,short,RTH,1.0,0.75,6,False,3,48,-692.42,6115.0,0.9602,0.5625,-14.425,16687.38,-17379.8,28,-3976.42,5199.4,0.6682,0.5,-142.015,8006.78,-11983.2,20,3284.0,2581.4,1.6085,0.65,164.2,8680.6,-5396.6,False
IFB_0819,emapmo_early,short,RTH,1.0,0.75,6,True,1,18,-1048.42,3895.62,0.8602,0.5556,-58.246,6451.98,-7500.4,11,-3241.82,3241.82,0.4545,0.4545,-294.711,2700.98,-5942.8,7,2193.4,903.8,2.4082,0.7143,313.343,3751.0,-1557.6,False
IFB_0820,emapmo_early,short,RTH,1.0,0.75,6,True,3,48,-692.42,6115.0,0.9602,0.5625,-14.425,16687.38,-17379.8,28,-3976.42,5199.4,0.6682,0.5,-142.015,8006.78,-11983.2,20,3284.0,2581.4,1.6085,0.65,164.2,8680.6,-5396.6,False
IFB_0821,emapmo_early,short,RTH,1.0,0.75,12,False,1,18,-428.4,3275.6,0.9429,0.5556,-23.8,7072.0,-7500.4,11,-2621.8,2621.8,0.5588,0.4545,-238.345,3321.0,-5942.8,7,2193.4,903.8,2.4082,0.7143,313.343,3751.0,-1557.6,False
IFB_0822,emapmo_early,short,RTH,1.0,0.75,12,False,3,48,-1932.4,6858.2,0.8966,0.5417,-40.258,16751.2,-18683.6,28,-5216.4,5942.6,0.6074,0.4643,-186.3,8070.6,-13287.0,20,3284.0,2581.4,1.6085,0.65,164.2,8680.6,-5396.6,False
IFB_0823,emapmo_early,short,RTH,1.0,0.75,12,True,1,18,-428.4,3275.6,0.9429,0.5556,-23.8,7072.0,-7500.4,11,-2621.8,2621.8,0.5588,0.4545,-238.345,3321.0,-5942.8,7,2193.4,903.8,2.4082,0.7143,313.343,3751.0,-1557.6,False
IFB_0824,emapmo_early,short,RTH,1.0,0.75,12,True,3,48,-1932.4,6858.2,0.8966,0.5417,-40.258,16751.2,-18683.6,28,-5216.4,5942.6,0.6074,0.4643,-186.3,8070.6,-13287.0,20,3284.0,2581.4,1.6085,0.65,164.2,8680.6,-5396.6,False
IFB_0825,emapmo_early,short,RTH,1.0,0.75,24,False,1,18,-428.4,3275.6,0.9429,0.5556,-23.8,7072.0,-7500.4,11,-2621.8,2621.8,0.5588,0.4545,-238.345,3321.0,-5942.8,7,2193.4,903.8,2.4082,0.7143,313.343,3751.0,-1557.6,False
IFB_0826,emapmo_early,short,RTH,1.0,0.75,24,False,3,48,-1932.4,6858.2,0.8966,0.5417,-40.258,16751.2,-18683.6,28,-5216.4,5942.6,0.6074,0.4643,-186.3,8070.6,-13287.0,20,3284.0,2581.4,1.6085,0.65,164.2,8680.6,-5396.6,False
IFB_0827,emapmo_early,short,RTH,1.0,0.75,24,True,1,18,-428.4,3275.6,0.9429,0.5556,-23.8,7072.0,-7500.4,11,-2621.8,2621.8,0.5588,0.4545,-238.345,3321.0,-5942.8,7,2193.4,903.8,2.4082,0.7143,313.343,3751.0,-1557.6,False
IFB_0828,emapmo_early,short,RTH,1.0,0.75,24,True,3,48,-1932.4,6858.2,0.8966,0.5417,-40.258,16751.2,-18683.6,28,-5216.4,5942.6,0.6074,0.4643,-186.3,8070.6,-13287.0,20,3284.0,2581.4,1.6085,0.65,164.2,8680.6,-5396.6,False
IFB_0829,emapmo_early,short,RTH,1.0,1.0,6,False,1,18,211.56,3045.62,1.0282,0.5556,11.753,7711.96,-7500.4,11,-2391.82,2391.82,0.5975,0.4545,-217.438,3550.98,-5942.8,7,2603.38,903.8,2.6714,0.7143,371.911,4160.98,-1557.6,False
IFB_0830,emapmo_early,short,RTH,1.0,1.0,6,False,3,46,2975.17,4710.78,1.1869,0.587,64.678,18897.37,-15922.2,28,-76.4,3995.2,0.9927,0.5714,-2.729,10449.2,-10525.6,18,3051.57,2581.4,1.5655,0.6111,169.532,8448.17,-5396.6,False
IFB_0831,emapmo_early,short,RTH,1.0,1.0,6,True,1,18,211.56,3045.62,1.0282,0.5556,11.753,7711.96,-7500.4,11,-2391.82,2391.82,0.5975,0.4545,-217.438,3550.98,-5942.8,7,2603.38,903.8,2.6714,0.7143,371.911,4160.98,-1557.6,False
IFB_0832,emapmo_early,short,RTH,1.0,1.0,6,True,3,46,2975.17,4710.78,1.1869,0.587,64.678,18897.37,-15922.2,28,-76.4,3995.2,0.9927,0.5714,-2.729,10449.2,-10525.6,18,3051.57,2581.4,1.5655,0.6111,169.532,8448.17,-5396.6,False
IFB_0833,emapmo_early,short,RTH,1.0,1.0,12,False,1,18,1941.6,2672.8,1.2589,0.5556,107.867,9442.0,-7500.4,11,-1501.8,2019.0,0.7473,0.4545,-136.527,4441.0,-5942.8,7,3443.4,903.8,3.2107,0.7143,491.914,5001.0,-1557.6,False
IFB_0834,emapmo_early,short,RTH,1.0,1.0,12,False,3,46,2955.19,5514.6,1.1719,0.5652,64.243,20151.19,-17196.0,28,-1576.4,4429.0,0.8664,0.5357,-56.3,10223.0,-11799.4,18,4531.59,2581.4,1.8397,0.6111,251.755,9928.19,-5396.6,False
IFB_0835,emapmo_early,short,RTH,1.0,1.0,12,True,1,18,1941.6,2672.8,1.2589,0.5556,107.867,9442.0,-7500.4,11,-1501.8,2019.0,0.7473,0.4545,-136.527,4441.0,-5942.8,7,3443.4,903.8,3.2107,0.7143,491.914,5001.0,-1557.6,False
IFB_0836,emapmo_early,short,RTH,1.0,1.0,12,True,3,46,2955.19,5514.6,1.1719,0.5652,64.243,20151.19,-17196.0,28,-1576.4,4429.0,0.8664,0.5357,-56.3,10223.0,-11799.4,18,4531.59,2581.4,1.8397,0.6111,251.755,9928.19,-5396.6,False
IFB_0837,emapmo_early,short,RTH,1.0,1.0,24,False,1,18,1941.6,2672.8,1.2589,0.5556,107.867,9442.0,-7500.4,11,-1501.8,2019.0,0.7473,0.4545,-136.527,4441.0,-5942.8,7,3443.4,903.8,3.2107,0.7143,491.914,5001.0,-1557.6,False
IFB_0838,emapmo_early,short,RTH,1.0,1.0,24,False,3,45,4329.0,4429.0,1.2517,0.5556,96.2,21525.0,-17196.0,27,-382.6,4429.0,0.9676,0.5185,-14.17,11416.8,-11799.4,18,4711.6,2581.4,1.8731,0.6111,261.756,10108.2,-5396.6,False
IFB_0839,emapmo_early,short,RTH,1.0,1.0,24,True,1,18,1941.6,2672.8,1.2589,0.5556,107.867,9442.0,-7500.4,11,-1501.8,2019.0,0.7473,0.4545,-136.527,4441.0,-5942.8,7,3443.4,903.8,3.2107,0.7143,491.914,5001.0,-1557.6,False
IFB_0840,emapmo_early,short,RTH,1.0,1.0,24,True,3,45,4329.0,4429.0,1.2517,0.5556,96.2,21525.0,-17196.0,27,-382.6,4429.0,0.9676,0.5185,-14.17,11416.8,-11799.4,18,4711.6,2581.4,1.8731,0.6111,261.756,10108.2,-5396.6,False
IFB_0841,emapmo_early,short,RTH,1.5,1.0,6,False,1,18,551.55,4214.23,1.0711,0.6667,30.641,8304.36,-7752.81,11,-2631.83,3230.43,0.6112,0.5455,-239.257,4137.18,-6769.01,7,3183.38,983.8,4.2358,0.8571,454.768,4167.18,-983.8,False
IFB_0842,emapmo_early,short,RTH,1.5,1.0,6,False,3,44,4572.76,4907.01,1.3225,0.6364,103.926,18753.57,-14180.81,26,731.2,4595.2,1.0757,0.6154,28.123,10389.2,-9658.0,18,3841.56,2331.4,1.8494,0.6667,213.42,8364.37,-4522.81,False
IFB_0843,emapmo_early,short,RTH,1.5,1.0,6,True,1,18,551.55,4214.23,1.0711,0.6667,30.641,8304.36,-7752.81,11,-2631.83,3230.43,0.6112,0.5455,-239.257,4137.18,-6769.01,7,3183.38,983.8,4.2358,0.8571,454.768,4167.18,-983.8,False
IFB_0844,emapmo_early,short,RTH,1.5,1.0,6,True,3,44,4572.76,4907.01,1.3225,0.6364,103.926,18753.57,-14180.81,26,731.2,4595.2,1.0757,0.6154,28.123,10389.2,-9658.0,18,3841.56,2331.4,1.8494,0.6667,213.42,8364.37,-4522.81,False
IFB_0845,emapmo_early,short,RTH,1.5,1.0,12,False,1,18,11.61,4802.8,1.0012,0.6111,0.645,10028.2,-10016.59,11,-2641.79,3819.0,0.6555,0.5455,-240.163,5027.2,-7668.99,7,2653.4,1363.8,2.1303,0.7143,379.057,5001.0,-2347.6,False
IFB_0846,emapmo_early,short,RTH,1.5,1.0,12,False,3,43,4256.57,7123.63,1.2609,0.6512,98.99,20573.58,-16317.01,26,-458.79,5559.43,0.9594,0.6538,-17.646,10855.39,-11314.18,17,4715.36,2647.6,1.9425,0.6471,277.374,9718.19,-5002.83,False
IFB_0847,emapmo_early,short,RTH,1.5,1.0,12,True,1,18,11.61,4802.8,1.0012,0.6111,0.645,10028.2,-10016.59,11,-2641.79,3819.0,0.6555,0.5455,-240.163,5027.2,-7668.99,7,2653.4,1363.8,2.1303,0.7143,379.057,5001.0,-2347.6,False
IFB_0848,emapmo_early,short,RTH,1.5,1.0,12,True,3,43,4256.57,7123.63,1.2609,0.6512,98.99,20573.58,-16317.01,26,-458.79,5559.43,0.9594,0.6538,-17.646,10855.39,-11314.18,17,4715.36,2647.6,1.9425,0.6471,277.374,9718.19,-5002.83,False
IFB_0849,emapmo_early,short,RTH,1.5,1.0,24,False,1,18,831.58,4802.8,1.0904,0.6111,46.199,10028.2,-9196.62,11,-1821.82,3819.0,0.734,0.5455,-165.62,5027.2,-6849.02,7,2653.4,1363.8,2.1303,0.7143,379.057,5001.0,-2347.6,False
IFB_0850,emapmo_early,short,RTH,1.5,1.0,24,False,3,40,7967.98,6289.0,1.5188,0.675,199.2,23327.4,-15359.42,23,472.58,6289.0,1.0423,0.6087,20.547,11646.8,-11174.22,17,7495.4,2647.6,2.7909,0.7647,440.906,11680.6,-4185.2,False
IFB_0851,emapmo_early,short,RTH,1.5,1.0,24,True,1,18,831.58,4802.8,1.0904,0.6111,46.199,10028.2,-9196.62,11,-1821.82,3819.0,0.734,0.5455,-165.62,5027.2,-6849.02,7,2653.4,1363.8,2.1303,0.7143,379.057,5001.0,-2347.6,False
IFB_0852,emapmo_early,short,RTH,1.5,1.0,24,True,3,40,7967.98,6289.0,1.5188,0.675,199.2,23327.4,-15359.42,23,472.58,6289.0,1.0423,0.6087,20.547,11646.8,-11174.22,17,7495.4,2647.6,2.7909,0.7647,440.906,11680.6,-4185.2,False
IFB_0853,emapmo_early,short,RTH,1.5,1.5,6,False,1,18,2751.57,3402.81,1.3549,0.6667,152.865,10504.38,-7752.81,11,-1111.81,2419.01,0.8358,0.5455,-101.074,5657.2,-6769.01,7,3863.38,983.8,4.927,0.8571,551.911,4847.18,-983.8,False
IFB_0854,emapmo_early,short,RTH,1.5,1.5,6,False,3,42,2820.31,3889.43,1.2221,0.5714,67.15,15518.75,-12698.44,25,364.97,3761.4,1.0401,0.56,14.599,9476.79,-9111.82,17,2455.34,1517.62,1.6846,0.5882,144.432,6041.96,-3586.62,False
IFB_0855,emapmo_early,short,RTH,1.5,1.5,6,True,1,18,2751.57,3402.81,1.3549,0.6667,152.865,10504.38,-7752.81,11,-1111.81,2419.01,0.8358,0.5455,-101.074,5657.2,-6769.01,7,3863.38,983.8,4.927,0.8571,551.911,4847.18,-983.8,False
IFB_0856,emapmo_early,short,RTH,1.5,1.5,6,True,3,42,2820.31,3889.43,1.2221,0.5714,67.15,15518.75,-12698.44,25,364.97,3761.4,1.0401,0.56,14.599,9476.79,-9111.82,17,2455.34,1517.62,1.6846,0.5882,144.432,6041.96,-3586.62,False
IFB_0857,emapmo_early,short,RTH,1.5,1.5,12,False,1,18,-418.37,6384.2,0.9641,0.5556,-23.243,11232.02,-11650.39,11,-1021.79,3029.0,0.8668,0.5455,-92.89,6647.2,-7668.99,7,603.42,3355.2,1.1516,0.5714,86.203,4584.82,-3981.4,False
IFB_0858,emapmo_early,short,RTH,1.5,1.5,12,False,3,38,4335.61,7352.21,1.2649,0.6053,114.095,20702.62,-16367.01,24,1708.82,5315.2,1.1549,0.625,71.201,12743.0,-11034.18,14,2626.79,3226.61,1.4926,0.5714,187.628,7959.62,-5332.83,False
IFB_0859,emapmo_early,short,RTH,1.5,1.5,12,True,1,18,-418.37,6384.2,0.9641,0.5556,-23.243,11232.02,-11650.39,11,-1021.79,3029.0,0.8668,0.5455,-92.89,6647.2,-7668.99,7,603.42,3355.2,1.1516,0.5714,86.203,4584.82,-3981.4,False
IFB_0860,emapmo_early,short,RTH,1.5,1.5,12,True,3,38,4335.61,7352.21,1.2649,0.6053,114.095,20702.62,-16367.01,24,1708.82,5315.2,1.1549,0.625,71.201,12743.0,-11034.18,14,2626.79,3226.61,1.4926,0.5714,187.628,7959.62,-5332.83,False
IFB_0861,emapmo_early,short,RTH,1.5,1.5,24,False,1,18,671.57,6538.0,1.0611,0.5,37.309,11655.79,-10984.22,11,-1051.82,3182.8,0.8498,0.4545,-95.62,5951.0,-7002.82,7,1723.39,3355.2,1.4329,0.5714,246.199,5704.79,-3981.4,False
IFB_0862,emapmo_early,short,RTH,1.5,1.5,24,False,3,33,4654.56,8706.01,1.2727,0.5152,141.047,21725.39,-17070.83,21,-129.82,6142.8,0.9896,0.4762,-6.182,12352.0,-12481.82,12,4784.38,3605.21,2.0426,0.5833,398.698,9373.39,-4589.01,False
IFB_0863,emapmo_early,short,RTH,1.5,1.5,24,True,1,18,671.57,6538.0,1.0611,0.5,37.309,11655.79,-10984.22,11,-1051.82,3182.8,0.8498,0.4545,-95.62,5951.0,-7002.82,7,1723.39,3355.2,1.4329,0.5714,246.199,5704.79,-3981.4,False
IFB_0864,emapmo_early,short,RTH,1.5,1.5,24,True,3,33,4654.56,8706.01,1.2727,0.5152,141.047,21725.39,-17070.83,21,-129.82,6142.8,0.9896,0.4762,-6.182,12352.0,-12481.82,12,4784.38,3605.21,2.0426,0.5833,398.698,9373.39,-4589.01,False
IFB_0865,kdjma,both,ALL,1.0,0.75,6,False,1,51,-803.79,4520.19,0.9278,0.549,-15.761,10323.6,-11127.39,35,1227.02,3045.58,1.1978,0.6,35.058,7430.2,-6203.18,16,-2030.81,2128.01,0.5876,0.4375,-126.926,2893.4,-4924.21,False
IFB_0866,kdjma,both,ALL,1.0,0.75,6,False,3,151,-2673.78,10190.59,0.9267,0.5563,-17.707,33790.8,-36464.58,105,2311.03,6924.38,1.1035,0.5905,22.01,24644.4,-22333.37,46,-4984.81,4984.81,0.6472,0.4783,-108.365,9146.4,-14131.21,False
IFB_0867,kdjma,both,ALL,1.0,0.75,6,True,1,51,-803.79,4520.19,0.9278,0.549,-15.761,10323.6,-11127.39,35,1227.02,3045.58,1.1978,0.6,35.058,7430.2,-6203.18,16,-2030.81,2128.01,0.5876,0.4375,-126.926,2893.4,-4924.21,False
IFB_0868,kdjma,both,ALL,1.0,0.75,6,True,3,151,-2673.78,10190.59,0.9267,0.5563,-17.707,33790.8,-36464.58,105,2311.03,6924.38,1.1035,0.5905,22.01,24644.4,-22333.37,46,-4984.81,4984.81,0.6472,0.4783,-108.365,9146.4,-14131.21,False
IFB_0869,kdjma,both,ALL,1.0,0.75,12,False,1,51,-1523.8,5240.2,0.8714,0.549,-29.878,10323.6,-11847.4,35,887.0,3385.6,1.1356,0.6,25.343,7430.2,-6543.2,16,-2410.8,2508.0,0.5455,0.4375,-150.675,2893.4,-5304.2,False
IFB_0870,kdjma,both,ALL,1.0,0.75,12,False,3,151,-2423.8,10410.6,0.9344,0.5629,-16.052,34507.0,-36930.8,105,2941.0,6764.4,1.1312,0.6,28.01,25360.6,-22419.6,46,-5364.8,5364.8,0.6303,0.4783,-116.626,9146.4,-14511.2,False
IFB_0871,kdjma,both,ALL,1.0,0.75,12,True,1,51,-1523.8,5240.2,0.8714,0.549,-29.878,10323.6,-11847.4,35,887.0,3385.6,1.1356,0.6,25.343,7430.2,-6543.2,16,-2410.8,2508.0,0.5455,0.4375,-150.675,2893.4,-5304.2,False
IFB_0872,kdjma,both,ALL,1.0,0.75,12,True,3,151,-2423.8,10410.6,0.9344,0.5629,-16.052,34507.0,-36930.8,105,2941.0,6764.4,1.1312,0.6,28.01,25360.6,-22419.6,46,-5364.8,5364.8,0.6303,0.4783,-116.626,9146.4,-14511.2,False
IFB_0873,kdjma,both,ALL,1.0,0.75,24,False,1,51,-1523.8,5240.2,0.8714,0.549,-29.878,10323.6,-11847.4,35,887.0,3385.6,1.1356,0.6,25.343,7430.2,-6543.2,16,-2410.8,2508.0,0.5455,0.4375,-150.675,2893.4,-5304.2,False
IFB_0874,kdjma,both,ALL,1.0,0.75,24,False,3,151,-2423.8,10410.6,0.9344,0.5629,-16.052,34507.0,-36930.8,105,2941.0,6764.4,1.1312,0.6,28.01,25360.6,-22419.6,46,-5364.8,5364.8,0.6303,0.4783,-116.626,9146.4,-14511.2,False
IFB_0875,kdjma,both,ALL,1.0,0.75,24,True,1,51,-1523.8,5240.2,0.8714,0.549,-29.878,10323.6,-11847.4,35,887.0,3385.6,1.1356,0.6,25.343,7430.2,-6543.2,16,-2410.8,2508.0,0.5455,0.4375,-150.675,2893.4,-5304.2,False
IFB_0876,kdjma,both,ALL,1.0,0.75,24,True,3,151,-2423.8,10410.6,0.9344,0.5629,-16.052,34507.0,-36930.8,105,2941.0,6764.4,1.1312,0.6,28.01,25360.6,-22419.6,46,-5364.8,5364.8,0.6303,0.4783,-116.626,9146.4,-14511.2,False
IFB_0877,kdjma,both,ALL,1.0,1.0,6,False,1,51,-743.79,3840.19,0.9421,0.4706,-14.584,12098.8,-12842.59,35,1167.02,2817.98,1.1559,0.5143,33.343,8651.6,-7484.58,16,-1910.81,2829.01,0.6434,0.375,-119.426,3447.2,-5358.01,False
IFB_0878,kdjma,both,ALL,1.0,1.0,6,False,3,150,820.04,7573.01,1.0207,0.5,5.467,40424.99,-39604.95,104,4954.85,5736.8,1.2035,0.5288,47.643,29300.99,-24346.14,46,-4134.81,4513.21,0.729,0.4348,-89.887,11124.0,-15258.81,False
IFB_0879,kdjma,both,ALL,1.0,1.0,6,True,1,51,-743.79,3840.19,0.9421,0.4706,-14.584,12098.8,-12842.59,35,1167.02,2817.98,1.1559,0.5143,33.343,8651.6,-7484.58,16,-1910.81,2829.01,0.6434,0.375,-119.426,3447.2,-5358.01,False
IFB_0880,kdjma,both,ALL,1.0,1.0,6,True,3,150,820.04,7573.01,1.0207,0.5,5.467,40424.99,-39604.95,104,4954.85,5736.8,1.2035,0.5288,47.643,29300.99,-24346.14,46,-4134.81,4513.21,0.729,0.4348,-89.887,11124.0,-15258.81,False
IFB_0881,kdjma,both,ALL,1.0,1.0,12,False,1,51,-1463.8,4560.2,0.8921,0.4706,-28.702,12098.8,-13562.6,35,827.0,3158.0,1.1057,0.5143,23.629,8651.6,-7824.6,16,-2290.8,3209.0,0.6008,0.375,-143.175,3447.2,-5738.0,False
IFB_0882,kdjma,both,ALL,1.0,1.0,12,False,3,150,2330.0,6943.0,1.0576,0.5133,15.533,42747.4,-40417.4,104,6844.8,4726.8,1.2762,0.5481,65.815,31623.4,-24778.6,46,-4514.8,4893.2,0.7113,0.4348,-98.148,11124.0,-15638.8,False
IFB_0883,kdjma,both,ALL,1.0,1.0,12,True,1,51,-1463.8,4560.2,0.8921,0.4706,-28.702,12098.8,-13562.6,35,827.0,3158.0,1.1057,0.5143,23.629,8651.6,-7824.6,16,-2290.8,3209.0,0.6008,0.375,-143.175,3447.2,-5738.0,False
IFB_0884,kdjma,both,ALL,1.0,1.0,12,True,3,150,2330.0,6943.0,1.0576,0.5133,15.533,42747.4,-40417.4,104,6844.8,4726.8,1.2762,0.5481,65.815,31623.4,-24778.6,46,-4514.8,4893.2,0.7113,0.4348,-98.148,11124.0,-15638.8,False
IFB_0885,kdjma,both,ALL,1.0,1.0,24,False,1,51,-1463.8,4560.2,0.8921,0.4706,-28.702,12098.8,-13562.6,35,827.0,3158.0,1.1057,0.5143,23.629,8651.6,-7824.6,16,-2290.8,3209.0,0.6008,0.375,-143.175,3447.2,-5738.0,False
IFB_0886,kdjma,both,ALL,1.0,1.0,24,False,3,150,2330.0,6943.0,1.0576,0.5133,15.533,42747.4,-40417.4,104,6844.8,4726.8,1.2762,0.5481,65.815,31623.4,-24778.6,46,-4514.8,4893.2,0.7113,0.4348,-98.148,11124.0,-15638.8,False
IFB_0887,kdjma,both,ALL,1.0,1.0,24,True,1,51,-1463.8,4560.2,0.8921,0.4706,-28.702,12098.8,-13562.6,35,827.0,3158.0,1.1057,0.5143,23.629,8651.6,-7824.6,16,-2290.8,3209.0,0.6008,0.375,-143.175,3447.2,-5738.0,False
IFB_0888,kdjma,both,ALL,1.0,1.0,24,True,3,150,2330.0,6943.0,1.0576,0.5133,15.533,42747.4,-40417.4,104,6844.8,4726.8,1.2762,0.5481,65.815,31623.4,-24778.6,46,-4514.8,4893.2,0.7113,0.4348,-98.148,11124.0,-15638.8,False
IFB_0889,kdjma,both,ALL,1.5,1.0,6,False,1,51,-2963.79,6744.39,0.8168,0.5294,-58.114,13217.4,-16181.19,35,757.02,3769.78,1.086,0.5714,21.629,9564.0,-8806.98,16,-3720.81,4168.01,0.4954,0.4375,-232.551,3653.4,-7374.21,False
IFB_0890,kdjma,both,ALL,1.5,1.0,6,False,3,150,-1139.97,12833.0,0.9752,0.5733,-7.6,44853.22,-45993.19,104,6304.83,6614.4,1.2376,0.6058,60.623,32840.61,-26535.78,46,-7444.8,8517.2,0.6174,0.5,-161.843,12012.61,-19457.4,False
IFB_0891,kdjma,both,ALL,1.5,1.0,6,True,1,51,-2963.79,6744.39,0.8168,0.5294,-58.114,13217.4,-16181.19,35,757.02,3769.78,1.086,0.5714,21.629,9564.0,-8806.98,16,-3720.81,4168.01,0.4954,0.4375,-232.551,3653.4,-7374.21,False
IFB_0892,kdjma,both,ALL,1.5,1.0,6,True,3,150,-1139.97,12833.0,0.9752,0.5733,-7.6,44853.22,-45993.19,104,6304.83,6614.4,1.2376,0.6058,60.623,32840.61,-26535.78,46,-7444.8,8517.2,0.6174,0.5,-161.843,12012.61,-19457.4,False
IFB_0893,kdjma,both,ALL,1.5,1.0,12,False,1,51,-4403.79,8244.4,0.7501,0.5294,-86.349,13217.4,-17621.19,35,-292.99,4879.8,0.9703,0.5714,-8.371,9564.0,-9856.99,16,-4110.8,4558.0,0.4705,0.4375,-256.925,3653.4,-7764.2,False
IFB_0894,kdjma,both,ALL,1.5,1.0,12,False,3,150,-459.98,11903.0,0.9905,0.5867,-3.067,47945.58,-48405.56,104,6914.83,5947.8,1.2414,0.625,66.489,35562.98,-28648.15,46,-7374.8,8447.2,0.6267,0.5,-160.322,12382.6,-19757.4,False
IFB_0895,kdjma,both,ALL,1.5,1.0,12,True,1,51,-4403.79,8244.4,0.7501,0.5294,-86.349,13217.4,-17621.19,35,-292.99,4879.8,0.9703,0.5714,-8.371,9564.0,-9856.99,16,-4110.8,4558.0,0.4705,0.4375,-256.925,3653.4,-7764.2,False
IFB_0896,kdjma,both,ALL,1.5,1.0,12,True,3,150,-459.98,11903.0,0.9905,0.5867,-3.067,47945.58,-48405.56,104,6914.83,5947.8,1.2414,0.625,66.489,35562.98,-28648.15,46,-7374.8,8447.2,0.6267,0.5,-160.322,12382.6,-19757.4,False
IFB_0897,kdjma,both,ALL,1.5,1.0,24,False,1,51,-5393.8,8754.4,0.7102,0.5294,-105.761,13217.4,-18611.2,35,-773.0,4879.8,0.9252,0.5714,-22.086,9564.0,-10337.0,16,-4620.8,5068.0,0.4415,0.4375,-288.8,3653.4,-8274.2,False
IFB_0898,kdjma,both,ALL,1.5,1.0,24,False,3,150,-2150.0,12983.0,0.9578,0.5867,-14.333,48835.6,-50985.6,104,6384.8,5597.8,1.2143,0.625,61.392,36183.0,-29798.2,46,-8534.8,9877.2,0.5972,0.5,-185.539,12652.6,-21187.4,False
IFB_0899,kdjma,both,ALL,1.5,1.0,24,True,1,51,-5393.8,8754.4,0.7102,0.5294,-105.761,13217.4,-18611.2,35,-773.0,4879.8,0.9252,0.5714,-22.086,9564.0,-10337.0,16,-4620.8,5068.0,0.4415,0.4375,-288.8,3653.4,-8274.2,False
IFB_0900,kdjma,both,ALL,1.5,1.0,24,True,3,150,-2150.0,12983.0,0.9578,0.5867,-14.333,48835.6,-50985.6,104,6384.8,5597.8,1.2143,0.625,61.392,36183.0,-29798.2,46,-8534.8,9877.2,0.5972,0.5,-185.539,12652.6,-21187.4,False
IFB_0901,kdjma,both,ALL,1.5,1.5,6,False,1,51,716.29,4050.15,1.0433,0.4902,14.045,17245.06,-16528.77,35,2607.1,3285.54,1.2848,0.5143,74.489,11761.66,-9154.56,16,-1890.81,3909.01,0.7436,0.4375,-118.176,5483.4,-7374.21,False
IFB_0902,kdjma,both,ALL,1.5,1.5,6,False,3,150,5800.16,7362.95,1.1168,0.5133,38.668,55467.51,-49667.35,104,8024.97,6984.34,1.2656,0.5192,77.163,38234.91,-30209.94,46,-2224.8,5435.6,0.8857,0.5,-48.365,17232.6,-19457.4,False
IFB_0903,kdjma,both,ALL,1.5,1.5,6,True,1,51,716.29,4050.15,1.0433,0.4902,14.045,17245.06,-16528.77,35,2607.1,3285.54,1.2848,0.5143,74.489,11761.66,-9154.56,16,-1890.81,3909.01,0.7436,0.4375,-118.176,5483.4,-7374.21,False
IFB_0904,kdjma,both,ALL,1.5,1.5,6,True,3,150,5800.16,7362.95,1.1168,0.5133,38.668,55467.51,-49667.35,104,8024.97,6984.34,1.2656,0.5192,77.163,38234.91,-30209.94,46,-2224.8,5435.6,0.8857,0.5,-48.365,17232.6,-19457.4,False
IFB_0905,kdjma,both,ALL,1.5,1.5,12,False,1,51,-3723.82,8040.2,0.8157,0.451,-73.016,16482.59,-20206.41,35,-1443.02,6885.6,0.884,0.4571,-41.229,10999.19,-12442.21,16,-2280.8,4299.0,0.7062,0.4375,-142.55,5483.4,-7764.2,False
IFB_0906,kdjma,both,ALL,1.5,1.5,12,False,3,150,3200.0,10996.79,1.056,0.5,21.333,60314.98,-57114.98,104,5044.8,10996.79,1.135,0.5,48.508,42402.37,-37357.57,46,-1844.8,5735.6,0.9066,0.5,-40.104,17912.6,-19757.4,False
IFB_0907,kdjma,both,ALL,1.5,1.5,12,True,1,51,-3723.82,8040.2,0.8157,0.451,-73.016,16482.59,-20206.41,35,-1443.02,6885.6,0.884,0.4571,-41.229,10999.19,-12442.21,16,-2280.8,4299.0,0.7062,0.4375,-142.55,5483.4,-7764.2,False
IFB_0908,kdjma,both,ALL,1.5,1.5,12,True,3,150,3200.0,10996.79,1.056,0.5,21.333,60314.98,-57114.98,104,5044.8,10996.79,1.135,0.5,48.508,42402.37,-37357.57,46,-1844.8,5735.6,0.9066,0.5,-40.104,17912.6,-19757.4,False
IFB_0909,kdjma,both,ALL,1.5,1.5,24,False,1,51,-6293.8,8550.2,0.7195,0.4314,-123.408,16146.4,-22440.2,35,-3503.0,6885.6,0.7527,0.4286,-100.086,10663.0,-14166.0,16,-2790.8,4809.0,0.6627,0.4375,-174.425,5483.4,-8274.2,False
IFB_0910,kdjma,both,ALL,1.5,1.5,24,False,3,150,1750.01,10382.99,1.0286,0.4933,11.667,62838.81,-61088.8,104,3904.81,10136.79,1.0979,0.4904,37.546,43806.21,-39901.4,46,-2154.8,7165.6,0.8983,0.5,-46.843,19032.6,-21187.4,False
IFB_0911,kdjma,both,ALL,1.5,1.5,24,True,1,51,-6293.8,8550.2,0.7195,0.4314,-123.408,16146.4,-22440.2,35,-3503.0,6885.6,0.7527,0.4286,-100.086,10663.0,-14166.0,16,-2790.8,4809.0,0.6627,0.4375,-174.425,5483.4,-8274.2,False
IFB_0912,kdjma,both,ALL,1.5,1.5,24,True,3,150,1750.01,10382.99,1.0286,0.4933,11.667,62838.81,-61088.8,104,3904.81,10136.79,1.0979,0.4904,37.546,43806.21,-39901.4,46,-2154.8,7165.6,0.8983,0.5,-46.843,19032.6,-21187.4,False
IFB_0913,kdjma,both,PRE_RTH,1.0,0.75,6,False,1,46,2155.2,3720.4,1.1824,0.6087,46.852,13973.6,-11818.4,32,1988.4,3720.4,1.2597,0.625,62.137,9644.0,-7655.6,14,166.8,2299.0,1.0401,0.5714,11.914,4329.6,-4162.8,False
IFB_0914,kdjma,both,PRE_RTH,1.0,0.75,6,False,3,108,1109.58,7393.6,1.0363,0.5926,10.274,31666.79,-30557.21,76,981.18,7393.6,1.0467,0.6053,12.91,21995.19,-21014.01,32,128.4,5085.6,1.0135,0.5625,4.013,9671.6,-9543.2,False
IFB_0915,kdjma,both,PRE_RTH,1.0,0.75,6,True,1,46,2155.2,3720.4,1.1824,0.6087,46.852,13973.6,-11818.4,32,1988.4,3720.4,1.2597,0.625,62.137,9644.0,-7655.6,14,166.8,2299.0,1.0401,0.5714,11.914,4329.6,-4162.8,False
IFB_0916,kdjma,both,PRE_RTH,1.0,0.75,6,True,3,108,1109.58,7393.6,1.0363,0.5926,10.274,31666.79,-30557.21,76,981.18,7393.6,1.0467,0.6053,12.91,21995.19,-21014.01,32,128.4,5085.6,1.0135,0.5625,4.013,9671.6,-9543.2,False
IFB_0917,kdjma,both,PRE_RTH,1.0,0.75,12,False,1,46,2155.2,3720.4,1.1824,0.6087,46.852,13973.6,-11818.4,32,1988.4,3720.4,1.2597,0.625,62.137,9644.0,-7655.6,14,166.8,2299.0,1.0401,0.5714,11.914,4329.6,-4162.8,False
IFB_0918,kdjma,both,PRE_RTH,1.0,0.75,12,False,3,108,599.6,7393.6,1.0191,0.5926,5.552,31946.8,-31347.2,76,471.2,7393.6,1.0216,0.6053,6.2,22275.2,-21804.0,32,128.4,5085.6,1.0135,0.5625,4.013,9671.6,-9543.2,False
IFB_0919,kdjma,both,PRE_RTH,1.0,0.75,12,True,1,46,2155.2,3720.4,1.1824,0.6087,46.852,13973.6,-11818.4,32,1988.4,3720.4,1.2597,0.625,62.137,9644.0,-7655.6,14,166.8,2299.0,1.0401,0.5714,11.914,4329.6,-4162.8,False
IFB_0920,kdjma,both,PRE_RTH,1.0,0.75,12,True,3,108,599.6,7393.6,1.0191,0.5926,5.552,31946.8,-31347.2,76,471.2,7393.6,1.0216,0.6053,6.2,22275.2,-21804.0,32,128.4,5085.6,1.0135,0.5625,4.013,9671.6,-9543.2,False
IFB_0921,kdjma,both,PRE_RTH,1.0,0.75,24,False,1,46,2155.2,3720.4,1.1824,0.6087,46.852,13973.6,-11818.4,32,1988.4,3720.4,1.2597,0.625,62.137,9644.0,-7655.6,14,166.8,2299.0,1.0401,0.5714,11.914,4329.6,-4162.8,False
IFB_0922,kdjma,both,PRE_RTH,1.0,0.75,24,False,3,108,599.6,7393.6,1.0191,0.5926,5.552,31946.8,-31347.2,76,471.2,7393.6,1.0216,0.6053,6.2,22275.2,-21804.0,32,128.4,5085.6,1.0135,0.5625,4.013,9671.6,-9543.2,False
IFB_0923,kdjma,both,PRE_RTH,1.0,0.75,24,True,1,46,2155.2,3720.4,1.1824,0.6087,46.852,13973.6,-11818.4,32,1988.4,3720.4,1.2597,0.625,62.137,9644.0,-7655.6,14,166.8,2299.0,1.0401,0.5714,11.914,4329.6,-4162.8,False
IFB_0924,kdjma,both,PRE_RTH,1.0,0.75,24,True,3,108,599.6,7393.6,1.0191,0.5926,5.552,31946.8,-31347.2,76,471.2,7393.6,1.0216,0.6053,6.2,22275.2,-21804.0,32,128.4,5085.6,1.0135,0.5625,4.013,9671.6,-9543.2,False
IFB_0925,kdjma,both,PRE_RTH,1.0,1.0,6,False,1,46,4265.2,3400.4,1.3252,0.5652,92.722,17381.2,-13116.0,32,2638.4,3400.4,1.2947,0.5625,82.45,11591.6,-8953.2,14,1626.8,2189.0,1.3908,0.5714,116.2,5789.6,-4162.8,False
IFB_0926,kdjma,both,PRE_RTH,1.0,1.0,6,False,3,108,4349.55,7216.43,1.1269,0.537,40.274,38619.58,-34270.03,76,961.15,7216.43,1.0389,0.5263,12.647,25687.98,-24726.83,32,3388.4,4665.6,1.3551,0.5625,105.888,12931.6,-9543.2,False
IFB_0927,kdjma,both,PRE_RTH,1.0,1.0,6,True,1,46,4265.2,3400.4,1.3252,0.5652,92.722,17381.2,-13116.0,32,2638.4,3400.4,1.2947,0.5625,82.45,11591.6,-8953.2,14,1626.8,2189.0,1.3908,0.5714,116.2,5789.6,-4162.8,False
IFB_0928,kdjma,both,PRE_RTH,1.0,1.0,6,True,3,108,4349.55,7216.43,1.1269,0.537,40.274,38619.58,-34270.03,76,961.15,7216.43,1.0389,0.5263,12.647,25687.98,-24726.83,32,3388.4,4665.6,1.3551,0.5625,105.888,12931.6,-9543.2,False
IFB_0929,kdjma,both,PRE_RTH,1.0,1.0,12,False,1,46,4265.2,3400.4,1.3252,0.5652,92.722,17381.2,-13116.0,32,2638.4,3400.4,1.2947,0.5625,82.45,11591.6,-8953.2,14,1626.8,2189.0,1.3908,0.5714,116.2,5789.6,-4162.8,False
IFB_0930,kdjma,both,PRE_RTH,1.0,1.0,12,False,3,108,2619.6,8955.4,1.0724,0.5278,24.256,38793.4,-36173.8,76,-768.8,8955.4,0.9711,0.5132,-10.116,25861.8,-26630.6,32,3388.4,4665.6,1.3551,0.5625,105.888,12931.6,-9543.2,False
IFB_0931,kdjma,both,PRE_RTH,1.0,1.0,12,True,1,46,4265.2,3400.4,1.3252,0.5652,92.722,17381.2,-13116.0,32,2638.4,3400.4,1.2947,0.5625,82.45,11591.6,-8953.2,14,1626.8,2189.0,1.3908,0.5714,116.2,5789.6,-4162.8,False
IFB_0932,kdjma,both,PRE_RTH,1.0,1.0,12,True,3,108,2619.6,8955.4,1.0724,0.5278,24.256,38793.4,-36173.8,76,-768.8,8955.4,0.9711,0.5132,-10.116,25861.8,-26630.6,32,3388.4,4665.6,1.3551,0.5625,105.888,12931.6,-9543.2,False
IFB_0933,kdjma,both,PRE_RTH,1.0,1.0,24,False,1,46,4265.2,3400.4,1.3252,0.5652,92.722,17381.2,-13116.0,32,2638.4,3400.4,1.2947,0.5625,82.45,11591.6,-8953.2,14,1626.8,2189.0,1.3908,0.5714,116.2,5789.6,-4162.8,False
IFB_0934,kdjma,both,PRE_RTH,1.0,1.0,24,False,3,108,2619.6,8955.4,1.0724,0.5278,24.256,38793.4,-36173.8,76,-768.8,8955.4,0.9711,0.5132,-10.116,25861.8,-26630.6,32,3388.4,4665.6,1.3551,0.5625,105.888,12931.6,-9543.2,False
IFB_0935,kdjma,both,PRE_RTH,1.0,1.0,24,True,1,46,4265.2,3400.4,1.3252,0.5652,92.722,17381.2,-13116.0,32,2638.4,3400.4,1.2947,0.5625,82.45,11591.6,-8953.2,14,1626.8,2189.0,1.3908,0.5714,116.2,5789.6,-4162.8,False
IFB_0936,kdjma,both,PRE_RTH,1.0,1.0,24,True,3,108,2619.6,8955.4,1.0724,0.5278,24.256,38793.4,-36173.8,76,-768.8,8955.4,0.9711,0.5132,-10.116,25861.8,-26630.6,32,3388.4,4665.6,1.3551,0.5625,105.888,12931.6,-9543.2,False
IFB_0937,kdjma,both,PRE_RTH,1.5,1.0,6,False,1,46,4145.19,4610.4,1.2873,0.6087,90.113,18573.6,-14428.41,32,2538.39,4610.4,1.2596,0.5938,79.325,12317.8,-9779.41,14,1606.8,1905.2,1.3456,0.6429,114.771,6255.8,-4649.0,False
IFB_0938,kdjma,both,PRE_RTH,1.5,1.0,6,False,3,106,8907.16,6219.82,1.2536,0.6226,84.03,44029.19,-35122.03,75,5974.96,6219.82,1.2451,0.6267,79.666,30351.39,-24376.43,31,2932.2,4170.4,1.2729,0.6129,94.587,13677.8,-10745.6,True
IFB_0939,kdjma,both,PRE_RTH,1.5,1.0,6,True,1,46,4145.19,4610.4,1.2873,0.6087,90.113,18573.6,-14428.41,32,2538.39,4610.4,1.2596,0.5938,79.325,12317.8,-9779.41,14,1606.8,1905.2,1.3456,0.6429,114.771,6255.8,-4649.0,False
IFB_0940,kdjma,both,PRE_RTH,1.5,1.0,6,True,3,106,8907.16,6219.82,1.2536,0.6226,84.03,44029.19,-35122.03,75,5974.96,6219.82,1.2451,0.6267,79.666,30351.39,-24376.43,31,2932.2,4170.4,1.2729,0.6129,94.587,13677.8,-10745.6,True
IFB_0941,kdjma,both,PRE_RTH,1.5,1.0,12,False,1,46,6185.2,4060.4,1.4589,0.6739,134.461,19662.2,-13477.0,32,3928.4,4060.4,1.4183,0.6562,122.763,13320.2,-9391.8,14,2256.8,1483.8,1.5524,0.7143,161.2,6342.0,-4085.2,False
IFB_0942,kdjma,both,PRE_RTH,1.5,1.0,12,False,3,106,8937.18,6581.2,1.2456,0.6509,84.313,45327.78,-36390.6,75,4554.98,6581.2,1.1694,0.64,60.733,31447.58,-26892.6,31,4382.2,3606.6,1.4614,0.6774,141.361,13880.2,-9498.0,True
IFB_0943,kdjma,both,PRE_RTH,1.5,1.0,12,True,1,46,6185.2,4060.4,1.4589,0.6739,134.461,19662.2,-13477.0,32,3928.4,4060.4,1.4183,0.6562,122.763,13320.2,-9391.8,14,2256.8,1483.8,1.5524,0.7143,161.2,6342.0,-4085.2,False
IFB_0944,kdjma,both,PRE_RTH,1.5,1.0,12,True,3,106,8937.18,6581.2,1.2456,0.6509,84.313,45327.78,-36390.6,75,4554.98,6581.2,1.1694,0.64,60.733,31447.58,-26892.6,31,4382.2,3606.6,1.4614,0.6774,141.361,13880.2,-9498.0,True
IFB_0945,kdjma,both,PRE_RTH,1.5,1.0,24,False,1,46,6255.18,3889.0,1.4386,0.6522,135.982,20516.0,-14260.82,32,4868.4,3889.0,1.5184,0.6562,152.138,14260.2,-9391.8,14,1386.78,2125.22,1.2848,0.6429,99.056,6255.8,-4869.02,False
IFB_0946,kdjma,both,PRE_RTH,1.5,1.0,24,False,3,106,7797.18,6010.4,1.1992,0.6321,73.558,46935.4,-39138.22,75,5425.0,6010.4,1.1949,0.64,72.333,33257.6,-27832.6,31,2372.18,4390.42,1.2098,0.6129,76.522,13677.8,-11305.62,True
IFB_0947,kdjma,both,PRE_RTH,1.5,1.0,24,True,1,46,6255.18,3889.0,1.4386,0.6522,135.982,20516.0,-14260.82,32,4868.4,3889.0,1.5184,0.6562,152.138,14260.2,-9391.8,14,1386.78,2125.22,1.2848,0.6429,99.056,6255.8,-4869.02,False
IFB_0948,kdjma,both,PRE_RTH,1.5,1.0,24,True,3,106,7797.18,6010.4,1.1992,0.6321,73.558,46935.4,-39138.22,75,5425.0,6010.4,1.1949,0.64,72.333,33257.6,-27832.6,31,2372.18,4390.42,1.2098,0.6129,76.522,13677.8,-11305.62,True
IFB_0949,kdjma,both,PRE_RTH,1.5,1.5,6,False,1,46,7445.18,3960.4,1.4432,0.5435,161.852,24244.99,-16799.81,32,4008.38,3960.4,1.3489,0.5312,125.262,15495.39,-11487.01,14,3436.8,3005.2,1.6469,0.5714,245.486,8749.6,-5312.8,False
IFB_0950,kdjma,both,PRE_RTH,1.5,1.5,6,False,3,106,7137.24,5303.23,1.1755,0.5283,67.332,47807.28,-40670.04,75,545.02,5303.23,1.0188,0.52,7.267,29571.87,-29026.85,31,6592.22,5130.4,1.5662,0.5484,212.652,18235.41,-11643.19,True
IFB_0951,kdjma,both,PRE_RTH,1.5,1.5,6,True,1,46,7445.18,3960.4,1.4432,0.5435,161.852,24244.99,-16799.81,32,4008.38,3960.4,1.3489,0.5312,125.262,15495.39,-11487.01,14,3436.8,3005.2,1.6469,0.5714,245.486,8749.6,-5312.8,False
IFB_0952,kdjma,both,PRE_RTH,1.5,1.5,6,True,3,106,7137.24,5303.23,1.1755,0.5283,67.332,47807.28,-40670.04,75,545.02,5303.23,1.0188,0.52,7.267,29571.87,-29026.85,31,6592.22,5130.4,1.5662,0.5484,212.652,18235.41,-11643.19,True
IFB_0953,kdjma,both,PRE_RTH,1.5,1.5,12,False,1,46,10455.22,3649.0,1.6597,0.6087,227.287,26303.62,-15848.4,32,6368.42,3649.0,1.5738,0.5938,199.013,17467.82,-11099.4,14,4086.8,2441.4,1.8606,0.6429,291.914,8835.8,-4749.0,False
IFB_0954,kdjma,both,PRE_RTH,1.5,1.5,12,False,3,106,9247.21,6989.4,1.2092,0.5472,87.238,53449.61,-44202.4,75,-724.99,6321.17,0.9787,0.5067,-9.667,33315.61,-34040.6,31,9972.2,4566.6,1.9813,0.6452,321.684,20134.0,-10161.8,False
IFB_0955,kdjma,both,PRE_RTH,1.5,1.5,12,True,1,46,10455.22,3649.0,1.6597,0.6087,227.287,26303.62,-15848.4,32,6368.42,3649.0,1.5738,0.5938,199.013,17467.82,-11099.4,14,4086.8,2441.4,1.8606,0.6429,291.914,8835.8,-4749.0,False
IFB_0956,kdjma,both,PRE_RTH,1.5,1.5,12,True,3,106,9247.21,6989.4,1.2092,0.5472,87.238,53449.61,-44202.4,75,-724.99,6321.17,0.9787,0.5067,-9.667,33315.61,-34040.6,31,9972.2,4566.6,1.9813,0.6452,321.684,20134.0,-10161.8,False
IFB_0957,kdjma,both,PRE_RTH,1.5,1.5,24,False,1,46,9745.21,4061.79,1.5717,0.5652,211.852,26791.22,-17046.01,32,6528.43,4061.79,1.567,0.5625,204.013,18041.62,-11513.19,14,3216.78,3225.22,1.5814,0.5714,229.77,8749.6,-5532.82,False
IFB_0958,kdjma,both,PRE_RTH,1.5,1.5,24,False,3,106,6397.2,8138.98,1.127,0.5189,60.351,56771.01,-50373.81,75,-1564.98,7037.58,0.9592,0.4933,-20.866,36839.41,-38404.39,31,7962.18,5350.42,1.6652,0.5806,256.845,19931.6,-11969.42,False
IFB_0959,kdjma,both,PRE_RTH,1.5,1.5,24,True,1,46,9745.21,4061.79,1.5717,0.5652,211.852,26791.22,-17046.01,32,6528.43,4061.79,1.567,0.5625,204.013,18041.62,-11513.19,14,3216.78,3225.22,1.5814,0.5714,229.77,8749.6,-5532.82,False
IFB_0960,kdjma,both,PRE_RTH,1.5,1.5,24,True,3,106,6397.2,8138.98,1.127,0.5189,60.351,56771.01,-50373.81,75,-1564.98,7037.58,0.9592,0.4933,-20.866,36839.41,-38404.39,31,7962.18,5350.42,1.6652,0.5806,256.845,19931.6,-11969.42,False
IFB_0961,kdjma,both,RTH,1.0,0.75,6,False,1,44,-6137.21,7918.21,0.6543,0.4545,-139.482,11614.0,-17751.21,31,-5367.81,6322.61,0.5818,0.4516,-173.155,7466.8,-12834.61,13,-769.4,3249.0,0.8435,0.4615,-59.185,4147.2,-4916.6,False
IFB_0962,kdjma,both,RTH,1.0,0.75,6,False,3,92,-14289.61,16536.81,0.5902,0.4239,-155.322,20581.81,-34871.42,63,-11439.4,12860.4,0.5301,0.4286,-181.578,12907.41,-24346.81,29,-2850.21,5071.81,0.7292,0.4138,-98.283,7674.4,-10524.61,False
IFB_0963,kdjma,both,RTH,1.0,0.75,6,True,1,44,-6137.21,7918.21,0.6543,0.4545,-139.482,11614.0,-17751.21,31,-5367.81,6322.61,0.5818,0.4516,-173.155,7466.8,-12834.61,13,-769.4,3249.0,0.8435,0.4615,-59.185,4147.2,-4916.6,False
IFB_0964,kdjma,both,RTH,1.0,0.75,6,True,3,92,-14289.61,16536.81,0.5902,0.4239,-155.322,20581.81,-34871.42,63,-11439.4,12860.4,0.5301,0.4286,-181.578,12907.41,-24346.81,29,-2850.21,5071.81,0.7292,0.4138,-98.283,7674.4,-10524.61,False
IFB_0965,kdjma,both,RTH,1.0,0.75,12,False,1,44,-6927.2,8708.2,0.6264,0.4545,-157.436,11614.0,-18541.2,31,-6157.8,7112.6,0.548,0.4516,-198.639,7466.8,-13624.6,13,-769.4,3249.0,0.8435,0.4615,-59.185,4147.2,-4916.6,False
IFB_0966,kdjma,both,RTH,1.0,0.75,12,False,3,92,-15079.6,17326.8,0.5817,0.4239,-163.909,20971.8,-36051.4,63,-11839.4,13260.4,0.529,0.4286,-187.927,13297.4,-25136.8,29,-3240.2,5461.8,0.7031,0.4138,-111.731,7674.4,-10914.6,False
IFB_0967,kdjma,both,RTH,1.0,0.75,12,True,1,44,-6927.2,8708.2,0.6264,0.4545,-157.436,11614.0,-18541.2,31,-6157.8,7112.6,0.548,0.4516,-198.639,7466.8,-13624.6,13,-769.4,3249.0,0.8435,0.4615,-59.185,4147.2,-4916.6,False
IFB_0968,kdjma,both,RTH,1.0,0.75,12,True,3,92,-15079.6,17326.8,0.5817,0.4239,-163.909,20971.8,-36051.4,63,-11839.4,13260.4,0.529,0.4286,-187.927,13297.4,-25136.8,29,-3240.2,5461.8,0.7031,0.4138,-111.731,7674.4,-10914.6,False
IFB_0969,kdjma,both,RTH,1.0,0.75,24,False,1,44,-6927.2,8708.2,0.6264,0.4545,-157.436,11614.0,-18541.2,31,-6157.8,7112.6,0.548,0.4516,-198.639,7466.8,-13624.6,13,-769.4,3249.0,0.8435,0.4615,-59.185,4147.2,-4916.6,False
IFB_0970,kdjma,both,RTH,1.0,0.75,24,False,3,92,-15079.6,17326.8,0.5817,0.4239,-163.909,20971.8,-36051.4,63,-11839.4,13260.4,0.529,0.4286,-187.927,13297.4,-25136.8,29,-3240.2,5461.8,0.7031,0.4138,-111.731,7674.4,-10914.6,False
IFB_0971,kdjma,both,RTH,1.0,0.75,24,True,1,44,-6927.2,8708.2,0.6264,0.4545,-157.436,11614.0,-18541.2,31,-6157.8,7112.6,0.548,0.4516,-198.639,7466.8,-13624.6,13,-769.4,3249.0,0.8435,0.4615,-59.185,4147.2,-4916.6,False
IFB_0972,kdjma,both,RTH,1.0,0.75,24,True,3,92,-15079.6,17326.8,0.5817,0.4239,-163.909,20971.8,-36051.4,63,-11839.4,13260.4,0.529,0.4286,-187.927,13297.4,-25136.8,29,-3240.2,5461.8,0.7031,0.4138,-111.731,7674.4,-10914.6,False
IFB_0973,kdjma,both,RTH,1.0,1.0,6,False,1,44,-4227.23,7216.43,0.7714,0.4091,-96.073,14261.6,-18488.83,31,-4857.83,6232.63,0.6421,0.3871,-156.704,8714.4,-13572.23,13,630.6,3249.0,1.1283,0.4615,48.508,5547.2,-4916.6,False
IFB_0974,kdjma,both,RTH,1.0,1.0,6,False,3,92,-7339.64,10564.04,0.7893,0.413,-79.779,27495.6,-34835.24,63,-7079.43,9440.03,0.7088,0.4127,-112.372,17231.2,-24310.63,29,-260.21,4761.81,0.9753,0.4138,-8.973,10264.4,-10524.61,False
IFB_0975,kdjma,both,RTH,1.0,1.0,6,True,1,44,-4227.23,7216.43,0.7714,0.4091,-96.073,14261.6,-18488.83,31,-4857.83,6232.63,0.6421,0.3871,-156.704,8714.4,-13572.23,13,630.6,3249.0,1.1283,0.4615,48.508,5547.2,-4916.6,False
IFB_0976,kdjma,both,RTH,1.0,1.0,6,True,3,92,-7339.64,10564.04,0.7893,0.413,-79.779,27495.6,-34835.24,63,-7079.43,9440.03,0.7088,0.4127,-112.372,17231.2,-24310.63,29,-260.21,4761.81,0.9753,0.4138,-8.973,10264.4,-10524.61,False
IFB_0977,kdjma,both,RTH,1.0,1.0,12,False,1,44,-5577.2,8566.4,0.7189,0.4091,-126.755,14261.6,-19838.8,31,-6207.8,7582.6,0.584,0.3871,-200.252,8714.4,-14922.2,13,630.6,3249.0,1.1283,0.4615,48.508,5547.2,-4916.6,False
IFB_0978,kdjma,both,RTH,1.0,1.0,12,False,3,92,-9219.6,12444.0,0.7517,0.4022,-100.213,27909.4,-37129.0,63,-8569.4,10930.0,0.6731,0.3968,-136.022,17645.0,-26214.4,29,-650.2,5151.8,0.9404,0.4138,-22.421,10264.4,-10914.6,False
IFB_0979,kdjma,both,RTH,1.0,1.0,12,True,1,44,-5577.2,8566.4,0.7189,0.4091,-126.755,14261.6,-19838.8,31,-6207.8,7582.6,0.584,0.3871,-200.252,8714.4,-14922.2,13,630.6,3249.0,1.1283,0.4615,48.508,5547.2,-4916.6,False
IFB_0980,kdjma,both,RTH,1.0,1.0,12,True,3,92,-9219.6,12444.0,0.7517,0.4022,-100.213,27909.4,-37129.0,63,-8569.4,10930.0,0.6731,0.3968,-136.022,17645.0,-26214.4,29,-650.2,5151.8,0.9404,0.4138,-22.421,10264.4,-10914.6,False
IFB_0981,kdjma,both,RTH,1.0,1.0,24,False,1,44,-5577.2,8566.4,0.7189,0.4091,-126.755,14261.6,-19838.8,31,-6207.8,7582.6,0.584,0.3871,-200.252,8714.4,-14922.2,13,630.6,3249.0,1.1283,0.4615,48.508,5547.2,-4916.6,False
IFB_0982,kdjma,both,RTH,1.0,1.0,24,False,3,92,-9219.6,12444.0,0.7517,0.4022,-100.213,27909.4,-37129.0,63,-8569.4,10930.0,0.6731,0.3968,-136.022,17645.0,-26214.4,29,-650.2,5151.8,0.9404,0.4138,-22.421,10264.4,-10914.6,False
IFB_0983,kdjma,both,RTH,1.0,1.0,24,True,1,44,-5577.2,8566.4,0.7189,0.4091,-126.755,14261.6,-19838.8,31,-6207.8,7582.6,0.584,0.3871,-200.252,8714.4,-14922.2,13,630.6,3249.0,1.1283,0.4615,48.508,5547.2,-4916.6,False
IFB_0984,kdjma,both,RTH,1.0,1.0,24,True,3,92,-9219.6,12444.0,0.7517,0.4022,-100.213,27909.4,-37129.0,63,-8569.4,10930.0,0.6731,0.3968,-136.022,17645.0,-26214.4,29,-650.2,5151.8,0.9404,0.4138,-22.421,10264.4,-10914.6,False
IFB_0985,kdjma,both,RTH,1.5,1.0,6,False,1,44,-2517.21,7194.19,0.8688,0.5,-57.209,16666.41,-19183.62,31,-3067.81,5710.39,0.7764,0.4839,-98.962,10653.01,-13720.82,13,550.6,3295.2,1.1008,0.5385,42.354,6013.4,-5462.8,False
IFB_0986,kdjma,both,RTH,1.5,1.0,6,False,3,89,-1368.26,6518.01,0.9594,0.5281,-15.374,32331.41,-33699.67,61,1298.17,3863.23,1.0611,0.5738,21.281,22547.01,-21248.84,28,-2666.43,6518.01,0.7858,0.4286,-95.23,9784.4,-12450.83,False
IFB_0987,kdjma,both,RTH,1.5,1.0,6,True,1,44,-2517.21,7194.19,0.8688,0.5,-57.209,16666.41,-19183.62,31,-3067.81,5710.39,0.7764,0.4839,-98.962,10653.01,-13720.82,13,550.6,3295.2,1.1008,0.5385,42.354,6013.4,-5462.8,False
IFB_0988,kdjma,both,RTH,1.5,1.0,6,True,3,89,-1368.26,6518.01,0.9594,0.5281,-15.374,32331.41,-33699.67,61,1298.17,3863.23,1.0611,0.5738,21.281,22547.01,-21248.84,28,-2666.43,6518.01,0.7858,0.4286,-95.23,9784.4,-12450.83,False
IFB_0989,kdjma,both,RTH,1.5,1.0,12,False,1,44,-3037.22,8482.62,0.8476,0.5682,-69.028,16894.98,-19932.2,31,-5037.82,6998.82,0.6795,0.5161,-162.51,10679.18,-15717.0,13,2000.6,2731.4,1.4746,0.6923,153.892,6215.8,-4215.2,False
IFB_0990,kdjma,both,RTH,1.5,1.0,12,False,3,89,-3448.22,8013.6,0.9075,0.5618,-38.744,33809.98,-37258.2,61,-351.82,5646.8,0.9854,0.5902,-5.768,23823.18,-24175.0,28,-3096.4,6468.0,0.7633,0.5,-110.586,9986.8,-13083.2,False
IFB_0991,kdjma,both,RTH,1.5,1.0,12,True,1,44,-3037.22,8482.62,0.8476,0.5682,-69.028,16894.98,-19932.2,31,-5037.82,6998.82,0.6795,0.5161,-162.51,10679.18,-15717.0,13,2000.6,2731.4,1.4746,0.6923,153.892,6215.8,-4215.2,False
IFB_0992,kdjma,both,RTH,1.5,1.0,12,True,3,89,-3448.22,8013.6,0.9075,0.5618,-38.744,33809.98,-37258.2,61,-351.82,5646.8,0.9854,0.5902,-5.768,23823.18,-24175.0,28,-3096.4,6468.0,0.7633,0.5,-110.586,9986.8,-13083.2,False
IFB_0993,kdjma,both,RTH,1.5,1.0,24,False,1,44,-4177.22,7975.6,0.8158,0.5227,-94.937,18502.6,-22679.82,31,-4167.8,6491.8,0.7498,0.5161,-134.445,12489.2,-16657.0,13,-9.42,3515.22,0.9984,0.5385,-0.725,6013.4,-6022.82,False
IFB_0994,kdjma,both,RTH,1.5,1.0,24,False,3,89,-4588.22,10023.62,0.8853,0.5393,-51.553,35417.6,-40005.82,61,518.2,5646.8,1.0206,0.5902,8.495,25633.2,-25115.0,28,-5106.42,7338.02,0.6571,0.4286,-182.372,9784.4,-14890.82,False
IFB_0995,kdjma,both,RTH,1.5,1.0,24,True,1,44,-4177.22,7975.6,0.8158,0.5227,-94.937,18502.6,-22679.82,31,-4167.8,6491.8,0.7498,0.5161,-134.445,12489.2,-16657.0,13,-9.42,3515.22,0.9984,0.5385,-0.725,6013.4,-6022.82,False
IFB_0996,kdjma,both,RTH,1.5,1.0,24,True,3,89,-4588.22,10023.62,0.8853,0.5393,-51.553,35417.6,-40005.82,61,518.2,5646.8,1.0206,0.5902,8.495,25633.2,-25115.0,28,-5106.42,7338.02,0.6571,0.4286,-182.372,9784.4,-14890.82,False
IFB_0997,kdjma,both,RTH,1.5,1.5,6,False,1,44,3112.8,6764.19,1.1623,0.5,70.745,22296.42,-19183.62,31,-457.8,5280.39,0.9666,0.4839,-14.768,13263.02,-13720.82,13,3570.6,3295.2,1.6536,0.5385,274.662,9033.4,-5462.8,False
IFB_0998,kdjma,both,RTH,1.5,1.5,6,False,3,89,-48.19,6760.79,0.9987,0.4719,-0.541,35870.5,-35918.69,61,-1481.77,5748.02,0.9369,0.4918,-24.291,21986.09,-23467.86,28,1433.58,6138.01,1.1151,0.4286,51.199,13884.41,-12450.83,False
IFB_0999,kdjma,both,RTH,1.5,1.5,6,True,1,44,3112.8,6764.19,1.1623,0.5,70.745,22296.42,-19183.62,31,-457.8,5280.39,0.9666,0.4839,-14.768,13263.02,-13720.82,13,3570.6,3295.2,1.6536,0.5385,274.662,9033.4,-5462.8,False
IFB_1000,kdjma,both,RTH,1.5,1.5,6,True,3,89,-48.19,6760.79,0.9987,0.4719,-0.541,35870.5,-35918.69,61,-1481.77,5748.02,0.9369,0.4918,-24.291,21986.09,-23467.86,28,1433.58,6138.01,1.1151,0.4286,51.199,13884.41,-12450.83,False
IFB_1001,kdjma,both,RTH,1.5,1.5,12,False,1,44,3782.79,7234.2,1.1898,0.5682,85.973,23714.99,-19932.2,31,-1237.81,5750.4,0.9212,0.5161,-39.929,14479.19,-15717.0,13,5020.6,2731.4,2.1911,0.6923,386.2,9235.8,-4215.2,False
IFB_1002,kdjma,both,RTH,1.5,1.5,12,False,3,89,-3698.22,10984.8,0.9113,0.4719,-41.553,38010.39,-41708.61,61,-5521.82,9883.4,0.8071,0.459,-90.522,23103.59,-28625.41,28,1823.6,6088.0,1.1394,0.5,65.129,14906.8,-13083.2,False
IFB_1003,kdjma,both,RTH,1.5,1.5,12,True,1,44,3782.79,7234.2,1.1898,0.5682,85.973,23714.99,-19932.2,31,-1237.81,5750.4,0.9212,0.5161,-39.929,14479.19,-15717.0,13,5020.6,2731.4,2.1911,0.6923,386.2,9235.8,-4215.2,False
IFB_1004,kdjma,both,RTH,1.5,1.5,12,True,3,89,-3698.22,10984.8,0.9113,0.4719,-41.553,38010.39,-41708.61,61,-5521.82,9883.4,0.8071,0.459,-90.522,23103.59,-28625.41,28,1823.6,6088.0,1.1394,0.5,65.129,14906.8,-13083.2,False
IFB_1005,kdjma,both,RTH,1.5,1.5,24,False,1,44,2332.8,7234.2,1.101,0.5,53.018,25426.41,-23093.61,31,-677.78,5750.4,0.9603,0.4839,-21.864,16393.01,-17070.79,13,3010.58,3515.22,1.4999,0.5385,231.583,9033.4,-6022.82,False
IFB_1006,kdjma,both,RTH,1.5,1.5,24,False,3,89,-7848.2,14425.62,0.8418,0.4382,-88.182,41771.81,-49620.01,61,-7661.78,12965.4,0.7794,0.4426,-125.603,27067.41,-34729.19,28,-186.42,6958.02,0.9875,0.4286,-6.658,14704.4,-14890.82,False
IFB_1007,kdjma,both,RTH,1.5,1.5,24,True,1,44,2332.8,7234.2,1.101,0.5,53.018,25426.41,-23093.61,31,-677.78,5750.4,0.9603,0.4839,-21.864,16393.01,-17070.79,13,3010.58,3515.22,1.4999,0.5385,231.583,9033.4,-6022.82,False
IFB_1008,kdjma,both,RTH,1.5,1.5,24,True,3,89,-7848.2,14425.62,0.8418,0.4382,-88.182,41771.81,-49620.01,61,-7661.78,12965.4,0.7794,0.4426,-125.603,27067.41,-34729.19,28,-186.42,6958.02,0.9875,0.4286,-6.658,14704.4,-14890.82,False
IFB_1009,kdjma,long,ALL,1.0,0.75,6,False,1,49,-1326.21,3905.41,0.8876,0.5306,-27.066,10471.2,-11797.41,35,17.0,3318.4,1.0021,0.5429,0.486,8107.8,-8090.8,14,-1343.21,2095.61,0.6376,0.5,-95.944,2363.4,-3706.61,False
IFB_1010,kdjma,long,ALL,1.0,0.75,6,False,3,134,-6089.21,9819.42,0.8221,0.5224,-45.442,28134.0,-34223.21,94,-3097.19,8666.0,0.8736,0.5426,-32.949,21406.2,-24503.39,40,-2992.02,3875.42,0.6922,0.475,-74.8,6727.8,-9719.82,False
IFB_1011,kdjma,long,ALL,1.0,0.75,6,True,1,49,-1326.21,3905.41,0.8876,0.5306,-27.066,10471.2,-11797.41,35,17.0,3318.4,1.0021,0.5429,0.486,8107.8,-8090.8,14,-1343.21,2095.61,0.6376,0.5,-95.944,2363.4,-3706.61,False
IFB_1012,kdjma,long,ALL,1.0,0.75,6,True,3,134,-6089.21,9819.42,0.8221,0.5224,-45.442,28134.0,-34223.21,94,-3097.19,8666.0,0.8736,0.5426,-32.949,21406.2,-24503.39,40,-2992.02,3875.42,0.6922,0.475,-74.8,6727.8,-9719.82,False
IFB_1013,kdjma,long,ALL,1.0,0.75,12,False,1,49,-1706.2,4285.4,0.8599,0.5306,-34.82,10471.2,-12177.4,35,17.0,3318.4,1.0021,0.5429,0.486,8107.8,-8090.8,14,-1723.2,2475.6,0.5783,0.5,-123.086,2363.4,-4086.6,False
IFB_1014,kdjma,long,ALL,1.0,0.75,12,False,3,134,-6809.2,11009.4,0.8069,0.5224,-50.815,28454.0,-35263.2,94,-3047.2,9086.0,0.877,0.5426,-32.417,21726.2,-24773.4,40,-3762.0,4645.4,0.6414,0.475,-94.05,6727.8,-10489.8,False
IFB_1015,kdjma,long,ALL,1.0,0.75,12,True,1,49,-1706.2,4285.4,0.8599,0.5306,-34.82,10471.2,-12177.4,35,17.0,3318.4,1.0021,0.5429,0.486,8107.8,-8090.8,14,-1723.2,2475.6,0.5783,0.5,-123.086,2363.4,-4086.6,False
IFB_1016,kdjma,long,ALL,1.0,0.75,12,True,3,134,-6809.2,11009.4,0.8069,0.5224,-50.815,28454.0,-35263.2,94,-3047.2,9086.0,0.877,0.5426,-32.417,21726.2,-24773.4,40,-3762.0,4645.4,0.6414,0.475,-94.05,6727.8,-10489.8,False
IFB_1017,kdjma,long,ALL,1.0,0.75,24,False,1,49,-1706.2,4285.4,0.8599,0.5306,-34.82,10471.2,-12177.4,35,17.0,3318.4,1.0021,0.5429,0.486,8107.8,-8090.8,14,-1723.2,2475.6,0.5783,0.5,-123.086,2363.4,-4086.6,False
IFB_1018,kdjma,long,ALL,1.0,0.75,24,False,3,134,-6809.2,11009.4,0.8069,0.5224,-50.815,28454.0,-35263.2,94,-3047.2,9086.0,0.877,0.5426,-32.417,21726.2,-24773.4,40,-3762.0,4645.4,0.6414,0.475,-94.05,6727.8,-10489.8,False
IFB_1019,kdjma,long,ALL,1.0,0.75,24,True,1,49,-1706.2,4285.4,0.8599,0.5306,-34.82,10471.2,-12177.4,35,17.0,3318.4,1.0021,0.5429,0.486,8107.8,-8090.8,14,-1723.2,2475.6,0.5783,0.5,-123.086,2363.4,-4086.6,False
IFB_1020,kdjma,long,ALL,1.0,0.75,24,True,3,134,-6809.2,11009.4,0.8069,0.5224,-50.815,28454.0,-35263.2,94,-3047.2,9086.0,0.877,0.5426,-32.417,21726.2,-24773.4,40,-3762.0,4645.4,0.6414,0.475,-94.05,6727.8,-10489.8,False
IFB_1021,kdjma,long,ALL,1.0,1.0,6,False,1,49,-986.2,4727.39,0.9252,0.4694,-20.127,12202.6,-13188.8,35,-452.99,4727.39,0.9522,0.4571,-12.943,9029.2,-9482.19,14,-533.21,1629.0,0.8561,0.5,-38.086,3173.4,-3706.61,False
IFB_1022,kdjma,long,ALL,1.0,1.0,6,False,3,133,-4365.39,10666.2,0.8831,0.4586,-32.822,32978.19,-37343.58,93,-3663.37,10666.2,0.8674,0.4516,-39.391,23960.39,-27623.76,40,-702.02,2719.4,0.9278,0.475,-17.55,9017.8,-9719.82,False
IFB_1023,kdjma,long,ALL,1.0,1.0,6,True,1,49,-986.2,4727.39,0.9252,0.4694,-20.127,12202.6,-13188.8,35,-452.99,4727.39,0.9522,0.4571,-12.943,9029.2,-9482.19,14,-533.21,1629.0,0.8561,0.5,-38.086,3173.4,-3706.61,False
IFB_1024,kdjma,long,ALL,1.0,1.0,6,True,3,133,-4365.39,10666.2,0.8831,0.4586,-32.822,32978.19,-37343.58,93,-3663.37,10666.2,0.8674,0.4516,-39.391,23960.39,-27623.76,40,-702.02,2719.4,0.9278,0.475,-17.55,9017.8,-9719.82,False
IFB_1025,kdjma,long,ALL,1.0,1.0,12,False,1,49,-776.2,4137.4,0.9424,0.4898,-15.841,12688.8,-13465.0,35,137.0,4137.4,1.0146,0.4857,3.914,9515.4,-9378.4,14,-913.2,1915.6,0.7765,0.5,-65.229,3173.4,-4086.6,False
IFB_1026,kdjma,long,ALL,1.0,1.0,12,False,3,133,-4575.4,10086.2,0.8819,0.4662,-34.402,34154.4,-38729.8,93,-3103.4,10086.2,0.8901,0.4624,-33.37,25136.6,-28240.0,40,-1472.0,2985.4,0.8597,0.475,-36.8,9017.8,-10489.8,False
IFB_1027,kdjma,long,ALL,1.0,1.0,12,True,1,49,-776.2,4137.4,0.9424,0.4898,-15.841,12688.8,-13465.0,35,137.0,4137.4,1.0146,0.4857,3.914,9515.4,-9378.4,14,-913.2,1915.6,0.7765,0.5,-65.229,3173.4,-4086.6,False
IFB_1028,kdjma,long,ALL,1.0,1.0,12,True,3,133,-4575.4,10086.2,0.8819,0.4662,-34.402,34154.4,-38729.8,93,-3103.4,10086.2,0.8901,0.4624,-33.37,25136.6,-28240.0,40,-1472.0,2985.4,0.8597,0.475,-36.8,9017.8,-10489.8,False
IFB_1029,kdjma,long,ALL,1.0,1.0,24,False,1,49,-776.2,4137.4,0.9424,0.4898,-15.841,12688.8,-13465.0,35,137.0,4137.4,1.0146,0.4857,3.914,9515.4,-9378.4,14,-913.2,1915.6,0.7765,0.5,-65.229,3173.4,-4086.6,False
IFB_1030,kdjma,long,ALL,1.0,1.0,24,False,3,133,-4575.4,10086.2,0.8819,0.4662,-34.402,34154.4,-38729.8,93,-3103.4,10086.2,0.8901,0.4624,-33.37,25136.6,-28240.0,40,-1472.0,2985.4,0.8597,0.475,-36.8,9017.8,-10489.8,False
IFB_1031,kdjma,long,ALL,1.0,1.0,24,True,1,49,-776.2,4137.4,0.9424,0.4898,-15.841,12688.8,-13465.0,35,137.0,4137.4,1.0146,0.4857,3.914,9515.4,-9378.4,14,-913.2,1915.6,0.7765,0.5,-65.229,3173.4,-4086.6,False
IFB_1032,kdjma,long,ALL,1.0,1.0,24,True,3,133,-4575.4,10086.2,0.8819,0.4662,-34.402,34154.4,-38729.8,93,-3103.4,10086.2,0.8901,0.4624,-33.37,25136.6,-28240.0,40,-1472.0,2985.4,0.8597,0.475,-36.8,9017.8,-10489.8,False
IFB_1033,kdjma,long,ALL,1.5,1.0,6,False,1,49,-3946.19,7551.99,0.7704,0.5306,-80.534,13241.2,-17187.39,35,-2432.98,7044.98,0.8021,0.5143,-69.514,9861.6,-12294.58,14,-1513.21,2721.81,0.6907,0.5714,-108.086,3379.6,-4892.81,False
IFB_1034,kdjma,long,ALL,1.5,1.0,6,False,3,131,-3277.79,8814.4,0.9194,0.5496,-25.021,37366.42,-40644.21,91,-1505.75,8306.98,0.9474,0.5495,-16.547,27100.02,-28605.77,40,-1772.04,4195.62,0.8528,0.55,-44.301,10266.4,-12038.44,False
IFB_1035,kdjma,long,ALL,1.5,1.0,6,True,1,49,-3946.19,7551.99,0.7704,0.5306,-80.534,13241.2,-17187.39,35,-2432.98,7044.98,0.8021,0.5143,-69.514,9861.6,-12294.58,14,-1513.21,2721.81,0.6907,0.5714,-108.086,3379.6,-4892.81,False
IFB_1036,kdjma,long,ALL,1.5,1.0,6,True,3,131,-3277.79,8814.4,0.9194,0.5496,-25.021,37366.42,-40644.21,91,-1505.75,8306.98,0.9474,0.5495,-16.547,27100.02,-28605.77,40,-1772.04,4195.62,0.8528,0.55,-44.301,10266.4,-12038.44,False
IFB_1037,kdjma,long,ALL,1.5,1.0,12,False,1,49,-4076.18,7681.98,0.771,0.551,-83.187,13727.4,-17803.58,35,-2172.98,6784.98,0.8265,0.5429,-62.085,10347.8,-12520.78,14,-1903.2,3111.8,0.6397,0.5714,-135.943,3379.6,-5282.8,False
IFB_1038,kdjma,long,ALL,1.5,1.0,12,False,3,131,-3437.75,8222.75,0.9211,0.5802,-26.242,40141.21,-43578.96,91,-1815.75,7986.95,0.9416,0.5824,-19.953,29288.61,-31104.36,40,-1622.0,3924.0,0.87,0.575,-40.55,10852.6,-12474.6,False
IFB_1039,kdjma,long,ALL,1.5,1.0,12,True,1,49,-4076.18,7681.98,0.771,0.551,-83.187,13727.4,-17803.58,35,-2172.98,6784.98,0.8265,0.5429,-62.085,10347.8,-12520.78,14,-1903.2,3111.8,0.6397,0.5714,-135.943,3379.6,-5282.8,False
IFB_1040,kdjma,long,ALL,1.5,1.0,12,True,3,131,-3437.75,8222.75,0.9211,0.5802,-26.242,40141.21,-43578.96,91,-1815.75,7986.95,0.9416,0.5824,-19.953,29288.61,-31104.36,40,-1622.0,3924.0,0.87,0.575,-40.55,10852.6,-12474.6,False
IFB_1041,kdjma,long,ALL,1.5,1.0,24,False,1,49,-4856.2,8462.0,0.7387,0.551,-99.106,13727.4,-18583.6,35,-2443.0,7055.0,0.809,0.5429,-69.8,10347.8,-12790.8,14,-2413.2,3621.8,0.5834,0.5714,-172.371,3379.6,-5792.8,False
IFB_1042,kdjma,long,ALL,1.5,1.0,24,False,3,131,-3697.78,9183.98,0.9177,0.5725,-28.227,41215.0,-44912.78,91,-1835.78,8438.18,0.9425,0.5714,-20.173,30092.4,-31928.18,40,-1862.0,4434.0,0.8566,0.575,-46.55,11122.6,-12984.6,False
IFB_1043,kdjma,long,ALL,1.5,1.0,24,True,1,49,-4856.2,8462.0,0.7387,0.551,-99.106,13727.4,-18583.6,35,-2443.0,7055.0,0.809,0.5429,-69.8,10347.8,-12790.8,14,-2413.2,3621.8,0.5834,0.5714,-172.371,3379.6,-5792.8,False
IFB_1044,kdjma,long,ALL,1.5,1.0,24,True,3,131,-3697.78,9183.98,0.9177,0.5725,-28.227,41215.0,-44912.78,91,-1835.78,8438.18,0.9425,0.5714,-20.173,30092.4,-31928.18,40,-1862.0,4434.0,0.8566,0.575,-46.55,11122.6,-12984.6,False
IFB_1045,kdjma,long,ALL,1.5,1.5,6,False,1,49,-2856.08,6574.92,0.8448,0.4694,-58.287,15542.68,-18398.76,35,-3042.87,6574.92,0.7747,0.4286,-86.939,10463.08,-13505.95,14,186.79,2105.2,1.0382,0.5714,13.342,5079.6,-4892.81,False
IFB_1046,kdjma,long,ALL,1.5,1.5,6,False,3,131,-1547.67,10218.51,0.9653,0.4656,-11.814,43018.3,-44565.97,91,-2835.62,10218.51,0.911,0.4396,-31.161,29028.11,-31863.73,40,1287.95,3470.42,1.1014,0.525,32.199,13990.19,-12702.24,False
IFB_1047,kdjma,long,ALL,1.5,1.5,6,True,1,49,-2856.08,6574.92,0.8448,0.4694,-58.287,15542.68,-18398.76,35,-3042.87,6574.92,0.7747,0.4286,-86.939,10463.08,-13505.95,14,186.79,2105.2,1.0382,0.5714,13.342,5079.6,-4892.81,False
IFB_1048,kdjma,long,ALL,1.5,1.5,6,True,3,131,-1547.67,10218.51,0.9653,0.4656,-11.814,43018.3,-44565.97,91,-2835.62,10218.51,0.911,0.4396,-31.161,29028.11,-31863.73,40,1287.95,3470.42,1.1014,0.525,32.199,13990.19,-12702.24,False
IFB_1049,kdjma,long,ALL,1.5,1.5,12,False,1,49,-5716.21,8084.98,0.7364,0.449,-116.657,15966.39,-21682.6,35,-5513.01,8084.98,0.6638,0.4,-157.515,10886.79,-16399.8,14,-203.2,2215.2,0.9615,0.5714,-14.514,5079.6,-5282.8,False
IFB_1050,kdjma,long,ALL,1.5,1.5,12,False,3,131,-6267.76,15562.93,0.8802,0.4656,-47.845,46048.2,-52315.95,91,-8295.76,15562.93,0.7883,0.4286,-91.162,30881.79,-39177.55,40,2028.0,4460.4,1.1544,0.55,50.7,15166.4,-13138.4,False
IFB_1051,kdjma,long,ALL,1.5,1.5,12,True,1,49,-5716.21,8084.98,0.7364,0.449,-116.657,15966.39,-21682.6,35,-5513.01,8084.98,0.6638,0.4,-157.515,10886.79,-16399.8,14,-203.2,2215.2,0.9615,0.5714,-14.514,5079.6,-5282.8,False
IFB_1052,kdjma,long,ALL,1.5,1.5,12,True,3,131,-6267.76,15562.93,0.8802,0.4656,-47.845,46048.2,-52315.95,91,-8295.76,15562.93,0.7883,0.4286,-91.162,30881.79,-39177.55,40,2028.0,4460.4,1.1544,0.55,50.7,15166.4,-13138.4,False
IFB_1053,kdjma,long,ALL,1.5,1.5,24,False,1,49,-6666.2,8355.0,0.7099,0.449,-136.045,16316.4,-22982.6,35,-5953.0,8355.0,0.6537,0.4,-170.086,11236.8,-17189.8,14,-713.2,2725.2,0.8769,0.5714,-50.943,5079.6,-5792.8,False
IFB_1054,kdjma,long,ALL,1.5,1.5,24,False,3,131,-5097.74,15412.99,0.9068,0.4656,-38.914,49578.23,-54675.97,91,-7545.74,15412.99,0.8161,0.4286,-82.92,33481.83,-41027.57,40,2448.0,4970.4,1.1794,0.55,61.2,16096.4,-13648.4,False
IFB_1055,kdjma,long,ALL,1.5,1.5,24,True,1,49,-6666.2,8355.0,0.7099,0.449,-136.045,16316.4,-22982.6,35,-5953.0,8355.0,0.6537,0.4,-170.086,11236.8,-17189.8,14,-713.2,2725.2,0.8769,0.5714,-50.943,5079.6,-5792.8,False
IFB_1056,kdjma,long,ALL,1.5,1.5,24,True,3,131,-5097.74,15412.99,0.9068,0.4656,-38.914,49578.23,-54675.97,91,-7545.74,15412.99,0.8161,0.4286,-82.92,33481.83,-41027.57,40,2448.0,4970.4,1.1794,0.55,61.2,16096.4,-13648.4,False
IFB_1057,kdjma,long,PRE_RTH,1.0,0.75,6,False,1,41,2434.19,3442.2,1.2448,0.5366,59.37,12376.4,-9942.21,29,-190.2,3442.2,0.9756,0.5172,-6.559,7613.0,-7803.2,12,2624.39,1669.0,2.2269,0.5833,218.699,4763.4,-2139.01,False
IFB_1058,kdjma,long,PRE_RTH,1.0,0.75,6,False,3,76,-4208.79,7353.19,0.8168,0.5,-55.379,18765.62,-22974.41,51,-2813.78,6629.18,0.82,0.5294,-55.172,12817.42,-15631.2,25,-1395.01,4430.81,0.81,0.44,-55.8,5948.2,-7343.21,False
IFB_1059,kdjma,long,PRE_RTH,1.0,0.75,6,True,1,41,2434.19,3442.2,1.2448,0.5366,59.37,12376.4,-9942.21,29,-190.2,3442.2,0.9756,0.5172,-6.559,7613.0,-7803.2,12,2624.39,1669.0,2.2269,0.5833,218.699,4763.4,-2139.01,False
IFB_1060,kdjma,long,PRE_RTH,1.0,0.75,6,True,3,76,-4208.79,7353.19,0.8168,0.5,-55.379,18765.62,-22974.41,51,-2813.78,6629.18,0.82,0.5294,-55.172,12817.42,-15631.2,25,-1395.01,4430.81,0.81,0.44,-55.8,5948.2,-7343.21,False
IFB_1061,kdjma,long,PRE_RTH,1.0,0.75,12,False,1,41,2044.2,3442.2,1.1978,0.5366,49.859,12376.4,-10332.2,29,-190.2,3442.2,0.9756,0.5172,-6.559,7613.0,-7803.2,12,2234.4,1766.6,1.8835,0.5833,186.2,4763.4,-2529.0,False
IFB_1062,kdjma,long,PRE_RTH,1.0,0.75,12,False,3,76,-4488.8,7706.6,0.8079,0.5,-59.063,18875.6,-23364.4,51,-2703.8,6592.6,0.827,0.5294,-53.016,12927.4,-15631.2,25,-1785.0,4820.8,0.7692,0.44,-71.4,5948.2,-7733.2,False
IFB_1063,kdjma,long,PRE_RTH,1.0,0.75,12,True,1,41,2044.2,3442.2,1.1978,0.5366,49.859,12376.4,-10332.2,29,-190.2,3442.2,0.9756,0.5172,-6.559,7613.0,-7803.2,12,2234.4,1766.6,1.8835,0.5833,186.2,4763.4,-2529.0,False
IFB_1064,kdjma,long,PRE_RTH,1.0,0.75,12,True,3,76,-4488.8,7706.6,0.8079,0.5,-59.063,18875.6,-23364.4,51,-2703.8,6592.6,0.827,0.5294,-53.016,12927.4,-15631.2,25,-1785.0,4820.8,0.7692,0.44,-71.4,5948.2,-7733.2,False
IFB_1065,kdjma,long,PRE_RTH,1.0,0.75,24,False,1,41,2044.2,3442.2,1.1978,0.5366,49.859,12376.4,-10332.2,29,-190.2,3442.2,0.9756,0.5172,-6.559,7613.0,-7803.2,12,2234.4,1766.6,1.8835,0.5833,186.2,4763.4,-2529.0,False
IFB_1066,kdjma,long,PRE_RTH,1.0,0.75,24,False,3,76,-4488.8,7706.6,0.8079,0.5,-59.063,18875.6,-23364.4,51,-2703.8,6592.6,0.827,0.5294,-53.016,12927.4,-15631.2,25,-1785.0,4820.8,0.7692,0.44,-71.4,5948.2,-7733.2,False
IFB_1067,kdjma,long,PRE_RTH,1.0,0.75,24,True,1,41,2044.2,3442.2,1.1978,0.5366,49.859,12376.4,-10332.2,29,-190.2,3442.2,0.9756,0.5172,-6.559,7613.0,-7803.2,12,2234.4,1766.6,1.8835,0.5833,186.2,4763.4,-2529.0,False
IFB_1068,kdjma,long,PRE_RTH,1.0,0.75,24,True,3,76,-4488.8,7706.6,0.8079,0.5,-59.063,18875.6,-23364.4,51,-2703.8,6592.6,0.827,0.5294,-53.016,12927.4,-15631.2,25,-1785.0,4820.8,0.7692,0.44,-71.4,5948.2,-7733.2,False
IFB_1069,kdjma,long,PRE_RTH,1.0,1.0,6,False,1,41,3344.19,4703.2,1.2888,0.4878,81.566,14924.0,-11579.81,29,-880.2,4703.2,0.9068,0.4483,-30.352,8560.6,-9440.8,12,4224.39,1519.0,2.9749,0.5833,352.033,6363.4,-2139.01,False
IFB_1070,kdjma,long,PRE_RTH,1.0,1.0,6,False,3,76,-618.79,6602.6,0.9752,0.4737,-8.142,24293.22,-24912.01,51,-1213.78,6602.6,0.9309,0.4902,-23.8,16355.02,-17568.8,25,594.99,3903.21,1.081,0.44,23.8,7938.2,-7343.21,False
IFB_1071,kdjma,long,PRE_RTH,1.0,1.0,6,True,1,41,3344.19,4703.2,1.2888,0.4878,81.566,14924.0,-11579.81,29,-880.2,4703.2,0.9068,0.4483,-30.352,8560.6,-9440.8,12,4224.39,1519.0,2.9749,0.5833,352.033,6363.4,-2139.01,False
IFB_1072,kdjma,long,PRE_RTH,1.0,1.0,6,True,3,76,-618.79,6602.6,0.9752,0.4737,-8.142,24293.22,-24912.01,51,-1213.78,6602.6,0.9309,0.4902,-23.8,16355.02,-17568.8,25,594.99,3903.21,1.081,0.44,23.8,7938.2,-7343.21,False
IFB_1073,kdjma,long,PRE_RTH,1.0,1.0,12,False,1,41,2954.2,4703.2,1.2468,0.4878,72.054,14924.0,-11969.8,29,-880.2,4703.2,0.9068,0.4483,-30.352,8560.6,-9440.8,12,3834.4,1519.0,2.5162,0.5833,319.533,6363.4,-2529.0,False
IFB_1074,kdjma,long,PRE_RTH,1.0,1.0,12,False,3,76,-768.8,6602.6,0.9696,0.4737,-10.116,24533.2,-25302.0,51,-973.8,6602.6,0.9446,0.4902,-19.094,16595.0,-17568.8,25,205.0,4293.2,1.0265,0.44,8.2,7938.2,-7733.2,False
IFB_1075,kdjma,long,PRE_RTH,1.0,1.0,12,True,1,41,2954.2,4703.2,1.2468,0.4878,72.054,14924.0,-11969.8,29,-880.2,4703.2,0.9068,0.4483,-30.352,8560.6,-9440.8,12,3834.4,1519.0,2.5162,0.5833,319.533,6363.4,-2529.0,False
IFB_1076,kdjma,long,PRE_RTH,1.0,1.0,12,True,3,76,-768.8,6602.6,0.9696,0.4737,-10.116,24533.2,-25302.0,51,-973.8,6602.6,0.9446,0.4902,-19.094,16595.0,-17568.8,25,205.0,4293.2,1.0265,0.44,8.2,7938.2,-7733.2,False
IFB_1077,kdjma,long,PRE_RTH,1.0,1.0,24,False,1,41,2954.2,4703.2,1.2468,0.4878,72.054,14924.0,-11969.8,29,-880.2,4703.2,0.9068,0.4483,-30.352,8560.6,-9440.8,12,3834.4,1519.0,2.5162,0.5833,319.533,6363.4,-2529.0,False
IFB_1078,kdjma,long,PRE_RTH,1.0,1.0,24,False,3,76,-768.8,6602.6,0.9696,0.4737,-10.116,24533.2,-25302.0,51,-973.8,6602.6,0.9446,0.4902,-19.094,16595.0,-17568.8,25,205.0,4293.2,1.0265,0.44,8.2,7938.2,-7733.2,False
IFB_1079,kdjma,long,PRE_RTH,1.0,1.0,24,True,1,41,2954.2,4703.2,1.2468,0.4878,72.054,14924.0,-11969.8,29,-880.2,4703.2,0.9068,0.4483,-30.352,8560.6,-9440.8,12,3834.4,1519.0,2.5162,0.5833,319.533,6363.4,-2529.0,False
IFB_1080,kdjma,long,PRE_RTH,1.0,1.0,24,True,3,76,-768.8,6602.6,0.9696,0.4737,-10.116,24533.2,-25302.0,51,-973.8,6602.6,0.9446,0.4902,-19.094,16595.0,-17568.8,25,205.0,4293.2,1.0265,0.44,8.2,7938.2,-7733.2,False
IFB_1081,kdjma,long,PRE_RTH,1.5,1.0,6,False,1,41,4104.19,5384.61,1.3324,0.561,100.102,16452.6,-12348.41,29,-260.2,5384.61,0.9737,0.5172,-8.972,9623.0,-9883.2,12,4364.39,1397.6,2.7704,0.6667,363.699,6829.6,-2465.21,False
IFB_1082,kdjma,long,PRE_RTH,1.5,1.0,6,False,3,74,7978.78,2645.01,1.3661,0.5946,107.821,29772.83,-21794.05,49,5713.81,2645.01,1.396,0.6327,116.608,20142.23,-14428.42,25,2264.97,2056.61,1.3075,0.52,90.599,9630.6,-7365.63,True
IFB_1083,kdjma,long,PRE_RTH,1.5,1.0,6,True,1,41,4104.19,5384.61,1.3324,0.561,100.102,16452.6,-12348.41,29,-260.2,5384.61,0.9737,0.5172,-8.972,9623.0,-9883.2,12,4364.39,1397.6,2.7704,0.6667,363.699,6829.6,-2465.21,False
IFB_1084,kdjma,long,PRE_RTH,1.5,1.0,6,True,3,74,7978.78,2645.01,1.3661,0.5946,107.821,29772.83,-21794.05,49,5713.81,2645.01,1.396,0.6327,116.608,20142.23,-14428.42,25,2264.97,2056.61,1.3075,0.52,90.599,9630.6,-7365.63,True
IFB_1085,kdjma,long,PRE_RTH,1.5,1.0,12,False,1,41,4794.2,3624.6,1.3787,0.6098,116.932,17455.0,-12660.8,29,1029.8,3624.6,1.1073,0.5862,35.51,10625.4,-9595.6,12,3764.4,1576.6,2.2281,0.6667,313.7,6829.6,-3065.2,False
IFB_1086,kdjma,long,PRE_RTH,1.5,1.0,12,False,3,74,7778.8,3460.8,1.3254,0.6216,105.119,31685.2,-23906.4,49,7393.8,2013.8,1.5043,0.6735,150.894,22054.6,-14660.8,25,385.0,3460.8,1.0416,0.52,15.4,9630.6,-9245.6,False
IFB_1087,kdjma,long,PRE_RTH,1.5,1.0,12,True,1,41,4794.2,3624.6,1.3787,0.6098,116.932,17455.0,-12660.8,29,1029.8,3624.6,1.1073,0.5862,35.51,10625.4,-9595.6,12,3764.4,1576.6,2.2281,0.6667,313.7,6829.6,-3065.2,False
IFB_1088,kdjma,long,PRE_RTH,1.5,1.0,12,True,3,74,7778.8,3460.8,1.3254,0.6216,105.119,31685.2,-23906.4,49,7393.8,2013.8,1.5043,0.6735,150.894,22054.6,-14660.8,25,385.0,3460.8,1.0416,0.52,15.4,9630.6,-9245.6,False
IFB_1089,kdjma,long,PRE_RTH,1.5,1.0,24,False,1,41,5734.2,2684.6,1.4529,0.6098,139.859,18395.0,-12660.8,29,1969.8,2684.6,1.2053,0.5862,67.924,11565.4,-9595.6,12,3764.4,1576.6,2.2281,0.6667,313.7,6829.6,-3065.2,False
IFB_1090,kdjma,long,PRE_RTH,1.5,1.0,24,False,3,74,8718.8,3460.8,1.3647,0.6216,117.822,32625.2,-23906.4,49,8333.8,2013.8,1.5684,0.6735,170.078,22994.6,-14660.8,25,385.0,3460.8,1.0416,0.52,15.4,9630.6,-9245.6,False
IFB_1091,kdjma,long,PRE_RTH,1.5,1.0,24,True,1,41,5734.2,2684.6,1.4529,0.6098,139.859,18395.0,-12660.8,29,1969.8,2684.6,1.2053,0.5862,67.924,11565.4,-9595.6,12,3764.4,1576.6,2.2281,0.6667,313.7,6829.6,-3065.2,False
IFB_1092,kdjma,long,PRE_RTH,1.5,1.0,24,True,3,74,8718.8,3460.8,1.3647,0.6216,117.822,32625.2,-23906.4,49,8333.8,2013.8,1.5684,0.6735,170.078,22994.6,-14660.8,25,385.0,3460.8,1.0416,0.52,15.4,9630.6,-9245.6,False
IFB_1093,kdjma,long,PRE_RTH,1.5,1.5,6,False,1,41,3934.18,4680.8,1.2625,0.439,95.956,18921.59,-14987.41,29,-1740.22,4680.8,0.8533,0.3793,-60.008,10118.18,-11858.4,12,5674.4,1731.41,2.8135,0.5833,472.867,8803.41,-3129.01,False
IFB_1094,kdjma,long,PRE_RTH,1.5,1.5,6,False,3,74,3088.84,4665.99,1.1156,0.473,41.741,29807.07,-26718.23,49,-806.15,4665.99,0.9563,0.4898,-16.452,17648.86,-18455.01,25,3894.99,3016.61,1.4714,0.44,155.8,12158.21,-8263.22,False
IFB_1095,kdjma,long,PRE_RTH,1.5,1.5,6,True,1,41,3934.18,4680.8,1.2625,0.439,95.956,18921.59,-14987.41,29,-1740.22,4680.8,0.8533,0.3793,-60.008,10118.18,-11858.4,12,5674.4,1731.41,2.8135,0.5833,472.867,8803.41,-3129.01,False
IFB_1096,kdjma,long,PRE_RTH,1.5,1.5,6,True,3,74,3088.84,4665.99,1.1156,0.473,41.741,29807.07,-26718.23,49,-806.15,4665.99,0.9563,0.4898,-16.452,17648.86,-18455.01,25,3894.99,3016.61,1.4714,0.44,155.8,12158.21,-8263.22,False
IFB_1097,kdjma,long,PRE_RTH,1.5,1.5,12,False,1,41,4444.23,4230.79,1.2679,0.4878,108.396,21034.02,-16589.79,29,-1450.17,4230.79,0.8872,0.4483,-50.006,11410.62,-12860.79,12,5894.4,2331.4,2.5807,0.5833,491.2,9623.4,-3729.0,False
IFB_1098,kdjma,long,PRE_RTH,1.5,1.5,12,False,3,74,1848.85,6994.98,1.0588,0.473,24.984,33267.02,-31418.17,49,-2096.15,6989.78,0.9025,0.4694,-42.779,19412.62,-21508.77,25,3945.0,3616.6,1.3981,0.48,157.8,13854.4,-9909.4,False
IFB_1099,kdjma,long,PRE_RTH,1.5,1.5,12,True,1,41,4444.23,4230.79,1.2679,0.4878,108.396,21034.02,-16589.79,29,-1450.17,4230.79,0.8872,0.4483,-50.006,11410.62,-12860.79,12,5894.4,2331.4,2.5807,0.5833,491.2,9623.4,-3729.0,False
IFB_1100,kdjma,long,PRE_RTH,1.5,1.5,12,True,3,74,1848.85,6994.98,1.0588,0.473,24.984,33267.02,-31418.17,49,-2096.15,6989.78,0.9025,0.4694,-42.779,19412.62,-21508.77,25,3945.0,3616.6,1.3981,0.48,157.8,13854.4,-9909.4,False
IFB_1101,kdjma,long,PRE_RTH,1.5,1.5,24,False,1,41,5174.23,3532.8,1.3053,0.4878,126.201,22124.02,-16949.79,29,-720.17,3532.8,0.9455,0.4483,-24.833,12500.62,-13220.79,12,5894.4,2331.4,2.5807,0.5833,491.2,9623.4,-3729.0,False
IFB_1102,kdjma,long,PRE_RTH,1.5,1.5,24,False,3,74,388.83,8241.2,1.0111,0.4595,5.254,35530.82,-35141.99,49,-3556.17,8236.0,0.8591,0.449,-72.575,21676.42,-25232.59,25,3945.0,3616.6,1.3981,0.48,157.8,13854.4,-9909.4,False
IFB_1103,kdjma,long,PRE_RTH,1.5,1.5,24,True,1,41,5174.23,3532.8,1.3053,0.4878,126.201,22124.02,-16949.79,29,-720.17,3532.8,0.9455,0.4483,-24.833,12500.62,-13220.79,12,5894.4,2331.4,2.5807,0.5833,491.2,9623.4,-3729.0,False
IFB_1104,kdjma,long,PRE_RTH,1.5,1.5,24,True,3,74,388.83,8241.2,1.0111,0.4595,5.254,35530.82,-35141.99,49,-3556.17,8236.0,0.8591,0.449,-72.575,21676.42,-25232.59,25,3945.0,3616.6,1.3981,0.48,157.8,13854.4,-9909.4,False
IFB_1105,kdjma,long,RTH,1.0,0.75,6,False,1,35,-6582.99,7161.59,0.5173,0.3429,-188.085,7054.42,-13637.41,24,-5331.18,5909.78,0.4575,0.375,-222.133,4495.82,-9827.0,11,-1251.81,3306.61,0.6715,0.2727,-113.801,2558.6,-3810.41,False
IFB_1106,kdjma,long,RTH,1.0,0.75,6,False,3,60,-10977.99,11556.59,0.503,0.3833,-182.967,11112.62,-22090.61,37,-8170.58,8749.18,0.4597,0.4054,-220.826,6953.02,-15123.6,23,-2807.41,3957.01,0.597,0.3478,-122.061,4159.6,-6967.01,False
IFB_1107,kdjma,long,RTH,1.0,0.75,6,True,1,35,-6582.99,7161.59,0.5173,0.3429,-188.085,7054.42,-13637.41,24,-5331.18,5909.78,0.4575,0.375,-222.133,4495.82,-9827.0,11,-1251.81,3306.61,0.6715,0.2727,-113.801,2558.6,-3810.41,False
IFB_1108,kdjma,long,RTH,1.0,0.75,6,True,3,60,-10977.99,11556.59,0.503,0.3833,-182.967,11112.62,-22090.61,37,-8170.58,8749.18,0.4597,0.4054,-220.826,6953.02,-15123.6,23,-2807.41,3957.01,0.597,0.3478,-122.061,4159.6,-6967.01,False
IFB_1109,kdjma,long,RTH,1.0,0.75,12,False,1,35,-6863.0,7441.6,0.5107,0.3429,-196.086,7164.4,-14027.4,24,-5221.2,5799.8,0.4687,0.375,-217.55,4605.8,-9827.0,11,-1641.8,3696.6,0.6091,0.2727,-149.255,2558.6,-4200.4,False
IFB_1110,kdjma,long,RTH,1.0,0.75,12,False,3,60,-11258.0,11836.6,0.4992,0.3833,-187.633,11222.6,-22480.6,37,-8060.6,8639.2,0.467,0.4054,-217.854,7063.0,-15123.6,23,-3197.4,4347.0,0.5654,0.3478,-139.017,4159.6,-7357.0,False
IFB_1111,kdjma,long,RTH,1.0,0.75,12,True,1,35,-6863.0,7441.6,0.5107,0.3429,-196.086,7164.4,-14027.4,24,-5221.2,5799.8,0.4687,0.375,-217.55,4605.8,-9827.0,11,-1641.8,3696.6,0.6091,0.2727,-149.255,2558.6,-4200.4,False
IFB_1112,kdjma,long,RTH,1.0,0.75,12,True,3,60,-11258.0,11836.6,0.4992,0.3833,-187.633,11222.6,-22480.6,37,-8060.6,8639.2,0.467,0.4054,-217.854,7063.0,-15123.6,23,-3197.4,4347.0,0.5654,0.3478,-139.017,4159.6,-7357.0,False
IFB_1113,kdjma,long,RTH,1.0,0.75,24,False,1,35,-6863.0,7441.6,0.5107,0.3429,-196.086,7164.4,-14027.4,24,-5221.2,5799.8,0.4687,0.375,-217.55,4605.8,-9827.0,11,-1641.8,3696.6,0.6091,0.2727,-149.255,2558.6,-4200.4,False
IFB_1114,kdjma,long,RTH,1.0,0.75,24,False,3,60,-11258.0,11836.6,0.4992,0.3833,-187.633,11222.6,-22480.6,37,-8060.6,8639.2,0.467,0.4054,-217.854,7063.0,-15123.6,23,-3197.4,4347.0,0.5654,0.3478,-139.017,4159.6,-7357.0,False
IFB_1115,kdjma,long,RTH,1.0,0.75,24,True,1,35,-6863.0,7441.6,0.5107,0.3429,-196.086,7164.4,-14027.4,24,-5221.2,5799.8,0.4687,0.375,-217.55,4605.8,-9827.0,11,-1641.8,3696.6,0.6091,0.2727,-149.255,2558.6,-4200.4,False
IFB_1116,kdjma,long,RTH,1.0,0.75,24,True,3,60,-11258.0,11836.6,0.4992,0.3833,-187.633,11222.6,-22480.6,37,-8060.6,8639.2,0.467,0.4054,-217.854,7063.0,-15123.6,23,-3197.4,4347.0,0.5654,0.3478,-139.017,4159.6,-7357.0,False
IFB_1117,kdjma,long,RTH,1.0,1.0,6,False,1,35,-5752.99,6901.21,0.5997,0.3143,-164.371,8618.22,-14371.21,24,-5361.18,6509.4,0.4924,0.3333,-223.383,5199.62,-10560.8,11,-391.81,3306.61,0.8972,0.2727,-35.619,3418.6,-3810.41,False
IFB_1118,kdjma,long,RTH,1.0,1.0,6,False,3,60,-6317.99,7884.81,0.7135,0.3833,-105.3,15732.62,-22050.61,37,-4920.58,6564.6,0.6738,0.4054,-132.989,10163.02,-15083.6,23,-1397.41,3507.01,0.7994,0.3478,-60.757,5569.6,-6967.01,False
IFB_1119,kdjma,long,RTH,1.0,1.0,6,True,1,35,-5752.99,6901.21,0.5997,0.3143,-164.371,8618.22,-14371.21,24,-5361.18,6509.4,0.4924,0.3333,-223.383,5199.62,-10560.8,11,-391.81,3306.61,0.8972,0.2727,-35.619,3418.6,-3810.41,False
IFB_1120,kdjma,long,RTH,1.0,1.0,6,True,3,60,-6317.99,7884.81,0.7135,0.3833,-105.3,15732.62,-22050.61,37,-4920.58,6564.6,0.6738,0.4054,-132.989,10163.02,-15083.6,23,-1397.41,3507.01,0.7994,0.3478,-60.757,5569.6,-6967.01,False
IFB_1121,kdjma,long,RTH,1.0,1.0,12,False,1,35,-5903.0,7291.2,0.6001,0.3143,-168.657,8858.2,-14761.2,24,-5121.2,6509.4,0.5151,0.3333,-213.383,5439.6,-10560.8,11,-781.8,3696.6,0.8139,0.2727,-71.073,3418.6,-4200.4,False
IFB_1122,kdjma,long,RTH,1.0,1.0,12,False,3,60,-6468.0,8274.8,0.7118,0.3833,-107.8,15972.6,-22440.6,37,-4680.6,6564.6,0.6897,0.4054,-126.503,10403.0,-15083.6,23,-1787.4,3897.0,0.757,0.3478,-77.713,5569.6,-7357.0,False
IFB_1123,kdjma,long,RTH,1.0,1.0,12,True,1,35,-5903.0,7291.2,0.6001,0.3143,-168.657,8858.2,-14761.2,24,-5121.2,6509.4,0.5151,0.3333,-213.383,5439.6,-10560.8,11,-781.8,3696.6,0.8139,0.2727,-71.073,3418.6,-4200.4,False
IFB_1124,kdjma,long,RTH,1.0,1.0,12,True,3,60,-6468.0,8274.8,0.7118,0.3833,-107.8,15972.6,-22440.6,37,-4680.6,6564.6,0.6897,0.4054,-126.503,10403.0,-15083.6,23,-1787.4,3897.0,0.757,0.3478,-77.713,5569.6,-7357.0,False
IFB_1125,kdjma,long,RTH,1.0,1.0,24,False,1,35,-5903.0,7291.2,0.6001,0.3143,-168.657,8858.2,-14761.2,24,-5121.2,6509.4,0.5151,0.3333,-213.383,5439.6,-10560.8,11,-781.8,3696.6,0.8139,0.2727,-71.073,3418.6,-4200.4,False
IFB_1126,kdjma,long,RTH,1.0,1.0,24,False,3,60,-6468.0,8274.8,0.7118,0.3833,-107.8,15972.6,-22440.6,37,-4680.6,6564.6,0.6897,0.4054,-126.503,10403.0,-15083.6,23,-1787.4,3897.0,0.757,0.3478,-77.713,5569.6,-7357.0,False
IFB_1127,kdjma,long,RTH,1.0,1.0,24,True,1,35,-5903.0,7291.2,0.6001,0.3143,-168.657,8858.2,-14761.2,24,-5121.2,6509.4,0.5151,0.3333,-213.383,5439.6,-10560.8,11,-781.8,3696.6,0.8139,0.2727,-71.073,3418.6,-4200.4,False
IFB_1128,kdjma,long,RTH,1.0,1.0,24,True,3,60,-6468.0,8274.8,0.7118,0.3833,-107.8,15972.6,-22440.6,37,-4680.6,6564.6,0.6897,0.4054,-126.503,10403.0,-15083.6,23,-1787.4,3897.0,0.757,0.3478,-77.713,5569.6,-7357.0,False
IFB_1129,kdjma,long,RTH,1.5,1.0,6,False,1,35,-2712.98,5554.18,0.8072,0.4571,-77.514,11359.23,-14072.21,24,-2661.15,5256.58,0.7374,0.5,-110.881,7474.43,-10135.58,11,-51.83,2716.63,0.9868,0.3636,-4.712,3884.8,-3936.63,False
IFB_1130,kdjma,long,RTH,1.5,1.0,6,False,3,58,1829.6,4064.2,1.0966,0.5345,31.545,20772.23,-18942.63,36,3433.23,4064.2,1.3043,0.6111,95.367,14716.43,-11283.2,22,-1603.63,3757.03,0.7906,0.4091,-72.892,6055.8,-7659.43,False
IFB_1131,kdjma,long,RTH,1.5,1.0,6,True,1,35,-2712.98,5554.18,0.8072,0.4571,-77.514,11359.23,-14072.21,24,-2661.15,5256.58,0.7374,0.5,-110.881,7474.43,-10135.58,11,-51.83,2716.63,0.9868,0.3636,-4.712,3884.8,-3936.63,False
IFB_1132,kdjma,long,RTH,1.5,1.0,6,True,3,58,1829.6,4064.2,1.0966,0.5345,31.545,20772.23,-18942.63,36,3433.23,4064.2,1.3043,0.6111,95.367,14716.43,-11283.2,22,-1603.63,3757.03,0.7906,0.4091,-72.892,6055.8,-7659.43,False
IFB_1133,kdjma,long,RTH,1.5,1.0,12,False,1,35,-5103.0,8322.2,0.6934,0.4571,-145.8,11539.2,-16642.2,24,-3401.2,6620.4,0.6924,0.5,-141.717,7654.4,-11055.6,11,-1701.8,4366.6,0.6954,0.3636,-154.709,3884.8,-5586.6,False
IFB_1134,kdjma,long,RTH,1.5,1.0,12,False,3,58,319.6,5407.0,1.0149,0.5517,5.51,21788.4,-21468.8,36,3803.2,4318.0,1.3188,0.6389,105.644,15732.6,-11929.4,22,-3483.6,5407.0,0.6348,0.4091,-158.345,6055.8,-9539.4,False
IFB_1135,kdjma,long,RTH,1.5,1.0,12,True,1,35,-5103.0,8322.2,0.6934,0.4571,-145.8,11539.2,-16642.2,24,-3401.2,6620.4,0.6924,0.5,-141.717,7654.4,-11055.6,11,-1701.8,4366.6,0.6954,0.3636,-154.709,3884.8,-5586.6,False
IFB_1136,kdjma,long,RTH,1.5,1.0,12,True,3,58,319.6,5407.0,1.0149,0.5517,5.51,21788.4,-21468.8,36,3803.2,4318.0,1.3188,0.6389,105.644,15732.6,-11929.4,22,-3483.6,5407.0,0.6348,0.4091,-158.345,6055.8,-9539.4,False
IFB_1137,kdjma,long,RTH,1.5,1.0,24,False,1,35,-4163.0,8322.2,0.7499,0.4571,-118.943,12479.2,-16642.2,24,-2461.2,6620.4,0.7774,0.5,-102.55,8594.4,-11055.6,11,-1701.8,4366.6,0.6954,0.3636,-154.709,3884.8,-5586.6,False
IFB_1138,kdjma,long,RTH,1.5,1.0,24,False,3,58,1259.6,5407.0,1.0587,0.5517,21.717,22728.4,-21468.8,36,4743.2,4318.0,1.3976,0.6389,131.756,16672.6,-11929.4,22,-3483.6,5407.0,0.6348,0.4091,-158.345,6055.8,-9539.4,False
IFB_1139,kdjma,long,RTH,1.5,1.0,24,True,1,35,-4163.0,8322.2,0.7499,0.4571,-118.943,12479.2,-16642.2,24,-2461.2,6620.4,0.7774,0.5,-102.55,8594.4,-11055.6,11,-1701.8,4366.6,0.6954,0.3636,-154.709,3884.8,-5586.6,False
IFB_1140,kdjma,long,RTH,1.5,1.0,24,True,3,58,1259.6,5407.0,1.0587,0.5517,21.717,22728.4,-21468.8,36,4743.2,4318.0,1.3976,0.6389,131.756,16672.6,-11929.4,22,-3483.6,5407.0,0.6348,0.4091,-158.345,6055.8,-9539.4,False
IFB_1141,kdjma,long,RTH,1.5,1.5,6,False,1,35,676.99,5054.18,1.0477,0.4286,19.343,14883.02,-14206.03,24,-411.19,4986.58,0.96,0.4583,-17.133,9858.21,-10269.4,11,1088.18,2476.63,1.2764,0.3636,98.925,5024.81,-3936.63,False
IFB_1142,kdjma,long,RTH,1.5,1.5,6,False,3,58,159.63,6559.4,1.0076,0.4655,2.752,21287.47,-21127.84,36,-466.75,6559.4,0.9653,0.5,-12.965,13001.66,-13468.41,22,626.38,2637.03,1.0818,0.4091,28.472,8285.81,-7659.43,False
IFB_1143,kdjma,long,RTH,1.5,1.5,6,True,1,35,676.99,5054.18,1.0477,0.4286,19.343,14883.02,-14206.03,24,-411.19,4986.58,0.96,0.4583,-17.133,9858.21,-10269.4,11,1088.18,2476.63,1.2764,0.3636,98.925,5024.81,-3936.63,False
IFB_1144,kdjma,long,RTH,1.5,1.5,6,True,3,58,159.63,6559.4,1.0076,0.4655,2.752,21287.47,-21127.84,36,-466.75,6559.4,0.9653,0.5,-12.965,13001.66,-13468.41,22,626.38,2637.03,1.0818,0.4091,28.472,8285.81,-7659.43,False
IFB_1145,kdjma,long,RTH,1.5,1.5,12,False,1,35,-1572.96,6471.79,0.9062,0.4,-44.942,15196.82,-16769.78,24,-1831.16,6404.19,0.8363,0.4167,-76.298,9352.02,-11183.18,11,258.2,4126.6,1.0462,0.3636,23.473,5844.8,-5586.6,False
IFB_1146,kdjma,long,RTH,1.5,1.5,12,False,3,58,-3820.37,10326.0,0.8509,0.431,-65.868,21805.02,-25625.39,36,-3386.77,9524.6,0.7895,0.4444,-94.077,12699.22,-16085.99,22,-433.6,4287.0,0.9545,0.4091,-19.709,9105.8,-9539.4,False
IFB_1147,kdjma,long,RTH,1.5,1.5,12,True,1,35,-1572.96,6471.79,0.9062,0.4,-44.942,15196.82,-16769.78,24,-1831.16,6404.19,0.8363,0.4167,-76.298,9352.02,-11183.18,11,258.2,4126.6,1.0462,0.3636,23.473,5844.8,-5586.6,False
IFB_1148,kdjma,long,RTH,1.5,1.5,12,True,3,58,-3820.37,10326.0,0.8509,0.431,-65.868,21805.02,-25625.39,36,-3386.77,9524.6,0.7895,0.4444,-94.077,12699.22,-16085.99,22,-433.6,4287.0,0.9545,0.4091,-19.709,9105.8,-9539.4,False
IFB_1149,kdjma,long,RTH,1.5,1.5,24,False,1,35,-1562.97,6418.0,0.9124,0.4,-44.656,16286.82,-17849.79,24,-1821.17,6350.4,0.8515,0.4167,-75.882,10442.02,-12263.19,11,258.2,4126.6,1.0462,0.3636,23.473,5844.8,-5586.6,False
IFB_1150,kdjma,long,RTH,1.5,1.5,24,False,3,58,-6300.37,12592.2,0.7925,0.4138,-108.627,24068.82,-30369.19,36,-5866.77,11790.8,0.7183,0.4167,-162.966,14963.02,-20829.79,22,-433.6,4287.0,0.9545,0.4091,-19.709,9105.8,-9539.4,False
IFB_1151,kdjma,long,RTH,1.5,1.5,24,True,1,35,-1562.97,6418.0,0.9124,0.4,-44.656,16286.82,-17849.79,24,-1821.17,6350.4,0.8515,0.4167,-75.882,10442.02,-12263.19,11,258.2,4126.6,1.0462,0.3636,23.473,5844.8,-5586.6,False
IFB_1152,kdjma,long,RTH,1.5,1.5,24,True,3,58,-6300.37,12592.2,0.7925,0.4138,-108.627,24068.82,-30369.19,36,-5866.77,11790.8,0.7183,0.4167,-162.966,14963.02,-20829.79,22,-433.6,4287.0,0.9545,0.4091,-19.709,9105.8,-9539.4,False
IFB_1153,kdjma,short,ALL,1.0,0.75,6,False,1,45,-730.98,4254.58,0.9327,0.5333,-16.244,10128.8,-10859.78,33,784.62,2905.58,1.1159,0.6061,23.776,7554.0,-6769.38,12,-1515.6,1905.2,0.6295,0.3333,-126.3,2574.8,-4090.4,False
IFB_1154,kdjma,short,ALL,1.0,0.75,6,False,3,115,2213.0,6397.59,1.0824,0.5826,19.243,29065.38,-26852.39,82,5858.4,3590.78,1.3748,0.6463,71.444,21488.58,-15630.18,33,-3645.4,4383.2,0.6752,0.4242,-110.467,7576.8,-11222.2,False
IFB_1155,kdjma,short,ALL,1.0,0.75,6,True,1,45,-730.98,4254.58,0.9327,0.5333,-16.244,10128.8,-10859.78,33,784.62,2905.58,1.1159,0.6061,23.776,7554.0,-6769.38,12,-1515.6,1905.2,0.6295,0.3333,-126.3,2574.8,-4090.4,False
IFB_1156,kdjma,short,ALL,1.0,0.75,6,True,3,115,2213.0,6397.59,1.0824,0.5826,19.243,29065.38,-26852.39,82,5858.4,3590.78,1.3748,0.6463,71.444,21488.58,-15630.18,33,-3645.4,4383.2,0.6752,0.4242,-110.467,7576.8,-11222.2,False
IFB_1157,kdjma,short,ALL,1.0,0.75,12,False,1,45,-1071.0,4594.6,0.9044,0.5333,-23.8,10128.8,-11199.8,33,444.6,3245.6,1.0625,0.6061,13.473,7554.0,-7109.4,12,-1515.6,1905.2,0.6295,0.3333,-126.3,2574.8,-4090.4,False
IFB_1158,kdjma,short,ALL,1.0,0.75,12,False,3,115,1213.0,7207.6,1.0427,0.5913,10.548,29591.6,-28378.6,82,5658.4,3010.8,1.3459,0.6585,69.005,22014.8,-16356.4,33,-4445.4,5183.2,0.6302,0.4242,-134.709,7576.8,-12022.2,False
IFB_1159,kdjma,short,ALL,1.0,0.75,12,True,1,45,-1071.0,4594.6,0.9044,0.5333,-23.8,10128.8,-11199.8,33,444.6,3245.6,1.0625,0.6061,13.473,7554.0,-7109.4,12,-1515.6,1905.2,0.6295,0.3333,-126.3,2574.8,-4090.4,False
IFB_1160,kdjma,short,ALL,1.0,0.75,12,True,3,115,1213.0,7207.6,1.0427,0.5913,10.548,29591.6,-28378.6,82,5658.4,3010.8,1.3459,0.6585,69.005,22014.8,-16356.4,33,-4445.4,5183.2,0.6302,0.4242,-134.709,7576.8,-12022.2,False
IFB_1161,kdjma,short,ALL,1.0,0.75,24,False,1,45,-1071.0,4594.6,0.9044,0.5333,-23.8,10128.8,-11199.8,33,444.6,3245.6,1.0625,0.6061,13.473,7554.0,-7109.4,12,-1515.6,1905.2,0.6295,0.3333,-126.3,2574.8,-4090.4,False
IFB_1162,kdjma,short,ALL,1.0,0.75,24,False,3,115,1213.0,7207.6,1.0427,0.5913,10.548,29591.6,-28378.6,82,5658.4,3010.8,1.3459,0.6585,69.005,22014.8,-16356.4,33,-4445.4,5183.2,0.6302,0.4242,-134.709,7576.8,-12022.2,False
IFB_1163,kdjma,short,ALL,1.0,0.75,24,True,1,45,-1071.0,4594.6,0.9044,0.5333,-23.8,10128.8,-11199.8,33,444.6,3245.6,1.0625,0.6061,13.473,7554.0,-7109.4,12,-1515.6,1905.2,0.6295,0.3333,-126.3,2574.8,-4090.4,False
IFB_1164,kdjma,short,ALL,1.0,0.75,24,True,3,115,1213.0,7207.6,1.0427,0.5913,10.548,29591.6,-28378.6,82,5658.4,3010.8,1.3459,0.6585,69.005,22014.8,-16356.4,33,-4445.4,5183.2,0.6302,0.4242,-134.709,7576.8,-12022.2,False
IFB_1165,kdjma,short,ALL,1.0,1.0,6,False,1,45,79.03,3649.38,1.0066,0.4667,1.756,12100.21,-12021.18,33,1594.63,2490.38,1.2127,0.5455,48.322,9091.61,-7496.98,12,-1515.6,1905.2,0.665,0.25,-126.3,3008.6,-4524.2,False
IFB_1166,kdjma,short,ALL,1.0,1.0,6,False,3,114,2376.78,6697.57,1.0773,0.5088,20.849,33109.57,-30732.8,80,6705.98,2750.78,1.3854,0.575,83.825,24105.17,-17399.19,34,-4329.2,4713.2,0.6753,0.3529,-127.33,9004.4,-13333.6,False
IFB_1167,kdjma,short,ALL,1.0,1.0,6,True,1,45,79.03,3649.38,1.0066,0.4667,1.756,12100.21,-12021.18,33,1594.63,2490.38,1.2127,0.5455,48.322,9091.61,-7496.98,12,-1515.6,1905.2,0.665,0.25,-126.3,3008.6,-4524.2,False
IFB_1168,kdjma,short,ALL,1.0,1.0,6,True,3,114,2376.78,6697.57,1.0773,0.5088,20.849,33109.57,-30732.8,80,6705.98,2750.78,1.3854,0.575,83.825,24105.17,-17399.19,34,-4329.2,4713.2,0.6753,0.3529,-127.33,9004.4,-13333.6,False
IFB_1169,kdjma,short,ALL,1.0,1.0,12,False,1,45,49.0,3989.4,1.004,0.4667,1.089,12410.2,-12361.2,33,1564.6,2830.4,1.1996,0.5455,47.412,9401.6,-7837.0,12,-1515.6,1905.2,0.665,0.25,-126.3,3008.6,-4524.2,False
IFB_1170,kdjma,short,ALL,1.0,1.0,12,False,3,114,-373.2,7217.6,0.9891,0.5,-3.274,33993.4,-34366.6,80,4756.0,2221.4,1.2351,0.5625,59.45,24989.0,-20233.0,34,-5129.2,5513.2,0.6371,0.3529,-150.859,9004.4,-14133.6,False
IFB_1171,kdjma,short,ALL,1.0,1.0,12,True,1,45,49.0,3989.4,1.004,0.4667,1.089,12410.2,-12361.2,33,1564.6,2830.4,1.1996,0.5455,47.412,9401.6,-7837.0,12,-1515.6,1905.2,0.665,0.25,-126.3,3008.6,-4524.2,False
IFB_1172,kdjma,short,ALL,1.0,1.0,12,True,3,114,-373.2,7217.6,0.9891,0.5,-3.274,33993.4,-34366.6,80,4756.0,2221.4,1.2351,0.5625,59.45,24989.0,-20233.0,34,-5129.2,5513.2,0.6371,0.3529,-150.859,9004.4,-14133.6,False
IFB_1173,kdjma,short,ALL,1.0,1.0,24,False,1,45,49.0,3989.4,1.004,0.4667,1.089,12410.2,-12361.2,33,1564.6,2830.4,1.1996,0.5455,47.412,9401.6,-7837.0,12,-1515.6,1905.2,0.665,0.25,-126.3,3008.6,-4524.2,False
IFB_1174,kdjma,short,ALL,1.0,1.0,24,False,3,114,-373.2,7217.6,0.9891,0.5,-3.274,33993.4,-34366.6,80,4756.0,2221.4,1.2351,0.5625,59.45,24989.0,-20233.0,34,-5129.2,5513.2,0.6371,0.3529,-150.859,9004.4,-14133.6,False
IFB_1175,kdjma,short,ALL,1.0,1.0,24,True,1,45,49.0,3989.4,1.004,0.4667,1.089,12410.2,-12361.2,33,1564.6,2830.4,1.1996,0.5455,47.412,9401.6,-7837.0,12,-1515.6,1905.2,0.665,0.25,-126.3,3008.6,-4524.2,False
IFB_1176,kdjma,short,ALL,1.0,1.0,24,True,3,114,-373.2,7217.6,0.9891,0.5,-3.274,33993.4,-34366.6,80,4756.0,2221.4,1.2351,0.5625,59.45,24989.0,-20233.0,34,-5129.2,5513.2,0.6371,0.3529,-150.859,9004.4,-14133.6,False
IFB_1177,kdjma,short,ALL,1.5,1.0,6,False,1,45,969.02,2649.77,1.0782,0.5778,21.534,13361.22,-12392.2,33,2354.61,2416.58,1.3127,0.6061,71.352,9884.01,-7529.4,12,-1385.59,1985.2,0.7151,0.5,-115.465,3477.21,-4862.8,False
IFB_1178,kdjma,short,ALL,1.5,1.0,6,False,3,113,830.58,8906.16,1.024,0.5929,7.35,35455.39,-34624.8,79,7079.76,3664.2,1.3777,0.6456,89.617,25826.17,-18746.41,34,-6249.18,6339.4,0.6064,0.4706,-183.799,9629.21,-15878.4,False
IFB_1179,kdjma,short,ALL,1.5,1.0,6,True,1,45,969.02,2649.77,1.0782,0.5778,21.534,13361.22,-12392.2,33,2354.61,2416.58,1.3127,0.6061,71.352,9884.01,-7529.4,12,-1385.59,1985.2,0.7151,0.5,-115.465,3477.21,-4862.8,False
IFB_1180,kdjma,short,ALL,1.5,1.0,6,True,3,113,830.58,8906.16,1.024,0.5929,7.35,35455.39,-34624.8,79,7079.76,3664.2,1.3777,0.6456,89.617,25826.17,-18746.41,34,-6249.18,6339.4,0.6064,0.4706,-183.799,9629.21,-15878.4,False
IFB_1181,kdjma,short,ALL,1.5,1.0,12,False,1,45,2508.99,3036.6,1.1967,0.6,55.755,15267.38,-12758.39,33,3114.59,3036.6,1.3945,0.6364,94.382,11010.18,-7895.59,12,-605.6,1985.2,0.8755,0.5,-50.467,4257.2,-4862.8,False
IFB_1182,kdjma,short,ALL,1.5,1.0,12,False,3,113,-1049.41,7145.6,0.9727,0.5841,-9.287,37429.18,-38478.6,79,3679.79,4153.6,1.1582,0.6203,46.58,26933.78,-23253.99,34,-4729.2,6121.8,0.6894,0.5,-139.094,10495.4,-15224.6,False
IFB_1183,kdjma,short,ALL,1.5,1.0,12,True,1,45,2508.99,3036.6,1.1967,0.6,55.755,15267.38,-12758.39,33,3114.59,3036.6,1.3945,0.6364,94.382,11010.18,-7895.59,12,-605.6,1985.2,0.8755,0.5,-50.467,4257.2,-4862.8,False
IFB_1184,kdjma,short,ALL,1.5,1.0,12,True,3,113,-1049.41,7145.6,0.9727,0.5841,-9.287,37429.18,-38478.6,79,3679.79,4153.6,1.1582,0.6203,46.58,26933.78,-23253.99,34,-4729.2,6121.8,0.6894,0.5,-139.094,10495.4,-15224.6,False
IFB_1185,kdjma,short,ALL,1.5,1.0,24,False,1,45,2649.0,3036.6,1.2001,0.6,58.867,15887.4,-13238.4,33,3254.6,3036.6,1.3886,0.6364,98.624,11630.2,-8375.6,12,-605.6,1985.2,0.8755,0.5,-50.467,4257.2,-4862.8,True
IFB_1186,kdjma,short,ALL,1.5,1.0,24,False,3,113,-2459.42,8695.62,0.9403,0.5841,-21.765,38759.2,-41218.62,79,4059.8,5093.6,1.1671,0.6329,51.39,28350.0,-24290.2,34,-6519.22,7389.42,0.6149,0.4706,-191.742,10409.2,-16928.42,False
IFB_1187,kdjma,short,ALL,1.5,1.0,24,True,1,45,2649.0,3036.6,1.2001,0.6,58.867,15887.4,-13238.4,33,3254.6,3036.6,1.3886,0.6364,98.624,11630.2,-8375.6,12,-605.6,1985.2,0.8755,0.5,-50.467,4257.2,-4862.8,True
IFB_1188,kdjma,short,ALL,1.5,1.0,24,True,3,113,-2459.42,8695.62,0.9403,0.5841,-21.765,38759.2,-41218.62,79,4059.8,5093.6,1.1671,0.6329,51.39,28350.0,-24290.2,34,-6519.22,7389.42,0.6149,0.4706,-191.742,10409.2,-16928.42,False
IFB_1189,kdjma,short,ALL,1.5,1.5,6,False,1,45,4469.01,2456.59,1.3496,0.5111,99.311,17252.61,-12783.6,33,4144.6,2456.59,1.5233,0.5152,125.594,12065.4,-7920.8,12,324.41,1795.2,1.0667,0.5,27.035,5187.21,-4862.8,True
IFB_1190,kdjma,short,ALL,1.5,1.5,6,False,3,113,8480.65,5840.14,1.2371,0.5487,75.05,44244.45,-35763.8,79,10839.83,3680.79,1.5455,0.5949,137.213,30711.44,-19871.61,34,-2359.18,5821.8,0.8516,0.4412,-69.388,13533.01,-15892.19,False
IFB_1191,kdjma,short,ALL,1.5,1.5,6,True,1,45,4469.01,2456.59,1.3496,0.5111,99.311,17252.61,-12783.6,33,4144.6,2456.59,1.5233,0.5152,125.594,12065.4,-7920.8,12,324.41,1795.2,1.0667,0.5,27.035,5187.21,-4862.8,True
IFB_1192,kdjma,short,ALL,1.5,1.5,6,True,3,113,8480.65,5840.14,1.2371,0.5487,75.05,44244.45,-35763.8,79,10839.83,3680.79,1.5455,0.5949,137.213,30711.44,-19871.61,34,-2359.18,5821.8,0.8516,0.4412,-69.388,13533.01,-15892.19,False
IFB_1193,kdjma,short,ALL,1.5,1.5,12,False,1,45,5168.96,3576.61,1.3544,0.5111,114.866,19752.57,-14583.61,33,5094.57,3576.61,1.557,0.5455,154.381,14241.57,-9147.0,12,74.39,2369.01,1.0137,0.4167,6.199,5511.0,-5436.61,True
IFB_1194,kdjma,short,ALL,1.5,1.5,12,False,3,113,4780.56,5731.8,1.1115,0.5044,42.306,47643.36,-42862.8,79,6769.76,4770.81,1.2514,0.5316,85.693,33700.36,-26930.6,34,-1989.2,5731.8,0.8751,0.4412,-58.506,13943.0,-15932.2,False
IFB_1195,kdjma,short,ALL,1.5,1.5,12,True,1,45,5168.96,3576.61,1.3544,0.5111,114.866,19752.57,-14583.61,33,5094.57,3576.61,1.557,0.5455,154.381,14241.57,-9147.0,12,74.39,2369.01,1.0137,0.4167,6.199,5511.0,-5436.61,True
IFB_1196,kdjma,short,ALL,1.5,1.5,12,True,3,113,4780.56,5731.8,1.1115,0.5044,42.306,47643.36,-42862.8,79,6769.76,4770.81,1.2514,0.5316,85.693,33700.36,-26930.6,34,-1989.2,5731.8,0.8751,0.4412,-58.506,13943.0,-15932.2,False
IFB_1197,kdjma,short,ALL,1.5,1.5,24,False,1,45,4489.0,3716.6,1.279,0.4889,99.756,20576.4,-16087.4,33,4384.6,3716.6,1.4179,0.5152,132.867,14875.4,-10490.8,12,104.4,2529.0,1.0187,0.4167,8.7,5701.0,-5596.6,True
IFB_1198,kdjma,short,ALL,1.5,1.5,24,False,3,113,3340.57,7513.22,1.0709,0.5044,29.563,50433.39,-47092.82,79,6039.79,4910.8,1.2052,0.5316,76.453,35470.39,-29430.6,34,-2699.22,7513.22,0.8472,0.4412,-79.389,14963.0,-17662.22,False
IFB_1199,kdjma,short,ALL,1.5,1.5,24,True,1,45,4489.0,3716.6,1.279,0.4889,99.756,20576.4,-16087.4,33,4384.6,3716.6,1.4179,0.5152,132.867,14875.4,-10490.8,12,104.4,2529.0,1.0187,0.4167,8.7,5701.0,-5596.6,True
IFB_1200,kdjma,short,ALL,1.5,1.5,24,True,3,113,3340.57,7513.22,1.0709,0.5044,29.563,50433.39,-47092.82,79,6039.79,4910.8,1.2052,0.5316,76.453,35470.39,-29430.6,34,-2699.22,7513.22,0.8472,0.4412,-79.389,14963.0,-17662.22,False
IFB_1201,kdjma,short,PRE_RTH,1.0,0.75,6,False,1,29,4359.79,2381.4,1.7266,0.7241,150.338,10360.19,-6000.4,19,3687.79,2161.4,2.2521,0.7895,194.094,6632.99,-2945.2,10,672.0,1597.6,1.22,0.6,67.2,3727.2,-3055.2,False
IFB_1202,kdjma,short,PRE_RTH,1.0,0.75,6,False,3,51,556.18,4765.6,1.038,0.5882,10.905,15175.99,-14619.81,35,256.98,4765.6,1.0272,0.6,7.342,9700.19,-9443.21,16,299.2,2189.0,1.0578,0.5625,18.7,5475.8,-5176.6,False
IFB_1203,kdjma,short,PRE_RTH,1.0,0.75,6,True,1,29,4359.79,2381.4,1.7266,0.7241,150.338,10360.19,-6000.4,19,3687.79,2161.4,2.2521,0.7895,194.094,6632.99,-2945.2,10,672.0,1597.6,1.22,0.6,67.2,3727.2,-3055.2,False
IFB_1204,kdjma,short,PRE_RTH,1.0,0.75,6,True,3,51,556.18,4765.6,1.038,0.5882,10.905,15175.99,-14619.81,35,256.98,4765.6,1.0272,0.6,7.342,9700.19,-9443.21,16,299.2,2189.0,1.0578,0.5625,18.7,5475.8,-5176.6,False
IFB_1205,kdjma,short,PRE_RTH,1.0,0.75,12,False,1,29,4639.8,2381.4,1.7732,0.7241,159.993,10640.2,-6000.4,19,3967.8,2161.4,2.3472,0.7895,208.832,6913.0,-2945.2,10,672.0,1597.6,1.22,0.6,67.2,3727.2,-3055.2,False
IFB_1206,kdjma,short,PRE_RTH,1.0,0.75,12,False,3,51,46.2,4765.6,1.003,0.5882,0.906,15456.0,-15409.8,35,-253.0,4765.6,0.9753,0.6,-7.229,9980.2,-10233.2,16,299.2,2189.0,1.0578,0.5625,18.7,5475.8,-5176.6,False
IFB_1207,kdjma,short,PRE_RTH,1.0,0.75,12,True,1,29,4639.8,2381.4,1.7732,0.7241,159.993,10640.2,-6000.4,19,3967.8,2161.4,2.3472,0.7895,208.832,6913.0,-2945.2,10,672.0,1597.6,1.22,0.6,67.2,3727.2,-3055.2,False
IFB_1208,kdjma,short,PRE_RTH,1.0,0.75,12,True,3,51,46.2,4765.6,1.003,0.5882,0.906,15456.0,-15409.8,35,-253.0,4765.6,0.9753,0.6,-7.229,9980.2,-10233.2,16,299.2,2189.0,1.0578,0.5625,18.7,5475.8,-5176.6,False
IFB_1209,kdjma,short,PRE_RTH,1.0,0.75,24,False,1,29,4639.8,2381.4,1.7732,0.7241,159.993,10640.2,-6000.4,19,3967.8,2161.4,2.3472,0.7895,208.832,6913.0,-2945.2,10,672.0,1597.6,1.22,0.6,67.2,3727.2,-3055.2,False
IFB_1210,kdjma,short,PRE_RTH,1.0,0.75,24,False,3,51,46.2,4765.6,1.003,0.5882,0.906,15456.0,-15409.8,35,-253.0,4765.6,0.9753,0.6,-7.229,9980.2,-10233.2,16,299.2,2189.0,1.0578,0.5625,18.7,5475.8,-5176.6,False
IFB_1211,kdjma,short,PRE_RTH,1.0,0.75,24,True,1,29,4639.8,2381.4,1.7732,0.7241,159.993,10640.2,-6000.4,19,3967.8,2161.4,2.3472,0.7895,208.832,6913.0,-2945.2,10,672.0,1597.6,1.22,0.6,67.2,3727.2,-3055.2,False
IFB_1212,kdjma,short,PRE_RTH,1.0,0.75,24,True,3,51,46.2,4765.6,1.003,0.5882,0.906,15456.0,-15409.8,35,-253.0,4765.6,0.9753,0.6,-7.229,9980.2,-10233.2,16,299.2,2189.0,1.0578,0.5625,18.7,5475.8,-5176.6,False
IFB_1213,kdjma,short,PRE_RTH,1.0,1.0,6,False,1,29,6459.77,2381.4,2.0097,0.6552,222.751,12857.79,-6398.02,19,4527.77,2165.22,2.3545,0.6842,238.304,7870.59,-3342.82,10,1932.0,1597.6,1.6324,0.6,193.2,4987.2,-3055.2,False
IFB_1214,kdjma,short,PRE_RTH,1.0,1.0,6,False,3,51,2526.15,5015.62,1.162,0.5294,49.532,18117.38,-15591.23,35,366.95,5015.62,1.0352,0.5143,10.484,10781.58,-10414.63,16,2159.2,1949.0,1.4171,0.5625,134.95,7335.8,-5176.6,False
IFB_1215,kdjma,short,PRE_RTH,1.0,1.0,6,True,1,29,6459.77,2381.4,2.0097,0.6552,222.751,12857.79,-6398.02,19,4527.77,2165.22,2.3545,0.6842,238.304,7870.59,-3342.82,10,1932.0,1597.6,1.6324,0.6,193.2,4987.2,-3055.2,False
IFB_1216,kdjma,short,PRE_RTH,1.0,1.0,6,True,3,51,2526.15,5015.62,1.162,0.5294,49.532,18117.38,-15591.23,35,366.95,5015.62,1.0352,0.5143,10.484,10781.58,-10414.63,16,2159.2,1949.0,1.4171,0.5625,134.95,7335.8,-5176.6,False
IFB_1217,kdjma,short,PRE_RTH,1.0,1.0,12,False,1,29,5219.8,2862.8,1.6949,0.6207,179.993,12731.6,-7511.8,19,3287.8,2862.8,1.7377,0.6316,173.042,7744.4,-4456.6,10,1932.0,1597.6,1.6324,0.6,193.2,4987.2,-3055.2,False
IFB_1218,kdjma,short,PRE_RTH,1.0,1.0,12,False,3,51,796.2,6162.2,1.0455,0.5098,15.612,18291.2,-17495.0,35,-1363.0,6162.2,0.8894,0.4857,-38.943,10955.4,-12318.4,16,2159.2,1949.0,1.4171,0.5625,134.95,7335.8,-5176.6,False
IFB_1219,kdjma,short,PRE_RTH,1.0,1.0,12,True,1,29,5219.8,2862.8,1.6949,0.6207,179.993,12731.6,-7511.8,19,3287.8,2862.8,1.7377,0.6316,173.042,7744.4,-4456.6,10,1932.0,1597.6,1.6324,0.6,193.2,4987.2,-3055.2,False
IFB_1220,kdjma,short,PRE_RTH,1.0,1.0,12,True,3,51,796.2,6162.2,1.0455,0.5098,15.612,18291.2,-17495.0,35,-1363.0,6162.2,0.8894,0.4857,-38.943,10955.4,-12318.4,16,2159.2,1949.0,1.4171,0.5625,134.95,7335.8,-5176.6,False
IFB_1221,kdjma,short,PRE_RTH,1.0,1.0,24,False,1,29,5219.8,2862.8,1.6949,0.6207,179.993,12731.6,-7511.8,19,3287.8,2862.8,1.7377,0.6316,173.042,7744.4,-4456.6,10,1932.0,1597.6,1.6324,0.6,193.2,4987.2,-3055.2,False
IFB_1222,kdjma,short,PRE_RTH,1.0,1.0,24,False,3,51,796.2,6162.2,1.0455,0.5098,15.612,18291.2,-17495.0,35,-1363.0,6162.2,0.8894,0.4857,-38.943,10955.4,-12318.4,16,2159.2,1949.0,1.4171,0.5625,134.95,7335.8,-5176.6,False
IFB_1223,kdjma,short,PRE_RTH,1.0,1.0,24,True,1,29,5219.8,2862.8,1.6949,0.6207,179.993,12731.6,-7511.8,19,3287.8,2862.8,1.7377,0.6316,173.042,7744.4,-4456.6,10,1932.0,1597.6,1.6324,0.6,193.2,4987.2,-3055.2,False
IFB_1224,kdjma,short,PRE_RTH,1.0,1.0,24,True,3,51,796.2,6162.2,1.0455,0.5098,15.612,18291.2,-17495.0,35,-1363.0,6162.2,0.8894,0.4857,-38.943,10955.4,-12318.4,16,2159.2,1949.0,1.4171,0.5625,134.95,7335.8,-5176.6,False
IFB_1225,kdjma,short,PRE_RTH,1.5,1.0,6,False,1,29,5389.77,3571.4,1.7217,0.6552,185.854,12857.79,-7468.02,19,4107.77,1995.22,2.0917,0.6842,216.198,7870.59,-3762.82,10,1282.0,2397.6,1.346,0.6,128.2,4987.2,-3705.2,False
IFB_1226,kdjma,short,PRE_RTH,1.5,1.0,6,False,3,49,-1376.26,5910.83,0.9276,0.551,-28.087,17627.38,-19003.64,34,-1219.26,5910.83,0.9021,0.5588,-35.861,11237.78,-12457.04,15,-157.0,3465.2,0.976,0.5333,-10.467,6389.6,-6546.6,False
IFB_1227,kdjma,short,PRE_RTH,1.5,1.0,6,True,1,29,5389.77,3571.4,1.7217,0.6552,185.854,12857.79,-7468.02,19,4107.77,1995.22,2.0917,0.6842,216.198,7870.59,-3762.82,10,1282.0,2397.6,1.346,0.6,128.2,4987.2,-3705.2,False
IFB_1228,kdjma,short,PRE_RTH,1.5,1.0,6,True,3,49,-1376.26,5910.83,0.9276,0.551,-28.087,17627.38,-19003.64,34,-1219.26,5910.83,0.9021,0.5588,-35.861,11237.78,-12457.04,15,-157.0,3465.2,0.976,0.5333,-10.467,6389.6,-6546.6,False
IFB_1229,kdjma,short,PRE_RTH,1.5,1.0,12,False,1,29,4529.78,3571.4,1.5409,0.6897,156.199,12903.98,-8374.2,19,2597.78,3049.0,1.4964,0.6842,136.725,7830.58,-5232.8,10,1932.0,2397.6,1.615,0.7,193.2,5073.4,-3141.4,False
IFB_1230,kdjma,short,PRE_RTH,1.5,1.0,12,False,3,49,-1946.22,7788.0,0.9029,0.5918,-39.719,18089.78,-20036.0,34,-3239.22,7788.0,0.7802,0.5588,-95.271,11497.78,-14737.0,15,1293.0,2901.4,1.244,0.6667,86.2,6592.0,-5299.0,False
IFB_1231,kdjma,short,PRE_RTH,1.5,1.0,12,True,1,29,4529.78,3571.4,1.5409,0.6897,156.199,12903.98,-8374.2,19,2597.78,3049.0,1.4964,0.6842,136.725,7830.58,-5232.8,10,1932.0,2397.6,1.615,0.7,193.2,5073.4,-3141.4,False
IFB_1232,kdjma,short,PRE_RTH,1.5,1.0,12,True,3,49,-1946.22,7788.0,0.9029,0.5918,-39.719,18089.78,-20036.0,34,-3239.22,7788.0,0.7802,0.5588,-95.271,11497.78,-14737.0,15,1293.0,2901.4,1.244,0.6667,86.2,6592.0,-5299.0,False
IFB_1233,kdjma,short,PRE_RTH,1.5,1.0,24,False,1,29,4529.78,3571.4,1.4946,0.6552,156.199,13687.8,-9158.02,19,3467.8,3049.0,1.6627,0.6842,182.516,8700.6,-5232.8,10,1061.98,2397.6,1.2706,0.6,106.198,4987.2,-3925.22,False
IFB_1234,kdjma,short,PRE_RTH,1.5,1.0,24,False,3,49,-4026.22,7932.6,0.8233,0.551,-82.168,18757.4,-22783.62,34,-3309.2,7850.8,0.7889,0.5588,-97.329,12367.8,-15677.0,15,-717.02,3685.22,0.8991,0.5333,-47.801,6389.6,-7106.62,False
IFB_1235,kdjma,short,PRE_RTH,1.5,1.0,24,True,1,29,4529.78,3571.4,1.4946,0.6552,156.199,13687.8,-9158.02,19,3467.8,3049.0,1.6627,0.6842,182.516,8700.6,-5232.8,10,1061.98,2397.6,1.2706,0.6,106.198,4987.2,-3925.22,False
IFB_1236,kdjma,short,PRE_RTH,1.5,1.0,24,True,3,49,-4026.22,7932.6,0.8233,0.551,-82.168,18757.4,-22783.62,34,-3309.2,7850.8,0.7889,0.5588,-97.329,12367.8,-15677.0,15,-717.02,3685.22,0.8991,0.5333,-47.801,6389.6,-7106.62,False
IFB_1237,kdjma,short,PRE_RTH,1.5,1.5,6,False,1,29,7879.8,3571.4,1.9356,0.6207,271.717,16301.62,-8421.82,19,4087.8,3542.82,1.8667,0.6316,215.147,8804.42,-4716.62,10,3792.0,2397.6,2.0234,0.6,379.2,7497.2,-3705.2,False
IFB_1238,kdjma,short,PRE_RTH,1.5,1.5,6,False,3,49,1773.77,8283.25,1.0885,0.4898,36.199,21808.83,-20035.06,34,-1279.23,8283.25,0.9052,0.4706,-37.624,12209.23,-13488.46,15,3053.0,3465.2,1.4663,0.5333,203.533,9599.6,-6546.6,False
IFB_1239,kdjma,short,PRE_RTH,1.5,1.5,6,True,1,29,7879.8,3571.4,1.9356,0.6207,271.717,16301.62,-8421.82,19,4087.8,3542.82,1.8667,0.6316,215.147,8804.42,-4716.62,10,3792.0,2397.6,2.0234,0.6,379.2,7497.2,-3705.2,False
IFB_1240,kdjma,short,PRE_RTH,1.5,1.5,6,True,3,49,1773.77,8283.25,1.0885,0.4898,36.199,21808.83,-20035.06,34,-1279.23,8283.25,0.9052,0.4706,-37.624,12209.23,-13488.46,15,3053.0,3465.2,1.4663,0.5333,203.533,9599.6,-6546.6,False
IFB_1241,kdjma,short,PRE_RTH,1.5,1.5,12,False,1,29,8369.77,4300.42,1.8973,0.6552,288.613,17697.77,-9328.0,19,3927.77,4300.42,1.6349,0.6316,206.725,10114.37,-6186.6,10,4442.0,2397.6,2.414,0.7,444.2,7583.4,-3141.4,False
IFB_1242,kdjma,short,PRE_RTH,1.5,1.5,12,False,3,49,3103.75,8457.02,1.1458,0.551,63.342,24387.37,-21283.62,34,-1399.25,8457.02,0.9125,0.5,-41.154,14585.37,-15984.62,15,4503.0,2901.4,1.8498,0.6667,300.2,9802.0,-5299.0,False
IFB_1243,kdjma,short,PRE_RTH,1.5,1.5,12,True,1,29,8369.77,4300.42,1.8973,0.6552,288.613,17697.77,-9328.0,19,3927.77,4300.42,1.6349,0.6316,206.725,10114.37,-6186.6,10,4442.0,2397.6,2.414,0.7,444.2,7583.4,-3141.4,False
IFB_1244,kdjma,short,PRE_RTH,1.5,1.5,12,True,3,49,3103.75,8457.02,1.1458,0.551,63.342,24387.37,-21283.62,34,-1399.25,8457.02,0.9125,0.5,-41.154,14585.37,-15984.62,15,4503.0,2901.4,1.8498,0.6667,300.2,9802.0,-5299.0,False
IFB_1245,kdjma,short,PRE_RTH,1.5,1.5,24,False,1,29,8839.77,3571.4,1.8742,0.6207,304.82,18951.59,-10111.82,19,5267.79,2960.4,1.8515,0.6316,277.252,11454.39,-6186.6,10,3571.98,2397.6,1.91,0.6,357.198,7497.2,-3925.22,False
IFB_1246,kdjma,short,PRE_RTH,1.5,1.5,24,False,3,49,1433.77,7620.8,1.0586,0.5102,29.261,25884.99,-24451.22,34,-1059.21,7620.8,0.9389,0.5,-31.153,16285.39,-17344.6,15,2492.98,3685.22,1.3508,0.5333,166.199,9599.6,-7106.62,False
IFB_1247,kdjma,short,PRE_RTH,1.5,1.5,24,True,1,29,8839.77,3571.4,1.8742,0.6207,304.82,18951.59,-10111.82,19,5267.79,2960.4,1.8515,0.6316,277.252,11454.39,-6186.6,10,3571.98,2397.6,1.91,0.6,357.198,7497.2,-3925.22,False
IFB_1248,kdjma,short,PRE_RTH,1.5,1.5,24,True,3,49,1433.77,7620.8,1.0586,0.5102,29.261,25884.99,-24451.22,34,-1059.21,7620.8,0.9389,0.5,-31.153,16285.39,-17344.6,15,2492.98,3685.22,1.3508,0.5333,166.199,9599.6,-7106.62,False
IFB_1249,kdjma,short,RTH,1.0,0.75,6,False,1,25,-1225.02,3772.8,0.8648,0.56,-49.001,7836.79,-9061.81,16,-1390.82,3772.8,0.7501,0.5625,-86.926,4175.79,-5566.61,9,165.8,1827.6,1.0474,0.5556,18.422,3661.0,-3495.2,False
IFB_1250,kdjma,short,RTH,1.0,0.75,6,False,3,39,-3978.22,5646.82,0.7263,0.4872,-102.006,10557.79,-14536.01,28,-3466.42,5432.22,0.641,0.4643,-123.801,6190.59,-9657.01,11,-511.8,2505.2,0.8951,0.5455,-46.527,4367.2,-4879.0,False
IFB_1251,kdjma,short,RTH,1.0,0.75,6,True,1,25,-1225.02,3772.8,0.8648,0.56,-49.001,7836.79,-9061.81,16,-1390.82,3772.8,0.7501,0.5625,-86.926,4175.79,-5566.61,9,165.8,1827.6,1.0474,0.5556,18.422,3661.0,-3495.2,False
IFB_1252,kdjma,short,RTH,1.0,0.75,6,True,3,39,-3978.22,5646.82,0.7263,0.4872,-102.006,10557.79,-14536.01,28,-3466.42,5432.22,0.641,0.4643,-123.801,6190.59,-9657.01,11,-511.8,2505.2,0.8951,0.5455,-46.527,4367.2,-4879.0,False
IFB_1253,kdjma,short,RTH,1.0,0.75,12,False,1,25,-1735.0,3964.6,0.8239,0.56,-69.4,8116.8,-9851.8,16,-1900.8,3772.8,0.701,0.5625,-118.8,4455.8,-6356.6,9,165.8,1827.6,1.0474,0.5556,18.422,3661.0,-3495.2,False
IFB_1254,kdjma,short,RTH,1.0,0.75,12,False,3,39,-4488.2,6156.8,0.7072,0.4872,-115.082,10837.8,-15326.0,28,-3976.4,5942.2,0.6194,0.4643,-142.014,6470.6,-10447.0,11,-511.8,2505.2,0.8951,0.5455,-46.527,4367.2,-4879.0,False
IFB_1255,kdjma,short,RTH,1.0,0.75,12,True,1,25,-1735.0,3964.6,0.8239,0.56,-69.4,8116.8,-9851.8,16,-1900.8,3772.8,0.701,0.5625,-118.8,4455.8,-6356.6,9,165.8,1827.6,1.0474,0.5556,18.422,3661.0,-3495.2,False
IFB_1256,kdjma,short,RTH,1.0,0.75,12,True,3,39,-4488.2,6156.8,0.7072,0.4872,-115.082,10837.8,-15326.0,28,-3976.4,5942.2,0.6194,0.4643,-142.014,6470.6,-10447.0,11,-511.8,2505.2,0.8951,0.5455,-46.527,4367.2,-4879.0,False
IFB_1257,kdjma,short,RTH,1.0,0.75,24,False,1,25,-1735.0,3964.6,0.8239,0.56,-69.4,8116.8,-9851.8,16,-1900.8,3772.8,0.701,0.5625,-118.8,4455.8,-6356.6,9,165.8,1827.6,1.0474,0.5556,18.422,3661.0,-3495.2,False
IFB_1258,kdjma,short,RTH,1.0,0.75,24,False,3,39,-4488.2,6156.8,0.7072,0.4872,-115.082,10837.8,-15326.0,28,-3976.4,5942.2,0.6194,0.4643,-142.014,6470.6,-10447.0,11,-511.8,2505.2,0.8951,0.5455,-46.527,4367.2,-4879.0,False
IFB_1259,kdjma,short,RTH,1.0,0.75,24,True,1,25,-1735.0,3964.6,0.8239,0.56,-69.4,8116.8,-9851.8,16,-1900.8,3772.8,0.701,0.5625,-118.8,4455.8,-6356.6,9,165.8,1827.6,1.0474,0.5556,18.422,3661.0,-3495.2,False
IFB_1260,kdjma,short,RTH,1.0,0.75,24,True,3,39,-4488.2,6156.8,0.7072,0.4872,-115.082,10837.8,-15326.0,28,-3976.4,5942.2,0.6194,0.4643,-142.014,6470.6,-10447.0,11,-511.8,2505.2,0.8951,0.5455,-46.527,4367.2,-4879.0,False
IFB_1261,kdjma,short,RTH,1.0,1.0,6,False,1,25,834.96,4192.82,1.0921,0.52,33.398,9900.59,-9065.63,16,-570.84,4192.82,0.8975,0.5,-35.677,4999.59,-5570.43,9,1405.8,1827.6,1.4022,0.5556,156.2,4901.0,-3495.2,False
IFB_1262,kdjma,short,RTH,1.0,1.0,6,False,3,39,-1318.25,5192.24,0.9093,0.4615,-33.801,13221.58,-14539.83,28,-2286.45,5192.24,0.7633,0.4286,-81.659,7374.38,-9660.83,11,968.2,2265.2,1.1984,0.5455,88.018,5847.2,-4879.0,False
IFB_1263,kdjma,short,RTH,1.0,1.0,6,True,1,25,834.96,4192.82,1.0921,0.52,33.398,9900.59,-9065.63,16,-570.84,4192.82,0.8975,0.5,-35.677,4999.59,-5570.43,9,1405.8,1827.6,1.4022,0.5556,156.2,4901.0,-3495.2,False
IFB_1264,kdjma,short,RTH,1.0,1.0,6,True,3,39,-1318.25,5192.24,0.9093,0.4615,-33.801,13221.58,-14539.83,28,-2286.45,5192.24,0.7633,0.4286,-81.659,7374.38,-9660.83,11,968.2,2265.2,1.1984,0.5455,88.018,5847.2,-4879.0,False
IFB_1265,kdjma,short,RTH,1.0,1.0,12,False,1,25,-1195.0,5306.6,0.8911,0.48,-47.8,9774.4,-10969.4,16,-2600.8,5306.6,0.652,0.4375,-162.55,4873.4,-7474.2,9,1405.8,1827.6,1.4022,0.5556,156.2,4901.0,-3495.2,False
IFB_1266,kdjma,short,RTH,1.0,1.0,12,False,3,39,-3048.2,7222.2,0.8146,0.4359,-78.159,13395.4,-16443.6,28,-4016.4,7222.2,0.6527,0.3929,-143.443,7548.2,-11564.6,11,968.2,2265.2,1.1984,0.5455,88.018,5847.2,-4879.0,False
IFB_1267,kdjma,short,RTH,1.0,1.0,12,True,1,25,-1195.0,5306.6,0.8911,0.48,-47.8,9774.4,-10969.4,16,-2600.8,5306.6,0.652,0.4375,-162.55,4873.4,-7474.2,9,1405.8,1827.6,1.4022,0.5556,156.2,4901.0,-3495.2,False
IFB_1268,kdjma,short,RTH,1.0,1.0,12,True,3,39,-3048.2,7222.2,0.8146,0.4359,-78.159,13395.4,-16443.6,28,-4016.4,7222.2,0.6527,0.3929,-143.443,7548.2,-11564.6,11,968.2,2265.2,1.1984,0.5455,88.018,5847.2,-4879.0,False
IFB_1269,kdjma,short,RTH,1.0,1.0,24,False,1,25,-1195.0,5306.6,0.8911,0.48,-47.8,9774.4,-10969.4,16,-2600.8,5306.6,0.652,0.4375,-162.55,4873.4,-7474.2,9,1405.8,1827.6,1.4022,0.5556,156.2,4901.0,-3495.2,False
IFB_1270,kdjma,short,RTH,1.0,1.0,24,False,3,39,-3048.2,7222.2,0.8146,0.4359,-78.159,13395.4,-16443.6,28,-4016.4,7222.2,0.6527,0.3929,-143.443,7548.2,-11564.6,11,968.2,2265.2,1.1984,0.5455,88.018,5847.2,-4879.0,False
IFB_1271,kdjma,short,RTH,1.0,1.0,24,True,1,25,-1195.0,5306.6,0.8911,0.48,-47.8,9774.4,-10969.4,16,-2600.8,5306.6,0.652,0.4375,-162.55,4873.4,-7474.2,9,1405.8,1827.6,1.4022,0.5556,156.2,4901.0,-3495.2,False
IFB_1272,kdjma,short,RTH,1.0,1.0,24,True,3,39,-3048.2,7222.2,0.8146,0.4359,-78.159,13395.4,-16443.6,28,-4016.4,7222.2,0.6527,0.3929,-143.443,7548.2,-11564.6,11,968.2,2265.2,1.1984,0.5455,88.018,5847.2,-4879.0,False
IFB_1273,kdjma,short,RTH,1.5,1.0,6,False,1,25,-935.04,5022.82,0.9137,0.52,-37.402,9900.59,-10835.63,16,-1790.84,5022.82,0.7363,0.5,-111.927,4999.59,-6790.43,9,855.8,1877.6,1.2116,0.5556,95.089,4901.0,-4045.2,False
IFB_1274,kdjma,short,RTH,1.5,1.0,6,False,3,36,-3996.86,6235.46,0.7611,0.5,-111.024,12731.58,-16728.44,26,-2788.86,5651.83,0.7374,0.5,-107.264,7830.58,-10619.44,10,-1208.0,3941.4,0.8023,0.5,-120.8,4901.0,-6109.0,False
IFB_1275,kdjma,short,RTH,1.5,1.0,6,True,1,25,-935.04,5022.82,0.9137,0.52,-37.402,9900.59,-10835.63,16,-1790.84,5022.82,0.7363,0.5,-111.927,4999.59,-6790.43,9,855.8,1877.6,1.2116,0.5556,95.089,4901.0,-4045.2,False
IFB_1276,kdjma,short,RTH,1.5,1.0,6,True,3,36,-3996.86,6235.46,0.7611,0.5,-111.024,12731.58,-16728.44,26,-2788.86,5651.83,0.7374,0.5,-107.264,7830.58,-10619.44,10,-1208.0,3941.4,0.8023,0.5,-120.8,4901.0,-6109.0,False
IFB_1277,kdjma,short,RTH,1.5,1.0,12,False,1,25,-1535.02,6457.02,0.8676,0.6,-61.401,10062.98,-11598.0,16,-3840.82,6406.62,0.5636,0.5,-240.051,4959.58,-8800.4,9,2305.8,1483.8,1.8242,0.7778,256.2,5103.4,-2797.6,False
IFB_1278,kdjma,short,RTH,1.5,1.0,12,False,3,36,-4566.82,7425.02,0.7429,0.5556,-126.856,13193.98,-17760.8,26,-4808.82,7305.62,0.6272,0.5,-184.955,8090.58,-12899.4,10,242.0,3377.6,1.0498,0.7,24.2,5103.4,-4861.4,False
IFB_1279,kdjma,short,RTH,1.5,1.0,12,True,1,25,-1535.02,6457.02,0.8676,0.6,-61.401,10062.98,-11598.0,16,-3840.82,6406.62,0.5636,0.5,-240.051,4959.58,-8800.4,9,2305.8,1483.8,1.8242,0.7778,256.2,5103.4,-2797.6,False
IFB_1280,kdjma,short,RTH,1.5,1.0,12,True,3,36,-4566.82,7425.02,0.7429,0.5556,-126.856,13193.98,-17760.8,26,-4808.82,7305.62,0.6272,0.5,-184.955,8090.58,-12899.4,10,242.0,3377.6,1.0498,0.7,24.2,5103.4,-4861.4,False
IFB_1281,kdjma,short,RTH,1.5,1.0,24,False,1,25,-3615.02,6944.6,0.748,0.52,-144.601,10730.6,-14345.62,16,-3910.8,5958.0,0.5985,0.5,-244.425,5829.6,-9740.4,9,295.78,2097.62,1.0642,0.5556,32.864,4901.0,-4605.22,False
IFB_1282,kdjma,short,RTH,1.5,1.0,24,False,3,36,-6646.82,9410.22,0.6759,0.5,-184.634,13861.6,-20508.42,26,-4878.8,7769.4,0.6475,0.5,-187.646,8960.6,-13839.4,10,-1768.02,4161.42,0.7349,0.5,-176.802,4901.0,-6669.02,False
IFB_1283,kdjma,short,RTH,1.5,1.0,24,True,1,25,-3615.02,6944.6,0.748,0.52,-144.601,10730.6,-14345.62,16,-3910.8,5958.0,0.5985,0.5,-244.425,5829.6,-9740.4,9,295.78,2097.62,1.0642,0.5556,32.864,4901.0,-4605.22,False
IFB_1284,kdjma,short,RTH,1.5,1.0,24,True,3,36,-6646.82,9410.22,0.6759,0.5,-184.634,13861.6,-20508.42,26,-4878.8,7769.4,0.6475,0.5,-187.646,8960.6,-13839.4,10,-1768.02,4161.42,0.7349,0.5,-176.802,4901.0,-6669.02,False
IFB_1285,kdjma,short,RTH,1.5,1.5,6,False,1,25,1944.99,5022.82,1.1795,0.52,77.8,12780.62,-10835.63,16,-1360.81,5022.82,0.7996,0.5,-85.051,5429.62,-6790.43,9,3305.8,1877.6,1.8172,0.5556,367.311,7351.0,-4045.2,False
IFB_1286,kdjma,short,RTH,1.5,1.5,6,False,3,36,-426.82,5631.84,0.9745,0.4722,-11.856,16335.43,-16762.25,26,-1668.82,5631.84,0.8434,0.4615,-64.185,8984.43,-10653.25,10,1242.0,3941.4,1.2033,0.5,124.2,7351.0,-6109.0,False
IFB_1287,kdjma,short,RTH,1.5,1.5,6,True,1,25,1944.99,5022.82,1.1795,0.52,77.8,12780.62,-10835.63,16,-1360.81,5022.82,0.7996,0.5,-85.051,5429.62,-6790.43,9,3305.8,1877.6,1.8172,0.5556,367.311,7351.0,-4045.2,False
IFB_1288,kdjma,short,RTH,1.5,1.5,6,True,3,36,-426.82,5631.84,0.9745,0.4722,-11.856,16335.43,-16762.25,26,-1668.82,5631.84,0.8434,0.4615,-64.185,8984.43,-10653.25,10,1242.0,3941.4,1.2033,0.5,124.2,7351.0,-6109.0,False
IFB_1289,kdjma,short,RTH,1.5,1.5,12,False,1,25,2694.97,6406.62,1.2324,0.6,107.799,14292.97,-11598.0,16,-2060.83,6406.62,0.7658,0.5,-128.802,6739.57,-8800.4,9,4755.8,1483.8,2.7,0.7778,528.422,7553.4,-2797.6,False
IFB_1290,kdjma,short,RTH,1.5,1.5,12,False,3,36,-96.85,6960.4,0.9946,0.5278,-2.69,17957.77,-18054.62,26,-2788.85,6960.4,0.7886,0.4615,-107.263,10404.37,-13193.22,10,2692.0,3377.6,1.5537,0.7,269.2,7553.4,-4861.4,False
IFB_1291,kdjma,short,RTH,1.5,1.5,12,True,1,25,2694.97,6406.62,1.2324,0.6,107.799,14292.97,-11598.0,16,-2060.83,6406.62,0.7658,0.5,-128.802,6739.57,-8800.4,9,4755.8,1483.8,2.7,0.7778,528.422,7553.4,-2797.6,False
IFB_1292,kdjma,short,RTH,1.5,1.5,12,True,3,36,-96.85,6960.4,0.9946,0.5278,-2.69,17957.77,-18054.62,26,-2788.85,6960.4,0.7886,0.4615,-107.263,10404.37,-13193.22,10,2692.0,3377.6,1.5537,0.7,269.2,7553.4,-4861.4,False
IFB_1293,kdjma,short,RTH,1.5,1.5,24,False,1,25,1084.97,5079.0,1.0756,0.52,43.399,15430.59,-14345.62,16,-1660.81,5079.0,0.8295,0.5,-103.801,8079.59,-9740.4,9,2745.78,2097.62,1.5962,0.5556,305.087,7351.0,-4605.22,False
IFB_1294,kdjma,short,RTH,1.5,1.5,24,False,3,36,-1766.83,8129.4,0.9167,0.4722,-49.079,19455.39,-21222.22,26,-2448.81,8129.4,0.8317,0.4615,-94.185,12104.39,-14553.2,10,681.98,4161.42,1.1023,0.5,68.198,7351.0,-6669.02,False
IFB_1295,kdjma,short,RTH,1.5,1.5,24,True,1,25,1084.97,5079.0,1.0756,0.52,43.399,15430.59,-14345.62,16,-1660.81,5079.0,0.8295,0.5,-103.801,8079.59,-9740.4,9,2745.78,2097.62,1.5962,0.5556,305.087,7351.0,-4605.22,False
IFB_1296,kdjma,short,RTH,1.5,1.5,24,True,3,36,-1766.83,8129.4,0.9167,0.4722,-49.079,19455.39,-21222.22,26,-2448.81,8129.4,0.8317,0.4615,-94.185,12104.39,-14553.2,10,681.98,4161.42,1.1023,0.5,68.198,7351.0,-6669.02,False
