param_id,mom_lookback_bars,mom_threshold,rev_span,rev_threshold,sl_atr,tp_atr,max_hold_bars,confirm_turn,mean_exit,session_set,max_trades_per_day,all_trades,all_pnl,all_max_dd,all_profit_factor,all_win_rate,all_expectancy,all_total_gain,all_total_loss,is_trades,is_pnl,is_max_dd,is_profit_factor,is_win_rate,is_expectancy,is_total_gain,is_total_loss,oos_trades,oos_pnl,oos_max_dd,oos_profit_factor,oos_win_rate,oos_expectancy,oos_total_gain,oos_total_loss,wf_positive
M200R5_0966,40,0.7,12,1.1,1.0,0.75,6,False,False,RTH,3,15,880.9,40.24,22.8912,0.9333,58.727,921.14,-40.24,13,729.88,40.24,19.1382,0.9231,56.145,770.12,-40.24,2,151.02,0.0,999.0,1.0,75.51,151.02,0.0,False
M200R5_0972,40,0.7,12,1.1,1.0,0.75,6,False,True,RTH,3,15,880.9,40.24,22.8912,0.9333,58.727,921.14,-40.24,13,729.88,40.24,19.1382,0.9231,56.145,770.12,-40.24,2,151.02,0.0,999.0,1.0,75.51,151.02,0.0,False
M200R5_0990,40,0.7,12,1.1,1.0,0.75,12,False,False,RTH,3,15,880.9,40.24,22.8912,0.9333,58.727,921.14,-40.24,13,729.88,40.24,19.1382,0.9231,56.145,770.12,-40.24,2,151.02,0.0,999.0,1.0,75.51,151.02,0.0,False
M200R5_0996,40,0.7,12,1.1,1.0,0.75,12,False,True,RTH,3,15,880.9,40.24,22.8912,0.9333,58.727,921.14,-40.24,13,729.88,40.24,19.1382,0.9231,56.145,770.12,-40.24,2,151.02,0.0,999.0,1.0,75.51,151.02,0.0,False
M200R5_0965,40,0.7,12,1.1,1.0,0.75,6,False,False,RTH,1,13,756.88,40.24,19.8091,0.9231,58.222,797.12,-40.24,11,605.86,40.24,16.0562,0.9091,55.078,646.1,-40.24,2,151.02,0.0,999.0,1.0,75.51,151.02,0.0,False
M200R5_0971,40,0.7,12,1.1,1.0,0.75,6,False,True,RTH,1,13,756.88,40.24,19.8091,0.9231,58.222,797.12,-40.24,11,605.86,40.24,16.0562,0.9091,55.078,646.1,-40.24,2,151.02,0.0,999.0,1.0,75.51,151.02,0.0,False
M200R5_0989,40,0.7,12,1.1,1.0,0.75,12,False,False,RTH,1,13,756.88,40.24,19.8091,0.9231,58.222,797.12,-40.24,11,605.86,40.24,16.0562,0.9091,55.078,646.1,-40.24,2,151.02,0.0,999.0,1.0,75.51,151.02,0.0,False
M200R5_0995,40,0.7,12,1.1,1.0,0.75,12,False,True,RTH,1,13,756.88,40.24,19.8091,0.9231,58.222,797.12,-40.24,11,605.86,40.24,16.0562,0.9091,55.078,646.1,-40.24,2,151.02,0.0,999.0,1.0,75.51,151.02,0.0,False
M200R5_1350,40,0.7,20,1.1,1.0,0.75,6,False,False,RTH,3,8,579.58,40.24,15.4031,0.875,72.447,619.82,-40.24,7,451.32,40.24,12.2157,0.8571,64.474,491.56,-40.24,1,128.26,0.0,999.0,1.0,128.26,128.26,0.0,False
M200R5_1356,40,0.7,20,1.1,1.0,0.75,6,False,True,RTH,3,8,579.58,40.24,15.4031,0.875,72.447,619.82,-40.24,7,451.32,40.24,12.2157,0.8571,64.474,491.56,-40.24,1,128.26,0.0,999.0,1.0,128.26,128.26,0.0,False
M200R5_1374,40,0.7,20,1.1,1.0,0.75,12,False,False,RTH,3,8,579.58,40.24,15.4031,0.875,72.447,619.82,-40.24,7,451.32,40.24,12.2157,0.8571,64.474,491.56,-40.24,1,128.26,0.0,999.0,1.0,128.26,128.26,0.0,False
M200R5_1380,40,0.7,20,1.1,1.0,0.75,12,False,True,RTH,3,8,579.58,40.24,15.4031,0.875,72.447,619.82,-40.24,7,451.32,40.24,12.2157,0.8571,64.474,491.56,-40.24,1,128.26,0.0,999.0,1.0,128.26,128.26,0.0,False
M200R5_1349,40,0.7,20,1.1,1.0,0.75,6,False,False,RTH,1,7,513.82,40.24,13.7689,0.8571,73.403,554.06,-40.24,6,385.56,40.24,10.5815,0.8333,64.26,425.8,-40.24,1,128.26,0.0,999.0,1.0,128.26,128.26,0.0,False
M200R5_1355,40,0.7,20,1.1,1.0,0.75,6,False,True,RTH,1,7,513.82,40.24,13.7689,0.8571,73.403,554.06,-40.24,6,385.56,40.24,10.5815,0.8333,64.26,425.8,-40.24,1,128.26,0.0,999.0,1.0,128.26,128.26,0.0,False
M200R5_1373,40,0.7,20,1.1,1.0,0.75,12,False,False,RTH,1,7,513.82,40.24,13.7689,0.8571,73.403,554.06,-40.24,6,385.56,40.24,10.5815,0.8333,64.26,425.8,-40.24,1,128.26,0.0,999.0,1.0,128.26,128.26,0.0,False
M200R5_1379,40,0.7,20,1.1,1.0,0.75,12,False,True,RTH,1,7,513.82,40.24,13.7689,0.8571,73.403,554.06,-40.24,6,385.56,40.24,10.5815,0.8333,64.26,425.8,-40.24,1,128.26,0.0,999.0,1.0,128.26,128.26,0.0,False
M200R5_1013,40,0.7,12,1.1,1.25,1.0,6,False,False,RTH,1,13,870.38,50.24,12.9263,0.8462,66.952,943.36,-72.98,11,668.36,50.24,10.1581,0.8182,60.76,741.34,-72.98,2,202.02,0.0,999.0,1.0,101.01,202.02,0.0,False
M200R5_1014,40,0.7,12,1.1,1.25,1.0,6,False,False,RTH,3,13,870.38,50.24,12.9263,0.8462,66.952,943.36,-72.98,11,668.36,50.24,10.1581,0.8182,60.76,741.34,-72.98,2,202.02,0.0,999.0,1.0,101.01,202.02,0.0,False
M200R5_1019,40,0.7,12,1.1,1.25,1.0,6,False,True,RTH,1,13,870.38,50.24,12.9263,0.8462,66.952,943.36,-72.98,11,668.36,50.24,10.1581,0.8182,60.76,741.34,-72.98,2,202.02,0.0,999.0,1.0,101.01,202.02,0.0,False
M200R5_1020,40,0.7,12,1.1,1.25,1.0,6,False,True,RTH,3,13,870.38,50.24,12.9263,0.8462,66.952,943.36,-72.98,11,668.36,50.24,10.1581,0.8182,60.76,741.34,-72.98,2,202.02,0.0,999.0,1.0,101.01,202.02,0.0,False
M200R5_0581,40,0.4,20,1.1,1.0,0.75,6,False,False,RTH,1,15,811.4,57.24,9.3238,0.8667,54.093,908.88,-97.48,14,676.64,57.24,7.9413,0.8571,48.331,774.12,-97.48,1,134.76,0.0,999.0,1.0,134.76,134.76,0.0,False
M200R5_0587,40,0.4,20,1.1,1.0,0.75,6,False,True,RTH,1,15,811.4,57.24,9.3238,0.8667,54.093,908.88,-97.48,14,676.64,57.24,7.9413,0.8571,48.331,774.12,-97.48,1,134.76,0.0,999.0,1.0,134.76,134.76,0.0,False
M200R5_0605,40,0.4,20,1.1,1.0,0.75,12,False,False,RTH,1,15,811.4,57.24,9.3238,0.8667,54.093,908.88,-97.48,14,676.64,57.24,7.9413,0.8571,48.331,774.12,-97.48,1,134.76,0.0,999.0,1.0,134.76,134.76,0.0,False
M200R5_0611,40,0.4,20,1.1,1.0,0.75,12,False,True,RTH,1,15,811.4,57.24,9.3238,0.8667,54.093,908.88,-97.48,14,676.64,57.24,7.9413,0.8571,48.331,774.12,-97.48,1,134.76,0.0,999.0,1.0,134.76,134.76,0.0,False
M200R5_1397,40,0.7,20,1.1,1.25,1.0,6,False,False,RTH,1,7,578.82,50.24,8.9312,0.7143,82.689,651.8,-72.98,6,407.56,50.24,6.5845,0.6667,67.927,480.54,-72.98,1,171.26,0.0,999.0,1.0,171.26,171.26,0.0,False
M200R5_1398,40,0.7,20,1.1,1.25,1.0,6,False,False,RTH,3,7,578.82,50.24,8.9312,0.7143,82.689,651.8,-72.98,6,407.56,50.24,6.5845,0.6667,67.927,480.54,-72.98,1,171.26,0.0,999.0,1.0,171.26,171.26,0.0,False
M200R5_1403,40,0.7,20,1.1,1.25,1.0,6,False,True,RTH,1,7,578.82,50.24,8.9312,0.7143,82.689,651.8,-72.98,6,407.56,50.24,6.5845,0.6667,67.927,480.54,-72.98,1,171.26,0.0,999.0,1.0,171.26,171.26,0.0,False
M200R5_1404,40,0.7,20,1.1,1.25,1.0,6,False,True,RTH,3,7,578.82,50.24,8.9312,0.7143,82.689,651.8,-72.98,6,407.56,50.24,6.5845,0.6667,67.927,480.54,-72.98,1,171.26,0.0,999.0,1.0,171.26,171.26,0.0,False
M200R5_0629,40,0.4,20,1.1,1.25,1.0,6,False,False,RTH,1,15,983.4,71.74,7.7952,0.8,65.56,1128.12,-144.72,14,803.14,71.74,6.5496,0.7857,57.367,947.86,-144.72,1,180.26,0.0,999.0,1.0,180.26,180.26,0.0,False
M200R5_0635,40,0.4,20,1.1,1.25,1.0,6,False,True,RTH,1,15,983.4,71.74,7.7952,0.8,65.56,1128.12,-144.72,14,803.14,71.74,6.5496,0.7857,57.367,947.86,-144.72,1,180.26,0.0,999.0,1.0,180.26,180.26,0.0,False
M200R5_0197,40,0.4,12,1.1,1.0,0.75,6,False,False,RTH,1,20,951.2,57.24,7.311,0.85,47.56,1101.92,-150.72,18,786.68,57.24,6.2195,0.8333,43.704,937.4,-150.72,2,164.52,0.0,999.0,1.0,82.26,164.52,0.0,False
M200R5_0203,40,0.4,12,1.1,1.0,0.75,6,False,True,RTH,1,20,951.2,57.24,7.311,0.85,47.56,1101.92,-150.72,18,786.68,57.24,6.2195,0.8333,43.704,937.4,-150.72,2,164.52,0.0,999.0,1.0,82.26,164.52,0.0,False
M200R5_0221,40,0.4,12,1.1,1.0,0.75,12,False,False,RTH,1,20,951.2,57.24,7.311,0.85,47.56,1101.92,-150.72,18,786.68,57.24,6.2195,0.8333,43.704,937.4,-150.72,2,164.52,0.0,999.0,1.0,82.26,164.52,0.0,False
M200R5_0227,40,0.4,12,1.1,1.0,0.75,12,False,True,RTH,1,20,951.2,57.24,7.311,0.85,47.56,1101.92,-150.72,18,786.68,57.24,6.2195,0.8333,43.704,937.4,-150.72,2,164.52,0.0,999.0,1.0,82.26,164.52,0.0,False
M200R5_0195,40,0.4,12,1.1,1.0,0.75,6,False,False,PRE_RTH,1,23,995.98,114.48,6.044,0.8261,43.303,1193.44,-197.46,20,795.7,114.48,5.0297,0.8,39.785,993.16,-197.46,3,200.28,0.0,999.0,1.0,66.76,200.28,0.0,False
M200R5_0201,40,0.4,12,1.1,1.0,0.75,6,False,True,PRE_RTH,1,23,995.98,114.48,6.044,0.8261,43.303,1193.44,-197.46,20,795.7,114.48,5.0297,0.8,39.785,993.16,-197.46,3,200.28,0.0,999.0,1.0,66.76,200.28,0.0,False
M200R5_0219,40,0.4,12,1.1,1.0,0.75,12,False,False,PRE_RTH,1,23,995.98,114.48,6.044,0.8261,43.303,1193.44,-197.46,20,795.7,114.48,5.0297,0.8,39.785,993.16,-197.46,3,200.28,0.0,999.0,1.0,66.76,200.28,0.0,False
M200R5_0225,40,0.4,12,1.1,1.0,0.75,12,False,True,PRE_RTH,1,23,995.98,114.48,6.044,0.8261,43.303,1193.44,-197.46,20,795.7,114.48,5.0297,0.8,39.785,993.16,-197.46,3,200.28,0.0,999.0,1.0,66.76,200.28,0.0,False
M200R5_0245,40,0.4,12,1.1,1.25,1.0,6,False,False,RTH,1,20,1060.7,89.48,6.0161,0.8,53.035,1272.16,-211.46,18,840.68,89.48,4.9756,0.7778,46.704,1052.14,-211.46,2,220.02,0.0,999.0,1.0,110.01,220.02,0.0,False
M200R5_0251,40,0.4,12,1.1,1.25,1.0,6,False,True,RTH,1,20,1060.7,89.48,6.0161,0.8,53.035,1272.16,-211.46,18,840.68,89.48,4.9756,0.7778,46.704,1052.14,-211.46,2,220.02,0.0,999.0,1.0,110.01,220.02,0.0,False
M200R5_0963,40,0.7,12,1.1,1.0,0.75,6,False,False,PRE_RTH,1,16,694.16,61.24,5.8132,0.8125,43.385,838.38,-144.22,14,543.14,61.24,4.7661,0.7857,38.796,687.36,-144.22,2,151.02,0.0,999.0,1.0,75.51,151.02,0.0,False
M200R5_0969,40,0.7,12,1.1,1.0,0.75,6,False,True,PRE_RTH,1,16,694.16,61.24,5.8132,0.8125,43.385,838.38,-144.22,14,543.14,61.24,4.7661,0.7857,38.796,687.36,-144.22,2,151.02,0.0,999.0,1.0,75.51,151.02,0.0,False
M200R5_0987,40,0.7,12,1.1,1.0,0.75,12,False,False,PRE_RTH,1,16,694.16,61.24,5.8132,0.8125,43.385,838.38,-144.22,14,543.14,61.24,4.7661,0.7857,38.796,687.36,-144.22,2,151.02,0.0,999.0,1.0,75.51,151.02,0.0,False
M200R5_0993,40,0.7,12,1.1,1.0,0.75,12,False,True,PRE_RTH,1,16,694.16,61.24,5.8132,0.8125,43.385,838.38,-144.22,14,543.14,61.24,4.7661,0.7857,38.796,687.36,-144.22,2,151.02,0.0,999.0,1.0,75.51,151.02,0.0,False
M200R5_1037,40,0.7,12,1.1,1.25,1.0,12,False,False,RTH,1,13,814.88,114.24,5.9543,0.8462,62.683,979.36,-164.48,11,612.86,114.24,4.726,0.8182,55.715,777.34,-164.48,2,202.02,0.0,999.0,1.0,101.01,202.02,0.0,False
M200R5_1038,40,0.7,12,1.1,1.25,1.0,12,False,False,RTH,3,13,814.88,114.24,5.9543,0.8462,62.683,979.36,-164.48,11,612.86,114.24,4.726,0.8182,55.715,777.34,-164.48,2,202.02,0.0,999.0,1.0,101.01,202.02,0.0,False
M200R5_1043,40,0.7,12,1.1,1.25,1.0,12,False,True,RTH,1,13,778.88,114.24,5.7354,0.8462,59.914,943.36,-164.48,11,576.86,114.24,4.5072,0.8182,52.442,741.34,-164.48,2,202.02,0.0,999.0,1.0,101.01,202.02,0.0,False
M200R5_1044,40,0.7,12,1.1,1.25,1.0,12,False,True,RTH,3,13,778.88,114.24,5.7354,0.8462,59.914,943.36,-164.48,11,576.86,114.24,4.5072,0.8182,52.442,741.34,-164.48,2,202.02,0.0,999.0,1.0,101.01,202.02,0.0,False
M200R5_0653,40,0.4,20,1.1,1.25,1.0,12,False,False,RTH,1,15,891.9,114.24,4.7757,0.8,59.46,1128.12,-236.22,14,711.64,114.24,4.0126,0.7857,50.831,947.86,-236.22,1,180.26,0.0,999.0,1.0,180.26,180.26,0.0,False
M200R5_0659,40,0.4,20,1.1,1.25,1.0,12,False,True,RTH,1,15,891.9,114.24,4.7757,0.8,59.46,1128.12,-236.22,14,711.64,114.24,4.0126,0.7857,50.831,947.86,-236.22,1,180.26,0.0,999.0,1.0,180.26,180.26,0.0,False
M200R5_1011,40,0.7,12,1.1,1.25,1.0,6,False,False,PRE_RTH,1,16,796.16,98.98,4.9324,0.75,49.76,998.62,-202.46,14,594.14,98.98,3.9346,0.7143,42.439,796.6,-202.46,2,202.02,0.0,999.0,1.0,101.01,202.02,0.0,False
M200R5_1012,40,0.7,12,1.1,1.25,1.0,6,False,False,PRE_RTH,3,16,796.16,98.98,4.9324,0.75,49.76,998.62,-202.46,14,594.14,98.98,3.9346,0.7143,42.439,796.6,-202.46,2,202.02,0.0,999.0,1.0,101.01,202.02,0.0,False
M200R5_1017,40,0.7,12,1.1,1.25,1.0,6,False,True,PRE_RTH,1,16,796.16,98.98,4.9324,0.75,49.76,998.62,-202.46,14,594.14,98.98,3.9346,0.7143,42.439,796.6,-202.46,2,202.02,0.0,999.0,1.0,101.01,202.02,0.0,False
M200R5_1018,40,0.7,12,1.1,1.25,1.0,6,False,True,PRE_RTH,3,16,796.16,98.98,4.9324,0.75,49.76,998.62,-202.46,14,594.14,98.98,3.9346,0.7143,42.439,796.6,-202.46,2,202.02,0.0,999.0,1.0,101.01,202.02,0.0,False
M200R5_0964,40,0.7,12,1.1,1.0,0.75,6,False,False,PRE_RTH,3,19,754.44,124.98,4.6278,0.7895,39.707,962.4,-207.96,17,603.42,124.98,3.9016,0.7647,35.495,811.38,-207.96,2,151.02,0.0,999.0,1.0,75.51,151.02,0.0,False
M200R5_0970,40,0.7,12,1.1,1.0,0.75,6,False,True,PRE_RTH,3,19,754.44,124.98,4.6278,0.7895,39.707,962.4,-207.96,17,603.42,124.98,3.9016,0.7647,35.495,811.38,-207.96,2,151.02,0.0,999.0,1.0,75.51,151.02,0.0,False
M200R5_0988,40,0.7,12,1.1,1.0,0.75,12,False,False,PRE_RTH,3,19,754.44,124.98,4.6278,0.7895,39.707,962.4,-207.96,17,603.42,124.98,3.9016,0.7647,35.495,811.38,-207.96,2,151.02,0.0,999.0,1.0,75.51,151.02,0.0,False
M200R5_0994,40,0.7,12,1.1,1.0,0.75,12,False,True,PRE_RTH,3,19,754.44,124.98,4.6278,0.7895,39.707,962.4,-207.96,17,603.42,124.98,3.9016,0.7647,35.495,811.38,-207.96,2,151.02,0.0,999.0,1.0,75.51,151.02,0.0,False
M200R5_0579,40,0.4,20,1.1,1.0,0.75,6,False,False,PRE_RTH,1,17,712.42,63.74,4.4929,0.7647,41.907,916.38,-203.96,16,577.66,63.74,3.8322,0.75,36.104,781.62,-203.96,1,134.76,0.0,999.0,1.0,134.76,134.76,0.0,False
M200R5_0585,40,0.4,20,1.1,1.0,0.75,6,False,True,PRE_RTH,1,17,712.42,63.74,4.4929,0.7647,41.907,916.38,-203.96,16,577.66,63.74,3.8322,0.75,36.104,781.62,-203.96,1,134.76,0.0,999.0,1.0,134.76,134.76,0.0,False
M200R5_0603,40,0.4,20,1.1,1.0,0.75,12,False,False,PRE_RTH,1,17,712.42,63.74,4.4929,0.7647,41.907,916.38,-203.96,16,577.66,63.74,3.8322,0.75,36.104,781.62,-203.96,1,134.76,0.0,999.0,1.0,134.76,134.76,0.0,False
M200R5_0609,40,0.4,20,1.1,1.0,0.75,12,False,True,PRE_RTH,1,17,712.42,63.74,4.4929,0.7647,41.907,916.38,-203.96,16,577.66,63.74,3.8322,0.75,36.104,781.62,-203.96,1,134.76,0.0,999.0,1.0,134.76,134.76,0.0,False
M200R5_1313,40,0.7,20,0.8,1.5,1.5,6,True,False,RTH,1,4,425.54,60.74,8.0059,0.75,106.385,486.28,-60.74,3,167.78,60.74,3.7623,0.6667,55.927,228.52,-60.74,1,257.76,0.0,999.0,1.0,257.76,257.76,0.0,False
M200R5_1314,40,0.7,20,0.8,1.5,1.5,6,True,False,RTH,3,4,425.54,60.74,8.0059,0.75,106.385,486.28,-60.74,3,167.78,60.74,3.7623,0.6667,55.927,228.52,-60.74,1,257.76,0.0,999.0,1.0,257.76,257.76,0.0,False
M200R5_1319,40,0.7,20,0.8,1.5,1.5,6,True,True,RTH,1,4,425.54,60.74,8.0059,0.75,106.385,486.28,-60.74,3,167.78,60.74,3.7623,0.6667,55.927,228.52,-60.74,1,257.76,0.0,999.0,1.0,257.76,257.76,0.0,False
M200R5_1320,40,0.7,20,0.8,1.5,1.5,6,True,True,RTH,3,4,425.54,60.74,8.0059,0.75,106.385,486.28,-60.74,3,167.78,60.74,3.7623,0.6667,55.927,228.52,-60.74,1,257.76,0.0,999.0,1.0,257.76,257.76,0.0,False
M200R5_1337,40,0.7,20,0.8,1.5,1.5,12,True,False,RTH,1,4,425.54,60.74,8.0059,0.75,106.385,486.28,-60.74,3,167.78,60.74,3.7623,0.6667,55.927,228.52,-60.74,1,257.76,0.0,999.0,1.0,257.76,257.76,0.0,False
M200R5_1338,40,0.7,20,0.8,1.5,1.5,12,True,False,RTH,3,4,425.54,60.74,8.0059,0.75,106.385,486.28,-60.74,3,167.78,60.74,3.7623,0.6667,55.927,228.52,-60.74,1,257.76,0.0,999.0,1.0,257.76,257.76,0.0,False
M200R5_1343,40,0.7,20,0.8,1.5,1.5,12,True,True,RTH,1,4,425.54,60.74,8.0059,0.75,106.385,486.28,-60.74,3,167.78,60.74,3.7623,0.6667,55.927,228.52,-60.74,1,257.76,0.0,999.0,1.0,257.76,257.76,0.0,False
M200R5_1344,40,0.7,20,0.8,1.5,1.5,12,True,True,RTH,3,4,425.54,60.74,8.0059,0.75,106.385,486.28,-60.74,3,167.78,60.74,3.7623,0.6667,55.927,228.52,-60.74,1,257.76,0.0,999.0,1.0,257.76,257.76,0.0,False
M200R5_0269,40,0.4,12,1.1,1.25,1.0,12,False,False,RTH,1,20,1052.2,180.98,4.4731,0.8,52.61,1355.16,-302.96,18,832.18,180.98,3.7468,0.7778,46.232,1135.14,-302.96,2,220.02,0.0,999.0,1.0,110.01,220.02,0.0,False
M200R5_1348,40,0.7,20,1.1,1.0,0.75,6,False,False,PRE_RTH,3,11,514.36,63.74,4.5057,0.7273,46.76,661.08,-146.72,10,386.1,63.74,3.6315,0.7,38.61,532.82,-146.72,1,128.26,0.0,999.0,1.0,128.26,128.26,0.0,False
M200R5_1354,40,0.7,20,1.1,1.0,0.75,6,False,True,PRE_RTH,3,11,514.36,63.74,4.5057,0.7273,46.76,661.08,-146.72,10,386.1,63.74,3.6315,0.7,38.61,532.82,-146.72,1,128.26,0.0,999.0,1.0,128.26,128.26,0.0,False
M200R5_1372,40,0.7,20,1.1,1.0,0.75,12,False,False,PRE_RTH,3,11,514.36,63.74,4.5057,0.7273,46.76,661.08,-146.72,10,386.1,63.74,3.6315,0.7,38.61,532.82,-146.72,1,128.26,0.0,999.0,1.0,128.26,128.26,0.0,False
M200R5_1378,40,0.7,20,1.1,1.0,0.75,12,False,True,PRE_RTH,3,11,514.36,63.74,4.5057,0.7273,46.76,661.08,-146.72,10,386.1,63.74,3.6315,0.7,38.61,532.82,-146.72,1,128.26,0.0,999.0,1.0,128.26,128.26,0.0,False
M200R5_0246,40,0.4,12,1.1,1.25,1.0,6,False,False,RTH,3,22,1015.72,93.74,4.328,0.7727,46.169,1320.92,-305.2,20,795.7,93.74,3.6071,0.75,39.785,1100.9,-305.2,2,220.02,0.0,999.0,1.0,110.01,220.02,0.0,False
M200R5_0252,40,0.4,12,1.1,1.25,1.0,6,False,True,RTH,3,22,1015.72,93.74,4.328,0.7727,46.169,1320.92,-305.2,20,795.7,93.74,3.6071,0.75,39.785,1100.9,-305.2,2,220.02,0.0,999.0,1.0,110.01,220.02,0.0,False
M200R5_0275,40,0.4,12,1.1,1.25,1.0,12,False,True,RTH,1,20,993.7,180.98,4.28,0.8,49.685,1296.66,-302.96,18,773.68,180.98,3.5537,0.7778,42.982,1076.64,-302.96,2,220.02,0.0,999.0,1.0,110.01,220.02,0.0,False
M200R5_0243,40,0.4,12,1.1,1.25,1.0,6,False,False,PRE_RTH,1,23,1014.48,165.72,4.0516,0.7391,44.108,1346.92,-332.44,20,857.7,165.72,4.1861,0.75,42.885,1126.9,-269.2,3,156.78,63.24,3.4791,0.6667,52.26,220.02,-63.24,False
M200R5_0249,40,0.4,12,1.1,1.25,1.0,6,False,True,PRE_RTH,1,23,1014.48,165.72,4.0516,0.7391,44.108,1346.92,-332.44,20,857.7,165.72,4.1861,0.75,42.885,1126.9,-269.2,3,156.78,63.24,3.4791,0.6667,52.26,220.02,-63.24,False
M200R5_0627,40,0.4,20,1.1,1.25,1.0,6,False,False,PRE_RTH,1,17,860.42,79.74,4.0984,0.7059,50.613,1138.12,-277.7,16,680.16,79.74,3.4493,0.6875,42.51,957.86,-277.7,1,180.26,0.0,999.0,1.0,180.26,180.26,0.0,False
M200R5_0633,40,0.4,20,1.1,1.25,1.0,6,False,True,PRE_RTH,1,17,860.42,79.74,4.0984,0.7059,50.613,1138.12,-277.7,16,680.16,79.74,3.4493,0.6875,42.51,957.86,-277.7,1,180.26,0.0,999.0,1.0,180.26,180.26,0.0,False
M200R5_0267,40,0.4,12,1.1,1.25,1.0,12,False,False,PRE_RTH,1,23,1005.98,257.22,3.3729,0.7391,43.738,1429.92,-423.94,20,849.2,257.22,3.3543,0.75,42.46,1209.9,-360.7,3,156.78,63.24,3.4791,0.6667,52.26,220.02,-63.24,False
M200R5_0273,40,0.4,12,1.1,1.25,1.0,12,False,True,PRE_RTH,1,23,947.48,257.22,3.2349,0.7391,41.195,1371.42,-423.94,20,790.7,257.22,3.1921,0.75,39.535,1151.4,-360.7,3,156.78,63.24,3.4791,0.6667,52.26,220.02,-63.24,False
M200R5_1347,40,0.7,20,1.1,1.0,0.75,6,False,False,PRE_RTH,1,10,448.6,63.74,4.0575,0.7,44.86,595.32,-146.72,9,320.34,63.74,3.1833,0.6667,35.593,467.06,-146.72,1,128.26,0.0,999.0,1.0,128.26,128.26,0.0,False
M200R5_1353,40,0.7,20,1.1,1.0,0.75,6,False,True,PRE_RTH,1,10,448.6,63.74,4.0575,0.7,44.86,595.32,-146.72,9,320.34,63.74,3.1833,0.6667,35.593,467.06,-146.72,1,128.26,0.0,999.0,1.0,128.26,128.26,0.0,False
M200R5_1371,40,0.7,20,1.1,1.0,0.75,12,False,False,PRE_RTH,1,10,448.6,63.74,4.0575,0.7,44.86,595.32,-146.72,9,320.34,63.74,3.1833,0.6667,35.593,467.06,-146.72,1,128.26,0.0,999.0,1.0,128.26,128.26,0.0,False
M200R5_1377,40,0.7,20,1.1,1.0,0.75,12,False,True,PRE_RTH,1,10,448.6,63.74,4.0575,0.7,44.86,595.32,-146.72,9,320.34,63.74,3.1833,0.6667,35.593,467.06,-146.72,1,128.26,0.0,999.0,1.0,128.26,128.26,0.0,False
M200R5_0347,40,0.4,12,1.1,1.5,1.5,6,False,True,RTH,1,20,915.7,139.24,3.7441,0.75,45.785,1249.4,-333.7,18,720.18,139.24,3.1582,0.7222,40.01,1053.88,-333.7,2,195.52,0.0,999.0,1.0,97.76,195.52,0.0,False
M200R5_1265,40,0.7,20,0.8,1.5,1.25,6,True,False,RTH,1,4,344.04,60.74,6.6641,0.75,86.01,404.78,-60.74,3,129.28,60.74,3.1284,0.6667,43.093,190.02,-60.74,1,214.76,0.0,999.0,1.0,214.76,214.76,0.0,False
M200R5_1266,40,0.7,20,0.8,1.5,1.25,6,True,False,RTH,3,4,344.04,60.74,6.6641,0.75,86.01,404.78,-60.74,3,129.28,60.74,3.1284,0.6667,43.093,190.02,-60.74,1,214.76,0.0,999.0,1.0,214.76,214.76,0.0,False
M200R5_1271,40,0.7,20,0.8,1.5,1.25,6,True,True,RTH,1,4,344.04,60.74,6.6641,0.75,86.01,404.78,-60.74,3,129.28,60.74,3.1284,0.6667,43.093,190.02,-60.74,1,214.76,0.0,999.0,1.0,214.76,214.76,0.0,False
M200R5_1272,40,0.7,20,0.8,1.5,1.25,6,True,True,RTH,3,4,344.04,60.74,6.6641,0.75,86.01,404.78,-60.74,3,129.28,60.74,3.1284,0.6667,43.093,190.02,-60.74,1,214.76,0.0,999.0,1.0,214.76,214.76,0.0,False
M200R5_1289,40,0.7,20,0.8,1.5,1.25,12,True,False,RTH,1,4,344.04,60.74,6.6641,0.75,86.01,404.78,-60.74,3,129.28,60.74,3.1284,0.6667,43.093,190.02,-60.74,1,214.76,0.0,999.0,1.0,214.76,214.76,0.0,False
M200R5_1290,40,0.7,20,0.8,1.5,1.25,12,True,False,RTH,3,4,344.04,60.74,6.6641,0.75,86.01,404.78,-60.74,3,129.28,60.74,3.1284,0.6667,43.093,190.02,-60.74,1,214.76,0.0,999.0,1.0,214.76,214.76,0.0,False
M200R5_1295,40,0.7,20,0.8,1.5,1.25,12,True,True,RTH,1,4,344.04,60.74,6.6641,0.75,86.01,404.78,-60.74,3,129.28,60.74,3.1284,0.6667,43.093,190.02,-60.74,1,214.76,0.0,999.0,1.0,214.76,214.76,0.0,False
M200R5_1296,40,0.7,20,0.8,1.5,1.25,12,True,True,RTH,3,4,344.04,60.74,6.6641,0.75,86.01,404.78,-60.74,3,129.28,60.74,3.1284,0.6667,43.093,190.02,-60.74,1,214.76,0.0,999.0,1.0,214.76,214.76,0.0,False
M200R5_0630,40,0.4,20,1.1,1.25,1.0,6,False,False,RTH,3,18,893.68,122.98,3.6386,0.7222,49.649,1232.38,-338.7,17,713.42,122.98,3.1063,0.7059,41.966,1052.12,-338.7,1,180.26,0.0,999.0,1.0,180.26,180.26,0.0,False
M200R5_0636,40,0.4,20,1.1,1.25,1.0,6,False,True,RTH,3,18,893.68,122.98,3.6386,0.7222,49.649,1232.38,-338.7,17,713.42,122.98,3.1063,0.7059,41.966,1052.12,-338.7,1,180.26,0.0,999.0,1.0,180.26,180.26,0.0,False
M200R5_0341,40,0.4,12,1.1,1.5,1.5,6,False,False,RTH,1,20,1019.7,139.24,4.0557,0.75,50.985,1353.4,-333.7,18,688.68,139.24,3.0638,0.7222,38.26,1022.38,-333.7,2,331.02,0.0,999.0,1.0,165.51,331.02,0.0,False
M200R5_1109,40,0.7,12,1.1,1.5,1.5,6,False,False,RTH,1,13,761.88,139.24,4.4285,0.7692,58.606,984.1,-222.22,11,457.36,139.24,3.0581,0.7273,41.578,679.58,-222.22,2,304.52,0.0,999.0,1.0,152.26,304.52,0.0,False
M200R5_1110,40,0.7,12,1.1,1.5,1.5,6,False,False,RTH,3,13,761.88,139.24,4.4285,0.7692,58.606,984.1,-222.22,11,457.36,139.24,3.0581,0.7273,41.578,679.58,-222.22,2,304.52,0.0,999.0,1.0,152.26,304.52,0.0,False
M200R5_0198,40,0.4,12,1.1,1.0,0.75,6,False,False,RTH,3,24,900.74,210.74,3.4919,0.8333,37.531,1262.2,-361.46,22,736.22,210.74,3.0368,0.8182,33.465,1097.68,-361.46,2,164.52,0.0,999.0,1.0,82.26,164.52,0.0,False
M200R5_0204,40,0.4,12,1.1,1.0,0.75,6,False,True,RTH,3,24,900.74,210.74,3.4919,0.8333,37.531,1262.2,-361.46,22,736.22,210.74,3.0368,0.8182,33.465,1097.68,-361.46,2,164.52,0.0,999.0,1.0,82.26,164.52,0.0,False
M200R5_0222,40,0.4,12,1.1,1.0,0.75,12,False,False,RTH,3,24,900.74,210.74,3.4919,0.8333,37.531,1262.2,-361.46,22,736.22,210.74,3.0368,0.8182,33.465,1097.68,-361.46,2,164.52,0.0,999.0,1.0,82.26,164.52,0.0,False
M200R5_0228,40,0.4,12,1.1,1.0,0.75,12,False,True,RTH,3,24,900.74,210.74,3.4919,0.8333,37.531,1262.2,-361.46,22,736.22,210.74,3.0368,0.8182,33.465,1097.68,-361.46,2,164.52,0.0,999.0,1.0,82.26,164.52,0.0,False
M200R5_1115,40,0.7,12,1.1,1.5,1.5,6,False,True,RTH,1,13,738.38,139.24,4.3227,0.7692,56.798,960.6,-222.22,11,442.86,139.24,2.9929,0.7273,40.26,665.08,-222.22,2,295.52,0.0,999.0,1.0,147.76,295.52,0.0,False
M200R5_1116,40,0.7,12,1.1,1.5,1.5,6,False,True,RTH,3,13,738.38,139.24,4.3227,0.7692,56.798,960.6,-222.22,11,442.86,139.24,2.9929,0.7273,40.26,665.08,-222.22,2,295.52,0.0,999.0,1.0,147.76,295.52,0.0,False
M200R5_1217,40,0.7,20,0.8,1.25,1.0,6,True,False,RTH,1,4,272.04,50.74,6.3615,0.75,68.01,322.78,-50.74,3,100.78,50.74,2.9862,0.6667,33.593,151.52,-50.74,1,171.26,0.0,999.0,1.0,171.26,171.26,0.0,False
M200R5_1218,40,0.7,20,0.8,1.25,1.0,6,True,False,RTH,3,4,272.04,50.74,6.3615,0.75,68.01,322.78,-50.74,3,100.78,50.74,2.9862,0.6667,33.593,151.52,-50.74,1,171.26,0.0,999.0,1.0,171.26,171.26,0.0,False
M200R5_1223,40,0.7,20,0.8,1.25,1.0,6,True,True,RTH,1,4,272.04,50.74,6.3615,0.75,68.01,322.78,-50.74,3,100.78,50.74,2.9862,0.6667,33.593,151.52,-50.74,1,171.26,0.0,999.0,1.0,171.26,171.26,0.0,False
M200R5_1224,40,0.7,20,0.8,1.25,1.0,6,True,True,RTH,3,4,272.04,50.74,6.3615,0.75,68.01,322.78,-50.74,3,100.78,50.74,2.9862,0.6667,33.593,151.52,-50.74,1,171.26,0.0,999.0,1.0,171.26,171.26,0.0,False
M200R5_1241,40,0.7,20,0.8,1.25,1.0,12,True,False,RTH,1,4,272.04,50.74,6.3615,0.75,68.01,322.78,-50.74,3,100.78,50.74,2.9862,0.6667,33.593,151.52,-50.74,1,171.26,0.0,999.0,1.0,171.26,171.26,0.0,False
M200R5_1242,40,0.7,20,0.8,1.25,1.0,12,True,False,RTH,3,4,272.04,50.74,6.3615,0.75,68.01,322.78,-50.74,3,100.78,50.74,2.9862,0.6667,33.593,151.52,-50.74,1,171.26,0.0,999.0,1.0,171.26,171.26,0.0,False
M200R5_1247,40,0.7,20,0.8,1.25,1.0,12,True,True,RTH,1,4,272.04,50.74,6.3615,0.75,68.01,322.78,-50.74,3,100.78,50.74,2.9862,0.6667,33.593,151.52,-50.74,1,171.26,0.0,999.0,1.0,171.26,171.26,0.0,False
M200R5_1248,40,0.7,20,0.8,1.25,1.0,12,True,True,RTH,3,4,272.04,50.74,6.3615,0.75,68.01,322.78,-50.74,3,100.78,50.74,2.9862,0.6667,33.593,151.52,-50.74,1,171.26,0.0,999.0,1.0,171.26,171.26,0.0,False
M200R5_1421,40,0.7,20,1.1,1.25,1.0,12,False,False,RTH,1,7,487.32,114.24,3.9628,0.7143,69.617,651.8,-164.48,6,316.06,114.24,2.9216,0.6667,52.677,480.54,-164.48,1,171.26,0.0,999.0,1.0,171.26,171.26,0.0,False
M200R5_1422,40,0.7,20,1.1,1.25,1.0,12,False,False,RTH,3,7,487.32,114.24,3.9628,0.7143,69.617,651.8,-164.48,6,316.06,114.24,2.9216,0.6667,52.677,480.54,-164.48,1,171.26,0.0,999.0,1.0,171.26,171.26,0.0,False
M200R5_1427,40,0.7,20,1.1,1.25,1.0,12,False,True,RTH,1,7,487.32,114.24,3.9628,0.7143,69.617,651.8,-164.48,6,316.06,114.24,2.9216,0.6667,52.677,480.54,-164.48,1,171.26,0.0,999.0,1.0,171.26,171.26,0.0,False
M200R5_1428,40,0.7,20,1.1,1.25,1.0,12,False,True,RTH,3,7,487.32,114.24,3.9628,0.7143,69.617,651.8,-164.48,6,316.06,114.24,2.9216,0.6667,52.677,480.54,-164.48,1,171.26,0.0,999.0,1.0,171.26,171.26,0.0,False
M200R5_0725,40,0.4,20,1.1,1.5,1.5,6,False,False,RTH,1,15,866.9,139.24,3.7591,0.6667,57.793,1181.1,-314.2,14,596.14,139.24,2.8973,0.6429,42.581,910.34,-314.2,1,270.76,0.0,999.0,1.0,270.76,270.76,0.0,False
M200R5_0293,40,0.4,12,1.1,1.5,1.25,6,False,False,RTH,1,20,903.7,139.24,3.7081,0.75,45.185,1237.4,-333.7,18,628.18,139.24,2.8825,0.7222,34.899,961.88,-333.7,2,275.52,0.0,999.0,1.0,137.76,275.52,0.0,False
M200R5_1035,40,0.7,12,1.1,1.25,1.0,12,False,False,PRE_RTH,1,16,740.66,190.48,3.5196,0.75,46.291,1034.62,-293.96,14,538.64,190.48,2.8324,0.7143,38.474,832.6,-293.96,2,202.02,0.0,999.0,1.0,101.01,202.02,0.0,False
M200R5_1036,40,0.7,12,1.1,1.25,1.0,12,False,False,PRE_RTH,3,16,740.66,190.48,3.5196,0.75,46.291,1034.62,-293.96,14,538.64,190.48,2.8324,0.7143,38.474,832.6,-293.96,2,202.02,0.0,999.0,1.0,101.01,202.02,0.0,False
M200R5_1100,40,0.7,12,1.1,1.5,1.25,12,True,True,ALL,3,12,493.62,138.98,2.9099,0.6667,41.135,752.08,-258.46,7,256.82,138.98,2.8058,0.5714,36.689,399.04,-142.22,5,236.8,116.24,3.0372,0.8,47.36,353.04,-116.24,False
M200R5_0299,40,0.4,12,1.1,1.5,1.25,6,False,True,RTH,1,20,796.7,139.24,3.3875,0.75,39.835,1130.4,-333.7,18,600.18,139.24,2.7986,0.7222,33.343,933.88,-333.7,2,196.52,0.0,999.0,1.0,98.26,196.52,0.0,False
M200R5_1169,40,0.7,20,0.8,1.0,0.75,6,True,False,RTH,1,4,200.54,40.74,5.9224,0.75,50.135,241.28,-40.74,3,72.28,40.74,2.7742,0.6667,24.093,113.02,-40.74,1,128.26,0.0,999.0,1.0,128.26,128.26,0.0,False
M200R5_1170,40,0.7,20,0.8,1.0,0.75,6,True,False,RTH,3,4,200.54,40.74,5.9224,0.75,50.135,241.28,-40.74,3,72.28,40.74,2.7742,0.6667,24.093,113.02,-40.74,1,128.26,0.0,999.0,1.0,128.26,128.26,0.0,False
M200R5_1175,40,0.7,20,0.8,1.0,0.75,6,True,True,RTH,1,4,200.54,40.74,5.9224,0.75,50.135,241.28,-40.74,3,72.28,40.74,2.7742,0.6667,24.093,113.02,-40.74,1,128.26,0.0,999.0,1.0,128.26,128.26,0.0,False
M200R5_1176,40,0.7,20,0.8,1.0,0.75,6,True,True,RTH,3,4,200.54,40.74,5.9224,0.75,50.135,241.28,-40.74,3,72.28,40.74,2.7742,0.6667,24.093,113.02,-40.74,1,128.26,0.0,999.0,1.0,128.26,128.26,0.0,False
M200R5_1193,40,0.7,20,0.8,1.0,0.75,12,True,False,RTH,1,4,200.54,40.74,5.9224,0.75,50.135,241.28,-40.74,3,72.28,40.74,2.7742,0.6667,24.093,113.02,-40.74,1,128.26,0.0,999.0,1.0,128.26,128.26,0.0,False
M200R5_1194,40,0.7,20,0.8,1.0,0.75,12,True,False,RTH,3,4,200.54,40.74,5.9224,0.75,50.135,241.28,-40.74,3,72.28,40.74,2.7742,0.6667,24.093,113.02,-40.74,1,128.26,0.0,999.0,1.0,128.26,128.26,0.0,False
M200R5_1199,40,0.7,20,0.8,1.0,0.75,12,True,True,RTH,1,4,200.54,40.74,5.9224,0.75,50.135,241.28,-40.74,3,72.28,40.74,2.7742,0.6667,24.093,113.02,-40.74,1,128.26,0.0,999.0,1.0,128.26,128.26,0.0,False
M200R5_1200,40,0.7,20,0.8,1.0,0.75,12,True,True,RTH,3,4,200.54,40.74,5.9224,0.75,50.135,241.28,-40.74,3,72.28,40.74,2.7742,0.6667,24.093,113.02,-40.74,1,128.26,0.0,999.0,1.0,128.26,128.26,0.0,False
M200R5_0731,40,0.4,20,1.1,1.5,1.5,6,False,True,RTH,1,15,821.9,139.24,3.6158,0.6667,54.793,1136.1,-314.2,14,551.14,139.24,2.7541,0.6429,39.367,865.34,-314.2,1,270.76,0.0,999.0,1.0,270.76,270.76,0.0,False
M200R5_1094,40,0.7,12,1.1,1.5,1.25,12,True,False,ALL,3,12,571.12,138.98,3.1719,0.6667,47.593,834.08,-262.96,7,252.32,138.98,2.7197,0.5714,36.046,399.04,-146.72,5,318.8,116.24,3.7426,0.8,63.76,435.04,-116.24,False
M200R5_1301,40,0.7,20,0.8,1.5,1.5,6,False,False,RTH,1,13,704.88,150.24,4.0224,0.7692,54.222,938.1,-233.22,11,400.36,150.24,2.7167,0.7273,36.396,633.58,-233.22,2,304.52,0.0,999.0,1.0,152.26,304.52,0.0,False
M200R5_1302,40,0.7,20,0.8,1.5,1.5,6,False,False,RTH,3,13,704.88,150.24,4.0224,0.7692,54.222,938.1,-233.22,11,400.36,150.24,2.7167,0.7273,36.396,633.58,-233.22,2,304.52,0.0,999.0,1.0,152.26,304.52,0.0,False
M200R5_1041,40,0.7,12,1.1,1.25,1.0,12,False,True,PRE_RTH,1,16,704.66,190.48,3.3971,0.75,44.041,998.62,-293.96,14,502.64,190.48,2.7099,0.7143,35.903,796.6,-293.96,2,202.02,0.0,999.0,1.0,101.01,202.02,0.0,False
M200R5_1042,40,0.7,12,1.1,1.25,1.0,12,False,True,PRE_RTH,3,16,704.66,190.48,3.3971,0.75,44.041,998.62,-293.96,14,502.64,190.48,2.7099,0.7143,35.903,796.6,-293.96,2,202.02,0.0,999.0,1.0,101.01,202.02,0.0,False
M200R5_0365,40,0.4,12,1.1,1.5,1.5,12,False,False,RTH,1,20,1170.2,227.74,3.2902,0.8,58.51,1681.16,-510.96,18,839.18,227.74,2.6424,0.7778,46.621,1350.14,-510.96,2,331.02,0.0,999.0,1.0,165.51,331.02,0.0,False
M200R5_0366,40,0.4,12,1.1,1.5,1.5,12,False,False,RTH,3,20,1170.2,227.74,3.2902,0.8,58.51,1681.16,-510.96,18,839.18,227.74,2.6424,0.7778,46.621,1350.14,-510.96,2,331.02,0.0,999.0,1.0,165.51,331.02,0.0,False
M200R5_0339,40,0.4,12,1.1,1.5,1.5,6,False,False,PRE_RTH,1,23,959.98,167.22,2.8984,0.6957,41.738,1465.66,-505.68,20,704.2,167.22,2.636,0.7,35.21,1134.64,-430.44,3,255.78,75.24,4.3995,0.6667,85.26,331.02,-75.24,False
M200R5_1395,40,0.7,20,1.1,1.25,1.0,6,False,False,PRE_RTH,1,10,501.1,102.48,3.433,0.6,50.11,707.06,-205.96,9,329.84,102.48,2.6015,0.5556,36.649,535.8,-205.96,1,171.26,0.0,999.0,1.0,171.26,171.26,0.0,False
M200R5_1396,40,0.7,20,1.1,1.25,1.0,6,False,False,PRE_RTH,3,10,501.1,102.48,3.433,0.6,50.11,707.06,-205.96,9,329.84,102.48,2.6015,0.5556,36.649,535.8,-205.96,1,171.26,0.0,999.0,1.0,171.26,171.26,0.0,False
M200R5_1401,40,0.7,20,1.1,1.25,1.0,6,False,True,PRE_RTH,1,10,501.1,102.48,3.433,0.6,50.11,707.06,-205.96,9,329.84,102.48,2.6015,0.5556,36.649,535.8,-205.96,1,171.26,0.0,999.0,1.0,171.26,171.26,0.0,False
M200R5_1402,40,0.7,20,1.1,1.25,1.0,6,False,True,PRE_RTH,3,10,501.1,102.48,3.433,0.6,50.11,707.06,-205.96,9,329.84,102.48,2.6015,0.5556,36.649,535.8,-205.96,1,171.26,0.0,999.0,1.0,171.26,171.26,0.0,False
M200R5_0345,40,0.4,12,1.1,1.5,1.5,6,False,True,PRE_RTH,1,23,866.98,167.22,2.7145,0.6957,37.695,1372.66,-505.68,20,746.7,167.22,2.7347,0.7,37.335,1177.14,-430.44,3,120.28,75.24,2.5986,0.6667,40.093,195.52,-75.24,False
M200R5_0651,40,0.4,20,1.1,1.25,1.0,12,False,False,PRE_RTH,1,17,768.92,141.72,3.0827,0.7059,45.231,1138.12,-369.2,16,588.66,141.72,2.5944,0.6875,36.791,957.86,-369.2,1,180.26,0.0,999.0,1.0,180.26,180.26,0.0,False
M200R5_0657,40,0.4,20,1.1,1.25,1.0,12,False,True,PRE_RTH,1,17,768.92,141.72,3.0827,0.7059,45.231,1138.12,-369.2,16,588.66,141.72,2.5944,0.6875,36.791,957.86,-369.2,1,180.26,0.0,999.0,1.0,180.26,180.26,0.0,False
M200R5_1061,40,0.7,12,1.1,1.5,1.25,6,False,False,RTH,1,13,603.88,139.24,3.7175,0.7692,46.452,826.1,-222.22,11,350.36,139.24,2.5766,0.7273,31.851,572.58,-222.22,2,253.52,0.0,999.0,1.0,126.76,253.52,0.0,False
M200R5_1062,40,0.7,12,1.1,1.5,1.25,6,False,False,RTH,3,13,603.88,139.24,3.7175,0.7692,46.452,826.1,-222.22,11,350.36,139.24,2.5766,0.7273,31.851,572.58,-222.22,2,253.52,0.0,999.0,1.0,126.76,253.52,0.0,False
M200R5_1067,40,0.7,12,1.1,1.5,1.25,6,False,True,RTH,1,13,603.88,139.24,3.7175,0.7692,46.452,826.1,-222.22,11,350.36,139.24,2.5766,0.7273,31.851,572.58,-222.22,2,253.52,0.0,999.0,1.0,126.76,253.52,0.0,False
M200R5_1068,40,0.7,12,1.1,1.5,1.25,6,False,True,RTH,3,13,603.88,139.24,3.7175,0.7692,46.452,826.1,-222.22,11,350.36,139.24,2.5766,0.7273,31.851,572.58,-222.22,2,253.52,0.0,999.0,1.0,126.76,253.52,0.0,False
M200R5_1307,40,0.7,20,0.8,1.5,1.5,6,False,True,RTH,1,13,667.88,150.24,3.8637,0.7692,51.375,901.1,-233.22,11,363.36,150.24,2.558,0.7273,33.033,596.58,-233.22,2,304.52,0.0,999.0,1.0,152.26,304.52,0.0,False
M200R5_1308,40,0.7,20,0.8,1.5,1.5,6,False,True,RTH,3,13,667.88,150.24,3.8637,0.7692,51.375,901.1,-233.22,11,363.36,150.24,2.558,0.7273,33.033,596.58,-233.22,2,304.52,0.0,999.0,1.0,152.26,304.52,0.0,False
M200R5_1119,40,0.7,12,1.1,1.5,1.5,6,True,False,PRE_RTH,1,3,350.78,60.74,6.7751,0.6667,116.927,411.52,-60.74,2,93.02,60.74,2.5314,0.5,46.51,153.76,-60.74,1,257.76,0.0,999.0,1.0,257.76,257.76,0.0,False
M200R5_1120,40,0.7,12,1.1,1.5,1.5,6,True,False,PRE_RTH,3,3,350.78,60.74,6.7751,0.6667,116.927,411.52,-60.74,2,93.02,60.74,2.5314,0.5,46.51,153.76,-60.74,1,257.76,0.0,999.0,1.0,257.76,257.76,0.0,False
M200R5_1121,40,0.7,12,1.1,1.5,1.5,6,True,False,RTH,1,3,350.78,60.74,6.7751,0.6667,116.927,411.52,-60.74,2,93.02,60.74,2.5314,0.5,46.51,153.76,-60.74,1,257.76,0.0,999.0,1.0,257.76,257.76,0.0,False
M200R5_1122,40,0.7,12,1.1,1.5,1.5,6,True,False,RTH,3,3,350.78,60.74,6.7751,0.6667,116.927,411.52,-60.74,2,93.02,60.74,2.5314,0.5,46.51,153.76,-60.74,1,257.76,0.0,999.0,1.0,257.76,257.76,0.0,False
M200R5_1125,40,0.7,12,1.1,1.5,1.5,6,True,True,PRE_RTH,1,3,350.78,60.74,6.7751,0.6667,116.927,411.52,-60.74,2,93.02,60.74,2.5314,0.5,46.51,153.76,-60.74,1,257.76,0.0,999.0,1.0,257.76,257.76,0.0,False
M200R5_1126,40,0.7,12,1.1,1.5,1.5,6,True,True,PRE_RTH,3,3,350.78,60.74,6.7751,0.6667,116.927,411.52,-60.74,2,93.02,60.74,2.5314,0.5,46.51,153.76,-60.74,1,257.76,0.0,999.0,1.0,257.76,257.76,0.0,False
M200R5_1127,40,0.7,12,1.1,1.5,1.5,6,True,True,RTH,1,3,350.78,60.74,6.7751,0.6667,116.927,411.52,-60.74,2,93.02,60.74,2.5314,0.5,46.51,153.76,-60.74,1,257.76,0.0,999.0,1.0,257.76,257.76,0.0,False
M200R5_1128,40,0.7,12,1.1,1.5,1.5,6,True,True,RTH,3,3,350.78,60.74,6.7751,0.6667,116.927,411.52,-60.74,2,93.02,60.74,2.5314,0.5,46.51,153.76,-60.74,1,257.76,0.0,999.0,1.0,257.76,257.76,0.0,False
M200R5_1143,40,0.7,12,1.1,1.5,1.5,12,True,False,PRE_RTH,1,3,350.78,60.74,6.7751,0.6667,116.927,411.52,-60.74,2,93.02,60.74,2.5314,0.5,46.51,153.76,-60.74,1,257.76,0.0,999.0,1.0,257.76,257.76,0.0,False
M200R5_1144,40,0.7,12,1.1,1.5,1.5,12,True,False,PRE_RTH,3,3,350.78,60.74,6.7751,0.6667,116.927,411.52,-60.74,2,93.02,60.74,2.5314,0.5,46.51,153.76,-60.74,1,257.76,0.0,999.0,1.0,257.76,257.76,0.0,False
M200R5_1145,40,0.7,12,1.1,1.5,1.5,12,True,False,RTH,1,3,350.78,60.74,6.7751,0.6667,116.927,411.52,-60.74,2,93.02,60.74,2.5314,0.5,46.51,153.76,-60.74,1,257.76,0.0,999.0,1.0,257.76,257.76,0.0,False
M200R5_1146,40,0.7,12,1.1,1.5,1.5,12,True,False,RTH,3,3,350.78,60.74,6.7751,0.6667,116.927,411.52,-60.74,2,93.02,60.74,2.5314,0.5,46.51,153.76,-60.74,1,257.76,0.0,999.0,1.0,257.76,257.76,0.0,False
M200R5_1149,40,0.7,12,1.1,1.5,1.5,12,True,True,PRE_RTH,1,3,350.78,60.74,6.7751,0.6667,116.927,411.52,-60.74,2,93.02,60.74,2.5314,0.5,46.51,153.76,-60.74,1,257.76,0.0,999.0,1.0,257.76,257.76,0.0,False
M200R5_1150,40,0.7,12,1.1,1.5,1.5,12,True,True,PRE_RTH,3,3,350.78,60.74,6.7751,0.6667,116.927,411.52,-60.74,2,93.02,60.74,2.5314,0.5,46.51,153.76,-60.74,1,257.76,0.0,999.0,1.0,257.76,257.76,0.0,False
M200R5_1151,40,0.7,12,1.1,1.5,1.5,12,True,True,RTH,1,3,350.78,60.74,6.7751,0.6667,116.927,411.52,-60.74,2,93.02,60.74,2.5314,0.5,46.51,153.76,-60.74,1,257.76,0.0,999.0,1.0,257.76,257.76,0.0,False
M200R5_1152,40,0.7,12,1.1,1.5,1.5,12,True,True,RTH,3,3,350.78,60.74,6.7751,0.6667,116.927,411.52,-60.74,2,93.02,60.74,2.5314,0.5,46.51,153.76,-60.74,1,257.76,0.0,999.0,1.0,257.76,257.76,0.0,False
M200R5_0363,40,0.4,12,1.1,1.5,1.5,12,False,False,PRE_RTH,1,23,1137.98,227.74,2.7362,0.7391,49.477,1793.42,-655.44,20,882.2,227.74,2.5205,0.75,44.11,1462.4,-580.2,3,255.78,75.24,4.3995,0.6667,85.26,331.02,-75.24,False
M200R5_0677,40,0.4,20,1.1,1.5,1.25,6,False,False,RTH,1,15,700.4,139.24,3.2292,0.6667,46.693,1014.6,-314.2,14,475.14,139.24,2.5122,0.6429,33.939,789.34,-314.2,1,225.26,0.0,999.0,1.0,225.26,225.26,0.0,False
M200R5_0683,40,0.4,20,1.1,1.5,1.25,6,False,True,RTH,1,15,700.4,139.24,3.2292,0.6667,46.693,1014.6,-314.2,14,475.14,139.24,2.5122,0.6429,33.939,789.34,-314.2,1,225.26,0.0,999.0,1.0,225.26,225.26,0.0,False
M200R5_0244,40,0.4,12,1.1,1.25,1.0,6,False,False,PRE_RTH,3,29,919.04,202.7,2.5841,0.6897,31.691,1499.2,-580.16,26,762.26,202.7,2.4746,0.6923,29.318,1279.18,-516.92,3,156.78,63.24,3.4791,0.6667,52.26,220.02,-63.24,False
M200R5_0250,40,0.4,12,1.1,1.25,1.0,6,False,True,PRE_RTH,3,29,919.04,202.7,2.5841,0.6897,31.691,1499.2,-580.16,26,762.26,202.7,2.4746,0.6923,29.318,1279.18,-516.92,3,156.78,63.24,3.4791,0.6667,52.26,220.02,-63.24,False
M200R5_0628,40,0.4,20,1.1,1.25,1.0,6,False,False,PRE_RTH,3,22,874.22,122.98,2.8534,0.6818,39.737,1345.9,-471.68,21,693.96,122.98,2.4713,0.6667,33.046,1165.64,-471.68,1,180.26,0.0,999.0,1.0,180.26,180.26,0.0,False
M200R5_0634,40,0.4,20,1.1,1.25,1.0,6,False,True,PRE_RTH,3,22,874.22,122.98,2.8534,0.6818,39.737,1345.9,-471.68,21,693.96,122.98,2.4713,0.6667,33.046,1165.64,-471.68,1,180.26,0.0,999.0,1.0,180.26,180.26,0.0,False
M200R5_0291,40,0.4,12,1.1,1.5,1.25,6,False,False,PRE_RTH,1,23,824.98,167.22,2.6314,0.6957,35.869,1330.66,-505.68,20,624.7,167.22,2.4513,0.7,31.235,1055.14,-430.44,3,200.28,75.24,3.6619,0.6667,66.76,275.52,-75.24,False
M200R5_1158,40,0.7,20,0.8,1.0,0.75,6,False,False,RTH,3,15,457.9,150.24,3.108,0.8,30.527,675.12,-217.22,13,306.88,150.24,2.4128,0.7692,23.606,524.1,-217.22,2,151.02,0.0,999.0,1.0,75.51,151.02,0.0,False
M200R5_1164,40,0.7,20,0.8,1.0,0.75,6,False,True,RTH,3,15,457.9,150.24,3.108,0.8,30.527,675.12,-217.22,13,306.88,150.24,2.4128,0.7692,23.606,524.1,-217.22,2,151.02,0.0,999.0,1.0,75.51,151.02,0.0,False
M200R5_0297,40,0.4,12,1.1,1.5,1.25,6,False,True,PRE_RTH,1,23,717.98,167.22,2.4198,0.6957,31.217,1223.66,-505.68,20,596.7,167.22,2.3863,0.7,29.835,1027.14,-430.44,3,121.28,75.24,2.6119,0.6667,40.427,196.52,-75.24,False
M200R5_0582,40,0.4,20,1.1,1.0,0.75,6,False,False,RTH,3,19,663.94,210.74,2.7092,0.7895,34.944,1052.4,-388.46,18,529.18,210.74,2.3623,0.7778,29.399,917.64,-388.46,1,134.76,0.0,999.0,1.0,134.76,134.76,0.0,False
M200R5_0588,40,0.4,20,1.1,1.0,0.75,6,False,True,RTH,3,19,663.94,210.74,2.7092,0.7895,34.944,1052.4,-388.46,18,529.18,210.74,2.3623,0.7778,29.399,917.64,-388.46,1,134.76,0.0,999.0,1.0,134.76,134.76,0.0,False
M200R5_0606,40,0.4,20,1.1,1.0,0.75,12,False,False,RTH,3,19,663.94,210.74,2.7092,0.7895,34.944,1052.4,-388.46,18,529.18,210.74,2.3623,0.7778,29.399,917.64,-388.46,1,134.76,0.0,999.0,1.0,134.76,134.76,0.0,False
M200R5_0612,40,0.4,20,1.1,1.0,0.75,12,False,True,RTH,3,19,663.94,210.74,2.7092,0.7895,34.944,1052.4,-388.46,18,529.18,210.74,2.3623,0.7778,29.399,917.64,-388.46,1,134.76,0.0,999.0,1.0,134.76,134.76,0.0,False
M200R5_1253,40,0.7,20,0.8,1.5,1.25,6,False,False,RTH,1,13,554.38,150.24,3.3771,0.7692,42.645,787.6,-233.22,11,300.86,150.24,2.29,0.7273,27.351,534.08,-233.22,2,253.52,0.0,999.0,1.0,126.76,253.52,0.0,False
M200R5_1254,40,0.7,20,0.8,1.5,1.25,6,False,False,RTH,3,13,554.38,150.24,3.3771,0.7692,42.645,787.6,-233.22,11,300.86,150.24,2.29,0.7273,27.351,534.08,-233.22,2,253.52,0.0,999.0,1.0,126.76,253.52,0.0,False
M200R5_1259,40,0.7,20,0.8,1.5,1.25,6,False,True,RTH,1,13,538.38,150.24,3.3085,0.7692,41.414,771.6,-233.22,11,284.86,150.24,2.2214,0.7273,25.896,518.08,-233.22,2,253.52,0.0,999.0,1.0,126.76,253.52,0.0,False
M200R5_1260,40,0.7,20,0.8,1.5,1.25,6,False,True,RTH,3,13,538.38,150.24,3.3085,0.7692,41.414,771.6,-233.22,11,284.86,150.24,2.2214,0.7273,25.896,518.08,-233.22,2,253.52,0.0,999.0,1.0,126.76,253.52,0.0,False
M200R5_0317,40,0.4,12,1.1,1.5,1.25,12,False,False,RTH,1,20,894.7,227.74,2.751,0.8,44.735,1405.66,-510.96,18,619.18,227.74,2.2118,0.7778,34.399,1130.14,-510.96,2,275.52,0.0,999.0,1.0,137.76,275.52,0.0,False
M200R5_0318,40,0.4,12,1.1,1.5,1.25,12,False,False,RTH,3,20,894.7,227.74,2.751,0.8,44.735,1405.66,-510.96,18,619.18,227.74,2.2118,0.7778,34.399,1130.14,-510.96,2,275.52,0.0,999.0,1.0,137.76,275.52,0.0,False
M200R5_0371,40,0.4,12,1.1,1.5,1.5,12,False,True,RTH,1,20,773.7,227.74,2.5142,0.8,38.685,1284.66,-510.96,18,578.18,227.74,2.1316,0.7778,32.121,1089.14,-510.96,2,195.52,0.0,999.0,1.0,97.76,195.52,0.0,False
M200R5_0372,40,0.4,12,1.1,1.5,1.5,12,False,True,RTH,3,20,773.7,227.74,2.5142,0.8,38.685,1284.66,-510.96,18,578.18,227.74,2.1316,0.7778,32.121,1089.14,-510.96,2,195.52,0.0,999.0,1.0,97.76,195.52,0.0,False
M200R5_0364,40,0.4,12,1.1,1.5,1.5,12,False,False,PRE_RTH,3,27,1111.02,227.74,2.3236,0.7037,41.149,1950.44,-839.42,24,855.24,227.74,2.1192,0.7083,35.635,1619.42,-764.18,3,255.78,75.24,4.3995,0.6667,85.26,331.02,-75.24,False
M200R5_0315,40,0.4,12,1.1,1.5,1.25,12,False,False,PRE_RTH,1,23,843.48,227.74,2.2869,0.7391,36.673,1498.92,-655.44,20,643.2,227.74,2.1086,0.75,32.16,1223.4,-580.2,3,200.28,75.24,3.6619,0.6667,66.76,275.52,-75.24,False
M200R5_0654,40,0.4,20,1.1,1.25,1.0,12,False,False,RTH,3,17,733.42,262.74,2.4699,0.7647,43.142,1232.38,-498.96,16,553.16,262.74,2.1086,0.75,34.572,1052.12,-498.96,1,180.26,0.0,999.0,1.0,180.26,180.26,0.0,False
M200R5_0660,40,0.4,20,1.1,1.25,1.0,12,False,True,RTH,3,17,733.42,262.74,2.4699,0.7647,43.142,1232.38,-498.96,16,553.16,262.74,2.1086,0.75,34.572,1052.12,-498.96,1,180.26,0.0,999.0,1.0,180.26,180.26,0.0,False
M200R5_1071,40,0.7,12,1.1,1.5,1.25,6,True,False,PRE_RTH,1,3,281.78,60.74,5.6391,0.6667,93.927,342.52,-60.74,2,67.02,60.74,2.1034,0.5,33.51,127.76,-60.74,1,214.76,0.0,999.0,1.0,214.76,214.76,0.0,False
M200R5_1072,40,0.7,12,1.1,1.5,1.25,6,True,False,PRE_RTH,3,3,281.78,60.74,5.6391,0.6667,93.927,342.52,-60.74,2,67.02,60.74,2.1034,0.5,33.51,127.76,-60.74,1,214.76,0.0,999.0,1.0,214.76,214.76,0.0,False
M200R5_1073,40,0.7,12,1.1,1.5,1.25,6,True,False,RTH,1,3,281.78,60.74,5.6391,0.6667,93.927,342.52,-60.74,2,67.02,60.74,2.1034,0.5,33.51,127.76,-60.74,1,214.76,0.0,999.0,1.0,214.76,214.76,0.0,False
M200R5_1074,40,0.7,12,1.1,1.5,1.25,6,True,False,RTH,3,3,281.78,60.74,5.6391,0.6667,93.927,342.52,-60.74,2,67.02,60.74,2.1034,0.5,33.51,127.76,-60.74,1,214.76,0.0,999.0,1.0,214.76,214.76,0.0,False
M200R5_1077,40,0.7,12,1.1,1.5,1.25,6,True,True,PRE_RTH,1,3,281.78,60.74,5.6391,0.6667,93.927,342.52,-60.74,2,67.02,60.74,2.1034,0.5,33.51,127.76,-60.74,1,214.76,0.0,999.0,1.0,214.76,214.76,0.0,False
M200R5_1078,40,0.7,12,1.1,1.5,1.25,6,True,True,PRE_RTH,3,3,281.78,60.74,5.6391,0.6667,93.927,342.52,-60.74,2,67.02,60.74,2.1034,0.5,33.51,127.76,-60.74,1,214.76,0.0,999.0,1.0,214.76,214.76,0.0,False
M200R5_1079,40,0.7,12,1.1,1.5,1.25,6,True,True,RTH,1,3,281.78,60.74,5.6391,0.6667,93.927,342.52,-60.74,2,67.02,60.74,2.1034,0.5,33.51,127.76,-60.74,1,214.76,0.0,999.0,1.0,214.76,214.76,0.0,False
M200R5_1080,40,0.7,12,1.1,1.5,1.25,6,True,True,RTH,3,3,281.78,60.74,5.6391,0.6667,93.927,342.52,-60.74,2,67.02,60.74,2.1034,0.5,33.51,127.76,-60.74,1,214.76,0.0,999.0,1.0,214.76,214.76,0.0,False
M200R5_1095,40,0.7,12,1.1,1.5,1.25,12,True,False,PRE_RTH,1,3,281.78,60.74,5.6391,0.6667,93.927,342.52,-60.74,2,67.02,60.74,2.1034,0.5,33.51,127.76,-60.74,1,214.76,0.0,999.0,1.0,214.76,214.76,0.0,False
M200R5_1096,40,0.7,12,1.1,1.5,1.25,12,True,False,PRE_RTH,3,3,281.78,60.74,5.6391,0.6667,93.927,342.52,-60.74,2,67.02,60.74,2.1034,0.5,33.51,127.76,-60.74,1,214.76,0.0,999.0,1.0,214.76,214.76,0.0,False
M200R5_1097,40,0.7,12,1.1,1.5,1.25,12,True,False,RTH,1,3,281.78,60.74,5.6391,0.6667,93.927,342.52,-60.74,2,67.02,60.74,2.1034,0.5,33.51,127.76,-60.74,1,214.76,0.0,999.0,1.0,214.76,214.76,0.0,False
M200R5_1098,40,0.7,12,1.1,1.5,1.25,12,True,False,RTH,3,3,281.78,60.74,5.6391,0.6667,93.927,342.52,-60.74,2,67.02,60.74,2.1034,0.5,33.51,127.76,-60.74,1,214.76,0.0,999.0,1.0,214.76,214.76,0.0,False
M200R5_1101,40,0.7,12,1.1,1.5,1.25,12,True,True,PRE_RTH,1,3,281.78,60.74,5.6391,0.6667,93.927,342.52,-60.74,2,67.02,60.74,2.1034,0.5,33.51,127.76,-60.74,1,214.76,0.0,999.0,1.0,214.76,214.76,0.0,False
M200R5_1102,40,0.7,12,1.1,1.5,1.25,12,True,True,PRE_RTH,3,3,281.78,60.74,5.6391,0.6667,93.927,342.52,-60.74,2,67.02,60.74,2.1034,0.5,33.51,127.76,-60.74,1,214.76,0.0,999.0,1.0,214.76,214.76,0.0,False
M200R5_1103,40,0.7,12,1.1,1.5,1.25,12,True,True,RTH,1,3,281.78,60.74,5.6391,0.6667,93.927,342.52,-60.74,2,67.02,60.74,2.1034,0.5,33.51,127.76,-60.74,1,214.76,0.0,999.0,1.0,214.76,214.76,0.0,False
M200R5_1104,40,0.7,12,1.1,1.5,1.25,12,True,True,RTH,3,3,281.78,60.74,5.6391,0.6667,93.927,342.52,-60.74,2,67.02,60.74,2.1034,0.5,33.51,127.76,-60.74,1,214.76,0.0,999.0,1.0,214.76,214.76,0.0,False
M200R5_0369,40,0.4,12,1.1,1.5,1.5,12,False,True,PRE_RTH,1,23,752.48,227.74,2.1481,0.7391,32.717,1407.92,-655.44,20,632.2,227.74,2.0896,0.75,31.61,1212.4,-580.2,3,120.28,75.24,2.5986,0.6667,40.093,195.52,-75.24,False
M200R5_1107,40,0.7,12,1.1,1.5,1.5,6,False,False,PRE_RTH,1,16,690.66,139.24,2.831,0.6875,43.166,1067.86,-377.2,14,386.14,139.24,2.0237,0.6429,27.581,763.34,-377.2,2,304.52,0.0,999.0,1.0,152.26,304.52,0.0,False
M200R5_1108,40,0.7,12,1.1,1.5,1.5,6,False,False,PRE_RTH,3,16,690.66,139.24,2.831,0.6875,43.166,1067.86,-377.2,14,386.14,139.24,2.0237,0.6429,27.581,763.34,-377.2,2,304.52,0.0,999.0,1.0,152.26,304.52,0.0,False
M200R5_1023,40,0.7,12,1.1,1.25,1.0,6,True,False,PRE_RTH,1,3,222.78,50.74,5.3906,0.6667,74.26,273.52,-50.74,2,51.52,50.74,2.0154,0.5,25.76,102.26,-50.74,1,171.26,0.0,999.0,1.0,171.26,171.26,0.0,False
M200R5_1024,40,0.7,12,1.1,1.25,1.0,6,True,False,PRE_RTH,3,3,222.78,50.74,5.3906,0.6667,74.26,273.52,-50.74,2,51.52,50.74,2.0154,0.5,25.76,102.26,-50.74,1,171.26,0.0,999.0,1.0,171.26,171.26,0.0,False
M200R5_1025,40,0.7,12,1.1,1.25,1.0,6,True,False,RTH,1,3,222.78,50.74,5.3906,0.6667,74.26,273.52,-50.74,2,51.52,50.74,2.0154,0.5,25.76,102.26,-50.74,1,171.26,0.0,999.0,1.0,171.26,171.26,0.0,False
M200R5_1026,40,0.7,12,1.1,1.25,1.0,6,True,False,RTH,3,3,222.78,50.74,5.3906,0.6667,74.26,273.52,-50.74,2,51.52,50.74,2.0154,0.5,25.76,102.26,-50.74,1,171.26,0.0,999.0,1.0,171.26,171.26,0.0,False
M200R5_1029,40,0.7,12,1.1,1.25,1.0,6,True,True,PRE_RTH,1,3,222.78,50.74,5.3906,0.6667,74.26,273.52,-50.74,2,51.52,50.74,2.0154,0.5,25.76,102.26,-50.74,1,171.26,0.0,999.0,1.0,171.26,171.26,0.0,False
M200R5_1030,40,0.7,12,1.1,1.25,1.0,6,True,True,PRE_RTH,3,3,222.78,50.74,5.3906,0.6667,74.26,273.52,-50.74,2,51.52,50.74,2.0154,0.5,25.76,102.26,-50.74,1,171.26,0.0,999.0,1.0,171.26,171.26,0.0,False
M200R5_1031,40,0.7,12,1.1,1.25,1.0,6,True,True,RTH,1,3,222.78,50.74,5.3906,0.6667,74.26,273.52,-50.74,2,51.52,50.74,2.0154,0.5,25.76,102.26,-50.74,1,171.26,0.0,999.0,1.0,171.26,171.26,0.0,False
M200R5_1032,40,0.7,12,1.1,1.25,1.0,6,True,True,RTH,3,3,222.78,50.74,5.3906,0.6667,74.26,273.52,-50.74,2,51.52,50.74,2.0154,0.5,25.76,102.26,-50.74,1,171.26,0.0,999.0,1.0,171.26,171.26,0.0,False
M200R5_1047,40,0.7,12,1.1,1.25,1.0,12,True,False,PRE_RTH,1,3,222.78,50.74,5.3906,0.6667,74.26,273.52,-50.74,2,51.52,50.74,2.0154,0.5,25.76,102.26,-50.74,1,171.26,0.0,999.0,1.0,171.26,171.26,0.0,False
M200R5_1048,40,0.7,12,1.1,1.25,1.0,12,True,False,PRE_RTH,3,3,222.78,50.74,5.3906,0.6667,74.26,273.52,-50.74,2,51.52,50.74,2.0154,0.5,25.76,102.26,-50.74,1,171.26,0.0,999.0,1.0,171.26,171.26,0.0,False
M200R5_1049,40,0.7,12,1.1,1.25,1.0,12,True,False,RTH,1,3,222.78,50.74,5.3906,0.6667,74.26,273.52,-50.74,2,51.52,50.74,2.0154,0.5,25.76,102.26,-50.74,1,171.26,0.0,999.0,1.0,171.26,171.26,0.0,False
M200R5_1050,40,0.7,12,1.1,1.25,1.0,12,True,False,RTH,3,3,222.78,50.74,5.3906,0.6667,74.26,273.52,-50.74,2,51.52,50.74,2.0154,0.5,25.76,102.26,-50.74,1,171.26,0.0,999.0,1.0,171.26,171.26,0.0,False
M200R5_1053,40,0.7,12,1.1,1.25,1.0,12,True,True,PRE_RTH,1,3,222.78,50.74,5.3906,0.6667,74.26,273.52,-50.74,2,51.52,50.74,2.0154,0.5,25.76,102.26,-50.74,1,171.26,0.0,999.0,1.0,171.26,171.26,0.0,False
M200R5_1054,40,0.7,12,1.1,1.25,1.0,12,True,True,PRE_RTH,3,3,222.78,50.74,5.3906,0.6667,74.26,273.52,-50.74,2,51.52,50.74,2.0154,0.5,25.76,102.26,-50.74,1,171.26,0.0,999.0,1.0,171.26,171.26,0.0,False
M200R5_1055,40,0.7,12,1.1,1.25,1.0,12,True,True,RTH,1,3,222.78,50.74,5.3906,0.6667,74.26,273.52,-50.74,2,51.52,50.74,2.0154,0.5,25.76,102.26,-50.74,1,171.26,0.0,999.0,1.0,171.26,171.26,0.0,False
M200R5_1056,40,0.7,12,1.1,1.25,1.0,12,True,True,RTH,3,3,222.78,50.74,5.3906,0.6667,74.26,273.52,-50.74,2,51.52,50.74,2.0154,0.5,25.76,102.26,-50.74,1,171.26,0.0,999.0,1.0,171.26,171.26,0.0,False
M200R5_0196,40,0.4,12,1.1,1.0,0.75,6,False,False,PRE_RTH,3,31,797.56,210.74,2.352,0.7419,25.728,1387.48,-589.92,28,597.28,210.74,2.0125,0.7143,21.331,1187.2,-589.92,3,200.28,0.0,999.0,1.0,66.76,200.28,0.0,True
M200R5_0202,40,0.4,12,1.1,1.0,0.75,6,False,True,PRE_RTH,3,31,797.56,210.74,2.352,0.7419,25.728,1387.48,-589.92,28,597.28,210.74,2.0125,0.7143,21.331,1187.2,-589.92,3,200.28,0.0,999.0,1.0,66.76,200.28,0.0,True
M200R5_0220,40,0.4,12,1.1,1.0,0.75,12,False,False,PRE_RTH,3,31,797.56,210.74,2.352,0.7419,25.728,1387.48,-589.92,28,597.28,210.74,2.0125,0.7143,21.331,1187.2,-589.92,3,200.28,0.0,999.0,1.0,66.76,200.28,0.0,True
M200R5_0226,40,0.4,12,1.1,1.0,0.75,12,False,True,PRE_RTH,3,31,797.56,210.74,2.352,0.7419,25.728,1387.48,-589.92,28,597.28,210.74,2.0125,0.7143,21.331,1187.2,-589.92,3,200.28,0.0,999.0,1.0,66.76,200.28,0.0,True
M200R5_0270,40,0.4,12,1.1,1.25,1.0,12,False,False,RTH,3,21,789.46,262.74,2.3955,0.7619,37.593,1355.16,-565.7,19,569.44,262.74,2.0066,0.7368,29.971,1135.14,-565.7,2,220.02,0.0,999.0,1.0,110.01,220.02,0.0,False
M200R5_1046,40,0.7,12,1.1,1.25,1.0,12,True,False,ALL,3,12,409.62,115.98,2.6003,0.6667,34.135,665.58,-255.96,7,159.32,115.98,2.0006,0.5714,22.76,318.54,-159.22,5,250.3,96.74,3.5873,0.8,50.06,347.04,-96.74,False
M200R5_1052,40,0.7,12,1.1,1.25,1.0,12,True,True,ALL,3,12,402.62,115.98,2.573,0.6667,33.552,658.58,-255.96,7,159.32,115.98,2.0006,0.5714,22.76,318.54,-159.22,5,243.3,96.74,3.515,0.8,48.66,340.04,-96.74,False
M200R5_1009,40,0.7,12,1.1,1.25,1.0,6,False,False,ALL,1,34,647.84,136.14,2.0128,0.6765,19.054,1287.48,-639.64,25,458.0,136.14,2.0231,0.64,18.32,905.66,-447.66,9,189.84,117.46,1.9889,0.7778,21.093,381.82,-191.98,False
M200R5_1015,40,0.7,12,1.1,1.25,1.0,6,False,True,ALL,1,34,647.84,136.14,2.0128,0.6765,19.054,1287.48,-639.64,25,458.0,136.14,2.0231,0.64,18.32,905.66,-447.66,9,189.84,117.46,1.9889,0.7778,21.093,381.82,-191.98,False
M200R5_0962,40,0.7,12,1.1,1.0,0.75,6,False,False,ALL,3,54,1180.54,170.18,2.6844,0.7407,21.862,1881.4,-700.86,39,928.64,160.2,3.085,0.7436,23.811,1374.04,-445.4,15,251.9,170.18,1.9861,0.7333,16.793,507.36,-255.46,True
M200R5_0968,40,0.7,12,1.1,1.0,0.75,6,False,True,ALL,3,54,1180.54,170.18,2.6844,0.7407,21.862,1881.4,-700.86,39,928.64,160.2,3.085,0.7436,23.811,1374.04,-445.4,15,251.9,170.18,1.9861,0.7333,16.793,507.36,-255.46,True
M200R5_0986,40,0.7,12,1.1,1.0,0.75,12,False,False,ALL,3,54,1180.54,170.18,2.6844,0.7407,21.862,1881.4,-700.86,39,928.64,160.2,3.085,0.7436,23.811,1374.04,-445.4,15,251.9,170.18,1.9861,0.7333,16.793,507.36,-255.46,True
M200R5_0992,40,0.7,12,1.1,1.0,0.75,12,False,True,ALL,3,54,1180.54,170.18,2.6844,0.7407,21.862,1881.4,-700.86,39,928.64,160.2,3.085,0.7436,23.811,1374.04,-445.4,15,251.9,170.18,1.9861,0.7333,16.793,507.36,-255.46,True
M200R5_1113,40,0.7,12,1.1,1.5,1.5,6,False,True,PRE_RTH,1,16,667.16,139.24,2.7687,0.6875,41.697,1044.36,-377.2,14,371.64,139.24,1.9853,0.6429,26.546,748.84,-377.2,2,295.52,0.0,999.0,1.0,147.76,295.52,0.0,False
M200R5_1114,40,0.7,12,1.1,1.5,1.5,6,False,True,PRE_RTH,3,16,667.16,139.24,2.7687,0.6875,41.697,1044.36,-377.2,14,371.64,139.24,1.9853,0.6429,26.546,748.84,-377.2,2,295.52,0.0,999.0,1.0,147.76,295.52,0.0,False
M200R5_0723,40,0.4,20,1.1,1.5,1.5,6,False,False,PRE_RTH,1,17,722.92,139.24,2.5278,0.5882,42.525,1196.1,-473.18,16,452.16,139.24,1.9556,0.5625,28.26,925.34,-473.18,1,270.76,0.0,999.0,1.0,270.76,270.76,0.0,False
M200R5_0750,40,0.4,20,1.1,1.5,1.5,12,False,False,RTH,3,16,804.66,227.74,2.4038,0.6875,50.291,1377.86,-573.2,15,533.9,227.74,1.9314,0.6667,35.593,1107.1,-573.2,1,270.76,0.0,999.0,1.0,270.76,270.76,0.0,False
M200R5_1345,40,0.7,20,1.1,1.0,0.75,6,False,False,ALL,1,26,493.76,133.96,2.1908,0.6538,18.991,908.42,-414.66,20,301.2,133.96,1.9284,0.6,15.06,625.62,-324.42,6,192.56,90.24,3.1339,0.8333,32.093,282.8,-90.24,False
M200R5_1351,40,0.7,20,1.1,1.0,0.75,6,False,True,ALL,1,26,493.76,133.96,2.1908,0.6538,18.991,908.42,-414.66,20,301.2,133.96,1.9284,0.6,15.06,625.62,-324.42,6,192.56,90.24,3.1339,0.8333,32.093,282.8,-90.24,False
M200R5_1369,40,0.7,20,1.1,1.0,0.75,12,False,False,ALL,1,26,493.76,133.96,2.1908,0.6538,18.991,908.42,-414.66,20,301.2,133.96,1.9284,0.6,15.06,625.62,-324.42,6,192.56,90.24,3.1339,0.8333,32.093,282.8,-90.24,False
M200R5_1375,40,0.7,20,1.1,1.0,0.75,12,False,True,ALL,1,26,493.76,133.96,2.1908,0.6538,18.991,908.42,-414.66,20,301.2,133.96,1.9284,0.6,15.06,625.62,-324.42,6,192.56,90.24,3.1339,0.8333,32.093,282.8,-90.24,False
M200R5_1099,40,0.7,12,1.1,1.5,1.25,12,True,True,ALL,1,11,365.86,138.98,2.4155,0.6364,33.26,624.32,-258.46,6,129.06,138.98,1.9075,0.5,21.51,271.28,-142.22,5,236.8,116.24,3.0372,0.8,47.36,353.04,-116.24,False
M200R5_0276,40,0.4,12,1.1,1.25,1.0,12,False,True,RTH,3,21,730.96,262.74,2.2921,0.7619,34.808,1296.66,-565.7,19,510.94,262.74,1.9032,0.7368,26.892,1076.64,-565.7,2,220.02,0.0,999.0,1.0,110.01,220.02,0.0,False
M200R5_0323,40,0.4,12,1.1,1.5,1.25,12,False,True,RTH,1,20,654.7,227.74,2.2813,0.8,32.735,1165.66,-510.96,18,458.18,227.74,1.8967,0.7778,25.454,969.14,-510.96,2,196.52,0.0,999.0,1.0,98.26,196.52,0.0,False
M200R5_0324,40,0.4,12,1.1,1.5,1.25,12,False,True,RTH,3,20,654.7,227.74,2.2813,0.8,32.735,1165.66,-510.96,18,458.18,227.74,1.8967,0.7778,25.454,969.14,-510.96,2,196.52,0.0,999.0,1.0,98.26,196.52,0.0,False
M200R5_1346,40,0.7,20,1.1,1.0,0.75,6,False,False,ALL,3,35,616.1,174.2,2.0965,0.6571,17.603,1177.98,-561.88,25,370.0,174.2,1.8961,0.6,14.8,782.9,-412.9,10,246.1,103.22,2.6519,0.8,24.61,395.08,-148.98,True
M200R5_1352,40,0.7,20,1.1,1.0,0.75,6,False,True,ALL,3,35,616.1,174.2,2.0965,0.6571,17.603,1177.98,-561.88,25,370.0,174.2,1.8961,0.6,14.8,782.9,-412.9,10,246.1,103.22,2.6519,0.8,24.61,395.08,-148.98,True
M200R5_1370,40,0.7,20,1.1,1.0,0.75,12,False,False,ALL,3,35,616.1,174.2,2.0965,0.6571,17.603,1177.98,-561.88,25,370.0,174.2,1.8961,0.6,14.8,782.9,-412.9,10,246.1,103.22,2.6519,0.8,24.61,395.08,-148.98,True
M200R5_1376,40,0.7,20,1.1,1.0,0.75,12,False,True,ALL,3,35,616.1,174.2,2.0965,0.6571,17.603,1177.98,-561.88,25,370.0,174.2,1.8961,0.6,14.8,782.9,-412.9,10,246.1,103.22,2.6519,0.8,24.61,395.08,-148.98,True
M200R5_1033,40,0.7,12,1.1,1.25,1.0,12,False,False,ALL,1,34,667.84,177.34,1.9134,0.6765,19.642,1398.98,-731.14,25,478.0,177.34,1.8866,0.64,19.12,1017.16,-539.16,9,189.84,117.46,1.9889,0.7778,21.093,381.82,-191.98,True
M200R5_1156,40,0.7,20,0.8,1.0,0.75,6,False,False,PRE_RTH,3,19,437.94,150.24,2.3529,0.7368,23.049,761.64,-323.7,17,286.92,150.24,1.8864,0.7059,16.878,610.62,-323.7,2,151.02,0.0,999.0,1.0,75.51,151.02,0.0,False
M200R5_1162,40,0.7,20,0.8,1.0,0.75,6,False,True,PRE_RTH,3,19,437.94,150.24,2.3529,0.7368,23.049,761.64,-323.7,17,286.92,150.24,1.8864,0.7059,16.878,610.62,-323.7,2,151.02,0.0,999.0,1.0,75.51,151.02,0.0,False
M200R5_0729,40,0.4,20,1.1,1.5,1.5,6,False,True,PRE_RTH,1,17,688.92,139.24,2.4559,0.5882,40.525,1162.1,-473.18,16,418.16,139.24,1.8837,0.5625,26.135,891.34,-473.18,1,270.76,0.0,999.0,1.0,270.76,270.76,0.0,False
M200R5_0975,40,0.7,12,1.1,1.0,0.75,6,True,False,PRE_RTH,1,3,163.78,40.74,5.0201,0.6667,54.593,204.52,-40.74,2,35.52,40.74,1.8719,0.5,17.76,76.26,-40.74,1,128.26,0.0,999.0,1.0,128.26,128.26,0.0,False
M200R5_0976,40,0.7,12,1.1,1.0,0.75,6,True,False,PRE_RTH,3,3,163.78,40.74,5.0201,0.6667,54.593,204.52,-40.74,2,35.52,40.74,1.8719,0.5,17.76,76.26,-40.74,1,128.26,0.0,999.0,1.0,128.26,128.26,0.0,False
M200R5_0977,40,0.7,12,1.1,1.0,0.75,6,True,False,RTH,1,3,163.78,40.74,5.0201,0.6667,54.593,204.52,-40.74,2,35.52,40.74,1.8719,0.5,17.76,76.26,-40.74,1,128.26,0.0,999.0,1.0,128.26,128.26,0.0,False
M200R5_0978,40,0.7,12,1.1,1.0,0.75,6,True,False,RTH,3,3,163.78,40.74,5.0201,0.6667,54.593,204.52,-40.74,2,35.52,40.74,1.8719,0.5,17.76,76.26,-40.74,1,128.26,0.0,999.0,1.0,128.26,128.26,0.0,False
M200R5_0981,40,0.7,12,1.1,1.0,0.75,6,True,True,PRE_RTH,1,3,163.78,40.74,5.0201,0.6667,54.593,204.52,-40.74,2,35.52,40.74,1.8719,0.5,17.76,76.26,-40.74,1,128.26,0.0,999.0,1.0,128.26,128.26,0.0,False
M200R5_0982,40,0.7,12,1.1,1.0,0.75,6,True,True,PRE_RTH,3,3,163.78,40.74,5.0201,0.6667,54.593,204.52,-40.74,2,35.52,40.74,1.8719,0.5,17.76,76.26,-40.74,1,128.26,0.0,999.0,1.0,128.26,128.26,0.0,False
M200R5_0983,40,0.7,12,1.1,1.0,0.75,6,True,True,RTH,1,3,163.78,40.74,5.0201,0.6667,54.593,204.52,-40.74,2,35.52,40.74,1.8719,0.5,17.76,76.26,-40.74,1,128.26,0.0,999.0,1.0,128.26,128.26,0.0,False
M200R5_0984,40,0.7,12,1.1,1.0,0.75,6,True,True,RTH,3,3,163.78,40.74,5.0201,0.6667,54.593,204.52,-40.74,2,35.52,40.74,1.8719,0.5,17.76,76.26,-40.74,1,128.26,0.0,999.0,1.0,128.26,128.26,0.0,False
M200R5_0999,40,0.7,12,1.1,1.0,0.75,12,True,False,PRE_RTH,1,3,163.78,40.74,5.0201,0.6667,54.593,204.52,-40.74,2,35.52,40.74,1.8719,0.5,17.76,76.26,-40.74,1,128.26,0.0,999.0,1.0,128.26,128.26,0.0,False
M200R5_1000,40,0.7,12,1.1,1.0,0.75,12,True,False,PRE_RTH,3,3,163.78,40.74,5.0201,0.6667,54.593,204.52,-40.74,2,35.52,40.74,1.8719,0.5,17.76,76.26,-40.74,1,128.26,0.0,999.0,1.0,128.26,128.26,0.0,False
M200R5_1001,40,0.7,12,1.1,1.0,0.75,12,True,False,RTH,1,3,163.78,40.74,5.0201,0.6667,54.593,204.52,-40.74,2,35.52,40.74,1.8719,0.5,17.76,76.26,-40.74,1,128.26,0.0,999.0,1.0,128.26,128.26,0.0,False
M200R5_1002,40,0.7,12,1.1,1.0,0.75,12,True,False,RTH,3,3,163.78,40.74,5.0201,0.6667,54.593,204.52,-40.74,2,35.52,40.74,1.8719,0.5,17.76,76.26,-40.74,1,128.26,0.0,999.0,1.0,128.26,128.26,0.0,False
M200R5_1005,40,0.7,12,1.1,1.0,0.75,12,True,True,PRE_RTH,1,3,163.78,40.74,5.0201,0.6667,54.593,204.52,-40.74,2,35.52,40.74,1.8719,0.5,17.76,76.26,-40.74,1,128.26,0.0,999.0,1.0,128.26,128.26,0.0,False
M200R5_1006,40,0.7,12,1.1,1.0,0.75,12,True,True,PRE_RTH,3,3,163.78,40.74,5.0201,0.6667,54.593,204.52,-40.74,2,35.52,40.74,1.8719,0.5,17.76,76.26,-40.74,1,128.26,0.0,999.0,1.0,128.26,128.26,0.0,False
M200R5_1007,40,0.7,12,1.1,1.0,0.75,12,True,True,RTH,1,3,163.78,40.74,5.0201,0.6667,54.593,204.52,-40.74,2,35.52,40.74,1.8719,0.5,17.76,76.26,-40.74,1,128.26,0.0,999.0,1.0,128.26,128.26,0.0,False
M200R5_1008,40,0.7,12,1.1,1.0,0.75,12,True,True,RTH,3,3,163.78,40.74,5.0201,0.6667,54.593,204.52,-40.74,2,35.52,40.74,1.8719,0.5,17.76,76.26,-40.74,1,128.26,0.0,999.0,1.0,128.26,128.26,0.0,False
M200R5_1155,40,0.7,20,0.8,1.0,0.75,6,False,False,PRE_RTH,1,16,376.66,150.24,2.4489,0.75,23.541,636.62,-259.96,14,225.64,150.24,1.868,0.7143,16.117,485.6,-259.96,2,151.02,0.0,999.0,1.0,75.51,151.02,0.0,False
M200R5_1161,40,0.7,20,0.8,1.0,0.75,6,False,True,PRE_RTH,1,16,376.66,150.24,2.4489,0.75,23.541,636.62,-259.96,14,225.64,150.24,1.868,0.7143,16.117,485.6,-259.96,2,151.02,0.0,999.0,1.0,75.51,151.02,0.0,False
M200R5_0974,40,0.7,12,1.1,1.0,0.75,6,True,False,ALL,3,12,291.62,92.98,2.4194,0.6667,24.302,497.08,-205.46,7,110.32,92.98,1.8638,0.5714,15.76,238.04,-127.72,5,181.3,77.74,3.3321,0.8,36.26,259.04,-77.74,False
M200R5_0980,40,0.7,12,1.1,1.0,0.75,6,True,True,ALL,3,12,291.62,92.98,2.4194,0.6667,24.302,497.08,-205.46,7,110.32,92.98,1.8638,0.5714,15.76,238.04,-127.72,5,181.3,77.74,3.3321,0.8,36.26,259.04,-77.74,False
M200R5_0998,40,0.7,12,1.1,1.0,0.75,12,True,False,ALL,3,12,291.62,92.98,2.4194,0.6667,24.302,497.08,-205.46,7,110.32,92.98,1.8638,0.5714,15.76,238.04,-127.72,5,181.3,77.74,3.3321,0.8,36.26,259.04,-77.74,False
M200R5_1004,40,0.7,12,1.1,1.0,0.75,12,True,True,ALL,3,12,291.62,92.98,2.4194,0.6667,24.302,497.08,-205.46,7,110.32,92.98,1.8638,0.5714,15.76,238.04,-127.72,5,181.3,77.74,3.3321,0.8,36.26,259.04,-77.74,False
M200R5_0626,40,0.4,20,1.1,1.25,1.0,6,False,False,ALL,3,80,1418.3,208.2,1.9146,0.625,17.729,2969.0,-1550.7,62,1014.12,208.2,1.8533,0.5968,16.357,2202.62,-1188.5,18,404.18,168.48,2.1159,0.7222,22.454,766.38,-362.2,True
M200R5_0632,40,0.4,20,1.1,1.25,1.0,6,False,True,ALL,3,80,1418.3,208.2,1.9146,0.625,17.729,2969.0,-1550.7,62,1014.12,208.2,1.8533,0.5968,16.357,2202.62,-1188.5,18,404.18,168.48,2.1159,0.7222,22.454,766.38,-362.2,True
M200R5_0756,40,0.4,20,1.1,1.5,1.5,12,False,True,RTH,3,16,759.66,227.74,2.3253,0.6875,47.479,1332.86,-573.2,15,488.9,227.74,1.8529,0.6667,32.593,1062.1,-573.2,1,270.76,0.0,999.0,1.0,270.76,270.76,0.0,False
M200R5_1093,40,0.7,12,1.1,1.5,1.25,12,True,False,ALL,1,11,443.36,138.98,2.686,0.6364,40.305,706.32,-262.96,6,124.56,138.98,1.849,0.5,20.76,271.28,-146.72,5,318.8,116.24,3.7426,0.8,63.76,435.04,-116.24,False
M200R5_0652,40,0.4,20,1.1,1.25,1.0,12,False,False,PRE_RTH,3,21,713.96,262.74,2.1298,0.7143,33.998,1345.9,-631.94,20,533.7,262.74,1.8445,0.7,26.685,1165.64,-631.94,1,180.26,0.0,999.0,1.0,180.26,180.26,0.0,False
M200R5_0658,40,0.4,20,1.1,1.25,1.0,12,False,True,PRE_RTH,3,21,713.96,262.74,2.1298,0.7143,33.998,1345.9,-631.94,20,533.7,262.74,1.8445,0.7,26.685,1165.64,-631.94,1,180.26,0.0,999.0,1.0,180.26,180.26,0.0,False
M200R5_1311,40,0.7,20,0.8,1.5,1.5,6,True,False,PRE_RTH,1,5,362.3,123.98,3.9222,0.6,72.46,486.28,-123.98,4,104.54,123.98,1.8432,0.5,26.135,228.52,-123.98,1,257.76,0.0,999.0,1.0,257.76,257.76,0.0,False
M200R5_1312,40,0.7,20,0.8,1.5,1.5,6,True,False,PRE_RTH,3,5,362.3,123.98,3.9222,0.6,72.46,486.28,-123.98,4,104.54,123.98,1.8432,0.5,26.135,228.52,-123.98,1,257.76,0.0,999.0,1.0,257.76,257.76,0.0,False
M200R5_1317,40,0.7,20,0.8,1.5,1.5,6,True,True,PRE_RTH,1,5,362.3,123.98,3.9222,0.6,72.46,486.28,-123.98,4,104.54,123.98,1.8432,0.5,26.135,228.52,-123.98,1,257.76,0.0,999.0,1.0,257.76,257.76,0.0,False
M200R5_1318,40,0.7,20,0.8,1.5,1.5,6,True,True,PRE_RTH,3,5,362.3,123.98,3.9222,0.6,72.46,486.28,-123.98,4,104.54,123.98,1.8432,0.5,26.135,228.52,-123.98,1,257.76,0.0,999.0,1.0,257.76,257.76,0.0,False
M200R5_1335,40,0.7,20,0.8,1.5,1.5,12,True,False,PRE_RTH,1,5,362.3,123.98,3.9222,0.6,72.46,486.28,-123.98,4,104.54,123.98,1.8432,0.5,26.135,228.52,-123.98,1,257.76,0.0,999.0,1.0,257.76,257.76,0.0,False
M200R5_1336,40,0.7,20,0.8,1.5,1.5,12,True,False,PRE_RTH,3,5,362.3,123.98,3.9222,0.6,72.46,486.28,-123.98,4,104.54,123.98,1.8432,0.5,26.135,228.52,-123.98,1,257.76,0.0,999.0,1.0,257.76,257.76,0.0,False
M200R5_1341,40,0.7,20,0.8,1.5,1.5,12,True,True,PRE_RTH,1,5,362.3,123.98,3.9222,0.6,72.46,486.28,-123.98,4,104.54,123.98,1.8432,0.5,26.135,228.52,-123.98,1,257.76,0.0,999.0,1.0,257.76,257.76,0.0,False
M200R5_1342,40,0.7,20,0.8,1.5,1.5,12,True,True,PRE_RTH,3,5,362.3,123.98,3.9222,0.6,72.46,486.28,-123.98,4,104.54,123.98,1.8432,0.5,26.135,228.52,-123.98,1,257.76,0.0,999.0,1.0,257.76,257.76,0.0,False
M200R5_0961,40,0.7,12,1.1,1.0,0.75,6,False,False,ALL,1,34,836.34,98.96,3.2965,0.7941,24.598,1200.52,-364.18,25,707.0,67.72,4.3635,0.8,28.28,917.2,-210.2,9,129.34,98.96,1.84,0.7778,14.371,283.32,-153.98,True
M200R5_0967,40,0.7,12,1.1,1.0,0.75,6,False,True,ALL,1,34,836.34,98.96,3.2965,0.7941,24.598,1200.52,-364.18,25,707.0,67.72,4.3635,0.8,28.28,917.2,-210.2,9,129.34,98.96,1.84,0.7778,14.371,283.32,-153.98,True
M200R5_0985,40,0.7,12,1.1,1.0,0.75,12,False,False,ALL,1,34,836.34,98.96,3.2965,0.7941,24.598,1200.52,-364.18,25,707.0,67.72,4.3635,0.8,28.28,917.2,-210.2,9,129.34,98.96,1.84,0.7778,14.371,283.32,-153.98,True
M200R5_0991,40,0.7,12,1.1,1.0,0.75,12,False,True,ALL,1,34,836.34,98.96,3.2965,0.7941,24.598,1200.52,-364.18,25,707.0,67.72,4.3635,0.8,28.28,917.2,-210.2,9,129.34,98.96,1.84,0.7778,14.371,283.32,-153.98,True
M200R5_1157,40,0.7,20,0.8,1.0,0.75,6,False,False,RTH,1,13,332.88,150.24,2.5325,0.7692,25.606,550.1,-217.22,11,181.86,150.24,1.8372,0.7273,16.533,399.08,-217.22,2,151.02,0.0,999.0,1.0,75.51,151.02,0.0,False
M200R5_1163,40,0.7,20,0.8,1.0,0.75,6,False,True,RTH,1,13,332.88,150.24,2.5325,0.7692,25.606,550.1,-217.22,11,181.86,150.24,1.8372,0.7273,16.533,399.08,-217.22,2,151.02,0.0,999.0,1.0,75.51,151.02,0.0,False
M200R5_1299,40,0.7,20,0.8,1.5,1.5,6,False,False,PRE_RTH,1,16,630.16,150.24,2.6088,0.6875,39.385,1021.86,-391.7,14,325.64,150.24,1.8314,0.6429,23.26,717.34,-391.7,2,304.52,0.0,999.0,1.0,152.26,304.52,0.0,False
M200R5_1300,40,0.7,20,0.8,1.5,1.5,6,False,False,PRE_RTH,3,16,630.16,150.24,2.6088,0.6875,39.385,1021.86,-391.7,14,325.64,150.24,1.8314,0.6429,23.26,717.34,-391.7,2,304.52,0.0,999.0,1.0,152.26,304.52,0.0,False
M200R5_0321,40,0.4,12,1.1,1.5,1.25,12,False,True,PRE_RTH,1,23,603.48,227.74,1.9207,0.7391,26.238,1258.92,-655.44,20,482.2,227.74,1.8311,0.75,24.11,1062.4,-580.2,3,121.28,75.24,2.6119,0.6667,40.427,196.52,-75.24,False
M200R5_1039,40,0.7,12,1.1,1.25,1.0,12,False,True,ALL,1,34,631.84,213.34,1.8642,0.6765,18.584,1362.98,-731.14,25,442.0,213.34,1.8198,0.64,17.68,981.16,-539.16,9,189.84,117.46,1.9889,0.7778,21.093,381.82,-191.98,True
M200R5_1148,40,0.7,12,1.1,1.5,1.5,12,True,True,ALL,3,12,452.62,153.2,2.3383,0.5833,37.718,790.82,-338.2,7,181.82,153.2,1.8192,0.4286,25.974,403.78,-221.96,5,270.8,116.24,3.3297,0.8,54.16,387.04,-116.24,False
M200R5_1419,40,0.7,20,1.1,1.25,1.0,12,False,False,PRE_RTH,1,10,409.6,193.98,2.377,0.6,40.96,707.06,-297.46,9,238.34,193.98,1.8013,0.5556,26.482,535.8,-297.46,1,171.26,0.0,999.0,1.0,171.26,171.26,0.0,False
M200R5_1420,40,0.7,20,1.1,1.25,1.0,12,False,False,PRE_RTH,3,10,409.6,193.98,2.377,0.6,40.96,707.06,-297.46,9,238.34,193.98,1.8013,0.5556,26.482,535.8,-297.46,1,171.26,0.0,999.0,1.0,171.26,171.26,0.0,False
M200R5_1425,40,0.7,20,1.1,1.25,1.0,12,False,True,PRE_RTH,1,10,409.6,193.98,2.377,0.6,40.96,707.06,-297.46,9,238.34,193.98,1.8013,0.5556,26.482,535.8,-297.46,1,171.26,0.0,999.0,1.0,171.26,171.26,0.0,False
M200R5_1426,40,0.7,20,1.1,1.25,1.0,12,False,True,PRE_RTH,3,10,409.6,193.98,2.377,0.6,40.96,707.06,-297.46,9,238.34,193.98,1.8013,0.5556,26.482,535.8,-297.46,1,171.26,0.0,999.0,1.0,171.26,171.26,0.0,False
M200R5_0348,40,0.4,12,1.1,1.5,1.5,6,False,True,RTH,3,22,693.72,434.98,2.1021,0.7273,31.533,1323.16,-629.44,20,498.2,434.98,1.7915,0.7,24.91,1127.64,-629.44,2,195.52,0.0,999.0,1.0,97.76,195.52,0.0,False
M200R5_1142,40,0.7,12,1.1,1.5,1.5,12,True,False,ALL,3,12,584.12,157.7,2.7045,0.5833,48.677,926.82,-342.7,7,177.32,157.7,1.783,0.4286,25.331,403.78,-226.46,5,406.8,116.24,4.4997,0.8,81.36,523.04,-116.24,False
M200R5_1133,40,0.7,12,1.1,1.5,1.5,12,False,False,RTH,1,13,637.38,227.74,2.4989,0.7692,49.029,1062.6,-425.22,11,332.86,227.74,1.7828,0.7273,30.26,758.08,-425.22,2,304.52,0.0,999.0,1.0,152.26,304.52,0.0,False
M200R5_1134,40,0.7,12,1.1,1.5,1.5,12,False,False,RTH,3,13,637.38,227.74,2.4989,0.7692,49.029,1062.6,-425.22,11,332.86,227.74,1.7828,0.7273,30.26,758.08,-425.22,2,304.52,0.0,999.0,1.0,152.26,304.52,0.0,False
M200R5_0370,40,0.4,12,1.1,1.5,1.5,12,False,True,PRE_RTH,3,27,714.52,258.2,1.8512,0.7037,26.464,1553.94,-839.42,24,594.24,258.2,1.7776,0.7083,24.76,1358.42,-764.18,3,120.28,75.24,2.5986,0.6667,40.093,195.52,-75.24,False
M200R5_0316,40,0.4,12,1.1,1.5,1.25,12,False,False,PRE_RTH,3,27,790.02,227.74,1.9411,0.7037,29.26,1629.44,-839.42,24,589.74,227.74,1.7717,0.7083,24.573,1353.92,-764.18,3,200.28,75.24,3.6619,0.6667,66.76,275.52,-75.24,False
M200R5_1393,40,0.7,20,1.1,1.25,1.0,6,False,False,ALL,1,26,575.26,119.42,2.12,0.5769,22.125,1088.9,-513.64,20,308.2,119.42,1.7688,0.5,15.41,709.1,-400.9,6,267.06,112.74,3.3688,0.8333,44.51,379.8,-112.74,False
M200R5_1399,40,0.7,20,1.1,1.25,1.0,6,False,True,ALL,1,26,575.26,119.42,2.12,0.5769,22.125,1088.9,-513.64,20,308.2,119.42,1.7688,0.5,15.41,709.1,-400.9,6,267.06,112.74,3.3688,0.8333,44.51,379.8,-112.74,False
M200R5_0748,40,0.4,20,1.1,1.5,1.5,12,False,False,PRE_RTH,3,20,817.7,227.74,2.1168,0.65,40.885,1549.88,-732.18,19,546.94,227.74,1.747,0.6316,28.786,1279.12,-732.18,1,270.76,0.0,999.0,1.0,270.76,270.76,0.0,False
M200R5_0342,40,0.4,12,1.1,1.5,1.5,6,False,False,RTH,3,22,797.72,434.98,2.2673,0.7273,36.26,1427.16,-629.44,20,466.7,434.98,1.7415,0.7,23.335,1096.14,-629.44,2,331.02,0.0,999.0,1.0,165.51,331.02,0.0,False
M200R5_1305,40,0.7,20,0.8,1.5,1.5,6,False,True,PRE_RTH,1,16,593.16,150.24,2.5143,0.6875,37.072,984.86,-391.7,14,288.64,150.24,1.7369,0.6429,20.617,680.34,-391.7,2,304.52,0.0,999.0,1.0,152.26,304.52,0.0,False
M200R5_1306,40,0.7,20,0.8,1.5,1.5,6,False,True,PRE_RTH,3,16,593.16,150.24,2.5143,0.6875,37.072,984.86,-391.7,14,288.64,150.24,1.7369,0.6429,20.617,680.34,-391.7,2,304.52,0.0,999.0,1.0,152.26,304.52,0.0,False
M200R5_0580,40,0.4,20,1.1,1.0,0.75,6,False,False,PRE_RTH,3,23,537.98,210.74,1.9681,0.6957,23.39,1093.66,-555.68,22,403.22,210.74,1.7256,0.6818,18.328,958.9,-555.68,1,134.76,0.0,999.0,1.0,134.76,134.76,0.0,False
M200R5_0586,40,0.4,20,1.1,1.0,0.75,6,False,True,PRE_RTH,3,23,537.98,210.74,1.9681,0.6957,23.39,1093.66,-555.68,22,403.22,210.74,1.7256,0.6818,18.328,958.9,-555.68,1,134.76,0.0,999.0,1.0,134.76,134.76,0.0,False
M200R5_0604,40,0.4,20,1.1,1.0,0.75,12,False,False,PRE_RTH,3,23,537.98,210.74,1.9681,0.6957,23.39,1093.66,-555.68,22,403.22,210.74,1.7256,0.6818,18.328,958.9,-555.68,1,134.76,0.0,999.0,1.0,134.76,134.76,0.0,False
M200R5_0610,40,0.4,20,1.1,1.0,0.75,12,False,True,PRE_RTH,3,23,537.98,210.74,1.9681,0.6957,23.39,1093.66,-555.68,22,403.22,210.74,1.7256,0.6818,18.328,958.9,-555.68,1,134.76,0.0,999.0,1.0,134.76,134.76,0.0,False
M200R5_1394,40,0.7,20,1.1,1.25,1.0,6,False,False,ALL,3,33,623.58,191.98,1.9206,0.5758,18.896,1300.94,-677.36,24,346.24,136.2,1.7133,0.5,14.427,831.62,-485.38,9,277.34,191.98,2.4446,0.7778,30.816,469.32,-191.98,False
M200R5_1400,40,0.7,20,1.1,1.25,1.0,6,False,True,ALL,3,33,623.58,191.98,1.9206,0.5758,18.896,1300.94,-677.36,24,346.24,136.2,1.7133,0.5,14.427,831.62,-485.38,9,277.34,191.98,2.4446,0.7778,30.816,469.32,-191.98,False
M200R5_1059,40,0.7,12,1.1,1.5,1.25,6,False,False,PRE_RTH,1,16,518.66,139.24,2.375,0.6875,32.416,895.86,-377.2,14,265.14,139.24,1.7029,0.6429,18.939,642.34,-377.2,2,253.52,0.0,999.0,1.0,126.76,253.52,0.0,False
M200R5_1060,40,0.7,12,1.1,1.5,1.25,6,False,False,PRE_RTH,3,16,518.66,139.24,2.375,0.6875,32.416,895.86,-377.2,14,265.14,139.24,1.7029,0.6429,18.939,642.34,-377.2,2,253.52,0.0,999.0,1.0,126.76,253.52,0.0,False
M200R5_1065,40,0.7,12,1.1,1.5,1.25,6,False,True,PRE_RTH,1,16,518.66,139.24,2.375,0.6875,32.416,895.86,-377.2,14,265.14,139.24,1.7029,0.6429,18.939,642.34,-377.2,2,253.52,0.0,999.0,1.0,126.76,253.52,0.0,False
M200R5_1066,40,0.7,12,1.1,1.5,1.25,6,False,True,PRE_RTH,3,16,518.66,139.24,2.375,0.6875,32.416,895.86,-377.2,14,265.14,139.24,1.7029,0.6429,18.939,642.34,-377.2,2,253.52,0.0,999.0,1.0,126.76,253.52,0.0,False
M200R5_0675,40,0.4,20,1.1,1.5,1.25,6,False,False,PRE_RTH,1,17,553.92,139.24,2.1706,0.5882,32.584,1027.1,-473.18,16,328.66,139.24,1.6946,0.5625,20.541,801.84,-473.18,1,225.26,0.0,999.0,1.0,225.26,225.26,0.0,False
M200R5_0681,40,0.4,20,1.1,1.5,1.25,6,False,True,PRE_RTH,1,17,553.92,139.24,2.1706,0.5882,32.584,1027.1,-473.18,16,328.66,139.24,1.6946,0.5625,20.541,801.84,-473.18,1,225.26,0.0,999.0,1.0,225.26,225.26,0.0,False
M200R5_0268,40,0.4,12,1.1,1.25,1.0,12,False,False,PRE_RTH,3,28,692.78,294.2,1.8241,0.6786,24.742,1533.44,-840.66,25,536.0,294.2,1.6895,0.68,21.44,1313.42,-777.42,3,156.78,63.24,3.4791,0.6667,52.26,220.02,-63.24,False
M200R5_0754,40,0.4,20,1.1,1.5,1.5,12,False,True,PRE_RTH,3,20,772.7,227.74,2.0553,0.65,38.635,1504.88,-732.18,19,501.94,227.74,1.6855,0.6316,26.418,1234.12,-732.18,1,270.76,0.0,999.0,1.0,270.76,270.76,0.0,False
M200R5_1154,40,0.7,20,0.8,1.0,0.75,6,False,False,ALL,3,58,725.08,202.42,1.7383,0.6724,12.501,1707.14,-982.06,41,459.66,150.24,1.6751,0.6585,11.211,1140.52,-680.86,17,265.42,202.42,1.8812,0.7059,15.613,566.62,-301.2,True
M200R5_1070,40,0.7,12,1.1,1.5,1.25,6,True,False,ALL,3,12,375.12,138.98,2.2772,0.5833,31.26,668.82,-293.7,7,115.82,138.98,1.6725,0.5714,16.546,288.04,-172.22,5,259.3,121.48,3.1345,0.6,51.86,380.78,-121.48,False
M200R5_1076,40,0.7,12,1.1,1.5,1.25,6,True,True,ALL,3,12,346.12,138.98,2.1785,0.5833,28.843,639.82,-293.7,7,115.82,138.98,1.6725,0.5714,16.546,288.04,-172.22,5,230.3,121.48,2.8958,0.6,46.06,351.78,-121.48,False
M200R5_0546,40,0.4,20,0.8,1.5,1.5,6,True,False,RTH,3,13,471.88,308.74,1.7794,0.6923,36.298,1077.34,-605.46,11,327.36,308.74,1.6651,0.7273,29.76,819.58,-492.22,2,144.52,113.24,2.2762,0.5,72.26,257.76,-113.24,False
M200R5_0570,40,0.4,20,0.8,1.5,1.5,12,True,False,RTH,3,13,471.88,308.74,1.7794,0.6923,36.298,1077.34,-605.46,11,327.36,308.74,1.6651,0.7273,29.76,819.58,-492.22,2,144.52,113.24,2.2762,0.5,72.26,257.76,-113.24,False
M200R5_0749,40,0.4,20,1.1,1.5,1.5,12,False,False,RTH,1,15,647.9,227.74,2.1303,0.6667,43.193,1221.1,-573.2,14,377.14,227.74,1.658,0.6429,26.939,950.34,-573.2,1,270.76,0.0,999.0,1.0,270.76,270.76,0.0,False
M200R5_0722,40,0.4,20,1.1,1.5,1.5,6,False,False,ALL,3,79,1577.54,434.98,1.7444,0.5696,19.969,3696.7,-2119.16,62,1060.62,434.98,1.649,0.5484,17.107,2694.84,-1634.22,17,516.92,261.96,2.0659,0.6471,30.407,1001.86,-484.94,True
M200R5_0552,40,0.4,20,0.8,1.5,1.5,6,True,True,RTH,3,13,458.38,308.74,1.7571,0.6923,35.26,1063.84,-605.46,11,313.86,308.74,1.6376,0.7273,28.533,806.08,-492.22,2,144.52,113.24,2.2762,0.5,72.26,257.76,-113.24,False
M200R5_0576,40,0.4,20,0.8,1.5,1.5,12,True,True,RTH,3,13,458.38,308.74,1.7571,0.6923,35.26,1063.84,-605.46,11,313.86,308.74,1.6376,0.7273,28.533,806.08,-492.22,2,144.52,113.24,2.2762,0.5,72.26,257.76,-113.24,False
M200R5_1160,40,0.7,20,0.8,1.0,0.75,6,False,True,ALL,3,58,695.08,202.42,1.7072,0.6552,11.984,1677.88,-982.8,41,429.66,150.24,1.6304,0.6341,10.48,1111.26,-681.6,17,265.42,202.42,1.8812,0.7059,15.613,566.62,-301.2,True
M200R5_0294,40,0.4,12,1.1,1.5,1.25,6,False,False,RTH,3,22,669.22,434.98,2.0632,0.7273,30.419,1298.66,-629.44,20,393.7,434.98,1.6255,0.7,19.685,1023.14,-629.44,2,275.52,0.0,999.0,1.0,137.76,275.52,0.0,False
M200R5_0656,40,0.4,20,1.1,1.25,1.0,12,False,True,ALL,3,80,1207.8,262.74,1.6447,0.6375,15.097,3081.26,-1873.46,62,875.62,262.74,1.6178,0.6129,14.123,2292.88,-1417.26,18,332.18,230.18,1.7281,0.7222,18.454,788.38,-456.2,True
M200R5_0728,40,0.4,20,1.1,1.5,1.5,6,False,True,ALL,3,79,1482.04,434.98,1.6994,0.5696,18.76,3601.2,-2119.16,62,1008.62,434.98,1.6172,0.5484,16.268,2642.84,-1634.22,17,473.42,261.96,1.9762,0.6471,27.848,958.36,-484.94,True
M200R5_0274,40,0.4,12,1.1,1.25,1.0,12,False,True,PRE_RTH,3,28,634.28,294.2,1.7545,0.6786,22.653,1474.94,-840.66,25,477.5,294.2,1.6142,0.68,19.1,1254.92,-777.42,3,156.78,63.24,3.4791,0.6667,52.26,220.02,-63.24,False
M200R5_0752,40,0.4,20,1.1,1.5,1.5,12,False,True,ALL,3,78,1537.28,386.96,1.6797,0.5897,19.709,3798.96,-2261.68,61,1166.86,358.2,1.7064,0.5738,19.129,2818.6,-1651.74,17,370.42,386.96,1.6073,0.6471,21.789,980.36,-609.94,True
M200R5_0702,40,0.4,20,1.1,1.5,1.25,12,False,False,RTH,3,16,571.66,227.74,1.9973,0.6875,35.729,1144.86,-573.2,15,346.4,227.74,1.6043,0.6667,23.093,919.6,-573.2,1,225.26,0.0,999.0,1.0,225.26,225.26,0.0,False
M200R5_0708,40,0.4,20,1.1,1.5,1.25,12,False,True,RTH,3,16,571.66,227.74,1.9973,0.6875,35.729,1144.86,-573.2,15,346.4,227.74,1.6043,0.6667,23.093,919.6,-573.2,1,225.26,0.0,999.0,1.0,225.26,225.26,0.0,False
M200R5_1205,40,0.7,20,0.8,1.25,1.0,6,False,False,RTH,1,13,356.38,150.24,2.3896,0.6923,27.414,612.84,-256.46,11,154.36,150.24,1.6019,0.6364,14.033,410.82,-256.46,2,202.02,0.0,999.0,1.0,101.01,202.02,0.0,False
M200R5_1206,40,0.7,20,0.8,1.25,1.0,6,False,False,RTH,3,13,356.38,150.24,2.3896,0.6923,27.414,612.84,-256.46,11,154.36,150.24,1.6019,0.6364,14.033,410.82,-256.46,2,202.02,0.0,999.0,1.0,101.01,202.02,0.0,False
M200R5_1211,40,0.7,20,0.8,1.25,1.0,6,False,True,RTH,1,13,356.38,150.24,2.3896,0.6923,27.414,612.84,-256.46,11,154.36,150.24,1.6019,0.6364,14.033,410.82,-256.46,2,202.02,0.0,999.0,1.0,101.01,202.02,0.0,False
M200R5_1212,40,0.7,20,0.8,1.25,1.0,6,False,True,RTH,3,13,356.38,150.24,2.3896,0.6923,27.414,612.84,-256.46,11,154.36,150.24,1.6019,0.6364,14.033,410.82,-256.46,2,202.02,0.0,999.0,1.0,101.01,202.02,0.0,False
M200R5_1010,40,0.7,12,1.1,1.25,1.0,6,False,False,ALL,3,49,752.74,318.12,1.6819,0.6327,15.362,1856.56,-1103.82,36,468.86,318.12,1.5966,0.6111,13.024,1254.72,-785.86,13,283.88,243.44,1.8928,0.6923,21.837,601.84,-317.96,False
M200R5_1016,40,0.7,12,1.1,1.25,1.0,6,False,True,ALL,3,49,752.74,318.12,1.6819,0.6327,15.362,1856.56,-1103.82,36,468.86,318.12,1.5966,0.6111,13.024,1254.72,-785.86,13,283.88,243.44,1.8928,0.6923,21.837,601.84,-317.96,False
M200R5_0346,40,0.4,12,1.1,1.5,1.5,6,False,True,PRE_RTH,3,29,634.54,434.98,1.6624,0.6552,21.881,1592.44,-957.9,26,514.26,434.98,1.5826,0.6538,19.779,1396.92,-882.66,3,120.28,75.24,2.5986,0.6667,40.093,195.52,-75.24,False
M200R5_0650,40,0.4,20,1.1,1.25,1.0,12,False,False,ALL,3,80,1179.8,262.74,1.629,0.625,14.747,3055.5,-1875.7,62,825.62,262.74,1.5816,0.5968,13.316,2245.12,-1419.5,18,354.18,230.18,1.7764,0.7222,19.677,810.38,-456.2,True
M200R5_0300,40,0.4,12,1.1,1.5,1.25,6,False,True,RTH,3,22,562.22,434.98,1.8932,0.7273,25.555,1191.66,-629.44,20,365.7,434.98,1.581,0.7,18.285,995.14,-629.44,2,196.52,0.0,999.0,1.0,98.26,196.52,0.0,False
M200R5_0755,40,0.4,20,1.1,1.5,1.5,12,False,True,RTH,1,15,602.9,227.74,2.0518,0.6667,40.193,1176.1,-573.2,14,332.14,227.74,1.5794,0.6429,23.724,905.34,-573.2,1,270.76,0.0,999.0,1.0,270.76,270.76,0.0,False
M200R5_1139,40,0.7,12,1.1,1.5,1.5,12,False,True,RTH,1,13,535.38,227.74,2.2591,0.7692,41.183,960.6,-425.22,11,239.86,227.74,1.5641,0.7273,21.805,665.08,-425.22,2,295.52,0.0,999.0,1.0,147.76,295.52,0.0,False
M200R5_1140,40,0.7,12,1.1,1.5,1.5,12,False,True,RTH,3,13,535.38,227.74,2.2591,0.7692,41.183,960.6,-425.22,11,239.86,227.74,1.5641,0.7273,21.805,665.08,-425.22,2,295.52,0.0,999.0,1.0,147.76,295.52,0.0,False
M200R5_0322,40,0.4,12,1.1,1.5,1.25,12,False,True,PRE_RTH,3,27,550.02,258.7,1.6552,0.7037,20.371,1389.44,-839.42,24,428.74,258.7,1.561,0.7083,17.864,1192.92,-764.18,3,121.28,75.24,2.6119,0.6667,40.427,196.52,-75.24,False
M200R5_1034,40,0.7,12,1.1,1.25,1.0,12,False,False,ALL,3,49,772.74,243.44,1.6465,0.6327,15.77,1968.06,-1195.32,36,488.86,239.16,1.5572,0.6111,13.579,1366.22,-877.36,13,283.88,243.44,1.8928,0.6923,21.837,601.84,-317.96,False
M200R5_0340,40,0.4,12,1.1,1.5,1.5,6,False,False,PRE_RTH,3,29,738.54,434.98,1.771,0.6552,25.467,1696.44,-957.9,26,482.76,434.98,1.5469,0.6538,18.568,1365.42,-882.66,3,255.78,75.24,4.3995,0.6667,85.26,331.02,-75.24,False
M200R5_1251,40,0.7,20,0.8,1.5,1.25,6,False,False,PRE_RTH,1,16,465.66,150.24,2.1888,0.6875,29.104,857.36,-391.7,14,212.14,150.24,1.5416,0.6429,15.153,603.84,-391.7,2,253.52,0.0,999.0,1.0,126.76,253.52,0.0,False
M200R5_1252,40,0.7,20,0.8,1.5,1.25,6,False,False,PRE_RTH,3,16,465.66,150.24,2.1888,0.6875,29.104,857.36,-391.7,14,212.14,150.24,1.5416,0.6429,15.153,603.84,-391.7,2,253.52,0.0,999.0,1.0,126.76,253.52,0.0,False
M200R5_0704,40,0.4,20,1.1,1.5,1.25,12,False,True,ALL,3,78,1228.78,272.46,1.5721,0.6154,15.754,3376.48,-2147.7,61,863.86,268.2,1.5394,0.5902,14.162,2465.36,-1601.5,17,364.92,272.46,1.6681,0.7059,21.466,911.12,-546.2,True
M200R5_0721,40,0.4,20,1.1,1.5,1.5,6,False,False,ALL,1,44,943.94,177.96,1.8903,0.5455,21.453,2004.24,-1060.3,33,748.58,162.18,2.0773,0.5152,22.684,1443.42,-694.84,11,195.36,177.96,1.5346,0.6364,17.76,560.82,-365.46,False
M200R5_1263,40,0.7,20,0.8,1.5,1.25,6,True,False,PRE_RTH,1,5,280.8,123.98,3.2649,0.6,56.16,404.78,-123.98,4,66.04,123.98,1.5327,0.5,16.51,190.02,-123.98,1,214.76,0.0,999.0,1.0,214.76,214.76,0.0,False
M200R5_1264,40,0.7,20,0.8,1.5,1.25,6,True,False,PRE_RTH,3,5,280.8,123.98,3.2649,0.6,56.16,404.78,-123.98,4,66.04,123.98,1.5327,0.5,16.51,190.02,-123.98,1,214.76,0.0,999.0,1.0,214.76,214.76,0.0,False
M200R5_1269,40,0.7,20,0.8,1.5,1.25,6,True,True,PRE_RTH,1,5,280.8,123.98,3.2649,0.6,56.16,404.78,-123.98,4,66.04,123.98,1.5327,0.5,16.51,190.02,-123.98,1,214.76,0.0,999.0,1.0,214.76,214.76,0.0,False
M200R5_1270,40,0.7,20,0.8,1.5,1.25,6,True,True,PRE_RTH,3,5,280.8,123.98,3.2649,0.6,56.16,404.78,-123.98,4,66.04,123.98,1.5327,0.5,16.51,190.02,-123.98,1,214.76,0.0,999.0,1.0,214.76,214.76,0.0,False
M200R5_1287,40,0.7,20,0.8,1.5,1.25,12,True,False,PRE_RTH,1,5,280.8,123.98,3.2649,0.6,56.16,404.78,-123.98,4,66.04,123.98,1.5327,0.5,16.51,190.02,-123.98,1,214.76,0.0,999.0,1.0,214.76,214.76,0.0,False
M200R5_1288,40,0.7,20,0.8,1.5,1.25,12,True,False,PRE_RTH,3,5,280.8,123.98,3.2649,0.6,56.16,404.78,-123.98,4,66.04,123.98,1.5327,0.5,16.51,190.02,-123.98,1,214.76,0.0,999.0,1.0,214.76,214.76,0.0,False
M200R5_1293,40,0.7,20,0.8,1.5,1.25,12,True,True,PRE_RTH,1,5,280.8,123.98,3.2649,0.6,56.16,404.78,-123.98,4,66.04,123.98,1.5327,0.5,16.51,190.02,-123.98,1,214.76,0.0,999.0,1.0,214.76,214.76,0.0,False
M200R5_1294,40,0.7,20,0.8,1.5,1.25,12,True,True,PRE_RTH,3,5,280.8,123.98,3.2649,0.6,56.16,404.78,-123.98,4,66.04,123.98,1.5327,0.5,16.51,190.02,-123.98,1,214.76,0.0,999.0,1.0,214.76,214.76,0.0,False
M200R5_1040,40,0.7,12,1.1,1.25,1.0,12,False,True,ALL,3,49,736.74,243.44,1.6164,0.6327,15.036,1932.06,-1195.32,36,452.86,242.62,1.5162,0.6111,12.579,1330.22,-877.36,13,283.88,243.44,1.8928,0.6923,21.837,601.84,-317.96,False
M200R5_1182,40,0.7,20,0.8,1.0,0.75,12,False,False,RTH,3,15,328.9,279.24,1.95,0.8,21.927,675.12,-346.22,13,177.88,279.24,1.5138,0.7692,13.683,524.1,-346.22,2,151.02,0.0,999.0,1.0,75.51,151.02,0.0,False
M200R5_1188,40,0.7,20,0.8,1.0,0.75,12,False,True,RTH,3,15,328.9,279.24,1.95,0.8,21.927,675.12,-346.22,13,177.88,279.24,1.5138,0.7692,13.683,524.1,-346.22,2,151.02,0.0,999.0,1.0,75.51,151.02,0.0,False
M200R5_1257,40,0.7,20,0.8,1.5,1.25,6,False,True,PRE_RTH,1,16,449.66,150.24,2.148,0.6875,28.104,841.36,-391.7,14,196.14,150.24,1.5007,0.6429,14.01,587.84,-391.7,2,253.52,0.0,999.0,1.0,126.76,253.52,0.0,False
M200R5_1258,40,0.7,20,0.8,1.5,1.25,6,False,True,PRE_RTH,3,16,449.66,150.24,2.148,0.6875,28.104,841.36,-391.7,14,196.14,150.24,1.5007,0.6429,14.01,587.84,-391.7,2,253.52,0.0,999.0,1.0,126.76,253.52,0.0,False
M200R5_1490,40,0.7,20,1.1,1.5,1.5,6,False,False,ALL,3,32,705.32,292.44,1.8451,0.5938,22.041,1539.94,-834.62,24,300.24,292.44,1.4961,0.5417,12.51,905.38,-605.14,8,405.08,229.48,2.7652,0.75,50.635,634.56,-229.48,True
M200R5_1022,40,0.7,12,1.1,1.25,1.0,6,True,False,ALL,3,12,329.12,115.98,2.2858,0.6667,27.427,585.08,-255.96,7,78.82,115.98,1.495,0.5714,11.26,238.04,-159.22,5,250.3,96.74,3.5873,0.8,50.06,347.04,-96.74,False
M200R5_1028,40,0.7,12,1.1,1.25,1.0,6,True,True,ALL,3,12,322.12,115.98,2.2585,0.6667,26.843,578.08,-255.96,7,78.82,115.98,1.495,0.5714,11.26,238.04,-159.22,5,243.3,96.74,3.515,0.8,48.66,340.04,-96.74,False
M200R5_0746,40,0.4,20,1.1,1.5,1.5,12,False,False,ALL,3,78,1429.28,386.96,1.6091,0.5513,18.324,3775.68,-2346.4,61,1113.86,358.2,1.6551,0.541,18.26,2814.08,-1700.22,17,315.42,386.96,1.4881,0.5882,18.554,961.6,-646.18,True
M200R5_1423,40,0.7,20,1.1,1.25,1.0,12,False,True,ALL,1,26,503.76,210.92,1.8349,0.6154,19.375,1107.16,-603.4,20,236.7,210.92,1.4824,0.55,11.835,727.36,-490.66,6,267.06,112.74,3.3688,0.8333,44.51,379.8,-112.74,False
M200R5_1153,40,0.7,20,0.8,1.0,0.75,6,False,False,ALL,1,37,389.62,176.96,1.6355,0.7027,10.53,1002.76,-613.14,27,293.52,150.24,1.71,0.7037,10.871,706.94,-413.42,10,96.1,176.96,1.4812,0.7,9.61,295.82,-199.72,True
M200R5_1159,40,0.7,20,0.8,1.0,0.75,6,False,True,ALL,1,37,389.62,176.96,1.6355,0.7027,10.53,1002.76,-613.14,27,293.52,150.24,1.71,0.7037,10.871,706.94,-413.42,10,96.1,176.96,1.4812,0.7,9.61,295.82,-199.72,True
M200R5_1085,40,0.7,12,1.1,1.5,1.25,12,False,False,RTH,1,13,457.88,227.74,2.0768,0.7692,35.222,883.1,-425.22,11,204.36,227.74,1.4806,0.7273,18.578,629.58,-425.22,2,253.52,0.0,999.0,1.0,126.76,253.52,0.0,False
M200R5_1086,40,0.7,12,1.1,1.5,1.25,12,False,False,RTH,3,13,457.88,227.74,2.0768,0.7692,35.222,883.1,-425.22,11,204.36,227.74,1.4806,0.7273,18.578,629.58,-425.22,2,253.52,0.0,999.0,1.0,126.76,253.52,0.0,False
M200R5_1424,40,0.7,20,1.1,1.25,1.0,12,False,True,ALL,3,33,552.08,191.98,1.7197,0.6061,16.73,1319.2,-767.12,24,274.74,188.92,1.4777,0.5417,11.447,849.88,-575.14,9,277.34,191.98,2.4446,0.7778,30.816,469.32,-191.98,False
M200R5_0674,40,0.4,20,1.1,1.5,1.25,6,False,False,ALL,3,79,1231.04,434.98,1.603,0.5949,15.583,3272.72,-2041.68,62,763.12,434.98,1.4709,0.5645,12.308,2383.6,-1620.48,17,467.92,190.48,2.1109,0.7059,27.525,889.12,-421.2,True
M200R5_0680,40,0.4,20,1.1,1.5,1.25,6,False,True,ALL,3,79,1226.54,434.98,1.6008,0.5949,15.526,3268.22,-2041.68,62,758.62,434.98,1.4681,0.5645,12.236,2379.1,-1620.48,17,467.92,190.48,2.1109,0.7059,27.525,889.12,-421.2,True
M200R5_1215,40,0.7,20,0.8,1.25,1.0,6,True,False,PRE_RTH,1,5,219.3,103.48,3.1193,0.6,43.86,322.78,-103.48,4,48.04,103.48,1.4642,0.5,12.01,151.52,-103.48,1,171.26,0.0,999.0,1.0,171.26,171.26,0.0,False
M200R5_1216,40,0.7,20,0.8,1.25,1.0,6,True,False,PRE_RTH,3,5,219.3,103.48,3.1193,0.6,43.86,322.78,-103.48,4,48.04,103.48,1.4642,0.5,12.01,151.52,-103.48,1,171.26,0.0,999.0,1.0,171.26,171.26,0.0,False
M200R5_1221,40,0.7,20,0.8,1.25,1.0,6,True,True,PRE_RTH,1,5,219.3,103.48,3.1193,0.6,43.86,322.78,-103.48,4,48.04,103.48,1.4642,0.5,12.01,151.52,-103.48,1,171.26,0.0,999.0,1.0,171.26,171.26,0.0,False
M200R5_1222,40,0.7,20,0.8,1.25,1.0,6,True,True,PRE_RTH,3,5,219.3,103.48,3.1193,0.6,43.86,322.78,-103.48,4,48.04,103.48,1.4642,0.5,12.01,151.52,-103.48,1,171.26,0.0,999.0,1.0,171.26,171.26,0.0,False
M200R5_1239,40,0.7,20,0.8,1.25,1.0,12,True,False,PRE_RTH,1,5,219.3,103.48,3.1193,0.6,43.86,322.78,-103.48,4,48.04,103.48,1.4642,0.5,12.01,151.52,-103.48,1,171.26,0.0,999.0,1.0,171.26,171.26,0.0,False
M200R5_1240,40,0.7,20,0.8,1.25,1.0,12,True,False,PRE_RTH,3,5,219.3,103.48,3.1193,0.6,43.86,322.78,-103.48,4,48.04,103.48,1.4642,0.5,12.01,151.52,-103.48,1,171.26,0.0,999.0,1.0,171.26,171.26,0.0,False
M200R5_1245,40,0.7,20,0.8,1.25,1.0,12,True,True,PRE_RTH,1,5,219.3,103.48,3.1193,0.6,43.86,322.78,-103.48,4,48.04,103.48,1.4642,0.5,12.01,151.52,-103.48,1,171.26,0.0,999.0,1.0,171.26,171.26,0.0,False
M200R5_1246,40,0.7,20,0.8,1.25,1.0,12,True,True,PRE_RTH,3,5,219.3,103.48,3.1193,0.6,43.86,322.78,-103.48,4,48.04,103.48,1.4642,0.5,12.01,151.52,-103.48,1,171.26,0.0,999.0,1.0,171.26,171.26,0.0,False
M200R5_0726,40,0.4,20,1.1,1.5,1.5,6,False,False,RTH,3,18,608.18,434.98,1.8335,0.6111,33.788,1337.86,-729.68,17,337.42,434.98,1.4624,0.5882,19.848,1067.1,-729.68,1,270.76,0.0,999.0,1.0,270.76,270.76,0.0,False
M200R5_0698,40,0.4,20,1.1,1.5,1.25,12,False,False,ALL,3,78,1063.78,272.46,1.4765,0.5769,13.638,3296.2,-2232.42,61,797.36,268.2,1.4833,0.5574,13.071,2447.34,-1649.98,17,266.42,272.46,1.4574,0.6471,15.672,848.86,-582.44,True
M200R5_0533,40,0.4,20,0.8,1.5,1.5,6,False,False,RTH,1,26,472.76,217.74,1.5001,0.6154,18.183,1418.16,-945.4,20,322.7,202.46,1.5252,0.6,16.135,937.12,-614.42,6,150.06,217.74,1.4534,0.6667,25.01,481.04,-330.98,False
M200R5_0700,40,0.4,20,1.1,1.5,1.25,12,False,False,PRE_RTH,3,20,555.7,227.74,1.759,0.65,27.785,1287.88,-732.18,19,330.44,227.74,1.4513,0.6316,17.392,1062.62,-732.18,1,225.26,0.0,999.0,1.0,225.26,225.26,0.0,False
M200R5_0706,40,0.4,20,1.1,1.5,1.25,12,False,True,PRE_RTH,3,20,555.7,227.74,1.759,0.65,27.785,1287.88,-732.18,19,330.44,227.74,1.4513,0.6316,17.392,1062.62,-732.18,1,225.26,0.0,999.0,1.0,225.26,225.26,0.0,False
M200R5_1131,40,0.7,12,1.1,1.5,1.5,12,False,False,PRE_RTH,1,16,566.16,228.48,1.9758,0.6875,35.385,1146.36,-580.2,14,261.64,228.48,1.4509,0.6429,18.689,841.84,-580.2,2,304.52,0.0,999.0,1.0,152.26,304.52,0.0,False
M200R5_1132,40,0.7,12,1.1,1.5,1.5,12,False,False,PRE_RTH,3,16,566.16,228.48,1.9758,0.6875,35.385,1146.36,-580.2,14,261.64,228.48,1.4509,0.6429,18.689,841.84,-580.2,2,304.52,0.0,999.0,1.0,152.26,304.52,0.0,False
M200R5_1418,40,0.7,20,1.1,1.25,1.0,12,False,False,ALL,3,33,531.58,191.98,1.6909,0.5758,16.108,1300.94,-769.36,24,254.24,188.92,1.4403,0.5,10.593,831.62,-577.38,9,277.34,191.98,2.4446,0.7778,30.816,469.32,-191.98,False
M200R5_1496,40,0.7,20,1.1,1.5,1.5,6,False,True,ALL,3,32,655.32,292.44,1.7852,0.5938,20.479,1489.94,-834.62,24,266.24,292.44,1.44,0.5417,11.093,871.38,-605.14,8,389.08,229.48,2.6955,0.75,48.635,618.56,-229.48,True
M200R5_1417,40,0.7,20,1.1,1.25,1.0,12,False,False,ALL,1,26,483.26,210.92,1.7979,0.5769,18.587,1088.9,-605.64,20,216.2,210.92,1.4386,0.5,10.81,709.1,-492.9,6,267.06,112.74,3.3688,0.8333,44.51,379.8,-112.74,False
M200R5_1489,40,0.7,20,1.1,1.5,1.5,6,False,False,ALL,1,26,652.76,232.2,2.0225,0.6154,25.106,1291.16,-638.4,20,214.7,232.2,1.4263,0.55,10.735,718.36,-503.66,6,438.06,134.74,4.2512,0.8333,73.01,572.8,-134.74,False
M200R5_0727,40,0.4,20,1.1,1.5,1.5,6,False,True,ALL,1,44,855.94,196.44,1.8073,0.5455,19.453,1916.24,-1060.3,33,704.08,162.18,2.0133,0.5152,21.336,1398.92,-694.84,11,151.86,196.44,1.4155,0.6364,13.805,517.32,-365.46,False
M200R5_0292,40,0.4,12,1.1,1.5,1.25,6,False,False,PRE_RTH,3,29,564.54,434.98,1.5894,0.6552,19.467,1522.44,-957.9,26,364.26,434.98,1.4127,0.6538,14.01,1246.92,-882.66,3,200.28,75.24,3.6619,0.6667,66.76,275.52,-75.24,False
M200R5_1178,40,0.7,20,0.8,1.0,0.75,12,False,False,ALL,3,58,596.08,279.24,1.5365,0.6724,10.277,1707.14,-1111.06,41,330.66,279.24,1.4083,0.6585,8.065,1140.52,-809.86,17,265.42,202.42,1.8812,0.7059,15.613,566.62,-301.2,True
M200R5_0732,40,0.4,20,1.1,1.5,1.5,6,False,True,RTH,3,18,563.18,434.98,1.7718,0.6111,31.288,1292.86,-729.68,17,292.42,434.98,1.4008,0.5882,17.201,1022.1,-729.68,1,270.76,0.0,999.0,1.0,270.76,270.76,0.0,False
M200R5_0724,40,0.4,20,1.1,1.5,1.5,6,False,False,PRE_RTH,3,22,621.22,434.98,1.6991,0.5909,28.237,1509.88,-888.66,21,350.46,434.98,1.3944,0.5714,16.689,1239.12,-888.66,1,270.76,0.0,999.0,1.0,270.76,270.76,0.0,False
M200R5_1493,40,0.7,20,1.1,1.5,1.5,6,False,False,RTH,1,7,345.32,199.48,2.554,0.5714,49.331,567.54,-222.22,6,87.56,199.48,1.394,0.5,14.593,309.78,-222.22,1,257.76,0.0,999.0,1.0,257.76,257.76,0.0,False
M200R5_1494,40,0.7,20,1.1,1.5,1.5,6,False,False,RTH,3,7,345.32,199.48,2.554,0.5714,49.331,567.54,-222.22,6,87.56,199.48,1.394,0.5,14.593,309.78,-222.22,1,257.76,0.0,999.0,1.0,257.76,257.76,0.0,False
M200R5_0498,40,0.4,20,0.8,1.5,1.25,6,True,False,RTH,3,13,290.38,308.74,1.4796,0.6923,22.337,895.84,-605.46,11,188.86,308.74,1.3837,0.7273,17.169,681.08,-492.22,2,101.52,113.24,1.8965,0.5,50.76,214.76,-113.24,False
M200R5_0522,40,0.4,20,0.8,1.5,1.25,12,True,False,RTH,3,13,290.38,308.74,1.4796,0.6923,22.337,895.84,-605.46,11,188.86,308.74,1.3837,0.7273,17.169,681.08,-492.22,2,101.52,113.24,1.8965,0.5,50.76,214.76,-113.24,False
M200R5_0298,40,0.4,12,1.1,1.5,1.25,6,False,True,PRE_RTH,3,29,457.54,434.98,1.4776,0.6552,15.777,1415.44,-957.9,26,336.26,434.98,1.381,0.6538,12.933,1218.92,-882.66,3,121.28,75.24,2.6119,0.6667,40.427,196.52,-75.24,False
M200R5_1303,40,0.7,20,0.8,1.5,1.5,6,False,True,ALL,1,37,527.12,211.64,1.5892,0.6486,14.246,1421.74,-894.62,27,252.02,211.64,1.3789,0.5926,9.334,917.16,-665.14,10,275.1,148.46,2.1988,0.8,27.51,504.58,-229.48,True
M200R5_0701,40,0.4,20,1.1,1.5,1.25,12,False,False,RTH,1,15,441.4,227.74,1.7701,0.6667,29.427,1014.6,-573.2,14,216.14,227.74,1.3771,0.6429,15.439,789.34,-573.2,1,225.26,0.0,999.0,1.0,225.26,225.26,0.0,False
M200R5_0707,40,0.4,20,1.1,1.5,1.25,12,False,True,RTH,1,15,441.4,227.74,1.7701,0.6667,29.427,1014.6,-573.2,14,216.14,227.74,1.3771,0.6429,15.439,789.34,-573.2,1,225.26,0.0,999.0,1.0,225.26,225.26,0.0,False
M200R5_1184,40,0.7,20,0.8,1.0,0.75,12,False,True,ALL,3,58,566.08,295.36,1.5092,0.6552,9.76,1677.88,-1111.8,41,300.66,279.24,1.3709,0.6341,7.333,1111.26,-810.6,17,265.42,202.42,1.8812,0.7059,15.613,566.62,-301.2,True
M200R5_0504,40,0.4,20,0.8,1.5,1.25,6,True,True,RTH,3,13,283.88,308.74,1.4689,0.6923,21.837,889.34,-605.46,11,182.36,308.74,1.3705,0.7273,16.578,674.58,-492.22,2,101.52,113.24,1.8965,0.5,50.76,214.76,-113.24,False
M200R5_0528,40,0.4,20,0.8,1.5,1.25,12,True,True,RTH,3,13,283.88,308.74,1.4689,0.6923,21.837,889.34,-605.46,11,182.36,308.74,1.3705,0.7273,16.578,674.58,-492.22,2,101.52,113.24,1.8965,0.5,50.76,214.76,-113.24,False
M200R5_1495,40,0.7,20,1.1,1.5,1.5,6,False,True,ALL,1,26,602.76,232.2,1.9442,0.6154,23.183,1241.16,-638.4,20,180.7,232.2,1.3588,0.55,9.035,684.36,-503.66,6,422.06,134.74,4.1324,0.8333,70.343,556.8,-134.74,False
M200R5_1045,40,0.7,12,1.1,1.25,1.0,12,True,False,ALL,1,11,307.36,115.98,2.2008,0.6364,27.942,563.32,-255.96,6,57.06,115.98,1.3584,0.5,9.51,216.28,-159.22,5,250.3,96.74,3.5873,0.8,50.06,347.04,-96.74,False
M200R5_1051,40,0.7,12,1.1,1.25,1.0,12,True,True,ALL,1,11,300.36,115.98,2.1735,0.6364,27.305,556.32,-255.96,6,57.06,115.98,1.3584,0.5,9.51,216.28,-159.22,5,243.3,96.74,3.515,0.8,48.66,340.04,-96.74,False
M200R5_1167,40,0.7,20,0.8,1.0,0.75,6,True,False,PRE_RTH,1,5,157.8,83.48,2.8903,0.6,31.56,241.28,-83.48,4,29.54,83.48,1.3539,0.5,7.385,113.02,-83.48,1,128.26,0.0,999.0,1.0,128.26,128.26,0.0,False
M200R5_1168,40,0.7,20,0.8,1.0,0.75,6,True,False,PRE_RTH,3,5,157.8,83.48,2.8903,0.6,31.56,241.28,-83.48,4,29.54,83.48,1.3539,0.5,7.385,113.02,-83.48,1,128.26,0.0,999.0,1.0,128.26,128.26,0.0,False
M200R5_1173,40,0.7,20,0.8,1.0,0.75,6,True,True,PRE_RTH,1,5,157.8,83.48,2.8903,0.6,31.56,241.28,-83.48,4,29.54,83.48,1.3539,0.5,7.385,113.02,-83.48,1,128.26,0.0,999.0,1.0,128.26,128.26,0.0,False
M200R5_1174,40,0.7,20,0.8,1.0,0.75,6,True,True,PRE_RTH,3,5,157.8,83.48,2.8903,0.6,31.56,241.28,-83.48,4,29.54,83.48,1.3539,0.5,7.385,113.02,-83.48,1,128.26,0.0,999.0,1.0,128.26,128.26,0.0,False
M200R5_1191,40,0.7,20,0.8,1.0,0.75,12,True,False,PRE_RTH,1,5,157.8,83.48,2.8903,0.6,31.56,241.28,-83.48,4,29.54,83.48,1.3539,0.5,7.385,113.02,-83.48,1,128.26,0.0,999.0,1.0,128.26,128.26,0.0,False
M200R5_1192,40,0.7,20,0.8,1.0,0.75,12,True,False,PRE_RTH,3,5,157.8,83.48,2.8903,0.6,31.56,241.28,-83.48,4,29.54,83.48,1.3539,0.5,7.385,113.02,-83.48,1,128.26,0.0,999.0,1.0,128.26,128.26,0.0,False
M200R5_1197,40,0.7,20,0.8,1.0,0.75,12,True,True,PRE_RTH,1,5,157.8,83.48,2.8903,0.6,31.56,241.28,-83.48,4,29.54,83.48,1.3539,0.5,7.385,113.02,-83.48,1,128.26,0.0,999.0,1.0,128.26,128.26,0.0,False
M200R5_1198,40,0.7,20,0.8,1.0,0.75,12,True,True,PRE_RTH,3,5,157.8,83.48,2.8903,0.6,31.56,241.28,-83.48,4,29.54,83.48,1.3539,0.5,7.385,113.02,-83.48,1,128.26,0.0,999.0,1.0,128.26,128.26,0.0,False
M200R5_0545,40,0.4,20,0.8,1.5,1.5,6,True,False,RTH,1,12,318.12,308.74,1.5254,0.6667,26.51,923.58,-605.46,10,173.6,308.74,1.3527,0.7,17.36,665.82,-492.22,2,144.52,113.24,2.2762,0.5,72.26,257.76,-113.24,False
M200R5_0569,40,0.4,20,0.8,1.5,1.5,12,True,False,RTH,1,12,318.12,308.74,1.5254,0.6667,26.51,923.58,-605.46,10,173.6,308.74,1.3527,0.7,17.36,665.82,-492.22,2,144.52,113.24,2.2762,0.5,72.26,257.76,-113.24,False
M200R5_1180,40,0.7,20,0.8,1.0,0.75,12,False,False,PRE_RTH,3,19,308.94,279.24,1.6824,0.7368,16.26,761.64,-452.7,17,157.92,279.24,1.3488,0.7059,9.289,610.62,-452.7,2,151.02,0.0,999.0,1.0,75.51,151.02,0.0,False
M200R5_1186,40,0.7,20,0.8,1.0,0.75,12,False,True,PRE_RTH,3,19,308.94,279.24,1.6824,0.7368,16.26,761.64,-452.7,17,157.92,279.24,1.3488,0.7059,9.289,610.62,-452.7,2,151.02,0.0,999.0,1.0,75.51,151.02,0.0,False
M200R5_0544,40,0.4,20,0.8,1.5,1.5,6,True,False,PRE_RTH,3,15,356.4,308.74,1.4944,0.6,23.76,1077.34,-720.94,13,211.88,308.74,1.3487,0.6154,16.298,819.58,-607.7,2,144.52,113.24,2.2762,0.5,72.26,257.76,-113.24,False
M200R5_0568,40,0.4,20,0.8,1.5,1.5,12,True,False,PRE_RTH,3,15,356.4,308.74,1.4944,0.6,23.76,1077.34,-720.94,13,211.88,308.74,1.3487,0.6154,16.298,819.58,-607.7,2,144.52,113.24,2.2762,0.5,72.26,257.76,-113.24,False
M200R5_1091,40,0.7,12,1.1,1.5,1.25,12,False,True,RTH,1,13,400.88,227.74,1.9428,0.7692,30.837,826.1,-425.22,11,147.36,227.74,1.3466,0.7273,13.396,572.58,-425.22,2,253.52,0.0,999.0,1.0,126.76,253.52,0.0,False
M200R5_1092,40,0.7,12,1.1,1.5,1.25,12,False,True,RTH,3,13,400.88,227.74,1.9428,0.7692,30.837,826.1,-425.22,11,147.36,227.74,1.3466,0.7273,13.396,572.58,-425.22,2,253.52,0.0,999.0,1.0,126.76,253.52,0.0,False
M200R5_0730,40,0.4,20,1.1,1.5,1.5,6,False,True,PRE_RTH,3,22,576.22,434.98,1.6484,0.5909,26.192,1464.88,-888.66,21,305.46,434.98,1.3437,0.5714,14.546,1194.12,-888.66,1,270.76,0.0,999.0,1.0,270.76,270.76,0.0,False
M200R5_1112,40,0.7,12,1.1,1.5,1.5,6,False,True,ALL,3,48,734.48,346.12,1.524,0.6042,15.302,2136.04,-1401.56,36,356.86,346.12,1.3357,0.5833,9.913,1419.96,-1063.1,12,377.62,234.94,2.1157,0.6667,31.468,716.08,-338.46,True
M200R5_0550,40,0.4,20,0.8,1.5,1.5,6,True,True,PRE_RTH,3,15,342.9,308.74,1.4756,0.6,22.86,1063.84,-720.94,13,198.38,308.74,1.3264,0.6154,15.26,806.08,-607.7,2,144.52,113.24,2.2762,0.5,72.26,257.76,-113.24,False
M200R5_0574,40,0.4,20,0.8,1.5,1.5,12,True,True,PRE_RTH,3,15,342.9,308.74,1.4756,0.6,22.86,1063.84,-720.94,13,198.38,308.74,1.3264,0.6154,15.26,806.08,-607.7,2,144.52,113.24,2.2762,0.5,72.26,257.76,-113.24,False
M200R5_0551,40,0.4,20,0.8,1.5,1.5,6,True,True,RTH,1,12,304.62,308.74,1.5031,0.6667,25.385,910.08,-605.46,10,160.1,308.74,1.3253,0.7,16.01,652.32,-492.22,2,144.52,113.24,2.2762,0.5,72.26,257.76,-113.24,False
M200R5_0575,40,0.4,20,0.8,1.5,1.5,12,True,True,RTH,1,12,304.62,308.74,1.5031,0.6667,25.385,910.08,-605.46,10,160.1,308.74,1.3253,0.7,16.01,652.32,-492.22,2,144.52,113.24,2.2762,0.5,72.26,257.76,-113.24,False
M200R5_0450,40,0.4,20,0.8,1.25,1.0,6,True,False,RTH,3,13,209.38,257.24,1.4142,0.6923,16.106,714.84,-505.46,11,132.86,257.24,1.3235,0.7273,12.078,543.58,-410.72,2,76.52,94.74,1.8077,0.5,38.26,171.26,-94.74,False
M200R5_0456,40,0.4,20,0.8,1.25,1.0,6,True,True,RTH,3,13,209.38,257.24,1.4142,0.6923,16.106,714.84,-505.46,11,132.86,257.24,1.3235,0.7273,12.078,543.58,-410.72,2,76.52,94.74,1.8077,0.5,38.26,171.26,-94.74,False
M200R5_0474,40,0.4,20,0.8,1.25,1.0,12,True,False,RTH,3,13,209.38,257.24,1.4142,0.6923,16.106,714.84,-505.46,11,132.86,257.24,1.3235,0.7273,12.078,543.58,-410.72,2,76.52,94.74,1.8077,0.5,38.26,171.26,-94.74,False
M200R5_0480,40,0.4,20,0.8,1.25,1.0,12,True,True,RTH,3,13,209.38,257.24,1.4142,0.6923,16.106,714.84,-505.46,11,132.86,257.24,1.3235,0.7273,12.078,543.58,-410.72,2,76.52,94.74,1.8077,0.5,38.26,171.26,-94.74,False
M200R5_0942,40,0.7,12,0.8,1.5,1.5,12,False,False,RTH,3,20,943.2,443.74,2.178,0.75,47.16,1743.9,-800.7,16,258.66,443.74,1.323,0.6875,16.166,1059.36,-800.7,4,684.54,0.0,999.0,1.0,171.135,684.54,0.0,False
M200R5_0747,40,0.4,20,1.1,1.5,1.5,12,False,False,PRE_RTH,1,17,503.92,227.74,1.6882,0.5882,29.642,1236.1,-732.18,16,233.16,227.74,1.3184,0.5625,14.572,965.34,-732.18,1,270.76,0.0,999.0,1.0,270.76,270.76,0.0,False
M200R5_0918,40,0.7,12,0.8,1.5,1.5,6,False,False,RTH,3,20,615.2,224.46,2.0145,0.6,30.76,1221.62,-606.42,16,182.16,224.46,1.3112,0.625,11.385,767.6,-585.44,4,433.04,14.24,21.6406,0.5,108.26,454.02,-20.98,False
M200R5_1177,40,0.7,20,0.8,1.0,0.75,12,False,False,ALL,1,37,260.62,299.42,1.3512,0.7027,7.044,1002.76,-742.14,27,164.52,279.24,1.3033,0.7037,6.093,706.94,-542.42,10,96.1,176.96,1.4812,0.7,9.61,295.82,-199.72,False
M200R5_1183,40,0.7,20,0.8,1.0,0.75,12,False,True,ALL,1,37,260.62,299.42,1.3512,0.7027,7.044,1002.76,-742.14,27,164.52,279.24,1.3033,0.7037,6.093,706.94,-542.42,10,96.1,176.96,1.4812,0.7,9.61,295.82,-199.72,False
M200R5_1298,40,0.7,20,0.8,1.5,1.5,6,False,False,ALL,3,51,851.26,271.38,1.5831,0.6078,16.691,2311.06,-1459.8,37,323.12,271.38,1.3013,0.5676,8.733,1395.46,-1072.34,14,528.14,229.48,2.3631,0.7143,37.724,915.6,-387.46,True
M200R5_1137,40,0.7,12,1.1,1.5,1.5,12,False,True,PRE_RTH,1,16,464.16,228.48,1.8,0.6875,29.01,1044.36,-580.2,14,168.64,228.48,1.2907,0.6429,12.046,748.84,-580.2,2,295.52,0.0,999.0,1.0,147.76,295.52,0.0,False
M200R5_1138,40,0.7,12,1.1,1.5,1.5,12,False,True,PRE_RTH,3,16,464.16,228.48,1.8,0.6875,29.01,1044.36,-580.2,14,168.64,228.48,1.2907,0.6429,12.046,748.84,-580.2,2,295.52,0.0,999.0,1.0,147.76,295.52,0.0,False
M200R5_0924,40,0.7,12,0.8,1.5,1.5,6,False,True,RTH,3,20,677.7,224.46,2.1576,0.7,33.885,1263.14,-585.44,16,161.66,224.46,1.2761,0.625,10.104,747.1,-585.44,4,516.04,0.0,999.0,1.0,129.01,516.04,0.0,False
M200R5_0673,40,0.4,20,1.1,1.5,1.25,6,False,False,ALL,1,44,606.44,206.94,1.572,0.5455,13.783,1666.74,-1060.3,33,506.58,169.18,1.7291,0.5152,15.351,1201.42,-694.84,11,99.86,206.94,1.2732,0.6364,9.078,465.32,-365.46,False
M200R5_0679,40,0.4,20,1.1,1.5,1.25,6,False,True,ALL,1,44,601.94,206.94,1.5677,0.5455,13.68,1662.24,-1060.3,33,502.08,169.18,1.7226,0.5152,15.215,1196.92,-694.84,11,99.86,206.94,1.2732,0.6364,9.078,465.32,-365.46,False
M200R5_0753,40,0.4,20,1.1,1.5,1.5,12,False,True,PRE_RTH,1,17,469.92,227.74,1.6418,0.5882,27.642,1202.1,-732.18,16,199.16,227.74,1.272,0.5625,12.447,931.34,-732.18,1,270.76,0.0,999.0,1.0,270.76,270.76,0.0,False
M200R5_0939,40,0.7,12,0.8,1.5,1.5,12,False,False,PRE_RTH,1,23,932.98,443.74,2.0134,0.6957,40.564,1853.66,-920.68,19,248.44,443.74,1.2698,0.6316,13.076,1169.12,-920.68,4,684.54,0.0,999.0,1.0,171.135,684.54,0.0,False
M200R5_0973,40,0.7,12,1.1,1.0,0.75,6,True,False,ALL,1,11,215.36,92.98,2.0482,0.6364,19.578,420.82,-205.46,6,34.06,92.98,1.2667,0.5,5.677,161.78,-127.72,5,181.3,77.74,3.3321,0.8,36.26,259.04,-77.74,False
M200R5_0979,40,0.7,12,1.1,1.0,0.75,6,True,True,ALL,1,11,215.36,92.98,2.0482,0.6364,19.578,420.82,-205.46,6,34.06,92.98,1.2667,0.5,5.677,161.78,-127.72,5,181.3,77.74,3.3321,0.8,36.26,259.04,-77.74,False
M200R5_0997,40,0.7,12,1.1,1.0,0.75,12,True,False,ALL,1,11,215.36,92.98,2.0482,0.6364,19.578,420.82,-205.46,6,34.06,92.98,1.2667,0.5,5.677,161.78,-127.72,5,181.3,77.74,3.3321,0.8,36.26,259.04,-77.74,False
M200R5_1003,40,0.7,12,1.1,1.0,0.75,12,True,True,ALL,1,11,215.36,92.98,2.0482,0.6364,19.578,420.82,-205.46,6,34.06,92.98,1.2667,0.5,5.677,161.78,-127.72,5,181.3,77.74,3.3321,0.8,36.26,259.04,-77.74,False
M200R5_0846,40,0.7,12,0.8,1.25,1.0,12,False,False,RTH,3,21,628.96,370.24,1.9413,0.7619,29.95,1297.16,-668.2,17,174.92,370.24,1.2618,0.7059,10.289,843.12,-668.2,4,454.04,0.0,999.0,1.0,113.51,454.04,0.0,False
M200R5_0557,40,0.4,20,0.8,1.5,1.5,12,False,False,RTH,1,26,412.26,417.74,1.3091,0.6538,15.856,1745.92,-1333.66,20,262.2,417.74,1.2615,0.65,13.11,1264.88,-1002.68,6,150.06,217.74,1.4534,0.6667,25.01,481.04,-330.98,False
M200R5_0745,40,0.4,20,1.1,1.5,1.5,12,False,False,ALL,1,44,842.44,257.46,1.7264,0.5455,19.146,2002.24,-1159.8,33,726.58,157.22,2.0164,0.5152,22.018,1441.42,-714.84,11,115.86,257.46,1.2604,0.6364,10.533,560.82,-444.96,False
M200R5_0678,40,0.4,20,1.1,1.5,1.25,6,False,False,RTH,3,18,415.18,434.98,1.569,0.6111,23.066,1144.86,-729.68,17,189.92,434.98,1.2603,0.5882,11.172,919.6,-729.68,1,225.26,0.0,999.0,1.0,225.26,225.26,0.0,False
M200R5_0684,40,0.4,20,1.1,1.5,1.25,6,False,True,RTH,3,18,415.18,434.98,1.569,0.6111,23.066,1144.86,-729.68,17,189.92,434.98,1.2603,0.5882,11.172,919.6,-729.68,1,225.26,0.0,999.0,1.0,225.26,225.26,0.0,False
M200R5_1304,40,0.7,20,0.8,1.5,1.5,6,False,True,ALL,3,52,685.02,284.0,1.4677,0.5962,13.173,2149.56,-1464.54,38,272.88,271.38,1.2534,0.5526,7.181,1349.96,-1077.08,14,412.14,269.18,2.0637,0.7143,29.439,799.6,-387.46,True
M200R5_0123,40,0.4,12,0.8,1.5,1.25,12,False,False,PRE_RTH,1,39,1023.64,443.74,1.7872,0.6923,26.247,2324.02,-1300.38,31,308.06,443.74,1.2514,0.6452,9.937,1533.2,-1225.14,8,715.58,75.24,10.5106,0.875,89.447,790.82,-75.24,True
M200R5_1179,40,0.7,20,0.8,1.0,0.75,12,False,False,PRE_RTH,1,16,247.66,279.24,1.6367,0.75,15.479,636.62,-388.96,14,96.64,279.24,1.2485,0.7143,6.903,485.6,-388.96,2,151.02,0.0,999.0,1.0,75.51,151.02,0.0,False
M200R5_1185,40,0.7,20,0.8,1.0,0.75,12,False,True,PRE_RTH,1,16,247.66,279.24,1.6367,0.75,15.479,636.62,-388.96,14,96.64,279.24,1.2485,0.7143,6.903,485.6,-388.96,2,151.02,0.0,999.0,1.0,75.51,151.02,0.0,False
M200R5_1136,40,0.7,12,1.1,1.5,1.5,12,False,True,ALL,3,48,642.98,322.76,1.3936,0.6042,13.395,2276.54,-1633.56,36,304.36,302.6,1.2429,0.5833,8.454,1557.46,-1253.1,12,338.62,276.94,1.89,0.6667,28.218,719.08,-380.46,True
M200R5_1442,40,0.7,20,1.1,1.5,1.25,6,False,False,ALL,3,32,444.32,299.94,1.5324,0.5938,13.885,1278.94,-834.62,24,146.24,299.94,1.2417,0.5417,6.093,751.38,-605.14,8,298.08,229.48,2.2989,0.75,37.26,527.56,-229.48,True
M200R5_1448,40,0.7,20,1.1,1.5,1.25,6,False,True,ALL,3,32,444.32,299.94,1.5324,0.5938,13.885,1278.94,-834.62,24,146.24,299.94,1.2417,0.5417,6.093,751.38,-605.14,8,298.08,229.48,2.2989,0.75,37.26,527.56,-229.48,True
M200R5_1499,40,0.7,20,1.1,1.5,1.5,6,False,True,RTH,1,7,311.32,199.48,2.401,0.5714,44.474,533.54,-222.22,6,53.56,199.48,1.241,0.5,8.927,275.78,-222.22,1,257.76,0.0,999.0,1.0,257.76,257.76,0.0,False
M200R5_1500,40,0.7,20,1.1,1.5,1.5,6,False,True,RTH,3,7,311.32,199.48,2.401,0.5714,44.474,533.54,-222.22,6,53.56,199.48,1.241,0.5,8.927,275.78,-222.22,1,257.76,0.0,999.0,1.0,257.76,257.76,0.0,False
M200R5_0387,40,0.4,20,0.8,1.0,0.75,6,False,False,PRE_RTH,1,30,320.8,253.66,1.4472,0.6667,10.693,1038.2,-717.4,23,268.48,253.66,1.5414,0.6522,11.673,764.4,-495.92,7,52.32,145.74,1.2362,0.7143,7.474,273.8,-221.48,False
M200R5_0393,40,0.4,20,0.8,1.0,0.75,6,False,True,PRE_RTH,1,30,320.8,253.66,1.4472,0.6667,10.693,1038.2,-717.4,23,268.48,253.66,1.5414,0.6522,11.673,764.4,-495.92,7,52.32,145.74,1.2362,0.7143,7.474,273.8,-221.48,False
M200R5_1106,40,0.7,12,1.1,1.5,1.5,6,False,False,ALL,3,47,688.72,346.12,1.4777,0.5745,14.654,2130.52,-1441.8,35,257.6,346.12,1.2335,0.5429,7.36,1360.94,-1103.34,12,431.12,225.94,2.2738,0.6667,35.927,769.58,-338.46,False
M200R5_0362,40,0.4,12,1.1,1.5,1.5,12,False,False,ALL,3,91,1245.66,590.16,1.4122,0.5495,13.689,4268.0,-3022.34,69,1030.94,374.8,1.4941,0.5507,14.941,3117.38,-2086.44,22,214.72,590.16,1.2294,0.5455,9.76,1150.62,-935.9,True
M200R5_0941,40,0.7,12,0.8,1.5,1.5,12,False,False,RTH,1,19,865.94,443.74,2.0815,0.7368,45.576,1666.64,-800.7,15,181.4,443.74,1.2266,0.6667,12.093,982.1,-800.7,4,684.54,0.0,999.0,1.0,171.135,684.54,0.0,False
M200R5_1130,40,0.7,12,1.1,1.5,1.5,12,False,False,ALL,3,47,742.22,299.14,1.4448,0.5745,15.792,2411.02,-1668.8,35,288.6,299.14,1.224,0.5429,8.246,1576.94,-1288.34,12,453.62,267.94,2.1923,0.6667,37.802,834.08,-380.46,True
M200R5_0411,40,0.4,20,0.8,1.0,0.75,12,False,False,PRE_RTH,1,30,191.8,382.66,1.2266,0.6667,6.393,1038.2,-846.4,23,139.48,382.66,1.2232,0.6522,6.064,764.4,-624.92,7,52.32,145.74,1.2362,0.7143,7.474,273.8,-221.48,False
M200R5_0417,40,0.4,20,0.8,1.0,0.75,12,False,True,PRE_RTH,1,30,191.8,382.66,1.2266,0.6667,6.393,1038.2,-846.4,23,139.48,382.66,1.2232,0.6522,6.064,764.4,-624.92,7,52.32,145.74,1.2362,0.7143,7.474,273.8,-221.48,False
M200R5_0915,40,0.7,12,0.8,1.5,1.5,6,False,False,PRE_RTH,1,23,588.98,181.98,1.8108,0.5652,25.608,1315.38,-726.4,19,155.94,181.98,1.2211,0.5789,8.207,861.36,-705.42,4,433.04,14.24,21.6406,0.5,108.26,454.02,-20.98,False
M200R5_0558,40,0.4,20,0.8,1.5,1.5,12,False,False,RTH,3,29,405.54,417.74,1.2709,0.6207,13.984,1902.68,-1497.14,23,255.48,417.74,1.2191,0.6087,11.108,1421.64,-1166.16,6,150.06,217.74,1.4534,0.6667,25.01,481.04,-330.98,False
M200R5_0314,40,0.4,12,1.1,1.5,1.25,12,False,False,ALL,3,91,708.66,494.66,1.2393,0.5604,7.787,3669.76,-2961.1,69,519.44,445.02,1.2487,0.5507,7.528,2608.38,-2088.94,22,189.22,494.66,1.217,0.5909,8.601,1061.38,-872.16,True
M200R5_0625,40,0.4,20,1.1,1.25,1.0,6,False,False,ALL,1,44,328.44,179.94,1.3322,0.5455,7.465,1317.24,-988.8,33,263.58,155.64,1.3863,0.5152,7.987,945.92,-682.34,11,64.86,179.94,1.2116,0.6364,5.896,371.32,-306.46,False
M200R5_0631,40,0.4,20,1.1,1.25,1.0,6,False,True,ALL,1,44,328.44,179.94,1.3322,0.5455,7.465,1317.24,-988.8,33,263.58,155.64,1.3863,0.5152,7.987,945.92,-682.34,11,64.86,179.94,1.2116,0.6364,5.896,371.32,-306.46,False
M200R5_0485,40,0.4,20,0.8,1.5,1.25,6,False,False,RTH,1,26,345.76,217.74,1.3657,0.6154,13.298,1291.16,-945.4,20,276.7,202.46,1.4503,0.6,13.835,891.12,-614.42,6,69.06,217.74,1.2087,0.6667,11.51,400.04,-330.98,False
M200R5_1083,40,0.7,12,1.1,1.5,1.25,12,False,False,PRE_RTH,1,16,372.66,228.48,1.6423,0.6875,23.291,952.86,-580.2,14,119.14,228.48,1.2053,0.6429,8.51,699.34,-580.2,2,253.52,0.0,999.0,1.0,126.76,253.52,0.0,False
M200R5_1084,40,0.7,12,1.1,1.5,1.25,12,False,False,PRE_RTH,3,16,372.66,228.48,1.6423,0.6875,23.291,952.86,-580.2,14,119.14,228.48,1.2053,0.6429,8.51,699.34,-580.2,2,253.52,0.0,999.0,1.0,126.76,253.52,0.0,False
M200R5_1255,40,0.7,20,0.8,1.5,1.25,6,False,True,ALL,1,37,431.12,238.14,1.4819,0.6486,11.652,1325.74,-894.62,27,132.52,238.14,1.1992,0.5926,4.908,797.66,-665.14,10,298.6,156.46,2.3012,0.8,29.86,528.08,-229.48,True
M200R5_0940,40,0.7,12,0.8,1.5,1.5,12,False,False,PRE_RTH,3,25,891.0,443.74,1.8568,0.68,35.64,1930.92,-1039.92,21,206.46,443.74,1.1985,0.619,9.831,1246.38,-1039.92,4,684.54,0.0,999.0,1.0,171.135,684.54,0.0,False
M200R5_1203,40,0.7,20,0.8,1.25,1.0,6,False,False,PRE_RTH,1,16,279.16,150.24,1.7177,0.625,17.447,668.1,-388.94,14,77.14,150.24,1.1983,0.5714,5.51,466.08,-388.94,2,202.02,0.0,999.0,1.0,101.01,202.02,0.0,False
M200R5_1204,40,0.7,20,0.8,1.25,1.0,6,False,False,PRE_RTH,3,16,279.16,150.24,1.7177,0.625,17.447,668.1,-388.94,14,77.14,150.24,1.1983,0.5714,5.51,466.08,-388.94,2,202.02,0.0,999.0,1.0,101.01,202.02,0.0,False
M200R5_1209,40,0.7,20,0.8,1.25,1.0,6,False,True,PRE_RTH,1,16,279.16,150.24,1.7177,0.625,17.447,668.1,-388.94,14,77.14,150.24,1.1983,0.5714,5.51,466.08,-388.94,2,202.02,0.0,999.0,1.0,101.01,202.02,0.0,False
M200R5_1210,40,0.7,20,0.8,1.25,1.0,6,False,True,PRE_RTH,3,16,279.16,150.24,1.7177,0.625,17.447,668.1,-388.94,14,77.14,150.24,1.1983,0.5714,5.51,466.08,-388.94,2,202.02,0.0,999.0,1.0,101.01,202.02,0.0,False
M200R5_0676,40,0.4,20,1.1,1.5,1.25,6,False,False,PRE_RTH,3,22,399.22,434.98,1.4492,0.5909,18.146,1287.88,-888.66,21,173.96,434.98,1.1958,0.5714,8.284,1062.62,-888.66,1,225.26,0.0,999.0,1.0,225.26,225.26,0.0,False
M200R5_0682,40,0.4,20,1.1,1.5,1.25,6,False,True,PRE_RTH,3,22,399.22,434.98,1.4492,0.5909,18.146,1287.88,-888.66,21,173.96,434.98,1.1958,0.5714,8.284,1062.62,-888.66,1,225.26,0.0,999.0,1.0,225.26,225.26,0.0,False
M200R5_0531,40,0.4,20,0.8,1.5,1.5,6,False,False,PRE_RTH,1,30,410.3,266.2,1.3647,0.5667,13.677,1535.42,-1125.12,23,335.48,266.2,1.4667,0.5652,14.586,1054.38,-718.9,7,74.82,217.74,1.1842,0.5714,10.689,481.04,-406.22,True
M200R5_0556,40,0.4,20,0.8,1.5,1.5,12,False,False,PRE_RTH,3,37,443.12,417.74,1.2489,0.5946,11.976,2223.72,-1780.6,30,368.3,417.74,1.268,0.6,12.277,1742.68,-1374.38,7,74.82,217.74,1.1842,0.5714,10.689,481.04,-406.22,True
M200R5_1441,40,0.7,20,1.1,1.5,1.25,6,False,False,ALL,1,26,434.26,239.7,1.6802,0.6154,16.702,1072.66,-638.4,20,92.7,239.7,1.1841,0.55,4.635,596.36,-503.66,6,341.56,134.74,3.535,0.8333,56.927,476.3,-134.74,False
M200R5_1447,40,0.7,20,1.1,1.5,1.25,6,False,True,ALL,1,26,434.26,239.7,1.6802,0.6154,16.702,1072.66,-638.4,20,92.7,239.7,1.1841,0.55,4.635,596.36,-503.66,6,341.56,134.74,3.535,0.8333,56.927,476.3,-134.74,False
M200R5_0553,40,0.4,20,0.8,1.5,1.5,12,False,False,ALL,1,53,319.28,529.9,1.1889,0.5283,6.024,2009.78,-1690.5,37,179.62,529.9,1.1814,0.4865,4.855,1169.68,-990.06,16,139.66,481.44,1.1994,0.625,8.729,840.1,-700.44,False
M200R5_0917,40,0.7,12,0.8,1.5,1.5,6,False,False,RTH,1,19,537.94,224.46,1.8871,0.5789,28.313,1144.36,-606.42,15,104.9,224.46,1.1792,0.6,6.993,690.34,-585.44,4,433.04,14.24,21.6406,0.5,108.26,454.02,-20.98,False
M200R5_1297,40,0.7,20,0.8,1.5,1.5,6,False,False,ALL,1,37,505.62,211.64,1.5176,0.6216,13.665,1482.48,-976.86,27,133.02,211.64,1.178,0.5556,4.927,880.4,-747.38,10,372.6,134.74,2.6237,0.8,37.26,602.08,-229.48,True
M200R5_0555,40,0.4,20,0.8,1.5,1.5,12,False,False,PRE_RTH,1,30,264.8,485.16,1.175,0.6,8.827,1778.18,-1513.38,23,189.98,485.16,1.1716,0.6087,8.26,1297.14,-1107.16,7,74.82,217.74,1.1842,0.5714,10.689,481.04,-406.22,True
M200R5_0751,40,0.4,20,1.1,1.5,1.5,12,False,True,ALL,1,44,804.44,275.94,1.6949,0.5682,18.283,1962.0,-1157.56,33,732.08,157.22,2.0273,0.5455,22.184,1444.68,-712.6,11,72.36,275.94,1.1626,0.6364,6.578,517.32,-444.96,False
M200R5_1445,40,0.7,20,1.1,1.5,1.25,6,False,False,RTH,1,7,249.82,199.48,2.1242,0.5714,35.689,472.04,-222.22,6,35.06,199.48,1.1578,0.5,5.843,257.28,-222.22,1,214.76,0.0,999.0,1.0,214.76,214.76,0.0,False
M200R5_1446,40,0.7,20,1.1,1.5,1.25,6,False,False,RTH,3,7,249.82,199.48,2.1242,0.5714,35.689,472.04,-222.22,6,35.06,199.48,1.1578,0.5,5.843,257.28,-222.22,1,214.76,0.0,999.0,1.0,214.76,214.76,0.0,False
M200R5_1451,40,0.7,20,1.1,1.5,1.25,6,False,True,RTH,1,7,249.82,199.48,2.1242,0.5714,35.689,472.04,-222.22,6,35.06,199.48,1.1578,0.5,5.843,257.28,-222.22,1,214.76,0.0,999.0,1.0,214.76,214.76,0.0,False
M200R5_1452,40,0.7,20,1.1,1.5,1.25,6,False,True,RTH,3,7,249.82,199.48,2.1242,0.5714,35.689,472.04,-222.22,6,35.06,199.48,1.1578,0.5,5.843,257.28,-222.22,1,214.76,0.0,999.0,1.0,214.76,214.76,0.0,False
M200R5_1325,40,0.7,20,0.8,1.5,1.5,12,False,False,RTH,1,13,401.38,417.74,1.6524,0.7692,30.875,1016.6,-615.22,11,96.86,417.74,1.1574,0.7273,8.805,712.08,-615.22,2,304.52,0.0,999.0,1.0,152.26,304.52,0.0,False
M200R5_1326,40,0.7,20,0.8,1.5,1.5,12,False,False,RTH,3,13,401.38,417.74,1.6524,0.7692,30.875,1016.6,-615.22,11,96.86,417.74,1.1574,0.7273,8.805,712.08,-615.22,2,304.52,0.0,999.0,1.0,152.26,304.52,0.0,False
M200R5_0921,40,0.7,12,0.8,1.5,1.5,6,False,True,PRE_RTH,1,23,626.48,181.98,1.8881,0.6522,27.238,1331.9,-705.42,19,110.44,181.98,1.1566,0.5789,5.813,815.86,-705.42,4,516.04,0.0,999.0,1.0,129.01,516.04,0.0,False
M200R5_0437,40,0.4,20,0.8,1.25,1.0,6,False,False,RTH,1,26,199.26,192.18,1.2319,0.6154,7.664,1058.66,-859.4,20,156.2,192.18,1.268,0.6,7.81,739.12,-582.92,6,43.06,181.74,1.1557,0.6667,7.177,319.54,-276.48,False
M200R5_0443,40,0.4,20,0.8,1.25,1.0,6,False,True,RTH,1,26,199.26,192.18,1.2319,0.6154,7.664,1058.66,-859.4,20,156.2,192.18,1.268,0.6,7.81,739.12,-582.92,6,43.06,181.74,1.1557,0.6667,7.177,319.54,-276.48,False
M200R5_0852,40,0.7,12,0.8,1.25,1.0,12,False,True,RTH,3,21,548.96,370.24,1.8216,0.7619,26.141,1217.16,-668.2,17,103.92,370.24,1.1555,0.7059,6.113,772.12,-668.2,4,445.04,0.0,999.0,1.0,111.26,445.04,0.0,False
M200R5_1181,40,0.7,20,0.8,1.0,0.75,12,False,False,RTH,1,13,203.88,279.24,1.5889,0.7692,15.683,550.1,-346.22,11,52.86,279.24,1.1527,0.7273,4.805,399.08,-346.22,2,151.02,0.0,999.0,1.0,75.51,151.02,0.0,False
M200R5_1187,40,0.7,20,0.8,1.0,0.75,12,False,True,RTH,1,13,203.88,279.24,1.5889,0.7692,15.683,550.1,-346.22,11,52.86,279.24,1.1527,0.7273,4.805,399.08,-346.22,2,151.02,0.0,999.0,1.0,75.51,151.02,0.0,False
M200R5_1111,40,0.7,12,1.1,1.5,1.5,6,False,True,ALL,1,34,335.84,197.14,1.3582,0.6176,9.878,1273.46,-937.62,25,107.0,197.14,1.1511,0.56,4.28,815.14,-708.14,9,228.84,134.74,1.9972,0.7778,25.427,458.32,-229.48,True
M200R5_0923,40,0.7,12,0.8,1.5,1.5,6,False,True,RTH,1,19,600.44,224.46,2.0256,0.6842,31.602,1185.88,-585.44,15,84.4,224.46,1.1442,0.6,5.627,669.84,-585.44,4,516.04,0.0,999.0,1.0,129.01,516.04,0.0,False
M200R5_0161,40,0.4,12,0.8,1.5,1.5,6,True,False,RTH,1,14,513.14,260.7,2.0028,0.6429,36.653,1024.84,-511.7,12,72.12,260.7,1.1409,0.5833,6.01,583.82,-511.7,2,441.02,0.0,999.0,1.0,220.51,441.02,0.0,False
M200R5_0338,40,0.4,12,1.1,1.5,1.5,6,False,False,ALL,3,93,443.18,732.78,1.1427,0.5376,4.765,3548.5,-3105.32,71,311.96,732.78,1.1398,0.5352,4.394,2542.88,-2230.92,22,131.22,564.9,1.1501,0.5455,5.965,1005.62,-874.4,False
M200R5_0916,40,0.7,12,0.8,1.5,1.5,6,False,False,PRE_RTH,3,25,547.0,286.7,1.6468,0.56,21.88,1392.64,-845.64,21,113.96,286.7,1.1382,0.5714,5.427,938.62,-824.66,4,433.04,14.24,21.6406,0.5,108.26,454.02,-20.98,False
M200R5_1063,40,0.7,12,1.1,1.5,1.25,6,False,True,ALL,1,34,334.34,223.64,1.3768,0.6471,9.834,1221.72,-887.38,25,90.5,223.64,1.1376,0.6,3.62,748.4,-657.9,9,243.84,135.96,2.0626,0.7778,27.093,473.32,-229.48,False
M200R5_0734,40,0.4,20,1.1,1.5,1.5,6,True,False,ALL,3,22,146.22,530.46,1.1672,0.5455,6.646,1020.62,-874.4,17,86.42,295.74,1.1351,0.5882,5.084,726.1,-639.68,5,59.8,234.72,1.2548,0.4,11.96,294.52,-234.72,False
M200R5_0740,40,0.4,20,1.1,1.5,1.5,6,True,True,ALL,3,22,146.22,530.46,1.1672,0.5455,6.646,1020.62,-874.4,17,86.42,295.74,1.1351,0.5882,5.084,726.1,-639.68,5,59.8,234.72,1.2548,0.4,11.96,294.52,-234.72,False
M200R5_0876,40,0.7,12,0.8,1.5,1.25,6,False,True,RTH,3,20,547.2,233.96,1.9347,0.7,27.36,1132.64,-585.44,16,74.16,233.96,1.1267,0.625,4.635,659.6,-585.44,4,473.04,0.0,999.0,1.0,118.26,473.04,0.0,False
M200R5_1147,40,0.7,12,1.1,1.5,1.5,12,True,True,ALL,1,11,298.86,153.2,1.8837,0.5455,27.169,637.06,-338.2,6,28.06,153.2,1.1264,0.3333,4.677,250.02,-221.96,5,270.8,116.24,3.3297,0.8,54.16,387.04,-116.24,False
M200R5_0497,40,0.4,20,0.8,1.5,1.25,6,True,False,RTH,1,12,162.62,308.74,1.2686,0.6667,13.552,768.08,-605.46,10,61.1,308.74,1.1241,0.7,6.11,553.32,-492.22,2,101.52,113.24,1.8965,0.5,50.76,214.76,-113.24,False
M200R5_0521,40,0.4,20,0.8,1.5,1.25,12,True,False,RTH,1,12,162.62,308.74,1.2686,0.6667,13.552,768.08,-605.46,10,61.1,308.74,1.1241,0.7,6.11,553.32,-492.22,2,101.52,113.24,1.8965,0.5,50.76,214.76,-113.24,False
M200R5_1322,40,0.7,20,0.8,1.5,1.5,12,False,False,ALL,3,51,767.76,417.74,1.421,0.6078,15.054,2591.56,-1823.8,37,175.12,417.74,1.1219,0.5676,4.733,1611.46,-1436.34,14,592.64,229.48,2.5296,0.7143,42.331,980.1,-387.46,True
M200R5_0496,40,0.4,20,0.8,1.5,1.25,6,True,False,PRE_RTH,3,15,174.9,308.74,1.2426,0.6,11.66,895.84,-720.94,13,73.38,308.74,1.1208,0.6154,5.645,681.08,-607.7,2,101.52,113.24,1.8965,0.5,50.76,214.76,-113.24,False
M200R5_0520,40,0.4,20,0.8,1.5,1.25,12,True,False,PRE_RTH,3,15,174.9,308.74,1.2426,0.6,11.66,895.84,-720.94,13,73.38,308.74,1.1208,0.6154,5.645,681.08,-607.7,2,101.52,113.24,1.8965,0.5,50.76,214.76,-113.24,False
M200R5_1064,40,0.7,12,1.1,1.5,1.25,6,False,True,ALL,3,48,473.48,384.1,1.3379,0.6042,9.864,1874.54,-1401.06,36,123.86,384.1,1.1166,0.5833,3.441,1186.46,-1062.6,12,349.62,244.94,2.033,0.6667,29.135,688.08,-338.46,True
M200R5_0503,40,0.4,20,0.8,1.5,1.25,6,True,True,RTH,1,12,156.12,308.74,1.2579,0.6667,13.01,761.58,-605.46,10,54.6,308.74,1.1109,0.7,5.46,546.82,-492.22,2,101.52,113.24,1.8965,0.5,50.76,214.76,-113.24,False
M200R5_0527,40,0.4,20,0.8,1.5,1.25,12,True,True,RTH,1,12,156.12,308.74,1.2579,0.6667,13.01,761.58,-605.46,10,54.6,308.74,1.1109,0.7,5.46,546.82,-492.22,2,101.52,113.24,1.8965,0.5,50.76,214.76,-113.24,False
M200R5_0502,40,0.4,20,0.8,1.5,1.25,6,True,True,PRE_RTH,3,15,168.4,308.74,1.2336,0.6,11.227,889.34,-720.94,13,66.88,308.74,1.1101,0.6154,5.145,674.58,-607.7,2,101.52,113.24,1.8965,0.5,50.76,214.76,-113.24,False
M200R5_0526,40,0.4,20,0.8,1.5,1.25,12,True,True,PRE_RTH,3,15,168.4,308.74,1.2336,0.6,11.227,889.34,-720.94,13,66.88,308.74,1.1101,0.6154,5.145,674.58,-607.7,2,101.52,113.24,1.8965,0.5,50.76,214.76,-113.24,False
M200R5_1520,40,0.7,20,1.1,1.5,1.5,12,False,True,ALL,3,32,477.32,360.94,1.4608,0.625,14.916,1513.2,-1035.88,24,88.24,360.94,1.1094,0.5833,3.677,894.64,-806.4,8,389.08,229.48,2.6955,0.75,48.635,618.56,-229.48,True
M200R5_1089,40,0.7,12,1.1,1.5,1.25,12,False,True,PRE_RTH,1,16,315.66,228.48,1.5441,0.6875,19.729,895.86,-580.2,14,62.14,228.48,1.1071,0.6429,4.439,642.34,-580.2,2,253.52,0.0,999.0,1.0,126.76,253.52,0.0,False
M200R5_1090,40,0.7,12,1.1,1.5,1.25,12,False,True,PRE_RTH,3,16,315.66,228.48,1.5441,0.6875,19.729,895.86,-580.2,14,62.14,228.48,1.1071,0.6429,4.439,642.34,-580.2,2,253.52,0.0,999.0,1.0,126.76,253.52,0.0,False
M200R5_0870,40,0.7,12,0.8,1.5,1.25,6,False,False,RTH,3,20,471.2,233.96,1.7957,0.65,23.56,1063.38,-592.18,16,62.66,233.96,1.107,0.625,3.916,648.1,-585.44,4,408.54,6.74,61.6142,0.75,102.135,415.28,-6.74,False
M200R5_1141,40,0.7,12,1.1,1.5,1.5,12,True,False,ALL,1,11,430.36,157.7,2.2558,0.5455,39.124,773.06,-342.7,6,23.56,157.7,1.104,0.3333,3.927,250.02,-226.46,5,406.8,116.24,4.4997,0.8,81.36,523.04,-116.24,False
M200R5_0894,40,0.7,12,0.8,1.5,1.25,12,False,False,RTH,3,20,648.7,443.74,1.8102,0.75,32.435,1449.4,-800.7,16,79.16,443.74,1.0989,0.6875,4.947,879.86,-800.7,4,569.54,0.0,999.0,1.0,142.385,569.54,0.0,False
M200R5_0075,40,0.4,12,0.8,1.25,1.0,12,False,False,PRE_RTH,1,39,674.14,370.24,1.5877,0.6667,17.286,1821.26,-1147.12,31,106.06,370.24,1.0979,0.6129,3.421,1189.94,-1083.88,8,568.08,63.24,9.9829,0.875,71.01,631.32,-63.24,True
M200R5_0543,40,0.4,20,0.8,1.5,1.5,6,True,False,PRE_RTH,1,14,202.64,331.2,1.2811,0.5714,14.474,923.58,-720.94,12,58.12,331.2,1.0956,0.5833,4.843,665.82,-607.7,2,144.52,113.24,2.2762,0.5,72.26,257.76,-113.24,False
M200R5_0567,40,0.4,20,0.8,1.5,1.5,12,True,False,PRE_RTH,1,14,202.64,331.2,1.2811,0.5714,14.474,923.58,-720.94,12,58.12,331.2,1.0956,0.5833,4.843,665.82,-607.7,2,144.52,113.24,2.2762,0.5,72.26,257.76,-113.24,False
M200R5_0699,40,0.4,20,1.1,1.5,1.25,12,False,False,PRE_RTH,1,17,294.92,227.74,1.4028,0.5882,17.348,1027.1,-732.18,16,69.66,227.74,1.0951,0.5625,4.354,801.84,-732.18,1,225.26,0.0,999.0,1.0,225.26,225.26,0.0,False
M200R5_0705,40,0.4,20,1.1,1.5,1.25,12,False,True,PRE_RTH,1,17,294.92,227.74,1.4028,0.5882,17.348,1027.1,-732.18,16,69.66,227.74,1.0951,0.5625,4.354,801.84,-732.18,1,225.26,0.0,999.0,1.0,225.26,225.26,0.0,False
M200R5_1250,40,0.7,20,0.8,1.5,1.25,6,False,False,ALL,3,51,527.76,320.36,1.3615,0.6078,10.348,1987.56,-1459.8,37,100.62,320.36,1.0938,0.5676,2.719,1172.96,-1072.34,14,427.14,248.18,2.1024,0.7143,30.51,814.6,-387.46,True
M200R5_1129,40,0.7,12,1.1,1.5,1.5,12,False,False,ALL,1,34,432.34,291.96,1.3718,0.5882,12.716,1595.2,-1162.86,25,85.5,291.96,1.0916,0.52,3.42,1018.88,-933.38,9,346.84,134.74,2.5114,0.7778,38.538,576.32,-229.48,False
M200R5_0320,40,0.4,12,1.1,1.5,1.25,12,False,True,ALL,3,92,552.92,494.66,1.193,0.6087,6.01,3417.06,-2864.14,70,477.7,426.76,1.2355,0.6,6.824,2505.92,-2028.22,22,75.22,494.66,1.09,0.6364,3.419,911.14,-835.92,True
M200R5_0554,40,0.4,20,0.8,1.5,1.5,12,False,False,ALL,3,117,626.92,815.38,1.1448,0.5385,5.358,4956.88,-4329.96,84,492.84,716.74,1.1742,0.5238,5.867,3321.94,-2829.1,33,134.08,815.38,1.0893,0.5758,4.063,1634.94,-1500.86,False
M200R5_0922,40,0.7,12,0.8,1.5,1.5,6,False,True,PRE_RTH,3,25,584.5,286.7,1.7088,0.64,23.38,1409.16,-824.66,21,68.46,286.7,1.083,0.5714,3.26,893.12,-824.66,4,516.04,0.0,999.0,1.0,129.01,516.04,0.0,False
M200R5_0938,40,0.7,12,0.8,1.5,1.5,12,False,False,ALL,3,81,1544.56,552.98,1.5639,0.6296,19.069,4283.76,-2739.2,57,177.82,552.98,1.0791,0.5614,3.12,2426.32,-2248.5,24,1366.74,229.48,3.7853,0.7917,56.947,1857.44,-490.7,True
M200R5_0171,40,0.4,12,0.8,1.5,1.5,12,False,False,PRE_RTH,1,39,986.14,443.74,1.652,0.6154,25.286,2498.74,-1512.6,31,110.06,443.74,1.0766,0.5484,3.55,1547.42,-1437.36,8,876.08,75.24,12.6438,0.875,109.51,951.32,-75.24,True
M200R5_1256,40,0.7,20,0.8,1.5,1.25,6,False,True,ALL,3,52,483.52,325.0,1.3302,0.5962,9.298,1948.06,-1464.54,38,81.88,320.36,1.076,0.5526,2.155,1158.96,-1077.08,14,401.64,268.18,2.0366,0.7143,28.689,789.1,-387.46,True
M200R5_0389,40,0.4,20,0.8,1.0,0.75,6,False,False,RTH,1,26,231.76,177.18,1.3263,0.6538,8.914,941.92,-710.16,20,215.2,177.18,1.4404,0.65,10.76,703.88,-488.68,6,16.56,145.74,1.0748,0.6667,2.76,238.04,-221.48,False
M200R5_0395,40,0.4,20,0.8,1.0,0.75,6,False,True,RTH,1,26,231.76,177.18,1.3263,0.6538,8.914,941.92,-710.16,20,215.2,177.18,1.4404,0.65,10.76,703.88,-488.68,6,16.56,145.74,1.0748,0.6667,2.76,238.04,-221.48,False
M200R5_0413,40,0.4,20,0.8,1.0,0.75,12,False,False,RTH,1,26,102.76,306.18,1.1225,0.6538,3.952,941.92,-839.16,20,86.2,306.18,1.1396,0.65,4.31,703.88,-617.68,6,16.56,145.74,1.0748,0.6667,2.76,238.04,-221.48,False
M200R5_0419,40,0.4,20,0.8,1.0,0.75,12,False,True,RTH,1,26,102.76,306.18,1.1225,0.6538,3.952,941.92,-839.16,20,86.2,306.18,1.1396,0.65,4.31,703.88,-617.68,6,16.56,145.74,1.0748,0.6667,2.76,238.04,-221.48,False
M200R5_0449,40,0.4,20,0.8,1.25,1.0,6,True,False,RTH,1,12,107.12,257.24,1.2119,0.6667,8.927,612.58,-505.46,10,30.6,257.24,1.0745,0.7,3.06,441.32,-410.72,2,76.52,94.74,1.8077,0.5,38.26,171.26,-94.74,False
M200R5_0455,40,0.4,20,0.8,1.25,1.0,6,True,True,RTH,1,12,107.12,257.24,1.2119,0.6667,8.927,612.58,-505.46,10,30.6,257.24,1.0745,0.7,3.06,441.32,-410.72,2,76.52,94.74,1.8077,0.5,38.26,171.26,-94.74,False
M200R5_0473,40,0.4,20,0.8,1.25,1.0,12,True,False,RTH,1,12,107.12,257.24,1.2119,0.6667,8.927,612.58,-505.46,10,30.6,257.24,1.0745,0.7,3.06,441.32,-410.72,2,76.52,94.74,1.8077,0.5,38.26,171.26,-94.74,False
M200R5_0479,40,0.4,20,0.8,1.25,1.0,12,True,True,RTH,1,12,107.12,257.24,1.2119,0.6667,8.927,612.58,-505.46,10,30.6,257.24,1.0745,0.7,3.06,441.32,-410.72,2,76.52,94.74,1.8077,0.5,38.26,171.26,-94.74,False
M200R5_0081,40,0.4,12,0.8,1.25,1.0,12,False,True,PRE_RTH,1,39,635.64,370.24,1.5769,0.6923,16.298,1737.52,-1101.88,31,76.56,370.24,1.0737,0.6452,2.47,1115.2,-1038.64,8,559.08,63.24,9.8406,0.875,69.885,622.32,-63.24,True
M200R5_0549,40,0.4,20,0.8,1.5,1.5,6,True,True,PRE_RTH,1,14,189.14,331.2,1.2624,0.5714,13.51,910.08,-720.94,12,44.62,331.2,1.0734,0.5833,3.718,652.32,-607.7,2,144.52,113.24,2.2762,0.5,72.26,257.76,-113.24,False
M200R5_0573,40,0.4,20,0.8,1.5,1.5,12,True,True,PRE_RTH,1,14,189.14,331.2,1.2624,0.5714,13.51,910.08,-720.94,12,44.62,331.2,1.0734,0.5833,3.718,652.32,-607.7,2,144.52,113.24,2.2762,0.5,72.26,257.76,-113.24,False
M200R5_1105,40,0.7,12,1.1,1.5,1.5,6,False,False,ALL,1,34,336.84,198.32,1.3445,0.5882,9.907,1314.7,-977.86,25,54.5,198.32,1.0728,0.52,2.18,802.88,-748.38,9,282.34,134.74,2.2303,0.7778,31.371,511.82,-229.48,True
M200R5_0448,40,0.4,20,0.8,1.25,1.0,6,True,False,PRE_RTH,3,15,112.9,257.24,1.1876,0.6,7.527,714.84,-601.94,13,36.38,257.24,1.0717,0.6154,2.798,543.58,-507.2,2,76.52,94.74,1.8077,0.5,38.26,171.26,-94.74,False
M200R5_0454,40,0.4,20,0.8,1.25,1.0,6,True,True,PRE_RTH,3,15,112.9,257.24,1.1876,0.6,7.527,714.84,-601.94,13,36.38,257.24,1.0717,0.6154,2.798,543.58,-507.2,2,76.52,94.74,1.8077,0.5,38.26,171.26,-94.74,False
M200R5_0472,40,0.4,20,0.8,1.25,1.0,12,True,False,PRE_RTH,3,15,112.9,257.24,1.1876,0.6,7.527,714.84,-601.94,13,36.38,257.24,1.0717,0.6154,2.798,543.58,-507.2,2,76.52,94.74,1.8077,0.5,38.26,171.26,-94.74,False
M200R5_0478,40,0.4,20,0.8,1.25,1.0,12,True,True,PRE_RTH,3,15,112.9,257.24,1.1876,0.6,7.527,714.84,-601.94,13,36.38,257.24,1.0717,0.6154,2.798,543.58,-507.2,2,76.52,94.74,1.8077,0.5,38.26,171.26,-94.74,False
M200R5_0125,40,0.4,12,0.8,1.5,1.25,12,False,False,RTH,1,36,883.86,443.74,1.6656,0.7222,24.552,2211.76,-1327.9,29,93.04,443.74,1.0701,0.6552,3.208,1420.94,-1327.9,7,790.82,0.0,999.0,1.0,112.974,790.82,0.0,True
M200R5_0077,40,0.4,12,0.8,1.25,1.0,12,False,False,RTH,1,36,707.36,370.24,1.6297,0.7222,19.649,1830.76,-1123.4,29,76.04,370.24,1.0677,0.6552,2.622,1199.44,-1123.4,7,631.32,0.0,999.0,1.0,90.189,631.32,0.0,True
M200R5_0173,40,0.4,12,0.8,1.5,1.5,12,False,False,RTH,1,36,1045.86,443.74,1.7344,0.6944,29.052,2470.0,-1424.14,29,94.54,443.74,1.0664,0.6207,3.26,1518.68,-1424.14,7,951.32,0.0,999.0,1.0,135.903,951.32,0.0,True
M200R5_0774,40,0.7,12,0.8,1.0,0.75,6,False,False,RTH,3,24,350.74,296.24,1.5245,0.7083,14.614,1019.42,-668.68,19,41.94,296.24,1.0658,0.6842,2.207,678.88,-636.94,5,308.8,31.74,10.729,0.8,61.76,340.54,-31.74,False
M200R5_0780,40,0.7,12,0.8,1.0,0.75,6,False,True,RTH,3,24,350.74,296.24,1.5245,0.7083,14.614,1019.42,-668.68,19,41.94,296.24,1.0658,0.6842,2.207,678.88,-636.94,5,308.8,31.74,10.729,0.8,61.76,340.54,-31.74,False
M200R5_0798,40,0.7,12,0.8,1.0,0.75,12,False,False,RTH,3,24,350.74,296.24,1.5245,0.7083,14.614,1019.42,-668.68,19,41.94,296.24,1.0658,0.6842,2.207,678.88,-636.94,5,308.8,31.74,10.729,0.8,61.76,340.54,-31.74,False
M200R5_0804,40,0.7,12,0.8,1.0,0.75,12,False,True,RTH,3,24,350.74,296.24,1.5245,0.7083,14.614,1019.42,-668.68,19,41.94,296.24,1.0658,0.6842,2.207,678.88,-636.94,5,308.8,31.74,10.729,0.8,61.76,340.54,-31.74,False
M200R5_0560,40,0.4,20,0.8,1.5,1.5,12,False,True,ALL,3,118,317.68,1016.78,1.0804,0.5678,2.692,4270.42,-3952.74,85,232.1,898.74,1.0887,0.5412,2.731,2849.96,-2617.86,33,85.58,846.38,1.0641,0.6364,2.593,1420.46,-1334.88,False
M200R5_0185,40,0.4,12,0.8,1.5,1.5,12,True,False,RTH,1,14,486.64,449.74,1.6472,0.7143,34.76,1238.6,-751.96,12,45.62,449.74,1.0607,0.6667,3.802,797.58,-751.96,2,441.02,0.0,999.0,1.0,220.51,441.02,0.0,False
M200R5_1135,40,0.7,12,1.1,1.5,1.5,12,False,True,ALL,1,34,286.34,227.74,1.2539,0.6176,8.422,1413.96,-1127.62,25,54.5,227.74,1.0607,0.56,2.18,952.64,-898.14,9,231.84,134.74,2.0103,0.7778,25.76,461.32,-229.48,True
M200R5_1514,40,0.7,20,1.1,1.5,1.5,12,False,False,ALL,3,32,454.82,381.44,1.4194,0.5625,14.213,1539.18,-1084.36,24,49.74,381.44,1.0582,0.5,2.072,904.62,-854.88,8,405.08,229.48,2.7652,0.75,50.635,634.56,-229.48,False
M200R5_0296,40,0.4,12,1.1,1.5,1.25,6,False,True,ALL,3,94,201.44,741.28,1.0671,0.5638,2.143,3205.28,-3003.84,72,125.72,741.28,1.0573,0.5556,1.746,2318.9,-2193.18,22,75.72,469.4,1.0934,0.5909,3.442,886.38,-810.66,True
M200R5_0559,40,0.4,20,0.8,1.5,1.5,12,False,True,ALL,1,53,142.28,529.9,1.0842,0.5283,2.685,1832.78,-1690.5,37,102.62,529.9,1.1037,0.4865,2.774,1092.68,-990.06,16,39.66,493.92,1.0566,0.625,2.479,740.1,-700.44,False
M200R5_0509,40,0.4,20,0.8,1.5,1.25,12,False,False,RTH,1,26,125.76,427.18,1.0943,0.6538,4.837,1459.42,-1333.66,20,56.7,427.18,1.0565,0.65,2.835,1059.38,-1002.68,6,69.06,217.74,1.2087,0.6667,11.51,400.04,-330.98,False
M200R5_0891,40,0.7,12,0.8,1.5,1.25,12,False,False,PRE_RTH,1,23,620.48,443.74,1.6739,0.6957,26.977,1541.16,-920.68,19,50.94,443.74,1.0553,0.6316,2.681,971.62,-920.68,4,569.54,0.0,999.0,1.0,142.385,569.54,0.0,False
M200R5_0532,40,0.4,20,0.8,1.5,1.5,6,False,False,PRE_RTH,3,40,150.9,493.88,1.0829,0.55,3.773,1971.72,-1820.82,33,76.08,493.88,1.0538,0.5455,2.305,1490.68,-1414.6,7,74.82,217.74,1.1842,0.5714,10.689,481.04,-406.22,False
M200R5_0844,40,0.7,12,0.8,1.25,1.0,12,False,False,PRE_RTH,3,27,500.02,370.24,1.5428,0.6667,18.519,1421.18,-921.16,23,45.98,370.24,1.0499,0.6087,1.999,967.14,-921.16,4,454.04,0.0,999.0,1.0,113.51,454.04,0.0,False
M200R5_0867,40,0.7,12,0.8,1.5,1.25,6,False,False,PRE_RTH,1,23,442.98,181.98,1.622,0.6087,19.26,1155.14,-712.16,19,34.44,181.98,1.0488,0.5789,1.813,739.86,-705.42,4,408.54,6.74,61.6142,0.75,102.135,415.28,-6.74,False
M200R5_0697,40,0.4,20,1.1,1.5,1.25,12,False,False,ALL,1,44,504.94,286.44,1.4354,0.5455,11.476,1664.74,-1159.8,33,484.58,182.84,1.6779,0.5152,14.684,1199.42,-714.84,11,20.36,286.44,1.0458,0.6364,1.851,465.32,-444.96,False
M200R5_0703,40,0.4,20,1.1,1.5,1.25,12,False,True,ALL,1,44,550.44,286.44,1.4755,0.5682,12.51,1708.0,-1157.56,33,530.08,163.68,1.7439,0.5455,16.063,1242.68,-712.6,11,20.36,286.44,1.0458,0.6364,1.851,465.32,-444.96,False
M200R5_1118,40,0.7,12,1.1,1.5,1.5,6,True,False,ALL,3,12,346.12,183.2,1.9268,0.5,28.843,719.56,-373.44,7,10.32,183.2,1.041,0.4286,1.474,262.28,-251.96,5,335.8,121.48,3.7642,0.6,67.16,457.28,-121.48,False
M200R5_1124,40,0.7,12,1.1,1.5,1.5,6,True,True,ALL,3,12,274.62,183.2,1.7354,0.5,22.885,648.06,-373.44,7,10.32,183.2,1.041,0.4286,1.474,262.28,-251.96,5,264.3,121.48,3.1757,0.6,52.86,385.78,-121.48,False
M200R5_1057,40,0.7,12,1.1,1.5,1.25,6,False,False,ALL,1,34,272.84,223.64,1.2941,0.6176,8.025,1200.46,-927.62,25,23.5,223.64,1.0337,0.56,0.94,721.64,-698.14,9,249.34,135.96,2.0865,0.7778,27.704,478.82,-229.48,False
M200R5_1491,40,0.7,20,1.1,1.5,1.5,6,False,False,PRE_RTH,1,10,270.1,199.48,1.7086,0.5,27.01,651.3,-381.2,9,12.34,199.48,1.0324,0.4444,1.371,393.54,-381.2,1,257.76,0.0,999.0,1.0,257.76,257.76,0.0,False
M200R5_1492,40,0.7,20,1.1,1.5,1.5,6,False,False,PRE_RTH,3,10,270.1,199.48,1.7086,0.5,27.01,651.3,-381.2,9,12.34,199.48,1.0324,0.4444,1.371,393.54,-381.2,1,257.76,0.0,999.0,1.0,257.76,257.76,0.0,False
M200R5_1328,40,0.7,20,0.8,1.5,1.5,12,False,True,ALL,3,52,523.02,417.86,1.286,0.5962,10.058,2351.56,-1828.54,38,46.38,417.86,1.0322,0.5526,1.221,1487.46,-1441.08,14,476.64,269.18,2.2302,0.7143,34.046,864.1,-387.46,True
M200R5_1088,40,0.7,12,1.1,1.5,1.25,12,False,True,ALL,3,48,347.98,408.76,1.2131,0.6042,7.25,1981.04,-1633.06,36,40.36,386.1,1.0322,0.5833,1.121,1292.96,-1252.6,12,307.62,286.94,1.8085,0.6667,25.635,688.08,-380.46,True
M200R5_0873,40,0.7,12,0.8,1.5,1.25,6,False,True,PRE_RTH,1,23,494.48,181.98,1.701,0.6522,21.499,1199.9,-705.42,19,21.44,181.98,1.0304,0.5789,1.128,726.86,-705.42,4,473.04,0.0,999.0,1.0,118.26,473.04,0.0,False
M200R5_1323,40,0.7,20,0.8,1.5,1.5,12,False,False,PRE_RTH,1,16,326.66,417.74,1.4222,0.6875,20.416,1100.36,-773.7,14,22.14,417.74,1.0286,0.6429,1.581,795.84,-773.7,2,304.52,0.0,999.0,1.0,152.26,304.52,0.0,False
M200R5_1324,40,0.7,20,0.8,1.5,1.5,12,False,False,PRE_RTH,3,16,326.66,417.74,1.4222,0.6875,20.416,1100.36,-773.7,14,22.14,417.74,1.0286,0.6429,1.581,795.84,-773.7,2,304.52,0.0,999.0,1.0,152.26,304.52,0.0,False
M200R5_0290,40,0.4,12,1.1,1.5,1.25,6,False,False,ALL,3,93,204.68,702.28,1.0672,0.5484,2.201,3248.76,-3044.08,71,62.46,702.28,1.028,0.5352,0.88,2295.88,-2233.42,22,142.22,469.4,1.1754,0.5909,6.465,952.88,-810.66,False
M200R5_0099,40,0.4,12,0.8,1.5,1.25,6,False,False,PRE_RTH,1,39,583.14,235.22,1.5125,0.5897,14.952,1720.98,-1137.84,31,28.56,235.22,1.027,0.5484,0.921,1084.42,-1055.86,8,554.58,81.98,7.7648,0.75,69.322,636.56,-81.98,False
M200R5_1327,40,0.7,20,0.8,1.5,1.5,12,False,True,ALL,1,37,365.12,417.74,1.2901,0.6486,9.868,1623.74,-1258.62,27,25.52,417.74,1.0248,0.5926,0.945,1054.66,-1029.14,10,339.6,148.46,2.4799,0.8,33.96,569.08,-229.48,True
M200R5_0512,40,0.4,20,0.8,1.5,1.25,12,False,True,ALL,3,119,233.94,996.02,1.0602,0.5798,1.966,4122.94,-3889.0,85,62.1,954.74,1.0237,0.5412,0.731,2679.96,-2617.86,34,171.84,756.38,1.1352,0.6765,5.054,1442.98,-1271.14,False
M200R5_0510,40,0.4,20,0.8,1.5,1.25,12,False,False,RTH,3,29,92.54,417.74,1.0618,0.6207,3.191,1589.68,-1497.14,23,23.48,417.74,1.0201,0.6087,1.021,1189.64,-1166.16,6,69.06,217.74,1.2087,0.6667,11.51,400.04,-330.98,False
M200R5_0893,40,0.7,12,0.8,1.5,1.25,12,False,False,RTH,1,19,584.94,443.74,1.7305,0.7368,30.786,1385.64,-800.7,15,15.4,443.74,1.0192,0.6667,1.027,816.1,-800.7,4,569.54,0.0,999.0,1.0,142.385,569.54,0.0,False
M200R5_0875,40,0.7,12,0.8,1.5,1.25,6,False,True,RTH,1,19,483.44,233.96,1.8258,0.6842,25.444,1068.88,-585.44,15,10.4,233.96,1.0178,0.6,0.693,595.84,-585.44,4,473.04,0.0,999.0,1.0,118.26,473.04,0.0,False
M200R5_1058,40,0.7,12,1.1,1.5,1.25,6,False,False,ALL,3,47,373.22,384.1,1.2589,0.5745,7.941,1814.52,-1441.3,35,18.1,384.1,1.0164,0.5429,0.517,1120.94,-1102.84,12,355.12,244.94,2.0492,0.6667,29.593,693.58,-338.46,False
M200R5_0822,40,0.7,12,0.8,1.25,1.0,6,False,False,RTH,3,21,465.96,392.92,1.6259,0.7143,22.189,1210.4,-744.44,17,11.92,392.92,1.016,0.6471,0.701,756.36,-744.44,4,454.04,0.0,999.0,1.0,113.51,454.04,0.0,False
M200R5_0828,40,0.7,12,0.8,1.25,1.0,6,False,True,RTH,3,21,456.96,392.92,1.6138,0.7143,21.76,1201.4,-744.44,17,11.92,392.92,1.016,0.6471,0.701,756.36,-744.44,4,445.04,0.0,999.0,1.0,111.26,445.04,0.0,False
M200R5_0167,40,0.4,12,0.8,1.5,1.5,6,True,True,RTH,1,14,402.64,260.7,1.7869,0.6429,28.76,914.34,-511.7,12,5.12,260.7,1.01,0.5833,0.427,516.82,-511.7,2,397.52,0.0,999.0,1.0,198.76,397.52,0.0,False
M200R5_1087,40,0.7,12,1.1,1.5,1.25,12,False,True,ALL,1,34,250.84,227.74,1.2328,0.6471,7.378,1328.22,-1077.38,25,7.0,227.74,1.0083,0.6,0.28,854.9,-847.9,9,243.84,135.96,2.0626,0.7778,27.093,473.32,-229.48,True
M200R5_0843,40,0.7,12,0.8,1.25,1.0,12,False,False,PRE_RTH,1,23,459.48,370.24,1.5974,0.6957,19.977,1228.66,-769.18,19,5.44,370.24,1.0071,0.6316,0.286,774.62,-769.18,4,454.04,0.0,999.0,1.0,113.51,454.04,0.0,False
M200R5_0506,40,0.4,20,0.8,1.5,1.25,12,False,False,ALL,3,118,331.18,858.74,1.0801,0.5593,2.807,4467.66,-4136.48,84,11.84,858.74,1.0042,0.5238,0.141,2840.94,-2829.1,34,319.34,736.38,1.2443,0.6471,9.392,1626.72,-1307.38,False
M200R5_1519,40,0.7,20,1.1,1.5,1.5,12,False,True,ALL,1,26,424.76,300.7,1.5059,0.6538,16.337,1264.42,-839.66,20,2.7,300.7,1.0038,0.6,0.135,707.62,-704.92,6,422.06,134.74,4.1324,0.8333,70.343,556.8,-134.74,False
M200R5_1081,40,0.7,12,1.1,1.5,1.25,12,False,False,ALL,1,34,251.34,241.72,1.2259,0.6176,7.392,1363.96,-1112.62,25,2.0,241.72,1.0023,0.56,0.08,885.14,-883.14,9,249.34,135.96,2.0865,0.7778,27.704,478.82,-229.48,True
M200R5_0649,40,0.4,20,1.1,1.25,1.0,12,False,False,ALL,1,44,290.94,244.94,1.284,0.5455,6.612,1315.24,-1024.3,33,291.08,131.84,1.4459,0.5152,8.821,943.92,-652.84,11,-0.14,244.94,0.9996,0.6364,-0.013,371.32,-371.46,False
M200R5_0655,40,0.4,20,1.1,1.25,1.0,12,False,True,ALL,1,44,340.94,244.94,1.3336,0.5682,7.749,1363.0,-1022.06,33,341.08,131.72,1.5243,0.5455,10.336,991.68,-650.6,11,-0.14,244.94,0.9996,0.6364,-0.013,371.32,-371.46,False
M200R5_0401,40,0.4,20,0.8,1.0,0.75,6,True,False,RTH,1,12,52.12,206.24,1.1287,0.6667,4.343,457.08,-404.96,10,-0.4,206.24,0.9988,0.7,-0.04,328.82,-329.22,2,52.52,75.74,1.6934,0.5,26.26,128.26,-75.74,False
M200R5_0407,40,0.4,20,0.8,1.0,0.75,6,True,True,RTH,1,12,52.12,206.24,1.1287,0.6667,4.343,457.08,-404.96,10,-0.4,206.24,0.9988,0.7,-0.04,328.82,-329.22,2,52.52,75.74,1.6934,0.5,26.26,128.26,-75.74,False
M200R5_0425,40,0.4,20,0.8,1.0,0.75,12,True,False,RTH,1,12,52.12,206.24,1.1287,0.6667,4.343,457.08,-404.96,10,-0.4,206.24,0.9988,0.7,-0.04,328.82,-329.22,2,52.52,75.74,1.6934,0.5,26.26,128.26,-75.74,False
M200R5_0431,40,0.4,20,0.8,1.0,0.75,12,True,True,RTH,1,12,52.12,206.24,1.1287,0.6667,4.343,457.08,-404.96,10,-0.4,206.24,0.9988,0.7,-0.04,328.82,-329.22,2,52.52,75.74,1.6934,0.5,26.26,128.26,-75.74,False
M200R5_1249,40,0.7,20,0.8,1.5,1.25,6,False,False,ALL,1,37,323.12,238.14,1.3308,0.6216,8.733,1299.98,-976.86,27,-0.98,238.14,0.9987,0.5556,-0.036,746.4,-747.38,10,324.1,136.46,2.4123,0.8,32.41,553.58,-229.48,True
M200R5_0869,40,0.7,12,0.8,1.5,1.25,6,False,False,RTH,1,19,407.44,233.96,1.688,0.6316,21.444,999.62,-592.18,15,-1.1,233.96,0.9981,0.6,-0.073,584.34,-585.44,4,408.54,6.74,61.6142,0.75,102.135,415.28,-6.74,False
M200R5_1082,40,0.7,12,1.1,1.5,1.25,12,False,False,ALL,3,47,309.72,397.3,1.1857,0.5745,6.59,1978.02,-1668.3,35,-3.4,374.64,0.9974,0.5429,-0.097,1284.44,-1287.84,12,313.12,286.94,1.823,0.6667,26.093,693.58,-380.46,False
M200R5_0892,40,0.7,12,0.8,1.5,1.25,12,False,False,PRE_RTH,3,25,565.0,443.74,1.5433,0.68,22.6,1604.92,-1039.92,21,-4.54,443.74,0.9956,0.619,-0.216,1035.38,-1039.92,4,569.54,0.0,999.0,1.0,142.385,569.54,0.0,False
M200R5_0078,40,0.4,12,0.8,1.25,1.0,12,False,False,RTH,3,49,553.24,632.98,1.2894,0.6735,11.291,2465.08,-1911.84,40,-10.1,632.98,0.9942,0.625,-0.252,1720.0,-1730.1,9,563.34,181.74,4.0997,0.8889,62.593,745.08,-181.74,False
M200R5_0505,40,0.4,20,0.8,1.5,1.25,12,False,False,ALL,1,53,-9.22,537.4,0.9945,0.5283,-0.174,1681.28,-1690.5,37,-5.88,537.4,0.9941,0.4865,-0.159,984.18,-990.06,16,-3.34,504.92,0.9952,0.625,-0.209,697.1,-700.44,False
M200R5_1333,40,0.7,20,0.8,1.5,1.5,12,True,False,ALL,1,12,346.12,299.46,1.8326,0.5833,28.843,761.82,-415.7,7,-2.18,299.46,0.9927,0.4286,-0.311,297.28,-299.46,5,348.3,116.24,3.9964,0.8,69.66,464.54,-116.24,False
M200R5_1339,40,0.7,20,0.8,1.5,1.5,12,True,True,ALL,1,12,334.62,299.46,1.805,0.5833,27.885,750.32,-415.7,7,-2.18,299.46,0.9927,0.4286,-0.311,297.28,-299.46,5,336.8,116.24,3.8975,0.8,67.36,453.04,-116.24,False
M200R5_1315,40,0.7,20,0.8,1.5,1.5,6,True,True,ALL,1,12,263.62,299.46,1.6263,0.5,21.968,684.56,-420.94,7,-2.18,299.46,0.9927,0.4286,-0.311,297.28,-299.46,5,265.8,121.48,3.188,0.6,53.16,387.28,-121.48,False
M200R5_1309,40,0.7,20,0.8,1.5,1.5,6,True,False,ALL,1,12,245.12,299.46,1.5823,0.5,20.427,666.06,-420.94,7,-2.18,299.46,0.9927,0.4286,-0.311,297.28,-299.46,5,247.3,121.48,3.0357,0.6,49.46,368.78,-121.48,False
M200R5_0530,40,0.4,20,0.8,1.5,1.5,6,False,False,ALL,3,121,116.46,1066.48,1.0276,0.5124,0.962,4342.12,-4225.66,87,-22.38,1066.48,0.9921,0.4943,-0.257,2793.68,-2816.06,34,138.84,790.12,1.0985,0.5588,4.084,1548.44,-1409.6,False
M200R5_1321,40,0.7,20,0.8,1.5,1.5,12,False,False,ALL,1,37,422.12,417.74,1.3148,0.6216,11.409,1762.98,-1340.86,27,-14.98,417.74,0.9865,0.5556,-0.555,1096.4,-1111.38,10,437.1,134.74,2.9047,0.8,43.71,666.58,-229.48,True
M200R5_0483,40,0.4,20,0.8,1.5,1.25,6,False,False,PRE_RTH,1,30,192.3,299.16,1.1709,0.5667,6.41,1317.42,-1125.12,23,198.48,299.16,1.2761,0.5652,8.63,917.38,-718.9,7,-6.18,217.74,0.9848,0.5714,-0.883,400.04,-406.22,False
M200R5_0508,40,0.4,20,0.8,1.5,1.25,12,False,False,PRE_RTH,3,37,75.62,487.14,1.0425,0.5946,2.044,1856.22,-1780.6,30,81.8,487.14,1.0595,0.6,2.727,1456.18,-1374.38,7,-6.18,217.74,0.9848,0.5714,-0.883,400.04,-406.22,False
M200R5_0507,40,0.4,20,0.8,1.5,1.25,12,False,False,PRE_RTH,1,30,-27.7,540.66,0.9817,0.6,-0.923,1485.68,-1513.38,23,-21.52,540.66,0.9806,0.6087,-0.936,1085.64,-1107.16,7,-6.18,217.74,0.9848,0.5714,-0.883,400.04,-406.22,False
M200R5_0174,40,0.4,12,0.8,1.5,1.5,12,False,False,RTH,3,47,689.72,739.48,1.2937,0.6383,14.675,3038.3,-2348.58,39,-43.86,739.48,0.9794,0.5897,-1.125,2086.98,-2130.84,8,733.58,217.74,4.3691,0.875,91.697,951.32,-217.74,False
M200R5_0868,40,0.7,12,0.8,1.5,1.25,6,False,False,PRE_RTH,3,25,387.5,296.2,1.4661,0.6,15.5,1218.9,-831.4,21,-21.04,296.2,0.9745,0.5714,-1.002,803.62,-824.66,4,408.54,6.74,61.6142,0.75,102.135,415.28,-6.74,False
M200R5_0845,40,0.7,12,0.8,1.25,1.0,12,False,False,RTH,1,19,436.44,370.24,1.6532,0.7368,22.971,1104.64,-668.2,15,-17.6,370.24,0.9737,0.6667,-1.173,650.6,-668.2,4,454.04,0.0,999.0,1.0,113.51,454.04,0.0,False
M200R5_0076,40,0.4,12,0.8,1.25,1.0,12,False,False,PRE_RTH,3,63,443.88,740.88,1.1876,0.619,7.046,2809.64,-2365.76,53,-56.22,740.88,0.9735,0.5849,-1.061,2064.56,-2120.78,10,500.1,181.74,3.0414,0.8,50.01,745.08,-244.98,True
M200R5_0539,40,0.4,20,0.8,1.5,1.5,6,False,True,RTH,1,26,317.76,217.74,1.3361,0.6154,12.222,1263.16,-945.4,20,326.7,202.46,1.5317,0.6,16.335,941.12,-614.42,6,-8.94,217.74,0.973,0.6667,-1.49,322.04,-330.98,False
M200R5_0563,40,0.4,20,0.8,1.5,1.5,12,False,True,RTH,1,26,61.76,450.18,1.0463,0.6538,2.375,1395.42,-1333.66,20,70.7,450.18,1.0705,0.65,3.535,1073.38,-1002.68,6,-8.94,217.74,0.973,0.6667,-1.49,322.04,-330.98,False
M200R5_0564,40,0.4,20,0.8,1.5,1.5,12,False,True,RTH,3,29,55.04,417.74,1.0368,0.6207,1.898,1552.18,-1497.14,23,63.98,417.74,1.0549,0.6087,2.782,1230.14,-1166.16,6,-8.94,217.74,0.973,0.6667,-1.49,322.04,-330.98,False
M200R5_0540,40,0.4,20,0.8,1.5,1.5,6,False,True,RTH,3,32,-41.68,458.98,0.9729,0.5625,-1.303,1495.68,-1537.36,26,-32.74,458.98,0.9729,0.5385,-1.259,1173.64,-1206.38,6,-8.94,217.74,0.973,0.6667,-1.49,322.04,-330.98,False
M200R5_0850,40,0.7,12,0.8,1.25,1.0,12,False,True,PRE_RTH,3,27,420.02,381.9,1.456,0.6667,15.556,1341.18,-921.16,23,-25.02,381.9,0.9728,0.6087,-1.088,896.14,-921.16,4,445.04,0.0,999.0,1.0,111.26,445.04,0.0,False
M200R5_0113,40,0.4,12,0.8,1.5,1.25,6,True,False,RTH,1,14,353.14,286.7,1.6901,0.6429,25.224,864.84,-511.7,12,-14.38,286.7,0.9719,0.5833,-1.198,497.32,-511.7,2,367.52,0.0,999.0,1.0,183.76,367.52,0.0,False
M200R5_1331,40,0.7,20,0.8,1.5,1.5,12,False,True,RTH,1,13,285.88,417.74,1.4647,0.7692,21.991,901.1,-615.22,11,-18.64,417.74,0.9697,0.7273,-1.695,596.58,-615.22,2,304.52,0.0,999.0,1.0,152.26,304.52,0.0,False
M200R5_1332,40,0.7,20,0.8,1.5,1.5,12,False,True,RTH,3,13,285.88,417.74,1.4647,0.7692,21.991,901.1,-615.22,11,-18.64,417.74,0.9697,0.7273,-1.695,596.58,-615.22,2,304.52,0.0,999.0,1.0,152.26,304.52,0.0,False
M200R5_0534,40,0.4,20,0.8,1.5,1.5,6,False,False,RTH,3,32,113.32,458.98,1.0737,0.5625,3.541,1650.68,-1537.36,26,-36.74,458.98,0.9695,0.5385,-1.413,1169.64,-1206.38,6,150.06,217.74,1.4534,0.6667,25.01,481.04,-330.98,True
M200R5_0511,40,0.4,20,0.8,1.5,1.25,12,False,True,ALL,1,53,-48.22,537.4,0.9715,0.5283,-0.91,1642.28,-1690.5,37,-26.38,537.4,0.9734,0.4865,-0.713,963.68,-990.06,16,-21.84,510.42,0.9688,0.625,-1.365,678.6,-700.44,False
M200R5_1277,40,0.7,20,0.8,1.5,1.25,12,False,False,RTH,1,13,229.38,417.74,1.3728,0.7692,17.645,844.6,-615.22,11,-24.14,417.74,0.9608,0.7273,-2.195,591.08,-615.22,2,253.52,0.0,999.0,1.0,126.76,253.52,0.0,False
M200R5_1278,40,0.7,20,0.8,1.5,1.25,12,False,False,RTH,3,13,229.38,417.74,1.3728,0.7692,17.645,844.6,-615.22,11,-24.14,417.74,0.9608,0.7273,-2.195,591.08,-615.22,2,253.52,0.0,999.0,1.0,126.76,253.52,0.0,False
M200R5_1472,40,0.7,20,1.1,1.5,1.25,12,False,True,ALL,3,32,266.32,368.44,1.2571,0.625,8.322,1302.2,-1035.88,24,-31.76,368.44,0.9606,0.5833,-1.323,774.64,-806.4,8,298.08,229.48,2.2989,0.75,37.26,527.56,-229.48,False
M200R5_0874,40,0.7,12,0.8,1.5,1.25,6,False,True,PRE_RTH,3,25,439.0,296.2,1.5323,0.64,17.56,1263.66,-824.66,21,-34.04,296.2,0.9587,0.5714,-1.621,790.62,-824.66,4,473.04,0.0,999.0,1.0,118.26,473.04,0.0,False
M200R5_0484,40,0.4,20,0.8,1.5,1.25,6,False,False,PRE_RTH,3,40,-70.1,554.38,0.9615,0.55,-1.752,1750.72,-1820.82,33,-63.92,554.38,0.9548,0.5455,-1.937,1350.68,-1414.6,7,-6.18,217.74,0.9848,0.5714,-0.883,400.04,-406.22,False
M200R5_0368,40,0.4,12,1.1,1.5,1.5,12,False,True,ALL,3,92,784.42,599.16,1.2681,0.5978,8.526,3709.8,-2925.38,70,825.7,370.04,1.4076,0.6,11.796,2851.42,-2025.72,22,-41.28,599.16,0.9541,0.5909,-1.876,858.38,-899.66,True
M200R5_0948,40,0.7,12,0.8,1.5,1.5,12,False,True,RTH,3,20,478.2,443.74,1.5972,0.75,23.91,1278.9,-800.7,16,-37.84,443.74,0.9527,0.6875,-2.365,762.86,-800.7,4,516.04,0.0,999.0,1.0,129.01,516.04,0.0,False
M200R5_1513,40,0.7,20,1.1,1.5,1.5,12,False,False,ALL,1,26,402.26,321.2,1.4529,0.5769,15.472,1290.4,-888.14,20,-35.8,321.2,0.9525,0.5,-1.79,717.6,-753.4,6,438.06,134.74,4.2512,0.8333,73.01,572.8,-134.74,False
M200R5_0344,40,0.4,12,1.1,1.5,1.5,6,False,True,ALL,3,94,377.44,726.78,1.1231,0.5532,4.015,3442.52,-3065.08,72,421.22,726.78,1.1923,0.5556,5.85,2611.9,-2190.68,22,-43.78,573.9,0.9499,0.5455,-1.99,830.62,-874.4,True
M200R5_0083,40,0.4,12,0.8,1.25,1.0,12,False,True,RTH,1,36,565.36,419.56,1.5033,0.7222,15.704,1688.76,-1123.4,29,-56.96,419.56,0.9493,0.6552,-1.964,1066.44,-1123.4,7,622.32,0.0,999.0,1.0,88.903,622.32,0.0,True
M200R5_0105,40,0.4,12,0.8,1.5,1.25,6,False,True,PRE_RTH,1,39,472.64,235.22,1.4179,0.6154,12.119,1603.74,-1131.1,31,-54.44,235.22,0.9484,0.5484,-1.756,1001.42,-1055.86,8,527.08,75.24,8.0053,0.875,65.885,602.32,-75.24,False
M200R5_0082,40,0.4,12,0.8,1.25,1.0,12,False,True,PRE_RTH,3,63,378.38,762.38,1.1631,0.6349,6.006,2698.9,-2320.52,53,-112.72,762.38,0.9457,0.6038,-2.127,1962.82,-2075.54,10,491.1,181.74,3.0047,0.8,49.11,736.08,-244.98,True
M200R5_0414,40,0.4,20,0.8,1.0,0.75,12,False,False,RTH,3,39,-43.86,476.98,0.967,0.6154,-1.125,1286.24,-1330.1,33,-60.42,476.98,0.9455,0.6061,-1.831,1048.2,-1108.62,6,16.56,145.74,1.0748,0.6667,2.76,238.04,-221.48,False
M200R5_0420,40,0.4,20,0.8,1.0,0.75,12,False,True,RTH,3,39,-43.86,476.98,0.967,0.6154,-1.125,1286.24,-1330.1,33,-60.42,476.98,0.9455,0.6061,-1.831,1048.2,-1108.62,6,16.56,145.74,1.0748,0.6667,2.76,238.04,-221.48,False
M200R5_0129,40,0.4,12,0.8,1.5,1.25,12,False,True,PRE_RTH,1,39,460.14,443.74,1.3539,0.6923,11.798,1760.52,-1300.38,31,-66.94,443.74,0.9454,0.6452,-2.159,1158.2,-1225.14,8,527.08,75.24,8.0053,0.875,65.885,602.32,-75.24,True
M200R5_1497,40,0.7,20,1.1,1.5,1.5,6,False,True,PRE_RTH,1,10,236.1,199.48,1.6194,0.5,23.61,617.3,-381.2,9,-21.66,199.48,0.9432,0.4444,-2.407,359.54,-381.2,1,257.76,0.0,999.0,1.0,257.76,257.76,0.0,False
M200R5_1498,40,0.7,20,1.1,1.5,1.5,6,False,True,PRE_RTH,3,10,236.1,199.48,1.6194,0.5,23.61,617.3,-381.2,9,-21.66,199.48,0.9432,0.4444,-2.407,359.54,-381.2,1,257.76,0.0,999.0,1.0,257.76,257.76,0.0,False
M200R5_0686,40,0.4,20,1.1,1.5,1.25,6,True,False,ALL,3,22,-19.78,530.46,0.9774,0.5455,-0.899,854.62,-874.4,17,-36.58,295.74,0.9428,0.5882,-2.152,603.1,-639.68,5,16.8,234.72,1.0716,0.4,3.36,251.52,-234.72,False
M200R5_0692,40,0.4,20,1.1,1.5,1.25,6,True,True,ALL,3,22,-19.78,530.46,0.9774,0.5455,-0.899,854.62,-874.4,17,-36.58,295.74,0.9428,0.5882,-2.152,603.1,-639.68,5,16.8,234.72,1.0716,0.4,3.36,251.52,-234.72,False
M200R5_1201,40,0.7,20,0.8,1.25,1.0,6,False,False,ALL,1,37,211.12,294.82,1.2467,0.6216,5.706,1066.98,-855.86,27,-38.48,294.82,0.942,0.5556,-1.425,625.4,-663.88,10,249.6,117.96,2.3001,0.8,24.96,441.58,-191.98,False
M200R5_1207,40,0.7,20,0.8,1.25,1.0,6,False,True,ALL,1,37,202.12,294.82,1.2362,0.6216,5.463,1057.98,-855.86,27,-38.48,294.82,0.942,0.5556,-1.425,625.4,-663.88,10,240.6,126.96,2.2533,0.8,24.06,432.58,-191.98,False
M200R5_0435,40,0.4,20,0.8,1.25,1.0,6,False,False,PRE_RTH,1,30,68.8,288.6,1.0681,0.5667,2.293,1078.92,-1010.12,23,88.98,288.6,1.1327,0.5652,3.869,759.38,-670.4,7,-20.18,181.74,0.9406,0.5714,-2.883,319.54,-339.72,False
M200R5_0441,40,0.4,20,0.8,1.25,1.0,6,False,True,PRE_RTH,1,30,68.8,288.6,1.0681,0.5667,2.293,1078.92,-1010.12,23,88.98,288.6,1.1327,0.5652,3.869,759.38,-670.4,7,-20.18,181.74,0.9406,0.5714,-2.883,319.54,-339.72,False
M200R5_0150,40,0.4,12,0.8,1.5,1.5,6,False,False,RTH,3,48,377.98,459.78,1.1916,0.5417,7.875,2350.76,-1972.78,40,-104.1,459.78,0.94,0.525,-2.602,1629.96,-1734.06,8,482.08,217.74,3.0194,0.625,60.26,720.8,-238.72,False
M200R5_0735,40,0.4,20,1.1,1.5,1.5,6,True,False,PRE_RTH,1,6,235.56,295.74,1.6608,0.6667,39.26,592.04,-356.48,5,-22.2,295.74,0.9377,0.6,-4.44,334.28,-356.48,1,257.76,0.0,999.0,1.0,257.76,257.76,0.0,False
M200R5_0736,40,0.4,20,1.1,1.5,1.5,6,True,False,PRE_RTH,3,6,235.56,295.74,1.6608,0.6667,39.26,592.04,-356.48,5,-22.2,295.74,0.9377,0.6,-4.44,334.28,-356.48,1,257.76,0.0,999.0,1.0,257.76,257.76,0.0,False
M200R5_0737,40,0.4,20,1.1,1.5,1.5,6,True,False,RTH,1,6,235.56,295.74,1.6608,0.6667,39.26,592.04,-356.48,5,-22.2,295.74,0.9377,0.6,-4.44,334.28,-356.48,1,257.76,0.0,999.0,1.0,257.76,257.76,0.0,False
M200R5_0738,40,0.4,20,1.1,1.5,1.5,6,True,False,RTH,3,6,235.56,295.74,1.6608,0.6667,39.26,592.04,-356.48,5,-22.2,295.74,0.9377,0.6,-4.44,334.28,-356.48,1,257.76,0.0,999.0,1.0,257.76,257.76,0.0,False
M200R5_0741,40,0.4,20,1.1,1.5,1.5,6,True,True,PRE_RTH,1,6,235.56,295.74,1.6608,0.6667,39.26,592.04,-356.48,5,-22.2,295.74,0.9377,0.6,-4.44,334.28,-356.48,1,257.76,0.0,999.0,1.0,257.76,257.76,0.0,False
M200R5_0742,40,0.4,20,1.1,1.5,1.5,6,True,True,PRE_RTH,3,6,235.56,295.74,1.6608,0.6667,39.26,592.04,-356.48,5,-22.2,295.74,0.9377,0.6,-4.44,334.28,-356.48,1,257.76,0.0,999.0,1.0,257.76,257.76,0.0,False
M200R5_0743,40,0.4,20,1.1,1.5,1.5,6,True,True,RTH,1,6,235.56,295.74,1.6608,0.6667,39.26,592.04,-356.48,5,-22.2,295.74,0.9377,0.6,-4.44,334.28,-356.48,1,257.76,0.0,999.0,1.0,257.76,257.76,0.0,False
M200R5_0744,40,0.4,20,1.1,1.5,1.5,6,True,True,RTH,3,6,235.56,295.74,1.6608,0.6667,39.26,592.04,-356.48,5,-22.2,295.74,0.9377,0.6,-4.44,334.28,-356.48,1,257.76,0.0,999.0,1.0,257.76,257.76,0.0,False
M200R5_0759,40,0.4,20,1.1,1.5,1.5,12,True,False,PRE_RTH,1,6,235.56,295.74,1.6608,0.6667,39.26,592.04,-356.48,5,-22.2,295.74,0.9377,0.6,-4.44,334.28,-356.48,1,257.76,0.0,999.0,1.0,257.76,257.76,0.0,False
M200R5_0760,40,0.4,20,1.1,1.5,1.5,12,True,False,PRE_RTH,3,6,235.56,295.74,1.6608,0.6667,39.26,592.04,-356.48,5,-22.2,295.74,0.9377,0.6,-4.44,334.28,-356.48,1,257.76,0.0,999.0,1.0,257.76,257.76,0.0,False
M200R5_0761,40,0.4,20,1.1,1.5,1.5,12,True,False,RTH,1,6,235.56,295.74,1.6608,0.6667,39.26,592.04,-356.48,5,-22.2,295.74,0.9377,0.6,-4.44,334.28,-356.48,1,257.76,0.0,999.0,1.0,257.76,257.76,0.0,False
M200R5_0762,40,0.4,20,1.1,1.5,1.5,12,True,False,RTH,3,6,235.56,295.74,1.6608,0.6667,39.26,592.04,-356.48,5,-22.2,295.74,0.9377,0.6,-4.44,334.28,-356.48,1,257.76,0.0,999.0,1.0,257.76,257.76,0.0,False
M200R5_0765,40,0.4,20,1.1,1.5,1.5,12,True,True,PRE_RTH,1,6,235.56,295.74,1.6608,0.6667,39.26,592.04,-356.48,5,-22.2,295.74,0.9377,0.6,-4.44,334.28,-356.48,1,257.76,0.0,999.0,1.0,257.76,257.76,0.0,False
M200R5_0766,40,0.4,20,1.1,1.5,1.5,12,True,True,PRE_RTH,3,6,235.56,295.74,1.6608,0.6667,39.26,592.04,-356.48,5,-22.2,295.74,0.9377,0.6,-4.44,334.28,-356.48,1,257.76,0.0,999.0,1.0,257.76,257.76,0.0,False
M200R5_0767,40,0.4,20,1.1,1.5,1.5,12,True,True,RTH,1,6,235.56,295.74,1.6608,0.6667,39.26,592.04,-356.48,5,-22.2,295.74,0.9377,0.6,-4.44,334.28,-356.48,1,257.76,0.0,999.0,1.0,257.76,257.76,0.0,False
M200R5_0768,40,0.4,20,1.1,1.5,1.5,12,True,True,RTH,3,6,235.56,295.74,1.6608,0.6667,39.26,592.04,-356.48,5,-22.2,295.74,0.9377,0.6,-4.44,334.28,-356.48,1,257.76,0.0,999.0,1.0,257.76,257.76,0.0,False
M200R5_0058,40,0.4,12,0.8,1.25,1.0,6,False,True,PRE_RTH,3,64,366.14,678.38,1.1633,0.6094,5.721,2608.14,-2242.0,54,-124.96,678.38,0.9374,0.5741,-2.314,1872.06,-1997.02,10,491.1,181.74,3.0047,0.8,49.11,736.08,-244.98,False
M200R5_1069,40,0.7,12,1.1,1.5,1.25,6,True,False,ALL,1,11,247.36,220.7,1.8422,0.5455,22.487,541.06,-293.7,6,-11.94,138.98,0.9307,0.5,-1.99,160.28,-172.22,5,259.3,121.48,3.1345,0.6,51.86,380.78,-121.48,False
M200R5_1075,40,0.7,12,1.1,1.5,1.25,6,True,True,ALL,1,11,218.36,220.7,1.7435,0.5455,19.851,512.06,-293.7,6,-11.94,138.98,0.9307,0.5,-1.99,160.28,-172.22,5,230.3,121.48,2.8958,0.6,46.06,351.78,-121.48,False
M200R5_0491,40,0.4,20,0.8,1.5,1.25,6,False,True,RTH,1,26,226.76,217.74,1.2399,0.6154,8.722,1172.16,-945.4,20,249.7,202.46,1.4064,0.6,12.485,864.12,-614.42,6,-22.94,217.74,0.9307,0.6667,-3.823,308.04,-330.98,False
M200R5_0515,40,0.4,20,0.8,1.5,1.25,12,False,True,RTH,1,26,-69.24,484.18,0.9481,0.6538,-2.663,1264.42,-1333.66,20,-46.3,484.18,0.9538,0.65,-2.315,956.38,-1002.68,6,-22.94,217.74,0.9307,0.6667,-3.823,308.04,-330.98,False
M200R5_0516,40,0.4,20,0.8,1.5,1.25,12,False,True,RTH,3,29,-102.46,430.66,0.9316,0.6207,-3.533,1394.68,-1497.14,23,-79.52,430.66,0.9318,0.6087,-3.457,1086.64,-1166.16,6,-22.94,217.74,0.9307,0.6667,-3.823,308.04,-330.98,False
M200R5_1274,40,0.7,20,0.8,1.5,1.25,12,False,False,ALL,3,51,327.26,489.9,1.1794,0.6078,6.417,2151.06,-1823.8,37,-99.88,489.9,0.9305,0.5676,-2.699,1336.46,-1436.34,14,427.14,248.18,2.1024,0.7143,30.51,814.6,-387.46,False
M200R5_0126,40,0.4,12,0.8,1.5,1.25,12,False,False,RTH,3,47,431.22,739.48,1.1915,0.6596,9.175,2683.56,-2252.34,39,-141.86,739.48,0.9303,0.6154,-3.637,1892.74,-2034.6,8,573.08,217.74,3.6319,0.875,71.635,790.82,-217.74,True
M200R5_0572,40,0.4,20,0.8,1.5,1.5,12,True,True,ALL,3,52,-63.98,748.8,0.9696,0.5577,-1.23,2041.54,-2105.52,38,-17.12,376.6,0.9881,0.5526,-0.451,1415.96,-1433.08,14,-46.86,437.96,0.9303,0.5714,-3.347,625.58,-672.44,False
M200R5_0461,40,0.4,20,0.8,1.25,1.0,12,False,False,RTH,1,26,-19.24,366.18,0.9834,0.6154,-0.74,1141.66,-1160.9,20,-62.3,366.18,0.9296,0.6,-3.115,822.12,-884.42,6,43.06,181.74,1.1557,0.6667,7.177,319.54,-276.48,False
M200R5_0488,40,0.4,20,0.8,1.5,1.25,6,False,True,ALL,3,121,-250.54,1096.0,0.9366,0.5289,-2.071,3700.14,-3950.68,87,-195.38,1079.98,0.925,0.5057,-2.246,2409.44,-2604.82,34,-55.16,731.12,0.959,0.5882,-1.622,1290.7,-1345.86,False
M200R5_0920,40,0.7,12,0.8,1.5,1.5,6,False,True,ALL,3,82,675.82,593.02,1.2725,0.622,8.242,3156.26,-2480.44,58,-154.42,593.02,0.9224,0.5517,-2.662,1835.32,-1989.74,24,830.24,229.48,2.692,0.7917,34.593,1320.94,-490.7,False
M200R5_0565,40,0.4,20,0.8,1.5,1.5,12,True,False,ALL,1,38,-1.12,789.86,0.9993,0.5789,-0.029,1577.72,-1578.84,28,-89.72,512.9,0.9195,0.5714,-3.204,1025.16,-1114.88,10,88.6,342.72,1.191,0.6,8.86,552.56,-463.96,False
M200R5_0084,40,0.4,12,0.8,1.25,1.0,12,False,True,RTH,3,49,411.24,632.98,1.2151,0.6735,8.393,2323.08,-1911.84,40,-143.1,632.98,0.9173,0.625,-3.578,1587.0,-1730.1,9,554.34,181.74,4.0502,0.8889,61.593,736.08,-181.74,False
M200R5_0541,40,0.4,20,0.8,1.5,1.5,6,True,False,ALL,1,38,-81.62,801.86,0.9474,0.5263,-2.148,1468.7,-1550.32,28,-40.72,512.9,0.9619,0.5714,-1.454,1028.16,-1068.88,10,-40.9,288.96,0.915,0.4,-4.09,440.54,-481.44,False
M200R5_0849,40,0.7,12,0.8,1.25,1.0,12,False,True,PRE_RTH,1,23,379.48,370.24,1.4934,0.6957,16.499,1148.66,-769.18,19,-65.56,370.24,0.9148,0.6316,-3.451,703.62,-769.18,4,445.04,0.0,999.0,1.0,111.26,445.04,0.0,False
M200R5_0536,40,0.4,20,0.8,1.5,1.5,6,False,True,ALL,3,121,-176.54,1149.5,0.956,0.5207,-1.459,3837.88,-4014.42,87,-54.38,1060.48,0.9791,0.5057,-0.625,2550.44,-2604.82,34,-122.16,821.12,0.9133,0.5588,-3.593,1287.44,-1409.6,False
M200R5_0495,40,0.4,20,0.8,1.5,1.25,6,True,False,PRE_RTH,1,14,47.14,357.2,1.0654,0.5714,3.367,768.08,-720.94,12,-54.38,357.2,0.9105,0.5833,-4.532,553.32,-607.7,2,101.52,113.24,1.8965,0.5,50.76,214.76,-113.24,False
M200R5_0519,40,0.4,20,0.8,1.5,1.25,12,True,False,PRE_RTH,1,14,47.14,357.2,1.0654,0.5714,3.367,768.08,-720.94,12,-54.38,357.2,0.9105,0.5833,-4.532,553.32,-607.7,2,101.52,113.24,1.8965,0.5,50.76,214.76,-113.24,False
M200R5_0102,40,0.4,12,0.8,1.5,1.25,6,False,False,RTH,3,48,262.98,395.78,1.1412,0.5833,5.479,2125.28,-1862.3,40,-149.1,395.78,0.909,0.55,-3.727,1488.72,-1637.82,8,412.08,217.74,2.8357,0.75,51.51,636.56,-224.48,False
M200R5_0578,40,0.4,20,1.1,1.0,0.75,6,False,False,ALL,3,82,328.82,368.1,1.1787,0.6098,4.01,2169.0,-1840.18,64,376.64,368.1,1.2865,0.6094,5.885,1691.14,-1314.5,18,-47.82,211.9,0.909,0.6111,-2.657,477.86,-525.68,False
M200R5_0584,40,0.4,20,1.1,1.0,0.75,6,False,True,ALL,3,82,328.82,368.1,1.1787,0.6098,4.01,2169.0,-1840.18,64,376.64,368.1,1.2865,0.6094,5.885,1691.14,-1314.5,18,-47.82,211.9,0.909,0.6111,-2.657,477.86,-525.68,False
M200R5_0060,40,0.4,12,0.8,1.25,1.0,6,False,True,RTH,3,50,399.0,516.48,1.2176,0.64,7.98,2232.32,-1833.32,41,-155.34,516.48,0.9059,0.5854,-3.789,1496.24,-1651.58,9,554.34,181.74,4.0502,0.8889,61.593,736.08,-181.74,False
M200R5_1202,40,0.7,20,0.8,1.25,1.0,6,False,False,ALL,3,53,274.28,303.86,1.2009,0.5849,5.175,1639.56,-1365.28,38,-100.12,303.86,0.9039,0.5263,-2.635,941.2,-1041.32,15,374.4,213.18,2.1557,0.7333,24.96,698.36,-323.96,False
M200R5_0482,40,0.4,20,0.8,1.5,1.25,6,False,False,ALL,3,121,-214.54,1040.98,0.9485,0.5207,-1.773,3947.38,-4161.92,87,-271.38,1040.98,0.9036,0.4943,-3.119,2544.68,-2816.06,34,56.84,711.12,1.0422,0.5882,1.672,1402.7,-1345.86,False
M200R5_0945,40,0.7,12,0.8,1.5,1.5,12,False,True,PRE_RTH,1,23,426.98,443.74,1.4638,0.6957,18.564,1347.66,-920.68,19,-89.06,443.74,0.9033,0.6316,-4.687,831.62,-920.68,4,516.04,0.0,999.0,1.0,129.01,516.04,0.0,False
M200R5_0124,40,0.4,12,0.8,1.5,1.25,12,False,False,PRE_RTH,3,59,252.34,739.48,1.0913,0.6102,4.277,3016.36,-2764.02,50,-245.5,739.48,0.9006,0.58,-4.91,2225.54,-2471.04,9,497.84,217.74,2.6992,0.7778,55.316,790.82,-292.98,False
M200R5_0501,40,0.4,20,0.8,1.5,1.25,6,True,True,PRE_RTH,1,14,40.64,357.2,1.0564,0.5714,2.903,761.58,-720.94,12,-60.88,357.2,0.8998,0.5833,-5.073,546.82,-607.7,2,101.52,113.24,1.8965,0.5,50.76,214.76,-113.24,False
M200R5_0525,40,0.4,20,0.8,1.5,1.25,12,True,True,PRE_RTH,1,14,40.64,357.2,1.0564,0.5714,2.903,761.58,-720.94,12,-60.88,357.2,0.8998,0.5833,-5.073,546.82,-607.7,2,101.52,113.24,1.8965,0.5,50.76,214.76,-113.24,False
M200R5_0054,40,0.4,12,0.8,1.25,1.0,6,False,False,RTH,3,50,397.5,555.98,1.2168,0.64,7.95,2230.82,-1833.32,41,-165.84,555.98,0.8996,0.5854,-4.045,1485.74,-1651.58,9,563.34,181.74,4.0997,0.8889,62.593,745.08,-181.74,False
M200R5_0890,40,0.7,12,0.8,1.5,1.25,12,False,False,ALL,3,81,836.56,590.36,1.3054,0.6296,10.328,3575.76,-2739.2,57,-226.18,590.36,0.8994,0.5614,-3.968,2022.32,-2248.5,24,1062.74,229.48,3.1658,0.7917,44.281,1553.44,-490.7,False
M200R5_0944,40,0.7,12,0.8,1.5,1.5,12,False,True,ALL,3,82,610.82,609.96,1.2261,0.6341,7.449,3312.52,-2701.7,58,-222.42,609.96,0.8994,0.569,-3.835,1988.58,-2211.0,24,833.24,229.48,2.6981,0.7917,34.718,1323.94,-490.7,False
M200R5_0486,40,0.4,20,0.8,1.5,1.25,6,False,False,RTH,3,32,-53.18,458.98,0.9654,0.5625,-1.662,1484.18,-1537.36,26,-122.24,458.98,0.8987,0.5385,-4.702,1084.14,-1206.38,6,69.06,217.74,1.2087,0.6667,11.51,400.04,-330.98,False
M200R5_0412,40,0.4,20,0.8,1.0,0.75,12,False,False,PRE_RTH,3,49,-84.76,530.36,0.9459,0.5918,-1.73,1481.54,-1566.3,42,-137.08,530.36,0.8981,0.5714,-3.264,1207.74,-1344.82,7,52.32,145.74,1.2362,0.7143,7.474,273.8,-221.48,False
M200R5_0418,40,0.4,20,0.8,1.0,0.75,12,False,True,PRE_RTH,3,49,-84.76,530.36,0.9459,0.5918,-1.73,1481.54,-1566.3,42,-137.08,530.36,0.8981,0.5714,-3.264,1207.74,-1344.82,7,52.32,145.74,1.2362,0.7143,7.474,273.8,-221.48,False
M200R5_0566,40,0.4,20,0.8,1.5,1.5,12,True,False,ALL,3,52,25.02,705.3,1.0118,0.5385,0.481,2147.28,-2122.26,38,95.38,359.4,1.0666,0.5526,2.51,1528.46,-1433.08,14,-70.36,437.96,0.8979,0.5,-5.026,618.82,-689.18,False
M200R5_0547,40,0.4,20,0.8,1.5,1.5,6,True,True,ALL,1,38,-150.62,801.86,0.9028,0.5263,-3.964,1399.7,-1550.32,28,-109.72,512.9,0.8974,0.5714,-3.919,959.16,-1068.88,10,-40.9,288.96,0.915,0.4,-4.09,440.54,-481.44,False
M200R5_0052,40,0.4,12,0.8,1.25,1.0,6,False,False,PRE_RTH,3,64,288.14,794.38,1.126,0.5938,4.502,2575.38,-2287.24,54,-211.96,794.38,0.8962,0.5556,-3.925,1830.3,-2042.26,10,500.1,181.74,3.0414,0.8,50.01,745.08,-244.98,False
M200R5_0434,40,0.4,20,0.8,1.25,1.0,6,False,False,ALL,3,124,-346.76,932.98,0.9078,0.5403,-2.796,3414.92,-3761.68,88,-256.12,932.98,0.8956,0.5227,-2.91,2196.46,-2452.58,36,-90.64,584.86,0.9308,0.5833,-2.518,1218.46,-1309.1,False
M200R5_0410,40,0.4,20,0.8,1.0,0.75,12,False,False,ALL,3,130,11.8,735.96,1.0038,0.5923,0.091,3105.52,-3093.72,92,130.42,488.2,1.0665,0.587,1.418,2092.54,-1962.12,38,-118.62,700.86,0.8952,0.6053,-3.122,1012.98,-1131.6,False
M200R5_0467,40,0.4,20,0.8,1.25,1.0,12,False,True,RTH,1,26,-55.24,402.18,0.9524,0.6154,-2.125,1105.66,-1160.9,20,-98.3,402.18,0.8889,0.6,-4.915,786.12,-884.42,6,43.06,181.74,1.1557,0.6667,7.177,319.54,-276.48,False
M200R5_0602,40,0.4,20,1.1,1.0,0.75,12,False,False,ALL,3,82,339.82,368.1,1.1835,0.6098,4.144,2192.0,-1852.18,64,399.64,368.1,1.304,0.6094,6.244,1714.14,-1314.5,18,-59.82,223.9,0.8887,0.6111,-3.323,477.86,-537.68,False
M200R5_0608,40,0.4,20,1.1,1.0,0.75,12,False,True,ALL,3,82,339.82,368.1,1.1835,0.6098,4.144,2192.0,-1852.18,64,399.64,368.1,1.304,0.6094,6.244,1714.14,-1314.5,18,-59.82,223.9,0.8887,0.6111,-3.323,477.86,-537.68,False
M200R5_0108,40,0.4,12,0.8,1.5,1.25,6,False,True,RTH,3,49,343.24,394.16,1.185,0.6122,7.005,2198.8,-1855.56,40,-183.6,394.16,0.8879,0.55,-4.59,1454.22,-1637.82,9,526.84,217.74,3.4196,0.8889,58.538,744.58,-217.74,False
M200R5_0119,40,0.4,12,0.8,1.5,1.25,6,True,True,RTH,1,14,310.14,286.7,1.6061,0.6429,22.153,821.84,-511.7,12,-57.38,286.7,0.8879,0.5833,-4.782,454.32,-511.7,2,367.52,0.0,999.0,1.0,183.76,367.52,0.0,False
M200R5_0172,40,0.4,12,0.8,1.5,1.5,12,False,False,PRE_RTH,3,59,351.34,739.48,1.118,0.5593,5.955,3327.58,-2976.24,50,-307.0,739.48,0.8856,0.52,-6.14,2376.26,-2683.26,9,658.34,217.74,3.247,0.7778,73.149,951.32,-292.98,False
M200R5_0733,40,0.4,20,1.1,1.5,1.5,6,True,False,ALL,1,18,81.68,435.22,1.1049,0.5556,4.538,860.1,-778.42,14,-73.36,295.74,0.8852,0.5714,-5.24,565.58,-638.94,4,155.04,139.48,2.1116,0.5,38.76,294.52,-139.48,False
M200R5_0739,40,0.4,20,1.1,1.5,1.5,6,True,True,ALL,1,18,81.68,435.22,1.1049,0.5556,4.538,860.1,-778.42,14,-73.36,295.74,0.8852,0.5714,-5.24,565.58,-638.94,4,155.04,139.48,2.1116,0.5,38.76,294.52,-139.48,False
M200R5_0153,40,0.4,12,0.8,1.5,1.5,6,False,True,PRE_RTH,1,39,415.64,331.18,1.3387,0.5897,10.657,1642.98,-1227.34,31,-132.94,331.18,0.8846,0.5161,-4.288,1019.16,-1152.1,8,548.58,75.24,8.2911,0.875,68.572,623.82,-75.24,False
M200R5_0390,40,0.4,20,0.8,1.0,0.75,6,False,False,RTH,3,40,-121.1,554.22,0.914,0.6,-3.028,1286.24,-1407.34,34,-137.66,554.22,0.8839,0.5882,-4.049,1048.2,-1185.86,6,16.56,145.74,1.0748,0.6667,2.76,238.04,-221.48,False
M200R5_0396,40,0.4,20,0.8,1.0,0.75,6,False,True,RTH,3,40,-121.1,554.22,0.914,0.6,-3.028,1286.24,-1407.34,34,-137.66,554.22,0.8839,0.5882,-4.049,1048.2,-1185.86,6,16.56,145.74,1.0748,0.6667,2.76,238.04,-221.48,False
M200R5_0820,40,0.7,12,0.8,1.25,1.0,6,False,False,PRE_RTH,3,27,337.02,497.9,1.3379,0.6296,12.482,1334.42,-997.4,23,-117.02,497.9,0.8827,0.5652,-5.088,880.38,-997.4,4,454.04,0.0,999.0,1.0,113.51,454.04,0.0,False
M200R5_0826,40,0.7,12,0.8,1.25,1.0,6,False,True,PRE_RTH,3,27,328.02,497.9,1.3289,0.6296,12.149,1325.42,-997.4,23,-117.02,497.9,0.8827,0.5652,-5.088,880.38,-997.4,4,445.04,0.0,999.0,1.0,111.26,445.04,0.0,False
M200R5_0137,40,0.4,12,0.8,1.5,1.25,12,True,False,RTH,1,14,278.14,449.74,1.3699,0.7143,19.867,1030.1,-751.96,12,-89.38,449.74,0.8811,0.6667,-7.448,662.58,-751.96,2,367.52,0.0,999.0,1.0,183.76,367.52,0.0,False
M200R5_1329,40,0.7,20,0.8,1.5,1.5,12,False,True,PRE_RTH,1,16,211.16,417.74,1.2729,0.6875,13.197,984.86,-773.7,14,-93.36,417.74,0.8793,0.6429,-6.669,680.34,-773.7,2,304.52,0.0,999.0,1.0,152.26,304.52,0.0,False
M200R5_1330,40,0.7,20,0.8,1.5,1.5,12,False,True,PRE_RTH,3,16,211.16,417.74,1.2729,0.6875,13.197,984.86,-773.7,14,-93.36,417.74,0.8793,0.6429,-6.669,680.34,-773.7,2,304.52,0.0,999.0,1.0,152.26,304.52,0.0,False
M200R5_1471,40,0.7,20,1.1,1.5,1.25,12,False,True,ALL,1,26,256.26,308.2,1.3052,0.6538,9.856,1095.92,-839.66,20,-85.3,308.2,0.879,0.6,-4.265,619.62,-704.92,6,341.56,134.74,3.535,0.8333,56.927,476.3,-134.74,False
M200R5_1279,40,0.7,20,0.8,1.5,1.25,12,False,True,ALL,1,37,173.62,484.82,1.1379,0.6486,4.692,1432.24,-1258.62,27,-124.98,484.82,0.8786,0.5926,-4.629,904.16,-1029.14,10,298.6,156.46,2.3012,0.8,29.86,528.08,-229.48,False
M200R5_0100,40,0.4,12,0.8,1.5,1.25,6,False,False,PRE_RTH,3,60,84.1,510.44,1.0354,0.55,1.402,2458.08,-2373.98,51,-252.74,510.44,0.8782,0.5294,-4.956,1821.52,-2074.26,9,336.84,217.74,2.1238,0.6667,37.427,636.56,-299.72,False
M200R5_1280,40,0.7,20,0.8,1.5,1.25,12,False,True,ALL,3,52,226.02,506.0,1.1236,0.5962,4.347,2054.56,-1828.54,38,-175.62,501.36,0.8781,0.5526,-4.622,1265.46,-1441.08,14,401.64,268.18,2.0366,0.7143,28.689,789.1,-387.46,False
M200R5_1466,40,0.7,20,1.1,1.5,1.25,12,False,False,ALL,3,32,193.82,388.94,1.1787,0.5625,6.057,1278.18,-1084.36,24,-104.26,388.94,0.878,0.5,-4.344,750.62,-854.88,8,298.08,229.48,2.2989,0.75,37.26,527.56,-229.48,False
M200R5_1334,40,0.7,20,0.8,1.5,1.5,12,True,False,ALL,3,14,209.64,338.7,1.3797,0.5,14.974,761.82,-552.18,8,-41.42,338.7,0.8777,0.375,-5.177,297.28,-338.7,6,251.06,213.48,2.176,0.6667,41.843,464.54,-213.48,False
M200R5_1340,40,0.7,20,0.8,1.5,1.5,12,True,True,ALL,3,14,198.14,338.7,1.3588,0.5,14.153,750.32,-552.18,8,-41.42,338.7,0.8777,0.375,-5.177,297.28,-338.7,6,239.56,213.48,2.1222,0.6667,39.927,453.04,-213.48,False
M200R5_1316,40,0.7,20,0.8,1.5,1.5,6,True,True,ALL,3,14,127.14,403.66,1.2281,0.4286,9.081,684.56,-557.42,8,-41.42,338.7,0.8777,0.375,-5.177,297.28,-338.7,6,168.56,218.72,1.7707,0.5,28.093,387.28,-218.72,False
M200R5_1310,40,0.7,20,0.8,1.5,1.5,6,True,False,ALL,3,14,108.64,403.66,1.1949,0.4286,7.76,666.06,-557.42,8,-41.42,338.7,0.8777,0.375,-5.177,297.28,-338.7,6,150.06,218.72,1.6861,0.5,25.01,368.78,-218.72,False
M200R5_0764,40,0.4,20,1.1,1.5,1.5,12,True,True,ALL,3,22,-87.78,589.46,0.9212,0.5,-3.99,1026.86,-1114.64,17,-100.58,295.74,0.8775,0.5294,-5.916,720.34,-820.92,5,12.8,293.72,1.0436,0.4,2.56,306.52,-293.72,False
M200R5_0492,40,0.4,20,0.8,1.5,1.25,6,False,True,RTH,3,32,-172.18,458.98,0.888,0.5625,-5.381,1365.18,-1537.36,26,-149.24,458.98,0.8763,0.5385,-5.74,1057.14,-1206.38,6,-22.94,217.74,0.9307,0.6667,-3.823,308.04,-330.98,False
M200R5_0773,40,0.7,12,0.8,1.0,0.75,6,False,False,RTH,1,19,218.44,296.24,1.3789,0.6842,11.497,794.88,-576.44,15,-67.6,296.24,0.8759,0.6667,-4.507,477.1,-544.7,4,286.04,31.74,10.012,0.75,71.51,317.78,-31.74,False
M200R5_0779,40,0.7,12,0.8,1.0,0.75,6,False,True,RTH,1,19,218.44,296.24,1.3789,0.6842,11.497,794.88,-576.44,15,-67.6,296.24,0.8759,0.6667,-4.507,477.1,-544.7,4,286.04,31.74,10.012,0.75,71.51,317.78,-31.74,False
M200R5_0797,40,0.7,12,0.8,1.0,0.75,12,False,False,RTH,1,19,218.44,296.24,1.3789,0.6842,11.497,794.88,-576.44,15,-67.6,296.24,0.8759,0.6667,-4.507,477.1,-544.7,4,286.04,31.74,10.012,0.75,71.51,317.78,-31.74,False
M200R5_0803,40,0.7,12,0.8,1.0,0.75,12,False,True,RTH,1,19,218.44,296.24,1.3789,0.6842,11.497,794.88,-576.44,15,-67.6,296.24,0.8759,0.6667,-4.507,477.1,-544.7,4,286.04,31.74,10.012,0.75,71.51,317.78,-31.74,False
M200R5_0361,40,0.4,12,1.1,1.5,1.5,12,False,False,ALL,1,46,170.46,474.46,1.1063,0.4783,3.706,1774.72,-1604.26,35,244.6,335.82,1.2426,0.4571,6.989,1252.66,-1008.06,11,-74.14,474.46,0.8756,0.5455,-6.74,522.06,-596.2,False
M200R5_0156,40,0.4,12,0.8,1.5,1.5,6,False,True,RTH,3,49,359.74,479.66,1.1843,0.5918,7.342,2311.54,-1951.8,40,-217.6,479.66,0.8745,0.525,-5.44,1516.46,-1734.06,9,577.34,217.74,3.6515,0.8889,64.149,795.08,-217.74,False
M200R5_0914,40,0.7,12,0.8,1.5,1.5,6,False,False,ALL,3,81,630.56,646.6,1.2426,0.5556,7.785,3230.2,-2599.64,57,-262.18,646.6,0.8742,0.5088,-4.6,1821.54,-2083.72,24,892.74,229.48,2.7304,0.6667,37.197,1408.66,-515.92,False
M200R5_0946,40,0.7,12,0.8,1.5,1.5,12,False,True,PRE_RTH,3,25,385.0,443.74,1.3702,0.68,15.4,1424.92,-1039.92,21,-131.04,443.74,0.874,0.619,-6.24,908.88,-1039.92,4,516.04,0.0,999.0,1.0,129.01,516.04,0.0,False
M200R5_0416,40,0.4,20,0.8,1.0,0.75,12,False,True,ALL,3,130,-44.2,765.96,0.9857,0.5846,-0.34,3050.26,-3094.46,92,100.42,488.2,1.0512,0.5761,1.092,2063.28,-1962.86,38,-144.62,700.86,0.8722,0.6053,-3.806,986.98,-1131.6,False
M200R5_0057,40,0.4,12,0.8,1.25,1.0,6,False,True,PRE_RTH,1,39,413.64,412.54,1.3449,0.641,10.606,1613.0,-1199.36,31,-145.44,412.54,0.872,0.5806,-4.692,990.68,-1136.12,8,559.08,63.24,9.8406,0.875,69.885,622.32,-63.24,False
M200R5_0266,40,0.4,12,1.1,1.25,1.0,12,False,False,ALL,3,96,306.46,572.14,1.1059,0.5625,3.192,3200.54,-2894.08,72,429.22,361.84,1.2214,0.5694,5.961,2368.16,-1938.94,24,-122.76,572.14,0.8715,0.5417,-5.115,832.38,-955.14,False
M200R5_0447,40,0.4,20,0.8,1.25,1.0,6,True,False,PRE_RTH,1,14,10.64,302.2,1.0177,0.5714,0.76,612.58,-601.94,12,-65.88,302.2,0.8701,0.5833,-5.49,441.32,-507.2,2,76.52,94.74,1.8077,0.5,38.26,171.26,-94.74,False
M200R5_0453,40,0.4,20,0.8,1.25,1.0,6,True,True,PRE_RTH,1,14,10.64,302.2,1.0177,0.5714,0.76,612.58,-601.94,12,-65.88,302.2,0.8701,0.5833,-5.49,441.32,-507.2,2,76.52,94.74,1.8077,0.5,38.26,171.26,-94.74,False
M200R5_0471,40,0.4,20,0.8,1.25,1.0,12,True,False,PRE_RTH,1,14,10.64,302.2,1.0177,0.5714,0.76,612.58,-601.94,12,-65.88,302.2,0.8701,0.5833,-5.49,441.32,-507.2,2,76.52,94.74,1.8077,0.5,38.26,171.26,-94.74,False
M200R5_0477,40,0.4,20,0.8,1.25,1.0,12,True,True,PRE_RTH,1,14,10.64,302.2,1.0177,0.5714,0.76,612.58,-601.94,12,-65.88,302.2,0.8701,0.5833,-5.49,441.32,-507.2,2,76.52,94.74,1.8077,0.5,38.26,171.26,-94.74,False
M200R5_0851,40,0.7,12,0.8,1.25,1.0,12,False,True,RTH,1,19,356.44,370.24,1.5334,0.7368,18.76,1024.64,-668.2,15,-88.6,370.24,0.8674,0.6667,-5.907,579.6,-668.2,4,445.04,0.0,999.0,1.0,111.26,445.04,0.0,False
M200R5_0459,40,0.4,20,0.8,1.25,1.0,12,False,False,PRE_RTH,1,30,-149.7,554.1,0.8859,0.5667,-4.99,1161.92,-1311.62,23,-129.52,554.1,0.8667,0.5652,-5.631,842.38,-971.9,7,-20.18,181.74,0.9406,0.5714,-2.883,319.54,-339.72,False
M200R5_1208,40,0.7,20,0.8,1.25,1.0,6,False,True,ALL,3,53,225.28,315.5,1.1649,0.566,4.251,1591.3,-1366.02,38,-140.12,303.86,0.8655,0.5,-3.687,901.94,-1042.06,15,365.4,222.18,2.1279,0.7333,24.36,689.36,-323.96,False
M200R5_0440,40,0.4,20,0.8,1.25,1.0,6,False,True,ALL,3,124,-436.76,950.98,0.8839,0.5323,-3.522,3325.66,-3762.42,88,-337.12,950.98,0.8626,0.5114,-3.831,2116.2,-2453.32,36,-99.64,593.86,0.9239,0.5833,-2.768,1209.46,-1309.1,False
M200R5_1443,40,0.7,20,1.1,1.5,1.25,6,False,False,PRE_RTH,1,10,160.6,199.48,1.4213,0.5,16.06,541.8,-381.2,9,-54.16,199.48,0.8579,0.4444,-6.018,327.04,-381.2,1,214.76,0.0,999.0,1.0,214.76,214.76,0.0,False
M200R5_1444,40,0.7,20,1.1,1.5,1.25,6,False,False,PRE_RTH,3,10,160.6,199.48,1.4213,0.5,16.06,541.8,-381.2,9,-54.16,199.48,0.8579,0.4444,-6.018,327.04,-381.2,1,214.76,0.0,999.0,1.0,214.76,214.76,0.0,False
M200R5_1449,40,0.7,20,1.1,1.5,1.25,6,False,True,PRE_RTH,1,10,160.6,199.48,1.4213,0.5,16.06,541.8,-381.2,9,-54.16,199.48,0.8579,0.4444,-6.018,327.04,-381.2,1,214.76,0.0,999.0,1.0,214.76,214.76,0.0,False
M200R5_1450,40,0.7,20,1.1,1.5,1.25,6,False,True,PRE_RTH,3,10,160.6,199.48,1.4213,0.5,16.06,541.8,-381.2,9,-54.16,199.48,0.8579,0.4444,-6.018,327.04,-381.2,1,214.76,0.0,999.0,1.0,214.76,214.76,0.0,False
M200R5_0571,40,0.4,20,0.8,1.5,1.5,12,True,True,ALL,1,38,-100.62,789.86,0.9363,0.5789,-2.648,1478.22,-1578.84,28,-158.72,512.9,0.8576,0.5714,-5.669,956.16,-1114.88,10,58.1,342.72,1.1252,0.6,5.81,522.06,-463.96,False
M200R5_0402,40,0.4,20,0.8,1.0,0.75,6,True,False,RTH,3,15,-22.6,403.98,0.9625,0.6667,-1.507,580.1,-602.7,13,-75.12,403.98,0.8574,0.6923,-5.778,451.84,-526.96,2,52.52,75.74,1.6934,0.5,26.26,128.26,-75.74,False
M200R5_0408,40,0.4,20,0.8,1.0,0.75,6,True,True,RTH,3,15,-22.6,403.98,0.9625,0.6667,-1.507,580.1,-602.7,13,-75.12,403.98,0.8574,0.6923,-5.778,451.84,-526.96,2,52.52,75.74,1.6934,0.5,26.26,128.26,-75.74,False
M200R5_0426,40,0.4,20,0.8,1.0,0.75,12,True,False,RTH,3,15,-22.6,403.98,0.9625,0.6667,-1.507,580.1,-602.7,13,-75.12,403.98,0.8574,0.6923,-5.778,451.84,-526.96,2,52.52,75.74,1.6934,0.5,26.26,128.26,-75.74,False
M200R5_0432,40,0.4,20,0.8,1.0,0.75,12,True,True,RTH,3,15,-22.6,403.98,0.9625,0.6667,-1.507,580.1,-602.7,13,-75.12,403.98,0.8574,0.6923,-5.778,451.84,-526.96,2,52.52,75.74,1.6934,0.5,26.26,128.26,-75.74,False
M200R5_0177,40,0.4,12,0.8,1.5,1.5,12,False,True,PRE_RTH,1,39,359.64,443.74,1.2575,0.6667,9.222,1756.26,-1396.62,31,-188.94,443.74,0.857,0.6129,-6.095,1132.44,-1321.38,8,548.58,75.24,8.2911,0.875,68.572,623.82,-75.24,False
M200R5_0458,40,0.4,20,0.8,1.25,1.0,12,False,False,ALL,3,123,-355.52,990.98,0.9113,0.5528,-2.89,3654.18,-4009.7,87,-385.88,990.98,0.8567,0.5287,-4.435,2307.46,-2693.34,36,30.36,613.86,1.0231,0.6111,0.843,1346.72,-1316.36,False
M200R5_0947,40,0.7,12,0.8,1.5,1.5,12,False,True,RTH,1,19,400.94,443.74,1.5007,0.7368,21.102,1201.64,-800.7,15,-115.1,443.74,0.8563,0.6667,-7.673,685.6,-800.7,4,516.04,0.0,999.0,1.0,129.01,516.04,0.0,False
M200R5_0386,40,0.4,20,0.8,1.0,0.75,6,False,False,ALL,3,130,62.3,656.86,1.021,0.5769,0.479,3025.0,-2962.7,92,221.92,373.7,1.1197,0.5761,2.412,2075.28,-1853.36,38,-159.62,656.86,0.8561,0.5789,-4.201,949.72,-1109.34,False
M200R5_0392,40,0.4,20,0.8,1.0,0.75,6,False,True,ALL,3,130,32.3,656.86,1.0109,0.5692,0.248,2995.74,-2963.44,92,191.92,373.7,1.1035,0.5652,2.086,2046.02,-1854.1,38,-159.62,656.86,0.8561,0.5789,-4.201,949.72,-1109.34,False
M200R5_1275,40,0.7,20,0.8,1.5,1.25,12,False,False,PRE_RTH,1,16,140.66,417.74,1.1818,0.6875,8.791,914.36,-773.7,14,-112.86,417.74,0.8541,0.6429,-8.061,660.84,-773.7,2,253.52,0.0,999.0,1.0,126.76,253.52,0.0,False
M200R5_1276,40,0.7,20,0.8,1.5,1.25,12,False,False,PRE_RTH,3,16,140.66,417.74,1.1818,0.6875,8.791,914.36,-773.7,14,-112.86,417.74,0.8541,0.6429,-8.061,660.84,-773.7,2,253.52,0.0,999.0,1.0,126.76,253.52,0.0,False
M200R5_1021,40,0.7,12,1.1,1.25,1.0,6,True,False,ALL,1,11,226.86,129.7,1.8863,0.6364,20.624,482.82,-255.96,6,-23.44,115.98,0.8528,0.5,-3.907,135.78,-159.22,5,250.3,96.74,3.5873,0.8,50.06,347.04,-96.74,False
M200R5_1027,40,0.7,12,1.1,1.25,1.0,6,True,True,ALL,1,11,219.86,129.7,1.859,0.6364,19.987,475.82,-255.96,6,-23.44,115.98,0.8528,0.5,-3.907,135.78,-159.22,5,243.3,96.74,3.515,0.8,48.66,340.04,-96.74,False
M200R5_0772,40,0.7,12,0.8,1.0,0.75,6,False,False,PRE_RTH,3,31,175.56,375.06,1.1876,0.6129,5.663,1111.44,-935.88,26,-133.24,375.06,0.8526,0.5769,-5.125,770.9,-904.14,5,308.8,31.74,10.729,0.8,61.76,340.54,-31.74,False
M200R5_0778,40,0.7,12,0.8,1.0,0.75,6,False,True,PRE_RTH,3,31,175.56,375.06,1.1876,0.6129,5.663,1111.44,-935.88,26,-133.24,375.06,0.8526,0.5769,-5.125,770.9,-904.14,5,308.8,31.74,10.729,0.8,61.76,340.54,-31.74,False
M200R5_0796,40,0.7,12,0.8,1.0,0.75,12,False,False,PRE_RTH,3,31,175.56,375.06,1.1876,0.6129,5.663,1111.44,-935.88,26,-133.24,375.06,0.8526,0.5769,-5.125,770.9,-904.14,5,308.8,31.74,10.729,0.8,61.76,340.54,-31.74,False
M200R5_0802,40,0.7,12,0.8,1.0,0.75,12,False,True,PRE_RTH,3,31,175.56,375.06,1.1876,0.6129,5.663,1111.44,-935.88,26,-133.24,375.06,0.8526,0.5769,-5.125,770.9,-904.14,5,308.8,31.74,10.729,0.8,61.76,340.54,-31.74,False
M200R5_0242,40,0.4,12,1.1,1.25,1.0,6,False,False,ALL,3,97,414.22,543.14,1.1572,0.567,4.27,3048.8,-2634.58,73,551.98,448.56,1.3231,0.5753,7.561,2260.42,-1708.44,24,-137.76,543.14,0.8513,0.5417,-5.74,788.38,-926.14,False
M200R5_0248,40,0.4,12,1.1,1.25,1.0,6,False,True,ALL,3,97,396.22,543.14,1.1504,0.567,4.085,3030.8,-2634.58,73,533.98,448.56,1.3126,0.5753,7.315,2242.42,-1708.44,24,-137.76,543.14,0.8513,0.5417,-5.74,788.38,-926.14,False
M200R5_0388,40,0.4,20,0.8,1.0,0.75,6,False,False,PRE_RTH,3,50,-162.0,607.6,0.9014,0.58,-3.24,1481.54,-1643.54,43,-214.32,607.6,0.8493,0.5581,-4.984,1207.74,-1422.06,7,52.32,145.74,1.2362,0.7143,7.474,273.8,-221.48,False
M200R5_0394,40,0.4,20,0.8,1.0,0.75,6,False,True,PRE_RTH,3,50,-162.0,607.6,0.9014,0.58,-3.24,1481.54,-1643.54,43,-214.32,607.6,0.8493,0.5581,-4.984,1207.74,-1422.06,7,52.32,145.74,1.2362,0.7143,7.474,273.8,-221.48,False
M200R5_0107,40,0.4,12,0.8,1.5,1.25,6,False,True,RTH,1,36,429.86,318.36,1.3812,0.6389,11.941,1557.48,-1127.62,29,-172.46,318.36,0.8471,0.5517,-5.947,955.16,-1127.62,7,602.32,0.0,999.0,1.0,86.046,602.32,0.0,False
M200R5_0101,40,0.4,12,0.8,1.5,1.25,6,False,False,RTH,1,36,456.36,340.36,1.4023,0.6111,12.677,1590.72,-1134.36,29,-173.46,340.36,0.8462,0.5517,-5.981,954.16,-1127.62,7,629.82,6.74,94.4451,0.8571,89.974,636.56,-6.74,False
M200R5_0438,40,0.4,20,0.8,1.25,1.0,6,False,False,RTH,3,34,-133.16,409.4,0.9055,0.5588,-3.916,1275.94,-1409.1,28,-176.22,409.4,0.8444,0.5357,-6.294,956.4,-1132.62,6,43.06,181.74,1.1557,0.6667,7.177,319.54,-276.48,False
M200R5_0444,40,0.4,20,0.8,1.25,1.0,6,False,True,RTH,3,34,-133.16,409.4,0.9055,0.5588,-3.916,1275.94,-1409.1,28,-176.22,409.4,0.8444,0.5357,-6.294,956.4,-1132.62,6,43.06,181.74,1.1557,0.6667,7.177,319.54,-276.48,False
M200R5_0148,40,0.4,12,0.8,1.5,1.5,6,False,False,PRE_RTH,3,60,58.6,734.94,1.0231,0.4833,0.977,2598.54,-2539.94,51,-348.24,734.94,0.8436,0.4706,-6.828,1877.74,-2225.98,9,406.84,217.74,2.2958,0.5556,45.204,720.8,-313.96,False
M200R5_0900,40,0.7,12,0.8,1.5,1.25,12,False,True,RTH,3,20,347.7,443.74,1.4342,0.75,17.385,1148.4,-800.7,16,-125.34,443.74,0.8435,0.6875,-7.834,675.36,-800.7,4,473.04,0.0,999.0,1.0,118.26,473.04,0.0,False
M200R5_1283,40,0.7,20,0.8,1.5,1.25,12,False,True,RTH,1,13,156.38,417.74,1.2542,0.7692,12.029,771.6,-615.22,11,-97.14,417.74,0.8421,0.7273,-8.831,518.08,-615.22,2,253.52,0.0,999.0,1.0,126.76,253.52,0.0,False
M200R5_1284,40,0.7,20,0.8,1.5,1.25,12,False,True,RTH,3,13,156.38,417.74,1.2542,0.7692,12.029,771.6,-615.22,11,-97.14,417.74,0.8421,0.7273,-8.831,518.08,-615.22,2,253.52,0.0,999.0,1.0,126.76,253.52,0.0,False
M200R5_0436,40,0.4,20,0.8,1.25,1.0,6,False,False,PRE_RTH,3,43,-241.32,555.28,0.8604,0.5349,-5.612,1487.48,-1728.8,36,-221.14,555.28,0.8408,0.5278,-6.143,1167.94,-1389.08,7,-20.18,181.74,0.9406,0.5714,-2.883,319.54,-339.72,False
M200R5_0442,40,0.4,20,0.8,1.25,1.0,6,False,True,PRE_RTH,3,43,-241.32,555.28,0.8604,0.5349,-5.612,1487.48,-1728.8,36,-221.14,555.28,0.8408,0.5278,-6.143,1167.94,-1389.08,7,-20.18,181.74,0.9406,0.5714,-2.883,319.54,-339.72,False
M200R5_0154,40,0.4,12,0.8,1.5,1.5,6,False,True,PRE_RTH,3,61,156.36,662.38,1.0635,0.5574,2.563,2619.84,-2463.48,51,-345.74,662.38,0.8407,0.5098,-6.779,1824.76,-2170.5,10,502.1,217.74,2.7138,0.8,50.21,795.08,-292.98,False
M200R5_0131,40,0.4,12,0.8,1.5,1.25,12,False,True,RTH,1,36,386.36,502.36,1.291,0.7222,10.732,1714.26,-1327.9,29,-215.96,502.36,0.8374,0.6552,-7.447,1111.94,-1327.9,7,602.32,0.0,999.0,1.0,86.046,602.32,0.0,True
M200R5_0194,40,0.4,12,1.1,1.0,0.75,6,False,False,ALL,3,101,488.26,477.64,1.216,0.6337,4.834,2748.64,-2260.38,75,622.0,286.98,1.4305,0.6533,8.293,2066.74,-1444.74,26,-133.74,477.64,0.836,0.5769,-5.144,681.9,-815.64,True
M200R5_0200,40,0.4,12,1.1,1.0,0.75,6,False,True,ALL,3,101,488.26,477.64,1.216,0.6337,4.834,2748.64,-2260.38,75,622.0,286.98,1.4305,0.6533,8.293,2066.74,-1444.74,26,-133.74,477.64,0.836,0.5769,-5.144,681.9,-815.64,True
M200R5_0106,40,0.4,12,0.8,1.5,1.25,6,False,True,PRE_RTH,3,61,108.36,576.88,1.0458,0.5738,1.776,2475.6,-2367.24,51,-343.24,576.88,0.8345,0.5294,-6.73,1731.02,-2074.26,10,451.6,217.74,2.5414,0.8,45.16,744.58,-292.98,False
M200R5_0183,40,0.4,12,0.8,1.5,1.5,12,True,False,PRE_RTH,1,18,204.68,449.74,1.1972,0.5556,11.371,1242.6,-1037.92,15,-161.1,449.74,0.8327,0.5333,-10.74,801.58,-962.68,3,365.78,75.24,5.8615,0.6667,121.927,441.02,-75.24,False
M200R5_0147,40,0.4,12,0.8,1.5,1.5,6,False,False,PRE_RTH,1,39,421.64,366.54,1.3234,0.4872,10.811,1725.44,-1303.8,31,-202.94,366.54,0.8319,0.4516,-6.546,1004.64,-1207.58,8,624.58,81.98,7.4912,0.625,78.072,720.8,-96.22,False
M200R5_0758,40,0.4,20,1.1,1.5,1.5,12,True,False,ALL,3,22,-153.28,589.46,0.8645,0.4545,-6.967,978.1,-1131.38,17,-100.58,295.74,0.8775,0.5294,-5.916,720.34,-820.92,5,-52.7,293.72,0.8303,0.2,-10.54,257.76,-310.46,False
M200R5_0465,40,0.4,20,0.8,1.25,1.0,12,False,True,PRE_RTH,1,30,-185.7,590.1,0.8584,0.5667,-6.19,1125.92,-1311.62,23,-165.52,590.1,0.8297,0.5652,-7.197,806.38,-971.9,7,-20.18,181.74,0.9406,0.5714,-2.883,319.54,-339.72,False
M200R5_0159,40,0.4,12,0.8,1.5,1.5,6,True,False,PRE_RTH,1,18,240.68,373.18,1.3017,0.5,13.371,1038.34,-797.66,15,-125.1,373.18,0.8268,0.4667,-8.34,597.32,-722.42,3,365.78,75.24,5.8615,0.6667,121.927,441.02,-75.24,False
M200R5_0272,40,0.4,12,1.1,1.25,1.0,12,False,True,ALL,3,96,236.46,572.14,1.0823,0.5729,2.463,3108.3,-2871.84,72,403.22,357.84,1.2104,0.5833,5.6,2319.92,-1916.7,24,-166.76,572.14,0.8254,0.5417,-6.948,788.38,-955.14,False
M200R5_1285,40,0.7,20,0.8,1.5,1.25,12,True,False,ALL,1,12,217.12,299.46,1.5223,0.5833,18.093,632.82,-415.7,7,-52.68,299.46,0.8241,0.4286,-7.526,246.78,-299.46,5,269.8,116.24,3.3211,0.8,53.96,386.04,-116.24,False
M200R5_1291,40,0.7,20,0.8,1.5,1.25,12,True,True,ALL,1,12,217.12,299.46,1.5223,0.5833,18.093,632.82,-415.7,7,-52.68,299.46,0.8241,0.4286,-7.526,246.78,-299.46,5,269.8,116.24,3.3211,0.8,53.96,386.04,-116.24,False
M200R5_1261,40,0.7,20,0.8,1.5,1.25,6,True,False,ALL,1,12,157.62,299.46,1.3744,0.5,13.135,578.56,-420.94,7,-52.68,299.46,0.8241,0.4286,-7.526,246.78,-299.46,5,210.3,121.48,2.7311,0.6,42.06,331.78,-121.48,False
M200R5_1267,40,0.7,20,0.8,1.5,1.25,6,True,True,ALL,1,12,157.62,299.46,1.3744,0.5,13.135,578.56,-420.94,7,-52.68,299.46,0.8241,0.4286,-7.526,246.78,-299.46,5,210.3,121.48,2.7311,0.6,42.06,331.78,-121.48,False
M200R5_0409,40,0.4,20,0.8,1.0,0.75,12,False,False,ALL,1,53,-180.22,385.06,0.8544,0.5472,-3.4,1057.54,-1237.76,37,-136.88,385.06,0.8236,0.5135,-3.699,638.94,-775.82,16,-43.34,340.42,0.9062,0.625,-2.709,418.6,-461.94,False
M200R5_0415,40,0.4,20,0.8,1.0,0.75,12,False,True,ALL,1,53,-180.22,385.06,0.8544,0.5472,-3.4,1057.54,-1237.76,37,-136.88,385.06,0.8236,0.5135,-3.699,638.94,-775.82,16,-43.34,340.42,0.9062,0.625,-2.709,418.6,-461.94,False
M200R5_0051,40,0.4,12,0.8,1.25,1.0,6,False,False,PRE_RTH,1,39,358.64,489.04,1.2882,0.6154,9.196,1603.24,-1244.6,31,-209.44,489.04,0.8227,0.5484,-6.756,971.92,-1181.36,8,568.08,63.24,9.9829,0.875,71.01,631.32,-63.24,False
M200R5_1273,40,0.7,20,0.8,1.5,1.25,12,False,False,ALL,1,37,122.62,427.82,1.0914,0.6216,3.314,1463.48,-1340.86,27,-201.48,427.82,0.8187,0.5556,-7.462,909.9,-1111.38,10,324.1,136.46,2.4123,0.8,32.41,553.58,-229.48,False
M200R5_1229,40,0.7,20,0.8,1.25,1.0,12,False,False,RTH,1,13,102.88,348.24,1.1884,0.6923,7.914,648.84,-545.96,11,-99.14,348.24,0.8184,0.6364,-9.013,446.82,-545.96,2,202.02,0.0,999.0,1.0,101.01,202.02,0.0,False
M200R5_1230,40,0.7,20,0.8,1.25,1.0,12,False,False,RTH,3,13,102.88,348.24,1.1884,0.6923,7.914,648.84,-545.96,11,-99.14,348.24,0.8184,0.6364,-9.013,446.82,-545.96,2,202.02,0.0,999.0,1.0,101.01,202.02,0.0,False
M200R5_0842,40,0.7,12,0.8,1.25,1.0,12,False,False,ALL,3,87,228.62,811.9,1.0844,0.6092,2.628,2937.28,-2708.66,62,-406.38,811.9,0.8137,0.5484,-6.555,1774.84,-2181.22,25,635.0,191.98,2.2039,0.76,25.4,1162.44,-527.44,False
M200R5_0819,40,0.7,12,0.8,1.25,1.0,6,False,False,PRE_RTH,1,23,296.48,370.24,1.3507,0.6522,12.89,1141.9,-845.42,19,-157.56,370.24,0.8136,0.5789,-8.293,687.86,-845.42,4,454.04,0.0,999.0,1.0,113.51,454.04,0.0,False
M200R5_0825,40,0.7,12,0.8,1.25,1.0,6,False,True,PRE_RTH,1,23,287.48,370.24,1.34,0.6522,12.499,1132.9,-845.42,19,-157.56,370.24,0.8136,0.5789,-8.293,687.86,-845.42,4,445.04,0.0,999.0,1.0,111.26,445.04,0.0,False
M200R5_0464,40,0.4,20,0.8,1.25,1.0,12,False,True,ALL,3,123,-550.52,1065.24,0.8627,0.5447,-4.476,3459.92,-4010.44,87,-502.88,1044.98,0.8133,0.5172,-5.78,2191.2,-2694.08,36,-47.64,622.86,0.9638,0.6111,-1.323,1268.72,-1316.36,False
M200R5_0872,40,0.7,12,0.8,1.5,1.25,6,False,True,ALL,3,82,429.82,665.52,1.1733,0.622,5.242,2910.26,-2480.44,58,-372.92,665.52,0.8126,0.5517,-6.43,1616.82,-1989.74,24,802.74,229.48,2.6359,0.7917,33.447,1293.44,-490.7,False
M200R5_0399,40,0.4,20,0.8,1.0,0.75,6,True,False,PRE_RTH,1,14,-25.86,248.7,0.9465,0.5714,-1.847,457.08,-482.94,12,-78.38,248.7,0.8075,0.5833,-6.532,328.82,-407.2,2,52.52,75.74,1.6934,0.5,26.26,128.26,-75.74,False
M200R5_0405,40,0.4,20,0.8,1.0,0.75,6,True,True,PRE_RTH,1,14,-25.86,248.7,0.9465,0.5714,-1.847,457.08,-482.94,12,-78.38,248.7,0.8075,0.5833,-6.532,328.82,-407.2,2,52.52,75.74,1.6934,0.5,26.26,128.26,-75.74,False
M200R5_0423,40,0.4,20,0.8,1.0,0.75,12,True,False,PRE_RTH,1,14,-25.86,248.7,0.9465,0.5714,-1.847,457.08,-482.94,12,-78.38,248.7,0.8075,0.5833,-6.532,328.82,-407.2,2,52.52,75.74,1.6934,0.5,26.26,128.26,-75.74,False
M200R5_0429,40,0.4,20,0.8,1.0,0.75,12,True,True,PRE_RTH,1,14,-25.86,248.7,0.9465,0.5714,-1.847,457.08,-482.94,12,-78.38,248.7,0.8075,0.5833,-6.532,328.82,-407.2,2,52.52,75.74,1.6934,0.5,26.26,128.26,-75.74,False
M200R5_0897,40,0.7,12,0.8,1.5,1.25,12,False,True,PRE_RTH,1,23,294.98,443.74,1.3204,0.6957,12.825,1215.66,-920.68,19,-178.06,443.74,0.8066,0.6316,-9.372,742.62,-920.68,4,473.04,0.0,999.0,1.0,118.26,473.04,0.0,False
M200R5_0529,40,0.4,20,0.8,1.5,1.5,6,False,False,ALL,1,53,-136.72,631.2,0.9237,0.4717,-2.58,1654.5,-1791.22,37,-211.88,631.2,0.8058,0.4054,-5.726,878.9,-1090.78,16,75.16,481.44,1.1073,0.625,4.698,775.6,-700.44,False
M200R5_0149,40,0.4,12,0.8,1.5,1.5,6,False,False,RTH,1,36,461.86,386.38,1.371,0.5556,12.829,1706.7,-1244.84,29,-237.96,386.38,0.8056,0.5172,-8.206,985.9,-1223.86,7,699.82,14.24,34.3565,0.7143,99.974,720.8,-20.98,False
M200R5_0524,40,0.4,20,0.8,1.5,1.25,12,True,True,ALL,3,52,-308.48,807.8,0.8535,0.5577,-5.932,1797.04,-2105.52,38,-176.12,424.1,0.8771,0.5526,-4.635,1256.96,-1433.08,14,-132.36,437.96,0.8032,0.5714,-9.454,540.08,-672.44,False
M200R5_0182,40,0.4,12,0.8,1.5,1.5,12,True,False,ALL,3,68,196.68,999.1,1.0682,0.5294,2.892,3079.86,-2883.18,50,-462.5,846.9,0.8025,0.48,-9.25,1879.24,-2341.74,18,659.18,342.22,2.2175,0.6667,36.621,1200.62,-541.44,False
M200R5_0003,40,0.4,12,0.8,1.0,0.75,6,False,False,PRE_RTH,1,39,253.14,390.54,1.2434,0.641,6.491,1293.0,-1039.86,31,-199.94,390.54,0.8017,0.5806,-6.45,808.18,-1008.12,8,453.08,31.74,15.2747,0.875,56.635,484.82,-31.74,False
M200R5_0027,40,0.4,12,0.8,1.0,0.75,12,False,False,PRE_RTH,1,39,253.14,390.54,1.2434,0.641,6.491,1293.0,-1039.86,31,-199.94,390.54,0.8017,0.5806,-6.45,808.18,-1008.12,8,453.08,31.74,15.2747,0.875,56.635,484.82,-31.74,False
M200R5_0385,40,0.4,20,0.8,1.0,0.75,6,False,False,ALL,1,53,-203.22,408.06,0.8385,0.5283,-3.834,1054.78,-1258.0,37,-159.88,408.06,0.7992,0.4865,-4.321,636.18,-796.06,16,-43.34,340.42,0.9062,0.625,-2.709,418.6,-461.94,False
M200R5_0391,40,0.4,20,0.8,1.0,0.75,6,False,True,ALL,1,53,-203.22,408.06,0.8385,0.5283,-3.834,1054.78,-1258.0,37,-159.88,408.06,0.7992,0.4865,-4.321,636.18,-796.06,16,-43.34,340.42,0.9062,0.625,-2.709,418.6,-461.94,False
M200R5_0009,40,0.4,12,0.8,1.0,0.75,6,False,True,PRE_RTH,1,39,250.14,390.54,1.2406,0.641,6.414,1290.0,-1039.86,31,-202.94,390.54,0.7987,0.5806,-6.546,805.18,-1008.12,8,453.08,31.74,15.2747,0.875,56.635,484.82,-31.74,False
M200R5_0033,40,0.4,12,0.8,1.0,0.75,12,False,True,PRE_RTH,1,39,250.14,390.54,1.2406,0.641,6.414,1290.0,-1039.86,31,-202.94,390.54,0.7987,0.5806,-6.546,805.18,-1008.12,8,453.08,31.74,15.2747,0.875,56.635,484.82,-31.74,False
M200R5_0763,40,0.4,20,1.1,1.5,1.5,12,True,True,ALL,1,18,-37.32,494.22,0.9587,0.5,-2.073,866.34,-903.66,14,-145.36,295.74,0.7939,0.5,-10.383,559.82,-705.18,4,108.04,198.48,1.5443,0.5,27.01,306.52,-198.48,False
M200R5_0757,40,0.4,20,1.1,1.5,1.5,12,True,False,ALL,1,18,-102.82,494.22,0.8883,0.4444,-5.712,817.58,-920.4,14,-145.36,295.74,0.7939,0.5,-10.383,559.82,-705.18,4,42.54,198.48,1.1977,0.25,10.635,257.76,-215.22,False
M200R5_0218,40,0.4,12,1.1,1.0,0.75,12,False,False,ALL,3,101,467.26,521.64,1.2028,0.6337,4.626,2771.64,-2304.38,75,645.0,286.98,1.4464,0.6533,8.6,2089.74,-1444.74,26,-177.74,521.64,0.7932,0.5769,-6.836,681.9,-859.64,False
M200R5_0224,40,0.4,12,1.1,1.0,0.75,12,False,True,ALL,3,101,452.76,521.64,1.1965,0.6337,4.483,2757.14,-2304.38,75,630.5,286.98,1.4364,0.6533,8.407,2075.24,-1444.74,26,-177.74,521.64,0.7932,0.5769,-6.836,681.9,-859.64,False
M200R5_0537,40,0.4,20,0.8,1.5,1.5,6,False,True,PRE_RTH,1,30,199.3,266.2,1.1771,0.5667,6.643,1324.42,-1125.12,23,283.48,266.2,1.3943,0.5652,12.325,1002.38,-718.9,7,-84.18,248.46,0.7928,0.5714,-12.026,322.04,-406.22,False
M200R5_0538,40,0.4,20,0.8,1.5,1.5,6,False,True,PRE_RTH,3,40,-19.1,493.88,0.9895,0.55,-0.477,1801.72,-1820.82,33,65.08,493.88,1.046,0.5455,1.972,1479.68,-1414.6,7,-84.18,248.46,0.7928,0.5714,-12.026,322.04,-406.22,False
M200R5_0561,40,0.4,20,0.8,1.5,1.5,12,False,True,PRE_RTH,1,30,-56.7,563.66,0.9625,0.6,-1.89,1456.68,-1513.38,23,27.48,563.66,1.0248,0.6087,1.195,1134.64,-1107.16,7,-84.18,248.46,0.7928,0.5714,-12.026,322.04,-406.22,False
M200R5_0562,40,0.4,20,0.8,1.5,1.5,12,False,True,PRE_RTH,3,37,77.62,483.64,1.0436,0.5946,2.098,1858.22,-1780.6,30,161.8,483.64,1.1177,0.6,5.393,1536.18,-1374.38,7,-84.18,248.46,0.7928,0.5714,-12.026,322.04,-406.22,False
M200R5_1226,40,0.7,20,0.8,1.25,1.0,12,False,False,ALL,3,53,96.28,468.24,1.0582,0.5849,1.817,1751.06,-1654.78,38,-278.12,468.24,0.791,0.5263,-7.319,1052.7,-1330.82,15,374.4,213.18,2.1557,0.7333,24.96,698.36,-323.96,False
M200R5_1465,40,0.7,20,1.1,1.5,1.25,12,False,False,ALL,1,26,183.76,328.7,1.2069,0.5769,7.068,1071.9,-888.14,20,-157.8,328.7,0.7905,0.5,-7.89,595.6,-753.4,6,341.56,134.74,3.535,0.8333,56.927,476.3,-134.74,False
M200R5_1213,40,0.7,20,0.8,1.25,1.0,6,True,False,ALL,1,12,158.12,249.96,1.4561,0.5833,13.177,504.82,-346.7,7,-53.18,249.96,0.7872,0.4286,-7.597,196.78,-249.96,5,211.3,96.74,3.1842,0.8,42.26,308.04,-96.74,False
M200R5_1219,40,0.7,20,0.8,1.25,1.0,6,True,True,ALL,1,12,158.12,249.96,1.4561,0.5833,13.177,504.82,-346.7,7,-53.18,249.96,0.7872,0.4286,-7.597,196.78,-249.96,5,211.3,96.74,3.1842,0.8,42.26,308.04,-96.74,False
M200R5_1237,40,0.7,20,0.8,1.25,1.0,12,True,False,ALL,1,12,158.12,249.96,1.4561,0.5833,13.177,504.82,-346.7,7,-53.18,249.96,0.7872,0.4286,-7.597,196.78,-249.96,5,211.3,96.74,3.1842,0.8,42.26,308.04,-96.74,False
M200R5_1243,40,0.7,20,0.8,1.25,1.0,12,True,True,ALL,1,12,158.12,249.96,1.4561,0.5833,13.177,504.82,-346.7,7,-53.18,249.96,0.7872,0.4286,-7.597,196.78,-249.96,5,211.3,96.74,3.1842,0.8,42.26,308.04,-96.74,False
M200R5_0184,40,0.4,12,0.8,1.5,1.5,12,True,False,PRE_RTH,3,21,97.46,745.48,1.0731,0.5714,4.641,1431.12,-1333.66,18,-268.32,745.48,0.7868,0.5556,-14.907,990.1,-1258.42,3,365.78,75.24,5.8615,0.6667,121.927,441.02,-75.24,False
M200R5_0896,40,0.7,12,0.8,1.5,1.25,12,False,True,ALL,3,82,330.82,720.4,1.1224,0.6341,4.034,3032.52,-2701.7,58,-471.92,720.4,0.7866,0.569,-8.137,1739.08,-2211.0,24,802.74,229.48,2.6359,0.7917,33.447,1293.44,-490.7,False
M200R5_0351,40,0.4,12,1.1,1.5,1.5,6,True,False,PRE_RTH,1,8,84.08,295.74,1.1587,0.5,10.51,614.04,-529.96,6,-98.44,295.74,0.7835,0.5,-16.407,356.28,-454.72,2,182.52,75.24,3.4258,0.5,91.26,257.76,-75.24,False
M200R5_0352,40,0.4,12,1.1,1.5,1.5,6,True,False,PRE_RTH,3,8,84.08,295.74,1.1587,0.5,10.51,614.04,-529.96,6,-98.44,295.74,0.7835,0.5,-16.407,356.28,-454.72,2,182.52,75.24,3.4258,0.5,91.26,257.76,-75.24,False
M200R5_0357,40,0.4,12,1.1,1.5,1.5,6,True,True,PRE_RTH,1,8,84.08,295.74,1.1587,0.5,10.51,614.04,-529.96,6,-98.44,295.74,0.7835,0.5,-16.407,356.28,-454.72,2,182.52,75.24,3.4258,0.5,91.26,257.76,-75.24,False
M200R5_0358,40,0.4,12,1.1,1.5,1.5,6,True,True,PRE_RTH,3,8,84.08,295.74,1.1587,0.5,10.51,614.04,-529.96,6,-98.44,295.74,0.7835,0.5,-16.407,356.28,-454.72,2,182.52,75.24,3.4258,0.5,91.26,257.76,-75.24,False
M200R5_0375,40,0.4,12,1.1,1.5,1.5,12,True,False,PRE_RTH,1,8,84.08,295.74,1.1587,0.5,10.51,614.04,-529.96,6,-98.44,295.74,0.7835,0.5,-16.407,356.28,-454.72,2,182.52,75.24,3.4258,0.5,91.26,257.76,-75.24,False
M200R5_0376,40,0.4,12,1.1,1.5,1.5,12,True,False,PRE_RTH,3,8,84.08,295.74,1.1587,0.5,10.51,614.04,-529.96,6,-98.44,295.74,0.7835,0.5,-16.407,356.28,-454.72,2,182.52,75.24,3.4258,0.5,91.26,257.76,-75.24,False
M200R5_0381,40,0.4,12,1.1,1.5,1.5,12,True,True,PRE_RTH,1,8,84.08,295.74,1.1587,0.5,10.51,614.04,-529.96,6,-98.44,295.74,0.7835,0.5,-16.407,356.28,-454.72,2,182.52,75.24,3.4258,0.5,91.26,257.76,-75.24,False
M200R5_0382,40,0.4,12,1.1,1.5,1.5,12,True,True,PRE_RTH,3,8,84.08,295.74,1.1587,0.5,10.51,614.04,-529.96,6,-98.44,295.74,0.7835,0.5,-16.407,356.28,-454.72,2,182.52,75.24,3.4258,0.5,91.26,257.76,-75.24,False
M200R5_0155,40,0.4,12,0.8,1.5,1.5,6,False,True,RTH,1,36,356.86,376.84,1.2916,0.6111,9.913,1580.72,-1223.86,29,-266.96,376.84,0.7819,0.5172,-9.206,956.9,-1223.86,7,623.82,0.0,999.0,1.0,89.117,623.82,0.0,False
M200R5_0059,40,0.4,12,0.8,1.25,1.0,6,False,True,RTH,1,36,355.36,502.86,1.294,0.6667,9.871,1564.24,-1208.88,29,-266.96,502.86,0.7792,0.5862,-9.206,941.92,-1208.88,7,622.32,0.0,999.0,1.0,88.903,622.32,0.0,False
M200R5_0687,40,0.4,20,1.1,1.5,1.25,6,True,False,PRE_RTH,1,6,136.06,295.74,1.3817,0.6667,22.677,492.54,-356.48,5,-78.7,295.74,0.7792,0.6,-15.74,277.78,-356.48,1,214.76,0.0,999.0,1.0,214.76,214.76,0.0,False
M200R5_0688,40,0.4,20,1.1,1.5,1.25,6,True,False,PRE_RTH,3,6,136.06,295.74,1.3817,0.6667,22.677,492.54,-356.48,5,-78.7,295.74,0.7792,0.6,-15.74,277.78,-356.48,1,214.76,0.0,999.0,1.0,214.76,214.76,0.0,False
M200R5_0689,40,0.4,20,1.1,1.5,1.25,6,True,False,RTH,1,6,136.06,295.74,1.3817,0.6667,22.677,492.54,-356.48,5,-78.7,295.74,0.7792,0.6,-15.74,277.78,-356.48,1,214.76,0.0,999.0,1.0,214.76,214.76,0.0,False
M200R5_0690,40,0.4,20,1.1,1.5,1.25,6,True,False,RTH,3,6,136.06,295.74,1.3817,0.6667,22.677,492.54,-356.48,5,-78.7,295.74,0.7792,0.6,-15.74,277.78,-356.48,1,214.76,0.0,999.0,1.0,214.76,214.76,0.0,False
M200R5_0693,40,0.4,20,1.1,1.5,1.25,6,True,True,PRE_RTH,1,6,136.06,295.74,1.3817,0.6667,22.677,492.54,-356.48,5,-78.7,295.74,0.7792,0.6,-15.74,277.78,-356.48,1,214.76,0.0,999.0,1.0,214.76,214.76,0.0,False
M200R5_0694,40,0.4,20,1.1,1.5,1.25,6,True,True,PRE_RTH,3,6,136.06,295.74,1.3817,0.6667,22.677,492.54,-356.48,5,-78.7,295.74,0.7792,0.6,-15.74,277.78,-356.48,1,214.76,0.0,999.0,1.0,214.76,214.76,0.0,False
M200R5_0695,40,0.4,20,1.1,1.5,1.25,6,True,True,RTH,1,6,136.06,295.74,1.3817,0.6667,22.677,492.54,-356.48,5,-78.7,295.74,0.7792,0.6,-15.74,277.78,-356.48,1,214.76,0.0,999.0,1.0,214.76,214.76,0.0,False
M200R5_0696,40,0.4,20,1.1,1.5,1.25,6,True,True,RTH,3,6,136.06,295.74,1.3817,0.6667,22.677,492.54,-356.48,5,-78.7,295.74,0.7792,0.6,-15.74,277.78,-356.48,1,214.76,0.0,999.0,1.0,214.76,214.76,0.0,False
M200R5_0711,40,0.4,20,1.1,1.5,1.25,12,True,False,PRE_RTH,1,6,136.06,295.74,1.3817,0.6667,22.677,492.54,-356.48,5,-78.7,295.74,0.7792,0.6,-15.74,277.78,-356.48,1,214.76,0.0,999.0,1.0,214.76,214.76,0.0,False
M200R5_0712,40,0.4,20,1.1,1.5,1.25,12,True,False,PRE_RTH,3,6,136.06,295.74,1.3817,0.6667,22.677,492.54,-356.48,5,-78.7,295.74,0.7792,0.6,-15.74,277.78,-356.48,1,214.76,0.0,999.0,1.0,214.76,214.76,0.0,False
M200R5_0713,40,0.4,20,1.1,1.5,1.25,12,True,False,RTH,1,6,136.06,295.74,1.3817,0.6667,22.677,492.54,-356.48,5,-78.7,295.74,0.7792,0.6,-15.74,277.78,-356.48,1,214.76,0.0,999.0,1.0,214.76,214.76,0.0,False
M200R5_0714,40,0.4,20,1.1,1.5,1.25,12,True,False,RTH,3,6,136.06,295.74,1.3817,0.6667,22.677,492.54,-356.48,5,-78.7,295.74,0.7792,0.6,-15.74,277.78,-356.48,1,214.76,0.0,999.0,1.0,214.76,214.76,0.0,False
M200R5_0717,40,0.4,20,1.1,1.5,1.25,12,True,True,PRE_RTH,1,6,136.06,295.74,1.3817,0.6667,22.677,492.54,-356.48,5,-78.7,295.74,0.7792,0.6,-15.74,277.78,-356.48,1,214.76,0.0,999.0,1.0,214.76,214.76,0.0,False
M200R5_0718,40,0.4,20,1.1,1.5,1.25,12,True,True,PRE_RTH,3,6,136.06,295.74,1.3817,0.6667,22.677,492.54,-356.48,5,-78.7,295.74,0.7792,0.6,-15.74,277.78,-356.48,1,214.76,0.0,999.0,1.0,214.76,214.76,0.0,False
M200R5_0719,40,0.4,20,1.1,1.5,1.25,12,True,True,RTH,1,6,136.06,295.74,1.3817,0.6667,22.677,492.54,-356.48,5,-78.7,295.74,0.7792,0.6,-15.74,277.78,-356.48,1,214.76,0.0,999.0,1.0,214.76,214.76,0.0,False
M200R5_0720,40,0.4,20,1.1,1.5,1.25,12,True,True,RTH,3,6,136.06,295.74,1.3817,0.6667,22.677,492.54,-356.48,5,-78.7,295.74,0.7792,0.6,-15.74,277.78,-356.48,1,214.76,0.0,999.0,1.0,214.76,214.76,0.0,False
M200R5_0898,40,0.7,12,0.8,1.5,1.25,12,False,True,PRE_RTH,3,25,239.5,443.74,1.2303,0.68,9.58,1279.42,-1039.92,21,-233.54,443.74,0.7754,0.619,-11.121,806.38,-1039.92,4,473.04,0.0,999.0,1.0,118.26,473.04,0.0,False
M200R5_0132,40,0.4,12,0.8,1.5,1.25,12,False,True,RTH,3,48,69.48,739.48,1.0308,0.6667,1.447,2321.82,-2252.34,39,-457.36,739.48,0.7752,0.6154,-11.727,1577.24,-2034.6,9,526.84,217.74,3.4196,0.8889,58.538,744.58,-217.74,False
M200R5_1225,40,0.7,20,0.8,1.25,1.0,12,False,False,ALL,1,37,33.12,472.82,1.0289,0.6216,0.895,1178.48,-1145.36,27,-216.48,472.82,0.7729,0.5556,-8.018,736.9,-953.38,10,249.6,117.96,2.3001,0.8,24.96,441.58,-191.98,False
M200R5_0848,40,0.7,12,0.8,1.25,1.0,12,False,True,ALL,3,87,112.12,890.4,1.0414,0.6092,1.289,2820.78,-2708.66,62,-498.38,890.4,0.7715,0.5484,-8.038,1682.84,-2181.22,25,610.5,191.98,2.1575,0.76,24.42,1137.94,-527.44,False
M200R5_0548,40,0.4,20,0.8,1.5,1.5,6,True,True,ALL,3,52,-10.98,760.8,0.9944,0.5192,-0.211,1951.02,-1962.0,38,146.88,376.6,1.1155,0.5526,3.865,1418.96,-1272.08,14,-157.86,384.2,0.7712,0.4286,-11.276,532.06,-689.92,False
M200R5_0337,40,0.4,12,1.1,1.5,1.5,6,False,False,ALL,1,46,-246.04,496.94,0.8479,0.4565,-5.349,1371.96,-1618.0,35,-107.4,496.94,0.8949,0.4286,-3.069,914.4,-1021.8,11,-138.64,474.46,0.7675,0.5455,-12.604,457.56,-596.2,False
M200R5_0170,40,0.4,12,0.8,1.5,1.5,12,False,False,ALL,3,142,-653.58,1685.94,0.8914,0.493,-4.603,5366.2,-6019.78,99,-957.76,1395.88,0.7646,0.4545,-9.674,3111.2,-4068.96,43,304.18,783.12,1.1559,0.5814,7.074,2255.0,-1950.82,False
M200R5_0899,40,0.7,12,0.8,1.5,1.25,12,False,True,RTH,1,19,283.94,443.74,1.3546,0.7368,14.944,1084.64,-800.7,15,-189.1,443.74,0.7638,0.6667,-12.607,611.6,-800.7,4,473.04,0.0,999.0,1.0,118.26,473.04,0.0,False
M200R5_0517,40,0.4,20,0.8,1.5,1.25,12,True,False,ALL,1,38,-260.62,842.36,0.8349,0.5789,-6.858,1318.22,-1578.84,28,-263.72,553.9,0.7635,0.5714,-9.419,851.16,-1114.88,10,3.1,342.72,1.0067,0.6,0.31,467.06,-463.96,False
M200R5_0535,40,0.4,20,0.8,1.5,1.5,6,False,True,ALL,1,53,-284.72,641.7,0.841,0.4717,-5.372,1506.5,-1791.22,37,-259.88,641.7,0.7617,0.4054,-7.024,830.9,-1090.78,16,-24.84,493.92,0.9645,0.625,-1.552,675.6,-700.44,False
M200R5_0186,40,0.4,12,0.8,1.5,1.5,12,True,False,RTH,3,15,190.9,745.48,1.1822,0.6667,12.727,1238.6,-1047.7,13,-250.12,745.48,0.7613,0.6154,-19.24,797.58,-1047.7,2,441.02,0.0,999.0,1.0,220.51,441.02,0.0,False
M200R5_0493,40,0.4,20,0.8,1.5,1.25,6,True,False,ALL,1,38,-329.62,842.86,0.7874,0.5263,-8.674,1220.7,-1550.32,28,-214.72,553.9,0.7991,0.5714,-7.669,854.16,-1068.88,10,-114.9,288.96,0.7613,0.4,-11.49,366.54,-481.44,False
M200R5_0499,40,0.4,20,0.8,1.5,1.25,6,True,True,ALL,1,38,-341.62,842.86,0.7796,0.5263,-8.99,1208.7,-1550.32,28,-226.72,553.9,0.7879,0.5714,-8.097,842.16,-1068.88,10,-114.9,288.96,0.7613,0.4,-11.49,366.54,-481.44,False
M200R5_0460,40,0.4,20,0.8,1.25,1.0,12,False,False,PRE_RTH,3,41,-399.34,710.04,0.792,0.5366,-9.74,1520.22,-1919.56,34,-379.16,710.04,0.76,0.5294,-11.152,1200.68,-1579.84,7,-20.18,181.74,0.9406,0.5714,-2.883,319.54,-339.72,False
M200R5_1281,40,0.7,20,0.8,1.5,1.25,12,False,True,PRE_RTH,1,16,67.66,417.74,1.0874,0.6875,4.229,841.36,-773.7,14,-185.86,417.74,0.7598,0.6429,-13.276,587.84,-773.7,2,253.52,0.0,999.0,1.0,126.76,253.52,0.0,False
M200R5_1282,40,0.7,20,0.8,1.5,1.25,12,False,True,PRE_RTH,3,16,67.66,417.74,1.0874,0.6875,4.229,841.36,-773.7,14,-185.86,417.74,0.7598,0.6429,-13.276,587.84,-773.7,2,253.52,0.0,999.0,1.0,126.76,253.52,0.0,False
M200R5_0489,40,0.4,20,0.8,1.5,1.25,6,False,True,PRE_RTH,1,30,84.3,299.16,1.0749,0.5667,2.81,1209.42,-1125.12,23,182.48,299.16,1.2538,0.5652,7.934,901.38,-718.9,7,-98.18,248.46,0.7583,0.5714,-14.026,308.04,-406.22,False
M200R5_0490,40,0.4,20,0.8,1.5,1.25,6,False,True,PRE_RTH,3,40,-189.1,554.38,0.8961,0.55,-4.727,1631.72,-1820.82,33,-90.92,554.38,0.9357,0.5455,-2.755,1323.68,-1414.6,7,-98.18,248.46,0.7583,0.5714,-14.026,308.04,-406.22,False
M200R5_0513,40,0.4,20,0.8,1.5,1.25,12,False,True,PRE_RTH,1,30,-211.7,597.66,0.8601,0.6,-7.057,1301.68,-1513.38,23,-113.52,597.66,0.8975,0.6087,-4.936,993.64,-1107.16,7,-98.18,248.46,0.7583,0.5714,-14.026,308.04,-406.22,False
M200R5_0514,40,0.4,20,0.8,1.5,1.25,12,False,True,PRE_RTH,3,37,-119.38,544.14,0.933,0.5946,-3.226,1661.22,-1780.6,30,-21.2,544.14,0.9846,0.6,-0.707,1353.18,-1374.38,7,-98.18,248.46,0.7583,0.5714,-14.026,308.04,-406.22,False
M200R5_0821,40,0.7,12,0.8,1.25,1.0,6,False,False,RTH,1,19,273.44,392.92,1.3673,0.6842,14.392,1017.88,-744.44,15,-180.6,392.92,0.7574,0.6,-12.04,563.84,-744.44,4,454.04,0.0,999.0,1.0,113.51,454.04,0.0,False
M200R5_0827,40,0.7,12,0.8,1.25,1.0,6,False,True,RTH,1,19,264.44,392.92,1.3552,0.6842,13.918,1008.88,-744.44,15,-180.6,392.92,0.7574,0.6,-12.04,563.84,-744.44,4,445.04,0.0,999.0,1.0,111.26,445.04,0.0,False
M200R5_0518,40,0.4,20,0.8,1.5,1.25,12,True,False,ALL,3,52,-331.48,807.8,0.8438,0.5385,-6.375,1790.78,-2122.26,38,-164.12,424.1,0.8855,0.5526,-4.319,1268.96,-1433.08,14,-167.36,437.96,0.7572,0.5,-11.954,521.82,-689.18,False
M200R5_0053,40,0.4,12,0.8,1.25,1.0,6,False,False,RTH,1,36,337.36,542.36,1.2791,0.6667,9.371,1546.24,-1208.88,29,-293.96,542.36,0.7568,0.5862,-10.137,914.92,-1208.88,7,631.32,0.0,999.0,1.0,90.189,631.32,0.0,False
M200R5_0950,40,0.7,12,0.8,1.5,1.5,12,True,False,ALL,3,25,412.5,449.74,1.353,0.56,16.5,1581.14,-1168.64,17,-259.58,449.74,0.7533,0.4118,-15.269,792.82,-1052.4,8,672.08,116.24,6.7818,0.875,84.01,788.32,-116.24,False
M200R5_0523,40,0.4,20,0.8,1.5,1.25,12,True,True,ALL,1,38,-303.12,842.36,0.808,0.5789,-7.977,1275.72,-1578.84,28,-275.72,553.9,0.7527,0.5714,-9.847,839.16,-1114.88,10,-27.4,342.72,0.9409,0.6,-2.74,436.56,-463.96,False
M200R5_1235,40,0.7,20,0.8,1.25,1.0,12,False,True,RTH,1,13,66.88,348.24,1.1225,0.6923,5.145,612.84,-545.96,11,-135.14,348.24,0.7525,0.6364,-12.285,410.82,-545.96,2,202.02,0.0,999.0,1.0,101.01,202.02,0.0,False
M200R5_1236,40,0.7,20,0.8,1.25,1.0,12,False,True,RTH,3,13,66.88,348.24,1.1225,0.6923,5.145,612.84,-545.96,11,-135.14,348.24,0.7525,0.6364,-12.285,410.82,-545.96,2,202.02,0.0,999.0,1.0,101.01,202.02,0.0,False
M200R5_0179,40,0.4,12,0.8,1.5,1.5,12,False,True,RTH,1,36,269.86,534.1,1.1895,0.6944,7.496,1694.0,-1424.14,29,-353.96,534.1,0.7515,0.6207,-12.206,1070.18,-1424.14,7,623.82,0.0,999.0,1.0,89.117,623.82,0.0,False
M200R5_0130,40,0.4,12,0.8,1.5,1.25,12,False,True,PRE_RTH,3,60,-165.4,820.34,0.9402,0.6167,-2.757,2598.62,-2764.02,50,-617.0,820.34,0.7503,0.58,-12.34,1854.04,-2471.04,10,451.6,217.74,2.5414,0.8,45.16,744.58,-292.98,False
M200R5_0180,40,0.4,12,0.8,1.5,1.5,12,False,True,RTH,3,48,42.48,739.48,1.0181,0.6458,0.885,2391.06,-2348.58,39,-534.86,739.48,0.749,0.5897,-13.714,1595.98,-2130.84,9,577.34,217.74,3.6515,0.8889,64.149,795.08,-217.74,False
M200R5_0462,40,0.4,20,0.8,1.25,1.0,12,False,False,RTH,3,32,-291.18,594.98,0.818,0.5625,-9.099,1308.68,-1599.86,26,-334.24,594.98,0.7474,0.5385,-12.855,989.14,-1323.38,6,43.06,181.74,1.1557,0.6667,7.177,319.54,-276.48,False
M200R5_0400,40,0.4,20,0.8,1.0,0.75,6,True,False,PRE_RTH,3,17,-100.58,403.98,0.8522,0.5882,-5.916,580.1,-680.68,15,-153.1,403.98,0.7469,0.6,-10.207,451.84,-604.94,2,52.52,75.74,1.6934,0.5,26.26,128.26,-75.74,False
M200R5_0406,40,0.4,20,0.8,1.0,0.75,6,True,True,PRE_RTH,3,17,-100.58,403.98,0.8522,0.5882,-5.916,580.1,-680.68,15,-153.1,403.98,0.7469,0.6,-10.207,451.84,-604.94,2,52.52,75.74,1.6934,0.5,26.26,128.26,-75.74,False
M200R5_0424,40,0.4,20,0.8,1.0,0.75,12,True,False,PRE_RTH,3,17,-100.58,403.98,0.8522,0.5882,-5.916,580.1,-680.68,15,-153.1,403.98,0.7469,0.6,-10.207,451.84,-604.94,2,52.52,75.74,1.6934,0.5,26.26,128.26,-75.74,False
M200R5_0430,40,0.4,20,0.8,1.0,0.75,12,True,True,PRE_RTH,3,17,-100.58,403.98,0.8522,0.5882,-5.916,580.1,-680.68,15,-153.1,403.98,0.7469,0.6,-10.207,451.84,-604.94,2,52.52,75.74,1.6934,0.5,26.26,128.26,-75.74,False
M200R5_0160,40,0.4,12,0.8,1.5,1.5,6,True,False,PRE_RTH,3,21,107.96,615.16,1.0987,0.5238,5.141,1201.36,-1093.4,18,-257.82,615.16,0.7468,0.5,-14.323,760.34,-1018.16,3,365.78,75.24,5.8615,0.6667,121.927,441.02,-75.24,False
M200R5_0639,40,0.4,20,1.1,1.25,1.0,6,True,False,PRE_RTH,1,6,95.56,246.74,1.3212,0.6667,15.927,393.04,-297.48,5,-75.7,246.74,0.7455,0.6,-15.14,221.78,-297.48,1,171.26,0.0,999.0,1.0,171.26,171.26,0.0,False
M200R5_0640,40,0.4,20,1.1,1.25,1.0,6,True,False,PRE_RTH,3,6,95.56,246.74,1.3212,0.6667,15.927,393.04,-297.48,5,-75.7,246.74,0.7455,0.6,-15.14,221.78,-297.48,1,171.26,0.0,999.0,1.0,171.26,171.26,0.0,False
M200R5_0641,40,0.4,20,1.1,1.25,1.0,6,True,False,RTH,1,6,95.56,246.74,1.3212,0.6667,15.927,393.04,-297.48,5,-75.7,246.74,0.7455,0.6,-15.14,221.78,-297.48,1,171.26,0.0,999.0,1.0,171.26,171.26,0.0,False
M200R5_0642,40,0.4,20,1.1,1.25,1.0,6,True,False,RTH,3,6,95.56,246.74,1.3212,0.6667,15.927,393.04,-297.48,5,-75.7,246.74,0.7455,0.6,-15.14,221.78,-297.48,1,171.26,0.0,999.0,1.0,171.26,171.26,0.0,False
M200R5_0645,40,0.4,20,1.1,1.25,1.0,6,True,True,PRE_RTH,1,6,95.56,246.74,1.3212,0.6667,15.927,393.04,-297.48,5,-75.7,246.74,0.7455,0.6,-15.14,221.78,-297.48,1,171.26,0.0,999.0,1.0,171.26,171.26,0.0,False
M200R5_0646,40,0.4,20,1.1,1.25,1.0,6,True,True,PRE_RTH,3,6,95.56,246.74,1.3212,0.6667,15.927,393.04,-297.48,5,-75.7,246.74,0.7455,0.6,-15.14,221.78,-297.48,1,171.26,0.0,999.0,1.0,171.26,171.26,0.0,False
M200R5_0647,40,0.4,20,1.1,1.25,1.0,6,True,True,RTH,1,6,95.56,246.74,1.3212,0.6667,15.927,393.04,-297.48,5,-75.7,246.74,0.7455,0.6,-15.14,221.78,-297.48,1,171.26,0.0,999.0,1.0,171.26,171.26,0.0,False
M200R5_0648,40,0.4,20,1.1,1.25,1.0,6,True,True,RTH,3,6,95.56,246.74,1.3212,0.6667,15.927,393.04,-297.48,5,-75.7,246.74,0.7455,0.6,-15.14,221.78,-297.48,1,171.26,0.0,999.0,1.0,171.26,171.26,0.0,False
M200R5_0663,40,0.4,20,1.1,1.25,1.0,12,True,False,PRE_RTH,1,6,95.56,246.74,1.3212,0.6667,15.927,393.04,-297.48,5,-75.7,246.74,0.7455,0.6,-15.14,221.78,-297.48,1,171.26,0.0,999.0,1.0,171.26,171.26,0.0,False
M200R5_0664,40,0.4,20,1.1,1.25,1.0,12,True,False,PRE_RTH,3,6,95.56,246.74,1.3212,0.6667,15.927,393.04,-297.48,5,-75.7,246.74,0.7455,0.6,-15.14,221.78,-297.48,1,171.26,0.0,999.0,1.0,171.26,171.26,0.0,False
M200R5_0665,40,0.4,20,1.1,1.25,1.0,12,True,False,RTH,1,6,95.56,246.74,1.3212,0.6667,15.927,393.04,-297.48,5,-75.7,246.74,0.7455,0.6,-15.14,221.78,-297.48,1,171.26,0.0,999.0,1.0,171.26,171.26,0.0,False
M200R5_0666,40,0.4,20,1.1,1.25,1.0,12,True,False,RTH,3,6,95.56,246.74,1.3212,0.6667,15.927,393.04,-297.48,5,-75.7,246.74,0.7455,0.6,-15.14,221.78,-297.48,1,171.26,0.0,999.0,1.0,171.26,171.26,0.0,False
M200R5_0669,40,0.4,20,1.1,1.25,1.0,12,True,True,PRE_RTH,1,6,95.56,246.74,1.3212,0.6667,15.927,393.04,-297.48,5,-75.7,246.74,0.7455,0.6,-15.14,221.78,-297.48,1,171.26,0.0,999.0,1.0,171.26,171.26,0.0,False
M200R5_0670,40,0.4,20,1.1,1.25,1.0,12,True,True,PRE_RTH,3,6,95.56,246.74,1.3212,0.6667,15.927,393.04,-297.48,5,-75.7,246.74,0.7455,0.6,-15.14,221.78,-297.48,1,171.26,0.0,999.0,1.0,171.26,171.26,0.0,False
M200R5_0671,40,0.4,20,1.1,1.25,1.0,12,True,True,RTH,1,6,95.56,246.74,1.3212,0.6667,15.927,393.04,-297.48,5,-75.7,246.74,0.7455,0.6,-15.14,221.78,-297.48,1,171.26,0.0,999.0,1.0,171.26,171.26,0.0,False
M200R5_0672,40,0.4,20,1.1,1.25,1.0,12,True,True,RTH,3,6,95.56,246.74,1.3212,0.6667,15.927,393.04,-297.48,5,-75.7,246.74,0.7455,0.6,-15.14,221.78,-297.48,1,171.26,0.0,999.0,1.0,171.26,171.26,0.0,False
M200R5_0937,40,0.7,12,0.8,1.5,1.5,12,False,False,ALL,1,44,371.44,691.72,1.2274,0.6136,8.442,2005.02,-1633.58,31,-357.44,691.72,0.7454,0.5161,-11.53,1046.66,-1404.1,13,728.88,134.74,4.1762,0.8462,56.068,958.36,-229.48,False
M200R5_0542,40,0.4,20,0.8,1.5,1.5,6,True,False,ALL,3,52,19.02,781.3,1.0097,0.5192,0.366,1981.02,-1962.0,38,195.38,397.1,1.1536,0.5526,5.142,1467.46,-1272.08,14,-176.36,384.2,0.7444,0.4286,-12.597,513.56,-689.92,False
M200R5_0866,40,0.7,12,0.8,1.5,1.25,6,False,False,ALL,3,81,233.56,803.1,1.0903,0.5679,2.883,2818.96,-2585.4,57,-533.68,803.1,0.7439,0.5088,-9.363,1550.04,-2083.72,24,767.24,229.48,2.5293,0.7083,31.968,1268.92,-501.68,False
M200R5_0902,40,0.7,12,0.8,1.5,1.25,12,True,False,ALL,3,25,289.0,449.74,1.2654,0.6,11.56,1377.9,-1088.9,17,-250.08,449.74,0.7429,0.4706,-14.711,722.58,-972.66,8,539.08,116.24,5.6376,0.875,67.385,655.32,-116.24,False
M200R5_0122,40,0.4,12,0.8,1.5,1.25,12,False,False,ALL,3,143,-599.82,1687.86,0.893,0.5315,-4.195,5005.76,-5605.58,99,-992.76,1379.38,0.742,0.4848,-10.028,2855.48,-3848.24,44,392.94,695.04,1.2236,0.6364,8.93,2150.28,-1757.34,False
M200R5_0178,40,0.4,12,0.8,1.5,1.5,12,False,True,PRE_RTH,3,60,-160.9,854.34,0.9437,0.6,-2.682,2699.36,-2860.26,50,-663.0,854.34,0.7418,0.56,-13.26,1904.28,-2567.28,10,502.1,217.74,2.7138,0.8,50.21,795.08,-292.98,False
M200R5_1227,40,0.7,20,0.8,1.25,1.0,12,False,False,PRE_RTH,1,16,25.66,348.24,1.0378,0.625,1.604,704.1,-678.44,14,-176.36,348.24,0.7401,0.5714,-12.597,502.08,-678.44,2,202.02,0.0,999.0,1.0,101.01,202.02,0.0,False
M200R5_1228,40,0.7,20,0.8,1.25,1.0,12,False,False,PRE_RTH,3,16,25.66,348.24,1.0378,0.625,1.604,704.1,-678.44,14,-176.36,348.24,0.7401,0.5714,-12.597,502.08,-678.44,2,202.02,0.0,999.0,1.0,101.01,202.02,0.0,False
M200R5_0006,40,0.4,12,0.8,1.0,0.75,6,False,False,RTH,3,54,-68.96,697.84,0.9636,0.6111,-1.277,1823.58,-1892.54,44,-448.06,697.84,0.7387,0.5682,-10.183,1267.0,-1715.06,10,379.1,145.74,3.136,0.8,37.91,556.58,-177.48,False
M200R5_0030,40,0.4,12,0.8,1.0,0.75,12,False,False,RTH,3,54,-68.96,697.84,0.9636,0.6111,-1.277,1823.58,-1892.54,44,-448.06,697.84,0.7387,0.5682,-10.183,1267.0,-1715.06,10,379.1,145.74,3.136,0.8,37.91,556.58,-177.48,False
M200R5_0121,40,0.4,12,0.8,1.5,1.25,12,False,False,ALL,1,55,-235.2,581.48,0.8713,0.5091,-4.276,1591.78,-1826.98,39,-317.36,379.34,0.738,0.4359,-8.137,893.92,-1211.28,16,82.16,393.42,1.1334,0.6875,5.135,697.86,-615.7,False
M200R5_0466,40,0.4,20,0.8,1.25,1.0,12,False,True,PRE_RTH,3,41,-435.34,746.04,0.7732,0.5366,-10.618,1484.22,-1919.56,34,-415.16,746.04,0.7372,0.5294,-12.211,1164.68,-1579.84,7,-20.18,181.74,0.9406,0.5714,-2.883,319.54,-339.72,False
M200R5_0012,40,0.4,12,0.8,1.0,0.75,6,False,True,RTH,3,54,-71.96,700.84,0.962,0.6111,-1.333,1820.58,-1892.54,44,-451.06,700.84,0.737,0.5682,-10.251,1264.0,-1715.06,10,379.1,145.74,3.136,0.8,37.91,556.58,-177.48,False
M200R5_0036,40,0.4,12,0.8,1.0,0.75,12,False,True,RTH,3,54,-71.96,700.84,0.962,0.6111,-1.333,1820.58,-1892.54,44,-451.06,700.84,0.737,0.5682,-10.251,1264.0,-1715.06,10,379.1,145.74,3.136,0.8,37.91,556.58,-177.48,False
M200R5_0353,40,0.4,12,1.1,1.5,1.5,6,True,False,RTH,1,5,163.8,295.74,1.4595,0.6,32.76,520.28,-356.48,4,-93.96,295.74,0.7364,0.5,-23.49,262.52,-356.48,1,257.76,0.0,999.0,1.0,257.76,257.76,0.0,False
M200R5_0354,40,0.4,12,1.1,1.5,1.5,6,True,False,RTH,3,5,163.8,295.74,1.4595,0.6,32.76,520.28,-356.48,4,-93.96,295.74,0.7364,0.5,-23.49,262.52,-356.48,1,257.76,0.0,999.0,1.0,257.76,257.76,0.0,False
M200R5_0359,40,0.4,12,1.1,1.5,1.5,6,True,True,RTH,1,5,163.8,295.74,1.4595,0.6,32.76,520.28,-356.48,4,-93.96,295.74,0.7364,0.5,-23.49,262.52,-356.48,1,257.76,0.0,999.0,1.0,257.76,257.76,0.0,False
M200R5_0360,40,0.4,12,1.1,1.5,1.5,6,True,True,RTH,3,5,163.8,295.74,1.4595,0.6,32.76,520.28,-356.48,4,-93.96,295.74,0.7364,0.5,-23.49,262.52,-356.48,1,257.76,0.0,999.0,1.0,257.76,257.76,0.0,False
M200R5_0377,40,0.4,12,1.1,1.5,1.5,12,True,False,RTH,1,5,163.8,295.74,1.4595,0.6,32.76,520.28,-356.48,4,-93.96,295.74,0.7364,0.5,-23.49,262.52,-356.48,1,257.76,0.0,999.0,1.0,257.76,257.76,0.0,False
M200R5_0378,40,0.4,12,1.1,1.5,1.5,12,True,False,RTH,3,5,163.8,295.74,1.4595,0.6,32.76,520.28,-356.48,4,-93.96,295.74,0.7364,0.5,-23.49,262.52,-356.48,1,257.76,0.0,999.0,1.0,257.76,257.76,0.0,False
M200R5_0383,40,0.4,12,1.1,1.5,1.5,12,True,True,RTH,1,5,163.8,295.74,1.4595,0.6,32.76,520.28,-356.48,4,-93.96,295.74,0.7364,0.5,-23.49,262.52,-356.48,1,257.76,0.0,999.0,1.0,257.76,257.76,0.0,False
M200R5_0384,40,0.4,12,1.1,1.5,1.5,12,True,True,RTH,3,5,163.8,295.74,1.4595,0.6,32.76,520.28,-356.48,4,-93.96,295.74,0.7364,0.5,-23.49,262.52,-356.48,1,257.76,0.0,999.0,1.0,257.76,257.76,0.0,False
M200R5_0685,40,0.4,20,1.1,1.5,1.25,6,True,False,ALL,1,18,-56.82,435.22,0.927,0.5556,-3.157,721.6,-778.42,14,-168.86,295.74,0.7357,0.5714,-12.061,470.08,-638.94,4,112.04,139.48,1.8033,0.5,28.01,251.52,-139.48,False
M200R5_0691,40,0.4,20,1.1,1.5,1.25,6,True,True,ALL,1,18,-56.82,435.22,0.927,0.5556,-3.157,721.6,-778.42,14,-168.86,295.74,0.7357,0.5714,-12.061,470.08,-638.94,4,112.04,139.48,1.8033,0.5,28.01,251.52,-139.48,False
M200R5_1231,40,0.7,20,0.8,1.25,1.0,12,False,True,ALL,1,37,-11.88,508.82,0.9896,0.6216,-0.321,1133.48,-1145.36,27,-252.48,508.82,0.7352,0.5556,-9.351,700.9,-953.38,10,240.6,126.96,2.2533,0.8,24.06,432.58,-191.98,False
M200R5_1232,40,0.7,20,0.8,1.25,1.0,12,False,True,ALL,3,53,11.28,515.88,1.0068,0.566,0.213,1666.8,-1655.52,38,-354.12,504.24,0.7341,0.5,-9.319,977.44,-1331.56,15,365.4,222.18,2.1279,0.7333,24.36,689.36,-323.96,False
M200R5_0181,40,0.4,12,0.8,1.5,1.5,12,True,False,ALL,1,42,382.92,663.6,1.2407,0.5476,9.117,1973.98,-1591.06,29,-334.46,511.4,0.7322,0.4483,-11.533,914.38,-1248.84,13,717.38,342.22,3.0963,0.7692,55.183,1059.6,-342.22,False
M200R5_1165,40,0.7,20,0.8,1.0,0.75,6,True,False,ALL,1,12,97.62,200.96,1.3503,0.5833,8.135,376.32,-278.7,7,-54.18,200.96,0.7304,0.4286,-7.74,146.78,-200.96,5,151.8,77.74,2.9527,0.8,30.36,229.54,-77.74,False
M200R5_1171,40,0.7,20,0.8,1.0,0.75,6,True,True,ALL,1,12,97.62,200.96,1.3503,0.5833,8.135,376.32,-278.7,7,-54.18,200.96,0.7304,0.4286,-7.74,146.78,-200.96,5,151.8,77.74,2.9527,0.8,30.36,229.54,-77.74,False
M200R5_1189,40,0.7,20,0.8,1.0,0.75,12,True,False,ALL,1,12,97.62,200.96,1.3503,0.5833,8.135,376.32,-278.7,7,-54.18,200.96,0.7304,0.4286,-7.74,146.78,-200.96,5,151.8,77.74,2.9527,0.8,30.36,229.54,-77.74,False
M200R5_1195,40,0.7,20,0.8,1.0,0.75,12,True,True,ALL,1,12,97.62,200.96,1.3503,0.5833,8.135,376.32,-278.7,7,-54.18,200.96,0.7304,0.4286,-7.74,146.78,-200.96,5,151.8,77.74,2.9527,0.8,30.36,229.54,-77.74,False
M200R5_1286,40,0.7,20,0.8,1.5,1.25,12,True,False,ALL,3,14,80.64,370.16,1.146,0.5,5.76,632.82,-552.18,8,-91.92,338.7,0.7286,0.375,-11.49,246.78,-338.7,6,172.56,213.48,1.8083,0.6667,28.76,386.04,-213.48,False
M200R5_1292,40,0.7,20,0.8,1.5,1.25,12,True,True,ALL,3,14,80.64,370.16,1.146,0.5,5.76,632.82,-552.18,8,-91.92,338.7,0.7286,0.375,-11.49,246.78,-338.7,6,172.56,213.48,1.8083,0.6667,28.76,386.04,-213.48,False
M200R5_1262,40,0.7,20,0.8,1.5,1.25,6,True,False,ALL,3,14,21.14,429.66,1.0379,0.4286,1.51,578.56,-557.42,8,-91.92,338.7,0.7286,0.375,-11.49,246.78,-338.7,6,113.06,218.72,1.5169,0.5,18.843,331.78,-218.72,False
M200R5_1268,40,0.7,20,0.8,1.5,1.25,6,True,True,ALL,3,14,21.14,429.66,1.0379,0.4286,1.51,578.56,-557.42,8,-91.92,338.7,0.7286,0.375,-11.49,246.78,-338.7,6,113.06,218.72,1.5169,0.5,18.843,331.78,-218.72,False
M200R5_1517,40,0.7,20,1.1,1.5,1.5,12,False,False,RTH,1,7,142.32,287.98,1.3347,0.5714,20.331,567.54,-425.22,6,-115.44,287.98,0.7285,0.5,-19.24,309.78,-425.22,1,257.76,0.0,999.0,1.0,257.76,257.76,0.0,False
M200R5_1518,40,0.7,20,1.1,1.5,1.5,12,False,False,RTH,3,7,142.32,287.98,1.3347,0.5714,20.331,567.54,-425.22,6,-115.44,287.98,0.7285,0.5,-19.24,309.78,-425.22,1,257.76,0.0,999.0,1.0,257.76,257.76,0.0,False
M200R5_0716,40,0.4,20,1.1,1.5,1.25,12,True,True,ALL,3,22,-253.78,589.46,0.7723,0.5,-11.535,860.86,-1114.64,17,-223.58,295.74,0.7276,0.5294,-13.152,597.34,-820.92,5,-30.2,293.72,0.8972,0.4,-6.04,263.52,-293.72,False
M200R5_0289,40,0.4,12,1.1,1.5,1.25,6,False,False,ALL,1,46,-317.04,485.94,0.7978,0.4783,-6.892,1250.72,-1567.76,35,-154.4,485.94,0.8411,0.4571,-4.411,817.16,-971.56,11,-162.64,481.44,0.7272,0.5455,-14.785,433.56,-596.2,False
M200R5_0313,40,0.4,12,1.1,1.5,1.25,12,False,False,ALL,1,46,-30.54,481.44,0.9803,0.5,-0.664,1523.48,-1554.02,35,132.1,305.94,1.1379,0.4857,3.774,1089.92,-957.82,11,-162.64,481.44,0.7272,0.5455,-14.785,433.56,-596.2,False
M200R5_0771,40,0.7,12,0.8,1.0,0.75,6,False,False,PRE_RTH,1,23,91.98,330.12,1.1248,0.6087,3.999,829.14,-737.16,19,-194.06,330.12,0.7249,0.5789,-10.214,511.36,-705.42,4,286.04,31.74,10.012,0.75,71.51,317.78,-31.74,False
M200R5_0777,40,0.7,12,0.8,1.0,0.75,6,False,True,PRE_RTH,1,23,91.98,330.12,1.1248,0.6087,3.999,829.14,-737.16,19,-194.06,330.12,0.7249,0.5789,-10.214,511.36,-705.42,4,286.04,31.74,10.012,0.75,71.51,317.78,-31.74,False
M200R5_0795,40,0.7,12,0.8,1.0,0.75,12,False,False,PRE_RTH,1,23,91.98,330.12,1.1248,0.6087,3.999,829.14,-737.16,19,-194.06,330.12,0.7249,0.5789,-10.214,511.36,-705.42,4,286.04,31.74,10.012,0.75,71.51,317.78,-31.74,False
M200R5_0801,40,0.7,12,0.8,1.0,0.75,12,False,True,PRE_RTH,1,23,91.98,330.12,1.1248,0.6087,3.999,829.14,-737.16,19,-194.06,330.12,0.7249,0.5789,-10.214,511.36,-705.42,4,286.04,31.74,10.012,0.75,71.51,317.78,-31.74,False
M200R5_0005,40,0.4,12,0.8,1.0,0.75,6,False,False,RTH,1,36,118.36,463.06,1.1061,0.6389,3.288,1233.48,-1115.12,29,-298.96,463.06,0.724,0.5862,-10.309,784.42,-1083.38,7,417.32,31.74,14.1481,0.8571,59.617,449.06,-31.74,False
M200R5_0029,40,0.4,12,0.8,1.0,0.75,12,False,False,RTH,1,36,118.36,463.06,1.1061,0.6389,3.288,1233.48,-1115.12,29,-298.96,463.06,0.724,0.5862,-10.309,784.42,-1083.38,7,417.32,31.74,14.1481,0.8571,59.617,449.06,-31.74,False
M200R5_0162,40,0.4,12,0.8,1.5,1.5,6,True,False,RTH,3,15,217.4,556.44,1.2692,0.6,14.493,1024.84,-807.44,13,-223.62,556.44,0.7231,0.5385,-17.202,583.82,-807.44,2,441.02,0.0,999.0,1.0,220.51,441.02,0.0,False
M200R5_0127,40,0.4,12,0.8,1.5,1.25,12,False,True,ALL,1,55,-421.2,689.48,0.7609,0.5636,-7.658,1340.06,-1761.26,39,-317.36,350.84,0.723,0.5128,-8.137,828.2,-1145.56,16,-103.84,497.92,0.8313,0.6875,-6.49,511.86,-615.7,False
M200R5_0445,40,0.4,20,0.8,1.25,1.0,6,True,False,ALL,1,38,-348.62,667.36,0.7414,0.5263,-9.174,999.7,-1348.32,28,-256.22,469.9,0.7215,0.5357,-9.151,663.9,-920.12,10,-92.4,240.72,0.7842,0.5,-9.24,335.8,-428.2,False
M200R5_0451,40,0.4,20,0.8,1.25,1.0,6,True,True,ALL,1,38,-348.62,667.36,0.7414,0.5263,-9.174,999.7,-1348.32,28,-256.22,469.9,0.7215,0.5357,-9.151,663.9,-920.12,10,-92.4,240.72,0.7842,0.5,-9.24,335.8,-428.2,False
M200R5_0011,40,0.4,12,0.8,1.0,0.75,6,False,True,RTH,1,36,115.36,463.06,1.1035,0.6389,3.204,1230.48,-1115.12,29,-301.96,463.06,0.7213,0.5862,-10.412,781.42,-1083.38,7,417.32,31.74,14.1481,0.8571,59.617,449.06,-31.74,False
M200R5_0035,40,0.4,12,0.8,1.0,0.75,12,False,True,RTH,1,36,115.36,463.06,1.1035,0.6389,3.204,1230.48,-1115.12,29,-301.96,463.06,0.7213,0.5862,-10.412,781.42,-1083.38,7,417.32,31.74,14.1481,0.8571,59.617,449.06,-31.74,False
M200R5_0134,40,0.4,12,0.8,1.5,1.25,12,True,False,ALL,3,68,-61.82,1088.1,0.9779,0.5588,-0.909,2738.88,-2800.7,50,-632.5,903.4,0.7204,0.5,-12.65,1629.5,-2262.0,18,570.68,342.22,2.0594,0.7222,31.704,1109.38,-538.7,False
M200R5_0468,40,0.4,20,0.8,1.25,1.0,12,False,True,RTH,3,32,-327.18,608.9,0.7955,0.5625,-10.224,1272.68,-1599.86,26,-370.24,608.9,0.7202,0.5385,-14.24,953.14,-1323.38,6,43.06,181.74,1.1557,0.6667,7.177,319.54,-276.48,False
M200R5_0295,40,0.4,12,1.1,1.5,1.25,6,False,True,ALL,1,46,-255.54,486.94,0.8327,0.5,-5.555,1271.98,-1527.52,35,-87.4,418.94,0.9062,0.4857,-2.497,843.92,-931.32,11,-168.14,486.94,0.718,0.5455,-15.285,428.06,-596.2,False
M200R5_0319,40,0.4,12,1.1,1.5,1.25,12,False,True,ALL,1,46,-39.54,486.94,0.9734,0.5652,-0.86,1448.76,-1488.3,35,128.6,309.44,1.1442,0.5714,3.674,1020.7,-892.1,11,-168.14,486.94,0.718,0.5455,-15.285,428.06,-596.2,False
M200R5_0818,40,0.7,12,0.8,1.25,1.0,6,False,False,ALL,3,87,-15.38,1050.4,0.9945,0.5977,-0.177,2759.02,-2774.4,62,-634.38,1050.4,0.7177,0.5323,-10.232,1612.58,-2246.96,25,619.0,191.98,2.1736,0.76,24.76,1146.44,-527.44,False
M200R5_0165,40,0.4,12,0.8,1.5,1.5,6,True,True,PRE_RTH,1,18,116.68,385.38,1.1463,0.5,6.482,914.34,-797.66,15,-205.6,385.38,0.7154,0.4667,-13.707,516.82,-722.42,3,322.28,75.24,5.2834,0.6667,107.427,397.52,-75.24,False
M200R5_0111,40,0.4,12,0.8,1.5,1.25,6,True,False,PRE_RTH,1,18,83.18,404.88,1.1043,0.5,4.621,880.84,-797.66,15,-209.1,404.88,0.7106,0.4667,-13.94,513.32,-722.42,3,292.28,75.24,4.8846,0.6667,97.427,367.52,-75.24,False
M200R5_0004,40,0.4,12,0.8,1.0,0.75,6,False,False,PRE_RTH,3,69,-192.06,856.7,0.9152,0.5797,-2.783,2072.4,-2264.46,58,-606.92,856.7,0.7092,0.5345,-10.464,1480.06,-2086.98,11,414.86,145.74,3.3375,0.8182,37.715,592.34,-177.48,False
M200R5_0028,40,0.4,12,0.8,1.0,0.75,12,False,False,PRE_RTH,3,69,-192.06,856.7,0.9152,0.5797,-2.783,2072.4,-2264.46,58,-606.92,856.7,0.7092,0.5345,-10.464,1480.06,-2086.98,11,414.86,145.74,3.3375,0.8182,37.715,592.34,-177.48,False
M200R5_0158,40,0.4,12,0.8,1.5,1.5,6,True,False,ALL,3,68,-234.82,1141.02,0.9111,0.4853,-3.453,2407.58,-2642.4,50,-610.0,892.32,0.7088,0.44,-12.2,1484.72,-2094.72,18,375.18,279.96,1.685,0.6111,20.843,922.86,-547.68,False
M200R5_0133,40,0.4,12,0.8,1.5,1.25,12,True,False,ALL,1,42,205.42,755.1,1.1359,0.5714,4.891,1716.74,-1511.32,29,-340.96,570.4,0.7084,0.4828,-11.757,828.14,-1169.1,13,546.38,342.22,2.5966,0.7692,42.029,888.6,-342.22,True
M200R5_0824,40,0.7,12,0.8,1.25,1.0,6,False,True,ALL,3,87,-44.88,1057.9,0.9838,0.5977,-0.516,2729.52,-2774.4,62,-655.38,1057.9,0.7083,0.5323,-10.571,1591.58,-2246.96,25,610.5,191.98,2.1575,0.76,24.42,1137.94,-527.44,False
M200R5_0010,40,0.4,12,0.8,1.0,0.75,6,False,True,PRE_RTH,3,69,-195.06,859.7,0.9139,0.5797,-2.827,2069.4,-2264.46,58,-609.92,859.7,0.7077,0.5345,-10.516,1477.06,-2086.98,11,414.86,145.74,3.3375,0.8182,37.715,592.34,-177.48,False
M200R5_0034,40,0.4,12,0.8,1.0,0.75,12,False,True,PRE_RTH,3,69,-195.06,859.7,0.9139,0.5797,-2.827,2069.4,-2264.46,58,-609.92,859.7,0.7077,0.5345,-10.516,1477.06,-2086.98,11,414.86,145.74,3.3375,0.8182,37.715,592.34,-177.48,False
M200R5_0770,40,0.7,12,0.8,1.0,0.75,6,False,False,ALL,3,92,-67.08,795.08,0.9718,0.587,-0.729,2309.54,-2376.62,64,-551.86,795.08,0.7066,0.5312,-8.623,1328.84,-1880.7,28,484.78,178.42,1.9775,0.7143,17.314,980.7,-495.92,False
M200R5_0776,40,0.7,12,0.8,1.0,0.75,6,False,True,ALL,3,92,-67.08,795.08,0.9718,0.587,-0.729,2309.54,-2376.62,64,-551.86,795.08,0.7066,0.5312,-8.623,1328.84,-1880.7,28,484.78,178.42,1.9775,0.7143,17.314,980.7,-495.92,False
M200R5_0794,40,0.7,12,0.8,1.0,0.75,12,False,False,ALL,3,92,-67.08,795.08,0.9718,0.587,-0.729,2309.54,-2376.62,64,-551.86,795.08,0.7066,0.5312,-8.623,1328.84,-1880.7,28,484.78,178.42,1.9775,0.7143,17.314,980.7,-495.92,False
M200R5_0800,40,0.7,12,0.8,1.0,0.75,12,False,True,ALL,3,92,-67.08,795.08,0.9718,0.587,-0.729,2309.54,-2376.62,64,-551.86,795.08,0.7066,0.5312,-8.623,1328.84,-1880.7,28,484.78,178.42,1.9775,0.7143,17.314,980.7,-495.92,False
M200R5_0637,40,0.4,20,1.1,1.25,1.0,6,True,False,ALL,1,18,-211.82,372.92,0.7208,0.5,-11.768,546.84,-758.66,14,-157.86,252.94,0.7041,0.5714,-11.276,375.58,-533.44,4,-53.96,119.98,0.7604,0.25,-13.49,171.26,-225.22,False
M200R5_0643,40,0.4,20,1.1,1.25,1.0,6,True,True,ALL,1,18,-211.82,372.92,0.7208,0.5,-11.768,546.84,-758.66,14,-157.86,252.94,0.7041,0.5714,-11.276,375.58,-533.44,4,-53.96,119.98,0.7604,0.25,-13.49,171.26,-225.22,False
M200R5_0367,40,0.4,12,1.1,1.5,1.5,12,False,True,ALL,1,46,-25.54,486.94,0.9834,0.5435,-0.555,1513.0,-1538.54,35,154.6,349.82,1.1641,0.5429,4.417,1096.94,-942.34,11,-180.14,486.94,0.6979,0.5455,-16.376,416.06,-596.2,False
M200R5_1214,40,0.7,20,0.8,1.25,1.0,6,True,False,ALL,3,14,43.64,315.66,1.0946,0.5,3.117,504.82,-461.18,8,-86.42,283.2,0.6948,0.375,-10.802,196.78,-283.2,6,130.06,177.98,1.7308,0.6667,21.677,308.04,-177.98,False
M200R5_1220,40,0.7,20,0.8,1.25,1.0,6,True,True,ALL,3,14,43.64,315.66,1.0946,0.5,3.117,504.82,-461.18,8,-86.42,283.2,0.6948,0.375,-10.802,196.78,-283.2,6,130.06,177.98,1.7308,0.6667,21.677,308.04,-177.98,False
M200R5_1238,40,0.7,20,0.8,1.25,1.0,12,True,False,ALL,3,14,43.64,315.66,1.0946,0.5,3.117,504.82,-461.18,8,-86.42,283.2,0.6948,0.375,-10.802,196.78,-283.2,6,130.06,177.98,1.7308,0.6667,21.677,308.04,-177.98,False
M200R5_1244,40,0.7,20,0.8,1.25,1.0,12,True,True,ALL,3,14,43.64,315.66,1.0946,0.5,3.117,504.82,-461.18,8,-86.42,283.2,0.6948,0.375,-10.802,196.78,-283.2,6,130.06,177.98,1.7308,0.6667,21.677,308.04,-177.98,False
M200R5_0241,40,0.4,12,1.1,1.25,1.0,6,False,False,ALL,1,46,-388.04,517.32,0.7262,0.5,-8.436,1028.98,-1417.02,35,-235.9,509.94,0.7434,0.4857,-6.74,683.42,-919.32,11,-152.14,406.44,0.6943,0.5455,-13.831,345.56,-497.7,False
M200R5_0247,40,0.4,12,1.1,1.25,1.0,6,False,True,ALL,1,46,-388.04,517.32,0.7262,0.5,-8.436,1028.98,-1417.02,35,-235.9,509.94,0.7434,0.4857,-6.74,683.42,-919.32,11,-152.14,406.44,0.6943,0.5455,-13.831,345.56,-497.7,False
M200R5_0265,40,0.4,12,1.1,1.25,1.0,12,False,False,ALL,1,46,-201.54,406.44,0.8547,0.5,-4.381,1185.48,-1387.02,35,-49.4,398.94,0.9445,0.4857,-1.411,839.92,-889.32,11,-152.14,406.44,0.6943,0.5455,-13.831,345.56,-497.7,False
M200R5_0271,40,0.4,12,1.1,1.25,1.0,12,False,True,ALL,1,46,-209.54,406.94,0.8465,0.5217,-4.555,1155.24,-1364.78,35,-57.4,406.94,0.9338,0.5143,-1.64,809.68,-867.08,11,-152.14,406.44,0.6943,0.5455,-13.831,345.56,-497.7,False
M200R5_0591,40,0.4,20,1.1,1.0,0.75,6,True,False,PRE_RTH,1,6,55.06,197.74,1.2309,0.6667,9.177,293.54,-238.48,5,-73.2,197.74,0.6931,0.6,-14.64,165.28,-238.48,1,128.26,0.0,999.0,1.0,128.26,128.26,0.0,False
M200R5_0592,40,0.4,20,1.1,1.0,0.75,6,True,False,PRE_RTH,3,6,55.06,197.74,1.2309,0.6667,9.177,293.54,-238.48,5,-73.2,197.74,0.6931,0.6,-14.64,165.28,-238.48,1,128.26,0.0,999.0,1.0,128.26,128.26,0.0,False
M200R5_0593,40,0.4,20,1.1,1.0,0.75,6,True,False,RTH,1,6,55.06,197.74,1.2309,0.6667,9.177,293.54,-238.48,5,-73.2,197.74,0.6931,0.6,-14.64,165.28,-238.48,1,128.26,0.0,999.0,1.0,128.26,128.26,0.0,False
M200R5_0594,40,0.4,20,1.1,1.0,0.75,6,True,False,RTH,3,6,55.06,197.74,1.2309,0.6667,9.177,293.54,-238.48,5,-73.2,197.74,0.6931,0.6,-14.64,165.28,-238.48,1,128.26,0.0,999.0,1.0,128.26,128.26,0.0,False
M200R5_0597,40,0.4,20,1.1,1.0,0.75,6,True,True,PRE_RTH,1,6,55.06,197.74,1.2309,0.6667,9.177,293.54,-238.48,5,-73.2,197.74,0.6931,0.6,-14.64,165.28,-238.48,1,128.26,0.0,999.0,1.0,128.26,128.26,0.0,False
M200R5_0598,40,0.4,20,1.1,1.0,0.75,6,True,True,PRE_RTH,3,6,55.06,197.74,1.2309,0.6667,9.177,293.54,-238.48,5,-73.2,197.74,0.6931,0.6,-14.64,165.28,-238.48,1,128.26,0.0,999.0,1.0,128.26,128.26,0.0,False
M200R5_0599,40,0.4,20,1.1,1.0,0.75,6,True,True,RTH,1,6,55.06,197.74,1.2309,0.6667,9.177,293.54,-238.48,5,-73.2,197.74,0.6931,0.6,-14.64,165.28,-238.48,1,128.26,0.0,999.0,1.0,128.26,128.26,0.0,False
M200R5_0600,40,0.4,20,1.1,1.0,0.75,6,True,True,RTH,3,6,55.06,197.74,1.2309,0.6667,9.177,293.54,-238.48,5,-73.2,197.74,0.6931,0.6,-14.64,165.28,-238.48,1,128.26,0.0,999.0,1.0,128.26,128.26,0.0,False
M200R5_0615,40,0.4,20,1.1,1.0,0.75,12,True,False,PRE_RTH,1,6,55.06,197.74,1.2309,0.6667,9.177,293.54,-238.48,5,-73.2,197.74,0.6931,0.6,-14.64,165.28,-238.48,1,128.26,0.0,999.0,1.0,128.26,128.26,0.0,False
M200R5_0616,40,0.4,20,1.1,1.0,0.75,12,True,False,PRE_RTH,3,6,55.06,197.74,1.2309,0.6667,9.177,293.54,-238.48,5,-73.2,197.74,0.6931,0.6,-14.64,165.28,-238.48,1,128.26,0.0,999.0,1.0,128.26,128.26,0.0,False
M200R5_0617,40,0.4,20,1.1,1.0,0.75,12,True,False,RTH,1,6,55.06,197.74,1.2309,0.6667,9.177,293.54,-238.48,5,-73.2,197.74,0.6931,0.6,-14.64,165.28,-238.48,1,128.26,0.0,999.0,1.0,128.26,128.26,0.0,False
M200R5_0618,40,0.4,20,1.1,1.0,0.75,12,True,False,RTH,3,6,55.06,197.74,1.2309,0.6667,9.177,293.54,-238.48,5,-73.2,197.74,0.6931,0.6,-14.64,165.28,-238.48,1,128.26,0.0,999.0,1.0,128.26,128.26,0.0,False
M200R5_0621,40,0.4,20,1.1,1.0,0.75,12,True,True,PRE_RTH,1,6,55.06,197.74,1.2309,0.6667,9.177,293.54,-238.48,5,-73.2,197.74,0.6931,0.6,-14.64,165.28,-238.48,1,128.26,0.0,999.0,1.0,128.26,128.26,0.0,False
M200R5_0622,40,0.4,20,1.1,1.0,0.75,12,True,True,PRE_RTH,3,6,55.06,197.74,1.2309,0.6667,9.177,293.54,-238.48,5,-73.2,197.74,0.6931,0.6,-14.64,165.28,-238.48,1,128.26,0.0,999.0,1.0,128.26,128.26,0.0,False
M200R5_0623,40,0.4,20,1.1,1.0,0.75,12,True,True,RTH,1,6,55.06,197.74,1.2309,0.6667,9.177,293.54,-238.48,5,-73.2,197.74,0.6931,0.6,-14.64,165.28,-238.48,1,128.26,0.0,999.0,1.0,128.26,128.26,0.0,False
M200R5_0624,40,0.4,20,1.1,1.0,0.75,12,True,True,RTH,3,6,55.06,197.74,1.2309,0.6667,9.177,293.54,-238.48,5,-73.2,197.74,0.6931,0.6,-14.64,165.28,-238.48,1,128.26,0.0,999.0,1.0,128.26,128.26,0.0,False
M200R5_0343,40,0.4,12,1.1,1.5,1.5,6,False,True,ALL,1,46,-275.54,486.94,0.8254,0.4783,-5.99,1302.22,-1577.76,35,-92.4,444.44,0.9059,0.4571,-2.64,889.16,-981.56,11,-183.14,486.94,0.6928,0.5455,-16.649,413.06,-596.2,False
M200R5_0325,40,0.4,12,1.1,1.5,1.25,12,True,False,ALL,1,24,36.24,641.86,1.0356,0.5,1.51,1053.12,-1016.88,15,-207.1,352.9,0.6926,0.4,-13.807,466.56,-673.66,9,243.34,343.22,1.709,0.6667,27.038,586.56,-343.22,False
M200R5_0589,40,0.4,20,1.1,1.0,0.75,6,True,False,ALL,1,18,-190.32,312.42,0.6931,0.5,-10.573,429.84,-620.16,14,-133.36,211.44,0.6934,0.5714,-9.526,301.58,-434.94,4,-56.96,100.98,0.6925,0.25,-14.24,128.26,-185.22,False
M200R5_0595,40,0.4,20,1.1,1.0,0.75,6,True,True,ALL,1,18,-190.32,312.42,0.6931,0.5,-10.573,429.84,-620.16,14,-133.36,211.44,0.6934,0.5714,-9.526,301.58,-434.94,4,-56.96,100.98,0.6925,0.25,-14.24,128.26,-185.22,False
M200R5_0135,40,0.4,12,0.8,1.5,1.25,12,True,False,PRE_RTH,1,18,-3.82,493.68,0.9963,0.5556,-0.212,1034.1,-1037.92,15,-296.1,493.68,0.6924,0.5333,-19.74,666.58,-962.68,3,292.28,75.24,4.8846,0.6667,97.427,367.52,-75.24,False
M200R5_0469,40,0.4,20,0.8,1.25,1.0,12,True,False,ALL,1,38,-432.12,712.86,0.6976,0.5263,-11.372,996.7,-1428.82,28,-294.22,469.9,0.692,0.5357,-10.508,660.9,-955.12,10,-137.9,286.22,0.7089,0.5,-13.79,335.8,-473.7,False
M200R5_0475,40,0.4,20,0.8,1.25,1.0,12,True,True,ALL,1,38,-432.12,712.86,0.6976,0.5263,-11.372,996.7,-1428.82,28,-294.22,469.9,0.692,0.5357,-10.508,660.9,-955.12,10,-137.9,286.22,0.7089,0.5,-13.79,335.8,-473.7,False
M200R5_0710,40,0.4,20,1.1,1.5,1.25,12,True,False,ALL,3,22,-319.28,589.46,0.7178,0.4545,-14.513,812.1,-1131.38,17,-223.58,295.74,0.7276,0.5294,-13.152,597.34,-820.92,5,-95.7,293.72,0.6917,0.2,-19.14,214.76,-310.46,False
M200R5_0326,40,0.4,12,1.1,1.5,1.25,12,True,False,ALL,3,28,-97.72,643.82,0.9236,0.4643,-3.49,1180.88,-1278.6,18,-265.82,354.86,0.691,0.3889,-14.768,594.32,-860.14,10,168.1,343.22,1.4017,0.6,16.81,586.56,-418.46,False
M200R5_0188,40,0.4,12,0.8,1.5,1.5,12,True,True,ALL,3,68,-316.32,1190.02,0.8847,0.5441,-4.652,2427.62,-2743.94,50,-685.0,941.32,0.6889,0.5,-13.7,1517.0,-2202.0,18,368.68,342.22,1.6803,0.6667,20.482,910.62,-541.94,False
M200R5_0191,40,0.4,12,0.8,1.5,1.5,12,True,True,RTH,1,14,163.14,459.7,1.217,0.7143,11.653,915.1,-751.96,12,-234.38,459.7,0.6883,0.6667,-19.532,517.58,-751.96,2,397.52,0.0,999.0,1.0,198.76,397.52,0.0,False
M200R5_0397,40,0.4,20,0.8,1.0,0.75,6,True,False,ALL,1,38,-332.12,551.86,0.6975,0.5263,-8.74,765.7,-1097.82,28,-234.22,386.4,0.6875,0.5357,-8.365,515.4,-749.62,10,-97.9,197.72,0.7188,0.5,-9.79,250.3,-348.2,False
M200R5_0403,40,0.4,20,0.8,1.0,0.75,6,True,True,ALL,1,38,-332.12,551.86,0.6975,0.5263,-8.74,765.7,-1097.82,28,-234.22,386.4,0.6875,0.5357,-8.365,515.4,-749.62,10,-97.9,197.72,0.7188,0.5,-9.79,250.3,-348.2,False
M200R5_1233,40,0.7,20,0.8,1.25,1.0,12,False,True,PRE_RTH,1,16,-10.34,348.24,0.9848,0.625,-0.646,668.1,-678.44,14,-212.36,348.24,0.687,0.5714,-15.169,466.08,-678.44,2,202.02,0.0,999.0,1.0,101.01,202.02,0.0,False
M200R5_1234,40,0.7,20,0.8,1.25,1.0,12,False,True,PRE_RTH,3,16,-10.34,348.24,0.9848,0.625,-0.646,668.1,-678.44,14,-212.36,348.24,0.687,0.5714,-15.169,466.08,-678.44,2,202.02,0.0,999.0,1.0,101.01,202.02,0.0,False
M200R5_0884,40,0.7,12,0.8,1.5,1.25,6,True,True,ALL,3,25,186.0,408.14,1.2221,0.56,7.44,1023.64,-837.64,17,-227.58,378.92,0.6822,0.4706,-13.387,488.58,-716.16,8,413.58,121.48,4.4045,0.75,51.697,535.06,-121.48,False
M200R5_0206,40,0.4,12,1.1,1.0,0.75,6,True,False,ALL,3,32,-42.18,482.54,0.9544,0.5625,-1.318,883.68,-925.86,22,-237.28,337.12,0.6777,0.5,-10.785,498.86,-736.14,10,195.1,189.72,2.0284,0.7,19.51,384.82,-189.72,False
M200R5_0212,40,0.4,12,1.1,1.0,0.75,6,True,True,ALL,3,32,-42.18,482.54,0.9544,0.5625,-1.318,883.68,-925.86,22,-237.28,337.12,0.6777,0.5,-10.785,498.86,-736.14,10,195.1,189.72,2.0284,0.7,19.51,384.82,-189.72,False
M200R5_0230,40,0.4,12,1.1,1.0,0.75,12,True,False,ALL,3,32,-82.18,522.54,0.9149,0.5625,-2.568,883.68,-965.86,22,-237.28,337.12,0.6777,0.5,-10.785,498.86,-736.14,10,155.1,229.72,1.6752,0.7,15.51,384.82,-229.72,False
M200R5_0236,40,0.4,12,1.1,1.0,0.75,12,True,True,ALL,3,32,-82.18,522.54,0.9149,0.5625,-2.568,883.68,-965.86,22,-237.28,337.12,0.6777,0.5,-10.785,498.86,-736.14,10,155.1,229.72,1.6752,0.7,15.51,384.82,-229.72,False
M200R5_0481,40,0.4,20,0.8,1.5,1.25,6,False,False,ALL,1,53,-356.72,704.7,0.8009,0.4717,-6.731,1434.5,-1791.22,37,-353.38,704.7,0.676,0.4054,-9.551,737.4,-1090.78,16,-3.34,504.92,0.9952,0.625,-0.209,697.1,-700.44,False
M200R5_1515,40,0.7,20,1.1,1.5,1.5,12,False,False,PRE_RTH,1,10,67.1,348.18,1.1149,0.5,6.71,651.3,-584.2,9,-190.66,348.18,0.6736,0.4444,-21.184,393.54,-584.2,1,257.76,0.0,999.0,1.0,257.76,257.76,0.0,False
M200R5_1516,40,0.7,20,1.1,1.5,1.5,12,False,False,PRE_RTH,3,10,67.1,348.18,1.1149,0.5,6.71,651.3,-584.2,9,-190.66,348.18,0.6736,0.4444,-21.184,393.54,-584.2,1,257.76,0.0,999.0,1.0,257.76,257.76,0.0,False
M200R5_0169,40,0.4,12,0.8,1.5,1.5,12,False,False,ALL,1,55,-222.7,748.5,0.8878,0.4727,-4.049,1762.76,-1985.46,39,-447.36,614.84,0.6734,0.3846,-11.471,922.4,-1369.76,16,224.66,363.94,1.3649,0.6875,14.041,840.36,-615.7,False
M200R5_0374,40,0.4,12,1.1,1.5,1.5,12,True,False,ALL,3,28,-147.72,625.56,0.8915,0.3929,-5.276,1213.36,-1361.08,18,-307.32,387.38,0.673,0.3333,-17.073,632.56,-939.88,10,159.6,343.22,1.3789,0.5,15.96,580.8,-421.2,False
M200R5_0487,40,0.4,20,0.8,1.5,1.25,6,False,True,ALL,1,53,-379.72,709.2,0.788,0.4717,-7.165,1411.5,-1791.22,37,-357.88,709.2,0.6719,0.4054,-9.672,732.9,-1090.78,16,-21.84,510.42,0.9688,0.625,-1.365,678.6,-700.44,False
M200R5_0457,40,0.4,20,0.8,1.25,1.0,12,False,False,ALL,1,53,-212.22,711.2,0.863,0.5094,-4.004,1336.52,-1548.74,37,-347.38,711.2,0.6711,0.4324,-9.389,708.66,-1056.04,16,135.16,312.22,1.2743,0.6875,8.448,627.86,-492.7,False
M200R5_0463,40,0.4,20,0.8,1.25,1.0,12,False,True,ALL,1,53,-212.22,711.2,0.863,0.5094,-4.004,1336.52,-1548.74,37,-347.38,711.2,0.6711,0.4324,-9.389,708.66,-1056.04,16,135.16,312.22,1.2743,0.6875,8.448,627.86,-492.7,False
M200R5_0038,40,0.4,12,0.8,1.0,0.75,12,True,False,ALL,3,76,-251.24,970.98,0.8811,0.5921,-3.306,1861.2,-2112.44,57,-570.18,866.54,0.671,0.5439,-10.003,1163.06,-1733.24,19,318.94,228.72,1.8411,0.7368,16.786,698.14,-379.2,False
M200R5_0044,40,0.4,12,0.8,1.0,0.75,12,True,True,ALL,3,76,-271.74,970.98,0.8714,0.5921,-3.576,1840.7,-2112.44,57,-572.68,866.54,0.6696,0.5439,-10.047,1160.56,-1733.24,19,300.94,228.72,1.7936,0.7368,15.839,680.14,-379.2,False
M200R5_0878,40,0.7,12,0.8,1.5,1.25,6,True,False,ALL,3,25,156.0,469.14,1.1774,0.52,6.24,1035.38,-879.38,17,-251.58,378.92,0.6681,0.4118,-14.799,506.32,-757.9,8,407.58,121.48,4.3551,0.75,50.947,529.06,-121.48,False
M200R5_0140,40,0.4,12,0.8,1.5,1.25,12,True,True,ALL,3,68,-389.82,1244.52,0.8537,0.5588,-5.733,2274.38,-2664.2,50,-706.0,995.82,0.6673,0.52,-14.12,1416.26,-2122.26,18,316.18,342.22,1.5834,0.6667,17.566,858.12,-541.94,False
M200R5_0128,40,0.4,12,0.8,1.5,1.25,12,False,True,ALL,3,144,-1362.06,1990.58,0.7512,0.5556,-9.459,4112.3,-5474.36,100,-1242.5,1521.6,0.6657,0.52,-12.425,2474.52,-3717.02,44,-119.56,731.04,0.932,0.6364,-2.717,1637.78,-1757.34,False
M200R5_0494,40,0.4,20,0.8,1.5,1.25,6,True,False,ALL,3,52,-231.98,808.3,0.8818,0.5192,-4.461,1730.02,-1962.0,38,-0.12,424.1,0.9999,0.5526,-0.003,1271.96,-1272.08,14,-231.86,384.2,0.6639,0.4286,-16.561,458.06,-689.92,False
M200R5_0500,40,0.4,20,0.8,1.5,1.25,6,True,True,ALL,3,52,-243.98,808.3,0.8756,0.5192,-4.692,1718.02,-1962.0,38,-12.12,424.1,0.9905,0.5526,-0.319,1259.96,-1272.08,14,-231.86,384.2,0.6639,0.4286,-16.561,458.06,-689.92,False
M200R5_0020,40,0.4,12,0.8,1.0,0.75,6,True,True,ALL,3,76,-252.24,930.98,0.8795,0.5789,-3.319,1840.44,-2092.68,57,-593.18,866.54,0.6617,0.5263,-10.407,1160.3,-1753.48,19,340.94,188.72,2.0051,0.7368,17.944,680.14,-339.2,False
M200R5_0014,40,0.4,12,0.8,1.0,0.75,6,True,False,ALL,3,76,-267.24,930.98,0.8723,0.5789,-3.516,1825.44,-2092.68,57,-593.18,866.54,0.6617,0.5263,-10.407,1160.3,-1753.48,19,325.94,188.72,1.9609,0.7368,17.155,665.14,-339.2,False
M200R5_0110,40,0.4,12,0.8,1.5,1.25,6,True,False,ALL,3,68,-429.82,1192.52,0.8323,0.5,-6.321,2132.84,-2562.66,50,-685.0,943.82,0.66,0.46,-13.7,1329.98,-2014.98,18,255.18,279.96,1.4659,0.6111,14.177,802.86,-547.68,False
M200R5_0026,40,0.4,12,0.8,1.0,0.75,12,False,False,ALL,3,148,-855.52,1458.26,0.7825,0.5405,-5.781,3077.8,-3933.32,103,-911.22,1072.8,0.6592,0.4951,-8.847,1762.76,-2673.98,45,55.7,557.02,1.0442,0.6444,1.238,1315.04,-1259.34,False
M200R5_0715,40,0.4,20,1.1,1.5,1.25,12,True,True,ALL,1,18,-175.82,526.14,0.8054,0.5,-9.768,727.84,-903.66,14,-240.86,327.66,0.6584,0.5,-17.204,464.32,-705.18,4,65.04,198.48,1.3277,0.5,16.26,263.52,-198.48,False
M200R5_0709,40,0.4,20,1.1,1.5,1.25,12,True,False,ALL,1,18,-241.32,526.14,0.7378,0.4444,-13.407,679.08,-920.4,14,-240.86,327.66,0.6584,0.5,-17.204,464.32,-705.18,4,-0.46,198.48,0.9979,0.25,-0.115,214.76,-215.22,False
M200R5_0421,40,0.4,20,0.8,1.0,0.75,12,True,False,ALL,1,38,-341.12,583.86,0.6926,0.5526,-8.977,768.46,-1109.58,28,-211.22,386.4,0.7104,0.5714,-7.544,518.16,-729.38,10,-129.9,229.72,0.6583,0.5,-12.99,250.3,-380.2,False
M200R5_0427,40,0.4,20,0.8,1.0,0.75,12,True,True,ALL,1,38,-341.12,583.86,0.6926,0.5526,-8.977,768.46,-1109.58,28,-211.22,386.4,0.7104,0.5714,-7.544,518.16,-729.38,10,-129.9,229.72,0.6583,0.5,-12.99,250.3,-380.2,False
M200R5_0278,40,0.4,12,1.1,1.25,1.0,12,True,False,ALL,3,32,-211.18,695.04,0.8392,0.5,-6.599,1102.16,-1313.34,22,-329.78,485.62,0.6579,0.4545,-14.99,634.1,-963.88,10,118.6,286.22,1.3394,0.6,11.86,468.06,-349.46,False
M200R5_0284,40,0.4,12,1.1,1.25,1.0,12,True,True,ALL,3,32,-240.18,695.04,0.8171,0.5,-7.506,1073.16,-1313.34,22,-329.78,485.62,0.6579,0.4545,-14.99,634.1,-963.88,10,89.6,286.22,1.2564,0.6,8.96,439.06,-349.46,False
M200R5_0032,40,0.4,12,0.8,1.0,0.75,12,False,True,ALL,3,148,-910.52,1463.76,0.7685,0.5405,-6.152,3022.8,-3933.32,103,-916.72,1078.3,0.6572,0.4951,-8.9,1757.26,-2673.98,45,6.2,557.02,1.0049,0.6444,0.138,1265.54,-1259.34,False
M200R5_0175,40,0.4,12,0.8,1.5,1.5,12,False,True,ALL,1,55,-540.2,887.48,0.7105,0.5455,-9.822,1325.8,-1866.0,39,-429.36,502.84,0.6566,0.4872,-11.009,820.94,-1250.3,16,-110.84,493.92,0.82,0.6875,-6.927,504.86,-615.7,False
M200R5_0166,40,0.4,12,0.8,1.5,1.5,6,True,True,PRE_RTH,3,21,-27.54,626.66,0.9748,0.5238,-1.311,1065.86,-1093.4,18,-349.82,626.66,0.6564,0.5,-19.434,668.34,-1018.16,3,322.28,75.24,5.2834,0.6667,107.427,397.52,-75.24,False
M200R5_0136,40,0.4,12,0.8,1.5,1.25,12,True,False,PRE_RTH,3,21,-143.04,745.48,0.8927,0.5714,-6.811,1190.62,-1333.66,18,-435.32,745.48,0.6541,0.5556,-24.184,823.1,-1258.42,3,292.28,75.24,4.8846,0.6667,97.427,367.52,-75.24,False
M200R5_0303,40,0.4,12,1.1,1.5,1.25,6,True,False,PRE_RTH,1,8,-18.42,295.74,0.9652,0.5,-2.303,511.54,-529.96,6,-157.94,295.74,0.6527,0.5,-26.323,296.78,-454.72,2,139.52,75.24,2.8543,0.5,69.76,214.76,-75.24,False
M200R5_0304,40,0.4,12,1.1,1.5,1.25,6,True,False,PRE_RTH,3,8,-18.42,295.74,0.9652,0.5,-2.303,511.54,-529.96,6,-157.94,295.74,0.6527,0.5,-26.323,296.78,-454.72,2,139.52,75.24,2.8543,0.5,69.76,214.76,-75.24,False
M200R5_0309,40,0.4,12,1.1,1.5,1.25,6,True,True,PRE_RTH,1,8,-18.42,295.74,0.9652,0.5,-2.303,511.54,-529.96,6,-157.94,295.74,0.6527,0.5,-26.323,296.78,-454.72,2,139.52,75.24,2.8543,0.5,69.76,214.76,-75.24,False
M200R5_0310,40,0.4,12,1.1,1.5,1.25,6,True,True,PRE_RTH,3,8,-18.42,295.74,0.9652,0.5,-2.303,511.54,-529.96,6,-157.94,295.74,0.6527,0.5,-26.323,296.78,-454.72,2,139.52,75.24,2.8543,0.5,69.76,214.76,-75.24,False
M200R5_0327,40,0.4,12,1.1,1.5,1.25,12,True,False,PRE_RTH,1,8,-18.42,295.74,0.9652,0.5,-2.303,511.54,-529.96,6,-157.94,295.74,0.6527,0.5,-26.323,296.78,-454.72,2,139.52,75.24,2.8543,0.5,69.76,214.76,-75.24,False
M200R5_0328,40,0.4,12,1.1,1.5,1.25,12,True,False,PRE_RTH,3,8,-18.42,295.74,0.9652,0.5,-2.303,511.54,-529.96,6,-157.94,295.74,0.6527,0.5,-26.323,296.78,-454.72,2,139.52,75.24,2.8543,0.5,69.76,214.76,-75.24,False
M200R5_0333,40,0.4,12,1.1,1.5,1.25,12,True,True,PRE_RTH,1,8,-18.42,295.74,0.9652,0.5,-2.303,511.54,-529.96,6,-157.94,295.74,0.6527,0.5,-26.323,296.78,-454.72,2,139.52,75.24,2.8543,0.5,69.76,214.76,-75.24,False
M200R5_0334,40,0.4,12,1.1,1.5,1.25,12,True,True,PRE_RTH,3,8,-18.42,295.74,0.9652,0.5,-2.303,511.54,-529.96,6,-157.94,295.74,0.6527,0.5,-26.323,296.78,-454.72,2,139.52,75.24,2.8543,0.5,69.76,214.76,-75.24,False
M200R5_0164,40,0.4,12,0.8,1.5,1.5,6,True,True,ALL,3,68,-351.82,1119.02,0.8647,0.5,-5.174,2248.84,-2600.66,50,-713.5,931.32,0.6525,0.46,-14.27,1339.48,-2052.98,18,361.68,279.96,1.6604,0.6111,20.093,909.36,-547.68,False
M200R5_0146,40,0.4,12,0.8,1.5,1.5,6,False,False,ALL,3,144,-1014.56,1793.86,0.8087,0.4514,-7.046,4288.4,-5302.96,100,-1244.0,1498.3,0.6505,0.41,-12.44,2315.16,-3559.16,44,229.44,627.62,1.1316,0.5455,5.215,1973.24,-1743.8,False
M200R5_0176,40,0.4,12,0.8,1.5,1.5,12,False,True,ALL,3,143,-1578.82,2250.34,0.7202,0.5385,-11.041,4064.02,-5642.84,100,-1336.0,1636.6,0.6504,0.51,-13.36,2485.76,-3821.76,43,-242.82,931.3,0.8667,0.6047,-5.647,1578.26,-1821.08,False
M200R5_1523,40,0.7,20,1.1,1.5,1.5,12,False,True,RTH,1,7,108.32,287.98,1.2547,0.5714,15.474,533.54,-425.22,6,-149.44,287.98,0.6486,0.5,-24.907,275.78,-425.22,1,257.76,0.0,999.0,1.0,257.76,257.76,0.0,False
M200R5_1524,40,0.7,20,1.1,1.5,1.5,12,False,True,RTH,3,7,108.32,287.98,1.2547,0.5714,15.474,533.54,-425.22,6,-149.44,287.98,0.6486,0.5,-24.907,275.78,-425.22,1,257.76,0.0,999.0,1.0,257.76,257.76,0.0,False
M200R5_0908,40,0.7,12,0.8,1.5,1.25,12,True,True,ALL,3,25,94.0,489.64,1.0902,0.64,3.76,1136.66,-1042.66,17,-326.08,466.92,0.648,0.5294,-19.181,600.34,-926.42,8,420.08,116.24,4.6139,0.875,52.51,536.32,-116.24,False
M200R5_0332,40,0.4,12,1.1,1.5,1.25,12,True,True,ALL,3,28,-266.72,745.32,0.7943,0.4286,-9.526,1029.62,-1296.34,18,-309.82,403.36,0.6471,0.3333,-17.212,568.06,-877.88,10,43.1,343.22,1.103,0.6,4.31,461.56,-418.46,False
M200R5_0112,40,0.4,12,0.8,1.5,1.25,6,True,False,PRE_RTH,3,21,-68.04,641.16,0.9378,0.5238,-3.24,1025.36,-1093.4,18,-360.32,641.16,0.6461,0.5,-20.018,657.84,-1018.16,3,292.28,75.24,4.8846,0.6667,97.427,367.52,-75.24,False
M200R5_1166,40,0.7,20,0.8,1.0,0.75,6,True,False,ALL,3,15,35.9,231.9,1.0968,0.5333,2.393,406.58,-370.68,8,-80.92,227.7,0.6446,0.375,-10.115,146.78,-227.7,7,116.82,142.98,1.817,0.7143,16.689,259.8,-142.98,False
M200R5_1172,40,0.7,20,0.8,1.0,0.75,6,True,True,ALL,3,15,35.9,231.9,1.0968,0.5333,2.393,406.58,-370.68,8,-80.92,227.7,0.6446,0.375,-10.115,146.78,-227.7,7,116.82,142.98,1.817,0.7143,16.689,259.8,-142.98,False
M200R5_1190,40,0.7,20,0.8,1.0,0.75,12,True,False,ALL,3,15,35.9,231.9,1.0968,0.5333,2.393,406.58,-370.68,8,-80.92,227.7,0.6446,0.375,-10.115,146.78,-227.7,7,116.82,142.98,1.817,0.7143,16.689,259.8,-142.98,False
M200R5_1196,40,0.7,20,0.8,1.0,0.75,12,True,True,ALL,3,15,35.9,231.9,1.0968,0.5333,2.393,406.58,-370.68,8,-80.92,227.7,0.6446,0.375,-10.115,146.78,-227.7,7,116.82,142.98,1.817,0.7143,16.689,259.8,-142.98,False
M200R5_0193,40,0.4,12,1.1,1.0,0.75,6,False,False,ALL,1,46,38.46,330.94,1.0388,0.6087,0.836,1030.78,-992.32,35,180.6,202.42,1.3045,0.6286,5.16,773.72,-593.12,11,-142.14,330.94,0.6439,0.5455,-12.922,257.06,-399.2,False
M200R5_0199,40,0.4,12,1.1,1.0,0.75,6,False,True,ALL,1,46,38.46,330.94,1.0388,0.6087,0.836,1030.78,-992.32,35,180.6,202.42,1.3045,0.6286,5.16,773.72,-593.12,11,-142.14,330.94,0.6439,0.5455,-12.922,257.06,-399.2,False
M200R5_0217,40,0.4,12,1.1,1.0,0.75,12,False,False,ALL,1,46,61.46,330.94,1.0619,0.6087,1.336,1053.78,-992.32,35,203.6,189.2,1.3433,0.6286,5.817,796.72,-593.12,11,-142.14,330.94,0.6439,0.5455,-12.922,257.06,-399.2,False
M200R5_0223,40,0.4,12,1.1,1.0,0.75,12,False,True,ALL,1,46,46.96,330.94,1.0473,0.6087,1.021,1039.28,-992.32,35,189.1,193.92,1.3188,0.6286,5.403,782.22,-593.12,11,-142.14,330.94,0.6439,0.5455,-12.922,257.06,-399.2,False
M200R5_0116,40,0.4,12,0.8,1.5,1.25,6,True,True,ALL,3,68,-394.82,1143.02,0.8434,0.5147,-5.806,2126.1,-2520.92,50,-704.0,955.32,0.6432,0.48,-14.08,1269.24,-1973.24,18,309.18,279.96,1.5645,0.6111,17.177,856.86,-547.68,False
M200R5_0002,40,0.4,12,0.8,1.0,0.75,6,False,False,ALL,3,148,-1011.02,1462.76,0.7441,0.5203,-6.831,2940.52,-3951.54,103,-967.72,1129.3,0.6408,0.4854,-9.395,1726.5,-2694.22,45,-43.3,505.02,0.9656,0.6,-0.962,1214.02,-1257.32,False
M200R5_0168,40,0.4,12,0.8,1.5,1.5,6,True,True,RTH,3,15,106.9,556.44,1.1324,0.6,7.127,914.34,-807.44,13,-290.62,556.44,0.6401,0.5385,-22.355,516.82,-807.44,2,397.52,0.0,999.0,1.0,198.76,397.52,0.0,False
M200R5_0008,40,0.4,12,0.8,1.0,0.75,6,False,True,ALL,3,148,-971.52,1465.76,0.7524,0.527,-6.564,2951.78,-3923.3,103,-970.72,1132.3,0.6397,0.4854,-9.424,1723.5,-2694.22,45,-0.8,505.02,0.9993,0.6222,-0.018,1228.28,-1229.08,False
M200R5_0901,40,0.7,12,0.8,1.5,1.25,12,True,False,ALL,1,23,200.48,535.2,1.191,0.6087,8.717,1250.14,-1049.66,15,-338.6,535.2,0.6372,0.4667,-22.573,594.82,-933.42,8,539.08,116.24,5.6376,0.875,67.385,655.32,-116.24,False
M200R5_0331,40,0.4,12,1.1,1.5,1.25,12,True,True,ALL,1,24,-132.76,743.36,0.8717,0.4583,-5.532,901.86,-1034.62,15,-251.1,401.4,0.6368,0.3333,-16.74,440.3,-691.4,9,118.34,343.22,1.3448,0.6667,13.149,461.56,-343.22,False
M200R5_0373,40,0.4,12,1.1,1.5,1.5,12,True,False,ALL,1,24,-39.76,594.4,0.9638,0.4167,-1.657,1059.6,-1099.36,15,-274.6,316.94,0.6355,0.3333,-18.307,478.8,-753.4,9,234.84,343.22,1.6788,0.5556,26.093,580.8,-345.96,False
M200R5_0380,40,0.4,12,1.1,1.5,1.5,12,True,True,ALL,3,28,-264.22,738.56,0.808,0.3929,-9.436,1111.86,-1376.08,18,-351.32,435.88,0.6331,0.2778,-19.518,606.3,-957.62,10,87.1,343.22,1.2081,0.6,8.71,505.56,-418.46,False
M200R5_0117,40,0.4,12,0.8,1.5,1.25,6,True,True,PRE_RTH,1,18,27.18,429.38,1.0341,0.5,1.51,824.84,-797.66,15,-265.1,429.38,0.633,0.4667,-17.673,457.32,-722.42,3,292.28,75.24,4.8846,0.6667,97.427,367.52,-75.24,False
M200R5_0138,40,0.4,12,0.8,1.5,1.25,12,True,False,RTH,3,15,-17.6,745.48,0.9832,0.6667,-1.173,1030.1,-1047.7,13,-385.12,745.48,0.6324,0.6154,-29.625,662.58,-1047.7,2,367.52,0.0,999.0,1.0,183.76,367.52,0.0,False
M200R5_0104,40,0.4,12,0.8,1.5,1.25,6,False,True,ALL,3,145,-1261.8,1761.2,0.7491,0.5172,-8.702,3768.0,-5029.8,101,-1244.74,1461.04,0.632,0.4752,-12.324,2137.48,-3382.22,44,-17.06,562.22,0.9896,0.6136,-0.388,1630.52,-1647.58,False
M200R5_0949,40,0.7,12,0.8,1.5,1.5,12,True,False,ALL,1,23,297.98,504.7,1.2638,0.5652,12.956,1427.38,-1129.4,15,-374.1,504.7,0.6308,0.4,-24.94,639.06,-1013.16,8,672.08,116.24,6.7818,0.875,84.01,788.32,-116.24,False
M200R5_0661,40,0.4,20,1.1,1.25,1.0,12,True,False,ALL,1,18,-318.32,449.64,0.6296,0.4444,-17.684,541.08,-859.4,14,-218.86,284.16,0.6282,0.5,-15.633,369.82,-588.68,4,-99.46,165.48,0.6326,0.25,-24.865,171.26,-270.72,False
M200R5_0667,40,0.4,20,1.1,1.25,1.0,12,True,True,ALL,1,18,-318.32,449.64,0.6296,0.4444,-17.684,541.08,-859.4,14,-218.86,284.16,0.6282,0.5,-15.633,369.82,-588.68,4,-99.46,165.48,0.6326,0.25,-24.865,171.26,-270.72,False
M200R5_0098,40,0.4,12,0.8,1.5,1.25,6,False,False,ALL,3,144,-1220.06,1756.52,0.7637,0.4792,-8.473,3942.44,-5162.5,100,-1296.5,1495.3,0.6277,0.44,-12.965,2185.94,-3482.44,44,76.44,524.78,1.0455,0.5682,1.737,1756.5,-1680.06,False
M200R5_0152,40,0.4,12,0.8,1.5,1.5,6,False,True,ALL,3,145,-1331.3,1907.7,0.7397,0.5034,-9.181,3783.48,-5114.78,101,-1267.24,1539.04,0.6277,0.4653,-12.547,2136.22,-3403.46,44,-64.06,686.22,0.9626,0.5909,-1.456,1647.26,-1711.32,False
M200R5_0255,40,0.4,12,1.1,1.25,1.0,6,True,False,PRE_RTH,1,8,-34.92,246.74,0.9212,0.5,-4.365,408.04,-442.96,6,-142.94,246.74,0.6236,0.5,-23.823,236.78,-379.72,2,108.02,63.24,2.7081,0.5,54.01,171.26,-63.24,False
M200R5_0256,40,0.4,12,1.1,1.25,1.0,6,True,False,PRE_RTH,3,8,-34.92,246.74,0.9212,0.5,-4.365,408.04,-442.96,6,-142.94,246.74,0.6236,0.5,-23.823,236.78,-379.72,2,108.02,63.24,2.7081,0.5,54.01,171.26,-63.24,False
M200R5_0261,40,0.4,12,1.1,1.25,1.0,6,True,True,PRE_RTH,1,8,-34.92,246.74,0.9212,0.5,-4.365,408.04,-442.96,6,-142.94,246.74,0.6236,0.5,-23.823,236.78,-379.72,2,108.02,63.24,2.7081,0.5,54.01,171.26,-63.24,False
M200R5_0262,40,0.4,12,1.1,1.25,1.0,6,True,True,PRE_RTH,3,8,-34.92,246.74,0.9212,0.5,-4.365,408.04,-442.96,6,-142.94,246.74,0.6236,0.5,-23.823,236.78,-379.72,2,108.02,63.24,2.7081,0.5,54.01,171.26,-63.24,False
M200R5_0279,40,0.4,12,1.1,1.25,1.0,12,True,False,PRE_RTH,1,8,-34.92,246.74,0.9212,0.5,-4.365,408.04,-442.96,6,-142.94,246.74,0.6236,0.5,-23.823,236.78,-379.72,2,108.02,63.24,2.7081,0.5,54.01,171.26,-63.24,False
M200R5_0280,40,0.4,12,1.1,1.25,1.0,12,True,False,PRE_RTH,3,8,-34.92,246.74,0.9212,0.5,-4.365,408.04,-442.96,6,-142.94,246.74,0.6236,0.5,-23.823,236.78,-379.72,2,108.02,63.24,2.7081,0.5,54.01,171.26,-63.24,False
M200R5_0285,40,0.4,12,1.1,1.25,1.0,12,True,True,PRE_RTH,1,8,-34.92,246.74,0.9212,0.5,-4.365,408.04,-442.96,6,-142.94,246.74,0.6236,0.5,-23.823,236.78,-379.72,2,108.02,63.24,2.7081,0.5,54.01,171.26,-63.24,False
M200R5_0286,40,0.4,12,1.1,1.25,1.0,12,True,True,PRE_RTH,3,8,-34.92,246.74,0.9212,0.5,-4.365,408.04,-442.96,6,-142.94,246.74,0.6236,0.5,-23.823,236.78,-379.72,2,108.02,63.24,2.7081,0.5,54.01,171.26,-63.24,False
M200R5_0956,40,0.7,12,0.8,1.5,1.5,12,True,True,ALL,3,25,84.0,472.46,1.0748,0.6,3.36,1206.4,-1122.4,17,-382.58,449.74,0.6198,0.4706,-22.505,623.58,-1006.16,8,466.58,116.24,5.0139,0.875,58.322,582.82,-116.24,False
M200R5_0889,40,0.7,12,0.8,1.5,1.25,12,False,False,ALL,1,44,30.94,704.94,1.0189,0.6136,0.703,1664.52,-1633.58,31,-535.94,691.72,0.6183,0.5161,-17.288,868.16,-1404.1,13,566.88,134.74,3.4703,0.8462,43.606,796.36,-229.48,False
M200R5_0114,40,0.4,12,0.8,1.5,1.25,6,True,False,RTH,3,15,57.4,582.44,1.0711,0.6,3.827,864.84,-807.44,13,-310.12,582.44,0.6159,0.5385,-23.855,497.32,-807.44,2,367.52,0.0,999.0,1.0,183.76,367.52,0.0,False
M200R5_0260,40,0.4,12,1.1,1.25,1.0,6,True,True,ALL,3,32,-206.18,661.04,0.8288,0.5312,-6.443,998.42,-1204.6,22,-349.28,471.58,0.6156,0.5,-15.876,559.36,-908.64,10,143.1,232.72,1.4835,0.6,14.31,439.06,-295.96,False
M200R5_0254,40,0.4,12,1.1,1.25,1.0,6,True,False,ALL,3,32,-232.18,661.04,0.8073,0.5312,-7.256,972.42,-1204.6,22,-349.28,471.58,0.6156,0.5,-15.876,559.36,-908.64,10,117.1,232.72,1.3957,0.6,11.71,413.06,-295.96,False
M200R5_1521,40,0.7,20,1.1,1.5,1.5,12,False,True,PRE_RTH,1,10,33.1,382.18,1.0567,0.5,3.31,617.3,-584.2,9,-224.66,382.18,0.6154,0.4444,-24.962,359.54,-584.2,1,257.76,0.0,999.0,1.0,257.76,257.76,0.0,False
M200R5_1522,40,0.7,20,1.1,1.5,1.5,12,False,True,PRE_RTH,3,10,33.1,382.18,1.0567,0.5,3.31,617.3,-584.2,9,-224.66,382.18,0.6154,0.4444,-24.962,359.54,-584.2,1,257.76,0.0,999.0,1.0,257.76,257.76,0.0,False
M200R5_0305,40,0.4,12,1.1,1.5,1.25,6,True,False,RTH,1,5,76.8,295.74,1.2154,0.6,15.36,433.28,-356.48,4,-137.96,295.74,0.613,0.5,-34.49,218.52,-356.48,1,214.76,0.0,999.0,1.0,214.76,214.76,0.0,False
M200R5_0306,40,0.4,12,1.1,1.5,1.25,6,True,False,RTH,3,5,76.8,295.74,1.2154,0.6,15.36,433.28,-356.48,4,-137.96,295.74,0.613,0.5,-34.49,218.52,-356.48,1,214.76,0.0,999.0,1.0,214.76,214.76,0.0,False
M200R5_0311,40,0.4,12,1.1,1.5,1.25,6,True,True,RTH,1,5,76.8,295.74,1.2154,0.6,15.36,433.28,-356.48,4,-137.96,295.74,0.613,0.5,-34.49,218.52,-356.48,1,214.76,0.0,999.0,1.0,214.76,214.76,0.0,False
M200R5_0312,40,0.4,12,1.1,1.5,1.25,6,True,True,RTH,3,5,76.8,295.74,1.2154,0.6,15.36,433.28,-356.48,4,-137.96,295.74,0.613,0.5,-34.49,218.52,-356.48,1,214.76,0.0,999.0,1.0,214.76,214.76,0.0,False
M200R5_0329,40,0.4,12,1.1,1.5,1.25,12,True,False,RTH,1,5,76.8,295.74,1.2154,0.6,15.36,433.28,-356.48,4,-137.96,295.74,0.613,0.5,-34.49,218.52,-356.48,1,214.76,0.0,999.0,1.0,214.76,214.76,0.0,False
M200R5_0330,40,0.4,12,1.1,1.5,1.25,12,True,False,RTH,3,5,76.8,295.74,1.2154,0.6,15.36,433.28,-356.48,4,-137.96,295.74,0.613,0.5,-34.49,218.52,-356.48,1,214.76,0.0,999.0,1.0,214.76,214.76,0.0,False
M200R5_0335,40,0.4,12,1.1,1.5,1.25,12,True,True,RTH,1,5,76.8,295.74,1.2154,0.6,15.36,433.28,-356.48,4,-137.96,295.74,0.613,0.5,-34.49,218.52,-356.48,1,214.76,0.0,999.0,1.0,214.76,214.76,0.0,False
M200R5_0336,40,0.4,12,1.1,1.5,1.25,12,True,True,RTH,3,5,76.8,295.74,1.2154,0.6,15.36,433.28,-356.48,4,-137.96,295.74,0.613,0.5,-34.49,218.52,-356.48,1,214.76,0.0,999.0,1.0,214.76,214.76,0.0,False
M200R5_0074,40,0.4,12,0.8,1.25,1.0,12,False,False,ALL,3,145,-1432.3,2116.28,0.7212,0.5103,-9.878,3705.24,-5137.54,101,-1373.74,1699.36,0.6081,0.4653,-13.601,2131.22,-3504.96,44,-58.56,653.48,0.9641,0.6136,-1.331,1574.02,-1632.58,False
M200R5_0926,40,0.7,12,0.8,1.5,1.5,6,True,False,ALL,3,25,149.0,443.14,1.1554,0.48,5.96,1108.12,-959.12,17,-329.08,352.92,0.6071,0.3529,-19.358,508.56,-837.64,8,478.08,121.48,4.9355,0.75,59.76,599.56,-121.48,False
M200R5_0086,40,0.4,12,0.8,1.25,1.0,12,True,False,ALL,3,73,-582.02,1259.0,0.7924,0.5342,-7.973,2222.14,-2804.16,55,-893.7,1099.3,0.606,0.4909,-16.249,1374.52,-2268.22,18,311.68,285.22,1.5816,0.6667,17.316,847.62,-535.94,False
M200R5_0143,40,0.4,12,0.8,1.5,1.25,12,True,True,RTH,1,14,70.64,485.7,1.0939,0.7143,5.046,822.6,-751.96,12,-296.88,485.7,0.6052,0.6667,-24.74,455.08,-751.96,2,367.52,0.0,999.0,1.0,183.76,367.52,0.0,False
M200R5_1469,40,0.7,20,1.1,1.5,1.25,12,False,False,RTH,1,7,46.82,287.98,1.1101,0.5714,6.689,472.04,-425.22,6,-167.94,287.98,0.6051,0.5,-27.99,257.28,-425.22,1,214.76,0.0,999.0,1.0,214.76,214.76,0.0,False
M200R5_1470,40,0.7,20,1.1,1.5,1.25,12,False,False,RTH,3,7,46.82,287.98,1.1101,0.5714,6.689,472.04,-425.22,6,-167.94,287.98,0.6051,0.5,-27.99,257.28,-425.22,1,214.76,0.0,999.0,1.0,214.76,214.76,0.0,False
M200R5_1475,40,0.7,20,1.1,1.5,1.25,12,False,True,RTH,1,7,46.82,287.98,1.1101,0.5714,6.689,472.04,-425.22,6,-167.94,287.98,0.6051,0.5,-27.99,257.28,-425.22,1,214.76,0.0,999.0,1.0,214.76,214.76,0.0,False
M200R5_1476,40,0.7,20,1.1,1.5,1.25,12,False,True,RTH,3,7,46.82,287.98,1.1101,0.5714,6.689,472.04,-425.22,6,-167.94,287.98,0.6051,0.5,-27.99,257.28,-425.22,1,214.76,0.0,999.0,1.0,214.76,214.76,0.0,False
M200R5_0932,40,0.7,12,0.8,1.5,1.5,6,True,True,ALL,3,25,145.5,382.14,1.1586,0.52,5.82,1062.88,-917.38,17,-314.58,352.92,0.6047,0.4118,-18.505,481.32,-795.9,8,460.08,121.48,4.7873,0.75,57.51,581.56,-121.48,False
M200R5_0080,40,0.4,12,0.8,1.25,1.0,12,False,True,ALL,3,145,-1507.8,2108.26,0.7026,0.5241,-10.399,3562.26,-5070.06,101,-1375.74,1701.34,0.5998,0.4851,-13.621,2061.74,-3437.48,44,-132.06,637.48,0.9191,0.6136,-3.001,1500.52,-1632.58,False
M200R5_0092,40,0.4,12,0.8,1.25,1.0,12,True,True,ALL,3,73,-674.52,1263.8,0.7595,0.5342,-9.24,2129.64,-2804.16,55,-911.7,1104.1,0.5981,0.4909,-16.576,1356.52,-2268.22,18,237.18,285.22,1.4425,0.6667,13.177,773.12,-535.94,False
M200R5_0943,40,0.7,12,0.8,1.5,1.5,12,False,True,ALL,1,44,-170.56,773.94,0.8931,0.6136,-3.876,1425.52,-1596.08,31,-551.44,691.72,0.5965,0.5161,-17.788,815.16,-1366.6,13,380.88,134.74,2.6598,0.8462,29.298,610.36,-229.48,False
M200R5_0613,40,0.4,20,1.1,1.0,0.75,12,True,False,ALL,1,18,-222.32,344.42,0.6591,0.5,-12.351,429.84,-652.16,14,-133.36,211.44,0.6934,0.5714,-9.526,301.58,-434.94,4,-88.96,132.98,0.5905,0.25,-22.24,128.26,-217.22,False
M200R5_0619,40,0.4,20,1.1,1.0,0.75,12,True,True,ALL,1,18,-222.32,344.42,0.6591,0.5,-12.351,429.84,-652.16,14,-133.36,211.44,0.6934,0.5714,-9.526,301.58,-434.94,4,-88.96,132.98,0.5905,0.25,-22.24,128.26,-217.22,False
M200R5_0379,40,0.4,12,1.1,1.5,1.5,12,True,True,ALL,1,24,-156.26,705.84,0.8598,0.4167,-6.511,958.1,-1114.36,15,-318.6,363.88,0.5868,0.2667,-21.24,452.54,-771.14,9,162.34,343.22,1.473,0.6667,18.038,505.56,-343.22,False
M200R5_0257,40,0.4,12,1.1,1.25,1.0,6,True,False,RTH,1,5,48.3,246.74,1.1624,0.6,9.66,345.78,-297.48,4,-122.96,246.74,0.5867,0.5,-30.74,174.52,-297.48,1,171.26,0.0,999.0,1.0,171.26,171.26,0.0,False
M200R5_0258,40,0.4,12,1.1,1.25,1.0,6,True,False,RTH,3,5,48.3,246.74,1.1624,0.6,9.66,345.78,-297.48,4,-122.96,246.74,0.5867,0.5,-30.74,174.52,-297.48,1,171.26,0.0,999.0,1.0,171.26,171.26,0.0,False
M200R5_0263,40,0.4,12,1.1,1.25,1.0,6,True,True,RTH,1,5,48.3,246.74,1.1624,0.6,9.66,345.78,-297.48,4,-122.96,246.74,0.5867,0.5,-30.74,174.52,-297.48,1,171.26,0.0,999.0,1.0,171.26,171.26,0.0,False
M200R5_0264,40,0.4,12,1.1,1.25,1.0,6,True,True,RTH,3,5,48.3,246.74,1.1624,0.6,9.66,345.78,-297.48,4,-122.96,246.74,0.5867,0.5,-30.74,174.52,-297.48,1,171.26,0.0,999.0,1.0,171.26,171.26,0.0,False
M200R5_0281,40,0.4,12,1.1,1.25,1.0,12,True,False,RTH,1,5,48.3,246.74,1.1624,0.6,9.66,345.78,-297.48,4,-122.96,246.74,0.5867,0.5,-30.74,174.52,-297.48,1,171.26,0.0,999.0,1.0,171.26,171.26,0.0,False
M200R5_0282,40,0.4,12,1.1,1.25,1.0,12,True,False,RTH,3,5,48.3,246.74,1.1624,0.6,9.66,345.78,-297.48,4,-122.96,246.74,0.5867,0.5,-30.74,174.52,-297.48,1,171.26,0.0,999.0,1.0,171.26,171.26,0.0,False
M200R5_0287,40,0.4,12,1.1,1.25,1.0,12,True,True,RTH,1,5,48.3,246.74,1.1624,0.6,9.66,345.78,-297.48,4,-122.96,246.74,0.5867,0.5,-30.74,174.52,-297.48,1,171.26,0.0,999.0,1.0,171.26,171.26,0.0,False
M200R5_0288,40,0.4,12,1.1,1.25,1.0,12,True,True,RTH,3,5,48.3,246.74,1.1624,0.6,9.66,345.78,-297.48,4,-122.96,246.74,0.5867,0.5,-30.74,174.52,-297.48,1,171.26,0.0,999.0,1.0,171.26,171.26,0.0,False
M200R5_0062,40,0.4,12,0.8,1.25,1.0,6,True,False,ALL,3,73,-654.02,1286.0,0.7576,0.5342,-8.959,2044.14,-2698.16,55,-918.7,1179.8,0.5854,0.4909,-16.704,1297.02,-2215.72,18,264.68,231.72,1.5486,0.6667,14.704,747.12,-482.44,False
M200R5_0118,40,0.4,12,0.8,1.5,1.25,6,True,True,PRE_RTH,3,21,-135.54,652.66,0.876,0.5238,-6.454,957.86,-1093.4,18,-427.82,652.66,0.5798,0.5,-23.768,590.34,-1018.16,3,292.28,75.24,4.8846,0.6667,97.427,367.52,-75.24,False
M200R5_0139,40,0.4,12,0.8,1.5,1.25,12,True,True,ALL,1,42,-120.58,938.1,0.9191,0.5476,-2.871,1369.98,-1490.56,29,-481.46,689.4,0.5795,0.4828,-16.602,663.64,-1145.1,13,360.88,342.22,2.0446,0.6923,27.76,706.34,-345.46,False
M200R5_0207,40,0.4,12,1.1,1.0,0.75,6,True,False,PRE_RTH,1,8,36.08,197.74,1.1186,0.625,4.51,340.3,-304.22,6,-127.94,197.74,0.5794,0.5,-21.323,176.28,-304.22,2,164.02,0.0,999.0,1.0,82.01,164.02,0.0,False
M200R5_0208,40,0.4,12,1.1,1.0,0.75,6,True,False,PRE_RTH,3,8,36.08,197.74,1.1186,0.625,4.51,340.3,-304.22,6,-127.94,197.74,0.5794,0.5,-21.323,176.28,-304.22,2,164.02,0.0,999.0,1.0,82.01,164.02,0.0,False
M200R5_0213,40,0.4,12,1.1,1.0,0.75,6,True,True,PRE_RTH,1,8,36.08,197.74,1.1186,0.625,4.51,340.3,-304.22,6,-127.94,197.74,0.5794,0.5,-21.323,176.28,-304.22,2,164.02,0.0,999.0,1.0,82.01,164.02,0.0,False
M200R5_0214,40,0.4,12,1.1,1.0,0.75,6,True,True,PRE_RTH,3,8,36.08,197.74,1.1186,0.625,4.51,340.3,-304.22,6,-127.94,197.74,0.5794,0.5,-21.323,176.28,-304.22,2,164.02,0.0,999.0,1.0,82.01,164.02,0.0,False
M200R5_0231,40,0.4,12,1.1,1.0,0.75,12,True,False,PRE_RTH,1,8,36.08,197.74,1.1186,0.625,4.51,340.3,-304.22,6,-127.94,197.74,0.5794,0.5,-21.323,176.28,-304.22,2,164.02,0.0,999.0,1.0,82.01,164.02,0.0,False
M200R5_0232,40,0.4,12,1.1,1.0,0.75,12,True,False,PRE_RTH,3,8,36.08,197.74,1.1186,0.625,4.51,340.3,-304.22,6,-127.94,197.74,0.5794,0.5,-21.323,176.28,-304.22,2,164.02,0.0,999.0,1.0,82.01,164.02,0.0,False
M200R5_0237,40,0.4,12,1.1,1.0,0.75,12,True,True,PRE_RTH,1,8,36.08,197.74,1.1186,0.625,4.51,340.3,-304.22,6,-127.94,197.74,0.5794,0.5,-21.323,176.28,-304.22,2,164.02,0.0,999.0,1.0,82.01,164.02,0.0,False
M200R5_0238,40,0.4,12,1.1,1.0,0.75,12,True,True,PRE_RTH,3,8,36.08,197.74,1.1186,0.625,4.51,340.3,-304.22,6,-127.94,197.74,0.5794,0.5,-21.323,176.28,-304.22,2,164.02,0.0,999.0,1.0,82.01,164.02,0.0,False
M200R5_0068,40,0.4,12,0.8,1.25,1.0,6,True,True,ALL,3,73,-643.52,1286.0,0.7615,0.5342,-8.815,2054.64,-2698.16,55,-934.2,1179.8,0.5784,0.4909,-16.985,1281.52,-2215.72,18,290.68,231.72,1.6025,0.6667,16.149,773.12,-482.44,False
M200R5_0017,40,0.4,12,0.8,1.0,0.75,6,True,False,RTH,1,14,-37.86,420.2,0.9357,0.6429,-2.704,550.84,-588.7,12,-257.38,420.2,0.5628,0.5833,-21.448,331.32,-588.7,2,219.52,0.0,999.0,1.0,109.76,219.52,0.0,False
M200R5_0023,40,0.4,12,0.8,1.0,0.75,6,True,True,RTH,1,14,-37.86,420.2,0.9357,0.6429,-2.704,550.84,-588.7,12,-257.38,420.2,0.5628,0.5833,-21.448,331.32,-588.7,2,219.52,0.0,999.0,1.0,109.76,219.52,0.0,False
M200R5_0041,40,0.4,12,0.8,1.0,0.75,12,True,False,RTH,1,14,-37.86,420.2,0.9357,0.6429,-2.704,550.84,-588.7,12,-257.38,420.2,0.5628,0.5833,-21.448,331.32,-588.7,2,219.52,0.0,999.0,1.0,109.76,219.52,0.0,False
M200R5_0047,40,0.4,12,0.8,1.0,0.75,12,True,True,RTH,1,14,-37.86,420.2,0.9357,0.6429,-2.704,550.84,-588.7,12,-257.38,420.2,0.5628,0.5833,-21.448,331.32,-588.7,2,219.52,0.0,999.0,1.0,109.76,219.52,0.0,False
M200R5_0120,40,0.4,12,0.8,1.5,1.25,6,True,True,RTH,3,15,14.4,582.44,1.0178,0.6,0.96,821.84,-807.44,13,-353.12,582.44,0.5627,0.5385,-27.163,454.32,-807.44,2,367.52,0.0,999.0,1.0,183.76,367.52,0.0,False
M200R5_0638,40,0.4,20,1.1,1.25,1.0,6,True,False,ALL,3,22,-209.78,513.4,0.7667,0.5,-9.535,689.36,-899.14,17,-76.58,314.18,0.8712,0.5882,-4.505,518.1,-594.68,5,-133.2,199.22,0.5625,0.2,-26.64,171.26,-304.46,False
M200R5_0644,40,0.4,20,1.1,1.25,1.0,6,True,True,ALL,3,22,-209.78,513.4,0.7667,0.5,-9.535,689.36,-899.14,17,-76.58,314.18,0.8712,0.5882,-4.505,518.1,-594.68,5,-133.2,199.22,0.5625,0.2,-26.64,171.26,-304.46,False
M200R5_1467,40,0.7,20,1.1,1.5,1.25,12,False,False,PRE_RTH,1,10,-42.4,388.18,0.9274,0.5,-4.24,541.8,-584.2,9,-257.16,388.18,0.5598,0.4444,-28.573,327.04,-584.2,1,214.76,0.0,999.0,1.0,214.76,214.76,0.0,False
M200R5_1468,40,0.7,20,1.1,1.5,1.25,12,False,False,PRE_RTH,3,10,-42.4,388.18,0.9274,0.5,-4.24,541.8,-584.2,9,-257.16,388.18,0.5598,0.4444,-28.573,327.04,-584.2,1,214.76,0.0,999.0,1.0,214.76,214.76,0.0,False
M200R5_1473,40,0.7,20,1.1,1.5,1.25,12,False,True,PRE_RTH,1,10,-42.4,388.18,0.9274,0.5,-4.24,541.8,-584.2,9,-257.16,388.18,0.5598,0.4444,-28.573,327.04,-584.2,1,214.76,0.0,999.0,1.0,214.76,214.76,0.0,False
M200R5_1474,40,0.7,20,1.1,1.5,1.25,12,False,True,PRE_RTH,3,10,-42.4,388.18,0.9274,0.5,-4.24,541.8,-584.2,9,-257.16,388.18,0.5598,0.4444,-28.573,327.04,-584.2,1,214.76,0.0,999.0,1.0,214.76,214.76,0.0,False
M200R5_0187,40,0.4,12,0.8,1.5,1.5,12,True,True,ALL,1,42,-139.58,900.6,0.9111,0.5238,-3.323,1430.72,-1570.3,29,-540.46,651.9,0.5588,0.4483,-18.637,684.38,-1224.84,13,400.88,342.22,2.1604,0.6923,30.837,746.34,-345.46,False
M200R5_0577,40,0.4,20,1.1,1.0,0.75,6,False,False,ALL,1,44,-38.56,350.94,0.9608,0.5682,-0.876,945.5,-984.06,33,131.08,198.4,1.2182,0.5758,3.972,731.94,-600.86,11,-169.64,350.94,0.5573,0.5455,-15.422,213.56,-383.2,False
M200R5_0583,40,0.4,20,1.1,1.0,0.75,6,False,True,ALL,1,44,-38.56,350.94,0.9608,0.5682,-0.876,945.5,-984.06,33,131.08,198.4,1.2182,0.5758,3.972,731.94,-600.86,11,-169.64,350.94,0.5573,0.5455,-15.422,213.56,-383.2,False
M200R5_0601,40,0.4,20,1.1,1.0,0.75,12,False,False,ALL,1,44,-15.56,350.94,0.9842,0.5682,-0.354,968.5,-984.06,33,154.08,198.4,1.2564,0.5758,4.669,754.94,-600.86,11,-169.64,350.94,0.5573,0.5455,-15.422,213.56,-383.2,False
M200R5_0607,40,0.4,20,1.1,1.0,0.75,12,False,True,ALL,1,44,-15.56,350.94,0.9842,0.5682,-0.354,968.5,-984.06,33,154.08,198.4,1.2564,0.5758,4.669,754.94,-600.86,11,-169.64,350.94,0.5573,0.5455,-15.422,213.56,-383.2,False
M200R5_0919,40,0.7,12,0.8,1.5,1.5,6,False,True,ALL,1,44,-152.06,683.58,0.893,0.5909,-3.456,1269.26,-1421.32,31,-529.94,598.36,0.5554,0.4839,-17.095,661.9,-1191.84,13,377.88,134.74,2.6467,0.8462,29.068,607.36,-229.48,False
M200R5_0205,40,0.4,12,1.1,1.0,0.75,6,True,False,ALL,1,24,-93.76,540.62,0.8753,0.5417,-3.907,657.88,-751.64,15,-253.1,383.16,0.5496,0.4667,-16.873,308.82,-561.92,9,159.34,189.72,1.8399,0.6667,17.704,349.06,-189.72,False
M200R5_0211,40,0.4,12,1.1,1.0,0.75,6,True,True,ALL,1,24,-93.76,540.62,0.8753,0.5417,-3.907,657.88,-751.64,15,-253.1,383.16,0.5496,0.4667,-16.873,308.82,-561.92,9,159.34,189.72,1.8399,0.6667,17.704,349.06,-189.72,False
M200R5_0229,40,0.4,12,1.1,1.0,0.75,12,True,False,ALL,1,24,-133.76,580.62,0.831,0.5417,-5.573,657.88,-791.64,15,-253.1,383.16,0.5496,0.4667,-16.873,308.82,-561.92,9,119.34,229.72,1.5195,0.6667,13.26,349.06,-229.72,False
M200R5_0235,40,0.4,12,1.1,1.0,0.75,12,True,True,ALL,1,24,-133.76,580.62,0.831,0.5417,-5.573,657.88,-791.64,15,-253.1,383.16,0.5496,0.4667,-16.873,308.82,-561.92,9,119.34,229.72,1.5195,0.6667,13.26,349.06,-229.72,False
M200R5_0398,40,0.4,20,0.8,1.0,0.75,6,True,False,ALL,3,57,-451.68,820.18,0.7297,0.5439,-7.924,1219.56,-1671.24,42,-192.58,561.08,0.8248,0.5714,-4.585,906.74,-1099.32,15,-259.1,321.62,0.547,0.4667,-17.273,312.82,-571.92,False
M200R5_0404,40,0.4,20,0.8,1.0,0.75,6,True,True,ALL,3,57,-451.68,820.18,0.7297,0.5439,-7.924,1219.56,-1671.24,42,-192.58,561.08,0.8248,0.5714,-4.585,906.74,-1099.32,15,-259.1,321.62,0.547,0.4667,-17.273,312.82,-571.92,False
M200R5_0209,40,0.4,12,1.1,1.0,0.75,6,True,False,RTH,1,5,19.8,197.74,1.083,0.6,3.96,258.28,-238.48,4,-108.46,197.74,0.5452,0.5,-27.115,130.02,-238.48,1,128.26,0.0,999.0,1.0,128.26,128.26,0.0,False
M200R5_0210,40,0.4,12,1.1,1.0,0.75,6,True,False,RTH,3,5,19.8,197.74,1.083,0.6,3.96,258.28,-238.48,4,-108.46,197.74,0.5452,0.5,-27.115,130.02,-238.48,1,128.26,0.0,999.0,1.0,128.26,128.26,0.0,False
M200R5_0215,40,0.4,12,1.1,1.0,0.75,6,True,True,RTH,1,5,19.8,197.74,1.083,0.6,3.96,258.28,-238.48,4,-108.46,197.74,0.5452,0.5,-27.115,130.02,-238.48,1,128.26,0.0,999.0,1.0,128.26,128.26,0.0,False
M200R5_0216,40,0.4,12,1.1,1.0,0.75,6,True,True,RTH,3,5,19.8,197.74,1.083,0.6,3.96,258.28,-238.48,4,-108.46,197.74,0.5452,0.5,-27.115,130.02,-238.48,1,128.26,0.0,999.0,1.0,128.26,128.26,0.0,False
M200R5_0233,40,0.4,12,1.1,1.0,0.75,12,True,False,RTH,1,5,19.8,197.74,1.083,0.6,3.96,258.28,-238.48,4,-108.46,197.74,0.5452,0.5,-27.115,130.02,-238.48,1,128.26,0.0,999.0,1.0,128.26,128.26,0.0,False
M200R5_0234,40,0.4,12,1.1,1.0,0.75,12,True,False,RTH,3,5,19.8,197.74,1.083,0.6,3.96,258.28,-238.48,4,-108.46,197.74,0.5452,0.5,-27.115,130.02,-238.48,1,128.26,0.0,999.0,1.0,128.26,128.26,0.0,False
M200R5_0239,40,0.4,12,1.1,1.0,0.75,12,True,True,RTH,1,5,19.8,197.74,1.083,0.6,3.96,258.28,-238.48,4,-108.46,197.74,0.5452,0.5,-27.115,130.02,-238.48,1,128.26,0.0,999.0,1.0,128.26,128.26,0.0,False
M200R5_0240,40,0.4,12,1.1,1.0,0.75,12,True,True,RTH,3,5,19.8,197.74,1.083,0.6,3.96,258.28,-238.48,4,-108.46,197.74,0.5452,0.5,-27.115,130.02,-238.48,1,128.26,0.0,999.0,1.0,128.26,128.26,0.0,False
M200R5_0782,40,0.7,12,0.8,1.0,0.75,6,True,False,ALL,3,28,-30.22,409.34,0.9663,0.5714,-1.079,866.16,-896.38,19,-372.56,409.34,0.5449,0.4211,-19.608,446.08,-818.64,9,342.34,77.74,5.4037,0.8889,38.038,420.08,-77.74,False
M200R5_0788,40,0.7,12,0.8,1.0,0.75,6,True,True,ALL,3,28,-30.22,409.34,0.9663,0.5714,-1.079,866.16,-896.38,19,-372.56,409.34,0.5449,0.4211,-19.608,446.08,-818.64,9,342.34,77.74,5.4037,0.8889,38.038,420.08,-77.74,False
M200R5_0806,40,0.7,12,0.8,1.0,0.75,12,True,False,ALL,3,28,-30.22,409.34,0.9663,0.5714,-1.079,866.16,-896.38,19,-372.56,409.34,0.5449,0.4211,-19.608,446.08,-818.64,9,342.34,77.74,5.4037,0.8889,38.038,420.08,-77.74,False
M200R5_0812,40,0.7,12,0.8,1.0,0.75,12,True,True,ALL,3,28,-30.22,409.34,0.9663,0.5714,-1.079,866.16,-896.38,19,-372.56,409.34,0.5449,0.4211,-19.608,446.08,-818.64,9,342.34,77.74,5.4037,0.8889,38.038,420.08,-77.74,False
M200R5_0115,40,0.4,12,0.8,1.5,1.25,6,True,True,ALL,1,42,-124.58,836.6,0.9102,0.5,-2.966,1262.46,-1387.04,29,-478.46,648.9,0.5381,0.4483,-16.499,557.38,-1035.84,13,353.88,279.96,2.0076,0.6154,27.222,705.08,-351.2,False
M200R5_0056,40,0.4,12,0.8,1.25,1.0,6,False,True,ALL,3,146,-1678.04,2140.22,0.6623,0.5,-11.493,3290.48,-4968.52,102,-1569.48,1794.06,0.5379,0.4608,-15.387,1827.22,-3396.7,44,-108.56,599.66,0.9309,0.5909,-2.467,1463.26,-1571.82,False
M200R5_0079,40,0.4,12,0.8,1.25,1.0,12,False,True,ALL,1,55,-578.2,781.28,0.6584,0.5273,-10.513,1114.54,-1692.74,39,-533.36,546.64,0.5378,0.4615,-13.676,620.68,-1154.04,16,-44.84,381.42,0.9168,0.6875,-2.802,493.86,-538.7,False
M200R5_0189,40,0.4,12,0.8,1.5,1.5,12,True,True,PRE_RTH,1,18,-122.82,624.88,0.8817,0.5556,-6.823,915.1,-1037.92,15,-445.1,624.88,0.5376,0.5333,-29.673,517.58,-962.68,3,322.28,75.24,5.2834,0.6667,107.427,397.52,-75.24,False
M200R5_0446,40,0.4,20,0.8,1.25,1.0,6,True,False,ALL,3,52,-439.98,793.46,0.7633,0.5,-8.461,1418.76,-1858.74,38,-112.12,465.6,0.9026,0.5263,-2.951,1039.2,-1151.32,14,-327.86,371.12,0.5365,0.4286,-23.419,379.56,-707.42,False
M200R5_0452,40,0.4,20,0.8,1.25,1.0,6,True,True,ALL,3,52,-439.98,793.46,0.7633,0.5,-8.461,1418.76,-1858.74,38,-112.12,465.6,0.9026,0.5263,-2.951,1039.2,-1151.32,14,-327.86,371.12,0.5365,0.4286,-23.419,379.56,-707.42,False
M200R5_0951,40,0.7,12,0.8,1.5,1.5,12,True,False,PRE_RTH,1,8,-71.42,449.74,0.8992,0.5,-8.928,637.04,-708.46,7,-329.18,449.74,0.5354,0.4286,-47.026,379.28,-708.46,1,257.76,0.0,999.0,1.0,257.76,257.76,0.0,False
M200R5_0952,40,0.7,12,0.8,1.5,1.5,12,True,False,PRE_RTH,3,8,-71.42,449.74,0.8992,0.5,-8.928,637.04,-708.46,7,-329.18,449.74,0.5354,0.4286,-47.026,379.28,-708.46,1,257.76,0.0,999.0,1.0,257.76,257.76,0.0,False
M200R5_0883,40,0.7,12,0.8,1.5,1.25,6,True,True,ALL,1,23,97.48,535.9,1.1221,0.5652,4.238,895.88,-798.4,15,-316.1,506.68,0.533,0.4667,-21.073,360.82,-676.92,8,413.58,121.48,4.4045,0.75,51.697,535.06,-121.48,False
M200R5_0907,40,0.7,12,0.8,1.5,1.25,12,True,True,ALL,1,23,5.48,617.4,1.0055,0.6522,0.238,1008.9,-1003.42,15,-414.6,594.68,0.5327,0.5333,-27.64,472.58,-887.18,8,420.08,116.24,4.6139,0.875,52.51,536.32,-116.24,False
M200R5_0854,40,0.7,12,0.8,1.25,1.0,12,True,False,ALL,3,26,-29.74,560.16,0.9722,0.5769,-1.144,1040.9,-1070.64,18,-455.82,560.16,0.532,0.4444,-25.323,518.08,-973.9,8,426.08,96.74,5.4044,0.875,53.26,522.82,-96.74,False
M200R5_0190,40,0.4,12,0.8,1.5,1.5,12,True,True,PRE_RTH,3,21,-267.04,825.66,0.7998,0.5714,-12.716,1066.62,-1333.66,18,-589.32,825.66,0.5317,0.5556,-32.74,669.1,-1258.42,3,322.28,75.24,5.2834,0.6667,107.427,397.52,-75.24,False
M200R5_0050,40,0.4,12,0.8,1.25,1.0,6,False,False,ALL,3,146,-1795.54,2215.22,0.6443,0.4795,-12.298,3252.7,-5048.24,102,-1618.48,1843.06,0.5306,0.4412,-15.867,1829.7,-3448.18,44,-177.06,608.72,0.8893,0.5682,-4.024,1423.0,-1600.06,False
M200R5_0841,40,0.7,12,0.8,1.25,1.0,12,False,False,ALL,1,44,-344.06,683.5,0.7758,0.5909,-7.82,1190.76,-1534.82,31,-578.44,667.78,0.5282,0.5161,-18.659,647.66,-1226.1,13,234.38,195.98,1.7592,0.7692,18.029,543.1,-308.72,False
M200R5_0433,40,0.4,20,0.8,1.25,1.0,6,False,False,ALL,1,53,-387.72,811.2,0.7575,0.4906,-7.315,1211.26,-1598.98,37,-522.88,811.2,0.5274,0.4054,-14.132,583.4,-1106.28,16,135.16,312.22,1.2743,0.6875,8.448,627.86,-492.7,False
M200R5_0439,40,0.4,20,0.8,1.25,1.0,6,False,True,ALL,1,53,-387.72,811.2,0.7575,0.4906,-7.315,1211.26,-1598.98,37,-522.88,811.2,0.5274,0.4054,-14.132,583.4,-1106.28,16,135.16,312.22,1.2743,0.6875,8.448,627.86,-492.7,False
M200R5_0877,40,0.7,12,0.8,1.5,1.25,6,True,False,ALL,1,23,67.48,596.9,1.0803,0.5217,2.934,907.62,-840.14,15,-340.1,506.68,0.5268,0.4,-22.673,378.56,-718.66,8,407.58,121.48,4.3551,0.75,50.947,529.06,-121.48,False
M200R5_0860,40,0.7,12,0.8,1.25,1.0,12,True,True,ALL,3,26,-59.24,560.16,0.9447,0.5769,-2.278,1011.4,-1070.64,18,-463.32,560.16,0.5243,0.4444,-25.74,510.58,-973.9,8,404.08,96.74,5.177,0.875,50.51,500.82,-96.74,False
M200R5_0895,40,0.7,12,0.8,1.5,1.25,12,False,True,ALL,1,44,-262.56,723.94,0.8355,0.6136,-5.967,1333.52,-1596.08,31,-657.44,691.72,0.5189,0.5161,-21.208,709.16,-1366.6,13,394.88,134.74,2.7208,0.8462,30.375,624.36,-229.48,False
M200R5_0422,40,0.4,20,0.8,1.0,0.75,12,True,False,ALL,3,57,-460.68,852.18,0.7263,0.5614,-8.082,1222.32,-1683.0,42,-169.58,561.08,0.8428,0.5952,-4.038,909.5,-1079.08,15,-291.1,353.62,0.518,0.4667,-19.407,312.82,-603.92,False
M200R5_0428,40,0.4,20,0.8,1.0,0.75,12,True,True,ALL,3,57,-460.68,852.18,0.7263,0.5614,-8.082,1222.32,-1683.0,42,-169.58,561.08,0.8428,0.5952,-4.038,909.5,-1079.08,15,-291.1,353.62,0.518,0.4667,-19.407,312.82,-603.92,False
M200R5_0590,40,0.4,20,1.1,1.0,0.75,6,True,False,ALL,3,23,-168.52,396.64,0.7701,0.5217,-7.327,564.62,-733.14,18,-47.82,231.92,0.9012,0.6111,-2.657,436.36,-484.18,5,-120.7,164.72,0.5152,0.2,-24.14,128.26,-248.96,False
M200R5_0596,40,0.4,20,1.1,1.0,0.75,6,True,True,ALL,3,23,-168.52,396.64,0.7701,0.5217,-7.327,564.62,-733.14,18,-47.82,231.92,0.9012,0.6111,-2.657,436.36,-484.18,5,-120.7,164.72,0.5152,0.2,-24.14,128.26,-248.96,False
M200R5_0277,40,0.4,12,1.1,1.25,1.0,12,True,False,ALL,1,24,-185.76,753.86,0.8202,0.5,-7.74,847.12,-1032.88,15,-367.6,510.9,0.5077,0.4,-24.507,379.06,-746.66,9,181.84,286.22,1.6353,0.6667,20.204,468.06,-286.22,False
M200R5_0283,40,0.4,12,1.1,1.25,1.0,12,True,True,ALL,1,24,-214.76,753.86,0.7921,0.5,-8.948,818.12,-1032.88,15,-367.6,510.9,0.5077,0.4,-24.507,379.06,-746.66,9,152.84,286.22,1.534,0.6667,16.982,439.06,-286.22,False
M200R5_0927,40,0.7,12,0.8,1.5,1.5,6,True,False,PRE_RTH,1,8,26.08,231.68,1.0557,0.375,3.26,494.28,-468.2,7,-231.68,231.68,0.5052,0.2857,-33.097,236.52,-468.2,1,257.76,0.0,999.0,1.0,257.76,257.76,0.0,False
M200R5_0928,40,0.7,12,0.8,1.5,1.5,6,True,False,PRE_RTH,3,8,26.08,231.68,1.0557,0.375,3.26,494.28,-468.2,7,-231.68,231.68,0.5052,0.2857,-33.097,236.52,-468.2,1,257.76,0.0,999.0,1.0,257.76,257.76,0.0,False
M200R5_0025,40,0.4,12,0.8,1.0,0.75,12,False,False,ALL,1,55,-506.7,683.78,0.635,0.5273,-9.213,881.54,-1388.24,39,-473.36,481.64,0.5049,0.4615,-12.137,482.68,-956.04,16,-33.34,314.92,0.9229,0.6875,-2.084,398.86,-432.2,False
M200R5_0470,40,0.4,20,0.8,1.25,1.0,12,True,False,ALL,3,52,-523.48,838.96,0.7301,0.5,-10.067,1415.76,-1939.24,38,-150.12,465.6,0.8735,0.5263,-3.951,1036.2,-1186.32,14,-373.36,416.62,0.5041,0.4286,-26.669,379.56,-752.92,False
M200R5_0476,40,0.4,20,0.8,1.25,1.0,12,True,True,ALL,3,52,-523.48,838.96,0.7301,0.5,-10.067,1415.76,-1939.24,38,-150.12,465.6,0.8735,0.5263,-3.951,1036.2,-1186.32,14,-373.36,416.62,0.5041,0.4286,-26.669,379.56,-752.92,False
M200R5_0031,40,0.4,12,0.8,1.0,0.75,12,False,True,ALL,1,55,-532.7,686.28,0.6163,0.5273,-9.685,855.54,-1388.24,39,-475.86,484.14,0.5023,0.4615,-12.202,480.18,-956.04,16,-56.84,314.92,0.8685,0.6875,-3.553,375.36,-432.2,False
M200R5_0109,40,0.4,12,0.8,1.5,1.25,6,True,False,ALL,1,42,-230.08,897.6,0.839,0.4762,-5.478,1198.7,-1428.78,29,-536.96,648.9,0.5017,0.4138,-18.516,540.62,-1077.58,13,306.88,279.96,1.8738,0.6154,23.606,658.08,-351.2,False
M200R5_0065,40,0.4,12,0.8,1.25,1.0,6,True,False,RTH,1,14,-97.86,517.2,0.8752,0.5714,-6.99,686.08,-783.94,12,-390.88,517.2,0.5014,0.5,-32.573,393.06,-783.94,2,293.02,0.0,999.0,1.0,146.51,293.02,0.0,False
M200R5_0308,40,0.4,12,1.1,1.5,1.25,6,True,True,ALL,3,28,-362.22,829.82,0.7182,0.4286,-12.936,923.12,-1285.34,18,-466.32,548.86,0.4981,0.3889,-25.907,462.82,-929.14,10,104.1,280.96,1.2923,0.5,10.41,460.3,-356.2,False
M200R5_0302,40,0.4,12,1.1,1.5,1.25,6,True,False,ALL,3,28,-366.22,829.82,0.7151,0.4286,-13.079,919.12,-1285.34,18,-466.32,548.86,0.4981,0.3889,-25.907,462.82,-929.14,10,100.1,280.96,1.281,0.5,10.01,456.3,-356.2,False
M200R5_1501,40,0.7,20,1.1,1.5,1.5,6,True,False,ALL,1,5,71.3,255.22,1.2794,0.4,14.26,326.52,-255.22,3,-70.22,138.98,0.4947,0.3333,-23.407,68.76,-138.98,2,141.52,116.24,2.2175,0.5,70.76,257.76,-116.24,False
M200R5_1507,40,0.7,20,1.1,1.5,1.5,6,True,True,ALL,1,5,71.3,255.22,1.2794,0.4,14.26,326.52,-255.22,3,-70.22,138.98,0.4947,0.3333,-23.407,68.76,-138.98,2,141.52,116.24,2.2175,0.5,70.76,257.76,-116.24,False
M200R5_1525,40,0.7,20,1.1,1.5,1.5,12,True,False,ALL,1,5,71.3,255.22,1.2794,0.4,14.26,326.52,-255.22,3,-70.22,138.98,0.4947,0.3333,-23.407,68.76,-138.98,2,141.52,116.24,2.2175,0.5,70.76,257.76,-116.24,False
M200R5_1531,40,0.7,20,1.1,1.5,1.5,12,True,True,ALL,1,5,71.3,255.22,1.2794,0.4,14.26,326.52,-255.22,3,-70.22,138.98,0.4947,0.3333,-23.407,68.76,-138.98,2,141.52,116.24,2.2175,0.5,70.76,257.76,-116.24,False
M200R5_1502,40,0.7,20,1.1,1.5,1.5,6,True,False,ALL,3,6,-25.94,352.46,0.9264,0.3333,-4.323,326.52,-352.46,3,-70.22,138.98,0.4947,0.3333,-23.407,68.76,-138.98,3,44.28,213.48,1.2074,0.3333,14.76,257.76,-213.48,False
M200R5_1508,40,0.7,20,1.1,1.5,1.5,6,True,True,ALL,3,6,-25.94,352.46,0.9264,0.3333,-4.323,326.52,-352.46,3,-70.22,138.98,0.4947,0.3333,-23.407,68.76,-138.98,3,44.28,213.48,1.2074,0.3333,14.76,257.76,-213.48,False
M200R5_1526,40,0.7,20,1.1,1.5,1.5,12,True,False,ALL,3,6,-25.94,352.46,0.9264,0.3333,-4.323,326.52,-352.46,3,-70.22,138.98,0.4947,0.3333,-23.407,68.76,-138.98,3,44.28,213.48,1.2074,0.3333,14.76,257.76,-213.48,False
M200R5_1532,40,0.7,20,1.1,1.5,1.5,12,True,True,ALL,3,6,-25.94,352.46,0.9264,0.3333,-4.323,326.52,-352.46,3,-70.22,138.98,0.4947,0.3333,-23.407,68.76,-138.98,3,44.28,213.48,1.2074,0.3333,14.76,257.76,-213.48,False
M200R5_0192,40,0.4,12,0.8,1.5,1.5,12,True,True,RTH,3,15,-132.6,755.44,0.8734,0.6667,-8.84,915.1,-1047.7,13,-530.12,755.44,0.494,0.6154,-40.778,517.58,-1047.7,2,397.52,0.0,999.0,1.0,198.76,397.52,0.0,False
M200R5_0103,40,0.4,12,0.8,1.5,1.25,6,False,True,ALL,1,55,-752.2,1006.28,0.6032,0.4909,-13.676,1143.52,-1895.72,39,-648.36,667.64,0.4935,0.4103,-16.625,631.66,-1280.02,16,-103.84,497.92,0.8313,0.6875,-6.49,511.86,-615.7,False
M200R5_0871,40,0.7,12,0.8,1.5,1.25,6,False,True,ALL,1,44,-210.06,657.08,0.8522,0.5909,-4.774,1211.26,-1421.32,31,-604.94,624.86,0.4924,0.4839,-19.514,586.9,-1191.84,13,394.88,134.74,2.7208,0.8462,30.375,624.36,-229.48,False
M200R5_0071,40,0.4,12,0.8,1.25,1.0,6,True,True,RTH,1,14,-105.86,517.2,0.865,0.5714,-7.561,678.08,-783.94,12,-398.88,517.2,0.4912,0.5,-33.24,385.06,-783.94,2,293.02,0.0,999.0,1.0,146.51,293.02,0.0,False
M200R5_0163,40,0.4,12,0.8,1.5,1.5,6,True,True,ALL,1,42,-174.08,829.6,0.8813,0.4762,-4.145,1292.7,-1466.78,29,-567.96,641.9,0.4909,0.4138,-19.585,547.62,-1115.58,13,393.88,279.96,2.1215,0.6154,30.298,745.08,-351.2,False
M200R5_0089,40,0.4,12,0.8,1.25,1.0,12,True,False,RTH,1,14,-115.36,517.2,0.8561,0.5714,-8.24,686.08,-801.44,12,-408.38,517.2,0.4904,0.5,-34.032,393.06,-801.44,2,293.02,0.0,999.0,1.0,146.51,293.02,0.0,False
M200R5_0662,40,0.4,20,1.1,1.25,1.0,12,True,False,ALL,3,22,-316.28,590.12,0.6837,0.4545,-14.376,683.6,-999.88,17,-137.58,345.4,0.7883,0.5294,-8.093,512.34,-649.92,5,-178.7,244.72,0.4894,0.2,-35.74,171.26,-349.96,False
M200R5_0668,40,0.4,20,1.1,1.25,1.0,12,True,True,ALL,3,22,-316.28,590.12,0.6837,0.4545,-14.376,683.6,-999.88,17,-137.58,345.4,0.7883,0.5294,-8.093,512.34,-649.92,5,-178.7,244.72,0.4894,0.2,-35.74,171.26,-349.96,False
M200R5_0913,40,0.7,12,0.8,1.5,1.5,6,False,False,ALL,1,44,-136.06,753.5,0.9105,0.5227,-3.092,1383.48,-1519.54,31,-658.44,700.28,0.4879,0.4194,-21.24,627.38,-1285.82,13,522.38,134.74,3.2351,0.7692,40.183,756.1,-233.72,False
M200R5_0955,40,0.7,12,0.8,1.5,1.5,12,True,True,ALL,1,23,-30.52,586.9,0.9718,0.6087,-1.327,1052.64,-1083.16,15,-497.1,564.18,0.4859,0.4667,-33.14,469.82,-966.92,8,466.58,116.24,5.0139,0.875,58.322,582.82,-116.24,False
M200R5_0157,40,0.4,12,0.8,1.5,1.5,6,True,False,ALL,1,42,-163.08,890.6,0.8919,0.4524,-3.883,1345.44,-1508.52,29,-595.96,641.9,0.4851,0.3793,-20.55,561.36,-1157.32,13,432.88,279.96,2.2326,0.6154,33.298,784.08,-351.2,False
M200R5_0095,40,0.4,12,0.8,1.25,1.0,12,True,True,RTH,1,14,-123.36,517.2,0.8461,0.5714,-8.811,678.08,-801.44,12,-416.38,517.2,0.4805,0.5,-34.698,385.06,-801.44,2,293.02,0.0,999.0,1.0,146.51,293.02,0.0,False
M200R5_0016,40,0.4,12,0.8,1.0,0.75,6,True,False,PRE_RTH,3,23,-250.52,697.9,0.742,0.5652,-10.892,720.38,-970.9,20,-505.8,697.9,0.479,0.5,-25.29,465.1,-970.9,3,255.28,0.0,999.0,1.0,85.093,255.28,0.0,False
M200R5_0022,40,0.4,12,0.8,1.0,0.75,6,True,True,PRE_RTH,3,23,-250.52,697.9,0.742,0.5652,-10.892,720.38,-970.9,20,-505.8,697.9,0.479,0.5,-25.29,465.1,-970.9,3,255.28,0.0,999.0,1.0,85.093,255.28,0.0,False
M200R5_0040,40,0.4,12,0.8,1.0,0.75,12,True,False,PRE_RTH,3,23,-250.52,697.9,0.742,0.5652,-10.892,720.38,-970.9,20,-505.8,697.9,0.479,0.5,-25.29,465.1,-970.9,3,255.28,0.0,999.0,1.0,85.093,255.28,0.0,False
M200R5_0046,40,0.4,12,0.8,1.0,0.75,12,True,True,PRE_RTH,3,23,-250.52,697.9,0.742,0.5652,-10.892,720.38,-970.9,20,-505.8,697.9,0.479,0.5,-25.29,465.1,-970.9,3,255.28,0.0,999.0,1.0,85.093,255.28,0.0,False
M200R5_0141,40,0.4,12,0.8,1.5,1.25,12,True,True,PRE_RTH,1,18,-212.32,668.88,0.7954,0.5556,-11.796,825.6,-1037.92,15,-504.6,668.88,0.4758,0.5333,-33.64,458.08,-962.68,3,292.28,75.24,4.8846,0.6667,97.427,367.52,-75.24,False
M200R5_0007,40,0.4,12,0.8,1.0,0.75,6,False,True,ALL,1,55,-572.2,725.78,0.5937,0.5091,-10.404,836.28,-1408.48,39,-515.36,523.64,0.4721,0.4359,-13.214,460.92,-976.28,16,-56.84,314.92,0.8685,0.6875,-3.553,375.36,-432.2,False
M200R5_0001,40,0.4,12,0.8,1.0,0.75,6,False,False,ALL,1,55,-614.7,725.78,0.5722,0.4909,-11.176,822.02,-1436.72,39,-515.36,523.64,0.4721,0.4359,-13.214,460.92,-976.28,16,-99.34,314.92,0.7842,0.625,-6.209,361.1,-460.44,False
M200R5_0073,40,0.4,12,0.8,1.25,1.0,12,False,False,ALL,1,55,-647.7,887.28,0.632,0.4909,-11.776,1112.52,-1760.22,39,-645.36,658.64,0.4717,0.4103,-16.548,576.16,-1221.52,16,-2.34,381.42,0.9957,0.6875,-0.146,536.36,-538.7,False
M200R5_0018,40,0.4,12,0.8,1.0,0.75,6,True,False,RTH,3,16,-196.84,617.94,0.7497,0.625,-12.303,589.6,-786.44,14,-416.36,617.94,0.4706,0.5714,-29.74,370.08,-786.44,2,219.52,0.0,999.0,1.0,109.76,219.52,0.0,False
M200R5_0024,40,0.4,12,0.8,1.0,0.75,6,True,True,RTH,3,16,-196.84,617.94,0.7497,0.625,-12.303,589.6,-786.44,14,-416.36,617.94,0.4706,0.5714,-29.74,370.08,-786.44,2,219.52,0.0,999.0,1.0,109.76,219.52,0.0,False
M200R5_0042,40,0.4,12,0.8,1.0,0.75,12,True,False,RTH,3,16,-196.84,617.94,0.7497,0.625,-12.303,589.6,-786.44,14,-416.36,617.94,0.4706,0.5714,-29.74,370.08,-786.44,2,219.52,0.0,999.0,1.0,109.76,219.52,0.0,False
M200R5_0048,40,0.4,12,0.8,1.0,0.75,12,True,True,RTH,3,16,-196.84,617.94,0.7497,0.625,-12.303,589.6,-786.44,14,-416.36,617.94,0.4706,0.5714,-29.74,370.08,-786.44,2,219.52,0.0,999.0,1.0,109.76,219.52,0.0,False
M200R5_0142,40,0.4,12,0.8,1.5,1.25,12,True,True,PRE_RTH,3,21,-375.04,851.66,0.7188,0.5714,-17.859,958.62,-1333.66,18,-667.32,851.66,0.4697,0.5556,-37.073,591.1,-1258.42,3,292.28,75.24,4.8846,0.6667,97.427,367.52,-75.24,False
M200R5_0853,40,0.7,12,0.8,1.25,1.0,12,True,False,ALL,1,23,-46.02,609.68,0.9533,0.6087,-2.001,938.64,-984.66,15,-472.1,609.68,0.4683,0.4667,-31.473,415.82,-887.92,8,426.08,96.74,5.4044,0.875,53.26,522.82,-96.74,False
M200R5_0037,40,0.4,12,0.8,1.0,0.75,12,True,False,ALL,1,42,-320.08,750.1,0.7501,0.5476,-7.621,960.98,-1281.06,29,-523.46,615.4,0.4675,0.4828,-18.05,459.64,-983.1,13,203.38,228.72,1.6826,0.6923,15.645,501.34,-297.96,False
M200R5_0350,40,0.4,12,1.1,1.5,1.5,6,True,False,ALL,3,28,-351.72,853.56,0.7423,0.3929,-12.561,1013.36,-1365.08,18,-538.32,572.6,0.4664,0.3333,-29.907,470.56,-1008.88,10,186.6,280.96,1.5239,0.5,18.66,542.8,-356.2,False
M200R5_0356,40,0.4,12,1.1,1.5,1.5,6,True,True,ALL,3,28,-390.22,853.56,0.7141,0.3929,-13.936,974.86,-1365.08,18,-538.32,572.6,0.4664,0.3333,-29.907,470.56,-1008.88,10,148.1,280.96,1.4158,0.5,14.81,504.3,-356.2,False
M200R5_0043,40,0.4,12,0.8,1.0,0.75,12,True,True,ALL,1,42,-340.58,750.1,0.7341,0.5476,-8.109,940.48,-1281.06,29,-525.96,615.4,0.465,0.4828,-18.137,457.14,-983.1,13,185.38,228.72,1.6222,0.6923,14.26,483.34,-297.96,False
M200R5_0859,40,0.7,12,0.8,1.25,1.0,12,True,True,ALL,1,23,-75.52,609.68,0.9233,0.6087,-3.283,909.14,-984.66,15,-479.6,609.68,0.4599,0.4667,-31.973,408.32,-887.92,8,404.08,96.74,5.177,0.875,50.51,500.82,-96.74,False
M200R5_0847,40,0.7,12,0.8,1.25,1.0,12,False,True,ALL,1,44,-443.56,760.5,0.711,0.5909,-10.081,1091.26,-1534.82,31,-662.94,738.78,0.4593,0.5161,-21.385,563.16,-1226.1,13,219.38,195.98,1.7106,0.7692,16.875,528.1,-308.72,False
M200R5_0830,40,0.7,12,0.8,1.25,1.0,6,True,False,ALL,3,26,-92.74,640.66,0.9119,0.5769,-3.567,960.4,-1053.14,18,-518.82,640.66,0.4575,0.4444,-28.823,437.58,-956.4,8,426.08,96.74,5.4044,0.875,53.26,522.82,-96.74,False
M200R5_0151,40,0.4,12,0.8,1.5,1.5,6,False,True,ALL,1,55,-820.7,1123.28,0.5719,0.4727,-14.922,1096.26,-1916.96,39,-706.86,735.64,0.4568,0.3846,-18.125,594.4,-1301.26,16,-113.84,493.92,0.8151,0.6875,-7.115,501.86,-615.7,False
M200R5_0614,40,0.4,20,1.1,1.0,0.75,12,True,False,ALL,3,23,-200.52,428.64,0.7379,0.5217,-8.718,564.62,-765.14,18,-47.82,231.92,0.9012,0.6111,-2.657,436.36,-484.18,5,-152.7,196.72,0.4565,0.2,-30.54,128.26,-280.96,False
M200R5_0620,40,0.4,20,1.1,1.0,0.75,12,True,True,ALL,3,23,-200.52,428.64,0.7379,0.5217,-8.718,564.62,-765.14,18,-47.82,231.92,0.9012,0.6111,-2.657,436.36,-484.18,5,-152.7,196.72,0.4565,0.2,-30.54,128.26,-280.96,False
M200R5_0015,40,0.4,12,0.8,1.0,0.75,6,True,False,PRE_RTH,1,18,-141.82,512.88,0.8058,0.5556,-7.879,588.6,-730.42,15,-397.1,512.88,0.4563,0.4667,-26.473,333.32,-730.42,3,255.28,0.0,999.0,1.0,85.093,255.28,0.0,False
M200R5_0021,40,0.4,12,0.8,1.0,0.75,6,True,True,PRE_RTH,1,18,-141.82,512.88,0.8058,0.5556,-7.879,588.6,-730.42,15,-397.1,512.88,0.4563,0.4667,-26.473,333.32,-730.42,3,255.28,0.0,999.0,1.0,85.093,255.28,0.0,False
M200R5_0039,40,0.4,12,0.8,1.0,0.75,12,True,False,PRE_RTH,1,18,-141.82,512.88,0.8058,0.5556,-7.879,588.6,-730.42,15,-397.1,512.88,0.4563,0.4667,-26.473,333.32,-730.42,3,255.28,0.0,999.0,1.0,85.093,255.28,0.0,False
M200R5_0045,40,0.4,12,0.8,1.0,0.75,12,True,True,PRE_RTH,1,18,-141.82,512.88,0.8058,0.5556,-7.879,588.6,-730.42,15,-397.1,512.88,0.4563,0.4667,-26.473,333.32,-730.42,3,255.28,0.0,999.0,1.0,85.093,255.28,0.0,False
M200R5_0019,40,0.4,12,0.8,1.0,0.75,6,True,True,ALL,1,42,-321.08,710.1,0.7454,0.5238,-7.645,940.22,-1261.3,29,-546.46,615.4,0.4554,0.4483,-18.843,456.88,-1003.34,13,225.38,188.72,1.8737,0.6923,17.337,483.34,-257.96,False
M200R5_0013,40,0.4,12,0.8,1.0,0.75,6,True,False,ALL,1,42,-336.08,710.1,0.7335,0.5238,-8.002,925.22,-1261.3,29,-546.46,615.4,0.4554,0.4483,-18.843,456.88,-1003.34,13,210.38,188.72,1.8156,0.6923,16.183,468.34,-257.96,False
M200R5_0933,40,0.7,12,0.8,1.5,1.5,6,True,True,PRE_RTH,1,8,1.08,256.68,1.0023,0.375,0.135,469.28,-468.2,7,-256.68,256.68,0.4518,0.2857,-36.669,211.52,-468.2,1,257.76,0.0,999.0,1.0,257.76,257.76,0.0,False
M200R5_0934,40,0.7,12,0.8,1.5,1.5,6,True,True,PRE_RTH,3,8,1.08,256.68,1.0023,0.375,0.135,469.28,-468.2,7,-256.68,256.68,0.4518,0.2857,-36.669,211.52,-468.2,1,257.76,0.0,999.0,1.0,257.76,257.76,0.0,False
M200R5_0307,40,0.4,12,1.1,1.5,1.25,6,True,True,ALL,1,24,-228.26,827.86,0.777,0.4583,-9.511,795.36,-1023.62,15,-407.6,546.9,0.4512,0.4,-27.173,335.06,-742.66,9,179.34,280.96,1.6383,0.5556,19.927,460.3,-280.96,False
M200R5_0301,40,0.4,12,1.1,1.5,1.25,6,True,False,ALL,1,24,-232.26,827.86,0.7731,0.4583,-9.678,791.36,-1023.62,15,-407.6,546.9,0.4512,0.4,-27.173,335.06,-742.66,9,175.34,280.96,1.6241,0.5556,19.482,456.3,-280.96,False
M200R5_0836,40,0.7,12,0.8,1.25,1.0,6,True,True,ALL,3,26,-122.24,640.66,0.8839,0.5769,-4.702,930.9,-1053.14,18,-526.32,640.66,0.4497,0.4444,-29.24,430.08,-956.4,8,404.08,96.74,5.177,0.875,50.51,500.82,-96.74,False
M200R5_0879,40,0.7,12,0.8,1.5,1.25,6,True,False,PRE_RTH,1,8,-43.42,258.18,0.9073,0.375,-5.428,424.78,-468.2,7,-258.18,258.18,0.4486,0.2857,-36.883,210.02,-468.2,1,214.76,0.0,999.0,1.0,214.76,214.76,0.0,False
M200R5_0880,40,0.7,12,0.8,1.5,1.25,6,True,False,PRE_RTH,3,8,-43.42,258.18,0.9073,0.375,-5.428,424.78,-468.2,7,-258.18,258.18,0.4486,0.2857,-36.883,210.02,-468.2,1,214.76,0.0,999.0,1.0,214.76,214.76,0.0,False
M200R5_0903,40,0.7,12,0.8,1.5,1.25,12,True,False,PRE_RTH,1,8,-178.42,449.74,0.7482,0.5,-22.303,530.04,-708.46,7,-393.18,449.74,0.445,0.4286,-56.169,315.28,-708.46,1,214.76,0.0,999.0,1.0,214.76,214.76,0.0,False
M200R5_0904,40,0.7,12,0.8,1.5,1.25,12,True,False,PRE_RTH,3,8,-178.42,449.74,0.7482,0.5,-22.303,530.04,-708.46,7,-393.18,449.74,0.445,0.4286,-56.169,315.28,-708.46,1,214.76,0.0,999.0,1.0,214.76,214.76,0.0,False
M200R5_0925,40,0.7,12,0.8,1.5,1.5,6,True,False,ALL,1,23,34.48,596.9,1.0375,0.4783,1.499,954.36,-919.88,15,-443.6,506.68,0.4444,0.3333,-29.573,354.8,-798.4,8,478.08,121.48,4.9355,0.75,59.76,599.56,-121.48,False
M200R5_0259,40,0.4,12,1.1,1.25,1.0,6,True,True,ALL,1,24,-180.76,719.86,0.8044,0.5417,-7.532,743.38,-924.14,15,-387.1,530.4,0.4401,0.4667,-25.807,304.32,-691.42,9,206.34,232.72,1.8866,0.6667,22.927,439.06,-232.72,False
M200R5_0253,40,0.4,12,1.1,1.25,1.0,6,True,False,ALL,1,24,-206.76,719.86,0.7763,0.5417,-8.615,717.38,-924.14,15,-387.1,530.4,0.4401,0.4667,-25.807,304.32,-691.42,9,180.34,232.72,1.7749,0.6667,20.038,413.06,-232.72,False
M200R5_0144,40,0.4,12,0.8,1.5,1.25,12,True,True,RTH,3,15,-225.1,781.44,0.7851,0.6667,-15.007,822.6,-1047.7,13,-592.62,781.44,0.4344,0.6154,-45.586,455.08,-1047.7,2,367.52,0.0,999.0,1.0,183.76,367.52,0.0,False
M200R5_0931,40,0.7,12,0.8,1.5,1.5,6,True,True,ALL,1,23,30.98,535.9,1.0353,0.5217,1.347,909.12,-878.14,15,-429.1,506.68,0.4329,0.4,-28.607,327.56,-756.66,8,460.08,121.48,4.7873,0.75,57.51,581.56,-121.48,False
M200R5_0953,40,0.7,12,0.8,1.5,1.5,12,True,False,RTH,1,6,-109.94,449.74,0.8304,0.5,-18.323,538.28,-648.22,5,-367.7,449.74,0.4328,0.4,-73.54,280.52,-648.22,1,257.76,0.0,999.0,1.0,257.76,257.76,0.0,False
M200R5_0954,40,0.7,12,0.8,1.5,1.5,12,True,False,RTH,3,6,-109.94,449.74,0.8304,0.5,-18.323,538.28,-648.22,5,-367.7,449.74,0.4328,0.4,-73.54,280.52,-648.22,1,257.76,0.0,999.0,1.0,257.76,257.76,0.0,False
M200R5_0769,40,0.7,12,0.8,1.0,0.75,6,False,False,ALL,1,44,-506.56,705.94,0.6177,0.5682,-11.513,818.5,-1325.06,31,-585.44,645.28,0.4325,0.5161,-18.885,446.16,-1031.6,13,78.88,157.48,1.2688,0.6923,6.068,372.34,-293.46,False
M200R5_0775,40,0.7,12,0.8,1.0,0.75,6,False,True,ALL,1,44,-506.56,705.94,0.6177,0.5682,-11.513,818.5,-1325.06,31,-585.44,645.28,0.4325,0.5161,-18.885,446.16,-1031.6,13,78.88,157.48,1.2688,0.6923,6.068,372.34,-293.46,False
M200R5_0793,40,0.7,12,0.8,1.0,0.75,12,False,False,ALL,1,44,-506.56,705.94,0.6177,0.5682,-11.513,818.5,-1325.06,31,-585.44,645.28,0.4325,0.5161,-18.885,446.16,-1031.6,13,78.88,157.48,1.2688,0.6923,6.068,372.34,-293.46,False
M200R5_0799,40,0.7,12,0.8,1.0,0.75,12,False,True,ALL,1,44,-506.56,705.94,0.6177,0.5682,-11.513,818.5,-1325.06,31,-585.44,645.28,0.4325,0.5161,-18.885,446.16,-1031.6,13,78.88,157.48,1.2688,0.6923,6.068,372.34,-293.46,False
M200R5_1117,40,0.7,12,1.1,1.5,1.5,6,True,False,ALL,1,11,192.36,264.92,1.5151,0.4545,17.487,565.8,-373.44,6,-143.44,183.2,0.4307,0.3333,-23.907,108.52,-251.96,5,335.8,121.48,3.7642,0.6,67.16,457.28,-121.48,False
M200R5_1123,40,0.7,12,1.1,1.5,1.5,6,True,True,ALL,1,11,120.86,264.92,1.3236,0.4545,10.987,494.3,-373.44,6,-143.44,183.2,0.4307,0.3333,-23.907,108.52,-251.96,5,264.3,121.48,3.1757,0.6,52.86,385.78,-121.48,False
M200R5_0064,40,0.4,12,0.8,1.25,1.0,6,True,False,PRE_RTH,3,22,-508.78,894.34,0.6154,0.4545,-23.126,814.1,-1322.88,19,-738.56,894.34,0.4137,0.4211,-38.872,521.08,-1259.64,3,229.78,63.24,4.6335,0.6667,76.593,293.02,-63.24,False
M200R5_0063,40,0.4,12,0.8,1.25,1.0,6,True,False,PRE_RTH,1,18,-334.32,719.88,0.6733,0.4444,-18.573,689.08,-1023.4,15,-564.1,719.88,0.4125,0.4,-37.607,396.06,-960.16,3,229.78,63.24,4.6335,0.6667,76.593,293.02,-63.24,False
M200R5_0097,40,0.4,12,0.8,1.5,1.25,6,False,False,ALL,1,55,-935.7,1147.28,0.5373,0.4182,-17.013,1086.48,-2022.18,39,-807.36,826.64,0.4124,0.359,-20.702,566.64,-1374.0,16,-128.34,511.92,0.802,0.5625,-8.021,519.84,-648.18,False
M200R5_0865,40,0.7,12,0.8,1.5,1.25,6,False,False,ALL,1,44,-310.06,786.96,0.796,0.5227,-7.047,1209.48,-1519.54,31,-758.44,773.74,0.4102,0.4194,-24.466,527.38,-1285.82,13,448.38,134.74,2.9184,0.7692,34.491,682.1,-233.72,False
M200R5_1453,40,0.7,20,1.1,1.5,1.25,6,True,False,ALL,1,5,16.3,255.22,1.0639,0.4,3.26,271.52,-255.22,3,-82.22,138.98,0.4084,0.3333,-27.407,56.76,-138.98,2,98.52,116.24,1.8476,0.5,49.26,214.76,-116.24,False
M200R5_1459,40,0.7,20,1.1,1.5,1.25,6,True,True,ALL,1,5,16.3,255.22,1.0639,0.4,3.26,271.52,-255.22,3,-82.22,138.98,0.4084,0.3333,-27.407,56.76,-138.98,2,98.52,116.24,1.8476,0.5,49.26,214.76,-116.24,False
M200R5_1477,40,0.7,20,1.1,1.5,1.25,12,True,False,ALL,1,5,16.3,255.22,1.0639,0.4,3.26,271.52,-255.22,3,-82.22,138.98,0.4084,0.3333,-27.407,56.76,-138.98,2,98.52,116.24,1.8476,0.5,49.26,214.76,-116.24,False
M200R5_1483,40,0.7,20,1.1,1.5,1.25,12,True,True,ALL,1,5,16.3,255.22,1.0639,0.4,3.26,271.52,-255.22,3,-82.22,138.98,0.4084,0.3333,-27.407,56.76,-138.98,2,98.52,116.24,1.8476,0.5,49.26,214.76,-116.24,False
M200R5_1454,40,0.7,20,1.1,1.5,1.25,6,True,False,ALL,3,6,-80.94,352.46,0.7704,0.3333,-13.49,271.52,-352.46,3,-82.22,138.98,0.4084,0.3333,-27.407,56.76,-138.98,3,1.28,213.48,1.006,0.3333,0.427,214.76,-213.48,False
M200R5_1460,40,0.7,20,1.1,1.5,1.25,6,True,True,ALL,3,6,-80.94,352.46,0.7704,0.3333,-13.49,271.52,-352.46,3,-82.22,138.98,0.4084,0.3333,-27.407,56.76,-138.98,3,1.28,213.48,1.006,0.3333,0.427,214.76,-213.48,False
M200R5_1478,40,0.7,20,1.1,1.5,1.25,12,True,False,ALL,3,6,-80.94,352.46,0.7704,0.3333,-13.49,271.52,-352.46,3,-82.22,138.98,0.4084,0.3333,-27.407,56.76,-138.98,3,1.28,213.48,1.006,0.3333,0.427,214.76,-213.48,False
M200R5_1484,40,0.7,20,1.1,1.5,1.25,12,True,True,ALL,3,6,-80.94,352.46,0.7704,0.3333,-13.49,271.52,-352.46,3,-82.22,138.98,0.4084,0.3333,-27.407,56.76,-138.98,3,1.28,213.48,1.006,0.3333,0.427,214.76,-213.48,False
M200R5_0088,40,0.4,12,0.8,1.25,1.0,12,True,False,PRE_RTH,3,22,-526.28,911.84,0.6074,0.4545,-23.922,814.1,-1340.38,19,-756.06,911.84,0.408,0.4211,-39.793,521.08,-1277.14,3,229.78,63.24,4.6335,0.6667,76.593,293.02,-63.24,False
M200R5_0070,40,0.4,12,0.8,1.25,1.0,6,True,True,PRE_RTH,3,22,-516.78,894.34,0.6094,0.4545,-23.49,806.1,-1322.88,19,-746.56,894.34,0.4073,0.4211,-39.293,513.08,-1259.64,3,229.78,63.24,4.6335,0.6667,76.593,293.02,-63.24,False
M200R5_0087,40,0.4,12,0.8,1.25,1.0,12,True,False,PRE_RTH,1,18,-351.82,737.38,0.662,0.4444,-19.546,689.08,-1040.9,15,-581.6,737.38,0.4051,0.4,-38.773,396.06,-977.66,3,229.78,63.24,4.6335,0.6667,76.593,293.02,-63.24,False
M200R5_0069,40,0.4,12,0.8,1.25,1.0,6,True,True,PRE_RTH,1,18,-342.32,719.88,0.6655,0.4444,-19.018,681.08,-1023.4,15,-572.1,719.88,0.4042,0.4,-38.14,388.06,-960.16,3,229.78,63.24,4.6335,0.6667,76.593,293.02,-63.24,False
M200R5_0094,40,0.4,12,0.8,1.25,1.0,12,True,True,PRE_RTH,3,22,-534.28,911.84,0.6014,0.4545,-24.285,806.1,-1340.38,19,-764.06,911.84,0.4017,0.4211,-40.214,513.08,-1277.14,3,229.78,63.24,4.6335,0.6667,76.593,293.02,-63.24,False
M200R5_0055,40,0.4,12,0.8,1.25,1.0,6,False,True,ALL,1,55,-779.7,982.78,0.5583,0.4909,-14.176,985.52,-1765.22,39,-734.86,748.14,0.4009,0.4103,-18.843,491.66,-1226.52,16,-44.84,381.42,0.9168,0.6875,-2.802,493.86,-538.7,False
M200R5_0093,40,0.4,12,0.8,1.25,1.0,12,True,True,PRE_RTH,1,18,-359.82,737.38,0.6543,0.4444,-19.99,681.08,-1040.9,15,-589.6,737.38,0.3969,0.4,-39.307,388.06,-977.66,3,229.78,63.24,4.6335,0.6667,76.593,293.02,-63.24,False
M200R5_0885,40,0.7,12,0.8,1.5,1.25,6,True,True,PRE_RTH,1,8,-67.92,282.68,0.8549,0.375,-8.49,400.28,-468.2,7,-282.68,282.68,0.3962,0.2857,-40.383,185.52,-468.2,1,214.76,0.0,999.0,1.0,214.76,214.76,0.0,False
M200R5_0886,40,0.7,12,0.8,1.5,1.25,6,True,True,PRE_RTH,3,8,-67.92,282.68,0.8549,0.375,-8.49,400.28,-468.2,7,-282.68,282.68,0.3962,0.2857,-40.383,185.52,-468.2,1,214.76,0.0,999.0,1.0,214.76,214.76,0.0,False
M200R5_0085,40,0.4,12,0.8,1.25,1.0,12,True,False,ALL,1,42,-508.58,1024.52,0.7024,0.5,-12.109,1200.46,-1709.04,29,-808.46,864.82,0.3956,0.4138,-27.878,529.12,-1337.58,13,299.88,285.22,1.8073,0.6923,23.068,671.34,-371.46,False
M200R5_0091,40,0.4,12,0.8,1.25,1.0,12,True,True,ALL,1,42,-548.58,1024.52,0.679,0.5,-13.061,1160.46,-1709.04,29,-810.96,864.82,0.3937,0.4138,-27.964,526.62,-1337.58,13,262.38,285.22,1.7063,0.6923,20.183,633.84,-371.46,False
M200R5_1405,40,0.7,20,1.1,1.25,1.0,6,True,False,ALL,1,5,3.8,212.72,1.0179,0.4,0.76,216.52,-212.72,3,-70.72,115.98,0.3902,0.3333,-23.573,45.26,-115.98,2,74.52,96.74,1.7703,0.5,37.26,171.26,-96.74,False
M200R5_1411,40,0.7,20,1.1,1.25,1.0,6,True,True,ALL,1,5,3.8,212.72,1.0179,0.4,0.76,216.52,-212.72,3,-70.72,115.98,0.3902,0.3333,-23.573,45.26,-115.98,2,74.52,96.74,1.7703,0.5,37.26,171.26,-96.74,False
M200R5_1429,40,0.7,20,1.1,1.25,1.0,12,True,False,ALL,1,5,3.8,212.72,1.0179,0.4,0.76,216.52,-212.72,3,-70.72,115.98,0.3902,0.3333,-23.573,45.26,-115.98,2,74.52,96.74,1.7703,0.5,37.26,171.26,-96.74,False
M200R5_1435,40,0.7,20,1.1,1.25,1.0,12,True,True,ALL,1,5,3.8,212.72,1.0179,0.4,0.76,216.52,-212.72,3,-70.72,115.98,0.3902,0.3333,-23.573,45.26,-115.98,2,74.52,96.74,1.7703,0.5,37.26,171.26,-96.74,False
M200R5_1406,40,0.7,20,1.1,1.25,1.0,6,True,False,ALL,3,6,-77.44,293.96,0.7366,0.3333,-12.907,216.52,-293.96,3,-70.72,115.98,0.3902,0.3333,-23.573,45.26,-115.98,3,-6.72,177.98,0.9622,0.3333,-2.24,171.26,-177.98,False
M200R5_1412,40,0.7,20,1.1,1.25,1.0,6,True,True,ALL,3,6,-77.44,293.96,0.7366,0.3333,-12.907,216.52,-293.96,3,-70.72,115.98,0.3902,0.3333,-23.573,45.26,-115.98,3,-6.72,177.98,0.9622,0.3333,-2.24,171.26,-177.98,False
M200R5_1430,40,0.7,20,1.1,1.25,1.0,12,True,False,ALL,3,6,-77.44,293.96,0.7366,0.3333,-12.907,216.52,-293.96,3,-70.72,115.98,0.3902,0.3333,-23.573,45.26,-115.98,3,-6.72,177.98,0.9622,0.3333,-2.24,171.26,-177.98,False
M200R5_1436,40,0.7,20,1.1,1.25,1.0,12,True,True,ALL,3,6,-77.44,293.96,0.7366,0.3333,-12.907,216.52,-293.96,3,-70.72,115.98,0.3902,0.3333,-23.573,45.26,-115.98,3,-6.72,177.98,0.9622,0.3333,-2.24,171.26,-177.98,False
M200R5_0829,40,0.7,12,0.8,1.25,1.0,6,True,False,ALL,1,23,-109.02,690.18,0.8873,0.6087,-4.74,858.14,-967.16,15,-535.1,690.18,0.3852,0.4667,-35.673,335.32,-870.42,8,426.08,96.74,5.4044,0.875,53.26,522.82,-96.74,False
M200R5_0349,40,0.4,12,1.1,1.5,1.5,6,True,False,ALL,1,24,-243.76,820.84,0.7791,0.4167,-10.157,859.6,-1103.36,15,-505.6,539.88,0.3852,0.3333,-33.707,316.8,-822.4,9,261.84,280.96,1.9319,0.5556,29.093,542.8,-280.96,False
M200R5_0355,40,0.4,12,1.1,1.5,1.5,6,True,True,ALL,1,24,-282.26,820.84,0.7442,0.4167,-11.761,821.1,-1103.36,15,-505.6,539.88,0.3852,0.3333,-33.707,316.8,-822.4,9,223.34,280.96,1.7949,0.5556,24.816,504.3,-280.96,False
M200R5_0066,40,0.4,12,0.8,1.25,1.0,6,True,False,RTH,3,15,-344.6,763.94,0.6657,0.5333,-22.973,686.08,-1030.68,13,-637.62,763.94,0.3814,0.4615,-49.048,393.06,-1030.68,2,293.02,0.0,999.0,1.0,146.51,293.02,0.0,False
M200R5_0781,40,0.7,12,0.8,1.0,0.75,6,True,False,ALL,1,23,-152.02,520.14,0.8162,0.5652,-6.61,674.88,-826.9,15,-464.1,520.14,0.3805,0.4,-30.94,285.06,-749.16,8,312.08,77.74,5.0144,0.875,39.01,389.82,-77.74,False
M200R5_0787,40,0.7,12,0.8,1.0,0.75,6,True,True,ALL,1,23,-152.02,520.14,0.8162,0.5652,-6.61,674.88,-826.9,15,-464.1,520.14,0.3805,0.4,-30.94,285.06,-749.16,8,312.08,77.74,5.0144,0.875,39.01,389.82,-77.74,False
M200R5_0805,40,0.7,12,0.8,1.0,0.75,12,True,False,ALL,1,23,-152.02,520.14,0.8162,0.5652,-6.61,674.88,-826.9,15,-464.1,520.14,0.3805,0.4,-30.94,285.06,-749.16,8,312.08,77.74,5.0144,0.875,39.01,389.82,-77.74,False
M200R5_0811,40,0.7,12,0.8,1.0,0.75,12,True,True,ALL,1,23,-152.02,520.14,0.8162,0.5652,-6.61,674.88,-826.9,15,-464.1,520.14,0.3805,0.4,-30.94,285.06,-749.16,8,312.08,77.74,5.0144,0.875,39.01,389.82,-77.74,False
M200R5_0929,40,0.7,12,0.8,1.5,1.5,6,True,False,RTH,1,6,3.56,254.2,1.0087,0.3333,0.593,411.52,-407.96,5,-254.2,254.2,0.3769,0.2,-50.84,153.76,-407.96,1,257.76,0.0,999.0,1.0,257.76,257.76,0.0,False
M200R5_0930,40,0.7,12,0.8,1.5,1.5,6,True,False,RTH,3,6,3.56,254.2,1.0087,0.3333,0.593,411.52,-407.96,5,-254.2,254.2,0.3769,0.2,-50.84,153.76,-407.96,1,257.76,0.0,999.0,1.0,257.76,257.76,0.0,False
M200R5_0935,40,0.7,12,0.8,1.5,1.5,6,True,True,RTH,1,6,3.56,254.2,1.0087,0.3333,0.593,411.52,-407.96,5,-254.2,254.2,0.3769,0.2,-50.84,153.76,-407.96,1,257.76,0.0,999.0,1.0,257.76,257.76,0.0,False
M200R5_0936,40,0.7,12,0.8,1.5,1.5,6,True,True,RTH,3,6,3.56,254.2,1.0087,0.3333,0.593,411.52,-407.96,5,-254.2,254.2,0.3769,0.2,-50.84,153.76,-407.96,1,257.76,0.0,999.0,1.0,257.76,257.76,0.0,False
M200R5_0835,40,0.7,12,0.8,1.25,1.0,6,True,True,ALL,1,23,-138.52,690.18,0.8568,0.6087,-6.023,828.64,-967.16,15,-542.6,690.18,0.3766,0.4667,-36.173,327.82,-870.42,8,404.08,96.74,5.177,0.875,50.51,500.82,-96.74,False
M200R5_0090,40,0.4,12,0.8,1.25,1.0,12,True,False,RTH,3,15,-362.1,763.94,0.6545,0.5333,-24.14,686.08,-1048.18,13,-655.12,763.94,0.375,0.4615,-50.394,393.06,-1048.18,2,293.02,0.0,999.0,1.0,146.51,293.02,0.0,False
M200R5_0072,40,0.4,12,0.8,1.25,1.0,6,True,True,RTH,3,15,-352.6,763.94,0.6579,0.5333,-23.507,678.08,-1030.68,13,-645.62,763.94,0.3736,0.4615,-49.663,385.06,-1030.68,2,293.02,0.0,999.0,1.0,146.51,293.02,0.0,False
M200R5_0817,40,0.7,12,0.8,1.25,1.0,6,False,False,ALL,1,44,-596.06,946.0,0.6331,0.5682,-13.547,1028.5,-1624.56,31,-830.44,930.28,0.3689,0.4839,-26.788,485.4,-1315.84,13,234.38,195.98,1.7592,0.7692,18.029,543.1,-308.72,False
M200R5_0096,40,0.4,12,0.8,1.25,1.0,12,True,True,RTH,3,15,-370.1,763.94,0.6469,0.5333,-24.673,678.08,-1048.18,13,-663.12,763.94,0.3674,0.4615,-51.009,385.06,-1048.18,2,293.02,0.0,999.0,1.0,146.51,293.02,0.0,False
M200R5_0049,40,0.4,12,0.8,1.25,1.0,6,False,False,ALL,1,55,-890.7,1051.28,0.5156,0.4545,-16.195,948.0,-1838.7,39,-809.36,822.64,0.3636,0.3846,-20.753,462.4,-1271.76,16,-81.34,381.42,0.8565,0.625,-5.084,485.6,-566.94,False
M200R5_1357,40,0.7,20,1.1,1.0,0.75,6,True,False,ALL,1,5,-8.7,170.72,0.949,0.4,-1.74,162.02,-170.72,3,-59.22,92.98,0.3631,0.3333,-19.74,33.76,-92.98,2,50.52,77.74,1.6499,0.5,25.26,128.26,-77.74,False
M200R5_1363,40,0.7,20,1.1,1.0,0.75,6,True,True,ALL,1,5,-8.7,170.72,0.949,0.4,-1.74,162.02,-170.72,3,-59.22,92.98,0.3631,0.3333,-19.74,33.76,-92.98,2,50.52,77.74,1.6499,0.5,25.26,128.26,-77.74,False
M200R5_1381,40,0.7,20,1.1,1.0,0.75,12,True,False,ALL,1,5,-8.7,170.72,0.949,0.4,-1.74,162.02,-170.72,3,-59.22,92.98,0.3631,0.3333,-19.74,33.76,-92.98,2,50.52,77.74,1.6499,0.5,25.26,128.26,-77.74,False
M200R5_1387,40,0.7,20,1.1,1.0,0.75,12,True,True,ALL,1,5,-8.7,170.72,0.949,0.4,-1.74,162.02,-170.72,3,-59.22,92.98,0.3631,0.3333,-19.74,33.76,-92.98,2,50.52,77.74,1.6499,0.5,25.26,128.26,-77.74,False
M200R5_1358,40,0.7,20,1.1,1.0,0.75,6,True,False,ALL,3,6,-73.94,235.96,0.6866,0.3333,-12.323,162.02,-235.96,3,-59.22,92.98,0.3631,0.3333,-19.74,33.76,-92.98,3,-14.72,142.98,0.897,0.3333,-4.907,128.26,-142.98,False
M200R5_1364,40,0.7,20,1.1,1.0,0.75,6,True,True,ALL,3,6,-73.94,235.96,0.6866,0.3333,-12.323,162.02,-235.96,3,-59.22,92.98,0.3631,0.3333,-19.74,33.76,-92.98,3,-14.72,142.98,0.897,0.3333,-4.907,128.26,-142.98,False
M200R5_1382,40,0.7,20,1.1,1.0,0.75,12,True,False,ALL,3,6,-73.94,235.96,0.6866,0.3333,-12.323,162.02,-235.96,3,-59.22,92.98,0.3631,0.3333,-19.74,33.76,-92.98,3,-14.72,142.98,0.897,0.3333,-4.907,128.26,-142.98,False
M200R5_1388,40,0.7,20,1.1,1.0,0.75,12,True,True,ALL,3,6,-73.94,235.96,0.6866,0.3333,-12.323,162.02,-235.96,3,-59.22,92.98,0.3631,0.3333,-19.74,33.76,-92.98,3,-14.72,142.98,0.897,0.3333,-4.907,128.26,-142.98,False
M200R5_0905,40,0.7,12,0.8,1.5,1.25,12,True,False,RTH,1,6,-200.44,449.74,0.6908,0.5,-33.407,447.78,-648.22,5,-415.2,449.74,0.3595,0.4,-83.04,233.02,-648.22,1,214.76,0.0,999.0,1.0,214.76,214.76,0.0,False
M200R5_0906,40,0.7,12,0.8,1.5,1.25,12,True,False,RTH,3,6,-200.44,449.74,0.6908,0.5,-33.407,447.78,-648.22,5,-415.2,449.74,0.3595,0.4,-83.04,233.02,-648.22,1,214.76,0.0,999.0,1.0,214.76,214.76,0.0,False
M200R5_0823,40,0.7,12,0.8,1.25,1.0,6,False,True,ALL,1,44,-624.56,952.0,0.6156,0.5682,-14.195,1000.0,-1624.56,31,-843.94,930.28,0.3586,0.4839,-27.224,471.9,-1315.84,13,219.38,195.98,1.7106,0.7692,16.875,528.1,-308.72,False
M200R5_0145,40,0.4,12,0.8,1.5,1.5,6,False,False,ALL,1,55,-1021.7,1287.78,0.5128,0.3818,-18.576,1075.46,-2097.16,39,-934.86,963.64,0.3548,0.3077,-23.971,514.12,-1448.98,16,-86.84,489.92,0.866,0.5625,-5.427,561.34,-648.18,False
M200R5_0067,40,0.4,12,0.8,1.25,1.0,6,True,True,ALL,1,42,-535.08,990.52,0.6698,0.5,-12.74,1085.46,-1620.54,29,-850.96,884.32,0.3467,0.4138,-29.343,451.62,-1302.58,13,315.88,231.72,1.9935,0.6923,24.298,633.84,-317.96,False
M200R5_0061,40,0.4,12,0.8,1.25,1.0,6,True,False,ALL,1,42,-543.08,990.52,0.6649,0.5,-12.93,1077.46,-1620.54,29,-850.96,884.32,0.3467,0.4138,-29.343,451.62,-1302.58,13,307.88,231.72,1.9683,0.6923,23.683,625.84,-317.96,False
M200R5_0881,40,0.7,12,0.8,1.5,1.25,6,True,False,RTH,1,6,-65.44,280.2,0.8396,0.3333,-10.907,342.52,-407.96,5,-280.2,280.2,0.3132,0.2,-56.04,127.76,-407.96,1,214.76,0.0,999.0,1.0,214.76,214.76,0.0,False
M200R5_0882,40,0.7,12,0.8,1.5,1.25,6,True,False,RTH,3,6,-65.44,280.2,0.8396,0.3333,-10.907,342.52,-407.96,5,-280.2,280.2,0.3132,0.2,-56.04,127.76,-407.96,1,214.76,0.0,999.0,1.0,214.76,214.76,0.0,False
M200R5_0887,40,0.7,12,0.8,1.5,1.25,6,True,True,RTH,1,6,-65.44,280.2,0.8396,0.3333,-10.907,342.52,-407.96,5,-280.2,280.2,0.3132,0.2,-56.04,127.76,-407.96,1,214.76,0.0,999.0,1.0,214.76,214.76,0.0,False
M200R5_0888,40,0.7,12,0.8,1.5,1.25,6,True,True,RTH,3,6,-65.44,280.2,0.8396,0.3333,-10.907,342.52,-407.96,5,-280.2,280.2,0.3132,0.2,-56.04,127.76,-407.96,1,214.76,0.0,999.0,1.0,214.76,214.76,0.0,False
M200R5_0957,40,0.7,12,0.8,1.5,1.5,12,True,True,PRE_RTH,1,8,-238.42,496.18,0.6635,0.5,-29.803,470.04,-708.46,7,-496.18,496.18,0.2996,0.4286,-70.883,212.28,-708.46,1,257.76,0.0,999.0,1.0,257.76,257.76,0.0,False
M200R5_0958,40,0.7,12,0.8,1.5,1.5,12,True,True,PRE_RTH,3,8,-238.42,496.18,0.6635,0.5,-29.803,470.04,-708.46,7,-496.18,496.18,0.2996,0.4286,-70.883,212.28,-708.46,1,257.76,0.0,999.0,1.0,257.76,257.76,0.0,False
M200R5_0909,40,0.7,12,0.8,1.5,1.25,12,True,True,PRE_RTH,1,8,-307.42,522.18,0.5661,0.5,-38.428,401.04,-708.46,7,-522.18,522.18,0.2629,0.4286,-74.597,186.28,-708.46,1,214.76,0.0,999.0,1.0,214.76,214.76,0.0,False
M200R5_0910,40,0.7,12,0.8,1.5,1.25,12,True,True,PRE_RTH,3,8,-307.42,522.18,0.5661,0.5,-38.428,401.04,-708.46,7,-522.18,522.18,0.2629,0.4286,-74.597,186.28,-708.46,1,214.76,0.0,999.0,1.0,214.76,214.76,0.0,False
M200R5_0831,40,0.7,12,0.8,1.25,1.0,6,True,False,PRE_RTH,1,8,-341.42,512.68,0.4984,0.375,-42.677,339.28,-680.7,7,-512.68,512.68,0.2468,0.2857,-73.24,168.02,-680.7,1,171.26,0.0,999.0,1.0,171.26,171.26,0.0,False
M200R5_0837,40,0.7,12,0.8,1.25,1.0,6,True,True,PRE_RTH,1,8,-341.42,512.68,0.4984,0.375,-42.677,339.28,-680.7,7,-512.68,512.68,0.2468,0.2857,-73.24,168.02,-680.7,1,171.26,0.0,999.0,1.0,171.26,171.26,0.0,False
M200R5_0855,40,0.7,12,0.8,1.25,1.0,12,True,False,PRE_RTH,1,8,-358.92,530.18,0.4859,0.375,-44.865,339.28,-698.2,7,-530.18,530.18,0.2406,0.2857,-75.74,168.02,-698.2,1,171.26,0.0,999.0,1.0,171.26,171.26,0.0,False
M200R5_0861,40,0.7,12,0.8,1.25,1.0,12,True,True,PRE_RTH,1,8,-358.92,530.18,0.4859,0.375,-44.865,339.28,-698.2,7,-530.18,530.18,0.2406,0.2857,-75.74,168.02,-698.2,1,171.26,0.0,999.0,1.0,171.26,171.26,0.0,False
M200R5_0959,40,0.7,12,0.8,1.5,1.5,12,True,True,RTH,1,6,-235.94,493.7,0.636,0.5,-39.323,412.28,-648.22,5,-493.7,493.7,0.2384,0.4,-98.74,154.52,-648.22,1,257.76,0.0,999.0,1.0,257.76,257.76,0.0,False
M200R5_0960,40,0.7,12,0.8,1.5,1.5,12,True,True,RTH,3,6,-235.94,493.7,0.636,0.5,-39.323,412.28,-648.22,5,-493.7,493.7,0.2384,0.4,-98.74,154.52,-648.22,1,257.76,0.0,999.0,1.0,257.76,257.76,0.0,False
M200R5_0832,40,0.7,12,0.8,1.25,1.0,6,True,False,PRE_RTH,3,9,-394.16,565.42,0.4626,0.3333,-43.796,339.28,-733.44,8,-565.42,565.42,0.2291,0.25,-70.678,168.02,-733.44,1,171.26,0.0,999.0,1.0,171.26,171.26,0.0,False
M200R5_0838,40,0.7,12,0.8,1.25,1.0,6,True,True,PRE_RTH,3,9,-394.16,565.42,0.4626,0.3333,-43.796,339.28,-733.44,8,-565.42,565.42,0.2291,0.25,-70.678,168.02,-733.44,1,171.26,0.0,999.0,1.0,171.26,171.26,0.0,False
M200R5_0856,40,0.7,12,0.8,1.25,1.0,12,True,False,PRE_RTH,3,9,-411.66,582.92,0.4518,0.3333,-45.74,339.28,-750.94,8,-582.92,582.92,0.2237,0.25,-72.865,168.02,-750.94,1,171.26,0.0,999.0,1.0,171.26,171.26,0.0,False
M200R5_0862,40,0.7,12,0.8,1.25,1.0,12,True,True,PRE_RTH,3,9,-411.66,582.92,0.4518,0.3333,-45.74,339.28,-750.94,8,-582.92,582.92,0.2237,0.25,-72.865,168.02,-750.94,1,171.26,0.0,999.0,1.0,171.26,171.26,0.0,False
M200R5_0783,40,0.7,12,0.8,1.0,0.75,6,True,False,PRE_RTH,1,8,-306.92,435.18,0.4521,0.375,-38.365,253.28,-560.2,7,-435.18,435.18,0.2232,0.2857,-62.169,125.02,-560.2,1,128.26,0.0,999.0,1.0,128.26,128.26,0.0,False
M200R5_0789,40,0.7,12,0.8,1.0,0.75,6,True,True,PRE_RTH,1,8,-306.92,435.18,0.4521,0.375,-38.365,253.28,-560.2,7,-435.18,435.18,0.2232,0.2857,-62.169,125.02,-560.2,1,128.26,0.0,999.0,1.0,128.26,128.26,0.0,False
M200R5_0807,40,0.7,12,0.8,1.0,0.75,12,True,False,PRE_RTH,1,8,-306.92,435.18,0.4521,0.375,-38.365,253.28,-560.2,7,-435.18,435.18,0.2232,0.2857,-62.169,125.02,-560.2,1,128.26,0.0,999.0,1.0,128.26,128.26,0.0,False
M200R5_0813,40,0.7,12,0.8,1.0,0.75,12,True,True,PRE_RTH,1,8,-306.92,435.18,0.4521,0.375,-38.365,253.28,-560.2,7,-435.18,435.18,0.2232,0.2857,-62.169,125.02,-560.2,1,128.26,0.0,999.0,1.0,128.26,128.26,0.0,False
M200R5_0784,40,0.7,12,0.8,1.0,0.75,6,True,False,PRE_RTH,3,9,-349.66,477.92,0.4201,0.3333,-38.851,253.28,-602.94,8,-477.92,477.92,0.2074,0.25,-59.74,125.02,-602.94,1,128.26,0.0,999.0,1.0,128.26,128.26,0.0,False
M200R5_0790,40,0.7,12,0.8,1.0,0.75,6,True,True,PRE_RTH,3,9,-349.66,477.92,0.4201,0.3333,-38.851,253.28,-602.94,8,-477.92,477.92,0.2074,0.25,-59.74,125.02,-602.94,1,128.26,0.0,999.0,1.0,128.26,128.26,0.0,False
M200R5_0808,40,0.7,12,0.8,1.0,0.75,12,True,False,PRE_RTH,3,9,-349.66,477.92,0.4201,0.3333,-38.851,253.28,-602.94,8,-477.92,477.92,0.2074,0.25,-59.74,125.02,-602.94,1,128.26,0.0,999.0,1.0,128.26,128.26,0.0,False
M200R5_0814,40,0.7,12,0.8,1.0,0.75,12,True,True,PRE_RTH,3,9,-349.66,477.92,0.4201,0.3333,-38.851,253.28,-602.94,8,-477.92,477.92,0.2074,0.25,-59.74,125.02,-602.94,1,128.26,0.0,999.0,1.0,128.26,128.26,0.0,False
M200R5_0911,40,0.7,12,0.8,1.5,1.25,12,True,True,RTH,1,6,-304.94,519.7,0.5296,0.5,-50.823,343.28,-648.22,5,-519.7,519.7,0.1983,0.4,-103.94,128.52,-648.22,1,214.76,0.0,999.0,1.0,214.76,214.76,0.0,False
M200R5_0912,40,0.7,12,0.8,1.5,1.25,12,True,True,RTH,3,6,-304.94,519.7,0.5296,0.5,-50.823,343.28,-648.22,5,-519.7,519.7,0.1983,0.4,-103.94,128.52,-648.22,1,214.76,0.0,999.0,1.0,214.76,214.76,0.0,False
M200R5_0833,40,0.7,12,0.8,1.25,1.0,6,True,False,RTH,1,6,-356.94,528.2,0.4338,0.3333,-59.49,273.52,-630.46,5,-528.2,528.2,0.1622,0.2,-105.64,102.26,-630.46,1,171.26,0.0,999.0,1.0,171.26,171.26,0.0,False
M200R5_0834,40,0.7,12,0.8,1.25,1.0,6,True,False,RTH,3,6,-356.94,528.2,0.4338,0.3333,-59.49,273.52,-630.46,5,-528.2,528.2,0.1622,0.2,-105.64,102.26,-630.46,1,171.26,0.0,999.0,1.0,171.26,171.26,0.0,False
M200R5_0839,40,0.7,12,0.8,1.25,1.0,6,True,True,RTH,1,6,-356.94,528.2,0.4338,0.3333,-59.49,273.52,-630.46,5,-528.2,528.2,0.1622,0.2,-105.64,102.26,-630.46,1,171.26,0.0,999.0,1.0,171.26,171.26,0.0,False
M200R5_0840,40,0.7,12,0.8,1.25,1.0,6,True,True,RTH,3,6,-356.94,528.2,0.4338,0.3333,-59.49,273.52,-630.46,5,-528.2,528.2,0.1622,0.2,-105.64,102.26,-630.46,1,171.26,0.0,999.0,1.0,171.26,171.26,0.0,False
M200R5_0857,40,0.7,12,0.8,1.25,1.0,12,True,False,RTH,1,6,-374.44,545.7,0.4221,0.3333,-62.407,273.52,-647.96,5,-545.7,545.7,0.1578,0.2,-109.14,102.26,-647.96,1,171.26,0.0,999.0,1.0,171.26,171.26,0.0,False
M200R5_0858,40,0.7,12,0.8,1.25,1.0,12,True,False,RTH,3,6,-374.44,545.7,0.4221,0.3333,-62.407,273.52,-647.96,5,-545.7,545.7,0.1578,0.2,-109.14,102.26,-647.96,1,171.26,0.0,999.0,1.0,171.26,171.26,0.0,False
M200R5_0863,40,0.7,12,0.8,1.25,1.0,12,True,True,RTH,1,6,-374.44,545.7,0.4221,0.3333,-62.407,273.52,-647.96,5,-545.7,545.7,0.1578,0.2,-109.14,102.26,-647.96,1,171.26,0.0,999.0,1.0,171.26,171.26,0.0,False
M200R5_0864,40,0.7,12,0.8,1.25,1.0,12,True,True,RTH,3,6,-374.44,545.7,0.4221,0.3333,-62.407,273.52,-647.96,5,-545.7,545.7,0.1578,0.2,-109.14,102.26,-647.96,1,171.26,0.0,999.0,1.0,171.26,171.26,0.0,False
M200R5_0785,40,0.7,12,0.8,1.0,0.75,6,True,False,RTH,1,6,-314.94,443.2,0.3937,0.3333,-52.49,204.52,-519.46,5,-443.2,443.2,0.1468,0.2,-88.64,76.26,-519.46,1,128.26,0.0,999.0,1.0,128.26,128.26,0.0,False
M200R5_0786,40,0.7,12,0.8,1.0,0.75,6,True,False,RTH,3,6,-314.94,443.2,0.3937,0.3333,-52.49,204.52,-519.46,5,-443.2,443.2,0.1468,0.2,-88.64,76.26,-519.46,1,128.26,0.0,999.0,1.0,128.26,128.26,0.0,False
M200R5_0791,40,0.7,12,0.8,1.0,0.75,6,True,True,RTH,1,6,-314.94,443.2,0.3937,0.3333,-52.49,204.52,-519.46,5,-443.2,443.2,0.1468,0.2,-88.64,76.26,-519.46,1,128.26,0.0,999.0,1.0,128.26,128.26,0.0,False
M200R5_0792,40,0.7,12,0.8,1.0,0.75,6,True,True,RTH,3,6,-314.94,443.2,0.3937,0.3333,-52.49,204.52,-519.46,5,-443.2,443.2,0.1468,0.2,-88.64,76.26,-519.46,1,128.26,0.0,999.0,1.0,128.26,128.26,0.0,False
M200R5_0809,40,0.7,12,0.8,1.0,0.75,12,True,False,RTH,1,6,-314.94,443.2,0.3937,0.3333,-52.49,204.52,-519.46,5,-443.2,443.2,0.1468,0.2,-88.64,76.26,-519.46,1,128.26,0.0,999.0,1.0,128.26,128.26,0.0,False
M200R5_0810,40,0.7,12,0.8,1.0,0.75,12,True,False,RTH,3,6,-314.94,443.2,0.3937,0.3333,-52.49,204.52,-519.46,5,-443.2,443.2,0.1468,0.2,-88.64,76.26,-519.46,1,128.26,0.0,999.0,1.0,128.26,128.26,0.0,False
M200R5_0815,40,0.7,12,0.8,1.0,0.75,12,True,True,RTH,1,6,-314.94,443.2,0.3937,0.3333,-52.49,204.52,-519.46,5,-443.2,443.2,0.1468,0.2,-88.64,76.26,-519.46,1,128.26,0.0,999.0,1.0,128.26,128.26,0.0,False
M200R5_0816,40,0.7,12,0.8,1.0,0.75,12,True,True,RTH,3,6,-314.94,443.2,0.3937,0.3333,-52.49,204.52,-519.46,5,-443.2,443.2,0.1468,0.2,-88.64,76.26,-519.46,1,128.26,0.0,999.0,1.0,128.26,128.26,0.0,False
M200R5_1503,40,0.7,20,1.1,1.5,1.5,6,True,False,PRE_RTH,1,2,197.02,60.74,4.2437,0.5,98.51,257.76,-60.74,1,-60.74,60.74,0.0,0.0,-60.74,0.0,-60.74,1,257.76,0.0,999.0,1.0,257.76,257.76,0.0,False
M200R5_1504,40,0.7,20,1.1,1.5,1.5,6,True,False,PRE_RTH,3,2,197.02,60.74,4.2437,0.5,98.51,257.76,-60.74,1,-60.74,60.74,0.0,0.0,-60.74,0.0,-60.74,1,257.76,0.0,999.0,1.0,257.76,257.76,0.0,False
M200R5_1505,40,0.7,20,1.1,1.5,1.5,6,True,False,RTH,1,2,197.02,60.74,4.2437,0.5,98.51,257.76,-60.74,1,-60.74,60.74,0.0,0.0,-60.74,0.0,-60.74,1,257.76,0.0,999.0,1.0,257.76,257.76,0.0,False
M200R5_1506,40,0.7,20,1.1,1.5,1.5,6,True,False,RTH,3,2,197.02,60.74,4.2437,0.5,98.51,257.76,-60.74,1,-60.74,60.74,0.0,0.0,-60.74,0.0,-60.74,1,257.76,0.0,999.0,1.0,257.76,257.76,0.0,False
M200R5_1509,40,0.7,20,1.1,1.5,1.5,6,True,True,PRE_RTH,1,2,197.02,60.74,4.2437,0.5,98.51,257.76,-60.74,1,-60.74,60.74,0.0,0.0,-60.74,0.0,-60.74,1,257.76,0.0,999.0,1.0,257.76,257.76,0.0,False
M200R5_1510,40,0.7,20,1.1,1.5,1.5,6,True,True,PRE_RTH,3,2,197.02,60.74,4.2437,0.5,98.51,257.76,-60.74,1,-60.74,60.74,0.0,0.0,-60.74,0.0,-60.74,1,257.76,0.0,999.0,1.0,257.76,257.76,0.0,False
M200R5_1511,40,0.7,20,1.1,1.5,1.5,6,True,True,RTH,1,2,197.02,60.74,4.2437,0.5,98.51,257.76,-60.74,1,-60.74,60.74,0.0,0.0,-60.74,0.0,-60.74,1,257.76,0.0,999.0,1.0,257.76,257.76,0.0,False
M200R5_1512,40,0.7,20,1.1,1.5,1.5,6,True,True,RTH,3,2,197.02,60.74,4.2437,0.5,98.51,257.76,-60.74,1,-60.74,60.74,0.0,0.0,-60.74,0.0,-60.74,1,257.76,0.0,999.0,1.0,257.76,257.76,0.0,False
M200R5_1527,40,0.7,20,1.1,1.5,1.5,12,True,False,PRE_RTH,1,2,197.02,60.74,4.2437,0.5,98.51,257.76,-60.74,1,-60.74,60.74,0.0,0.0,-60.74,0.0,-60.74,1,257.76,0.0,999.0,1.0,257.76,257.76,0.0,False
M200R5_1528,40,0.7,20,1.1,1.5,1.5,12,True,False,PRE_RTH,3,2,197.02,60.74,4.2437,0.5,98.51,257.76,-60.74,1,-60.74,60.74,0.0,0.0,-60.74,0.0,-60.74,1,257.76,0.0,999.0,1.0,257.76,257.76,0.0,False
M200R5_1529,40,0.7,20,1.1,1.5,1.5,12,True,False,RTH,1,2,197.02,60.74,4.2437,0.5,98.51,257.76,-60.74,1,-60.74,60.74,0.0,0.0,-60.74,0.0,-60.74,1,257.76,0.0,999.0,1.0,257.76,257.76,0.0,False
M200R5_1530,40,0.7,20,1.1,1.5,1.5,12,True,False,RTH,3,2,197.02,60.74,4.2437,0.5,98.51,257.76,-60.74,1,-60.74,60.74,0.0,0.0,-60.74,0.0,-60.74,1,257.76,0.0,999.0,1.0,257.76,257.76,0.0,False
M200R5_1533,40,0.7,20,1.1,1.5,1.5,12,True,True,PRE_RTH,1,2,197.02,60.74,4.2437,0.5,98.51,257.76,-60.74,1,-60.74,60.74,0.0,0.0,-60.74,0.0,-60.74,1,257.76,0.0,999.0,1.0,257.76,257.76,0.0,False
M200R5_1534,40,0.7,20,1.1,1.5,1.5,12,True,True,PRE_RTH,3,2,197.02,60.74,4.2437,0.5,98.51,257.76,-60.74,1,-60.74,60.74,0.0,0.0,-60.74,0.0,-60.74,1,257.76,0.0,999.0,1.0,257.76,257.76,0.0,False
M200R5_1535,40,0.7,20,1.1,1.5,1.5,12,True,True,RTH,1,2,197.02,60.74,4.2437,0.5,98.51,257.76,-60.74,1,-60.74,60.74,0.0,0.0,-60.74,0.0,-60.74,1,257.76,0.0,999.0,1.0,257.76,257.76,0.0,False
M200R5_1536,40,0.7,20,1.1,1.5,1.5,12,True,True,RTH,3,2,197.02,60.74,4.2437,0.5,98.51,257.76,-60.74,1,-60.74,60.74,0.0,0.0,-60.74,0.0,-60.74,1,257.76,0.0,999.0,1.0,257.76,257.76,0.0,False
M200R5_1455,40,0.7,20,1.1,1.5,1.25,6,True,False,PRE_RTH,1,2,154.02,60.74,3.5357,0.5,77.01,214.76,-60.74,1,-60.74,60.74,0.0,0.0,-60.74,0.0,-60.74,1,214.76,0.0,999.0,1.0,214.76,214.76,0.0,False
M200R5_1456,40,0.7,20,1.1,1.5,1.25,6,True,False,PRE_RTH,3,2,154.02,60.74,3.5357,0.5,77.01,214.76,-60.74,1,-60.74,60.74,0.0,0.0,-60.74,0.0,-60.74,1,214.76,0.0,999.0,1.0,214.76,214.76,0.0,False
M200R5_1457,40,0.7,20,1.1,1.5,1.25,6,True,False,RTH,1,2,154.02,60.74,3.5357,0.5,77.01,214.76,-60.74,1,-60.74,60.74,0.0,0.0,-60.74,0.0,-60.74,1,214.76,0.0,999.0,1.0,214.76,214.76,0.0,False
M200R5_1458,40,0.7,20,1.1,1.5,1.25,6,True,False,RTH,3,2,154.02,60.74,3.5357,0.5,77.01,214.76,-60.74,1,-60.74,60.74,0.0,0.0,-60.74,0.0,-60.74,1,214.76,0.0,999.0,1.0,214.76,214.76,0.0,False
M200R5_1461,40,0.7,20,1.1,1.5,1.25,6,True,True,PRE_RTH,1,2,154.02,60.74,3.5357,0.5,77.01,214.76,-60.74,1,-60.74,60.74,0.0,0.0,-60.74,0.0,-60.74,1,214.76,0.0,999.0,1.0,214.76,214.76,0.0,False
M200R5_1462,40,0.7,20,1.1,1.5,1.25,6,True,True,PRE_RTH,3,2,154.02,60.74,3.5357,0.5,77.01,214.76,-60.74,1,-60.74,60.74,0.0,0.0,-60.74,0.0,-60.74,1,214.76,0.0,999.0,1.0,214.76,214.76,0.0,False
M200R5_1463,40,0.7,20,1.1,1.5,1.25,6,True,True,RTH,1,2,154.02,60.74,3.5357,0.5,77.01,214.76,-60.74,1,-60.74,60.74,0.0,0.0,-60.74,0.0,-60.74,1,214.76,0.0,999.0,1.0,214.76,214.76,0.0,False
M200R5_1464,40,0.7,20,1.1,1.5,1.25,6,True,True,RTH,3,2,154.02,60.74,3.5357,0.5,77.01,214.76,-60.74,1,-60.74,60.74,0.0,0.0,-60.74,0.0,-60.74,1,214.76,0.0,999.0,1.0,214.76,214.76,0.0,False
M200R5_1479,40,0.7,20,1.1,1.5,1.25,12,True,False,PRE_RTH,1,2,154.02,60.74,3.5357,0.5,77.01,214.76,-60.74,1,-60.74,60.74,0.0,0.0,-60.74,0.0,-60.74,1,214.76,0.0,999.0,1.0,214.76,214.76,0.0,False
M200R5_1480,40,0.7,20,1.1,1.5,1.25,12,True,False,PRE_RTH,3,2,154.02,60.74,3.5357,0.5,77.01,214.76,-60.74,1,-60.74,60.74,0.0,0.0,-60.74,0.0,-60.74,1,214.76,0.0,999.0,1.0,214.76,214.76,0.0,False
M200R5_1481,40,0.7,20,1.1,1.5,1.25,12,True,False,RTH,1,2,154.02,60.74,3.5357,0.5,77.01,214.76,-60.74,1,-60.74,60.74,0.0,0.0,-60.74,0.0,-60.74,1,214.76,0.0,999.0,1.0,214.76,214.76,0.0,False
M200R5_1482,40,0.7,20,1.1,1.5,1.25,12,True,False,RTH,3,2,154.02,60.74,3.5357,0.5,77.01,214.76,-60.74,1,-60.74,60.74,0.0,0.0,-60.74,0.0,-60.74,1,214.76,0.0,999.0,1.0,214.76,214.76,0.0,False
M200R5_1485,40,0.7,20,1.1,1.5,1.25,12,True,True,PRE_RTH,1,2,154.02,60.74,3.5357,0.5,77.01,214.76,-60.74,1,-60.74,60.74,0.0,0.0,-60.74,0.0,-60.74,1,214.76,0.0,999.0,1.0,214.76,214.76,0.0,False
M200R5_1486,40,0.7,20,1.1,1.5,1.25,12,True,True,PRE_RTH,3,2,154.02,60.74,3.5357,0.5,77.01,214.76,-60.74,1,-60.74,60.74,0.0,0.0,-60.74,0.0,-60.74,1,214.76,0.0,999.0,1.0,214.76,214.76,0.0,False
M200R5_1487,40,0.7,20,1.1,1.5,1.25,12,True,True,RTH,1,2,154.02,60.74,3.5357,0.5,77.01,214.76,-60.74,1,-60.74,60.74,0.0,0.0,-60.74,0.0,-60.74,1,214.76,0.0,999.0,1.0,214.76,214.76,0.0,False
M200R5_1488,40,0.7,20,1.1,1.5,1.25,12,True,True,RTH,3,2,154.02,60.74,3.5357,0.5,77.01,214.76,-60.74,1,-60.74,60.74,0.0,0.0,-60.74,0.0,-60.74,1,214.76,0.0,999.0,1.0,214.76,214.76,0.0,False
M200R5_1407,40,0.7,20,1.1,1.25,1.0,6,True,False,PRE_RTH,1,2,120.52,50.74,3.3752,0.5,60.26,171.26,-50.74,1,-50.74,50.74,0.0,0.0,-50.74,0.0,-50.74,1,171.26,0.0,999.0,1.0,171.26,171.26,0.0,False
M200R5_1408,40,0.7,20,1.1,1.25,1.0,6,True,False,PRE_RTH,3,2,120.52,50.74,3.3752,0.5,60.26,171.26,-50.74,1,-50.74,50.74,0.0,0.0,-50.74,0.0,-50.74,1,171.26,0.0,999.0,1.0,171.26,171.26,0.0,False
M200R5_1409,40,0.7,20,1.1,1.25,1.0,6,True,False,RTH,1,2,120.52,50.74,3.3752,0.5,60.26,171.26,-50.74,1,-50.74,50.74,0.0,0.0,-50.74,0.0,-50.74,1,171.26,0.0,999.0,1.0,171.26,171.26,0.0,False
M200R5_1410,40,0.7,20,1.1,1.25,1.0,6,True,False,RTH,3,2,120.52,50.74,3.3752,0.5,60.26,171.26,-50.74,1,-50.74,50.74,0.0,0.0,-50.74,0.0,-50.74,1,171.26,0.0,999.0,1.0,171.26,171.26,0.0,False
M200R5_1413,40,0.7,20,1.1,1.25,1.0,6,True,True,PRE_RTH,1,2,120.52,50.74,3.3752,0.5,60.26,171.26,-50.74,1,-50.74,50.74,0.0,0.0,-50.74,0.0,-50.74,1,171.26,0.0,999.0,1.0,171.26,171.26,0.0,False
M200R5_1414,40,0.7,20,1.1,1.25,1.0,6,True,True,PRE_RTH,3,2,120.52,50.74,3.3752,0.5,60.26,171.26,-50.74,1,-50.74,50.74,0.0,0.0,-50.74,0.0,-50.74,1,171.26,0.0,999.0,1.0,171.26,171.26,0.0,False
M200R5_1415,40,0.7,20,1.1,1.25,1.0,6,True,True,RTH,1,2,120.52,50.74,3.3752,0.5,60.26,171.26,-50.74,1,-50.74,50.74,0.0,0.0,-50.74,0.0,-50.74,1,171.26,0.0,999.0,1.0,171.26,171.26,0.0,False
M200R5_1416,40,0.7,20,1.1,1.25,1.0,6,True,True,RTH,3,2,120.52,50.74,3.3752,0.5,60.26,171.26,-50.74,1,-50.74,50.74,0.0,0.0,-50.74,0.0,-50.74,1,171.26,0.0,999.0,1.0,171.26,171.26,0.0,False
M200R5_1431,40,0.7,20,1.1,1.25,1.0,12,True,False,PRE_RTH,1,2,120.52,50.74,3.3752,0.5,60.26,171.26,-50.74,1,-50.74,50.74,0.0,0.0,-50.74,0.0,-50.74,1,171.26,0.0,999.0,1.0,171.26,171.26,0.0,False
M200R5_1432,40,0.7,20,1.1,1.25,1.0,12,True,False,PRE_RTH,3,2,120.52,50.74,3.3752,0.5,60.26,171.26,-50.74,1,-50.74,50.74,0.0,0.0,-50.74,0.0,-50.74,1,171.26,0.0,999.0,1.0,171.26,171.26,0.0,False
M200R5_1433,40,0.7,20,1.1,1.25,1.0,12,True,False,RTH,1,2,120.52,50.74,3.3752,0.5,60.26,171.26,-50.74,1,-50.74,50.74,0.0,0.0,-50.74,0.0,-50.74,1,171.26,0.0,999.0,1.0,171.26,171.26,0.0,False
M200R5_1434,40,0.7,20,1.1,1.25,1.0,12,True,False,RTH,3,2,120.52,50.74,3.3752,0.5,60.26,171.26,-50.74,1,-50.74,50.74,0.0,0.0,-50.74,0.0,-50.74,1,171.26,0.0,999.0,1.0,171.26,171.26,0.0,False
M200R5_1437,40,0.7,20,1.1,1.25,1.0,12,True,True,PRE_RTH,1,2,120.52,50.74,3.3752,0.5,60.26,171.26,-50.74,1,-50.74,50.74,0.0,0.0,-50.74,0.0,-50.74,1,171.26,0.0,999.0,1.0,171.26,171.26,0.0,False
M200R5_1438,40,0.7,20,1.1,1.25,1.0,12,True,True,PRE_RTH,3,2,120.52,50.74,3.3752,0.5,60.26,171.26,-50.74,1,-50.74,50.74,0.0,0.0,-50.74,0.0,-50.74,1,171.26,0.0,999.0,1.0,171.26,171.26,0.0,False
M200R5_1439,40,0.7,20,1.1,1.25,1.0,12,True,True,RTH,1,2,120.52,50.74,3.3752,0.5,60.26,171.26,-50.74,1,-50.74,50.74,0.0,0.0,-50.74,0.0,-50.74,1,171.26,0.0,999.0,1.0,171.26,171.26,0.0,False
M200R5_1440,40,0.7,20,1.1,1.25,1.0,12,True,True,RTH,3,2,120.52,50.74,3.3752,0.5,60.26,171.26,-50.74,1,-50.74,50.74,0.0,0.0,-50.74,0.0,-50.74,1,171.26,0.0,999.0,1.0,171.26,171.26,0.0,False
M200R5_1359,40,0.7,20,1.1,1.0,0.75,6,True,False,PRE_RTH,1,2,87.52,40.74,3.1483,0.5,43.76,128.26,-40.74,1,-40.74,40.74,0.0,0.0,-40.74,0.0,-40.74,1,128.26,0.0,999.0,1.0,128.26,128.26,0.0,False
M200R5_1360,40,0.7,20,1.1,1.0,0.75,6,True,False,PRE_RTH,3,2,87.52,40.74,3.1483,0.5,43.76,128.26,-40.74,1,-40.74,40.74,0.0,0.0,-40.74,0.0,-40.74,1,128.26,0.0,999.0,1.0,128.26,128.26,0.0,False
M200R5_1361,40,0.7,20,1.1,1.0,0.75,6,True,False,RTH,1,2,87.52,40.74,3.1483,0.5,43.76,128.26,-40.74,1,-40.74,40.74,0.0,0.0,-40.74,0.0,-40.74,1,128.26,0.0,999.0,1.0,128.26,128.26,0.0,False
M200R5_1362,40,0.7,20,1.1,1.0,0.75,6,True,False,RTH,3,2,87.52,40.74,3.1483,0.5,43.76,128.26,-40.74,1,-40.74,40.74,0.0,0.0,-40.74,0.0,-40.74,1,128.26,0.0,999.0,1.0,128.26,128.26,0.0,False
M200R5_1365,40,0.7,20,1.1,1.0,0.75,6,True,True,PRE_RTH,1,2,87.52,40.74,3.1483,0.5,43.76,128.26,-40.74,1,-40.74,40.74,0.0,0.0,-40.74,0.0,-40.74,1,128.26,0.0,999.0,1.0,128.26,128.26,0.0,False
M200R5_1366,40,0.7,20,1.1,1.0,0.75,6,True,True,PRE_RTH,3,2,87.52,40.74,3.1483,0.5,43.76,128.26,-40.74,1,-40.74,40.74,0.0,0.0,-40.74,0.0,-40.74,1,128.26,0.0,999.0,1.0,128.26,128.26,0.0,False
M200R5_1367,40,0.7,20,1.1,1.0,0.75,6,True,True,RTH,1,2,87.52,40.74,3.1483,0.5,43.76,128.26,-40.74,1,-40.74,40.74,0.0,0.0,-40.74,0.0,-40.74,1,128.26,0.0,999.0,1.0,128.26,128.26,0.0,False
M200R5_1368,40,0.7,20,1.1,1.0,0.75,6,True,True,RTH,3,2,87.52,40.74,3.1483,0.5,43.76,128.26,-40.74,1,-40.74,40.74,0.0,0.0,-40.74,0.0,-40.74,1,128.26,0.0,999.0,1.0,128.26,128.26,0.0,False
M200R5_1383,40,0.7,20,1.1,1.0,0.75,12,True,False,PRE_RTH,1,2,87.52,40.74,3.1483,0.5,43.76,128.26,-40.74,1,-40.74,40.74,0.0,0.0,-40.74,0.0,-40.74,1,128.26,0.0,999.0,1.0,128.26,128.26,0.0,False
M200R5_1384,40,0.7,20,1.1,1.0,0.75,12,True,False,PRE_RTH,3,2,87.52,40.74,3.1483,0.5,43.76,128.26,-40.74,1,-40.74,40.74,0.0,0.0,-40.74,0.0,-40.74,1,128.26,0.0,999.0,1.0,128.26,128.26,0.0,False
M200R5_1385,40,0.7,20,1.1,1.0,0.75,12,True,False,RTH,1,2,87.52,40.74,3.1483,0.5,43.76,128.26,-40.74,1,-40.74,40.74,0.0,0.0,-40.74,0.0,-40.74,1,128.26,0.0,999.0,1.0,128.26,128.26,0.0,False
M200R5_1386,40,0.7,20,1.1,1.0,0.75,12,True,False,RTH,3,2,87.52,40.74,3.1483,0.5,43.76,128.26,-40.74,1,-40.74,40.74,0.0,0.0,-40.74,0.0,-40.74,1,128.26,0.0,999.0,1.0,128.26,128.26,0.0,False
M200R5_1389,40,0.7,20,1.1,1.0,0.75,12,True,True,PRE_RTH,1,2,87.52,40.74,3.1483,0.5,43.76,128.26,-40.74,1,-40.74,40.74,0.0,0.0,-40.74,0.0,-40.74,1,128.26,0.0,999.0,1.0,128.26,128.26,0.0,False
M200R5_1390,40,0.7,20,1.1,1.0,0.75,12,True,True,PRE_RTH,3,2,87.52,40.74,3.1483,0.5,43.76,128.26,-40.74,1,-40.74,40.74,0.0,0.0,-40.74,0.0,-40.74,1,128.26,0.0,999.0,1.0,128.26,128.26,0.0,False
M200R5_1391,40,0.7,20,1.1,1.0,0.75,12,True,True,RTH,1,2,87.52,40.74,3.1483,0.5,43.76,128.26,-40.74,1,-40.74,40.74,0.0,0.0,-40.74,0.0,-40.74,1,128.26,0.0,999.0,1.0,128.26,128.26,0.0,False
M200R5_1392,40,0.7,20,1.1,1.0,0.75,12,True,True,RTH,3,2,87.52,40.74,3.1483,0.5,43.76,128.26,-40.74,1,-40.74,40.74,0.0,0.0,-40.74,0.0,-40.74,1,128.26,0.0,999.0,1.0,128.26,128.26,0.0,False
