config_id,signal_family,side_mode,sl_rule,tp_rule,sl_value,tp_value,max_hold_bars,trades,pnl,profit_factor,win_rate,expectancy,max_dd,total_gain,total_loss,wf_folds,wf_positive,wf_all_positive,wf_pnls,day_positive_rate,week_positive_rate,month_positive_rate,week_std_pnl
X00389,emapmo,long_only,atr_blend,atr_blend,2.5,2.0,24,28,2550.28,2.1999,0.6429,91.0814,1173.96,4675.68,-2125.4,3,3,True,"[5.1, 1348.84, 1196.34]",0.8571,0.8571,1.0,530.11
X00442,emapmo,long_only,atr_blend,atr_blend,2.0,2.0,48,33,2952.58,2.0084,0.6364,89.4721,1189.2,5880.46,-2927.88,3,3,True,"[106.86, 1450.86, 1394.86]",0.7857,0.8571,1.0,594.52
X00430,emapmo,long_only,atr,atr,2.5,2.0,48,29,2392.04,1.9411,0.6897,82.4841,1189.46,4933.7,-2541.66,3,3,True,"[64.1, 1456.6, 871.34]",0.7857,0.8571,1.0,548.62
X00423,emapmo,long_only,atr,atr,1.5,4.0,48,27,2409.52,1.9051,0.4444,89.2415,970.18,5071.62,-2662.1,3,3,True,"[11.84, 1803.34, 594.34]",0.7692,0.8571,1.0,446.07
X00366,emapmo,long_only,atr,atr,1.5,4.0,24,27,2032.52,1.8526,0.4815,75.2785,902.2,4416.38,-2383.86,3,3,True,"[132.84, 1208.84, 690.84]",0.6923,0.7143,0.6667,425.0
X00333,emapmo,long_only,atr_blend,atr_blend,2.5,4.0,12,26,1800.76,1.8196,0.5769,69.26,1091.7,3997.9,-2197.14,3,3,True,"[254.84, 712.84, 833.08]",0.6923,0.7143,1.0,537.68
X00309,emapmo,long_only,atr,atr,1.5,4.0,12,31,1835.56,1.694,0.4516,59.2116,976.92,4480.64,-2645.08,3,3,True,"[494.36, 678.1, 663.1]",0.6923,0.7143,1.0,486.52
X00317,emapmo,long_only,atr,atr,2.5,4.0,12,26,1633.26,1.6767,0.5769,62.8177,1118.7,4046.9,-2413.64,3,3,True,"[227.84, 584.34, 821.08]",0.6923,0.7143,1.0,521.25
X00251,emapmo,long_only,atr,atr,1.5,2.0,6,48,1900.98,1.6685,0.5625,39.6037,940.66,4744.52,-2843.54,3,3,True,"[722.66, 566.66, 611.66]",0.6667,0.7143,0.6667,538.29
X00452,emapmo,long_only,range15_pct,range15_pct,1.0,1.5,48,34,2153.34,1.6474,0.5,63.3335,1107.7,5479.42,-3326.08,3,3,True,"[732.12, 788.86, 632.36]",0.6429,0.7143,0.6667,536.43
X00364,emapmo,long_only,atr,atr,1.5,1.5,24,40,1848.9,1.6357,0.575,46.2225,902.2,4757.48,-2908.58,3,3,True,"[234.64, 1444.88, 169.38]",0.7143,0.7143,0.6667,483.32
X00331,emapmo,long_only,atr_blend,atr_blend,2.5,1.5,12,37,1637.12,1.6205,0.6216,44.2465,1074.46,4275.48,-2638.36,3,3,True,"[656.38, 891.62, 89.12]",0.7143,0.8571,1.0,529.43
X00451,emapmo,long_only,range15_pct,range15_pct,1.0,1.0,48,38,1963.88,1.6148,0.5789,51.6811,1107.7,5158.22,-3194.34,3,3,True,"[254.88, 970.38, 738.62]",0.7143,0.7143,0.6667,557.51
X00422,emapmo,long_only,atr,atr,1.5,2.0,48,37,1924.12,1.6068,0.5135,52.0032,1151.92,5094.94,-3170.82,3,3,True,"[106.88, 1570.62, 246.62]",0.5714,0.7143,0.6667,646.62
X00421,emapmo,long_only,atr,atr,1.5,1.5,48,40,1756.4,1.5853,0.575,43.91,902.2,4757.48,-3001.08,3,3,True,"[234.64, 1352.38, 169.38]",0.6429,0.7143,0.6667,481.97
X00332,emapmo,long_only,atr_blend,atr_blend,2.5,2.0,12,32,1571.32,1.5832,0.5312,49.1037,1091.7,4265.42,-2694.1,3,3,True,"[97.86, 944.36, 529.1]",0.5714,0.7143,1.0,572.79
X00252,emapmo,long_only,atr,atr,1.5,4.0,6,45,1612.7,1.5773,0.5333,35.8378,887.16,4406.24,-2793.54,3,3,True,"[399.4, 300.9, 912.4]",0.7333,0.8571,1.0,395.63
X00275,emapmo,long_only,atr_blend,atr_blend,2.5,2.0,6,44,1466.44,1.5757,0.5682,33.3282,1106.2,4013.5,-2547.06,3,3,True,"[576.9, 374.4, 515.14]",0.6,0.7143,0.6667,615.6
X00399,emapmo,long_only,range15_pct,range15_pct,1.25,2.0,24,26,1627.26,1.5667,0.5,62.5869,1161.46,4498.88,-2871.62,3,3,True,"[37.84, 1306.34, 283.08]",0.7857,0.7143,0.6667,495.17
X01565,momentum_reversion,all,atr,atr,2.0,1.5,48,99,2089.74,1.56,0.6566,21.1085,554.24,5821.4,-3731.66,3,3,True,"[38.08, 714.58, 1337.08]",0.6596,0.75,0.75,278.73
X00396,emapmo,long_only,range15_pct,range15_pct,1.0,2.0,24,29,1689.54,1.5549,0.4483,58.26,1107.7,4734.38,-3044.84,3,3,True,"[91.6, 1289.1, 308.84]",0.6429,0.7143,0.6667,476.59
X01871,momentum_reversion,short_only,atr_blend,atr_blend,2.5,2.0,6,45,826.2,1.5546,0.5556,18.36,365.96,2316.0,-1489.8,3,3,True,"[147.9, 178.4, 499.9]",0.5556,0.8182,1.0,156.71
X00259,emapmo,long_only,atr,atr,2.5,2.0,6,44,1456.44,1.5531,0.5682,33.1009,1133.2,4089.5,-2633.06,3,3,True,"[614.9, 325.4, 516.14]",0.6,0.7143,0.6667,627.92
X00454,emapmo,long_only,range15_pct,range15_pct,1.25,1.0,48,35,1735.1,1.5475,0.6286,49.5743,1165.68,4904.22,-3169.12,3,3,True,"[111.62, 972.62, 650.86]",0.6429,0.7143,0.6667,589.85
X00276,emapmo,long_only,atr_blend,atr_blend,2.5,4.0,6,43,1349.18,1.5312,0.5581,31.3763,1106.2,3889.24,-2540.06,3,3,True,"[657.4, 48.64, 643.14]",0.6,0.7143,0.6667,560.63
X00448,emapmo,long_only,range15_pct,range15_pct,0.75,1.0,48,46,1797.96,1.5281,0.4783,39.0861,862.68,5202.72,-3404.76,3,3,True,"[805.66, 123.9, 868.4]",0.6429,0.7143,0.6667,488.5
X00274,emapmo,long_only,atr_blend,atr_blend,2.5,1.5,6,44,1298.44,1.5207,0.6136,29.51,1106.2,3792.02,-2493.58,3,3,True,"[489.9, 416.4, 392.14]",0.7333,0.7143,0.6667,531.17
X01863,momentum_reversion,short_only,atr_blend,atr_blend,1.5,2.0,6,46,794.96,1.5198,0.5652,17.2817,354.46,2324.26,-1529.3,3,3,True,"[168.66, 131.4, 494.9]",0.5556,0.7273,1.0,152.3
X01867,momentum_reversion,short_only,atr_blend,atr_blend,2.0,2.0,6,45,791.2,1.5189,0.5556,17.5822,387.46,2316.0,-1524.8,3,3,True,"[147.9, 164.9, 478.4]",0.5556,0.8182,1.0,162.17
X00394,emapmo,long_only,range15_pct,range15_pct,1.0,1.0,24,38,1655.38,1.5182,0.5789,43.5626,1107.7,4849.72,-3194.34,3,3,True,"[278.38, 908.38, 468.62]",0.7143,0.7143,0.6667,535.48
X00284,emapmo,long_only,range15_pct,range15_pct,1.25,1.5,6,43,1480.68,1.5038,0.5814,34.4344,1146.42,4419.5,-2938.82,3,3,True,"[346.9, 162.14, 971.64]",0.7333,0.8571,1.0,422.39
X01838,momentum_reversion,short_only,fixed,fixed,80.0,30.0,6,51,654.76,1.4972,0.6863,12.8384,553.7,1971.6,-1316.84,3,3,True,"[472.42, 49.42, 132.92]",0.5926,0.6364,1.0,135.46
X00397,emapmo,long_only,range15_pct,range15_pct,1.25,1.0,24,35,1520.6,1.4936,0.6286,43.4457,1165.68,4601.22,-3080.62,3,3,True,"[135.12, 999.12, 386.36]",0.6429,0.7143,0.6667,556.64
X00250,emapmo,long_only,atr,atr,1.5,1.5,6,49,1407.74,1.4878,0.6122,28.7294,828.44,4293.8,-2886.06,3,3,True,"[534.42, 454.66, 418.66]",0.7333,0.7143,0.6667,404.46
X00315,emapmo,long_only,atr,atr,2.5,1.5,12,36,1383.36,1.4862,0.6111,38.4267,1101.46,4228.72,-2845.36,3,3,True,"[249.62, 1120.62, 13.12]",0.6429,0.7143,0.6667,539.82
X01805,momentum_reversion,long_only,atr_blend,atr_blend,1.5,1.5,48,62,947.62,1.4815,0.5645,15.2842,320.14,2915.6,-1967.98,3,3,True,"[3.96, 98.46, 845.2]",0.6286,0.6667,0.5,226.79
X00258,emapmo,long_only,atr,atr,2.5,1.5,6,44,1220.44,1.4735,0.6136,27.7373,1133.2,3798.02,-2577.58,3,3,True,"[471.4, 321.4, 427.64]",0.6667,0.7143,0.6667,532.86
X00391,emapmo,long_only,range15_pct,range15_pct,0.75,1.0,24,46,1516.96,1.4455,0.4783,32.9774,839.18,4921.72,-3404.76,3,3,True,"[829.16, 61.9, 625.9]",0.6429,0.5714,0.6667,471.73
X00316,emapmo,long_only,atr,atr,2.5,2.0,12,33,1348.58,1.443,0.5152,40.8661,1118.7,4392.92,-3044.34,3,3,True,"[136.36, 849.86, 362.36]",0.5,0.5714,0.6667,570.73
X00434,emapmo,long_only,atr_blend,atr_blend,1.0,2.0,48,50,1630.5,1.4357,0.38,32.61,917.9,5372.44,-3741.94,3,3,True,"[161.42, 1021.92, 447.16]",0.5714,0.8571,1.0,507.22
X00267,emapmo,long_only,atr_blend,atr_blend,1.5,2.0,6,49,1333.24,1.4199,0.551,27.209,1128.4,4508.02,-3174.78,3,3,True,"[295.42, 537.16, 500.66]",0.7333,0.8571,1.0,485.23
X01922,momentum_reversion,short_only,atr_blend,atr_blend,2.0,1.0,12,41,596.66,1.409,0.6098,14.5527,649.96,2055.5,-1458.84,3,3,True,"[4.14, 144.64, 447.88]",0.5926,0.6364,0.75,228.37
X00377,emapmo,long_only,atr_blend,atr_blend,1.0,2.0,24,50,1513.5,1.4045,0.38,30.27,926.88,5255.44,-3741.94,3,3,True,"[44.42, 1021.92, 447.16]",0.5714,0.8571,1.0,510.29
X01398,momentum_reversion,all,atr,atr,2.5,1.5,6,103,1285.78,1.4017,0.5922,12.4833,521.0,4486.86,-3201.08,3,3,True,"[29.1, 37.84, 1218.84]",0.6383,0.5,1.0,280.09
X00247,emapmo,long_only,atr,atr,1.0,2.0,6,57,1474.32,1.4016,0.4035,25.8653,800.92,5145.48,-3671.16,3,3,True,"[682.44, 68.44, 723.44]",0.6,0.7143,1.0,506.36
X01561,momentum_reversion,all,atr,atr,1.5,1.5,48,107,1516.32,1.3938,0.5514,14.1712,624.64,5366.84,-3850.52,3,3,True,"[81.36, 374.86, 1060.1]",0.5957,0.8333,1.0,208.9
X00285,emapmo,long_only,range15_pct,range15_pct,1.25,2.0,6,44,1199.44,1.3882,0.5227,27.26,1257.42,4289.48,-3090.04,3,3,True,"[235.9, 303.9, 659.64]",0.6667,0.8571,1.0,454.06
X00255,emapmo,long_only,atr,atr,2.0,2.0,6,47,1255.22,1.3856,0.5532,26.7068,1353.66,4510.76,-3255.54,3,3,True,"[309.66, 547.66, 397.9]",0.6,0.7143,0.6667,585.53
X00335,emapmo,long_only,range15_pct,range15_pct,0.75,1.5,12,40,1209.9,1.3816,0.4,30.2475,849.44,4380.66,-3170.76,3,3,True,"[821.64, 48.88, 339.38]",0.5714,0.5714,1.0,467.72
X01405,momentum_reversion,all,atr_blend,atr_blend,1.5,1.0,6,108,1076.58,1.373,0.6111,9.9683,460.56,3962.66,-2886.08,3,3,True,"[10.36, 11.36, 1054.86]",0.617,0.6667,1.0,243.61
X01447,momentum_reversion,all,atr,atr,1.5,1.5,12,107,1352.32,1.3723,0.5327,12.6385,624.64,4984.82,-3632.5,3,3,True,"[33.86, 232.86, 1085.6]",0.617,0.75,1.0,255.48
X01577,momentum_reversion,all,atr_blend,atr_blend,1.5,1.5,48,104,1529.04,1.3706,0.5673,14.7023,517.66,5654.34,-4125.3,3,3,True,"[130.1, 322.6, 1076.34]",0.5745,0.5833,0.75,274.79
X01870,momentum_reversion,short_only,atr_blend,atr_blend,2.5,1.5,6,45,551.2,1.37,0.5556,12.2489,445.3,2041.0,-1489.8,3,3,True,"[89.4, 57.9, 403.9]",0.5926,0.7273,1.0,139.48
X01879,momentum_reversion,short_only,range15_pct,range15_pct,1.25,1.0,6,46,571.46,1.3697,0.5652,12.423,377.04,2117.26,-1545.8,3,3,True,"[134.16, 1.9, 435.4]",0.5556,0.8182,1.0,132.44
X01856,momentum_reversion,short_only,atr,atr,2.5,4.0,6,45,544.7,1.364,0.5556,12.1044,392.8,2041.0,-1496.3,3,3,True,"[53.9, 49.9, 440.9]",0.5556,0.7273,0.75,139.12
X01455,momentum_reversion,all,atr,atr,2.5,1.5,12,97,1306.22,1.354,0.6289,13.4662,699.92,4996.36,-3690.14,3,3,True,"[67.58, 135.82, 1102.82]",0.6383,0.6667,1.0,317.39
X01854,momentum_reversion,short_only,atr,atr,2.5,1.5,6,45,524.2,1.3503,0.5556,11.6489,501.3,2020.5,-1496.3,3,3,True,"[152.4, 22.4, 349.4]",0.5926,0.6364,1.0,139.6
X01852,momentum_reversion,short_only,atr,atr,2.0,4.0,6,45,529.2,1.35,0.5556,11.76,365.96,2041.0,-1511.8,3,3,True,"[10.9, 77.4, 440.9]",0.5556,0.7273,0.75,141.07
X01519,momentum_reversion,all,atr_blend,atr_blend,1.5,1.0,24,106,1168.06,1.3497,0.6604,11.0194,587.16,4508.7,-3340.64,3,3,True,"[232.86, 150.6, 784.6]",0.617,0.8333,1.0,196.74
X01576,momentum_reversion,all,atr_blend,atr_blend,1.5,1.0,48,106,1168.06,1.3497,0.6604,11.0194,587.16,4508.7,-3340.64,3,3,True,"[232.86, 150.6, 784.6]",0.617,0.8333,1.0,196.74
X01872,momentum_reversion,short_only,atr_blend,atr_blend,2.5,4.0,6,45,516.7,1.3468,0.5556,11.4822,386.3,2006.5,-1489.8,3,3,True,"[54.9, 20.9, 440.9]",0.5556,0.7273,0.75,139.39
X00395,emapmo,long_only,range15_pct,range15_pct,1.0,1.5,24,34,1160.34,1.3465,0.4706,34.1276,1107.7,4509.16,-3348.82,3,3,True,"[739.12, 105.36, 315.86]",0.6429,0.7143,0.6667,367.68
X00248,emapmo,long_only,atr,atr,1.0,4.0,6,51,1034.26,1.3413,0.4118,20.2796,800.92,4064.96,-3030.7,3,3,True,"[443.42, 48.42, 542.42]",0.6,0.7143,1.0,373.61
X01851,momentum_reversion,short_only,atr,atr,2.0,2.0,6,45,515.7,1.3411,0.5556,11.46,365.96,2027.5,-1511.8,3,3,True,"[73.9, 8.9, 432.9]",0.5556,0.8182,1.0,136.4
X00264,emapmo,long_only,atr_blend,atr_blend,1.0,4.0,6,51,1027.26,1.339,0.4118,20.1424,787.42,4057.96,-3030.7,3,3,True,"[480.92, 17.42, 528.92]",0.6,0.7143,1.0,372.76
X01866,momentum_reversion,short_only,atr_blend,atr_blend,2.0,1.5,6,45,516.2,1.3385,0.5556,11.4711,480.3,2041.0,-1524.8,3,3,True,"[89.4, 44.4, 382.4]",0.5926,0.7273,1.0,144.99
X01840,momentum_reversion,short_only,fixed,fixed,80.0,120.0,6,46,535.46,1.3368,0.587,11.6404,553.7,2125.52,-1590.06,3,3,True,"[121.66, 56.9, 356.9]",0.5926,0.7273,0.75,147.45
X01850,momentum_reversion,short_only,atr,atr,2.0,1.5,6,45,508.7,1.3365,0.5556,11.3044,473.8,2020.5,-1511.8,3,3,True,"[109.4, 49.9, 349.4]",0.5926,0.6364,1.0,139.31
X01864,momentum_reversion,short_only,atr_blend,atr_blend,1.5,4.0,6,46,513.96,1.3361,0.5652,11.173,354.46,2043.26,-1529.3,3,3,True,"[67.16, 10.9, 435.9]",0.5556,0.7273,0.75,139.16
X01862,momentum_reversion,short_only,atr_blend,atr_blend,1.5,1.5,6,46,497.46,1.3253,0.5652,10.8143,421.04,2026.76,-1529.3,3,3,True,"[90.66, 29.9, 376.9]",0.5185,0.7273,0.75,135.44
X00403,emapmo,long_only,fixed,fixed,15.0,120.0,48,98,821.98,1.317,0.1531,8.3876,531.08,3414.9,-2592.92,3,3,True,"[152.58, 319.08, 350.32]",0.5333,0.8571,0.6667,184.86
X01868,momentum_reversion,short_only,atr_blend,atr_blend,2.0,4.0,6,45,481.7,1.3159,0.5556,10.7044,421.3,2006.5,-1524.8,3,3,True,"[54.9, 7.4, 419.4]",0.5556,0.7273,0.75,144.92
X01876,momentum_reversion,short_only,range15_pct,range15_pct,1.0,1.0,6,47,509.72,1.3142,0.5532,10.8451,465.7,2131.76,-1622.04,3,3,True,"[117.66, 130.16, 261.9]",0.5556,0.8182,1.0,152.5
X00361,emapmo,long_only,atr,atr,1.0,2.0,24,51,1218.26,1.3133,0.3725,23.8875,950.88,5106.44,-3888.18,3,3,True,"[40.42, 1094.42, 83.42]",0.4286,0.7143,0.6667,543.78
X00337,emapmo,long_only,range15_pct,range15_pct,1.0,1.0,12,40,1034.4,1.3124,0.5,25.86,1213.16,4345.7,-3311.3,3,3,True,"[296.14, 334.38, 403.88]",0.5714,0.5714,0.6667,527.45
X01507,momentum_reversion,all,atr,atr,2.0,1.0,24,105,1044.3,1.3097,0.7048,9.9457,475.42,4415.74,-3371.44,3,3,True,"[27.1, 147.6, 869.6]",0.617,0.6667,0.75,217.82
X01564,momentum_reversion,all,atr,atr,2.0,1.0,48,105,1044.3,1.3097,0.7048,9.9457,475.42,4415.74,-3371.44,3,3,True,"[27.1, 147.6, 869.6]",0.617,0.6667,0.75,217.82
X01839,momentum_reversion,short_only,fixed,fixed,80.0,60.0,6,46,490.96,1.3088,0.587,10.673,592.42,2081.02,-1590.06,3,3,True,"[321.16, 164.4, 5.4]",0.5556,0.7273,1.0,121.22
X00227,emapmo,all,range15_pct,range15_pct,1.25,1.5,48,108,2456.58,1.3081,0.5278,22.7461,1161.46,10429.32,-7972.74,3,3,True,"[1007.36, 573.86, 875.36]",0.5135,0.75,0.75,366.77
X01414,momentum_reversion,all,atr_blend,atr_blend,2.5,1.5,6,102,1006.02,1.3048,0.5686,9.8629,384.36,4306.58,-3300.56,3,3,True,"[52.34, 104.84, 848.84]",0.6383,0.5,1.0,253.12
X01462,momentum_reversion,all,atr_blend,atr_blend,1.5,1.0,12,106,997.06,1.299,0.6415,9.4062,581.16,4332.18,-3335.12,3,3,True,"[145.86, 60.6, 790.6]",0.6383,0.75,1.0,197.81
X00271,emapmo,long_only,atr_blend,atr_blend,2.0,2.0,6,47,956.22,1.296,0.5532,20.3451,1315.16,4186.76,-3230.54,3,3,True,"[108.66, 455.66, 391.9]",0.6,0.7143,0.6667,526.66
X01382,momentum_reversion,all,fixed,fixed,80.0,30.0,6,107,884.82,1.2942,0.6729,8.2693,604.16,3892.72,-3007.9,3,3,True,"[211.36, 208.36, 465.1]",0.5957,0.5,1.0,248.67
X00334,emapmo,long_only,range15_pct,range15_pct,0.75,1.0,12,47,987.72,1.2929,0.4255,21.0153,929.18,4359.7,-3371.98,3,3,True,"[486.16, 31.16, 470.4]",0.5,0.5714,0.6667,433.79
X00346,emapmo,long_only,fixed,fixed,15.0,120.0,24,98,756.48,1.2917,0.1531,7.7192,531.08,3349.4,-2592.92,3,3,True,"[273.58, 132.58, 350.32]",0.5333,0.7143,0.6667,199.69
X00221,emapmo,all,range15_pct,range15_pct,0.75,1.5,48,140,2328.9,1.2899,0.3714,16.635,1116.62,10361.52,-8032.62,3,3,True,"[281.72, 1152.72, 894.46]",0.4737,0.75,1.0,254.52
X00279,emapmo,long_only,range15_pct,range15_pct,0.75,2.0,6,49,891.74,1.2863,0.4286,18.1988,748.16,4005.96,-3114.22,3,3,True,"[505.92, 33.66, 352.16]",0.6,0.5714,1.0,383.41
X00278,emapmo,long_only,range15_pct,range15_pct,0.75,1.5,6,49,949.24,1.2859,0.4694,19.3722,741.44,4269.48,-3320.24,3,3,True,"[616.92, 42.66, 289.66]",0.6667,0.7143,1.0,348.7
X01410,momentum_reversion,all,atr_blend,atr_blend,2.0,1.5,6,103,944.28,1.2838,0.5534,9.1678,464.6,4271.32,-3327.04,3,3,True,"[10.1, 32.84, 901.34]",0.617,0.5,1.0,255.0
X00282,emapmo,long_only,range15_pct,range15_pct,1.0,2.0,6,46,908.96,1.2826,0.5217,19.76,1102.66,4125.24,-3216.28,3,3,True,"[390.66, 320.4, 197.9]",0.6,0.8571,1.0,420.91
X01926,momentum_reversion,short_only,atr_blend,atr_blend,2.5,1.0,12,41,462.16,1.2811,0.6341,11.2722,770.46,2106.26,-1644.1,3,3,True,"[10.14, 124.64, 327.38]",0.5926,0.7273,0.75,243.71
X00272,emapmo,long_only,atr_blend,atr_blend,2.0,4.0,6,44,870.94,1.2652,0.5227,19.7941,1246.66,4155.48,-3284.54,3,3,True,"[39.9, 258.9, 572.14]",0.6,0.7143,0.6667,488.87
X00268,emapmo,long_only,atr_blend,atr_blend,1.5,4.0,6,47,875.22,1.2651,0.5106,18.6217,1059.9,4177.24,-3302.02,3,3,True,"[226.66, 491.16, 157.4]",0.6667,0.8571,1.0,406.65
X01378,momentum_reversion,all,fixed,fixed,60.0,30.0,6,111,808.36,1.2641,0.6396,7.2825,582.64,3868.96,-3060.6,3,3,True,"[205.12, 216.62, 386.62]",0.5957,0.6667,1.0,203.93
X00289,emapmo,long_only,fixed,fixed,15.0,120.0,12,98,684.48,1.264,0.1531,6.9845,531.08,3277.4,-2592.92,3,3,True,"[108.58, 225.58, 350.32]",0.4667,0.5714,0.6667,194.67
X01877,momentum_reversion,short_only,range15_pct,range15_pct,1.0,1.5,6,47,424.72,1.2618,0.5532,9.0366,465.7,2046.76,-1622.04,3,3,True,"[91.66, 55.16, 277.9]",0.5556,0.7273,0.75,161.06
X01964,momentum_reversion,short_only,atr,atr,2.0,1.5,24,40,565.9,1.2608,0.625,14.1475,864.68,2736.0,-2170.1,3,3,True,"[5.64, 467.88, 92.38]",0.6296,0.5455,0.75,227.77
X02021,momentum_reversion,short_only,atr,atr,2.0,1.5,48,40,565.9,1.2608,0.625,14.1475,864.68,2736.0,-2170.1,3,3,True,"[5.64, 467.88, 92.38]",0.6296,0.5455,0.75,227.77
X00224,emapmo,all,range15_pct,range15_pct,1.0,1.5,48,125,2214.0,1.2593,0.448,17.712,1217.64,10753.56,-8539.56,3,3,True,"[685.42, 456.42, 1072.16]",0.4865,0.6667,1.0,299.29
X00341,emapmo,long_only,range15_pct,range15_pct,1.25,1.5,12,33,839.08,1.2578,0.4545,25.4267,1156.42,4093.9,-3254.82,3,3,True,"[192.86, 620.36, 25.86]",0.6429,0.5714,0.6667,470.51
X01848,momentum_reversion,short_only,atr,atr,1.5,4.0,6,47,423.22,1.2578,0.5532,9.0047,481.2,2064.76,-1641.54,3,3,True,"[56.66, 104.16, 262.4]",0.5185,0.7273,0.75,157.06
X00360,emapmo,long_only,atr,atr,1.0,1.5,24,55,992.8,1.2565,0.4364,18.0509,869.68,4863.74,-3870.94,3,3,True,"[490.94, 464.18, 37.68]",0.6429,0.7143,1.0,396.87
X00417,emapmo,long_only,atr,atr,1.0,1.5,48,55,992.8,1.2565,0.4364,18.0509,869.68,4863.74,-3870.94,3,3,True,"[490.94, 464.18, 37.68]",0.6429,0.7143,1.0,396.87
X00281,emapmo,long_only,range15_pct,range15_pct,1.0,1.5,6,46,893.96,1.2558,0.5652,19.4339,1006.44,4388.76,-3494.8,3,3,True,"[501.66, 329.4, 62.9]",0.7333,0.7143,1.0,379.31
X01523,momentum_reversion,all,atr_blend,atr_blend,2.0,1.0,24,100,919.5,1.2544,0.7,9.195,567.18,4533.7,-3614.2,3,3,True,"[12.84, 53.58, 853.08]",0.617,0.5833,0.75,229.51
X01580,momentum_reversion,all,atr_blend,atr_blend,2.0,1.0,48,100,919.5,1.2544,0.7,9.195,567.18,4533.7,-3614.2,3,3,True,"[12.84, 53.58, 853.08]",0.617,0.5833,0.75,229.51
X01847,momentum_reversion,short_only,atr,atr,1.5,2.0,6,47,409.72,1.2496,0.5532,8.7174,481.2,2051.26,-1641.54,3,3,True,"[123.66, 31.66, 254.4]",0.5185,0.8182,1.0,149.71
X01503,momentum_reversion,all,atr,atr,1.5,1.0,24,112,839.62,1.2481,0.6339,7.4966,581.64,4224.46,-3384.84,3,3,True,"[117.38, 103.12, 619.12]",0.6383,0.75,1.0,176.94
X01560,momentum_reversion,all,atr,atr,1.5,1.0,48,112,839.62,1.2481,0.6339,7.4966,581.64,4224.46,-3384.84,3,3,True,"[117.38, 103.12, 619.12]",0.6383,0.75,1.0,176.94
X00283,emapmo,long_only,range15_pct,range15_pct,1.25,1.0,6,49,865.24,1.2477,0.5918,17.658,1224.92,4358.54,-3493.3,3,3,True,"[274.92, 270.16, 320.16]",0.6,0.7143,0.6667,441.62
X00254,emapmo,long_only,atr,atr,2.0,1.5,6,47,792.22,1.2476,0.5957,16.8557,1239.16,3992.28,-3200.06,3,3,True,"[43.66, 484.66, 263.9]",0.6667,0.7143,0.6667,460.63
X00303,emapmo,long_only,atr,atr,1.0,1.5,12,55,943.3,1.2464,0.4364,17.1509,869.68,4771.74,-3828.44,3,3,True,"[398.94, 506.68, 37.68]",0.6429,0.7143,1.0,412.53
X01846,momentum_reversion,short_only,atr,atr,1.5,1.5,6,47,402.72,1.2453,0.5532,8.5685,517.28,2044.26,-1641.54,3,3,True,"[141.16, 115.16, 146.4]",0.5556,0.7273,1.0,147.97
X01878,momentum_reversion,short_only,range15_pct,range15_pct,1.0,2.0,6,47,396.22,1.2443,0.5532,8.4302,465.7,2018.26,-1622.04,3,3,True,"[63.16, 55.16, 277.9]",0.5556,0.7273,0.75,158.95
X00218,emapmo,all,atr_blend,atr_blend,2.5,2.0,48,108,1897.08,1.2404,0.5833,17.5656,1552.68,9789.88,-7892.8,3,3,True,"[456.86, 855.86, 584.36]",0.5526,0.6667,1.0,448.03
X00340,emapmo,long_only,range15_pct,range15_pct,1.25,1.0,12,38,780.38,1.2368,0.5,20.5363,1234.92,4076.44,-3296.06,3,3,True,"[274.38, 413.88, 92.12]",0.5714,0.5714,0.6667,505.34
X00220,emapmo,all,range15_pct,range15_pct,0.75,1.0,48,172,1968.72,1.2258,0.4419,11.446,1081.36,10689.26,-8720.54,3,3,True,"[216.08, 1258.32, 494.32]",0.5128,0.5833,0.5,334.02
X00244,emapmo,long_only,fixed,fixed,80.0,120.0,6,53,749.78,1.222,0.5094,14.1468,909.68,4127.02,-3377.24,3,3,True,"[191.68, 315.18, 242.92]",0.6667,0.8571,1.0,285.83
X01857,momentum_reversion,short_only,atr_blend,atr_blend,1.0,1.0,6,49,328.74,1.2212,0.5102,6.709,510.18,1815.0,-1486.26,3,3,True,"[156.42, 97.66, 74.66]",0.5556,0.7273,0.75,160.31
X01873,momentum_reversion,short_only,range15_pct,range15_pct,0.75,1.0,6,48,376.98,1.2188,0.5417,7.8537,577.4,2099.76,-1722.78,3,3,True,"[94.66, 193.16, 89.16]",0.5556,0.7273,0.75,162.62
X01446,momentum_reversion,all,atr,atr,1.5,1.0,12,112,729.62,1.2172,0.625,6.5145,581.64,4088.2,-3358.58,3,3,True,"[95.88, 14.62, 619.12]",0.6383,0.5833,1.0,183.46
X00157,emapmo,all,atr_blend,atr_blend,2.0,2.0,24,126,1824.26,1.2164,0.5397,14.4783,1596.96,10255.68,-8431.42,3,3,True,"[792.92, 334.92, 696.42]",0.5385,0.75,1.0,390.48
X01435,momentum_reversion,all,fixed,fixed,60.0,30.0,12,108,712.08,1.2155,0.6574,6.5933,613.64,4015.96,-3303.88,3,3,True,"[132.86, 263.86, 315.36]",0.5745,0.6667,1.0,221.77
X00214,emapmo,all,atr_blend,atr_blend,2.0,2.0,48,123,1942.48,1.2143,0.5285,15.7925,1696.96,11006.9,-9064.42,3,3,True,"[814.66, 513.16, 614.66]",0.5,0.75,1.0,429.48
X00207,emapmo,all,atr_blend,atr_blend,1.0,4.0,48,132,1724.82,1.2112,0.2576,13.0668,1346.18,9890.84,-8166.02,3,3,True,"[657.44, 276.94, 790.44]",0.4211,0.5833,1.0,310.36
X00216,emapmo,all,atr_blend,atr_blend,2.5,1.0,48,163,1607.38,1.2086,0.7423,9.8612,1499.12,9311.96,-7704.58,3,3,True,"[889.3, 363.54, 354.54]",0.641,0.6667,0.75,390.53
X00219,emapmo,all,atr_blend,atr_blend,2.5,4.0,48,83,1561.08,1.2064,0.4578,18.8082,1647.18,9122.88,-7561.8,3,3,True,"[667.28, 459.28, 434.52]",0.4595,0.6667,1.0,363.48
X01836,momentum_reversion,short_only,fixed,fixed,60.0,120.0,6,47,356.72,1.2052,0.5319,7.5898,551.94,2095.5,-1738.78,3,3,True,"[121.66, 40.16, 194.9]",0.5926,0.7273,0.75,168.83
X00257,emapmo,long_only,atr,atr,2.5,1.0,6,53,616.78,1.1987,0.6226,11.6374,1220.94,3721.58,-3104.8,3,3,True,"[315.18, 280.18, 21.42]",0.7333,0.7143,0.6667,550.43
X00270,emapmo,long_only,atr_blend,atr_blend,2.0,1.5,6,48,649.98,1.1945,0.5833,13.5412,1196.66,3992.28,-3342.3,3,3,True,"[94.16, 191.66, 364.16]",0.6667,0.7143,0.6667,437.99
X00161,emapmo,all,atr_blend,atr_blend,2.5,2.0,24,114,1474.14,1.1935,0.5439,12.9311,1542.42,9092.12,-7617.98,3,3,True,"[457.88, 760.38, 255.88]",0.5641,0.75,1.0,403.11
X01515,momentum_reversion,all,atr_blend,atr_blend,1.0,1.0,24,116,637.16,1.1895,0.5345,5.4928,688.62,3999.62,-3362.46,3,3,True,"[98.14, 27.64, 511.38]",0.5532,0.5833,1.0,243.2
X01572,momentum_reversion,all,atr_blend,atr_blend,1.0,1.0,48,116,637.16,1.1895,0.5345,5.4928,688.62,3999.62,-3362.46,3,3,True,"[98.14, 27.64, 511.38]",0.5532,0.5833,1.0,243.2
X00223,emapmo,all,range15_pct,range15_pct,1.0,1.0,48,149,1588.24,1.1792,0.5101,10.6593,1332.78,10451.26,-8863.02,3,3,True,"[394.5, 624.5, 569.24]",0.5263,0.6667,1.0,380.6
X01874,momentum_reversion,short_only,range15_pct,range15_pct,0.75,1.5,6,48,300.48,1.1744,0.5417,6.26,558.02,2023.26,-1722.78,3,3,True,"[77.16, 118.16, 105.16]",0.5556,0.7273,0.75,170.09
X00107,emapmo,all,range15_pct,range15_pct,0.75,1.5,12,151,1280.26,1.1692,0.404,8.4785,1188.06,8847.86,-7567.6,3,3,True,"[617.76, 282.5, 380.0]",0.4737,0.8333,0.75,162.63
X01458,momentum_reversion,all,atr_blend,atr_blend,1.0,1.0,12,116,563.66,1.1676,0.5345,4.8591,688.62,3926.12,-3362.46,3,3,True,"[24.64, 27.64, 511.38]",0.5532,0.5,1.0,243.82
X01547,momentum_reversion,all,fixed,fixed,30.0,120.0,48,112,852.12,1.1656,0.25,7.6082,1053.48,5996.28,-5144.16,3,3,True,"[226.38, 491.62, 134.12]",0.4255,0.3333,0.5,570.14
X00164,emapmo,all,range15_pct,range15_pct,0.75,1.5,24,141,1300.66,1.1644,0.3759,9.2245,1134.26,9211.78,-7911.12,3,3,True,"[311.22, 221.22, 768.22]",0.5,0.6667,1.0,230.84
X00243,emapmo,long_only,fixed,fixed,80.0,60.0,6,63,587.88,1.164,0.5873,9.3314,864.12,4171.62,-3583.74,3,3,True,"[25.96, 271.46, 290.46]",0.6667,0.7143,0.6667,336.75
X01875,momentum_reversion,short_only,range15_pct,range15_pct,0.75,2.0,6,48,271.98,1.1579,0.5417,5.6662,558.02,1994.76,-1722.78,3,3,True,"[48.66, 118.16, 105.16]",0.5556,0.7273,0.75,167.51
X00150,emapmo,all,atr_blend,atr_blend,1.0,4.0,24,133,1199.58,1.1555,0.3083,9.0194,1241.28,8912.16,-7712.58,3,3,True,"[536.7, 232.94, 429.94]",0.4211,0.5,0.75,235.03
X01439,momentum_reversion,all,fixed,fixed,80.0,30.0,12,103,521.28,1.1539,0.6796,5.061,791.16,3908.7,-3387.42,3,3,True,"[217.6, 65.84, 237.84]",0.5957,0.5,0.75,277.71
X00106,emapmo,all,range15_pct,range15_pct,0.75,1.0,12,183,1264.58,1.1537,0.459,6.9103,1183.24,9492.84,-8228.26,3,3,True,"[693.36, 258.86, 312.36]",0.5385,0.75,1.0,261.57
X00226,emapmo,all,range15_pct,range15_pct,1.25,1.0,48,132,1307.82,1.1507,0.553,9.9077,1525.26,9988.48,-8680.66,3,3,True,"[668.44, 170.44, 468.94]",0.5,0.75,0.75,428.48
X00163,emapmo,all,range15_pct,range15_pct,0.75,1.0,24,173,1241.48,1.1453,0.4509,7.1762,1235.28,9785.28,-8543.8,3,3,True,"[136.58, 754.08, 350.82]",0.5385,0.5833,0.5,287.58
X01911,momentum_reversion,short_only,atr,atr,2.5,1.5,12,39,270.14,1.1426,0.5641,6.9267,715.96,2164.72,-1894.58,3,3,True,"[4.38, 136.88, 128.88]",0.4815,0.6364,0.75,168.33
X00103,emapmo,all,atr_blend,atr_blend,2.5,1.5,12,154,1103.04,1.1371,0.5714,7.1626,1205.38,9147.38,-8044.34,3,3,True,"[588.02, 106.26, 408.76]",0.575,0.6667,0.75,317.36
X00136,emapmo,all,atr,atr,1.5,1.5,24,179,1249.54,1.1337,0.5307,6.9807,1263.6,10594.2,-9344.66,3,3,True,"[1085.1, 48.6, 115.84]",0.55,0.6667,0.75,294.51
X00193,emapmo,all,atr,atr,1.5,1.5,48,179,1246.04,1.1321,0.5307,6.9611,1263.6,10680.7,-9434.66,3,3,True,"[1179.1, 48.6, 18.34]",0.5,0.75,0.75,290.55
X00191,emapmo,all,atr,atr,1.0,4.0,48,141,1088.16,1.1301,0.234,7.7174,1362.46,9449.08,-8360.92,3,3,True,"[172.72, 328.72, 586.72]",0.4211,0.5833,0.5,285.33
X00141,emapmo,all,atr,atr,2.0,2.0,24,130,1143.3,1.1253,0.5308,8.7946,1579.98,10269.44,-9126.14,3,3,True,"[829.44, 77.18, 236.68]",0.5641,0.75,1.0,331.17
X01377,momentum_reversion,all,fixed,fixed,60.0,15.0,6,126,290.26,1.1169,0.7698,2.3037,472.76,2772.72,-2482.46,3,3,True,"[244.92, 11.92, 33.42]",0.6383,0.5,0.75,147.14
X00166,emapmo,all,range15_pct,range15_pct,1.0,1.0,24,151,939.76,1.1099,0.5232,6.2236,1654.74,9493.04,-8553.28,3,3,True,"[395.76, 128.5, 415.5]",0.5128,0.5833,1.0,370.95
X00149,emapmo,all,atr_blend,atr_blend,1.0,2.0,24,172,970.72,1.1057,0.3721,5.6437,1313.34,10152.14,-9181.42,3,3,True,"[903.08, 25.82, 41.82]",0.4615,0.6667,1.0,267.31
X00134,emapmo,all,atr,atr,1.0,4.0,24,142,789.92,1.0995,0.2817,5.5628,1287.76,8727.9,-7937.98,3,3,True,"[128.48, 211.72, 449.72]",0.3947,0.5833,0.75,225.59
X00087,emapmo,all,atr,atr,2.5,1.5,12,159,768.34,1.0904,0.5723,4.8323,1376.62,9269.66,-8501.32,3,3,True,"[356.28, 156.28, 255.78]",0.525,0.6667,0.75,302.7
X00049,emapmo,all,range15_pct,range15_pct,0.75,1.0,6,221,681.96,1.0792,0.4615,3.0858,1175.82,9294.02,-8612.06,3,3,True,"[291.74, 139.24, 250.98]",0.45,0.6667,0.75,222.18
X00302,emapmo,long_only,atr,atr,1.0,1.0,12,70,324.2,1.0771,0.5,4.6314,783.36,4530.6,-4206.4,3,3,True,"[155.74, 160.98, 7.48]",0.5,0.5714,0.6667,345.97
X00359,emapmo,long_only,atr,atr,1.0,1.0,24,70,324.2,1.0771,0.5,4.6314,783.36,4530.6,-4206.4,3,3,True,"[155.74, 160.98, 7.48]",0.5,0.5714,0.6667,345.97
X00416,emapmo,long_only,atr,atr,1.0,1.0,48,70,324.2,1.0771,0.5,4.6314,783.36,4530.6,-4206.4,3,3,True,"[155.74, 160.98, 7.48]",0.5,0.5714,0.6667,345.97
X00050,emapmo,all,range15_pct,range15_pct,0.75,1.5,6,194,604.44,1.0767,0.433,3.1157,1377.54,8487.34,-7882.9,3,3,True,"[394.4, 144.9, 65.14]",0.4615,0.5833,0.5,166.26
X00261,emapmo,long_only,atr_blend,atr_blend,1.0,1.0,6,72,268.72,1.0659,0.4861,3.7322,700.9,4344.6,-4075.88,3,3,True,"[130.74, 1.24, 136.74]",0.5333,0.7143,0.6667,257.27
X00086,emapmo,all,atr,atr,2.5,1.0,12,200,522.0,1.0614,0.65,2.61,1559.86,9024.8,-8502.8,3,3,True,"[487.42, 12.42, 22.16]",0.625,0.6667,0.5,362.99
X01787,momentum_reversion,long_only,atr,atr,1.0,4.0,48,64,49.14,1.0204,0.2031,0.7678,551.36,2455.88,-2406.74,3,3,True,"[28.22, 1.96, 18.96]",0.2857,0.4167,0.5,208.89
X00446,emapmo,long_only,atr_blend,atr_blend,2.5,2.0,48,27,2652.52,2.2115,0.7037,98.2415,1173.96,4841.94,-2189.42,3,2,False,"[-135.16, 1591.34, 1196.34]",0.7857,0.8571,1.0,574.59
X00390,emapmo,long_only,atr_blend,atr_blend,2.5,4.0,24,22,2096.22,2.1114,0.5909,95.2827,1173.96,3982.38,-1886.16,3,2,False,"[-107.42, 1333.32, 870.32]",0.7692,0.8571,1.0,487.09
X00447,emapmo,long_only,atr_blend,atr_blend,2.5,4.0,48,21,2209.46,1.9767,0.5714,105.2124,1259.44,4471.62,-2262.16,3,2,False,"[-840.68, 1839.82, 1210.32]",0.6923,0.8571,1.0,542.48
X00385,emapmo,long_only,atr_blend,atr_blend,2.0,2.0,24,33,2676.58,1.9628,0.6364,81.1085,1189.2,5456.46,-2779.88,3,2,False,"[-10.14, 1598.86, 1087.86]",0.8571,0.8571,1.0,584.69
X00373,emapmo,long_only,atr,atr,2.5,2.0,24,29,2252.04,1.9276,0.6552,77.6566,1189.46,4679.94,-2427.9,3,2,False,"[-47.9, 1665.1, 634.84]",0.8571,0.8571,1.0,548.99
X00444,emapmo,long_only,atr_blend,atr_blend,2.5,1.0,48,40,2013.9,1.9099,0.8,50.3475,1173.96,4227.32,-2213.42,3,2,False,"[-125.36, 1089.88, 1049.38]",0.7143,0.8571,1.0,551.19
X01793,momentum_reversion,long_only,atr,atr,2.0,1.5,48,60,1469.6,1.9095,0.6667,24.4933,419.4,3085.4,-1615.8,3,2,False,"[-139.8, 364.7, 1244.7]",0.6286,0.75,0.75,289.54
X00372,emapmo,long_only,atr,atr,2.5,1.5,24,32,2144.32,1.8778,0.6875,67.01,1189.46,4587.22,-2442.9,3,2,False,"[-103.64, 1446.36, 801.6]",0.8571,0.8571,1.0,578.92
X00429,emapmo,long_only,atr,atr,2.5,1.5,48,32,2168.32,1.8481,0.7188,67.76,1189.46,4724.98,-2556.66,3,2,False,"[-103.64, 1237.86, 1034.1]",0.7857,0.8571,1.0,602.45
X00374,emapmo,long_only,atr,atr,2.5,4.0,24,21,1827.46,1.8369,0.5714,87.0219,1189.46,4011.12,-2183.66,3,2,False,"[-663.18, 1922.32, 568.32]",0.7692,0.8571,1.0,517.29
X00431,emapmo,long_only,atr,atr,2.5,4.0,48,21,2036.46,1.7804,0.5238,96.9743,1274.94,4645.86,-2609.4,3,2,False,"[-887.68, 2234.82, 689.32]",0.6923,0.8571,1.0,491.59
X00369,emapmo,long_only,atr,atr,2.0,2.0,24,34,2348.34,1.7713,0.6176,69.0688,1200.7,5392.96,-3044.62,3,2,False,"[-538.38, 2385.86, 500.86]",0.7857,0.7143,0.6667,612.4
X01679,momentum_reversion,long_only,atr,atr,2.0,1.5,12,60,1194.1,1.755,0.65,19.9017,426.4,2775.64,-1581.54,3,2,False,"[-207.8, 297.7, 1104.2]",0.6286,0.75,1.0,277.76
X01736,momentum_reversion,long_only,atr,atr,2.0,1.5,24,60,1268.1,1.7538,0.6333,21.135,534.62,2950.38,-1682.28,3,2,False,"[-341.3, 364.7, 1244.7]",0.6,0.75,0.75,308.83
X00387,emapmo,long_only,atr_blend,atr_blend,2.5,1.0,24,41,1641.66,1.7439,0.7073,40.0405,1173.96,3848.54,-2206.88,3,2,False,"[-125.36, 1010.14, 756.88]",0.7143,0.8571,1.0,492.84
X00426,emapmo,long_only,atr,atr,2.0,2.0,48,34,2329.34,1.729,0.6176,68.51,1200.7,5524.46,-3195.12,3,2,False,"[-426.38, 2235.36, 520.36]",0.7143,0.7143,0.6667,608.88
X00419,emapmo,long_only,atr,atr,1.0,4.0,48,37,2259.62,1.7242,0.3243,61.0708,975.9,5379.62,-3120.0,3,2,False,"[-234.12, 2081.62, 412.12]",0.6154,0.8571,1.0,494.82
X00435,emapmo,long_only,atr_blend,atr_blend,1.0,4.0,48,37,2218.12,1.7219,0.3243,59.9492,959.9,5290.62,-3072.5,3,2,False,"[-192.12, 1932.12, 478.12]",0.6923,0.8571,1.0,466.99
X00365,emapmo,long_only,atr,atr,1.5,2.0,24,37,2061.62,1.6697,0.5135,55.7195,1151.92,5139.94,-3078.32,3,2,False,"[-5.12, 1663.12, 403.62]",0.6429,0.7143,0.6667,655.2
X00449,emapmo,long_only,range15_pct,range15_pct,0.75,1.5,48,40,2139.9,1.6561,0.425,53.4975,832.2,5401.42,-3261.52,3,2,False,"[1662.64, -39.12, 516.38]",0.7143,0.7143,1.0,549.58
X00330,emapmo,long_only,atr_blend,atr_blend,2.5,1.0,12,45,1518.7,1.6495,0.6444,33.7489,1135.7,3857.04,-2338.34,3,2,False,"[-134.1, 1062.4, 590.4]",0.7857,0.7143,0.6667,567.26
X00388,emapmo,long_only,atr_blend,atr_blend,2.5,1.5,24,33,1694.58,1.6459,0.6667,51.3509,1173.96,4318.22,-2623.64,3,2,False,"[-75.14, 1654.86, 114.86]",0.7857,0.8571,1.0,536.97
X00455,emapmo,long_only,range15_pct,range15_pct,1.25,1.5,48,29,1970.54,1.6414,0.5517,67.9497,1161.46,5042.66,-3072.12,3,2,False,"[-386.4, 1944.1, 412.84]",0.7143,0.7143,0.6667,551.42
X00370,emapmo,long_only,atr,atr,2.0,4.0,24,25,1724.0,1.6403,0.52,68.96,1200.7,4416.38,-2692.38,3,2,False,"[-165.66, 1162.08, 727.58]",0.7692,0.8571,1.0,470.91
X00362,emapmo,long_only,atr,atr,1.0,4.0,24,37,1934.12,1.6355,0.3514,52.2735,869.68,4977.38,-3043.26,3,2,False,"[-191.12, 1677.62, 447.62]",0.6154,0.8571,1.0,518.49
X00378,emapmo,long_only,atr_blend,atr_blend,1.0,4.0,24,37,1886.62,1.63,0.3514,50.9897,852.68,4881.38,-2994.76,3,2,False,"[-118.62, 1528.12, 477.12]",0.6923,0.8571,1.0,481.61
X00445,emapmo,long_only,atr_blend,atr_blend,2.5,1.5,48,32,1691.82,1.6295,0.7188,52.8694,1173.96,4379.48,-2687.66,3,2,False,"[-75.14, 1449.36, 317.6]",0.7143,0.8571,1.0,534.91
X00427,emapmo,long_only,atr,atr,2.0,4.0,48,25,1952.0,1.6257,0.48,78.08,1307.68,5071.62,-3119.62,3,2,False,"[-325.66, 1698.58, 579.08]",0.7692,0.8571,1.0,487.98
X00393,emapmo,long_only,range15_pct,range15_pct,0.75,2.0,24,34,1787.84,1.6146,0.3824,52.5835,839.92,4696.88,-2909.04,3,2,False,"[-48.88, 1553.86, 282.86]",0.6429,0.7143,1.0,478.06
X00443,emapmo,long_only,atr_blend,atr_blend,2.0,4.0,48,25,1896.5,1.6145,0.48,75.86,1295.68,4982.62,-3086.12,3,2,False,"[-311.66, 1612.08, 596.08]",0.7692,0.8571,1.0,472.06
X00386,emapmo,long_only,atr_blend,atr_blend,2.0,4.0,24,25,1638.5,1.611,0.52,65.54,1189.2,4320.38,-2681.88,3,2,False,"[-122.66, 1073.08, 688.08]",0.7692,0.8571,1.0,456.59
X01797,momentum_reversion,long_only,atr,atr,2.5,1.5,48,58,1130.58,1.5998,0.6897,19.4928,459.4,3015.4,-1884.82,3,2,False,"[-210.8, 292.44, 1048.94]",0.6571,0.5833,0.75,298.0
X01683,momentum_reversion,long_only,atr,atr,2.5,1.5,12,58,1036.08,1.577,0.6724,17.8634,391.9,2831.64,-1795.56,3,2,False,"[-163.3, 225.44, 973.94]",0.6571,0.5833,1.0,276.94
X00368,emapmo,long_only,atr,atr,2.0,1.5,24,36,1711.86,1.56,0.6389,47.5517,1250.42,4768.48,-3056.62,3,2,False,"[-114.88, 1132.62, 694.12]",0.7857,0.7143,0.6667,535.94
X01869,momentum_reversion,short_only,atr_blend,atr_blend,2.5,1.0,6,45,701.7,1.5563,0.6,15.5933,378.16,1963.02,-1261.32,3,2,False,"[229.4, -141.6, 613.9]",0.6296,0.7273,0.75,151.3
X00428,emapmo,long_only,atr,atr,2.5,1.0,48,41,1500.66,1.556,0.7561,36.6015,1189.46,4199.56,-2698.9,3,2,False,"[-174.36, 799.64, 875.38]",0.6429,0.5714,0.6667,577.46
X00305,emapmo,long_only,atr,atr,1.0,4.0,12,39,1640.14,1.5399,0.359,42.0549,886.92,4678.14,-3038.0,3,2,False,"[-477.12, 1479.38, 637.88]",0.5385,0.7143,1.0,530.34
X00321,emapmo,long_only,atr_blend,atr_blend,1.0,4.0,12,39,1579.14,1.5316,0.359,40.4908,869.92,4549.64,-2970.5,3,2,False,"[-436.12, 1374.88, 640.38]",0.6154,0.7143,1.0,491.67
X01861,momentum_reversion,short_only,atr_blend,atr_blend,1.5,1.0,6,46,686.46,1.5269,0.6087,14.923,354.46,1989.28,-1302.82,3,2,False,"[209.66, -150.6, 627.4]",0.6296,0.7273,0.75,146.79
X01740,momentum_reversion,long_only,atr,atr,2.5,1.5,24,58,1014.58,1.5257,0.6724,17.4928,459.4,2944.64,-1930.06,3,2,False,"[-326.8, 292.44, 1048.94]",0.6286,0.5833,0.75,305.24
X00450,emapmo,long_only,range15_pct,range15_pct,0.75,2.0,48,34,1568.34,1.5178,0.3529,46.1276,1011.92,4597.12,-3028.78,3,2,False,"[-346.88, 1553.86, 361.36]",0.6429,0.8571,1.0,492.16
X01865,momentum_reversion,short_only,atr_blend,atr_blend,2.0,1.0,6,45,666.7,1.5143,0.6,14.8156,391.66,1963.02,-1296.32,3,2,False,"[229.4, -155.1, 592.4]",0.6296,0.7273,0.75,155.84
X01747,momentum_reversion,long_only,atr_blend,atr_blend,1.5,1.0,24,62,754.12,1.5082,0.6774,12.1632,297.2,2237.92,-1483.8,3,2,False,"[-72.04, 140.96, 685.2]",0.7143,0.6667,0.75,139.23
X01804,momentum_reversion,long_only,atr_blend,atr_blend,1.5,1.0,48,62,754.12,1.5082,0.6774,12.1632,297.2,2237.92,-1483.8,3,2,False,"[-72.04, 140.96, 685.2]",0.7143,0.6667,0.75,139.23
X00313,emapmo,long_only,atr,atr,2.0,4.0,12,29,1508.04,1.5073,0.4828,52.0014,1394.92,4480.64,-2972.6,3,2,False,"[-1020.9, 1806.1, 722.84]",0.6923,0.7143,1.0,549.32
X01512,momentum_reversion,all,atr,atr,2.5,1.5,24,97,1880.72,1.4949,0.6598,19.3889,719.92,5680.64,-3799.92,3,2,False,"[-45.42, 408.32, 1517.82]",0.6383,0.6667,0.75,393.9
X00371,emapmo,long_only,atr,atr,2.5,1.0,24,41,1296.66,1.4945,0.7073,31.6259,1189.46,3919.04,-2622.38,3,2,False,"[-174.36, 1008.14, 462.88]",0.6429,0.7143,0.6667,522.67
X00425,emapmo,long_only,atr,atr,2.0,1.5,48,36,1561.36,1.4868,0.6389,43.3711,1250.42,4768.48,-3207.12,3,2,False,"[-114.88, 982.12, 694.12]",0.7143,0.7143,0.6667,534.17
X01622,momentum_reversion,long_only,atr,atr,2.0,1.5,6,60,786.1,1.4846,0.5833,13.1017,562.08,2408.1,-1622.0,3,2,False,"[-193.8, 34.7, 945.2]",0.6,0.6667,0.75,258.39
X01690,momentum_reversion,long_only,atr_blend,atr_blend,1.5,1.0,12,62,719.12,1.4846,0.6774,11.5987,297.2,2202.92,-1483.8,3,2,False,"[-107.04, 140.96, 685.2]",0.7143,0.6667,0.75,140.14
X00260,emapmo,long_only,atr,atr,2.5,4.0,6,43,1270.18,1.4837,0.5581,29.5391,1133.2,3896.24,-2626.06,3,2,False,"[630.4, -10.36, 650.14]",0.6,0.7143,0.6667,558.19
X00392,emapmo,long_only,range15_pct,range15_pct,0.75,1.5,24,40,1555.9,1.477,0.425,38.8975,832.2,4817.42,-3261.52,3,2,False,"[1044.14, -169.12, 680.88]",0.7143,0.8571,1.0,337.85
X01508,momentum_reversion,all,atr,atr,2.0,1.5,24,100,1834.0,1.4761,0.63,18.34,643.26,5686.38,-3852.38,3,2,False,"[-217.66, 714.58, 1337.08]",0.6383,0.75,0.75,300.55
X01789,momentum_reversion,long_only,atr,atr,1.5,1.5,48,64,875.14,1.4751,0.5469,13.6741,397.38,2717.1,-1841.96,3,2,False,"[-86.78, 176.46, 785.46]",0.6286,0.6667,1.0,215.63
X01853,momentum_reversion,short_only,atr,atr,2.5,1.0,6,45,600.7,1.4738,0.6,13.3489,385.66,1868.52,-1267.82,3,2,False,"[192.9, -166.1, 573.9]",0.6296,0.7273,0.75,151.08
X01675,momentum_reversion,long_only,atr,atr,1.5,1.5,12,64,853.64,1.4736,0.5469,13.3381,357.88,2656.1,-1802.46,3,2,False,"[-108.28, 176.46, 785.46]",0.6286,0.6667,1.0,217.63
X01968,momentum_reversion,short_only,atr,atr,2.5,1.5,24,39,866.14,1.4632,0.641,22.2087,735.96,2736.0,-1869.86,3,2,False,"[-8.62, 405.88, 468.88]",0.6296,0.6364,0.75,226.01
X00307,emapmo,long_only,atr,atr,1.5,1.5,12,42,1399.42,1.4628,0.5476,33.3195,938.66,4423.48,-3024.06,3,2,False,"[142.64, 1320.64, -63.86]",0.7143,0.7143,0.6667,455.97
X01694,momentum_reversion,long_only,atr_blend,atr_blend,2.0,1.0,12,60,717.1,1.4617,0.7167,11.9517,360.7,2270.18,-1553.08,3,2,False,"[-114.8, 129.7, 702.2]",0.6571,0.5833,0.75,212.3
X00314,emapmo,long_only,atr,atr,2.5,1.0,12,44,1192.94,1.4611,0.6364,27.1123,1162.7,3780.28,-2587.34,3,2,False,"[-158.1, 1021.9, 329.14]",0.7143,0.7143,0.6667,567.71
X00329,emapmo,long_only,atr_blend,atr_blend,2.0,4.0,12,29,1371.54,1.4602,0.4828,47.2945,1335.42,4352.14,-2980.6,3,2,False,"[-961.4, 1685.6, 647.34]",0.6154,0.7143,1.0,525.41
X01735,momentum_reversion,long_only,atr,atr,2.0,1.0,24,64,703.14,1.4598,0.7188,10.9866,341.16,2232.46,-1529.32,3,2,False,"[-118.78, 138.96, 682.96]",0.6571,0.75,0.75,196.92
X01792,momentum_reversion,long_only,atr,atr,2.0,1.0,48,64,703.14,1.4598,0.7188,10.9866,341.16,2232.46,-1529.32,3,2,False,"[-118.78, 138.96, 682.96]",0.6571,0.75,0.75,196.92
X01849,momentum_reversion,short_only,atr,atr,2.0,1.0,6,45,585.2,1.456,0.6,13.0044,365.96,1868.52,-1283.32,3,2,False,"[149.9, -138.6, 573.9]",0.6296,0.6364,0.75,149.89
X01451,momentum_reversion,all,atr,atr,2.0,1.5,12,100,1537.0,1.4519,0.6,15.37,728.76,4938.1,-3401.1,3,2,False,"[-164.16, 358.08, 1343.08]",0.6596,0.6667,1.0,326.0
X00308,emapmo,long_only,atr,atr,1.5,2.0,12,39,1482.64,1.4487,0.4615,38.0164,1169.16,4787.18,-3304.54,3,2,False,"[-95.12, 1291.88, 285.88]",0.5714,0.5714,0.6667,570.36
X01626,momentum_reversion,long_only,atr,atr,2.5,1.5,6,58,761.58,1.4467,0.6207,13.1307,440.84,2466.36,-1704.78,3,1,False,"[-91.3, -16.56, 869.44]",0.6286,0.5,1.0,252.99
X01751,momentum_reversion,long_only,atr_blend,atr_blend,2.0,1.0,24,60,710.6,1.4456,0.7167,11.8433,360.7,2305.18,-1594.58,3,2,False,"[-156.3, 164.7, 702.2]",0.6571,0.5833,0.75,212.33
X01808,momentum_reversion,long_only,atr_blend,atr_blend,2.0,1.0,48,60,710.6,1.4456,0.7167,11.8433,360.7,2305.18,-1594.58,3,2,False,"[-156.3, 164.7, 702.2]",0.6571,0.5833,0.75,212.33
X01409,momentum_reversion,all,atr_blend,atr_blend,2.0,1.0,6,105,1262.3,1.4399,0.6476,12.0219,536.1,4131.68,-2869.38,3,2,False,"[205.6, -112.9, 1169.6]",0.5957,0.6667,1.0,317.37
X01466,momentum_reversion,all,atr_blend,atr_blend,2.0,1.0,12,101,1313.76,1.4362,0.6733,13.0075,679.92,4325.68,-3011.92,3,2,False,"[134.84, -52.66, 1231.58]",0.6383,0.5833,1.0,378.6
X01678,momentum_reversion,long_only,atr,atr,2.0,1.0,12,64,666.14,1.4356,0.7188,10.4084,341.16,2195.46,-1529.32,3,2,False,"[-155.78, 138.96, 682.96]",0.6571,0.75,0.75,199.39
X01413,momentum_reversion,all,atr_blend,atr_blend,2.5,1.0,6,104,1239.04,1.4283,0.6538,11.9138,455.86,4131.68,-2892.64,3,2,False,"[141.1, -97.4, 1195.34]",0.617,0.6667,1.0,316.09
X00384,emapmo,long_only,atr_blend,atr_blend,2.0,1.5,24,38,1410.88,1.4218,0.6316,37.1284,1206.92,4755.74,-3344.86,3,2,False,"[-521.62, 1431.88, 500.62]",0.7857,0.8571,1.0,466.91
X01809,momentum_reversion,long_only,atr_blend,atr_blend,2.0,1.5,48,58,886.08,1.4211,0.6207,15.2772,493.42,2990.36,-2104.28,3,2,False,"[-109.3, 235.94, 759.44]",0.6,0.5,0.5,317.4
X01394,momentum_reversion,all,atr,atr,2.0,1.5,6,105,1294.8,1.4132,0.5714,12.3314,685.24,4428.6,-3133.8,3,2,False,"[-138.9, 139.1, 1294.6]",0.6383,0.5833,1.0,289.86
X00453,emapmo,long_only,range15_pct,range15_pct,1.0,2.0,48,29,1335.04,1.4093,0.4138,46.0359,1203.68,4597.12,-3262.08,3,2,False,"[-269.4, 1289.1, 315.34]",0.6429,0.8571,1.0,492.97
X01732,momentum_reversion,long_only,atr,atr,1.5,1.5,24,64,759.14,1.4023,0.5312,11.8616,443.3,2646.34,-1887.2,3,2,False,"[-202.78, 176.46, 785.46]",0.6,0.6667,1.0,224.75
X01393,momentum_reversion,all,atr,atr,2.0,1.0,6,109,1117.84,1.4008,0.6422,10.2554,494.6,3906.7,-2788.86,3,1,False,"[-55.38, -37.14, 1210.36]",0.617,0.6667,0.75,309.86
X01397,momentum_reversion,all,atr,atr,2.5,1.0,6,109,1146.84,1.3975,0.6697,10.5215,578.6,4031.98,-2885.14,3,2,False,"[8.12, -53.64, 1192.36]",0.617,0.5,1.0,311.38
X01569,momentum_reversion,all,atr,atr,2.5,1.5,48,96,1599.46,1.3958,0.6667,16.661,719.92,5640.14,-4040.68,3,2,False,"[-11.68, 360.82, 1250.32]",0.6383,0.6667,0.75,306.71
X00312,emapmo,long_only,atr,atr,2.0,2.0,12,37,1340.62,1.389,0.4865,36.233,1445.16,4787.18,-3446.56,3,2,False,"[-371.12, 1275.12, 436.62]",0.6429,0.7143,1.0,587.63
X01637,momentum_reversion,long_only,atr_blend,atr_blend,2.0,1.0,6,60,595.6,1.3786,0.6833,9.9267,360.7,2168.66,-1573.06,3,1,False,"[-94.3, -12.3, 702.2]",0.6286,0.5,1.0,212.28
X01618,momentum_reversion,long_only,atr,atr,1.5,1.5,6,64,660.14,1.373,0.5312,10.3147,482.8,2429.84,-1769.7,3,2,False,"[-111.78, 52.46, 719.46]",0.6,0.5833,1.0,198.0
X01702,momentum_reversion,long_only,range15_pct,range15_pct,0.75,1.0,12,60,761.6,1.3715,0.4833,12.6933,469.18,2811.54,-2049.94,3,2,False,"[-292.3, 156.2, 897.7]",0.4857,0.5,0.5,317.52
X00439,emapmo,long_only,atr_blend,atr_blend,1.5,4.0,48,30,1263.3,1.364,0.4,42.11,1173.92,4734.12,-3470.82,3,1,False,"[-189.9, 1564.6, -111.4]",0.6154,0.7143,0.6667,521.47
X00441,emapmo,long_only,atr_blend,atr_blend,2.0,1.5,48,38,1262.88,1.3616,0.6316,33.2337,1206.92,4755.74,-3492.86,3,2,False,"[-521.62, 1283.88, 500.62]",0.7143,0.8571,1.0,462.04
X00398,emapmo,long_only,range15_pct,range15_pct,1.25,1.5,24,29,1071.04,1.3611,0.5172,36.9324,1161.46,4037.4,-2966.36,3,2,False,"[-379.4, 1277.1, 173.34]",0.7857,0.7143,0.6667,402.39
X01752,momentum_reversion,long_only,atr_blend,atr_blend,2.0,1.5,24,58,773.08,1.3597,0.6034,13.329,493.42,2922.6,-2149.52,3,2,False,"[-222.3, 235.94, 759.44]",0.5714,0.5,0.5,322.02
X01504,momentum_reversion,all,atr,atr,1.5,1.5,24,107,1400.32,1.3594,0.5421,13.0871,624.64,5296.08,-3895.76,3,2,False,"[-34.64, 374.86, 1060.1]",0.5745,0.75,1.0,217.01
X01855,momentum_reversion,short_only,atr,atr,2.5,2.0,6,45,531.2,1.355,0.5556,11.8044,388.3,2027.5,-1496.3,3,2,False,"[116.9, -18.6, 432.9]",0.5556,0.7273,1.0,136.6
X01621,momentum_reversion,long_only,atr,atr,2.0,1.0,6,64,532.64,1.3538,0.6719,8.3225,415.82,2038.18,-1505.54,3,2,False,"[-174.78, 110.96, 596.46]",0.6571,0.6667,1.0,206.04
X00320,emapmo,long_only,atr_blend,atr_blend,1.0,2.0,12,50,1299.0,1.3486,0.36,25.98,1016.88,5025.68,-3726.68,3,2,False,"[-89.08, 940.92, 447.16]",0.5,0.7143,1.0,511.95
X00263,emapmo,long_only,atr_blend,atr_blend,1.0,2.0,6,55,1127.3,1.3466,0.4182,20.4964,787.42,4379.98,-3252.68,3,2,False,"[471.44, -73.32, 729.18]",0.6,0.7143,1.0,403.43
X01984,momentum_reversion,short_only,atr_blend,atr_blend,2.5,1.5,24,38,701.38,1.3425,0.6316,18.4574,670.22,2749.24,-2047.86,3,2,False,"[-304.12, 389.88, 615.62]",0.5926,0.5455,0.75,242.51
X00381,emapmo,long_only,atr_blend,atr_blend,1.5,2.0,24,38,1270.88,1.3411,0.4737,33.4442,1343.16,4997.18,-3726.3,3,1,False,"[-703.12, 2017.38, -43.38]",0.6429,0.7143,0.6667,702.82
X01671,momentum_reversion,long_only,atr,atr,1.0,1.5,12,67,570.42,1.3409,0.4478,8.5137,386.28,2243.8,-1673.38,3,2,False,"[-206.02, 36.72, 739.72]",0.5143,0.5,0.75,172.08
X00438,emapmo,long_only,atr_blend,atr_blend,1.5,2.0,48,38,1296.88,1.3397,0.4737,34.1284,1343.16,5114.18,-3817.3,3,1,False,"[-586.12, 1926.38, -43.38]",0.5714,0.7143,0.6667,698.41
X01759,momentum_reversion,long_only,range15_pct,range15_pct,0.75,1.0,24,59,774.34,1.3393,0.4407,13.1244,525.82,3056.26,-2281.92,3,2,False,"[-457.8, 99.2, 1132.94]",0.4286,0.3333,0.5,426.85
X01880,momentum_reversion,short_only,range15_pct,range15_pct,1.25,1.5,6,46,522.96,1.3383,0.5652,11.3687,375.04,2068.76,-1545.8,3,2,False,"[116.66, -34.6, 440.9]",0.5556,0.7273,0.75,141.47
X01625,momentum_reversion,long_only,atr,atr,2.5,1.0,6,64,546.14,1.3377,0.7188,8.5334,388.7,2163.46,-1617.32,3,2,False,"[-130.28, 57.96, 618.46]",0.6571,0.5833,0.75,209.77
X00456,emapmo,long_only,range15_pct,range15_pct,1.25,2.0,48,26,1097.76,1.3374,0.4615,42.2215,1293.44,4351.12,-3253.36,3,2,False,"[-359.16, 1217.84, 239.08]",0.6429,0.7143,0.6667,500.65
X00382,emapmo,long_only,atr_blend,atr_blend,1.5,4.0,24,30,1095.3,1.3357,0.4333,36.51,1105.94,4357.88,-3262.58,3,2,False,"[-39.4, 968.6, 166.1]",0.6154,0.7143,0.6667,447.77
X01845,momentum_reversion,short_only,atr,atr,1.5,1.0,6,47,472.22,1.3325,0.5957,10.0472,481.2,1892.28,-1420.06,3,2,False,"[156.66, -85.34, 400.9]",0.5926,0.7273,0.75,157.5
X01641,momentum_reversion,long_only,atr_blend,atr_blend,2.5,1.0,6,59,537.34,1.3294,0.6949,9.1075,434.7,2168.66,-1631.32,3,2,False,"[-158.8, 114.7, 581.44]",0.6571,0.5833,0.75,212.09
X01698,momentum_reversion,long_only,atr_blend,atr_blend,2.5,1.0,12,59,561.34,1.3285,0.7288,9.5142,394.9,2270.18,-1708.84,3,2,False,"[-258.3, 161.7, 657.94]",0.6571,0.5833,0.75,214.69
X00311,emapmo,long_only,atr,atr,2.0,1.5,12,39,1044.14,1.321,0.5641,26.7728,1342.42,4296.72,-3252.58,3,2,False,"[-686.12, 1643.38, 86.88]",0.7143,0.7143,0.6667,485.54
X01956,momentum_reversion,short_only,atr,atr,1.0,1.5,24,47,574.72,1.3209,0.4681,12.2281,519.68,2365.72,-1791.0,3,2,False,"[208.66, 531.16, -165.1]",0.5556,0.7273,0.75,127.42
X02013,momentum_reversion,short_only,atr,atr,1.0,1.5,48,47,574.72,1.3209,0.4681,12.2281,519.68,2365.72,-1791.0,3,2,False,"[208.66, 531.16, -165.1]",0.5556,0.7273,0.75,127.42
X00328,emapmo,long_only,atr_blend,atr_blend,2.0,2.0,12,36,1078.86,1.3206,0.4722,29.9683,1400.66,4443.92,-3365.06,3,2,False,"[-876.88, 1870.12, 85.62]",0.5,0.5714,0.6667,571.73
X01881,momentum_reversion,short_only,range15_pct,range15_pct,1.25,2.0,6,46,494.46,1.3199,0.5652,10.7491,375.04,2040.26,-1545.8,3,2,False,"[88.16, -34.6, 440.9]",0.5556,0.7273,0.75,138.89
X01960,momentum_reversion,short_only,atr,atr,1.5,1.5,24,43,641.18,1.3192,0.5581,14.9112,682.42,2649.74,-2008.56,3,2,False,"[-47.1, 413.64, 274.64]",0.5556,0.7273,1.0,176.82
X02017,momentum_reversion,short_only,atr,atr,1.5,1.5,48,43,641.18,1.3192,0.5581,14.9112,682.42,2649.74,-2008.56,3,2,False,"[-47.1, 413.64, 274.64]",0.5556,0.7273,1.0,176.82
X01390,momentum_reversion,all,atr,atr,1.5,1.5,6,111,1062.86,1.3116,0.5405,9.5753,626.96,4474.1,-3411.24,3,2,False,"[-43.88, 153.12, 953.62]",0.617,0.5833,1.0,236.78
X01743,momentum_reversion,long_only,atr_blend,atr_blend,1.0,1.0,24,68,477.68,1.3113,0.5588,7.0247,263.22,2012.38,-1534.7,3,2,False,"[-228.52, 109.48, 596.72]",0.6286,0.6667,0.75,150.58
X01800,momentum_reversion,long_only,atr_blend,atr_blend,1.0,1.0,48,68,477.68,1.3113,0.5588,7.0247,263.22,2012.38,-1534.7,3,2,False,"[-228.52, 109.48, 596.72]",0.6286,0.6667,0.75,150.58
X01500,momentum_reversion,all,atr,atr,1.0,1.5,24,114,1086.14,1.3091,0.4474,9.5275,519.62,4599.76,-3513.62,3,2,False,"[-8.12, 305.88, 788.38]",0.5532,0.6667,1.0,192.08
X01557,momentum_reversion,all,atr,atr,1.0,1.5,48,114,1086.14,1.3091,0.4474,9.5275,519.62,4599.76,-3513.62,3,2,False,"[-8.12, 305.88, 788.38]",0.5532,0.6667,1.0,192.08
X01837,momentum_reversion,short_only,fixed,fixed,80.0,15.0,6,58,311.08,1.3074,0.7931,5.3634,496.18,1322.96,-1011.88,3,2,False,"[326.7, 135.44, -151.06]",0.6667,0.6364,0.75,111.71
X00336,emapmo,long_only,range15_pct,range15_pct,0.75,2.0,12,36,877.86,1.3066,0.3611,24.385,851.66,3740.88,-2863.02,3,2,False,"[-534.38, 717.12, 695.12]",0.5,0.7143,1.0,361.55
X00327,emapmo,long_only,atr_blend,atr_blend,2.0,1.5,12,41,1052.66,1.3063,0.561,25.6746,1293.92,4488.98,-3436.32,3,2,False,"[-245.86, 1274.14, 24.38]",0.6429,0.5714,0.6667,508.24
X01470,momentum_reversion,all,atr_blend,atr_blend,2.5,1.0,12,100,1023.5,1.3053,0.69,10.235,732.7,4376.44,-3352.94,3,1,False,"[-2.66, -87.42, 1113.58]",0.6383,0.5,1.0,393.29
X00240,emapmo,long_only,fixed,fixed,60.0,120.0,6,58,1009.58,1.3031,0.4655,17.4066,1018.6,4340.02,-3330.44,3,2,False,"[-450.8, 893.44, 566.94]",0.8,0.8571,1.0,304.11
X01443,momentum_reversion,all,atr,atr,1.0,1.5,12,114,1039.14,1.2999,0.4561,9.1153,519.62,4503.52,-3464.38,3,2,False,"[-23.62, 286.38, 776.38]",0.5745,0.6667,1.0,192.67
X00418,emapmo,long_only,atr,atr,1.0,2.0,48,51,1165.76,1.2998,0.3725,22.858,937.9,5053.94,-3888.18,3,2,False,"[152.42, 1094.42, -81.08]",0.4286,0.5714,0.6667,550.45
X01748,momentum_reversion,long_only,atr_blend,atr_blend,1.5,1.5,24,62,609.62,1.298,0.5161,9.8326,437.76,2655.32,-2045.7,3,2,False,"[-200.04, 98.46, 711.2]",0.5714,0.5,0.5,240.26
X01910,momentum_reversion,short_only,atr,atr,2.5,1.0,12,41,463.16,1.2977,0.6341,11.2966,715.96,2018.76,-1555.6,3,2,False,"[-12.86, 128.64, 347.38]",0.5926,0.7273,0.75,220.27
X01728,momentum_reversion,long_only,atr,atr,1.0,1.5,24,67,511.42,1.2969,0.4328,7.6331,445.28,2234.04,-1722.62,3,1,False,"[-206.02, -22.28, 739.72]",0.4857,0.5,0.5,177.64
X01785,momentum_reversion,long_only,atr,atr,1.0,1.5,48,67,511.42,1.2969,0.4328,7.6331,445.28,2234.04,-1722.62,3,1,False,"[-206.02, -22.28, 739.72]",0.4857,0.5,0.5,177.64
X01760,momentum_reversion,long_only,range15_pct,range15_pct,0.75,1.5,24,58,748.58,1.2952,0.3448,12.9066,584.4,3284.2,-2535.62,3,2,False,"[-387.8, 15.44, 1120.94]",0.3429,0.3333,0.75,506.4
X01731,momentum_reversion,long_only,atr,atr,1.5,1.0,24,68,475.68,1.293,0.6471,6.9953,337.2,2098.94,-1623.26,3,2,False,"[-102.52, 26.48, 551.72]",0.6571,0.5833,0.75,143.56
X01788,momentum_reversion,long_only,atr,atr,1.5,1.0,48,68,475.68,1.293,0.6471,6.9953,337.2,2098.94,-1623.26,3,2,False,"[-102.52, 26.48, 551.72]",0.6571,0.5833,0.75,143.56
X01695,momentum_reversion,long_only,atr_blend,atr_blend,2.0,1.5,12,58,589.08,1.2923,0.5862,10.1566,448.42,2604.34,-2015.26,3,2,False,"[-72.3, 135.94, 525.44]",0.5714,0.4167,0.75,244.16
X01691,momentum_reversion,long_only,atr_blend,atr_blend,1.5,1.5,12,62,563.12,1.2899,0.5484,9.0826,346.64,2505.34,-1942.22,3,2,False,"[-80.54, 66.96, 576.7]",0.5714,0.5,0.75,180.67
X01629,momentum_reversion,long_only,atr_blend,atr_blend,1.0,1.0,6,68,444.68,1.2898,0.5588,6.5394,267.54,1979.38,-1534.7,3,2,False,"[-228.52, 76.48, 596.72]",0.6286,0.5833,0.75,151.44
X01686,momentum_reversion,long_only,atr_blend,atr_blend,1.0,1.0,12,68,442.68,1.2884,0.5588,6.51,269.54,1977.38,-1534.7,3,2,False,"[-228.52, 74.48, 596.72]",0.6286,0.5833,0.75,151.51
X00319,emapmo,long_only,atr_blend,atr_blend,1.0,1.5,12,51,967.26,1.2844,0.4314,18.9659,852.68,4367.72,-3400.46,3,2,False,"[226.92, 876.92, -136.58]",0.5714,0.5714,0.6667,448.53
X01389,momentum_reversion,all,atr,atr,1.5,1.0,6,115,863.9,1.284,0.6174,7.5122,622.14,3905.46,-3041.56,3,2,False,"[-45.36, 106.38, 802.88]",0.5957,0.5833,1.0,244.63
X00376,emapmo,long_only,atr_blend,atr_blend,1.0,1.5,24,51,983.76,1.2834,0.4314,19.2894,852.68,4454.72,-3470.96,3,2,False,"[313.92, 844.42, -174.58]",0.5714,0.5714,0.6667,434.98
X00433,emapmo,long_only,atr_blend,atr_blend,1.0,1.5,48,51,983.76,1.2834,0.4314,19.2894,852.68,4454.72,-3470.96,3,2,False,"[313.92, 844.42, -174.58]",0.5714,0.5714,0.6667,434.98
X01663,momentum_reversion,long_only,fixed,fixed,60.0,30.0,12,58,470.08,1.2822,0.6724,8.1048,353.68,2135.64,-1665.56,3,2,False,"[-259.8, 153.44, 576.44]",0.6,0.6667,0.75,165.38
X01794,momentum_reversion,long_only,atr,atr,2.0,2.0,48,57,645.82,1.28,0.5088,11.3302,555.08,2952.04,-2306.22,3,2,False,"[-435.56, 137.94, 943.44]",0.4857,0.5,0.5,369.63
X01581,momentum_reversion,all,atr_blend,atr_blend,2.0,1.5,48,97,1253.22,1.2793,0.6186,12.9198,583.72,5739.6,-4486.38,3,2,False,"[-231.42, 381.82, 1102.82]",0.617,0.5833,0.5,311.98
X00325,emapmo,long_only,atr_blend,atr_blend,1.5,4.0,12,32,863.82,1.2771,0.4062,26.9944,1144.66,3981.38,-3117.56,3,2,False,"[-770.64, 1626.36, 8.1]",0.5385,0.5714,0.6667,532.9
X01606,momentum_reversion,long_only,fixed,fixed,60.0,30.0,6,59,424.84,1.2732,0.6441,7.2007,398.62,1979.88,-1555.04,3,2,False,"[-155.3, 148.2, 431.94]",0.6286,0.5,1.0,163.39
X01903,momentum_reversion,short_only,atr,atr,1.5,1.5,12,43,498.68,1.2725,0.5116,11.5972,544.7,2328.72,-1830.04,3,2,False,"[-92.6, 291.14, 300.14]",0.4815,0.7273,0.75,161.42
X01531,momentum_reversion,all,range15_pct,range15_pct,0.75,1.0,24,100,1224.5,1.2724,0.46,12.245,726.18,5719.46,-4494.96,3,2,False,"[-370.16, 966.58, 628.08]",0.4894,0.4167,0.5,498.64
X01524,momentum_reversion,all,atr_blend,atr_blend,2.0,1.5,24,97,1212.72,1.272,0.6082,12.5023,526.24,5671.84,-4459.12,3,2,False,"[-271.92, 381.82, 1102.82]",0.5957,0.5,0.5,310.25
X02009,momentum_reversion,short_only,fixed,fixed,80.0,30.0,48,48,451.98,1.2717,0.75,9.4162,806.2,2115.36,-1663.38,3,2,False,"[331.66, 280.16, -159.84]",0.6296,0.6364,0.75,235.87
X01454,momentum_reversion,all,atr,atr,2.5,1.0,12,105,902.8,1.2713,0.6952,8.5981,758.42,4230.98,-3328.18,3,1,False,"[-100.4, -84.9, 1088.1]",0.617,0.5833,1.0,373.38
X00239,emapmo,long_only,fixed,fixed,60.0,60.0,6,71,962.96,1.2704,0.5493,13.5628,1029.08,4523.64,-3560.68,3,2,False,"[-257.76, 649.24, 571.48]",0.7333,0.7143,0.6667,385.51
X01674,momentum_reversion,long_only,atr,atr,1.5,1.0,12,68,438.68,1.2702,0.6471,6.4512,337.2,2061.94,-1623.26,3,2,False,"[-139.52, 26.48, 551.72]",0.6571,0.5833,0.75,145.12
X02025,momentum_reversion,short_only,atr,atr,2.5,1.5,48,39,580.14,1.2691,0.641,14.8754,740.18,2736.0,-2155.86,3,2,False,"[-8.62, 371.88, 216.88]",0.5926,0.6364,0.75,219.19
X01520,momentum_reversion,all,atr_blend,atr_blend,1.5,1.5,24,105,1141.8,1.2685,0.5333,10.8743,528.9,5394.06,-4252.26,3,2,False,"[-196.4, 307.1, 1031.1]",0.5532,0.5,0.75,268.27
X01614,momentum_reversion,long_only,atr,atr,1.0,1.5,6,67,441.92,1.2674,0.4478,6.5958,363.78,2094.8,-1652.88,3,1,False,"[-185.52, -46.28, 673.72]",0.5143,0.5,0.5,151.27
X00338,emapmo,long_only,range15_pct,range15_pct,1.0,1.5,12,35,893.1,1.2657,0.4571,25.5171,1134.66,4254.66,-3361.56,3,2,False,"[214.62, 851.12, -172.64]",0.5,0.5714,0.6667,484.53
X01899,momentum_reversion,short_only,atr,atr,1.0,1.5,12,47,468.72,1.2617,0.4681,9.9728,519.68,2259.72,-1791.0,3,2,False,"[114.66, 519.16, -165.1]",0.5556,0.7273,0.75,123.74
X01952,momentum_reversion,short_only,fixed,fixed,80.0,30.0,24,48,437.98,1.2611,0.75,9.1246,806.2,2115.36,-1677.38,3,2,False,"[317.66, 280.16, -159.84]",0.6296,0.6364,0.75,234.02
X00304,emapmo,long_only,atr,atr,1.0,2.0,12,51,1017.76,1.2606,0.3529,19.9561,1040.88,4923.18,-3905.42,3,2,False,"[-49.58, 985.42, 81.92]",0.3571,0.5714,0.6667,547.42
X00256,emapmo,long_only,atr,atr,2.0,4.0,6,44,859.44,1.2602,0.5227,19.5327,1300.16,4162.48,-3303.04,3,2,False,"[-13.6, 281.9, 591.14]",0.6,0.7143,0.6667,489.87
X01411,momentum_reversion,all,atr_blend,atr_blend,2.0,2.0,6,102,881.52,1.2562,0.5392,8.6424,433.12,4322.8,-3441.28,3,2,False,"[-114.16, 198.84, 796.84]",0.5957,0.5,0.75,280.14
X01401,momentum_reversion,all,atr_blend,atr_blend,1.0,1.0,6,117,773.42,1.256,0.5385,6.6104,584.62,3794.38,-3020.96,3,2,False,"[112.14, -41.86, 703.14]",0.5532,0.5833,1.0,272.13
X01415,momentum_reversion,all,atr_blend,atr_blend,2.5,2.0,6,101,879.26,1.2553,0.5446,8.7055,380.84,4322.8,-3443.54,3,2,False,"[-157.66, 214.34, 822.58]",0.5957,0.4167,0.75,284.62
X01834,momentum_reversion,short_only,fixed,fixed,60.0,30.0,6,52,383.52,1.2547,0.6346,7.3754,555.66,1889.08,-1505.56,3,2,False,"[351.18, 136.42, -104.08]",0.5926,0.6364,1.0,126.42
X01900,momentum_reversion,short_only,atr,atr,1.0,2.0,12,47,482.72,1.2537,0.4255,10.2706,519.68,2385.2,-1902.48,3,2,False,"[-61.34, 500.66, 43.4]",0.5556,0.7273,0.5,159.47
X01528,momentum_reversion,all,atr_blend,atr_blend,2.5,1.5,24,95,1147.7,1.2517,0.6316,12.0811,672.18,5707.1,-4559.4,3,2,False,"[-338.18, 290.32, 1195.56]",0.5745,0.5,0.5,436.69
X01642,momentum_reversion,long_only,atr_blend,atr_blend,2.5,1.5,6,57,454.82,1.2512,0.5789,7.9793,418.92,2265.58,-1810.76,3,2,False,"[-46.56, 56.44, 444.94]",0.5429,0.4167,0.75,213.03
X01605,momentum_reversion,long_only,fixed,fixed,60.0,15.0,6,67,305.42,1.2482,0.806,4.5585,219.92,1536.04,-1230.62,3,2,False,"[-53.02, 25.72, 332.72]",0.7143,0.6667,0.75,99.15
X01682,momentum_reversion,long_only,atr,atr,2.5,1.0,12,64,439.64,1.248,0.7344,6.8694,408.4,2212.22,-1772.58,3,2,False,"[-243.78, 64.96, 618.46]",0.6571,0.5833,0.75,214.89
X01633,momentum_reversion,long_only,atr_blend,atr_blend,1.5,1.0,6,62,390.12,1.2464,0.6129,6.2923,383.58,1973.38,-1583.26,3,1,False,"[-168.04, -25.04, 583.2]",0.6571,0.5,0.75,145.74
X00232,emapmo,long_only,fixed,fixed,15.0,120.0,6,102,649.52,1.2446,0.1667,6.3678,499.84,3304.92,-2655.4,3,2,False,"[-59.66, 272.84, 436.34]",0.6,0.8571,1.0,139.53
X00324,emapmo,long_only,atr_blend,atr_blend,1.5,2.0,12,39,874.14,1.2432,0.4359,22.4138,1360.4,4468.92,-3594.78,3,1,False,"[-836.62, 1810.88, -100.12]",0.5714,0.5714,0.6667,620.8
X01617,momentum_reversion,long_only,atr,atr,1.5,1.0,6,68,391.68,1.2416,0.6324,5.76,337.2,2013.18,-1621.5,3,1,False,"[-137.52, -22.52, 551.72]",0.6571,0.5833,0.75,143.29
X01976,momentum_reversion,short_only,atr_blend,atr_blend,1.5,1.5,24,43,532.18,1.2412,0.5581,12.3763,584.68,2738.74,-2206.56,3,2,False,"[-231.1, 287.64, 475.64]",0.5185,0.5455,0.75,213.2
X02033,momentum_reversion,short_only,atr_blend,atr_blend,1.5,1.5,48,43,532.18,1.2412,0.5581,12.3763,584.68,2738.74,-2206.56,3,2,False,"[-231.1, 287.64, 475.64]",0.5185,0.5455,0.75,213.2
X00410,emapmo,long_only,fixed,fixed,60.0,60.0,48,68,875.68,1.2408,0.5588,12.8776,1101.08,4512.88,-3637.2,3,2,False,"[-388.52, 811.48, 452.72]",0.5333,0.7143,0.6667,391.08
X01739,momentum_reversion,long_only,atr,atr,2.5,1.0,24,64,435.64,1.2402,0.7344,6.8069,408.4,2249.22,-1813.58,3,2,False,"[-247.78, 64.96, 618.46]",0.6571,0.5,0.75,213.09
X01796,momentum_reversion,long_only,atr,atr,2.5,1.0,48,64,435.64,1.2402,0.7344,6.8069,408.4,2249.22,-1813.58,3,2,False,"[-247.78, 64.96, 618.46]",0.6571,0.5,0.75,213.09
X00296,emapmo,long_only,fixed,fixed,60.0,60.0,12,68,861.18,1.2401,0.5588,12.6644,1101.08,4447.88,-3586.7,3,2,False,"[-388.52, 796.98, 452.72]",0.5333,0.7143,0.6667,390.54
X01638,momentum_reversion,long_only,atr_blend,atr_blend,2.0,1.5,6,58,428.08,1.2375,0.5517,7.3807,434.28,2230.32,-1802.24,3,1,False,"[-55.3, -35.56, 518.94]",0.5143,0.4167,0.75,218.45
X00339,emapmo,long_only,range15_pct,range15_pct,1.0,2.0,12,31,694.06,1.2318,0.4194,22.389,1216.66,3688.38,-2994.32,3,2,False,"[-842.64, 1044.1, 492.6]",0.5714,0.7143,1.0,422.9
X02024,momentum_reversion,short_only,atr,atr,2.5,1.0,48,41,418.66,1.2309,0.7073,10.2112,590.46,2232.04,-1813.38,3,2,False,"[-185.36, 383.64, 220.38]",0.5926,0.6364,0.5,167.48
X01406,momentum_reversion,all,atr_blend,atr_blend,1.5,1.5,6,108,779.08,1.2304,0.5185,7.2137,556.48,4161.06,-3381.98,3,2,False,"[-116.64, 160.36, 735.36]",0.5745,0.5,1.0,209.0
X01407,momentum_reversion,all,atr_blend,atr_blend,1.5,2.0,6,107,794.82,1.2292,0.5047,7.4282,487.48,4263.04,-3468.22,3,2,False,"[-229.64, 270.36, 754.1]",0.5957,0.5,0.75,229.32
X00353,emapmo,long_only,fixed,fixed,60.0,60.0,24,68,829.68,1.2281,0.5588,12.2012,1101.08,4466.88,-3637.2,3,2,False,"[-388.52, 765.48, 452.72]",0.5333,0.7143,0.6667,389.6
X01813,momentum_reversion,long_only,atr_blend,atr_blend,2.5,1.5,48,57,559.32,1.2268,0.6491,9.8126,672.92,3025.62,-2466.3,3,2,False,"[-260.06, 239.44, 579.94]",0.6,0.4167,0.5,328.38
X01474,momentum_reversion,all,range15_pct,range15_pct,0.75,1.0,12,102,903.52,1.2232,0.4804,8.858,601.18,4951.24,-4047.72,3,2,False,"[-235.66, 334.34, 804.84]",0.5319,0.5,0.5,382.2
X01975,momentum_reversion,short_only,atr_blend,atr_blend,1.5,1.0,24,44,413.94,1.2229,0.6364,9.4077,651.18,2270.78,-1856.84,3,2,False,"[-51.6, 210.4, 255.14]",0.5556,0.6364,1.0,150.3
X02032,momentum_reversion,short_only,atr_blend,atr_blend,1.5,1.0,48,44,413.94,1.2229,0.6364,9.4077,651.18,2270.78,-1856.84,3,2,False,"[-51.6, 210.4, 255.14]",0.5556,0.6364,1.0,150.3
X00144,emapmo,all,atr,atr,2.5,1.5,24,136,1728.86,1.2227,0.6397,12.7122,1395.24,9492.62,-7763.76,3,2,False,"[790.96, 994.2, -56.3]",0.675,0.6667,1.0,342.76
X01450,momentum_reversion,all,atr,atr,2.0,1.0,12,105,735.3,1.2202,0.6667,7.0029,616.92,4075.2,-3339.9,3,2,False,"[21.1, -13.9, 728.1]",0.617,0.6667,0.75,234.34
X01755,momentum_reversion,long_only,atr_blend,atr_blend,2.5,1.0,24,59,412.34,1.2178,0.7288,6.9888,474.2,2305.18,-1892.84,3,2,False,"[-310.3, 180.7, 541.94]",0.6571,0.5,0.75,219.58
X01812,momentum_reversion,long_only,atr_blend,atr_blend,2.5,1.0,48,59,412.34,1.2178,0.7288,6.9888,474.2,2305.18,-1892.84,3,2,False,"[-310.3, 180.7, 541.94]",0.6571,0.5,0.75,219.58
X00383,emapmo,long_only,atr_blend,atr_blend,2.0,1.0,24,49,776.24,1.2177,0.6735,15.8416,1097.9,4342.58,-3566.34,3,2,False,"[-452.58, 1066.16, 162.66]",0.5714,0.7143,0.6667,379.19
X01744,momentum_reversion,long_only,atr_blend,atr_blend,1.0,1.5,24,67,420.92,1.2158,0.4179,6.2824,574.96,2371.78,-1950.86,3,1,False,"[-166.02, -218.78, 805.72]",0.4857,0.4167,0.25,247.24
X01801,momentum_reversion,long_only,atr_blend,atr_blend,1.0,1.5,48,67,420.92,1.2158,0.4179,6.2824,574.96,2371.78,-1950.86,3,1,False,"[-166.02, -218.78, 805.72]",0.4857,0.4167,0.25,247.24
X01463,momentum_reversion,all,atr_blend,atr_blend,1.5,1.5,12,105,855.8,1.2154,0.5238,8.1505,558.92,4829.3,-3973.5,3,2,False,"[-152.9, 150.6, 858.1]",0.5745,0.4167,0.5,263.28
X01568,momentum_reversion,all,atr,atr,2.5,1.0,48,104,780.54,1.2152,0.7212,7.5052,632.92,4407.5,-3626.96,3,2,False,"[-213.4, 106.6, 887.34]",0.617,0.5833,0.75,277.96
X00300,emapmo,long_only,fixed,fixed,80.0,60.0,12,58,721.58,1.2141,0.6034,12.441,976.12,4091.6,-3370.02,3,2,False,"[-144.8, 535.94, 330.44]",0.7333,0.7143,0.6667,390.86
X00415,emapmo,long_only,fixed,fixed,80.0,120.0,48,39,722.14,1.2133,0.4615,18.5164,967.44,4108.18,-3386.04,3,2,False,"[-285.62, 703.88, 303.88]",0.6429,0.7143,0.6667,285.22
X01444,momentum_reversion,all,atr,atr,1.0,2.0,12,112,801.62,1.2132,0.3929,7.1573,460.12,4560.94,-3759.32,3,2,False,"[-256.62, 419.12, 639.12]",0.5319,0.5833,0.5,267.8
X01511,momentum_reversion,all,atr,atr,2.5,1.0,24,105,785.8,1.2126,0.7238,7.4838,632.92,4481.26,-3695.46,3,2,False,"[-118.4, 106.6, 797.6]",0.617,0.5833,0.75,250.27
X00301,emapmo,long_only,fixed,fixed,80.0,120.0,12,40,637.4,1.2077,0.45,15.935,984.68,3705.68,-3068.28,3,2,False,"[-365.86, 752.38, 250.88]",0.6429,0.7143,1.0,325.45
X01959,momentum_reversion,short_only,atr,atr,1.5,1.0,24,44,363.94,1.2066,0.6136,8.2714,570.92,2125.52,-1761.58,3,2,False,"[-118.1, 264.9, 217.14]",0.5926,0.6364,0.75,119.14
X02016,momentum_reversion,short_only,atr,atr,1.5,1.0,48,44,363.94,1.2066,0.6136,8.2714,570.92,2125.52,-1761.58,3,2,False,"[-118.1, 264.9, 217.14]",0.5926,0.6364,0.75,119.14
X01859,momentum_reversion,short_only,atr_blend,atr_blend,1.0,2.0,6,49,359.24,1.2059,0.449,7.3314,510.18,2103.72,-1744.48,3,2,False,"[-23.08, 379.66, 2.66]",0.4815,0.6364,0.5,175.18
X00280,emapmo,long_only,range15_pct,range15_pct,1.0,1.0,6,51,733.76,1.2039,0.5882,14.3875,1070.16,4331.8,-3598.04,3,2,False,"[605.42, 153.42, -25.08]",0.6667,0.7143,0.6667,427.37
X01699,momentum_reversion,long_only,atr_blend,atr_blend,2.5,1.5,12,57,446.32,1.2035,0.614,7.8302,484.42,2639.6,-2193.28,3,2,False,"[-140.56, 97.44, 489.44]",0.5714,0.5,0.75,250.19
X01987,momentum_reversion,short_only,range15_pct,range15_pct,0.75,1.0,24,41,450.16,1.2034,0.4878,10.9795,821.64,2663.2,-2213.04,3,1,False,"[-19.86, 649.14, -179.12]",0.5556,0.6364,0.25,216.59
X01816,momentum_reversion,long_only,range15_pct,range15_pct,0.75,1.0,48,59,516.34,1.2023,0.4237,8.7515,666.68,3069.0,-2552.66,3,1,False,"[-387.8, -65.3, 969.44]",0.4286,0.3333,0.5,374.12
X01727,momentum_reversion,long_only,atr,atr,1.0,1.0,24,71,302.46,1.1984,0.5493,4.26,350.36,1827.14,-1524.68,3,2,False,"[-287.76, 141.74, 448.48]",0.6,0.5833,0.75,116.35
X01784,momentum_reversion,long_only,atr,atr,1.0,1.0,48,71,302.46,1.1984,0.5493,4.26,350.36,1827.14,-1524.68,3,2,False,"[-287.76, 141.74, 448.48]",0.6,0.5833,0.75,116.35
X00358,emapmo,long_only,fixed,fixed,80.0,120.0,24,39,639.14,1.1975,0.4615,16.3882,967.44,3874.68,-3235.54,3,2,False,"[-262.12, 667.88, 233.38]",0.5714,0.7143,0.6667,275.8
X00246,emapmo,long_only,atr,atr,1.0,1.5,6,59,702.84,1.1973,0.4576,11.9125,800.92,4265.02,-3562.18,3,2,False,"[625.7, 98.7, -21.56]",0.6667,0.7143,1.0,357.1
X01895,momentum_reversion,short_only,fixed,fixed,80.0,30.0,12,48,311.48,1.1973,0.6875,6.4892,806.2,1890.58,-1579.1,3,2,False,"[380.16, 91.16, -159.84]",0.5926,0.7273,0.75,195.47
X01499,momentum_reversion,all,atr,atr,1.0,1.0,24,119,613.94,1.1949,0.5378,5.1592,495.62,3764.64,-3150.7,3,2,False,"[-52.6, 227.4, 439.14]",0.5745,0.5833,1.0,179.69
X01556,momentum_reversion,all,atr,atr,1.0,1.0,48,119,613.94,1.1949,0.5378,5.1592,495.62,3764.64,-3150.7,3,2,False,"[-52.6, 227.4, 439.14]",0.5745,0.5833,1.0,179.69
X01417,momentum_reversion,all,range15_pct,range15_pct,0.75,1.0,6,109,678.34,1.1942,0.5229,6.2233,520.14,4171.82,-3493.48,3,2,False,"[-286.88, 452.86, 512.36]",0.5745,0.5,0.75,246.24
X02003,momentum_reversion,short_only,fixed,fixed,30.0,120.0,48,50,439.5,1.194,0.26,8.79,673.64,2705.38,-2265.88,3,2,False,"[542.42, 276.92, -379.84]",0.4074,0.2727,0.5,327.37
X01955,momentum_reversion,short_only,atr,atr,1.0,1.0,24,48,311.48,1.1916,0.5208,6.4892,462.4,1937.5,-1626.02,3,2,False,"[97.16, 223.66, -9.34]",0.5556,0.6364,0.75,114.26
X02012,momentum_reversion,short_only,atr,atr,1.0,1.0,48,48,311.48,1.1916,0.5208,6.4892,462.4,1937.5,-1626.02,3,2,False,"[97.16, 223.66, -9.34]",0.5556,0.6364,0.75,114.26
X00440,emapmo,long_only,atr_blend,atr_blend,2.0,1.0,48,49,706.74,1.1913,0.6939,14.4233,1097.9,4400.84,-3694.1,3,2,False,"[-452.58, 996.66, 162.66]",0.5714,0.7143,0.6667,377.66
X01980,momentum_reversion,short_only,atr_blend,atr_blend,2.0,1.5,24,39,439.64,1.1904,0.6154,11.2728,718.44,2749.24,-2309.6,3,2,False,"[-324.62, 420.88, 343.38]",0.5556,0.5455,0.75,230.1
X01944,momentum_reversion,short_only,fixed,fixed,30.0,30.0,24,56,290.56,1.1898,0.5536,5.1886,497.36,1821.56,-1531.0,3,2,False,"[516.44, 156.44, -382.32]",0.4444,0.5455,0.5,137.91
X02001,momentum_reversion,short_only,fixed,fixed,30.0,30.0,48,56,290.56,1.1898,0.5536,5.1886,497.36,1821.56,-1531.0,3,2,False,"[516.44, 156.44, -382.32]",0.4444,0.5455,0.5,137.91
X01907,momentum_reversion,short_only,atr,atr,2.0,1.5,12,40,342.9,1.1885,0.525,8.5725,605.96,2162.46,-1819.56,3,2,False,"[-93.86, 197.88, 238.88]",0.5185,0.5455,0.75,165.94
X01806,momentum_reversion,long_only,atr_blend,atr_blend,1.5,2.0,48,59,454.84,1.1878,0.4407,7.7092,387.42,2877.26,-2422.42,3,1,False,"[-160.3, -69.8, 684.94]",0.4286,0.5,0.5,279.27
X01467,momentum_reversion,all,atr_blend,atr_blend,2.0,1.5,12,98,745.48,1.1862,0.551,7.6069,611.42,4749.54,-4004.06,3,2,False,"[-177.42, 170.08, 752.82]",0.5745,0.5,0.5,317.52
X01967,momentum_reversion,short_only,atr,atr,2.5,1.0,24,41,350.16,1.1861,0.7073,8.5405,731.18,2232.04,-1881.88,3,2,False,"[-90.36, 383.64, 56.88]",0.6296,0.7273,0.75,144.27
X00357,emapmo,long_only,fixed,fixed,80.0,60.0,24,57,642.32,1.1852,0.614,11.2688,976.12,4110.6,-3468.28,3,2,False,"[-263.56, 609.44, 296.44]",0.7333,0.7143,0.6667,381.56
X01963,momentum_reversion,short_only,atr,atr,2.0,1.0,24,41,341.16,1.1852,0.6829,8.321,699.18,2183.28,-1842.12,3,2,False,"[-52.36, 304.64, 88.88]",0.6296,0.6364,0.5,134.31
X02020,momentum_reversion,short_only,atr,atr,2.0,1.0,48,41,341.16,1.1852,0.6829,8.321,699.18,2183.28,-1842.12,3,2,False,"[-52.36, 304.64, 88.88]",0.6296,0.6364,0.5,134.31
X01756,momentum_reversion,long_only,atr_blend,atr_blend,2.5,1.5,24,57,446.32,1.1777,0.6316,7.8302,672.92,2957.86,-2511.54,3,2,False,"[-260.06, 126.44, 579.94]",0.5714,0.4167,0.5,332.06
X01817,momentum_reversion,long_only,range15_pct,range15_pct,0.75,1.5,48,58,531.08,1.1769,0.3276,9.1566,601.68,3532.44,-3001.36,3,1,False,"[-302.3, -8.06, 841.44]",0.3714,0.4167,0.75,406.42
X01904,momentum_reversion,short_only,atr,atr,1.5,2.0,12,43,351.18,1.1756,0.4651,8.167,544.7,2350.7,-1999.52,3,2,False,"[-215.1, 271.64, 294.64]",0.4815,0.6364,0.5,191.64
X01613,momentum_reversion,long_only,atr,atr,1.0,1.0,6,71,267.46,1.1754,0.5493,3.767,350.36,1792.14,-1524.68,3,2,False,"[-287.76, 106.74, 448.48]",0.6,0.5833,0.75,120.24
X01670,momentum_reversion,long_only,atr,atr,1.0,1.0,12,71,265.46,1.1741,0.5493,3.7389,350.36,1790.14,-1524.68,3,2,False,"[-287.76, 104.74, 448.48]",0.6,0.5833,0.75,120.48
X01442,momentum_reversion,all,atr,atr,1.0,1.0,12,119,543.94,1.1726,0.5378,4.5709,495.62,3694.64,-3150.7,3,2,False,"[-122.6, 227.4, 439.14]",0.5745,0.5833,1.0,184.34
X00414,emapmo,long_only,fixed,fixed,80.0,60.0,48,57,609.32,1.1718,0.614,10.6898,976.12,4156.6,-3547.28,3,2,False,"[-263.56, 576.44, 296.44]",0.6667,0.7143,0.6667,378.57
X01672,momentum_reversion,long_only,atr,atr,1.0,2.0,12,65,318.9,1.1717,0.3692,4.9062,390.14,2175.74,-1856.84,3,1,False,"[-232.78, -6.28, 557.96]",0.4571,0.3333,0.5,195.75
X01898,momentum_reversion,short_only,atr,atr,1.0,1.0,12,48,278.48,1.1713,0.5208,5.8017,462.4,1904.5,-1626.02,3,2,False,"[64.16, 223.66, -9.34]",0.5556,0.6364,0.75,113.97
X01532,momentum_reversion,all,range15_pct,range15_pct,0.75,1.5,24,99,866.74,1.1711,0.3737,8.7549,1133.82,5932.12,-5065.38,3,2,False,"[-855.42, 970.08, 752.08]",0.4468,0.3333,0.5,670.1
X01887,momentum_reversion,short_only,fixed,fixed,30.0,30.0,12,56,257.56,1.1711,0.5357,4.5993,497.36,1762.8,-1505.24,3,2,False,"[483.44, 156.44, -382.32]",0.4815,0.6364,0.5,120.19
X01645,momentum_reversion,long_only,range15_pct,range15_pct,0.75,1.0,6,61,301.36,1.1702,0.5082,4.9403,428.06,2072.06,-1770.7,3,2,False,"[-299.54, 136.2, 464.7]",0.4857,0.4167,0.5,179.89
X01920,momentum_reversion,short_only,atr_blend,atr_blend,1.5,2.0,12,43,348.68,1.17,0.4651,8.1088,528.96,2399.2,-2050.52,3,2,False,"[-400.1, 281.64, 467.14]",0.4815,0.5455,0.5,214.39
X00262,emapmo,long_only,atr_blend,atr_blend,1.0,1.5,6,57,573.32,1.1694,0.4561,10.0582,820.16,3957.76,-3384.44,3,2,False,"[583.94, 97.44, -108.06]",0.6,0.5714,0.6667,345.45
X01708,momentum_reversion,long_only,range15_pct,range15_pct,1.25,1.0,12,55,388.8,1.1691,0.5091,7.0691,601.58,2687.78,-2298.98,3,2,False,"[-475.06, 200.68, 663.18]",0.4857,0.3333,0.5,323.58
X00277,emapmo,long_only,range15_pct,range15_pct,0.75,1.0,6,56,610.06,1.1689,0.4821,10.8939,741.44,4221.02,-3610.96,3,2,False,"[649.44, -219.06, 179.68]",0.5333,0.5714,1.0,359.75
X00411,emapmo,long_only,fixed,fixed,60.0,120.0,48,47,592.22,1.1684,0.383,12.6004,977.36,4108.18,-3515.96,3,1,False,"[-329.34, 940.16, -18.6]",0.6429,0.8571,0.6667,270.67
X01705,momentum_reversion,long_only,range15_pct,range15_pct,1.0,1.0,12,57,392.82,1.1683,0.4912,6.8916,626.44,2727.28,-2334.46,3,2,False,"[-430.06, 112.44, 710.44]",0.4857,0.4167,0.5,334.04
X01737,momentum_reversion,long_only,atr,atr,2.0,2.0,24,57,391.82,1.1682,0.4561,6.874,680.7,2721.26,-2329.44,3,2,False,"[-615.56, 137.94, 869.44]",0.4571,0.5,0.5,372.36
X01902,momentum_reversion,short_only,atr,atr,1.5,1.0,12,44,290.94,1.1677,0.5909,6.6123,570.92,2026.26,-1735.32,3,2,False,"[-102.6, 176.4, 217.14]",0.5556,0.6364,0.75,114.7
X01948,momentum_reversion,short_only,fixed,fixed,60.0,30.0,24,50,295.0,1.1675,0.7,5.9,731.16,2056.6,-1761.6,3,2,False,"[155.92, 458.92, -319.84]",0.5556,0.5455,0.75,196.35
X00102,emapmo,all,atr_blend,atr_blend,2.5,1.0,12,190,1279.9,1.1666,0.6421,6.7363,1366.1,8964.22,-7684.32,3,2,False,"[857.64, 495.88, -73.62]",0.575,0.6667,0.75,369.94
X00310,emapmo,long_only,atr,atr,2.0,1.0,12,49,565.24,1.1632,0.6122,11.5355,1381.64,4028.8,-3463.56,3,2,False,"[-855.58, 1398.66, 22.16]",0.7143,0.7143,0.6667,454.07
X01527,momentum_reversion,all,atr_blend,atr_blend,2.5,1.0,24,99,643.24,1.1632,0.7172,6.4974,740.68,4584.46,-3941.22,3,2,False,"[-209.42, 111.08, 741.58]",0.617,0.5,0.75,278.0
X01835,momentum_reversion,short_only,fixed,fixed,60.0,60.0,6,47,282.72,1.1626,0.5319,6.0153,551.94,2021.5,-1738.78,3,2,False,"[321.16, 118.16, -156.6]",0.4815,0.6364,0.75,145.4
X00140,emapmo,all,atr,atr,2.0,1.5,24,154,1420.54,1.1609,0.6039,9.2243,1614.32,10249.18,-8828.64,3,2,False,"[798.52, 623.26, -1.24]",0.625,0.6667,0.75,374.28
X01516,momentum_reversion,all,atr_blend,atr_blend,1.0,1.5,24,114,647.14,1.1609,0.4211,5.6767,619.12,4668.48,-4021.34,3,2,False,"[-337.62, 133.38, 851.38]",0.5106,0.4167,0.5,288.57
X01573,momentum_reversion,all,atr_blend,atr_blend,1.0,1.5,48,114,647.14,1.1609,0.4211,5.6767,619.12,4668.48,-4021.34,3,2,False,"[-337.62, 133.38, 851.38]",0.5106,0.4167,0.5,288.57
X01386,momentum_reversion,all,atr,atr,1.0,1.5,6,117,549.42,1.1598,0.453,4.6959,526.36,3986.78,-3437.36,3,2,False,"[-14.36, 216.64, 347.14]",0.5745,0.5833,1.0,173.5
X00273,emapmo,long_only,atr_blend,atr_blend,2.5,1.0,6,52,492.02,1.1597,0.6154,9.4619,1193.94,3572.32,-3080.3,3,2,False,"[256.18, 273.92, -38.08]",0.7333,0.7143,0.6667,516.44
X01385,momentum_reversion,all,atr,atr,1.0,1.0,6,121,484.46,1.1577,0.5372,4.0038,502.36,3556.4,-3071.94,3,2,False,"[-118.84, 170.9, 432.4]",0.5957,0.5833,1.0,193.27
X01908,momentum_reversion,short_only,atr,atr,2.0,2.0,12,40,301.9,1.1575,0.5,7.5475,605.96,2218.7,-1916.8,3,2,False,"[-216.36, 284.88, 233.38]",0.4815,0.4545,0.5,184.16
X01949,momentum_reversion,short_only,fixed,fixed,60.0,60.0,24,42,340.42,1.1567,0.5476,8.1052,727.44,2512.48,-2172.06,3,2,False,"[85.14, 613.64, -358.36]",0.5185,0.5455,0.75,206.71
X01889,momentum_reversion,short_only,fixed,fixed,30.0,120.0,12,53,309.28,1.1564,0.3208,5.8355,612.4,2286.92,-1977.64,3,2,False,"[144.18, 253.18, -88.08]",0.4815,0.3636,0.5,211.43
X01584,momentum_reversion,all,atr_blend,atr_blend,2.5,1.0,48,98,604.48,1.1562,0.7143,6.1682,740.68,4474.2,-3869.72,3,2,False,"[-301.42, 111.08, 794.82]",0.617,0.5,0.75,295.67
X02037,momentum_reversion,short_only,atr_blend,atr_blend,2.0,1.5,48,39,367.14,1.1541,0.6154,9.4138,718.44,2749.24,-2382.1,3,2,False,"[-397.12, 420.88, 343.38]",0.5556,0.5455,0.75,237.36
X00342,emapmo,long_only,range15_pct,range15_pct,1.25,2.0,12,30,475.8,1.1536,0.4,15.86,1238.42,3572.62,-3096.82,3,2,False,"[-864.4, 1139.6, 200.6]",0.5,0.5714,0.6667,435.84
X01395,momentum_reversion,all,atr,atr,2.0,2.0,6,104,525.54,1.1536,0.5192,5.0533,625.24,3946.54,-3421.0,3,2,False,"[-391.9, 100.1, 817.34]",0.5745,0.4167,0.25,274.92
X02040,momentum_reversion,short_only,atr_blend,atr_blend,2.5,1.0,48,40,302.4,1.153,0.7,7.56,670.22,2279.28,-1976.88,3,2,False,"[-237.86, 236.88, 303.38]",0.5926,0.6364,0.5,196.11
X02010,momentum_reversion,short_only,fixed,fixed,80.0,60.0,48,40,352.4,1.1527,0.6,8.81,1009.92,2660.74,-2308.34,3,2,False,"[457.14, 311.38, -416.12]",0.6296,0.7273,0.75,266.82
X01953,momentum_reversion,short_only,fixed,fixed,80.0,60.0,24,40,347.4,1.1521,0.6,8.685,830.92,2631.24,-2283.84,3,2,False,"[215.14, 369.38, -237.12]",0.6296,0.7273,1.0,207.72
X01634,momentum_reversion,long_only,atr_blend,atr_blend,1.5,1.5,6,62,281.62,1.152,0.4839,4.5423,456.26,2134.3,-1852.68,3,1,False,"[-104.54, -128.04, 514.2]",0.5143,0.5,0.75,165.21
X01379,momentum_reversion,all,fixed,fixed,60.0,60.0,6,105,559.8,1.1514,0.5429,5.3314,619.56,4257.82,-3698.02,3,2,False,"[-109.9, 302.6, 367.1]",0.5532,0.5,0.75,297.46
X00170,emapmo,all,range15_pct,range15_pct,1.25,1.5,24,110,1132.6,1.151,0.5273,10.2964,1363.64,8632.58,-7499.98,3,2,False,"[1096.62, -637.38, 673.36]",0.5263,0.6667,0.75,388.02
X01918,momentum_reversion,short_only,atr_blend,atr_blend,1.5,1.0,12,44,277.94,1.1501,0.5909,6.3168,645.18,2129.26,-1851.32,3,2,False,"[-103.6, 120.4, 261.14]",0.5185,0.6364,0.75,144.51
X01452,momentum_reversion,all,atr,atr,2.0,2.0,12,98,602.98,1.15,0.5,6.1529,691.64,4623.74,-4020.76,3,2,False,"[-505.92, 381.08, 727.82]",0.5319,0.4167,0.5,375.83
X00299,emapmo,long_only,fixed,fixed,80.0,30.0,12,90,513.4,1.15,0.7444,5.7044,804.8,3936.92,-3423.52,3,2,False,"[-217.2, 287.8, 442.8]",0.6,0.5714,0.3333,298.06
X00323,emapmo,long_only,atr_blend,atr_blend,1.5,1.5,12,44,556.44,1.1497,0.5,12.6464,1157.4,4273.22,-3716.78,3,1,False,"[-55.1, 1261.9, -650.36]",0.6429,0.5714,0.6667,537.76
X01802,momentum_reversion,long_only,atr_blend,atr_blend,1.0,2.0,48,65,321.4,1.1489,0.3385,4.9446,549.88,2479.72,-2158.32,3,1,False,"[-174.78, -309.28, 805.46]",0.4286,0.3333,0.25,279.44
X00306,emapmo,long_only,atr,atr,1.5,1.0,12,56,543.06,1.1488,0.5714,9.6975,1104.64,4193.32,-3650.26,3,2,False,"[1.94, 647.44, -106.32]",0.5,0.7143,0.6667,444.23
X01957,momentum_reversion,short_only,atr,atr,1.0,2.0,24,47,311.22,1.1477,0.383,6.6217,519.68,2418.68,-2107.46,3,2,False,"[-25.34, 232.16, 104.4]",0.5185,0.5455,0.5,158.38
X01891,momentum_reversion,short_only,fixed,fixed,60.0,30.0,12,50,242.0,1.1477,0.64,4.84,731.16,1880.32,-1638.32,3,2,False,"[271.42, 290.42, -319.84]",0.5556,0.7273,0.75,164.53
X01832,momentum_reversion,short_only,fixed,fixed,30.0,120.0,6,56,271.56,1.1445,0.3929,4.8493,622.14,2150.72,-1879.16,3,2,False,"[105.44, 343.44, -177.32]",0.4815,0.5455,0.5,175.97
X01919,momentum_reversion,short_only,atr_blend,atr_blend,1.5,1.5,12,43,292.68,1.1441,0.4884,6.8065,528.96,2323.96,-2031.28,3,2,False,"[-307.1, 162.64, 437.14]",0.4444,0.5455,0.5,196.95
X01662,momentum_reversion,long_only,fixed,fixed,60.0,15.0,12,67,195.42,1.1439,0.806,2.9167,278.36,1553.04,-1357.62,3,1,False,"[-88.52, -48.78, 332.72]",0.6571,0.5833,0.75,107.3
X01680,momentum_reversion,long_only,atr,atr,2.0,2.0,12,58,301.08,1.1431,0.5,5.191,553.08,2405.04,-2103.96,3,2,False,"[-504.8, 311.44, 494.44]",0.4857,0.5,0.5,286.84
X01553,momentum_reversion,all,fixed,fixed,80.0,30.0,48,102,543.02,1.1421,0.7353,5.3237,791.16,4364.0,-3820.98,3,2,False,"[358.34, -53.16, 237.84]",0.5745,0.5833,0.75,295.41
X01607,momentum_reversion,long_only,fixed,fixed,60.0,60.0,6,58,277.08,1.1414,0.5517,4.7772,463.2,2236.32,-1959.24,3,1,False,"[-326.3, -41.56, 644.94]",0.5429,0.4167,0.5,227.3
X01771,momentum_reversion,long_only,fixed,fixed,15.0,120.0,48,78,295.28,1.1411,0.141,3.7856,516.26,2388.36,-2093.08,3,1,False,"[-143.24, -99.24, 537.76]",0.2571,0.5,0.5,261.96
X00363,emapmo,long_only,atr,atr,1.5,1.0,24,55,527.8,1.1409,0.6,9.5964,1043.4,4274.58,-3746.78,3,2,False,"[144.44, 583.18, -199.82]",0.4286,0.7143,0.6667,442.71
X01399,momentum_reversion,all,atr,atr,2.5,2.0,6,102,493.52,1.1407,0.5392,4.8384,463.5,4002.3,-3508.78,3,2,False,"[-234.66, 55.34, 672.84]",0.5532,0.3333,0.75,268.37
X02014,momentum_reversion,short_only,atr,atr,1.0,2.0,48,47,295.72,1.1403,0.383,6.2919,519.68,2403.18,-2107.46,3,2,False,"[-40.84, 232.16, 104.4]",0.5185,0.4545,0.5,158.6
X01841,momentum_reversion,short_only,atr,atr,1.0,1.0,6,50,217.0,1.1402,0.52,4.34,469.14,1764.26,-1547.26,3,2,False,"[134.92, 165.42, -83.34]",0.5926,0.6364,0.75,117.73
X01501,momentum_reversion,all,atr,atr,1.0,2.0,24,112,567.62,1.1396,0.3571,5.068,460.12,4633.4,-4065.78,3,2,False,"[-327.12, 386.12, 508.62]",0.5106,0.5,0.5,272.63
X00249,emapmo,long_only,atr,atr,1.5,1.0,6,62,510.62,1.1395,0.5968,8.2358,993.64,4170.62,-3660.0,3,2,False,"[478.46, 35.46, -3.3]",0.6,0.7143,0.6667,362.44
X00159,emapmo,all,atr_blend,atr_blend,2.5,1.0,24,169,1067.94,1.1386,0.6864,6.3192,1511.48,8771.66,-7703.72,3,2,False,"[883.82, 370.56, -186.44]",0.6,0.5833,0.75,347.51
X00145,emapmo,all,atr,atr,2.5,2.0,24,115,1099.9,1.1378,0.5739,9.5643,1566.94,9084.16,-7984.26,3,2,False,"[807.14, 535.38, -242.62]",0.6154,0.6667,0.75,351.32
X00156,emapmo,all,atr_blend,atr_blend,2.0,1.5,24,146,1194.96,1.1365,0.6027,8.1847,1369.2,9947.88,-8752.92,3,2,False,"[543.24, 751.74, -100.02]",0.65,0.75,0.75,317.81
X01610,momentum_reversion,long_only,fixed,fixed,80.0,30.0,6,56,230.06,1.136,0.6607,4.1082,411.14,1921.12,-1691.06,3,2,False,"[-149.06, 46.94, 332.18]",0.6286,0.5,0.75,170.8
X01558,momentum_reversion,all,atr,atr,1.0,2.0,48,112,552.12,1.1358,0.3571,4.9296,460.12,4617.9,-4065.78,3,2,False,"[-342.62, 386.12, 508.62]",0.5106,0.5,0.5,273.31
X00217,emapmo,all,atr_blend,atr_blend,2.5,1.5,48,129,1133.54,1.1354,0.6434,8.7871,1485.92,9502.58,-8369.04,3,2,False,"[413.18, 980.68, -260.32]",0.6154,0.75,0.75,297.46
X00326,emapmo,long_only,atr_blend,atr_blend,2.0,1.0,12,51,478.76,1.1323,0.6078,9.3875,1332.14,4098.56,-3619.8,3,2,False,"[-774.58, 1117.92, 135.42]",0.6429,0.7143,0.6667,441.95
X01383,momentum_reversion,all,fixed,fixed,80.0,60.0,6,101,491.76,1.1309,0.5743,4.8689,585.16,4249.08,-3757.32,3,2,False,"[-172.66, 313.84, 350.58]",0.5957,0.4167,0.75,278.87
X02005,momentum_reversion,short_only,fixed,fixed,60.0,30.0,48,50,238.0,1.1309,0.7,4.76,731.16,2056.6,-1818.6,3,2,False,"[98.92, 458.92, -319.84]",0.5556,0.4545,0.75,196.33
X01729,momentum_reversion,long_only,atr,atr,1.0,2.0,24,65,256.4,1.1309,0.3385,3.9446,449.14,2214.72,-1958.32,3,1,False,"[-232.78, -0.78, 489.96]",0.4286,0.3333,0.5,208.41
X01786,momentum_reversion,long_only,atr,atr,1.0,2.0,48,65,256.4,1.1309,0.3385,3.9446,449.14,2214.72,-1958.32,3,1,False,"[-232.78, -0.78, 489.96]",0.4286,0.3333,0.5,208.41
X00160,emapmo,all,atr_blend,atr_blend,2.5,1.5,24,134,1061.84,1.1307,0.6194,7.9242,1504.44,9189.08,-8127.24,3,2,False,"[421.2, 706.2, -65.56]",0.625,0.6667,0.75,301.09
X00367,emapmo,long_only,atr,atr,2.0,1.0,24,48,488.98,1.1306,0.6667,10.1871,1153.4,4232.32,-3743.34,3,1,False,"[-66.84, 794.16, -238.34]",0.5714,0.7143,0.6667,415.13
X00093,emapmo,all,atr_blend,atr_blend,1.0,4.0,12,146,974.96,1.1301,0.3699,6.6778,1220.18,8470.54,-7495.58,3,2,False,"[655.74, -87.76, 406.98]",0.4474,0.5833,0.75,220.22
X00198,emapmo,all,atr,atr,2.0,2.0,48,128,1229.78,1.1295,0.5312,9.6077,1610.98,10728.68,-9498.9,3,2,False,"[1232.68, 342.18, -345.08]",0.4737,0.6667,1.0,354.51
X00202,emapmo,all,atr,atr,2.5,2.0,48,111,1104.36,1.1285,0.5676,9.9492,1600.92,9696.88,-8592.52,3,2,False,"[795.12, 635.12, -325.88]",0.5,0.5833,0.75,350.25
X01687,momentum_reversion,long_only,atr_blend,atr_blend,1.0,1.5,12,67,248.42,1.1284,0.4179,3.7078,517.96,2183.78,-1935.36,3,1,False,"[-166.02, -193.28, 607.72]",0.4857,0.4167,0.25,192.57
X00137,emapmo,all,atr,atr,1.5,2.0,24,146,1164.46,1.1283,0.4658,7.9758,1630.6,10243.18,-9078.72,3,2,False,"[898.24, -212.26, 478.48]",0.4872,0.6667,1.0,318.67
X00297,emapmo,long_only,fixed,fixed,60.0,120.0,12,47,427.72,1.1272,0.383,9.1004,1118.1,3789.18,-3361.46,3,1,False,"[-648.34, 1094.66, -18.6]",0.5714,0.7143,0.6667,299.09
X00413,emapmo,long_only,fixed,fixed,80.0,30.0,48,90,448.4,1.1264,0.7556,4.9822,804.8,3995.68,-3547.28,3,2,False,"[-217.2, 222.8, 442.8]",0.5333,0.5714,0.3333,291.32
X01630,momentum_reversion,long_only,atr_blend,atr_blend,1.0,1.5,6,67,221.42,1.1229,0.4179,3.3048,462.86,2023.28,-1801.86,3,1,False,"[-145.52, -223.28, 590.22]",0.4857,0.4167,0.5,170.18
X00169,emapmo,all,range15_pct,range15_pct,1.25,1.0,24,134,985.84,1.1226,0.5672,7.357,1800.48,9028.26,-8042.42,3,2,False,"[692.2, -299.8, 593.44]",0.4872,0.5833,0.75,407.68
X01745,momentum_reversion,long_only,atr_blend,atr_blend,1.0,2.0,24,65,264.4,1.1225,0.3385,4.0677,550.54,2422.72,-2158.32,3,1,False,"[-174.78, -366.28, 805.46]",0.4286,0.3333,0.25,280.48
X00354,emapmo,long_only,fixed,fixed,60.0,120.0,24,47,429.22,1.1221,0.383,9.1323,977.36,3945.18,-3515.96,3,1,False,"[-305.84, 753.66, -18.6]",0.6429,0.8571,0.6667,263.66
X00056,emapmo,all,range15_pct,range15_pct,1.25,1.5,6,177,933.52,1.122,0.4915,5.2741,1387.56,8584.12,-7650.6,3,2,False,"[293.34, -182.16, 822.34]",0.4615,0.6667,0.75,352.08
X01381,momentum_reversion,all,fixed,fixed,80.0,15.0,6,120,291.7,1.1204,0.7917,2.4308,559.82,2715.2,-2423.5,3,2,False,"[-21.1, 239.9, 72.9]",0.6809,0.4167,0.5,171.68
X01775,momentum_reversion,long_only,fixed,fixed,30.0,120.0,48,63,351.38,1.1195,0.2381,5.5775,551.16,3290.9,-2939.52,3,2,False,"[72.96, -235.54, 513.96]",0.3143,0.25,0.5,372.09
X00182,emapmo,all,fixed,fixed,60.0,60.0,48,165,1080.9,1.1184,0.5212,6.5509,1630.68,10213.36,-9132.46,3,2,False,"[881.3, -1388.2, 1587.8]",0.4615,0.5833,0.75,467.7
X01471,momentum_reversion,all,atr_blend,atr_blend,2.5,1.5,12,96,505.46,1.1181,0.5833,5.2652,713.2,4787.06,-4281.6,3,2,False,"[-144.18, 53.32, 596.32]",0.5532,0.4167,0.5,333.75
X01761,momentum_reversion,long_only,range15_pct,range15_pct,0.75,2.0,24,58,322.08,1.1171,0.3103,5.5531,589.1,3073.18,-2751.1,3,1,False,"[-353.3, -147.06, 822.44]",0.2857,0.3333,0.75,410.04
X01477,momentum_reversion,all,range15_pct,range15_pct,1.0,1.0,12,98,513.48,1.1167,0.5,5.2396,736.16,4913.74,-4400.26,3,2,False,"[-412.42, 328.58, 597.32]",0.5319,0.5,0.5,410.01
X01763,momentum_reversion,long_only,range15_pct,range15_pct,1.0,1.5,24,55,352.3,1.1166,0.3818,6.4055,855.62,3374.96,-3022.66,3,1,False,"[-597.06, -140.82, 1090.18]",0.3714,0.3333,0.5,522.98
X01480,momentum_reversion,all,range15_pct,range15_pct,1.25,1.0,12,95,509.7,1.1164,0.5158,5.3653,721.42,4887.24,-4377.54,3,2,False,"[-395.18, 188.32, 716.56]",0.5319,0.5,0.5,396.91
X01667,momentum_reversion,long_only,fixed,fixed,80.0,30.0,12,55,209.8,1.116,0.6727,3.8145,366.2,2018.12,-1808.32,3,1,False,"[-162.56, -25.32, 397.68]",0.6,0.5,0.75,173.49
X01912,momentum_reversion,short_only,atr,atr,2.5,2.0,12,39,229.14,1.115,0.5385,5.8754,715.96,2220.96,-1991.82,3,2,False,"[-118.12, 223.88, 123.38]",0.5185,0.6364,0.5,188.75
X00092,emapmo,all,atr_blend,atr_blend,1.0,2.0,12,181,1037.06,1.1144,0.3978,5.7296,1213.04,10105.72,-9068.66,3,2,False,"[805.86, -30.4, 261.6]",0.4103,0.6667,1.0,245.91
X00420,emapmo,long_only,atr,atr,1.5,1.0,48,55,435.3,1.1134,0.6,7.9145,1043.4,4274.58,-3839.28,3,2,False,"[144.44, 490.68, -199.82]",0.4286,0.7143,0.6667,442.09
X01983,momentum_reversion,short_only,atr_blend,atr_blend,2.5,1.0,24,40,230.9,1.1127,0.7,5.7725,766.44,2279.28,-2048.38,3,2,False,"[-145.86, 236.88, 139.88]",0.6296,0.6364,0.5,173.79
X00194,emapmo,all,atr,atr,1.5,2.0,48,146,1036.46,1.1116,0.4521,7.099,1630.6,10323.16,-9286.7,3,2,False,"[1051.24, -212.26, 197.48]",0.4103,0.6667,0.75,310.76
X00104,emapmo,all,atr_blend,atr_blend,2.5,2.0,12,135,896.1,1.1116,0.5037,6.6378,1427.52,8929.18,-8033.08,3,2,False,"[678.7, -81.3, 298.7]",0.5385,0.75,0.75,296.75
X01779,momentum_reversion,long_only,fixed,fixed,60.0,120.0,48,53,414.28,1.1102,0.4151,7.8166,920.34,4172.72,-3758.44,3,1,False,"[-144.82, -742.82, 1301.92]",0.4,0.3333,0.5,491.54
X00089,emapmo,all,atr,atr,2.5,4.0,12,114,769.64,1.1095,0.4825,6.7512,1518.4,7799.3,-7029.66,3,2,False,"[341.38, -356.12, 784.38]",0.4737,0.5833,0.75,378.14
X01972,momentum_reversion,short_only,atr_blend,atr_blend,1.0,1.5,24,47,226.22,1.1093,0.4255,4.8132,614.18,2296.7,-2070.48,3,1,False,"[-163.84, 556.16, -166.1]",0.5185,0.5455,0.5,160.32
X02029,momentum_reversion,short_only,atr_blend,atr_blend,1.0,1.5,48,47,226.22,1.1093,0.4255,4.8132,614.18,2296.7,-2070.48,3,1,False,"[-163.84, 556.16, -166.1]",0.5185,0.5455,0.5,160.32
X01843,momentum_reversion,short_only,atr,atr,1.0,2.0,6,50,193.5,1.1084,0.46,3.87,592.38,1977.98,-1784.48,3,2,False,"[138.42, 391.92, -336.84]",0.5185,0.7273,0.5,131.34
X00201,emapmo,all,atr,atr,2.5,1.5,48,131,933.56,1.1082,0.6412,7.1264,1719.6,9561.34,-8627.78,3,2,False,"[615.94, 967.44, -649.82]",0.5641,0.5,0.75,373.01
X01844,momentum_reversion,short_only,atr,atr,1.0,4.0,6,50,189.5,1.1062,0.46,3.79,570.0,1973.98,-1784.48,3,2,False,"[71.42, 392.42, -274.34]",0.5185,0.6364,0.5,137.78
X00266,emapmo,long_only,atr_blend,atr_blend,1.5,1.5,6,52,393.52,1.1056,0.5577,7.5677,1037.18,4119.04,-3725.52,3,2,False,"[358.68, 337.42, -302.58]",0.6,0.5714,0.6667,408.06
X00022,emapmo,all,atr,atr,1.5,1.5,6,218,915.18,1.1042,0.5092,4.1981,1208.46,9701.86,-8786.68,3,2,False,"[763.48, -249.52, 401.22]",0.525,0.5,0.75,351.46
X02006,momentum_reversion,short_only,fixed,fixed,60.0,60.0,48,42,238.42,1.1035,0.5476,5.6767,851.16,2541.98,-2303.56,3,2,False,"[145.64, 590.14, -497.36]",0.5185,0.4545,0.75,249.1
X00356,emapmo,long_only,fixed,fixed,80.0,30.0,24,90,369.4,1.1035,0.7444,4.1044,804.8,3936.92,-3567.52,3,2,False,"[-217.2, 143.8, 442.8]",0.5333,0.5714,0.3333,285.36
X00380,emapmo,long_only,atr_blend,atr_blend,1.5,1.5,24,43,408.68,1.1034,0.5116,9.5042,1241.9,4360.22,-3951.54,3,2,False,"[31.9, 1197.64, -820.86]",0.6429,0.5714,0.6667,532.94
X01979,momentum_reversion,short_only,atr_blend,atr_blend,2.0,1.0,24,40,208.9,1.1034,0.675,5.2225,768.44,2228.52,-2019.62,3,2,False,"[-88.36, 159.38, 137.88]",0.6296,0.6364,0.5,154.85
X02036,momentum_reversion,short_only,atr_blend,atr_blend,2.0,1.0,48,40,208.9,1.1034,0.675,5.2225,768.44,2228.52,-2019.62,3,2,False,"[-88.36, 159.38, 137.88]",0.6296,0.6364,0.5,154.85
X01860,momentum_reversion,short_only,atr_blend,atr_blend,1.0,4.0,6,49,178.24,1.1022,0.449,3.6376,510.18,1922.72,-1744.48,3,1,False,"[-24.58, 259.16, -56.34]",0.4815,0.6364,0.5,151.58
X00215,emapmo,all,atr_blend,atr_blend,2.0,4.0,48,93,884.18,1.1013,0.3763,9.5073,1971.02,9608.6,-8724.42,3,2,False,"[553.56, -121.44, 452.06]",0.4865,0.6667,0.75,367.97
X01830,momentum_reversion,short_only,fixed,fixed,30.0,30.0,6,58,154.08,1.0994,0.5172,2.6566,507.1,1704.3,-1550.22,3,2,False,"[482.2, 63.94, -392.06]",0.4815,0.5455,0.5,123.47
X01762,momentum_reversion,long_only,range15_pct,range15_pct,1.0,1.0,24,56,276.56,1.0993,0.4643,4.9386,767.7,3060.76,-2784.2,3,1,False,"[-615.06, -48.06, 939.68]",0.4286,0.25,0.5,445.26
X00683,emapmo,short_only,range15_pct,range15_pct,1.25,1.5,48,79,486.04,1.0992,0.519,6.1524,1182.64,5386.66,-4900.62,3,2,False,"[519.52, 294.76, -328.24]",0.4643,0.5833,0.75,388.33
X00242,emapmo,long_only,fixed,fixed,80.0,30.0,6,93,352.18,1.0991,0.7312,3.7869,804.8,3904.68,-3552.5,3,2,False,"[-196.94, 136.56, 412.56]",0.5333,0.5714,0.3333,278.3
X01423,momentum_reversion,all,range15_pct,range15_pct,1.25,1.0,6,102,357.52,1.0987,0.5392,3.5051,713.0,3980.8,-3623.28,3,2,False,"[-469.66, 180.34, 646.84]",0.5532,0.4167,0.5,248.66
X00222,emapmo,all,range15_pct,range15_pct,0.75,2.0,48,129,779.04,1.0986,0.2946,6.0391,1354.4,8681.38,-7902.34,3,2,False,"[-84.32, 419.18, 444.18]",0.3947,0.5833,0.75,225.63
X01464,momentum_reversion,all,atr_blend,atr_blend,1.5,2.0,12,103,421.78,1.0985,0.4563,4.095,637.72,4703.72,-4281.94,3,2,False,"[-369.4, 60.84, 730.34]",0.5319,0.5,0.5,313.6
X01807,momentum_reversion,long_only,atr_blend,atr_blend,1.5,4.0,48,58,296.08,1.0983,0.2931,5.1048,501.12,3309.42,-3013.34,3,1,False,"[-108.3, -93.06, 497.44]",0.3429,0.4167,0.75,234.2
X00030,emapmo,all,atr,atr,2.5,1.5,6,204,813.04,1.0982,0.5392,3.9855,1595.02,9096.1,-8283.06,3,2,False,"[435.18, -160.32, 538.18]",0.6,0.6667,0.5,441.05
X00108,emapmo,all,range15_pct,range15_pct,0.75,2.0,12,144,704.94,1.0981,0.3611,4.8954,1399.8,7890.02,-7185.08,3,2,False,"[430.98, -149.52, 423.48]",0.4474,0.6667,0.75,267.58
X01418,momentum_reversion,all,range15_pct,range15_pct,0.75,1.5,6,109,342.34,1.097,0.5138,3.1407,526.14,3871.06,-3528.72,3,2,False,"[-368.38, 221.36, 489.36]",0.5319,0.3333,0.75,257.84
X00211,emapmo,all,atr_blend,atr_blend,1.5,4.0,48,108,847.58,1.0967,0.3426,7.848,1766.84,9617.12,-8769.54,3,2,False,"[729.86, -274.14, 391.86]",0.4324,0.6667,0.5,346.07
X00105,emapmo,all,atr_blend,atr_blend,2.5,4.0,12,112,668.62,1.096,0.4732,5.9698,1519.08,7632.28,-6963.66,3,2,False,"[298.88, -576.88, 946.62]",0.5263,0.6667,0.75,363.27
X01403,momentum_reversion,all,atr_blend,atr_blend,1.0,2.0,6,115,344.9,1.0949,0.4174,2.9991,509.62,3979.98,-3635.08,3,2,False,"[-190.36, 33.88, 501.38]",0.5319,0.3333,0.5,237.36
X00057,emapmo,all,range15_pct,range15_pct,1.25,2.0,6,178,732.78,1.0945,0.4719,4.1167,1440.36,8486.84,-7754.06,3,2,False,"[403.1, -343.16, 672.84]",0.4615,0.5,0.75,336.39
X00079,emapmo,all,atr,atr,1.5,1.5,12,188,860.88,1.0929,0.5106,4.5791,1298.64,10124.46,-9263.58,3,2,False,"[1040.88, -350.12, 170.12]",0.475,0.5833,0.75,252.71
X01924,momentum_reversion,short_only,atr_blend,atr_blend,2.0,2.0,12,40,185.9,1.0926,0.475,4.6475,649.96,2193.94,-2008.04,3,2,False,"[-373.86, 294.88, 264.88]",0.4815,0.5455,0.5,226.82
X00165,emapmo,all,range15_pct,range15_pct,0.75,2.0,24,131,688.56,1.092,0.3359,5.2562,1215.02,8176.44,-7487.88,3,2,False,"[-127.56, 474.44, 341.68]",0.3947,0.5,0.75,171.84
X01374,momentum_reversion,all,fixed,fixed,30.0,30.0,6,124,294.24,1.0915,0.5161,2.3729,556.08,3509.14,-3214.9,3,2,False,"[65.42, 334.66, -105.84]",0.5319,0.5833,0.75,140.91
X00036,emapmo,all,atr_blend,atr_blend,1.0,4.0,6,192,697.92,1.0904,0.4115,3.635,1224.04,8416.04,-7718.12,3,1,False,"[1008.14, -294.36, -15.86]",0.4615,0.6667,0.75,193.37
X01585,momentum_reversion,all,atr_blend,atr_blend,2.5,1.5,48,95,478.2,1.0903,0.6421,5.0337,694.48,5774.86,-5296.66,3,2,False,"[-342.18, 251.32, 569.06]",0.5745,0.5,0.5,301.51
X01229,icefishball,short_only,atr,atr,2.5,4.0,12,266,1146.66,1.0901,0.4737,4.3108,1402.42,13874.76,-12728.1,3,2,False,"[-282.86, 689.64, 739.88]",0.4821,0.6154,0.5,432.84
X01533,momentum_reversion,all,range15_pct,range15_pct,0.75,2.0,24,98,477.98,1.0897,0.3367,4.8773,1133.82,5807.58,-5329.6,3,2,False,"[-805.92, 681.08, 602.82]",0.4255,0.3333,0.75,646.3
X00167,emapmo,all,range15_pct,range15_pct,1.0,1.5,24,127,732.02,1.0876,0.4409,5.7639,1484.18,9085.56,-8353.54,3,2,False,"[730.68, -489.58, 490.92]",0.4737,0.5833,0.75,334.17
X01971,momentum_reversion,short_only,atr_blend,atr_blend,1.0,1.0,24,48,159.48,1.0873,0.5,3.3225,615.9,1987.24,-1827.76,3,2,False,"[92.66, 233.66, -166.84]",0.5556,0.7273,0.75,154.91
X02028,momentum_reversion,short_only,atr_blend,atr_blend,1.0,1.0,48,48,159.48,1.0873,0.5,3.3225,615.9,1987.24,-1827.76,3,2,False,"[92.66, 233.66, -166.84]",0.5556,0.7273,0.75,154.91
X00424,emapmo,long_only,atr,atr,2.0,1.0,48,48,338.48,1.0869,0.6667,7.0517,1153.4,4232.32,-3893.84,3,1,False,"[-66.84, 643.66, -238.34]",0.5714,0.5714,0.6667,416.24
X01753,momentum_reversion,long_only,atr_blend,atr_blend,2.0,2.0,24,55,228.8,1.0869,0.4727,4.16,711.88,2860.26,-2631.46,3,1,False,"[-446.06, -265.82, 940.68]",0.4286,0.3333,0.25,382.6
X01420,momentum_reversion,all,range15_pct,range15_pct,1.0,1.0,6,105,322.3,1.0868,0.5238,3.0695,654.74,4034.8,-3712.5,3,2,False,"[-392.4, 240.6, 474.1]",0.5745,0.4167,0.5,265.06
X01341,icefishball,short_only,atr,atr,2.5,1.5,48,248,1120.98,1.0862,0.625,4.5201,1641.76,14129.8,-13008.82,3,2,False,"[-686.42, 823.08, 984.32]",0.625,0.5385,0.75,556.03
X00148,emapmo,all,atr_blend,atr_blend,1.0,1.5,24,197,781.22,1.0861,0.4416,3.9656,1089.66,9854.62,-9073.4,3,2,False,"[808.16, 664.66, -691.6]",0.475,0.5,0.75,233.17
X00046,emapmo,all,atr_blend,atr_blend,2.5,1.5,6,196,683.46,1.0857,0.5357,3.487,1694.42,8655.3,-7971.84,3,2,False,"[448.16, -249.6, 484.9]",0.6,0.5833,0.5,461.33
X01402,momentum_reversion,all,atr_blend,atr_blend,1.0,1.5,6,116,303.16,1.0855,0.431,2.6134,515.12,3849.5,-3546.34,3,2,False,"[-223.36, 75.64, 450.88]",0.5319,0.4167,0.5,219.92
X01749,momentum_reversion,long_only,atr_blend,atr_blend,1.5,2.0,24,59,200.34,1.0846,0.4068,3.3956,546.84,2568.24,-2367.9,3,2,False,"[-411.8, 20.7, 591.44]",0.4286,0.4167,0.25,272.88
X01818,momentum_reversion,long_only,range15_pct,range15_pct,0.75,2.0,48,58,271.58,1.0844,0.2931,4.6824,547.4,3488.42,-3216.84,3,1,False,"[-148.3, -77.56, 497.44]",0.3429,0.4167,0.75,286.42
X01602,momentum_reversion,long_only,fixed,fixed,30.0,30.0,6,66,140.16,1.0842,0.5152,2.1236,377.06,1804.84,-1664.68,3,2,False,"[-249.78, 103.72, 286.22]",0.5714,0.5,0.75,95.48
X01459,momentum_reversion,all,atr_blend,atr_blend,1.0,1.5,12,114,334.14,1.0834,0.4211,2.9311,619.12,4339.98,-4005.84,3,2,False,"[-363.62, 101.88, 595.88]",0.5319,0.4167,0.5,247.54
X00113,emapmo,all,range15_pct,range15_pct,1.25,1.5,12,132,661.32,1.0824,0.4697,5.01,1484.14,8683.62,-8022.3,3,2,False,"[681.44, -373.06, 352.94]",0.5,0.6667,0.75,294.57
X00051,emapmo,all,range15_pct,range15_pct,0.75,2.0,6,193,630.68,1.0822,0.4197,3.2678,1281.18,8303.56,-7672.88,3,2,False,"[575.4, -57.86, 113.14]",0.4615,0.5833,0.5,198.24
X01456,momentum_reversion,all,atr,atr,2.5,2.0,12,95,357.2,1.082,0.5263,3.76,672.92,4713.5,-4356.3,3,2,False,"[-231.18, 130.82, 457.56]",0.5319,0.4167,0.5,368.53
X01431,momentum_reversion,all,fixed,fixed,30.0,30.0,12,122,266.22,1.081,0.5164,2.1821,499.84,3554.38,-3288.16,3,1,False,"[-41.84, 357.66, -49.6]",0.4894,0.6667,0.5,126.41
X00213,emapmo,all,atr_blend,atr_blend,2.0,1.5,48,143,742.18,1.0798,0.6014,5.1901,1375.44,10037.36,-9295.18,3,2,False,"[684.98, 387.98, -330.78]",0.5641,0.5833,0.75,311.03
X00039,emapmo,all,atr_blend,atr_blend,1.5,2.0,6,194,658.44,1.0797,0.4845,3.394,1572.6,8924.44,-8266.0,3,2,False,"[684.9, -548.1, 521.64]",0.525,0.5,0.75,343.61
X00206,emapmo,all,atr_blend,atr_blend,1.0,2.0,48,172,755.72,1.0796,0.3488,4.3937,1429.84,10252.1,-9496.38,3,1,False,"[966.08, -90.68, -119.68]",0.4103,0.5833,1.0,291.96
X01387,momentum_reversion,all,atr,atr,1.0,2.0,6,116,281.16,1.0795,0.431,2.4238,554.86,3816.5,-3535.34,3,2,False,"[-48.36, 202.64, 126.88]",0.5745,0.5,0.75,182.06
X01566,momentum_reversion,all,atr,atr,2.0,2.0,48,96,409.96,1.0792,0.5208,4.2704,833.92,5583.5,-5173.54,3,2,False,"[-511.68, 716.32, 205.32]",0.5106,0.3333,0.5,413.17
X00318,emapmo,long_only,atr_blend,atr_blend,1.0,1.0,12,67,318.92,1.0791,0.4925,4.76,772.86,4350.58,-4031.66,3,2,False,"[-135.52, 255.72, 198.72]",0.5714,0.7143,0.6667,304.32
X00437,emapmo,long_only,atr_blend,atr_blend,1.5,1.5,48,43,317.68,1.0786,0.5116,7.3879,1241.9,4360.22,-4042.54,3,2,False,"[31.9, 1106.64, -820.86]",0.5714,0.5714,0.6667,526.2
X01923,momentum_reversion,short_only,atr_blend,atr_blend,2.0,1.5,12,40,156.4,1.0786,0.5,3.91,649.96,2145.2,-1988.8,3,2,False,"[-280.86, 209.88, 227.38]",0.4444,0.6364,0.5,203.32
X00024,emapmo,all,atr,atr,1.5,4.0,6,185,623.6,1.0785,0.4595,3.3708,1364.06,8564.1,-7940.5,3,2,False,"[947.12, -871.88, 548.36]",0.5128,0.5,0.75,313.28
X00197,emapmo,all,atr,atr,2.0,1.5,48,152,742.52,1.0781,0.6053,4.885,1614.32,10253.92,-9511.4,3,2,False,"[682.26, 528.26, -468.0]",0.5385,0.5833,0.5,373.4
X00143,emapmo,all,atr,atr,2.5,1.0,24,174,645.74,1.0781,0.7011,3.7111,1345.74,8917.22,-8271.48,3,2,False,"[711.08, 497.08, -562.42]",0.55,0.5833,0.75,338.88
X01434,momentum_reversion,all,fixed,fixed,60.0,15.0,12,125,206.0,1.078,0.792,1.648,497.36,2847.24,-2641.24,3,2,False,"[0.42, 226.42, -20.84]",0.5957,0.6667,0.5,141.54
X01795,momentum_reversion,long_only,atr,atr,2.0,4.0,48,56,242.56,1.0773,0.3393,4.3314,645.86,3378.94,-3136.38,3,1,False,"[-248.56, -340.06, 831.18]",0.3429,0.3333,0.5,341.28
X01448,momentum_reversion,all,atr,atr,1.5,2.0,12,105,330.8,1.0768,0.4286,3.1505,564.14,4635.7,-4304.9,3,2,False,"[-256.4, 139.1, 448.1]",0.4894,0.4167,0.5,295.63
X01266,icefishball,short_only,fixed,fixed,60.0,120.0,24,256,1159.06,1.0763,0.4141,4.5276,2198.72,16344.06,-15185.0,3,2,False,"[-1616.64, 2359.1, 416.6]",0.5179,0.4615,0.75,515.31
X00023,emapmo,all,atr,atr,1.5,2.0,6,196,641.96,1.076,0.4745,3.2753,1503.82,9084.18,-8442.22,3,2,False,"[780.16, -375.1, 236.9]",0.475,0.5833,0.75,332.61
X01603,momentum_reversion,long_only,fixed,fixed,30.0,60.0,6,66,141.66,1.075,0.4394,2.1464,451.9,2030.54,-1888.88,3,1,False,"[-240.78, -147.28, 529.72]",0.4857,0.3333,0.5,145.27
X01214,icefishball,short_only,atr,atr,1.0,1.0,12,350,745.0,1.0747,0.5114,2.1286,763.54,10719.54,-9974.54,3,2,False,"[-282.58, 410.42, 617.16]",0.5357,0.6154,0.75,266.42
X00133,emapmo,all,atr,atr,1.0,2.0,24,182,698.82,1.0742,0.3626,3.8397,1214.84,10122.66,-9423.84,3,2,False,"[569.36, -266.14, 395.6]",0.4103,0.6667,0.5,234.82
X00054,emapmo,all,range15_pct,range15_pct,1.0,2.0,6,186,578.86,1.0727,0.4516,3.1122,1349.34,8540.34,-7961.48,3,2,False,"[531.62, -233.38, 280.62]",0.4615,0.5,0.75,257.71
X00011,emapmo,all,fixed,fixed,60.0,60.0,6,220,644.2,1.0727,0.5,2.9282,1754.06,9506.6,-8862.4,3,2,False,"[925.74, -1233.02, 951.48]",0.5,0.6667,0.75,489.84
X00048,emapmo,all,atr_blend,atr_blend,2.5,4.0,6,173,534.48,1.0722,0.4798,3.0895,1454.48,7937.08,-7402.6,3,2,False,"[681.08, -714.42, 567.82]",0.4872,0.5833,0.5,424.2
X00055,emapmo,all,range15_pct,range15_pct,1.25,1.0,6,198,609.98,1.0712,0.5202,3.0807,1419.12,9173.78,-8563.8,3,2,False,"[432.16, -470.34, 648.16]",0.525,0.5833,0.5,366.6
X01930,momentum_reversion,short_only,range15_pct,range15_pct,0.75,1.0,12,42,141.92,1.071,0.4762,3.379,661.16,2139.7,-1997.78,3,1,False,"[-140.36, 302.14, -19.86]",0.5185,0.6364,0.5,173.51
X00253,emapmo,long_only,atr,atr,2.0,1.0,6,57,260.82,1.0703,0.614,4.5758,1412.64,3970.1,-3709.28,3,2,False,"[-375.06, 615.44, 20.44]",0.8,0.7143,0.6667,458.8
X00099,emapmo,all,atr_blend,atr_blend,2.0,1.5,12,161,618.86,1.0699,0.5466,3.8439,1557.56,9475.88,-8857.02,3,2,False,"[520.04, -111.96, 210.78]",0.5,0.5833,0.75,327.08
X00077,emapmo,all,atr,atr,1.0,4.0,12,156,540.56,1.0689,0.3205,3.4651,1372.16,8389.0,-7848.44,3,2,False,"[743.52, -379.48, 176.52]",0.4211,0.6667,0.75,213.76
X01551,momentum_reversion,all,fixed,fixed,60.0,120.0,48,93,458.68,1.0688,0.4086,4.932,1130.82,7126.88,-6668.2,3,1,False,"[-77.44, -508.44, 1044.56]",0.4894,0.4167,0.5,703.0
X00091,emapmo,all,atr_blend,atr_blend,1.0,1.5,12,201,603.26,1.0671,0.4378,3.0013,1118.88,9588.88,-8985.62,3,2,False,"[727.42, 380.92, -505.08]",0.425,0.5833,0.75,248.47
X01810,momentum_reversion,long_only,atr_blend,atr_blend,2.0,2.0,48,55,183.8,1.0662,0.4727,3.3418,706.68,2958.26,-2774.46,3,1,False,"[-309.56, -388.32, 881.68]",0.4286,0.5,0.25,393.54
X01914,momentum_reversion,short_only,atr_blend,atr_blend,1.0,1.0,12,48,120.98,1.0662,0.5,2.5204,615.9,1948.74,-1827.76,3,2,False,"[54.16, 233.66, -166.84]",0.5556,0.7273,0.5,154.4
X01588,momentum_reversion,all,range15_pct,range15_pct,0.75,1.0,48,99,348.74,1.0661,0.4343,3.5226,1142.06,5623.18,-5274.44,3,1,False,"[-581.92, 1068.58, -137.92]",0.4255,0.4167,0.5,469.98
X01227,icefishball,short_only,atr,atr,2.5,1.5,12,269,718.94,1.0654,0.5688,2.6726,1306.76,11720.28,-11001.34,3,1,False,"[-115.1, 861.4, -27.36]",0.4821,0.6154,0.5,432.41
X00032,emapmo,all,atr,atr,2.5,4.0,6,175,492.0,1.0649,0.4743,2.8114,1453.98,8071.08,-7579.08,3,2,False,"[671.34, -704.42, 525.08]",0.4615,0.5833,0.5,431.61
X00132,emapmo,all,atr,atr,1.0,1.5,24,223,640.48,1.0645,0.4305,2.8721,1054.84,10568.96,-9928.48,3,2,False,"[866.5, -262.26, 36.24]",0.55,0.5,0.75,204.88
X00245,emapmo,long_only,atr,atr,1.0,1.0,6,74,266.74,1.0635,0.5,3.6046,707.86,4465.62,-4198.88,3,1,False,"[460.0, -169.5, -23.76]",0.5333,0.5714,0.6667,308.4
X01509,momentum_reversion,all,atr,atr,2.0,2.0,24,97,320.22,1.0634,0.4845,3.3012,894.2,5367.22,-5047.0,3,2,False,"[-673.92, 665.82, 328.32]",0.4894,0.3333,0.5,385.04
X01391,momentum_reversion,all,atr,atr,1.5,2.0,6,110,232.1,1.0627,0.4818,2.11,565.96,3933.78,-3701.68,3,1,False,"[-265.88, -31.38, 529.36]",0.5106,0.3333,0.5,217.63
X01245,icefishball,short_only,atr_blend,atr_blend,2.5,4.0,12,263,794.88,1.0624,0.4753,3.0224,1886.88,13531.0,-12736.12,3,2,False,"[-959.62, 912.38, 842.12]",0.4821,0.5385,0.5,570.33
X00190,emapmo,all,atr,atr,1.0,2.0,48,182,584.82,1.0612,0.3516,3.2133,1176.84,10143.14,-9558.32,3,2,False,"[647.86, -266.14, 203.1]",0.359,0.5833,0.75,251.2
X00375,emapmo,long_only,atr_blend,atr_blend,1.0,1.0,24,67,248.42,1.0606,0.4925,3.7078,772.86,4350.58,-4102.16,3,2,False,"[-135.52, 223.22, 160.72]",0.5714,0.7143,0.6667,304.31
X00432,emapmo,long_only,atr_blend,atr_blend,1.0,1.0,48,67,248.42,1.0606,0.4925,3.7078,772.86,4350.58,-4102.16,3,2,False,"[-135.52, 223.22, 160.72]",0.5714,0.7143,0.6667,304.31
X01989,momentum_reversion,short_only,range15_pct,range15_pct,0.75,2.0,24,40,155.9,1.0605,0.375,3.8975,652.94,2734.4,-2578.5,3,1,False,"[-645.36, 843.38, -42.12]",0.4074,0.3636,0.5,343.13
X01842,momentum_reversion,short_only,atr,atr,1.0,1.5,6,50,107.5,1.0602,0.46,2.15,703.0,1891.98,-1784.48,3,2,False,"[146.92, 370.92, -410.34]",0.5185,0.6364,0.5,136.1
X01157,icefishball,short_only,atr,atr,1.0,1.0,6,353,559.78,1.06,0.4958,1.5858,721.44,9885.5,-9325.72,3,2,False,"[-393.82, 341.68, 611.92]",0.5357,0.5385,0.75,208.87
X00112,emapmo,all,range15_pct,range15_pct,1.25,1.0,12,154,486.54,1.0598,0.513,3.1594,1673.46,8623.54,-8137.0,3,2,False,"[833.52, -411.74, 64.76]",0.4615,0.5833,0.5,387.15
X00047,emapmo,all,atr_blend,atr_blend,2.5,2.0,6,185,473.6,1.0598,0.4919,2.56,1687.94,8398.16,-7924.56,3,2,False,"[465.62, -272.38, 280.36]",0.475,0.5833,0.5,486.05
X00522,emapmo,short_only,fixed,fixed,60.0,15.0,12,242,303.92,1.0595,0.781,1.2559,1277.4,5414.64,-5110.72,3,2,False,"[788.56, -804.94, 320.3]",0.5806,0.6667,0.75,365.97
X00083,emapmo,all,atr,atr,2.0,1.5,12,170,544.2,1.0593,0.5529,3.2012,1813.82,9716.94,-9172.74,3,2,False,"[719.82, -422.18, 246.56]",0.5,0.5833,0.75,338.08
X00081,emapmo,all,atr,atr,1.5,4.0,12,132,460.82,1.0589,0.4091,3.4911,1940.94,8289.04,-7828.22,3,2,False,"[1029.44, -1056.06, 487.44]",0.5,0.6667,0.75,268.13
X00203,emapmo,all,atr,atr,2.5,4.0,48,84,485.84,1.0586,0.4167,5.7838,1842.44,8775.1,-8289.26,3,2,False,"[-73.22, 464.78, 94.28]",0.4324,0.4167,0.75,379.95
X01933,momentum_reversion,short_only,range15_pct,range15_pct,1.0,1.0,12,41,120.66,1.0584,0.5122,2.9429,774.2,2186.46,-2065.8,3,1,False,"[-147.36, 308.14, -40.12]",0.4815,0.5455,0.5,170.01
X01936,momentum_reversion,short_only,range15_pct,range15_pct,1.25,1.0,12,40,120.9,1.0582,0.525,3.0225,722.96,2199.46,-2078.56,3,2,False,"[-152.36, 219.88, 53.38]",0.4815,0.5455,0.5,168.91
X00125,emapmo,all,fixed,fixed,60.0,60.0,24,167,516.42,1.058,0.521,3.0923,1851.18,9426.62,-8910.2,3,2,False,"[962.06, -1729.94, 1284.3]",0.4872,0.5833,0.75,455.73
X01284,icefishball,short_only,atr,atr,2.5,1.5,24,253,720.28,1.0579,0.6166,2.847,1617.76,13161.06,-12440.78,3,2,False,"[-157.9, 287.34, 590.84]",0.5536,0.6154,0.75,488.06
X00098,emapmo,all,atr_blend,atr_blend,2.0,1.0,12,202,516.52,1.057,0.6287,2.557,1558.28,9581.02,-9064.5,3,2,False,"[778.18, 294.42, -556.08]",0.55,0.75,0.75,320.71
X00562,emapmo,short_only,range15_pct,range15_pct,0.75,1.0,12,136,276.86,1.057,0.4706,2.0357,1184.16,5133.14,-4856.28,3,2,False,"[285.96, 401.2, -410.3]",0.5667,0.6667,0.75,331.29
X01215,icefishball,short_only,atr,atr,1.0,1.5,12,346,655.46,1.0567,0.4075,1.8944,925.04,12210.66,-11555.2,3,2,False,"[-165.34, 622.4, 198.4]",0.4821,0.5385,0.75,295.21
X00129,emapmo,all,fixed,fixed,80.0,60.0,24,147,472.22,1.0565,0.5714,3.2124,1836.54,8830.34,-8358.12,3,2,False,"[1117.24, -1545.26, 900.24]",0.5897,0.5833,0.5,433.0
X00228,emapmo,all,range15_pct,range15_pct,1.25,2.0,48,100,471.0,1.0561,0.42,4.71,1615.78,8873.42,-8402.42,3,2,False,"[659.84, -456.92, 268.08]",0.4054,0.5,0.75,325.03
X00155,emapmo,all,atr_blend,atr_blend,2.0,1.0,24,188,509.88,1.0557,0.6755,2.7121,1602.44,9656.02,-9146.14,3,1,False,"[1037.88, -40.12, -487.88]",0.575,0.5833,0.75,297.16
X00052,emapmo,all,range15_pct,range15_pct,1.0,1.0,6,207,481.32,1.055,0.5024,2.3252,1376.4,9232.54,-8751.22,3,2,False,"[342.44, -175.56, 314.44]",0.525,0.4167,0.75,309.39
X01549,momentum_reversion,all,fixed,fixed,60.0,30.0,48,108,226.08,1.0548,0.6852,2.0933,635.96,4348.24,-4122.16,3,2,False,"[-224.64, 135.36, 315.36]",0.5106,0.5,0.75,243.63
X00189,emapmo,all,atr,atr,1.0,1.5,48,223,542.98,1.0542,0.426,2.4349,1054.84,10557.2,-10014.22,3,2,False,"[769.0, -262.26, 36.24]",0.525,0.5,0.75,202.41
X01684,momentum_reversion,long_only,atr,atr,2.5,2.0,12,56,128.06,1.0542,0.5179,2.2868,690.42,2492.54,-2364.48,3,2,False,"[-360.56, 154.44, 334.18]",0.4857,0.4167,0.5,289.48
X00205,emapmo,all,atr_blend,atr_blend,1.0,1.5,48,197,501.72,1.0541,0.4264,2.5468,1232.16,9780.84,-9279.12,3,2,False,"[741.16, 594.66, -834.1]",0.45,0.5,0.75,230.39
X00171,emapmo,all,range15_pct,range15_pct,1.25,2.0,24,104,409.04,1.054,0.4615,3.9331,1645.78,7979.98,-7570.94,3,2,False,"[459.6, -414.9, 364.34]",0.4737,0.5,0.5,307.82
X00110,emapmo,all,range15_pct,range15_pct,1.0,1.5,12,138,443.88,1.0532,0.4493,3.2165,1624.12,8792.12,-8348.24,3,2,False,"[544.96, -485.54, 384.46]",0.4211,0.6667,0.75,251.93
X00053,emapmo,all,range15_pct,range15_pct,1.0,1.5,6,187,440.62,1.0529,0.4652,2.3563,1324.84,8771.62,-8331.0,3,2,False,"[318.88, -79.38, 201.12]",0.4615,0.5,0.75,230.13
X01916,momentum_reversion,short_only,atr_blend,atr_blend,1.0,2.0,12,47,110.72,1.0522,0.383,2.3557,614.18,2233.18,-2122.46,3,2,False,"[-447.84, 517.16, 41.4]",0.4815,0.6364,0.5,205.99
X01492,momentum_reversion,all,fixed,fixed,60.0,30.0,24,108,212.58,1.0521,0.6759,1.9683,613.64,4289.48,-4076.9,3,2,False,"[-238.14, 135.36, 315.36]",0.4894,0.5,0.75,242.28
X01333,icefishball,short_only,atr,atr,1.5,1.5,48,297,674.72,1.0518,0.4983,2.2718,1506.38,13712.48,-13037.76,3,2,False,"[-661.26, 834.24, 501.74]",0.5179,0.5385,0.75,460.31
X00035,emapmo,all,atr_blend,atr_blend,1.0,2.0,6,213,440.38,1.0516,0.4225,2.0675,1160.9,8969.9,-8529.52,3,1,False,"[916.46, -400.04, -76.04]",0.425,0.5,0.75,211.05
X00238,emapmo,long_only,fixed,fixed,60.0,30.0,6,106,203.06,1.0516,0.6792,1.9157,808.52,4139.72,-3936.66,3,2,False,"[-83.14, 209.6, 76.6]",0.5333,0.5714,0.3333,242.71
X01226,icefishball,short_only,atr,atr,2.5,1.0,12,277,512.52,1.0513,0.6643,1.8503,1293.24,10505.84,-9993.32,3,2,False,"[-406.32, 550.92, 367.92]",0.4821,0.5385,0.5,451.51
X00109,emapmo,all,range15_pct,range15_pct,1.0,1.0,12,165,445.4,1.0512,0.497,2.6994,1661.72,9148.82,-8703.42,3,2,False,"[453.8, -330.2, 321.8]",0.4359,0.5,0.75,361.69
X01218,icefishball,short_only,atr,atr,1.5,1.0,12,310,517.6,1.0508,0.5839,1.6697,1239.92,10709.06,-10191.46,3,2,False,"[-502.46, 691.28, 328.78]",0.5,0.4615,0.5,392.54
X01534,momentum_reversion,all,range15_pct,range15_pct,1.0,1.0,24,95,278.2,1.0507,0.4947,2.9284,936.6,5770.72,-5492.52,3,2,False,"[-536.18, 524.32, 290.06]",0.4894,0.3333,0.5,480.86
X01329,icefishball,short_only,atr,atr,1.0,1.5,48,343,615.18,1.0505,0.4052,1.7935,920.48,12801.64,-12186.46,3,2,False,"[-198.6, 440.64, 373.14]",0.4821,0.5385,0.75,327.24
X01780,momentum_reversion,long_only,fixed,fixed,80.0,15.0,48,62,73.12,1.0504,0.8548,1.1794,443.64,1524.28,-1451.16,3,2,False,"[33.96, -156.04, 195.2]",0.7429,0.5833,0.5,120.45
X01615,momentum_reversion,long_only,atr,atr,1.0,2.0,6,66,87.66,1.0501,0.4091,1.3282,374.96,1838.52,-1750.86,3,2,False,"[-301.28, 62.22, 326.72]",0.5143,0.4167,0.25,133.36
X01969,momentum_reversion,short_only,atr,atr,2.5,2.0,24,39,125.64,1.0499,0.5385,3.2215,735.96,2645.96,-2520.32,3,1,False,"[-187.12, 549.38, -236.62]",0.5556,0.4545,0.5,207.31
X01513,momentum_reversion,all,atr,atr,2.5,2.0,24,94,259.94,1.0497,0.5213,2.7653,888.32,5492.74,-5232.8,3,2,False,"[-479.68, 276.06, 463.56]",0.4894,0.3333,0.5,509.32
X01741,momentum_reversion,long_only,atr,atr,2.5,2.0,24,55,134.3,1.0495,0.5091,2.4418,732.46,2846.78,-2712.48,3,2,False,"[-603.56, 6.68, 731.18]",0.4571,0.4167,0.5,381.06
X00265,emapmo,long_only,atr_blend,atr_blend,1.5,1.0,6,65,205.9,1.0489,0.5846,3.1677,1038.12,4416.88,-4210.98,3,2,False,"[213.72, 289.22, -297.04]",0.6,0.5714,0.6667,387.61
X00068,emapmo,all,fixed,fixed,60.0,60.0,12,180,426.3,1.0483,0.5,2.3683,1708.9,9244.4,-8818.1,3,2,False,"[674.6, -1378.9, 1130.6]",0.5385,0.5833,0.5,442.38
X00636,emapmo,short_only,fixed,fixed,60.0,15.0,48,231,248.06,1.0481,0.8139,1.0739,1232.3,5406.88,-5158.82,3,2,False,"[564.52, -430.98, 114.52]",0.6129,0.6667,0.75,357.58
X01798,momentum_reversion,long_only,atr,atr,2.5,2.0,48,55,129.8,1.0473,0.5273,2.36,794.18,2874.54,-2744.74,3,2,False,"[-530.56, 6.68, 653.68]",0.4857,0.4167,0.5,387.5
X00019,emapmo,all,atr,atr,1.0,2.0,6,221,438.46,1.0472,0.3891,1.984,1162.72,9728.86,-9290.4,3,2,False,"[387.74, -213.76, 264.48]",0.4,0.5,0.5,217.37
X01332,icefishball,short_only,atr,atr,1.5,1.0,48,307,508.82,1.0471,0.5961,1.6574,1125.96,11314.08,-10805.26,3,2,False,"[-602.22, 238.02, 873.02]",0.5179,0.4615,0.75,469.82
X01639,momentum_reversion,long_only,atr_blend,atr_blend,2.0,2.0,6,57,90.32,1.0471,0.5263,1.5846,414.26,2006.8,-1916.48,3,1,False,"[-287.06, -114.06, 491.44]",0.4857,0.4167,0.25,200.37
X01858,momentum_reversion,short_only,atr_blend,atr_blend,1.0,1.5,6,49,81.74,1.0469,0.449,1.6682,533.76,1826.22,-1744.48,3,1,False,"[-81.08, 278.16, -115.34]",0.4815,0.6364,0.5,151.61
X00579,emapmo,short_only,fixed,fixed,60.0,15.0,24,231,238.56,1.0469,0.8009,1.0327,1257.8,5320.6,-5082.04,3,2,False,"[548.02, -456.48, 147.02]",0.6129,0.75,0.75,349.17
X01988,momentum_reversion,short_only,range15_pct,range15_pct,0.75,1.5,24,41,118.16,1.0467,0.4146,2.882,652.94,2647.92,-2529.76,3,1,False,"[-517.86, 883.14, -247.12]",0.4444,0.2727,0.5,338.51
X00100,emapmo,all,atr_blend,atr_blend,2.0,2.0,12,141,407.16,1.0464,0.4823,2.8877,2006.96,9188.18,-8781.02,3,2,False,"[772.72, -540.28, 174.72]",0.4872,0.6667,0.75,343.22
X01468,momentum_reversion,all,atr_blend,atr_blend,2.0,2.0,12,96,201.96,1.0461,0.4792,2.1037,708.98,4584.46,-4382.5,3,2,False,"[-459.68, 94.32, 567.32]",0.5106,0.4167,0.5,370.63
X01664,momentum_reversion,long_only,fixed,fixed,60.0,60.0,12,56,104.56,1.0459,0.5,1.8671,486.72,2381.28,-2276.72,3,2,False,"[-331.06, 87.94, 347.68]",0.5143,0.3333,0.5,252.3
X00200,emapmo,all,atr,atr,2.5,1.0,48,169,400.44,1.0457,0.7278,2.3695,1899.76,9167.48,-8767.04,3,2,False,"[659.32, 418.56, -677.44]",0.5641,0.5833,0.75,448.36
X01328,icefishball,short_only,atr,atr,1.0,1.0,48,349,466.74,1.0455,0.5072,1.3374,785.54,10724.02,-10257.28,3,2,False,"[-304.58, 210.16, 561.16]",0.5,0.5385,0.75,285.68
X01578,momentum_reversion,all,atr_blend,atr_blend,1.5,2.0,48,101,236.76,1.0452,0.4455,2.3442,787.98,5478.2,-5241.44,3,2,False,"[-486.16, 328.34, 394.58]",0.4894,0.5,0.5,384.68
X01228,icefishball,short_only,atr,atr,2.5,2.0,12,266,535.16,1.045,0.515,2.0119,1207.54,12419.12,-11883.96,3,2,False,"[-130.36, 292.64, 372.88]",0.4464,0.6154,0.5,469.94
X00075,emapmo,all,atr,atr,1.0,1.5,12,229,446.54,1.045,0.4192,1.95,1117.54,10368.96,-9922.42,3,1,False,"[901.52, -345.74, -109.24]",0.45,0.5833,0.75,217.64
X00026,emapmo,all,atr,atr,2.0,1.5,6,211,401.36,1.045,0.5261,1.9022,1745.24,9319.86,-8918.5,3,2,False,"[571.46, -462.3, 292.2]",0.575,0.5833,0.5,468.21
X00210,emapmo,all,atr_blend,atr_blend,1.5,2.0,48,135,424.6,1.0449,0.437,3.1452,1749.88,9882.34,-9457.74,3,1,False,"[1092.7, -151.8, -516.3]",0.4737,0.6667,0.75,380.06
X01271,icefishball,short_only,atr,atr,1.0,1.0,24,350,456.0,1.0449,0.5086,1.3029,743.94,10600.78,-10144.78,3,2,False,"[-260.58, 300.42, 416.16]",0.5,0.6154,0.75,276.68
X01323,icefishball,short_only,fixed,fixed,60.0,120.0,48,241,758.66,1.0444,0.3651,3.148,2821.88,17839.88,-17081.22,3,2,False,"[-1511.44, 1514.8, 755.3]",0.4643,0.4615,0.75,652.24
X00040,emapmo,all,atr_blend,atr_blend,1.5,4.0,6,180,352.3,1.0443,0.4667,1.9572,1370.26,8296.34,-7944.04,3,2,False,"[808.1, -738.9, 283.1]",0.5128,0.5833,0.75,281.13
X00080,emapmo,all,atr,atr,1.5,2.0,12,157,404.32,1.0438,0.4395,2.5753,1632.88,9638.44,-9234.12,3,2,False,"[885.28, -670.48, 189.52]",0.4359,0.6667,0.75,269.19
X00012,emapmo,all,fixed,fixed,60.0,120.0,6,193,355.18,1.043,0.4508,1.8403,1702.42,8615.62,-8260.44,3,2,False,"[940.4, -1143.36, 558.14]",0.5128,0.5833,0.75,338.59
X01349,icefishball,short_only,atr_blend,atr_blend,1.5,1.5,48,297,567.22,1.0422,0.5118,1.9098,1266.26,14006.02,-13438.8,3,2,False,"[-257.76, 476.74, 348.24]",0.5,0.5385,0.5,448.26
X01928,momentum_reversion,short_only,atr_blend,atr_blend,2.5,2.0,12,39,88.64,1.0421,0.5128,2.2728,770.46,2196.2,-2107.56,3,2,False,"[-282.12, 226.38, 144.38]",0.4815,0.5455,0.5,229.25
X01946,momentum_reversion,short_only,fixed,fixed,30.0,120.0,24,50,92.5,1.042,0.28,1.85,612.4,2297.14,-2204.64,3,2,False,"[243.92, 149.42, -300.84]",0.4444,0.1818,0.5,274.38
X01915,momentum_reversion,short_only,atr_blend,atr_blend,1.0,1.5,12,47,85.72,1.0414,0.4255,1.8238,614.18,2156.2,-2070.48,3,1,False,"[-246.84, 556.16, -223.6]",0.5185,0.5455,0.5,170.92
X00034,emapmo,all,atr_blend,atr_blend,1.0,1.5,6,229,362.04,1.0413,0.4585,1.581,1251.48,9122.3,-8760.26,3,1,False,"[858.02, -184.24, -311.74]",0.575,0.5833,0.75,205.07
X01552,momentum_reversion,all,fixed,fixed,80.0,15.0,48,118,113.18,1.041,0.8475,0.9592,812.32,2876.0,-2762.82,3,1,False,"[339.9, -18.36, -208.36]",0.6809,0.4167,0.5,202.79
X01766,momentum_reversion,long_only,range15_pct,range15_pct,1.25,1.5,24,53,131.28,1.0405,0.3962,2.477,1114.14,3375.96,-3244.68,3,1,False,"[-729.82, -384.32, 1245.42]",0.3714,0.3333,0.25,525.25
X00076,emapmo,all,atr,atr,1.0,2.0,12,190,375.9,1.0398,0.3632,1.9784,1232.3,9819.44,-9443.54,3,2,False,"[652.64, -335.12, 58.38]",0.3077,0.5833,0.75,227.82
X01335,icefishball,short_only,atr,atr,1.5,4.0,48,280,671.8,1.0396,0.2964,2.3993,1859.22,17629.58,-16957.78,3,2,False,"[-1464.06, 2003.68, 132.18]",0.5,0.4615,0.5,582.0
X00677,emapmo,short_only,range15_pct,range15_pct,0.75,1.5,48,100,189.0,1.0396,0.35,1.89,1118.34,4960.1,-4771.1,3,1,False,"[-133.16, 488.58, -166.42]",0.3793,0.4167,0.75,350.92
X01945,momentum_reversion,short_only,fixed,fixed,30.0,60.0,24,52,79.52,1.0393,0.3654,1.5292,612.4,2100.44,-2020.92,3,1,False,"[517.68, -16.08, -422.08]",0.4444,0.4545,0.5,164.67
X01272,icefishball,short_only,atr,atr,1.0,1.5,24,344,473.94,1.0393,0.407,1.3777,968.3,12547.9,-12073.96,3,2,False,"[-175.6, 514.9, 134.64]",0.4821,0.5385,0.75,299.71
X00875,icefishball,all,atr,atr,1.0,4.0,48,536,1035.36,1.0388,0.209,1.9316,3314.54,27746.12,-26710.76,3,1,False,"[-325.46, 1517.04, -156.22]",0.5179,0.4615,0.5,913.61
X01906,momentum_reversion,short_only,atr,atr,2.0,1.0,12,41,69.16,1.0382,0.5854,1.6868,840.68,1879.74,-1810.58,3,1,False,"[-21.36, 143.14, -52.62]",0.5556,0.5455,0.5,131.86
X00071,emapmo,all,fixed,fixed,80.0,30.0,12,237,334.62,1.0381,0.6751,1.4119,1749.52,9128.1,-8793.48,3,2,False,"[1133.04, -1216.46, 418.04]",0.625,0.6667,0.75,395.65
X00088,emapmo,all,atr,atr,2.5,2.0,12,136,321.36,1.0374,0.4926,2.3629,1403.52,8905.92,-8584.56,3,2,False,"[422.46, -437.3, 336.2]",0.5128,0.5833,0.75,293.21
X00638,emapmo,short_only,fixed,fixed,60.0,60.0,48,97,205.22,1.0373,0.4948,2.1157,1242.68,5700.48,-5495.26,3,2,False,"[134.08, -225.18, 296.32]",0.4,0.5833,0.5,344.56
X01243,icefishball,short_only,atr_blend,atr_blend,2.5,1.5,12,268,409.18,1.0368,0.5746,1.5268,1323.5,11534.04,-11124.86,3,2,False,"[-296.1, 694.64, 10.64]",0.5179,0.6154,0.5,396.28
X01826,momentum_reversion,short_only,fixed,fixed,15.0,30.0,6,69,50.44,1.0367,0.3623,0.731,490.92,1425.0,-1374.56,3,1,False,"[407.48, -88.52, -268.52]",0.5185,0.4545,0.5,117.91
X00162,emapmo,all,atr_blend,atr_blend,2.5,4.0,24,90,255.4,1.0362,0.4444,2.8378,2132.0,7306.4,-7051.0,3,2,False,"[398.3, -265.2, 122.3]",0.5,0.5833,0.75,419.04
X01235,icefishball,short_only,atr_blend,atr_blend,1.5,1.5,12,305,430.8,1.0361,0.5049,1.4125,1084.04,12379.54,-11948.74,3,2,False,"[-309.98, 501.02, 239.76]",0.4643,0.6154,0.5,376.29
X01158,icefishball,short_only,atr,atr,1.0,1.5,6,350,370.0,1.0361,0.4314,1.0571,847.24,10607.76,-10237.76,3,2,False,"[-135.08, 351.42, 153.66]",0.5357,0.6154,0.5,234.44
X00186,emapmo,all,fixed,fixed,80.0,60.0,48,142,318.92,1.0351,0.5704,2.2459,1817.04,9410.06,-9091.14,3,2,False,"[927.98, -1418.28, 809.22]",0.4872,0.5833,0.5,452.65
X00072,emapmo,all,fixed,fixed,80.0,60.0,12,167,299.42,1.0349,0.521,1.7929,1822.0,8869.12,-8569.7,3,2,False,"[664.56, -1260.94, 895.8]",0.5641,0.5833,0.5,442.05
X01275,icefishball,short_only,atr,atr,1.5,1.0,24,308,364.58,1.0348,0.5974,1.1837,1207.1,10838.84,-10474.26,3,2,False,"[-515.72, 350.78, 529.52]",0.5357,0.3846,0.75,429.11
X01543,momentum_reversion,all,fixed,fixed,15.0,120.0,48,145,133.2,1.0338,0.131,0.9186,917.12,4069.44,-3936.24,3,2,False,"[68.74, 213.98, -149.52]",0.3617,0.3333,0.25,336.67
X01790,momentum_reversion,long_only,atr,atr,1.5,2.0,48,62,81.62,1.0337,0.4032,1.3165,627.16,2500.5,-2418.88,3,2,False,"[-343.54, 92.96, 332.2]",0.4571,0.3333,0.5,266.23
X01230,icefishball,short_only,atr_blend,atr_blend,1.0,1.0,12,350,351.5,1.0337,0.5143,1.0043,829.28,10794.3,-10442.8,3,2,False,"[-338.58, 417.92, 272.16]",0.4821,0.6923,0.5,261.86
X01893,momentum_reversion,short_only,fixed,fixed,60.0,120.0,12,43,74.68,1.0334,0.3953,1.7367,727.44,2313.92,-2239.24,3,1,False,"[-327.6, 461.64, -59.36]",0.4444,0.4545,0.5,256.84
X00028,emapmo,all,atr,atr,2.0,4.0,6,177,269.52,1.033,0.4689,1.5227,1722.96,8431.08,-8161.56,3,2,False,"[717.84, -913.16, 464.84]",0.4872,0.5833,0.5,455.82
X00018,emapmo,all,atr,atr,1.0,1.5,6,252,315.02,1.0329,0.4325,1.2501,1099.4,9875.84,-9560.82,3,1,False,"[736.34, -345.66, -75.66]",0.45,0.4167,0.5,181.86
X01692,momentum_reversion,long_only,atr_blend,atr_blend,1.5,2.0,12,60,73.1,1.0328,0.45,1.2183,444.66,2304.52,-2231.42,3,2,False,"[-268.3, 78.2, 263.2]",0.4571,0.5,0.5,180.1
X00676,emapmo,short_only,range15_pct,range15_pct,0.75,1.0,48,126,170.76,1.0321,0.4286,1.3552,947.66,5486.54,-5315.78,3,1,False,"[-64.08, 344.42, -109.58]",0.5,0.5833,0.5,229.08
X01237,icefishball,short_only,atr_blend,atr_blend,1.5,4.0,12,301,429.26,1.0316,0.4053,1.4261,1861.24,14001.72,-13572.46,3,2,False,"[-956.74, 525.5, 860.5]",0.4286,0.4615,0.5,528.52
X00583,emapmo,short_only,fixed,fixed,80.0,15.0,24,208,150.58,1.0312,0.8317,0.7239,1474.1,4975.48,-4824.9,3,2,False,"[951.2, -806.56, 5.94]",0.5484,0.6667,0.75,401.33
X01375,momentum_reversion,all,fixed,fixed,30.0,60.0,6,122,117.22,1.0311,0.418,0.9608,626.58,3885.26,-3768.04,3,1,False,"[-263.84, 477.16, -96.1]",0.5319,0.4167,0.5,241.6
X00322,emapmo,long_only,atr_blend,atr_blend,1.5,1.0,12,59,125.84,1.0302,0.5593,2.1329,1157.62,4298.08,-4172.24,3,1,False,"[-358.8, 924.2, -439.56]",0.5714,0.5714,0.6667,481.19
X01396,momentum_reversion,all,atr,atr,2.0,4.0,6,104,104.54,1.0302,0.5096,1.0052,648.94,3560.78,-3456.24,3,1,False,"[-431.9, -177.4, 713.84]",0.5319,0.25,0.25,256.27
X01738,momentum_reversion,long_only,atr,atr,2.0,4.0,24,56,84.56,1.0301,0.3214,1.51,807.62,2893.18,-2808.62,3,1,False,"[-429.56, -378.06, 892.18]",0.3429,0.3333,0.25,387.68
X00037,emapmo,all,atr_blend,atr_blend,1.5,1.0,6,254,290.54,1.0291,0.5709,1.1439,1451.04,10276.2,-9985.66,3,1,False,"[747.1, -308.9, -147.66]",0.625,0.75,0.5,304.81
X00095,emapmo,all,atr_blend,atr_blend,1.5,1.5,12,173,262.48,1.0287,0.5087,1.5172,1194.6,9405.88,-9143.4,3,2,False,"[398.58, 577.08, -713.18]",0.5,0.5,0.25,331.93
X01208,icefishball,short_only,fixed,fixed,60.0,60.0,12,281,337.06,1.0287,0.4982,1.1995,1580.76,12069.9,-11732.84,3,2,False,"[-1034.06, 1088.94, 282.18]",0.4643,0.5385,0.5,441.76
X00044,emapmo,all,atr_blend,atr_blend,2.0,4.0,6,175,229.0,1.0284,0.4743,1.3086,1756.96,8299.58,-8070.58,3,2,False,"[892.34, -1146.42, 483.08]",0.4615,0.5833,0.5,451.65
X01927,momentum_reversion,short_only,atr_blend,atr_blend,2.5,1.5,12,39,59.14,1.0283,0.5385,1.5164,770.46,2147.46,-2088.32,3,2,False,"[-189.12, 141.38, 106.88]",0.4444,0.5455,0.5,210.77
X01781,momentum_reversion,long_only,fixed,fixed,80.0,30.0,48,55,61.8,1.0283,0.7091,1.1236,629.68,2248.64,-2186.84,3,1,False,"[-2.56, -333.32, 397.68]",0.6,0.5833,0.5,203.52
X01234,icefishball,short_only,atr_blend,atr_blend,1.5,1.0,12,314,304.64,1.0283,0.5892,0.9702,1452.9,11055.6,-10750.96,3,1,False,"[-68.7, 400.8, -27.46]",0.4643,0.5385,0.5,398.38
X01954,momentum_reversion,short_only,fixed,fixed,80.0,120.0,24,39,79.64,1.0282,0.4615,2.0421,806.2,2902.68,-2823.04,3,2,False,"[-726.12, 732.88, 72.88]",0.5185,0.4545,0.5,369.21
X00101,emapmo,all,atr_blend,atr_blend,2.0,4.0,12,117,216.42,1.0277,0.4444,1.8497,2181.52,8029.02,-7812.6,3,2,False,"[465.14, -1085.86, 837.14]",0.5263,0.5833,0.75,391.63
X01643,momentum_reversion,long_only,atr_blend,atr_blend,2.5,2.0,6,56,53.06,1.0272,0.5357,0.9475,459.44,2006.8,-1953.74,3,2,False,"[-330.56, 60.94, 322.68]",0.4857,0.3333,0.5,202.46
X00042,emapmo,all,atr_blend,atr_blend,2.0,1.5,6,203,236.28,1.0271,0.5271,1.1639,1785.14,8944.82,-8708.54,3,2,False,"[427.68, -437.82, 246.42]",0.575,0.5833,0.5,421.46
X01416,momentum_reversion,all,atr_blend,atr_blend,2.5,4.0,6,101,93.76,1.027,0.5347,0.9283,518.86,3572.54,-3478.78,3,1,False,"[-304.16, -203.66, 601.58]",0.5532,0.4167,0.25,250.11
X01209,icefishball,short_only,fixed,fixed,60.0,120.0,12,280,344.3,1.0269,0.4607,1.2296,1559.56,13125.04,-12780.74,3,2,False,"[-1075.06, 1366.68, 52.68]",0.4286,0.4615,0.5,460.41
X01436,momentum_reversion,all,fixed,fixed,60.0,60.0,12,99,114.24,1.0267,0.4848,1.1539,1012.28,4392.48,-4278.24,3,1,False,"[-30.92, 179.58, -34.42]",0.4681,0.4167,0.5,328.96
X02002,momentum_reversion,short_only,fixed,fixed,30.0,60.0,48,52,55.52,1.0267,0.3462,1.0677,677.36,2137.68,-2082.16,3,2,False,"[517.68, 38.92, -501.08]",0.4074,0.5455,0.5,179.21
X00128,emapmo,all,fixed,fixed,80.0,30.0,24,222,233.22,1.0263,0.7027,1.0505,1932.88,9099.56,-8866.34,3,2,False,"[1108.24, -1192.76, 317.74]",0.55,0.6667,0.75,411.82
X00409,emapmo,long_only,fixed,fixed,60.0,30.0,48,106,108.56,1.0263,0.6792,1.0242,838.28,4230.72,-4122.16,3,2,False,"[-44.64, 76.6, 76.6]",0.5333,0.5714,0.3333,245.22
X01460,momentum_reversion,all,atr_blend,atr_blend,1.0,2.0,12,112,110.62,1.0262,0.3661,0.9877,775.82,4326.16,-4215.54,3,2,False,"[-603.62, 136.62, 577.62]",0.4894,0.5,0.5,288.24
X00288,emapmo,long_only,fixed,fixed,15.0,60.0,12,125,80.0,1.0261,0.216,0.64,611.92,3141.52,-3061.52,3,2,False,"[37.92, -27.08, 69.16]",0.6,0.5714,0.3333,196.08
X00152,emapmo,all,atr_blend,atr_blend,1.5,1.5,24,165,247.4,1.0258,0.5333,1.4994,1266.26,9826.38,-9578.98,3,2,False,"[617.8, 438.8, -809.2]",0.55,0.5833,0.5,307.83
X01820,momentum_reversion,long_only,range15_pct,range15_pct,1.0,1.5,48,55,83.3,1.0243,0.3636,1.5145,784.16,3508.7,-3425.4,3,1,False,"[-462.06, -49.32, 594.68]",0.3429,0.4167,0.5,412.93
X00138,emapmo,all,atr,atr,1.5,4.0,24,114,185.64,1.0239,0.3772,1.6284,1808.2,7962.68,-7777.04,3,2,False,"[373.88, -335.12, 146.88]",0.3947,0.3333,0.5,375.08
X00015,emapmo,all,fixed,fixed,80.0,60.0,6,209,213.84,1.0239,0.5167,1.0232,1779.88,9154.58,-8940.74,3,2,False,"[1066.7, -1294.8, 441.94]",0.5,0.6667,0.5,446.06
X01901,momentum_reversion,short_only,atr,atr,1.0,4.0,12,47,47.22,1.0233,0.3404,1.0047,519.68,2076.16,-2028.94,3,1,False,"[-490.84, 617.66, -79.6]",0.4444,0.4545,0.5,173.77
X00020,emapmo,all,atr,atr,1.0,4.0,6,200,186.0,1.0232,0.38,0.93,1289.24,8219.26,-8033.26,3,1,False,"[453.42, -244.58, -22.84]",0.4103,0.5,0.5,209.02
X01646,momentum_reversion,long_only,range15_pct,range15_pct,0.75,1.5,6,61,41.86,1.0232,0.4918,0.6862,450.74,1847.8,-1805.94,3,2,False,"[-294.54, 50.7, 285.7]",0.4571,0.4167,0.5,190.31
X01419,momentum_reversion,all,range15_pct,range15_pct,0.75,2.0,6,109,83.34,1.0231,0.5046,0.7646,526.14,3694.8,-3611.46,3,1,False,"[-355.88, -50.14, 489.36]",0.5532,0.3333,0.75,239.9
X01496,momentum_reversion,all,fixed,fixed,80.0,30.0,24,103,94.78,1.0229,0.699,0.9202,791.16,4230.72,-4135.94,3,1,False,"[-80.9, -62.16, 237.84]",0.5319,0.5,0.75,287.23
X00043,emapmo,all,atr_blend,atr_blend,2.0,2.0,6,189,192.64,1.0227,0.4921,1.0193,1903.82,8667.68,-8475.04,3,2,False,"[588.38, -575.12, 179.38]",0.45,0.5833,0.5,489.71
X00096,emapmo,all,atr_blend,atr_blend,1.5,2.0,12,150,196.5,1.0221,0.4467,1.31,1729.66,9085.92,-8889.42,3,1,False,"[849.5, -568.5, -84.5]",0.4872,0.75,0.5,356.97
X01765,momentum_reversion,long_only,range15_pct,range15_pct,1.25,1.0,24,54,65.04,1.022,0.4815,1.2044,1051.96,3021.26,-2956.22,3,1,False,"[-735.82, -176.32, 977.18]",0.4286,0.25,0.25,447.1
X00027,emapmo,all,atr,atr,2.0,2.0,6,189,179.64,1.0207,0.4815,0.9505,1865.72,8855.16,-8675.52,3,2,False,"[514.88, -526.12, 190.88]",0.45,0.5,0.5,440.03
X00195,emapmo,all,atr,atr,1.5,4.0,48,113,180.38,1.0205,0.3009,1.5963,1910.6,8965.84,-8785.46,3,2,False,"[302.88, -475.62, 353.12]",0.3684,0.5,0.5,295.5
X01521,momentum_reversion,all,atr_blend,atr_blend,1.5,2.0,24,102,101.52,1.0201,0.4314,0.9953,936.72,5151.94,-5050.42,3,2,False,"[-721.66, 411.34, 411.84]",0.5106,0.4167,0.5,359.9
X01241,icefishball,short_only,atr_blend,atr_blend,2.0,4.0,12,279,269.04,1.0201,0.448,0.9643,2022.82,13669.5,-13400.46,3,2,False,"[-1238.32, 918.18, 589.18]",0.4464,0.5385,0.5,518.19
X01357,icefishball,short_only,atr_blend,atr_blend,2.5,1.5,48,246,271.46,1.02,0.622,1.1035,1686.02,13815.78,-13544.32,3,2,False,"[-641.68, 442.82, 470.32]",0.5893,0.4615,0.75,536.76
X01424,momentum_reversion,all,range15_pct,range15_pct,1.25,1.5,6,102,72.52,1.0198,0.5294,0.711,711.86,3731.04,-3658.52,3,1,False,"[-533.66, -17.66, 623.84]",0.5106,0.25,0.5,259.43
X01287,icefishball,short_only,atr_blend,atr_blend,1.0,1.0,24,350,209.5,1.0196,0.5086,0.5986,913.14,10905.28,-10695.78,3,2,False,"[-400.58, 453.42, 156.66]",0.4821,0.6154,0.5,283.21
X01344,icefishball,short_only,atr_blend,atr_blend,1.0,1.0,48,350,209.5,1.0196,0.5086,0.5986,913.14,10905.28,-10695.78,3,2,False,"[-400.58, 453.42, 156.66]",0.4821,0.6154,0.5,283.21
X01599,momentum_reversion,long_only,fixed,fixed,15.0,60.0,6,80,31.8,1.0186,0.3,0.3975,467.84,1742.74,-1710.94,3,1,False,"[-350.48, -35.48, 417.76]",0.4571,0.5,0.5,112.07
X01222,icefishball,short_only,atr,atr,2.0,1.0,12,296,188.96,1.018,0.625,0.6384,1047.94,10686.6,-10497.64,3,2,False,"[-234.26, 167.24, 255.98]",0.5179,0.5385,0.5,341.62
X00146,emapmo,all,atr,atr,2.5,4.0,24,90,132.4,1.0179,0.4444,1.4711,2095.7,7512.9,-7380.5,3,1,False,"[400.3, -128.7, -139.2]",0.5,0.5,0.75,438.45
X00225,emapmo,all,range15_pct,range15_pct,1.0,2.0,48,115,156.9,1.0179,0.3391,1.3643,1477.4,8899.64,-8742.74,3,2,False,"[24.64, -176.12, 308.38]",0.4324,0.5,0.5,230.1
X01254,icefishball,short_only,range15_pct,range15_pct,1.25,2.0,12,268,228.68,1.0179,0.4478,0.8533,1668.0,13004.2,-12775.52,3,2,False,"[-564.6, 730.14, 63.14]",0.4286,0.5385,0.5,464.1
X00199,emapmo,all,atr,atr,2.0,4.0,48,99,166.74,1.0178,0.3636,1.6842,2010.52,9526.36,-9359.62,3,2,False,"[54.58, 308.58, -196.42]",0.4324,0.5,0.5,323.99
X01400,momentum_reversion,all,atr,atr,2.5,4.0,6,102,63.02,1.0178,0.5294,0.6178,629.6,3607.04,-3544.02,3,1,False,"[-284.16, -222.16, 569.34]",0.5319,0.3333,0.5,254.76
X01173,icefishball,short_only,atr_blend,atr_blend,1.0,1.0,6,352,173.02,1.0178,0.5,0.4915,736.86,9870.76,-9697.74,3,2,False,"[-437.32, 342.92, 267.42]",0.4821,0.6154,0.75,224.85
X00085,emapmo,all,atr,atr,2.0,4.0,12,123,144.98,1.0175,0.439,1.1787,2282.02,8413.54,-8268.56,3,2,False,"[610.16, -1009.34, 544.16]",0.5,0.5833,0.75,396.14
X01601,momentum_reversion,long_only,fixed,fixed,30.0,15.0,6,75,24.0,1.0172,0.6667,0.32,346.54,1421.0,-1397.0,3,2,False,"[-295.5, 140.5, 179.0]",0.6,0.5,0.5,93.23
X01265,icefishball,short_only,fixed,fixed,60.0,60.0,24,263,220.88,1.0163,0.4981,0.8398,2463.86,13806.06,-13585.18,3,2,False,"[-1932.12, 1503.88, 649.12]",0.5,0.5385,0.75,517.42
X00563,emapmo,short_only,range15_pct,range15_pct,0.75,1.5,12,111,70.36,1.016,0.4054,0.6339,1403.48,4467.2,-4396.84,3,2,False,"[189.12, 238.12, -356.88]",0.4138,0.6667,0.75,383.81
X01236,icefishball,short_only,atr_blend,atr_blend,1.5,2.0,12,302,205.52,1.0159,0.4437,0.6805,1493.58,13122.34,-12916.82,3,2,False,"[-717.74, 213.76, 709.5]",0.3929,0.4615,0.75,475.44
X00526,emapmo,short_only,fixed,fixed,80.0,15.0,12,226,78.76,1.0156,0.792,0.3485,1460.32,5127.04,-5048.28,3,1,False,"[812.76, -690.0, -44.0]",0.5484,0.6667,0.75,414.33
X01219,icefishball,short_only,atr,atr,1.5,1.5,12,303,180.28,1.0153,0.4785,0.595,1356.12,11972.7,-11792.42,3,1,False,"[-560.74, 806.76, -65.74]",0.5536,0.6923,0.5,353.02
X00082,emapmo,all,atr,atr,2.0,1.0,12,212,144.62,1.0152,0.6415,0.6822,1638.28,9653.86,-9509.24,3,1,False,"[743.96, -504.04, -95.3]",0.6,0.6667,0.75,319.52
X01331,icefishball,short_only,atr,atr,1.0,4.0,48,326,226.76,1.015,0.2178,0.6956,1935.24,15336.96,-15110.2,3,2,False,"[-1059.66, 1260.84, 25.58]",0.4464,0.3846,0.5,617.77
X01380,momentum_reversion,all,fixed,fixed,60.0,120.0,6,104,56.04,1.015,0.5192,0.5388,578.58,3792.54,-3736.5,3,1,False,"[-318.4, -110.9, 485.34]",0.5745,0.3333,0.25,302.66
X00493,emapmo,short_only,atr_blend,atr_blend,1.5,1.0,6,189,84.64,1.0147,0.5661,0.4478,1244.9,5859.32,-5774.68,3,1,False,"[614.38, -117.62, -412.12]",0.5806,0.6667,0.75,339.5
X00505,emapmo,short_only,range15_pct,range15_pct,0.75,1.0,6,165,71.9,1.0144,0.4545,0.4358,1024.66,5073.0,-5001.1,3,2,False,"[59.3, 344.3, -331.7]",0.4194,0.5,0.75,296.88
X01244,icefishball,short_only,atr_blend,atr_blend,2.5,2.0,12,264,166.14,1.0139,0.5152,0.6293,1465.76,12138.36,-11972.22,3,2,False,"[-605.12, 458.38, 312.88]",0.4464,0.6154,0.5,517.03
X00626,emapmo,short_only,range15_pct,range15_pct,1.25,1.5,24,81,61.56,1.0136,0.5309,0.76,1452.38,4595.18,-4533.62,3,2,False,"[414.02, 24.52, -376.98]",0.4828,0.5833,0.75,453.9
X00185,emapmo,all,fixed,fixed,80.0,30.0,48,218,114.18,1.0124,0.7294,0.5238,1929.28,9308.34,-9194.16,3,2,False,"[1227.98, -1245.02, 131.22]",0.5,0.6667,0.75,419.23
X01666,momentum_reversion,long_only,fixed,fixed,80.0,15.0,12,62,17.62,1.0124,0.8065,0.2842,347.4,1438.0,-1420.38,3,1,False,"[-170.04, -7.54, 195.2]",0.6857,0.5,0.5,124.36
X01300,icefishball,short_only,atr_blend,atr_blend,2.5,1.5,24,251,155.76,1.0123,0.6135,0.6206,1743.02,12804.04,-12648.28,3,2,False,"[-484.16, 568.84, 71.08]",0.5536,0.4615,0.5,448.17
X00236,emapmo,long_only,fixed,fixed,30.0,120.0,6,79,44.04,1.012,0.2405,0.5575,1185.76,3718.44,-3674.4,3,1,False,"[-264.98, -377.24, 686.26]",0.6,0.5714,0.6667,260.19
X00084,emapmo,all,atr,atr,2.0,2.0,12,146,108.46,1.0116,0.4658,0.7429,1979.34,9484.68,-9376.22,3,2,False,"[574.74, -754.76, 288.48]",0.4872,0.5833,0.75,319.61
X00680,emapmo,short_only,range15_pct,range15_pct,1.0,1.5,48,91,60.66,1.0116,0.4286,0.6666,1438.36,5274.14,-5213.48,3,2,False,"[241.56, 159.3, -340.2]",0.4286,0.5,0.75,430.73
X01472,momentum_reversion,all,atr_blend,atr_blend,2.5,2.0,12,94,52.44,1.0114,0.5106,0.5579,693.7,4633.98,-4581.54,3,1,False,"[-346.18, -40.94, 439.56]",0.5319,0.5,0.5,386.13
X01152,icefishball,short_only,fixed,fixed,60.0,120.0,6,295,117.2,1.0112,0.4983,0.3973,1293.52,10538.22,-10421.02,3,1,False,"[-581.26, 952.48, -254.02]",0.4464,0.6154,0.5,414.03
X00031,emapmo,all,atr,atr,2.5,2.0,6,184,83.84,1.0101,0.4837,0.4557,1650.6,8360.64,-8276.8,3,2,False,"[491.12, -781.64, 374.36]",0.475,0.5833,0.5,455.11
X00640,emapmo,short_only,fixed,fixed,80.0,15.0,48,208,49.08,1.0098,0.8462,0.236,1557.1,5061.76,-5012.68,3,1,False,"[873.2, -790.06, -34.06]",0.5806,0.5833,0.75,410.34
X00231,emapmo,long_only,fixed,fixed,15.0,60.0,6,125,29.5,1.0096,0.216,0.236,611.92,3091.02,-3061.52,3,2,False,"[-42.08, 2.42, 69.16]",0.6667,0.5714,0.3333,173.78
X01822,momentum_reversion,long_only,range15_pct,range15_pct,1.25,1.0,48,54,29.54,1.0095,0.5,0.547,1002.46,3129.02,-3099.48,3,1,False,"[-714.32, -96.82, 840.68]",0.4571,0.3333,0.5,380.76
X01276,icefishball,short_only,atr,atr,1.5,1.5,24,298,120.48,1.0094,0.4933,0.4043,1721.38,12912.72,-12792.24,3,2,False,"[-815.0, 876.74, 58.74]",0.5357,0.6154,0.75,422.19
X00025,emapmo,all,atr,atr,2.0,1.0,6,243,88.18,1.0092,0.6008,0.3629,1736.98,9632.46,-9544.28,3,1,False,"[826.06, -718.94, -18.94]",0.6,0.6667,0.5,407.78
X01238,icefishball,short_only,atr_blend,atr_blend,2.0,1.0,12,294,90.44,1.0086,0.6293,0.3076,1681.7,10608.1,-10517.66,3,1,False,"[-233.02, 590.98, -267.52]",0.4643,0.5385,0.5,462.91
X01347,icefishball,short_only,atr_blend,atr_blend,1.0,4.0,48,322,128.22,1.0084,0.2205,0.3982,2137.36,15365.46,-15237.24,3,2,False,"[-1589.42, 1562.82, 154.82]",0.4286,0.4615,0.5,650.34
X01890,momentum_reversion,short_only,fixed,fixed,60.0,15.0,12,58,10.58,1.0082,0.7759,0.1824,554.88,1294.2,-1283.62,3,2,False,"[267.7, 96.44, -353.56]",0.6296,0.5455,0.75,138.66
X02008,momentum_reversion,short_only,fixed,fixed,80.0,15.0,48,57,10.82,1.0081,0.8246,0.1898,748.68,1351.72,-1340.9,3,2,False,"[247.94, 166.44, -403.56]",0.7037,0.5455,0.5,179.05
X01950,momentum_reversion,short_only,fixed,fixed,60.0,120.0,24,41,20.16,1.0076,0.4146,0.4917,768.52,2663.92,-2643.76,3,1,False,"[-669.86, 737.14, -47.12]",0.4815,0.3636,0.25,358.93
X00352,emapmo,long_only,fixed,fixed,60.0,30.0,24,106,29.56,1.0071,0.6698,0.2789,851.84,4171.96,-4142.4,3,1,False,"[-44.64, -2.4, 76.6]",0.5333,0.4286,0.3333,245.3
X01517,momentum_reversion,all,atr_blend,atr_blend,1.0,2.0,24,112,32.12,1.007,0.3393,0.2868,874.82,4597.38,-4565.26,3,2,False,"[-737.62, 41.12, 728.62]",0.4681,0.3333,0.25,387.02
X00554,emapmo,short_only,atr_blend,atr_blend,2.0,1.0,12,151,37.76,1.0069,0.6358,0.2501,1282.0,5482.46,-5444.7,3,2,False,"[607.76, 161.0, -731.0]",0.5161,0.6667,0.75,313.63
X01696,momentum_reversion,long_only,atr_blend,atr_blend,2.0,2.0,12,56,16.06,1.0068,0.4821,0.2868,629.92,2390.52,-2374.46,3,1,False,"[-262.06, -53.06, 331.18]",0.4571,0.5,0.5,248.36
X00029,emapmo,all,atr,atr,2.5,1.0,6,234,57.84,1.0064,0.5983,0.2472,1630.76,9114.9,-9057.06,3,1,False,"[579.78, -391.22, -130.72]",0.6,0.75,0.5,381.2
X01242,icefishball,short_only,atr_blend,atr_blend,2.5,1.0,12,278,59.28,1.0057,0.6583,0.2132,1630.0,10545.08,-10485.8,3,1,False,"[-300.82, 648.68, -288.58]",0.4821,0.5385,0.5,456.8
X01623,momentum_reversion,long_only,atr,atr,2.0,2.0,6,59,9.84,1.0052,0.4915,0.1668,601.5,1919.04,-1909.2,3,2,False,"[-427.8, 53.2, 384.44]",0.4857,0.3333,0.25,219.77
X01659,momentum_reversion,long_only,fixed,fixed,30.0,30.0,12,66,8.66,1.0049,0.5,0.1312,471.48,1791.58,-1782.92,3,2,False,"[-356.28, 32.22, 332.72]",0.5143,0.5,0.5,107.1
X00407,emapmo,long_only,fixed,fixed,30.0,120.0,48,75,17.5,1.0048,0.2133,0.2333,1065.88,3630.66,-3613.16,3,1,False,"[-220.5, -331.0, 569.0]",0.5333,0.4286,0.3333,260.34
X01892,momentum_reversion,short_only,fixed,fixed,60.0,60.0,12,43,9.68,1.0048,0.4651,0.2251,727.44,2011.2,-2001.52,3,2,False,"[127.9, 382.64, -500.86]",0.4074,0.5455,0.5,172.71
X01292,icefishball,short_only,atr_blend,atr_blend,1.5,1.5,24,299,60.24,1.0046,0.5017,0.2015,1477.28,13105.5,-13045.26,3,1,False,"[-407.0, 519.0, -51.76]",0.4821,0.5385,0.5,383.45
X00038,emapmo,all,atr_blend,atr_blend,1.5,1.5,6,211,39.86,1.0044,0.5071,0.1889,1357.64,9156.32,-9116.46,3,1,False,"[357.46, -139.3, -178.3]",0.55,0.5833,0.5,275.3
X00090,emapmo,all,atr_blend,atr_blend,1.0,1.0,12,265,43.9,1.0043,0.5208,0.1657,1353.14,10331.38,-10287.48,3,1,False,"[852.64, -19.12, -789.62]",0.425,0.5833,0.5,266.94
X00295,emapmo,long_only,fixed,fixed,60.0,30.0,12,106,17.06,1.0041,0.6698,0.1609,864.34,4171.96,-4154.9,3,1,False,"[-44.64, -14.9, 76.6]",0.5333,0.4286,0.3333,245.6
X00465,emapmo,short_only,fixed,fixed,60.0,15.0,6,268,20.18,1.0036,0.7351,0.0753,1399.04,5622.72,-5602.54,3,2,False,"[709.4, -771.36, 82.14]",0.4839,0.6667,0.75,330.53
X01733,momentum_reversion,long_only,atr,atr,1.5,2.0,24,62,8.62,1.0035,0.3871,0.139,627.16,2472.74,-2464.12,3,2,False,"[-416.54, 92.96, 332.2]",0.4286,0.3333,0.5,268.09
X00045,emapmo,all,atr_blend,atr_blend,2.5,1.0,6,228,30.78,1.0034,0.5789,0.135,1624.68,9081.82,-9051.04,3,1,False,"[485.26, -402.24, -52.24]",0.625,0.6667,0.5,384.69
X01161,icefishball,short_only,atr,atr,1.5,1.0,6,313,31.38,1.0034,0.5655,0.1003,983.92,9194.02,-9162.64,3,2,False,"[-566.7, 467.54, 130.54]",0.4643,0.5385,0.5,184.09
X01883,momentum_reversion,short_only,fixed,fixed,15.0,30.0,12,69,4.44,1.0032,0.3478,0.0643,490.92,1410.24,-1405.8,3,1,False,"[361.48, -88.52, -268.52]",0.4815,0.3636,0.5,117.32
X01940,momentum_reversion,short_only,fixed,fixed,15.0,30.0,24,69,4.44,1.0032,0.3478,0.0643,490.92,1410.24,-1405.8,3,1,False,"[361.48, -88.52, -268.52]",0.4815,0.3636,0.5,117.32
X01997,momentum_reversion,short_only,fixed,fixed,15.0,30.0,48,69,4.44,1.0032,0.3478,0.0643,490.92,1410.24,-1405.8,3,1,False,"[361.48, -88.52, -268.52]",0.4815,0.3636,0.5,117.32
X01252,icefishball,short_only,range15_pct,range15_pct,1.25,1.0,12,270,37.2,1.0031,0.5074,0.1378,1420.94,11912.12,-11874.92,3,1,False,"[-583.1, 773.9, -153.6]",0.4643,0.6154,0.5,484.08
X00891,icefishball,all,atr_blend,atr_blend,1.0,4.0,48,530,71.8,1.0027,0.2057,0.1355,3175.44,26291.84,-26220.04,3,1,False,"[-1366.48, 1915.52, -477.24]",0.5179,0.5385,0.5,957.18
X01438,momentum_reversion,all,fixed,fixed,80.0,15.0,12,119,6.94,1.0025,0.8067,0.0583,812.32,2760.96,-2754.02,3,2,False,"[56.4, 158.9, -208.36]",0.6383,0.4167,0.5,208.05
X01764,momentum_reversion,long_only,range15_pct,range15_pct,1.0,2.0,24,55,5.8,1.0018,0.3455,0.1055,1010.62,3206.44,-3200.64,3,1,False,"[-562.56, -330.32, 898.68]",0.3143,0.4167,0.5,446.47
X01550,momentum_reversion,all,fixed,fixed,60.0,60.0,48,96,6.96,1.0012,0.5208,0.0725,1103.56,5584.0,-5577.04,3,2,False,"[35.82, 10.82, -39.68]",0.4468,0.5,0.5,399.52
X01990,momentum_reversion,short_only,range15_pct,range15_pct,1.0,1.0,24,39,1.64,1.0006,0.5385,0.0421,1081.66,2709.96,-2708.32,3,1,False,"[-168.62, 819.88, -649.62]",0.5185,0.4545,0.25,191.41
X01611,momentum_reversion,long_only,fixed,fixed,80.0,60.0,6,55,0.8,1.0004,0.5636,0.0145,567.72,2168.06,-2167.26,3,1,False,"[-396.56, -155.82, 553.18]",0.5429,0.3333,0.75,229.98
X01688,momentum_reversion,long_only,atr_blend,atr_blend,1.0,2.0,12,65,-0.1,1.0,0.3538,-0.0015,516.04,2092.98,-2093.08,3,1,False,"[-174.78, -331.78, 506.46]",0.4286,0.4167,0.25,181.7
X01635,momentum_reversion,long_only,atr_blend,atr_blend,1.5,2.0,6,61,-0.14,0.9999,0.459,-0.0023,455.24,1938.78,-1938.92,3,2,False,"[-292.54, 33.2, 259.2]",0.4857,0.3333,0.5,143.29
X01239,icefishball,short_only,atr_blend,atr_blend,2.0,1.5,12,283,-4.92,0.9996,0.5406,-0.0174,1296.92,11690.78,-11695.7,3,1,False,"[-602.8, 657.94, -60.06]",0.4643,0.4615,0.5,362.87
X00168,emapmo,all,range15_pct,range15_pct,1.0,2.0,24,118,-3.32,0.9996,0.3814,-0.0281,1418.76,8176.2,-8179.52,3,2,False,"[97.4, -229.86, 129.14]",0.3947,0.4167,0.5,238.22
X00204,emapmo,all,atr_blend,atr_blend,1.0,1.0,48,263,-6.12,0.9994,0.5247,-0.0233,1499.16,10517.38,-10523.5,3,2,False,"[873.38, 5.88, -885.38]",0.45,0.5833,0.5,291.38
X00094,emapmo,all,atr_blend,atr_blend,1.5,1.0,12,224,-9.26,0.9991,0.5893,-0.0413,1680.68,9943.82,-9953.08,3,1,False,"[739.5, -25.5, -723.26]",0.575,0.5833,0.5,315.92
X00153,emapmo,all,atr_blend,atr_blend,1.5,2.0,24,137,-8.88,0.999,0.438,-0.0648,1749.88,9299.6,-9308.48,3,2,False,"[845.96, 22.96, -877.8]",0.5385,0.6667,0.5,401.09
X01574,momentum_reversion,all,atr_blend,atr_blend,1.0,2.0,48,112,-4.88,0.9989,0.3304,-0.0436,890.32,4621.12,-4626.0,3,2,False,"[-753.12, 98.12, 650.12]",0.4468,0.3333,0.5,392.29
X01149,icefishball,short_only,fixed,fixed,60.0,15.0,6,328,-8.72,0.9987,0.7287,-0.0266,1075.94,6675.64,-6684.36,3,2,False,"[-612.4, 320.84, 282.84]",0.5179,0.5385,0.5,211.1
X01207,icefishball,short_only,fixed,fixed,60.0,30.0,12,292,-15.08,0.9985,0.6233,-0.0516,1119.16,9950.82,-9965.9,3,1,False,"[-304.02, 776.72, -487.78]",0.4464,0.5385,0.5,278.52
X00345,emapmo,long_only,fixed,fixed,15.0,60.0,24,125,-5.0,0.9984,0.208,-0.04,611.92,3087.76,-3092.76,3,2,False,"[37.92, -112.08, 69.16]",0.6,0.4286,0.3333,198.78
X00402,emapmo,long_only,fixed,fixed,15.0,60.0,48,125,-5.0,0.9984,0.208,-0.04,611.92,3087.76,-3092.76,3,2,False,"[37.92, -112.08, 69.16]",0.6,0.4286,0.3333,198.78
X01177,icefishball,short_only,atr_blend,atr_blend,1.5,1.0,6,319,-18.06,0.9982,0.5674,-0.0566,1058.42,9768.56,-9786.62,3,2,False,"[-99.68, 69.06, 12.56]",0.5,0.6154,0.5,215.4
X01343,icefishball,short_only,atr,atr,2.5,4.0,48,223,-37.02,0.9979,0.3901,-0.166,2066.98,17516.62,-17553.64,3,2,False,"[-1127.5, 749.74, 340.74]",0.4821,0.4615,0.5,627.52
X01223,icefishball,short_only,atr,atr,2.0,1.5,12,288,-27.62,0.9977,0.5243,-0.0959,1322.16,11933.26,-11960.88,3,2,False,"[-372.04, 324.96, 19.46]",0.4821,0.6154,0.5,336.17
X00111,emapmo,all,range15_pct,range15_pct,1.0,2.0,12,131,-18.94,0.9976,0.4198,-0.1446,1944.4,7822.8,-7841.74,3,2,False,"[343.94, -848.06, 485.18]",0.4474,0.5,0.75,378.7
X01291,icefishball,short_only,atr_blend,atr_blend,1.5,1.0,24,312,-28.38,0.9975,0.5929,-0.091,1376.32,11305.1,-11333.48,3,1,False,"[-57.96, 290.04, -260.46]",0.4821,0.4615,0.5,366.74
X00158,emapmo,all,atr_blend,atr_blend,2.0,4.0,24,98,-23.52,0.997,0.4286,-0.24,2127.88,7810.92,-7834.44,3,2,False,"[579.08, -775.92, 173.32]",0.4474,0.5,0.75,458.98
X01340,icefishball,short_only,atr,atr,2.5,1.0,48,263,-38.62,0.9966,0.6958,-0.1468,1328.34,11206.08,-11244.7,3,1,False,"[-641.62, -250.12, 853.12]",0.5,0.5385,0.75,545.17
X01370,momentum_reversion,all,fixed,fixed,15.0,30.0,6,149,-11.26,0.9962,0.3557,-0.0756,477.18,2965.28,-2976.54,3,1,False,"[-22.0, 58.0, -47.26]",0.5532,0.4167,0.75,129.71
X00142,emapmo,all,atr,atr,2.0,4.0,24,102,-30.98,0.9962,0.4314,-0.3037,2181.38,8124.44,-8155.42,3,2,False,"[431.34, -863.16, 400.84]",0.5,0.4167,0.75,462.42
X00033,emapmo,all,atr_blend,atr_blend,1.0,1.0,6,285,-40.9,0.9961,0.4982,-0.1435,1352.92,10334.42,-10375.32,3,1,False,"[752.2, -258.8, -534.3]",0.525,0.5833,0.5,257.56
X00021,emapmo,all,atr,atr,1.5,1.0,6,260,-39.9,0.996,0.5731,-0.1535,1364.7,9884.24,-9924.14,3,2,False,"[633.12, -827.38, 154.36]",0.525,0.6667,0.5,293.96
X01562,momentum_reversion,all,atr,atr,1.5,2.0,48,105,-20.2,0.996,0.419,-0.1924,685.28,5044.44,-5064.64,3,1,False,"[-401.9, 477.6, -95.9]",0.4894,0.3333,0.5,315.86
X00379,emapmo,long_only,atr_blend,atr_blend,1.5,1.0,24,58,-17.42,0.996,0.5862,-0.3003,1096.38,4385.84,-4403.26,3,1,False,"[-209.8, 802.44, -610.06]",0.5,0.5714,0.3333,495.58
X00497,emapmo,short_only,atr_blend,atr_blend,2.0,1.0,6,179,-23.46,0.9959,0.5698,-0.1311,1289.66,5701.52,-5724.98,3,1,False,"[582.6, -2.4, -603.66]",0.5484,0.5833,0.75,359.61
X01220,icefishball,short_only,atr,atr,1.5,2.0,12,300,-51.5,0.9959,0.4233,-0.1717,1570.88,12552.52,-12604.02,3,2,False,"[-862.0, 524.5, 286.0]",0.4107,0.5385,0.5,419.91
X01421,momentum_reversion,all,range15_pct,range15_pct,1.0,1.5,6,105,-16.7,0.9955,0.5143,-0.159,642.24,3731.04,-3747.74,3,2,False,"[-482.4, 14.6, 451.1]",0.4894,0.25,0.5,277.15
X00147,emapmo,all,atr_blend,atr_blend,1.0,1.0,24,263,-47.12,0.9955,0.5247,-0.1792,1499.16,10476.38,-10523.5,3,2,False,"[832.38, 5.88, -885.38]",0.45,0.5833,0.5,285.62
X01351,icefishball,short_only,atr_blend,atr_blend,1.5,4.0,48,276,-78.24,0.9955,0.2899,-0.2835,2002.86,17488.3,-17566.54,3,1,False,"[-1341.58, 2145.92, -882.58]",0.4464,0.3077,0.5,656.76
X01819,momentum_reversion,long_only,range15_pct,range15_pct,1.0,1.0,48,56,-13.44,0.9954,0.4464,-0.24,784.7,2902.0,-2915.44,3,1,False,"[-552.56, -76.06, 615.18]",0.4,0.3333,0.5,388.88
X01505,momentum_reversion,all,atr,atr,1.5,2.0,24,105,-23.7,0.9953,0.4095,-0.2257,719.28,4981.68,-5005.38,3,2,False,"[-459.4, 427.1, 8.6]",0.4681,0.3333,0.5,302.02
X01777,momentum_reversion,long_only,fixed,fixed,60.0,30.0,48,58,-11.92,0.9948,0.6724,-0.2055,764.64,2291.64,-2303.56,3,1,False,"[-444.8, -143.56, 576.44]",0.5429,0.4167,0.5,186.48
X00212,emapmo,all,atr_blend,atr_blend,2.0,1.0,48,185,-55.9,0.9943,0.6865,-0.3022,2074.72,9746.52,-9802.42,3,1,False,"[905.12, -156.38, -804.64]",0.5385,0.5833,0.75,308.97
X00041,emapmo,all,atr_blend,atr_blend,2.0,1.0,6,236,-64.14,0.9933,0.5763,-0.2718,1811.9,9512.86,-9577.0,3,1,False,"[634.54, -429.46, -269.22]",0.6,0.6667,0.5,393.36
X00209,emapmo,all,atr_blend,atr_blend,1.5,1.5,48,163,-66.12,0.9933,0.5215,-0.4056,1539.78,9812.6,-9878.72,3,2,False,"[577.8, 527.04, -1170.96]",0.5128,0.5833,0.5,323.27
X01631,momentum_reversion,long_only,atr_blend,atr_blend,1.0,2.0,6,66,-14.34,0.9924,0.3939,-0.2173,567.64,1876.26,-1890.6,3,1,False,"[-288.28, -200.78, 474.72]",0.4857,0.4167,0.5,154.01
X01376,momentum_reversion,all,fixed,fixed,30.0,120.0,6,121,-29.54,0.9924,0.3967,-0.2441,645.34,3834.98,-3864.52,3,2,False,"[-370.34, 92.9, 247.9]",0.5106,0.3333,0.5,285.28
X01894,momentum_reversion,short_only,fixed,fixed,80.0,15.0,12,57,-10.68,0.992,0.807,-0.1874,748.68,1322.96,-1333.64,3,2,False,"[226.44, 166.44, -403.56]",0.7037,0.6364,0.75,171.94
X01150,icefishball,short_only,fixed,fixed,60.0,30.0,6,304,-74.46,0.9917,0.5789,-0.2449,949.14,8900.26,-8974.72,3,1,False,"[-258.48, 274.76, -90.74]",0.5357,0.6154,0.5,214.88
X00187,emapmo,all,fixed,fixed,80.0,120.0,48,105,-75.7,0.9916,0.4286,-0.721,2037.58,8954.2,-9029.9,3,2,False,"[1011.1, -1332.9, 246.1]",0.5263,0.5,0.75,426.16
X01488,momentum_reversion,all,fixed,fixed,30.0,30.0,24,122,-31.28,0.9915,0.5082,-0.2564,499.84,3643.12,-3674.4,3,1,False,"[-230.84, 249.16, -49.6]",0.4043,0.5,0.5,149.2
X01545,momentum_reversion,all,fixed,fixed,30.0,30.0,48,122,-31.28,0.9915,0.5082,-0.2564,499.84,3643.12,-3674.4,3,1,False,"[-230.84, 249.16, -49.6]",0.4043,0.5,0.5,149.2
X00010,emapmo,all,fixed,fixed,60.0,30.0,6,288,-84.62,0.9913,0.5972,-0.2938,1787.84,9599.72,-9684.34,3,2,False,"[969.46, -1342.04, 287.96]",0.45,0.6667,0.75,417.81
X01676,momentum_reversion,long_only,atr,atr,1.5,2.0,12,62,-20.38,0.9912,0.4032,-0.3287,527.16,2285.0,-2305.38,3,2,False,"[-300.54, 28.46, 251.7]",0.4286,0.3333,0.5,206.36
X01336,icefishball,short_only,atr,atr,2.0,1.0,48,288,-108.12,0.9906,0.6493,-0.3754,1150.08,11429.62,-11537.74,3,1,False,"[-541.04, -325.04, 757.96]",0.5893,0.5385,0.5,435.85
X01264,icefishball,short_only,fixed,fixed,60.0,30.0,24,282,-114.18,0.9894,0.656,-0.4049,1361.16,10621.6,-10735.78,3,1,False,"[-490.56, 697.94, -321.56]",0.5,0.5385,0.5,264.1
X00269,emapmo,long_only,atr_blend,atr_blend,2.0,1.0,6,57,-40.68,0.9894,0.5965,-0.7137,1363.14,3811.34,-3852.02,3,1,False,"[-379.56, 380.94, -42.06]",0.6667,0.7143,0.3333,427.07
X01384,momentum_reversion,all,fixed,fixed,80.0,120.0,6,100,-41.5,0.9891,0.55,-0.415,671.56,3754.3,-3795.8,3,1,False,"[-381.16, -175.92, 515.58]",0.5745,0.4167,0.5,288.11
X00014,emapmo,all,fixed,fixed,80.0,30.0,6,273,-106.52,0.9888,0.619,-0.3902,2020.42,9423.44,-9529.96,3,2,False,"[1028.16, -1306.34, 171.66]",0.525,0.6667,0.75,453.76
X01213,icefishball,short_only,fixed,fixed,80.0,120.0,12,265,-147.1,0.9888,0.4868,-0.5551,1641.62,12994.04,-13141.14,3,1,False,"[-1104.86, 1185.88, -228.12]",0.5,0.5385,0.5,454.12
X01345,icefishball,short_only,atr_blend,atr_blend,1.0,1.5,48,340,-147.6,0.9883,0.4029,-0.4341,1649.94,12477.12,-12624.72,3,2,False,"[-786.86, 417.88, 221.38]",0.4821,0.4615,0.5,351.74
X01833,momentum_reversion,short_only,fixed,fixed,60.0,15.0,6,59,-15.16,0.9879,0.7288,-0.2569,629.46,1236.68,-1251.84,3,1,False,"[326.7, -13.8, -328.06]",0.5926,0.5455,0.5,128.1
X01961,momentum_reversion,short_only,atr,atr,1.5,2.0,24,43,-32.32,0.9873,0.4419,-0.7516,738.14,2508.94,-2541.26,3,1,False,"[-254.6, 447.64, -225.36]",0.4815,0.4545,0.25,148.57
X01821,momentum_reversion,long_only,range15_pct,range15_pct,1.0,2.0,48,55,-46.2,0.9871,0.3273,-0.84,737.7,3539.68,-3585.88,3,1,False,"[-275.56, -145.82, 375.18]",0.3143,0.3333,0.75,325.29
X01831,momentum_reversion,short_only,fixed,fixed,30.0,60.0,6,56,-24.44,0.987,0.3929,-0.4364,622.14,1854.72,-1879.16,3,2,False,"[298.94, 122.44, -445.82]",0.4074,0.4545,0.5,163.55
X01283,icefishball,short_only,atr,atr,2.5,1.0,24,267,-141.58,0.9869,0.6891,-0.5303,1539.6,10627.84,-10769.42,3,1,False,"[-443.36, -285.86, 587.64]",0.5,0.4615,0.25,455.22
X01299,icefishball,short_only,atr_blend,atr_blend,2.5,1.0,24,268,-149.32,0.9865,0.6828,-0.5572,1515.12,10905.08,-11054.4,3,1,False,"[-287.6, 157.64, -19.36]",0.5,0.6154,0.5,447.71
X01609,momentum_reversion,long_only,fixed,fixed,80.0,15.0,6,62,-19.38,0.9863,0.7903,-0.3126,387.24,1392.24,-1411.62,3,2,False,"[-225.54, 10.96, 195.2]",0.7429,0.5,0.5,118.93
X01998,momentum_reversion,short_only,fixed,fixed,15.0,60.0,48,68,-24.32,0.9856,0.2059,-0.3576,593.56,1662.64,-1686.96,3,2,False,"[331.48, 31.48, -387.28]",0.4444,0.5455,0.5,137.11
X01165,icefishball,short_only,atr,atr,2.0,1.0,6,304,-135.46,0.9856,0.5987,-0.4456,1290.22,9281.32,-9416.78,3,2,False,"[-567.98, 270.76, 161.76]",0.5357,0.4615,0.5,208.86
X00097,emapmo,all,atr_blend,atr_blend,1.5,4.0,12,127,-112.48,0.9856,0.4094,-0.8857,1847.5,7689.52,-7802.0,3,1,False,"[623.68, -718.08, -18.08]",0.4474,0.5833,0.5,343.4
X01119,icefishball,long_only,atr_blend,atr_blend,1.0,4.0,48,231,-176.94,0.9855,0.1861,-0.766,2143.32,12060.68,-12237.62,3,1,False,"[-731.48, -134.98, 689.52]",0.4906,0.3333,0.5,781.93
X01719,momentum_reversion,long_only,fixed,fixed,60.0,15.0,24,67,-23.08,0.9854,0.806,-0.3445,470.84,1553.04,-1576.12,3,1,False,"[-238.52, -117.28, 332.72]",0.6571,0.5833,0.75,133.52
X01776,momentum_reversion,long_only,fixed,fixed,60.0,15.0,48,67,-23.08,0.9854,0.806,-0.3445,470.84,1553.04,-1576.12,3,1,False,"[-238.52, -117.28, 332.72]",0.6571,0.5833,0.75,133.52
X01700,momentum_reversion,long_only,atr_blend,atr_blend,2.5,2.0,12,55,-36.2,0.9854,0.5091,-0.6582,665.92,2437.78,-2473.98,3,1,False,"[-303.06, -28.32, 295.18]",0.4857,0.4167,0.5,258.73
X01353,icefishball,short_only,atr_blend,atr_blend,2.0,1.5,48,268,-204.32,0.9854,0.5709,-0.7624,1783.32,13824.28,-14028.6,3,1,False,"[-445.1, 381.14, -140.36]",0.5357,0.4615,0.5,471.55
X00073,emapmo,all,fixed,fixed,80.0,120.0,12,132,-118.18,0.9852,0.447,-0.8953,1876.86,7842.34,-7960.52,3,2,False,"[655.44, -1339.56, 565.94]",0.5,0.5833,0.75,396.68
X01279,icefishball,short_only,atr,atr,2.0,1.0,24,291,-171.84,0.9845,0.6495,-0.5905,1291.62,10904.14,-11075.98,3,1,False,"[-367.78, -346.28, 542.22]",0.5357,0.4615,0.5,376.63
X01294,icefishball,short_only,atr_blend,atr_blend,1.5,4.0,24,286,-248.64,0.9845,0.3392,-0.8694,2104.34,15817.72,-16066.36,3,1,False,"[-1540.04, 1792.7, -501.3]",0.4643,0.3077,0.5,535.44
X01221,icefishball,short_only,atr,atr,1.5,4.0,12,300,-224.5,0.9835,0.3767,-0.7483,2110.5,13396.38,-13620.88,3,2,False,"[-1262.5, 444.0, 594.0]",0.4107,0.5385,0.5,408.76
X00469,emapmo,short_only,fixed,fixed,80.0,15.0,6,260,-97.4,0.9824,0.7346,-0.3746,1523.6,5450.16,-5547.56,3,2,False,"[660.62, -781.38, 23.36]",0.5161,0.6667,0.75,381.06
X01174,icefishball,short_only,atr_blend,atr_blend,1.0,1.5,6,346,-187.54,0.982,0.4393,-0.542,1400.46,10251.02,-10438.56,3,2,False,"[-811.34, 449.4, 174.4]",0.5179,0.5385,0.25,293.06
X00078,emapmo,all,atr,atr,1.5,1.0,12,233,-185.92,0.9815,0.5923,-0.7979,1503.94,9857.38,-10043.3,3,1,False,"[761.78, -630.22, -317.48]",0.45,0.5,0.5,270.06
X01627,momentum_reversion,long_only,atr,atr,2.5,2.0,6,57,-37.68,0.9813,0.5263,-0.6611,522.7,1974.8,-2012.48,3,1,False,"[-366.06, -76.56, 404.94]",0.4571,0.3333,0.5,217.18
X01493,momentum_reversion,all,fixed,fixed,60.0,60.0,24,96,-100.54,0.9807,0.5,-1.0473,1087.32,5113.98,-5214.52,3,1,False,"[-97.68, 2.82, -5.68]",0.4894,0.3333,0.5,367.24
X01986,momentum_reversion,short_only,atr_blend,atr_blend,2.5,4.0,24,36,-56.14,0.9807,0.4444,-1.5594,876.62,2858.16,-2914.3,3,2,False,"[-800.88, 624.12, 120.62]",0.4815,0.3636,0.5,415.78
X01348,icefishball,short_only,atr_blend,atr_blend,1.5,1.0,48,311,-229.64,0.9803,0.5949,-0.7384,1670.06,11444.6,-11674.24,3,2,False,"[36.54, 32.54, -298.72]",0.5,0.5385,0.5,403.31
X00114,emapmo,all,range15_pct,range15_pct,1.25,2.0,12,124,-152.26,0.9802,0.4355,-1.2279,1616.22,7537.04,-7689.3,3,2,False,"[374.92, -863.34, 336.16]",0.4474,0.6667,0.5,398.94
X00879,icefishball,all,atr,atr,1.5,4.0,48,461,-621.64,0.9799,0.2755,-1.3485,3618.52,30309.02,-30930.66,3,1,False,"[-788.96, 1114.04, -946.72]",0.4821,0.3077,0.5,1084.47
X01178,icefishball,short_only,atr_blend,atr_blend,1.5,1.5,6,312,-214.88,0.9792,0.516,-0.6887,1413.74,10120.36,-10335.24,3,1,False,"[-356.96, 287.04, -144.96]",0.5,0.6923,0.5,282.49
X01888,momentum_reversion,short_only,fixed,fixed,30.0,60.0,12,53,-41.22,0.9783,0.3585,-0.7777,612.4,1855.94,-1897.16,3,2,False,"[338.68, 29.68, -409.58]",0.4074,0.3636,0.5,140.57
X01270,icefishball,short_only,fixed,fixed,80.0,120.0,24,238,-353.62,0.978,0.4328,-1.4858,2713.02,15702.78,-16056.4,3,1,False,"[-2283.2, 2121.04, -191.46]",0.5,0.5385,0.5,480.67
X00139,emapmo,all,atr,atr,2.0,1.0,24,194,-219.56,0.9776,0.6701,-1.1318,1669.6,9581.3,-9800.86,3,2,False,"[547.9, 337.9, -1105.36]",0.55,0.5833,0.5,310.06
X01321,icefishball,short_only,fixed,fixed,60.0,30.0,48,280,-251.2,0.9775,0.6643,-0.8971,1332.4,10929.36,-11180.56,3,1,False,"[-594.56, 458.68, -115.32]",0.5,0.5385,0.5,268.25
X00061,emapmo,all,fixed,fixed,15.0,120.0,12,278,-161.22,0.9772,0.1763,-0.5799,1290.6,6919.24,-7080.46,3,2,False,"[287.68, -829.32, 380.42]",0.3947,0.5,0.5,300.5
X01658,momentum_reversion,long_only,fixed,fixed,30.0,15.0,12,75,-34.5,0.9766,0.6667,-0.46,386.04,1438.0,-1472.5,3,2,False,"[-302.5, 89.0, 179.0]",0.5714,0.5,0.5,88.61
X00550,emapmo,short_only,atr_blend,atr_blend,1.5,1.0,12,165,-135.1,0.9766,0.6,-0.8188,1260.46,5645.74,-5780.84,3,1,False,"[526.3, -208.2, -453.2]",0.5161,0.5,0.75,290.99
X01216,icefishball,short_only,atr,atr,1.0,2.0,12,346,-297.54,0.9762,0.341,-0.8599,1719.18,12191.68,-12489.22,3,2,False,"[-646.34, 209.9, 138.9]",0.4107,0.6154,0.5,417.94
X00461,emapmo,short_only,fixed,fixed,30.0,15.0,6,325,-150.5,0.976,0.6615,-0.4631,1363.18,6132.9,-6283.4,3,1,False,"[674.34, -794.42, -30.42]",0.5806,0.75,0.75,388.32
X00436,emapmo,long_only,atr_blend,atr_blend,1.5,1.0,48,58,-108.42,0.9759,0.5862,-1.8693,1096.38,4385.84,-4494.26,3,1,False,"[-209.8, 711.44, -610.06]",0.5,0.5714,0.3333,493.15
X01225,icefishball,short_only,atr,atr,2.0,4.0,12,285,-341.9,0.9753,0.4246,-1.1996,2227.36,13525.46,-13867.36,3,1,False,"[-1064.8, -104.3, 827.2]",0.4464,0.6154,0.5,471.18
X02011,momentum_reversion,short_only,fixed,fixed,80.0,120.0,48,39,-82.86,0.9747,0.4359,-2.1246,1051.16,3192.92,-3275.78,3,1,False,"[-238.12, 651.38, -496.12]",0.4815,0.3636,0.5,458.32
X02007,momentum_reversion,short_only,fixed,fixed,60.0,120.0,48,41,-76.84,0.9746,0.3902,-1.8741,852.4,2954.16,-3031.0,3,1,False,"[-310.86, 730.14, -496.12]",0.4444,0.2727,0.5,426.63
X01231,icefishball,short_only,atr_blend,atr_blend,1.0,1.5,12,343,-301.32,0.9745,0.414,-0.8785,1654.44,11537.92,-11839.24,3,2,False,"[-906.6, 286.64, 318.64]",0.4643,0.4615,0.25,331.37
X00181,emapmo,all,fixed,fixed,60.0,30.0,48,257,-263.18,0.9745,0.6654,-1.024,1887.62,10047.96,-10311.14,3,2,False,"[1154.36, -1552.14, 134.6]",0.45,0.5833,0.5,377.83
X01212,icefishball,short_only,fixed,fixed,80.0,60.0,12,268,-310.82,0.9744,0.5224,-1.1598,1606.96,11818.4,-12129.22,3,2,False,"[-997.1, 677.64, 8.64]",0.4107,0.4615,0.5,439.95
X00151,emapmo,all,atr_blend,atr_blend,1.5,1.0,24,214,-263.36,0.9744,0.6168,-1.2307,2180.5,10020.82,-10284.18,3,2,False,"[905.22, 158.46, -1327.04]",0.65,0.4167,0.5,357.16
X00584,emapmo,short_only,fixed,fixed,80.0,30.0,24,132,-136.18,0.9743,0.6742,-1.0317,1287.0,5162.64,-5298.82,3,1,False,"[646.44, -516.56, -266.06]",0.5484,0.6667,0.75,338.58
X01350,icefishball,short_only,atr_blend,atr_blend,1.5,2.0,48,291,-401.34,0.9743,0.4227,-1.3792,2187.76,15188.98,-15590.32,3,1,False,"[-1029.28, 846.22, -218.28]",0.4464,0.3846,0.5,574.62
X01965,momentum_reversion,short_only,atr,atr,2.0,2.0,24,40,-71.6,0.9737,0.525,-1.79,883.66,2645.96,-2717.56,3,1,False,"[-172.86, 611.38, -510.12]",0.5185,0.2727,0.25,173.76
X00208,emapmo,all,atr_blend,atr_blend,1.5,1.0,48,213,-277.12,0.9732,0.6197,-1.301,2235.26,10070.82,-10347.94,3,2,False,"[910.46, 137.96, -1325.54]",0.625,0.4167,0.5,372.81
X00016,emapmo,all,fixed,fixed,80.0,120.0,6,187,-234.88,0.9728,0.4599,-1.256,2007.5,8397.36,-8632.24,3,2,False,"[946.88, -1378.88, 197.12]",0.4872,0.5833,0.75,377.84
X01425,momentum_reversion,all,range15_pct,range15_pct,1.25,2.0,6,102,-99.98,0.9727,0.5294,-0.9802,802.06,3558.54,-3658.52,3,1,False,"[-521.16, -202.66, 623.84]",0.5319,0.25,0.25,252.0
X01103,icefishball,long_only,atr,atr,1.0,4.0,48,235,-354.9,0.9727,0.1787,-1.5102,2430.6,12660.42,-13015.32,3,1,False,"[-867.96, -522.22, 1035.28]",0.434,0.4167,0.5,755.47
X01285,icefishball,short_only,atr,atr,2.5,2.0,24,244,-392.56,0.9725,0.5205,-1.6089,1808.28,13869.52,-14262.08,3,1,False,"[-489.18, -118.44, 215.06]",0.4821,0.4615,0.5,443.85
X01151,icefishball,short_only,fixed,fixed,60.0,60.0,6,296,-278.04,0.9722,0.5169,-0.9393,1298.88,9731.28,-10009.32,3,1,False,"[-813.26, 751.24, -216.02]",0.4643,0.6154,0.5,352.91
X01253,icefishball,short_only,range15_pct,range15_pct,1.25,1.5,12,268,-351.82,0.9722,0.4552,-1.3128,1764.66,12298.22,-12650.04,3,1,False,"[-851.1, 758.64, -259.36]",0.3929,0.5385,0.5,447.89
X01337,icefishball,short_only,atr,atr,2.0,1.5,48,275,-402.5,0.9718,0.5527,-1.4636,1796.94,13869.02,-14271.52,3,2,False,"[-740.58, 155.42, 182.66]",0.5536,0.5385,0.5,449.08
X01240,icefishball,short_only,atr_blend,atr_blend,2.0,2.0,12,279,-358.46,0.9717,0.4839,-1.2848,1661.16,12298.6,-12657.06,3,2,False,"[-913.32, 424.68, 130.18]",0.3929,0.5385,0.5,478.88
X01278,icefishball,short_only,atr,atr,1.5,4.0,24,288,-453.62,0.9715,0.3368,-1.5751,2203.2,15436.72,-15890.34,3,1,False,"[-1649.54, 1638.96, -443.04]",0.5,0.4615,0.5,490.14
X00608,emapmo,short_only,atr_blend,atr_blend,1.5,1.5,24,122,-161.28,0.9713,0.541,-1.322,1099.08,5466.16,-5627.44,3,1,False,"[168.66, -234.34, -95.6]",0.4839,0.6667,0.75,234.47
X01535,momentum_reversion,all,range15_pct,range15_pct,1.0,1.5,24,94,-178.06,0.9713,0.4043,-1.8943,1466.14,6022.88,-6200.94,3,2,False,"[-1262.18, 711.56, 372.56]",0.4255,0.1667,0.5,669.64
X02041,momentum_reversion,short_only,atr_blend,atr_blend,2.5,1.5,48,38,-81.12,0.9713,0.6316,-2.1347,982.44,2749.24,-2830.36,3,1,False,"[-421.12, 350.88, -10.88]",0.5556,0.4545,0.75,258.82
X00664,emapmo,short_only,atr_blend,atr_blend,1.5,1.0,48,155,-168.7,0.9712,0.6323,-1.0884,1365.76,5684.98,-5853.68,3,1,False,"[733.02, -108.98, -792.74]",0.6129,0.4167,0.75,319.09
X01195,icefishball,short_only,range15_pct,range15_pct,1.25,1.0,6,289,-282.36,0.971,0.5294,-0.977,1596.3,9465.78,-9748.14,3,1,False,"[-424.78, 819.96, -677.54]",0.5,0.5385,0.75,299.92
X01159,icefishball,short_only,atr,atr,1.0,2.0,6,350,-313.5,0.9705,0.4029,-0.8957,1399.52,10327.66,-10641.16,3,1,False,"[-324.58, 275.92, -264.84]",0.4286,0.5385,0.5,293.48
X00481,emapmo,short_only,atr,atr,2.0,1.0,6,186,-172.64,0.9704,0.5968,-0.9282,1496.34,5662.36,-5835.0,3,2,False,"[515.12, 153.62, -841.38]",0.5161,0.5833,0.75,393.79
X01373,momentum_reversion,all,fixed,fixed,30.0,15.0,6,141,-82.34,0.9696,0.6525,-0.584,582.36,2628.92,-2711.26,3,1,False,"[-54.28, 188.72, -216.78]",0.5532,0.4167,0.5,137.39
X01803,momentum_reversion,long_only,atr_blend,atr_blend,1.0,4.0,48,64,-82.86,0.9692,0.1875,-1.2947,645.86,2609.62,-2692.48,3,1,False,"[18.72, -54.04, -47.54]",0.2857,0.3333,0.25,233.75
X01525,momentum_reversion,all,atr_blend,atr_blend,2.0,2.0,24,94,-173.56,0.9688,0.4894,-1.8464,1110.98,5392.46,-5566.02,3,2,False,"[-852.18, 128.56, 550.06]",0.4894,0.3333,0.5,426.62
X01430,momentum_reversion,all,fixed,fixed,30.0,15.0,12,139,-86.86,0.9682,0.6619,-0.6249,528.12,2645.92,-2732.78,3,1,False,"[-32.78, 152.96, -207.04]",0.5319,0.4167,0.5,124.51
X00135,emapmo,all,atr,atr,1.5,1.0,24,226,-331.24,0.9677,0.6106,-1.4657,1782.84,9931.38,-10262.62,3,1,False,"[985.76, -563.0, -754.0]",0.45,0.5833,0.5,278.56
X01164,icefishball,short_only,atr,atr,1.5,4.0,6,307,-346.68,0.9675,0.4658,-1.1293,1650.26,10308.18,-10654.86,3,2,False,"[-779.22, 359.52, 73.02]",0.4643,0.6154,0.5,347.03
X01579,momentum_reversion,all,atr_blend,atr_blend,1.5,4.0,48,98,-206.02,0.9671,0.2959,-2.1022,1149.06,6048.04,-6254.06,3,2,False,"[-552.92, 209.58, 137.32]",0.4043,0.4167,0.5,467.16
X01491,momentum_reversion,all,fixed,fixed,60.0,15.0,24,125,-98.0,0.967,0.8,-0.784,497.36,2876.0,-2974.0,3,1,False,"[-235.08, 157.92, -20.84]",0.5957,0.6667,0.5,175.35
X00527,emapmo,short_only,fixed,fixed,80.0,30.0,12,147,-178.78,0.9667,0.6327,-1.2162,1197.26,5191.18,-5369.96,3,2,False,"[235.74, 0.74, -415.26]",0.6129,0.5833,0.75,307.32
X01371,momentum_reversion,all,fixed,fixed,15.0,60.0,6,149,-111.26,0.9666,0.2752,-0.7467,582.16,3224.16,-3335.42,3,1,False,"[-362.5, 337.5, -86.26]",0.5106,0.3333,0.5,181.44
X01286,icefishball,short_only,atr,atr,2.5,4.0,24,239,-543.86,0.9662,0.431,-2.2756,2333.86,15546.28,-16090.14,3,1,False,"[-1204.2, 1019.8, -359.46]",0.5,0.4615,0.5,470.07
X00004,emapmo,all,fixed,fixed,15.0,120.0,6,323,-267.02,0.9658,0.2198,-0.8267,1357.72,7537.96,-7804.98,3,2,False,"[194.08, -712.42, 251.32]",0.4615,0.5833,0.5,289.58
X00585,emapmo,short_only,fixed,fixed,80.0,60.0,24,90,-170.1,0.9652,0.5444,-1.89,1326.78,4719.74,-4889.84,3,2,False,"[30.8, 87.8, -288.7]",0.5333,0.5833,0.75,371.74
X01317,icefishball,short_only,fixed,fixed,30.0,30.0,48,349,-372.76,0.965,0.5014,-1.0681,1181.68,10283.0,-10655.76,3,1,False,"[-325.08, 576.16, -623.84]",0.375,0.5385,0.5,213.27
X01958,momentum_reversion,short_only,atr,atr,1.0,4.0,24,45,-80.8,0.9646,0.2889,-1.7956,519.68,2204.38,-2285.18,3,1,False,"[-383.6, 330.9, -28.1]",0.4074,0.2727,0.5,275.95
X01720,momentum_reversion,long_only,fixed,fixed,60.0,30.0,24,58,-82.42,0.9644,0.6552,-1.421,835.14,2232.88,-2315.3,3,1,False,"[-515.3, -143.56, 576.44]",0.5143,0.4167,0.5,186.73
X01288,icefishball,short_only,atr_blend,atr_blend,1.0,1.5,24,340,-448.6,0.9642,0.4029,-1.3194,1666.32,12097.62,-12546.22,3,1,False,"[-762.36, 428.88, -115.12]",0.4643,0.4615,0.5,326.75
X00604,emapmo,short_only,atr_blend,atr_blend,1.0,1.5,24,146,-202.54,0.9638,0.4452,-1.3873,1128.56,5399.9,-5602.44,3,2,False,"[238.74, 181.24, -622.52]",0.4516,0.5,0.75,271.34
X01160,icefishball,short_only,atr,atr,1.0,4.0,6,350,-400.0,0.9634,0.3829,-1.1429,1506.68,10519.34,-10919.34,3,2,False,"[-592.08, 136.92, 55.16]",0.375,0.4615,0.25,292.73
X01823,momentum_reversion,long_only,range15_pct,range15_pct,1.25,1.5,48,53,-136.72,0.9634,0.4151,-2.5796,1059.96,3599.22,-3735.94,3,1,False,"[-635.82, -301.82, 800.92]",0.4,0.4167,0.5,398.63
X00060,emapmo,all,fixed,fixed,15.0,60.0,12,341,-302.84,0.9633,0.2199,-0.8881,1288.0,7943.5,-8246.34,3,2,False,"[299.64, -662.36, 59.88]",0.4615,0.4167,0.25,253.06
X01589,momentum_reversion,all,range15_pct,range15_pct,0.75,1.5,48,98,-230.02,0.9633,0.3367,-2.3471,1950.8,6043.58,-6273.6,3,1,False,"[-1029.92, 1204.58, -404.68]",0.383,0.4167,0.25,599.58
X01169,icefishball,short_only,atr,atr,2.5,1.0,6,291,-338.34,0.9632,0.6014,-1.1627,1471.92,8859.5,-9197.84,3,2,False,"[-687.78, 305.22, 44.22]",0.5179,0.4615,0.25,213.62
X01977,momentum_reversion,short_only,atr_blend,atr_blend,1.5,2.0,24,43,-98.82,0.9632,0.4651,-2.2981,623.66,2583.7,-2682.52,3,1,False,"[-472.6, 460.64, -86.86]",0.5556,0.4545,0.5,200.4
X00569,emapmo,short_only,range15_pct,range15_pct,1.25,1.5,12,99,-177.76,0.9627,0.4747,-1.7956,1293.28,4589.72,-4767.48,3,2,False,"[210.08, 230.58, -618.42]",0.4483,0.5833,0.75,381.55
X01290,icefishball,short_only,atr_blend,atr_blend,1.0,4.0,24,330,-560.2,0.962,0.2545,-1.6976,2510.62,14173.34,-14733.54,3,1,False,"[-1769.9, 1503.6, -293.9]",0.4286,0.4615,0.5,668.33
X01537,momentum_reversion,all,range15_pct,range15_pct,1.25,1.0,24,93,-226.82,0.962,0.5054,-2.4389,1224.84,5744.22,-5971.04,3,2,False,"[-859.44, 468.56, 164.06]",0.4894,0.3333,0.5,461.52
X01298,icefishball,short_only,atr_blend,atr_blend,2.0,4.0,24,261,-635.64,0.9619,0.3908,-2.4354,2730.88,16038.02,-16673.66,3,1,False,"[-1970.38, 1810.12, -475.38]",0.4643,0.4615,0.5,577.73
X01943,momentum_reversion,short_only,fixed,fixed,30.0,15.0,24,64,-49.36,0.9616,0.6719,-0.7713,447.28,1236.68,-1286.04,3,1,False,"[362.72, -116.04, -296.04]",0.4815,0.2727,0.5,108.94
X02000,momentum_reversion,short_only,fixed,fixed,30.0,15.0,48,64,-49.36,0.9616,0.6719,-0.7713,447.28,1236.68,-1286.04,3,1,False,"[362.72, -116.04, -296.04]",0.4815,0.2727,0.5,108.94
X01598,momentum_reversion,long_only,fixed,fixed,15.0,30.0,6,80,-61.7,0.9615,0.35,-0.7712,419.52,1540.28,-1601.98,3,1,False,"[-249.48, -123.48, 311.26]",0.4857,0.5,0.5,80.07
X01260,icefishball,short_only,fixed,fixed,30.0,30.0,24,349,-406.26,0.9615,0.4986,-1.1641,1125.18,10158.74,-10565.0,3,1,False,"[-276.58, 494.16, -623.84]",0.3929,0.4615,0.5,201.86
X01180,icefishball,short_only,atr_blend,atr_blend,1.5,4.0,6,311,-423.64,0.9615,0.4759,-1.3622,1461.76,10576.48,-11000.12,3,1,False,"[-552.96, 169.54, -40.22]",0.4286,0.6154,0.5,378.75
X02018,momentum_reversion,short_only,atr,atr,1.5,2.0,48,43,-101.82,0.9615,0.4419,-2.3679,738.14,2543.94,-2645.76,3,1,False,"[-270.1, 498.14, -329.86]",0.4815,0.4545,0.25,154.95
X00008,emapmo,all,fixed,fixed,30.0,120.0,6,231,-332.44,0.9608,0.3377,-1.4391,2145.58,8139.78,-8472.22,3,2,False,"[631.52, -1136.98, 173.02]",0.3846,0.5,0.5,386.32
X00490,emapmo,short_only,atr_blend,atr_blend,1.0,1.5,6,172,-211.28,0.9607,0.4593,-1.2284,1197.16,5164.54,-5375.82,3,2,False,"[316.58, 160.82, -688.68]",0.5806,0.75,0.75,266.48
X00293,emapmo,long_only,fixed,fixed,30.0,120.0,12,75,-142.5,0.9607,0.2,-1.9,1127.78,3487.9,-3630.4,3,1,False,"[-287.0, -424.5, 569.0]",0.4667,0.2857,0.3333,265.11
X01412,momentum_reversion,all,atr_blend,atr_blend,2.0,4.0,6,102,-143.98,0.9605,0.5196,-1.4116,707.36,3501.78,-3645.76,3,1,False,"[-260.66, -219.16, 335.84]",0.5106,0.25,0.25,196.02
X00660,emapmo,short_only,atr_blend,atr_blend,1.0,1.0,48,196,-254.54,0.9604,0.5357,-1.2987,1326.0,6166.8,-6421.34,3,2,False,"[594.66, 151.9, -1001.1]",0.4194,0.6667,0.75,329.33
X01408,momentum_reversion,all,atr_blend,atr_blend,1.5,4.0,6,107,-143.68,0.9604,0.486,-1.3428,815.08,3487.02,-3630.7,3,1,False,"[-358.64, -119.14, 334.1]",0.5106,0.25,0.5,164.43
X00612,emapmo,short_only,atr_blend,atr_blend,2.0,1.5,24,108,-215.92,0.9601,0.5926,-1.9993,1393.34,5192.14,-5408.06,3,2,False,"[333.36, 389.86, -939.14]",0.6129,0.5833,0.75,357.73
X00564,emapmo,short_only,range15_pct,range15_pct,0.75,2.0,12,108,-172.92,0.96,0.3611,-1.6011,1439.42,4149.14,-4322.06,3,2,False,"[120.86, 66.86, -360.64]",0.3793,0.5833,0.75,388.09
X00350,emapmo,long_only,fixed,fixed,30.0,120.0,24,75,-145.5,0.9597,0.2133,-1.94,1203.54,3467.66,-3613.16,3,1,False,"[-197.0, -517.5, 569.0]",0.5333,0.4286,0.3333,276.87
X01510,momentum_reversion,all,atr,atr,2.0,4.0,24,94,-234.06,0.9596,0.3617,-2.49,1307.98,5560.84,-5794.9,3,2,False,"[-1093.68, 347.06, 512.56]",0.4468,0.25,0.5,553.93
X01302,icefishball,short_only,atr_blend,atr_blend,2.5,4.0,24,235,-650.4,0.9596,0.4383,-2.7677,3090.2,15465.78,-16116.18,3,2,False,"[-2231.46, 1579.28, 1.78]",0.4821,0.4615,0.5,624.09
X01330,icefishball,short_only,atr,atr,1.0,2.0,48,340,-566.6,0.9593,0.3147,-1.6665,2073.84,13354.32,-13920.92,3,1,False,"[-330.36, 42.88, -279.12]",0.4107,0.3846,0.5,406.59
X00069,emapmo,all,fixed,fixed,60.0,120.0,12,142,-337.58,0.9593,0.4085,-2.3773,1764.18,7964.58,-8302.16,3,2,False,"[334.98, -1164.28, 491.72]",0.4474,0.3333,0.75,352.81
X00124,emapmo,all,fixed,fixed,60.0,30.0,24,257,-416.18,0.9592,0.6498,-1.6194,2062.02,9786.92,-10203.1,3,2,False,"[1013.86, -1500.64, 70.6]",0.475,0.5833,0.75,379.39
X01886,momentum_reversion,short_only,fixed,fixed,30.0,15.0,12,64,-52.36,0.9585,0.6562,-0.8181,447.28,1207.92,-1260.28,3,1,False,"[359.72, -116.04, -296.04]",0.5185,0.3636,0.5,96.58
X00607,emapmo,short_only,atr_blend,atr_blend,1.5,1.0,24,156,-245.94,0.9582,0.6282,-1.5765,1402.0,5634.98,-5880.92,3,1,False,"[692.02, -108.98, -828.98]",0.6452,0.4167,0.75,312.53
X00183,emapmo,all,fixed,fixed,60.0,120.0,48,124,-385.76,0.9581,0.3548,-3.111,1989.48,8829.44,-9215.2,3,2,False,"[508.42, -1370.84, 476.66]",0.4211,0.5,0.5,324.04
X01154,icefishball,short_only,fixed,fixed,80.0,30.0,6,294,-375.56,0.958,0.5816,-1.2774,1131.58,8563.46,-8939.02,3,1,False,"[-226.02, 241.48, -391.02]",0.4821,0.5385,0.5,235.01
X01261,icefishball,short_only,fixed,fixed,30.0,60.0,24,336,-549.14,0.9579,0.3482,-1.6343,1874.12,12489.42,-13038.56,3,1,False,"[-1339.88, 1224.62, -433.88]",0.3929,0.4615,0.5,380.8
X01757,momentum_reversion,long_only,atr_blend,atr_blend,2.5,2.0,24,54,-127.96,0.9578,0.5,-2.3696,889.14,2907.52,-3035.48,3,1,False,"[-508.82, -380.32, 761.18]",0.4286,0.25,0.25,399.13
X01427,momentum_reversion,all,fixed,fixed,15.0,30.0,12,149,-130.76,0.9574,0.3356,-0.8776,430.68,2938.0,-3068.76,3,1,False,"[-188.0, 58.0, -0.76]",0.5106,0.4167,0.5,120.19
X01224,icefishball,short_only,atr,atr,2.0,2.0,12,285,-554.4,0.9572,0.4702,-1.9453,1952.72,12389.34,-12943.74,3,1,False,"[-715.3, -268.8, 429.7]",0.3929,0.5385,0.5,471.59
X01703,momentum_reversion,long_only,range15_pct,range15_pct,0.75,1.5,12,60,-98.9,0.9568,0.3833,-1.6483,674.84,2192.48,-2291.38,3,1,False,"[-301.3, -284.8, 487.2]",0.4,0.25,0.25,324.27
X01538,momentum_reversion,all,range15_pct,range15_pct,1.25,1.5,24,92,-288.08,0.9564,0.4348,-3.1313,1784.16,6321.4,-6609.48,3,2,False,"[-1530.44, 878.06, 364.3]",0.4468,0.3333,0.5,657.47
X00546,emapmo,short_only,atr_blend,atr_blend,1.0,1.0,12,198,-275.02,0.956,0.5303,-1.389,1316.98,5980.8,-6255.82,3,2,False,"[498.66, 24.16, -797.84]",0.3871,0.6667,0.75,305.95
X00867,icefishball,all,fixed,fixed,60.0,120.0,48,396,-1326.54,0.9555,0.3434,-3.3498,4018.72,28494.86,-29821.4,3,2,False,"[-2072.68, 221.32, 524.82]",0.4643,0.3846,0.25,916.93
X01156,icefishball,short_only,fixed,fixed,80.0,120.0,6,283,-465.92,0.9553,0.4982,-1.6464,1647.9,9956.66,-10422.58,3,1,False,"[-398.8, 400.94, -468.06]",0.4107,0.4615,0.5,406.4
X00558,emapmo,short_only,atr_blend,atr_blend,2.5,1.0,12,145,-238.8,0.9553,0.6414,-1.6469,1589.52,5107.18,-5345.98,3,2,False,"[556.74, 106.48, -902.02]",0.5161,0.6667,0.75,385.42
X01162,icefishball,short_only,atr,atr,1.5,1.5,6,309,-453.66,0.9549,0.5081,-1.4682,1384.52,9606.32,-10059.98,3,1,False,"[-371.72, 457.78, -539.72]",0.5536,0.6154,0.75,196.96
X00406,emapmo,long_only,fixed,fixed,30.0,60.0,48,97,-180.28,0.9547,0.3299,-1.8586,1319.52,3800.32,-3980.6,3,1,False,"[-580.92, -159.68, 560.32]",0.5333,0.4286,0.3333,329.1
X01322,icefishball,short_only,fixed,fixed,60.0,60.0,48,255,-688.7,0.9543,0.4824,-2.7008,2462.6,14375.98,-15064.68,3,2,False,"[-1934.4, 736.6, 509.1]",0.5,0.4615,0.5,549.42
X00603,emapmo,short_only,atr_blend,atr_blend,1.0,1.0,24,196,-295.54,0.954,0.5357,-1.5079,1326.0,6125.8,-6421.34,3,2,False,"[553.66, 151.9, -1001.1]",0.4194,0.6667,0.75,324.02
X00154,emapmo,all,atr_blend,atr_blend,1.5,4.0,24,111,-391.14,0.9537,0.3604,-3.5238,1868.58,8053.9,-8445.04,3,1,False,"[638.12, -871.38, -157.88]",0.4737,0.5,0.75,358.99
X01555,momentum_reversion,all,fixed,fixed,80.0,120.0,48,88,-348.12,0.9534,0.4318,-3.9559,1656.58,7119.38,-7467.5,3,1,False,"[-319.7, -436.96, 408.54]",0.4468,0.3333,0.5,702.62
X00192,emapmo,all,atr,atr,1.5,1.0,48,226,-487.24,0.9532,0.6106,-2.1559,1875.34,9931.38,-10418.62,3,1,False,"[922.26, -563.0, -846.5]",0.45,0.5833,0.5,274.77
X01941,momentum_reversion,short_only,fixed,fixed,15.0,60.0,24,68,-79.32,0.953,0.2059,-1.1665,617.08,1607.64,-1686.96,3,1,False,"[331.48, -23.52, -387.28]",0.4444,0.5455,0.5,140.4
X01203,icefishball,short_only,fixed,fixed,30.0,30.0,12,351,-481.24,0.953,0.5043,-1.3711,1174.02,9755.02,-10236.26,3,1,False,"[-285.58, 629.92, -825.58]",0.3929,0.5385,0.5,224.24
X00017,emapmo,all,atr,atr,1.0,1.0,6,306,-514.94,0.9528,0.4935,-1.6828,1443.48,10394.76,-10909.7,3,1,False,"[275.52, -195.98, -594.48]",0.425,0.5,0.25,212.09
X00065,emapmo,all,fixed,fixed,30.0,120.0,12,195,-389.3,0.9527,0.2821,-1.9964,2065.44,7834.3,-8223.6,3,2,False,"[910.9, -1465.6, 165.4]",0.3947,0.5833,0.75,388.97
X00074,emapmo,all,atr,atr,1.0,1.0,12,285,-514.4,0.9525,0.5053,-1.8049,1547.84,10315.94,-10830.34,3,1,False,"[382.2, -236.8, -659.8]",0.4,0.5,0.25,227.49
X00611,emapmo,short_only,atr_blend,atr_blend,2.0,1.0,24,139,-266.36,0.9523,0.6763,-1.9163,1446.84,5313.44,-5579.8,3,1,False,"[876.72, -60.04, -1083.04]",0.5806,0.5833,0.75,359.72
X01296,icefishball,short_only,atr_blend,atr_blend,2.0,1.5,24,272,-644.78,0.952,0.5515,-2.3705,1726.8,12789.5,-13434.28,3,1,False,"[-594.34, 48.16, -98.6]",0.4643,0.4615,0.5,352.8
X01339,icefishball,short_only,atr,atr,2.0,4.0,48,254,-889.46,0.9519,0.3346,-3.5018,2860.98,17618.6,-18508.06,3,1,False,"[-2169.4, 1399.6, -119.66]",0.4286,0.3846,0.5,703.5
X00188,emapmo,all,atr,atr,1.0,1.0,48,281,-525.44,0.9517,0.5089,-1.8699,1542.62,10357.68,-10883.12,3,1,False,"[365.94, -222.06, -669.32]",0.45,0.5,0.25,228.61
X01905,momentum_reversion,short_only,atr,atr,1.5,4.0,12,43,-103.82,0.9516,0.3721,-2.4144,661.6,2039.16,-2142.98,3,2,False,"[-661.6, 386.14, 171.64]",0.4074,0.5455,0.5,199.26
X00175,emapmo,all,fixed,fixed,15.0,120.0,48,270,-360.8,0.9515,0.1185,-1.3363,1554.56,7074.32,-7435.12,3,1,False,"[-8.1, -781.1, 428.4]",0.4211,0.5,0.5,308.72
X00508,emapmo,short_only,range15_pct,range15_pct,1.0,1.0,6,156,-252.44,0.951,0.4744,-1.6182,1316.98,4900.74,-5153.18,3,2,False,"[33.52, 162.52, -448.48]",0.4839,0.4167,0.75,340.59
X00548,emapmo,short_only,atr_blend,atr_blend,1.0,2.0,12,131,-261.94,0.951,0.4122,-1.9995,1233.24,5080.04,-5341.98,3,1,False,"[292.44, -37.56, -516.82]",0.4333,0.5833,0.75,296.83
X00489,emapmo,short_only,atr_blend,atr_blend,1.0,1.0,6,213,-309.62,0.9508,0.5023,-1.4536,1283.04,5989.82,-6299.44,3,1,False,"[515.46, -235.54, -589.54]",0.4839,0.6667,0.75,314.32
X01211,icefishball,short_only,fixed,fixed,80.0,30.0,12,280,-511.2,0.9508,0.6464,-1.8257,1571.16,9872.06,-10383.26,3,1,False,"[-236.06, 470.18, -745.32]",0.4286,0.6154,0.5,342.18
X01590,momentum_reversion,all,range15_pct,range15_pct,0.75,2.0,48,97,-323.28,0.9507,0.2887,-3.3328,1901.8,6227.78,-6551.06,3,1,False,"[-814.92, 1035.32, -543.68]",0.383,0.3333,0.25,587.52
X01318,icefishball,short_only,fixed,fixed,30.0,60.0,48,334,-677.66,0.9502,0.3293,-2.0289,1969.12,12937.6,-13615.26,3,1,False,"[-1353.38, 1113.36, -437.64]",0.375,0.3846,0.5,438.05
X01484,momentum_reversion,all,fixed,fixed,15.0,30.0,24,149,-154.76,0.95,0.3356,-1.0387,430.68,2938.0,-3092.76,3,1,False,"[-212.0, 58.0, -0.76]",0.5106,0.4167,0.5,121.98
X01541,momentum_reversion,all,fixed,fixed,15.0,30.0,48,149,-154.76,0.95,0.3356,-1.0387,430.68,2938.0,-3092.76,3,1,False,"[-212.0, 58.0, -0.76]",0.5106,0.4167,0.5,121.98
X00466,emapmo,short_only,fixed,fixed,60.0,30.0,6,182,-287.68,0.9499,0.5495,-1.5807,1224.56,5460.0,-5747.68,3,1,False,"[408.36, -165.14, -530.9]",0.4516,0.5833,0.75,341.89
X00511,emapmo,short_only,range15_pct,range15_pct,1.25,1.0,6,149,-255.26,0.9497,0.4966,-1.7132,1303.52,4815.24,-5070.5,3,1,False,"[153.5, -181.5, -227.26]",0.4839,0.5833,0.75,355.79
X01346,icefishball,short_only,atr_blend,atr_blend,1.0,2.0,48,338,-713.62,0.9497,0.3166,-2.1113,2448.58,13460.82,-14174.44,3,2,False,"[-1094.12, 286.38, 94.12]",0.4107,0.4615,0.5,480.69
X01487,momentum_reversion,all,fixed,fixed,30.0,15.0,24,139,-142.36,0.9495,0.6691,-1.0242,528.12,2674.68,-2817.04,3,1,False,"[-88.28, 152.96, -207.04]",0.5319,0.4167,0.5,147.98
X01544,momentum_reversion,all,fixed,fixed,30.0,15.0,48,139,-142.36,0.9495,0.6691,-1.0242,528.12,2674.68,-2817.04,3,1,False,"[-88.28, 152.96, -207.04]",0.5319,0.4167,0.5,147.98
X01422,momentum_reversion,all,range15_pct,range15_pct,1.0,2.0,6,105,-189.2,0.9495,0.5143,-1.8019,740.68,3558.54,-3747.74,3,1,False,"[-469.9, -170.4, 451.1]",0.5106,0.25,0.25,266.9
X00596,emapmo,short_only,atr,atr,2.0,1.5,24,118,-291.32,0.9495,0.5932,-2.4688,1553.76,5480.7,-5772.02,3,2,False,"[496.9, 54.64, -842.86]",0.5806,0.5833,0.75,382.83
X01206,icefishball,short_only,fixed,fixed,60.0,15.0,12,323,-372.02,0.9493,0.7616,-1.1518,1245.0,6958.96,-7330.98,3,2,False,"[-820.42, 346.58, 101.82]",0.5179,0.4615,0.25,232.59
X00131,emapmo,all,atr,atr,1.0,1.0,24,281,-551.94,0.9492,0.5089,-1.9642,1542.62,10308.68,-10860.62,3,1,False,"[339.44, -222.06, -669.32]",0.425,0.5,0.25,226.96
X01548,momentum_reversion,all,fixed,fixed,60.0,15.0,48,125,-155.0,0.9489,0.8,-1.24,508.04,2876.0,-3031.0,3,1,False,"[-292.08, 157.92, -20.84]",0.5957,0.5833,0.5,174.8
X01273,icefishball,short_only,atr,atr,1.0,2.0,24,341,-709.84,0.948,0.3196,-2.0816,1812.22,12931.84,-13641.68,3,1,False,"[-423.86, 119.14, -405.12]",0.375,0.3846,0.5,371.13
X00642,emapmo,short_only,fixed,fixed,80.0,60.0,48,85,-290.4,0.9476,0.5412,-3.4165,1398.26,5253.46,-5543.86,3,1,False,"[-66.46, 103.28, -327.22]",0.4667,0.5,0.75,373.48
X01153,icefishball,short_only,fixed,fixed,80.0,15.0,6,321,-365.04,0.9473,0.7321,-1.1372,1300.94,6560.6,-6925.64,3,2,False,"[-646.68, 264.32, 17.32]",0.4821,0.6154,0.25,212.57
X01355,icefishball,short_only,atr_blend,atr_blend,2.0,4.0,48,247,-973.28,0.9468,0.3401,-3.9404,2458.86,17333.34,-18306.62,3,1,False,"[-1758.92, 2021.82, -1236.18]",0.4464,0.3846,0.5,721.03
X01947,momentum_reversion,short_only,fixed,fixed,60.0,15.0,24,58,-74.92,0.9464,0.7931,-1.2917,554.88,1322.96,-1397.88,3,2,False,"[182.2, 96.44, -353.56]",0.5926,0.3636,0.5,149.54
X00619,emapmo,short_only,range15_pct,range15_pct,0.75,1.0,24,127,-275.48,0.9464,0.4409,-2.1691,1172.02,4863.56,-5139.04,3,1,False,"[-179.32, 94.92, -191.08]",0.5667,0.5833,0.5,308.33
X00521,emapmo,short_only,fixed,fixed,30.0,120.0,12,120,-246.8,0.9463,0.3333,-2.0567,1132.7,4346.4,-4593.2,3,2,False,"[146.4, 249.9, -643.1]",0.3793,0.5833,0.75,310.92
X00067,emapmo,all,fixed,fixed,60.0,30.0,12,264,-548.36,0.9459,0.6288,-2.0771,2029.02,9591.16,-10139.52,3,2,False,"[857.38, -1537.12, 131.38]",0.525,0.5833,0.75,388.92
X00551,emapmo,short_only,atr_blend,atr_blend,1.5,1.5,12,129,-293.96,0.9458,0.5116,-2.2788,929.82,5132.66,-5426.62,3,1,False,"[33.18, -186.82, -140.32]",0.4194,0.5,0.5,200.87
X01367,icefishball,short_only,range15_pct,range15_pct,1.25,1.5,48,230,-896.7,0.9457,0.4435,-3.8987,2569.46,15622.02,-16518.72,3,1,False,"[-645.98, 708.52, -959.24]",0.4464,0.5385,0.5,612.05
X01359,icefishball,short_only,atr_blend,atr_blend,2.5,4.0,48,215,-979.1,0.9453,0.3814,-4.554,2947.1,16908.82,-17887.92,3,1,False,"[-2016.78, 1916.22, -878.54]",0.5179,0.4615,0.5,727.49
X00620,emapmo,short_only,range15_pct,range15_pct,0.75,1.5,24,101,-255.24,0.9451,0.3564,-2.5271,1422.34,4394.36,-4649.6,3,1,False,"[-45.66, 106.34, -315.92]",0.3793,0.5,0.75,416.34
X00463,emapmo,short_only,fixed,fixed,30.0,60.0,6,171,-289.04,0.945,0.4152,-1.6903,1104.24,4961.96,-5251.0,3,1,False,"[126.32, -118.18, -297.18]",0.4516,0.6667,0.75,279.0
X01334,icefishball,short_only,atr,atr,1.5,2.0,48,290,-839.1,0.9449,0.4069,-2.8934,1847.52,14386.18,-15225.28,3,1,False,"[-1235.78, 777.72, -381.04]",0.4286,0.3846,0.5,449.55
X01327,icefishball,short_only,fixed,fixed,80.0,120.0,48,219,-1011.06,0.9447,0.4018,-4.6167,2891.96,17261.88,-18272.94,3,1,False,"[-1473.52, -239.02, 701.48]",0.5,0.5385,0.5,623.28
X01366,icefishball,short_only,range15_pct,range15_pct,1.25,1.0,48,241,-829.34,0.9443,0.5311,-3.4412,2778.94,14065.78,-14895.12,3,1,False,"[-284.94, 144.8, -689.2]",0.5,0.4615,0.5,588.33
X01896,momentum_reversion,short_only,fixed,fixed,80.0,60.0,12,41,-119.84,0.944,0.4878,-2.9229,844.3,2019.2,-2139.04,3,2,False,"[48.14, 211.64, -379.62]",0.4815,0.5455,0.25,165.81
X01197,icefishball,short_only,range15_pct,range15_pct,1.25,2.0,6,287,-575.88,0.9437,0.4983,-2.0066,1800.2,9655.18,-10231.06,3,1,False,"[-527.54, 381.96, -430.3]",0.4286,0.5385,0.5,338.25
X01559,momentum_reversion,all,atr,atr,1.0,4.0,48,108,-281.42,0.9437,0.213,-2.6057,1491.0,4719.48,-5000.9,3,1,False,"[-336.64, 324.36, -269.14]",0.3404,0.3333,0.25,437.35
X00575,emapmo,short_only,fixed,fixed,30.0,15.0,24,322,-369.28,0.9436,0.6677,-1.1468,1541.44,6183.4,-6552.68,3,2,False,"[586.08, -972.68, 17.32]",0.5161,0.6667,0.75,386.26
X00632,emapmo,short_only,fixed,fixed,30.0,15.0,48,322,-369.28,0.9436,0.6677,-1.1468,1541.44,6183.4,-6552.68,3,2,False,"[586.08, -972.68, 17.32]",0.5161,0.6667,0.75,386.26
X01280,icefishball,short_only,atr,atr,2.0,1.5,24,278,-777.22,0.9435,0.5468,-2.7958,1904.94,12982.02,-13759.24,3,0,False,"[-624.32, -6.82, -146.08]",0.5179,0.6154,0.25,378.88
X00349,emapmo,long_only,fixed,fixed,30.0,60.0,24,97,-226.28,0.9432,0.3299,-2.3328,1319.52,3754.32,-3980.6,3,1,False,"[-580.92, -205.68, 560.32]",0.5333,0.4286,0.3333,330.5
X00507,emapmo,short_only,range15_pct,range15_pct,0.75,2.0,6,144,-261.06,0.9427,0.4167,-1.8129,1123.18,4297.6,-4558.66,3,1,False,"[-185.52, 518.98, -594.52]",0.4,0.5833,0.5,297.28
X01542,momentum_reversion,all,fixed,fixed,15.0,60.0,48,146,-211.04,0.9423,0.1986,-1.4455,912.16,3444.04,-3655.08,3,1,False,"[-180.76, 419.24, -449.52]",0.4255,0.4167,0.25,189.18
X00007,emapmo,all,fixed,fixed,30.0,60.0,6,268,-535.32,0.942,0.3843,-1.9975,2315.06,8696.28,-9231.6,3,2,False,"[815.9, -1590.36, 239.14]",0.45,0.6667,0.5,417.36
X00588,emapmo,short_only,atr,atr,1.0,1.5,24,168,-352.32,0.9418,0.4286,-2.0971,1222.0,5705.22,-6057.54,3,1,False,"[223.06, -39.94, -535.44]",0.5484,0.5833,0.75,292.77
X01176,icefishball,short_only,atr_blend,atr_blend,1.0,4.0,6,346,-654.54,0.9412,0.3902,-1.8917,1639.54,10482.6,-11137.14,3,1,False,"[-961.84, 363.9, -56.6]",0.375,0.5385,0.25,331.7
X01970,momentum_reversion,short_only,atr,atr,2.5,4.0,24,37,-167.38,0.941,0.4324,-4.5238,837.12,2667.66,-2835.04,3,1,False,"[-837.12, 790.62, -120.88]",0.4815,0.3636,0.5,392.22
X00641,emapmo,short_only,fixed,fixed,80.0,30.0,48,128,-334.22,0.9408,0.7109,-2.6111,1315.8,5312.66,-5646.88,3,1,False,"[489.68, -292.32, -531.58]",0.5161,0.5833,0.75,351.07
X01277,icefishball,short_only,atr,atr,1.5,2.0,24,292,-855.58,0.9408,0.4144,-2.9301,1729.4,13606.46,-14462.04,3,1,False,"[-1211.02, 1011.22, -655.78]",0.4464,0.4615,0.5,381.01
X00581,emapmo,short_only,fixed,fixed,60.0,60.0,24,99,-313.26,0.9406,0.4949,-3.1642,1342.66,4959.74,-5273.0,3,0,False,"[-28.42, -54.92, -229.92]",0.4333,0.5,0.5,334.91
X01146,icefishball,short_only,fixed,fixed,30.0,30.0,6,354,-555.96,0.9405,0.4915,-1.5705,1242.0,8785.74,-9341.7,3,1,False,"[-472.82, 515.18, -598.32]",0.4643,0.3846,0.25,181.89
X00467,emapmo,short_only,fixed,fixed,60.0,60.0,6,149,-318.76,0.9399,0.4765,-2.1393,1246.38,4982.96,-5301.72,3,2,False,"[48.5, 47.0, -414.26]",0.4194,0.5833,0.75,364.41
X00637,emapmo,short_only,fixed,fixed,60.0,30.0,48,151,-371.74,0.9399,0.6556,-2.4619,1267.26,5817.24,-6188.98,3,1,False,"[537.76, -247.5, -662.0]",0.4194,0.5,0.75,304.34
X01494,momentum_reversion,all,fixed,fixed,60.0,120.0,24,94,-363.56,0.9399,0.4043,-3.8677,1902.92,5686.38,-6049.94,3,1,False,"[-826.68, -785.44, 1248.56]",0.4681,0.4167,0.25,643.05
X01433,momentum_reversion,all,fixed,fixed,30.0,120.0,12,117,-258.08,0.9398,0.3162,-2.2058,1006.74,4030.12,-4288.2,3,2,False,"[-675.36, 58.14, 359.14]",0.4468,0.25,0.25,403.9
X00871,icefishball,all,fixed,fixed,80.0,120.0,48,359,-1898.66,0.9396,0.4039,-5.2887,4269.38,29531.2,-31429.86,3,1,False,"[-2011.8, -683.3, 796.44]",0.4464,0.3846,0.25,916.63
X00518,emapmo,short_only,fixed,fixed,30.0,15.0,12,322,-395.78,0.9394,0.6646,-1.2291,1503.44,6133.64,-6529.42,3,2,False,"[521.58, -934.68, 17.32]",0.4839,0.6667,0.75,384.56
X01715,momentum_reversion,long_only,fixed,fixed,30.0,15.0,24,75,-93.0,0.9393,0.6667,-1.24,418.52,1438.0,-1531.0,3,2,False,"[-361.0, 89.0, 179.0]",0.5714,0.5,0.5,96.66
X01772,momentum_reversion,long_only,fixed,fixed,30.0,15.0,48,75,-93.0,0.9393,0.6667,-1.24,418.52,1438.0,-1531.0,3,2,False,"[-361.0, 89.0, 179.0]",0.5714,0.5,0.5,96.66
X00568,emapmo,short_only,range15_pct,range15_pct,1.25,1.0,12,116,-293.84,0.9393,0.5172,-2.5331,1508.54,4547.1,-4840.94,3,2,False,"[326.64, 65.14, -685.62]",0.4,0.5833,0.75,371.26
X01432,momentum_reversion,all,fixed,fixed,30.0,60.0,12,118,-248.32,0.9388,0.3644,-2.1044,873.24,3811.18,-4059.5,3,1,False,"[-313.6, 383.14, -317.86]",0.4681,0.25,0.25,249.37
X01293,icefishball,short_only,atr_blend,atr_blend,1.5,2.0,24,295,-916.3,0.9385,0.4169,-3.1061,1932.5,13978.48,-14894.78,3,1,False,"[-1181.76, 364.48, -99.02]",0.4107,0.4615,0.5,468.94
X00292,emapmo,long_only,fixed,fixed,30.0,60.0,12,97,-245.28,0.9384,0.3299,-2.5287,1338.16,3735.32,-3980.6,3,1,False,"[-580.92, -224.68, 560.32]",0.4667,0.4286,0.3333,331.3
X00235,emapmo,long_only,fixed,fixed,30.0,60.0,6,97,-246.28,0.9381,0.3299,-2.539,1319.52,3734.32,-3980.6,3,1,False,"[-611.42, -195.18, 560.32]",0.5333,0.4286,0.3333,324.36
X01295,icefishball,short_only,atr_blend,atr_blend,2.0,1.0,24,288,-717.62,0.938,0.6354,-2.4917,1883.8,10864.08,-11581.7,3,0,False,"[-162.54, -176.54, -378.54]",0.5,0.4615,0.5,414.49
X01274,icefishball,short_only,atr,atr,1.0,4.0,24,333,-923.92,0.9371,0.2462,-2.7745,2323.98,13771.82,-14695.74,3,1,False,"[-1378.64, 1289.36, -834.64]",0.3929,0.3846,0.5,588.0
X00003,emapmo,all,fixed,fixed,15.0,60.0,6,365,-537.1,0.9366,0.2521,-1.4715,1508.9,7931.42,-8468.52,3,1,False,"[441.72, -892.28, -86.54]",0.425,0.5,0.25,269.29
X00196,emapmo,all,atr,atr,2.0,1.0,48,192,-653.58,0.9362,0.6771,-3.4041,1973.12,9595.8,-10249.38,3,2,False,"[341.14, 310.14, -1304.86]",0.5385,0.5833,0.5,331.69
X01554,momentum_reversion,all,fixed,fixed,80.0,60.0,48,90,-374.1,0.9361,0.5556,-4.1567,1341.08,5481.0,-5855.1,3,1,False,"[100.8, -117.7, -357.2]",0.5319,0.4167,0.25,411.29
X00179,emapmo,all,fixed,fixed,30.0,120.0,48,185,-568.4,0.9357,0.2162,-3.0724,2133.34,8271.4,-8839.8,3,2,False,"[666.12, -1597.38, 362.86]",0.4211,0.5,0.75,368.28
X00474,emapmo,short_only,atr,atr,1.0,1.5,6,193,-387.82,0.9353,0.4249,-2.0094,1298.34,5610.82,-5998.64,3,1,False,"[187.9, -68.86, -506.86]",0.4194,0.5,0.5,307.26
X01179,icefishball,short_only,atr_blend,atr_blend,1.5,2.0,6,311,-705.64,0.935,0.4887,-2.2689,1624.34,10156.02,-10861.66,3,1,False,"[-354.96, 6.04, -356.72]",0.4464,0.5385,0.25,291.8
X00547,emapmo,short_only,atr_blend,atr_blend,1.0,1.5,12,150,-364.0,0.9348,0.44,-2.4267,1027.78,5221.16,-5585.16,3,2,False,"[158.0, 66.0, -588.0]",0.4516,0.5833,0.75,234.14
X00887,icefishball,all,atr,atr,2.5,4.0,48,363,-2148.62,0.9347,0.3829,-5.9191,4235.3,30776.64,-32925.26,3,1,False,"[-1374.04, 872.46, -1647.04]",0.5179,0.3846,0.5,1109.91
X01356,icefishball,short_only,atr_blend,atr_blend,2.5,1.0,48,263,-776.62,0.9346,0.6844,-2.9529,1684.86,11103.3,-11879.92,3,0,False,"[-336.62, -145.12, -294.88]",0.5357,0.5385,0.5,459.81
X00494,emapmo,short_only,atr_blend,atr_blend,1.5,1.5,6,159,-353.66,0.9344,0.4906,-2.2243,1169.82,5037.28,-5390.94,3,2,False,"[164.28, 294.28, -812.22]",0.4839,0.5833,0.75,292.47
X01301,icefishball,short_only,atr_blend,atr_blend,2.5,2.0,24,243,-963.82,0.9343,0.5226,-3.9663,2693.56,13699.52,-14663.34,3,2,False,"[-1222.44, 158.56, 100.06]",0.5,0.3846,0.5,568.14
X00665,emapmo,short_only,atr_blend,atr_blend,1.5,1.5,48,120,-383.8,0.9342,0.525,-3.1983,1116.96,5452.38,-5836.18,3,2,False,"[212.4, 54.9, -651.1]",0.4667,0.5833,0.5,214.83
X00064,emapmo,all,fixed,fixed,30.0,60.0,12,247,-631.78,0.934,0.3482,-2.5578,2404.44,8939.36,-9571.14,3,2,False,"[779.08, -1713.68, 302.82]",0.4103,0.6667,0.5,409.06
X00679,emapmo,short_only,range15_pct,range15_pct,1.0,1.0,48,111,-375.64,0.9337,0.4865,-3.3841,1447.32,5293.04,-5668.68,3,2,False,"[152.62, 35.12, -563.38]",0.4483,0.5833,0.5,313.58
X01172,icefishball,short_only,atr,atr,2.5,4.0,6,286,-708.64,0.9332,0.5035,-2.4778,2014.96,9906.94,-10615.58,3,1,False,"[-817.04, 191.2, -82.8]",0.4107,0.4615,0.5,365.16
X00810,icefishball,all,fixed,fixed,60.0,120.0,24,428,-1917.72,0.9328,0.3808,-4.4807,3829.56,26622.88,-28540.6,3,1,False,"[-2592.82, 1214.18, -539.08]",0.4107,0.3077,0.25,874.81
X01217,icefishball,short_only,atr,atr,1.0,4.0,12,346,-902.04,0.9323,0.2977,-2.6071,2624.4,12412.28,-13314.32,3,1,False,"[-1082.34, -62.1, 242.4]",0.4286,0.3846,0.5,450.74
X01352,icefishball,short_only,atr_blend,atr_blend,2.0,1.0,48,286,-823.14,0.9322,0.6469,-2.8781,2015.52,11315.1,-12138.24,3,0,False,"[-157.54, -195.3, -470.3]",0.5357,0.4615,0.5,503.56
X01163,icefishball,short_only,atr,atr,1.5,2.0,6,307,-711.68,0.9318,0.4821,-2.3182,1739.76,9717.98,-10429.66,3,1,False,"[-503.22, 333.52, -541.98]",0.5,0.5385,0.5,254.64
X00482,emapmo,short_only,atr,atr,2.0,1.5,6,164,-390.86,0.9316,0.5061,-2.3833,1505.64,5327.58,-5718.44,3,2,False,"[468.8, 38.3, -897.96]",0.5484,0.5833,0.75,405.93
X00520,emapmo,short_only,fixed,fixed,30.0,60.0,12,150,-386.5,0.9309,0.36,-2.5767,1188.76,5204.04,-5590.54,3,1,False,"[93.5, -192.0, -288.0]",0.4333,0.6667,0.75,292.25
X01342,icefishball,short_only,atr,atr,2.5,2.0,48,237,-1083.38,0.9309,0.519,-4.5712,2770.2,14587.98,-15671.36,3,0,False,"[-914.46, -72.96, -95.96]",0.4643,0.3846,0.5,605.51
X00510,emapmo,short_only,range15_pct,range15_pct,1.0,2.0,6,140,-330.1,0.9304,0.4286,-2.3579,1266.68,4415.1,-4745.2,3,1,False,"[-100.78, 224.72, -454.04]",0.4,0.5833,0.75,316.07
X00538,emapmo,short_only,atr,atr,2.0,1.0,12,163,-420.62,0.9304,0.6503,-2.5805,1556.44,5625.06,-6045.68,3,2,False,"[437.8, 106.04, -964.46]",0.5484,0.5,0.75,364.94
X01185,icefishball,short_only,atr_blend,atr_blend,2.5,1.0,6,292,-672.08,0.9302,0.5925,-2.3016,1357.4,8956.48,-9628.56,3,1,False,"[-407.52, 334.72, -599.28]",0.4821,0.5385,0.5,260.98
X00471,emapmo,short_only,fixed,fixed,80.0,60.0,6,146,-374.04,0.9302,0.4863,-2.5619,1292.16,4982.96,-5357.0,3,1,False,"[153.24, -24.76, -502.52]",0.4194,0.5833,0.75,373.06
X01783,momentum_reversion,long_only,fixed,fixed,80.0,120.0,48,50,-294.5,0.9302,0.42,-5.89,1291.34,3926.46,-4220.96,3,1,False,"[-57.58, -1141.58, 904.66]",0.4,0.3333,0.5,523.94
X00492,emapmo,short_only,atr_blend,atr_blend,1.0,4.0,6,141,-329.34,0.9297,0.4113,-2.3357,1015.18,4358.08,-4687.42,3,2,False,"[190.72, 340.22, -860.28]",0.4,0.6667,0.75,248.9
X00834,icefishball,all,atr_blend,atr_blend,1.0,4.0,24,552,-1834.48,0.9296,0.2355,-3.3233,4664.12,24212.8,-26047.28,3,1,False,"[-1697.66, 1005.34, -1142.16]",0.4643,0.4615,0.5,974.52
X01778,momentum_reversion,long_only,fixed,fixed,60.0,60.0,48,54,-231.46,0.9293,0.5,-4.2863,797.98,3042.02,-3273.48,3,1,False,"[-575.82, -113.32, 457.68]",0.4286,0.3333,0.5,312.43
X01529,momentum_reversion,all,atr_blend,atr_blend,2.5,2.0,24,92,-417.58,0.9287,0.5109,-4.5389,1275.84,5439.72,-5857.3,3,2,False,"[-984.94, 36.56, 530.8]",0.4681,0.25,0.25,560.91
X00486,emapmo,short_only,atr,atr,2.5,1.5,6,160,-407.4,0.9286,0.5188,-2.5463,1686.9,5298.08,-5705.48,3,1,False,"[466.54, -80.72, -793.22]",0.5806,0.5833,0.75,433.37
X01309,icefishball,short_only,range15_pct,range15_pct,1.25,1.0,24,253,-1019.72,0.9284,0.5257,-4.0305,2159.82,13217.08,-14236.8,3,1,False,"[-961.9, 969.34, -1027.16]",0.5179,0.5385,0.5,485.54
X01262,icefishball,short_only,fixed,fixed,30.0,120.0,24,327,-1019.98,0.9278,0.2722,-3.1192,1841.7,13105.14,-14125.12,3,1,False,"[-1639.16, 1632.84, -1013.66]",0.3571,0.3077,0.5,420.75
X01978,momentum_reversion,short_only,atr_blend,atr_blend,1.5,4.0,24,41,-207.84,0.9276,0.3659,-5.0693,643.6,2663.4,-2871.24,3,2,False,"[-531.86, 246.14, 77.88]",0.4074,0.2727,0.5,323.29
X01767,momentum_reversion,long_only,range15_pct,range15_pct,1.25,2.0,24,53,-250.22,0.9275,0.3585,-4.7211,1304.14,3199.44,-3449.66,3,1,False,"[-695.32, -608.82, 1053.92]",0.2857,0.3333,0.25,452.36
X00883,icefishball,all,atr,atr,2.0,4.0,48,411,-2446.14,0.9273,0.326,-5.9517,4259.94,31210.84,-33656.98,3,1,False,"[-2143.88, 1244.12, -1546.38]",0.4107,0.4615,0.25,1176.32
X00645,emapmo,short_only,atr,atr,1.0,1.5,48,168,-449.82,0.9268,0.4226,-2.6775,1222.0,5693.46,-6143.28,3,1,False,"[125.56, -39.94, -535.44]",0.5161,0.5833,0.75,288.72
X00814,icefishball,all,fixed,fixed,80.0,120.0,24,400,-2169.0,0.9268,0.425,-5.4225,4496.92,27454.7,-29623.7,3,2,False,"[-3338.66, 329.58, 840.08]",0.4643,0.3846,0.25,838.54
X00580,emapmo,short_only,fixed,fixed,60.0,30.0,24,151,-445.74,0.9265,0.6358,-2.9519,1336.76,5614.96,-6060.7,3,1,False,"[504.26, -303.0, -647.0]",0.4516,0.5,0.75,302.09
X00516,emapmo,short_only,fixed,fixed,15.0,60.0,12,216,-382.84,0.9262,0.2222,-1.7724,900.0,4801.98,-5184.82,3,1,False,"[-306.78, 229.22, -305.28]",0.4,0.3333,0.5,206.08
X00672,emapmo,short_only,atr_blend,atr_blend,2.5,1.0,48,123,-406.52,0.926,0.7236,-3.305,1698.28,5084.64,-5491.16,3,1,False,"[744.16, -113.34, -1037.34]",0.6,0.5,0.75,390.3
X01233,icefishball,short_only,atr_blend,atr_blend,1.0,4.0,12,343,-1004.82,0.9251,0.309,-2.9295,2722.68,12412.06,-13416.88,3,2,False,"[-1554.6, 221.14, 328.64]",0.4107,0.3846,0.5,520.02
X01099,icefishball,long_only,fixed,fixed,80.0,120.0,48,171,-1158.04,0.9247,0.4094,-6.7722,3008.52,14221.7,-15379.74,3,1,False,"[-761.18, -676.68, 279.82]",0.5472,0.4167,0.25,698.35
X02044,momentum_reversion,short_only,range15_pct,range15_pct,0.75,1.0,48,41,-208.34,0.9246,0.439,-5.0815,998.36,2554.18,-2762.52,3,1,False,"[-126.36, 650.14, -732.12]",0.4815,0.5455,0.25,254.64
X00506,emapmo,short_only,range15_pct,range15_pct,0.75,1.5,6,145,-344.8,0.9244,0.4207,-2.3779,1123.18,4217.86,-4562.66,3,1,False,"[-30.26, 347.98, -662.52]",0.4,0.5,0.5,299.16
X01289,icefishball,short_only,atr_blend,atr_blend,1.0,2.0,24,339,-1052.86,0.9244,0.3186,-3.1058,2410.22,12865.58,-13918.44,3,1,False,"[-1278.12, 292.88, -67.62]",0.3929,0.4615,0.25,427.55
X00757,icefishball,all,fixed,fixed,80.0,120.0,12,444,-1978.06,0.9236,0.4617,-4.4551,3398.88,23907.8,-25885.86,3,1,False,"[-1633.52, -1019.02, 674.48]",0.4464,0.4615,0.25,646.47
X00470,emapmo,short_only,fixed,fixed,80.0,30.0,6,180,-458.7,0.9233,0.5611,-2.5483,1450.3,5518.76,-5977.46,3,1,False,"[373.6, -94.4, -737.9]",0.5161,0.5833,0.75,383.2
X00498,emapmo,short_only,atr_blend,atr_blend,2.0,1.5,6,155,-413.7,0.9229,0.5097,-2.669,1437.58,4952.54,-5366.24,3,2,False,"[300.02, 132.02, -845.74]",0.5806,0.5,0.75,373.59
X00501,emapmo,short_only,atr_blend,atr_blend,2.5,1.0,6,176,-461.24,0.9227,0.5682,-2.6207,1589.82,5509.5,-5970.74,3,1,False,"[461.34, -13.16, -909.42]",0.5484,0.5833,0.75,416.92
X00682,emapmo,short_only,range15_pct,range15_pct,1.25,1.0,48,97,-427.28,0.9225,0.5258,-4.4049,1674.38,5084.26,-5511.54,3,1,False,"[192.08, -125.18, -494.18]",0.4138,0.5833,0.5,336.64
X01951,momentum_reversion,short_only,fixed,fixed,80.0,15.0,24,57,-113.68,0.9224,0.8246,-1.9944,748.68,1351.72,-1465.4,3,2,False,"[123.44, 166.44, -403.56]",0.6667,0.3636,0.5,180.27
X01536,momentum_reversion,all,range15_pct,range15_pct,1.0,2.0,24,93,-502.82,0.922,0.3656,-5.4067,1455.98,5940.84,-6443.66,3,2,False,"[-1262.94, 374.06, 386.06]",0.383,0.3333,0.5,663.87
X00600,emapmo,short_only,atr,atr,2.5,1.5,24,104,-415.46,0.9219,0.625,-3.9948,1806.94,4905.4,-5320.86,3,1,False,"[729.6, -266.4, -878.66]",0.6452,0.5833,0.75,447.88
X00464,emapmo,short_only,fixed,fixed,30.0,120.0,6,152,-376.48,0.9215,0.3882,-2.4768,1082.3,4421.34,-4797.82,3,1,False,"[42.76, -15.74, -403.5]",0.4,0.5,0.5,274.06
X00667,emapmo,short_only,atr_blend,atr_blend,1.5,4.0,48,78,-415.72,0.9215,0.3205,-5.3297,2219.3,4883.0,-5298.72,3,1,False,"[404.76, -559.74, -260.74]",0.3571,0.5,0.5,365.69
X01514,momentum_reversion,all,atr,atr,2.5,4.0,24,91,-482.34,0.9212,0.3956,-5.3004,1409.62,5636.86,-6119.2,3,1,False,"[-1029.44, -125.7, 672.8]",0.4468,0.25,0.5,695.34
X00649,emapmo,short_only,atr,atr,1.5,1.5,48,139,-510.36,0.9207,0.518,-3.6717,1305.1,5923.22,-6433.58,3,1,False,"[416.72, -181.04, -746.04]",0.4839,0.6667,0.75,284.12
X01269,icefishball,short_only,fixed,fixed,80.0,60.0,24,248,-1152.52,0.9206,0.5121,-4.6473,2570.24,13368.52,-14521.04,3,2,False,"[-2196.42, 982.08, 61.82]",0.5179,0.5385,0.25,463.2
X01824,momentum_reversion,long_only,range15_pct,range15_pct,1.25,2.0,48,53,-312.72,0.9203,0.3774,-5.9004,951.38,3610.7,-3923.42,3,1,False,"[-449.32, -444.82, 581.42]",0.3714,0.3333,0.5,313.77
X00555,emapmo,short_only,atr_blend,atr_blend,2.0,1.5,12,120,-433.8,0.92,0.5417,-3.615,1372.06,4986.9,-5420.7,3,1,False,"[131.9, -148.6, -417.1]",0.5161,0.5,0.75,348.81
X00895,icefishball,all,atr_blend,atr_blend,1.5,4.0,48,452,-2484.98,0.9193,0.2633,-5.4977,5072.94,28313.94,-30798.92,3,1,False,"[-1031.74, 1703.76, -3157.0]",0.375,0.3077,0.25,1184.47
X01829,momentum_reversion,short_only,fixed,fixed,30.0,15.0,6,66,-106.34,0.9191,0.6364,-1.6112,487.64,1207.92,-1314.26,3,1,False,"[331.22, -131.78, -305.78]",0.5185,0.3636,0.5,100.53
X00889,icefishball,all,atr_blend,atr_blend,1.0,1.5,48,577,-1854.98,0.9189,0.3709,-3.2149,3672.28,21011.14,-22866.12,3,1,False,"[-1036.32, -833.08, 14.42]",0.4821,0.3846,0.25,726.73
X00528,emapmo,short_only,fixed,fixed,80.0,60.0,12,109,-422.16,0.9188,0.4771,-3.873,1459.58,4777.52,-5199.68,3,1,False,"[-326.38, 240.36, -336.14]",0.5,0.5,0.5,399.3
X01655,momentum_reversion,long_only,fixed,fixed,15.0,30.0,12,80,-135.2,0.9187,0.325,-1.69,500.4,1527.76,-1662.96,3,1,False,"[-369.48, -123.48, 357.76]",0.4571,0.4167,0.5,81.24
X00531,emapmo,short_only,atr,atr,1.0,1.5,12,174,-496.76,0.9185,0.4138,-2.8549,1296.88,5597.22,-6093.98,3,1,False,"[87.08, -42.92, -540.92]",0.4194,0.5833,0.75,278.01
X01884,momentum_reversion,short_only,fixed,fixed,15.0,60.0,12,69,-138.56,0.918,0.2029,-2.0081,620.32,1551.14,-1689.7,3,2,False,"[275.48, 26.48, -440.52]",0.4074,0.5455,0.5,134.75
X01570,momentum_reversion,all,atr,atr,2.5,2.0,48,93,-481.32,0.9176,0.5269,-5.1755,1155.82,5357.24,-5838.56,3,1,False,"[-629.94, 316.06, -167.44]",0.4894,0.3333,0.5,456.79
X01232,icefishball,short_only,atr_blend,atr_blend,1.0,2.0,12,343,-1065.32,0.9172,0.344,-3.1059,2584.3,11796.18,-12861.5,3,1,False,"[-1276.1, -170.86, 381.64]",0.3929,0.4615,0.25,405.53
X00462,emapmo,short_only,fixed,fixed,30.0,30.0,6,227,-526.98,0.9171,0.4714,-2.3215,1432.54,5830.82,-6357.8,3,1,False,"[320.26, -402.74, -444.5]",0.4516,0.5833,0.75,312.0
X00661,emapmo,short_only,atr_blend,atr_blend,1.0,1.5,48,146,-482.04,0.917,0.4247,-3.3016,1245.18,5326.12,-5808.16,3,2,False,"[171.74, 111.24, -765.02]",0.4194,0.5,0.75,272.22
X00524,emapmo,short_only,fixed,fixed,60.0,60.0,12,112,-434.88,0.9169,0.4643,-3.8829,1250.06,4796.52,-5231.4,3,1,False,"[-439.12, 256.12, -251.88]",0.5,0.5,0.5,352.54
X01325,icefishball,short_only,fixed,fixed,80.0,30.0,48,265,-996.6,0.9168,0.7057,-3.7608,1753.5,10988.12,-11984.72,3,1,False,"[-550.86, 103.38, -549.12]",0.5179,0.5385,0.5,337.79
X00478,emapmo,short_only,atr,atr,1.5,1.5,6,169,-492.56,0.9165,0.4793,-2.9146,1389.12,5408.06,-5900.62,3,1,False,"[407.82, -134.44, -765.94]",0.4516,0.5833,0.75,327.13
X00458,emapmo,short_only,fixed,fixed,15.0,30.0,6,318,-544.32,0.9163,0.3396,-1.7117,1125.36,5956.08,-6500.4,3,1,False,"[201.56, -347.94, -397.94]",0.3548,0.5,0.5,216.02
X01188,icefishball,short_only,atr_blend,atr_blend,2.5,4.0,6,284,-897.16,0.9163,0.5035,-3.159,2102.96,9820.68,-10717.84,3,1,False,"[-710.3, 270.7, -457.56]",0.4286,0.4615,0.5,430.17
X00117,emapmo,all,fixed,fixed,15.0,60.0,24,337,-707.38,0.9161,0.1988,-2.0991,1364.74,7727.42,-8434.8,3,1,False,"[-174.12, -565.38, 32.12]",0.4103,0.4167,0.25,262.37
X01170,icefishball,short_only,atr,atr,2.5,1.5,6,288,-845.62,0.9161,0.5417,-2.9362,1817.94,9228.06,-10073.68,3,1,False,"[-377.54, 316.46, -784.54]",0.5357,0.3846,0.5,236.45
X01368,icefishball,short_only,range15_pct,range15_pct,1.25,2.0,48,223,-1439.02,0.9161,0.3767,-6.453,2967.48,15711.34,-17150.36,3,1,False,"[-843.0, 1667.24, -2263.26]",0.4643,0.5385,0.5,619.34
X00539,emapmo,short_only,atr,atr,2.0,1.5,12,131,-499.94,0.9156,0.5496,-3.8163,1593.26,5420.22,-5920.16,3,1,False,"[293.94, -47.56, -746.32]",0.4839,0.5,0.75,391.18
X01181,icefishball,short_only,atr_blend,atr_blend,2.0,1.0,6,303,-846.22,0.9145,0.5809,-2.7928,1486.98,9053.26,-9899.48,3,1,False,"[-547.24, 284.26, -583.24]",0.5,0.4615,0.5,241.03
X00623,emapmo,short_only,range15_pct,range15_pct,1.0,1.5,24,93,-428.32,0.9144,0.4301,-4.6056,1679.6,4576.4,-5004.72,3,1,False,"[238.06, -110.44, -555.94]",0.4483,0.5,0.75,489.32
X01619,momentum_reversion,long_only,atr,atr,1.5,2.0,6,63,-177.62,0.9138,0.4286,-2.8194,539.06,1882.52,-2060.14,3,1,False,"[-326.54, -149.54, 298.46]",0.4286,0.3333,0.25,145.23
X00535,emapmo,short_only,atr,atr,1.5,1.5,12,146,-538.54,0.9137,0.5,-3.6886,1309.34,5700.98,-6239.52,3,1,False,"[147.24, -139.26, -546.52]",0.4194,0.5,0.75,276.86
X00774,icefishball,all,atr_blend,atr_blend,1.0,1.0,12,587,-1680.88,0.9133,0.4719,-2.8635,3141.2,17701.52,-19382.4,3,0,False,"[-347.04, -690.04, -643.8]",0.3929,0.4615,0.5,520.6
X01186,icefishball,short_only,atr_blend,atr_blend,2.5,1.5,6,286,-887.64,0.9132,0.542,-3.1036,2158.46,9342.8,-10230.44,3,1,False,"[-634.54, 394.7, -647.8]",0.5,0.3846,0.25,310.42
X01168,icefishball,short_only,atr,atr,2.0,4.0,6,297,-974.78,0.9124,0.4916,-3.2821,2272.84,10150.46,-11125.24,3,1,False,"[-828.26, 5.74, -152.26]",0.4286,0.4615,0.5,405.86
X00477,emapmo,short_only,atr,atr,1.5,1.0,6,198,-550.52,0.9121,0.5657,-2.7804,1410.02,5713.62,-6264.14,3,1,False,"[374.16, -300.84, -623.84]",0.4516,0.5833,0.75,344.73
X01827,momentum_reversion,short_only,fixed,fixed,15.0,60.0,6,69,-143.06,0.9119,0.2464,-2.0733,650.32,1481.42,-1624.48,3,2,False,"[300.98, 59.98, -504.02]",0.4074,0.4545,0.5,154.02
X01166,icefishball,short_only,atr,atr,2.0,1.5,6,299,-926.76,0.9117,0.5351,-3.0995,1900.66,9571.1,-10497.86,3,1,False,"[-427.5, 116.0, -615.26]",0.5179,0.4615,0.5,255.5
X01155,icefishball,short_only,fixed,fixed,80.0,60.0,6,286,-902.64,0.9111,0.514,-3.1561,1742.98,9249.22,-10151.86,3,1,False,"[-681.04, 386.2, -607.8]",0.4643,0.4615,0.5,316.1
X01171,icefishball,short_only,atr,atr,2.5,2.0,6,286,-936.64,0.9105,0.5175,-3.275,1989.96,9525.48,-10462.12,3,1,False,"[-481.04, 242.2, -697.8]",0.4643,0.5385,0.5,266.98
X00121,emapmo,all,fixed,fixed,30.0,60.0,24,241,-872.34,0.9105,0.3361,-3.6197,2355.08,8878.56,-9750.9,3,2,False,"[362.06, -1620.2, 385.8]",0.4103,0.5,0.5,401.53
X00178,emapmo,all,fixed,fixed,30.0,60.0,48,241,-898.84,0.9105,0.3195,-3.7296,2293.92,9144.52,-10043.36,3,2,False,"[259.56, -1479.2, 320.8]",0.3846,0.4167,0.5,396.63
X01263,icefishball,short_only,fixed,fixed,60.0,15.0,24,318,-706.32,0.9103,0.7862,-2.2211,1477.8,7171.5,-7877.82,3,1,False,"[-959.44, 285.06, -31.94]",0.5179,0.3846,0.25,255.49
X01648,momentum_reversion,long_only,range15_pct,range15_pct,1.0,1.0,6,58,-187.42,0.9103,0.5,-3.2314,601.44,1903.04,-2090.46,3,1,False,"[-445.3, -74.06, 331.94]",0.4857,0.3333,0.5,197.09
X00669,emapmo,short_only,atr_blend,atr_blend,2.0,1.5,48,105,-520.7,0.9103,0.5905,-4.959,1555.78,5281.62,-5802.32,3,1,False,"[590.6, -45.9, -1065.4]",0.5333,0.5833,0.75,363.83
X01814,momentum_reversion,long_only,atr_blend,atr_blend,2.5,2.0,48,54,-296.96,0.9101,0.5,-5.4993,974.64,3005.52,-3302.48,3,1,False,"[-508.82, -465.82, 677.68]",0.4286,0.3333,0.25,418.7
X00566,emapmo,short_only,range15_pct,range15_pct,1.0,1.5,12,103,-449.22,0.9099,0.4466,-4.3614,1604.0,4537.46,-4986.68,3,1,False,"[31.6, -49.66, -431.16]",0.3793,0.5833,0.75,438.97
X00130,emapmo,all,fixed,fixed,80.0,120.0,24,112,-762.88,0.9096,0.4196,-6.8114,2154.08,7679.22,-8442.1,3,2,False,"[190.38, -1349.88, 396.62]",0.4211,0.5,0.75,424.23
X02004,momentum_reversion,short_only,fixed,fixed,60.0,15.0,48,58,-131.92,0.9093,0.7931,-2.2745,554.88,1322.96,-1454.88,3,2,False,"[125.2, 96.44, -353.56]",0.5926,0.3636,0.25,150.43
X01184,icefishball,short_only,atr_blend,atr_blend,2.0,4.0,6,293,-1011.32,0.9086,0.4915,-3.4516,2085.82,10051.94,-11063.26,3,1,False,"[-986.52, 545.48, -570.28]",0.4464,0.5385,0.5,408.66
X00174,emapmo,all,fixed,fixed,15.0,60.0,48,337,-777.88,0.9085,0.1929,-2.3082,1448.24,7719.4,-8497.28,3,0,False,"[-80.12, -648.88, -48.88]",0.4103,0.4167,0.25,272.21
X01546,momentum_reversion,all,fixed,fixed,30.0,60.0,48,116,-443.84,0.9083,0.319,-3.8262,1113.48,4394.12,-4837.96,3,1,False,"[-228.36, 491.64, -707.12]",0.4043,0.3333,0.25,298.44
X01485,momentum_reversion,all,fixed,fixed,15.0,60.0,24,146,-335.54,0.9082,0.1986,-2.2982,912.16,3319.54,-3655.08,3,1,False,"[-250.26, 364.24, -449.52]",0.4255,0.4167,0.25,192.97
X01440,momentum_reversion,all,fixed,fixed,80.0,60.0,12,94,-431.06,0.9079,0.4894,-4.5857,1045.3,4247.46,-4678.52,3,0,False,"[-306.18, -17.44, -107.44]",0.4894,0.4167,0.0,316.09
X01196,icefishball,short_only,range15_pct,range15_pct,1.25,1.5,6,287,-937.88,0.9075,0.5017,-3.2679,1962.7,9206.44,-10144.32,3,1,False,"[-743.04, 597.46, -792.3]",0.4107,0.5385,0.5,340.34
X01921,momentum_reversion,short_only,atr_blend,atr_blend,1.5,4.0,12,43,-200.32,0.9075,0.3953,-4.6586,659.1,1964.42,-2164.74,3,2,False,"[-659.1, 190.14, 268.64]",0.4074,0.4545,0.25,203.54
X00831,icefishball,all,atr_blend,atr_blend,1.0,1.0,24,587,-1822.88,0.9072,0.4685,-3.1054,3253.2,17812.5,-19635.38,3,0,False,"[-409.04, -654.54, -759.3]",0.3929,0.4615,0.5,538.76
X00888,icefishball,all,atr_blend,atr_blend,1.0,1.0,48,587,-1822.88,0.9072,0.4685,-3.1054,3253.2,17812.5,-19635.38,3,0,False,"[-409.04, -654.54, -759.3]",0.3929,0.4615,0.5,538.76
X00592,emapmo,short_only,atr,atr,1.5,1.5,24,139,-599.36,0.9069,0.518,-4.3119,1305.1,5836.72,-6436.08,3,1,False,"[322.72, -181.04, -741.04]",0.5161,0.5833,0.75,283.24
X00893,icefishball,all,atr_blend,atr_blend,1.5,1.5,48,512,-2390.88,0.9068,0.4727,-4.6697,4642.84,23265.92,-25656.8,3,0,False,"[-279.54, -589.54, -1521.8]",0.4107,0.3846,0.25,799.52
X02034,momentum_reversion,short_only,atr_blend,atr_blend,1.5,2.0,48,43,-267.32,0.9068,0.4419,-6.2167,731.66,2600.94,-2868.26,3,1,False,"[-488.1, 511.14, -290.36]",0.5185,0.4545,0.5,224.15
X00877,icefishball,all,atr,atr,1.5,1.5,48,513,-2395.62,0.9064,0.4639,-4.6698,3485.72,23208.38,-25604.0,3,1,False,"[-1171.04, 149.96, -1374.54]",0.4464,0.4615,0.25,787.82
X00899,icefishball,all,atr_blend,atr_blend,2.0,4.0,48,408,-3086.92,0.9064,0.3235,-7.566,5054.6,29882.32,-32969.24,3,1,False,"[-2247.64, 1717.86, -2557.14]",0.4107,0.3077,0.25,1175.47
X00509,emapmo,short_only,range15_pct,range15_pct,1.0,1.5,6,141,-453.34,0.9063,0.4326,-3.2152,1266.68,4382.86,-4836.2,3,1,False,"[-48.78, 314.72, -719.28]",0.4,0.5,0.75,325.46
X00589,emapmo,short_only,atr,atr,1.0,2.0,24,131,-519.44,0.9062,0.3588,-3.9652,1212.02,5016.22,-5535.66,3,1,False,"[-38.56, 235.94, -716.82]",0.4333,0.5,0.5,286.31
X00485,emapmo,short_only,atr,atr,2.5,1.0,6,181,-558.94,0.9061,0.5912,-3.0881,1753.38,5393.32,-5952.26,3,1,False,"[547.36, -27.4, -1078.9]",0.5161,0.6667,0.75,446.99
X00753,icefishball,all,fixed,fixed,60.0,120.0,12,469,-2398.06,0.9061,0.4243,-5.1131,3492.3,23132.74,-25530.8,3,0,False,"[-1775.68, -123.94, -498.44]",0.4107,0.3846,0.25,574.85
X01320,icefishball,short_only,fixed,fixed,60.0,15.0,48,318,-754.32,0.9057,0.7925,-2.3721,1503.8,7247.52,-8001.84,3,1,False,"[-851.44, 198.56, -101.44]",0.5,0.3846,0.25,254.49
X01712,momentum_reversion,long_only,fixed,fixed,15.0,30.0,24,80,-159.2,0.9056,0.325,-1.99,524.4,1527.76,-1686.96,3,1,False,"[-393.48, -123.48, 357.76]",0.4571,0.4167,0.5,83.77
X01769,momentum_reversion,long_only,fixed,fixed,15.0,30.0,48,80,-159.2,0.9056,0.325,-1.99,524.4,1527.76,-1686.96,3,1,False,"[-393.48, -123.48, 357.76]",0.4571,0.4167,0.5,83.77
X00523,emapmo,short_only,fixed,fixed,60.0,30.0,12,158,-565.42,0.9055,0.6013,-3.5786,1456.96,5419.2,-5984.62,3,1,False,"[329.28, -358.72, -535.98]",0.5161,0.6667,0.75,324.01
X00832,icefishball,all,atr_blend,atr_blend,1.0,1.5,24,577,-2155.98,0.9054,0.3709,-3.7365,3790.78,20631.64,-22787.62,3,0,False,"[-1011.82, -822.08, -322.08]",0.4643,0.3846,0.25,710.31
X01770,momentum_reversion,long_only,fixed,fixed,15.0,60.0,48,78,-186.72,0.9051,0.1923,-2.3938,468.36,1781.4,-1968.12,3,2,False,"[-362.24, 87.76, 87.76]",0.3143,0.3333,0.5,112.17
X00775,icefishball,all,atr_blend,atr_blend,1.0,1.5,12,580,-2089.7,0.9051,0.3793,-3.6029,3574.76,19940.2,-22029.9,3,1,False,"[-1276.06, -871.32, 57.68]",0.4821,0.3846,0.0,662.32
X01567,momentum_reversion,all,atr,atr,2.0,4.0,48,93,-635.82,0.9047,0.3441,-6.8368,1420.82,6038.32,-6674.14,3,1,False,"[-1036.44, 604.06, -203.44]",0.4255,0.3333,0.5,521.2
X01268,icefishball,short_only,fixed,fixed,80.0,30.0,24,268,-1099.32,0.9043,0.6754,-4.1019,1929.76,10386.56,-11485.88,3,1,False,"[-583.1, 188.64, -704.86]",0.4821,0.3846,0.5,295.75
X00890,icefishball,all,atr_blend,atr_blend,1.0,2.0,48,574,-2420.76,0.9043,0.3014,-4.2174,5216.8,22869.98,-25290.74,3,0,False,"[-1106.08, -520.84, -793.84]",0.4643,0.3077,0.25,830.46
X01660,momentum_reversion,long_only,fixed,fixed,30.0,60.0,12,65,-207.1,0.9042,0.3692,-3.1862,585.66,1955.24,-2162.34,3,1,False,"[-255.78, -284.28, 332.96]",0.3714,0.3333,0.25,170.1
X01582,momentum_reversion,all,atr_blend,atr_blend,2.0,2.0,48,94,-578.06,0.9042,0.4787,-6.1496,1198.98,5458.2,-6036.26,3,2,False,"[-983.18, 236.06, 169.06]",0.4681,0.5,0.5,451.04
X01742,momentum_reversion,long_only,atr,atr,2.5,4.0,24,54,-314.96,0.9041,0.3704,-5.8326,1052.88,2969.2,-3284.16,3,1,False,"[-437.82, -503.82, 626.68]",0.3429,0.3333,0.25,407.55
X01497,momentum_reversion,all,fixed,fixed,80.0,60.0,24,91,-544.34,0.9038,0.5275,-5.9818,1114.84,5113.98,-5658.32,3,0,False,"[-370.94, -60.2, -113.2]",0.5106,0.4167,0.5,358.41
X01799,momentum_reversion,long_only,atr,atr,2.5,4.0,48,54,-360.96,0.9038,0.3519,-6.6844,903.12,3391.94,-3752.9,3,1,False,"[-279.32, -455.32, 373.68]",0.3714,0.3333,0.5,359.74
X01973,momentum_reversion,short_only,atr_blend,atr_blend,1.0,2.0,24,47,-232.28,0.9035,0.3404,-4.9421,637.82,2174.66,-2406.94,3,2,False,"[-489.84, 228.66, 28.9]",0.4444,0.4545,0.5,215.24
X00127,emapmo,all,fixed,fixed,80.0,15.0,24,326,-825.74,0.9032,0.8221,-2.5329,2851.8,7707.68,-8533.42,3,2,False,"[1312.84, -2506.16, 367.58]",0.6,0.75,0.75,573.52
X00663,emapmo,short_only,atr_blend,atr_blend,1.0,4.0,48,95,-493.3,0.9032,0.2316,-5.1926,1804.72,4600.22,-5093.52,3,1,False,"[299.82, -340.18, -452.94]",0.3448,0.5,0.5,330.21
X01993,momentum_reversion,short_only,range15_pct,range15_pct,1.25,1.0,24,39,-291.86,0.9032,0.5385,-7.4836,1245.16,2722.96,-3014.82,3,1,False,"[-308.62, 829.88, -813.12]",0.5185,0.3636,0.25,202.17
X00758,icefishball,all,atr,atr,1.0,1.0,12,588,-1906.12,0.9028,0.466,-3.2417,3246.86,17699.24,-19605.36,3,0,False,"[-133.54, -686.04, -1086.54]",0.4464,0.3846,0.25,548.84
X01475,momentum_reversion,all,range15_pct,range15_pct,0.75,1.5,12,102,-428.98,0.9026,0.3922,-4.2057,1007.32,3976.9,-4405.88,3,1,False,"[-645.16, -362.16, 578.34]",0.4468,0.25,0.25,422.58
X00515,emapmo,short_only,fixed,fixed,15.0,30.0,12,315,-642.1,0.9025,0.3238,-2.0384,1198.12,5942.52,-6584.62,3,1,False,"[224.3, -466.2, -400.2]",0.3871,0.5833,0.5,225.77
X00118,emapmo,all,fixed,fixed,15.0,120.0,24,271,-716.54,0.902,0.1365,-2.6441,1645.14,6593.62,-7310.16,3,1,False,"[-143.34, -865.1, 291.9]",0.3684,0.5,0.25,320.99
X01530,momentum_reversion,all,atr_blend,atr_blend,2.5,4.0,24,89,-631.86,0.902,0.3933,-7.0996,1692.24,5815.1,-6446.96,3,1,False,"[-1374.2, -7.7, 750.04]",0.4255,0.25,0.5,739.7
X00673,emapmo,short_only,atr_blend,atr_blend,2.5,1.5,48,97,-558.28,0.9017,0.6186,-5.7555,1688.38,5123.1,-5681.38,3,1,False,"[317.58, -119.18, -756.68]",0.5667,0.6667,0.75,353.89
X00559,emapmo,short_only,atr_blend,atr_blend,2.5,1.5,12,117,-534.08,0.9012,0.5556,-4.5648,1500.4,4871.9,-5405.98,3,2,False,"[41.14, 73.64, -648.86]",0.5484,0.5,0.75,375.05
X00572,emapmo,short_only,fixed,fixed,15.0,30.0,24,315,-660.6,0.9007,0.3238,-2.0971,1222.12,5993.52,-6654.12,3,1,False,"[229.8, -490.2, -400.2]",0.3871,0.5,0.5,228.93
X00629,emapmo,short_only,fixed,fixed,15.0,30.0,48,315,-660.6,0.9007,0.3238,-2.0971,1222.12,5993.52,-6654.12,3,1,False,"[229.8, -490.2, -400.2]",0.3871,0.5,0.5,228.93
X02022,momentum_reversion,short_only,atr,atr,2.0,2.0,48,40,-290.1,0.9007,0.525,-7.2525,883.66,2631.46,-2921.56,3,1,False,"[-244.86, 612.38, -657.62]",0.5185,0.3636,0.25,184.63
X00605,emapmo,short_only,atr_blend,atr_blend,1.0,2.0,24,122,-542.78,0.9002,0.3689,-4.449,1445.8,4896.7,-5439.48,3,1,False,"[216.16, -190.84, -568.1]",0.4667,0.5,0.75,295.98
X01647,momentum_reversion,long_only,range15_pct,range15_pct,0.75,2.0,6,61,-188.64,0.9001,0.4754,-3.0925,509.58,1700.04,-1888.68,3,1,False,"[-280.54, -193.8, 285.7]",0.4571,0.3333,0.25,179.63
X00513,emapmo,short_only,range15_pct,range15_pct,1.25,2.0,6,134,-466.66,0.8999,0.4552,-3.4825,1272.94,4197.36,-4664.02,3,1,False,"[-19.8, 39.7, -486.56]",0.3667,0.5,0.75,316.45
X01597,momentum_reversion,long_only,fixed,fixed,15.0,15.0,6,85,-135.4,0.8992,0.4941,-1.5929,334.24,1207.92,-1343.32,3,1,False,"[-185.96, -34.72, 85.28]",0.4571,0.4167,0.5,75.97
X01654,momentum_reversion,long_only,fixed,fixed,15.0,15.0,12,85,-135.4,0.8992,0.4941,-1.5929,334.24,1207.92,-1343.32,3,1,False,"[-185.96, -34.72, 85.28]",0.4571,0.4167,0.5,75.97
X01711,momentum_reversion,long_only,fixed,fixed,15.0,15.0,24,85,-135.4,0.8992,0.4941,-1.5929,334.24,1207.92,-1343.32,3,1,False,"[-185.96, -34.72, 85.28]",0.4571,0.4167,0.5,75.97
X01768,momentum_reversion,long_only,fixed,fixed,15.0,15.0,48,85,-135.4,0.8992,0.4941,-1.5929,334.24,1207.92,-1343.32,3,1,False,"[-185.96, -34.72, 85.28]",0.4571,0.4167,0.5,75.97
X01189,icefishball,short_only,range15_pct,range15_pct,0.75,1.0,6,326,-1147.24,0.8986,0.4632,-3.5191,2214.28,10161.26,-11308.5,3,1,False,"[-726.16, 874.84, -1295.92]",0.4464,0.6154,0.5,363.04
X00070,emapmo,all,fixed,fixed,80.0,15.0,12,344,-897.56,0.8975,0.7965,-2.6092,2903.02,7859.24,-8756.8,3,2,False,"[1229.9, -2549.1, 421.64]",0.6,0.75,0.75,587.7
X00646,emapmo,short_only,atr,atr,1.0,2.0,48,131,-580.94,0.8975,0.3435,-4.4347,1257.06,5089.2,-5670.14,3,1,False,"[-72.06, 235.94, -744.82]",0.3667,0.5,0.75,285.66
X01811,momentum_reversion,long_only,atr_blend,atr_blend,2.0,4.0,48,54,-369.46,0.8974,0.2963,-6.8419,664.7,3230.16,-3599.62,3,1,False,"[-253.32, -249.32, 133.18]",0.3429,0.3333,0.25,258.88
X01985,momentum_reversion,short_only,atr_blend,atr_blend,2.5,2.0,24,38,-289.62,0.8974,0.5263,-7.6216,704.38,2532.2,-2821.82,3,1,False,"[-629.12, 530.88, -191.38]",0.4815,0.2727,0.5,248.58
X00752,icefishball,all,fixed,fixed,60.0,60.0,12,477,-2400.48,0.8972,0.4759,-5.0325,4024.44,20949.02,-23349.5,3,0,False,"[-1210.16, -591.16, -599.16]",0.5,0.3846,0.5,567.76
X01651,momentum_reversion,long_only,range15_pct,range15_pct,1.25,1.0,6,56,-213.94,0.897,0.5179,-3.8204,747.7,1863.54,-2077.48,3,2,False,"[-572.56, 68.94, 289.68]",0.4571,0.3333,0.25,194.15
X01999,momentum_reversion,short_only,fixed,fixed,15.0,120.0,48,68,-193.32,0.8969,0.1176,-2.8429,731.88,1681.08,-1874.4,3,1,False,"[518.48, -294.52, -417.28]",0.2963,0.3636,0.25,223.18
X01392,momentum_reversion,all,atr,atr,1.5,4.0,6,110,-401.4,0.8964,0.4636,-3.6491,955.56,3474.26,-3875.66,3,1,False,"[-305.88, -311.88, 216.36]",0.4468,0.25,0.25,157.42
X00013,emapmo,all,fixed,fixed,80.0,15.0,6,380,-949.2,0.8961,0.7553,-2.4979,2894.02,8188.62,-9137.82,3,2,False,"[1033.52, -2449.48, 466.76]",0.575,0.6667,0.75,552.63
X01297,icefishball,short_only,atr_blend,atr_blend,2.0,2.0,24,266,-1598.84,0.8958,0.4662,-6.0107,2862.86,13751.74,-15350.58,3,0,False,"[-1303.36, -202.86, -92.62]",0.4464,0.4615,0.25,448.95
X00615,emapmo,short_only,atr_blend,atr_blend,2.5,1.0,24,128,-573.72,0.8956,0.6797,-4.4822,1765.0,4923.12,-5496.84,3,1,False,"[747.18, -132.32, -1188.58]",0.5484,0.5833,0.75,421.53
X00459,emapmo,short_only,fixed,fixed,15.0,60.0,6,240,-566.6,0.8952,0.2708,-2.3608,1105.44,4840.4,-5407.0,3,1,False,"[-123.7, 25.3, -468.2]",0.3226,0.5,0.5,212.98
X00779,icefishball,all,atr_blend,atr_blend,1.5,1.5,12,520,-2504.8,0.8949,0.4731,-4.8169,4143.26,21335.96,-23840.76,3,0,False,"[-462.26, -739.52, -1303.02]",0.4643,0.3846,0.5,767.99
X00809,icefishball,all,fixed,fixed,60.0,60.0,24,456,-2767.44,0.8945,0.4737,-6.0689,4910.9,23455.66,-26223.1,3,1,False,"[-2217.98, 221.02, -770.48]",0.4286,0.3077,0.25,716.69
X01815,momentum_reversion,long_only,atr_blend,atr_blend,2.5,4.0,48,53,-432.72,0.8943,0.3396,-8.1645,961.38,3660.68,-4093.4,3,1,False,"[-336.32, -567.82, 471.42]",0.3429,0.3333,0.5,383.92
X01310,icefishball,short_only,range15_pct,range15_pct,1.25,1.5,24,245,-1682.3,0.8939,0.4449,-6.8665,2799.22,14171.84,-15854.14,3,1,False,"[-1732.18, 1172.32, -1122.44]",0.4286,0.3846,0.5,582.29
X00184,emapmo,all,fixed,fixed,80.0,15.0,48,326,-927.24,0.8937,0.8313,-2.8443,2818.8,7793.96,-8721.2,3,2,False,"[1234.84, -2489.66, 327.58]",0.6,0.6667,0.75,574.12
X01966,momentum_reversion,short_only,atr,atr,2.0,4.0,24,38,-318.62,0.8933,0.4211,-8.3847,738.4,2667.66,-2986.28,3,1,False,"[-662.62, 779.38, -435.38]",0.4444,0.3636,0.25,316.45
X00126,emapmo,all,fixed,fixed,60.0,120.0,24,127,-931.98,0.8932,0.3701,-7.3384,2018.22,7794.72,-8726.7,3,2,False,"[205.18, -1539.08, 401.92]",0.4474,0.4167,0.5,331.99
X01495,momentum_reversion,all,fixed,fixed,80.0,15.0,24,119,-335.06,0.8928,0.8151,-2.8156,812.32,2789.72,-3124.78,3,1,False,"[-137.1, 10.4, -208.36]",0.6383,0.3333,0.5,219.67
X00756,icefishball,all,fixed,fixed,80.0,60.0,12,454,-2544.46,0.8926,0.511,-5.6045,4296.18,21151.82,-23696.28,3,0,False,"[-919.48, -1271.74, -353.24]",0.4107,0.4615,0.5,619.52
X00903,icefishball,all,atr_blend,atr_blend,2.5,4.0,48,362,-3520.88,0.8923,0.3729,-9.7262,5078.56,29174.1,-32694.98,3,1,False,"[-2778.54, 1202.46, -1944.8]",0.4107,0.4615,0.25,1117.82
X00625,emapmo,short_only,range15_pct,range15_pct,1.25,1.0,24,99,-534.76,0.8922,0.5455,-5.4016,1766.94,4427.04,-4961.8,3,1,False,"[121.58, -162.92, -493.42]",0.4667,0.6667,0.5,416.46
X01204,icefishball,short_only,fixed,fixed,30.0,60.0,12,341,-1317.84,0.8917,0.3695,-3.8646,2053.26,10852.76,-12170.6,3,1,False,"[-1141.36, 629.14, -805.62]",0.3929,0.3846,0.5,388.89
X00633,emapmo,short_only,fixed,fixed,30.0,30.0,48,218,-750.32,0.8916,0.4817,-3.4418,1635.92,6169.8,-6920.12,3,1,False,"[449.48, -630.52, -569.28]",0.3871,0.5,0.75,341.26
X01182,icefishball,short_only,atr_blend,atr_blend,2.0,1.5,6,295,-1147.3,0.8913,0.5288,-3.8892,2307.86,9403.56,-10550.86,3,1,False,"[-766.76, 371.48, -752.02]",0.5,0.3846,0.25,274.92
X00543,emapmo,short_only,atr,atr,2.5,1.5,12,123,-615.02,0.8913,0.561,-5.0002,1649.54,5040.94,-5655.96,3,1,False,"[298.16, -103.34, -809.84]",0.5161,0.5833,0.75,437.35
X00066,emapmo,all,fixed,fixed,60.0,15.0,12,369,-993.56,0.891,0.7669,-2.6926,2953.74,8118.08,-9111.64,3,2,False,"[1354.98, -2509.52, 160.98]",0.6,0.6667,0.75,541.09
X01319,icefishball,short_only,fixed,fixed,30.0,120.0,48,322,-1671.28,0.891,0.2143,-5.1903,2252.32,13661.94,-15333.22,3,1,False,"[-1834.42, 1249.82, -1086.68]",0.3571,0.3077,0.25,570.17
X00565,emapmo,short_only,range15_pct,range15_pct,1.0,1.0,12,125,-589.0,0.8908,0.496,-4.712,1591.6,4803.12,-5392.12,3,1,False,"[164.92, -140.58, -613.34]",0.4,0.5,0.75,395.69
X00006,emapmo,all,fixed,fixed,30.0,30.0,6,361,-1173.14,0.8904,0.4709,-3.2497,2584.12,9532.7,-10705.84,3,1,False,"[882.96, -1753.8, -302.3]",0.525,0.5833,0.75,424.48
X01062,icefishball,long_only,atr_blend,atr_blend,1.0,4.0,24,235,-1318.4,0.8904,0.2085,-5.6102,2997.0,10708.24,-12026.64,3,1,False,"[-823.46, -782.72, 287.78]",0.4528,0.4167,0.25,664.64
X00872,icefishball,all,atr,atr,1.0,1.0,48,587,-2184.38,0.8902,0.4634,-3.7213,3503.12,17703.72,-19888.1,3,0,False,"[-155.54, -826.04, -1202.8]",0.4643,0.3846,0.25,536.38
X01428,momentum_reversion,all,fixed,fixed,15.0,60.0,12,148,-392.02,0.8896,0.2162,-2.6488,852.16,3157.82,-3549.84,3,1,False,"[-297.5, 198.24, -292.76]",0.383,0.25,0.25,192.52
X00002,emapmo,all,fixed,fixed,15.0,30.0,6,480,-1105.2,0.8895,0.3292,-2.3025,2018.72,8894.08,-9999.28,3,1,False,"[628.1, -1054.9, -678.4]",0.4,0.4167,0.25,270.74
X00873,icefishball,all,atr,atr,1.0,1.5,48,579,-2577.96,0.8891,0.3627,-4.4524,3842.32,20675.6,-23253.56,3,0,False,"[-480.82, -868.32, -1228.82]",0.4286,0.3077,0.25,628.27
X00815,icefishball,all,atr,atr,1.0,1.0,24,588,-2195.12,0.889,0.4643,-3.7332,3557.86,17580.48,-19775.6,3,0,False,"[-111.54, -796.04, -1287.54]",0.4464,0.3846,0.25,559.97
X01167,icefishball,short_only,atr,atr,2.0,2.0,6,297,-1208.28,0.8888,0.5084,-4.0683,2219.42,9658.76,-10867.04,3,1,False,"[-500.26, 59.24, -767.26]",0.4643,0.4615,0.5,326.96
X01388,momentum_reversion,all,atr,atr,1.0,4.0,6,116,-418.34,0.8886,0.4052,-3.6064,851.78,3335.72,-3754.06,3,0,False,"[-88.36, -189.86, -140.12]",0.5106,0.3333,0.0,125.74
X00009,emapmo,all,fixed,fixed,60.0,15.0,6,396,-1050.54,0.8884,0.7399,-2.6529,2788.76,8361.18,-9411.72,3,2,False,"[1095.82, -2350.18, 203.82]",0.525,0.5833,0.75,503.79
X01145,icefishball,short_only,fixed,fixed,30.0,15.0,6,375,-836.5,0.8881,0.6347,-2.2307,1405.88,6640.38,-7476.88,3,1,False,"[-635.0, 311.0, -512.5]",0.4107,0.3846,0.25,189.54
X00577,emapmo,short_only,fixed,fixed,30.0,60.0,24,144,-646.06,0.888,0.3403,-4.4865,1350.94,5124.24,-5770.3,3,0,False,"[-72.02, -377.52, -196.52]",0.4,0.5,0.5,288.12
X00635,emapmo,short_only,fixed,fixed,30.0,120.0,48,110,-585.9,0.8879,0.2182,-5.3264,1502.52,4640.74,-5226.64,3,1,False,"[246.62, -125.88, -706.64]",0.3448,0.5,0.5,256.08
X00502,emapmo,short_only,atr_blend,atr_blend,2.5,1.5,6,152,-614.98,0.8877,0.5132,-4.0459,1701.34,4863.28,-5478.26,3,2,False,"[307.76, 161.26, -1084.0]",0.5484,0.5,0.75,437.59
X00496,emapmo,short_only,atr_blend,atr_blend,1.5,4.0,6,133,-522.92,0.8874,0.4511,-3.9317,1296.54,4119.1,-4642.02,3,1,False,"[172.2, -78.06, -617.06]",0.4333,0.5833,0.75,317.33
X01722,momentum_reversion,long_only,fixed,fixed,60.0,120.0,24,53,-383.72,0.8873,0.3962,-7.24,1440.64,3022.46,-3406.18,3,1,False,"[-550.32, -890.32, 1056.92]",0.3714,0.25,0.25,413.19
X00542,emapmo,short_only,atr,atr,2.5,1.0,12,156,-670.94,0.8866,0.6538,-4.3009,1771.5,5244.52,-5915.46,3,1,False,"[476.52, -91.48, -1055.98]",0.5806,0.5833,0.75,455.44
X00874,icefishball,all,atr,atr,1.0,2.0,48,576,-2905.74,0.8865,0.2917,-5.0447,4521.66,22692.68,-25598.42,3,0,False,"[-469.58, -799.58, -1636.58]",0.4286,0.2308,0.25,716.71
X01175,icefishball,short_only,atr_blend,atr_blend,1.0,2.0,6,346,-1248.04,0.8864,0.4046,-3.6071,2035.66,9736.9,-10984.94,3,1,False,"[-880.84, 99.4, -466.6]",0.4107,0.5385,0.25,261.38
X00816,icefishball,all,atr,atr,1.0,1.5,24,580,-2613.7,0.8862,0.3655,-4.5064,3761.84,20345.62,-22959.32,3,0,False,"[-505.06, -833.82, -1274.82]",0.4107,0.3077,0.25,633.46
X01539,momentum_reversion,all,range15_pct,range15_pct,1.25,2.0,24,91,-793.34,0.8862,0.3846,-8.718,1854.6,6179.1,-6972.44,3,2,False,"[-1488.94, 317.8, 377.8]",0.383,0.25,0.5,641.53
X01210,icefishball,short_only,fixed,fixed,80.0,15.0,12,312,-880.38,0.886,0.7756,-2.8217,1610.04,6843.92,-7724.3,3,1,False,"[-927.96, 361.04, -313.46]",0.5179,0.4615,0.25,245.45
X00534,emapmo,short_only,atr,atr,1.5,1.0,12,177,-728.98,0.886,0.5989,-4.1185,1510.9,5664.06,-6393.04,3,1,False,"[349.84, -264.66, -814.16]",0.3548,0.5,0.75,299.15
X01192,icefishball,short_only,range15_pct,range15_pct,1.0,1.0,6,301,-1264.74,0.886,0.5083,-4.2018,2282.02,9831.78,-11096.52,3,1,False,"[-778.74, 600.0, -1086.0]",0.4643,0.4615,0.5,365.26
X01962,momentum_reversion,short_only,atr,atr,1.5,4.0,24,41,-315.34,0.8859,0.3415,-7.6912,786.1,2448.64,-2763.98,3,1,False,"[-656.86, 533.14, -191.62]",0.3704,0.3636,0.5,263.95
X01502,momentum_reversion,all,atr,atr,1.0,4.0,24,109,-526.66,0.8858,0.2385,-4.8317,1026.02,4084.26,-4610.92,3,0,False,"[-484.38, -10.64, -31.64]",0.3404,0.25,0.25,374.53
X00817,icefishball,all,atr,atr,1.0,2.0,24,577,-2863.98,0.8858,0.2981,-4.9636,4241.4,22217.22,-25081.2,3,0,False,"[-609.32, -822.08, -1432.58]",0.4286,0.1538,0.25,705.31
X00180,emapmo,all,fixed,fixed,60.0,15.0,48,358,-1049.42,0.8854,0.7877,-2.9313,2948.78,8110.32,-9159.74,3,1,False,"[1201.2, -2223.06, -27.56]",0.625,0.5,0.75,527.52
X00836,icefishball,all,atr_blend,atr_blend,1.5,1.5,24,514,-2897.86,0.8853,0.4669,-5.6379,4798.08,22365.4,-25263.26,3,0,False,"[-428.78, -426.04, -2043.04]",0.4107,0.3846,0.25,817.42
X00616,emapmo,short_only,atr_blend,atr_blend,2.5,1.5,24,101,-632.74,0.885,0.604,-6.2648,1912.18,4870.86,-5503.6,3,1,False,"[270.34, -199.16, -703.92]",0.6129,0.5833,0.75,431.47
X00576,emapmo,short_only,fixed,fixed,30.0,30.0,24,218,-797.32,0.8848,0.4817,-3.6574,1635.92,6122.8,-6920.12,3,1,False,"[402.48, -630.52, -569.28]",0.3871,0.5,0.75,337.74
X00599,emapmo,short_only,atr,atr,2.5,1.0,24,133,-650.92,0.8848,0.6992,-4.8941,1707.48,4998.18,-5649.1,3,1,False,"[712.7, -168.56, -1195.06]",0.5484,0.5833,0.75,374.08
X01917,momentum_reversion,short_only,atr_blend,atr_blend,1.0,4.0,12,47,-249.28,0.8848,0.3404,-5.3038,614.18,1915.16,-2164.44,3,1,False,"[-517.84, 425.66, -157.1]",0.4444,0.4545,0.25,188.35
X00532,emapmo,short_only,atr,atr,1.0,2.0,12,139,-641.86,0.8841,0.3669,-4.6177,1345.68,4896.26,-5538.12,3,1,False,"[6.72, -257.04, -391.54]",0.3333,0.5,0.75,295.78
X00820,icefishball,all,atr,atr,1.5,1.5,24,515,-2931.6,0.884,0.4621,-5.6924,4135.2,22332.38,-25263.98,3,1,False,"[-1183.78, 1.72, -1749.54]",0.4643,0.3077,0.25,824.96
X00512,emapmo,short_only,range15_pct,range15_pct,1.25,1.5,6,134,-547.16,0.8839,0.4627,-4.0833,1272.94,4164.62,-4711.78,3,1,False,"[66.7, -106.3, -507.56]",0.3667,0.5833,0.75,328.09
X00697,icefishball,all,fixed,fixed,80.0,15.0,6,536,-1471.64,0.8835,0.7425,-2.7456,2602.52,11158.48,-12630.12,3,0,False,"[-674.96, -651.96, -144.72]",0.4643,0.3846,0.25,245.7
X00473,emapmo,short_only,atr,atr,1.0,1.0,6,232,-781.68,0.8835,0.4914,-3.3693,1438.16,5929.14,-6710.82,3,1,False,"[128.28, -166.98, -742.98]",0.3548,0.5833,0.5,324.34
X00123,emapmo,all,fixed,fixed,60.0,15.0,24,358,-1058.92,0.8834,0.7793,-2.9579,2974.28,8024.04,-9082.96,3,2,False,"[1107.7, -2171.56, 4.94]",0.625,0.5,0.75,524.69
X00833,icefishball,all,atr_blend,atr_blend,1.0,2.0,24,575,-2914.0,0.8831,0.3026,-5.0678,4934.3,22007.24,-24921.24,3,0,False,"[-1271.58, -721.58, -920.84]",0.4286,0.3077,0.25,739.11
X01404,momentum_reversion,all,atr_blend,atr_blend,1.0,4.0,6,115,-441.1,0.883,0.4,-3.8357,886.02,3328.46,-3769.56,3,1,False,"[-219.36, -345.12, 123.38]",0.4681,0.1667,0.0,165.9
X00595,emapmo,short_only,atr,atr,2.0,1.0,24,146,-708.54,0.883,0.6712,-4.853,1533.96,5348.98,-6057.52,3,1,False,"[404.24, -302.26, -810.52]",0.5484,0.5833,0.75,350.01
X01897,momentum_reversion,short_only,fixed,fixed,80.0,120.0,12,41,-283.34,0.8828,0.4146,-6.9107,806.2,2133.42,-2416.76,3,1,False,"[-567.36, 290.64, -6.62]",0.4444,0.4545,0.25,262.85
X00762,icefishball,all,atr,atr,1.5,1.0,12,529,-2471.46,0.8822,0.5558,-4.6719,3617.22,18505.94,-20977.4,3,0,False,"[-493.48, -452.74, -1525.24]",0.4464,0.3846,0.25,692.68
X00693,icefishball,all,fixed,fixed,60.0,15.0,6,550,-1500.5,0.882,0.7273,-2.7282,2602.58,11216.0,-12716.5,3,0,False,"[-713.16, -637.92, -149.42]",0.4821,0.3077,0.25,235.06
X00634,emapmo,short_only,fixed,fixed,30.0,60.0,48,144,-718.56,0.8815,0.3125,-4.99,1421.68,5344.2,-6062.76,3,0,False,"[-59.52, -419.52, -239.52]",0.3667,0.4167,0.5,274.16
X00059,emapmo,all,fixed,fixed,15.0,30.0,12,477,-1202.98,0.8807,0.3187,-2.522,2091.48,8880.52,-10083.5,3,1,False,"[631.34, -1187.16, -647.16]",0.425,0.5,0.25,272.97
X00701,icefishball,all,atr,atr,1.0,1.0,6,591,-2222.84,0.8806,0.4585,-3.7612,3219.36,16392.96,-18615.8,3,0,False,"[-439.28, -858.28, -925.28]",0.4464,0.3846,0.25,496.81
X00519,emapmo,short_only,fixed,fixed,30.0,30.0,12,218,-814.82,0.8802,0.4771,-3.7377,1495.32,5987.04,-6801.86,3,1,False,"[250.98, -496.52, -569.28]",0.3548,0.5,0.75,327.74
X00894,icefishball,all,atr_blend,atr_blend,1.5,2.0,48,501,-3440.74,0.8801,0.3932,-6.8677,5411.46,25250.22,-28690.96,3,1,False,"[-1323.58, 312.92, -2430.08]",0.4286,0.3846,0.25,917.13
X00116,emapmo,all,fixed,fixed,15.0,30.0,24,477,-1221.48,0.8797,0.3187,-2.5608,2115.48,8931.52,-10153.0,3,1,False,"[612.84, -1187.16, -647.16]",0.425,0.4167,0.25,274.31
X00173,emapmo,all,fixed,fixed,15.0,30.0,48,477,-1221.48,0.8797,0.3187,-2.5608,2115.48,8931.52,-10153.0,3,1,False,"[612.84, -1187.16, -647.16]",0.425,0.4167,0.25,274.31
X00122,emapmo,all,fixed,fixed,30.0,120.0,24,186,-1030.14,0.8796,0.2419,-5.5384,2237.22,7525.7,-8555.84,3,2,False,"[455.62, -1784.38, 298.62]",0.4211,0.5,0.75,375.95
X00759,icefishball,all,atr,atr,1.0,1.5,12,582,-2693.68,0.8795,0.366,-4.6283,3808.82,19668.88,-22362.56,3,0,False,"[-553.56, -924.56, -1215.56]",0.4464,0.3077,0.0,578.53
X00764,icefishball,all,atr,atr,1.5,2.0,12,517,-3076.08,0.8795,0.4023,-5.9499,4282.68,22442.58,-25518.66,3,0,False,"[-1315.02, -787.78, -973.28]",0.4464,0.3077,0.25,753.36
X01354,icefishball,short_only,atr_blend,atr_blend,2.0,2.0,48,261,-1980.64,0.8795,0.4713,-7.5887,2794.4,14455.98,-16436.62,3,0,False,"[-1195.88, -120.38, -664.38]",0.4464,0.4615,0.25,495.94
X01194,icefishball,short_only,range15_pct,range15_pct,1.0,2.0,6,300,-1392.5,0.8794,0.48,-4.6417,2605.0,10152.94,-11545.44,3,1,False,"[-895.0, 316.5, -814.0]",0.4286,0.5385,0.5,385.23
X00912,icefishball,all,range15_pct,range15_pct,1.25,2.0,48,349,-3966.76,0.8787,0.3926,-11.3661,6402.34,28746.62,-32713.38,3,1,False,"[-1727.08, 1217.16, -3456.84]",0.4286,0.3077,0.5,1519.42
X00484,emapmo,short_only,atr,atr,2.0,4.0,6,133,-589.92,0.8786,0.4511,-4.4355,1401.6,4268.6,-4858.52,3,1,False,"[161.2, -305.06, -446.06]",0.4,0.5833,0.75,352.38
X00842,icefishball,all,atr_blend,atr_blend,2.0,4.0,24,440,-3820.6,0.8785,0.3705,-8.6832,5917.16,27626.38,-31446.98,3,1,False,"[-2237.28, 833.72, -2417.04]",0.3929,0.4615,0.25,1063.91
X00684,emapmo,short_only,range15_pct,range15_pct,1.25,2.0,48,74,-626.76,0.8783,0.4054,-8.4697,1923.02,4522.3,-5149.06,3,1,False,"[223.5, -295.5, -554.76]",0.3571,0.5833,0.5,391.73
X00763,icefishball,all,atr,atr,1.5,1.5,12,520,-2892.8,0.8782,0.4577,-5.5631,4084.4,20850.38,-23743.18,3,0,False,"[-932.76, -437.52, -1522.52]",0.5,0.3846,0.25,743.89
X01498,momentum_reversion,all,fixed,fixed,80.0,120.0,24,89,-815.36,0.878,0.427,-9.1613,1929.22,5865.88,-6681.24,3,1,False,"[-946.7, -769.7, 901.04]",0.4681,0.4167,0.25,633.21
X00675,emapmo,short_only,atr_blend,atr_blend,2.5,4.0,48,62,-648.38,0.8777,0.4194,-10.4577,2571.6,4651.26,-5299.64,3,1,False,"[340.46, -329.04, -659.8]",0.3571,0.5833,0.5,495.27
X01148,icefishball,short_only,fixed,fixed,30.0,120.0,6,345,-1327.8,0.8776,0.3942,-3.8487,2176.12,9521.36,-10849.16,3,1,False,"[-697.6, 881.4, -1511.6]",0.4286,0.5385,0.5,419.23
X01668,momentum_reversion,long_only,fixed,fixed,80.0,60.0,12,53,-311.22,0.8774,0.4906,-5.8721,658.42,2228.26,-2539.48,3,1,False,"[-323.32, -141.32, 153.42]",0.4857,0.3333,0.5,260.8
X00846,icefishball,all,atr_blend,atr_blend,2.5,4.0,24,401,-3920.74,0.8767,0.419,-9.7774,6082.7,27876.68,-31797.42,3,1,False,"[-3155.16, 1042.34, -1807.92]",0.4464,0.3077,0.0,911.19
X00897,icefishball,all,atr_blend,atr_blend,2.0,1.5,48,467,-3355.58,0.8766,0.5353,-7.1854,4636.46,23847.5,-27203.08,3,0,False,"[-1042.44, -647.94, -1665.2]",0.4107,0.3846,0.5,818.89
X00177,emapmo,all,fixed,fixed,30.0,30.0,48,352,-1396.48,0.8761,0.4773,-3.9673,2756.36,9871.68,-11268.16,3,1,False,"[933.68, -2005.08, -325.08]",0.45,0.5,0.75,440.27
X00556,emapmo,short_only,atr_blend,atr_blend,2.0,2.0,12,105,-671.7,0.876,0.4857,-6.3971,1803.58,4744.26,-5415.96,3,1,False,"[283.6, -183.4, -771.9]",0.4667,0.5833,0.75,447.69
X01338,icefishball,short_only,atr,atr,2.0,2.0,48,266,-2050.34,0.8758,0.4586,-7.708,3392.18,14456.72,-16507.06,3,0,False,"[-1041.86, -143.86, -864.62]",0.4643,0.3846,0.5,586.56
X01994,momentum_reversion,short_only,range15_pct,range15_pct,1.25,1.5,24,39,-419.36,0.8754,0.4872,-10.7528,1039.38,2945.44,-3364.8,3,1,False,"[-945.62, 1407.38, -881.12]",0.4815,0.4545,0.25,339.07
X00668,emapmo,short_only,atr_blend,atr_blend,2.0,1.0,48,136,-762.64,0.8751,0.6838,-5.6076,1849.62,5345.68,-6108.32,3,1,False,"[735.46, -75.8, -1422.3]",0.5333,0.5833,0.75,363.05
X01115,icefishball,long_only,atr,atr,2.5,4.0,48,172,-2278.78,0.8746,0.3663,-13.2487,3991.28,15899.38,-18178.16,3,1,False,"[-511.42, -1830.68, 63.32]",0.5094,0.3333,0.25,981.39
X01202,icefishball,short_only,fixed,fixed,30.0,15.0,12,375,-984.0,0.8745,0.6453,-2.624,1474.38,6856.92,-7840.92,3,1,False,"[-559.5, 210.5, -635.0]",0.4107,0.2308,0.25,184.03
X00876,icefishball,all,atr,atr,1.5,1.0,48,526,-2759.74,0.8738,0.5608,-5.2467,3710.0,19103.2,-21862.94,3,0,False,"[-620.24, -425.5, -1714.0]",0.4464,0.3846,0.25,717.94
X00560,emapmo,short_only,atr_blend,atr_blend,2.5,2.0,12,103,-675.22,0.8735,0.4951,-6.5555,1910.1,4663.76,-5338.98,3,1,False,"[347.6, -213.66, -809.16]",0.5,0.5833,0.5,449.14
X00530,emapmo,short_only,atr,atr,1.0,1.0,12,215,-838.6,0.8734,0.507,-3.9005,1530.22,5785.34,-6623.94,3,1,False,"[138.22, -79.78, -897.04]",0.3548,0.5833,0.5,324.53
X00760,icefishball,all,atr,atr,1.0,2.0,12,582,-3014.68,0.8732,0.3127,-5.1799,4366.76,20764.32,-23779.0,3,0,False,"[-1101.06, -1240.56, -673.06]",0.4286,0.3846,0.0,672.85
X00780,icefishball,all,atr_blend,atr_blend,1.5,2.0,12,516,-3250.34,0.8728,0.4128,-6.2991,4588.76,22296.38,-25546.72,3,0,False,"[-777.78, -936.78, -1535.78]",0.5,0.4615,0.25,705.86
X00644,emapmo,short_only,atr,atr,1.0,1.0,48,211,-849.64,0.8727,0.5118,-4.0267,1525.0,5827.08,-6676.72,3,1,False,"[121.96, -72.8, -898.8]",0.4194,0.5833,0.5,334.36
X00717,icefishball,all,atr_blend,atr_blend,1.0,1.0,6,589,-2373.86,0.8727,0.4618,-4.0303,3316.94,16274.72,-18648.58,3,0,False,"[-517.78, -1019.04, -837.04]",0.4286,0.4615,0.25,442.01
X00909,icefishball,all,range15_pct,range15_pct,1.0,2.0,48,381,-4177.44,0.8726,0.3465,-10.9644,7067.24,28610.82,-32788.26,3,1,False,"[-1867.48, 1610.02, -3919.98]",0.4286,0.3077,0.5,1706.72
X01489,momentum_reversion,all,fixed,fixed,30.0,60.0,24,116,-606.84,0.8723,0.3276,-5.2314,1052.24,4143.88,-4750.72,3,1,False,"[-441.36, 462.64, -628.12]",0.4043,0.3333,0.25,285.74
X00901,icefishball,all,atr_blend,atr_blend,2.5,1.5,48,428,-3480.22,0.8723,0.5864,-8.1314,5005.08,23771.76,-27251.98,3,0,False,"[-1895.32, -198.82, -1386.08]",0.4464,0.4615,0.25,804.85
X00552,emapmo,short_only,atr_blend,atr_blend,1.5,2.0,12,111,-677.64,0.872,0.4505,-6.1049,1498.8,4617.0,-5294.64,3,1,False,"[83.12, -171.38, -589.38]",0.4667,0.5833,0.5,288.81
X00120,emapmo,all,fixed,fixed,30.0,30.0,24,352,-1443.48,0.8719,0.4773,-4.1008,2756.36,9824.68,-11268.16,3,1,False,"[886.68, -2005.08, -325.08]",0.45,0.5,0.75,437.06
X00838,icefishball,all,atr_blend,atr_blend,1.5,4.0,24,482,-3845.18,0.8719,0.3071,-7.9776,5067.52,26171.48,-30016.66,3,1,False,"[-1382.14, 922.36, -3385.4]",0.3571,0.1538,0.25,927.8
X01522,momentum_reversion,all,atr_blend,atr_blend,1.5,4.0,24,99,-731.76,0.8718,0.303,-7.3915,1298.5,4976.8,-5708.56,3,2,False,"[-941.92, 126.58, 83.58]",0.4043,0.3333,0.75,435.31
X00866,icefishball,all,fixed,fixed,60.0,60.0,48,440,-3530.1,0.8717,0.4636,-8.023,5188.02,23991.04,-27521.14,3,0,False,"[-2255.78, -452.78, -821.54]",0.4643,0.3077,0.25,622.33
X01191,icefishball,short_only,range15_pct,range15_pct,0.75,2.0,6,326,-1512.74,0.8712,0.4325,-4.6403,2877.84,10228.16,-11740.9,3,1,False,"[-721.66, 348.34, -1139.42]",0.4286,0.5385,0.25,412.99
X00985,icefishball,long_only,fixed,fixed,80.0,120.0,12,186,-1687.14,0.871,0.4301,-9.0706,2904.84,11390.8,-13077.94,3,1,False,"[-585.38, -1706.38, 604.62]",0.5094,0.4167,0.0,606.84
X00653,emapmo,short_only,atr,atr,2.0,1.5,48,116,-818.84,0.8701,0.5948,-7.059,1781.82,5485.44,-6304.28,3,1,False,"[574.14, -218.86, -1174.12]",0.5,0.5833,0.75,417.25
X00813,icefishball,all,fixed,fixed,80.0,60.0,24,430,-3570.7,0.8701,0.5116,-8.304,5580.88,23916.7,-27487.4,3,0,False,"[-2602.06, -760.82, -207.82]",0.4286,0.3846,0.25,764.18
X01358,icefishball,short_only,atr_blend,atr_blend,2.5,2.0,48,236,-2126.14,0.8701,0.5169,-9.0091,3523.98,14245.22,-16371.36,3,0,False,"[-1333.96, -438.46, -353.72]",0.4821,0.3846,0.25,656.4
X01713,momentum_reversion,long_only,fixed,fixed,15.0,60.0,24,78,-256.22,0.8698,0.1923,-3.2849,537.86,1711.9,-1968.12,3,2,False,"[-431.74, 87.76, 87.76]",0.3143,0.3333,0.5,116.48
X00491,emapmo,short_only,atr_blend,atr_blend,1.0,2.0,6,158,-686.92,0.8698,0.4241,-4.3476,1428.88,4589.92,-5276.84,3,1,False,"[340.28, -54.72, -972.48]",0.3871,0.5,0.75,318.68
X01147,icefishball,short_only,fixed,fixed,30.0,60.0,6,345,-1382.3,0.8696,0.4087,-4.0067,2242.84,9219.66,-10601.96,3,1,False,"[-846.6, 504.4, -1040.1]",0.4286,0.5385,0.25,325.73
X00821,icefishball,all,atr,atr,1.5,2.0,24,508,-3647.42,0.8692,0.3937,-7.18,4621.48,24238.5,-27885.92,3,0,False,"[-1466.8, -3.06, -2177.56]",0.3929,0.1538,0.25,829.95
X00063,emapmo,all,fixed,fixed,30.0,30.0,12,352,-1460.98,0.869,0.4744,-4.1505,2660.4,9688.92,-11149.9,3,1,False,"[773.18, -1909.08, -325.08]",0.425,0.5,0.75,431.16
X00700,icefishball,all,fixed,fixed,80.0,120.0,6,476,-2833.74,0.869,0.4916,-5.9532,3890.44,18790.84,-21624.58,3,0,False,"[-976.66, -788.66, -1068.42]",0.375,0.3846,0.5,570.66
X00573,emapmo,short_only,fixed,fixed,15.0,60.0,24,212,-702.38,0.8685,0.1934,-3.3131,1152.26,4639.66,-5342.04,3,0,False,"[-662.04, -34.54, -5.8]",0.3667,0.4167,0.25,229.18
X01490,momentum_reversion,all,fixed,fixed,30.0,120.0,24,113,-673.12,0.8685,0.2566,-5.9568,1191.24,4445.04,-5118.16,3,1,False,"[-680.62, -6.62, 14.12]",0.3617,0.3333,0.5,519.73
X00773,icefishball,all,atr,atr,2.5,4.0,12,447,-3704.28,0.8684,0.4474,-8.287,5347.76,24436.5,-28140.78,3,0,False,"[-1449.76, -1390.76, -863.76]",0.4464,0.5385,0.25,623.57
X00587,emapmo,short_only,atr,atr,1.0,1.0,24,211,-876.14,0.8683,0.5118,-4.1523,1525.0,5778.08,-6654.22,3,1,False,"[95.46, -72.8, -898.8]",0.3871,0.5833,0.5,333.06
X00591,emapmo,short_only,atr,atr,1.5,1.0,24,171,-859.04,0.8682,0.614,-5.0236,1656.48,5656.8,-6515.84,3,1,False,"[442.82, -323.68, -978.18]",0.3871,0.5,0.75,329.26
X00718,icefishball,all,atr_blend,atr_blend,1.0,1.5,6,583,-2667.92,0.8681,0.4014,-4.5762,3981.12,17557.84,-20225.76,3,0,False,"[-1078.8, -966.56, -622.56]",0.4286,0.3846,0.25,595.39
X02030,momentum_reversion,short_only,atr_blend,atr_blend,1.0,2.0,48,47,-326.28,0.8678,0.3191,-6.9421,731.82,2141.4,-2467.68,3,1,False,"[-505.34, 228.66, -49.6]",0.4074,0.3636,0.5,229.21
X00495,emapmo,short_only,atr_blend,atr_blend,1.5,2.0,6,145,-674.8,0.8675,0.4621,-4.6538,1494.24,4416.42,-5091.22,3,1,False,"[192.24, -105.02, -762.02]",0.4194,0.5,0.75,383.64
X00674,emapmo,short_only,atr_blend,atr_blend,2.5,2.0,48,81,-755.44,0.8675,0.5432,-9.3264,2258.48,4947.94,-5703.38,3,1,False,"[237.02, -153.48, -838.98]",0.4483,0.5,0.5,414.26
X00468,emapmo,short_only,fixed,fixed,60.0,120.0,6,135,-654.4,0.8673,0.4444,-4.8474,1472.5,4275.6,-4930.0,3,1,False,"[310.2, -208.8, -755.8]",0.4333,0.5833,0.75,334.88
X01591,momentum_reversion,all,range15_pct,range15_pct,1.0,1.0,48,94,-842.06,0.8673,0.4681,-8.9581,1683.34,5502.94,-6345.0,3,1,False,"[-707.18, 656.56, -791.44]",0.4255,0.3333,0.25,482.83
X01281,icefishball,short_only,atr,atr,2.0,2.0,24,270,-2077.8,0.8667,0.4593,-7.6956,3137.4,13509.74,-15587.54,3,0,False,"[-997.1, -310.6, -770.1]",0.4107,0.3846,0.25,453.91
X01723,momentum_reversion,long_only,fixed,fixed,80.0,15.0,24,62,-221.38,0.8666,0.8065,-3.5706,560.38,1438.0,-1659.38,3,1,False,"[-260.54, -156.04, 195.2]",0.6857,0.5,0.5,137.15
X00702,icefishball,all,atr,atr,1.0,1.5,6,586,-2704.64,0.8666,0.3942,-4.6154,3935.9,17572.56,-20277.2,3,0,False,"[-329.04, -1031.8, -1343.8]",0.3929,0.2308,0.25,600.28
X01251,icefishball,short_only,range15_pct,range15_pct,1.0,2.0,12,287,-1964.38,0.8666,0.3972,-6.8445,3171.84,12761.64,-14726.02,3,1,False,"[-1369.54, 265.46, -860.3]",0.3929,0.4615,0.5,421.96
X00549,emapmo,short_only,atr_blend,atr_blend,1.0,4.0,12,107,-604.18,0.8665,0.3738,-5.6465,1415.14,3920.9,-4525.08,3,1,False,"[253.36, -140.64, -716.9]",0.3793,0.5,0.75,373.47
X00622,emapmo,short_only,range15_pct,range15_pct,1.0,1.0,24,113,-715.62,0.8665,0.5044,-6.3329,1738.4,4643.32,-5358.94,3,0,False,"[-74.12, -94.62, -546.88]",0.5,0.5833,0.5,406.25
X01575,momentum_reversion,all,atr_blend,atr_blend,1.0,4.0,48,108,-737.42,0.8665,0.1944,-6.828,1691.0,4786.46,-5523.88,3,0,False,"[-376.64, -65.64, -295.14]",0.3617,0.25,0.25,491.52
X01111,icefishball,long_only,atr,atr,2.0,4.0,48,185,-2307.9,0.866,0.3081,-12.4751,3627.08,14918.32,-17226.22,3,0,False,"[-1197.38, -489.88, -620.64]",0.4717,0.25,0.5,936.4
X00500,emapmo,short_only,atr_blend,atr_blend,2.0,4.0,6,131,-641.94,0.8659,0.458,-4.9003,1433.3,4144.1,-4786.04,3,1,False,"[283.94, -468.56, -457.32]",0.3667,0.5833,0.75,360.28
X00777,icefishball,all,atr_blend,atr_blend,1.0,4.0,12,576,-3316.74,0.8659,0.2778,-5.7582,5867.12,21409.6,-24726.34,3,0,False,"[-2260.58, -884.58, -171.58]",0.4643,0.3846,0.25,755.3
X01042,icefishball,long_only,fixed,fixed,80.0,120.0,24,179,-1982.96,0.8658,0.419,-11.078,3521.4,12794.0,-14776.96,3,1,False,"[-1538.9, -994.9, 550.84]",0.5094,0.4167,0.0,615.5
X00776,icefishball,all,atr_blend,atr_blend,1.0,2.0,12,579,-3182.46,0.8655,0.3195,-5.4965,4993.36,20473.6,-23656.06,3,0,False,"[-1449.32, -1267.82, -465.32]",0.4464,0.3846,0.0,633.24
X00819,icefishball,all,atr,atr,1.5,1.0,24,527,-2903.98,0.8651,0.5617,-5.5104,3940.74,18627.96,-21531.94,3,0,False,"[-533.74, -490.74, -1879.5]",0.4821,0.3846,0.25,737.65
X01326,icefishball,short_only,fixed,fixed,80.0,60.0,48,236,-2187.64,0.865,0.5127,-9.2697,2873.08,14014.96,-16202.6,3,0,False,"[-1877.96, -103.46, -206.22]",0.5179,0.3077,0.25,562.42
X01107,icefishball,long_only,atr,atr,1.5,4.0,48,207,-2129.18,0.865,0.2367,-10.2859,3790.26,13647.74,-15776.92,3,0,False,"[-955.06, -845.06, -329.06]",0.4906,0.3333,0.5,996.63
X00878,icefishball,all,atr,atr,1.5,2.0,48,501,-3920.74,0.8644,0.3832,-7.8258,5001.12,24986.42,-28907.16,3,1,False,"[-1525.08, 100.92, -2496.58]",0.3929,0.2308,0.25,851.95
X01656,momentum_reversion,long_only,fixed,fixed,15.0,60.0,12,79,-253.46,0.8637,0.2278,-3.2084,466.6,1606.68,-1860.14,3,1,False,"[-272.98, -128.24, 147.76]",0.2857,0.25,0.5,106.93
X02015,momentum_reversion,short_only,atr,atr,1.0,4.0,48,45,-358.3,0.8633,0.2222,-7.9622,939.64,2263.6,-2621.9,3,1,False,"[-325.6, 473.4, -506.1]",0.2963,0.2727,0.25,327.84
X00703,icefishball,all,atr,atr,1.0,2.0,6,586,-2867.14,0.8632,0.3686,-4.8927,4246.36,18091.16,-20958.3,3,0,False,"[-490.54, -994.8, -1381.8]",0.4107,0.2308,0.0,656.14
X00570,emapmo,short_only,range15_pct,range15_pct,1.25,2.0,12,94,-628.06,0.8632,0.4468,-6.6815,1433.48,3964.42,-4592.48,3,1,False,"[4.32, -18.94, -613.44]",0.3793,0.5833,0.75,376.44
X01981,momentum_reversion,short_only,atr_blend,atr_blend,2.0,2.0,24,39,-402.36,0.8629,0.5128,-10.3169,821.92,2532.2,-2934.56,3,1,False,"[-627.62, 615.88, -390.62]",0.5185,0.2727,0.25,204.78
X00755,icefishball,all,fixed,fixed,80.0,30.0,12,475,-2680.5,0.8627,0.64,-5.6432,4073.52,16839.04,-19519.54,3,0,False,"[-780.66, -789.42, -1110.42]",0.4107,0.3846,0.5,571.32
X00754,icefishball,all,fixed,fixed,80.0,15.0,12,522,-1850.78,0.8624,0.7835,-3.5456,2725.16,11600.84,-13451.62,3,0,False,"[-850.76, -441.76, -558.26]",0.4643,0.3077,0.25,265.09
X00789,icefishball,all,atr_blend,atr_blend,2.5,4.0,12,443,-3800.32,0.8618,0.447,-8.5786,5348.82,23694.48,-27494.8,3,0,False,"[-1452.02, -1994.52, -353.78]",0.4821,0.3846,0.25,600.69
X00818,icefishball,all,atr,atr,1.0,4.0,24,556,-3700.44,0.8612,0.2266,-6.6555,5261.22,22965.76,-26666.2,3,1,False,"[-1756.14, 81.6, -2025.9]",0.4821,0.3846,0.0,859.73
X00783,icefishball,all,atr_blend,atr_blend,2.0,1.5,12,482,-3406.18,0.8608,0.5166,-7.0668,4642.3,21064.24,-24470.42,3,0,False,"[-1038.14, -781.64, -1586.4]",0.4286,0.3846,0.25,777.72
X01249,icefishball,short_only,range15_pct,range15_pct,1.0,1.0,12,288,-1928.62,0.8606,0.4583,-6.6966,2979.66,11906.82,-13835.44,3,1,False,"[-1331.54, 612.46, -1209.54]",0.4286,0.4615,0.5,489.82
X01724,momentum_reversion,long_only,fixed,fixed,80.0,30.0,24,55,-343.2,0.8604,0.6545,-6.24,930.18,2115.36,-2458.56,3,1,False,"[-398.56, -342.32, 397.68]",0.5429,0.4167,0.5,203.27
X00648,emapmo,short_only,atr,atr,1.5,1.0,48,171,-922.54,0.8598,0.614,-5.395,1681.94,5656.8,-6579.34,3,1,False,"[379.32, -323.68, -978.18]",0.3871,0.5,0.75,323.32
X01974,momentum_reversion,short_only,atr_blend,atr_blend,1.0,4.0,24,45,-351.8,0.8594,0.2667,-7.8178,614.18,2149.62,-2501.42,3,2,False,"[-434.1, 56.4, 25.9]",0.4074,0.2727,0.25,320.43
X01282,icefishball,short_only,atr,atr,2.0,4.0,24,266,-2464.84,0.8589,0.3722,-9.2663,4040.2,15004.24,-17469.08,3,1,False,"[-2168.86, 611.14, -907.12]",0.4286,0.3846,0.25,588.08
X01311,icefishball,short_only,range15_pct,range15_pct,1.25,2.0,24,245,-2274.3,0.8588,0.4245,-9.2829,3263.22,13827.04,-16101.34,3,1,False,"[-1864.18, 1297.82, -1707.94]",0.4286,0.2308,0.5,609.53
X00643,emapmo,short_only,fixed,fixed,80.0,120.0,48,66,-797.84,0.8586,0.4091,-12.0885,1930.56,4846.02,-5643.86,3,1,False,"[-22.28, 82.22, -857.78]",0.4483,0.5,0.5,437.14
X00750,icefishball,all,fixed,fixed,60.0,15.0,12,541,-1920.34,0.858,0.756,-3.5496,2749.92,11600.84,-13521.18,3,0,False,"[-956.44, -514.2, -449.7]",0.4821,0.2308,0.25,234.96
X01205,icefishball,short_only,fixed,fixed,30.0,120.0,12,341,-1821.34,0.858,0.3343,-5.3412,2443.24,11004.14,-12825.48,3,1,False,"[-1100.36, 678.64, -1399.62]",0.375,0.4615,0.5,470.36
X00630,emapmo,short_only,fixed,fixed,15.0,60.0,48,212,-772.88,0.857,0.184,-3.6457,1235.76,4631.64,-5404.52,3,0,False,"[-568.04, -118.04, -86.8]",0.3667,0.4167,0.25,233.82
X01187,icefishball,short_only,atr_blend,atr_blend,2.5,2.0,6,284,-1512.16,0.8569,0.5176,-5.3245,2454.72,9052.22,-10564.38,3,1,False,"[-506.8, 19.2, -1024.56]",0.4643,0.3846,0.5,345.37
X00751,icefishball,all,fixed,fixed,60.0,30.0,12,496,-2768.54,0.8568,0.6028,-5.5817,3887.2,16565.24,-19333.78,3,0,False,"[-1336.84, -374.1, -1057.6]",0.4643,0.3846,0.5,534.29
X00781,icefishball,all,atr_blend,atr_blend,1.5,4.0,12,511,-3888.14,0.8568,0.362,-7.6089,5269.78,23260.1,-27148.24,3,0,False,"[-1609.54, -1263.3, -1015.3]",0.4286,0.3077,0.0,623.05
X01259,icefishball,short_only,fixed,fixed,30.0,15.0,24,375,-1163.0,0.8565,0.6453,-3.1013,1548.38,6941.42,-8104.42,3,1,False,"[-703.0, 175.0, -635.0]",0.4107,0.2308,0.25,190.97
X00844,icefishball,all,atr_blend,atr_blend,2.5,1.5,24,435,-3806.4,0.856,0.577,-8.7503,5231.52,22630.26,-26436.66,3,0,False,"[-1749.3, -560.3, -1496.8]",0.4107,0.4615,0.0,838.09
X01445,momentum_reversion,all,atr,atr,1.0,4.0,12,112,-599.88,0.8559,0.2946,-5.3561,891.5,3564.08,-4163.96,3,1,False,"[-504.62, -188.88, 93.62]",0.4043,0.25,0.25,229.86
X00785,icefishball,all,atr_blend,atr_blend,2.0,4.0,12,473,-4017.52,0.8559,0.4144,-8.4937,5618.88,23866.46,-27883.98,3,0,False,"[-1973.92, -1312.42, -731.18]",0.3393,0.3846,0.0,653.78
X01721,momentum_reversion,long_only,fixed,fixed,60.0,60.0,24,54,-440.96,0.8551,0.463,-8.1659,902.48,2601.5,-3042.46,3,1,False,"[-644.82, -148.82, 352.68]",0.4286,0.3333,0.5,279.95
X00650,emapmo,short_only,atr,atr,1.5,2.0,48,109,-887.66,0.8549,0.4312,-8.1437,1693.16,5228.22,-6115.88,3,1,False,"[100.12, -212.14, -775.64]",0.4,0.5,0.5,367.74
X00837,icefishball,all,atr_blend,atr_blend,1.5,2.0,24,508,-4064.42,0.8547,0.3937,-8.0008,5447.06,23908.5,-27972.92,3,0,False,"[-1192.8, -117.56, -2754.06]",0.4286,0.3077,0.25,827.81
X00499,emapmo,short_only,atr_blend,atr_blend,2.0,2.0,6,142,-763.58,0.8544,0.4718,-5.3773,1709.52,4480.92,-5244.5,3,1,False,"[292.48, -80.28, -975.78]",0.3871,0.5833,0.75,464.23
X00606,emapmo,short_only,atr_blend,atr_blend,1.0,4.0,24,96,-687.04,0.8544,0.2917,-7.1567,1739.64,4030.78,-4717.82,3,1,False,"[155.82, -231.68, -611.18]",0.3448,0.4167,0.25,345.49
X00567,emapmo,short_only,range15_pct,range15_pct,1.0,2.0,12,100,-713.0,0.8529,0.42,-7.13,1687.2,4134.42,-4847.42,3,0,False,"[-35.16, -217.92, -459.92]",0.3793,0.5,0.75,441.07
X00870,icefishball,all,fixed,fixed,80.0,60.0,48,408,-4239.92,0.8529,0.5172,-10.392,5743.5,24592.36,-28832.28,3,0,False,"[-2420.14, -1326.64, -493.14]",0.4643,0.2308,0.25,717.01
X00234,emapmo,long_only,fixed,fixed,30.0,30.0,6,134,-646.16,0.8514,0.4701,-4.8221,1353.0,3701.88,-4348.04,3,1,False,"[-595.8, -355.8, 305.44]",0.5333,0.4286,0.3333,236.41
X00291,emapmo,long_only,fixed,fixed,30.0,30.0,12,134,-646.16,0.8514,0.4701,-4.8221,1353.0,3701.88,-4348.04,3,1,False,"[-595.8, -355.8, 305.44]",0.5333,0.4286,0.3333,236.41
X00348,emapmo,long_only,fixed,fixed,30.0,30.0,24,134,-646.16,0.8514,0.4701,-4.8221,1353.0,3701.88,-4348.04,3,1,False,"[-595.8, -355.8, 305.44]",0.5333,0.4286,0.3333,236.41
X00405,emapmo,long_only,fixed,fixed,30.0,30.0,48,134,-646.16,0.8514,0.4701,-4.8221,1353.0,3701.88,-4348.04,3,1,False,"[-595.8, -355.8, 305.44]",0.5333,0.4286,0.3333,236.41
X00778,icefishball,all,atr_blend,atr_blend,1.5,1.0,12,529,-3180.96,0.8512,0.5501,-6.0132,4692.74,18200.66,-21381.62,3,0,False,"[-311.48, -1012.24, -1857.24]",0.3929,0.3846,0.5,722.89
X00704,icefishball,all,atr,atr,1.0,4.0,6,586,-3182.14,0.8508,0.3515,-5.4303,4657.7,18148.06,-21330.2,3,0,False,"[-753.04, -1220.8, -1208.3]",0.3929,0.3077,0.25,593.95
X02026,momentum_reversion,short_only,atr,atr,2.5,2.0,48,39,-462.36,0.8506,0.5385,-11.8554,859.32,2631.46,-3093.82,3,1,False,"[-300.12, 516.38, -678.62]",0.5185,0.3636,0.25,195.64
X01828,momentum_reversion,short_only,fixed,fixed,15.0,120.0,6,69,-247.56,0.8505,0.2319,-3.5878,674.12,1408.16,-1655.72,3,2,False,"[107.48, 28.98, -384.02]",0.3704,0.5455,0.25,135.94
X00869,icefishball,all,fixed,fixed,80.0,30.0,48,455,-3235.7,0.8505,0.6901,-7.1114,4440.96,18404.14,-21639.84,3,0,False,"[-1579.98, -628.48, -1027.24]",0.4107,0.3846,0.25,627.48
X00593,emapmo,short_only,atr,atr,1.5,2.0,24,109,-897.16,0.8505,0.4495,-8.2308,1678.38,5103.24,-6000.4,3,1,False,"[59.12, -212.14, -744.14]",0.4667,0.5,0.5,364.26
X00784,icefishball,all,atr_blend,atr_blend,2.0,2.0,12,477,-3905.98,0.8501,0.4612,-8.1886,5152.58,22146.7,-26052.68,3,0,False,"[-1283.16, -1180.66, -1442.16]",0.4286,0.3846,0.25,751.38
X01365,icefishball,short_only,range15_pct,range15_pct,1.0,2.0,48,242,-2714.58,0.8501,0.3264,-11.2173,3904.8,15400.04,-18114.62,3,1,False,"[-1458.44, 1528.56, -2784.7]",0.4107,0.4615,0.5,811.93
X01716,momentum_reversion,long_only,fixed,fixed,30.0,30.0,24,66,-321.84,0.8498,0.4697,-4.8764,772.08,1821.56,-2143.4,3,1,False,"[-507.28, -147.28, 332.72]",0.4286,0.4167,0.5,130.63
X01773,momentum_reversion,long_only,fixed,fixed,30.0,30.0,48,66,-321.84,0.8498,0.4697,-4.8764,772.08,1821.56,-2143.4,3,1,False,"[-507.28, -147.28, 332.72]",0.4286,0.4167,0.5,130.63
X01608,momentum_reversion,long_only,fixed,fixed,60.0,120.0,6,57,-300.68,0.8495,0.5088,-5.2751,712.36,1697.04,-1997.72,3,1,False,"[-347.06, -244.06, 290.44]",0.4857,0.4167,0.25,187.57
X00613,emapmo,short_only,atr_blend,atr_blend,2.0,2.0,24,93,-852.32,0.8492,0.5054,-9.1647,1928.18,4799.22,-5651.54,3,2,False,"[254.56, 27.06, -1133.94]",0.4667,0.5833,0.5,417.45
X00696,icefishball,all,fixed,fixed,60.0,120.0,6,496,-3290.04,0.849,0.4718,-6.6331,4111.34,18497.84,-21787.88,3,0,False,"[-832.34, -632.6, -1825.1]",0.3929,0.3077,0.25,571.11
X01604,momentum_reversion,long_only,fixed,fixed,30.0,120.0,6,65,-301.1,0.8483,0.4,-4.6323,824.8,1684.26,-1985.36,3,1,False,"[-249.78, -513.78, 462.46]",0.4571,0.3333,0.5,160.71
X00662,emapmo,short_only,atr_blend,atr_blend,1.0,2.0,48,122,-874.78,0.848,0.3361,-7.1703,1720.54,4879.66,-5754.44,3,1,False,"[162.16, -307.34, -729.6]",0.4,0.5,0.5,306.41
X00698,icefishball,all,fixed,fixed,80.0,30.0,6,496,-2699.04,0.8468,0.5887,-5.4416,3978.32,14919.92,-17618.96,3,0,False,"[-1004.34, -839.1, -855.6]",0.4821,0.3846,0.25,466.0
X01704,momentum_reversion,long_only,range15_pct,range15_pct,0.75,2.0,12,60,-364.4,0.8465,0.3667,-6.0733,901.34,2009.72,-2374.12,3,1,False,"[-283.3, -529.3, 448.2]",0.3714,0.1667,0.25,313.35
X01118,icefishball,long_only,atr_blend,atr_blend,1.0,2.0,48,236,-1707.14,0.8464,0.2797,-7.2336,3120.44,9409.16,-11116.3,3,1,False,"[10.54, -1715.46, -2.22]",0.5094,0.5,0.5,659.04
X01123,icefishball,long_only,atr_blend,atr_blend,1.5,4.0,48,205,-2307.7,0.8464,0.2341,-11.2571,3598.88,12713.48,-15021.18,3,0,False,"[-732.06, -523.82, -1051.82]",0.4528,0.25,0.5,974.64
X00720,icefishball,all,atr_blend,atr_blend,1.0,4.0,6,582,-3272.68,0.8462,0.3557,-5.6232,4441.72,18010.32,-21283.0,3,0,False,"[-879.06, -1202.56, -1191.06]",0.375,0.3846,0.25,557.05
X01995,momentum_reversion,short_only,range15_pct,range15_pct,1.25,2.0,24,38,-543.12,0.8458,0.4211,-14.2926,1105.12,2979.66,-3522.78,3,1,False,"[-1105.12, 1293.88, -731.88]",0.4444,0.2727,0.25,330.4
X01369,momentum_reversion,all,fixed,fixed,15.0,15.0,6,165,-414.6,0.8457,0.4788,-2.5127,727.96,2272.04,-2686.64,3,0,False,"[-38.2, -98.2, -278.2]",0.4043,0.3333,0.5,122.99
X01426,momentum_reversion,all,fixed,fixed,15.0,15.0,12,165,-414.6,0.8457,0.4788,-2.5127,727.96,2272.04,-2686.64,3,0,False,"[-38.2, -98.2, -278.2]",0.4043,0.3333,0.5,122.99
X01483,momentum_reversion,all,fixed,fixed,15.0,15.0,24,165,-414.6,0.8457,0.4788,-2.5127,727.96,2272.04,-2686.64,3,0,False,"[-38.2, -98.2, -278.2]",0.4043,0.3333,0.5,122.99
X01540,momentum_reversion,all,fixed,fixed,15.0,15.0,48,165,-414.6,0.8457,0.4788,-2.5127,727.96,2272.04,-2686.64,3,0,False,"[-38.2, -98.2, -278.2]",0.4043,0.3333,0.5,122.99
X00529,emapmo,short_only,fixed,fixed,80.0,120.0,12,92,-755.58,0.8456,0.4457,-8.2128,1736.18,4136.66,-4892.24,3,1,False,"[174.56, -346.44, -583.7]",0.4483,0.5833,0.75,403.04
X00885,icefishball,all,atr,atr,2.5,1.5,48,428,-4318.22,0.8456,0.5794,-10.0893,5787.58,23649.98,-27968.2,3,0,False,"[-2055.82, -232.82, -2029.58]",0.4107,0.4615,0.25,844.73
X00666,emapmo,short_only,atr_blend,atr_blend,1.5,2.0,48,97,-872.28,0.8454,0.4227,-8.9926,1986.86,4768.16,-5640.44,3,1,False,"[181.08, -341.18, -712.18]",0.4483,0.5,0.5,327.15
X00694,icefishball,all,fixed,fixed,60.0,30.0,6,514,-2761.86,0.8452,0.572,-5.3733,3920.9,15080.44,-17842.3,3,0,False,"[-1387.28, -589.04, -785.54]",0.4643,0.3077,0.25,449.58
X00863,icefishball,all,fixed,fixed,30.0,120.0,48,526,-3965.74,0.8452,0.1996,-7.5394,5211.42,21655.8,-25621.54,3,0,False,"[-820.74, -2014.5, -1130.5]",0.4464,0.3846,0.25,559.53
X00787,icefishball,all,atr_blend,atr_blend,2.5,1.5,12,454,-3775.46,0.8452,0.5529,-8.316,5196.84,20615.26,-24390.72,3,0,False,"[-580.98, -1907.74, -1286.74]",0.4643,0.3846,0.25,789.18
X00525,emapmo,short_only,fixed,fixed,60.0,120.0,12,95,-765.3,0.8451,0.4211,-8.0558,1480.42,4175.4,-4940.7,3,1,False,"[66.32, -262.18, -569.44]",0.4483,0.4167,0.75,358.77
X00805,icefishball,all,fixed,fixed,30.0,60.0,24,569,-3615.06,0.8447,0.3181,-6.3534,4847.28,19668.56,-23283.62,3,0,False,"[-1291.1, -908.6, -1415.36]",0.3571,0.3846,0.5,563.2
X01316,icefishball,short_only,fixed,fixed,30.0,15.0,48,375,-1275.0,0.8446,0.6427,-3.4,1647.88,6931.16,-8206.16,3,1,False,"[-815.0, 175.0, -635.0]",0.4107,0.2308,0.25,194.33
X01372,momentum_reversion,all,fixed,fixed,15.0,120.0,6,149,-532.76,0.8446,0.255,-3.5756,673.9,2896.38,-3429.14,3,1,False,"[-460.0, 51.0, -123.76]",0.4255,0.3333,0.25,198.94
X00652,emapmo,short_only,atr,atr,2.0,1.0,48,144,-992.06,0.8439,0.6806,-6.8893,1729.22,5363.48,-6355.54,3,1,False,"[236.48, -141.52, -1087.02]",0.5333,0.5833,0.75,389.5
X01931,momentum_reversion,short_only,range15_pct,range15_pct,0.75,1.5,12,42,-330.08,0.8439,0.4048,-7.859,652.94,1784.42,-2114.5,3,1,False,"[-483.86, 193.64, -39.86]",0.4444,0.4545,0.5,182.46
X01098,icefishball,long_only,fixed,fixed,80.0,60.0,48,179,-2015.96,0.8439,0.5251,-11.2623,3362.52,10901.94,-12917.9,3,0,False,"[-572.4, -1275.4, -168.16]",0.5283,0.5833,0.0,647.32
X00840,icefishball,all,atr_blend,atr_blend,2.0,1.5,24,471,-4197.04,0.8435,0.5202,-8.9109,5417.18,22613.2,-26810.24,3,0,False,"[-1166.18, -951.68, -2079.18]",0.3929,0.3846,0.0,802.88
X01992,momentum_reversion,short_only,range15_pct,range15_pct,1.0,2.0,24,38,-508.62,0.8432,0.3947,-13.3847,913.36,2734.4,-3243.02,3,1,False,"[-848.62, 908.38, -568.38]",0.4074,0.1818,0.25,333.6
X00488,emapmo,short_only,atr,atr,2.5,4.0,6,132,-778.18,0.8429,0.447,-5.8953,1551.36,4174.84,-4953.02,3,1,False,"[102.44, -371.56, -509.06]",0.4,0.5833,0.75,384.54
X01909,momentum_reversion,short_only,atr,atr,2.0,4.0,12,40,-330.1,0.8423,0.4,-8.2525,695.86,1763.16,-2093.26,3,2,False,"[-695.86, 255.38, 110.38]",0.4074,0.4545,0.5,203.99
X00862,icefishball,all,fixed,fixed,30.0,60.0,48,564,-3787.36,0.842,0.3032,-6.7152,4731.32,20177.46,-23964.82,3,0,False,"[-1152.12, -1082.12, -1553.12]",0.3393,0.3077,0.5,566.55
X01324,icefishball,short_only,fixed,fixed,80.0,15.0,48,306,-1370.94,0.8409,0.8235,-4.4802,1902.16,7247.52,-8618.46,3,1,False,"[-1157.98, 273.52, -486.48]",0.5536,0.5385,0.0,273.66
X01183,icefishball,short_only,atr_blend,atr_blend,2.0,2.0,6,293,-1734.82,0.8407,0.5051,-5.9209,2611.82,9156.48,-10891.3,3,1,False,"[-782.02, 184.48, -1137.28]",0.4643,0.3846,0.5,305.98
X01306,icefishball,short_only,range15_pct,range15_pct,1.0,1.0,24,271,-2482.54,0.8405,0.4649,-9.1607,3421.3,13086.76,-15569.3,3,1,False,"[-1651.84, 938.4, -1769.1]",0.4286,0.4615,0.5,495.22
X01248,icefishball,short_only,range15_pct,range15_pct,0.75,2.0,12,316,-2361.34,0.8401,0.3449,-7.4726,3586.08,12408.84,-14770.18,3,1,False,"[-1149.94, 568.8, -1780.2]",0.3929,0.4615,0.5,472.46
X00230,emapmo,long_only,fixed,fixed,15.0,30.0,6,162,-560.88,0.8397,0.3086,-3.4622,957.32,2938.0,-3498.88,3,1,False,"[-336.96, 23.04, -246.96]",0.4,0.2857,0.3333,148.42
X00287,emapmo,long_only,fixed,fixed,15.0,30.0,12,162,-560.88,0.8397,0.3086,-3.4622,957.32,2938.0,-3498.88,3,1,False,"[-336.96, 23.04, -246.96]",0.4,0.2857,0.3333,148.42
X00344,emapmo,long_only,fixed,fixed,15.0,30.0,24,162,-560.88,0.8397,0.3086,-3.4622,957.32,2938.0,-3498.88,3,1,False,"[-336.96, 23.04, -246.96]",0.4,0.2857,0.3333,148.42
X00401,emapmo,long_only,fixed,fixed,15.0,30.0,48,162,-560.88,0.8397,0.3086,-3.4622,957.32,2938.0,-3498.88,3,1,False,"[-336.96, 23.04, -246.96]",0.4,0.2857,0.3333,148.42
X00695,icefishball,all,fixed,fixed,60.0,60.0,6,499,-3317.76,0.8393,0.499,-6.6488,4748.0,17330.24,-20648.0,3,0,False,"[-921.58, -735.34, -1660.84]",0.4643,0.3846,0.5,551.42
X01095,icefishball,long_only,fixed,fixed,60.0,120.0,48,185,-2369.9,0.8393,0.3297,-12.8103,3399.54,12381.86,-14751.76,3,0,False,"[-926.38, -841.88, -601.64]",0.4717,0.3333,0.0,719.89
X01600,momentum_reversion,long_only,fixed,fixed,15.0,120.0,6,80,-285.2,0.8392,0.275,-3.565,877.94,1488.22,-1773.42,3,1,False,"[-350.48, -464.98, 530.26]",0.3714,0.4167,0.5,155.86
X00835,icefishball,all,atr_blend,atr_blend,1.5,1.0,24,527,-3558.48,0.8383,0.5503,-6.7523,5050.26,18442.4,-22000.88,3,0,False,"[-310.24, -1112.24, -2136.0]",0.4107,0.3846,0.5,707.68
X00678,emapmo,short_only,range15_pct,range15_pct,0.75,2.0,48,95,-789.3,0.838,0.2737,-8.3084,1633.94,4084.26,-4873.56,3,0,False,"[-245.18, -212.68, -331.44]",0.2759,0.4167,0.25,287.04
X01267,icefishball,short_only,fixed,fixed,80.0,15.0,24,306,-1365.44,0.8379,0.8039,-4.4622,1988.34,7056.46,-8421.9,3,1,False,"[-1303.98, 324.52, -385.98]",0.5536,0.4615,0.0,268.49
X00911,icefishball,all,range15_pct,range15_pct,1.25,1.5,48,369,-5296.06,0.8378,0.4444,-14.3525,7654.04,27363.14,-32659.2,3,0,False,"[-1255.52, -711.52, -3329.02]",0.4464,0.3846,0.5,1359.45
X01758,momentum_reversion,long_only,atr_blend,atr_blend,2.5,4.0,24,53,-575.72,0.837,0.3585,-10.8626,1205.14,2956.94,-3532.66,3,1,False,"[-614.32, -590.82, 629.42]",0.2857,0.3333,0.25,407.18
X01364,icefishball,short_only,range15_pct,range15_pct,1.0,1.5,48,251,-2892.24,0.837,0.3745,-11.5229,4297.18,14850.44,-17742.68,3,1,False,"[-899.16, 387.34, -2380.42]",0.375,0.5385,0.5,785.01
X00699,icefishball,all,fixed,fixed,80.0,60.0,6,480,-3351.2,0.8369,0.5146,-6.9817,5083.94,17195.72,-20546.92,3,0,False,"[-845.4, -1356.4, -1149.4]",0.4464,0.3077,0.5,545.15
X00761,icefishball,all,atr,atr,1.0,4.0,12,581,-4134.44,0.8362,0.2685,-7.1161,5955.26,21100.56,-25235.0,3,0,False,"[-2032.56, -1239.56, -862.32]",0.5,0.3077,0.25,632.95
X00798,icefishball,all,range15_pct,range15_pct,1.25,2.0,12,444,-4494.06,0.8361,0.4347,-10.1218,5953.1,22926.18,-27420.24,3,0,False,"[-1754.52, -1491.02, -1248.52]",0.3571,0.4615,0.0,870.36
X01193,icefishball,short_only,range15_pct,range15_pct,1.0,1.5,6,300,-1882.0,0.836,0.4833,-6.2733,2895.0,9593.7,-11475.7,3,1,False,"[-1110.5, 465.5, -1237.0]",0.3929,0.4615,0.5,402.93
X00705,icefishball,all,atr,atr,1.5,1.0,6,532,-3162.18,0.8357,0.5395,-5.9439,4127.84,16089.62,-19251.8,3,0,False,"[-713.22, -1136.48, -1312.48]",0.4286,0.3846,0.25,578.74
X00670,emapmo,short_only,atr_blend,atr_blend,2.0,2.0,48,90,-1010.1,0.8354,0.4889,-11.2233,2384.18,5126.44,-6136.54,3,1,False,"[491.3, -165.7, -1335.7]",0.4138,0.5833,0.5,432.07
X00865,icefishball,all,fixed,fixed,60.0,30.0,48,480,-3513.7,0.8347,0.6292,-7.3202,4662.1,17745.52,-21259.22,3,0,False,"[-2278.4, -376.9, -858.4]",0.4821,0.2308,0.5,572.71
X00765,icefishball,all,atr,atr,1.5,4.0,12,515,-4611.6,0.8345,0.3476,-8.9546,5828.24,23260.54,-27872.14,3,0,False,"[-2181.78, -1300.28, -1129.54]",0.4286,0.2308,0.25,675.47
X00772,icefishball,all,atr,atr,2.5,2.0,12,450,-4373.0,0.8337,0.4933,-9.7178,5798.98,21923.22,-26296.22,3,0,False,"[-1234.0, -1606.0, -1533.0]",0.4821,0.3846,0.25,759.07
X01060,icefishball,long_only,atr_blend,atr_blend,1.0,1.5,24,237,-1707.38,0.8333,0.3249,-7.2041,2468.68,8534.02,-10241.4,3,0,False,"[-75.96, -1176.46, -454.96]",0.5094,0.4167,0.5,649.44
X01117,icefishball,long_only,atr_blend,atr_blend,1.0,1.5,48,237,-1707.38,0.8333,0.3249,-7.2041,2468.68,8534.02,-10241.4,3,0,False,"[-75.96, -1176.46, -454.96]",0.5094,0.4167,0.5,649.44
X01991,momentum_reversion,short_only,range15_pct,range15_pct,1.0,1.5,24,39,-530.36,0.8331,0.4359,-13.599,875.66,2647.92,-3178.28,3,1,False,"[-863.62, 1050.88, -717.62]",0.4444,0.2727,0.25,333.83
X00504,emapmo,short_only,atr_blend,atr_blend,2.5,4.0,6,130,-814.7,0.8325,0.4538,-6.2669,1619.04,4047.84,-4862.54,3,1,False,"[271.94, -573.82, -512.82]",0.4333,0.5833,0.75,396.42
X02035,momentum_reversion,short_only,atr_blend,atr_blend,1.5,4.0,48,41,-551.34,0.8324,0.2927,-13.4473,918.92,2738.62,-3289.96,3,1,False,"[-498.86, 307.64, -360.12]",0.2963,0.2727,0.5,366.2
X01982,momentum_reversion,short_only,atr_blend,atr_blend,2.0,4.0,24,37,-529.38,0.8324,0.4054,-14.3076,799.96,2629.4,-3158.78,3,1,False,"[-694.62, 342.62, -177.38]",0.4074,0.2727,0.5,330.95
X00769,icefishball,all,atr,atr,2.0,4.0,12,477,-4808.98,0.8318,0.4004,-10.0817,6738.6,23776.16,-28585.14,3,0,False,"[-2009.16, -1885.16, -914.66]",0.3929,0.3077,0.0,656.54
X00892,icefishball,all,atr_blend,atr_blend,1.5,1.0,48,526,-3759.74,0.8317,0.5513,-7.1478,5346.02,18581.9,-22341.64,3,0,False,"[-215.74, -1249.0, -2295.0]",0.4107,0.3846,0.5,696.79
X01437,momentum_reversion,all,fixed,fixed,60.0,120.0,12,98,-825.52,0.8311,0.398,-8.4237,1434.12,4062.64,-4888.16,3,1,False,"[-667.42, -498.42, 340.32]",0.4468,0.25,0.25,417.56
X00722,icefishball,all,atr_blend,atr_blend,1.5,1.5,6,527,-3602.48,0.8308,0.482,-6.8358,4946.02,17686.04,-21288.52,3,0,False,"[-482.74, -1232.74, -1887.0]",0.4107,0.3077,0.5,646.81
X01061,icefishball,long_only,atr_blend,atr_blend,1.0,2.0,24,236,-1861.14,0.8308,0.2797,-7.8862,3006.94,9141.66,-11002.8,3,1,False,"[10.54, -1707.46, -164.22]",0.5094,0.4167,0.5,627.01
X00982,icefishball,long_only,fixed,fixed,80.0,15.0,12,210,-970.4,0.8306,0.7952,-4.621,1589.18,4756.92,-5727.32,3,1,False,"[77.2, -802.8, -244.8]",0.6038,0.4167,0.5,317.46
X01937,momentum_reversion,short_only,range15_pct,range15_pct,1.25,1.5,12,40,-382.6,0.8305,0.45,-9.565,722.96,1874.68,-2257.28,3,2,False,"[-557.86, 141.88, 33.38]",0.4444,0.5455,0.5,224.74
X00476,emapmo,short_only,atr,atr,1.0,4.0,6,149,-848.26,0.8304,0.3691,-5.693,1134.88,4154.3,-5002.56,3,0,False,"[-192.5, -64.5, -591.26]",0.3667,0.5,0.5,238.77
X01250,icefishball,short_only,range15_pct,range15_pct,1.0,1.5,12,287,-2487.88,0.8298,0.4042,-8.6686,3643.04,12129.66,-14617.54,3,1,False,"[-1623.54, 271.46, -1135.8]",0.3929,0.4615,0.5,466.3
X00906,icefishball,all,range15_pct,range15_pct,0.75,2.0,48,447,-5572.78,0.8297,0.2707,-12.4671,7490.6,27142.46,-32715.24,3,1,False,"[-2211.26, 1303.74, -4665.26]",0.4464,0.3077,0.25,1427.06
X01246,icefishball,short_only,range15_pct,range15_pct,0.75,1.0,12,316,-2396.84,0.8292,0.4051,-7.5849,3430.16,11636.28,-14033.12,3,1,False,"[-1081.44, 860.8, -2176.2]",0.375,0.4615,0.5,470.72
X00788,icefishball,all,atr_blend,atr_blend,2.5,2.0,12,449,-4429.76,0.8291,0.4922,-9.8658,5774.88,21495.46,-25925.22,3,0,False,"[-854.5, -2114.0, -1461.26]",0.4821,0.3846,0.25,735.28
X00806,icefishball,all,fixed,fixed,30.0,120.0,24,544,-4248.06,0.8287,0.2408,-7.8089,5083.56,20557.56,-24805.62,3,0,False,"[-782.68, -1871.94, -1593.44]",0.4464,0.3846,0.25,521.48
X01142,icefishball,short_only,fixed,fixed,15.0,30.0,6,409,-1437.66,0.8284,0.335,-3.5151,1744.46,6938.62,-8376.28,3,0,False,"[-382.88, -179.14, -875.64]",0.375,0.3846,0.25,219.89
X00639,emapmo,short_only,fixed,fixed,60.0,120.0,48,77,-977.98,0.8284,0.3377,-12.701,2307.72,4721.26,-5699.24,3,1,False,"[143.26, -297.74, -823.5]",0.3448,0.4167,0.5,344.51
X01190,icefishball,short_only,range15_pct,range15_pct,0.75,1.5,6,326,-2007.24,0.8283,0.4356,-6.1572,3131.84,9680.92,-11688.16,3,1,False,"[-978.16, 480.34, -1509.42]",0.4286,0.5385,0.25,420.29
X01453,momentum_reversion,all,atr,atr,2.0,4.0,12,98,-793.02,0.8276,0.3878,-8.092,1460.34,3806.38,-4599.4,3,1,False,"[-827.92, -632.42, 667.32]",0.4255,0.1667,0.25,451.42
X01363,icefishball,short_only,range15_pct,range15_pct,1.0,1.0,48,263,-2807.62,0.8274,0.4563,-10.6754,4332.4,13461.7,-16269.32,3,1,False,"[-711.12, 276.88, -2373.38]",0.3929,0.5385,0.5,719.72
X00830,icefishball,all,atr,atr,2.5,4.0,24,399,-5633.26,0.8273,0.411,-14.1184,7123.24,26976.14,-32609.4,3,1,False,"[-2684.42, 124.58, -3073.42]",0.3929,0.3077,0.0,948.54
X00707,icefishball,all,atr,atr,1.5,2.0,6,524,-3761.26,0.827,0.4542,-7.178,5221.76,17980.88,-21742.14,3,0,False,"[-679.5, -1032.0, -2049.76]",0.4286,0.3077,0.25,646.17
X01362,icefishball,short_only,range15_pct,range15_pct,0.75,2.0,48,284,-3199.66,0.8267,0.2606,-11.2664,4071.96,15264.24,-18463.9,3,1,False,"[-1525.3, 1289.2, -2963.56]",0.3929,0.3846,0.5,697.46
X01593,momentum_reversion,all,range15_pct,range15_pct,1.0,2.0,48,92,-1317.08,0.8266,0.3152,-14.3161,2063.08,6279.04,-7596.12,3,1,False,"[-1037.94, 565.06, -844.2]",0.383,0.3333,0.25,620.05
X00654,emapmo,short_only,atr,atr,2.0,2.0,48,94,-1099.56,0.8256,0.5,-11.6974,2148.7,5204.22,-6303.78,3,1,False,"[385.82, -249.94, -1235.44]",0.4483,0.5833,0.5,466.11
X00841,icefishball,all,atr_blend,atr_blend,2.0,2.0,24,463,-5149.12,0.8255,0.4514,-11.1212,6322.22,24355.84,-29504.96,3,0,False,"[-1797.7, -632.46, -2718.96]",0.3571,0.2308,0.25,866.72
X00808,icefishball,all,fixed,fixed,60.0,30.0,24,484,-3663.16,0.8254,0.6178,-7.5685,4953.08,17320.24,-20983.4,3,0,False,"[-2047.88, -626.64, -988.64]",0.4821,0.3077,0.5,613.11
X01127,icefishball,long_only,atr_blend,atr_blend,2.0,4.0,48,184,-2921.16,0.8248,0.2935,-15.8759,4046.34,13750.54,-16671.7,3,0,False,"[-853.88, -1961.64, -105.64]",0.4717,0.25,0.25,874.55
X00828,icefishball,all,atr,atr,2.5,1.5,24,435,-4778.9,0.8246,0.5724,-10.986,6232.78,22459.74,-27238.64,3,0,False,"[-1873.8, -676.3, -2228.8]",0.4286,0.3846,0.0,804.53
X01003,icefishball,long_only,atr_blend,atr_blend,1.0,1.5,12,237,-1788.38,0.8245,0.3291,-7.5459,2453.52,8402.28,-10190.66,3,0,False,"[-169.96, -1109.46, -508.96]",0.4906,0.3333,0.25,640.09
X00768,icefishball,all,atr,atr,2.0,2.0,12,480,-4667.2,0.824,0.45,-9.7233,6003.3,21850.16,-26517.36,3,0,False,"[-1616.9, -1665.9, -1384.4]",0.4286,0.3077,0.25,764.14
X01087,icefishball,long_only,fixed,fixed,15.0,120.0,48,266,-1310.34,0.8238,0.1053,-4.9261,2036.76,6124.78,-7435.12,3,1,False,"[9.64, -730.86, -589.12]",0.3774,0.3333,0.25,332.17
X00771,icefishball,all,atr,atr,2.5,1.5,12,453,-4337.72,0.8236,0.5453,-9.5755,5684.6,20255.72,-24593.44,3,0,False,"[-977.74, -1198.74, -2161.24]",0.4643,0.3846,0.25,787.76
X00861,icefishball,all,fixed,fixed,30.0,30.0,48,589,-3430.36,0.8233,0.4618,-5.824,4402.0,15982.72,-19413.08,3,0,False,"[-1024.28, -1203.04, -1203.04]",0.4286,0.3077,0.5,468.5
X00908,icefishball,all,range15_pct,range15_pct,1.0,1.5,48,401,-5795.74,0.8233,0.389,-14.4532,8008.92,26997.56,-32793.3,3,0,False,"[-1406.16, -274.16, -4115.42]",0.3929,0.3846,0.25,1564.62
X00767,icefishball,all,atr,atr,2.0,1.5,12,483,-4399.92,0.8227,0.501,-9.1096,5701.02,20418.92,-24818.84,3,0,False,"[-1112.64, -1447.14, -1840.14]",0.3571,0.3077,0.25,741.79
X00770,icefishball,all,atr,atr,2.5,1.0,12,465,-3907.6,0.8223,0.6366,-8.4034,5054.24,18082.46,-21990.06,3,0,False,"[-1090.2, -735.2, -2082.2]",0.4464,0.3846,0.0,685.86
X00460,emapmo,short_only,fixed,fixed,15.0,120.0,6,221,-916.54,0.822,0.2443,-4.1472,1369.48,4233.04,-5149.58,3,0,False,"[-141.76, -251.76, -523.02]",0.3,0.5833,0.5,248.6
X00822,icefishball,all,atr,atr,1.5,4.0,24,485,-5408.9,0.822,0.3031,-11.1524,6936.02,24982.72,-30391.62,3,1,False,"[-2227.88, 314.62, -3495.64]",0.3929,0.3077,0.0,1049.73
X01313,icefishball,short_only,fixed,fixed,15.0,30.0,48,408,-1585.92,0.8212,0.3039,-3.8871,1857.4,7286.24,-8872.16,3,0,False,"[-558.64, -108.64, -918.64]",0.375,0.2308,0.0,216.07
X00578,emapmo,short_only,fixed,fixed,30.0,120.0,24,111,-884.64,0.821,0.2613,-7.9697,1647.26,4058.04,-4942.68,3,0,False,"[-172.38, -133.88, -578.38]",0.3448,0.5,0.5,283.61
X00671,emapmo,short_only,atr_blend,atr_blend,2.0,4.0,48,68,-1012.32,0.8205,0.3382,-14.8871,2571.06,4625.98,-5638.3,3,1,False,"[302.48, -412.02, -902.78]",0.3929,0.5833,0.5,475.0
X01305,icefishball,short_only,range15_pct,range15_pct,0.75,2.0,24,298,-3073.02,0.82,0.2987,-10.3121,3794.2,14001.64,-17074.66,3,1,False,"[-2075.0, 1084.74, -2082.76]",0.4107,0.2308,0.5,641.58
X01476,momentum_reversion,all,range15_pct,range15_pct,0.75,2.0,12,102,-812.98,0.8198,0.3725,-7.9704,1312.32,3697.38,-4510.36,3,1,False,"[-612.16, -700.16, 499.34]",0.4255,0.25,0.25,404.53
X00807,icefishball,all,fixed,fixed,60.0,15.0,24,536,-2603.14,0.8196,0.7687,-4.8566,3331.22,11830.62,-14433.76,3,0,False,"[-1326.46, -615.46, -661.22]",0.4643,0.2308,0.25,276.03
X01526,momentum_reversion,all,atr_blend,atr_blend,2.0,4.0,24,91,-1151.34,0.8195,0.3516,-12.6521,1617.8,5227.82,-6379.16,3,1,False,"[-1164.94, -36.2, 49.8]",0.383,0.3333,0.25,508.76
X00766,icefishball,all,atr,atr,2.0,1.0,12,494,-4007.06,0.8194,0.5951,-8.1115,4982.68,18175.94,-22183.0,3,0,False,"[-894.6, -1268.1, -1844.36]",0.375,0.3846,0.25,686.6
X00881,icefishball,all,atr,atr,2.0,1.5,48,470,-5163.8,0.8189,0.5149,-10.9868,6353.64,23355.92,-28519.72,3,0,False,"[-2068.68, -766.68, -2328.44]",0.3929,0.3077,0.25,860.43
X00804,icefishball,all,fixed,fixed,30.0,30.0,24,589,-3495.86,0.8188,0.4584,-5.9352,4459.5,15799.7,-19295.56,3,0,False,"[-1007.78, -1285.04, -1203.04]",0.4286,0.3077,0.5,467.34
X01774,momentum_reversion,long_only,fixed,fixed,30.0,60.0,48,64,-499.36,0.8188,0.2969,-7.8025,760.92,2256.44,-2755.8,3,1,False,"[-447.28, -206.04, 153.96]",0.3143,0.3333,0.25,211.25
X00656,emapmo,short_only,atr,atr,2.5,1.0,48,128,-1100.22,0.8187,0.7188,-8.5955,2041.0,4967.92,-6068.14,3,2,False,"[369.18, 44.68, -1514.08]",0.5667,0.5833,0.75,451.76
X00796,icefishball,all,range15_pct,range15_pct,1.25,1.0,12,450,-4762.0,0.8183,0.4867,-10.5822,6503.06,21443.94,-26205.94,3,0,False,"[-832.0, -2344.5, -1585.5]",0.3929,0.4615,0.0,913.21
X01592,momentum_reversion,all,range15_pct,range15_pct,1.0,1.5,48,93,-1337.82,0.8182,0.3656,-14.3852,2154.58,6019.84,-7357.66,3,1,False,"[-1285.44, 895.06, -947.44]",0.383,0.3333,0.25,606.8
X00536,emapmo,short_only,atr,atr,1.5,2.0,12,118,-1078.32,0.8181,0.4322,-9.1383,1733.46,4851.26,-5929.58,3,0,False,"[-30.1, -165.86, -882.36]",0.4,0.5,0.5,307.51
X00706,icefishball,all,atr,atr,1.5,1.5,6,526,-3819.24,0.818,0.4791,-7.2609,5133.26,17171.02,-20990.26,3,0,False,"[-615.24, -1191.0, -2013.0]",0.5,0.3077,0.5,664.29
X00898,icefishball,all,atr_blend,atr_blend,2.0,2.0,48,454,-5615.96,0.8179,0.4493,-12.37,6641.3,25221.04,-30837.0,3,0,False,"[-1828.98, -356.74, -3430.24]",0.375,0.3077,0.25,929.96
X00868,icefishball,all,fixed,fixed,80.0,15.0,48,516,-2714.84,0.8172,0.8178,-5.2613,3504.9,12136.72,-14851.56,3,0,False,"[-1398.28, -563.28, -753.28]",0.4464,0.2308,0.0,327.89
X00811,icefishball,all,fixed,fixed,80.0,15.0,24,516,-2670.84,0.8169,0.8043,-5.176,3505.46,11916.9,-14587.74,3,0,False,"[-1532.28, -485.78, -652.78]",0.4643,0.3077,0.25,332.76
X01885,momentum_reversion,short_only,fixed,fixed,15.0,120.0,12,69,-327.56,0.8163,0.1594,-4.7472,644.12,1455.86,-1783.42,3,1,False,"[112.98, -120.02, -320.52]",0.3333,0.4545,0.25,150.19
X01256,icefishball,short_only,fixed,fixed,15.0,30.0,24,408,-1630.92,0.8162,0.3039,-3.9974,1902.4,7241.24,-8872.16,3,0,False,"[-603.64, -108.64, -918.64]",0.375,0.2308,0.0,214.65
X01199,icefishball,short_only,fixed,fixed,15.0,30.0,12,409,-1620.16,0.8158,0.3081,-3.9613,1900.46,7176.76,-8796.92,3,0,False,"[-513.88, -187.64, -918.64]",0.375,0.2308,0.0,213.56
X01144,icefishball,short_only,fixed,fixed,15.0,120.0,6,404,-1732.46,0.8157,0.245,-4.2883,2217.12,7669.24,-9401.7,3,1,False,"[-395.9, 72.6, -1409.16]",0.3214,0.3846,0.25,280.03
X00475,emapmo,short_only,atr,atr,1.0,2.0,6,164,-1035.86,0.8157,0.3841,-6.3162,1371.58,4583.38,-5619.24,3,0,False,"[-17.7, -418.2, -599.96]",0.3548,0.4167,0.5,300.05
X00503,emapmo,short_only,atr_blend,atr_blend,2.5,2.0,6,141,-992.84,0.8154,0.4681,-7.0414,1940.12,4384.66,-5377.5,3,1,False,"[285.72, -169.28, -1109.28]",0.4194,0.5833,0.75,516.09
X00721,icefishball,all,atr_blend,atr_blend,1.5,1.0,6,534,-3677.66,0.8153,0.53,-6.887,4796.48,16231.58,-19909.24,3,0,False,"[-301.72, -1739.72, -1636.22]",0.4107,0.3846,0.25,566.82
X01681,momentum_reversion,long_only,atr,atr,2.0,4.0,12,58,-462.92,0.8153,0.3793,-7.9814,1019.86,2043.22,-2506.14,3,1,False,"[-427.8, -592.06, 556.94]",0.4,0.25,0.25,337.19
X01750,momentum_reversion,long_only,atr_blend,atr_blend,1.5,4.0,24,58,-523.92,0.8153,0.2586,-9.0331,817.82,2313.4,-2837.32,3,1,False,"[-409.8, -212.56, 98.44]",0.2857,0.4167,0.5,173.99
X00005,emapmo,all,fixed,fixed,30.0,15.0,6,484,-1967.66,0.8149,0.626,-4.0654,3350.18,8663.78,-10631.44,3,1,False,"[893.62, -2375.14, -486.14]",0.55,0.6667,0.75,580.15
X00786,icefishball,all,atr_blend,atr_blend,2.5,1.0,12,465,-4074.1,0.8147,0.6344,-8.7615,5282.58,17907.7,-21981.8,3,0,False,"[-781.7, -1219.2, -2073.2]",0.3929,0.3846,0.25,721.44
X00864,icefishball,all,fixed,fixed,60.0,15.0,48,536,-2716.64,0.8146,0.7743,-5.0684,3435.12,11935.4,-14652.04,3,0,False,"[-1283.96, -701.96, -730.72]",0.4286,0.2308,0.25,268.88
X00812,icefishball,all,fixed,fixed,80.0,30.0,24,460,-4008.9,0.8146,0.6609,-8.715,5428.72,17614.04,-21622.94,3,0,False,"[-1766.96, -981.72, -1260.22]",0.4643,0.3077,0.25,649.05
X00544,emapmo,short_only,atr,atr,2.5,2.0,12,103,-1027.22,0.8146,0.4854,-9.973,1767.84,4513.0,-5540.22,3,0,False,"[-73.4, -15.16, -938.66]",0.5333,0.5,0.75,430.59
X01481,momentum_reversion,all,range15_pct,range15_pct,1.25,1.5,12,95,-902.3,0.8139,0.4211,-9.4979,1392.36,3946.4,-4848.7,3,1,False,"[-862.18, -530.18, 490.06]",0.4255,0.1667,0.25,469.64
X00981,icefishball,long_only,fixed,fixed,60.0,120.0,12,195,-2397.3,0.8139,0.3795,-12.2938,3041.42,10484.74,-12882.04,3,0,False,"[-798.1, -988.1, -611.1]",0.5283,0.25,0.0,610.61
X00724,icefishball,all,atr_blend,atr_blend,1.5,4.0,6,525,-4205.5,0.8138,0.44,-8.0105,5678.02,18381.56,-22587.06,3,0,False,"[-374.5, -1334.0, -2497.0]",0.3571,0.3077,0.25,631.22
X00747,icefishball,all,fixed,fixed,30.0,30.0,12,592,-3526.08,0.8132,0.4645,-5.9562,4555.48,15348.0,-18874.08,3,0,False,"[-1017.02, -1131.28, -1377.78]",0.4643,0.3077,0.5,465.53
X00829,icefishball,all,atr,atr,2.5,2.0,24,425,-5651.5,0.8131,0.4965,-13.2976,6895.62,24587.86,-30239.36,3,0,False,"[-2295.08, -326.08, -3030.34]",0.4286,0.2308,0.0,844.24
X00545,emapmo,short_only,atr,atr,2.5,4.0,12,88,-863.62,0.8129,0.4545,-9.8139,1825.9,3752.4,-4616.02,3,1,False,"[112.3, -59.96, -915.96]",0.4138,0.5,0.75,486.63
X01594,momentum_reversion,all,range15_pct,range15_pct,1.25,1.0,48,91,-1302.84,0.8129,0.4945,-14.3169,1656.08,5659.2,-6962.04,3,1,False,"[-794.44, 456.8, -965.2]",0.4468,0.3333,0.25,462.82
X00472,emapmo,short_only,fixed,fixed,80.0,120.0,6,134,-984.66,0.8126,0.4403,-7.3482,1862.26,4270.34,-5255.0,3,1,False,"[375.7, -588.8, -771.56]",0.4,0.5833,0.75,434.16
X00708,icefishball,all,atr,atr,1.5,4.0,6,524,-4178.76,0.812,0.437,-7.9747,5899.26,18054.54,-22233.3,3,0,False,"[-950.5, -1052.5, -2175.76]",0.3571,0.4615,0.25,668.09
X01308,icefishball,short_only,range15_pct,range15_pct,1.0,2.0,24,263,-3240.62,0.812,0.3688,-12.3217,4433.0,13995.22,-17235.84,3,1,False,"[-2411.12, 1063.38, -1892.88]",0.375,0.3077,0.5,661.55
X00782,icefishball,all,atr_blend,atr_blend,2.0,1.0,12,493,-4148.82,0.8118,0.5943,-8.4155,5161.82,17895.18,-22044.0,3,0,False,"[-849.1, -898.86, -2400.86]",0.3571,0.3846,0.5,813.37
X01045,icefishball,long_only,atr,atr,1.0,2.0,24,236,-2154.14,0.8117,0.2669,-9.1277,2989.58,9285.38,-11439.52,3,0,False,"[-512.96, -706.96, -934.22]",0.4528,0.3333,0.25,607.79
X02046,momentum_reversion,short_only,range15_pct,range15_pct,0.75,2.0,48,40,-635.6,0.8117,0.275,-15.89,1354.4,2739.36,-3374.96,3,1,False,"[-687.36, 915.38, -863.62]",0.2963,0.2727,0.25,463.84
X00517,emapmo,short_only,fixed,fixed,15.0,120.0,12,180,-845.7,0.8115,0.1889,-4.6983,1532.16,3641.84,-4487.54,3,1,False,"[25.6, -426.4, -444.9]",0.3103,0.4167,0.25,255.63
X00859,icefishball,all,fixed,fixed,15.0,120.0,48,638,-3395.62,0.8103,0.1019,-5.3223,4239.58,14504.9,-17900.52,3,0,False,"[-410.62, -952.12, -2032.88]",0.375,0.2308,0.25,328.65
X00797,icefishball,all,range15_pct,range15_pct,1.25,1.5,12,448,-5220.02,0.8102,0.4442,-11.6518,6792.32,22278.74,-27498.76,3,0,False,"[-1722.5, -2001.26, -1496.26]",0.375,0.3846,0.0,872.57
X01730,momentum_reversion,long_only,atr,atr,1.0,4.0,24,64,-445.86,0.8083,0.2031,-6.9666,547.86,1879.88,-2325.74,3,0,False,"[-57.28, -235.54, -153.04]",0.2571,0.3333,0.0,182.43
X00480,emapmo,short_only,atr,atr,1.5,4.0,6,140,-989.1,0.8078,0.4357,-7.065,1596.24,4157.86,-5146.96,3,2,False,"[93.22, 5.72, -1088.04]",0.4,0.5,0.75,304.18
X01304,icefishball,short_only,range15_pct,range15_pct,0.75,1.5,24,299,-3244.76,0.8078,0.3177,-10.852,4033.22,13637.2,-16881.96,3,1,False,"[-1875.0, 602.0, -1971.76]",0.4286,0.4615,0.5,576.85
X00984,icefishball,long_only,fixed,fixed,80.0,60.0,12,187,-2225.88,0.8076,0.4973,-11.9031,3273.18,9341.18,-11567.06,3,0,False,"[-350.62, -1660.38, -214.88]",0.566,0.3333,0.5,565.6
X01706,momentum_reversion,long_only,range15_pct,range15_pct,1.0,1.5,12,57,-503.18,0.8073,0.386,-8.8277,891.86,2108.22,-2611.4,3,1,False,"[-451.06, -323.06, 270.94]",0.4,0.25,0.25,340.91
X01754,momentum_reversion,long_only,atr_blend,atr_blend,2.0,4.0,24,54,-621.96,0.8069,0.3148,-11.5178,946.38,2598.42,-3220.38,3,1,False,"[-459.32, -389.82, 227.18]",0.2857,0.4167,0.25,270.44
X01571,momentum_reversion,all,atr,atr,2.5,4.0,48,89,-1452.86,0.8064,0.3596,-16.3243,1995.58,6051.32,-7504.18,3,1,False,"[-992.7, 87.8, -547.96]",0.4468,0.25,0.25,616.24
X00925,icefishball,long_only,fixed,fixed,80.0,15.0,6,215,-1106.6,0.806,0.7581,-5.147,1800.14,4597.88,-5704.48,3,1,False,"[90.22, -1096.78, -100.04]",0.6038,0.4167,0.5,324.95
X00792,icefishball,all,range15_pct,range15_pct,0.75,2.0,12,519,-5468.56,0.8059,0.341,-10.5367,6808.98,22706.52,-28175.08,3,0,False,"[-2298.52, -740.02, -2430.02]",0.375,0.3077,0.25,838.15
X00795,icefishball,all,range15_pct,range15_pct,1.0,2.0,12,471,-5547.54,0.8059,0.397,-11.7782,7417.64,23029.12,-28576.66,3,0,False,"[-2549.68, -1365.68, -1632.18]",0.375,0.5385,0.25,914.3
X00845,icefishball,all,atr_blend,atr_blend,2.5,2.0,24,425,-5790.5,0.8055,0.4965,-13.6247,7048.12,23978.36,-29768.86,3,0,False,"[-2696.58, -604.58, -2489.34]",0.4286,0.3077,0.0,874.23
X00910,icefishball,all,range15_pct,range15_pct,1.25,1.0,48,403,-6083.22,0.8055,0.5112,-15.0948,8364.1,25198.56,-31281.78,3,0,False,"[-895.9, -1474.66, -3712.66]",0.4107,0.3077,0.25,1213.11
X01131,icefishball,long_only,atr_blend,atr_blend,2.5,4.0,48,174,-3508.26,0.805,0.3506,-20.1624,4678.7,14485.86,-17994.12,3,0,False,"[-1528.92, -1288.42, -690.92]",0.5094,0.3333,0.25,936.41
X00617,emapmo,short_only,atr_blend,atr_blend,2.5,2.0,24,86,-1076.14,0.8041,0.5116,-12.5133,2321.22,4416.44,-5492.58,3,2,False,"[238.04, 34.54, -1348.72]",0.5,0.5833,0.5,490.83
X01004,icefishball,long_only,atr_blend,atr_blend,1.0,2.0,12,236,-2117.14,0.8039,0.2839,-8.9709,2910.24,8677.42,-10794.56,3,0,False,"[-247.96, -1730.46, -138.72]",0.5094,0.4167,0.25,563.39
X01307,icefishball,short_only,range15_pct,range15_pct,1.0,1.5,24,263,-3365.62,0.8031,0.384,-12.797,4650.5,13723.76,-17089.38,3,1,False,"[-2227.62, 630.88, -1768.88]",0.4107,0.4615,0.5,632.13
X00719,icefishball,all,atr_blend,atr_blend,1.0,2.0,6,582,-4160.68,0.802,0.3677,-7.1489,5080.72,16858.14,-21018.82,3,0,False,"[-1069.06, -1553.56, -1538.06]",0.3929,0.3077,0.0,563.81
X01913,momentum_reversion,short_only,atr,atr,2.5,4.0,12,39,-435.86,0.802,0.4359,-11.1759,732.9,1765.42,-2201.28,3,2,False,"[-630.62, 194.38, 0.38]",0.4074,0.5455,0.5,204.88
X00597,emapmo,short_only,atr,atr,2.0,2.0,24,96,-1205.04,0.8019,0.5,-12.5525,2145.2,4876.48,-6081.52,3,1,False,"[273.32, -316.18, -1162.18]",0.5333,0.5833,0.75,463.58
X00483,emapmo,short_only,atr,atr,2.0,2.0,6,142,-1075.58,0.8016,0.4577,-7.5745,1752.6,4344.4,-5419.98,3,1,False,"[154.98, -201.78, -1028.78]",0.3871,0.5,0.75,435.96
X00690,icefishball,all,fixed,fixed,30.0,30.0,6,595,-3489.8,0.8015,0.4622,-5.8652,4548.8,14087.5,-17577.3,3,0,False,"[-1062.26, -1341.52, -1086.02]",0.4286,0.3077,0.25,419.0
X01361,icefishball,short_only,range15_pct,range15_pct,0.75,1.5,48,290,-3571.1,0.8015,0.3,-12.3141,4446.44,14422.12,-17993.22,3,1,False,"[-1352.28, 449.72, -2668.54]",0.4107,0.4615,0.5,647.44
X01247,icefishball,short_only,range15_pct,range15_pct,0.75,1.5,12,316,-2940.34,0.7997,0.3513,-9.3049,3970.08,11738.86,-14679.2,3,1,False,"[-1318.94, 521.3, -2142.7]",0.375,0.3846,0.5,500.86
X01102,icefishball,long_only,atr,atr,1.0,2.0,48,236,-2339.14,0.7997,0.2585,-9.9116,3174.58,9338.36,-11677.5,3,0,False,"[-512.96, -700.46, -1125.72]",0.434,0.3333,0.5,646.85
X01709,momentum_reversion,long_only,range15_pct,range15_pct,1.25,1.5,12,55,-519.7,0.7995,0.4,-9.4491,976.38,2071.72,-2591.42,3,1,False,"[-482.56, -493.82, 456.68]",0.4,0.25,0.25,333.02
X00119,emapmo,all,fixed,fixed,30.0,15.0,24,481,-2186.44,0.7994,0.6299,-4.5456,3528.44,8714.28,-10900.72,3,1,False,"[760.36, -2418.4, -528.4]",0.5,0.5,0.75,572.84
X00176,emapmo,all,fixed,fixed,30.0,15.0,48,481,-2186.44,0.7994,0.6299,-4.5456,3528.44,8714.28,-10900.72,3,1,False,"[760.36, -2418.4, -528.4]",0.5,0.5,0.75,572.84
X00723,icefishball,all,atr_blend,atr_blend,1.5,2.0,6,525,-4444.5,0.7994,0.4533,-8.4657,5649.52,17714.88,-22159.38,3,0,False,"[-445.0, -1563.5, -2436.0]",0.375,0.2308,0.25,616.94
X00843,icefishball,all,atr_blend,atr_blend,2.5,1.0,24,454,-4629.96,0.799,0.6498,-10.1981,5918.68,18399.2,-23029.16,3,0,False,"[-1326.98, -949.74, -2353.24]",0.4286,0.3846,0.25,714.3
X01478,momentum_reversion,all,range15_pct,range15_pct,1.0,1.5,12,98,-981.52,0.7986,0.398,-10.0155,1352.34,3892.64,-4874.16,3,1,False,"[-960.92, -391.42, 370.82]",0.4255,0.1667,0.25,474.76
X01041,icefishball,long_only,fixed,fixed,80.0,60.0,24,183,-2669.42,0.7967,0.5027,-14.587,4037.72,10462.92,-13132.34,3,0,False,"[-1011.64, -1388.14, -269.64]",0.5283,0.5,0.25,670.51
X00062,emapmo,all,fixed,fixed,30.0,15.0,12,481,-2212.94,0.7966,0.6279,-4.6007,3490.44,8664.52,-10877.46,3,1,False,"[695.86, -2380.4, -528.4]",0.475,0.5,0.75,571.11
X00657,emapmo,short_only,atr,atr,2.5,1.5,48,99,-1234.76,0.7966,0.6162,-12.4723,2117.84,4836.36,-6071.12,3,1,False,"[529.58, -452.92, -1311.42]",0.5,0.5,0.5,444.87
X00748,icefishball,all,fixed,fixed,30.0,60.0,12,577,-4543.98,0.7961,0.3362,-7.8752,5747.72,17742.44,-22286.42,3,0,False,"[-1403.82, -1339.08, -1801.08]",0.375,0.3077,0.25,540.27
X01005,icefishball,long_only,atr_blend,atr_blend,1.0,4.0,12,236,-2356.64,0.7958,0.2331,-9.9858,3467.74,9183.8,-11540.44,3,1,False,"[-1193.96, -1434.96, 272.28]",0.434,0.4167,0.25,544.87
X01091,icefishball,long_only,fixed,fixed,30.0,120.0,48,233,-2363.42,0.7958,0.1888,-10.1434,3702.48,9210.94,-11574.36,3,0,False,"[-720.22, -1348.22, -294.98]",0.4717,0.4167,0.25,519.29
X01303,icefishball,short_only,range15_pct,range15_pct,0.75,1.0,24,306,-3239.44,0.7957,0.3922,-10.5864,3997.0,12615.7,-15855.14,3,1,False,"[-1264.48, 962.02, -2936.98]",0.4107,0.3846,0.5,511.36
X00739,icefishball,all,range15_pct,range15_pct,1.25,1.0,6,476,-4370.24,0.7955,0.5126,-9.1812,5846.14,16998.94,-21369.18,3,0,False,"[-456.16, -1181.66, -2732.42]",0.4464,0.3077,0.75,749.74
X00824,icefishball,all,atr,atr,2.0,1.5,24,473,-5720.52,0.7952,0.5116,-12.0941,7134.62,22214.42,-27934.94,3,0,False,"[-1928.42, -1107.42, -2684.68]",0.3571,0.2308,0.0,839.88
X00905,icefishball,all,range15_pct,range15_pct,0.75,1.5,48,464,-6658.36,0.7952,0.3103,-14.3499,8348.46,25847.94,-32506.3,3,0,False,"[-2089.2, -210.2, -4358.96]",0.4286,0.3846,0.25,1271.63
X00852,icefishball,all,range15_pct,range15_pct,1.0,2.0,24,430,-6686.7,0.7945,0.3721,-15.5505,8503.2,25847.1,-32533.8,3,0,False,"[-4056.06, -515.82, -2114.82]",0.3929,0.3846,0.0,1368.37
X00601,emapmo,short_only,atr,atr,2.5,2.0,24,86,-1152.14,0.7926,0.5465,-13.397,2176.02,4404.22,-5556.36,3,1,False,"[317.04, -345.46, -1123.72]",0.5667,0.5833,0.5,491.82
X01649,momentum_reversion,long_only,range15_pct,range15_pct,1.0,1.5,6,58,-441.42,0.7923,0.4828,-7.6107,661.44,1684.28,-2125.7,3,1,False,"[-440.3, -154.06, 152.94]",0.4,0.3333,0.0,207.16
X01825,momentum_reversion,short_only,fixed,fixed,15.0,15.0,6,80,-279.2,0.7922,0.4625,-3.49,484.48,1064.12,-1343.32,3,1,False,"[176.52, -183.48, -272.24]",0.4444,0.2727,0.25,75.01
X01882,momentum_reversion,short_only,fixed,fixed,15.0,15.0,12,80,-279.2,0.7922,0.4625,-3.49,484.48,1064.12,-1343.32,3,1,False,"[176.52, -183.48, -272.24]",0.4444,0.2727,0.25,75.01
X01939,momentum_reversion,short_only,fixed,fixed,15.0,15.0,24,80,-279.2,0.7922,0.4625,-3.49,484.48,1064.12,-1343.32,3,1,False,"[176.52, -183.48, -272.24]",0.4444,0.2727,0.25,75.01
X01996,momentum_reversion,short_only,fixed,fixed,15.0,15.0,48,80,-279.2,0.7922,0.4625,-3.49,484.48,1064.12,-1343.32,3,1,False,"[176.52, -183.48, -272.24]",0.4444,0.2727,0.25,75.01
X00540,emapmo,short_only,atr,atr,2.0,2.0,12,109,-1232.16,0.7922,0.4587,-11.3042,1950.18,4697.5,-5929.66,3,1,False,"[44.12, -234.64, -1041.64]",0.4333,0.5,0.75,462.35
X01315,icefishball,short_only,fixed,fixed,15.0,120.0,48,397,-2326.28,0.792,0.0982,-5.8596,2472.82,8857.64,-11183.92,3,0,False,"[-701.42, -201.18, -1423.68]",0.3214,0.1538,0.0,250.51
X01049,icefishball,long_only,atr,atr,1.5,2.0,24,216,-2791.84,0.792,0.3657,-12.9252,3704.28,10632.04,-13423.88,3,0,False,"[-577.28, -1315.78, -898.78]",0.5283,0.3333,0.25,742.73
X01583,momentum_reversion,all,atr_blend,atr_blend,2.0,4.0,48,90,-1528.1,0.792,0.3111,-16.9789,1601.12,5819.28,-7347.38,3,1,False,"[-1034.2, 219.3, -713.2]",0.4043,0.25,0.25,480.85
X00553,emapmo,short_only,atr_blend,atr_blend,1.5,4.0,12,95,-976.3,0.7916,0.4105,-10.2768,1694.46,3708.14,-4684.44,3,1,False,"[107.32, -375.18, -708.44]",0.3793,0.5,0.75,398.84
X01070,icefishball,long_only,atr_blend,atr_blend,2.0,4.0,24,194,-3266.06,0.7912,0.3454,-16.8354,4370.5,12372.92,-15638.98,3,0,False,"[-1072.1, -1747.6, -446.36]",0.4151,0.25,0.0,707.29
X00793,icefishball,all,range15_pct,range15_pct,1.0,1.0,12,476,-5725.24,0.791,0.4517,-12.0278,7649.82,21662.9,-27388.14,3,0,False,"[-1452.16, -2253.16, -2019.92]",0.3036,0.4615,0.0,909.84
X00825,icefishball,all,atr,atr,2.0,2.0,24,464,-6384.36,0.791,0.444,-13.7594,7555.2,24161.06,-30545.42,3,0,False,"[-2273.7, -857.2, -3253.46]",0.3571,0.1538,0.25,928.68
X01046,icefishball,long_only,atr,atr,1.0,4.0,24,236,-2623.64,0.7909,0.2034,-11.1171,3612.58,9920.98,-12544.62,3,0,False,"[-1350.46, -981.96, -291.22]",0.4151,0.3333,0.25,571.43
X00709,icefishball,all,atr,atr,2.0,1.0,6,504,-4187.46,0.7908,0.5734,-8.3085,5091.88,15824.64,-20012.1,3,0,False,"[-638.32, -1475.82, -2073.32]",0.375,0.3077,0.25,549.35
X00691,icefishball,all,fixed,fixed,30.0,60.0,6,582,-4162.68,0.7906,0.3797,-7.1524,5472.44,15715.96,-19878.64,3,0,False,"[-988.56, -1105.56, -2068.56]",0.3393,0.3846,0.25,515.3
X00733,icefishball,all,range15_pct,range15_pct,0.75,1.0,6,536,-4783.14,0.7901,0.4534,-8.9238,6287.4,18004.18,-22787.32,3,0,False,"[-615.96, -588.46, -3578.72]",0.4464,0.3846,0.5,763.63
X01932,momentum_reversion,short_only,range15_pct,range15_pct,0.75,2.0,12,42,-448.58,0.79,0.381,-10.6805,745.62,1687.66,-2136.24,3,1,False,"[-584.36, 215.64, -79.86]",0.4074,0.5455,0.25,167.69
X01714,momentum_reversion,long_only,fixed,fixed,15.0,120.0,24,78,-441.72,0.789,0.141,-5.6631,848.58,1651.36,-2093.08,3,1,False,"[-457.24, -323.24, 338.76]",0.2286,0.25,0.25,254.96
X00736,icefishball,all,range15_pct,range15_pct,1.0,1.0,6,495,-4725.3,0.7888,0.499,-9.5461,6114.04,17653.22,-22378.52,3,0,False,"[-725.6, -748.6, -3251.1]",0.3929,0.3077,0.5,805.81
X01782,momentum_reversion,long_only,fixed,fixed,80.0,60.0,48,51,-755.74,0.7887,0.5098,-14.8184,912.5,2820.26,-3576.0,3,1,False,"[-462.58, -352.08, 58.92]",0.4571,0.4167,0.25,337.94
X01934,momentum_reversion,short_only,range15_pct,range15_pct,1.0,1.5,12,41,-478.34,0.7886,0.4146,-11.6668,775.38,1784.42,-2262.76,3,1,False,"[-617.86, 199.64, -60.12]",0.4444,0.4545,0.5,221.11
X00928,icefishball,long_only,fixed,fixed,80.0,120.0,6,193,-2367.82,0.7886,0.4819,-12.2685,3215.28,8834.18,-11202.0,3,0,False,"[-1092.1, -920.36, -355.36]",0.5094,0.3333,0.0,581.89
X02019,momentum_reversion,short_only,atr,atr,1.5,4.0,48,41,-668.34,0.7884,0.2683,-16.301,917.66,2489.86,-3158.2,3,1,False,"[-598.86, 615.14, -684.62]",0.2963,0.3636,0.25,309.64
X01039,icefishball,long_only,fixed,fixed,80.0,15.0,24,210,-1305.4,0.7883,0.8048,-6.2162,1827.18,4860.44,-6165.84,3,0,False,"[-228.3, -810.3, -266.8]",0.5849,0.4167,0.25,355.5
X01133,icefishball,long_only,range15_pct,range15_pct,0.75,1.5,48,200,-3347.5,0.7879,0.31,-16.7375,5097.6,12437.62,-15785.12,3,0,False,"[-849.08, -2348.08, -150.34]",0.6038,0.3333,0.25,924.87
X00732,icefishball,all,atr_blend,atr_blend,2.5,4.0,6,474,-4843.76,0.7876,0.4937,-10.2189,6613.74,17959.34,-22803.1,3,0,False,"[-670.42, -1732.92, -2440.42]",0.3571,0.3846,0.25,613.56
X01644,momentum_reversion,long_only,atr_blend,atr_blend,2.5,4.0,6,56,-422.94,0.7874,0.5179,-7.5525,583.62,1566.04,-1988.98,3,1,False,"[-354.56, -229.06, 160.68]",0.4571,0.3333,0.0,188.83
X00658,emapmo,short_only,atr,atr,2.5,2.0,48,82,-1287.68,0.7872,0.5244,-15.7034,2159.2,4763.18,-6050.86,3,1,False,"[48.28, -263.48, -1072.48]",0.4483,0.5,0.5,421.35
X01595,momentum_reversion,all,range15_pct,range15_pct,1.25,1.5,48,90,-1699.6,0.7871,0.4111,-18.8844,2280.34,6281.62,-7981.22,3,1,False,"[-1556.7, 1186.8, -1329.7]",0.4255,0.4167,0.25,606.78
X00790,icefishball,all,range15_pct,range15_pct,0.75,1.0,12,524,-5791.76,0.7869,0.395,-11.053,7091.22,21392.32,-27184.08,3,0,False,"[-1229.0, -1318.0, -3244.76]",0.3929,0.3846,0.0,797.85
X01652,momentum_reversion,long_only,range15_pct,range15_pct,1.25,1.5,6,56,-450.44,0.7868,0.5,-8.0436,790.2,1662.28,-2112.72,3,1,False,"[-567.56, -144.06, 261.18]",0.4286,0.3333,0.25,200.16
X00716,icefishball,all,atr,atr,2.5,4.0,6,474,-4872.76,0.7865,0.4937,-10.2801,6800.5,17945.84,-22818.6,3,0,False,"[-1041.92, -1681.42, -2149.42]",0.3571,0.3846,0.25,666.13
X00457,emapmo,short_only,fixed,fixed,15.0,15.0,6,432,-1547.68,0.7864,0.4606,-3.5826,1842.82,5697.24,-7244.92,3,0,False,"[-84.56, -1104.56, -358.56]",0.3871,0.3333,0.25,278.99
X00900,icefishball,all,atr_blend,atr_blend,2.5,1.0,48,449,-5125.76,0.7854,0.6526,-11.4159,6122.4,18755.18,-23880.94,3,0,False,"[-1539.5, -985.0, -2601.26]",0.4107,0.3077,0.25,714.22
X01038,icefishball,long_only,fixed,fixed,60.0,120.0,24,188,-3070.62,0.7854,0.3404,-16.3331,3790.74,11238.64,-14309.26,3,0,False,"[-1242.12, -898.62, -929.88]",0.4528,0.25,0.0,616.68
X00681,emapmo,short_only,range15_pct,range15_pct,1.0,2.0,48,86,-1178.14,0.785,0.314,-13.6993,1954.28,4302.52,-5480.66,3,0,False,"[-122.96, -497.96, -557.22]",0.3214,0.4167,0.25,355.58
X01096,icefishball,long_only,fixed,fixed,80.0,15.0,48,210,-1343.9,0.7844,0.8095,-6.3995,1927.68,4889.2,-6233.1,3,0,False,"[-240.3, -836.8, -266.8]",0.5849,0.4167,0.25,361.77
X01486,momentum_reversion,all,fixed,fixed,15.0,120.0,24,146,-858.54,0.7836,0.1301,-5.8804,1116.12,3108.94,-3967.48,3,1,False,"[-534.76, 24.74, -348.52]",0.3404,0.3333,0.25,334.29
X00896,icefishball,all,atr_blend,atr_blend,2.0,1.0,48,485,-5189.4,0.7832,0.6041,-10.6998,6151.64,18752.18,-23941.58,3,0,False,"[-1109.88, -1113.88, -2965.64]",0.3571,0.3846,0.5,826.8
X00886,icefishball,all,atr,atr,2.5,2.0,48,412,-7012.38,0.7824,0.4879,-17.0203,8298.72,25210.76,-32223.14,3,0,False,"[-2519.12, -368.88, -4124.38]",0.4107,0.3077,0.0,974.63
X00882,icefishball,all,atr,atr,2.0,2.0,48,455,-6959.2,0.7822,0.433,-15.2949,8132.28,24996.72,-31955.92,3,0,False,"[-2337.48, -749.98, -3871.74]",0.4464,0.1538,0.25,1061.6
X00514,emapmo,short_only,fixed,fixed,15.0,15.0,12,431,-1581.44,0.782,0.4594,-3.6692,1870.32,5673.48,-7254.92,3,0,False,"[-139.56, -1054.56, -387.32]",0.3871,0.3333,0.25,278.93
X01122,icefishball,long_only,atr_blend,atr_blend,1.5,2.0,48,212,-2857.38,0.7819,0.3585,-13.4782,4243.82,10243.26,-13100.64,3,0,False,"[-202.04, -1169.54, -1485.8]",0.5472,0.3333,0.25,780.0
X01134,icefishball,long_only,range15_pct,range15_pct,0.75,2.0,48,197,-3562.78,0.7818,0.269,-18.0852,5009.46,12768.78,-16331.56,3,1,False,"[-751.84, -2909.34, 98.4]",0.5283,0.3333,0.25,1081.67
X01624,momentum_reversion,long_only,atr,atr,2.0,4.0,6,59,-424.66,0.7816,0.4746,-7.1976,697.6,1519.78,-1944.44,3,1,False,"[-395.3, -302.3, 272.94]",0.4286,0.4167,0.25,195.57
X00826,icefishball,all,atr,atr,2.0,4.0,24,439,-7237.86,0.7813,0.3554,-16.4872,8351.72,25854.56,-33092.42,3,0,False,"[-3062.28, -741.54, -3434.04]",0.375,0.2308,0.0,1025.14
X01137,icefishball,long_only,range15_pct,range15_pct,1.0,2.0,48,172,-3828.78,0.7807,0.343,-22.2603,5575.02,13630.34,-17459.12,3,0,False,"[-471.92, -3268.18, -88.68]",0.5283,0.3333,0.25,1166.49
X00849,icefishball,all,range15_pct,range15_pct,0.75,2.0,24,485,-6918.9,0.7806,0.299,-14.2658,7917.0,24622.2,-31541.1,3,1,False,"[-3704.88, 962.12, -4176.14]",0.4107,0.2308,0.25,1292.09
X00728,icefishball,all,atr_blend,atr_blend,2.0,4.0,6,492,-5086.08,0.7799,0.4715,-10.3376,6531.58,18019.82,-23105.9,3,0,False,"[-872.36, -1296.36, -2917.36]",0.3571,0.3077,0.25,698.05
X00880,icefishball,all,atr,atr,2.0,1.0,48,486,-5370.64,0.7792,0.607,-11.0507,6269.0,18948.2,-24318.84,3,0,False,"[-1457.38, -1056.38, -2856.88]",0.3571,0.3846,0.0,772.62
X01563,momentum_reversion,all,atr,atr,1.5,4.0,48,101,-1412.74,0.7792,0.2475,-13.9875,1808.02,4985.5,-6398.24,3,1,False,"[-673.16, 352.84, -1092.42]",0.3191,0.3333,0.25,397.62
X00855,icefishball,all,range15_pct,range15_pct,1.25,2.0,24,403,-7221.22,0.7786,0.4119,-17.9187,9065.42,25391.66,-32612.88,3,1,False,"[-4039.4, 206.34, -3388.16]",0.4107,0.3846,0.0,1365.49
X00749,icefishball,all,fixed,fixed,30.0,120.0,12,572,-5220.28,0.7783,0.2937,-9.1264,5988.64,18325.18,-23545.46,3,0,False,"[-1800.34, -1751.84, -1668.1]",0.3571,0.3077,0.0,557.76
X01106,icefishball,long_only,atr,atr,1.5,2.0,48,213,-3048.12,0.7781,0.3521,-14.3104,4116.32,10687.0,-13735.12,3,0,False,"[-471.54, -1298.04, -1278.54]",0.5094,0.3333,0.25,810.76
X00791,icefishball,all,range15_pct,range15_pct,0.75,1.5,12,524,-6292.76,0.778,0.3511,-12.0091,7371.44,22056.84,-28349.6,3,0,False,"[-2127.5, -1227.5, -2937.76]",0.375,0.3846,0.0,841.94
X01942,momentum_reversion,short_only,fixed,fixed,15.0,120.0,24,68,-416.82,0.7776,0.1176,-6.1297,790.88,1457.58,-1874.4,3,1,False,"[353.98, -353.52, -417.28]",0.2963,0.3636,0.25,204.46
X01360,icefishball,short_only,range15_pct,range15_pct,0.75,1.0,48,301,-3728.24,0.7776,0.3821,-12.3862,4440.64,13034.4,-16762.64,3,1,False,"[-1191.74, 849.5, -3386.0]",0.375,0.3077,0.5,652.59
X00794,icefishball,all,range15_pct,range15_pct,1.0,1.5,12,475,-6418.5,0.7771,0.4063,-13.5126,8258.86,22380.18,-28798.68,3,0,False,"[-2465.66, -2067.92, -1884.92]",0.375,0.3846,0.25,906.32
X01136,icefishball,long_only,range15_pct,range15_pct,1.0,1.5,48,176,-3789.24,0.7769,0.3864,-21.5298,5512.8,13192.18,-16981.42,3,0,False,"[-623.16, -2852.66, -313.42]",0.4906,0.4167,0.25,1037.02
X00726,icefishball,all,atr_blend,atr_blend,2.0,1.5,6,495,-4915.8,0.7765,0.5091,-9.9309,6178.56,17074.02,-21989.82,3,0,False,"[-958.6, -1456.1, -2501.1]",0.3929,0.3077,0.25,679.35
X00647,emapmo,short_only,atr,atr,1.0,4.0,48,104,-1171.46,0.7765,0.2019,-11.264,1949.58,4069.46,-5240.92,3,0,False,"[-148.9, -141.9, -880.66]",0.3448,0.5,0.25,273.82
X00712,icefishball,all,atr,atr,2.0,4.0,6,494,-5163.06,0.7764,0.4757,-10.4515,6757.56,17928.1,-23091.16,3,0,False,"[-880.1, -1687.1, -2595.86]",0.3214,0.3846,0.25,670.56
X00839,icefishball,all,atr_blend,atr_blend,2.0,1.0,24,487,-5227.38,0.7763,0.5955,-10.7338,6388.12,18143.4,-23370.78,3,0,False,"[-1014.62, -1309.38, -2903.38]",0.3571,0.3846,0.25,797.65
X00479,emapmo,short_only,atr,atr,1.5,2.0,6,148,-1259.02,0.7751,0.4459,-8.5069,1897.44,4339.66,-5598.68,3,1,False,"[91.0, -244.76, -1105.26]",0.3871,0.5,0.75,368.48
X00738,icefishball,all,range15_pct,range15_pct,1.0,2.0,6,494,-5198.06,0.7751,0.4757,-10.5224,6803.8,17919.6,-23117.66,3,0,False,"[-1217.1, -868.6, -3112.36]",0.3929,0.3077,0.25,742.42
X00571,emapmo,short_only,fixed,fixed,15.0,15.0,24,431,-1644.44,0.775,0.4571,-3.8154,1912.2,5665.72,-7310.16,3,0,False,"[-178.56, -1078.56, -387.32]",0.3548,0.3333,0.25,281.07
X00628,emapmo,short_only,fixed,fixed,15.0,15.0,48,431,-1644.44,0.775,0.4571,-3.8154,1912.2,5665.72,-7310.16,3,0,False,"[-178.56, -1078.56, -387.32]",0.3548,0.3333,0.25,281.07
X01596,momentum_reversion,all,range15_pct,range15_pct,1.25,2.0,48,89,-1881.86,0.7744,0.3483,-21.1445,2231.34,6458.06,-8339.92,3,1,False,"[-1328.7, 686.8, -1239.96]",0.4255,0.4167,0.25,604.64
X00854,icefishball,all,range15_pct,range15_pct,1.25,1.5,24,416,-7462.34,0.774,0.4351,-17.9383,9441.62,25564.06,-33026.4,3,0,False,"[-3147.36, -1259.86, -3055.12]",0.3929,0.4615,0.0,1211.59
X00692,icefishball,all,fixed,fixed,30.0,120.0,6,582,-4692.68,0.7731,0.354,-8.063,5482.3,15985.06,-20677.74,3,0,False,"[-835.06, -1611.06, -2246.56]",0.3036,0.4615,0.25,541.97
X00711,icefishball,all,atr,atr,2.0,2.0,6,494,-5141.56,0.7731,0.4899,-10.408,6495.78,17516.42,-22657.98,3,0,False,"[-616.1, -1580.6, -2944.86]",0.375,0.3077,0.25,669.27
X00823,icefishball,all,atr,atr,2.0,1.0,24,489,-5410.36,0.773,0.6074,-11.0641,6508.98,18422.72,-23833.08,3,0,False,"[-1260.12, -1255.62, -2894.62]",0.3929,0.3846,0.0,757.75
X01258,icefishball,short_only,fixed,fixed,15.0,120.0,24,399,-2474.26,0.7729,0.1228,-6.2012,2753.98,8419.74,-10894.0,3,0,False,"[-764.42, -192.92, -1516.92]",0.3571,0.0769,0.0,189.95
X01002,icefishball,long_only,atr_blend,atr_blend,1.0,1.0,12,237,-2032.38,0.7727,0.4093,-8.5754,2779.74,6907.22,-8939.6,3,1,False,"[25.04, -1313.96, -743.46]",0.4528,0.25,0.0,459.91
X01059,icefishball,long_only,atr_blend,atr_blend,1.0,1.0,24,237,-2032.38,0.7727,0.4093,-8.5754,2779.74,6907.22,-8939.6,3,1,False,"[25.04, -1313.96, -743.46]",0.4528,0.25,0.0,459.91
X01116,icefishball,long_only,atr_blend,atr_blend,1.0,1.0,48,237,-2032.38,0.7727,0.4093,-8.5754,2779.74,6907.22,-8939.6,3,1,False,"[25.04, -1313.96, -743.46]",0.4528,0.25,0.0,459.91
X00533,emapmo,short_only,atr,atr,1.0,4.0,12,117,-1099.58,0.7714,0.3077,-9.3981,1834.98,3710.86,-4810.44,3,1,False,"[71.14, -430.86, -739.86]",0.3448,0.5,0.75,368.75
X00735,icefishball,all,range15_pct,range15_pct,0.75,2.0,6,536,-5379.14,0.771,0.4272,-10.0357,7191.4,18113.54,-23492.68,3,0,False,"[-939.46, -1134.46, -3305.22]",0.4107,0.3077,0.25,767.09
X00609,emapmo,short_only,atr_blend,atr_blend,1.5,2.0,24,99,-1279.76,0.7707,0.4242,-12.9269,2067.26,4302.42,-5582.18,3,1,False,"[186.08, -523.42, -942.42]",0.4667,0.5833,0.5,359.2
X01141,icefishball,short_only,fixed,fixed,15.0,15.0,6,421,-1621.04,0.7704,0.4632,-3.8505,1852.34,5439.2,-7060.24,3,0,False,"[-678.84, -168.6, -773.6]",0.375,0.2308,0.0,160.09
X00710,icefishball,all,atr,atr,2.0,1.5,6,496,-5021.54,0.7702,0.5141,-10.1241,6225.54,16832.3,-21853.84,3,0,False,"[-452.84, -1816.1, -2752.6]",0.4107,0.3077,0.5,648.45
X00902,icefishball,all,atr_blend,atr_blend,2.5,2.0,48,413,-7381.12,0.7691,0.4915,-17.872,8648.74,24587.78,-31968.9,3,0,False,"[-2800.12, -628.62, -3952.38]",0.3929,0.2308,0.25,949.71
X00907,icefishball,all,range15_pct,range15_pct,1.0,1.0,48,436,-7338.64,0.7682,0.4472,-16.8317,8903.88,24326.2,-31664.84,3,0,False,"[-620.04, -1779.8, -4938.8]",0.3929,0.3077,0.25,1436.14
X01726,momentum_reversion,long_only,fixed,fixed,80.0,120.0,24,50,-895.0,0.768,0.4,-17.9,1725.18,2963.2,-3858.2,3,1,False,"[-578.08, -1145.08, 828.16]",0.4,0.3333,0.25,436.47
X00741,icefishball,all,range15_pct,range15_pct,1.25,2.0,6,474,-5155.76,0.7679,0.4873,-10.8771,6717.22,17058.06,-22213.82,3,0,False,"[-728.42, -1634.42, -2792.92]",0.4107,0.3077,0.25,673.74
X00713,icefishball,all,atr,atr,2.5,1.0,6,483,-4664.42,0.7677,0.5839,-9.6572,5660.72,15412.32,-20076.74,3,0,False,"[-970.14, -1269.14, -2425.14]",0.3929,0.3077,0.25,553.48
X00851,icefishball,all,range15_pct,range15_pct,1.0,1.5,24,442,-7688.08,0.767,0.3914,-17.3938,9538.66,25305.98,-32994.06,3,0,False,"[-3301.02, -1588.28, -2798.78]",0.3929,0.3846,0.0,1238.59
X01429,momentum_reversion,all,fixed,fixed,15.0,120.0,12,148,-880.02,0.7665,0.1689,-5.9461,914.64,2888.5,-3768.52,3,1,False,"[-674.0, 59.24, -265.26]",0.3191,0.25,0.0,267.8
X01094,icefishball,long_only,fixed,fixed,60.0,60.0,48,192,-2991.08,0.7665,0.4375,-15.5785,3897.4,9820.84,-12811.92,3,0,False,"[-696.36, -1080.36, -1214.36]",0.4151,0.3333,0.0,628.48
X02038,momentum_reversion,short_only,atr_blend,atr_blend,2.0,2.0,48,39,-761.86,0.7664,0.4872,-19.5349,1002.4,2499.94,-3261.8,3,1,False,"[-715.62, 666.38, -712.62]",0.4815,0.3636,0.25,232.25
X00590,emapmo,short_only,atr,atr,1.0,4.0,24,105,-1144.2,0.7662,0.2571,-10.8971,2005.82,3750.52,-4894.72,3,0,False,"[-212.4, -359.4, -572.4]",0.3103,0.4167,0.25,337.6
X00715,icefishball,all,atr,atr,2.5,2.0,6,474,-5306.76,0.7659,0.5042,-11.1957,6914.72,17357.64,-22664.4,3,0,False,"[-769.92, -1577.42, -2959.42]",0.4107,0.3846,0.25,686.59
X00992,icefishball,long_only,atr,atr,1.5,2.0,12,217,-3024.58,0.7658,0.3733,-13.9382,3802.52,9890.06,-12914.64,3,0,False,"[-616.52, -1592.28, -815.78]",0.4717,0.3333,0.25,627.13
X00884,icefishball,all,atr,atr,2.5,1.0,48,450,-5812.5,0.765,0.6556,-12.9167,6862.38,18922.2,-24734.7,3,0,False,"[-1945.0, -992.5, -2875.0]",0.3929,0.3846,0.0,735.71
X00980,icefishball,long_only,fixed,fixed,60.0,60.0,12,197,-2729.78,0.765,0.4467,-13.8568,3615.6,8886.88,-11616.66,3,0,False,"[-448.84, -1465.84, -815.1]",0.5094,0.3333,0.0,584.17
X01628,momentum_reversion,long_only,atr,atr,2.5,4.0,6,57,-481.68,0.7648,0.5088,-8.4505,688.36,1566.04,-2047.72,3,1,False,"[-333.56, -319.56, 171.44]",0.4286,0.3333,0.0,197.13
X00927,icefishball,long_only,fixed,fixed,80.0,60.0,6,194,-2448.56,0.7644,0.5155,-12.6214,3646.04,7946.5,-10395.06,3,0,False,"[-812.1, -1022.6, -613.86]",0.4906,0.4167,0.5,555.99
X00241,emapmo,long_only,fixed,fixed,80.0,15.0,6,120,-851.8,0.7627,0.8,-7.0983,1553.16,2738.46,-3590.26,3,1,False,"[-749.6, -302.6, 200.4]",0.6,0.5714,0.6667,391.92
X00983,icefishball,long_only,fixed,fixed,80.0,30.0,12,195,-2169.3,0.7626,0.6308,-11.1246,3088.52,6966.98,-9136.28,3,0,False,"[-764.6, -1039.6, -365.1]",0.4717,0.5,0.25,531.2
X00561,emapmo,short_only,atr_blend,atr_blend,2.5,4.0,12,86,-1132.14,0.7625,0.4419,-13.1644,2194.0,3634.38,-4766.52,3,1,False,"[136.04, -469.46, -798.72]",0.4828,0.5833,0.5,492.58
X00848,icefishball,all,range15_pct,range15_pct,0.75,1.5,24,498,-7577.52,0.7616,0.3213,-15.2159,8658.42,24206.6,-31784.12,3,0,False,"[-3170.84, -424.84, -3981.84]",0.3929,0.3846,0.0,1069.13
X01020,icefishball,long_only,range15_pct,range15_pct,0.75,2.0,12,208,-3302.42,0.7613,0.3365,-15.877,4330.4,10532.2,-13834.62,3,1,False,"[-1471.3, -2259.56, 428.44]",0.4528,0.25,0.0,618.04
X01518,momentum_reversion,all,atr_blend,atr_blend,1.0,4.0,24,109,-1223.16,0.7609,0.2202,-11.2217,1275.02,3891.74,-5114.9,3,0,False,"[-656.38, -403.64, -163.14]",0.3191,0.25,0.0,427.51
X00557,emapmo,short_only,atr_blend,atr_blend,2.0,4.0,12,88,-1155.12,0.7609,0.4318,-13.1264,2158.98,3676.88,-4832.0,3,1,False,"[107.3, -541.96, -720.46]",0.4483,0.5,0.75,518.16
X01791,momentum_reversion,long_only,atr,atr,1.5,4.0,48,61,-785.64,0.7606,0.2295,-12.8793,890.36,2495.64,-3281.28,3,0,False,"[-93.04, -284.8, -407.8]",0.2857,0.3333,0.25,218.29
X01198,icefishball,short_only,fixed,fixed,15.0,15.0,12,421,-1720.54,0.7601,0.4513,-4.0868,1970.84,5451.9,-7172.44,3,0,False,"[-713.34, -233.6, -773.6]",0.375,0.2308,0.0,166.65
X00621,emapmo,short_only,range15_pct,range15_pct,0.75,2.0,24,97,-1099.28,0.7599,0.3196,-11.3328,1600.24,3479.56,-4578.84,3,0,False,"[-285.42, -294.68, -519.18]",0.2759,0.4167,0.5,368.08
X02031,momentum_reversion,short_only,atr_blend,atr_blend,1.0,4.0,48,45,-687.8,0.7599,0.2,-15.2844,1045.14,2176.84,-2864.64,3,1,False,"[-401.1, 182.9, -469.6]",0.2963,0.2727,0.25,360.52
X00730,icefishball,all,atr_blend,atr_blend,2.5,1.5,6,477,-5287.98,0.7596,0.5262,-11.0859,6775.72,16710.26,-21998.24,3,0,False,"[-914.66, -1668.16, -2705.16]",0.3929,0.3077,0.25,675.22
X00988,icefishball,long_only,atr,atr,1.0,2.0,12,236,-2717.14,0.7593,0.2712,-11.5133,3473.08,8572.64,-11289.78,3,0,False,"[-809.46, -839.46, -1068.22]",0.4528,0.1667,0.25,521.05
X01065,icefishball,long_only,atr_blend,atr_blend,1.5,2.0,24,213,-3148.12,0.7593,0.3615,-14.7799,4364.06,9930.02,-13078.14,3,0,False,"[-202.04, -1117.54, -1828.54]",0.5283,0.3333,0.25,756.24
X01457,momentum_reversion,all,atr,atr,2.5,4.0,12,95,-1211.3,0.7588,0.4105,-12.7505,1608.36,3811.64,-5022.94,3,1,False,"[-664.18, -944.18, 397.06]",0.4043,0.0833,0.25,460.55
X02045,momentum_reversion,short_only,range15_pct,range15_pct,0.75,1.5,48,41,-801.84,0.758,0.3415,-19.5571,1354.4,2511.14,-3312.98,3,1,False,"[-617.36, 884.14, -1068.62]",0.3333,0.2727,0.25,407.79
X01064,icefishball,long_only,atr_blend,atr_blend,1.5,1.5,24,215,-2958.1,0.7579,0.4186,-13.7586,3884.94,9259.9,-12218.0,3,0,False,"[-50.28, -1043.28, -1864.54]",0.5094,0.1667,0.5,702.28
X01121,icefishball,long_only,atr_blend,atr_blend,1.5,1.5,48,215,-2958.1,0.7579,0.4186,-13.7586,3884.94,9259.9,-12218.0,3,0,False,"[-50.28, -1043.28, -1864.54]",0.5094,0.1667,0.5,702.28
X01587,momentum_reversion,all,atr_blend,atr_blend,2.5,4.0,48,87,-2011.38,0.7578,0.3563,-23.1193,2045.9,6291.56,-8302.94,3,1,False,"[-1231.96, 40.04, -819.46]",0.4255,0.25,0.25,589.35
X00827,icefishball,all,atr,atr,2.5,1.0,24,454,-5879.96,0.7573,0.652,-12.9515,7149.6,18343.96,-24223.92,3,0,False,"[-1666.48, -1169.24, -3044.24]",0.4286,0.3077,0.0,701.81
X00487,emapmo,short_only,atr,atr,2.5,2.0,6,140,-1372.6,0.7568,0.4571,-9.8043,1996.02,4271.14,-5643.74,3,1,False,"[187.72, -410.28, -1150.04]",0.4194,0.5833,0.75,483.27
X00729,icefishball,all,atr_blend,atr_blend,2.5,1.0,6,484,-4958.16,0.7564,0.5744,-10.2441,6088.7,15392.28,-20350.44,3,0,False,"[-704.88, -1651.64, -2601.64]",0.3929,0.3077,0.25,553.5
X00631,emapmo,short_only,fixed,fixed,15.0,120.0,48,172,-1182.78,0.7557,0.0988,-6.8766,2102.1,3659.42,-4842.2,3,1,False,"[78.08, -700.68, -560.18]",0.2759,0.3333,0.5,264.86
X01105,icefishball,long_only,atr,atr,1.5,1.5,48,216,-3070.34,0.7557,0.4167,-14.2145,3878.28,9495.9,-12566.24,3,0,False,"[-493.78, -1327.28, -1249.28]",0.4717,0.25,0.5,739.3
X01048,icefishball,long_only,atr,atr,1.5,1.5,24,217,-3052.08,0.7553,0.4194,-14.0649,3860.02,9419.66,-12471.74,3,0,False,"[-377.52, -1636.28, -1038.28]",0.4717,0.25,0.5,721.02
X00853,icefishball,all,range15_pct,range15_pct,1.25,1.0,24,429,-7646.46,0.7553,0.4965,-17.8239,9020.24,23604.88,-31251.34,3,0,False,"[-1716.82, -2550.32, -3379.32]",0.375,0.3077,0.0,1034.1
X01019,icefishball,long_only,range15_pct,range15_pct,0.75,1.5,12,208,-3352.42,0.7548,0.351,-16.1174,4395.4,10317.98,-13670.4,3,1,False,"[-1137.8, -2525.06, 310.44]",0.4906,0.3333,0.0,632.1
X00904,icefishball,all,range15_pct,range15_pct,0.75,1.0,48,497,-7671.78,0.7547,0.3742,-15.4362,8661.18,23598.86,-31270.64,3,0,False,"[-1357.34, -1189.34, -5125.1]",0.375,0.3077,0.25,1078.04
X01925,momentum_reversion,short_only,atr_blend,atr_blend,2.0,4.0,12,40,-528.1,0.7546,0.4,-13.2025,825.14,1623.66,-2151.76,3,2,False,"[-662.36, 67.88, 66.38]",0.4074,0.4545,0.25,220.14
X01661,momentum_reversion,long_only,fixed,fixed,30.0,120.0,12,64,-567.36,0.7544,0.3125,-8.865,1082.56,1743.2,-2310.56,3,1,False,"[-286.78, -734.54, 453.96]",0.3143,0.25,0.25,251.93
X01007,icefishball,long_only,atr_blend,atr_blend,1.5,1.5,12,215,-2935.6,0.7531,0.4279,-13.654,3713.44,8956.42,-11892.02,3,0,False,"[-168.28, -1062.28, -1705.04]",0.4906,0.1667,0.5,668.76
X00921,icefishball,long_only,fixed,fixed,60.0,15.0,6,222,-1491.78,0.7527,0.7252,-6.7197,1885.9,4540.36,-6032.14,3,1,False,"[17.74, -1274.76, -234.76]",0.5283,0.5,0.25,294.93
X00931,icefishball,long_only,atr,atr,1.0,2.0,6,236,-2553.64,0.7525,0.3178,-10.8205,3380.8,7763.5,-10317.14,3,0,False,"[-283.46, -1016.96, -1253.22]",0.4528,0.1667,0.25,528.84
X01132,icefishball,long_only,range15_pct,range15_pct,0.75,1.0,48,204,-3686.96,0.7516,0.3676,-18.0733,4831.26,11156.5,-14843.46,3,0,False,"[-1280.32, -2092.32, -314.32]",0.5094,0.3333,0.25,771.06
X01255,icefishball,short_only,fixed,fixed,15.0,15.0,24,421,-1812.04,0.75,0.4489,-4.3041,2051.04,5435.64,-7247.68,3,0,False,"[-804.84, -233.6, -773.6]",0.375,0.1538,0.0,166.2
X01312,icefishball,short_only,fixed,fixed,15.0,15.0,48,421,-1812.04,0.75,0.4489,-4.3041,2051.04,5435.64,-7247.68,3,0,False,"[-804.84, -233.6, -773.6]",0.375,0.1538,0.0,166.2
X00978,icefishball,long_only,fixed,fixed,60.0,15.0,12,218,-1548.32,0.7499,0.7477,-7.1024,1895.02,4641.88,-6190.2,3,1,False,"[13.98, -1282.02, -280.28]",0.4906,0.4167,0.25,314.07
X01069,icefishball,long_only,atr_blend,atr_blend,2.0,2.0,24,197,-3550.28,0.7492,0.4315,-18.0217,4270.22,10604.1,-14154.38,3,0,False,"[-873.34, -1720.84, -956.1]",0.5094,0.25,0.25,704.15
X01717,momentum_reversion,long_only,fixed,fixed,30.0,60.0,24,64,-686.36,0.7486,0.2969,-10.7244,947.92,2043.44,-2729.8,3,1,False,"[-611.78, -228.54, 153.96]",0.2571,0.3333,0.0,204.09
X00714,icefishball,all,atr,atr,2.5,1.5,6,476,-5510.74,0.7483,0.5252,-11.5772,6939.98,16385.0,-21895.74,3,0,False,"[-656.16, -1656.16, -3198.42]",0.4464,0.3846,0.25,693.33
X00850,icefishball,all,range15_pct,range15_pct,1.0,1.0,24,455,-7912.7,0.7474,0.4505,-17.3905,9065.32,23413.3,-31326.0,3,0,False,"[-2264.98, -3178.98, -2468.74]",0.3214,0.3077,0.0,1025.49
X01201,icefishball,short_only,fixed,fixed,15.0,120.0,12,404,-2602.96,0.7472,0.1708,-6.443,3136.94,7694.44,-10297.4,3,0,False,"[-824.4, -272.4, -1506.16]",0.3393,0.1538,0.25,240.93
X00946,icefishball,long_only,atr_blend,atr_blend,1.0,1.5,6,237,-2480.38,0.7466,0.346,-10.4657,3197.32,7306.82,-9787.2,3,0,False,"[-255.46, -1420.46, -804.46]",0.434,0.1667,0.25,573.06
X02047,momentum_reversion,short_only,range15_pct,range15_pct,1.0,1.0,48,39,-882.86,0.7466,0.4872,-22.6374,1426.54,2600.94,-3483.8,3,1,False,"[-346.62, 870.38, -1406.62]",0.4444,0.3636,0.25,246.75
X00725,icefishball,all,atr_blend,atr_blend,2.0,1.0,6,503,-5260.72,0.7465,0.5547,-10.4587,6196.28,15491.54,-20752.26,3,0,False,"[-783.32, -1927.32, -2550.08]",0.375,0.3077,0.25,646.22
X01066,icefishball,long_only,atr_blend,atr_blend,1.5,4.0,24,211,-3761.14,0.7458,0.2654,-17.8253,4929.08,11033.56,-14794.7,3,0,False,"[-1134.54, -848.8, -1777.8]",0.4717,0.3333,0.25,755.05
X01037,icefishball,long_only,fixed,fixed,60.0,60.0,24,194,-3262.06,0.7457,0.433,-16.8147,4336.38,9564.34,-12826.4,3,0,False,"[-755.6, -1448.1, -1058.36]",0.434,0.3333,0.0,655.3
X01586,momentum_reversion,all,atr_blend,atr_blend,2.5,2.0,48,91,-1839.34,0.7456,0.4945,-20.2125,1839.34,5391.7,-7231.04,3,0,False,"[-1192.44, -76.2, -570.7]",0.4255,0.25,0.0,448.98
X01449,momentum_reversion,all,atr,atr,1.5,4.0,12,105,-1237.2,0.7446,0.3238,-11.7829,1327.72,3607.84,-4845.04,3,0,False,"[-561.9, -517.9, -157.4]",0.383,0.0833,0.0,245.93
X01074,icefishball,long_only,atr_blend,atr_blend,2.5,4.0,24,180,-4311.2,0.7445,0.3778,-23.9511,5499.46,12563.18,-16874.38,3,0,False,"[-2366.4, -803.4, -1141.4]",0.434,0.3333,0.25,736.11
X00802,icefishball,all,fixed,fixed,15.0,120.0,24,652,-4582.48,0.7443,0.1181,-7.0283,5022.44,13340.52,-17923.0,3,0,False,"[-1148.32, -1222.08, -2212.08]",0.3393,0.1538,0.0,324.21
X00737,icefishball,all,range15_pct,range15_pct,1.0,1.5,6,494,-5911.56,0.7435,0.4777,-11.9667,7317.8,17136.36,-23047.92,3,0,False,"[-1453.1, -1022.1, -3436.36]",0.375,0.3077,0.25,798.87
X00991,icefishball,long_only,atr,atr,1.5,1.5,12,217,-3073.08,0.7429,0.4286,-14.1617,3841.52,8877.68,-11950.76,3,0,False,"[-394.52, -1648.78, -1029.78]",0.4528,0.25,0.5,649.62
X01034,icefishball,long_only,fixed,fixed,30.0,120.0,24,234,-2890.66,0.7426,0.2094,-12.3532,3907.98,8338.74,-11229.4,3,0,False,"[-1092.72, -1250.72, -547.22]",0.434,0.3333,0.0,393.06
X00541,emapmo,short_only,atr,atr,2.0,4.0,12,94,-1363.06,0.7426,0.4255,-14.5006,2271.02,3932.9,-5295.96,3,1,False,"[165.32, -860.44, -667.94]",0.4138,0.5,0.75,560.19
X00847,icefishball,all,range15_pct,range15_pct,0.75,1.0,24,511,-7861.64,0.7423,0.3836,-15.3848,8672.06,22648.96,-30510.6,3,0,False,"[-2059.54, -1061.3, -4740.8]",0.3393,0.2308,0.0,896.74
X01125,icefishball,long_only,atr_blend,atr_blend,2.0,1.5,48,199,-3454.76,0.742,0.4824,-17.3606,4124.7,9935.46,-13390.22,3,0,False,"[-827.08, -1462.34, -1165.34]",0.4717,0.1667,0.0,667.1
X00948,icefishball,long_only,atr_blend,atr_blend,1.0,4.0,6,236,-2618.14,0.7419,0.3051,-11.0938,3442.58,7527.72,-10145.86,3,0,False,"[-278.96, -1814.96, -524.22]",0.4717,0.25,0.25,544.99
X01018,icefishball,long_only,range15_pct,range15_pct,0.75,1.0,12,208,-3394.92,0.7419,0.3798,-16.3217,4471.22,9756.04,-13150.96,3,1,False,"[-934.3, -2500.56, 39.94]",0.4717,0.3333,0.0,636.66
X00740,icefishball,all,range15_pct,range15_pct,1.25,1.5,6,474,-5731.76,0.741,0.4895,-12.0923,7093.72,16395.32,-22127.08,3,0,False,"[-964.42, -1660.42, -3106.92]",0.4107,0.3077,0.25,732.85
X01126,icefishball,long_only,atr_blend,atr_blend,2.0,2.0,48,195,-3786.3,0.741,0.4205,-19.4169,4506.24,10829.82,-14616.12,3,0,False,"[-1095.1, -1077.6, -1613.6]",0.5472,0.25,0.25,772.81
X00627,emapmo,short_only,range15_pct,range15_pct,1.25,2.0,24,78,-1218.22,0.7408,0.4487,-15.6182,2161.26,3481.1,-4699.32,3,1,False,"[106.26, -652.74, -671.74]",0.3448,0.4167,0.5,444.23
X02023,momentum_reversion,short_only,atr,atr,2.0,4.0,48,38,-932.62,0.7404,0.3421,-24.5426,1176.3,2659.38,-3592.0,3,1,False,"[-661.12, 769.38, -1040.88]",0.3333,0.3636,0.25,373.52
X00727,icefishball,all,atr_blend,atr_blend,2.0,2.0,6,492,-5897.08,0.7403,0.4837,-11.9859,7105.8,16812.38,-22709.46,3,0,False,"[-916.36, -1800.86, -3179.86]",0.375,0.3077,0.25,707.45
X00582,emapmo,short_only,fixed,fixed,60.0,120.0,24,80,-1361.2,0.7388,0.3625,-17.015,2109.76,3849.54,-5210.74,3,0,False,"[-248.48, -400.98, -711.74]",0.3793,0.4167,0.5,353.53
X01935,momentum_reversion,short_only,range15_pct,range15_pct,1.0,2.0,12,41,-596.84,0.7387,0.3902,-14.5571,893.88,1687.66,-2284.5,3,1,False,"[-718.36, 221.64, -100.12]",0.4074,0.4545,0.25,206.45
X00734,icefishball,all,range15_pct,range15_pct,0.75,1.5,6,536,-6128.14,0.7386,0.4291,-11.4331,7699.9,17311.8,-23439.94,3,0,False,"[-1212.46, -1243.96, -3671.72]",0.3929,0.3846,0.25,805.63
X01612,momentum_reversion,long_only,fixed,fixed,80.0,120.0,6,54,-576.96,0.7384,0.5185,-10.6844,896.88,1628.78,-2205.74,3,1,False,"[-437.32, -298.32, 158.68]",0.4857,0.3333,0.0,192.59
X00689,icefishball,all,fixed,fixed,30.0,15.0,6,623,-3709.02,0.7381,0.5987,-5.9535,4349.8,10451.98,-14161.0,3,0,False,"[-1070.42, -1334.42, -1304.18]",0.3214,0.3077,0.25,289.04
X01506,momentum_reversion,all,atr,atr,1.5,4.0,24,102,-1536.48,0.738,0.2745,-15.0635,1536.48,4328.78,-5865.26,3,1,False,"[-734.66, 89.34, -891.16]",0.3404,0.25,0.25,337.84
X01080,icefishball,long_only,range15_pct,range15_pct,1.0,2.0,24,182,-4313.68,0.7377,0.3791,-23.7015,5446.42,12130.44,-16444.12,3,0,False,"[-1394.14, -2554.14, -365.4]",0.5094,0.25,0.25,893.42
X01200,icefishball,short_only,fixed,fixed,15.0,60.0,12,404,-2635.96,0.7376,0.1906,-6.5247,3084.94,7411.52,-10047.48,3,0,False,"[-986.4, -204.9, -1444.66]",0.3571,0.2308,0.0,314.85
X01097,icefishball,long_only,fixed,fixed,80.0,30.0,48,191,-2620.34,0.7374,0.6597,-13.7191,3678.58,7357.26,-9977.6,3,0,False,"[-1190.36, -951.86, -478.12]",0.4906,0.5,0.25,587.29
X01718,momentum_reversion,long_only,fixed,fixed,30.0,120.0,24,63,-765.62,0.7372,0.2381,-12.1527,1058.82,2147.9,-2913.52,3,1,False,"[-456.04, -541.54, 231.96]",0.2286,0.25,0.25,319.12
X01054,icefishball,long_only,atr,atr,2.0,4.0,24,192,-4310.08,0.7371,0.349,-22.4483,5325.02,12084.92,-16395.0,3,0,False,"[-1676.86, -1423.86, -1209.36]",0.3774,0.25,0.0,704.32
X01461,momentum_reversion,all,atr_blend,atr_blend,1.0,4.0,12,112,-1172.38,0.7369,0.2946,-10.4677,1172.38,3284.08,-4456.46,3,0,False,"[-641.12, -470.38, -60.88]",0.3617,0.1667,0.0,248.18
X00298,emapmo,long_only,fixed,fixed,80.0,15.0,12,118,-976.32,0.7367,0.8051,-8.2739,1637.8,2732.2,-3708.52,3,1,False,"[-749.6, -398.36, 171.64]",0.6,0.5714,0.6667,387.22
X00355,emapmo,long_only,fixed,fixed,80.0,15.0,24,118,-976.32,0.7367,0.8051,-8.2739,1637.8,2732.2,-3708.52,3,1,False,"[-749.6, -398.36, 171.64]",0.6,0.5714,0.6667,387.22
X00412,emapmo,long_only,fixed,fixed,80.0,15.0,48,118,-976.32,0.7367,0.8051,-8.2739,1637.8,2732.2,-3708.52,3,1,False,"[-749.6, -398.36, 171.64]",0.6,0.5714,0.6667,387.22
X01725,momentum_reversion,long_only,fixed,fixed,80.0,60.0,24,51,-891.74,0.7357,0.4706,-17.4851,1106.52,2482.74,-3374.48,3,1,False,"[-732.08, -283.58, 123.92]",0.4286,0.4167,0.25,296.64
X01012,icefishball,long_only,atr_blend,atr_blend,2.0,2.0,12,198,-3547.52,0.7352,0.4293,-17.9168,4162.96,9848.1,-13395.62,3,0,False,"[-901.34, -1637.34, -1008.84]",0.5094,0.25,0.25,603.38
X00537,emapmo,short_only,atr,atr,1.5,4.0,12,101,-1374.74,0.7348,0.396,-13.6113,2295.5,3808.4,-5183.14,3,1,False,"[231.34, -591.16, -1014.92]",0.3793,0.5833,0.75,436.58
X01140,icefishball,long_only,range15_pct,range15_pct,1.25,2.0,48,162,-5036.88,0.7347,0.3827,-31.0919,6584.28,13952.12,-18989.0,3,0,False,"[-1272.46, -3017.96, -746.46]",0.5472,0.25,0.25,1298.18
X01068,icefishball,long_only,atr_blend,atr_blend,2.0,1.5,24,199,-3552.26,0.7344,0.4774,-17.8506,4222.2,9823.7,-13375.96,3,0,False,"[-801.58, -1462.34, -1288.34]",0.4717,0.1667,0.0,671.61
X01011,icefishball,long_only,atr_blend,atr_blend,2.0,1.5,12,199,-3401.26,0.7338,0.4824,-17.0918,4033.2,9373.46,-12774.72,3,0,False,"[-894.08, -1388.84, -1118.34]",0.4717,0.25,0.0,662.92
X00932,icefishball,long_only,atr,atr,1.0,4.0,6,236,-2782.14,0.7328,0.3051,-11.7887,3595.58,7628.72,-10410.86,3,0,False,"[-241.46, -1588.96, -951.72]",0.4528,0.25,0.25,533.85
X01143,icefishball,short_only,fixed,fixed,15.0,60.0,6,404,-2488.96,0.7326,0.2525,-6.1608,2860.86,6819.02,-9307.98,3,0,False,"[-751.9, -165.4, -1571.66]",0.3393,0.3846,0.0,312.73
X00926,icefishball,long_only,fixed,fixed,80.0,30.0,6,202,-2323.48,0.7323,0.599,-11.5024,3276.98,6356.46,-8679.94,3,0,False,"[-776.32, -951.58, -595.58]",0.4717,0.4167,0.5,486.04
X01077,icefishball,long_only,range15_pct,range15_pct,0.75,2.0,24,204,-4196.96,0.7313,0.3039,-20.5733,5057.9,11420.12,-15617.08,3,0,False,"[-1428.82, -2151.82, -616.32]",0.5283,0.25,0.0,868.57
X00746,icefishball,all,fixed,fixed,30.0,15.0,12,623,-3947.52,0.7309,0.6067,-6.3363,4509.3,10723.78,-14671.3,3,0,False,"[-1158.42, -1362.42, -1426.68]",0.3036,0.2308,0.25,285.68
X00586,emapmo,short_only,fixed,fixed,80.0,120.0,24,73,-1402.02,0.7307,0.3973,-19.2058,2311.52,3804.54,-5206.56,3,0,False,"[-133.0, -475.26, -793.76]",0.3793,0.5,0.5,441.68
X00731,icefishball,all,atr_blend,atr_blend,2.5,2.0,6,474,-6105.26,0.7304,0.5021,-12.8803,7565.46,16544.38,-22649.64,3,0,False,"[-788.92, -2127.92, -3188.42]",0.3393,0.3077,0.25,669.0
X00935,icefishball,long_only,atr,atr,1.5,2.0,6,217,-3049.58,0.7304,0.4147,-14.0534,4040.98,8262.9,-11312.48,3,0,False,"[-822.02, -1178.78, -1048.78]",0.5283,0.3333,0.25,600.33
X01465,momentum_reversion,all,atr_blend,atr_blend,1.5,4.0,12,103,-1288.22,0.7286,0.3592,-12.507,1400.98,3457.62,-4745.84,3,1,False,"[-592.9, -745.16, 49.84]",0.383,0.25,0.0,259.6
X00688,icefishball,all,fixed,fixed,15.0,120.0,6,673,-4445.02,0.728,0.214,-6.6048,4937.06,11897.94,-16342.96,3,0,False,"[-532.5, -1697.26, -2215.26]",0.2857,0.2308,0.0,438.39
X00659,emapmo,short_only,atr,atr,2.5,4.0,48,63,-1550.62,0.727,0.381,-24.613,2491.32,4129.24,-5679.86,3,0,False,"[-266.04, -144.54, -1140.04]",0.3214,0.4167,0.5,512.01
X01008,icefishball,long_only,atr_blend,atr_blend,1.5,2.0,12,214,-3455.86,0.7264,0.3692,-16.1489,4230.8,9174.04,-12629.9,3,0,False,"[-223.78, -1490.54, -1741.54]",0.5283,0.25,0.25,655.11
X01058,icefishball,long_only,atr,atr,2.5,4.0,24,179,-4816.46,0.7253,0.3911,-26.9076,5969.72,12715.2,-17531.66,3,0,False,"[-1448.9, -1947.4, -1420.16]",0.434,0.3333,0.0,770.5
X01685,momentum_reversion,long_only,atr,atr,2.5,4.0,12,56,-775.44,0.7252,0.3929,-13.8471,1172.12,2046.22,-2821.66,3,1,False,"[-337.56, -834.56, 396.68]",0.4,0.1667,0.25,351.63
X01023,icefishball,long_only,range15_pct,range15_pct,1.0,2.0,12,188,-3957.12,0.7251,0.3936,-21.0485,5380.32,10439.24,-14396.36,3,1,False,"[-1862.62, -2389.12, 294.62]",0.4906,0.3333,0.25,784.29
X01257,icefishball,short_only,fixed,fixed,15.0,60.0,24,402,-2864.48,0.7248,0.1692,-7.1256,3218.66,7543.68,-10408.16,3,0,False,"[-1151.16, -310.66, -1402.66]",0.3571,0.1538,0.0,305.56
X01076,icefishball,long_only,range15_pct,range15_pct,0.75,1.5,24,207,-4240.68,0.7248,0.3285,-20.4864,5212.48,11168.68,-15409.36,3,1,False,"[-1497.56, -2771.56, 28.44]",0.5472,0.25,0.0,776.92
X00986,icefishball,long_only,atr,atr,1.0,1.0,12,238,-2651.12,0.7247,0.3992,-11.1392,3270.76,6979.7,-9630.82,3,1,False,"[248.3, -1333.46, -1565.96]",0.3962,0.1667,0.0,487.03
X01043,icefishball,long_only,atr,atr,1.0,1.0,24,238,-2651.12,0.7247,0.3992,-11.1392,3270.76,6979.7,-9630.82,3,1,False,"[248.3, -1333.46, -1565.96]",0.3962,0.1667,0.0,487.03
X01100,icefishball,long_only,atr,atr,1.0,1.0,48,238,-2651.12,0.7247,0.3992,-11.1392,3270.76,6979.7,-9630.82,3,1,False,"[248.3, -1333.46, -1565.96]",0.3962,0.1667,0.0,487.03
X01650,momentum_reversion,long_only,range15_pct,range15_pct,1.0,2.0,6,58,-585.42,0.7246,0.4828,-10.0934,773.6,1540.28,-2125.7,3,1,False,"[-426.3, -312.06, 152.94]",0.4,0.3333,0.0,197.22
X01079,icefishball,long_only,range15_pct,range15_pct,1.0,1.5,24,186,-4544.14,0.7246,0.4032,-24.4309,5792.26,11954.5,-16498.64,3,0,False,"[-1437.38, -2806.38, -300.38]",0.4906,0.3333,0.25,864.29
X01938,momentum_reversion,short_only,range15_pct,range15_pct,1.25,2.0,12,40,-645.6,0.7233,0.4,-16.14,942.64,1687.66,-2333.26,3,1,False,"[-658.36, 19.38, -6.62]",0.4074,0.4545,0.25,205.72
X00990,icefishball,long_only,atr,atr,1.5,1.0,12,219,-2989.06,0.7229,0.516,-13.6487,3515.76,7796.88,-10785.94,3,0,False,"[-424.52, -978.52, -1586.02]",0.4528,0.1667,0.25,536.78
X01022,icefishball,long_only,range15_pct,range15_pct,1.0,1.5,12,188,-3930.62,0.7228,0.4096,-20.9076,5271.82,10250.52,-14181.14,3,1,False,"[-1474.12, -2674.12, 217.62]",0.4906,0.3333,0.25,806.85
X00977,icefishball,long_only,fixed,fixed,30.0,120.0,12,237,-2991.38,0.7227,0.2447,-12.6219,4173.12,7798.08,-10789.46,3,0,False,"[-1478.96, -1159.46, -352.96]",0.3962,0.3333,0.0,411.75
X00803,icefishball,all,fixed,fixed,30.0,15.0,24,623,-4162.52,0.7222,0.6051,-6.6814,4619.3,10824.02,-14986.54,3,0,False,"[-1337.92, -1397.92, -1426.68]",0.2857,0.1538,0.25,278.15
X01479,momentum_reversion,all,range15_pct,range15_pct,1.0,2.0,12,98,-1392.52,0.7218,0.3776,-14.2094,1684.34,3613.12,-5005.64,3,1,False,"[-927.92, -756.42, 291.82]",0.4043,0.1667,0.25,456.38
X01657,momentum_reversion,long_only,fixed,fixed,15.0,120.0,12,79,-552.46,0.7217,0.1772,-6.9932,940.2,1432.64,-1985.1,3,1,False,"[-327.98, -549.74, 325.26]",0.2286,0.1667,0.25,206.65
X01139,icefishball,long_only,range15_pct,range15_pct,1.25,1.5,48,167,-5197.58,0.7204,0.4251,-31.1232,7093.72,13391.96,-18589.54,3,1,False,"[-1538.94, -3960.44, 301.8]",0.566,0.4167,0.25,1151.06
X01021,icefishball,long_only,range15_pct,range15_pct,1.0,1.0,12,188,-3796.62,0.7199,0.4415,-20.1948,5143.66,9756.08,-13552.7,3,1,False,"[-1128.12, -2730.12, 61.62]",0.4528,0.3333,0.25,832.39
X00989,icefishball,long_only,atr,atr,1.0,4.0,12,236,-3381.64,0.7198,0.2246,-14.329,4169.58,8688.28,-12069.92,3,0,False,"[-1472.96, -1093.96, -814.72]",0.4528,0.3333,0.25,509.59
X00686,icefishball,all,fixed,fixed,15.0,30.0,6,682,-4148.18,0.7194,0.2991,-6.0824,4533.24,10637.54,-14785.72,3,0,False,"[-879.22, -1530.48, -1738.48]",0.3036,0.2308,0.0,318.5
X00237,emapmo,long_only,fixed,fixed,60.0,15.0,6,128,-1070.72,0.7189,0.75,-8.365,1674.68,2738.46,-3809.18,3,0,False,"[-713.32, -215.32, -142.08]",0.5333,0.4286,0.3333,351.19
X01653,momentum_reversion,long_only,range15_pct,range15_pct,1.25,2.0,6,56,-594.44,0.7186,0.5,-10.615,855.62,1518.28,-2112.72,3,1,False,"[-553.56, -302.06, 261.18]",0.4286,0.25,0.25,191.3
X01044,icefishball,long_only,atr,atr,1.0,1.5,24,236,-3087.64,0.7163,0.3051,-13.0832,3815.58,7797.72,-10885.36,3,0,False,"[-334.46, -1566.46, -1186.72]",0.4717,0.25,0.25,612.36
X00945,icefishball,long_only,atr_blend,atr_blend,1.0,1.0,6,237,-2546.88,0.7155,0.4051,-10.7463,3144.04,6403.96,-8950.84,3,0,False,"[-142.46, -1497.96, -906.46]",0.3962,0.25,0.0,438.42
X01013,icefishball,long_only,atr_blend,atr_blend,2.0,4.0,12,198,-4180.52,0.7152,0.3737,-21.1137,5000.46,10495.74,-14676.26,3,0,False,"[-1668.84, -1898.84, -612.84]",0.434,0.25,0.0,562.89
X00860,icefishball,all,fixed,fixed,30.0,15.0,48,623,-4312.52,0.7149,0.6035,-6.9222,4756.8,10813.76,-15126.28,3,0,False,"[-1487.92, -1397.92, -1426.68]",0.2857,0.1538,0.25,285.28
X00923,icefishball,long_only,fixed,fixed,60.0,60.0,6,203,-3039.72,0.7143,0.4729,-14.974,3914.66,7598.96,-10638.68,3,0,False,"[-588.32, -1134.32, -1317.08]",0.4717,0.25,0.25,586.68
X00655,emapmo,short_only,atr,atr,2.0,4.0,48,74,-1785.26,0.7139,0.3243,-24.1251,2550.44,4454.74,-6240.0,3,0,False,"[-342.5, -215.0, -1227.76]",0.3214,0.4167,0.25,463.23
X00610,emapmo,short_only,atr_blend,atr_blend,1.5,4.0,24,81,-1486.44,0.7132,0.3333,-18.3511,2603.78,3696.02,-5182.46,3,1,False,"[251.52, -742.48, -995.48]",0.4138,0.5,0.5,454.15
X01040,icefishball,long_only,fixed,fixed,80.0,30.0,24,192,-2909.58,0.713,0.6406,-15.1541,3911.3,7227.48,-10137.06,3,0,False,"[-1403.86, -1054.36, -451.36]",0.4717,0.5,0.25,607.1
X01929,momentum_reversion,short_only,atr_blend,atr_blend,2.5,4.0,12,39,-654.86,0.7129,0.4359,-16.7913,951.9,1625.92,-2280.78,3,0,False,"[-600.12, -0.62, -54.12]",0.4074,0.4545,0.25,223.95
X01053,icefishball,long_only,atr,atr,2.0,2.0,24,194,-4306.56,0.7121,0.4227,-22.1988,5079.5,10651.32,-14957.88,3,0,False,"[-1242.6, -1309.6, -1754.36]",0.4906,0.3333,0.25,803.66
X00857,icefishball,all,fixed,fixed,15.0,30.0,48,681,-4444.44,0.712,0.2746,-6.5263,4826.0,10988.12,-15432.56,3,0,False,"[-1061.48, -1601.48, -1781.48]",0.3036,0.1538,0.0,286.83
X01101,icefishball,long_only,atr,atr,1.0,1.5,48,236,-3193.14,0.7115,0.3008,-13.5303,3921.08,7873.96,-11067.1,3,0,False,"[-334.46, -1617.96, -1240.72]",0.4528,0.25,0.25,635.94
X01035,icefishball,long_only,fixed,fixed,60.0,15.0,24,218,-1896.82,0.7107,0.7431,-8.701,2158.6,4659.12,-6555.94,3,0,False,"[-217.02, -1350.52, -329.28]",0.5094,0.4167,0.25,341.2
X01030,icefishball,long_only,fixed,fixed,15.0,120.0,24,266,-2134.84,0.7104,0.1128,-8.0257,2601.52,5237.8,-7372.64,3,0,False,"[-535.36, -779.36, -820.12]",0.3774,0.25,0.25,236.61
X01135,icefishball,long_only,range15_pct,range15_pct,1.0,1.0,48,182,-4703.18,0.71,0.4341,-25.8416,6043.02,11512.04,-16215.22,3,0,False,"[-1164.14, -2550.14, -988.9]",0.4906,0.25,0.25,987.09
X00743,icefishball,all,fixed,fixed,15.0,30.0,12,682,-4448.18,0.7098,0.2786,-6.5223,4826.34,10877.9,-15326.08,3,0,False,"[-1076.22, -1590.48, -1781.48]",0.2857,0.1538,0.0,285.21
X00947,icefishball,long_only,atr_blend,atr_blend,1.0,2.0,6,236,-2912.64,0.7097,0.3136,-12.3417,3647.58,7121.24,-10033.88,3,0,False,"[-410.96, -1849.96, -651.72]",0.4528,0.25,0.25,547.59
X00800,icefishball,all,fixed,fixed,15.0,30.0,24,681,-4489.44,0.7091,0.2746,-6.5924,4871.0,10943.12,-15432.56,3,0,False,"[-1106.48, -1601.48, -1781.48]",0.3036,0.1538,0.0,288.24
X01050,icefishball,long_only,atr,atr,1.5,4.0,24,215,-4431.1,0.7081,0.2744,-20.6098,5585.54,10749.34,-15180.44,3,0,False,"[-1347.28, -1653.78, -1430.04]",0.434,0.3333,0.25,785.22
X01707,momentum_reversion,long_only,range15_pct,range15_pct,1.0,2.0,12,57,-795.68,0.7076,0.3684,-13.9593,1145.36,1925.46,-2721.14,3,1,False,"[-433.06, -594.56, 231.94]",0.3714,0.1667,0.25,329.96
X01482,momentum_reversion,all,range15_pct,range15_pct,1.25,2.0,12,95,-1484.8,0.7066,0.3895,-15.6295,1895.86,3576.62,-5061.42,3,1,False,"[-829.18, -1066.68, 411.06]",0.383,0.0833,0.25,453.32
X01314,icefishball,short_only,fixed,fixed,15.0,60.0,48,402,-3108.48,0.7065,0.1567,-7.7325,3358.64,7481.88,-10590.36,3,0,False,"[-1186.16, -436.16, -1486.16]",0.3036,0.0769,0.0,309.41
X00979,icefishball,long_only,fixed,fixed,60.0,30.0,12,204,-2753.46,0.7061,0.5735,-13.4974,3435.14,6614.42,-9367.88,3,0,False,"[-1032.82, -1408.82, -311.82]",0.4151,0.3333,0.25,529.37
X01640,momentum_reversion,long_only,atr_blend,atr_blend,2.0,4.0,6,57,-625.68,0.705,0.4912,-10.9768,680.32,1495.28,-2120.96,3,0,False,"[-311.06, -274.06, -40.56]",0.4,0.4167,0.0,135.48
X01092,icefishball,long_only,fixed,fixed,60.0,15.0,48,218,-1962.32,0.7049,0.7477,-9.0015,2202.56,4687.88,-6650.2,3,0,False,"[-282.52, -1350.52, -329.28]",0.4906,0.4167,0.25,344.93
X01047,icefishball,long_only,atr,atr,1.5,1.0,24,219,-3268.56,0.7044,0.5114,-14.9249,3795.26,7789.12,-11057.68,3,0,False,"[-468.02, -978.52, -1822.02]",0.434,0.1667,0.25,549.93
X01104,icefishball,long_only,atr,atr,1.5,1.0,48,219,-3268.56,0.7044,0.5114,-14.9249,3795.26,7789.12,-11057.68,3,0,False,"[-468.02, -978.52, -1822.02]",0.434,0.1667,0.25,549.93
X01473,momentum_reversion,all,atr_blend,atr_blend,2.5,4.0,12,94,-1491.56,0.703,0.4149,-15.8677,1754.12,3530.14,-5021.7,3,1,False,"[-723.68, -1030.44, 262.56]",0.383,0.1667,0.25,460.04
X00997,icefishball,long_only,atr,atr,2.0,4.0,12,195,-4382.3,0.7029,0.3692,-22.4733,5089.42,10369.72,-14752.02,3,0,False,"[-1746.1, -1726.6, -909.6]",0.4151,0.25,0.0,621.83
X01090,icefishball,long_only,fixed,fixed,30.0,60.0,48,235,-3130.4,0.7028,0.2681,-13.3209,3906.76,7402.88,-10533.28,3,0,False,"[-416.96, -1716.72, -996.72]",0.3585,0.25,0.0,495.34
X01033,icefishball,long_only,fixed,fixed,30.0,60.0,24,236,-3090.14,0.7024,0.2754,-13.0938,4006.54,7293.9,-10384.04,3,0,False,"[-518.46, -1708.96, -862.72]",0.3585,0.3333,0.0,486.64
X00929,icefishball,long_only,atr,atr,1.0,1.0,6,238,-2782.62,0.7005,0.4034,-11.6917,3375.26,6507.46,-9290.08,3,1,False,"[274.3, -1568.46, -1488.46]",0.3774,0.1667,0.0,478.1
X01072,icefishball,long_only,atr_blend,atr_blend,2.5,1.5,24,185,-4202.9,0.7004,0.5243,-22.7184,4859.6,9826.22,-14029.12,3,0,False,"[-1297.38, -1173.38, -1732.14]",0.4717,0.25,0.0,744.33
X00919,icefishball,long_only,fixed,fixed,30.0,60.0,6,237,-2780.38,0.7003,0.3376,-11.7316,3468.28,6496.3,-9276.68,3,0,False,"[-308.96, -1533.46, -937.96]",0.3585,0.3333,0.0,432.09
X00924,icefishball,long_only,fixed,fixed,60.0,120.0,6,201,-3407.24,0.7002,0.4328,-16.9514,4089.68,7959.62,-11366.86,3,0,False,"[-1002.58, -720.58, -1684.08]",0.5094,0.25,0.0,639.51
X01075,icefishball,long_only,range15_pct,range15_pct,0.75,1.0,24,207,-4417.18,0.7,0.372,-21.339,5008.62,10306.02,-14723.2,3,0,False,"[-1593.06, -2461.06, -363.06]",0.4717,0.25,0.0,684.53
X01441,momentum_reversion,all,fixed,fixed,80.0,120.0,12,93,-1624.32,0.6997,0.3978,-17.4658,2051.4,3784.12,-5408.44,3,1,False,"[-766.44, -1207.44, 349.56]",0.4255,0.25,0.25,426.64
X00993,icefishball,long_only,atr,atr,1.5,4.0,12,217,-4310.08,0.6983,0.3088,-19.8621,5146.52,9975.42,-14285.5,3,0,False,"[-1244.02, -1878.28, -1187.78]",0.4717,0.25,0.0,665.71
X00996,icefishball,long_only,atr,atr,2.0,2.0,12,195,-4112.8,0.697,0.4205,-21.0913,4751.24,9460.82,-13573.62,3,0,False,"[-1200.6, -1561.6, -1350.6]",0.4717,0.25,0.0,665.34
X01673,momentum_reversion,long_only,atr,atr,1.0,4.0,12,65,-647.1,0.6969,0.2615,-9.9554,814.26,1487.92,-2135.02,3,1,False,"[-161.78, -488.78, 3.46]",0.3143,0.3333,0.0,149.31
X00922,icefishball,long_only,fixed,fixed,60.0,30.0,6,210,-2687.4,0.6969,0.5619,-12.7971,3376.16,6180.18,-8867.58,3,0,False,"[-846.3, -1313.3, -527.8]",0.434,0.25,0.25,480.17
X01701,momentum_reversion,long_only,atr_blend,atr_blend,2.5,4.0,12,55,-836.7,0.6947,0.4,-15.2127,1153.38,1904.22,-2740.92,3,1,False,"[-427.56, -725.82, 316.68]",0.3714,0.1667,0.25,331.77
X01632,momentum_reversion,long_only,atr_blend,atr_blend,1.0,4.0,6,66,-619.34,0.6942,0.3636,-9.3839,873.58,1405.74,-2025.08,3,1,False,"[-301.28, -329.78, 11.72]",0.4,0.25,0.0,108.25
X00745,icefishball,all,fixed,fixed,15.0,120.0,12,669,-5379.56,0.6939,0.151,-8.0412,5920.12,12192.76,-17572.32,3,0,False,"[-1647.02, -1465.52, -2267.02]",0.3571,0.1538,0.0,330.89
X00687,icefishball,all,fixed,fixed,15.0,60.0,6,673,-4928.52,0.6937,0.2273,-7.3232,5504.06,11163.78,-16092.3,3,0,False,"[-905.0, -1368.26, -2655.26]",0.3214,0.2308,0.0,463.69
X00930,icefishball,long_only,atr,atr,1.0,1.5,6,236,-3074.64,0.6937,0.339,-13.0281,3856.08,6964.8,-10039.44,3,0,False,"[-175.96, -1430.46, -1468.22]",0.4151,0.1667,0.25,562.71
X00964,icefishball,long_only,range15_pct,range15_pct,1.0,1.0,6,194,-3460.56,0.6933,0.4845,-17.8379,4340.5,7821.44,-11282.0,3,0,False,"[-516.6, -2055.1, -888.86]",0.5283,0.3333,0.25,685.82
X01710,momentum_reversion,long_only,range15_pct,range15_pct,1.25,2.0,12,55,-839.2,0.6924,0.3818,-15.2582,1256.88,1888.96,-2728.16,3,1,False,"[-464.56, -792.32, 417.68]",0.3714,0.1667,0.25,324.43
X01110,icefishball,long_only,atr,atr,2.0,2.0,48,191,-4753.84,0.6923,0.4031,-24.8892,5526.78,10695.02,-15448.86,3,0,False,"[-1492.36, -1285.36, -1976.12]",0.4717,0.3333,0.25,897.01
X00001,emapmo,all,fixed,fixed,15.0,15.0,6,608,-3325.92,0.6922,0.4293,-5.4703,3678.58,7480.36,-10806.28,3,0,False,"[-187.72, -1807.72, -1330.48]",0.35,0.25,0.0,391.6
X00934,icefishball,long_only,atr,atr,1.5,1.5,6,217,-3365.58,0.6921,0.4378,-15.5096,4186.48,7564.7,-10930.28,3,0,False,"[-663.52, -1504.28, -1197.78]",0.434,0.25,0.25,653.01
X01616,momentum_reversion,long_only,atr,atr,1.0,4.0,6,66,-607.84,0.6914,0.3636,-9.2097,851.58,1361.74,-1969.58,3,0,False,"[-286.78, -240.78, -80.28]",0.4286,0.25,0.0,83.95
X01001,icefishball,long_only,atr,atr,2.5,4.0,12,184,-4766.16,0.6914,0.413,-25.903,5608.04,10680.76,-15446.92,3,0,False,"[-1890.38, -2399.64, -476.14]",0.4717,0.3333,0.0,703.85
X00950,icefishball,long_only,atr_blend,atr_blend,1.5,1.5,6,215,-3387.6,0.6907,0.4326,-15.7563,4113.04,7565.68,-10953.28,3,0,False,"[-447.28, -1326.28, -1614.04]",0.4528,0.1667,0.25,619.33
X01017,icefishball,long_only,atr_blend,atr_blend,2.5,4.0,12,185,-4696.9,0.6902,0.4108,-25.3886,5637.28,10462.26,-15159.16,3,0,False,"[-1959.38, -2354.88, -382.64]",0.4717,0.3333,0.25,664.5
X00987,icefishball,long_only,atr,atr,1.0,1.5,12,236,-3349.14,0.6901,0.3051,-14.1913,4077.08,7458.22,-10807.36,3,0,False,"[-468.96, -1575.96, -1304.22]",0.434,0.1667,0.25,565.27
X00058,emapmo,all,fixed,fixed,15.0,15.0,12,607,-3359.68,0.6894,0.4283,-5.5349,3706.08,7456.6,-10816.28,3,0,False,"[-242.72, -1786.48, -1330.48]",0.35,0.25,0.0,390.56
X01129,icefishball,long_only,atr_blend,atr_blend,2.5,1.5,48,184,-4454.66,0.689,0.5272,-24.2101,5111.36,9868.22,-14322.88,3,0,False,"[-1334.88, -1455.14, -1664.64]",0.4528,0.25,0.0,725.91
X00574,emapmo,short_only,fixed,fixed,15.0,120.0,24,173,-1473.02,0.6877,0.1272,-8.5146,2124.94,3244.22,-4717.24,3,0,False,"[-196.92, -782.92, -493.18]",0.2414,0.4167,0.25,273.23
X01083,icefishball,long_only,range15_pct,range15_pct,1.25,2.0,24,173,-5478.02,0.6874,0.4046,-31.6649,6696.8,12044.2,-17522.22,3,0,False,"[-1963.92, -3238.42, -275.68]",0.4717,0.3333,0.0,950.14
X02027,momentum_reversion,short_only,atr,atr,2.5,4.0,48,37,-1210.38,0.6872,0.3514,-32.713,1332.92,2659.38,-3869.76,3,1,False,"[-876.62, 756.12, -1089.88]",0.3333,0.3636,0.25,415.4
X01636,momentum_reversion,long_only,atr_blend,atr_blend,1.5,4.0,6,61,-657.64,0.687,0.4262,-10.781,784.3,1443.76,-2101.4,3,0,False,"[-316.54, -239.3, -101.8]",0.4,0.3333,0.0,93.14
X00115,emapmo,all,fixed,fixed,15.0,15.0,24,607,-3422.68,0.6852,0.4267,-5.6387,3747.96,7448.84,-10871.52,3,0,False,"[-281.72, -1810.48, -1330.48]",0.325,0.25,0.0,390.1
X00172,emapmo,all,fixed,fixed,15.0,15.0,48,607,-3422.68,0.6852,0.4267,-5.6387,3747.96,7448.84,-10871.52,3,0,False,"[-281.72, -1810.48, -1330.48]",0.325,0.25,0.0,390.1
X01015,icefishball,long_only,atr_blend,atr_blend,2.5,1.5,12,186,-4184.64,0.6846,0.5215,-22.4981,4840.84,9081.22,-13265.86,3,0,False,"[-1341.38, -1601.88, -1241.38]",0.4528,0.3333,0.25,762.52
X00933,icefishball,long_only,atr,atr,1.5,1.0,6,219,-3193.56,0.6835,0.5023,-14.5825,3739.52,6895.6,-10089.16,3,0,False,"[-447.52, -1333.02, -1413.02]",0.3774,0.1667,0.0,557.26
X00961,icefishball,long_only,range15_pct,range15_pct,0.75,1.0,6,210,-3635.9,0.6833,0.4381,-17.3138,4506.3,7842.92,-11478.82,3,0,False,"[-703.3, -1651.3, -1281.3]",0.4906,0.3333,0.0,663.23
X00976,icefishball,long_only,fixed,fixed,30.0,60.0,12,237,-3218.38,0.6818,0.2911,-13.5797,4021.94,6897.44,-10115.82,3,0,False,"[-715.96, -1571.96, -930.46]",0.3396,0.3333,0.0,430.46
X02039,momentum_reversion,short_only,atr_blend,atr_blend,2.0,4.0,48,37,-1223.88,0.679,0.3243,-33.0778,1223.88,2589.12,-3813.0,3,1,False,"[-734.12, 356.62, -846.38]",0.2963,0.2727,0.25,374.0
X00598,emapmo,short_only,atr,atr,2.0,4.0,24,77,-1754.98,0.6788,0.4026,-22.7919,2759.02,3708.06,-5463.04,3,0,False,"[-13.74, -707.24, -1034.0]",0.3793,0.4167,0.75,572.99
X01078,icefishball,long_only,range15_pct,range15_pct,1.0,1.0,24,186,-5077.64,0.6779,0.4355,-27.2991,5827.04,10688.56,-15766.2,3,0,False,"[-1512.88, -2743.38, -821.38]",0.4151,0.3333,0.0,828.74
X00614,emapmo,short_only,atr_blend,atr_blend,2.0,4.0,24,73,-1662.02,0.6774,0.3973,-22.7674,2725.34,3490.54,-5152.56,3,1,False,"[57.0, -805.26, -913.76]",0.3448,0.5,0.5,543.59
X00294,emapmo,long_only,fixed,fixed,60.0,15.0,12,127,-1297.48,0.6757,0.7402,-10.2164,1901.44,2703.44,-4000.92,3,0,False,"[-713.32, -442.08, -142.08]",0.5333,0.2857,0.3333,337.17
X00351,emapmo,long_only,fixed,fixed,60.0,15.0,24,127,-1297.48,0.6757,0.7402,-10.2164,1901.44,2703.44,-4000.92,3,0,False,"[-713.32, -442.08, -142.08]",0.5333,0.2857,0.3333,337.17
X00408,emapmo,long_only,fixed,fixed,60.0,15.0,48,127,-1297.48,0.6757,0.7402,-10.2164,1901.44,2703.44,-4000.92,3,0,False,"[-713.32, -442.08, -142.08]",0.5333,0.2857,0.3333,337.17
X00801,icefishball,all,fixed,fixed,15.0,60.0,24,668,-5705.32,0.6746,0.1587,-8.5409,6332.1,11825.56,-17530.88,3,0,False,"[-1312.52, -1741.02, -2651.78]",0.3393,0.1538,0.0,428.97
X01138,icefishball,long_only,range15_pct,range15_pct,1.25,1.0,48,172,-5742.78,0.6741,0.4826,-33.3883,7497.24,11877.08,-17619.86,3,0,False,"[-1678.92, -3437.68, -626.18]",0.5283,0.25,0.25,1037.6
X02049,momentum_reversion,short_only,range15_pct,range15_pct,1.0,2.0,48,38,-1325.12,0.674,0.2895,-34.8716,1546.54,2739.36,-4064.48,3,1,False,"[-962.12, 980.38, -1343.38]",0.2593,0.1818,0.25,445.55
X00602,emapmo,short_only,atr,atr,2.5,4.0,24,69,-1695.06,0.6738,0.4058,-24.5661,2895.12,3501.78,-5196.84,3,1,False,"[4.98, -528.02, -1172.02]",0.4138,0.5,0.5,599.11
X01082,icefishball,long_only,range15_pct,range15_pct,1.25,1.5,24,178,-5790.72,0.6738,0.427,-32.5321,7251.98,11963.26,-17753.98,3,1,False,"[-2026.9, -3787.16, 23.34]",0.4528,0.3333,0.0,909.89
X00952,icefishball,long_only,atr_blend,atr_blend,1.5,4.0,6,214,-3781.86,0.6736,0.3879,-17.6722,4576.8,7805.08,-11586.94,3,0,False,"[-695.78, -1179.04, -1907.04]",0.434,0.25,0.25,650.51
X00960,icefishball,long_only,atr_blend,atr_blend,2.5,4.0,6,190,-3946.6,0.6734,0.4789,-20.7716,4827.06,8138.66,-12085.26,3,0,False,"[-1193.86, -1584.62, -1168.12]",0.434,0.3333,0.25,656.87
X02052,momentum_reversion,short_only,range15_pct,range15_pct,1.25,2.0,48,38,-1468.12,0.6726,0.3158,-38.6347,1786.54,3016.12,-4484.24,3,1,False,"[-1206.62, 1397.38, -1658.88]",0.2963,0.2727,0.25,446.98
X01006,icefishball,long_only,atr_blend,atr_blend,1.5,1.0,12,215,-3485.6,0.6721,0.493,-16.2121,4003.5,7145.06,-10630.66,3,0,False,"[-546.78, -1132.28, -1806.54]",0.4717,0.25,0.0,569.16
X01025,icefishball,long_only,range15_pct,range15_pct,1.25,1.5,12,180,-4868.2,0.6721,0.4278,-27.0456,5773.66,9980.52,-14848.72,3,1,False,"[-1437.9, -3808.9, 378.6]",0.4528,0.3333,0.25,859.6
X01009,icefishball,long_only,atr_blend,atr_blend,1.5,4.0,12,214,-4576.36,0.6713,0.3037,-21.3849,5526.8,9344.4,-13920.76,3,0,False,"[-1348.78, -1513.54, -1714.04]",0.434,0.25,0.25,626.81
X00966,icefishball,long_only,range15_pct,range15_pct,1.0,2.0,6,194,-3805.56,0.6711,0.4691,-19.6163,4666.7,7766.66,-11572.22,3,0,False,"[-840.6, -1954.1, -1010.86]",0.5472,0.3333,0.25,659.25
X00963,icefishball,long_only,range15_pct,range15_pct,0.75,2.0,6,210,-3866.4,0.671,0.419,-18.4114,4559.34,7885.38,-11751.78,3,0,False,"[-964.8, -1713.8, -1187.8]",0.5094,0.3333,0.0,661.57
X00954,icefishball,long_only,atr_blend,atr_blend,2.0,1.5,6,200,-3768.5,0.6706,0.48,-18.8425,4480.94,7670.46,-11438.96,3,0,False,"[-1042.58, -1319.58, -1406.34]",0.4717,0.25,0.25,633.47
X01016,icefishball,long_only,atr_blend,atr_blend,2.5,2.0,12,185,-4595.9,0.6706,0.4595,-24.8427,5224.1,9357.1,-13953.0,3,0,False,"[-1299.88, -2259.88, -1036.14]",0.5094,0.3333,0.0,718.12
X00624,emapmo,short_only,range15_pct,range15_pct,1.0,2.0,24,89,-1692.86,0.6703,0.3596,-19.0209,2117.56,3441.82,-5134.68,3,0,False,"[-259.7, -541.2, -891.96]",0.3103,0.4167,0.25,429.31
X01073,icefishball,long_only,atr_blend,atr_blend,2.5,2.0,24,183,-5067.42,0.6698,0.459,-27.6908,5762.62,10278.84,-15346.26,3,0,False,"[-1786.64, -1335.64, -1945.14]",0.5094,0.3333,0.0,784.83
X00744,icefishball,all,fixed,fixed,15.0,60.0,12,673,-5690.52,0.6691,0.1738,-8.4555,6310.56,11506.92,-17197.44,3,0,False,"[-1289.5, -1781.76, -2619.26]",0.3393,0.2308,0.0,418.04
X01063,icefishball,long_only,atr_blend,atr_blend,1.5,1.0,24,215,-3530.1,0.6691,0.4884,-16.4191,4048.0,7137.3,-10667.4,3,0,False,"[-591.28, -1132.28, -1806.54]",0.4528,0.25,0.0,570.86
X01120,icefishball,long_only,atr_blend,atr_blend,1.5,1.0,48,215,-3530.1,0.6691,0.4884,-16.4191,4048.0,7137.3,-10667.4,3,0,False,"[-591.28, -1132.28, -1806.54]",0.4528,0.25,0.0,570.86
X00951,icefishball,long_only,atr_blend,atr_blend,1.5,2.0,6,214,-3738.86,0.6691,0.4019,-17.4713,4444.3,7558.86,-11297.72,3,0,False,"[-685.28, -1418.04, -1635.54]",0.4528,0.25,0.25,617.72
X00936,icefishball,long_only,atr,atr,1.5,4.0,6,217,-3832.08,0.669,0.3963,-17.6594,4623.52,7746.36,-11578.44,3,0,False,"[-923.52, -1320.78, -1587.78]",0.4528,0.3333,0.25,655.2
X01093,icefishball,long_only,fixed,fixed,60.0,30.0,48,201,-3383.74,0.6683,0.5771,-16.8345,4110.42,6816.16,-10199.9,3,0,False,"[-1445.08, -1375.58, -563.08]",0.3962,0.25,0.25,554.03
X01746,momentum_reversion,long_only,atr_blend,atr_blend,1.0,4.0,24,64,-871.36,0.6666,0.1875,-13.615,871.36,1742.12,-2613.48,3,0,False,"[-187.28, -341.54, -342.54]",0.1714,0.25,0.0,193.68
X02043,momentum_reversion,short_only,atr_blend,atr_blend,2.5,4.0,48,36,-1431.14,0.6665,0.3889,-39.7539,1566.56,2859.64,-4290.78,3,1,False,"[-884.88, 744.62, -1290.88]",0.3704,0.3636,0.25,398.42
X00939,icefishball,long_only,atr,atr,2.0,2.0,6,197,-3933.28,0.6664,0.4619,-19.9659,4655.22,7857.66,-11790.94,3,0,False,"[-809.84, -1324.34, -1799.1]",0.4906,0.3333,0.25,628.09
X01026,icefishball,long_only,range15_pct,range15_pct,1.25,2.0,12,180,-5034.7,0.6663,0.4111,-27.9706,5908.16,10052.24,-15086.94,3,1,False,"[-1806.9, -3570.4, 342.6]",0.4528,0.3333,0.25,832.56
X00858,icefishball,all,fixed,fixed,15.0,60.0,48,667,-5916.08,0.666,0.1499,-8.8697,6375.32,11797.0,-17713.08,3,0,False,"[-1345.52, -1835.28, -2735.28]",0.3214,0.1538,0.0,421.27
X01109,icefishball,long_only,atr,atr,2.0,1.5,48,195,-4761.3,0.6658,0.4615,-24.4169,5468.74,9486.9,-14248.2,3,0,False,"[-1367.6, -1481.6, -1912.1]",0.4717,0.25,0.0,794.94
X01024,icefishball,long_only,range15_pct,range15_pct,1.25,1.0,12,180,-4799.2,0.6651,0.4556,-26.6622,5823.48,9531.82,-14331.02,3,1,False,"[-1166.4, -3922.4, 289.6]",0.4717,0.3333,0.25,887.97
X02050,momentum_reversion,short_only,range15_pct,range15_pct,1.25,1.0,48,39,-1316.36,0.6651,0.4872,-33.7528,1728.38,2613.94,-3930.3,3,1,False,"[-474.62, 880.38, -1722.12]",0.4444,0.2727,0.25,255.93
X01057,icefishball,long_only,atr,atr,2.5,2.0,24,182,-5460.68,0.6625,0.4615,-30.0037,6209.88,10718.34,-16179.02,3,0,False,"[-1762.64, -1525.64, -2172.4]",0.4717,0.4167,0.0,885.32
X00956,icefishball,long_only,atr_blend,atr_blend,2.0,4.0,6,199,-4074.76,0.6616,0.4422,-20.4762,4819.2,7967.88,-12042.64,3,0,False,"[-1008.58, -1502.34, -1563.84]",0.4528,0.3333,0.0,627.72
X01665,momentum_reversion,long_only,fixed,fixed,60.0,120.0,12,55,-900.2,0.6602,0.4,-16.3673,1245.38,1748.72,-2648.92,3,1,False,"[-362.06, -883.32, 345.18]",0.4,0.1667,0.25,256.89
X00995,icefishball,long_only,atr,atr,2.0,1.5,12,195,-4372.3,0.66,0.4667,-22.4221,5040.24,8485.66,-12857.96,3,0,False,"[-1117.1, -1838.1, -1417.1]",0.4717,0.25,0.0,712.74
X01000,icefishball,long_only,atr,atr,2.5,2.0,12,184,-4908.16,0.6594,0.462,-26.6748,5563.86,9504.1,-14412.26,3,0,False,"[-1897.38, -1891.14, -1119.64]",0.4717,0.3333,0.0,757.6
X00944,icefishball,long_only,atr,atr,2.5,4.0,6,188,-4164.12,0.6588,0.4787,-22.1496,5234.0,8038.9,-12203.02,3,0,False,"[-1321.12, -1796.12, -1046.88]",0.4528,0.3333,0.25,666.37
X00920,icefishball,long_only,fixed,fixed,30.0,120.0,6,237,-3364.88,0.6576,0.2954,-14.1978,3809.62,6463.7,-9828.58,3,0,False,"[-820.46, -1600.46, -943.96]",0.3962,0.25,0.0,411.33
X00594,emapmo,short_only,atr,atr,1.5,4.0,24,87,-1846.88,0.6576,0.3448,-21.2285,2877.92,3546.3,-5393.18,3,0,False,"[-61.96, -839.46, -945.46]",0.2759,0.3333,0.25,469.41
X01036,icefishball,long_only,fixed,fixed,60.0,30.0,24,202,-3548.98,0.6537,0.5644,-17.5692,4275.66,6698.64,-10247.62,3,0,False,"[-1377.32, -1504.58, -667.08]",0.3962,0.25,0.25,572.73
X00965,icefishball,long_only,range15_pct,range15_pct,1.0,1.5,6,194,-4029.56,0.6518,0.4691,-20.7709,4864.2,7542.66,-11572.22,3,0,False,"[-861.1, -2142.6, -1025.86]",0.5283,0.3333,0.25,667.8
X01052,icefishball,long_only,atr,atr,2.0,1.5,24,195,-4943.3,0.6513,0.4615,-25.3503,5650.74,9232.4,-14175.7,3,0,False,"[-1343.6, -1741.6, -1858.1]",0.4717,0.25,0.0,785.06
X02051,momentum_reversion,short_only,range15_pct,range15_pct,1.25,1.5,48,39,-1504.36,0.6512,0.4103,-38.5733,1863.88,2808.66,-4313.02,3,1,False,"[-1104.62, 1457.88, -1857.62]",0.3704,0.4545,0.25,399.56
X01089,icefishball,long_only,fixed,fixed,30.0,30.0,48,240,-3057.6,0.6509,0.4042,-12.74,3943.2,5699.72,-8757.32,3,0,False,"[-699.2, -1899.2, -459.2]",0.3396,0.4167,0.25,480.76
X00940,icefishball,long_only,atr,atr,2.0,4.0,6,197,-4188.28,0.65,0.4518,-21.2603,4906.72,7777.64,-11965.92,3,0,False,"[-890.84, -1363.34, -1934.1]",0.4717,0.3333,0.25,647.27
X00962,icefishball,long_only,range15_pct,range15_pct,0.75,1.5,6,210,-4120.9,0.6493,0.419,-19.6233,4813.84,7630.88,-11751.78,3,0,False,"[-981.3, -1902.3, -1237.3]",0.5283,0.3333,0.0,667.97
X00967,icefishball,long_only,range15_pct,range15_pct,1.25,1.0,6,187,-4087.88,0.6482,0.4866,-21.8603,4902.82,7533.16,-11621.04,3,0,False,"[-598.62, -2442.38, -1046.88]",0.5094,0.3333,0.25,705.63
X00955,icefishball,long_only,atr_blend,atr_blend,2.0,2.0,6,199,-4162.26,0.6478,0.4523,-20.9159,4817.2,7655.9,-11818.16,3,0,False,"[-978.08, -1734.34, -1449.84]",0.4528,0.25,0.0,619.28
X01114,icefishball,long_only,atr,atr,2.5,2.0,48,180,-5934.2,0.6478,0.45,-32.9678,6683.4,10917.06,-16851.26,3,0,False,"[-1531.4, -1413.9, -2988.9]",0.4717,0.4167,0.0,973.12
X00975,icefishball,long_only,fixed,fixed,30.0,30.0,12,241,-3044.84,0.6475,0.4066,-12.6342,3921.94,5592.98,-8637.82,3,0,False,"[-731.44, -1899.2, -414.2]",0.3396,0.4167,0.25,472.54
X01032,icefishball,long_only,fixed,fixed,30.0,30.0,24,240,-3089.6,0.6461,0.4,-12.8733,3975.2,5640.96,-8730.56,3,0,False,"[-731.2, -1899.2, -459.2]",0.3396,0.4167,0.25,483.24
X00973,icefishball,long_only,fixed,fixed,15.0,120.0,12,269,-2608.56,0.6445,0.1264,-9.6972,2822.12,4728.84,-7337.4,3,0,False,"[-918.1, -946.6, -743.86]",0.3396,0.1667,0.0,189.48
X00918,icefishball,long_only,fixed,fixed,30.0,30.0,6,241,-2933.84,0.6438,0.4191,-12.1736,3756.52,5301.76,-8235.6,3,0,False,"[-471.44, -2127.7, -334.7]",0.3585,0.4167,0.25,447.67
X00618,emapmo,short_only,atr_blend,atr_blend,2.5,4.0,24,68,-1840.82,0.6436,0.3971,-27.0709,3077.84,3324.02,-5164.84,3,1,False,"[135.48, -850.02, -1126.28]",0.3793,0.5,0.5,586.56
X00943,icefishball,long_only,atr,atr,2.5,2.0,6,188,-4370.12,0.6419,0.484,-23.2453,5339.5,7832.16,-12202.28,3,0,False,"[-1240.12, -1757.12, -1372.88]",0.434,0.3333,0.0,660.76
X01130,icefishball,long_only,atr_blend,atr_blend,2.5,2.0,48,181,-5805.44,0.6419,0.453,-32.0743,6500.64,10407.32,-16212.76,3,0,False,"[-1764.64, -1317.4, -2723.4]",0.4906,0.3333,0.0,889.64
X01469,momentum_reversion,all,atr_blend,atr_blend,2.0,4.0,12,96,-1775.04,0.6417,0.375,-18.49,1775.04,3179.36,-4954.4,3,0,False,"[-790.18, -871.18, -113.68]",0.383,0.1667,0.0,327.1
X00994,icefishball,long_only,atr,atr,2.0,1.0,12,198,-4196.02,0.6409,0.5505,-21.192,4732.22,7489.34,-11685.36,3,0,False,"[-966.84, -1409.34, -1819.84]",0.4151,0.25,0.0,631.08
X01014,icefishball,long_only,atr_blend,atr_blend,2.5,1.0,12,187,-4133.38,0.6405,0.5989,-22.1036,4749.86,7362.62,-11496.0,3,0,False,"[-1251.62, -1350.88, -1530.88]",0.4151,0.3333,0.0,618.61
X00915,icefishball,long_only,fixed,fixed,15.0,60.0,6,269,-2439.56,0.6404,0.1896,-9.069,2767.28,4344.76,-6784.32,3,1,False,"[99.4, -1536.1, -1002.86]",0.3585,0.25,0.0,320.69
X00938,icefishball,long_only,atr,atr,2.0,1.5,6,197,-4094.78,0.6394,0.4822,-20.7857,4859.22,7261.2,-11355.98,3,0,False,"[-902.84, -1250.84, -1941.1]",0.434,0.25,0.25,676.67
X00949,icefishball,long_only,atr_blend,atr_blend,1.5,1.0,6,215,-3659.6,0.6385,0.4744,-17.0214,4282.5,6463.02,-10122.62,3,0,False,"[-688.28, -1388.28, -1583.04]",0.4151,0.25,0.0,556.29
X00685,icefishball,all,fixed,fixed,15.0,15.0,6,697,-4600.28,0.6383,0.4146,-6.6001,4818.86,8119.64,-12719.92,3,0,False,"[-1154.92, -1537.68, -1907.68]",0.25,0.0769,0.0,248.53
X01128,icefishball,long_only,atr_blend,atr_blend,2.5,1.0,48,186,-4349.14,0.6376,0.6075,-23.3825,5249.62,7651.88,-12001.02,3,0,False,"[-1541.38, -1568.88, -1238.88]",0.434,0.3333,0.25,647.9
X02042,momentum_reversion,short_only,atr_blend,atr_blend,2.5,2.0,48,38,-1428.62,0.6364,0.5,-37.5953,1586.66,2499.94,-3928.56,3,1,False,"[-761.62, 492.88, -1159.88]",0.4074,0.1818,0.25,234.83
X00651,emapmo,short_only,atr,atr,1.5,4.0,48,86,-2229.14,0.636,0.2558,-25.9202,2957.68,3894.22,-6123.36,3,0,False,"[-122.96, -1027.46, -1078.72]",0.2414,0.3333,0.25,368.02
X00742,icefishball,all,fixed,fixed,15.0,15.0,12,697,-4723.78,0.6326,0.4075,-6.7773,4952.86,8134.34,-12858.12,3,0,False,"[-1208.42, -1607.68, -1907.68]",0.2321,0.1538,0.0,249.98
X01010,icefishball,long_only,atr_blend,atr_blend,2.0,1.0,12,199,-4239.26,0.6322,0.5427,-21.3028,4690.12,7287.08,-11526.34,3,0,False,"[-1141.58, -1678.34, -1419.34]",0.4151,0.25,0.0,610.78
X00998,icefishball,long_only,atr,atr,2.5,1.0,12,188,-4420.12,0.6316,0.5957,-23.5113,4985.08,7576.62,-11996.74,3,0,False,"[-1423.12, -1338.12, -1658.88]",0.3962,0.25,0.0,631.28
X01081,icefishball,long_only,range15_pct,range15_pct,1.25,1.0,24,178,-6285.22,0.631,0.4607,-35.3102,7238.68,10749.82,-17035.04,3,0,False,"[-2064.4, -3921.66, -299.16]",0.434,0.3333,0.0,859.71
X01620,momentum_reversion,long_only,atr,atr,1.5,4.0,6,63,-824.62,0.6309,0.3968,-13.0892,949.28,1409.5,-2234.12,3,0,False,"[-294.04, -386.04, -144.54]",0.3429,0.1667,0.0,79.33
X01124,icefishball,long_only,atr_blend,atr_blend,2.0,1.0,48,199,-4366.26,0.6301,0.5427,-21.941,5138.62,7437.08,-11803.34,3,0,False,"[-1237.08, -1851.84, -1277.34]",0.434,0.3333,0.25,632.41
X02048,momentum_reversion,short_only,range15_pct,range15_pct,1.0,1.5,48,39,-1475.36,0.6299,0.359,-37.8297,1548.38,2511.14,-3986.5,3,1,False,"[-1034.62, 1101.38, -1542.12]",0.3333,0.2727,0.25,391.99
X00999,icefishball,long_only,atr,atr,2.5,1.5,12,184,-5056.66,0.628,0.5109,-27.4818,5751.86,8535.44,-13592.1,3,0,False,"[-1651.88, -2096.14, -1308.64]",0.4528,0.3333,0.0,799.38
X00958,icefishball,long_only,atr_blend,atr_blend,2.5,1.5,6,191,-4400.34,0.6261,0.5026,-23.0384,5154.8,7367.46,-11767.8,3,0,False,"[-1263.36, -1427.86, -1709.12]",0.4151,0.3333,0.25,694.41
X01071,icefishball,long_only,atr_blend,atr_blend,2.5,1.0,24,186,-4480.64,0.6258,0.6022,-24.0895,5212.12,7494.12,-11974.76,3,0,False,"[-1503.88, -1568.88, -1407.88]",0.4151,0.3333,0.25,642.95
X00799,icefishball,all,fixed,fixed,15.0,15.0,24,697,-4854.28,0.6256,0.4046,-6.9645,5083.36,8110.32,-12964.6,3,0,False,"[-1338.92, -1607.68, -1907.68]",0.2321,0.0769,0.0,246.93
X00856,icefishball,all,fixed,fixed,15.0,15.0,48,697,-4854.28,0.6256,0.4046,-6.9645,5083.36,8110.32,-12964.6,3,0,False,"[-1338.92, -1607.68, -1907.68]",0.2321,0.0769,0.0,246.93
X01113,icefishball,long_only,atr,atr,2.5,1.5,48,182,-5738.68,0.6239,0.511,-31.5312,6432.84,9520.18,-15258.86,3,0,False,"[-1713.64, -2287.14, -1737.9]",0.4528,0.25,0.0,852.77
X00959,icefishball,long_only,atr_blend,atr_blend,2.5,2.0,6,190,-4593.1,0.6199,0.4789,-24.1742,5278.56,7492.16,-12085.26,3,0,False,"[-1236.86, -1872.62, -1483.62]",0.4151,0.3333,0.0,651.68
X01056,icefishball,long_only,atr,atr,2.5,1.5,24,183,-5700.92,0.6199,0.5082,-31.1526,6395.08,9298.68,-14999.6,3,0,False,"[-1729.14, -1711.14, -2260.64]",0.4528,0.25,0.0,840.2
X00969,icefishball,long_only,range15_pct,range15_pct,1.25,2.0,6,187,-4579.88,0.6178,0.4706,-24.4913,5300.32,7402.88,-11982.76,3,0,False,"[-947.12, -2336.38, -1296.38]",0.5094,0.3333,0.0,685.01
X00937,icefishball,long_only,atr,atr,2.0,1.0,6,200,-4052.0,0.6176,0.535,-20.26,4658.96,6543.32,-10595.32,3,0,False,"[-688.58, -1413.08, -1950.34]",0.434,0.1667,0.25,629.41
X01067,icefishball,long_only,atr_blend,atr_blend,2.0,1.0,24,199,-4509.76,0.6175,0.5377,-22.6621,5113.12,7279.32,-11789.08,3,0,False,"[-1211.58, -1851.84, -1446.34]",0.4151,0.25,0.0,623.82
X00916,icefishball,long_only,fixed,fixed,15.0,120.0,6,269,-2712.56,0.6092,0.1673,-10.0839,2951.24,4228.7,-6941.26,3,0,False,"[-308.1, -1409.1, -995.36]",0.3208,0.25,0.0,298.93
X01734,momentum_reversion,long_only,atr,atr,1.5,4.0,24,61,-1221.14,0.6062,0.2295,-20.0187,1221.14,1880.14,-3101.28,3,0,False,"[-251.54, -368.3, -601.3]",0.2286,0.25,0.0,191.31
X00942,icefishball,long_only,atr,atr,2.5,1.5,6,188,-4665.12,0.6054,0.5,-24.8145,5516.08,7156.94,-11822.06,3,0,False,"[-1294.62, -1719.62, -1650.88]",0.4151,0.3333,0.25,729.25
X00941,icefishball,long_only,atr,atr,2.5,1.0,6,192,-4326.08,0.6023,0.5573,-22.5317,4963.06,6552.82,-10878.9,3,0,False,"[-1267.36, -1129.36, -1929.36]",0.434,0.3333,0.0,620.74
X00957,icefishball,long_only,atr_blend,atr_blend,2.5,1.0,6,192,-4286.08,0.6002,0.5469,-22.3233,5059.56,6435.8,-10721.88,3,0,False,"[-1150.86, -1552.36, -1582.86]",0.4151,0.3333,0.25,601.25
X00968,icefishball,long_only,range15_pct,range15_pct,1.25,1.5,6,187,-4793.88,0.5999,0.4706,-25.6357,5514.32,7188.88,-11982.76,3,0,False,"[-967.62, -2524.88, -1301.38]",0.4906,0.3333,0.0,695.68
X01689,momentum_reversion,long_only,atr_blend,atr_blend,1.0,4.0,12,65,-923.1,0.5973,0.2615,-14.2015,999.04,1368.92,-2292.02,3,0,False,"[-256.78, -588.78, -77.54]",0.2857,0.1667,0.0,160.76
X01086,icefishball,long_only,fixed,fixed,15.0,60.0,48,269,-2932.56,0.5954,0.1375,-10.9017,3247.52,4315.12,-7247.68,3,0,False,"[-340.6, -1461.6, -1130.36]",0.3396,0.25,0.0,309.71
X01029,icefishball,long_only,fixed,fixed,15.0,60.0,24,269,-2934.56,0.5934,0.1413,-10.9091,3296.78,4281.88,-7216.44,3,0,False,"[-342.6, -1461.6, -1130.36]",0.3585,0.25,0.0,299.78
X00953,icefishball,long_only,atr_blend,atr_blend,2.0,1.0,6,200,-4414.5,0.5932,0.515,-22.0725,4971.98,6438.28,-10852.78,3,0,False,"[-1158.08, -1656.58, -1599.84]",0.434,0.25,0.0,606.81
X01051,icefishball,long_only,atr,atr,2.0,1.0,24,198,-5238.52,0.5894,0.5455,-26.4572,5774.72,7518.58,-12757.1,3,0,False,"[-1166.84, -1600.84, -2470.84]",0.4151,0.25,0.0,664.3
X01108,icefishball,long_only,atr,atr,2.0,1.0,48,198,-5262.52,0.5883,0.5455,-26.5784,5798.72,7518.58,-12781.1,3,0,False,"[-1190.84, -1600.84, -2470.84]",0.4151,0.25,0.0,665.02
X00233,emapmo,long_only,fixed,fixed,30.0,15.0,6,159,-1817.16,0.5821,0.5535,-11.4287,2086.16,2530.88,-4348.04,3,0,False,"[-995.72, -635.72, -185.72]",0.4667,0.4286,0.6667,293.25
X00290,emapmo,long_only,fixed,fixed,30.0,15.0,12,159,-1817.16,0.5821,0.5535,-11.4287,2086.16,2530.88,-4348.04,3,0,False,"[-995.72, -635.72, -185.72]",0.4667,0.4286,0.6667,293.25
X00347,emapmo,long_only,fixed,fixed,30.0,15.0,24,159,-1817.16,0.5821,0.5535,-11.4287,2086.16,2530.88,-4348.04,3,0,False,"[-995.72, -635.72, -185.72]",0.4667,0.4286,0.6667,293.25
X00404,emapmo,long_only,fixed,fixed,30.0,15.0,48,159,-1817.16,0.5821,0.5535,-11.4287,2086.16,2530.88,-4348.04,3,0,False,"[-995.72, -635.72, -185.72]",0.4667,0.4286,0.6667,293.25
X01677,momentum_reversion,long_only,atr,atr,1.5,4.0,12,62,-1133.38,0.5805,0.2903,-18.2803,1133.38,1568.68,-2702.06,3,0,False,"[-240.04, -662.54, -230.8]",0.3143,0.1667,0.0,152.14
X01693,momentum_reversion,long_only,atr_blend,atr_blend,1.5,4.0,12,60,-1087.9,0.5785,0.3333,-18.1317,1087.9,1493.2,-2581.1,3,0,False,"[-329.8, -539.3, -218.8]",0.3143,0.1667,0.0,141.08
X00914,icefishball,long_only,fixed,fixed,15.0,30.0,6,273,-2710.52,0.5771,0.2454,-9.9286,2881.76,3698.92,-6409.44,3,0,False,"[-244.34, -1783.34, -682.84]",0.2264,0.25,0.0,277.49
X01055,icefishball,long_only,atr,atr,2.5,1.0,24,187,-5738.38,0.5735,0.5989,-30.6865,6262.34,7716.12,-13454.5,3,0,False,"[-1808.12, -1269.38, -2660.88]",0.3962,0.25,0.0,687.05
X00972,icefishball,long_only,fixed,fixed,15.0,60.0,12,269,-3054.56,0.5728,0.1487,-11.3552,3329.94,4095.4,-7149.96,3,0,False,"[-394.1, -1534.1, -1126.36]",0.3208,0.25,0.0,283.1
X01112,icefishball,long_only,atr,atr,2.5,1.0,48,187,-5773.88,0.572,0.5989,-30.8764,6297.84,7716.12,-13490.0,3,0,False,"[-1843.62, -1269.38, -2660.88]",0.3962,0.25,0.0,687.68
X00917,icefishball,long_only,fixed,fixed,30.0,15.0,6,248,-2872.52,0.5702,0.5444,-11.5827,3111.34,3811.6,-6684.12,3,0,False,"[-615.42, -1645.42, -611.68]",0.283,0.1667,0.0,269.96
X00971,icefishball,long_only,fixed,fixed,15.0,30.0,12,273,-2828.02,0.5669,0.2344,-10.359,2988.36,3701.14,-6529.16,3,0,False,"[-382.34, -1762.84, -682.84]",0.2453,0.25,0.0,274.34
X00974,icefishball,long_only,fixed,fixed,30.0,15.0,12,248,-2963.52,0.5661,0.5484,-11.9497,3162.84,3866.86,-6830.38,3,0,False,"[-778.92, -1572.92, -611.68]",0.283,0.1667,0.0,273.48
X01028,icefishball,long_only,fixed,fixed,15.0,30.0,24,273,-2858.52,0.5643,0.2308,-10.4708,3027.36,3701.88,-6560.4,3,0,False,"[-412.84, -1762.84, -682.84]",0.2453,0.25,0.0,276.96
X01085,icefishball,long_only,fixed,fixed,15.0,30.0,48,273,-2858.52,0.5643,0.2308,-10.4708,3027.36,3701.88,-6560.4,3,0,False,"[-412.84, -1762.84, -682.84]",0.2453,0.25,0.0,276.96
X01031,icefishball,long_only,fixed,fixed,30.0,15.0,24,248,-2999.52,0.5642,0.5444,-12.0948,3198.84,3882.6,-6882.12,3,0,False,"[-814.92, -1572.92, -611.68]",0.283,0.1667,0.0,274.17
X01088,icefishball,long_only,fixed,fixed,30.0,15.0,48,248,-3037.52,0.5611,0.5444,-12.2481,3236.84,3882.6,-6920.12,3,0,False,"[-852.92, -1572.92, -611.68]",0.283,0.1667,0.0,276.24
X01697,momentum_reversion,long_only,atr_blend,atr_blend,2.0,4.0,12,56,-1246.94,0.5551,0.3571,-22.2668,1246.94,1555.7,-2802.64,3,0,False,"[-369.06, -726.56, -151.32]",0.3714,0.1667,0.0,203.09
X01669,momentum_reversion,long_only,fixed,fixed,80.0,120.0,12,52,-1340.98,0.5518,0.3846,-25.7881,1491.9,1650.7,-2991.68,3,1,False,"[-299.32, -1192.58, 150.92]",0.4,0.25,0.0,277.51
X00229,emapmo,long_only,fixed,fixed,15.0,15.0,6,176,-1778.24,0.5007,0.3523,-10.1036,1922.04,1783.12,-3561.36,3,0,False,"[-703.16, -463.16, -611.92]",0.1333,0.0,0.0,167.62
X00286,emapmo,long_only,fixed,fixed,15.0,15.0,12,176,-1778.24,0.5007,0.3523,-10.1036,1922.04,1783.12,-3561.36,3,0,False,"[-703.16, -463.16, -611.92]",0.1333,0.0,0.0,167.62
X00343,emapmo,long_only,fixed,fixed,15.0,15.0,24,176,-1778.24,0.5007,0.3523,-10.1036,1922.04,1783.12,-3561.36,3,0,False,"[-703.16, -463.16, -611.92]",0.1333,0.0,0.0,167.62
X00400,emapmo,long_only,fixed,fixed,15.0,15.0,48,176,-1778.24,0.5007,0.3523,-10.1036,1922.04,1783.12,-3561.36,3,0,False,"[-703.16, -463.16, -611.92]",0.1333,0.0,0.0,167.62
X00913,icefishball,long_only,fixed,fixed,15.0,15.0,6,276,-2979.24,0.4736,0.3406,-10.7943,3005.52,2680.44,-5659.68,3,0,False,"[-476.08, -1429.08, -1074.08]",0.1698,0.0,0.0,200.55
X00970,icefishball,long_only,fixed,fixed,15.0,15.0,12,276,-3003.24,0.4718,0.3406,-10.8813,3029.52,2682.44,-5685.68,3,0,False,"[-495.08, -1434.08, -1074.08]",0.1698,0.0,0.0,200.76
X01027,icefishball,long_only,fixed,fixed,15.0,15.0,24,276,-3042.24,0.4679,0.337,-11.0226,3068.52,2674.68,-5716.92,3,0,False,"[-534.08, -1434.08, -1074.08]",0.1698,0.0,0.0,201.32
X01084,icefishball,long_only,fixed,fixed,15.0,15.0,48,276,-3042.24,0.4679,0.337,-11.0226,3068.52,2674.68,-5716.92,3,0,False,"[-534.08, -1434.08, -1074.08]",0.1698,0.0,0.0,201.32
