param_id,atr_len,st_mult,swing_len,fib,entry_mode,side,regime_mode,sl_base,tp_base,atr_regime_lookback,atr_regime_pct,atr_high_mult,atr_low_mult,max_hold_bars,is_trades,is_pnl,is_gross_gain,is_gross_loss,is_pf,is_max_dd,is_expect,is_win_rate,is_avg_hold,oos_trades,oos_pnl,oos_gross_gain,oos_gross_loss,oos_pf,oos_max_dd,oos_expect,oos_win_rate,oos_avg_hold
R0001,10,1.5,12,0.382,pullback,both,atr_sl_fixed_tp,8.0,16.0,96,0.7,1.25,1.0,24,518.0,10391.619531250273,271784.4390625011,261392.81953124885,1.0397548010304465,17763.43906249996,20.061041566120217,0.4092664092664093,10.482625482625483,237.0,-46480.6781250001,93183.95605468746,139664.63417968783,0.667197938848285,48208.84882812497,-196.12100474683587,0.29535864978902954,9.523206751054852
R0002,10,1.5,12,0.382,pullback,both,atr_sl_fixed_tp,8.0,16.0,96,0.7,1.5,1.0,24,501.0,6506.141406250044,268566.7609375009,262060.61953124902,1.024826856541397,16674.02929687511,12.986310192115857,0.42714570858283435,11.141716566866268,227.0,-36982.63906249994,97422.58535156242,134405.22441406274,0.7248422505618699,40134.6292968749,-162.91911481277506,0.32158590308370044,10.26431718061674
R0003,10,1.5,12,0.382,pullback,both,fixed_sl_atr_tp,8.0,16.0,96,0.7,1.25,1.0,24,524.0,12528.839062500174,265241.4488281257,252712.6097656239,1.0495774194810523,18510.960937499836,23.909998210878193,0.37595419847328243,10.444656488549619,240.0,-54372.073242187704,83451.96093750004,137824.03417968782,0.6054964319844223,54372.073242187704,-226.55030517578209,0.25,9.291666666666666
R0004,10,1.5,12,0.382,pullback,both,fixed_sl_atr_tp,8.0,16.0,96,0.7,1.5,1.0,24,517.0,12685.40000000011,266201.8097656256,253516.4097656239,1.0500377865548405,20447.14140624977,24.536557059961527,0.3655705996131528,10.742746615087041,239.0,-50188.2585937502,87445.78046875,137634.0390625004,0.6353499545925582,50188.2585937502,-209.99271378138158,0.24686192468619247,9.305439330543933
R0005,10,1.5,12,0.382,pullback,both,atr_sl_fixed_tp,8.0,20.0,96,0.7,1.25,1.0,24,489.0,15741.780468750336,267968.01953125076,252226.23906249902,1.0624113515202163,18424.40976562487,32.191780099693936,0.3885480572597137,11.680981595092025,232.0,-49941.70253906262,93028.12187500001,142969.82441406278,0.6506836128271106,49941.70253906262,-215.2659592200975,0.2629310344827586,9.969827586206897
R0006,10,1.5,12,0.382,pullback,both,atr_sl_fixed_tp,8.0,20.0,96,0.7,1.5,1.0,24,469.0,17637.80976562513,266480.4292968756,248842.61953124925,1.070879376687366,15709.16093749996,37.60727028917938,0.4093816631130064,12.437100213219615,220.0,-37686.063476562376,98496.751171875,136182.8146484377,0.7232685814737269,39111.84394531235,-171.30028852982898,0.2909090909090909,10.881818181818181
R0007,10,1.5,12,0.382,pullback,both,fixed_sl_atr_tp,8.0,20.0,96,0.7,1.25,1.0,24,501.0,14486.14140625036,263213.57070312556,248727.4292968739,1.0582410289335697,20519.52187499976,28.91445390469134,0.35528942115768464,11.379241516966069,239.0,-47468.287890625055,91963.34628906254,139431.6341796878,0.6595586921870821,48593.46835937494,-198.6120832243726,0.2384937238493724,9.485355648535565
R0008,10,1.5,12,0.382,pullback,both,fixed_sl_atr_tp,8.0,20.0,96,0.7,1.5,1.0,24,493.0,23046.502343750322,266757.3511718754,243710.8488281239,1.0945649422443435,19215.721874999752,46.74746925710004,0.359026369168357,11.797160243407708,237.0,-45900.67812500006,91923.3560546875,137824.03417968782,0.6669617284227989,47525.858593749945,-193.67374736286945,0.24050632911392406,9.632911392405063
R0009,10,1.5,12,0.382,pullback,both,atr_sl_fixed_tp,8.0,24.0,96,0.7,1.25,1.0,24,474.0,17038.89765625047,267137.4976562508,250098.59999999902,1.06812872065758,24516.59023437472,35.947041468882844,0.37341772151898733,12.367088607594937,226.0,-41328.89277343758,97421.93164062499,138750.82441406284,0.7021358759634941,43787.873242187394,-182.8712069621132,0.26548672566371684,10.526548672566372
R0010,10,1.5,12,0.382,pullback,both,atr_sl_fixed_tp,8.0,24.0,96,0.7,1.5,1.0,24,456.0,20447.33671875032,268376.09765625064,247928.76093749926,1.0824726289980773,17800.209765624917,44.840650699013864,0.39473684210526316,13.081140350877194,216.0,-30620.863476562412,103010.55117187498,133631.41464843779,0.770855800957273,34289.853710937314,-141.76325683593709,0.2916666666666667,11.36574074074074
R0011,10,1.5,12,0.382,pullback,both,fixed_sl_atr_tp,8.0,24.0,96,0.7,1.25,1.0,24,485.0,29557.029296875306,269212.65859375044,239655.629296874,1.1233312540314362,21855.70234374976,60.94232844716558,0.35670103092783506,12.158762886597938,234.0,-41679.278125000026,93733.3560546875,135412.63417968786,0.6922053959182759,44914.44882812489,-178.1165731837608,0.24358974358974358,9.982905982905983
R0012,10,1.5,12,0.382,pullback,both,fixed_sl_atr_tp,8.0,24.0,96,0.7,1.5,1.0,24,481.0,27282.258593750437,265654.06835937547,238371.8097656241,1.1144525379094796,23269.873046874636,56.719872336279494,0.35343035343035345,12.411642411642411,233.0,-40615.497656250096,93189.53652343742,133805.03417968788,0.6964576265366251,41520.65859374989,-174.31544058476436,0.24892703862660945,10.17596566523605
R0013,10,1.5,12,0.382,pullback,both,atr_sl_fixed_tp,10.0,16.0,96,0.7,1.25,1.0,24,470.0,-216.01953125001506,265470.6195312509,265686.6390624992,0.9991869386732786,21822.360937499994,-0.45961602393620227,0.4531914893617021,12.163829787234043,214.0,-39123.2097656248,99021.20488281248,138144.41464843758,0.7167948493235186,41960.43906249987,-182.8187372225458,0.35514018691588783,11.24766355140187
R0014,10,1.5,12,0.382,pullback,both,atr_sl_fixed_tp,10.0,16.0,96,0.7,1.5,1.0,24,455.0,7740.941406250042,267062.96093750093,259322.01953124945,1.0298506907367295,21814.97070312483,17.013058035714376,0.4725274725274725,12.824175824175825,209.0,-52654.209765624924,94232.60488281248,146886.8146484375,0.641532087875628,52654.209765624924,-251.93401801734413,0.3492822966507177,11.569377990430622
R0015,10,1.5,12,0.382,pullback,both,fixed_sl_atr_tp,10.0,16.0,96,0.7,1.25,1.0,24,467.0,13205.351171875083,264297.6000000008,251092.2488281243,1.0525916320934132,24886.81953124996,28.276983237419877,0.42398286937901497,12.237687366167023,223.0,-54537.44882812509,91989.14628906251,146526.59511718765,0.627798292968538,54537.44882812509,-244.5625507987672,0.29596412556053814,10.614349775784753
R0016,10,1.5,12,0.382,pullback,both,fixed_sl_atr_tp,10.0,16.0,96,0.7,1.5,1.0,24,463.0,15740.521875000028,269334.17070312577,253593.64882812437,1.0620698584043393,28679.258593749895,33.99680750539963,0.41252699784017277,12.485961123110151,221.0,-52349.83417968764,93986.76582031249,146336.60000000024,0.642264244353855,52349.83417968764,-236.87707773614318,0.2895927601809955,10.678733031674208
R0017,10,1.5,12,0.382,pullback,both,atr_sl_fixed_tp,10.0,20.0,96,0.7,1.25,1.0,24,439.0,8791.829296874943,261351.8585937505,252560.02929687442,1.0348108500040663,18740.20000000001,20.026946006548844,0.4305239179954442,13.548974943052391,211.0,-41891.81464843722,101441.59023437508,143333.40488281252,0.7077316716037854,47009.03417968734,-198.53940591676408,0.3222748815165877,11.644549763033176
R0018,10,1.5,12,0.382,pullback,both,atr_sl_fixed_tp,10.0,20.0,96,0.7,1.5,1.0,24,422.0,8716.341406250083,253857.9511718756,245141.6097656246,1.0355563521614488,18092.86835937491,20.654837455568916,0.45023696682464454,14.386255924170616,206.0,-50152.84394531236,99915.36093749998,150068.20488281242,0.6657996676612706,51423.84394531246,-243.4604075015163,0.32524271844660196,11.927184466019417
R0019,10,1.5,12,0.382,pullback,both,fixed_sl_atr_tp,10.0,20.0,96,0.7,1.25,1.0,24,452.0,13112.341406250282,264759.7707031257,251647.42929687427,1.0521060018093111,22865.468359374787,29.009604881084694,0.39601769911504425,13.055309734513274,221.0,-48609.86347656244,99924.33164062505,148534.19511718763,0.6727362110912487,48693.273242187395,-219.95413337811058,0.28054298642533937,10.855203619909503
R0020,10,1.5,12,0.382,pullback,both,fixed_sl_atr_tp,10.0,20.0,96,0.7,1.5,1.0,24,448.0,18077.50234375019,268033.55117187544,249956.04882812419,1.072322724048906,21361.66835937478,40.35156773158525,0.39732142857142855,13.328125,220.0,-45926.0537109375,101604.34140625,147530.39511718764,0.6887010729249572,46693.27324218744,-208.75478959517045,0.2818181818181818,10.922727272727272
R0021,10,1.5,12,0.382,pullback,both,atr_sl_fixed_tp,10.0,24.0,96,0.7,1.25,1.0,24,428.0,18473.64882812515,268826.03906250064,250352.3902343745,1.0737905829891679,19659.76093749979,43.16273090683447,0.4205607476635514,14.19392523364486,207.0,-32936.62441406239,107395.38046874997,140332.00488281262,0.7652949913915423,39367.643945312455,-159.11412760416613,0.32367149758454106,12.169082125603865
R0022,10,1.5,12,0.382,pullback,both,atr_sl_fixed_tp,10.0,24.0,96,0.7,1.5,1.0,24,410.0,6542.04882812512,251803.61953125065,245261.57070312466,1.0266737622586817,23350.326953124724,15.956216653963708,0.43414634146341463,15.134146341463415,202.0,-40947.653710937506,105869.15117187488,146816.80488281255,0.7210969565532938,44001.8634765625,-202.71115698483914,0.32673267326732675,12.46039603960396
R0023,10,1.5,12,0.382,pullback,both,fixed_sl_atr_tp,10.0,24.0,96,0.7,1.25,1.0,24,439.0,23821.85859375027,267908.85859375045,244086.99999999927,1.0975957695155878,23481.609765624704,54.26391479214184,0.39635535307517084,13.799544419134396,216.0,-41550.89277343763,101058.11210937497,142609.0048828128,0.7086376641672679,46168.102539062515,-192.3652443214705,0.2824074074074074,11.412037037037036
R0024,10,1.5,12,0.382,pullback,both,fixed_sl_atr_tp,10.0,24.0,96,0.7,1.5,1.0,24,436.0,23743.287890625277,266146.4683593755,242403.18046874937,1.0979495724631678,24211.59999999967,54.45708231794789,0.3944954128440367,14.036697247706423,213.0,-44279.51230468771,96321.8925781249,140601.4048828128,0.6850706268433547,47166.71230468752,-207.8850342943085,0.28169014084507044,11.741784037558686
R0025,10,1.5,12,0.382,pullback,both,atr_sl_fixed_tp,12.0,16.0,96,0.7,1.25,1.0,24,439.0,3481.6046874998074,262350.53164062585,258868.92695312455,1.0134492954735033,21922.248828125026,7.930762386104345,0.48519362186788156,13.548974943052391,200.0,-58949.97070312508,90676.40000000005,149626.37070312502,0.606018842627092,59582.42929687515,-294.7498535156254,0.36,12.325
R0026,10,1.5,12,0.382,pullback,both,atr_sl_fixed_tp,12.0,16.0,96,0.7,1.5,1.0,24,429.0,9929.633984374925,267179.1218750009,257249.48789062462,1.0385992371288921,27522.09765625009,23.145999963577914,0.5034965034965035,14.06060606060606,199.0,-71046.17558593766,90676.40000000005,161722.57558593748,0.5606910455851334,71046.17558593766,-357.0159577182797,0.36180904522613067,12.492462311557789
R0027,10,1.5,12,0.382,pullback,both,fixed_sl_atr_tp,12.0,16.0,96,0.7,1.25,1.0,24,438.0,-884.5269531253036,256637.59023437553,257522.11718749945,0.9965652388898314,30997.858593750112,-2.0194679295098257,0.4520547945205479,13.502283105022832,204.0,-50795.18046874981,93133.9804687501,143929.1609375001,0.6470820774755484,55023.83906249988,-248.99598268995004,0.3431372549019608,12.127450980392156
R0028,10,1.5,12,0.382,pullback,both,fixed_sl_atr_tp,12.0,16.0,96,0.7,1.5,1.0,24,435.0,6306.882812499655,264182.79023437557,257875.90742187446,1.024457045543938,26616.46835937508,14.498581178160126,0.4459770114942529,13.73793103448276,203.0,-52231.36582031228,93881.60976562514,146112.9755859376,0.6425275331581203,56025.22441406235,-257.2973685729669,0.33497536945812806,12.211822660098521
R0029,10,1.5,12,0.382,pullback,both,atr_sl_fixed_tp,12.0,20.0,96,0.7,1.25,1.0,24,410.0,-6988.097656250192,246609.3414062505,253597.43906249953,0.9724441316044725,24046.575781250136,-17.04414062500047,0.4560975609756098,14.975609756097562,197.0,-59088.60976562508,95329.15117187501,154417.7609375,0.617345767696108,61321.03906250017,-299.94218155139635,0.3350253807106599,12.690355329949238
R0030,10,1.5,12,0.382,pullback,both,atr_sl_fixed_tp,12.0,20.0,96,0.7,1.5,1.0,24,400.0,-4660.058593750046,248685.52187500047,253345.58046874948,0.9816059211093132,30602.795312500075,-11.650146484375115,0.47,15.485,196.0,-67384.81464843772,97325.35117187501,164710.16582031245,0.5908885507288623,68721.04394531282,-343.8000747369272,0.34183673469387754,12.83673469387755
R0031,10,1.5,12,0.382,pullback,both,fixed_sl_atr_tp,12.0,20.0,96,0.7,1.25,1.0,24,421.0,2150.121874999863,257762.18046875045,255612.05859374942,1.0084116605720008,21318.40976562498,5.107177850355969,0.42992874109263657,14.441805225653207,203.0,-50191.39999999969,98519.17070312517,148710.57070312498,0.662489359278983,56673.84882812479,-247.24827586206743,0.3251231527093596,12.408866995073891
R0032,10,1.5,12,0.382,pullback,both,fixed_sl_atr_tp,12.0,20.0,96,0.7,1.5,1.0,24,416.0,11079.092578124724,261732.17070312513,250653.07812499942,1.0442009037391538,19614.609765624962,26.63243408203059,0.43509615384615385,14.807692307692308,203.0,-46751.39999999976,101959.17070312508,148710.57070312498,0.6856215413675535,53673.84882812483,-230.302463054186,0.3251231527093596,12.52216748768473
R0033,10,1.5,12,0.382,pullback,both,atr_sl_fixed_tp,12.0,24.0,96,0.7,1.25,1.0,24,398.0,-4572.409765625105,246847.4292968755,251419.83906249958,0.9818136477110406,27761.34648437499,-11.488466747801771,0.44472361809045224,15.728643216080402,192.0,-49509.60488281261,100052.95605468743,149562.56093750012,0.6689705995105153,53367.23417968764,-257.86252543131565,0.3385416666666667,13.34375
R0034,10,1.5,12,0.382,pullback,both,atr_sl_fixed_tp,12.0,24.0,96,0.7,1.5,1.0,24,388.0,-184.42929687496263,250069.76093750045,250254.19023437455,0.9992630321326433,34917.566015624936,-0.4753332393684604,0.46134020618556704,16.288659793814432,190.0,-57132.01953125021,102422.94628906244,159554.9658203126,0.6419289162357315,60843.44882812524,-300.694839638159,0.34210526315789475,13.521052631578947
R0035,10,1.5,12,0.382,pullback,both,fixed_sl_atr_tp,12.0,24.0,96,0.7,1.25,1.0,24,407.0,22303.399999999823,265337.4488281252,243034.04882812448,1.0917706803122629,18814.60976562495,54.799508599508165,0.4348894348894349,15.277641277641278,199.0,-40016.18535156241,104139.1853515625,144155.3707031251,0.7224093340651712,48698.63417968742,-201.08635855056488,0.3316582914572864,13.040201005025125
R0036,10,1.5,12,0.382,pullback,both,fixed_sl_atr_tp,12.0,24.0,96,0.7,1.5,1.0,24,404.0,16164.887890624741,260336.5171875001,244171.62929687457,1.0662029734460736,20464.99023437501,40.01209873917015,0.42574257425742573,15.542079207920793,197.0,-37458.604882812426,104289.1658203125,141747.77070312513,0.7357376084505378,45701.04394531242,-190.14520245082448,0.3350253807106599,13.314720812182742
R0037,10,1.5,12,0.5,pullback,both,atr_sl_fixed_tp,8.0,16.0,96,0.7,1.25,1.0,24,435.0,-20373.08789062473,205654.33164062555,226027.41953124927,0.9098645291227286,40636.05859374988,-46.83468480603386,0.3724137931034483,10.825287356321839,216.0,-65810.7804687503,68439.60488281239,134250.3853515628,0.5097907518372399,66546.97070312516,-304.6795392071773,0.26851851851851855,8.98611111111111
R0038,10,1.5,12,0.5,pullback,both,atr_sl_fixed_tp,8.0,16.0,96,0.7,1.5,1.0,24,423.0,-10807.47812499987,210205.31210937555,221012.79023437455,0.951100214093772,38710.6781250001,-25.549593676122626,0.3947990543735225,11.505910165484634,209.0,-69414.20000000027,67145.80488281243,136560.00488281273,0.49169451143790427,69500.41953125026,-332.12535885167597,0.2822966507177033,9.401913875598087
R0039,10,1.5,12,0.5,pullback,both,fixed_sl_atr_tp,8.0,16.0,96,0.7,1.25,1.0,24,441.0,-30715.76093749966,193007.64882812553,223723.40976562427,0.8627065403228165,52737.76093749977,-69.65025155895614,0.3356009070294785,10.820861678004535,218.0,-62108.40000000026,65168.585351562404,127276.98535156288,0.5120217545344475,62108.40000000026,-284.9009174311939,0.24311926605504589,8.793577981651376
R0040,10,1.5,12,0.5,pullback,both,fixed_sl_atr_tp,8.0,16.0,96,0.7,1.5,1.0,24,435.0,-32722.8925781248,190196.71718750038,222919.60976562428,0.853207653590779,52628.7218749998,-75.2250404094823,0.32873563218390806,11.091954022988507,216.0,-66100.80000000028,61979.98535156241,128080.78535156288,0.4839132207179749,66100.80000000028,-306.0222222222235,0.23148148148148148,8.98611111111111
R0041,10,1.5,12,0.5,pullback,both,atr_sl_fixed_tp,8.0,20.0,96,0.7,1.25,1.0,24,413.0,-17639.390234374503,202935.20976562562,220574.59999999928,0.9200298210475109,45420.21953124978,-42.71038797669371,0.35351089588377727,11.970944309927361,212.0,-64335.55117187534,69914.83417968736,134250.3853515628,0.5207793928978356,64421.77070312532,-303.46958099941196,0.25471698113207547,9.528301886792454
R0042,10,1.5,12,0.5,pullback,both,atr_sl_fixed_tp,8.0,20.0,96,0.7,1.5,1.0,24,403.0,-5971.390234374584,211146.20976562562,217117.59999999954,0.9724969775164523,44097.45859374991,-14.817345494726014,0.3746898263027295,12.555831265508685,205.0,-66888.96093750023,69671.04394531244,136560.00488281273,0.5101863023884613,66975.18046875022,-326.28761432926945,0.2682926829268293,9.980487804878049
R0043,10,1.5,12,0.5,pullback,both,fixed_sl_atr_tp,8.0,20.0,96,0.7,1.25,1.0,24,424.0,-29101.141406249728,190937.05859375038,220038.19999999928,0.8677450487858517,49385.370703124856,-68.63476746757011,0.31839622641509435,11.608490566037736,214.0,-65733.17070312536,62347.61464843739,128080.78535156288,0.486783513056251,65733.17070312536,-307.16434908002503,0.22429906542056074,9.336448598130842
R0044,10,1.5,12,0.5,pullback,both,fixed_sl_atr_tp,8.0,20.0,96,0.7,1.5,1.0,24,422.0,-26573.531640624675,193704.65859375038,220278.19023437428,0.8793637644636999,46891.56093749983,-62.97045412470302,0.31516587677725116,11.729857819905213,212.0,-64835.541406250326,61637.64394531243,126473.18535156288,0.48735740919291043,64835.541406250326,-305.8280255011808,0.22641509433962265,9.5
R0045,10,1.5,12,0.5,pullback,both,atr_sl_fixed_tp,8.0,24.0,96,0.7,1.25,1.0,24,402.0,-22507.52187499961,195509.4781250004,218016.99999999933,0.8967625374397455,46075.94140624975,-55.988860385571165,0.3407960199004975,12.713930348258707,206.0,-64212.77070312539,67626.21464843735,131838.98535156285,0.5129455029413702,65490.36093750028,-311.71247914138536,0.24757281553398058,10.087378640776699
R0046,10,1.5,12,0.5,pullback,both,atr_sl_fixed_tp,8.0,24.0,96,0.7,1.5,1.0,24,392.0,-24879.473046874755,194015.7074218754,218895.18046874958,0.8863406997193981,49826.95117187489,-63.468043486925396,0.3520408163265306,13.306122448979592,199.0,-68076.14140625023,66646.2439453125,134722.38535156273,0.4946931704883106,68467.5218750002,-342.09116284547855,0.2562814070351759,10.442211055276381
R0047,10,1.5,12,0.5,pullback,both,fixed_sl_atr_tp,8.0,24.0,96,0.7,1.25,1.0,24,418.0,-22558.31210937478,195308.4781250003,217866.79023437432,0.8964582344784789,43006.32187499985,-53.9672538501789,0.3157894736842105,12.086124401913876,209.0,-64894.112109375346,60775.27324218743,125669.38535156287,0.48361240147842904,64894.112109375346,-310.49814406399685,0.22009569377990432,9.717703349282298
R0048,10,1.5,12,0.5,pullback,both,fixed_sl_atr_tp,8.0,24.0,96,0.7,1.5,1.0,24,415.0,-23366.89257812481,192892.29765625022,216259.19023437434,0.8919495973660131,46114.892578124825,-56.30576524849352,0.3156626506024096,12.310843373493976,208.0,-64940.307226562865,59925.27812499992,124865.58535156287,0.4799182893851694,64940.307226562865,-312.2130155123215,0.22115384615384615,9.860576923076923
R0049,10,1.5,12,0.5,pullback,both,atr_sl_fixed_tp,10.0,16.0,96,0.7,1.25,1.0,24,403.0,-15711.54648437502,213270.11210937548,228981.65859374966,0.9313851311023605,38521.52695312505,-38.98646770316382,0.42431761786600497,12.660049627791564,202.0,-75317.5511718754,68944.42441406238,144261.97558593765,0.4779112731129334,75403.77070312538,-372.8591642172049,0.3069306930693069,10.217821782178218
R0050,10,1.5,12,0.5,pullback,both,atr_sl_fixed_tp,10.0,16.0,96,0.7,1.5,1.0,24,396.0,-11994.985546875023,216897.2925781255,228892.2781249997,0.9475954993102753,31804.966015625047,-30.290367542613694,0.44696969696969696,13.20959595959596,191.0,-71095.76582031284,68944.42441406233,140040.19023437513,0.492318842888424,71181.98535156282,-372.22914042048603,0.32460732984293195,11.094240837696335
R0051,10,1.5,12,0.5,pullback,both,fixed_sl_atr_tp,10.0,16.0,96,0.7,1.25,1.0,24,404.0,-24805.239062499724,204089.60976562556,228894.84882812438,0.8916304181177755,51219.24882812477,-61.39910659034585,0.3910891089108911,12.569306930693068,206.0,-71502.7316406254,68649.62441406235,140152.35605468773,0.48982140826284165,71588.95117187538,-347.1006390321621,0.2815533980582524,10.009708737864077
R0052,10,1.5,12,0.5,pullback,both,fixed_sl_atr_tp,10.0,16.0,96,0.7,1.5,1.0,24,396.0,-27854.79023437482,198776.25859375045,226631.04882812448,0.8770919060807996,51242.60976562482,-70.3403793797344,0.3813131313131313,13.01010101010101,203.0,-74691.33164062547,65461.02441406235,140152.35605468773,0.46707045287572135,75098.95117187528,-367.9375942887954,0.270935960591133,10.261083743842365
R0053,10,1.5,12,0.5,pullback,both,atr_sl_fixed_tp,10.0,20.0,96,0.7,1.25,1.0,24,387.0,-19380.570703124828,211534.82929687545,230915.3999999996,0.9160706877794891,50059.64882812496,-50.078994064922036,0.3979328165374677,13.560723514211887,198.0,-73312.3121093754,70949.66347656242,144261.9755859377,0.4918112564893948,73398.53164062538,-370.26420257260304,0.29292929292929293,10.83838383838384
R0054,10,1.5,12,0.5,pullback,both,atr_sl_fixed_tp,10.0,20.0,96,0.7,1.5,1.0,24,380.0,-14053.980468749814,214892.0292968755,228946.00976562465,0.9386144336687221,41313.07812499998,-36.98415912828899,0.42105263157894735,14.134210526315789,189.0,-65098.126757812744,74942.06347656237,140040.19023437516,0.5351468271439596,65273.32675781257,-344.43453311012036,0.31746031746031744,11.613756613756614
R0055,10,1.5,12,0.5,pullback,both,fixed_sl_atr_tp,10.0,20.0,96,0.7,1.25,1.0,24,387.0,-28020.56093749982,198224.2585937504,226244.81953124946,0.8761493810308933,49339.619531249875,-72.40455022609773,0.3643410852713178,13.478036175710594,200.0,-71789.92187500052,66354.83417968733,138144.7560546878,0.4803282880561838,72151.33164062527,-358.94960937500264,0.27,10.71
R0056,10,1.5,12,0.5,pullback,both,fixed_sl_atr_tp,10.0,20.0,96,0.7,1.5,1.0,24,384.0,-27519.160937499884,198161.84882812534,225681.00976562448,0.8780616899663889,48221.0292968749,-71.66448160807262,0.3619791666666667,13.700520833333334,199.0,-70106.11210937554,67034.8439453123,137140.95605468782,0.4888025129311535,70651.33164062526,-352.29202065012834,0.271356783919598,10.77889447236181
R0057,10,1.5,12,0.5,pullback,both,atr_sl_fixed_tp,10.0,24.0,96,0.7,1.25,1.0,24,375.0,-35584.873046875,194514.2976562504,230099.1707031246,0.8453498422522085,54435.53164062499,-94.89299479166667,0.376,14.493333333333334,192.0,-73639.49257812538,67924.86347656247,141564.35605468776,0.47981614418761176,73725.71210937537,-383.53902384440306,0.28125,11.416666666666666
R0058,10,1.5,12,0.5,pullback,both,atr_sl_fixed_tp,10.0,24.0,96,0.7,1.5,1.0,24,368.0,-30548.233984374812,199335.34648437548,229883.58046874963,0.867114328382723,46898.93164062491,-83.01150539232286,0.3967391304347826,15.07336956521739,182.0,-66331.51210937531,71171.05859374988,137502.57070312515,0.5175980218392551,66417.7316406253,-364.4588577438204,0.3021978021978022,12.302197802197803
R0059,10,1.5,12,0.5,pullback,both,fixed_sl_atr_tp,10.0,24.0,96,0.7,1.25,1.0,24,381.0,-23527.7121093749,199615.6781250003,223143.39023437444,0.8945623615171292,45079.551171874846,-61.75252522145643,0.36220472440944884,14.078740157480315,197.0,-69658.52187500054,67072.43417968736,136730.95605468788,0.4905431521510067,70987.55117187534,-353.5965577411195,0.2639593908629442,11.030456852791879
R0060,10,1.5,12,0.5,pullback,both,fixed_sl_atr_tp,10.0,24.0,96,0.7,1.5,1.0,24,380.0,-21993.90234374992,200145.68789062524,222139.59023437445,0.9009906234159163,44045.7316406248,-57.878690378289264,0.3631578947368421,14.244736842105263,196.0,-68904.71699218806,66822.43906249985,135727.1560546879,0.49232917718820696,70833.74628906285,-351.5546785315717,0.2653061224489796,11.183673469387756
R0061,10,1.5,12,0.5,pullback,both,atr_sl_fixed_tp,12.0,16.0,96,0.7,1.25,1.0,24,389.0,-22508.40507812492,217153.50234375053,239661.90742187458,0.9060826757149073,42346.01484374995,-57.862223851220875,0.45758354755784064,13.77892030848329,190.0,-85421.98535156285,68298.21953124985,153720.2048828125,0.4443021630326118,85508.20488281283,-449.58939658717287,0.32105263157894737,11.436842105263159
R0062,10,1.5,12,0.5,pullback,both,atr_sl_fixed_tp,12.0,16.0,96,0.7,1.5,1.0,24,383.0,-23715.605078124783,215679.66328125057,239395.26835937458,0.9009353641755246,49990.824609374904,-61.92063989066523,0.46736292428198434,14.302872062663186,189.0,-99528.18535156283,65105.81953124986,164634.0048828124,0.39545791027553884,99614.40488281281,-526.6041552992742,0.31216931216931215,11.576719576719576
R0063,10,1.5,12,0.5,pullback,both,fixed_sl_atr_tp,12.0,16.0,96,0.7,1.25,1.0,24,386.0,-18576.829296874745,213219.19023437556,231796.0195312496,0.9198569961018266,51242.10742187488,-48.126500769105554,0.43005181347150256,13.963730569948186,199.0,-88226.14140625038,67509.6195312499,155735.76093750005,0.4334882311220921,88312.36093750036,-443.34744425251444,0.2914572864321608,10.693467336683417
R0064,10,1.5,12,0.5,pullback,both,fixed_sl_atr_tp,12.0,16.0,96,0.7,1.5,1.0,24,379.0,-32580.17070312481,201167.24882812548,233747.41953124964,0.8606180518764249,55663.45859374991,-85.96351109003908,0.41160949868073876,14.419525065963061,196.0,-91774.71210937537,63121.02929687496,154895.74140625008,0.4075065506889915,91860.93164062535,-468.23832708864984,0.28061224489795916,11.010204081632653
R0065,10,1.5,12,0.5,pullback,both,atr_sl_fixed_tp,12.0,20.0,96,0.7,1.25,1.0,24,371.0,-23139.712109374825,215292.03906250044,238431.75117187452,0.9029503747062038,48756.42929687487,-62.37119166947392,0.431266846361186,14.846361185983827,187.0,-78420.51699218786,74295.85859374989,152716.37558593758,0.48649569051579294,78506.73652343784,-419.36105343415966,0.3155080213903743,12.06951871657754
R0066,10,1.5,12,0.5,pullback,both,atr_sl_fixed_tp,12.0,20.0,96,0.7,1.5,1.0,24,368.0,-28458.390234374758,213490.59023437547,241948.98046874956,0.882378548654187,60352.697656249824,-77.33258215862706,0.4429347826086957,15.282608695652174,186.0,-93326.71699218787,70303.45859374989,163630.17558593748,0.42964849449071807,93412.93652343785,-501.75654296875194,0.3064516129032258,12.188172043010752
R0067,10,1.5,12,0.5,pullback,both,fixed_sl_atr_tp,12.0,20.0,96,0.7,1.25,1.0,24,370.0,-30345.90234374989,204075.24882812536,234421.1511718746,0.8705496402860848,53347.82929687486,-82.01595228040512,0.3945945945945946,14.867567567567567,192.0,-86919.49257812536,64364.848828124996,151284.34140625014,0.42545611944915956,87005.71210937534,-452.7056905110696,0.28125,11.5625
R0068,10,1.5,12,0.5,pullback,both,fixed_sl_atr_tp,12.0,20.0,96,0.7,1.5,1.0,24,367.0,-29344.50234374999,204512.83906250025,233857.34140624962,0.8745196444666109,52921.63906249996,-79.9577720538147,0.3923705722070845,15.130790190735695,192.0,-86689.5023437504,65544.85859374997,152234.36093750017,0.4305523285945899,86775.72187500038,-451.5078247070333,0.28125,11.578125
R0069,10,1.5,12,0.5,pullback,both,atr_sl_fixed_tp,12.0,24.0,96,0.7,1.25,1.0,24,359.0,-38024.06328124995,198521.4976562503,236545.56093749954,0.8392526871755754,50987.35117187484,-105.9166108112812,0.40947075208913647,15.88857938718663,180.0,-79253.90234375032,70524.8537109374,149778.75605468755,0.4708601911821675,79340.1218750003,-440.29945746527954,0.3,12.75
R0070,10,1.5,12,0.5,pullback,both,atr_sl_fixed_tp,12.0,24.0,96,0.7,1.5,1.0,24,357.0,-37366.51210937497,202040.06835937526,239406.58046874957,0.8439202797341159,58277.39023437488,-104.6681011467086,0.42016806722689076,16.285714285714285,179.0,-94000.09257812529,66392.4634765624,160392.5560546875,0.41393731174110854,94086.31210937527,-525.1401820007,0.2905027932960894,12.88268156424581
R0071,10,1.5,12,0.5,pullback,both,fixed_sl_atr_tp,12.0,24.0,96,0.7,1.25,1.0,24,363.0,-26239.29257812509,204380.4488281251,230619.7414062496,0.8862226953420154,50666.39999999999,-72.28455255681843,0.39118457300275483,15.597796143250688,190.0,-85571.89257812538,66662.46835937497,152234.36093750017,0.4378937051323337,85658.11210937536,-450.37838199013356,0.2736842105263158,11.773684210526316
R0072,10,1.5,12,0.5,pullback,both,fixed_sl_atr_tp,12.0,24.0,96,0.7,1.5,1.0,24,362.0,-23905.48281250011,205510.4585937501,229415.94140624962,0.8957985104872564,48832.58046874995,-66.0372453383981,0.39226519337016574,15.779005524861878,189.0,-84738.08769531288,66292.47324218748,151030.56093750018,0.438934165580043,84824.30722656286,-448.34967034557076,0.2751322751322751,11.947089947089948
R0073,10,1.5,24,0.382,pullback,both,atr_sl_fixed_tp,8.0,16.0,96,0.7,1.25,1.0,24,438.0,-9204.478124999623,220191.49257812588,229395.97070312427,0.959875153444127,24040.058593749636,-21.014790239725166,0.3835616438356164,10.45890410958904,209.0,-45164.16582031268,81986.83906249986,127151.00488281295,0.6447989863553335,45200.38535156266,-216.09648717852957,0.3062200956937799,8.507177033492823
R0074,10,1.5,24,0.382,pullback,both,atr_sl_fixed_tp,8.0,16.0,96,0.7,1.5,1.0,24,421.0,-13209.839062499726,215949.11210937583,229158.9511718744,0.9423551251437222,28326.81953124975,-31.377289934678686,0.39429928741092635,11.009501187648455,205.0,-48598.9658203127,84166.85371093731,132765.81953125037,0.6339497169384486,48635.18535156268,-237.06812595274485,0.3121951219512195,8.975609756097562
R0075,10,1.5,24,0.382,pullback,both,fixed_sl_atr_tp,8.0,16.0,96,0.7,1.25,1.0,24,451.0,-7193.839062499691,220363.36093750084,227557.19999999934,0.9683866778880276,25575.6585937497,-15.950862666296432,0.34811529933481156,10.297117516629712,215.0,-45716.95605468774,76965.83906249986,122682.79511718801,0.6273564193657408,45753.17558593772,-212.63700490552438,0.2744186046511628,8.246511627906976
R0076,10,1.5,24,0.382,pullback,both,fixed_sl_atr_tp,8.0,16.0,96,0.7,1.5,1.0,24,447.0,-7758.648828124628,219798.55117187582,227557.19999999934,0.9659046216594177,31350.848828124752,-17.35715621504391,0.3422818791946309,10.583892617449665,214.0,-46533.14628906283,76953.44882812485,123486.59511718802,0.6231724889255915,46569.365820312814,-217.44460882739642,0.26635514018691586,8.397196261682243
R0077,10,1.5,24,0.382,pullback,both,atr_sl_fixed_tp,8.0,20.0,96,0.7,1.25,1.0,24,418.0,-14628.487890624277,211473.731640626,226102.2195312494,0.9353014405566169,30485.468359374307,-34.99638251345521,0.35645933014354064,11.813397129186603,206.0,-49682.75117187519,80213.44394531239,129896.19511718796,0.6175195807155593,49718.970703125175,-241.17840374696695,0.2766990291262136,9.174757281553399
R0078,10,1.5,24,0.382,pullback,both,atr_sl_fixed_tp,8.0,20.0,96,0.7,1.5,1.0,24,403.0,-18141.468359374416,208527.53164062594,226668.99999999953,0.9199649340696185,35676.048828124425,-45.01605051953949,0.36724565756823824,12.33002481389578,198.0,-49952.33652343766,79939.6732421874,129892.0097656254,0.6154317989723078,49988.556054687644,-252.2845278961498,0.29292929292929293,9.8989898989899
R0079,10,1.5,24,0.382,pullback,both,fixed_sl_atr_tp,8.0,20.0,96,0.7,1.25,1.0,24,432.0,-16121.648828124304,207690.37070312593,223812.0195312494,0.9279679042176173,37715.21953124953,-37.31863154658404,0.3287037037037037,11.444444444444445,210.0,-47067.921875000306,75054.87324218737,122122.79511718801,0.6145852882761597,47104.14140625029,-224.13296130952526,0.2571428571428571,8.966666666666667
R0080,10,1.5,24,0.382,pullback,both,fixed_sl_atr_tp,8.0,20.0,96,0.7,1.5,1.0,24,427.0,-14862.668359374366,206591.77070312586,221454.43906249944,0.9328861122753155,36470.46835937459,-34.80718585333575,0.3255269320843091,11.850117096018735,209.0,-43984.1218750003,77334.87324218734,121318.99511718801,0.6374506578090741,44020.341406250285,-210.45034389952298,0.2583732057416268,9.14354066985646
R0081,10,1.5,24,0.382,pullback,both,atr_sl_fixed_tp,8.0,24.0,96,0.7,1.25,1.0,24,407.0,-9446.629296874486,212610.40976562587,222057.0390624996,0.957458546071062,32103.902343749556,-23.210391392812003,0.3488943488943489,12.48894348894349,202.0,-43547.5218750002,84941.07324218737,128488.59511718796,0.6610786985780093,43583.741406250185,-215.58179146039703,0.2722772277227723,9.643564356435643
R0082,10,1.5,24,0.382,pullback,both,atr_sl_fixed_tp,8.0,24.0,96,0.7,1.5,1.0,24,393.0,-12133.399999999661,210090.41953125078,222223.8195312497,0.9454000924581684,34373.19023437463,-30.873791348599646,0.361323155216285,13.078880407124682,195.0,-45060.8974609376,84197.29277343742,129258.19023437536,0.6513884545402348,45097.116992187584,-231.08152544070566,0.28717948717948716,10.405128205128205
R0083,10,1.5,24,0.382,pullback,both,fixed_sl_atr_tp,8.0,24.0,96,0.7,1.25,1.0,24,420.0,-6065.9707031245825,211369.46835937575,217435.43906249956,0.972102198568559,29649.01953124975,-14.442787388391864,0.3261904761904762,12.209523809523809,208.0,-38840.3023437503,81674.89277343731,120515.195117188,0.6777144798547379,38876.52187500028,-186.73222280649182,0.25961538461538464,9.399038461538462
R0084,10,1.5,24,0.382,pullback,both,fixed_sl_atr_tp,8.0,24.0,96,0.7,1.5,1.0,24,419.0,-9142.112109374586,209420.90742187575,218563.0195312496,0.9581717340427449,37725.17070312474,-21.8188833159298,0.3198090692124105,12.33890214797136,206.0,-38102.70722656285,80804.88789062477,118907.595117188,0.6795603578643438,38138.926757812835,-184.9645981871983,0.2621359223300971,9.631067961165048
R0085,10,1.5,24,0.382,pullback,both,atr_sl_fixed_tp,10.0,16.0,96,0.7,1.25,1.0,24,385.0,-36083.06835937463,199358.54140625082,235441.60976562445,0.8467430273039106,50202.0390624997,-93.72225547889514,0.3974025974025974,12.293506493506493,197.0,-57948.56093750035,83333.06347656231,141281.6244140627,0.5898365326854751,57984.78046875033,-294.1551316624383,0.3299492385786802,9.47715736040609
R0086,10,1.5,24,0.382,pullback,both,atr_sl_fixed_tp,10.0,16.0,96,0.7,1.5,1.0,24,372.0,-35523.609765624795,200176.1707031256,235699.78046874946,0.8492845021112193,50406.399999999834,-95.49357463877632,0.40591397849462363,12.774193548387096,193.0,-66353.37070312549,83333.06347656231,149686.43417968764,0.5567175404587903,66389.59023437547,-343.7998482027227,0.33678756476683935,9.963730569948186
R0087,10,1.5,24,0.382,pullback,both,fixed_sl_atr_tp,10.0,16.0,96,0.7,1.25,1.0,24,397.0,-30368.707421874464,203511.30234375087,233880.00976562436,0.8701526160687844,41441.478124999536,-76.4954846898601,0.3702770780856423,12.161209068010075,201.0,-53753.77070312528,81564.44882812486,135318.21953125033,0.6027602869049604,53789.99023437526,-267.4316950404243,0.30845771144278605,9.099502487562189
R0088,10,1.5,24,0.382,pullback,both,fixed_sl_atr_tp,10.0,16.0,96,0.7,1.5,1.0,24,392.0,-33539.756249999504,199070.2828125008,232610.03906249948,0.8558112264407172,45346.32695312459,-85.56060267857016,0.3622448979591837,12.556122448979592,198.0,-55362.3609375004,79955.85859374984,135318.21953125033,0.5908728245961355,55398.580468750384,-279.6078835227293,0.29797979797979796,9.33838383838384
R0089,10,1.5,24,0.382,pullback,both,atr_sl_fixed_tp,10.0,20.0,96,0.7,1.25,1.0,24,367.0,-36804.64882812444,191259.32187500087,228063.97070312462,0.83862138015639,48178.83906249949,-100.2851466706388,0.37329700272479566,13.662125340599456,192.0,-54329.50722656265,83248.30253906245,137577.80976562528,0.6050997808504333,54365.726757812634,-282.9661834716805,0.3177083333333333,10.328125
R0090,10,1.5,24,0.382,pullback,both,atr_sl_fixed_tp,10.0,20.0,96,0.7,1.5,1.0,24,354.0,-36155.209765624524,190513.1218750007,226668.3316406246,0.8404928932774481,48293.219531249546,-102.13336091984328,0.384180790960452,14.242937853107344,188.0,-61984.31699218786,83248.30253906245,145232.61953125024,0.5732066446763333,62020.53652343784,-329.7038137882333,0.324468085106383,10.77127659574468
R0091,10,1.5,24,0.382,pullback,both,fixed_sl_atr_tp,10.0,20.0,96,0.7,1.25,1.0,24,378.0,-35716.52695312447,189304.49257812585,225021.01953124956,0.8412747083471301,48353.28789062456,-94.48816654265732,0.35185185185185186,13.415343915343914,197.0,-50678.512109375275,83199.70253906243,133878.21464843795,0.6214581121920659,50714.73164062526,-257.25133050444305,0.29441624365482233,9.776649746192893
R0092,10,1.5,24,0.382,pullback,both,fixed_sl_atr_tp,10.0,20.0,96,0.7,1.5,1.0,24,377.0,-34882.77578124943,190138.24375000078,225021.01953124956,0.8449799229693541,49981.136718749534,-92.52725671418948,0.35013262599469497,13.721485411140584,196.0,-46394.71210937531,86479.70253906236,132874.41464843796,0.6508378815279996,46430.93164062529,-236.70771484375157,0.29591836734693877,9.989795918367347
R0093,10,1.5,24,0.382,pullback,both,atr_sl_fixed_tp,10.0,24.0,96,0.7,1.25,1.0,24,359.0,-33124.219531249655,191168.38046875066,224292.59999999974,0.8523169309587159,46080.61953124964,-92.2680209784113,0.36768802228412256,14.420612813370473,189.0,-49068.05839843755,87475.93183593752,136543.99023437526,0.6406428557257385,49104.27792968753,-259.61935660548966,0.31216931216931215,10.851851851851851
R0094,10,1.5,24,0.382,pullback,both,atr_sl_fixed_tp,10.0,24.0,96,0.7,1.5,1.0,24,347.0,-32468.61953124967,191432.14140625056,223900.76093749973,0.854986560138076,45692.639062499664,-93.56950873558984,0.37752161383285304,14.97406340057637,185.0,-56722.86816406265,87475.93183593752,144198.80000000022,0.6066342565675816,56759.087695312635,-306.6100981841224,0.31891891891891894,11.286486486486487
R0095,10,1.5,24,0.382,pullback,both,fixed_sl_atr_tp,10.0,24.0,96,0.7,1.25,1.0,24,373.0,-29427.49765624962,193092.12187500056,222519.6195312496,0.8677532447779672,44642.24882812453,-78.89409559316252,0.3512064343163539,14.005361930294907,195.0,-41080.882812500255,90789.73183593736,131870.61464843797,0.6884758373044618,41117.10234375024,-210.67119391025773,0.29743589743589743,10.282051282051283
R0096,10,1.5,24,0.382,pullback,both,fixed_sl_atr_tp,10.0,24.0,96,0.7,1.5,1.0,24,371.0,-42889.897656249945,183328.76093750054,226218.65859374963,0.8104051278401748,56734.23906249971,-115.60619314353085,0.33423180592991913,14.126684636118599,193.0,-38743.28769531279,91119.72695312482,129863.01464843797,0.701660339549347,38779.507226562775,-200.74242329177613,0.3005181347150259,10.538860103626943
R0097,10,1.5,24,0.382,pullback,both,atr_sl_fixed_tp,12.0,16.0,96,0.7,1.25,1.0,24,360.0,-34307.95117187488,200509.97070312555,234817.9218749996,0.8538955165860928,50994.521874999904,-95.29986436631913,0.4166666666666667,13.608333333333333,185.0,-65253.000000000444,85793.0341796873,151046.0341796876,0.5679926298338033,65289.21953125043,-352.7189189189213,0.35135135135135137,10.421621621621622
R0098,10,1.5,24,0.382,pullback,both,atr_sl_fixed_tp,12.0,16.0,96,0.7,1.5,1.0,24,349.0,-41616.160937499895,197071.40976562552,238687.57070312457,0.8256458817067583,55206.53164062492,-119.24401414756417,0.42120343839541546,14.140401146131806,178.0,-70056.35605468795,83903.05371093727,153959.40976562505,0.5449686630954501,70092.57558593793,-393.5750340151008,0.3651685393258427,11.044943820224718
R0099,10,1.5,24,0.382,pullback,both,fixed_sl_atr_tp,12.0,16.0,96,0.7,1.25,1.0,24,367.0,-32394.619531249606,200248.90234375081,232643.52187499963,0.8607542592625701,40892.580468749664,-88.26871806880001,0.39509536784741145,13.653950953678475,185.0,-53422.96582031284,83750.64882812485,137173.61464843768,0.610544885346715,53459.185351562825,-288.77278821790725,0.34054054054054056,10.264864864864865
R0100,10,1.5,24,0.382,pullback,both,fixed_sl_atr_tp,12.0,16.0,96,0.7,1.5,1.0,24,361.0,-33561.868359374654,196207.88281250073,229769.7511718747,0.8539326078032409,42593.62929687473,-92.9691644304007,0.3878116343490305,14.22437673130194,182.0,-57651.52675781279,79292.0683593749,136943.59511718765,0.579012609472694,57687.74628906277,-316.7666305374329,0.32967032967032966,10.637362637362637
R0101,10,1.5,24,0.382,pullback,both,atr_sl_fixed_tp,12.0,20.0,96,0.7,1.25,1.0,24,341.0,-27245.760937499606,194156.9121093756,221402.67304687467,0.8769402349007291,41187.55117187461,-79.89959219208096,0.39589442815249265,15.111436950146627,178.0,-63706.375585937894,82585.84394531242,146292.2195312502,0.5645265634080482,63742.59511718788,-357.90098643785336,0.33146067415730335,11.398876404494382
R0102,10,1.5,24,0.382,pullback,both,atr_sl_fixed_tp,12.0,20.0,96,0.7,1.5,1.0,24,331.0,-29747.80976562448,192500.73164062563,222248.5414062496,0.8661507086732788,40193.399999999485,-89.8725370562673,0.40483383685800606,15.676737160120846,173.0,-66217.32675781286,84288.26347656238,150505.5902343751,0.5600341046821207,66253.54628906284,-382.7591142070107,0.35260115606936415,11.919075144508671
R0103,10,1.5,24,0.382,pullback,both,fixed_sl_atr_tp,12.0,20.0,96,0.7,1.25,1.0,24,346.0,-29924.819531249457,187938.31210937575,217863.13164062472,0.8626439484923436,39017.790234374595,-86.48791772037416,0.3815028901734104,15.173410404624278,179.0,-56690.10722656282,78613.48300781244,135303.59023437527,0.5810154990834816,56726.3267578128,-316.70450964560234,0.31843575418994413,11.206703910614525
R0104,10,1.5,24,0.382,pullback,both,fixed_sl_atr_tp,12.0,20.0,96,0.7,1.5,1.0,24,343.0,-33223.399999999485,184693.51210937562,217916.91210937462,0.8475409747760932,41670.77070312465,-96.86122448979441,0.37317784256559766,15.559766763848396,179.0,-53690.107226562825,81613.48300781239,135303.59023437527,0.6031878597340993,53726.32675781281,-299.94473310928953,0.31843575418994413,11.240223463687151
R0105,10,1.5,24,0.382,pullback,both,atr_sl_fixed_tp,12.0,24.0,96,0.7,1.25,1.0,24,333.0,-24495.375585937236,193239.72675781298,217735.10234374984,0.8874991890500746,39657.76093749983,-73.55968644425596,0.38738738738738737,15.96096096096096,175.0,-58984.90722656283,85873.49277343744,144858.40000000014,0.592809894168632,59021.12675781281,-337.0566127232162,0.32571428571428573,11.914285714285715
R0106,10,1.5,24,0.382,pullback,both,atr_sl_fixed_tp,12.0,24.0,96,0.7,1.5,1.0,24,325.0,-29325.00488281209,191249.73652343798,220574.7414062497,0.86705184512128,41847.55605468718,-90.23078425480642,0.39692307692307693,16.45846153846154,170.0,-61095.858398437806,87975.9123046874,149071.77070312508,0.5901580955920256,61132.07792968779,-359.3874023437518,0.34705882352941175,12.470588235294118
R0107,10,1.5,24,0.382,pullback,both,fixed_sl_atr_tp,12.0,24.0,96,0.7,1.25,1.0,24,341.0,-29805.712109374654,187617.40000000043,217423.11210937463,0.86291378216323,41620.60468749983,-87.40678037939782,0.3724340175953079,15.75366568914956,179.0,-47540.077929687715,87763.51230468738,135303.59023437527,0.6486414155948255,47576.2974609377,-265.58702754015485,0.31843575418994413,11.446927374301676
R0108,10,1.5,24,0.382,pullback,both,fixed_sl_atr_tp,12.0,24.0,96,0.7,1.5,1.0,24,339.0,-37528.151171874764,182790.20000000042,220318.35117187464,0.8296639795447734,46537.53164062483,-110.70251083148898,0.35693215339233036,15.926253687315635,178.0,-44386.27792968768,89713.51230468738,134099.79023437528,0.6690056125210114,44422.497460937666,-249.36111196453754,0.3202247191011236,11.606741573033707
R0109,10,1.5,24,0.5,pullback,both,atr_sl_fixed_tp,8.0,16.0,96,0.7,1.25,1.0,24,341.0,-21055.81953125026,162814.96093749962,183870.78046874967,0.8854857771442991,29041.000000000266,-61.74727135264006,0.36656891495601174,10.803519061583577,193.0,-52753.32187500001,67818.66835937498,120571.99023437525,0.5624744870474883,54207.58046875009,-273.3332739637306,0.27461139896373055,7.704663212435233
R0110,10,1.5,24,0.5,pullback,both,atr_sl_fixed_tp,8.0,16.0,96,0.7,1.5,1.0,24,331.0,-23307.8488281253,163024.9316406247,186332.78046874978,0.8749127836256698,30296.829296875305,-70.41646171639064,0.3776435045317221,11.41691842900302,186.0,-49496.770703124974,70157.26835937497,119654.03906250022,0.586334309389497,52218.5804687501,-266.1116704469085,0.3010752688172043,8.225806451612904
R0111,10,1.5,24,0.5,pullback,both,fixed_sl_atr_tp,8.0,16.0,96,0.7,1.25,1.0,24,347.0,-20248.63906250035,155343.9609374996,175592.5999999999,0.8846839840488705,25626.04882812518,-58.353426693084586,0.345821325648415,10.703170028818445,199.0,-47236.09257812504,68226.26835937498,115462.36093750031,0.5908961830107199,47268.380468750074,-237.367299387563,0.2562814070351759,7.386934673366834
R0112,10,1.5,24,0.5,pullback,both,fixed_sl_atr_tp,8.0,16.0,96,0.7,1.5,1.0,24,344.0,-18547.24882812535,155761.5511718746,174308.7999999999,0.8935954534244668,26106.24882812523,-53.9164210119923,0.3430232558139535,11.002906976744185,199.0,-48076.092578125106,68190.06835937493,116266.16093750032,0.5864996987045179,48076.092578125106,-241.58840491520155,0.25125628140703515,7.4874371859296485
R0113,10,1.5,24,0.5,pullback,both,atr_sl_fixed_tp,8.0,20.0,96,0.7,1.25,1.0,24,329.0,-23320.346484375194,159079.05351562466,182399.39999999967,0.8721468026518999,28458.268359375248,-70.8825121105629,0.3525835866261398,11.893617021276595,190.0,-50351.95605468745,70823.83417968752,121175.79023437525,0.5844718160508943,50991.80488281254,-265.01029502467077,0.2578947368421053,8.152631578947368
R0114,10,1.5,24,0.5,pullback,both,atr_sl_fixed_tp,8.0,20.0,96,0.7,1.5,1.0,24,319.0,-25772.375781250237,159289.02421874972,185061.3999999998,0.8607360812073718,28856.766015625224,-80.79114664968726,0.36363636363636365,12.517241379310345,183.0,-46495.404882812414,73562.43417968751,120057.83906250022,0.6127249561887589,48802.80488281254,-254.0732507257509,0.28415300546448086,8.704918032786885
R0115,10,1.5,24,0.5,pullback,both,fixed_sl_atr_tp,8.0,20.0,96,0.7,1.25,1.0,24,337.0,-16150.775781250351,156066.65351562455,172217.4292968749,0.9062186919919177,26736.268359375266,-47.92515068620283,0.33827893175074186,11.670623145400594,198.0,-45582.32675781254,71487.63417968746,117069.96093750032,0.6106402838713877,45614.60488281252,-230.21377150410373,0.24242424242424243,7.797979797979798
R0116,10,1.5,24,0.5,pullback,both,fixed_sl_atr_tp,8.0,20.0,96,0.7,1.5,1.0,24,335.0,-23573.195312500393,149448.0339843745,173021.2292968749,0.8637554743524979,27821.94648437538,-70.36774720149371,0.33134328358208953,11.91044776119403,196.0,-53004.74628906253,65002.83417968748,118007.58046875027,0.550836089694263,53537.024414062515,-270.4323790258292,0.22448979591836735,8.020408163265307
R0117,10,1.5,24,0.5,pullback,both,atr_sl_fixed_tp,8.0,24.0,96,0.7,1.25,1.0,24,323.0,-21157.614843750074,158607.98515624975,179765.5999999997,0.8823044295251707,29287.23906250018,-65.503451528638,0.34365325077399383,12.628482972136222,184.0,-47709.13164062505,70851.44882812495,118560.5804687503,0.5975970136785868,49508.98046875008,-259.2887589164405,0.2554347826086957,8.63586956521739
R0118,10,1.5,24,0.5,pullback,both,atr_sl_fixed_tp,8.0,24.0,96,0.7,1.5,1.0,24,313.0,-24029.62460937517,158417.96562499978,182447.5902343748,0.86829300086394,30526.975781250203,-76.77196360822738,0.3546325878594249,13.21405750798722,178.0,-44836.38046874994,73410.04882812501,118246.42929687526,0.6208225420813187,48303.78046875002,-251.88977791432552,0.2808988764044944,9.168539325842696
R0119,10,1.5,24,0.5,pullback,both,fixed_sl_atr_tp,8.0,24.0,96,0.7,1.25,1.0,24,332.0,-22911.85390625027,149359.37539062463,172271.2292968749,0.8670012746773503,28433.96601562523,-69.01160815135624,0.3253012048192771,12.328313253012048,193.0,-46963.312109374965,69232.85859374999,116196.17070312526,0.5958273682756386,49251.390234375,-243.33322336463712,0.22797927461139897,8.248704663212436
R0120,10,1.5,24,0.5,pullback,both,fixed_sl_atr_tp,8.0,24.0,96,0.7,1.5,1.0,24,330.0,-19494.24414062527,150365.58515624964,169859.82929687493,0.8852333466875564,25616.35625000023,-59.073467092803845,0.3303030303030303,12.472727272727273,193.0,-47853.32187499999,68342.84882812497,116196.17070312526,0.5881678235570873,49101.390234375,-247.94467292746108,0.22797927461139897,8.38860103626943
R0121,10,1.5,24,0.5,pullback,both,atr_sl_fixed_tp,10.0,16.0,96,0.7,1.25,1.0,24,306.0,-22282.887890625338,160371.19023437466,182654.07812499988,0.8780049801276495,29233.268359375157,-72.81989506740307,0.4117647058823529,12.99673202614379,176.0,-53568.78535156237,71489.65371093752,125058.43906250015,0.5716499761780115,57674.804882812554,-304.3680985884226,0.32954545454545453,9.028409090909092
R0122,10,1.5,24,0.5,pullback,both,atr_sl_fixed_tp,10.0,16.0,96,0.7,1.5,1.0,24,301.0,-30283.946484375385,158647.35117187462,188931.29765624987,0.8397092125018099,33995.678125000195,-100.61111788829031,0.4219269102990033,13.448504983388704,174.0,-58711.185351562424,73085.85371093747,131797.03906250015,0.5545333509069127,62067.204882812606,-337.42060546874956,0.3390804597701149,9.344827586206897
R0123,10,1.5,24,0.5,pullback,both,fixed_sl_atr_tp,10.0,16.0,96,0.7,1.25,1.0,24,316.0,-24460.84882812526,159856.38046874964,184317.22929687472,0.8672894068479803,32002.27812500012,-77.4077494560926,0.3860759493670886,12.496835443037975,179.0,-55550.13652343746,68576.25371093748,124126.39023437518,0.5524711834562492,57756.204882812555,-310.3359582314942,0.2849162011173184,8.620111731843576
R0124,10,1.5,24,0.5,pullback,both,fixed_sl_atr_tp,10.0,16.0,96,0.7,1.5,1.0,24,314.0,-20663.23906250024,162650.1902343747,183313.42929687473,0.8872791854816262,32265.46835937518,-65.8064938296186,0.3853503184713376,12.764331210191083,179.0,-54140.15605468758,69986.23417968741,124126.39023437523,0.5638304154945578,56306.22441406261,-302.4589723725563,0.2849162011173184,8.76536312849162
R0125,10,1.5,24,0.5,pullback,both,atr_sl_fixed_tp,10.0,20.0,96,0.7,1.25,1.0,24,296.0,-23854.96601562518,157981.49257812474,181836.45859374985,0.8688108743421983,30466.487890625274,-80.59110140413912,0.39864864864864863,14.128378378378379,173.0,-50307.39999999984,75504.83906250003,125812.23906250016,0.6001390613912471,55611.00976562502,-290.7942196531783,0.31213872832369943,9.514450867052023
R0126,10,1.5,24,0.5,pullback,both,atr_sl_fixed_tp,10.0,20.0,96,0.7,1.5,1.0,24,290.0,-34232.17578125022,153265.2730468747,187497.4488281248,0.8174259116846435,36548.88789062537,-118.04198545258696,0.40344827586206894,14.63103448275862,171.0,-54799.7999999999,77501.03906249999,132300.83906250016,0.5857940101641212,59603.40976562508,-320.4666666666661,0.3216374269005848,9.871345029239766
R0127,10,1.5,24,0.5,pullback,both,fixed_sl_atr_tp,10.0,20.0,96,0.7,1.25,1.0,24,309.0,-19724.317187500154,162905.3023437497,182629.6195312497,0.891998257248053,32579.65859375011,-63.832741707120235,0.3786407766990291,13.466019417475728,178.0,-52236.37070312505,72893.81953124992,125130.19023437523,0.5825438241140374,54942.42929687509,-293.4627567591295,0.2752808988764045,9.0561797752809
R0128,10,1.5,24,0.5,pullback,both,fixed_sl_atr_tp,10.0,20.0,96,0.7,1.5,1.0,24,307.0,-25406.756250000253,157222.8632812496,182629.6195312497,0.8608837037759215,33065.087890625226,-82.75816368078259,0.3745928338762215,13.693811074918568,176.0,-58858.79023437504,67409.01953124993,126267.80976562519,0.5338575180512966,62564.848828125076,-334.42494451349455,0.2556818181818182,9.329545454545455
R0129,10,1.5,24,0.5,pullback,both,atr_sl_fixed_tp,10.0,24.0,96,0.7,1.25,1.0,24,292.0,-20929.814843750148,159336.65351562476,180266.46835937482,0.8838951301690512,32846.829296875185,-71.67744809503475,0.3904109589041096,14.722602739726028,169.0,-48802.204882812366,75802.42441406255,124604.6292968752,0.6083435650970915,54515.80488281253,-288.7704430935643,0.3076923076923077,9.946745562130177
R0130,10,1.5,24,0.5,pullback,both,atr_sl_fixed_tp,10.0,24.0,96,0.7,1.5,1.0,24,286.0,-30887.04414062519,154790.4144531247,185677.4585937498,0.8336521601784526,38703.68789062534,-107.99665783435381,0.3951048951048951,15.192307692307692,167.0,-56794.60488281238,75802.42441406255,132597.02929687517,0.5716751334175549,62008.20488281254,-340.0874543880981,0.31137724550898205,10.251497005988025
R0131,10,1.5,24,0.5,pullback,both,fixed_sl_atr_tp,10.0,24.0,96,0.7,1.25,1.0,24,305.0,-24109.234375000186,157784.20468749964,181893.43906249967,0.8674540736638887,33244.107421875284,-79.04667008196782,0.36721311475409835,14.098360655737705,173.0,-55047.404882812414,69008.99511718751,124056.40000000018,0.5562711405230799,59203.45371093749,-318.19309180816424,0.26011560693641617,9.491329479768787
R0132,10,1.5,24,0.5,pullback,both,fixed_sl_atr_tp,10.0,24.0,96,0.7,1.5,1.0,24,305.0,-21499.22460937519,159390.41445312463,180889.6390624997,0.8811472856002173,34967.88789062525,-70.48926101434488,0.3704918032786885,14.147540983606557,173.0,-56287.42441406244,67768.9755859375,124056.40000000018,0.546275529403863,60003.463476562494,-325.3608347633667,0.26011560693641617,9.676300578034683
R0133,10,1.5,24,0.5,pullback,both,atr_sl_fixed_tp,12.0,16.0,96,0.7,1.25,1.0,24,290.0,-38722.1464843756,153334.93164062456,192057.07812499988,0.7983820910824588,39114.54648437559,-133.524643049571,0.43103448275862066,14.36551724137931,169.0,-58322.214648437526,75138.2341796874,133460.44882812514,0.5630000111602572,65552.00488281262,-345.10186182507414,0.3609467455621302,10.254437869822485
R0134,10,1.5,24,0.5,pullback,both,atr_sl_fixed_tp,12.0,16.0,96,0.7,1.5,1.0,24,282.0,-44801.78554687567,151168.72187499952,195970.50742187482,0.7713850612713452,45194.18554687566,-158.87157995345981,0.4397163120567376,14.914893617021276,169.0,-69412.21464843767,76734.43417968739,146146.64882812503,0.5250509320260262,75649.60488281277,-410.7231636002229,0.3668639053254438,10.248520710059172
R0135,10,1.5,24,0.5,pullback,both,fixed_sl_atr_tp,12.0,16.0,96,0.7,1.25,1.0,24,295.0,-34991.06835937539,154753.93164062468,189744.99999999985,0.8155889833230114,36135.07812500037,-118.61379104873015,0.4067796610169492,14.064406779661017,167.0,-49314.614648437455,73953.43417968745,123268.04882812515,0.599940007834488,58552.004882812544,-295.2970937032183,0.3413173652694611,10.263473053892216
R0136,10,1.5,24,0.5,pullback,both,fixed_sl_atr_tp,12.0,16.0,96,0.7,1.5,1.0,24,293.0,-32383.448828125318,156157.75117187473,188541.1999999999,0.8282420562289559,34327.45859375032,-110.52371613694648,0.4061433447098976,14.37542662116041,167.0,-49104.62441406252,74163.42441406244,123268.04882812519,0.6016435330899883,58302.01464843756,-294.039667150075,0.3413173652694611,10.359281437125748
R0137,10,1.5,24,0.5,pullback,both,atr_sl_fixed_tp,12.0,20.0,96,0.7,1.25,1.0,24,281.0,-42597.97578125048,149249.07304687466,191847.04882812477,0.7779586600812739,43414.18554687552,-151.59421986210137,0.4128113879003559,15.508896797153024,166.0,-55980.85859374996,78383.39023437495,134364.24882812513,0.5833649271886358,63598.22929687505,-337.23408791415636,0.3433734939759036,10.981927710843374
R0138,10,1.5,24,0.5,pullback,both,atr_sl_fixed_tp,12.0,20.0,96,0.7,1.5,1.0,24,274.0,-47481.41484375052,148279.06328124963,195760.4781249997,0.7574514769348306,48297.624609375554,-173.28983519616978,0.4233576642335766,16.021897810218977,163.0,-60179.46347656262,81155.78535156244,141335.24882812504,0.5742076801396824,66896.8341796877,-369.19916243289947,0.3619631901840491,11.28834355828221
R0139,10,1.5,24,0.5,pullback,both,fixed_sl_atr_tp,12.0,20.0,96,0.7,1.25,1.0,24,290.0,-30342.146484375204,158109.08281249975,188451.22929687478,0.8389920479819433,34237.42929687528,-104.62809132543174,0.4,15.006896551724138,166.0,-48870.868359374974,75600.98046875,124471.84882812519,0.6073741266038581,57548.23906250001,-294.4028214420179,0.3313253012048193,10.849397590361447
R0140,10,1.5,24,0.5,pullback,both,fixed_sl_atr_tp,12.0,20.0,96,0.7,1.5,1.0,24,288.0,-36024.58554687539,152426.64374999964,188451.22929687478,0.8088386810673218,37103.93671875038,-125.08536648220621,0.3958333333333333,15.260416666666666,164.0,-55193.28789062496,70616.18046875,125809.46835937514,0.5612946417278758,64870.65859375,-336.5444383574693,0.31097560975609756,11.176829268292684
R0141,10,1.5,24,0.5,pullback,both,atr_sl_fixed_tp,12.0,24.0,96,0.7,1.25,1.0,24,278.0,-37486.64414062532,152486.6144531247,189973.25859374978,0.80267410045964,40106.06835937536,-134.8440436713141,0.41007194244604317,16.053956834532375,162.0,-57025.65371093749,77434.78535156249,134460.43906250017,0.5758927004214905,65803.02441406253,-352.0102080922067,0.3333333333333333,11.395061728395062
R0142,10,1.5,24,0.5,pullback,both,atr_sl_fixed_tp,12.0,24.0,96,0.7,1.5,1.0,24,272.0,-40073.883203125304,153512.80468749965,193586.68789062471,0.7929925676203182,41237.06367187528,-147.33045295266655,0.4227941176470588,16.540441176470587,158.0,-60040.468359375096,79887.17070312504,139927.6390625001,0.5709177346116919,67917.83906250013,-380.0029642998424,0.35443037974683544,11.860759493670885
R0143,10,1.5,24,0.5,pullback,both,fixed_sl_atr_tp,12.0,24.0,96,0.7,1.25,1.0,24,287.0,-32790.853906250326,155290.38515624966,188081.23906249978,0.8256559023659258,35760.19531250036,-114.25384636324155,0.39372822299651566,15.560975609756097,162.0,-49955.67324218741,74446.1853515625,124401.85859375013,0.5984330635660022,60833.04394531245,-308.3683533468359,0.3148148148148148,11.376543209876543
R0144,10,1.5,24,0.5,pullback,both,fixed_sl_atr_tp,12.0,24.0,96,0.7,1.5,1.0,24,286.0,-27737.063671875352,156896.59492187464,184633.6585937499,0.8497724419093855,32423.64882812535,-96.98274011145229,0.3986013986013986,15.70979020979021,162.0,-50595.69277343744,73806.16582031247,124401.85859375013,0.5932882888939446,61033.053710937456,-312.3190911940583,0.3148148148148148,11.574074074074074
R0145,10,2.0,12,0.382,pullback,both,atr_sl_fixed_tp,8.0,16.0,96,0.7,1.25,1.0,24,522.0,7956.331640625389,275638.22929687594,267681.89765624853,1.0297230844158343,29277.60000000003,15.242014637213389,0.4042145593869732,10.051724137931034,219.0,-43062.17070312498,86576.80976562493,129638.9804687503,0.6678300728112747,48449.380468749856,-196.63091645262548,0.2922374429223744,9.926940639269406
R0146,10,2.0,12,0.382,pullback,both,atr_sl_fixed_tp,8.0,16.0,96,0.7,1.5,1.0,24,500.0,6749.9414062503165,271178.2097656258,264428.26835937373,1.0255265499718755,28156.160937499844,13.499882812500633,0.422,10.866,210.0,-36917.970703124876,89219.23906249991,126137.20976562519,0.7073189523398976,43728.99999999984,-175.79986049107083,0.3142857142857143,10.752380952380953
R0147,10,2.0,12,0.382,pullback,both,fixed_sl_atr_tp,8.0,16.0,96,0.7,1.25,1.0,24,523.0,14122.521875000377,268465.2292968757,254342.70742187364,1.0555255624120463,30659.560937500046,27.002909894838197,0.37476099426386233,10.063097514340344,223.0,-44457.39023437502,81129.59023437486,125586.98046875028,0.6460031918241897,47367.790234374916,-199.36049432455167,0.2600896860986547,9.461883408071749
R0148,10,2.0,12,0.382,pullback,both,fixed_sl_atr_tp,8.0,16.0,96,0.7,1.5,1.0,24,511.0,20728.063281250455,271225.56093750073,250497.4976562487,1.0827475862042206,33841.79999999983,40.56372462084238,0.3679060665362035,10.510763209393346,223.0,-39657.390234375,85929.59023437486,125586.98046875028,0.6842237142229617,43767.790234374894,-177.83583064742155,0.2600896860986547,9.506726457399104
R0149,10,2.0,12,0.382,pullback,both,atr_sl_fixed_tp,8.0,20.0,96,0.7,1.25,1.0,24,488.0,16805.45351562577,271473.1804687509,254667.72695312373,1.065989725972308,30295.390234375005,34.43740474513477,0.38114754098360654,11.37295081967213,215.0,-35856.999999999985,94235.78046874992,130092.78046875031,0.7243736364862028,42557.990234374876,-166.77674418604644,0.2744186046511628,10.283720930232558
R0150,10,2.0,12,0.382,pullback,both,atr_sl_fixed_tp,8.0,20.0,96,0.7,1.5,1.0,24,468.0,15311.53164062549,267213.21953125077,251901.68789062393,1.060783759604164,27136.34140625004,32.71694795005447,0.3974358974358974,12.175213675213675,206.0,-28912.79999999994,97278.2097656249,126191.00976562517,0.7708806669056688,37237.60976562492,-140.35339805825214,0.2961165048543689,11.160194174757281
R0151,10,2.0,12,0.382,pullback,both,fixed_sl_atr_tp,8.0,20.0,96,0.7,1.25,1.0,24,490.0,21997.843750000855,265302.5609375008,243304.71718749873,1.0904127301940052,30769.141406249903,44.893558673471134,0.35306122448979593,11.381632653061224,222.0,-32323.59999999993,94427.19023437491,126750.79023437526,0.7449830494923882,39174.00976562484,-145.60180180180149,0.25225225225225223,9.63963963963964
R0152,10,2.0,12,0.382,pullback,both,fixed_sl_atr_tp,8.0,20.0,96,0.7,1.5,1.0,24,484.0,22220.58515625058,263723.9218750005,241503.3367187487,1.0920094333194643,30929.160937500048,45.91029990960864,0.3512396694214876,11.679752066115702,219.0,-28452.19023437498,95887.19999999987,124339.39023437527,0.7711731561434871,35802.59999999989,-129.91867686929214,0.2557077625570776,9.835616438356164
R0153,10,2.0,12,0.382,pullback,both,atr_sl_fixed_tp,8.0,24.0,96,0.7,1.25,1.0,24,465.0,12602.8730468758,260883.9707031258,248281.09765624884,1.0507605015679684,33072.54140624984,27.102952788980215,0.3655913978494624,12.27741935483871,211.0,-30491.79023437501,97993.39023437494,128485.1804687503,0.7626824344789594,40190.38046874986,-144.51085419135075,0.27014218009478674,10.800947867298579
R0154,10,2.0,12,0.382,pullback,both,atr_sl_fixed_tp,8.0,24.0,96,0.7,1.5,1.0,24,449.0,17743.760937500498,264676.40000000066,246932.63906249905,1.0718566853084603,26635.34140624987,39.51839852449999,0.3830734966592428,12.99109131403118,203.0,-25561.409765624918,100085.79999999999,125647.20976562522,0.7965620580567929,35640.00976562484,-125.91827470751191,0.29064039408866993,11.630541871921181
R0155,10,2.0,12,0.382,pullback,both,fixed_sl_atr_tp,8.0,24.0,96,0.7,1.25,1.0,24,472.0,20016.22421875058,256956.7218750005,236940.49765624883,1.0844778516832148,30901.53164062495,42.407254700742754,0.3474576271186441,12.125,218.0,-28478.39023437496,95860.9999999999,124339.39023437527,0.770962442547815,37838.79023437485,-130.63481758887596,0.25229357798165136,10.169724770642201
R0156,10,2.0,12,0.382,pullback,both,fixed_sl_atr_tp,8.0,24.0,96,0.7,1.5,1.0,24,469.0,19867.653515625592,256328.13164062548,236460.4781249989,1.0840210324920516,34101.5316406249,42.361734574894655,0.34328358208955223,12.332622601279319,212.0,-26355.560937500068,93161.0292968748,119516.59023437525,0.7794819875147334,33385.95117187488,-124.31868366745314,0.25943396226415094,10.745283018867925
R0157,10,2.0,12,0.382,pullback,both,atr_sl_fixed_tp,10.0,16.0,96,0.7,1.25,1.0,24,474.0,2678.7218750001866,272160.5804687509,269481.85859374894,1.0099402679237128,29681.009765625007,5.651311972574233,0.44936708860759494,11.845991561181435,202.0,-45167.53652343729,88781.64882812493,133949.1853515625,0.6628009613877752,50686.17558593731,-223.60166595761032,0.33663366336633666,11.445544554455445
R0158,10,2.0,12,0.382,pullback,both,atr_sl_fixed_tp,10.0,16.0,96,0.7,1.5,1.0,24,463.0,1700.5218750002282,271816.7707031259,270116.2488281241,1.0062955186234794,30187.4,3.672833423326627,0.46220302375809935,12.453563714902808,200.0,-55309.95117187484,87481.6439453124,142791.5951171874,0.6126526135765711,57482.390234374856,-276.5497558593742,0.34,11.57
R0159,10,2.0,12,0.382,pullback,both,fixed_sl_atr_tp,10.0,16.0,96,0.7,1.25,1.0,24,477.0,10227.302343750203,271730.0000000008,261502.69765624896,1.0391097393465358,32359.287890625114,21.440885416667093,0.4192872117400419,11.70649895178197,207.0,-47336.50722656245,86260.6195312499,133597.12675781266,0.6456772059748317,51255.15605468734,-228.67877887228235,0.30434782608695654,11.019323671497585
R0160,10,2.0,12,0.382,pullback,both,fixed_sl_atr_tp,10.0,16.0,96,0.7,1.5,1.0,24,466.0,9269.073046875183,269431.76093750075,260162.68789062407,1.0356279877104189,39507.90742187506,19.8907146928652,0.4055793991416309,12.218884120171674,206.0,-44532.70722656244,89064.4195312499,133597.12675781266,0.6666641842732706,48455.15605468733,-216.178190420206,0.30097087378640774,11.111650485436893
R0161,10,2.0,12,0.382,pullback,both,atr_sl_fixed_tp,10.0,20.0,96,0.7,1.25,1.0,24,440.0,-6331.999999999872,253854.64882812556,260186.6488281241,0.9756636244460746,32464.639062500013,-14.3909090909088,0.4159090909090909,13.254545454545454,197.0,-36098.536523437266,96396.84882812494,132495.38535156252,0.7275487261110724,44990.95605468734,-183.24130214942775,0.3248730964467005,11.939086294416244
R0162,10,2.0,12,0.382,pullback,both,atr_sl_fixed_tp,10.0,20.0,96,0.7,1.5,1.0,24,429.0,-2670.239062499777,253307.00976562564,255977.24882812428,0.9895684515919945,30761.22929687469,-6.224333479020459,0.43123543123543123,13.93939393939394,195.0,-44330.97070312485,95096.82441406239,139427.7951171875,0.6820506939389996,50437.1804687499,-227.33831129807615,0.3282051282051282,12.04102564102564
R0163,10,2.0,12,0.382,pullback,both,fixed_sl_atr_tp,10.0,20.0,96,0.7,1.25,1.0,24,450.0,1719.9023437505853,257028.75117187577,255308.84882812403,1.0067365559464396,37404.53671874961,3.822005208334634,0.38666666666666666,12.946666666666667,205.0,-34538.916992187325,99618.21953125,134157.13652343766,0.74254879101304,42151.356054687305,-168.4825219131089,0.2975609756097561,11.258536585365853
R0164,10,2.0,12,0.382,pullback,both,fixed_sl_atr_tp,10.0,20.0,96,0.7,1.5,1.0,24,446.0,1655.0339843755542,257787.72187500054,256132.68789062387,1.006461627362,35312.25859375003,3.7108385299900317,0.3789237668161435,13.213004484304932,204.0,-29435.097460937366,103718.23906249995,133153.33652343767,0.7789383410925153,37647.55605468736,-144.28969343596748,0.29901960784313725,11.357843137254902
R0165,10,2.0,12,0.382,pullback,both,atr_sl_fixed_tp,10.0,24.0,96,0.7,1.25,1.0,24,423.0,1722.5023437502045,257057.7414062505,255335.23906249923,1.006746042379719,32751.26835937487,4.072109559693155,0.39952718676122934,14.146572104018913,194.0,-31907.156054687366,99844.42929687494,131751.58535156262,0.757823361521249,42963.375585937385,-164.46987657055342,0.31958762886597936,12.438144329896907
R0166,10,2.0,12,0.382,pullback,both,atr_sl_fixed_tp,10.0,24.0,96,0.7,1.5,1.0,24,411.0,-621.9464843747548,251223.91210937558,251845.85859374935,0.9975304478388226,33119.926953124675,-1.51325178679989,0.41362530413625304,14.929440389294404,192.0,-40139.59023437493,98544.40488281239,138683.9951171876,0.7105679700065076,48520.99999999993,-209.0603658040361,0.3229166666666667,12.546875
R0167,10,2.0,12,0.382,pullback,both,fixed_sl_atr_tp,10.0,24.0,96,0.7,1.25,1.0,24,434.0,860.6144531255648,251644.2925781255,250783.67812499896,1.0034317004183086,36088.575781249674,1.9829826108883981,0.37327188940092165,13.748847926267281,202.0,-29657.551171874926,101932.01464843747,131589.5658203127,0.7746207992480725,41179.98046874988,-146.81956025680657,0.297029702970297,11.782178217821782
R0168,10,2.0,12,0.382,pullback,both,fixed_sl_atr_tp,10.0,24.0,96,0.7,1.5,1.0,24,432.0,1968.224218750514,252071.88281250047,250103.65859374902,1.0078696338542912,35052.63906249977,4.556074580441004,0.37037037037037035,13.939814814814815,198.0,-27502.31210937502,100072.05371093738,127574.36582031271,0.784421330002047,37294.73164062491,-138.90056620896473,0.30303030303030304,12.257575757575758
R0169,10,2.0,12,0.382,pullback,both,atr_sl_fixed_tp,12.0,16.0,96,0.7,1.25,1.0,24,448.0,407.5121093754298,272239.20000000106,271831.6878906241,1.0014991339403407,33786.38046874991,0.9096252441415844,0.48214285714285715,13.129464285714286,190.0,-57681.9560546874,86095.40976562494,143777.36582031244,0.5988105935479702,63079.6341796874,-303.5892423930916,0.3526315789473684,12.284210526315789
R0170,10,2.0,12,0.382,pullback,both,atr_sl_fixed_tp,12.0,16.0,96,0.7,1.5,1.0,24,440.0,1587.882812500497,275613.94140625105,274026.0585937491,1.0057946416506907,37690.80000000006,3.608824573864766,0.5,13.534090909090908,188.0,-63704.35117187506,88907.8097656249,152612.16093749992,0.5825735591414356,67002.02929687506,-338.85293176529285,0.3670212765957447,12.52659574468085
R0171,10,2.0,12,0.382,pullback,both,fixed_sl_atr_tp,12.0,16.0,96,0.7,1.25,1.0,24,444.0,7592.682812500278,269882.40000000084,262289.71718749916,1.02894769529632,35770.858593749996,17.100636965090715,0.45495495495495497,13.11036036036036,189.0,-45058.15117187488,86366.7951171874,131424.94628906256,0.6571567845820381,54335.81953124984,-238.40291625330624,0.3386243386243386,12.44973544973545
R0172,10,2.0,12,0.382,pullback,both,fixed_sl_atr_tp,12.0,16.0,96,0.7,1.5,1.0,24,437.0,7549.253515625214,271546.54140625073,263997.2878906242,1.0285959510264144,37637.08789062493,17.275179669622915,0.4416475972540046,13.558352402745996,188.0,-43854.34140624983,87570.60488281245,131424.94628906256,0.6663164593592856,53147.20976562479,-233.26777343749907,0.3351063829787234,12.585106382978724
R0173,10,2.0,12,0.382,pullback,both,atr_sl_fixed_tp,12.0,20.0,96,0.7,1.25,1.0,24,416.0,-7440.897656249581,253046.99023437573,260487.88789062423,0.9714347652917634,33137.629296874904,-17.886773212138415,0.44471153846153844,14.622596153846153,185.0,-47502.97558593738,92910.59023437492,140413.5658203125,0.6616924062257116,56834.42441406242,-256.77284100506694,0.34054054054054056,12.78918918918919
R0174,10,2.0,12,0.382,pullback,both,atr_sl_fixed_tp,12.0,20.0,96,0.7,1.5,1.0,24,409.0,-7464.29765624955,256129.33164062563,263593.62929687416,0.9716825566833339,35580.54648437481,-18.250116518947554,0.4572127139364303,15.014669926650367,183.0,-53045.37558593753,95302.98535156238,148348.36093750002,0.642426952001944,60276.82441406257,-289.8654403603144,0.3551912568306011,13.049180327868852
R0175,10,2.0,12,0.382,pullback,both,fixed_sl_atr_tp,12.0,20.0,96,0.7,1.25,1.0,24,421.0,-10559.917187499494,253508.74140625066,264068.6585937491,0.9600107137146323,36298.52695312463,-25.082938687647253,0.41330166270783847,14.365795724465558,187.0,-35260.551171874715,96924.40488281254,132184.95605468756,0.7332483799647592,48032.00976562477,-188.55909717580062,0.3315508021390374,12.754010695187166
R0176,10,2.0,12,0.382,pullback,both,fixed_sl_atr_tp,12.0,20.0,96,0.7,1.5,1.0,24,415.0,-5107.175781249668,255463.92187500038,260571.09765624904,0.9804000680536482,34111.85859375006,-12.306447665661851,0.40963855421686746,14.76867469879518,186.0,-29956.73164062475,101024.42441406252,130981.15605468757,0.7712897599703774,43328.20976562482,-161.05769699260617,0.3333333333333333,12.85483870967742
R0177,10,2.0,12,0.382,pullback,both,atr_sl_fixed_tp,12.0,24.0,96,0.7,1.25,1.0,24,399.0,-4426.380664062061,250840.09746093812,255266.47812499935,0.9826597652125176,34576.697656249366,-11.09368587484226,0.42857142857142855,15.654135338345865,182.0,-42221.57558593748,97248.1902343749,139469.7658203126,0.6972707644728224,54028.22441406245,-231.9866790436125,0.33516483516483514,13.274725274725276
R0178,10,2.0,12,0.382,pullback,both,atr_sl_fixed_tp,12.0,24.0,96,0.7,1.5,1.0,24,392.0,-3119.8001953120365,253068.62910156304,256188.4292968743,0.9878222439480434,40690.96601562463,-7.9586739676327465,0.44387755102040816,16.125,180.0,-47363.9755859376,100040.58535156236,147404.5609375001,0.678680393030578,57370.62441406258,-263.13319769965335,0.35,13.544444444444444
R0179,10,2.0,12,0.382,pullback,both,fixed_sl_atr_tp,12.0,24.0,96,0.7,1.25,1.0,24,406.0,1346.9949218752613,256572.88281250026,255225.88789062412,1.0052776578935965,32581.229296875037,3.3177214824513825,0.4064039408866995,15.25615763546798,184.0,-28069.121874999873,101968.2341796875,130037.35605468765,0.7841457045374285,43600.5999999999,-152.54957540760802,0.33152173913043476,13.255434782608695
R0180,10,2.0,12,0.382,pullback,both,fixed_sl_atr_tp,12.0,24.0,96,0.7,1.5,1.0,24,404.0,-3445.3757812497633,252104.29257812526,255549.6683593742,0.9865177841811801,32581.229296875048,-8.528157874380602,0.400990099009901,15.522277227722773,182.0,-27401.512109374962,100228.24394531241,127629.75605468765,0.7853046737969627,41202.98046874991,-150.55775884271958,0.33516483516483514,13.686813186813186
R0181,10,2.0,12,0.5,pullback,both,atr_sl_fixed_tp,8.0,16.0,96,0.7,1.25,1.0,24,437.0,-15470.697656249646,210454.32187500063,225925.01953124924,0.931522866797368,30855.478124999907,-35.402054133294385,0.3707093821510298,10.903890160183066,209.0,-51434.10722656266,75439.62441406243,126873.7316406254,0.5946039691474355,54056.06816406257,-246.09620682565864,0.27751196172248804,9.320574162679426
R0182,10,2.0,12,0.5,pullback,both,atr_sl_fixed_tp,8.0,16.0,96,0.7,1.5,1.0,24,425.0,-2985.107421874737,217691.5023437507,220676.6097656245,0.9864729323826199,24812.697656250075,-7.023782169117029,0.3952941176470588,11.569411764705883,201.0,-52973.726757812685,75605.82441406242,128579.55117187536,0.5880081531238066,55595.6876953126,-263.5508793921029,0.2935323383084577,9.840796019900498
R0183,10,2.0,12,0.5,pullback,both,fixed_sl_atr_tp,8.0,16.0,96,0.7,1.25,1.0,24,440.0,-18911.951171874447,202363.83906250075,221275.79023437417,0.9145322172306244,37601.62929687478,-42.98170720880556,0.3386363636363636,10.988636363636363,213.0,-49049.28281250011,71311.04394531246,120360.32675781292,0.5924796472911159,51671.24375000002,-230.2783230633808,0.25821596244131456,8.95774647887324
R0184,10,2.0,12,0.5,pullback,both,fixed_sl_atr_tp,8.0,16.0,96,0.7,1.5,1.0,24,431.0,-17417.702343749483,200642.88789062566,218060.59023437422,0.920124483176773,38237.75117187455,-40.41230242169254,0.33410672853828305,11.327146171693736,211.0,-53041.68281250025,68122.44394531247,121164.12675781292,0.5622327810068568,55663.64375000016,-251.3823829976315,0.24644549763033174,9.14218009478673
R0185,10,2.0,12,0.5,pullback,both,atr_sl_fixed_tp,8.0,20.0,96,0.7,1.25,1.0,24,417.0,-6004.697656249393,214267.5023437508,220272.19999999928,0.9727396482341008,32489.92695312474,-14.39975457134147,0.354916067146283,11.985611510791367,205.0,-43608.84863281257,81057.28300781242,124666.13164062539,0.6501949000990579,47030.809570312485,-212.72609089176865,0.2731707317073171,9.873170731707317
R0186,10,2.0,12,0.5,pullback,both,atr_sl_fixed_tp,8.0,20.0,96,0.7,1.5,1.0,24,406.0,5127.0828125006265,221108.48281250085,215981.3999999995,1.0237385386542608,28800.95624999981,12.62828278941041,0.3768472906403941,12.635467980295566,198.0,-45752.26816406258,81223.4830078124,126975.75117187535,0.6396771214833584,49174.229101562494,-231.0720614346595,0.2878787878787879,10.373737373737374
R0187,10,2.0,12,0.5,pullback,both,fixed_sl_atr_tp,8.0,20.0,96,0.7,1.25,1.0,24,420.0,-14186.009765624394,200363.16093750065,214549.17070312425,0.9338799133124916,36057.0488281247,-33.77621372767713,0.3238095238095238,11.90952380952381,209.0,-44894.05351562509,75466.27324218744,120360.32675781292,0.627002894351055,48316.014453125,-214.80408380681862,0.24401913875598086,9.473684210526315
R0188,10,2.0,12,0.5,pullback,both,fixed_sl_atr_tp,8.0,20.0,96,0.7,1.5,1.0,24,418.0,-9538.448828124367,204520.71210937566,214059.16093749925,0.9554401279237537,35513.258593749706,-22.81925556967552,0.32057416267942584,12.105263157894736,207.0,-43496.42421875005,75256.30253906248,118752.72675781291,0.6337227328896788,46918.38515624996,-210.12765323067657,0.2463768115942029,9.642512077294686
R0189,10,2.0,12,0.5,pullback,both,atr_sl_fixed_tp,8.0,24.0,96,0.7,1.25,1.0,24,402.0,-13347.687890624344,203509.31210937572,216856.9999999993,0.9384493565316148,36214.25859374956,-33.20320370802076,0.3407960199004975,12.875621890547263,200.0,-46289.824218750095,78376.30742187494,124666.13164062539,0.6286896560471615,50511.78515625,-231.44912109375048,0.255,10.35
R0190,10,2.0,12,0.5,pullback,both,atr_sl_fixed_tp,8.0,24.0,96,0.7,1.5,1.0,24,392.0,-10249.717187499406,205727.8828125008,215977.59999999948,0.9525426841140067,36082.24882812453,-26.14723772321277,0.35714285714285715,13.59438775510204,193.0,-49013.24375000006,77962.507421875,126975.75117187535,0.6139952447798033,53235.204687499965,-253.95463082901585,0.2694300518134715,10.860103626943005
R0191,10,2.0,12,0.5,pullback,both,fixed_sl_atr_tp,8.0,24.0,96,0.7,1.25,1.0,24,412.0,-13085.687890624315,199365.87304687573,212451.56093749928,0.9384062520751579,38266.86835937471,-31.761378375301735,0.3155339805825243,12.560679611650485,202.0,-47937.39003906258,70011.53671875001,117948.92675781291,0.5935750213523029,52159.35097656249,-237.3138120745672,0.23267326732673269,10.049504950495049
R0192,10,2.0,12,0.5,pullback,both,fixed_sl_atr_tp,8.0,24.0,96,0.7,1.5,1.0,24,411.0,-15471.86835937434,196979.69257812572,212451.56093749928,0.9271746072794202,40598.86835937461,-37.6444485629546,0.31386861313868614,12.72749391727494,202.0,-48057.39003906252,70451.55625,118508.94628906283,0.5944830196882946,52279.35097656243,-237.90787148050754,0.23267326732673269,10.178217821782178
R0193,10,2.0,12,0.5,pullback,both,atr_sl_fixed_tp,10.0,16.0,96,0.7,1.25,1.0,24,405.0,3690.8730468753247,226904.9707031258,223214.0976562496,1.0165351251808483,19026.03906249999,9.113266782408209,0.43209876543209874,12.71358024691358,192.0,-57529.49257812533,75188.24882812491,132717.7414062503,0.5665274893276924,59551.453515625246,-299.6327738444028,0.3177083333333333,10.697916666666666
R0194,10,2.0,12,0.5,pullback,both,atr_sl_fixed_tp,10.0,16.0,96,0.7,1.5,1.0,24,399.0,-2446.326953124696,227031.18046875077,229477.5074218745,0.9893395785033242,20590.27812499966,-6.1311452459265565,0.44110275689223055,13.075187969924812,186.0,-52076.72187500018,80246.8341796873,132323.5560546877,0.6064440570696442,54098.68281250009,-279.982375672044,0.34408602150537637,11.204301075268818
R0195,10,2.0,12,0.5,pullback,both,fixed_sl_atr_tp,10.0,16.0,96,0.7,1.25,1.0,24,406.0,-19362.887890624537,209319.59023437573,228682.47812499932,0.9153285024310446,34894.47812499956,-47.69184209513433,0.3891625615763547,12.586206896551724,198.0,-54862.243750000285,73495.87812499994,128358.12187500036,0.5725845552381392,56884.2046875002,-277.0820391414156,0.29797979797979796,10.328282828282829
R0196,10,2.0,12,0.5,pullback,both,fixed_sl_atr_tp,10.0,16.0,96,0.7,1.5,1.0,24,395.0,-21111.039062499574,202296.23906250065,223407.27812499943,0.9055042465953734,39820.239062499546,-53.44566851265715,0.3822784810126582,13.09873417721519,197.0,-56258.44375000034,73103.47812499995,129361.92187500038,0.5651081637117161,58280.40468750025,-285.5758565989865,0.2893401015228426,10.49746192893401
R0197,10,2.0,12,0.5,pullback,both,atr_sl_fixed_tp,10.0,20.0,96,0.7,1.25,1.0,24,386.0,2753.170703125567,222879.59023437576,220126.41953124956,1.012507225207174,27369.458593749558,7.132566588408205,0.40932642487046633,13.823834196891191,189.0,-51328.033984375266,79885.90742187493,131213.94140625038,0.6088217956546312,54149.99492187518,-271.5768993882289,0.31216931216931215,11.28042328042328
R0198,10,2.0,12,0.5,pullback,both,atr_sl_fixed_tp,10.0,20.0,96,0.7,1.5,1.0,24,382.0,5648.380468750559,228994.40000000078,223346.01953124956,1.025289819270591,20224.248828124564,14.786336305629735,0.42408376963350786,14.109947643979057,183.0,-44475.268164062654,86144.49277343733,130619.7609375003,0.6595058217466517,47297.22910156257,-243.03425226263747,0.33879781420765026,11.830601092896174
R0199,10,2.0,12,0.5,pullback,both,fixed_sl_atr_tp,10.0,20.0,96,0.7,1.25,1.0,24,386.0,-23786.848828124457,199217.98046875067,223004.8292968744,0.8933348264110569,42361.068359374534,-61.623960694622944,0.3626943005181347,13.696891191709845,195.0,-48630.814453125255,79727.30742187495,128358.12187500042,0.6211317699047993,51452.77539062517,-249.388792067309,0.28717948717948716,10.876923076923077
R0200,10,2.0,12,0.5,pullback,both,fixed_sl_atr_tp,10.0,20.0,96,0.7,1.5,1.0,24,384.0,-19849.23906249939,202805.57070312573,222654.8097656244,0.9108519637038481,39587.2585937495,-51.69072672525883,0.359375,13.9375,194.0,-45447.00468750021,81907.31718749994,127354.32187500042,0.6431451715309106,48268.96562500012,-234.26291076031035,0.28865979381443296,10.95360824742268
R0201,10,2.0,12,0.5,pullback,both,atr_sl_fixed_tp,10.0,24.0,96,0.7,1.25,1.0,24,371.0,-15489.878124999304,204186.57070312582,219676.44882812453,0.9294877616256533,41957.639062499424,-41.75169305929732,0.38544474393531,14.91644204851752,184.0,-54989.009570312795,76224.93183593752,131213.94140625038,0.5809209830831783,58610.9705078127,-298.85331288213473,0.29347826086956524,11.804347826086957
R0202,10,2.0,12,0.5,pullback,both,atr_sl_fixed_tp,10.0,24.0,96,0.7,1.5,1.0,24,367.0,-12454.658593749362,210941.39023437584,223396.04882812453,0.9442485278540848,34422.419531249456,-33.93639943800916,0.40054495912806537,15.26158038147139,177.0,-48482.44863281272,82137.31230468738,130619.76093750031,0.6288276116504984,52104.40957031262,-273.91213916843344,0.3163841807909605,12.564971751412429
R0203,10,2.0,12,0.5,pullback,both,fixed_sl_atr_tp,10.0,24.0,96,0.7,1.25,1.0,24,379.0,-24690.29765624932,198274.5414062507,222964.83906249932,0.8892637163775958,44125.878124999435,-65.14590410619873,0.35092348284960423,14.411609498680738,190.0,-50591.809570312726,76762.51230468751,127354.32187500042,0.6027476034934308,54213.77050781263,-266.2726819490143,0.2736842105263158,11.321052631578947
R0204,10,2.0,12,0.5,pullback,both,fixed_sl_atr_tp,10.0,24.0,96,0.7,1.5,1.0,24,378.0,-21486.497656249314,200474.54140625068,221961.03906249933,0.9031969856196315,42725.868359374464,-56.84258639219395,0.35185185185185186,14.579365079365079,190.0,-49111.80957031263,79002.5318359375,128114.34140625034,0.6166564255708158,52733.770507812544,-258.4832082648033,0.2736842105263158,11.473684210526315
R0205,10,2.0,12,0.5,pullback,both,atr_sl_fixed_tp,12.0,16.0,96,0.7,1.25,1.0,24,390.0,-712.1269531242183,231362.19023437606,232074.31718749946,0.9969314702214633,23998.70742187438,-1.8259665464723547,0.4641025641025641,13.776923076923078,184.0,-59489.13164062529,80823.02441406225,140312.1560546876,0.5760229668380332,61771.1023437502,-323.31049804687655,0.3532608695652174,11.646739130434783
R0206,10,2.0,12,0.5,pullback,both,atr_sl_fixed_tp,12.0,16.0,96,0.7,1.5,1.0,24,382.0,-231.78554687415595,229014.53164062608,229246.31718749958,0.9989889235747944,30195.956249999348,-0.6067684473145444,0.4790575916230366,14.303664921465968,184.0,-67949.14140625033,82419.22441406225,150368.36582031247,0.5481154494460075,70231.11210937524,-369.28881199049096,0.358695652173913,11.73913043478261
R0207,10,2.0,12,0.5,pullback,both,fixed_sl_atr_tp,12.0,16.0,96,0.7,1.25,1.0,24,387.0,-3020.7171874991564,222773.96093750105,225794.67812499948,0.986621840636004,26562.117187499804,-7.80547076873167,0.4392764857881137,14.023255813953488,190.0,-64011.8437500003,74638.2683593749,138650.11210937516,0.5383210097983617,66293.8144531252,-336.90444078947525,0.32105263157894737,11.16842105263158
R0208,10,2.0,12,0.5,pullback,both,fixed_sl_atr_tp,12.0,16.0,96,0.7,1.5,1.0,24,377.0,-12292.687890624324,211128.2000000009,223420.88789062458,0.9449796838304504,32140.687890624497,-32.60659917937486,0.4270557029177719,14.623342175066313,189.0,-67208.03398437529,72645.87812499996,139853.91210937515,0.5194411584867644,69490.0046875002,-355.59806340939303,0.31216931216931215,11.301587301587302
R0209,10,2.0,12,0.5,pullback,both,atr_sl_fixed_tp,12.0,20.0,96,0.7,1.25,1.0,24,368.0,11511.639062500899,232035.40000000095,220523.7609374995,1.0522013546910443,16796.22929687426,31.281627887230705,0.453804347826087,15.116847826086957,181.0,-52287.64863281272,86720.6830078123,139008.33164062517,0.62385241218497,55369.619335937634,-288.88203664537417,0.34806629834254144,12.303867403314918
R0210,10,2.0,12,0.5,pullback,both,atr_sl_fixed_tp,12.0,20.0,96,0.7,1.5,1.0,24,363.0,10780.502343750688,229506.30234375087,218725.7999999997,1.0492877490618444,27168.736718749424,29.69835356405148,0.4738292011019284,15.539944903581267,181.0,-60047.65839843787,88716.8830078123,148764.54140625006,0.5963577218682907,63129.62910156278,-331.7550187758998,0.35359116022099446,12.392265193370166
R0211,10,2.0,12,0.5,pullback,both,fixed_sl_atr_tp,12.0,20.0,96,0.7,1.25,1.0,24,364.0,-9163.25859374933,209679.94140625081,218843.19999999958,0.9581286574417264,32138.68789062445,-25.17378734546519,0.41208791208791207,15.409340659340659,187.0,-59780.40468750029,78869.70742187495,138650.11210937522,0.568839838799827,62862.3753906252,-319.6813084893064,0.31016042780748665,11.684491978609625
R0212,10,2.0,12,0.5,pullback,both,fixed_sl_atr_tp,12.0,20.0,96,0.7,1.5,1.0,24,362.0,-4225.648828124263,214267.53164062582,218493.18046874955,0.9806600424825245,29244.87812499939,-11.673063061116748,0.4088397790055249,15.69060773480663,187.0,-58550.41445312536,81049.71718749995,139600.13164062522,0.580584819190196,61632.385156250275,-313.10382060494845,0.31016042780748665,11.70053475935829
R0213,10,2.0,12,0.5,pullback,both,atr_sl_fixed_tp,12.0,24.0,96,0.7,1.25,1.0,24,352.0,-5907.609765624255,212106.2000000009,218013.80976562455,0.9729025891893059,30310.609765624362,-16.78298228870527,0.4289772727272727,16.400568181818183,175.0,-55674.83886718782,82713.50253906235,138388.34140625017,0.5976912628517613,59556.80957031273,-318.1419363839304,0.32571428571428573,13.057142857142857
R0214,10,2.0,12,0.5,pullback,both,atr_sl_fixed_tp,12.0,24.0,96,0.7,1.5,1.0,24,348.0,-6242.507421874454,210820.93164062584,217063.4390624998,0.9712410922408885,38836.87812499953,-17.93823971803004,0.4454022988505747,16.816091954022987,175.0,-62374.83886718782,85769.71230468735,148144.55117187506,0.5789596149586266,66256.80957031273,-356.42765066964466,0.3314285714285714,13.154285714285715
R0215,10,2.0,12,0.5,pullback,both,fixed_sl_atr_tp,12.0,24.0,96,0.7,1.25,1.0,24,356.0,-9592.90742187435,207860.31210937575,217453.21953124955,0.9558851901914691,35119.697656249424,-26.9463691625684,0.398876404494382,16.27247191011236,183.0,-61595.209570312814,77384.93183593746,138980.14140625022,0.5568056777963337,65477.18027343773,-336.5858446465181,0.29508196721311475,12.142076502732241
R0216,10,2.0,12,0.5,pullback,both,fixed_sl_atr_tp,12.0,24.0,96,0.7,1.5,1.0,24,355.0,-4989.107421874354,211260.31210937575,216249.41953124956,0.9769289210917265,33719.68789062447,-14.05382372358973,0.4,16.459154929577466,183.0,-60315.20957031274,79624.95136718744,139940.16093750013,0.5689928526146931,64197.180273437654,-329.59130912739204,0.29508196721311475,12.306010928961749
R0217,10,2.0,24,0.382,pullback,both,atr_sl_fixed_tp,8.0,16.0,96,0.7,1.25,1.0,24,456.0,-1722.7218749995861,234265.05859375076,235987.780468749,0.9926999530586865,29706.7218749998,-3.7778988486833027,0.38377192982456143,10.302631578947368,204.0,-47115.19023437517,78698.20976562478,125813.40000000034,0.6255153248034356,47943.809765625156,-230.9568148743881,0.29901960784313725,8.151960784313726
R0218,10,2.0,24,0.382,pullback,both,atr_sl_fixed_tp,8.0,16.0,96,0.7,1.5,1.0,24,441.0,-2525.7414062496027,233111.23906250083,235636.98046874919,0.9892812180786567,29806.341406249747,-5.727304776076196,0.39909297052154197,10.80498866213152,196.0,-44714.79023437518,81390.64394531224,126105.4341796878,0.645417419754795,45543.40976562516,-228.1366848692611,0.32142857142857145,8.954081632653061
R0219,10,2.0,24,0.382,pullback,both,fixed_sl_atr_tp,8.0,16.0,96,0.7,1.25,1.0,24,466.0,1379.3074218753197,235520.70742187582,234141.39999999915,1.0058909164371472,26555.731640624766,2.9598871714062653,0.3497854077253219,10.094420600858369,206.0,-47372.770703125214,70961.01953124977,118333.79023437535,0.5996682721875325,48201.3902343752,-229.96490632585056,0.2669902912621359,8.024271844660195
R0220,10,2.0,24,0.382,pullback,both,fixed_sl_atr_tp,8.0,16.0,96,0.7,1.5,1.0,24,458.0,-11500.370703124792,222191.0292968756,233691.39999999915,0.9507882159843127,36491.5316406246,-25.109979701145836,0.3384279475982533,10.558951965065502,205.0,-48168.97070312522,70968.61953124977,119137.59023437536,0.5956862094628204,48997.5902343752,-234.97058879573277,0.25853658536585367,8.170731707317072
R0221,10,2.0,24,0.382,pullback,both,atr_sl_fixed_tp,8.0,20.0,96,0.7,1.25,1.0,24,432.0,-8221.443749999615,224796.3464843756,233017.79023437417,0.9647175276113927,38858.66328124979,-19.031119791665773,0.34953703703703703,11.541666666666666,199.0,-46316.17558593767,78987.21464843731,125303.39023437534,0.6303677378616385,47544.795117187656,-232.74460093436016,0.2814070351758794,8.944723618090451
R0222,10,2.0,24,0.382,pullback,both,atr_sl_fixed_tp,8.0,20.0,96,0.7,1.5,1.0,24,416.0,-13420.633984374617,218840.13671875067,232260.7707031244,0.9422173880516053,42954.45351562476,-32.261139385515904,0.3605769230769231,12.091346153846153,192.0,-46459.560937500115,79339.66347656235,125799.2244140628,0.6306848380513,47688.1804687501,-241.9768798828131,0.3020833333333333,9.734375
R0223,10,2.0,24,0.382,pullback,both,fixed_sl_atr_tp,8.0,20.0,96,0.7,1.25,1.0,24,439.0,-15088.092578124812,212976.70742187538,228064.79999999923,0.9338429578868642,46983.8632812499,-34.36923138525014,0.32574031890660593,11.482915717539864,203.0,-46861.3658203127,72276.22441406231,119137.59023437536,0.6066617955917669,48089.98535156268,-230.8441666025256,0.2512315270935961,8.620689655172415
R0224,10,2.0,24,0.382,pullback,both,fixed_sl_atr_tp,8.0,20.0,96,0.7,1.5,1.0,24,435.0,-16912.95117187501,209991.8878906252,226904.83906249926,0.9254623601605274,47240.08281249996,-38.88034752155175,0.3195402298850575,11.83448275862069,202.0,-43277.56582031272,75056.22441406228,118333.79023437535,0.634275503771186,44506.1853515627,-214.24537534808275,0.2524752475247525,8.806930693069306
R0225,10,2.0,24,0.382,pullback,both,atr_sl_fixed_tp,8.0,24.0,96,0.7,1.25,1.0,24,420.0,-11645.931640624924,218150.46835937534,229796.39999999935,0.9493206523660769,49053.45351562495,-27.72840866815458,0.3380952380952381,12.39047619047619,192.0,-48529.526757812644,74826.24394531237,123355.77070312535,0.6065889217732119,48751.94628906247,-252.75795186360753,0.265625,9.651041666666666
R0226,10,2.0,24,0.382,pullback,both,atr_sl_fixed_tp,8.0,24.0,96,0.7,1.5,1.0,24,407.0,-6696.541406249979,220939.03906250047,227635.58046874963,0.9705821849446401,45396.86328124991,-16.45341868857489,0.35626535626535627,12.91891891891892,186.0,-49466.702343749996,75158.68300781246,124625.38535156279,0.6030768353958793,49605.31210937496,-265.9500126008064,0.2849462365591398,10.408602150537634
R0227,10,2.0,24,0.382,pullback,both,fixed_sl_atr_tp,8.0,24.0,96,0.7,1.25,1.0,24,429.0,-5650.180468750031,217235.65859375024,222885.83906249938,0.9746498903092503,44186.28281249998,-13.170583843240165,0.32167832167832167,12.212121212121213,199.0,-42326.126757812715,73860.0439453123,116186.17070312536,0.635704262377635,44752.34628906253,-212.69410431061667,0.25125628140703515,9.256281407035177
R0228,10,2.0,24,0.382,pullback,both,fixed_sl_atr_tp,8.0,24.0,96,0.7,1.5,1.0,24,428.0,-9346.351171875107,214667.0683593752,224013.4195312494,0.9582777175071406,44986.282812499965,-21.83726909316614,0.31542056074766356,12.320093457943925,196.0,-41574.68769531281,72200.08300781221,113774.77070312535,0.6345878138151141,44114.70722656257,-212.11575354751432,0.25510204081632654,9.653061224489797
R0229,10,2.0,24,0.382,pullback,both,atr_sl_fixed_tp,10.0,16.0,96,0.7,1.25,1.0,24,405.0,-24349.00976562437,218686.80976562595,243035.8195312492,0.8998130818223176,45044.81953124933,-60.12101176697375,0.4049382716049383,12.059259259259258,188.0,-49014.380468750154,82913.04394531225,131927.42441406276,0.6284746656243686,49643.00000000014,-260.7147897273944,0.34574468085106386,9.547872340425531
R0230,10,2.0,24,0.382,pullback,both,atr_sl_fixed_tp,10.0,16.0,96,0.7,1.5,1.0,24,396.0,-20704.780468749566,223209.20976562583,243913.99023437424,0.9151144202558721,39965.42929687459,-52.28479916350901,0.41919191919191917,12.54040404040404,185.0,-56632.98046875027,83209.23906249972,139842.21953125016,0.5950222997133221,57261.60000000025,-306.12421875000143,0.3567567567567568,9.886486486486486
R0231,10,2.0,24,0.382,pullback,both,fixed_sl_atr_tp,10.0,16.0,96,0.7,1.25,1.0,24,414.0,-25163.190234374477,218002.41953125087,243165.60976562413,0.8965183018329488,44593.61953124942,-60.78065274003497,0.3671497584541063,11.908212560386474,195.0,-52230.97070312517,78902.00976562478,131132.98046875032,0.6016946269624943,52859.59023437515,-267.85113181089827,0.3076923076923077,8.912820512820513
R0232,10,2.0,24,0.382,pullback,both,fixed_sl_atr_tp,10.0,16.0,96,0.7,1.5,1.0,24,404.0,-38555.22929687485,202446.5804687506,241001.80976562423,0.8400209967951326,56095.98046874968,-95.43373588335359,0.35396039603960394,12.492574257425742,193.0,-54823.37070312519,77313.40976562478,132136.7804687503,0.5851013585419467,55451.990234375175,-284.05891556023414,0.29533678756476683,9.119170984455959
R0233,10,2.0,24,0.382,pullback,both,atr_sl_fixed_tp,10.0,20.0,96,0.7,1.25,1.0,24,379.0,-30580.131640624495,204901.87812500075,235482.00976562442,0.8701381406118449,51890.97070312444,-80.68636316787466,0.36675461741424803,13.564643799472295,184.0,-46469.12675781256,83768.28300781241,130237.40976562531,0.6431967831559415,47497.74628906255,-252.54960194463348,0.33152173913043476,10.467391304347826
R0234,10,2.0,24,0.382,pullback,both,atr_sl_fixed_tp,10.0,20.0,96,0.7,1.5,1.0,24,371.0,-26409.741406249654,209300.4292968756,235710.1707031245,0.8879567168125647,44440.5999999996,-71.18528680929826,0.38274932614555257,14.08355795148248,180.0,-55393.936523437704,81408.27812499988,136802.2146484378,0.5950801186531048,56422.55605468769,-307.74409179687615,0.3388888888888889,10.905555555555555
R0235,10,2.0,24,0.382,pullback,both,fixed_sl_atr_tp,10.0,20.0,96,0.7,1.25,1.0,24,386.0,-34976.790234374865,196048.43906250043,231025.22929687428,0.8486018590228185,57875.07304687496,-90.6134462030437,0.34196891191709844,13.492227979274611,191.0,-47525.74140625012,82927.2341796874,130452.97558593786,0.6356867967726642,48554.3609375001,-248.8258712369116,0.2931937172774869,9.706806282722512
R0236,10,2.0,24,0.382,pullback,both,fixed_sl_atr_tp,10.0,20.0,96,0.7,1.5,1.0,24,384.0,-35529.24882812491,195889.80000000034,231419.0488281243,0.8464722372335406,60367.970703124825,-92.52408548990861,0.3359375,13.765625,190.0,-43641.92187500017,85807.25371093734,129449.17558593786,0.6628644278539433,44670.54140625015,-229.6943256578956,0.29473684210526313,9.889473684210527
R0237,10,2.0,24,0.382,pullback,both,atr_sl_fixed_tp,10.0,24.0,96,0.7,1.25,1.0,24,369.0,-25172.180468749822,205634.61953125047,230806.79999999964,0.8909383065457811,48022.27304687482,-68.21729124322445,0.3604336043360434,14.436314363143632,178.0,-48006.23886718739,80177.33183593757,128183.57070312527,0.6254883632601347,48042.458398437375,-269.6979711639741,0.3146067415730337,11.174157303370787
R0238,10,2.0,24,0.382,pullback,both,atr_sl_fixed_tp,10.0,24.0,96,0.7,1.5,1.0,24,361.0,-22541.780468750014,209213.20000000036,231754.9804687497,0.9027344291667168,44293.26328124991,-62.442605176592835,0.3767313019390582,15.011080332409973,174.0,-57331.04863281254,77417.32695312504,134748.37558593779,0.5745325434646964,57367.26816406252,-329.4887852460491,0.3218390804597701,11.614942528735632
R0239,10,2.0,24,0.382,pullback,both,fixed_sl_atr_tp,10.0,24.0,96,0.7,1.25,1.0,24,380.0,-28524.039062499916,201637.4000000002,230161.4390624994,0.8760694268393342,58105.07304687494,-75.06326069078925,0.33421052631578946,14.060526315789474,185.0,-44992.843750000095,81428.71230468743,126421.55605468786,0.6441046514999604,45349.14140625001,-243.20456081081133,0.2864864864864865,10.454054054054055
R0240,10,2.0,24,0.382,pullback,both,fixed_sl_atr_tp,10.0,24.0,96,0.7,1.5,1.0,24,378.0,-33896.48789062524,197082.5804687501,230979.06835937442,0.853248659580332,59930.33164062507,-89.67324838789746,0.3253968253968254,14.24074074074074,182.0,-42731.42421875016,80678.73183593736,123410.15605468785,0.6537446707399468,43401.52187500002,-234.7880451579679,0.29120879120879123,10.824175824175825
R0241,10,2.0,24,0.382,pullback,both,atr_sl_fixed_tp,12.0,16.0,96,0.7,1.25,1.0,24,380.0,-24523.921874999458,219750.65859375076,244274.58046874925,0.8996051008339122,50389.112109374735,-64.53663651315647,0.42894736842105263,13.313157894736841,178.0,-61976.39023437544,81256.79999999973,143233.19023437516,0.5673042670280379,62588.80000000038,-348.18196760885075,0.3595505617977528,10.365168539325843
R0242,10,2.0,24,0.382,pullback,both,atr_sl_fixed_tp,12.0,16.0,96,0.7,1.5,1.0,24,373.0,-40237.29257812449,214749.6976562507,254986.99023437424,0.8421986449538506,60196.30234374975,-107.87477902982438,0.42359249329758714,13.71313672922252,175.0,-68784.96093750052,82212.99999999968,150997.96093750006,0.5444643059387316,69397.37070312547,-393.0569196428601,0.37142857142857144,10.8
R0243,10,2.0,24,0.382,pullback,both,fixed_sl_atr_tp,12.0,16.0,96,0.7,1.25,1.0,24,382.0,-27881.492578124424,213746.2488281259,241627.74140624944,0.8846097206560141,48834.27304687475,-72.9882004662943,0.39528795811518325,13.38219895287958,182.0,-55951.5755859378,79438.2195312498,135389.7951171878,0.5867371278794783,56563.98535156274,-307.4262394831747,0.33516483516483514,10.12087912087912
R0244,10,2.0,24,0.382,pullback,both,fixed_sl_atr_tp,12.0,16.0,96,0.7,1.5,1.0,24,374.0,-33171.16093749958,205418.97070312567,238590.13164062446,0.8609701050525311,51983.692578124566,-88.69294368315397,0.3877005347593583,14.072192513368984,180.0,-60513.94628906281,75849.62929687485,136363.57558593774,0.5562308627575816,61126.356054687756,-336.1885904947934,0.32222222222222224,10.394444444444444
R0245,10,2.0,24,0.382,pullback,both,atr_sl_fixed_tp,12.0,20.0,96,0.7,1.25,1.0,24,356.0,-23782.663281249737,207444.27812500045,231226.94140624956,0.8971457947909943,46013.47304687491,-66.80523393609477,0.3960674157303371,14.991573033707866,172.0,-59633.56582031279,79805.80976562492,139439.37558593773,0.5723333845283887,60245.97558593773,-346.70677802507436,0.3430232558139535,11.412790697674419
R0246,10,2.0,24,0.382,pullback,both,atr_sl_fixed_tp,12.0,20.0,96,0.7,1.5,1.0,24,352.0,-34117.47304687458,205541.88789062548,239659.36093749944,0.8576418091352108,51582.09257812472,-96.92463933771187,0.39488636363636365,15.315340909090908,169.0,-64842.13652343789,81162.00976562485,146004.14628906263,0.555888389669005,65454.54628906283,-383.6812812037745,0.35502958579881655,11.810650887573965
R0247,10,2.0,24,0.382,pullback,both,fixed_sl_atr_tp,12.0,20.0,96,0.7,1.25,1.0,24,357.0,-32606.4632812497,195360.8976562504,227967.36093749944,0.8569687206661634,55929.38515624991,-91.33463103991512,0.3753501400560224,15.170868347338935,177.0,-54902.54628906264,79577.22441406251,134479.7707031253,0.5917412261933098,55514.95605468758,-310.18387733933696,0.3163841807909605,11.045197740112995
R0248,10,2.0,24,0.382,pullback,both,fixed_sl_atr_tp,12.0,20.0,96,0.7,1.5,1.0,24,353.0,-35151.29257812474,192059.86835937525,227211.16093749934,0.8452924036253949,58269.20468749992,-99.5787325159341,0.3654390934844193,15.60056657223796,177.0,-50802.52675781263,83677.24394531248,134479.7707031253,0.6222292282906743,51414.93652343757,-287.0199251853821,0.3163841807909605,11.11864406779661
R0249,10,2.0,24,0.382,pullback,both,atr_sl_fixed_tp,12.0,24.0,96,0.7,1.25,1.0,24,345.0,-19170.916992187496,206427.0244140627,225597.94140624968,0.9150217556388753,47650.40468750006,-55.567875339673904,0.391304347826087,16.115942028985508,167.0,-61954.51699218768,76774.8390625,138729.3560546877,0.5534145133077316,62566.926757812624,-370.9851316897466,0.32335329341317365,11.976047904191617
R0250,10,2.0,24,0.382,pullback,both,atr_sl_fixed_tp,12.0,24.0,96,0.7,1.5,1.0,24,342.0,-27519.51699218738,206520.83417968775,234040.3511718746,0.8824155029062615,51618.82421874997,-80.46642395376426,0.391812865497076,16.380116959064328,164.0,-66763.08769531274,78531.03906249994,145294.1267578126,0.5404969960926329,67375.4974609377,-407.0919981421509,0.3353658536585366,12.408536585365853
R0251,10,2.0,24,0.382,pullback,both,fixed_sl_atr_tp,12.0,24.0,96,0.7,1.25,1.0,24,350.0,-25869.892578124833,199883.65859375018,225753.55117187445,0.8854064866584155,57515.38515625001,-73.91397879464238,0.3657142857142857,15.902857142857142,174.0,-51761.10722656259,82238.6634765625,133999.7707031253,0.6137224194119045,52373.516992187535,-297.47762773886546,0.3045977011494253,11.442528735632184
R0252,10,2.0,24,0.382,pullback,both,fixed_sl_atr_tp,12.0,24.0,96,0.7,1.5,1.0,24,349.0,-26446.141406249924,200125.03906250006,226571.18046874946,0.8832766755615811,53315.38515624999,-75.77690947349548,0.35816618911174786,16.045845272206304,172.0,-48593.47792968764,82998.69277343743,131592.17070312533,0.630726678722279,49205.88769531258,-282.52022052143974,0.3081395348837209,11.726744186046512
R0253,10,2.0,24,0.5,pullback,both,atr_sl_fixed_tp,8.0,16.0,96,0.7,1.25,1.0,24,342.0,-13389.648828124942,169777.33164062508,183166.98046874968,0.9268992217163888,19996.29765624998,-39.151019965277605,0.3713450292397661,10.941520467836257,183.0,-52615.35117187494,62957.65859374999,115573.0097656252,0.5447436103068023,52615.35117187494,-287.51558017418,0.26229508196721313,8.147540983606557
R0254,10,2.0,24,0.5,pullback,both,atr_sl_fixed_tp,8.0,16.0,96,0.7,1.5,1.0,24,332.0,-26591.726953124835,162852.49257812512,189444.2195312497,0.859632946210121,30792.117187499793,-80.09556311182179,0.3704819277108434,11.536144578313253,176.0,-48738.79999999992,65516.25859374997,114255.05859375016,0.5734210756190865,48738.79999999992,-276.92499999999956,0.2897727272727273,8.704545454545455
R0255,10,2.0,24,0.5,pullback,both,fixed_sl_atr_tp,8.0,16.0,96,0.7,1.25,1.0,24,347.0,-7408.619531249903,167012.55117187512,174421.17070312475,0.957524539587803,23868.458593749976,-21.350488562679836,0.35446685878962536,10.743515850144092,187.0,-46070.50234374998,63185.278125,109255.78046875025,0.5783243490999772,46070.50234374998,-246.36632269385015,0.24598930481283424,7.919786096256685
R0256,10,2.0,24,0.5,pullback,both,fixed_sl_atr_tp,8.0,16.0,96,0.7,1.5,1.0,24,341.0,-9725.809765624796,162607.76093750016,172333.57070312477,0.9435640442779484,23468.458593749983,-28.52143626282931,0.3489736070381232,11.193548387096774,187.0,-46110.50234375003,63949.07812499994,110059.58046875025,0.5810405405202985,46110.50234375003,-246.58022643716592,0.24064171122994651,8.037433155080214
R0257,10,2.0,24,0.5,pullback,both,atr_sl_fixed_tp,8.0,20.0,96,0.7,1.25,1.0,24,328.0,-11336.52695312476,169775.26328125023,181111.7902343747,0.9374059141127478,19645.658593749977,-34.56258217416085,0.3567073170731707,12.091463414634147,180.0,-46653.96093749988,67715.24882812503,114369.2097656252,0.5920758652341193,46653.96093749988,-259.18867187499933,0.25555555555555554,8.688888888888888
R0258,10,2.0,24,0.5,pullback,both,atr_sl_fixed_tp,8.0,20.0,96,0.7,1.5,1.0,24,319.0,-26892.41484374961,160850.42421875027,187742.83906249964,0.8567593044931163,30001.814843749675,-84.30224088949721,0.3542319749216301,12.614420062695924,173.0,-41977.40976562486,70673.848828125,112651.25859375016,0.6273684795923439,41977.40976562486,-242.64398708453678,0.2832369942196532,9.271676300578035
R0259,10,2.0,24,0.5,pullback,both,fixed_sl_atr_tp,8.0,20.0,96,0.7,1.25,1.0,24,334.0,-5389.30742187485,164642.87304687517,170032.1804687498,0.9683041915535211,19696.05859374997,-16.135650963697156,0.344311377245509,11.910179640718562,186.0,-41286.741406249974,68772.83906249999,110059.58046875025,0.624869173311332,41286.741406249974,-221.97172799059126,0.23655913978494625,8.35483870967742
R0260,10,2.0,24,0.5,pullback,both,fixed_sl_atr_tp,8.0,20.0,96,0.7,1.5,1.0,24,332.0,-16541.74648437471,155411.82421875015,171953.57070312477,0.9038010876032712,27463.946484374985,-49.82453760353829,0.3313253012048193,12.153614457831326,186.0,-40586.741406249974,70276.63906249998,110863.38046875026,0.6339030865318894,40586.741406249974,-218.2082871303762,0.23118279569892472,8.451612903225806
R0261,10,2.0,24,0.5,pullback,both,atr_sl_fixed_tp,8.0,24.0,96,0.7,1.25,1.0,24,321.0,-8109.956249999584,169934.21445312546,178044.17070312475,0.9544497513287192,21055.556250000005,-25.264661214951975,0.34890965732087226,12.897196261682243,173.0,-46807.33652343745,64546.66347656246,111354.00000000019,0.5796528501586145,46807.33652343745,-270.5626388638003,0.24855491329479767,9.300578034682081
R0262,10,2.0,24,0.5,pullback,both,atr_sl_fixed_tp,8.0,24.0,96,0.7,1.5,1.0,24,312.0,-23255.834374999515,161219.3851562504,184475.21953124975,0.8739351852563599,31058.20507812488,-74.537930689101,0.34615384615384615,13.387820512820513,167.0,-42714.58535156235,67325.26347656251,110039.84882812515,0.611826208355848,42948.1365234374,-255.77596018899612,0.2754491017964072,9.904191616766466
R0263,10,2.0,24,0.5,pullback,both,fixed_sl_atr_tp,8.0,24.0,96,0.7,1.25,1.0,24,331.0,-9577.975781249579,162375.5949218753,171953.57070312477,0.9442990585069868,25939.966015624905,-28.936482722808396,0.3293051359516616,12.410876132930513,181.0,-43337.70722656246,66518.0634765625,109855.77070312525,0.6055035893956014,43375.73652343749,-239.4348465555937,0.22099447513812154,8.856353591160222
R0264,10,2.0,24,0.5,pullback,both,fixed_sl_atr_tp,8.0,24.0,96,0.7,1.5,1.0,24,331.0,-8067.9757812496455,163885.59492187528,171953.57070312477,0.9530804987168383,24979.966015624967,-24.374549188065394,0.3293051359516616,12.44712990936556,181.0,-42737.69746093749,67118.07324218747,109855.77070312525,0.6109653850007358,42737.69746093749,-236.11987547479276,0.22099447513812154,9.05524861878453
R0265,10,2.0,24,0.5,pullback,both,atr_sl_fixed_tp,10.0,16.0,96,0.7,1.25,1.0,24,316.0,-31410.829296874912,161542.59023437518,192953.4195312498,0.8372102999097797,35828.619531249875,-99.40135853441429,0.38924050632911394,12.75,168.0,-55938.429296874936,65078.62929687496,121017.05859375015,0.5377640975008453,56448.19023437506,-332.966841052827,0.31547619047619047,9.595238095238095
R0266,10,2.0,24,0.5,pullback,both,atr_sl_fixed_tp,10.0,16.0,96,0.7,1.5,1.0,24,311.0,-34381.86835937496,163094.96093750015,197476.82929687476,0.8258941644860675,36453.458593749885,-110.55263138062688,0.40192926045016075,13.237942122186496,167.0,-62334.62929687503,66674.82929687492,129009.45859375014,0.5168212472453937,62344.390234375154,-373.2612532747008,0.32335329341317365,9.754491017964073
R0267,10,2.0,24,0.5,pullback,both,fixed_sl_atr_tp,10.0,16.0,96,0.7,1.25,1.0,24,319.0,-23612.1902343748,164137.77070312516,187749.9609374997,0.8742359779119484,33167.77578125006,-74.01940512343198,0.3730407523510972,12.620689655172415,173.0,-57257.34140624995,63077.66835937503,120335.00976562517,0.5241838470967886,57257.34140624995,-330.9672913656066,0.2774566473988439,9.219653179190752
R0268,10,2.0,24,0.5,pullback,both,fixed_sl_atr_tp,10.0,16.0,96,0.7,1.5,1.0,24,317.0,-19894.590234374766,166851.5707031252,186746.16093749972,0.893467206316317,30698.33671875004,-62.75895972988885,0.3722397476340694,12.927444794952681,172.0,-54843.56093749998,64487.648828124955,119331.20976562517,0.5404089085728973,54843.56093749998,-318.85791242732546,0.27906976744186046,9.418604651162791
R0269,10,2.0,24,0.5,pullback,both,atr_sl_fixed_tp,10.0,20.0,96,0.7,1.25,1.0,24,303.0,-32071.46835937473,159374.35117187534,191445.81953124973,0.832477572830263,39152.36601562502,-105.8464302289595,0.3696369636963696,13.854785478547855,165.0,-51577.01953124996,67936.23906249992,119513.25859375014,0.5684410237146074,52424.36093750009,-312.58799715909066,0.3090909090909091,10.23030303030303
R0270,10,2.0,24,0.5,pullback,both,atr_sl_fixed_tp,10.0,20.0,96,0.7,1.5,1.0,24,299.0,-32846.29765624976,162922.9218750003,195769.2195312497,0.8322192950715304,38580.98554687509,-109.85383831521658,0.38461538461538464,14.31438127090301,164.0,-57073.21953125003,69932.43906249989,127005.65859375014,0.5506245929261393,57420.56093750016,-348.00743616615875,0.3170731707317073,10.378048780487806
R0271,10,2.0,24,0.5,pullback,both,fixed_sl_atr_tp,10.0,20.0,96,0.7,1.25,1.0,24,312.0,-19635.62929687466,167664.32187500026,187299.95117187465,0.8951647922275437,32787.11718750006,-62.934709284854684,0.358974358974359,13.493589743589743,171.0,-52319.78046875001,67011.42929687492,119331.20976562517,0.5615582832730016,52319.78046875001,-305.9636284722223,0.27485380116959063,9.771929824561404
R0272,10,2.0,24,0.5,pullback,both,fixed_sl_atr_tp,10.0,20.0,96,0.7,1.5,1.0,24,310.0,-31398.06835937494,158223.27304687529,189621.34140624962,0.8344170116795752,45859.52695312512,-101.28409148185465,0.34516129032258064,13.793548387096774,171.0,-51819.78046875001,68515.22929687492,120335.00976562517,0.5693707045881418,51819.78046875001,-303.03965186403514,0.26900584795321636,9.865497076023392
R0273,10,2.0,24,0.5,pullback,both,atr_sl_fixed_tp,10.0,24.0,96,0.7,1.25,1.0,24,298.0,-27112.47812499972,162099.52187500038,189211.9999999998,0.8567084639187819,40043.35625000014,-90.98147021811987,0.3624161073825503,14.553691275167786,160.0,-52818.014648437485,64987.63417968742,117805.64882812514,0.5516512563374818,54425.35605468755,-330.1125915527343,0.3,10.84375
R0274,10,2.0,24,0.5,pullback,both,atr_sl_fixed_tp,10.0,24.0,96,0.7,1.5,1.0,24,294.0,-27237.30742187474,166048.09257812536,193285.3999999998,0.8590824375670668,39245.53671875006,-92.64390279549231,0.37755102040816324,15.03061224489796,159.0,-57414.214648437584,67383.83417968737,124798.04882812513,0.5399430104271101,58521.55605468765,-361.095689612815,0.3081761006289308,11.0125786163522
R0275,10,2.0,24,0.5,pullback,both,fixed_sl_atr_tp,10.0,24.0,96,0.7,1.25,1.0,24,307.0,-28116.687890624795,160184.6437500004,188301.3316406246,0.8506824798016551,47508.136718750044,-91.58530257532506,0.33876221498371334,14.175895765472312,167.0,-56854.585351562484,63276.61464843748,120131.20000000017,0.5267292314439328,56854.585351562484,-340.44661887163164,0.25748502994011974,10.251497005988025
R0276,10,2.0,24,0.5,pullback,both,fixed_sl_atr_tp,10.0,24.0,96,0.7,1.5,1.0,24,307.0,-26606.68789062483,161694.64375000034,188301.3316406246,0.8587015415196136,46639.96601562516,-86.66673580008089,0.33876221498371334,14.214983713355048,167.0,-56254.57558593751,63876.62441406245,120131.20000000017,0.531723852038957,56254.57558593751,-336.8537460235779,0.25748502994011974,10.461077844311378
R0277,10,2.0,24,0.5,pullback,both,atr_sl_fixed_tp,12.0,16.0,96,0.7,1.25,1.0,24,304.0,-43495.27812500016,161664.9316406252,205160.20976562478,0.7879935969324235,45570.668359375064,-143.07657277960578,0.41118421052631576,13.805921052631579,162.0,-57095.60976562499,71153.4341796874,128249.04394531262,0.5548067415615849,64602.9902343751,-352.4420355902777,0.35185185185185186,10.845679012345679
R0278,10,2.0,24,0.5,pullback,both,atr_sl_fixed_tp,12.0,16.0,96,0.7,1.5,1.0,24,296.0,-42584.98554687498,161227.31210937514,203812.29765624963,0.7910578211590625,43760.37578124989,-143.86819441511818,0.42905405405405406,14.41891891891892,161.0,-66681.8097656251,72749.6341796874,139431.44394531255,0.5217591679551212,73589.19023437522,-414.17273146351,0.36024844720496896,10.869565217391305
R0279,10,2.0,24,0.5,pullback,both,fixed_sl_atr_tp,12.0,16.0,96,0.7,1.25,1.0,24,304.0,-44005.2585937502,157145.33164062526,201150.59023437477,0.7812322671165126,48570.25859375012,-144.7541401110204,0.3848684210526316,13.733552631578947,161.0,-46611.785351562445,71191.06347656246,117802.84882812513,0.6043237849063441,55919.165820312555,-289.5141947302015,0.3416149068322981,10.900621118012422
R0280,10,2.0,24,0.5,pullback,both,fixed_sl_atr_tp,12.0,16.0,96,0.7,1.5,1.0,24,302.0,-40497.648828125064,159449.14140625033,199946.79023437478,0.797457869762982,45862.648828124984,-134.09817492756645,0.3841059602649007,14.056291390728477,160.0,-45197.995117187456,71401.05371093744,116599.04882812513,0.612363946606352,54465.37558593751,-282.4874694824216,0.34375,11.1125
R0281,10,2.0,24,0.5,pullback,both,atr_sl_fixed_tp,12.0,20.0,96,0.7,1.25,1.0,24,294.0,-44447.28789062504,161212.91210937535,205660.19999999972,0.7838799734191427,48206.48789062502,-151.1812513286566,0.391156462585034,14.826530612244898,159.0,-51344.21953124997,75101.02441406241,126445.24394531261,0.5939410773452539,59521.57070312508,-322.91961969339604,0.34591194968553457,11.628930817610064
R0282,10,2.0,24,0.5,pullback,both,atr_sl_fixed_tp,12.0,20.0,96,0.7,1.5,1.0,24,285.0,-49433.1953124999,156382.8925781253,205816.0878906246,0.7598186039821666,52575.4539062501,-173.44980811403474,0.40350877192982454,15.526315789473685,155.0,-53139.02441406252,77873.41953124989,131012.44394531263,0.5943971212670143,60716.37558593763,-342.8324155745969,0.36774193548387096,11.916129032258064
R0283,10,2.0,24,0.5,pullback,both,fixed_sl_atr_tp,12.0,20.0,96,0.7,1.25,1.0,24,299.0,-43046.287890625084,159861.89257812538,202908.18046874972,0.7878533640625989,48710.97578125029,-143.96751802884643,0.36789297658862874,14.538461538461538,159.0,-42284.234179687446,74314.81464843744,116599.04882812513,0.6373535238523472,51221.5853515625,-265.9385797464619,0.33962264150943394,11.622641509433961
R0284,10,2.0,24,0.5,pullback,both,fixed_sl_atr_tp,12.0,20.0,96,0.7,1.5,1.0,24,297.0,-55208.726953125086,150420.8437500004,205629.5707031247,0.7315136788724262,62013.40507812529,-185.8879695391417,0.35353535353535354,14.861952861952862,159.0,-42184.22441406248,75618.6244140624,117802.84882812513,0.6419082829175914,52121.575585937535,-265.30958750982694,0.3333333333333333,11.773584905660377
R0285,10,2.0,24,0.5,pullback,both,atr_sl_fixed_tp,12.0,24.0,96,0.7,1.25,1.0,24,289.0,-38638.29765625002,164338.08281250045,202976.3804687498,0.8096414096703332,45906.76601562531,-133.69653168252603,0.38408304498269896,15.546712802768166,154.0,-50465.22441406246,73352.41953124989,123817.6439453126,0.5924229955760422,59802.57558593752,-327.69626242897704,0.33766233766233766,12.415584415584416
R0286,10,2.0,24,0.5,pullback,both,atr_sl_fixed_tp,12.0,24.0,96,0.7,1.5,1.0,24,281.0,-42228.024609374836,160238.0437500004,202466.06835937453,0.7914315966544084,50820.26367187512,-150.27766764902077,0.39501779359430605,16.209964412811388,149.0,-50176.23906249997,75804.80488281243,125981.0439453126,0.6017159606624526,58913.59023437502,-336.7532822986575,0.3624161073825503,12.87248322147651
R0287,10,2.0,24,0.5,pullback,both,fixed_sl_atr_tp,12.0,24.0,96,0.7,1.25,1.0,24,294.0,-50907.34648437504,153002.2144531254,203909.56093749966,0.7503435040008847,62912.02460937524,-173.15423974277223,0.3469387755102041,15.193877551020408,155.0,-44319.01953124996,72660.02929687491,116979.04882812512,0.6211371183538411,55456.370703125016,-285.9291582661288,0.3225806451612903,12.32258064516129
R0288,10,2.0,24,0.5,pullback,both,fixed_sl_atr_tp,12.0,24.0,96,0.7,1.5,1.0,24,294.0,-49397.34648437509,154512.21445312534,203909.56093749966,0.7577487477425587,62602.024609375294,-168.0181853210037,0.3469387755102041,15.23469387755102,156.0,-48422.819531249974,70963.82929687492,119386.64882812512,0.5944033942944318,59120.16093750001,-310.4026893028844,0.3141025641025641,12.41025641025641
R0289,14,1.5,12,0.382,pullback,both,atr_sl_fixed_tp,8.0,16.0,96,0.7,1.25,1.0,24,529.0,-1040.1707031250046,268514.4390625007,269554.60976562375,0.9961411503812624,28722.180468750208,-1.9662962251890446,0.4007561436672968,10.349716446124763,237.0,-54560.683007812615,89721.57558593746,144282.2585937502,0.6218475955423108,56351.64394531258,-230.21385235363974,0.2869198312236287,9.518987341772151
R0290,14,1.5,12,0.382,pullback,both,atr_sl_fixed_tp,8.0,16.0,96,0.7,1.5,1.0,24,511.0,2278.19023437481,268509.20000000065,266231.00976562395,1.0085571933802238,26443.1511718752,4.458297914627809,0.4227005870841487,10.976516634050881,228.0,-49126.40976562486,91520.23417968745,140646.64394531256,0.650710401701964,53305.019531249935,-215.46670949835467,0.31140350877192985,10.175438596491228
R0291,14,1.5,12,0.382,pullback,both,fixed_sl_atr_tp,8.0,16.0,96,0.7,1.25,1.0,24,534.0,3070.7999999997546,263341.4000000005,260270.5999999988,1.0117984897256997,28504.980468750127,5.75056179775235,0.36891385767790263,10.290262172284644,242.0,-50269.66835937509,88850.59023437496,139120.25859375024,0.6386603297930215,54127.83906249999,-207.72590231146734,0.2603305785123967,9.185950413223141
R0292,14,1.5,12,0.382,pullback,both,fixed_sl_atr_tp,8.0,16.0,96,0.7,1.5,1.0,24,527.0,18417.331640625,275472.73164062557,257055.39999999886,1.0716473244313358,23530.429296874907,34.947498369307404,0.3681214421252372,10.537001897533207,241.0,-47095.8488281251,92048.20976562492,139144.0585937503,0.6615317297475992,53754.019531249985,-195.418459867739,0.25311203319502074,9.203319502074688
R0293,14,1.5,12,0.382,pullback,both,atr_sl_fixed_tp,8.0,20.0,96,0.7,1.25,1.0,24,495.0,1948.9609375000318,260965.6097656255,259016.64882812396,1.0075244620232686,33360.80976562513,3.9372948232323877,0.3797979797979798,11.642424242424243,231.0,-47777.878124999996,95300.58046874999,143078.45859375017,0.666072177499072,53097.44882812498,-206.83064123376622,0.2727272727272727,9.982683982683982
R0294,14,1.5,12,0.382,pullback,both,atr_sl_fixed_tp,8.0,20.0,96,0.7,1.5,1.0,24,476.0,7211.209765624813,261474.2195312504,254263.00976562419,1.0283612223904428,27007.54140625003,15.149600347951289,0.4012605042016807,12.344537815126051,221.0,-36789.79511718725,99845.44882812504,136635.24394531263,0.7307444693265782,46323.21464843736,-166.4696611637432,0.3031674208144796,10.760180995475114
R0295,14,1.5,12,0.382,pullback,both,fixed_sl_atr_tp,8.0,20.0,96,0.7,1.25,1.0,24,501.0,19956.092578125073,266595.9121093754,246639.81953124894,1.0809118844477505,26613.839062499912,39.83252011601811,0.3592814371257485,11.463073852295409,240.0,-48282.07324218759,93249.58535156245,141531.6585937502,0.6588602598039517,53281.05371093746,-201.1753051757816,0.24166666666666667,9.433333333333334
R0296,14,1.5,12,0.382,pullback,both,fixed_sl_atr_tp,8.0,20.0,96,0.7,1.5,1.0,24,494.0,17932.663281250152,262771.1023437503,244838.43906249892,1.0732428427085086,25470.058593749956,36.30093781629586,0.3562753036437247,11.823886639676113,239.0,-45798.263476562555,94929.59511718743,140727.85859375022,0.6745614980984532,51797.24394531243,-191.62453337473872,0.24267782426778242,9.523012552301255
R0297,14,1.5,12,0.382,pullback,both,atr_sl_fixed_tp,8.0,24.0,96,0.7,1.25,1.0,24,481.0,432.24882812530876,257725.05859375055,257292.80976562397,1.0016799879814766,41472.760937499785,0.8986462123187292,0.36382536382536385,12.23908523908524,228.0,-38056.47812500001,103214.38046874994,141270.85859375022,0.730613386909196,47906.04882812491,-166.91437774122812,0.2719298245614035,10.37719298245614
R0298,14,1.5,12,0.382,pullback,both,atr_sl_fixed_tp,8.0,24.0,96,0.7,1.5,1.0,24,464.0,11606.907421875087,263756.05859375047,252149.15117187423,1.0460319115409773,29640.931640624927,25.014886685075616,0.3879310344827586,12.9375,218.0,-26448.404882812345,108439.23906250004,134887.64394531268,0.803922701077531,40131.8146484374,-121.32295817803828,0.30275229357798167,11.160550458715596
R0299,14,1.5,12,0.382,pullback,both,fixed_sl_atr_tp,8.0,24.0,96,0.7,1.25,1.0,24,487.0,7049.380468750196,253459.20000000036,246409.8195312489,1.0286083585555221,33316.999999999774,14.475113898871038,0.3408624229979466,12.123203285420944,236.0,-44556.88300781256,94563.37558593745,139120.25859375024,0.6797239779583443,51765.853710937416,-188.80035172801934,0.24152542372881355,9.830508474576272
R0300,14,1.5,12,0.382,pullback,both,fixed_sl_atr_tp,8.0,24.0,96,0.7,1.5,1.0,24,484.0,4420.790234375143,250350.59023437538,245929.799999999,1.0179758216953634,41006.731640624894,9.1338641206098,0.3367768595041322,12.34297520661157,233.0,-45335.46347656269,91393.36582031232,136728.82929687528,0.6684279115845613,50008.25371093742,-194.57280462044073,0.2446351931330472,10.124463519313304
R0301,14,1.5,12,0.382,pullback,both,atr_sl_fixed_tp,10.0,16.0,96,0.7,1.25,1.0,24,476.0,-7198.770703125179,263040.64882812573,270239.41953124915,0.9733615076748972,26609.34140625017,-15.12346786370836,0.4474789915966387,12.031512605042018,215.0,-50996.98046874979,93488.85371093747,144485.83417968743,0.647045118587,53583.19999999992,-237.19525799418506,0.34418604651162793,11.106976744186046
R0302,14,1.5,12,0.382,pullback,both,atr_sl_fixed_tp,10.0,16.0,96,0.7,1.5,1.0,24,464.0,8856.829296874806,270384.03906250076,261527.2097656245,1.033865804268755,22824.331640624925,19.08799417429915,0.47413793103448276,12.616379310344827,211.0,-65251.81464843767,89484.02441406243,154735.83906249987,0.5783018656584054,65251.81464843767,-309.25030639069985,0.33175355450236965,11.260663507109005
R0303,14,1.5,12,0.382,pullback,both,fixed_sl_atr_tp,10.0,16.0,96,0.7,1.25,1.0,24,483.0,-2985.409765625187,264233.84882812557,267219.2585937491,0.9888278644984859,34496.20976562517,-6.180972599638069,0.41200828157349895,11.821946169772257,224.0,-54691.26347656252,93887.78535156249,148579.048828125,0.6319046062824853,57098.434179687516,-244.1574262346541,0.3080357142857143,10.477678571428571
R0304,14,1.5,12,0.382,pullback,both,fixed_sl_atr_tp,10.0,16.0,96,0.7,1.5,1.0,24,477.0,5517.331640624833,271732.7902343756,266215.4585937491,1.020725061083121,32966.45859374994,11.566732999213487,0.40670859538784065,12.081761006289309,223.0,-51117.443945312465,97485.40488281245,148602.84882812505,0.6560130283610152,56324.61464843746,-229.2262060327913,0.3004484304932735,10.506726457399104
R0305,14,1.5,12,0.382,pullback,both,atr_sl_fixed_tp,10.0,20.0,96,0.7,1.25,1.0,24,444.0,-1817.1609375004475,256191.86835937525,258009.02929687436,0.9929569870385884,27165.302343750154,-4.092704814190197,0.42567567567567566,13.441441441441441,211.0,-40701.76582031216,103034.06835937504,143735.83417968743,0.716829376247052,49272.77558593732,-192.89936407730883,0.33175355450236965,11.511848341232227
R0306,14,1.5,12,0.382,pullback,both,atr_sl_fixed_tp,10.0,20.0,96,0.7,1.5,1.0,24,430.0,3936.0195312496053,255860.41953125034,251924.3999999996,1.0156238122676913,24396.32187499992,9.153533793603733,0.44651162790697674,14.134883720930233,208.0,-56110.419531249834,98629.21953124997,154739.63906249986,0.6373881969015922,59865.170703124866,-269.761632361778,0.3173076923076923,11.649038461538462
R0307,14,1.5,12,0.382,pullback,both,fixed_sl_atr_tp,10.0,20.0,96,0.7,1.25,1.0,24,456.0,3687.1902343749507,260449.8195312504,256762.62929687413,1.0143603072007534,34781.707421875006,8.085943496436295,0.3925438596491228,12.975877192982455,222.0,-49183.668359374875,101402.98046875001,150586.64882812498,0.6733862613842233,54494.62929687491,-221.5480556728598,0.2927927927927928,10.743243243243244
R0308,14,1.5,12,0.382,pullback,both,fixed_sl_atr_tp,10.0,20.0,96,0.7,1.5,1.0,24,451.0,9256.141406249917,261809.79023437525,252553.64882812413,1.0366501986773924,33107.936718749974,20.523595135809128,0.3968957871396896,13.286031042128602,222.0,-46083.648828124875,104502.99999999999,150586.64882812498,0.6939725454630213,52494.629296874926,-207.58400373029224,0.2927927927927928,10.815315315315315
R0309,14,1.5,12,0.382,pullback,both,atr_sl_fixed_tp,10.0,24.0,96,0.7,1.25,1.0,24,431.0,6982.248828124706,260429.82929687528,253447.58046874954,1.0275490845689357,26715.93164062512,16.200113290312544,0.41531322505800466,14.153132250580047,209.0,-29724.185351562333,113017.84882812494,142742.03417968753,0.791762913269507,42455.19511718744,-142.22098254336044,0.33014354066985646,11.822966507177034
R0310,14,1.5,12,0.382,pullback,both,atr_sl_fixed_tp,10.0,24.0,96,0.7,1.5,1.0,24,414.0,2756.8195312497355,248989.77070312534,246232.95117187477,1.0111959813588323,28639.390234374892,6.658984374999362,0.4323671497584541,15.06280193236715,206.0,-45282.839062499945,108212.99999999988,153495.83906249996,0.7049897942571463,53197.59023437492,-219.8196070995143,0.3155339805825243,11.95631067961165
R0311,14,1.5,12,0.382,pullback,both,fixed_sl_atr_tp,10.0,24.0,96,0.7,1.25,1.0,24,441.0,2834.248828124769,251510.2488281252,248675.99999999933,1.0113973557083349,35702.541406249955,6.42686809098587,0.3877551020408163,13.784580498866212,219.0,-43152.278125000055,105184.36093749994,148336.63906250012,0.7090922485656533,52243.28789062501,-197.04236586758017,0.2831050228310502,11.200913242009133
R0312,14,1.5,12,0.382,pullback,both,fixed_sl_atr_tp,10.0,24.0,96,0.7,1.5,1.0,24,439.0,-2458.141406250177,247545.43906250029,250003.58046874937,0.9901675751937626,39832.53164062503,-5.59941094817808,0.3804100227790433,13.979498861047835,216.0,-42730.85859375018,102614.35117187482,145345.20976562516,0.7060043556808269,50085.68789062501,-197.82804904513972,0.28703703703703703,11.523148148148149
R0313,14,1.5,12,0.382,pullback,both,atr_sl_fixed_tp,12.0,16.0,96,0.7,1.25,1.0,24,450.0,3329.941406249548,268754.00000000064,265424.05859374953,1.0125457406683236,28333.990234375116,7.399869791665663,0.4888888888888889,13.21111111111111,200.0,-70449.9902343752,87077.79999999999,157527.79023437496,0.5527773853136821,72741.4097656252,-352.24995117187603,0.345,12.175
R0314,14,1.5,12,0.382,pullback,both,atr_sl_fixed_tp,12.0,16.0,96,0.7,1.5,1.0,24,435.0,17406.86328124963,272046.33164062566,254639.46835937476,1.0683588580882695,26302.697656250097,40.015777658045124,0.5103448275862069,13.919540229885058,198.0,-72952.38535156276,90270.19999999998,163222.58535156248,0.5530496885928406,74043.80488281275,-368.44639066445836,0.35858585858585856,12.45959595959596
R0315,14,1.5,12,0.382,pullback,both,fixed_sl_atr_tp,12.0,16.0,96,0.7,1.25,1.0,24,448.0,-1072.4878906254944,263752.38046875043,264824.8683593744,0.9959501994760984,36710.05859375032,-2.393946184431907,0.45089285714285715,13.254464285714286,203.0,-51361.365820312254,94000.22929687507,145361.5951171875,0.6466648169421506,59143.81464843736,-253.01165428725247,0.3497536945812808,12.0935960591133
R0316,14,1.5,12,0.382,pullback,both,fixed_sl_atr_tp,12.0,16.0,96,0.7,1.5,1.0,24,444.0,9792.70234374949,273273.76093750034,263481.0585937494,1.0371666274456939,29691.64882812509,22.0556359093457,0.44819819819819817,13.47072072072072,203.0,-45311.35605468732,100074.03906250001,145385.39511718752,0.6883362595110437,55893.80488281242,-223.2086505157011,0.3448275862068966,12.133004926108374
R0317,14,1.5,12,0.382,pullback,both,atr_sl_fixed_tp,12.0,20.0,96,0.7,1.25,1.0,24,419.0,-4792.219531250462,255144.20000000042,259936.41953124964,0.9815638780441341,28723.560937500017,-11.437278117542869,0.45584725536992843,14.689737470167065,197.0,-62538.600000000035,95592.99023437499,158131.59023437495,0.6045154550883332,68288.59023437503,-317.45482233502554,0.3299492385786802,12.583756345177665
R0318,14,1.5,12,0.382,pullback,both,atr_sl_fixed_tp,12.0,20.0,96,0.7,1.5,1.0,24,409.0,1955.702343749564,257360.3023437504,255404.59999999974,1.0076572714185674,28199.90742187506,4.781668322126073,0.46943765281173594,15.254278728606357,195.0,-67440.99511718769,97589.19023437498,165030.18535156245,0.5913414568763983,71390.98535156269,-345.85125701121893,0.3384615384615385,12.866666666666667
R0319,14,1.5,12,0.382,pullback,both,fixed_sl_atr_tp,12.0,20.0,96,0.7,1.25,1.0,24,427.0,2917.3902343747304,262944.6195312504,260027.22929687437,1.011219556668218,27670.887890625254,6.83229563085417,0.42857142857142855,14.281030444964872,201.0,-45853.77558593724,101915.41953125007,147769.19511718748,0.6896932709853812,56540.01464843738,-228.12823674595643,0.3333333333333333,12.422885572139304
R0320,14,1.5,12,0.382,pullback,both,fixed_sl_atr_tp,12.0,20.0,96,0.7,1.5,1.0,24,422.0,9226.370703124603,264294.61953125015,255068.24882812437,1.0361721646873536,26093.30742187527,21.86343768512939,0.43364928909952605,14.618483412322275,201.0,-42313.7560546873,105455.43906250001,147769.19511718748,0.7136496817138999,53540.01464843743,-210.51619927705124,0.3333333333333333,12.577114427860696
R0321,14,1.5,12,0.382,pullback,both,atr_sl_fixed_tp,12.0,24.0,96,0.7,1.25,1.0,24,403.0,-2771.360937500318,248789.77070312534,251561.13164062472,0.988983350013473,29665.06835937508,-6.8768261476434684,0.4441687344913151,15.655086848635236,194.0,-51337.20488281256,104346.78535156242,155683.99023437503,0.6702473722215956,61247.195117187504,-264.62476743717815,0.32989690721649484,13.005154639175258
R0322,14,1.5,12,0.382,pullback,both,atr_sl_fixed_tp,12.0,24.0,96,0.7,1.5,1.0,24,393.0,5736.551171874664,252172.06328125033,246435.5121093749,1.0232781027489635,32064.707421875024,14.596822320291766,0.46055979643765904,16.24936386768448,190.0,-57112.000000000175,103966.78535156239,161078.78535156258,0.645440584398806,64037.19023437511,-300.58947368421144,0.3368421052631579,13.363157894736842
R0323,14,1.5,12,0.382,pullback,both,fixed_sl_atr_tp,12.0,24.0,96,0.7,1.25,1.0,24,412.0,11144.448828124558,259061.22929687507,247916.78046874958,1.0449523779998033,25245.96093749995,27.049633077972228,0.42718446601941745,15.184466019417476,199.0,-36926.1316406248,108661.6732421875,145587.80488281252,0.7463652146527806,49512.39023437488,-185.55845045540102,0.3417085427135678,12.93969849246231
R0324,14,1.5,12,0.382,pullback,both,fixed_sl_atr_tp,12.0,24.0,96,0.7,1.5,1.0,24,409.0,-654.1316406253441,249214.04882812517,249868.1804687496,0.9973820930724461,33272.12187499996,-1.5993438646096432,0.4156479217603912,15.466992665036674,196.0,-33414.71210937489,108581.66347656243,141996.37558593755,0.7646791196501194,45754.79023437489,-170.48322504783104,0.3469387755102041,13.275510204081632
R0325,14,1.5,12,0.5,pullback,both,atr_sl_fixed_tp,8.0,16.0,96,0.7,1.25,1.0,24,445.0,-16501.058593749898,212952.95117187544,229454.00976562424,0.9280855513895625,35815.009765625175,-37.08103054775258,0.3707865168539326,10.674157303370787,225.0,-69794.9804687502,72392.02441406238,142187.00488281262,0.5091324940259223,72207.34140625011,-310.19991319444534,0.26666666666666666,8.577777777777778
R0326,14,1.5,12,0.5,pullback,both,atr_sl_fixed_tp,8.0,16.0,96,0.7,1.5,1.0,24,434.0,-4259.278124999982,219556.3023437504,223815.5804687494,0.980969697837485,34866.04882812525,-9.814004896313321,0.39631336405529954,11.235023041474655,217.0,-72274.58535156268,70838.23417968741,143112.81953125008,0.49498175224071517,72550.7267578126,-333.06260530674047,0.28110599078341014,9.036866359447005
R0327,14,1.5,12,0.5,pullback,both,fixed_sl_atr_tp,8.0,16.0,96,0.7,1.25,1.0,24,450.0,-33979.912109374905,196651.46835937555,230631.38046874915,0.8526657038590725,55164.341406249994,-75.5109157986109,0.32666666666666666,10.595555555555556,227.0,-61402.580468750246,72207.22441406234,133609.80488281275,0.5404335742978913,61493.16093750019,-270.49594920154294,0.24669603524229075,8.352422907488986
R0328,14,1.5,12,0.5,pullback,both,fixed_sl_atr_tp,8.0,16.0,96,0.7,1.5,1.0,24,445.0,-33960.863281249935,195866.7171875004,229827.58046874916,0.8522332993630127,54539.90234374997,-76.31654669943805,0.32134831460674157,10.768539325842697,225.0,-65394.980468750255,69018.62441406235,134413.60488281274,0.5134794537668683,65885.5609375002,-290.64435763889,0.23555555555555555,8.528888888888888
R0329,14,1.5,12,0.5,pullback,both,atr_sl_fixed_tp,8.0,20.0,96,0.7,1.25,1.0,24,424.0,-14951.131640624691,211257.65859375047,226208.79023437426,0.9339056116027455,42671.16093749998,-35.26210292600163,0.3490566037735849,11.808962264150944,222.0,-68903.56093750031,74087.2439453123,142990.8048828126,0.5181259312864916,70673.51210937517,-310.37640061937077,0.25225225225225223,9.004504504504505
R0330,14,1.5,12,0.5,pullback,both,atr_sl_fixed_tp,8.0,20.0,96,0.7,1.5,1.0,24,414.0,-2583.141406249716,219924.82929687548,222507.9707031244,0.9883907915833928,42085.990234375044,-6.239471995772261,0.3719806763285024,12.333333333333334,214.0,-69753.14628906272,74163.47324218738,143916.61953125006,0.5153225074612284,70436.88769531265,-325.94928172459214,0.26635514018691586,9.481308411214954
R0331,14,1.5,12,0.5,pullback,both,fixed_sl_atr_tp,8.0,20.0,96,0.7,1.25,1.0,24,436.0,-22906.712109374766,203235.65859375036,226142.3707031242,0.8987066773990559,45134.77070312493,-52.53833052608891,0.3165137614678899,11.346330275229358,223.0,-63507.360937500314,70906.24394531231,134413.60488281274,0.5275228203806547,64497.94140625026,-284.7863719170418,0.22869955156950672,8.838565022421525
R0332,14,1.5,12,0.5,pullback,both,fixed_sl_atr_tp,8.0,20.0,96,0.7,1.5,1.0,24,431.0,-21567.702343749734,203207.05859375038,224774.76093749923,0.9040474906800325,44010.57070312498,-50.04107272331725,0.31322505800464034,11.563805104408353,219.0,-61032.1511718753,70970.05371093731,132002.20488281277,0.5376429414489113,61406.53164062527,-278.6856217893849,0.228310502283105,9.054794520547945
R0333,14,1.5,12,0.5,pullback,both,atr_sl_fixed_tp,8.0,24.0,96,0.7,1.25,1.0,24,413.0,-16919.253515624845,205428.1367187502,222347.3902343743,0.9239062194623032,45573.89257812497,-40.966715534200596,0.3389830508474576,12.469733656174334,217.0,-73274.53652343783,69916.26835937484,143190.8048828126,0.4882734503559382,77028.29746093776,-337.67067522321577,0.2350230414746544,9.451612903225806
R0334,14,1.5,12,0.5,pullback,both,atr_sl_fixed_tp,8.0,24.0,96,0.7,1.5,1.0,24,404.0,-16025.033984374877,206956.71718750024,222981.75117187444,0.928132979940488,50192.502343750035,-39.66592570389821,0.35396039603960394,13.022277227722773,209.0,-74094.10234375017,69992.49765624994,144086.60000000003,0.4857668766994982,76761.65351562516,-354.51723609449846,0.24880382775119617,9.956937799043063
R0335,14,1.5,12,0.5,pullback,both,fixed_sl_atr_tp,8.0,24.0,96,0.7,1.25,1.0,24,426.0,-16608.67304687478,204950.8878906253,221559.56093749928,0.9250374347349462,42781.52187499993,-38.987495415199014,0.3145539906103286,11.981220657276996,217.0,-65214.52675781279,67591.47812499985,132806.00488281276,0.5089489604377616,65588.90722656275,-300.5277730774783,0.21658986175115208,9.290322580645162
R0336,14,1.5,12,0.5,pullback,both,fixed_sl_atr_tp,8.0,24.0,96,0.7,1.5,1.0,24,423.0,-17067.253515624823,202884.70742187524,219951.96093749927,0.9224046312527588,44550.67304687486,-40.34811705821471,0.3144208037825059,12.182033096926714,216.0,-64150.71699218779,67851.48789062483,132002.20488281277,0.5140178374358304,64525.09746093775,-296.9940601490175,0.2175925925925926,9.416666666666666
R0337,14,1.5,12,0.5,pullback,both,atr_sl_fixed_tp,10.0,16.0,96,0.7,1.25,1.0,24,412.0,-4995.726953125023,225567.3316406255,230563.05859374948,0.9783324918415208,31622.10742187519,-12.12555085709957,0.42961165048543687,12.37135922330097,205.0,-75198.9414062503,72096.84882812487,147295.79023437505,0.48946985323480974,75285.16093750029,-366.8241044207332,0.3121951219512195,10.141463414634146
R0338,14,1.5,12,0.5,pullback,both,atr_sl_fixed_tp,10.0,16.0,96,0.7,1.5,1.0,24,403.0,4298.424218750066,230790.7121093755,226492.2878906245,1.0189782365606497,19376.346484375004,10.666065058933166,0.456575682382134,12.928039702233251,193.0,-64433.33652343771,74269.25859374984,138702.5951171876,0.5354568783013824,64519.556054687695,-333.85148457739746,0.34196891191709844,11.072538860103627
R0339,14,1.5,12,0.5,pullback,both,fixed_sl_atr_tp,10.0,16.0,96,0.7,1.25,1.0,24,413.0,-24549.36093749974,211025.88789062554,235575.24882812434,0.8957897272331441,49156.21953124994,-59.44155190677903,0.38498789346246975,12.326876513317192,212.0,-70615.53652343784,74458.23906249981,145073.7755859376,0.51324395992157,72499.32675781267,-333.09215341244266,0.28773584905660377,9.716981132075471
R0340,14,1.5,12,0.5,pullback,both,fixed_sl_atr_tp,10.0,16.0,96,0.7,1.5,1.0,24,405.0,-25178.931640624796,206938.71718750044,232117.64882812437,0.8915251306062121,50403.39023437495,-62.17020158178962,0.37777777777777777,12.676543209876543,209.0,-73004.13652343788,72069.63906249982,145073.7755859376,0.49677923367898974,76087.9267578127,-349.30208862888935,0.27751196172248804,9.956937799043063
R0341,14,1.5,12,0.5,pullback,both,atr_sl_fixed_tp,10.0,20.0,96,0.7,1.25,1.0,24,393.0,-10643.341406249887,220709.65859375038,231352.9999999995,0.9539952306378169,43720.23906250016,-27.082293654579864,0.4020356234096692,13.51908396946565,202.0,-70797.50234375036,76498.28789062487,147295.7902343751,0.5193514883819952,70998.8730468752,-350.4826848700513,0.30198019801980197,10.603960396039604
R0342,14,1.5,12,0.5,pullback,both,atr_sl_fixed_tp,10.0,20.0,96,0.7,1.5,1.0,24,383.0,-1915.3609374998603,224736.8390625004,226652.19999999955,0.991549338865896,33229.478125000176,-5.000942395560993,0.4281984334203655,14.156657963446476,191.0,-58215.70722656273,80486.88789062481,138702.59511718762,0.5802839364513888,60167.077929687584,-304.7942786731033,0.33507853403141363,11.539267015706807
R0343,14,1.5,12,0.5,pullback,both,fixed_sl_atr_tp,10.0,20.0,96,0.7,1.25,1.0,24,394.0,-16187.121874999855,210665.2976562503,226852.41953124938,0.9286447025407667,42603.2292968751,-41.084065672588466,0.37055837563451777,13.373096446700508,207.0,-69636.51699218793,74433.45859374979,144069.97558593765,0.5166479572931577,72774.0974609377,-336.4082946482509,0.2753623188405797,10.256038647342995
R0344,14,1.5,12,0.5,pullback,both,fixed_sl_atr_tp,10.0,20.0,96,0.7,1.5,1.0,24,389.0,-18078.121874999866,207206.68789062527,225284.8097656244,0.9197543682869397,43375.41953124996,-46.47332101542382,0.3676092544987147,13.660668380462726,203.0,-65561.3072265629,75497.26835937478,141058.57558593768,0.5352192735944599,68266.49746093768,-322.96210456434926,0.27586206896551724,10.536945812807883
R0345,14,1.5,12,0.5,pullback,both,atr_sl_fixed_tp,10.0,24.0,96,0.7,1.25,1.0,24,383.0,-26035.282812499925,206509.08789062532,232544.3707031245,0.8880416553031212,55240.37070312508,-67.97723971932095,0.3785900783289817,14.315926892950392,197.0,-74208.52187500028,72647.248828125,146855.7707031251,0.4946843319830064,76393.7023437502,-376.6930044416258,0.28426395939086296,11.157360406091371
R0346,14,1.5,12,0.5,pullback,both,atr_sl_fixed_tp,10.0,24.0,96,0.7,1.5,1.0,24,373.0,-19517.273046874827,210080.09765625035,229597.37070312453,0.9149934819065915,45726.160937500004,-52.325128811996855,0.40214477211796246,14.981233243967829,185.0,-62902.90234375025,75769.67324218742,138672.5755859376,0.5463926297037135,64841.882812500175,-340.01568834459596,0.31351351351351353,12.183783783783785
R0347,14,1.5,12,0.5,pullback,both,fixed_sl_atr_tp,10.0,24.0,96,0.7,1.25,1.0,24,387.0,-15180.51210937486,209764.27812500024,224944.7902343744,0.9325144979194349,43157.98046874997,-39.226129481588785,0.3643410852713178,14.012919896640827,203.0,-72621.34628906293,71038.62929687492,143659.9755859377,0.4944914476501457,75710.34628906279,-357.74062211361047,0.26108374384236455,10.67487684729064
R0348,14,1.5,12,0.5,pullback,both,fixed_sl_atr_tp,10.0,24.0,96,0.7,1.5,1.0,24,385.0,-12892.90234374989,210044.28789062522,222937.19023437443,0.9421680055705606,41314.1609375,-33.488058035714005,0.36623376623376624,14.215584415584416,202.0,-70757.53652343791,71898.63906249992,142656.17558593772,0.5039994852461704,74446.53652343777,-350.28483427444513,0.2623762376237624,10.806930693069306
R0349,14,1.5,12,0.5,pullback,both,atr_sl_fixed_tp,12.0,16.0,96,0.7,1.25,1.0,24,395.0,-21.166015624795634,233919.31210937555,233940.47812499944,0.9999095239276523,22743.57578124982,-0.053584849683026924,0.47341772151898737,13.635443037974683,192.0,-77879.55605468777,73623.05371093735,151502.60976562498,0.4859523794661521,77965.77558593775,-405.6226877848321,0.3385416666666667,11.354166666666666
R0350,14,1.5,12,0.5,pullback,both,atr_sl_fixed_tp,12.0,16.0,96,0.7,1.5,1.0,24,388.0,-2984.5660156245467,232019.2632812506,235003.82929687435,0.9872999260286375,31752.185546874654,-7.692180452640584,0.48195876288659795,14.123711340206185,191.0,-90575.7462890627,70264.45371093739,160840.1999999999,0.4368587810195302,90661.96582031269,-474.2185669584435,0.32460732984293195,11.664921465968586
R0351,14,1.5,12,0.5,pullback,both,fixed_sl_atr_tp,12.0,16.0,96,0.7,1.25,1.0,24,394.0,-10877.151171874732,224014.0390625005,234891.19023437443,0.9536928091640188,45438.62929687486,-27.606982669732822,0.43147208121827413,13.763959390862944,203.0,-80941.3316406253,76250.64394531233,157191.97558593747,0.48507974825741534,82860.91210937516,-398.72577162869607,0.3103448275862069,10.52216748768473
R0352,14,1.5,12,0.5,pullback,both,fixed_sl_atr_tp,12.0,16.0,96,0.7,1.5,1.0,24,388.0,-21154.321874999758,214784.47812500037,235938.79999999944,0.9103397920350569,50337.19999999982,-54.521448131442675,0.4175257731958763,14.118556701030927,200.0,-82299.91210937533,74662.04394531234,156961.9560546874,0.47566968341869537,84242.29257812518,-411.4995605468767,0.3,10.78
R0353,14,1.5,12,0.5,pullback,both,atr_sl_fixed_tp,12.0,20.0,96,0.7,1.25,1.0,24,372.0,-8873.473046874615,224456.8390625005,233330.31210937444,0.9619703373871353,35966.19023437513,-23.853422169017783,0.44086021505376344,15.00268817204301,189.0,-70658.09746093783,79840.68300781233,150498.78046875005,0.5305071759328353,72423.27792968768,-373.85236751818957,0.3333333333333333,11.915343915343914
R0354,14,1.5,12,0.5,pullback,both,atr_sl_fixed_tp,12.0,20.0,96,0.7,1.5,1.0,24,368.0,-6298.3999999995785,228217.78046875063,234516.18046874946,0.9731430045150419,37943.317187499735,-17.1152173913032,0.4592391304347826,15.380434782608695,188.0,-84154.2876953128,75682.08300781235,159836.37070312494,0.47349725644347795,85909.47792968768,-447.6291898686851,0.3191489361702128,12.207446808510639
R0355,14,1.5,12,0.5,pullback,both,fixed_sl_atr_tp,12.0,20.0,96,0.7,1.25,1.0,24,376.0,-12048.692578124661,219384.8390625004,231433.53164062442,0.9479388639463294,41711.829296874785,-32.044395154586866,0.4095744680851064,14.784574468085106,196.0,-78194.67304687531,76359.68300781239,154554.3560546875,0.4940636094449081,80059.85351562516,-398.9524135044659,0.29591836734693877,11.224489795918368
R0356,14,1.5,12,0.5,pullback,both,fixed_sl_atr_tp,12.0,20.0,96,0.7,1.5,1.0,24,371.0,-13239.692578124736,216426.22929687527,229665.9218749994,0.9423523852819136,41574.00976562471,-35.68650290599659,0.40700808625336926,15.118598382749326,193.0,-75173.28281250033,77923.49277343739,153096.77558593752,0.5089819329976466,75259.50234375031,-389.49887467616753,0.29533678756476683,11.471502590673575
R0357,14,1.5,12,0.5,pullback,both,atr_sl_fixed_tp,12.0,24.0,96,0.7,1.25,1.0,24,361.0,-25631.63398437468,208600.0976562504,234231.7316406245,0.8905714703774635,46459.931640624745,-71.00175618940354,0.4155124653739612,16.01662049861496,183.0,-75145.29257812523,75123.46835937494,150268.7609375,0.49992738271542947,76898.08281250016,-410.630014088116,0.3114754098360656,12.573770491803279
R0358,14,1.5,12,0.5,pullback,both,atr_sl_fixed_tp,12.0,24.0,96,0.7,1.5,1.0,24,357.0,-18086.54140624973,216071.0488281254,234157.5902343745,0.9227591068555762,45614.61953124973,-50.662580969887195,0.4341736694677871,16.448179271708682,182.0,-88781.47304687517,70824.87812499996,159606.3511718749,0.4437472419172777,90524.27304687511,-487.81029146634705,0.2967032967032967,12.884615384615385
R0359,14,1.5,12,0.5,pullback,both,fixed_sl_atr_tp,12.0,24.0,96,0.7,1.25,1.0,24,366.0,-12910.692578124894,214201.4292968752,227112.12187499952,0.9431527807871468,44114.81953124987,-35.275116333674575,0.4016393442622951,15.685792349726777,193.0,-82753.29257812529,73344.88300781252,156098.17558593757,0.46986380675175515,82839.51210937527,-428.77353667422426,0.27979274611398963,11.61658031088083
R0360,14,1.5,12,0.5,pullback,both,fixed_sl_atr_tp,12.0,24.0,96,0.7,1.5,1.0,24,364.0,-10223.08281249992,214481.43906250017,224704.52187499954,0.9545043298319277,42670.99999999989,-28.085392342032748,0.40384615384615385,15.909340659340659,192.0,-80319.49257812525,74574.88300781253,154894.37558593758,0.48145636486611704,80782.27304687517,-418.330690511069,0.28125,11.770833333333334
R0361,14,1.5,24,0.382,pullback,both,atr_sl_fixed_tp,8.0,16.0,96,0.7,1.25,1.0,24,436.0,-30986.75117187465,202923.43906250063,233910.1902343742,0.8675271430422704,39088.55117187459,-71.07053021072167,0.36009174311926606,10.438073394495413,212.0,-47625.565820312644,81016.83906249987,128642.40488281293,0.629783306183543,47661.78535156263,-224.64889537883323,0.3018867924528302,8.264150943396226
R0362,14,1.5,24,0.382,pullback,both,atr_sl_fixed_tp,8.0,16.0,96,0.7,1.5,1.0,24,421.0,-27279.751171874777,202949.60976562562,230229.36093749935,0.8815105464359978,39411.10234374972,-64.79750872179282,0.3752969121140142,11,209.0,-48464.16582031264,84793.05371093733,133257.21953125036,0.636311143285204,48500.385351562625,-231.88596086273992,0.31100478468899523,8.717703349282298
R0363,14,1.5,24,0.382,pullback,both,fixed_sl_atr_tp,8.0,16.0,96,0.7,1.25,1.0,24,448.0,-26242.38046874984,205757.6390625005,232000.01953124936,0.8868863006056165,38822.770703124785,-58.576742117745184,0.33035714285714285,10.258928571428571,219.0,-39892.165820312686,83580.63906249987,123472.80488281298,0.6769153672488899,39928.38535156267,-182.15600831193007,0.2876712328767123,8.04109589041096
R0364,14,1.5,24,0.382,pullback,both,fixed_sl_atr_tp,8.0,16.0,96,0.7,1.5,1.0,24,446.0,-21584.75117187494,211219.06835937547,232803.81953124935,0.9072835178764043,41586.6195312499,-48.39630307595278,0.3251121076233184,10.405829596412556,218.0,-39508.356054687705,84768.24882812485,124276.60488281299,0.6820933747591298,39738.97558593765,-181.23099107654912,0.2798165137614679,8.23394495412844
R0365,14,1.5,24,0.382,pullback,both,atr_sl_fixed_tp,8.0,20.0,96,0.7,1.25,1.0,24,414.0,-47773.21953124996,185668.44882812558,233441.66835937434,0.795352646907476,57704.019531249774,-115.394250075483,0.3188405797101449,11.741545893719806,209.0,-54154.15605468776,78147.2488281249,132301.40488281293,0.5906758805573114,54190.37558593774,-259.11079452003713,0.2679425837320574,8.822966507177034
R0366,14,1.5,24,0.382,pullback,both,atr_sl_fixed_tp,8.0,20.0,96,0.7,1.5,1.0,24,399.0,-40376.21953124994,187790.80000000054,228167.0195312495,0.823040947748721,58388.37070312473,-101.19353265977428,0.3358395989974937,12.333333333333334,204.0,-54605.14140625015,79703.4781249999,134308.61953125036,0.5934353163867851,55073.78046875008,-267.6722617953439,0.27941176470588236,9.416666666666666
R0367,14,1.5,24,0.382,pullback,both,fixed_sl_atr_tp,8.0,20.0,96,0.7,1.25,1.0,24,430.0,-40863.990234375204,192213.64882812547,233077.63906249934,0.824676488063206,56503.37070312502,-95.03253542877954,0.29767441860465116,11.262790697674419,213.0,-48029.34628906277,77294.85859374987,125324.20488281299,0.6167592179501641,48649.95605468772,-225.48988868104587,0.2535211267605634,8.727699530516432
R0368,14,1.5,24,0.382,pullback,both,fixed_sl_atr_tp,8.0,20.0,96,0.7,1.5,1.0,24,424.0,-40181.20976562519,189735.0488281254,229916.2585937494,0.8252354574165971,52155.78046874995,-94.76700416421036,0.294811320754717,11.63443396226415,213.0,-43429.36582031275,81894.83906249986,125324.20488281299,0.6534638630987313,45176.575585937564,-203.89373624559977,0.2535211267605634,8.84037558685446
R0369,14,1.5,24,0.382,pullback,both,atr_sl_fixed_tp,8.0,24.0,96,0.7,1.25,1.0,24,408.0,-39110.38046875007,193347.50742187546,232457.8878906244,0.8317528356484463,56362.59023437484,-95.85877565870115,0.3112745098039216,12.186274509803921,207.0,-46456.51699218766,85241.0878906249,131697.60488281294,0.6472485810692917,47713.76582031255,-224.42761831974715,0.26570048309178745,9.318840579710145
R0370,14,1.5,24,0.382,pullback,both,atr_sl_fixed_tp,8.0,24.0,96,0.7,1.5,1.0,24,394.0,-34417.19023437504,193369.84882812537,227787.03906249956,0.8489062837990053,56220.73164062483,-87.35327470653564,0.32741116751269034,12.83248730964467,202.0,-47327.48281250007,86347.31718749991,133674.8000000003,0.6459505994211303,51456.141406250055,-234.29446936881223,0.27722772277227725,9.985148514851485
R0371,14,1.5,24,0.382,pullback,both,fixed_sl_atr_tp,8.0,24.0,96,0.7,1.25,1.0,24,419.0,-34102.15117187516,193402.70742187533,227504.8585937495,0.85010363566446,50648.13164062494,-81.38938227177842,0.2935560859188544,11.968973747016706,213.0,-39119.33652343771,86204.86835937487,125324.20488281299,0.6878548995382219,42576.56582031258,-183.65885691754795,0.2535211267605634,9.136150234741784
R0372,14,1.5,24,0.382,pullback,both,fixed_sl_atr_tp,8.0,24.0,96,0.7,1.5,1.0,24,418.0,-39288.31210937543,189344.12695312532,228632.43906249953,0.8281595023415105,57084.28281250009,-93.99117729515653,0.28708133971291866,12.105263157894736,212.0,-38535.52675781282,85984.87812499977,124520.40488281299,0.6905284174583333,41716.55605468758,-181.77135263119254,0.25471698113207547,9.34433962264151
R0373,14,1.5,24,0.382,pullback,both,atr_sl_fixed_tp,10.0,16.0,96,0.7,1.25,1.0,24,382.0,-48691.62929687507,188005.19023437556,236696.81953124946,0.7942869304568518,60531.99023437504,-127.46499815935883,0.38219895287958117,12.321989528795811,199.0,-55956.16582031266,84255.45859374983,140211.62441406268,0.6009163572981139,55992.38535156264,-281.186762916144,0.33668341708542715,9.21105527638191
R0374,14,1.5,24,0.382,pullback,both,atr_sl_fixed_tp,10.0,16.0,96,0.7,1.5,1.0,24,370.0,-36605.960937499956,194833.82929687542,231439.7902343745,0.841833762031892,49460.14140624989,-98.93502956081069,0.4027027027027027,12.816216216216215,197.0,-65118.57558593783,84255.45859374983,149374.03417968765,0.5640569263356426,65154.795117187816,-330.5511451062834,0.3401015228426396,9.50253807106599
R0375,14,1.5,24,0.382,pullback,both,fixed_sl_atr_tp,10.0,16.0,96,0.7,1.25,1.0,24,393.0,-50783.46835937509,188055.59023437547,238839.05859374933,0.7873736872922722,57926.25859375007,-129.22002127067452,0.3511450381679389,12.132315521628499,203.0,-51021.38535156261,84483.04394531238,135504.42929687529,0.6234707188812207,51435.785351562554,-251.3368736530178,0.32019704433497537,8.822660098522167
R0376,14,1.5,24,0.382,pullback,both,fixed_sl_atr_tp,10.0,16.0,96,0.7,1.5,1.0,24,391.0,-49175.85859375021,190667.00000000044,239842.85859374932,0.7949663422039013,57668.64882812519,-125.76945931905423,0.3452685421994885,12.332480818414322,201.0,-49833.775585937634,85670.65371093736,135504.42929687529,0.6322350801038569,51048.17558593758,-247.929231770834,0.31343283582089554,9.064676616915422
R0377,14,1.5,24,0.382,pullback,both,atr_sl_fixed_tp,10.0,20.0,96,0.7,1.25,1.0,24,361.0,-59931.87812500011,172812.56093750038,232744.43906249956,0.7424992048514402,74329.83906250008,-166.01628289473715,0.3407202216066482,13.76454293628809,195.0,-56970.91699218756,83308.30253906247,140279.21953125024,0.5938748648405742,57617.16582031253,-292.15854867788494,0.3128205128205128,9.917948717948718
R0378,14,1.5,24,0.382,pullback,both,atr_sl_fixed_tp,10.0,20.0,96,0.7,1.5,1.0,24,350.0,-46000.0,181453.59023437536,227453.59023437457,0.797760941242565,61161.78046874993,-131.42857142857142,0.3657142857142857,14.351428571428572,193.0,-62633.326757812676,85304.50253906247,147937.8292968752,0.5766239976921461,63237.71699218762,-324.5250091078377,0.32124352331606215,10.264248704663212
R0379,14,1.5,24,0.382,pullback,both,fixed_sl_atr_tp,10.0,20.0,96,0.7,1.25,1.0,24,374.0,-64781.25859375019,171451.59023437536,236232.84882812438,0.7257737062601237,74026.24882812507,-173.2119213736636,0.3155080213903743,13.304812834224599,197.0,-51828.54140625014,83239.68300781246,135068.22441406286,0.6162787981326704,53432.93164062508,-263.0890426713205,0.29441624365482233,9.578680203045685
R0380,14,1.5,24,0.382,pullback,both,fixed_sl_atr_tp,10.0,20.0,96,0.7,1.5,1.0,24,372.0,-66333.71718750027,168895.33164062526,235229.04882812442,0.7180037180018212,75697.89765625022,-178.31644405242008,0.31451612903225806,13.602150537634408,197.0,-46728.56093750017,88339.66347656239,135068.22441406286,0.6540373493453931,48932.9316406251,-237.20081694162525,0.29441624365482233,9.715736040609137
R0381,14,1.5,24,0.382,pullback,both,atr_sl_fixed_tp,10.0,24.0,96,0.7,1.25,1.0,24,357.0,-58766.62929687549,174835.39023437517,233602.01953124968,0.7484327001333432,70830.60000000021,-164.612406994049,0.3277310924369748,14.224089635854341,193.0,-49293.25839843749,89952.14160156249,139245.40000000023,0.6459972221815754,53599.526757812506,-255.40548392972792,0.31088082901554404,10.50259067357513
R0382,14,1.5,24,0.382,pullback,both,atr_sl_fixed_tp,10.0,24.0,96,0.7,1.5,1.0,24,346.0,-44604.731640625316,183706.4390625002,228311.1707031247,0.8046318473894364,56686.321875000045,-128.9154093659691,0.35260115606936415,14.852601156069364,191.0,-54985.68281250006,91918.32695312497,146904.00976562517,0.6257033221882375,57371.941406250044,-287.88315608638777,0.3193717277486911,10.890052356020943
R0383,14,1.5,24,0.382,pullback,both,fixed_sl_atr_tp,10.0,24.0,96,0.7,1.25,1.0,24,370.0,-63286.07812500048,171432.97070312512,234719.04882812453,0.7303751934878481,72142.4488281252,-171.0434543918932,0.3108108108108108,13.81081081081081,197.0,-42418.531640625144,92649.6927734374,135068.22441406286,0.6859473660467474,44622.90234375007,-215.32249563769108,0.29441624365482233,10.030456852791879
R0384,14,1.5,24,0.382,pullback,both,fixed_sl_atr_tp,10.0,24.0,96,0.7,1.5,1.0,24,368.0,-74548.47812500058,162865.80976562508,237414.28789062455,0.685998350026248,84054.83906250025,-202.5773862092407,0.296195652173913,13.904891304347826,196.0,-41034.72187500025,93029.7025390623,134064.42441406287,0.6939178901908881,43047.16093750005,-209.36082589285843,0.29591836734693877,10.260204081632653
R0385,14,1.5,24,0.382,pullback,both,atr_sl_fixed_tp,12.0,16.0,96,0.7,1.25,1.0,24,358.0,-37980.27304687505,195263.84882812542,233244.12187499963,0.8371651437920111,49884.453515624984,-106.09014817562864,0.41620111731843573,13.64804469273743,185.0,-75833.00976562538,78804.42441406235,154637.43417968755,0.5096076822025655,75869.22929687536,-409.9081608952723,0.33513513513513515,10.135135135135135
R0386,14,1.5,24,0.382,pullback,both,atr_sl_fixed_tp,12.0,16.0,96,0.7,1.5,1.0,24,348.0,-42002.32187500005,192961.44882812537,234963.77070312455,0.8212391563630936,51110.30234374998,-120.69632722701165,0.4224137931034483,14.132183908045977,178.0,-78816.39511718787,77304.43417968732,156120.82929687502,0.4951577219250313,78852.61464843786,-442.78873661341504,0.34831460674157305,10.741573033707866
R0387,14,1.5,24,0.382,pullback,both,fixed_sl_atr_tp,12.0,16.0,96,0.7,1.25,1.0,24,363.0,-53589.370703125205,184359.38046875046,237948.7511718746,0.7747860812918678,58601.14140625017,-147.6291203942843,0.3774104683195592,13.644628099173554,185.0,-61382.98535156277,79788.2390624999,141171.22441406263,0.5651876959604515,61419.20488281275,-331.7999208192582,0.32972972972972975,10.086486486486486
R0388,14,1.5,24,0.382,pullback,both,fixed_sl_atr_tp,12.0,16.0,96,0.7,1.5,1.0,24,360.0,-50977.960937500284,186970.79023437537,237948.75117187455,0.7857607544211194,57339.73164062525,-141.6054470486119,0.37222222222222223,14.002777777777778,183.0,-61215.35605468776,79725.84882812489,140941.20488281257,0.5656674277363671,61251.575585937746,-334.510142375343,0.3224043715846995,10.40983606557377
R0389,14,1.5,24,0.382,pullback,both,atr_sl_fixed_tp,12.0,20.0,96,0.7,1.25,1.0,24,337.0,-35690.51210937505,187476.00976562523,223166.5218749997,0.840072284097498,50102.29257812498,-105.90656412277463,0.3857566765578635,15.240356083086054,181.0,-70737.79023437528,81359.63906249999,152097.4292968751,0.5349179104381585,70774.00976562526,-390.8165206319076,0.32044198895027626,10.911602209944752
R0390,14,1.5,24,0.382,pullback,both,atr_sl_fixed_tp,12.0,20.0,96,0.7,1.5,1.0,24,326.0,-43758.751171874996,179583.5902343752,223342.3414062496,0.804073195900283,51158.160937499924,-134.22929807323618,0.39263803680981596,15.699386503067485,174.0,-70981.17558593776,81455.84882812496,152437.0244140626,0.5343573789978185,71017.39511718774,-407.9377907237802,0.3390804597701149,11.419540229885058
R0391,14,1.5,24,0.382,pullback,both,fixed_sl_atr_tp,12.0,20.0,96,0.7,1.25,1.0,24,344.0,-49567.1707031252,178866.40976562529,228433.58046874957,0.7830127663305385,60338.73164062515,-144.09061250908488,0.3546511627906977,15.017441860465116,179.0,-59340.14140625022,79961.05859374999,139301.20000000016,0.5740155762746473,59744.531640625166,-331.50916986731966,0.30726256983240224,10.988826815642458
R0392,14,1.5,24,0.382,pullback,both,fixed_sl_atr_tp,12.0,20.0,96,0.7,1.5,1.0,24,342.0,-52939.59023437523,175443.9804687502,228383.5707031245,0.7681987803615243,62045.14140625032,-154.79412349232524,0.3508771929824561,15.304093567251462,179.0,-55240.160937500266,84061.03906249993,139301.20000000016,0.6034480611976052,56244.531640625195,-308.60425104748754,0.30726256983240224,11.072625698324023
R0393,14,1.5,24,0.382,pullback,both,atr_sl_fixed_tp,12.0,24.0,96,0.7,1.25,1.0,24,332.0,-35431.44863281286,188292.65371093756,223724.1023437498,0.8416288264803397,46920.64375000023,-106.72123082172548,0.3704819277108434,15.852409638554217,179.0,-63650.13652343773,87013.47324218751,150663.6097656251,0.5775347701913366,63854.52675781267,-355.5873548795404,0.31843575418994413,11.430167597765363
R0394,14,1.5,24,0.382,pullback,both,atr_sl_fixed_tp,12.0,24.0,96,0.7,1.5,1.0,24,322.0,-37383.51699218774,185482.62441406253,222866.14140624972,0.8322602224083785,45486.72675781266,-116.0978788577259,0.38198757763975155,16.31366459627329,172.0,-63473.531640625195,87529.67324218749,151003.20488281254,0.5796544074022516,63677.92187500014,-369.0321607013093,0.3372093023255814,11.976744186046512
R0395,14,1.5,24,0.382,pullback,both,fixed_sl_atr_tp,12.0,24.0,96,0.7,1.25,1.0,24,340.0,-55801.93164062559,173439.21953124995,229241.15117187463,0.7565797791741723,60361.31210937557,-164.12332835478114,0.3411764705882353,15.485294117647058,179.0,-51650.13164062514,87651.06835937496,139301.20000000016,0.6292197652236654,52654.50234375007,-288.5482214560064,0.30726256983240224,11.273743016759777
R0396,14,1.5,24,0.382,pullback,both,fixed_sl_atr_tp,12.0,24.0,96,0.7,1.5,1.0,24,338.0,-60814.35117187571,170118.23906249987,230932.5902343747,0.736657562667296,65423.72187500063,-179.9241158931234,0.32840236686390534,15.603550295857989,179.0,-50580.121875000164,88721.07812499991,139301.20000000016,0.636901032618526,50616.34140625015,-282.57051326815736,0.30726256983240224,11.441340782122905
R0397,14,1.5,24,0.5,pullback,both,atr_sl_fixed_tp,8.0,16.0,96,0.7,1.25,1.0,24,342.0,-28709.57070312544,155598.79023437458,184308.36093749964,0.8442307741380181,40799.37070312538,-83.94611316703345,0.36257309941520466,10.76608187134503,198.0,-51822.31699218756,72451.07324218738,124273.39023437527,0.5829974792314525,57261.375585937654,-261.728873697917,0.2777777777777778,7.52020202020202
R0398,14,1.5,24,0.5,pullback,both,atr_sl_fixed_tp,8.0,16.0,96,0.7,1.5,1.0,24,336.0,-27726.800000000345,159001.16093749966,186727.96093749965,0.85151232916167,39216.60000000029,-82.52023809523912,0.375,11.175595238095237,193.0,-50793.37558593757,74663.45371093736,125456.82929687525,0.595132637492832,57479.97558593766,-263.17811184423607,0.29533678756476683,7.963730569948186
R0399,14,1.5,24,0.5,pullback,both,fixed_sl_atr_tp,8.0,16.0,96,0.7,1.25,1.0,24,350.0,-32350.02929687565,148675.36093749953,181025.3902343748,0.8212956245806654,41997.62929687546,-92.42865513393043,0.3342857142857143,10.525714285714285,199.0,-47226.092578125135,69326.26835937488,116552.36093750033,0.5948079284000963,50458.38046875017,-237.3170481312821,0.2562814070351759,7.457286432160804
R0400,14,1.5,24,0.5,pullback,both,fixed_sl_atr_tp,8.0,16.0,96,0.7,1.5,1.0,24,346.0,-31964.848828125698,146972.94140624945,178937.7902343748,0.8213633420516849,43212.4488281255,-92.38395615065231,0.33236994219653176,10.901734104046243,199.0,-44366.092578125186,72186.26835937481,116552.36093750033,0.6193462558693577,47658.38046875017,-222.94518883479992,0.2562814070351759,7.577889447236181
R0401,14,1.5,24,0.5,pullback,both,atr_sl_fixed_tp,8.0,20.0,96,0.7,1.25,1.0,24,328.0,-28416.517187500314,153730.49257812471,182147.00976562468,0.8439913055719962,40314.50742187534,-86.63572313262291,0.3445121951219512,11.88109756097561,194.0,-50217.15117187501,74660.03906249994,124877.19023437527,0.5978677044412557,55049.4000000001,-258.85129470038663,0.25773195876288657,8.02061855670103
R0402,14,1.5,24,0.5,pullback,both,atr_sl_fixed_tp,8.0,20.0,96,0.7,1.5,1.0,24,322.0,-29833.746484375264,155936.66328124978,185770.40976562467,0.8394052824558318,40818.33671875028,-92.6513865974387,0.35403726708074534,12.341614906832298,189.0,-48588.20976562501,77272.4195312499,125860.62929687525,0.613952273740684,55268.0000000001,-257.0804749503969,0.2751322751322751,8.486772486772487
R0403,14,1.5,24,0.5,pullback,both,fixed_sl_atr_tp,8.0,20.0,96,0.7,1.25,1.0,24,338.0,-27374.536718750474,149471.88281249962,176846.41953124982,0.8452072889498735,40643.10742187537,-80.98975360577063,0.3254437869822485,11.633136094674557,198.0,-40932.3218750001,76423.83906249989,117356.16093750033,0.6512128417629516,44364.600000000086,-206.72889835858638,0.2474747474747475,7.863636363636363
R0404,14,1.5,24,0.5,pullback,both,fixed_sl_atr_tp,8.0,20.0,96,0.7,1.5,1.0,24,335.0,-32453.1660156256,144393.25351562456,176846.41953124982,0.8164895500760161,43947.35625000053,-96.87512243470329,0.3194029850746269,11.895522388059701,196.0,-48824.74140625004,69469.03906249994,118293.78046875028,0.5872585928628057,51787.01953125004,-249.10582350127572,0.22959183673469388,8.127551020408163
R0405,14,1.5,24,0.5,pullback,both,atr_sl_fixed_tp,8.0,24.0,96,0.7,1.25,1.0,24,322.0,-26783.766015625282,152729.44374999971,179513.20976562472,0.8507977989441874,42749.92695312527,-83.17939756405367,0.33540372670807456,12.627329192546584,189.0,-44508.11699218758,78357.66347656237,122865.78046875026,0.6377500975260715,51000.36582031261,-235.49268249834697,0.25396825396825395,8.428571428571429
R0406,14,1.5,24,0.5,pullback,both,atr_sl_fixed_tp,8.0,24.0,96,0.7,1.5,1.0,24,316.0,-28970.96601562524,154185.63398437478,183156.5999999997,0.8418240674066622,44720.717187500224,-91.68027220134569,0.3449367088607595,13.072784810126583,184.0,-42279.17558593757,81370.04394531233,123649.21953125024,0.6580716340449478,50618.9658203126,-229.77812818444332,0.2717391304347826,8.923913043478262
R0407,14,1.5,24,0.5,pullback,both,fixed_sl_atr_tp,8.0,24.0,96,0.7,1.25,1.0,24,333.0,-30515.59531250051,146384.6242187496,176900.21953124984,0.8274982620521306,44699.77578125044,-91.6384243618634,0.3123123123123123,12.204204204204204,192.0,-41779.50722656254,73899.0634765624,115678.57070312527,0.6388310559802403,46097.58535156259,-217.60160013834658,0.234375,8.427083333333334
R0408,14,1.5,24,0.5,pullback,both,fixed_sl_atr_tp,8.0,24.0,96,0.7,1.5,1.0,24,332.0,-28871.775781250555,147224.6437499996,176096.41953124985,0.8360456398937363,44255.95625000049,-86.9631800640077,0.3132530120481928,12.27710843373494,190.0,-45491.92675781255,69382.84394531242,114874.77070312526,0.6039867894458814,48769.99511718759,-239.4311934621713,0.23157894736842105,8.652631578947368
R0409,14,1.5,24,0.5,pullback,both,atr_sl_fixed_tp,10.0,16.0,96,0.7,1.25,1.0,24,311.0,-22381.839062500265,160937.40976562464,183319.24882812478,0.8779078618007826,34121.63906250024,-71.967328175242,0.40836012861736337,12.739549839228296,180.0,-53053.99511718745,75745.83417968744,128799.82929687518,0.5880895541025777,62009.60488281259,-294.74441731770804,0.3277777777777778,8.811111111111112
R0410,14,1.5,24,0.5,pullback,both,atr_sl_fixed_tp,10.0,16.0,96,0.7,1.5,1.0,24,308.0,-29520.4976562503,160483.58046874966,190004.07812499968,0.8446322944877578,38914.09765625024,-95.84577161120227,0.4155844155844156,13.12012987012987,178.0,-57996.39023437499,77342.0341796874,135338.42441406258,0.5714713653164935,65928.60000000014,-325.82241704705046,0.33707865168539325,9.140449438202246
R0411,14,1.5,24,0.5,pullback,both,fixed_sl_atr_tp,10.0,16.0,96,0.7,1.25,1.0,24,318.0,-28588.4488281256,157370.17070312452,185958.61953124974,0.8462644598019237,39709.65859375058,-89.9007824783824,0.3805031446540881,12.415094339622641,181.0,-55997.74140625004,70622.4488281249,126620.1902343752,0.5577502979374938,63200.00976562513,-309.3797867748621,0.287292817679558,8.513812154696133
R0412,14,1.5,24,0.5,pullback,both,fixed_sl_atr_tp,10.0,16.0,96,0.7,1.5,1.0,24,315.0,-26397.048828125582,157553.97070312453,183951.01953124977,0.8564995785541657,39118.258593750565,-83.80015500992248,0.38095238095238093,12.793650793650794,181.0,-52737.74140625008,73882.44882812485,126620.1902343752,0.5834965868505466,60400.00976562512,-291.3687370511054,0.287292817679558,8.646408839779005
R0413,14,1.5,24,0.5,pullback,both,atr_sl_fixed_tp,10.0,20.0,96,0.7,1.25,1.0,24,300.0,-27400.13671875018,157132.9316406247,184533.0683593747,0.8515163869416145,36616.32695312521,-91.3337890625006,0.38333333333333336,13.943333333333333,176.0,-50588.80976562493,78964.81953124996,129553.62929687518,0.609514530467535,61268.60976562508,-287.4364191228689,0.3068181818181818,9.352272727272727
R0414,14,1.5,24,0.5,pullback,both,atr_sl_fixed_tp,10.0,20.0,96,0.7,1.5,1.0,24,297.0,-34588.775781250304,156679.10234374972,191267.8781249996,0.8191605609874282,42891.38554687534,-116.4605245159943,0.39057239057239057,14.353535353535353,174.0,-54881.20488281246,80961.01953124991,135842.2244140626,0.5959930344225776,65061.0048828126,-315.40922346443944,0.3160919540229885,9.724137931034482
R0415,14,1.5,24,0.5,pullback,both,fixed_sl_atr_tp,10.0,20.0,96,0.7,1.25,1.0,24,308.0,-25760.497656250296,157950.53164062466,183711.0292968747,0.8597770762330148,37063.107421875364,-83.63797940341006,0.36688311688311687,13.626623376623376,180.0,-49193.95117187504,78430.03906249988,127623.9902343752,0.6145399381297119,57496.20976562507,-273.2997287326391,0.2777777777777778,8.916666666666666
R0416,14,1.5,24,0.5,pullback,both,fixed_sl_atr_tp,10.0,20.0,96,0.7,1.5,1.0,24,304.0,-29165.326953125506,152538.10234374958,181703.42929687473,0.8394893972778378,40411.71718750051,-95.93857550370232,0.3651315789473684,13.927631578947368,178.0,-56786.37070312498,71975.23906249992,128761.60976562517,0.5589805780893149,65118.629296875035,-319.0245545119381,0.25842696629213485,9.224719101123595
R0417,14,1.5,24,0.5,pullback,both,atr_sl_fixed_tp,10.0,24.0,96,0.7,1.25,1.0,24,296.0,-24554.956250000203,158408.12187499972,182963.0781249997,0.8657928337146573,38034.94648437527,-82.95593327702771,0.375,14.58445945945946,171.0,-47459.84394531244,79882.37558593748,127342.21953125022,0.6273047217174825,59049.634179687564,-277.54294704861076,0.30409356725146197,9.818713450292398
R0418,14,1.5,24,0.5,pullback,both,atr_sl_fixed_tp,10.0,24.0,96,0.7,1.5,1.0,24,293.0,-31493.59531250028,157954.2925781247,189447.8878906246,0.8337611695587636,43678.19531250026,-107.48667342150267,0.3822525597269625,15.006825938566553,169.0,-55252.23906249993,79882.37558593748,135134.61464843762,0.5911318561403176,66342.02929687506,-326.9363258136091,0.3076923076923077,10.142011834319527
R0419,14,1.5,24,0.5,pullback,both,fixed_sl_atr_tp,10.0,24.0,96,0.7,1.25,1.0,24,303.0,-26391.575781250493,155579.47304687454,181971.04882812468,0.8549682713200301,40037.9660156255,-87.10091016914355,0.3564356435643564,14.211221122112212,175.0,-54325.004882812435,72225.19511718748,126550.2000000002,0.5707236742193008,63107.253710937526,-310.42859933035675,0.26285714285714284,9.411428571428571
R0420,14,1.5,24,0.5,pullback,both,fixed_sl_atr_tp,10.0,24.0,96,0.7,1.5,1.0,24,304.0,-26555.356250000572,156419.4925781245,182974.84882812467,0.8548688171075106,41401.74648437557,-87.35314555921241,0.35526315789473684,14.180921052631579,173.0,-57837.42441406245,67708.97558593751,125546.4000000002,0.5393143537842376,66179.66347656252,-334.3203723356211,0.26011560693641617,9.664739884393063
R0421,14,1.5,24,0.5,pullback,both,atr_sl_fixed_tp,12.0,16.0,96,0.7,1.25,1.0,24,301.0,-40703.8683593756,158553.59023437466,199257.45859374973,0.7957222347075952,47705.06835937548,-135.22879853613156,0.42524916943521596,13.91029900332226,172.0,-56983.609765625035,79520.63417968735,136504.24394531257,0.5825506363856756,69209.60000000012,-331.30005677688973,0.36627906976744184,10.127906976744185
R0422,14,1.5,24,0.5,pullback,both,atr_sl_fixed_tp,12.0,16.0,96,0.7,1.5,1.0,24,294.0,-42197.26835937558,158893.58046874966,201090.84882812473,0.7901581866838621,48298.46835937546,-143.5281236713455,0.43537414965986393,14.343537414965986,170.0,-66576.00976562512,79520.63417968735,146096.6439453125,0.5443015803255127,78409.60000000021,-391.6235868566183,0.37058823529411766,10.376470588235295
R0423,14,1.5,24,0.5,pullback,both,fixed_sl_atr_tp,12.0,16.0,96,0.7,1.25,1.0,24,304.0,-39175.2488281257,157016.36093749964,196191.6097656248,0.8003214873718358,49069.42929687562,-128.86595009251877,0.40131578947368424,13.717105263157896,169.0,-50762.21953125003,75599.62929687487,126361.84882812516,0.5982789109053316,65195.80976562513,-300.3681629068049,0.3431952662721893,10.236686390532544
R0424,14,1.5,24,0.5,pullback,both,fixed_sl_atr_tp,12.0,16.0,96,0.7,1.5,1.0,24,301.0,-38593.82929687574,155810.17070312466,194403.99999999983,0.8014761563708813,49688.009765625655,-128.2187019829759,0.4019933554817276,14.066445182724253,169.0,-47102.21953125008,79259.62929687482,126361.84882812516,0.6272433494122278,61995.80976562511,-278.7113581730774,0.3431952662721893,10.384615384615385
R0425,14,1.5,24,0.5,pullback,both,atr_sl_fixed_tp,12.0,20.0,96,0.7,1.25,1.0,24,292.0,-45739.73671875057,155585.32187499976,201325.05859374968,0.7728065396417079,52691.50742187563,-156.6429339683239,0.4006849315068493,15.113013698630137,168.0,-55438.45371093748,81969.59023437492,137408.0439453126,0.5965414242196638,68852.02441406257,-329.9907958984374,0.34523809523809523,10.928571428571429
R0426,14,1.5,24,0.5,pullback,both,atr_sl_fixed_tp,12.0,20.0,96,0.7,1.5,1.0,24,285.0,-47503.13671875048,154375.32187499982,201878.4585937497,0.7646943757662482,54098.9464843754,-166.6776726973701,0.4105263157894737,15.585964912280701,164.0,-55933.27324218748,85351.97070312496,141285.24394531254,0.6041110049409141,69046.84394531258,-341.0565441596798,0.36585365853658536,11.439024390243903
R0427,14,1.5,24,0.5,pullback,both,fixed_sl_atr_tp,12.0,20.0,96,0.7,1.25,1.0,24,297.0,-38448.67812500052,158072.93164062477,196521.60976562474,0.804353942699459,48720.448828125554,-129.45682870370547,0.3872053872053872,14.811447811447811,168.0,-44828.45859374999,82737.19023437491,127565.64882812517,0.6485851872697358,59302.02929687502,-266.8360630580356,0.3333333333333333,10.857142857142858
R0428,14,1.5,24,0.5,pullback,both,fixed_sl_atr_tp,12.0,20.0,96,0.7,1.5,1.0,24,293.0,-41453.50742187566,152660.50234374971,194114.00976562477,0.7864476269800081,51869.05859375065,-141.479547514934,0.3856655290102389,15.133105802047782,166.0,-52120.87812499994,76782.39023437494,128903.26835937511,0.5956589868637769,66624.448828125,-313.981193524096,0.3132530120481928,11.22289156626506
R0429,14,1.5,24,0.5,pullback,both,atr_sl_fixed_tp,12.0,24.0,96,0.7,1.25,1.0,24,288.0,-43044.556250000554,156460.51210937477,199505.06835937465,0.7842432946492247,53886.31718750061,-149.46026475694637,0.3923611111111111,15.76736111111111,164.0,-55983.24882812499,81520.98535156244,137504.23417968763,0.5928616368644514,71056.81953125002,-341.36127334222556,0.3353658536585366,11.335365853658537
R0430,14,1.5,24,0.5,pullback,both,atr_sl_fixed_tp,12.0,24.0,96,0.7,1.5,1.0,24,282.0,-42511.75625000045,157246.7121093748,199758.4683593747,0.7871842100154709,54151.37578125039,-150.75090868794484,0.40425531914893614,16.21985815602837,159.0,-55294.278124999946,84583.35605468754,139877.6341796876,0.6046953578442089,70067.84882812499,-347.7627555031443,0.3584905660377358,12.0125786163522
R0431,14,1.5,24,0.5,pullback,both,fixed_sl_atr_tp,12.0,24.0,96,0.7,1.25,1.0,24,292.0,-38839.7464843756,155541.88281249968,194381.62929687471,0.8001881832924862,51945.28789062559,-133.01283042594383,0.3767123287671233,15.428082191780822,164.0,-49833.27324218743,77662.38535156248,127495.65859375015,0.6091374891361948,65536.84394531249,-303.86142220845994,0.3170731707317073,11.384146341463415
R0432,14,1.5,24,0.5,pullback,both,fixed_sl_atr_tp,12.0,24.0,96,0.7,1.5,1.0,24,292.0,-36959.74648437567,156381.90234374965,193341.64882812477,0.8088371196356596,51265.28789062567,-126.57447426156051,0.3767123287671233,15.48972602739726,162.0,-52545.69277343744,73746.16582031248,126291.85859375015,0.5839344407586539,67809.25371093748,-324.3561282310953,0.3148148148148148,11.679012345679013
R0433,14,2.0,12,0.382,pullback,both,atr_sl_fixed_tp,8.0,16.0,96,0.7,1.25,1.0,24,522.0,836.4781250003059,270147.3367187508,269310.8585937486,1.0031059947949,38173.14140624998,1.6024485153262564,0.3946360153256705,9.959770114942529,221.0,-45719.7560546876,85256.80488281239,130976.56093750036,0.6509317718572211,48499.39511718745,-206.87672422935563,0.2895927601809955,9.868778280542987
R0434,14,2.0,12,0.382,pullback,both,atr_sl_fixed_tp,8.0,16.0,96,0.7,1.5,1.0,24,502.0,3972.468359375178,269819.7171875008,265847.24882812373,1.0149426724439994,36282.71210937497,7.913283584412705,0.41434262948207173,10.669322709163346,217.0,-39134.595117187484,91037.81464843734,130172.40976562521,0.6993633659571217,43198.01464843743,-180.34375630040316,0.31797235023041476,10.327188940092165
R0435,14,2.0,12,0.382,pullback,both,fixed_sl_atr_tp,8.0,16.0,96,0.7,1.25,1.0,24,520.0,11404.029296875222,265106.72695312556,253702.69765624864,1.0449503667175375,34432.18046874994,21.93082557091389,0.37115384615384617,9.957692307692307,224.0,-49481.185351562664,78383.39511718733,127864.5804687503,0.6130188268700728,49481.185351562664,-220.89814889090476,0.2544642857142857,9.401785714285714
R0436,14,2.0,12,0.382,pullback,both,fixed_sl_atr_tp,8.0,16.0,96,0.7,1.5,1.0,24,509.0,20775.712109375316,270633.20000000065,249857.4878906237,1.083150248106519,32711.819531249857,40.81672320113029,0.3654223968565815,10.3811394891945,223.0,-45227.39023437513,82637.19023437482,127864.5804687503,0.6462867975746505,45460.19023437503,-202.81340912275843,0.25112107623318386,9.426008968609866
R0437,14,2.0,12,0.382,pullback,both,atr_sl_fixed_tp,8.0,20.0,96,0.7,1.25,1.0,24,484.0,10190.819531250441,264638.5074218757,254447.6878906238,1.0400507452660859,33164.59023437482,21.05541225464967,0.3760330578512397,11.357438016528926,217.0,-43474.55117187504,89159.60976562495,132634.16093750033,0.6722220665884003,44894.190234374946,-200.3435537874426,0.2672811059907834,10.294930875576037
R0438,14,2.0,12,0.382,pullback,both,atr_sl_fixed_tp,8.0,20.0,96,0.7,1.5,1.0,24,467.0,9275.487890625256,262564.7367187506,253289.24882812402,1.0366201405450126,33040.34140624982,19.861858438169712,0.39186295503211993,12.029978586723768,212.0,-34485.590234374926,96140.6195312499,130626.20976562522,0.7359979264785318,38192.80976562492,-162.66787846403267,0.2971698113207547,10.797169811320755
R0439,14,2.0,12,0.382,pullback,both,fixed_sl_atr_tp,8.0,20.0,96,0.7,1.25,1.0,24,486.0,22283.141406250255,264440.2292968756,242157.08789062378,1.0920193647865328,32162.931640625036,45.85008519804579,0.35185185185185186,11.347736625514404,221.0,-45519.819531249996,83508.57070312495,129028.3902343753,0.6472108235360816,47472.61953124988,-205.9720340780543,0.2398190045248869,9.737556561085972
R0440,14,2.0,12,0.382,pullback,both,fixed_sl_atr_tp,8.0,20.0,96,0.7,1.5,1.0,24,480.0,21105.863281250106,261305.40000000034,240199.5367187487,1.0878680432509102,32322.95117187512,43.97054850260439,0.34791666666666665,11.708333333333334,220.0,-43536.00976562501,84688.58046874993,128224.5902343753,0.6604706656808333,45988.809765624894,-197.89095348011367,0.2409090909090909,9.813636363636364
R0441,14,2.0,12,0.382,pullback,both,atr_sl_fixed_tp,8.0,24.0,96,0.7,1.25,1.0,24,463.0,6810.600000000557,256983.07812500064,250172.47812499883,1.027223618085595,37801.38046874958,14.709719222463406,0.3563714902807775,12.237580993520519,212.0,-37555.58046875005,91603.3999999999,129158.98046875033,0.7092298163669936,39682.780468749916,-177.14896447523608,0.2688679245283019,10.910377358490566
R0442,14,2.0,12,0.382,pullback,both,atr_sl_fixed_tp,8.0,24.0,96,0.7,1.5,1.0,24,448.0,11817.66835937541,260641.6878906256,248824.01953124907,1.0474940818882335,30054.321874999674,26.378724016462968,0.375,12.910714285714286,207.0,-29686.599999999955,97988.20976562495,127674.80976562525,0.7674827160150348,32712.809765624897,-143.41352657004808,0.2946859903381642,11.516908212560386
R0443,14,2.0,12,0.382,pullback,both,fixed_sl_atr_tp,8.0,24.0,96,0.7,1.25,1.0,24,467.0,15215.312109375362,251359.62929687533,236144.3171874988,1.0644322602830012,32735.28281249991,32.58096811429414,0.33832976445396146,12.205567451820128,217.0,-46724.629296875115,80696.16093749987,127420.7902343753,0.6333045085426714,48391.21953124998,-215.32087233583002,0.2350230414746544,10.193548387096774
R0444,14,2.0,12,0.382,pullback,both,fixed_sl_atr_tp,8.0,24.0,96,0.7,1.5,1.0,24,464.0,14156.7218750004,249821.01953125032,235664.29765624885,1.060071559484378,38218.53164062471,30.51017645474224,0.33405172413793105,12.435344827586206,216.0,-48100.83906250022,78516.15117187478,126616.99023437529,0.6201075465981057,48100.83906250022,-222.6890697337973,0.2361111111111111,10.407407407407407
R0445,14,2.0,12,0.382,pullback,both,atr_sl_fixed_tp,10.0,16.0,96,0.7,1.25,1.0,24,466.0,-1920.7316406248935,263777.2878906258,265698.01953124907,0.9927709975256427,32424.282812500067,-4.1217417180791704,0.44206008583690987,11.856223175965665,209.0,-52224.170703124924,89367.81464843736,141591.98535156247,0.6311643588197712,54395.19999999992,-249.87641484748767,0.33014354066985646,11.114832535885167
R0446,14,2.0,12,0.382,pullback,both,atr_sl_fixed_tp,10.0,16.0,96,0.7,1.5,1.0,24,459.0,1725.8585937501416,267452.0781250009,265726.21953124925,1.0064948750514575,32782.87304687489,3.760040509259568,0.45751633986928103,12.309368191721132,207.0,-58596.59511718748,89664.00976562481,148260.6048828124,0.6047729930448936,58771.414648437414,-283.07533873037426,0.33816425120772947,11.241545893719806
R0447,14,2.0,12,0.382,pullback,both,fixed_sl_atr_tp,10.0,16.0,96,0.7,1.25,1.0,24,470.0,3514.019531249969,263716.6781250006,260202.65859374907,1.013504933232592,37954.79023437509,7.476637300531849,0.4106382978723404,11.593617021276597,212.0,-58215.53164062515,83278.19511718737,141493.7267578126,0.5885645747371563,58215.53164062515,-274.60156434257146,0.28773584905660377,10.735849056603774
R0448,14,2.0,12,0.382,pullback,both,fixed_sl_atr_tp,10.0,16.0,96,0.7,1.5,1.0,24,460.0,6781.931640625034,265150.7804687506,258368.84882812412,1.026249029909709,42205.80976562497,14.743329653532681,0.4,12.056521739130435,210.0,-55957.93652343764,85535.79023437484,141493.7267578126,0.604520017914165,55957.93652343764,-266.4663643973221,0.28095238095238095,10.80952380952381
R0449,14,2.0,12,0.382,pullback,both,atr_sl_fixed_tp,10.0,20.0,96,0.7,1.25,1.0,24,435.0,-4712.92187500006,253516.12695312544,258229.04882812424,0.9817490638780314,32006.30234375006,-10.834303160919678,0.41379310344827586,13.163218390804598,204.0,-47445.185351562366,95200.5999999999,142645.78535156246,0.6673916075779601,49739.99511718741,-232.57443799785474,0.3088235294117647,11.553921568627452
R0450,14,2.0,12,0.382,pullback,both,atr_sl_fixed_tp,10.0,20.0,96,0.7,1.5,1.0,24,428.0,-2136.3316406249805,255144.71718750053,257281.0488281244,0.9916965060180122,31784.892578124854,-4.991429066880795,0.42757009345794394,13.700934579439252,202.0,-53827.614648437426,94926.78046874984,148754.39511718738,0.6381443747861526,54436.2048828124,-266.4733398437496,0.31683168316831684,11.683168316831683
R0451,14,2.0,12,0.382,pullback,both,fixed_sl_atr_tp,10.0,20.0,96,0.7,1.25,1.0,24,443.0,5566.600000000365,257851.63906250062,252285.03906249907,1.0220647249662018,37913.18046874982,12.565688487585474,0.3792325056433409,12.972911963882618,208.0,-51330.346289062465,90723.39023437495,142053.7365234376,0.6386554303652998,52441.37558593742,-246.780511005108,0.27403846153846156,11.091346153846153
R0452,14,2.0,12,0.382,pullback,both,fixed_sl_atr_tp,10.0,20.0,96,0.7,1.5,1.0,24,441.0,4554.151171875223,256151.6097656254,251597.45859374895,1.0181009426618652,38121.229296874924,10.32687340561275,0.38095238095238093,13.253968253968255,207.0,-48646.53652343752,92403.39999999989,141049.93652343762,0.6551112483814954,50441.37558593746,-235.00742281853874,0.2753623188405797,11.169082125603865
R0453,14,2.0,12,0.382,pullback,both,atr_sl_fixed_tp,10.0,24.0,96,0.7,1.25,1.0,24,416.0,2699.1511718751517,254990.6000000004,252291.4488281243,1.0106985440228493,34751.16093749988,6.488344163161423,0.3918269230769231,14.151442307692308,199.0,-42826.224414062475,96158.16093749992,138984.38535156264,0.6918630513367867,44400.03417968747,-215.20715785961042,0.3065326633165829,12.326633165829145
R0454,14,2.0,12,0.382,pullback,both,atr_sl_fixed_tp,10.0,24.0,96,0.7,1.5,1.0,24,407.0,913.2925781252004,251022.9804687505,250109.68789062445,1.003651568181259,33089.83906249968,2.243962108415726,0.40540540540540543,14.798525798525798,197.0,-48708.65371093754,95884.34140624988,144592.9951171876,0.6631326872269224,49346.24394531246,-247.2520492940992,0.3147208121827411,12.456852791878173
R0455,14,2.0,12,0.382,pullback,both,fixed_sl_atr_tp,10.0,24.0,96,0.7,1.25,1.0,24,428.0,-916.4488281246765,245825.80000000037,246742.2488281241,0.9962858049949843,40596.45859374963,-2.1412355797305525,0.37149532710280375,13.83411214953271,203.0,-45801.385351562676,91163.37070312482,136964.75605468775,0.6655972918078633,48109.99511718758,-225.6225879387324,0.28078817733990147,11.753694581280788
R0456,14,2.0,12,0.382,pullback,both,fixed_sl_atr_tp,10.0,24.0,96,0.7,1.5,1.0,24,426.0,-2808.829296874763,244597.20976562533,247406.03906249916,0.9886468846616785,42664.78046874966,-6.593496002053434,0.36619718309859156,14.025821596244132,202.0,-46377.59511718775,89583.36093749975,135960.95605468776,0.6588903427647751,46956.195117187584,-229.59205503558294,0.28217821782178215,11.990099009900991
R0457,14,2.0,12,0.382,pullback,both,atr_sl_fixed_tp,12.0,16.0,96,0.7,1.25,1.0,24,444.0,-4227.160937499723,265422.1074218759,269649.26835937425,0.9843234844907325,39302.50234374989,-9.520632742116494,0.47297297297297297,12.968468468468469,194.0,-57977.17558593761,88347.7902343749,146324.96582031256,0.6037779659751721,60417.243945312555,-298.8514205460702,0.3556701030927835,12.154639175257731
R0458,14,2.0,12,0.382,pullback,both,atr_sl_fixed_tp,12.0,16.0,96,0.7,1.5,1.0,24,433.0,6224.49257812532,270029.18046875094,263804.68789062434,1.0235950794805713,34109.35117187507,14.375271543014595,0.49884526558891457,13.46420323325635,191.0,-67755.78046875028,86757.79023437494,154513.570703125,0.561489776202682,67755.78046875028,-354.7423061191114,0.3612565445026178,12.43979057591623
R0459,14,2.0,12,0.382,pullback,both,fixed_sl_atr_tp,12.0,16.0,96,0.7,1.25,1.0,24,434.0,440.8097656249594,260926.69765625056,260485.88789062426,1.0016922596813052,43770.1707031251,1.0156907042049756,0.4447004608294931,13.112903225806452,194.0,-47597.151171874975,88542.98535156241,136140.13652343763,0.6503811999359866,50387.22929687497,-245.3461400612112,0.33505154639175255,12.185567010309278
R0460,14,2.0,12,0.382,pullback,both,fixed_sl_atr_tp,12.0,16.0,96,0.7,1.5,1.0,24,427.0,5697.312109374952,265263.1804687505,259565.8683593743,1.0219493885902138,43542.59999999998,13.342651310011599,0.43559718969555034,13.52224824355972,192.0,-44989.556054687484,91150.58046874989,136140.13652343763,0.6695349571142643,47344.83417968748,-234.3206044514973,0.328125,12.333333333333334
R0461,14,2.0,12,0.382,pullback,both,atr_sl_fixed_tp,12.0,20.0,96,0.7,1.25,1.0,24,410.0,-4287.941406249868,253442.31718750056,257730.25859374937,0.9833626775930577,38428.31210937489,-10.458393673780167,0.44146341463414634,14.575609756097561,189.0,-52398.19999999999,93410.55605468742,145808.75605468752,0.6406374938117746,55272.03906249997,-277.23915343915337,0.3333333333333333,12.661375661375661
R0462,14,2.0,12,0.382,pullback,both,atr_sl_fixed_tp,12.0,20.0,96,0.7,1.5,1.0,24,403.0,698.5804687500845,257190.80976562548,256492.22929687437,1.0027235931110512,34051.200000000004,1.7334502946652222,0.456575682382134,14.995037220843672,186.0,-60036.814648437656,93166.74628906244,153203.56093750003,0.6081238955475073,62614.45371093764,-322.77857337869705,0.34408602150537637,12.951612903225806
R0463,14,2.0,12,0.382,pullback,both,fixed_sl_atr_tp,12.0,20.0,96,0.7,1.25,1.0,24,411.0,-3951.83906249974,254085.41953125043,258037.25859374917,0.9846850060179857,37935.53164062496,-9.615180200729295,0.40632603406326034,14.4330900243309,190.0,-40261.97070312489,96638.17558593747,136900.14628906263,0.7059026466040978,44975.829296874945,-211.90510896381522,0.32105263157894737,12.673684210526316
R0464,14,2.0,12,0.382,pullback,both,fixed_sl_atr_tp,12.0,20.0,96,0.7,1.5,1.0,24,408.0,-700.4781249998946,253581.60000000018,254282.07812499916,0.9972452713531206,38191.74140625005,-1.7168581495095456,0.4117647058823529,14.803921568627452,190.0,-36261.97070312492,100638.17558593742,136900.14628906263,0.7351210229786125,41975.829296874974,-190.852477384868,0.32105263157894737,12.73157894736842
R0465,14,2.0,12,0.382,pullback,both,atr_sl_fixed_tp,12.0,24.0,96,0.7,1.25,1.0,24,391.0,3844.0583984377245,253609.156054688,249765.0976562495,1.0153906948349087,38769.351171874674,9.831351402654027,0.42455242966751916,15.70076726342711,185.0,-49692.995117187515,94538.17070312491,144231.16582031257,0.6554628478903328,52395.83417968744,-268.6107844172298,0.32972972972972975,13.4
R0466,14,2.0,12,0.382,pullback,both,atr_sl_fixed_tp,12.0,24.0,96,0.7,1.5,1.0,24,384.0,9240.570507812703,256503.83886718797,247263.26835937455,1.0373713838255307,37799.77070312493,24.063985697428915,0.4427083333333333,16.192708333333332,181.0,-51907.809765625214,96744.35117187488,148652.16093750016,0.6508102577301276,55664.44882812513,-286.78347936809513,0.3425414364640884,13.718232044198896
R0467,14,2.0,12,0.382,pullback,both,fixed_sl_atr_tp,12.0,24.0,96,0.7,1.25,1.0,24,399.0,-1526.297656249969,250038.16093750016,251564.45859374927,0.9939327770513325,36661.11210937504,-3.8253074091477917,0.40350877192982454,15.355889724310776,187.0,-37300.55605468748,98621.9999999999,135922.55605468765,0.725574936659666,42378.21464843747,-199.4682141961897,0.32085561497326204,13.32620320855615
R0468,14,2.0,12,0.382,pullback,both,fixed_sl_atr_tp,12.0,24.0,96,0.7,1.5,1.0,24,397.0,-9328.678124999986,243913.39023437514,253242.06835937427,0.9631629997913267,41653.160937499895,-23.497929785894172,0.3954659949622166,15.6272040302267,186.0,-36476.765820312554,98241.99023437484,134718.75605468766,0.7292376585966585,39824.41464843748,-196.1116441952288,0.3225806451612903,13.591397849462366
R0469,14,2.0,12,0.5,pullback,both,atr_sl_fixed_tp,8.0,16.0,96,0.7,1.25,1.0,24,441.0,-20255.79023437455,209564.43906250072,229820.22929687414,0.9118624574679731,37436.360937499834,-45.93149713010102,0.3673469387755102,10.630385487528345,213.0,-69729.28769531284,66242.43906249992,135971.72675781275,0.4871780379790883,69729.28769531284,-327.3675478653185,0.24413145539906103,9.04225352112676
R0470,14,2.0,12,0.5,pullback,both,atr_sl_fixed_tp,8.0,16.0,96,0.7,1.5,1.0,24,431.0,-9897.819531249648,216801.6195312508,226699.4390624994,0.956339461746441,34317.39999999998,-22.964778494778766,0.38979118329466356,11.248259860788863,207.0,-73476.50722656287,66408.6390624999,139885.1462890627,0.47473688825596383,73476.50722656287,-354.9589721089994,0.2560386473429952,9.473429951690822
R0471,14,2.0,12,0.5,pullback,both,fixed_sl_atr_tp,8.0,16.0,96,0.7,1.25,1.0,24,441.0,-23295.65351562422,201131.5562500009,224427.2097656241,0.8961995136866356,52234.29257812453,-52.824611146540185,0.3333333333333333,10.782312925170068,218.0,-65578.27792968773,63823.84882812495,129402.12675781285,0.493221019060813,65578.27792968773,-300.81778866829234,0.22477064220183487,8.660550458715596
R0472,14,2.0,12,0.5,pullback,both,fixed_sl_atr_tp,8.0,16.0,96,0.7,1.5,1.0,24,435.0,-23002.83398437428,200620.57578125075,223623.40976562412,0.8971358409726323,51574.2828124995,-52.88007812499834,0.3264367816091954,10.997701149425287,216.0,-70370.67792968787,59835.24882812496,130205.92675781285,0.45954320450727576,70370.67792968787,-325.79017560040677,0.21296296296296297,8.842592592592593
R0473,14,2.0,12,0.5,pullback,both,atr_sl_fixed_tp,8.0,20.0,96,0.7,1.25,1.0,24,416.0,-10470.712109374259,211019.09765625087,221489.80976562426,0.9527259871663926,40081.80976562472,-25.16998103214966,0.3485576923076923,11.870192307692308,209.0,-63354.03886718778,70410.08789062496,133764.1267578128,0.5263749676182332,63354.03886718778,-303.1293725702765,0.23923444976076555,9.54066985645933
R0474,14,2.0,12,0.5,pullback,both,atr_sl_fixed_tp,8.0,20.0,96,0.7,1.5,1.0,24,406.0,357.24882812567375,217860.07812500093,217502.8292968745,1.0016425019816124,38912.18046874964,0.8799232219844181,0.3694581280788177,12.48768472906404,204.0,-67705.05839843783,70576.28789062494,138281.34628906273,0.5103818395222489,67705.05839843783,-331.8875411688129,0.25,9.950980392156863
R0475,14,2.0,12,0.5,pullback,both,fixed_sl_atr_tp,8.0,20.0,96,0.7,1.25,1.0,24,422.0,-19693.531640624165,200032.2488281258,219725.78046874914,0.9103722303381496,50186.76093749937,-46.66713658915679,0.3104265402843602,11.71563981042654,215.0,-62236.84863281275,67165.27812499997,129402.12675781285,0.5190430776358532,62236.84863281275,-289.4737145712221,0.21395348837209302,9.097674418604651
R0476,14,2.0,12,0.5,pullback,both,fixed_sl_atr_tp,8.0,20.0,96,0.7,1.5,1.0,24,419.0,-19482.151171874066,198949.81953125083,218431.97070312416,0.9108090674219482,51132.970703124316,-46.49678083979491,0.30787589498806683,11.954653937947494,214.0,-61253.038867187766,67345.28789062494,128598.32675781284,0.523687123996996,61253.038867187766,-286.22915358498955,0.21495327102803738,9.158878504672897
R0477,14,2.0,12,0.5,pullback,both,atr_sl_fixed_tp,8.0,24.0,96,0.7,1.25,1.0,24,402.0,-16477.580468749242,201694.62929687573,218172.20976562425,0.9244744301464889,43892.531640624366,-40.989006141167266,0.3308457711442786,12.708955223880597,205.0,-65428.82910156284,69139.09765624996,134567.9267578128,0.513785857611393,65428.82910156284,-319.16502000762364,0.21951219512195122,9.921951219512195
R0478,14,2.0,12,0.5,pullback,both,atr_sl_fixed_tp,8.0,24.0,96,0.7,1.5,1.0,24,392.0,-13369.61953124933,203223.20976562577,216592.82929687446,0.9382730278991668,44223.5804687495,-34.10617227359523,0.3469387755102041,13.418367346938776,200.0,-69779.84863281283,69305.29765624994,139085.14628906272,0.49829402711495674,69779.84863281283,-348.89924316406416,0.23,10.345
R0479,14,2.0,12,0.5,pullback,both,fixed_sl_atr_tp,8.0,24.0,96,0.7,1.25,1.0,24,413.0,-21989.399999999092,194031.17070312594,216020.5707031242,0.8982069164597377,51267.78046874933,-53.24309927360555,0.3050847457627119,12.409200968523002,210.0,-64907.80957031286,63690.51718749994,128598.32675781284,0.49526707534420156,64907.80957031286,-309.0848074776803,0.2,9.466666666666667
R0480,14,2.0,12,0.5,pullback,both,fixed_sl_atr_tp,8.0,24.0,96,0.7,1.5,1.0,24,412.0,-23015.5902343742,193004.98046875087,216020.5707031242,0.8934564881508275,54135.96093749946,-55.863083093141256,0.30339805825242716,12.563106796116505,209.0,-64443.99980468785,63350.52695312494,127794.52675781284,0.4957217539776362,64443.99980468785,-308.3444966731476,0.20095693779904306,9.5933014354067
R0481,14,2.0,12,0.5,pullback,both,atr_sl_fixed_tp,10.0,16.0,96,0.7,1.25,1.0,24,410.0,-14228.126953124807,220297.7902343757,234525.91718749946,0.9393323896831896,39011.47812499982,-34.702748666158065,0.4121951219512195,12.365853658536585,196.0,-81874.67304687535,64394.8634765624,146269.5365234376,0.4402479491431495,81874.67304687535,-417.72792370854773,0.2755102040816326,10.428571428571429
R0482,14,2.0,12,0.5,pullback,both,atr_sl_fixed_tp,10.0,16.0,96,0.7,1.5,1.0,24,402.0,-14617.707421874708,221346.4000000007,235964.10742187436,0.938051140143365,35651.05859374971,-36.36245627332017,0.42786069651741293,12.721393034825871,190.0,-78931.88281250033,68323.46835937483,147255.35117187502,0.4639795281845367,78931.88281250033,-415.4309621710544,0.3,10.926315789473684
R0483,14,2.0,12,0.5,pullback,both,fixed_sl_atr_tp,10.0,16.0,96,0.7,1.25,1.0,24,408.0,-33450.409765624594,203262.4683593757,236712.87812499923,0.8586878329958896,50997.580468749606,-81.98629844515831,0.37254901960784315,12.279411764705882,199.0,-74186.03398437532,63462.48300781245,137648.51699218774,0.4610473428595985,74186.03398437532,-372.7941406250016,0.2613065326633166,10.180904522613066
R0484,14,2.0,12,0.5,pullback,both,fixed_sl_atr_tp,10.0,16.0,96,0.7,1.5,1.0,24,400.0,-36010.00976562464,198249.06835937555,234259.07812499924,0.8462812623790444,55268.5707031246,-90.0250244140616,0.3625,12.63,198.0,-76382.23398437533,62270.083007812456,138652.31699218773,0.4491095739231031,76382.23398437533,-385.7688585069461,0.25252525252525254,10.348484848484848
R0485,14,2.0,12,0.5,pullback,both,atr_sl_fixed_tp,10.0,20.0,96,0.7,1.25,1.0,24,388.0,-9414.36093749951,217992.46835937578,227406.8292968745,0.9586012391685542,49482.209765624604,-24.26381684922554,0.3917525773195876,13.595360824742269,193.0,-77523.22421875033,67242.51230468745,144765.73652343766,0.46449190201716584,77523.22421875033,-401.6747368847167,0.2694300518134715,10.958549222797927
R0486,14,2.0,12,0.5,pullback,both,atr_sl_fixed_tp,10.0,20.0,96,0.7,1.5,1.0,24,380.0,-4773.960937499534,221037.27812500077,225811.23906249952,0.9788586212213405,41591.809765624595,-12.563055098682986,0.4105263157894737,13.98157894736842,188.0,-71584.23886718784,73967.31718749988,145551.55605468762,0.5081863718427605,71584.23886718784,-380.7672280169566,0.2978723404255319,11.436170212765957
R0487,14,2.0,12,0.5,pullback,both,fixed_sl_atr_tp,10.0,20.0,96,0.7,1.25,1.0,24,389.0,-33828.2390624995,197144.59023437565,230972.82929687423,0.853540179745478,56484.639062499526,-86.96205414524293,0.34190231362467866,13.401028277634962,197.0,-69568.40468750034,68080.11230468747,137648.51699218777,0.4945938669906001,69568.40468750034,-353.13911008883423,0.25380710659898476,10.634517766497462
R0488,14,2.0,12,0.5,pullback,both,fixed_sl_atr_tp,10.0,20.0,96,0.7,1.5,1.0,24,385.0,-34173.02929687438,194442.1804687507,228615.20976562425,0.8505216283207594,57227.048828124476,-88.76111505681658,0.34025974025974026,13.711688311688311,196.0,-67384.59492187535,69260.12207031246,136644.71699218778,0.5068627869035887,67384.59492187535,-343.7989536830375,0.25510204081632654,10.714285714285714
R0489,14,2.0,12,0.5,pullback,both,atr_sl_fixed_tp,10.0,24.0,96,0.7,1.25,1.0,24,374.0,-27301.3074218744,200303.15117187577,227604.45859374944,0.8800493294790692,60250.478124999456,-72.99814818682995,0.36363636363636365,14.572192513368984,189.0,-80598.01445312535,65171.522070312465,145769.53652343765,0.44708602102081746,80598.01445312535,-426.44452091600715,0.24867724867724866,11.412698412698413
R0490,14,2.0,12,0.5,pullback,both,atr_sl_fixed_tp,10.0,24.0,96,0.7,1.5,1.0,24,367.0,-22584.678124999416,205177.99023437567,227762.66835937442,0.9008411769686347,51783.84882812448,-61.53863249318642,0.3814713896457766,15.005449591280653,184.0,-75109.02421875032,71946.33183593742,147055.35605468758,0.48924659234568585,75109.02421875032,-408.2012185801648,0.27717391304347827,11.918478260869565
R0491,14,2.0,12,0.5,pullback,both,fixed_sl_atr_tp,10.0,24.0,96,0.7,1.25,1.0,24,379.0,-36660.30742187448,189697.33164062578,226357.63906249925,0.8380425437652173,58771.887890624464,-96.72904332948411,0.33509234828496043,14.226912928759894,193.0,-70863.18515625036,66785.33183593745,137648.51699218777,0.48518744186490476,70863.18515625036,-367.1667624676184,0.23834196891191708,11.020725388601036
R0492,14,2.0,12,0.5,pullback,both,fixed_sl_atr_tp,10.0,24.0,96,0.7,1.5,1.0,24,378.0,-32096.51718749943,193257.32187500075,225353.83906249926,0.8575727960924734,56611.88789062451,-84.91142113095087,0.335978835978836,14.380952380952381,192.0,-68999.37539062536,67645.34160156245,136644.71699218778,0.49504542210314545,68999.37539062536,-359.3717468261737,0.23958333333333334,11.171875
R0493,14,2.0,12,0.5,pullback,both,atr_sl_fixed_tp,12.0,16.0,96,0.7,1.25,1.0,24,392.0,-17379.73671874941,224464.99023437584,241844.72695312428,0.9281367969535383,40760.707421874475,-44.336063058034206,0.44642857142857145,13.451530612244898,189.0,-90128.0974609378,68323.46835937483,158451.56582031242,0.431194655639157,90128.0974609378,-476.86824053406247,0.30158730158730157,11.37037037037037
R0494,14,2.0,12,0.5,pullback,both,atr_sl_fixed_tp,12.0,16.0,96,0.7,1.5,1.0,24,385.0,-16493.1855468743,222433.51210937588,238926.6976562494,0.9309696835528914,48197.3464843744,-42.83944297889429,0.4623376623376623,13.994805194805195,188.0,-94114.28769531277,69919.66835937483,164033.95605468738,0.42625118628526076,94114.28769531277,-500.60791327294027,0.30851063829787234,11.702127659574469
R0495,14,2.0,12,0.5,pullback,both,fixed_sl_atr_tp,12.0,16.0,96,0.7,1.25,1.0,24,387.0,-17740.64882812424,217924.42929687593,235665.07812499936,0.9247209261156903,44585.64882812451,-45.841469840114314,0.4186046511627907,13.811369509043928,193.0,-88923.23886718776,63628.68300781243,152551.92187500003,0.41709525665595565,88923.23886718776,-460.7421702963096,0.27461139896373055,11
R0496,14,2.0,12,0.5,pullback,both,fixed_sl_atr_tp,12.0,16.0,96,0.7,1.5,1.0,24,379.0,-27910.258593749342,207598.62929687576,235508.88789062435,0.8814895741569179,49137.839062499435,-73.6418432552753,0.40369393139841686,14.271767810026386,192.0,-91319.43886718778,62436.28300781244,153755.72187500002,0.4060745333339318,91319.43886718778,-475.6220774332697,0.265625,11.171875
R0497,14,2.0,12,0.5,pullback,both,atr_sl_fixed_tp,12.0,20.0,96,0.7,1.25,1.0,24,366.0,-70.76093749916777,224565.84882812586,224636.60976562434,0.9996849981952083,35596.23906249921,-0.19333589480646932,0.4344262295081967,15.005464480874316,186.0,-81976.62421875034,73967.31718749988,155943.94140625003,0.4743199159934492,81976.62421875034,-440.7345388104857,0.3010752688172043,11.994623655913978
R0498,14,2.0,12,0.5,pullback,both,atr_sl_fixed_tp,12.0,20.0,96,0.7,1.5,1.0,24,362.0,-5.668359374180682,224350.55117187588,224356.2195312494,0.9999747350022863,39452.51718749919,-0.015658451309891387,0.45027624309392267,15.397790055248619,185.0,-85262.81445312528,75963.51718749988,161226.33164062497,0.4711607366768307,85262.81445312528,-460.8800781250015,0.3081081081081081,12.32972972972973
R0499,14,2.0,12,0.5,pullback,both,fixed_sl_atr_tp,12.0,20.0,96,0.7,1.25,1.0,24,367.0,-20894.697656249205,209324.15117187577,230218.84882812432,0.9092398482461007,48323.92695312425,-56.93378107969811,0.38419618528610355,15.079019073569482,190.0,-83101.80957031279,68246.31230468745,151348.12187500007,0.4509227564848989,83101.80957031279,-437.3779451069094,0.26842105263157895,11.542105263157895
R0500,14,2.0,12,0.5,pullback,both,fixed_sl_atr_tp,12.0,20.0,96,0.7,1.5,1.0,24,363.0,-19839.48789062413,207621.7414062508,227461.2292968743,0.9127785954909717,48166.3367187492,-54.65423661328961,0.38292011019283745,15.440771349862258,190.0,-82871.81933593783,69426.32207031244,152298.14140625007,0.45585797324420463,82871.81933593783,-436.1674701891465,0.26842105263157895,11.557894736842105
R0501,14,2.0,12,0.5,pullback,both,atr_sl_fixed_tp,12.0,24.0,96,0.7,1.25,1.0,24,352.0,-17917.69765624915,206710.36093750075,224628.05859374933,0.9202339290629156,45824.497656249194,-50.90255015979872,0.4034090909090909,16.207386363636363,182.0,-85501.4095703128,71946.33183593742,157447.74140625002,0.45695372441259713,85501.4095703128,-469.78796467204836,0.2802197802197802,12.478021978021978
R0502,14,2.0,12,0.5,pullback,both,atr_sl_fixed_tp,12.0,24.0,96,0.7,1.5,1.0,24,348.0,-15082.556249999197,207405.10234375077,222487.65859374942,0.932209470200149,47880.7269531242,-43.34067887930804,0.41954022988505746,16.67816091954023,181.0,-88027.59003906276,75002.5416015624,163030.13164062495,0.46005324811301795,88027.59003906276,-486.3402764589103,0.287292817679558,12.828729281767956
R0503,14,2.0,12,0.5,pullback,both,fixed_sl_atr_tp,12.0,24.0,96,0.7,1.25,1.0,24,356.0,-21053.00507812424,202296.8632812507,223349.8683593744,0.9057397918665929,48637.41484374927,-59.137654713832134,0.3792134831460674,16.09550561797753,187.0,-85930.4193359378,66951.53183593744,152881.95117187506,0.4379296007327134,85930.4193359378,-459.52095901571016,0.25133689839572193,11.893048128342246
R0504,14,2.0,12,0.5,pullback,both,fixed_sl_atr_tp,12.0,24.0,96,0.7,1.5,1.0,24,355.0,-15089.214843749243,207056.85351562567,222146.06835937442,0.9320752559107266,45877.414843749306,-42.50483054577251,0.38028169014084506,16.267605633802816,186.0,-84096.61933593776,67581.53183593747,151678.15117187507,0.44555877899221635,84096.61933593776,-452.13236202117076,0.25268817204301075,12.064516129032258
R0505,14,2.0,24,0.382,pullback,both,atr_sl_fixed_tp,8.0,16.0,96,0.7,1.25,1.0,24,454.0,-11345.04374999948,226487.9074218758,237832.951171874,0.952298267779558,38574.29257812474,-24.98908314977859,0.3722466960352423,10.200440528634362,209.0,-50054.16093750022,78982.03906249978,129036.2000000004,0.6120921033206149,50090.380468750205,-239.4935930023934,0.28708133971291866,8.24401913875598
R0506,14,2.0,24,0.382,pullback,both,atr_sl_fixed_tp,8.0,16.0,96,0.7,1.5,1.0,24,436.0,-2976.692578124538,227466.46835937584,230443.1609374992,0.9870827471467869,33280.11210937475,-6.827276555331509,0.3944954128440367,10.713302752293577,203.0,-45261.36093750023,83270.67324218723,128532.03417968786,0.6478592965063852,45297.58046875021,-222.9623691502474,0.3103448275862069,8.935960591133005
R0507,14,2.0,24,0.382,pullback,both,fixed_sl_atr_tp,8.0,16.0,96,0.7,1.25,1.0,24,464.0,-3303.0339843746997,230842.16601562581,234145.19999999914,0.9858932235878706,31260.87304687478,-7.118607724945473,0.3448275862068966,9.989224137931034,210.0,-54517.95117187534,68638.63906249977,123156.59023437541,0.5573281862698192,54554.170703125325,-259.6092912946445,0.2523809523809524,8.195238095238095
R0508,14,2.0,24,0.382,pullback,both,fixed_sl_atr_tp,8.0,16.0,96,0.7,1.5,1.0,24,456.0,-13542.712109374686,220152.48789062566,233695.19999999914,0.9420496779164761,40948.853515624534,-29.69893006441817,0.3333333333333333,10.366228070175438,209.0,-55714.151171875375,68246.23906249976,123960.39023437542,0.5505487594340794,55750.37070312536,-266.57488598983434,0.24401913875598086,8.363636363636363
R0509,14,2.0,24,0.382,pullback,both,atr_sl_fixed_tp,8.0,20.0,96,0.7,1.25,1.0,24,430.0,-9873.755859374496,221254.0148437507,231127.77070312423,0.9572800973706614,43993.833984374694,-22.962222928777898,0.34651162790697676,11.416279069767441,203.0,-53351.316992187734,75978.67324218733,129329.99023437541,0.587479153941763,53387.53652343772,-262.81436941964404,0.26108374384236455,9.177339901477833
R0510,14,2.0,24,0.382,pullback,both,atr_sl_fixed_tp,8.0,20.0,96,0.7,1.5,1.0,24,411.0,-6811.575390624584,216733.96601562572,223545.54140624948,0.9695293614546081,43002.02421874975,-16.57317613290653,0.36253041362530414,12,197.0,-49498.50234375014,78327.32207031238,127825.82441406287,0.6127660230579756,49534.72187500012,-251.26143321700576,0.28426395939086296,9.913705583756345
R0511,14,2.0,24,0.382,pullback,both,fixed_sl_atr_tp,8.0,20.0,96,0.7,1.25,1.0,24,434.0,-17989.024218749746,209271.97578125042,227260.99999999924,0.9208442089986892,52481.3753906248,-41.449364559331215,0.32027649769585254,11.347926267281107,205.0,-56408.926757812835,67551.46347656233,123960.39023437542,0.5449439401476622,56445.14628906282,-275.1654963795748,0.22926829268292684,8.926829268292684
R0512,14,2.0,24,0.382,pullback,both,fixed_sl_atr_tp,8.0,20.0,96,0.7,1.5,1.0,24,429.0,-20360.112109374928,204133.32695312522,224493.4390624993,0.9093064269744391,51567.6144531248,-47.459468786421745,0.317016317016317,11.70862470862471,205.0,-52808.946289062784,71151.44394531232,123960.39023437542,0.5739853174936306,52845.165820312766,-257.6046160442087,0.22926829268292684,9.014634146341463
R0513,14,2.0,24,0.382,pullback,both,atr_sl_fixed_tp,8.0,24.0,96,0.7,1.25,1.0,24,414.0,-15603.073046874593,210471.9171875005,226074.99023437433,0.9309827547456799,54801.01445312476,-37.68858223882752,0.3357487922705314,12.38888888888889,199.0,-50626.087695312686,77900.10253906235,128526.1902343754,0.6061029459988406,50662.30722656267,-254.4024507302145,0.25125628140703515,9.673366834170855
R0514,14,2.0,24,0.382,pullback,both,atr_sl_fixed_tp,8.0,24.0,96,0.7,1.5,1.0,24,398.0,-2392.312109374734,215096.6488281256,217488.9609374996,0.989000305583043,45856.82421874984,-6.010834445665161,0.3592964824120603,12.969849246231156,193.0,-46993.253515625074,79798.75136718739,126792.00488281282,0.629367375655438,47029.47304687506,-243.48836018458587,0.27461139896373055,10.49740932642487
R0515,14,2.0,24,0.382,pullback,both,fixed_sl_atr_tp,8.0,24.0,96,0.7,1.25,1.0,24,422.0,-14813.57070312498,205660.8683593752,220474.4390624994,0.9328104846706292,51433.84374999987,-35.10324811167057,0.3175355450236967,12.172985781990521,203.0,-50891.31699218773,72265.27324218734,123156.59023437541,0.5867755278435492,50927.53652343771,-250.69614281865876,0.22660098522167488,9.305418719211822
R0516,14,2.0,24,0.382,pullback,both,fixed_sl_atr_tp,8.0,24.0,96,0.7,1.5,1.0,24,421.0,-20019.760937500043,201582.25859375013,221602.01953124945,0.909658941828027,53743.863281249825,-47.55287633610462,0.31116389548693585,12.28503562945368,201.0,-49113.70722656277,72435.28300781228,121548.99023437541,0.5959348808092918,49149.926757812755,-244.34680212220286,0.22885572139303484,9.527363184079602
R0517,14,2.0,24,0.382,pullback,both,atr_sl_fixed_tp,10.0,16.0,96,0.7,1.25,1.0,24,399.0,-21836.21953124939,214534.37070312587,236370.59023437425,0.9076187121689014,48838.7707031248,-54.72736724623907,0.40601503759398494,12.110275689223057,194.0,-53977.12187500019,82336.89277343727,136314.01464843773,0.6040236800727292,54013.341406250176,-278.2325869845371,0.32989690721649484,9.551546391752577
R0518,14,2.0,24,0.382,pullback,both,atr_sl_fixed_tp,10.0,16.0,96,0.7,1.5,1.0,24,389.0,-12498.209765624555,219192.9707031258,231691.18046874934,0.9460566011173251,39557.58046874994,-32.12907394762097,0.4241645244215938,12.598971722365038,190.0,-61611.931640625335,81036.88789062476,142648.81953125022,0.5680866351149294,61648.15117187532,-324.27332442434385,0.3368421052631579,9.91578947368421
R0519,14,2.0,24,0.382,pullback,both,fixed_sl_atr_tp,10.0,16.0,96,0.7,1.25,1.0,24,410.0,-27117.97070312448,214290.00976562581,241407.98046874919,0.8876674638076687,49378.1414062498,-66.14139195884019,0.36585365853658536,11.9,199.0,-56996.10234375027,77765.86835937483,134761.97070312532,0.5770609316087371,57032.321875000256,-286.4125745917099,0.2964824120603015,9.095477386934673
R0520,14,2.0,24,0.382,pullback,both,fixed_sl_atr_tp,10.0,16.0,96,0.7,1.5,1.0,24,401.0,-41413.829296874836,198714.1511718756,240127.98046874919,0.827534345576761,62105.95117187464,-103.2763822864709,0.3516209476309227,12.391521197007481,197.0,-59588.50234375038,76177.26835937482,135765.7707031253,0.56109332981985,59624.72187500036,-302.47970732868214,0.28426395939086296,9.3248730964467
R0521,14,2.0,24,0.382,pullback,both,atr_sl_fixed_tp,10.0,20.0,96,0.7,1.25,1.0,24,377.0,-27982.473046874533,203178.0585937506,231160.53164062448,0.878947877268352,53195.882812499796,-74.22406643733298,0.3713527851458886,13.482758620689655,189.0,-53738.05839843757,80635.94160156246,134374.00000000032,0.6000858916275639,53774.27792968755,-284.3283513144845,0.31216931216931215,10.597883597883598
R0522,14,2.0,24,0.382,pullback,both,atr_sl_fixed_tp,10.0,20.0,96,0.7,1.5,1.0,24,368.0,-16508.302343749656,208922.80976562563,225431.11210937458,0.9267700798293562,42399.31210937491,-44.85951723845015,0.391304347826087,14.008152173913043,184.0,-60179.0681640627,78275.93671874993,138455.0048828128,0.5653528869180429,60215.28769531268,-327.06015306555815,0.32065217391304346,11.054347826086957
R0523,14,2.0,24,0.382,pullback,both,fixed_sl_atr_tp,10.0,20.0,96,0.7,1.25,1.0,24,383.0,-42665.32187499999,189849.8195312504,232515.1414062493,0.8165051892235513,65278.40468749999,-111.39770724543078,0.3368146214099217,13.402088772845953,194.0,-54287.07304687518,79794.89277343742,134081.96582031288,0.5951202481650132,54323.29257812516,-279.8302734375009,0.27835051546391754,9.963917525773196
R0524,14,2.0,24,0.382,pullback,both,fixed_sl_atr_tp,10.0,20.0,96,0.7,1.5,1.0,24,380.0,-45963.99023437508,184937.3707031252,230901.36093749932,0.800936685484432,69427.21445312508,-120.95786903782916,0.33421052631578946,13.702631578947368,194.0,-49187.09257812519,84894.87324218737,134081.96582031288,0.6331565376656055,49223.312109375176,-253.54171432023296,0.27835051546391754,10.087628865979381
R0525,14,2.0,24,0.382,pullback,both,atr_sl_fixed_tp,10.0,24.0,96,0.7,1.25,1.0,24,365.0,-21726.97070312464,201880.7609375005,223607.7316406246,0.9028344389359353,50755.63398437479,-59.525947131848326,0.36712328767123287,14.421917808219177,185.0,-50582.809570312544,82507.37089843748,133090.1804687503,0.6199358255270402,50619.029101562526,-273.4205922719597,0.3027027027027027,11.227027027027027
R0526,14,2.0,24,0.382,pullback,both,atr_sl_fixed_tp,10.0,24.0,96,0.7,1.5,1.0,24,356.0,-10562.7999999997,208425.51210937547,218988.31210937464,0.9517654622831033,38802.84374999987,-29.670786516853088,0.38764044943820225,15.002808988764045,180.0,-57173.81933593766,79747.36601562495,136921.18535156277,0.5824326294785086,57210.03886718764,-317.6323296440981,0.3111111111111111,11.677777777777777
R0527,14,2.0,24,0.382,pullback,both,fixed_sl_atr_tp,10.0,24.0,96,0.7,1.25,1.0,24,374.0,-36391.20976562512,189491.15117187516,225882.36093749944,0.8388930874700147,65664.62421875002,-97.30269990808856,0.33689839572192515,14.101604278074866,192.0,-46269.463281250166,86808.70253906239,133078.1658203129,0.6523136384091343,46305.68281250015,-240.98678792317796,0.2760416666666667,10.421875
R0528,14,2.0,24,0.382,pullback,both,fixed_sl_atr_tp,10.0,24.0,96,0.7,1.5,1.0,24,374.0,-44051.200000000405,185166.34140625002,229217.54140624945,0.8078192457272452,68696.473046875,-117.78395721925241,0.32620320855614976,14.184491978609625,190.0,-42291.853515625204,88778.71230468733,131070.5658203129,0.6773352334985395,42328.073046875186,-222.58870271381687,0.2789473684210526,10.678947368421053
R0529,14,2.0,24,0.382,pullback,both,atr_sl_fixed_tp,12.0,16.0,96,0.7,1.25,1.0,24,375.0,-28464.94140624945,212415.84882812575,240880.79023437432,0.8818297574557419,54070.50234374951,-75.9065104166652,0.424,13.408,182.0,-65311.58046875049,81900.65859374974,147212.23906250013,0.5563440860306335,65347.800000000476,-358.8548377403873,0.34615384615384615,10.521978021978022
R0530,14,2.0,24,0.382,pullback,both,atr_sl_fixed_tp,12.0,16.0,96,0.7,1.5,1.0,24,369.0,-38392.1707031245,209463.4292968757,247855.59999999928,0.8451026698483968,61527.73164062457,-104.04382304369784,0.4254742547425474,13.799457994579946,180.0,-73953.96093750048,81996.86835937471,155950.82929687502,0.525786677307639,73990.18046875046,-410.8553385416693,0.35555555555555557,10.944444444444445
R0531,14,2.0,24,0.382,pullback,both,fixed_sl_atr_tp,12.0,16.0,96,0.7,1.25,1.0,24,379.0,-34260.12187499944,208197.63906250088,242457.76093749944,0.8586965344292274,61919.69257812442,-90.39609993403545,0.39050131926121373,13.321899736147758,186.0,-58016.756054687874,81678.27812499981,139695.0341796877,0.584689918325502,58052.97558593786,-311.9180433047735,0.3279569892473118,10.327956989247312
R0532,14,2.0,24,0.382,pullback,both,fixed_sl_atr_tp,12.0,16.0,96,0.7,1.5,1.0,24,370.0,-36796.03906249963,199250.3316406256,236046.37070312438,0.8441152094273155,63134.51210937451,-99.44875422297197,0.3837837837837838,13.935135135135136,184.0,-61029.13652343795,79639.6781249998,140668.81464843766,0.5661502041091119,61065.35605468793,-331.6800898012932,0.31521739130434784,10.646739130434783
R0533,14,2.0,24,0.382,pullback,both,atr_sl_fixed_tp,12.0,20.0,96,0.7,1.25,1.0,24,353.0,-28081.233984374572,203211.86835937557,231293.1023437496,0.8785902662041366,54007.44374999961,-79.55023791607528,0.3937677053824363,14.940509915014164,175.0,-65804.94628906288,77613.47812499989,143418.42441406273,0.541168113107437,65841.16582031286,-376.02826450893076,0.32571428571428573,11.72
R0534,14,2.0,24,0.382,pullback,both,atr_sl_fixed_tp,12.0,20.0,96,0.7,1.5,1.0,24,349.0,-37026.10234374956,201761.8195312506,238787.92187499948,0.8449414775545839,60182.31210937457,-106.09198379297868,0.3982808022922636,15.226361031518625,173.0,-69447.32675781287,79705.88789062486,149153.2146484376,0.5343893397034456,69483.54628906286,-401.4296344382247,0.34104046242774566,12.098265895953757
R0535,14,2.0,24,0.382,pullback,both,fixed_sl_atr_tp,12.0,20.0,96,0.7,1.25,1.0,24,354.0,-38775.04374999974,190342.27812500048,229117.3218749994,0.8307633685978854,63479.33632812477,-109.53402189265464,0.3700564971751412,14.96045197740113,180.0,-58193.91699218783,80591.09277343741,138785.00976562523,0.5806901833961502,58230.13652343781,-323.2995388454879,0.3055555555555556,11.38888888888889
R0536,14,2.0,24,0.382,pullback,both,fixed_sl_atr_tp,12.0,20.0,96,0.7,1.5,1.0,24,350.0,-43269.89257812487,183783.63906250024,227053.53164062437,0.8094286740863789,68271.15585937483,-123.6282645089282,0.3657142857142857,15.354285714285714,180.0,-54093.936523437784,84691.07324218735,138785.00976562523,0.6102321380760817,54130.156054687766,-300.5218695746544,0.3055555555555556,11.455555555555556
R0537,14,2.0,24,0.382,pullback,both,atr_sl_fixed_tp,12.0,24.0,96,0.7,1.25,1.0,24,341.0,-25665.756054687183,199478.3560546879,225144.11210937466,0.8860029879785691,52298.76562499991,-75.26614678793895,0.3870967741935484,16.029325513196483,172.0,-64363.48769531282,78524.91718749993,142888.40488281267,0.5495541590789029,64399.7072265628,-374.20632380995823,0.313953488372093,12.284883720930232
R0538,14,2.0,24,0.382,pullback,both,atr_sl_fixed_tp,12.0,24.0,96,0.7,1.5,1.0,24,338.0,-33224.41464843711,200024.5072265629,233248.9218749995,0.8575581212493583,56167.40468749983,-98.29708475868966,0.39349112426035504,16.27810650887574,170.0,-67305.8681640628,81017.3269531249,148323.19511718757,0.5462215595417461,67342.08769531279,-395.9168715533106,0.32941176470588235,12.688235294117646
R0539,14,2.0,24,0.382,pullback,both,fixed_sl_atr_tp,12.0,24.0,96,0.7,1.25,1.0,24,347.0,-38008.53164062487,188247.4000000002,226255.93164062448,0.8320108941895258,67971.54609374997,-109.53467331592181,0.3659942363112392,15.720461095100864,179.0,-52500.107226562715,86284.90253906239,138785.00976562523,0.6217162983579927,52536.3267578127,-293.2966884165515,0.3016759776536313,11.743016759776536
R0540,14,2.0,24,0.382,pullback,both,fixed_sl_atr_tp,12.0,24.0,96,0.7,1.5,1.0,24,347.0,-41678.502343750035,188118.79023437508,229797.2925781244,0.8186292715803871,65973.99492187491,-120.1109577629684,0.3573487031700288,15.812680115273775,178.0,-48636.29746093768,88944.91230468739,137581.20976562524,0.6464902616876853,48672.516992187666,-273.23762618504315,0.30337078651685395,11.92134831460674
R0541,14,2.0,24,0.5,pullback,both,atr_sl_fixed_tp,8.0,16.0,96,0.7,1.25,1.0,24,342.0,-1129.6488281251266,175618.33164062505,176747.98046874974,0.9936087030520588,17380.81953125002,-3.3030667489038787,0.38596491228070173,10.932748538011696,181.0,-59377.71699218761,57379.07324218744,116756.79023437524,0.4914409956543499,59377.71699218761,-328.05368503971056,0.24861878453038674,8.12707182320442
R0542,14,2.0,24,0.5,pullback,both,atr_sl_fixed_tp,8.0,16.0,96,0.7,1.5,1.0,24,332.0,-10431.707421874919,169503.51210937506,179935.21953124975,0.9420252052430292,19852.02929687499,-31.420805487575056,0.3855421686746988,11.515060240963855,177.0,-57202.55605468757,59937.67324218742,117140.22929687522,0.511674542571399,57202.55605468757,-323.178282794845,0.2711864406779661,8.570621468926554
R0543,14,2.0,24,0.5,pullback,both,fixed_sl_atr_tp,8.0,16.0,96,0.7,1.25,1.0,24,349.0,-1416.2488281249928,171931.13164062513,173347.38046874976,0.9918299957905626,20276.058593749993,-4.05801956482806,0.36103151862464183,10.70487106017192,184.0,-60789.09257812522,51458.06835937492,112247.1609375003,0.4584353664679946,60789.09257812522,-330.3755031419849,0.21739130434782608,7.885869565217392
R0544,14,2.0,24,0.5,pullback,both,fixed_sl_atr_tp,8.0,16.0,96,0.7,1.5,1.0,24,345.0,-1171.087890625016,170088.69257812508,171259.78046874976,0.9931619211036046,19476.058593749993,-3.3944576539855533,0.35942028985507246,11.168115942028985,184.0,-58829.092578125266,53418.06835937486,112247.1609375003,0.4758968326078044,58829.092578125266,-319.7233292289417,0.21739130434782608,7.994565217391305
R0545,14,2.0,24,0.5,pullback,both,atr_sl_fixed_tp,8.0,20.0,96,0.7,1.25,1.0,24,332.0,2558.253515625022,180446.25351562523,177887.9999999997,1.014381259644414,16457.05859375,7.70558287838862,0.3674698795180723,12.009036144578314,177.0,-61022.54140625016,55334.24882812491,116356.79023437524,0.4755566797319366,61022.54140625016,-344.7601209392664,0.23163841807909605,8.666666666666666
R0546,14,2.0,24,0.5,pullback,both,atr_sl_fixed_tp,8.0,20.0,96,0.7,1.5,1.0,24,323.0,-9547.60507812484,172731.4339843752,182279.0390624997,0.947620938056126,17858.258593749935,-29.559148848683712,0.3653250773993808,12.538699690402476,173.0,-58047.38046875014,58292.84882812489,116340.22929687522,0.5010549590664299,58047.38046875014,-335.53399114884473,0.2543352601156069,9.121387283236995
R0547,14,2.0,24,0.5,pullback,both,fixed_sl_atr_tp,8.0,20.0,96,0.7,1.25,1.0,24,339.0,4181.614453124982,175131.4144531251,170949.79999999976,1.0244610666588985,16007.45859374998,12.335145879424726,0.3480825958702065,11.935103244837759,183.0,-55405.331640625205,56841.829296874894,112247.1609375003,0.5063988150980911,55405.331640625205,-302.76137508538363,0.21311475409836064,8.262295081967213
R0548,14,2.0,24,0.5,pullback,both,fixed_sl_atr_tp,8.0,20.0,96,0.7,1.5,1.0,24,336.0,-11667.014843749943,161204.175390625,172871.19023437472,0.9325103574058126,20204.746484374955,-34.7232584635415,0.3333333333333333,12.145833333333334,183.0,-55705.331640625205,57345.6292968749,113050.9609375003,0.5072546825017981,55705.331640625205,-304.4007193476787,0.20765027322404372,8.349726775956285
R0549,14,2.0,24,0.5,pullback,both,atr_sl_fixed_tp,8.0,24.0,96,0.7,1.25,1.0,24,323.0,4972.394921875158,177638.97539062533,172666.58046874983,1.028797668363945,15590.44882812498,15.394411522833305,0.3591331269349845,13.027863777089783,174.0,-64851.1218750002,52109.468359374885,116960.59023437524,0.4455301418619182,64851.1218750002,-372.70759698275975,0.21264367816091953,9.10919540229885
R0550,14,2.0,24,0.5,pullback,both,atr_sl_fixed_tp,8.0,24.0,96,0.7,1.5,1.0,24,316.0,-1751.0148437498044,174942.77539062532,176693.79023437476,0.990090116684764,15162.858593749967,-5.541186214398115,0.3639240506329114,13.468354430379748,170.0,-61275.960937500204,55468.06835937486,116744.02929687522,0.4751255262769959,61275.960937500204,-360.44682904411883,0.23529411764705882,9.588235294117647
R0551,14,2.0,24,0.5,pullback,both,fixed_sl_atr_tp,8.0,24.0,96,0.7,1.25,1.0,24,333.0,-8235.624609374745,163885.56562500022,172121.19023437475,0.9521521748823593,19800.15624999998,-24.731605433557792,0.32732732732732733,12.528528528528529,180.0,-61693.91210937523,52160.84882812492,113854.76093750031,0.4581349817840136,61693.91210937523,-342.7439561631957,0.18888888888888888,8.677777777777777
R0552,14,2.0,24,0.5,pullback,both,fixed_sl_atr_tp,8.0,24.0,96,0.7,1.5,1.0,24,333.0,-7325.62460937481,164795.56562500016,172121.19023437475,0.9574391473856334,18840.156250000044,-21.998872700825252,0.32732732732732733,12.552552552552553,179.0,-66210.13164062526,47644.629296874926,113854.76093750031,0.41846848480081633,66210.13164062526,-369.8890035789121,0.18435754189944134,8.888268156424582
R0553,14,2.0,24,0.5,pullback,both,atr_sl_fixed_tp,10.0,16.0,96,0.7,1.25,1.0,24,317.0,-21744.639062500028,166277.37070312508,188022.00976562488,0.8843505657151248,32905.09765625014,-68.59507590694015,0.40063091482649843,12.690851735015773,168.0,-70778.37558593765,56031.45371093746,126809.82929687516,0.4418541845030161,70778.37558593765,-421.29985467820035,0.27976190476190477,9.547619047619047
R0554,14,2.0,24,0.5,pullback,both,atr_sl_fixed_tp,10.0,16.0,96,0.7,1.5,1.0,24,314.0,-29703.239062500114,166277.37070312508,195980.60976562483,0.8484378679195755,41321.27812500028,-94.59630274681565,0.40445859872611467,12.996815286624203,168.0,-77568.37558593776,59223.85371093741,136792.2292968751,0.4329475001274091,77568.37558593776,-461.7165213448676,0.2916666666666667,9.5
R0555,14,2.0,24,0.5,pullback,both,fixed_sl_atr_tp,10.0,16.0,96,0.7,1.25,1.0,24,324.0,-15681.190234374892,171644.96093750017,187326.15117187475,0.916289369443208,26552.897656250057,-48.39873529128053,0.38580246913580246,12.395061728395062,170.0,-75435.93164062522,49694.25859374992,125130.19023437519,0.3971404382960663,75435.93164062522,-443.74077435661894,0.2411764705882353,9.258823529411766
R0556,14,2.0,24,0.5,pullback,both,fixed_sl_atr_tp,10.0,16.0,96,0.7,1.5,1.0,24,320.0,-13386.039062499874,170928.71210937516,184314.75117187478,0.9273740220064262,24477.648828125115,-41.831372070312106,0.3875,12.88125,170.0,-73475.93164062526,51654.25859374985,125130.19023437519,0.4128041242245281,73475.93164062526,-432.2113625919133,0.2411764705882353,9.376470588235295
R0557,14,2.0,24,0.5,pullback,both,atr_sl_fixed_tp,10.0,20.0,96,0.7,1.25,1.0,24,308.0,-20280.487890624743,169625.32187500029,189905.8097656248,0.8932076490147721,28985.24882812519,-65.84573990462579,0.37987012987012986,13.75974025974026,165.0,-72376.99023437525,55186.63906249989,127563.62929687517,0.43262048411985526,72376.99023437525,-438.6484256628803,0.2606060606060606,10.018181818181818
R0558,14,2.0,24,0.5,pullback,both,atr_sl_fixed_tp,10.0,20.0,96,0.7,1.5,1.0,24,304.0,-27215.258593749702,169029.1414062503,196244.39999999976,0.8613195658385692,37629.90742187509,-89.52387695312402,0.3815789473684211,14.154605263157896,165.0,-79086.98535156282,58209.04394531233,137296.0292968751,0.42396742457458086,79086.98535156282,-479.3150627367444,0.2727272727272727,10.103030303030303
R0559,14,2.0,24,0.5,pullback,both,fixed_sl_atr_tp,10.0,20.0,96,0.7,1.25,1.0,24,315.0,-8157.087890624764,176091.46328125024,184248.55117187471,0.9557278044318774,24932.839062500112,-25.895517113094492,0.3746031746031746,13.653968253968253,169.0,-70242.15117187523,54888.039062499854,125130.19023437519,0.4386474515837607,70242.15117187523,-415.634030602812,0.23668639053254437,9.609467455621301
R0560,14,2.0,24,0.5,pullback,both,fixed_sl_atr_tp,10.0,20.0,96,0.7,1.5,1.0,24,312.0,-24405.717187499806,162164.22421875014,186569.94140624968,0.8691873031446319,35841.31718750008,-78.22345252403784,0.358974358974359,13.897435897435898,169.0,-70742.15117187522,55391.83906249985,126133.99023437519,0.439150771014013,70742.15117187522,-418.5926104844687,0.23076923076923078,9.692307692307692
R0561,14,2.0,24,0.5,pullback,both,atr_sl_fixed_tp,10.0,24.0,96,0.7,1.25,1.0,24,302.0,-10487.668359374675,173802.88281250032,184290.55117187477,0.9430916653475448,25230.868359375036,-34.727378673426074,0.38079470198675497,14.609271523178808,161.0,-74131.82929687526,51927.999999999876,126059.82929687516,0.411931384404049,74131.82929687526,-460.4461447010886,0.2484472049689441,10.509316770186336
R0562,14,2.0,24,0.5,pullback,both,atr_sl_fixed_tp,10.0,24.0,96,0.7,1.5,1.0,24,298.0,-16922.439062499594,173206.70234375034,190129.14140624972,0.9109950271834387,33397.04882812508,-56.78670826342146,0.3825503355704698,15.023489932885907,161.0,-79941.82441406284,55350.40488281233,135292.22929687513,0.40911739846754647,79941.82441406284,-496.53307089480023,0.2608695652173913,10.596273291925465
R0563,14,2.0,24,0.5,pullback,both,fixed_sl_atr_tp,10.0,24.0,96,0.7,1.25,1.0,24,309.0,-21564.307421874648,163685.62421875028,185249.93164062465,0.8835934392477509,37069.897656250025,-69.7874026597885,0.35275080906148865,14.281553398058252,165.0,-75356.99023437526,49773.1999999999,125130.19023437519,0.3977713124768066,75356.99023437526,-456.7090317234864,0.21818181818181817,10.036363636363637
R0564,14,2.0,24,0.5,pullback,both,fixed_sl_atr_tp,10.0,24.0,96,0.7,1.5,1.0,24,309.0,-20654.307421874706,164595.62421875022,185249.93164062465,0.8885057217621936,36759.89765625008,-66.84241884101847,0.35275080906148865,14.307443365695793,164.0,-79873.20976562527,45256.980468749905,125130.19023437519,0.36167914700665993,79873.20976562527,-487.03176686356875,0.21341463414634146,10.268292682926829
R0565,14,2.0,24,0.5,pullback,both,atr_sl_fixed_tp,12.0,16.0,96,0.7,1.25,1.0,24,306.0,-39622.87812500037,164517.3218750001,204140.19999999984,0.8059035989726681,47492.31718750026,-129.48652982026263,0.4150326797385621,13.588235294117647,162.0,-72275.59511718772,64594.853710937365,136870.44882812508,0.4719415641871116,74154.38535156283,-446.14564887152915,0.3333333333333333,10.574074074074074
R0566,14,2.0,24,0.5,pullback,both,atr_sl_fixed_tp,12.0,16.0,96,0.7,1.5,1.0,24,299.0,-37256.30742187514,164003.52187500006,201259.82929687467,0.8148845323379534,47049.51718750005,-124.6030348557697,0.4280936454849498,14.187290969899665,160.0,-78467.99511718779,66191.05371093737,144659.04882812503,0.4575659403759906,79746.7853515629,-490.4249694824237,0.34375,10.81875
R0567,14,2.0,24,0.5,pullback,both,fixed_sl_atr_tp,12.0,16.0,96,0.7,1.25,1.0,24,309.0,-35524.25859375015,165532.52187500018,201056.7804687498,0.8233123075435341,39323.45859375011,-114.96523816747622,0.39805825242718446,13.443365695792881,160.0,-67367.99023437516,58023.85859374984,125391.84882812513,0.4627402748745117,71046.78046875026,-421.0499389648447,0.30625,10.775
R0568,14,2.0,24,0.5,pullback,both,fixed_sl_atr_tp,12.0,16.0,96,0.7,1.5,1.0,24,307.0,-30376.66835937484,167664.8828125002,198041.55117187474,0.8466146716200406,35122.326953125004,-98.94680247353368,0.40716612377850164,13.86970684039088,160.0,-65007.990234375226,60383.85859374979,125391.84882812513,0.481561274979828,68646.78046875028,-406.2999389648452,0.30625,10.90625
R0569,14,2.0,24,0.5,pullback,both,atr_sl_fixed_tp,12.0,20.0,96,0.7,1.25,1.0,24,298.0,-38592.49765624993,166989.11210937533,205581.60976562474,0.8122765080969686,43680.92695312508,-129.50502569211386,0.38926174496644295,14.677852348993289,159.0,-73504.22441406276,64270.024414062325,137774.24882812507,0.46648793196644395,76312.99511718786,-462.2907195853004,0.31446540880503143,11.352201257861635
R0570,14,2.0,24,0.5,pullback,both,atr_sl_fixed_tp,12.0,20.0,96,0.7,1.5,1.0,24,290.0,-42422.12695312484,162082.9121093753,204505.03906249956,0.7925619478737661,49734.32695312497,-146.28319639008566,0.39655172413793105,15.355172413793104,154.0,-72445.25371093779,67402.39511718735,139847.64882812506,0.4819701702674025,74654.0244140629,-470.42372539569993,0.33766233766233766,11.766233766233766
R0571,14,2.0,24,0.5,pullback,both,fixed_sl_atr_tp,12.0,20.0,96,0.7,1.25,1.0,24,304.0,-26525.336718749695,172827.63398437525,199352.97070312468,0.866942857058043,31948.52695312493,-87.25439710115032,0.39144736842105265,14.608552631578947,159.0,-60984.22929687518,64407.61953124982,125391.84882812513,0.5136507686359539,64553.00000000023,-383.54861193003256,0.3018867924528302,11.29559748427673
R0572,14,2.0,24,0.5,pullback,both,fixed_sl_atr_tp,12.0,20.0,96,0.7,1.5,1.0,24,301.0,-43173.96601562509,158900.3949218752,202074.36093749964,0.7863461459666431,48833.16601562507,-143.43510304194382,0.3754152823920266,14.87375415282392,159.0,-61184.229296875186,65411.41953124982,126595.64882812514,0.5166956379366309,65753.00000000023,-384.80647356525276,0.29559748427672955,11.39622641509434
R0573,14,2.0,24,0.5,pullback,both,atr_sl_fixed_tp,12.0,24.0,96,0.7,1.25,1.0,24,292.0,-27899.67812499958,171166.6730468754,199066.3511718747,0.8598473425530837,38648.068359375015,-95.54684289383418,0.3904109589041096,15.57876712328767,156.0,-74462.84394531276,62091.41464843731,136554.25859375007,0.45470141530451813,78031.61464843781,-477.3259227263639,0.30128205128205127,11.897435897435898
R0574,14,2.0,24,0.5,pullback,both,atr_sl_fixed_tp,12.0,24.0,96,0.7,1.5,1.0,24,286.0,-31116.946484374457,167626.64375000034,198743.59023437448,0.8434316978591434,44089.10742187487,-108.80051218312747,0.3986013986013986,16.1993006993007,150.0,-71320.08300781272,64903.775585937394,136223.85859375008,0.4764493992164392,74288.85371093778,-475.46722005208477,0.32666666666666666,12.473333333333333
R0575,14,2.0,24,0.5,pullback,both,fixed_sl_atr_tp,12.0,24.0,96,0.7,1.25,1.0,24,298.0,-38162.54648437497,162191.8046875003,200354.35117187462,0.8095247432303756,46365.736718749984,-128.06223652474824,0.3691275167785235,15.224832214765101,156.0,-65502.848828125134,60472.80976562487,125975.65859375012,0.48003567070555514,70871.61953125018,-419.8900565905457,0.28205128205128205,11.807692307692308
R0576,14,2.0,24,0.5,pullback,both,fixed_sl_atr_tp,12.0,24.0,96,0.7,1.5,1.0,24,298.0,-37252.546484375016,163101.80468750023,200354.35117187462,0.8140666959989445,46055.73671875003,-125.00854524958059,0.3691275167785235,15.265100671140939,155.0,-69419.06835937519,56556.590234374875,125975.65859375012,0.4489485577270143,74347.82929687522,-447.8649571572593,0.27741935483870966,12.064516129032258
