param_id,atr_len,st_mult,swing_len,fib,entry_mode,side,regime_mode,sl_base,tp_base,atr_regime_lookback,atr_regime_pct,atr_high_mult,atr_low_mult,max_hold_bars,is_trades,is_pnl,is_gross_gain,is_gross_loss,is_pf,is_max_dd,is_expect,is_win_rate,is_avg_hold,oos_trades,oos_pnl,oos_gross_gain,oos_gross_loss,oos_pf,oos_max_dd,oos_expect,oos_win_rate,oos_avg_hold
R0469,14,2.0,12,0.5,pullback,short,atr_sl_fixed_tp,8.0,16.0,96,0.7,1.25,1.0,24,139.0,1517.7769287110505,12260.180957031294,10742.404028320245,1.1412883861666092,1862.2095214843434,10.919258479935614,0.43884892086330934,23.949640287769785,51.0,-619.7970703124329,8967.207141113318,9587.004211425752,0.935350287050697,5233.602563476561,-12.152883731616331,0.5098039215686274,24
R0470,14,2.0,12,0.5,pullback,short,atr_sl_fixed_tp,8.0,16.0,96,0.7,1.5,1.0,24,139.0,1517.7769287110505,12260.180957031294,10742.404028320245,1.1412883861666092,1862.2095214843434,10.919258479935614,0.43884892086330934,23.949640287769785,51.0,-619.7970703124329,8967.207141113318,9587.004211425752,0.935350287050697,5233.602563476561,-12.152883731616331,0.5098039215686274,24
R0471,14,2.0,12,0.5,pullback,short,fixed_sl_atr_tp,8.0,16.0,96,0.7,1.25,1.0,24,139.0,1517.7769287110505,12260.180957031294,10742.404028320245,1.1412883861666092,1862.2095214843434,10.919258479935614,0.43884892086330934,23.949640287769785,51.0,-619.7970703124329,8967.207141113318,9587.004211425752,0.935350287050697,5233.602563476561,-12.152883731616331,0.5098039215686274,24
R0472,14,2.0,12,0.5,pullback,short,fixed_sl_atr_tp,8.0,16.0,96,0.7,1.5,1.0,24,139.0,1517.7769287110505,12260.180957031294,10742.404028320245,1.1412883861666092,1862.2095214843434,10.919258479935614,0.43884892086330934,23.949640287769785,51.0,-619.7970703124329,8967.207141113318,9587.004211425752,0.935350287050697,5233.602563476561,-12.152883731616331,0.5098039215686274,24
R0473,14,2.0,12,0.5,pullback,short,atr_sl_fixed_tp,8.0,20.0,96,0.7,1.25,1.0,24,139.0,1517.7769287110505,12260.180957031294,10742.404028320245,1.1412883861666092,1862.2095214843434,10.919258479935614,0.43884892086330934,23.949640287769785,51.0,-619.7970703124329,8967.207141113318,9587.004211425752,0.935350287050697,5233.602563476561,-12.152883731616331,0.5098039215686274,24
R0474,14,2.0,12,0.5,pullback,short,atr_sl_fixed_tp,8.0,20.0,96,0.7,1.5,1.0,24,139.0,1517.7769287110505,12260.180957031294,10742.404028320245,1.1412883861666092,1862.2095214843434,10.919258479935614,0.43884892086330934,23.949640287769785,51.0,-619.7970703124329,8967.207141113318,9587.004211425752,0.935350287050697,5233.602563476561,-12.152883731616331,0.5098039215686274,24
R0475,14,2.0,12,0.5,pullback,short,fixed_sl_atr_tp,8.0,20.0,96,0.7,1.25,1.0,24,139.0,1517.7769287110505,12260.180957031294,10742.404028320245,1.1412883861666092,1862.2095214843434,10.919258479935614,0.43884892086330934,23.949640287769785,51.0,-619.7970703124329,8967.207141113318,9587.004211425752,0.935350287050697,5233.602563476561,-12.152883731616331,0.5098039215686274,24
R0476,14,2.0,12,0.5,pullback,short,fixed_sl_atr_tp,8.0,20.0,96,0.7,1.5,1.0,24,139.0,1517.7769287110505,12260.180957031294,10742.404028320245,1.1412883861666092,1862.2095214843434,10.919258479935614,0.43884892086330934,23.949640287769785,51.0,-619.7970703124329,8967.207141113318,9587.004211425752,0.935350287050697,5233.602563476561,-12.152883731616331,0.5098039215686274,24
R0477,14,2.0,12,0.5,pullback,short,atr_sl_fixed_tp,8.0,24.0,96,0.7,1.25,1.0,24,139.0,1517.7769287110505,12260.180957031294,10742.404028320245,1.1412883861666092,1862.2095214843434,10.919258479935614,0.43884892086330934,23.949640287769785,51.0,-619.7970703124329,8967.207141113318,9587.004211425752,0.935350287050697,5233.602563476561,-12.152883731616331,0.5098039215686274,24
R0478,14,2.0,12,0.5,pullback,short,atr_sl_fixed_tp,8.0,24.0,96,0.7,1.5,1.0,24,139.0,1517.7769287110505,12260.180957031294,10742.404028320245,1.1412883861666092,1862.2095214843434,10.919258479935614,0.43884892086330934,23.949640287769785,51.0,-619.7970703124329,8967.207141113318,9587.004211425752,0.935350287050697,5233.602563476561,-12.152883731616331,0.5098039215686274,24
R0479,14,2.0,12,0.5,pullback,short,fixed_sl_atr_tp,8.0,24.0,96,0.7,1.25,1.0,24,139.0,1517.7769287110505,12260.180957031294,10742.404028320245,1.1412883861666092,1862.2095214843434,10.919258479935614,0.43884892086330934,23.949640287769785,51.0,-619.7970703124329,8967.207141113318,9587.004211425752,0.935350287050697,5233.602563476561,-12.152883731616331,0.5098039215686274,24
R0480,14,2.0,12,0.5,pullback,short,fixed_sl_atr_tp,8.0,24.0,96,0.7,1.5,1.0,24,139.0,1517.7769287110505,12260.180957031294,10742.404028320245,1.1412883861666092,1862.2095214843434,10.919258479935614,0.43884892086330934,23.949640287769785,51.0,-619.7970703124329,8967.207141113318,9587.004211425752,0.935350287050697,5233.602563476561,-12.152883731616331,0.5098039215686274,24
R0481,14,2.0,12,0.5,pullback,short,atr_sl_fixed_tp,10.0,16.0,96,0.7,1.25,1.0,24,139.0,1517.7769287110505,12260.180957031294,10742.404028320245,1.1412883861666092,1862.2095214843434,10.919258479935614,0.43884892086330934,23.949640287769785,51.0,-619.7970703124329,8967.207141113318,9587.004211425752,0.935350287050697,5233.602563476561,-12.152883731616331,0.5098039215686274,24
R0482,14,2.0,12,0.5,pullback,short,atr_sl_fixed_tp,10.0,16.0,96,0.7,1.5,1.0,24,139.0,1517.7769287110505,12260.180957031294,10742.404028320245,1.1412883861666092,1862.2095214843434,10.919258479935614,0.43884892086330934,23.949640287769785,51.0,-619.7970703124329,8967.207141113318,9587.004211425752,0.935350287050697,5233.602563476561,-12.152883731616331,0.5098039215686274,24
R0483,14,2.0,12,0.5,pullback,short,fixed_sl_atr_tp,10.0,16.0,96,0.7,1.25,1.0,24,139.0,1517.7769287110505,12260.180957031294,10742.404028320245,1.1412883861666092,1862.2095214843434,10.919258479935614,0.43884892086330934,23.949640287769785,51.0,-619.7970703124329,8967.207141113318,9587.004211425752,0.935350287050697,5233.602563476561,-12.152883731616331,0.5098039215686274,24
R0484,14,2.0,12,0.5,pullback,short,fixed_sl_atr_tp,10.0,16.0,96,0.7,1.5,1.0,24,139.0,1517.7769287110505,12260.180957031294,10742.404028320245,1.1412883861666092,1862.2095214843434,10.919258479935614,0.43884892086330934,23.949640287769785,51.0,-619.7970703124329,8967.207141113318,9587.004211425752,0.935350287050697,5233.602563476561,-12.152883731616331,0.5098039215686274,24
R0485,14,2.0,12,0.5,pullback,short,atr_sl_fixed_tp,10.0,20.0,96,0.7,1.25,1.0,24,139.0,1517.7769287110505,12260.180957031294,10742.404028320245,1.1412883861666092,1862.2095214843434,10.919258479935614,0.43884892086330934,23.949640287769785,51.0,-619.7970703124329,8967.207141113318,9587.004211425752,0.935350287050697,5233.602563476561,-12.152883731616331,0.5098039215686274,24
R0486,14,2.0,12,0.5,pullback,short,atr_sl_fixed_tp,10.0,20.0,96,0.7,1.5,1.0,24,139.0,1517.7769287110505,12260.180957031294,10742.404028320245,1.1412883861666092,1862.2095214843434,10.919258479935614,0.43884892086330934,23.949640287769785,51.0,-619.7970703124329,8967.207141113318,9587.004211425752,0.935350287050697,5233.602563476561,-12.152883731616331,0.5098039215686274,24
R0487,14,2.0,12,0.5,pullback,short,fixed_sl_atr_tp,10.0,20.0,96,0.7,1.25,1.0,24,139.0,1517.7769287110505,12260.180957031294,10742.404028320245,1.1412883861666092,1862.2095214843434,10.919258479935614,0.43884892086330934,23.949640287769785,51.0,-619.7970703124329,8967.207141113318,9587.004211425752,0.935350287050697,5233.602563476561,-12.152883731616331,0.5098039215686274,24
R0488,14,2.0,12,0.5,pullback,short,fixed_sl_atr_tp,10.0,20.0,96,0.7,1.5,1.0,24,139.0,1517.7769287110505,12260.180957031294,10742.404028320245,1.1412883861666092,1862.2095214843434,10.919258479935614,0.43884892086330934,23.949640287769785,51.0,-619.7970703124329,8967.207141113318,9587.004211425752,0.935350287050697,5233.602563476561,-12.152883731616331,0.5098039215686274,24
R0489,14,2.0,12,0.5,pullback,short,atr_sl_fixed_tp,10.0,24.0,96,0.7,1.25,1.0,24,139.0,1517.7769287110505,12260.180957031294,10742.404028320245,1.1412883861666092,1862.2095214843434,10.919258479935614,0.43884892086330934,23.949640287769785,51.0,-619.7970703124329,8967.207141113318,9587.004211425752,0.935350287050697,5233.602563476561,-12.152883731616331,0.5098039215686274,24
R0490,14,2.0,12,0.5,pullback,short,atr_sl_fixed_tp,10.0,24.0,96,0.7,1.5,1.0,24,139.0,1517.7769287110505,12260.180957031294,10742.404028320245,1.1412883861666092,1862.2095214843434,10.919258479935614,0.43884892086330934,23.949640287769785,51.0,-619.7970703124329,8967.207141113318,9587.004211425752,0.935350287050697,5233.602563476561,-12.152883731616331,0.5098039215686274,24
R0491,14,2.0,12,0.5,pullback,short,fixed_sl_atr_tp,10.0,24.0,96,0.7,1.25,1.0,24,139.0,1517.7769287110505,12260.180957031294,10742.404028320245,1.1412883861666092,1862.2095214843434,10.919258479935614,0.43884892086330934,23.949640287769785,51.0,-619.7970703124329,8967.207141113318,9587.004211425752,0.935350287050697,5233.602563476561,-12.152883731616331,0.5098039215686274,24
R0492,14,2.0,12,0.5,pullback,short,fixed_sl_atr_tp,10.0,24.0,96,0.7,1.5,1.0,24,139.0,1517.7769287110505,12260.180957031294,10742.404028320245,1.1412883861666092,1862.2095214843434,10.919258479935614,0.43884892086330934,23.949640287769785,51.0,-619.7970703124329,8967.207141113318,9587.004211425752,0.935350287050697,5233.602563476561,-12.152883731616331,0.5098039215686274,24
R0493,14,2.0,12,0.5,pullback,short,atr_sl_fixed_tp,12.0,16.0,96,0.7,1.25,1.0,24,139.0,1517.7769287110505,12260.180957031294,10742.404028320245,1.1412883861666092,1862.2095214843434,10.919258479935614,0.43884892086330934,23.949640287769785,51.0,-619.7970703124329,8967.207141113318,9587.004211425752,0.935350287050697,5233.602563476561,-12.152883731616331,0.5098039215686274,24
R0494,14,2.0,12,0.5,pullback,short,atr_sl_fixed_tp,12.0,16.0,96,0.7,1.5,1.0,24,139.0,1517.7769287110505,12260.180957031294,10742.404028320245,1.1412883861666092,1862.2095214843434,10.919258479935614,0.43884892086330934,23.949640287769785,51.0,-619.7970703124329,8967.207141113318,9587.004211425752,0.935350287050697,5233.602563476561,-12.152883731616331,0.5098039215686274,24
R0495,14,2.0,12,0.5,pullback,short,fixed_sl_atr_tp,12.0,16.0,96,0.7,1.25,1.0,24,139.0,1517.7769287110505,12260.180957031294,10742.404028320245,1.1412883861666092,1862.2095214843434,10.919258479935614,0.43884892086330934,23.949640287769785,51.0,-619.7970703124329,8967.207141113318,9587.004211425752,0.935350287050697,5233.602563476561,-12.152883731616331,0.5098039215686274,24
R0496,14,2.0,12,0.5,pullback,short,fixed_sl_atr_tp,12.0,16.0,96,0.7,1.5,1.0,24,139.0,1517.7769287110505,12260.180957031294,10742.404028320245,1.1412883861666092,1862.2095214843434,10.919258479935614,0.43884892086330934,23.949640287769785,51.0,-619.7970703124329,8967.207141113318,9587.004211425752,0.935350287050697,5233.602563476561,-12.152883731616331,0.5098039215686274,24
R0497,14,2.0,12,0.5,pullback,short,atr_sl_fixed_tp,12.0,20.0,96,0.7,1.25,1.0,24,139.0,1517.7769287110505,12260.180957031294,10742.404028320245,1.1412883861666092,1862.2095214843434,10.919258479935614,0.43884892086330934,23.949640287769785,51.0,-619.7970703124329,8967.207141113318,9587.004211425752,0.935350287050697,5233.602563476561,-12.152883731616331,0.5098039215686274,24
R0498,14,2.0,12,0.5,pullback,short,atr_sl_fixed_tp,12.0,20.0,96,0.7,1.5,1.0,24,139.0,1517.7769287110505,12260.180957031294,10742.404028320245,1.1412883861666092,1862.2095214843434,10.919258479935614,0.43884892086330934,23.949640287769785,51.0,-619.7970703124329,8967.207141113318,9587.004211425752,0.935350287050697,5233.602563476561,-12.152883731616331,0.5098039215686274,24
R0499,14,2.0,12,0.5,pullback,short,fixed_sl_atr_tp,12.0,20.0,96,0.7,1.25,1.0,24,139.0,1517.7769287110505,12260.180957031294,10742.404028320245,1.1412883861666092,1862.2095214843434,10.919258479935614,0.43884892086330934,23.949640287769785,51.0,-619.7970703124329,8967.207141113318,9587.004211425752,0.935350287050697,5233.602563476561,-12.152883731616331,0.5098039215686274,24
R0500,14,2.0,12,0.5,pullback,short,fixed_sl_atr_tp,12.0,20.0,96,0.7,1.5,1.0,24,139.0,1517.7769287110505,12260.180957031294,10742.404028320245,1.1412883861666092,1862.2095214843434,10.919258479935614,0.43884892086330934,23.949640287769785,51.0,-619.7970703124329,8967.207141113318,9587.004211425752,0.935350287050697,5233.602563476561,-12.152883731616331,0.5098039215686274,24
R0501,14,2.0,12,0.5,pullback,short,atr_sl_fixed_tp,12.0,24.0,96,0.7,1.25,1.0,24,139.0,1517.7769287110505,12260.180957031294,10742.404028320245,1.1412883861666092,1862.2095214843434,10.919258479935614,0.43884892086330934,23.949640287769785,51.0,-619.7970703124329,8967.207141113318,9587.004211425752,0.935350287050697,5233.602563476561,-12.152883731616331,0.5098039215686274,24
R0502,14,2.0,12,0.5,pullback,short,atr_sl_fixed_tp,12.0,24.0,96,0.7,1.5,1.0,24,139.0,1517.7769287110505,12260.180957031294,10742.404028320245,1.1412883861666092,1862.2095214843434,10.919258479935614,0.43884892086330934,23.949640287769785,51.0,-619.7970703124329,8967.207141113318,9587.004211425752,0.935350287050697,5233.602563476561,-12.152883731616331,0.5098039215686274,24
R0503,14,2.0,12,0.5,pullback,short,fixed_sl_atr_tp,12.0,24.0,96,0.7,1.25,1.0,24,139.0,1517.7769287110505,12260.180957031294,10742.404028320245,1.1412883861666092,1862.2095214843434,10.919258479935614,0.43884892086330934,23.949640287769785,51.0,-619.7970703124329,8967.207141113318,9587.004211425752,0.935350287050697,5233.602563476561,-12.152883731616331,0.5098039215686274,24
R0504,14,2.0,12,0.5,pullback,short,fixed_sl_atr_tp,12.0,24.0,96,0.7,1.5,1.0,24,139.0,1517.7769287110505,12260.180957031294,10742.404028320245,1.1412883861666092,1862.2095214843434,10.919258479935614,0.43884892086330934,23.949640287769785,51.0,-619.7970703124329,8967.207141113318,9587.004211425752,0.935350287050697,5233.602563476561,-12.152883731616331,0.5098039215686274,24
R0433,14,2.0,12,0.382,pullback,short,atr_sl_fixed_tp,8.0,16.0,96,0.7,1.25,1.0,24,135.0,836.9946899415165,10835.998352050816,9999.003662109299,1.0837078091203491,2339.399450683546,6.199960666233456,0.4444444444444444,24,62.0,-1135.6009155272725,11817.401647949262,12953.002563476532,0.9123291368188783,5424.397985839835,-18.316143798826975,0.5967741935483871,24
R0434,14,2.0,12,0.382,pullback,short,atr_sl_fixed_tp,8.0,16.0,96,0.7,1.5,1.0,24,135.0,836.9946899415165,10835.998352050816,9999.003662109299,1.0837078091203491,2339.399450683546,6.199960666233456,0.4444444444444444,24,62.0,-1135.6009155272725,11817.401647949262,12953.002563476532,0.9123291368188783,5424.397985839835,-18.316143798826975,0.5967741935483871,24
R0435,14,2.0,12,0.382,pullback,short,fixed_sl_atr_tp,8.0,16.0,96,0.7,1.25,1.0,24,135.0,836.9946899415165,10835.998352050816,9999.003662109299,1.0837078091203491,2339.399450683546,6.199960666233456,0.4444444444444444,24,62.0,-1135.6009155272725,11817.401647949262,12953.002563476532,0.9123291368188783,5424.397985839835,-18.316143798826975,0.5967741935483871,24
R0436,14,2.0,12,0.382,pullback,short,fixed_sl_atr_tp,8.0,16.0,96,0.7,1.5,1.0,24,135.0,836.9946899415165,10835.998352050816,9999.003662109299,1.0837078091203491,2339.399450683546,6.199960666233456,0.4444444444444444,24,62.0,-1135.6009155272725,11817.401647949262,12953.002563476532,0.9123291368188783,5424.397985839835,-18.316143798826975,0.5967741935483871,24
R0437,14,2.0,12,0.382,pullback,short,atr_sl_fixed_tp,8.0,20.0,96,0.7,1.25,1.0,24,135.0,836.9946899415165,10835.998352050816,9999.003662109299,1.0837078091203491,2339.399450683546,6.199960666233456,0.4444444444444444,24,62.0,-1135.6009155272725,11817.401647949262,12953.002563476532,0.9123291368188783,5424.397985839835,-18.316143798826975,0.5967741935483871,24
R0438,14,2.0,12,0.382,pullback,short,atr_sl_fixed_tp,8.0,20.0,96,0.7,1.5,1.0,24,135.0,836.9946899415165,10835.998352050816,9999.003662109299,1.0837078091203491,2339.399450683546,6.199960666233456,0.4444444444444444,24,62.0,-1135.6009155272725,11817.401647949262,12953.002563476532,0.9123291368188783,5424.397985839835,-18.316143798826975,0.5967741935483871,24
R0439,14,2.0,12,0.382,pullback,short,fixed_sl_atr_tp,8.0,20.0,96,0.7,1.25,1.0,24,135.0,836.9946899415165,10835.998352050816,9999.003662109299,1.0837078091203491,2339.399450683546,6.199960666233456,0.4444444444444444,24,62.0,-1135.6009155272725,11817.401647949262,12953.002563476532,0.9123291368188783,5424.397985839835,-18.316143798826975,0.5967741935483871,24
R0440,14,2.0,12,0.382,pullback,short,fixed_sl_atr_tp,8.0,20.0,96,0.7,1.5,1.0,24,135.0,836.9946899415165,10835.998352050816,9999.003662109299,1.0837078091203491,2339.399450683546,6.199960666233456,0.4444444444444444,24,62.0,-1135.6009155272725,11817.401647949262,12953.002563476532,0.9123291368188783,5424.397985839835,-18.316143798826975,0.5967741935483871,24
R0441,14,2.0,12,0.382,pullback,short,atr_sl_fixed_tp,8.0,24.0,96,0.7,1.25,1.0,24,135.0,836.9946899415165,10835.998352050816,9999.003662109299,1.0837078091203491,2339.399450683546,6.199960666233456,0.4444444444444444,24,62.0,-1135.6009155272725,11817.401647949262,12953.002563476532,0.9123291368188783,5424.397985839835,-18.316143798826975,0.5967741935483871,24
R0442,14,2.0,12,0.382,pullback,short,atr_sl_fixed_tp,8.0,24.0,96,0.7,1.5,1.0,24,135.0,836.9946899415165,10835.998352050816,9999.003662109299,1.0837078091203491,2339.399450683546,6.199960666233456,0.4444444444444444,24,62.0,-1135.6009155272725,11817.401647949262,12953.002563476532,0.9123291368188783,5424.397985839835,-18.316143798826975,0.5967741935483871,24
R0443,14,2.0,12,0.382,pullback,short,fixed_sl_atr_tp,8.0,24.0,96,0.7,1.25,1.0,24,135.0,836.9946899415165,10835.998352050816,9999.003662109299,1.0837078091203491,2339.399450683546,6.199960666233456,0.4444444444444444,24,62.0,-1135.6009155272725,11817.401647949262,12953.002563476532,0.9123291368188783,5424.397985839835,-18.316143798826975,0.5967741935483871,24
R0444,14,2.0,12,0.382,pullback,short,fixed_sl_atr_tp,8.0,24.0,96,0.7,1.5,1.0,24,135.0,836.9946899415165,10835.998352050816,9999.003662109299,1.0837078091203491,2339.399450683546,6.199960666233456,0.4444444444444444,24,62.0,-1135.6009155272725,11817.401647949262,12953.002563476532,0.9123291368188783,5424.397985839835,-18.316143798826975,0.5967741935483871,24
R0445,14,2.0,12,0.382,pullback,short,atr_sl_fixed_tp,10.0,16.0,96,0.7,1.25,1.0,24,135.0,836.9946899415165,10835.998352050816,9999.003662109299,1.0837078091203491,2339.399450683546,6.199960666233456,0.4444444444444444,24,62.0,-1135.6009155272725,11817.401647949262,12953.002563476532,0.9123291368188783,5424.397985839835,-18.316143798826975,0.5967741935483871,24
R0446,14,2.0,12,0.382,pullback,short,atr_sl_fixed_tp,10.0,16.0,96,0.7,1.5,1.0,24,135.0,836.9946899415165,10835.998352050816,9999.003662109299,1.0837078091203491,2339.399450683546,6.199960666233456,0.4444444444444444,24,62.0,-1135.6009155272725,11817.401647949262,12953.002563476532,0.9123291368188783,5424.397985839835,-18.316143798826975,0.5967741935483871,24
R0447,14,2.0,12,0.382,pullback,short,fixed_sl_atr_tp,10.0,16.0,96,0.7,1.25,1.0,24,135.0,836.9946899415165,10835.998352050816,9999.003662109299,1.0837078091203491,2339.399450683546,6.199960666233456,0.4444444444444444,24,62.0,-1135.6009155272725,11817.401647949262,12953.002563476532,0.9123291368188783,5424.397985839835,-18.316143798826975,0.5967741935483871,24
R0448,14,2.0,12,0.382,pullback,short,fixed_sl_atr_tp,10.0,16.0,96,0.7,1.5,1.0,24,135.0,836.9946899415165,10835.998352050816,9999.003662109299,1.0837078091203491,2339.399450683546,6.199960666233456,0.4444444444444444,24,62.0,-1135.6009155272725,11817.401647949262,12953.002563476532,0.9123291368188783,5424.397985839835,-18.316143798826975,0.5967741935483871,24
R0449,14,2.0,12,0.382,pullback,short,atr_sl_fixed_tp,10.0,20.0,96,0.7,1.25,1.0,24,135.0,836.9946899415165,10835.998352050816,9999.003662109299,1.0837078091203491,2339.399450683546,6.199960666233456,0.4444444444444444,24,62.0,-1135.6009155272725,11817.401647949262,12953.002563476532,0.9123291368188783,5424.397985839835,-18.316143798826975,0.5967741935483871,24
R0450,14,2.0,12,0.382,pullback,short,atr_sl_fixed_tp,10.0,20.0,96,0.7,1.5,1.0,24,135.0,836.9946899415165,10835.998352050816,9999.003662109299,1.0837078091203491,2339.399450683546,6.199960666233456,0.4444444444444444,24,62.0,-1135.6009155272725,11817.401647949262,12953.002563476532,0.9123291368188783,5424.397985839835,-18.316143798826975,0.5967741935483871,24
R0451,14,2.0,12,0.382,pullback,short,fixed_sl_atr_tp,10.0,20.0,96,0.7,1.25,1.0,24,135.0,836.9946899415165,10835.998352050816,9999.003662109299,1.0837078091203491,2339.399450683546,6.199960666233456,0.4444444444444444,24,62.0,-1135.6009155272725,11817.401647949262,12953.002563476532,0.9123291368188783,5424.397985839835,-18.316143798826975,0.5967741935483871,24
R0452,14,2.0,12,0.382,pullback,short,fixed_sl_atr_tp,10.0,20.0,96,0.7,1.5,1.0,24,135.0,836.9946899415165,10835.998352050816,9999.003662109299,1.0837078091203491,2339.399450683546,6.199960666233456,0.4444444444444444,24,62.0,-1135.6009155272725,11817.401647949262,12953.002563476532,0.9123291368188783,5424.397985839835,-18.316143798826975,0.5967741935483871,24
R0453,14,2.0,12,0.382,pullback,short,atr_sl_fixed_tp,10.0,24.0,96,0.7,1.25,1.0,24,135.0,836.9946899415165,10835.998352050816,9999.003662109299,1.0837078091203491,2339.399450683546,6.199960666233456,0.4444444444444444,24,62.0,-1135.6009155272725,11817.401647949262,12953.002563476532,0.9123291368188783,5424.397985839835,-18.316143798826975,0.5967741935483871,24
R0454,14,2.0,12,0.382,pullback,short,atr_sl_fixed_tp,10.0,24.0,96,0.7,1.5,1.0,24,135.0,836.9946899415165,10835.998352050816,9999.003662109299,1.0837078091203491,2339.399450683546,6.199960666233456,0.4444444444444444,24,62.0,-1135.6009155272725,11817.401647949262,12953.002563476532,0.9123291368188783,5424.397985839835,-18.316143798826975,0.5967741935483871,24
R0455,14,2.0,12,0.382,pullback,short,fixed_sl_atr_tp,10.0,24.0,96,0.7,1.25,1.0,24,135.0,836.9946899415165,10835.998352050816,9999.003662109299,1.0837078091203491,2339.399450683546,6.199960666233456,0.4444444444444444,24,62.0,-1135.6009155272725,11817.401647949262,12953.002563476532,0.9123291368188783,5424.397985839835,-18.316143798826975,0.5967741935483871,24
R0456,14,2.0,12,0.382,pullback,short,fixed_sl_atr_tp,10.0,24.0,96,0.7,1.5,1.0,24,135.0,836.9946899415165,10835.998352050816,9999.003662109299,1.0837078091203491,2339.399450683546,6.199960666233456,0.4444444444444444,24,62.0,-1135.6009155272725,11817.401647949262,12953.002563476532,0.9123291368188783,5424.397985839835,-18.316143798826975,0.5967741935483871,24
R0457,14,2.0,12,0.382,pullback,short,atr_sl_fixed_tp,12.0,16.0,96,0.7,1.25,1.0,24,135.0,836.9946899415165,10835.998352050816,9999.003662109299,1.0837078091203491,2339.399450683546,6.199960666233456,0.4444444444444444,24,62.0,-1135.6009155272725,11817.401647949262,12953.002563476532,0.9123291368188783,5424.397985839835,-18.316143798826975,0.5967741935483871,24
R0458,14,2.0,12,0.382,pullback,short,atr_sl_fixed_tp,12.0,16.0,96,0.7,1.5,1.0,24,135.0,836.9946899415165,10835.998352050816,9999.003662109299,1.0837078091203491,2339.399450683546,6.199960666233456,0.4444444444444444,24,62.0,-1135.6009155272725,11817.401647949262,12953.002563476532,0.9123291368188783,5424.397985839835,-18.316143798826975,0.5967741935483871,24
R0459,14,2.0,12,0.382,pullback,short,fixed_sl_atr_tp,12.0,16.0,96,0.7,1.25,1.0,24,135.0,836.9946899415165,10835.998352050816,9999.003662109299,1.0837078091203491,2339.399450683546,6.199960666233456,0.4444444444444444,24,62.0,-1135.6009155272725,11817.401647949262,12953.002563476532,0.9123291368188783,5424.397985839835,-18.316143798826975,0.5967741935483871,24
R0460,14,2.0,12,0.382,pullback,short,fixed_sl_atr_tp,12.0,16.0,96,0.7,1.5,1.0,24,135.0,836.9946899415165,10835.998352050816,9999.003662109299,1.0837078091203491,2339.399450683546,6.199960666233456,0.4444444444444444,24,62.0,-1135.6009155272725,11817.401647949262,12953.002563476532,0.9123291368188783,5424.397985839835,-18.316143798826975,0.5967741935483871,24
R0461,14,2.0,12,0.382,pullback,short,atr_sl_fixed_tp,12.0,20.0,96,0.7,1.25,1.0,24,135.0,836.9946899415165,10835.998352050816,9999.003662109299,1.0837078091203491,2339.399450683546,6.199960666233456,0.4444444444444444,24,62.0,-1135.6009155272725,11817.401647949262,12953.002563476532,0.9123291368188783,5424.397985839835,-18.316143798826975,0.5967741935483871,24
R0462,14,2.0,12,0.382,pullback,short,atr_sl_fixed_tp,12.0,20.0,96,0.7,1.5,1.0,24,135.0,836.9946899415165,10835.998352050816,9999.003662109299,1.0837078091203491,2339.399450683546,6.199960666233456,0.4444444444444444,24,62.0,-1135.6009155272725,11817.401647949262,12953.002563476532,0.9123291368188783,5424.397985839835,-18.316143798826975,0.5967741935483871,24
R0463,14,2.0,12,0.382,pullback,short,fixed_sl_atr_tp,12.0,20.0,96,0.7,1.25,1.0,24,135.0,836.9946899415165,10835.998352050816,9999.003662109299,1.0837078091203491,2339.399450683546,6.199960666233456,0.4444444444444444,24,62.0,-1135.6009155272725,11817.401647949262,12953.002563476532,0.9123291368188783,5424.397985839835,-18.316143798826975,0.5967741935483871,24
R0464,14,2.0,12,0.382,pullback,short,fixed_sl_atr_tp,12.0,20.0,96,0.7,1.5,1.0,24,135.0,836.9946899415165,10835.998352050816,9999.003662109299,1.0837078091203491,2339.399450683546,6.199960666233456,0.4444444444444444,24,62.0,-1135.6009155272725,11817.401647949262,12953.002563476532,0.9123291368188783,5424.397985839835,-18.316143798826975,0.5967741935483871,24
R0465,14,2.0,12,0.382,pullback,short,atr_sl_fixed_tp,12.0,24.0,96,0.7,1.25,1.0,24,135.0,836.9946899415165,10835.998352050816,9999.003662109299,1.0837078091203491,2339.399450683546,6.199960666233456,0.4444444444444444,24,62.0,-1135.6009155272725,11817.401647949262,12953.002563476532,0.9123291368188783,5424.397985839835,-18.316143798826975,0.5967741935483871,24
R0466,14,2.0,12,0.382,pullback,short,atr_sl_fixed_tp,12.0,24.0,96,0.7,1.5,1.0,24,135.0,836.9946899415165,10835.998352050816,9999.003662109299,1.0837078091203491,2339.399450683546,6.199960666233456,0.4444444444444444,24,62.0,-1135.6009155272725,11817.401647949262,12953.002563476532,0.9123291368188783,5424.397985839835,-18.316143798826975,0.5967741935483871,24
R0467,14,2.0,12,0.382,pullback,short,fixed_sl_atr_tp,12.0,24.0,96,0.7,1.25,1.0,24,135.0,836.9946899415165,10835.998352050816,9999.003662109299,1.0837078091203491,2339.399450683546,6.199960666233456,0.4444444444444444,24,62.0,-1135.6009155272725,11817.401647949262,12953.002563476532,0.9123291368188783,5424.397985839835,-18.316143798826975,0.5967741935483871,24
R0468,14,2.0,12,0.382,pullback,short,fixed_sl_atr_tp,12.0,24.0,96,0.7,1.5,1.0,24,135.0,836.9946899415165,10835.998352050816,9999.003662109299,1.0837078091203491,2339.399450683546,6.199960666233456,0.4444444444444444,24,62.0,-1135.6009155272725,11817.401647949262,12953.002563476532,0.9123291368188783,5424.397985839835,-18.316143798826975,0.5967741935483871,24
R0181,10,2.0,12,0.5,pullback,short,atr_sl_fixed_tp,8.0,16.0,96,0.7,1.25,1.0,24,138.0,633.5829711915264,11653.583886718794,11020.000915527275,1.0574939127544714,2820.6071411132434,4.591180950663235,0.42028985507246375,23.94927536231884,54.0,-673.1890136717968,9029.409155273472,9702.59816894527,0.9306176549878725,5191.603295898432,-12.466463216144385,0.5,24
R0182,10,2.0,12,0.5,pullback,short,atr_sl_fixed_tp,8.0,16.0,96,0.7,1.5,1.0,24,138.0,633.5829711915264,11653.583886718794,11020.000915527275,1.0574939127544714,2820.6071411132434,4.591180950663235,0.42028985507246375,23.94927536231884,54.0,-673.1890136717968,9029.409155273472,9702.59816894527,0.9306176549878725,5191.603295898432,-12.466463216144385,0.5,24
R0183,10,2.0,12,0.5,pullback,short,fixed_sl_atr_tp,8.0,16.0,96,0.7,1.25,1.0,24,138.0,633.5829711915264,11653.583886718794,11020.000915527275,1.0574939127544714,2820.6071411132434,4.591180950663235,0.42028985507246375,23.94927536231884,54.0,-673.1890136717968,9029.409155273472,9702.59816894527,0.9306176549878725,5191.603295898432,-12.466463216144385,0.5,24
R0184,10,2.0,12,0.5,pullback,short,fixed_sl_atr_tp,8.0,16.0,96,0.7,1.5,1.0,24,138.0,633.5829711915264,11653.583886718794,11020.000915527275,1.0574939127544714,2820.6071411132434,4.591180950663235,0.42028985507246375,23.94927536231884,54.0,-673.1890136717968,9029.409155273472,9702.59816894527,0.9306176549878725,5191.603295898432,-12.466463216144385,0.5,24
R0185,10,2.0,12,0.5,pullback,short,atr_sl_fixed_tp,8.0,20.0,96,0.7,1.25,1.0,24,138.0,633.5829711915264,11653.583886718794,11020.000915527275,1.0574939127544714,2820.6071411132434,4.591180950663235,0.42028985507246375,23.94927536231884,54.0,-673.1890136717968,9029.409155273472,9702.59816894527,0.9306176549878725,5191.603295898432,-12.466463216144385,0.5,24
R0186,10,2.0,12,0.5,pullback,short,atr_sl_fixed_tp,8.0,20.0,96,0.7,1.5,1.0,24,138.0,633.5829711915264,11653.583886718794,11020.000915527275,1.0574939127544714,2820.6071411132434,4.591180950663235,0.42028985507246375,23.94927536231884,54.0,-673.1890136717968,9029.409155273472,9702.59816894527,0.9306176549878725,5191.603295898432,-12.466463216144385,0.5,24
R0187,10,2.0,12,0.5,pullback,short,fixed_sl_atr_tp,8.0,20.0,96,0.7,1.25,1.0,24,138.0,633.5829711915264,11653.583886718794,11020.000915527275,1.0574939127544714,2820.6071411132434,4.591180950663235,0.42028985507246375,23.94927536231884,54.0,-673.1890136717968,9029.409155273472,9702.59816894527,0.9306176549878725,5191.603295898432,-12.466463216144385,0.5,24
R0188,10,2.0,12,0.5,pullback,short,fixed_sl_atr_tp,8.0,20.0,96,0.7,1.5,1.0,24,138.0,633.5829711915264,11653.583886718794,11020.000915527275,1.0574939127544714,2820.6071411132434,4.591180950663235,0.42028985507246375,23.94927536231884,54.0,-673.1890136717968,9029.409155273472,9702.59816894527,0.9306176549878725,5191.603295898432,-12.466463216144385,0.5,24
R0189,10,2.0,12,0.5,pullback,short,atr_sl_fixed_tp,8.0,24.0,96,0.7,1.25,1.0,24,138.0,633.5829711915264,11653.583886718794,11020.000915527275,1.0574939127544714,2820.6071411132434,4.591180950663235,0.42028985507246375,23.94927536231884,54.0,-673.1890136717968,9029.409155273472,9702.59816894527,0.9306176549878725,5191.603295898432,-12.466463216144385,0.5,24
R0190,10,2.0,12,0.5,pullback,short,atr_sl_fixed_tp,8.0,24.0,96,0.7,1.5,1.0,24,138.0,633.5829711915264,11653.583886718794,11020.000915527275,1.0574939127544714,2820.6071411132434,4.591180950663235,0.42028985507246375,23.94927536231884,54.0,-673.1890136717968,9029.409155273472,9702.59816894527,0.9306176549878725,5191.603295898432,-12.466463216144385,0.5,24
R0191,10,2.0,12,0.5,pullback,short,fixed_sl_atr_tp,8.0,24.0,96,0.7,1.25,1.0,24,138.0,633.5829711915264,11653.583886718794,11020.000915527275,1.0574939127544714,2820.6071411132434,4.591180950663235,0.42028985507246375,23.94927536231884,54.0,-673.1890136717968,9029.409155273472,9702.59816894527,0.9306176549878725,5191.603295898432,-12.466463216144385,0.5,24
R0192,10,2.0,12,0.5,pullback,short,fixed_sl_atr_tp,8.0,24.0,96,0.7,1.5,1.0,24,138.0,633.5829711915264,11653.583886718794,11020.000915527275,1.0574939127544714,2820.6071411132434,4.591180950663235,0.42028985507246375,23.94927536231884,54.0,-673.1890136717968,9029.409155273472,9702.59816894527,0.9306176549878725,5191.603295898432,-12.466463216144385,0.5,24
R0193,10,2.0,12,0.5,pullback,short,atr_sl_fixed_tp,10.0,16.0,96,0.7,1.25,1.0,24,138.0,633.5829711915264,11653.583886718794,11020.000915527275,1.0574939127544714,2820.6071411132434,4.591180950663235,0.42028985507246375,23.94927536231884,54.0,-673.1890136717968,9029.409155273472,9702.59816894527,0.9306176549878725,5191.603295898432,-12.466463216144385,0.5,24
R0194,10,2.0,12,0.5,pullback,short,atr_sl_fixed_tp,10.0,16.0,96,0.7,1.5,1.0,24,138.0,633.5829711915264,11653.583886718794,11020.000915527275,1.0574939127544714,2820.6071411132434,4.591180950663235,0.42028985507246375,23.94927536231884,54.0,-673.1890136717968,9029.409155273472,9702.59816894527,0.9306176549878725,5191.603295898432,-12.466463216144385,0.5,24
R0195,10,2.0,12,0.5,pullback,short,fixed_sl_atr_tp,10.0,16.0,96,0.7,1.25,1.0,24,138.0,633.5829711915264,11653.583886718794,11020.000915527275,1.0574939127544714,2820.6071411132434,4.591180950663235,0.42028985507246375,23.94927536231884,54.0,-673.1890136717968,9029.409155273472,9702.59816894527,0.9306176549878725,5191.603295898432,-12.466463216144385,0.5,24
R0196,10,2.0,12,0.5,pullback,short,fixed_sl_atr_tp,10.0,16.0,96,0.7,1.5,1.0,24,138.0,633.5829711915264,11653.583886718794,11020.000915527275,1.0574939127544714,2820.6071411132434,4.591180950663235,0.42028985507246375,23.94927536231884,54.0,-673.1890136717968,9029.409155273472,9702.59816894527,0.9306176549878725,5191.603295898432,-12.466463216144385,0.5,24
R0197,10,2.0,12,0.5,pullback,short,atr_sl_fixed_tp,10.0,20.0,96,0.7,1.25,1.0,24,138.0,633.5829711915264,11653.583886718794,11020.000915527275,1.0574939127544714,2820.6071411132434,4.591180950663235,0.42028985507246375,23.94927536231884,54.0,-673.1890136717968,9029.409155273472,9702.59816894527,0.9306176549878725,5191.603295898432,-12.466463216144385,0.5,24
R0198,10,2.0,12,0.5,pullback,short,atr_sl_fixed_tp,10.0,20.0,96,0.7,1.5,1.0,24,138.0,633.5829711915264,11653.583886718794,11020.000915527275,1.0574939127544714,2820.6071411132434,4.591180950663235,0.42028985507246375,23.94927536231884,54.0,-673.1890136717968,9029.409155273472,9702.59816894527,0.9306176549878725,5191.603295898432,-12.466463216144385,0.5,24
R0199,10,2.0,12,0.5,pullback,short,fixed_sl_atr_tp,10.0,20.0,96,0.7,1.25,1.0,24,138.0,633.5829711915264,11653.583886718794,11020.000915527275,1.0574939127544714,2820.6071411132434,4.591180950663235,0.42028985507246375,23.94927536231884,54.0,-673.1890136717968,9029.409155273472,9702.59816894527,0.9306176549878725,5191.603295898432,-12.466463216144385,0.5,24
R0200,10,2.0,12,0.5,pullback,short,fixed_sl_atr_tp,10.0,20.0,96,0.7,1.5,1.0,24,138.0,633.5829711915264,11653.583886718794,11020.000915527275,1.0574939127544714,2820.6071411132434,4.591180950663235,0.42028985507246375,23.94927536231884,54.0,-673.1890136717968,9029.409155273472,9702.59816894527,0.9306176549878725,5191.603295898432,-12.466463216144385,0.5,24
R0201,10,2.0,12,0.5,pullback,short,atr_sl_fixed_tp,10.0,24.0,96,0.7,1.25,1.0,24,138.0,633.5829711915264,11653.583886718794,11020.000915527275,1.0574939127544714,2820.6071411132434,4.591180950663235,0.42028985507246375,23.94927536231884,54.0,-673.1890136717968,9029.409155273472,9702.59816894527,0.9306176549878725,5191.603295898432,-12.466463216144385,0.5,24
R0202,10,2.0,12,0.5,pullback,short,atr_sl_fixed_tp,10.0,24.0,96,0.7,1.5,1.0,24,138.0,633.5829711915264,11653.583886718794,11020.000915527275,1.0574939127544714,2820.6071411132434,4.591180950663235,0.42028985507246375,23.94927536231884,54.0,-673.1890136717968,9029.409155273472,9702.59816894527,0.9306176549878725,5191.603295898432,-12.466463216144385,0.5,24
R0203,10,2.0,12,0.5,pullback,short,fixed_sl_atr_tp,10.0,24.0,96,0.7,1.25,1.0,24,138.0,633.5829711915264,11653.583886718794,11020.000915527275,1.0574939127544714,2820.6071411132434,4.591180950663235,0.42028985507246375,23.94927536231884,54.0,-673.1890136717968,9029.409155273472,9702.59816894527,0.9306176549878725,5191.603295898432,-12.466463216144385,0.5,24
R0204,10,2.0,12,0.5,pullback,short,fixed_sl_atr_tp,10.0,24.0,96,0.7,1.5,1.0,24,138.0,633.5829711915264,11653.583886718794,11020.000915527275,1.0574939127544714,2820.6071411132434,4.591180950663235,0.42028985507246375,23.94927536231884,54.0,-673.1890136717968,9029.409155273472,9702.59816894527,0.9306176549878725,5191.603295898432,-12.466463216144385,0.5,24
R0205,10,2.0,12,0.5,pullback,short,atr_sl_fixed_tp,12.0,16.0,96,0.7,1.25,1.0,24,138.0,633.5829711915264,11653.583886718794,11020.000915527275,1.0574939127544714,2820.6071411132434,4.591180950663235,0.42028985507246375,23.94927536231884,54.0,-673.1890136717968,9029.409155273472,9702.59816894527,0.9306176549878725,5191.603295898432,-12.466463216144385,0.5,24
R0206,10,2.0,12,0.5,pullback,short,atr_sl_fixed_tp,12.0,16.0,96,0.7,1.5,1.0,24,138.0,633.5829711915264,11653.583886718794,11020.000915527275,1.0574939127544714,2820.6071411132434,4.591180950663235,0.42028985507246375,23.94927536231884,54.0,-673.1890136717968,9029.409155273472,9702.59816894527,0.9306176549878725,5191.603295898432,-12.466463216144385,0.5,24
R0207,10,2.0,12,0.5,pullback,short,fixed_sl_atr_tp,12.0,16.0,96,0.7,1.25,1.0,24,138.0,633.5829711915264,11653.583886718794,11020.000915527275,1.0574939127544714,2820.6071411132434,4.591180950663235,0.42028985507246375,23.94927536231884,54.0,-673.1890136717968,9029.409155273472,9702.59816894527,0.9306176549878725,5191.603295898432,-12.466463216144385,0.5,24
R0208,10,2.0,12,0.5,pullback,short,fixed_sl_atr_tp,12.0,16.0,96,0.7,1.5,1.0,24,138.0,633.5829711915264,11653.583886718794,11020.000915527275,1.0574939127544714,2820.6071411132434,4.591180950663235,0.42028985507246375,23.94927536231884,54.0,-673.1890136717968,9029.409155273472,9702.59816894527,0.9306176549878725,5191.603295898432,-12.466463216144385,0.5,24
R0209,10,2.0,12,0.5,pullback,short,atr_sl_fixed_tp,12.0,20.0,96,0.7,1.25,1.0,24,138.0,633.5829711915264,11653.583886718794,11020.000915527275,1.0574939127544714,2820.6071411132434,4.591180950663235,0.42028985507246375,23.94927536231884,54.0,-673.1890136717968,9029.409155273472,9702.59816894527,0.9306176549878725,5191.603295898432,-12.466463216144385,0.5,24
R0210,10,2.0,12,0.5,pullback,short,atr_sl_fixed_tp,12.0,20.0,96,0.7,1.5,1.0,24,138.0,633.5829711915264,11653.583886718794,11020.000915527275,1.0574939127544714,2820.6071411132434,4.591180950663235,0.42028985507246375,23.94927536231884,54.0,-673.1890136717968,9029.409155273472,9702.59816894527,0.9306176549878725,5191.603295898432,-12.466463216144385,0.5,24
R0211,10,2.0,12,0.5,pullback,short,fixed_sl_atr_tp,12.0,20.0,96,0.7,1.25,1.0,24,138.0,633.5829711915264,11653.583886718794,11020.000915527275,1.0574939127544714,2820.6071411132434,4.591180950663235,0.42028985507246375,23.94927536231884,54.0,-673.1890136717968,9029.409155273472,9702.59816894527,0.9306176549878725,5191.603295898432,-12.466463216144385,0.5,24
R0212,10,2.0,12,0.5,pullback,short,fixed_sl_atr_tp,12.0,20.0,96,0.7,1.5,1.0,24,138.0,633.5829711915264,11653.583886718794,11020.000915527275,1.0574939127544714,2820.6071411132434,4.591180950663235,0.42028985507246375,23.94927536231884,54.0,-673.1890136717968,9029.409155273472,9702.59816894527,0.9306176549878725,5191.603295898432,-12.466463216144385,0.5,24
R0213,10,2.0,12,0.5,pullback,short,atr_sl_fixed_tp,12.0,24.0,96,0.7,1.25,1.0,24,138.0,633.5829711915264,11653.583886718794,11020.000915527275,1.0574939127544714,2820.6071411132434,4.591180950663235,0.42028985507246375,23.94927536231884,54.0,-673.1890136717968,9029.409155273472,9702.59816894527,0.9306176549878725,5191.603295898432,-12.466463216144385,0.5,24
R0214,10,2.0,12,0.5,pullback,short,atr_sl_fixed_tp,12.0,24.0,96,0.7,1.5,1.0,24,138.0,633.5829711915264,11653.583886718794,11020.000915527275,1.0574939127544714,2820.6071411132434,4.591180950663235,0.42028985507246375,23.94927536231884,54.0,-673.1890136717968,9029.409155273472,9702.59816894527,0.9306176549878725,5191.603295898432,-12.466463216144385,0.5,24
R0215,10,2.0,12,0.5,pullback,short,fixed_sl_atr_tp,12.0,24.0,96,0.7,1.25,1.0,24,138.0,633.5829711915264,11653.583886718794,11020.000915527275,1.0574939127544714,2820.6071411132434,4.591180950663235,0.42028985507246375,23.94927536231884,54.0,-673.1890136717968,9029.409155273472,9702.59816894527,0.9306176549878725,5191.603295898432,-12.466463216144385,0.5,24
R0216,10,2.0,12,0.5,pullback,short,fixed_sl_atr_tp,12.0,24.0,96,0.7,1.5,1.0,24,138.0,633.5829711915264,11653.583886718794,11020.000915527275,1.0574939127544714,2820.6071411132434,4.591180950663235,0.42028985507246375,23.94927536231884,54.0,-673.1890136717968,9029.409155273472,9702.59816894527,0.9306176549878725,5191.603295898432,-12.466463216144385,0.5,24
R0145,10,2.0,12,0.382,pullback,short,atr_sl_fixed_tp,8.0,16.0,96,0.7,1.25,1.0,24,136.0,419.1769287110444,10802.193957519563,10383.017028808517,1.0403713995217387,2836.8049438476073,3.082183299345915,0.4485294117647059,24,61.0,-1287.808605956953,11791.198352050831,13079.006958007782,0.901536209125688,5424.397985839835,-21.11161649109759,0.5901639344262295,24
R0146,10,2.0,12,0.382,pullback,short,atr_sl_fixed_tp,8.0,16.0,96,0.7,1.5,1.0,24,136.0,419.1769287110444,10802.193957519563,10383.017028808517,1.0403713995217387,2836.8049438476073,3.082183299345915,0.4485294117647059,24,61.0,-1287.808605956953,11791.198352050831,13079.006958007782,0.901536209125688,5424.397985839835,-21.11161649109759,0.5901639344262295,24
R0147,10,2.0,12,0.382,pullback,short,fixed_sl_atr_tp,8.0,16.0,96,0.7,1.25,1.0,24,136.0,419.1769287110444,10802.193957519563,10383.017028808517,1.0403713995217387,2836.8049438476073,3.082183299345915,0.4485294117647059,24,61.0,-1287.808605956953,11791.198352050831,13079.006958007782,0.901536209125688,5424.397985839835,-21.11161649109759,0.5901639344262295,24
R0148,10,2.0,12,0.382,pullback,short,fixed_sl_atr_tp,8.0,16.0,96,0.7,1.5,1.0,24,136.0,419.1769287110444,10802.193957519563,10383.017028808517,1.0403713995217387,2836.8049438476073,3.082183299345915,0.4485294117647059,24,61.0,-1287.808605956953,11791.198352050831,13079.006958007782,0.901536209125688,5424.397985839835,-21.11161649109759,0.5901639344262295,24
R0149,10,2.0,12,0.382,pullback,short,atr_sl_fixed_tp,8.0,20.0,96,0.7,1.25,1.0,24,136.0,419.1769287110444,10802.193957519563,10383.017028808517,1.0403713995217387,2836.8049438476073,3.082183299345915,0.4485294117647059,24,61.0,-1287.808605956953,11791.198352050831,13079.006958007782,0.901536209125688,5424.397985839835,-21.11161649109759,0.5901639344262295,24
R0150,10,2.0,12,0.382,pullback,short,atr_sl_fixed_tp,8.0,20.0,96,0.7,1.5,1.0,24,136.0,419.1769287110444,10802.193957519563,10383.017028808517,1.0403713995217387,2836.8049438476073,3.082183299345915,0.4485294117647059,24,61.0,-1287.808605956953,11791.198352050831,13079.006958007782,0.901536209125688,5424.397985839835,-21.11161649109759,0.5901639344262295,24
R0151,10,2.0,12,0.382,pullback,short,fixed_sl_atr_tp,8.0,20.0,96,0.7,1.25,1.0,24,136.0,419.1769287110444,10802.193957519563,10383.017028808517,1.0403713995217387,2836.8049438476073,3.082183299345915,0.4485294117647059,24,61.0,-1287.808605956953,11791.198352050831,13079.006958007782,0.901536209125688,5424.397985839835,-21.11161649109759,0.5901639344262295,24
R0152,10,2.0,12,0.382,pullback,short,fixed_sl_atr_tp,8.0,20.0,96,0.7,1.5,1.0,24,136.0,419.1769287110444,10802.193957519563,10383.017028808517,1.0403713995217387,2836.8049438476073,3.082183299345915,0.4485294117647059,24,61.0,-1287.808605956953,11791.198352050831,13079.006958007782,0.901536209125688,5424.397985839835,-21.11161649109759,0.5901639344262295,24
R0153,10,2.0,12,0.382,pullback,short,atr_sl_fixed_tp,8.0,24.0,96,0.7,1.25,1.0,24,136.0,419.1769287110444,10802.193957519563,10383.017028808517,1.0403713995217387,2836.8049438476073,3.082183299345915,0.4485294117647059,24,61.0,-1287.808605956953,11791.198352050831,13079.006958007782,0.901536209125688,5424.397985839835,-21.11161649109759,0.5901639344262295,24
R0154,10,2.0,12,0.382,pullback,short,atr_sl_fixed_tp,8.0,24.0,96,0.7,1.5,1.0,24,136.0,419.1769287110444,10802.193957519563,10383.017028808517,1.0403713995217387,2836.8049438476073,3.082183299345915,0.4485294117647059,24,61.0,-1287.808605956953,11791.198352050831,13079.006958007782,0.901536209125688,5424.397985839835,-21.11161649109759,0.5901639344262295,24
R0155,10,2.0,12,0.382,pullback,short,fixed_sl_atr_tp,8.0,24.0,96,0.7,1.25,1.0,24,136.0,419.1769287110444,10802.193957519563,10383.017028808517,1.0403713995217387,2836.8049438476073,3.082183299345915,0.4485294117647059,24,61.0,-1287.808605956953,11791.198352050831,13079.006958007782,0.901536209125688,5424.397985839835,-21.11161649109759,0.5901639344262295,24
R0156,10,2.0,12,0.382,pullback,short,fixed_sl_atr_tp,8.0,24.0,96,0.7,1.5,1.0,24,136.0,419.1769287110444,10802.193957519563,10383.017028808517,1.0403713995217387,2836.8049438476073,3.082183299345915,0.4485294117647059,24,61.0,-1287.808605956953,11791.198352050831,13079.006958007782,0.901536209125688,5424.397985839835,-21.11161649109759,0.5901639344262295,24
R0157,10,2.0,12,0.382,pullback,short,atr_sl_fixed_tp,10.0,16.0,96,0.7,1.25,1.0,24,136.0,419.1769287110444,10802.193957519563,10383.017028808517,1.0403713995217387,2836.8049438476073,3.082183299345915,0.4485294117647059,24,61.0,-1287.808605956953,11791.198352050831,13079.006958007782,0.901536209125688,5424.397985839835,-21.11161649109759,0.5901639344262295,24
R0158,10,2.0,12,0.382,pullback,short,atr_sl_fixed_tp,10.0,16.0,96,0.7,1.5,1.0,24,136.0,419.1769287110444,10802.193957519563,10383.017028808517,1.0403713995217387,2836.8049438476073,3.082183299345915,0.4485294117647059,24,61.0,-1287.808605956953,11791.198352050831,13079.006958007782,0.901536209125688,5424.397985839835,-21.11161649109759,0.5901639344262295,24
R0159,10,2.0,12,0.382,pullback,short,fixed_sl_atr_tp,10.0,16.0,96,0.7,1.25,1.0,24,136.0,419.1769287110444,10802.193957519563,10383.017028808517,1.0403713995217387,2836.8049438476073,3.082183299345915,0.4485294117647059,24,61.0,-1287.808605956953,11791.198352050831,13079.006958007782,0.901536209125688,5424.397985839835,-21.11161649109759,0.5901639344262295,24
R0160,10,2.0,12,0.382,pullback,short,fixed_sl_atr_tp,10.0,16.0,96,0.7,1.5,1.0,24,136.0,419.1769287110444,10802.193957519563,10383.017028808517,1.0403713995217387,2836.8049438476073,3.082183299345915,0.4485294117647059,24,61.0,-1287.808605956953,11791.198352050831,13079.006958007782,0.901536209125688,5424.397985839835,-21.11161649109759,0.5901639344262295,24
R0161,10,2.0,12,0.382,pullback,short,atr_sl_fixed_tp,10.0,20.0,96,0.7,1.25,1.0,24,136.0,419.1769287110444,10802.193957519563,10383.017028808517,1.0403713995217387,2836.8049438476073,3.082183299345915,0.4485294117647059,24,61.0,-1287.808605956953,11791.198352050831,13079.006958007782,0.901536209125688,5424.397985839835,-21.11161649109759,0.5901639344262295,24
R0162,10,2.0,12,0.382,pullback,short,atr_sl_fixed_tp,10.0,20.0,96,0.7,1.5,1.0,24,136.0,419.1769287110444,10802.193957519563,10383.017028808517,1.0403713995217387,2836.8049438476073,3.082183299345915,0.4485294117647059,24,61.0,-1287.808605956953,11791.198352050831,13079.006958007782,0.901536209125688,5424.397985839835,-21.11161649109759,0.5901639344262295,24
R0163,10,2.0,12,0.382,pullback,short,fixed_sl_atr_tp,10.0,20.0,96,0.7,1.25,1.0,24,136.0,419.1769287110444,10802.193957519563,10383.017028808517,1.0403713995217387,2836.8049438476073,3.082183299345915,0.4485294117647059,24,61.0,-1287.808605956953,11791.198352050831,13079.006958007782,0.901536209125688,5424.397985839835,-21.11161649109759,0.5901639344262295,24
R0164,10,2.0,12,0.382,pullback,short,fixed_sl_atr_tp,10.0,20.0,96,0.7,1.5,1.0,24,136.0,419.1769287110444,10802.193957519563,10383.017028808517,1.0403713995217387,2836.8049438476073,3.082183299345915,0.4485294117647059,24,61.0,-1287.808605956953,11791.198352050831,13079.006958007782,0.901536209125688,5424.397985839835,-21.11161649109759,0.5901639344262295,24
R0165,10,2.0,12,0.382,pullback,short,atr_sl_fixed_tp,10.0,24.0,96,0.7,1.25,1.0,24,136.0,419.1769287110444,10802.193957519563,10383.017028808517,1.0403713995217387,2836.8049438476073,3.082183299345915,0.4485294117647059,24,61.0,-1287.808605956953,11791.198352050831,13079.006958007782,0.901536209125688,5424.397985839835,-21.11161649109759,0.5901639344262295,24
R0166,10,2.0,12,0.382,pullback,short,atr_sl_fixed_tp,10.0,24.0,96,0.7,1.5,1.0,24,136.0,419.1769287110444,10802.193957519563,10383.017028808517,1.0403713995217387,2836.8049438476073,3.082183299345915,0.4485294117647059,24,61.0,-1287.808605956953,11791.198352050831,13079.006958007782,0.901536209125688,5424.397985839835,-21.11161649109759,0.5901639344262295,24
R0167,10,2.0,12,0.382,pullback,short,fixed_sl_atr_tp,10.0,24.0,96,0.7,1.25,1.0,24,136.0,419.1769287110444,10802.193957519563,10383.017028808517,1.0403713995217387,2836.8049438476073,3.082183299345915,0.4485294117647059,24,61.0,-1287.808605956953,11791.198352050831,13079.006958007782,0.901536209125688,5424.397985839835,-21.11161649109759,0.5901639344262295,24
R0168,10,2.0,12,0.382,pullback,short,fixed_sl_atr_tp,10.0,24.0,96,0.7,1.5,1.0,24,136.0,419.1769287110444,10802.193957519563,10383.017028808517,1.0403713995217387,2836.8049438476073,3.082183299345915,0.4485294117647059,24,61.0,-1287.808605956953,11791.198352050831,13079.006958007782,0.901536209125688,5424.397985839835,-21.11161649109759,0.5901639344262295,24
R0169,10,2.0,12,0.382,pullback,short,atr_sl_fixed_tp,12.0,16.0,96,0.7,1.25,1.0,24,136.0,419.1769287110444,10802.193957519563,10383.017028808517,1.0403713995217387,2836.8049438476073,3.082183299345915,0.4485294117647059,24,61.0,-1287.808605956953,11791.198352050831,13079.006958007782,0.901536209125688,5424.397985839835,-21.11161649109759,0.5901639344262295,24
R0170,10,2.0,12,0.382,pullback,short,atr_sl_fixed_tp,12.0,16.0,96,0.7,1.5,1.0,24,136.0,419.1769287110444,10802.193957519563,10383.017028808517,1.0403713995217387,2836.8049438476073,3.082183299345915,0.4485294117647059,24,61.0,-1287.808605956953,11791.198352050831,13079.006958007782,0.901536209125688,5424.397985839835,-21.11161649109759,0.5901639344262295,24
R0171,10,2.0,12,0.382,pullback,short,fixed_sl_atr_tp,12.0,16.0,96,0.7,1.25,1.0,24,136.0,419.1769287110444,10802.193957519563,10383.017028808517,1.0403713995217387,2836.8049438476073,3.082183299345915,0.4485294117647059,24,61.0,-1287.808605956953,11791.198352050831,13079.006958007782,0.901536209125688,5424.397985839835,-21.11161649109759,0.5901639344262295,24
R0172,10,2.0,12,0.382,pullback,short,fixed_sl_atr_tp,12.0,16.0,96,0.7,1.5,1.0,24,136.0,419.1769287110444,10802.193957519563,10383.017028808517,1.0403713995217387,2836.8049438476073,3.082183299345915,0.4485294117647059,24,61.0,-1287.808605956953,11791.198352050831,13079.006958007782,0.901536209125688,5424.397985839835,-21.11161649109759,0.5901639344262295,24
R0173,10,2.0,12,0.382,pullback,short,atr_sl_fixed_tp,12.0,20.0,96,0.7,1.25,1.0,24,136.0,419.1769287110444,10802.193957519563,10383.017028808517,1.0403713995217387,2836.8049438476073,3.082183299345915,0.4485294117647059,24,61.0,-1287.808605956953,11791.198352050831,13079.006958007782,0.901536209125688,5424.397985839835,-21.11161649109759,0.5901639344262295,24
R0174,10,2.0,12,0.382,pullback,short,atr_sl_fixed_tp,12.0,20.0,96,0.7,1.5,1.0,24,136.0,419.1769287110444,10802.193957519563,10383.017028808517,1.0403713995217387,2836.8049438476073,3.082183299345915,0.4485294117647059,24,61.0,-1287.808605956953,11791.198352050831,13079.006958007782,0.901536209125688,5424.397985839835,-21.11161649109759,0.5901639344262295,24
R0175,10,2.0,12,0.382,pullback,short,fixed_sl_atr_tp,12.0,20.0,96,0.7,1.25,1.0,24,136.0,419.1769287110444,10802.193957519563,10383.017028808517,1.0403713995217387,2836.8049438476073,3.082183299345915,0.4485294117647059,24,61.0,-1287.808605956953,11791.198352050831,13079.006958007782,0.901536209125688,5424.397985839835,-21.11161649109759,0.5901639344262295,24
R0176,10,2.0,12,0.382,pullback,short,fixed_sl_atr_tp,12.0,20.0,96,0.7,1.5,1.0,24,136.0,419.1769287110444,10802.193957519563,10383.017028808517,1.0403713995217387,2836.8049438476073,3.082183299345915,0.4485294117647059,24,61.0,-1287.808605956953,11791.198352050831,13079.006958007782,0.901536209125688,5424.397985839835,-21.11161649109759,0.5901639344262295,24
R0177,10,2.0,12,0.382,pullback,short,atr_sl_fixed_tp,12.0,24.0,96,0.7,1.25,1.0,24,136.0,419.1769287110444,10802.193957519563,10383.017028808517,1.0403713995217387,2836.8049438476073,3.082183299345915,0.4485294117647059,24,61.0,-1287.808605956953,11791.198352050831,13079.006958007782,0.901536209125688,5424.397985839835,-21.11161649109759,0.5901639344262295,24
R0178,10,2.0,12,0.382,pullback,short,atr_sl_fixed_tp,12.0,24.0,96,0.7,1.5,1.0,24,136.0,419.1769287110444,10802.193957519563,10383.017028808517,1.0403713995217387,2836.8049438476073,3.082183299345915,0.4485294117647059,24,61.0,-1287.808605956953,11791.198352050831,13079.006958007782,0.901536209125688,5424.397985839835,-21.11161649109759,0.5901639344262295,24
R0179,10,2.0,12,0.382,pullback,short,fixed_sl_atr_tp,12.0,24.0,96,0.7,1.25,1.0,24,136.0,419.1769287110444,10802.193957519563,10383.017028808517,1.0403713995217387,2836.8049438476073,3.082183299345915,0.4485294117647059,24,61.0,-1287.808605956953,11791.198352050831,13079.006958007782,0.901536209125688,5424.397985839835,-21.11161649109759,0.5901639344262295,24
R0180,10,2.0,12,0.382,pullback,short,fixed_sl_atr_tp,12.0,24.0,96,0.7,1.5,1.0,24,136.0,419.1769287110444,10802.193957519563,10383.017028808517,1.0403713995217387,2836.8049438476073,3.082183299345915,0.4485294117647059,24,61.0,-1287.808605956953,11791.198352050831,13079.006958007782,0.901536209125688,5424.397985839835,-21.11161649109759,0.5901639344262295,24
R0505,14,2.0,24,0.382,pullback,short,atr_sl_fixed_tp,8.0,16.0,96,0.7,1.25,1.0,24,137.0,253.39542236340554,11673.783520507857,11420.388098144456,1.022187986974328,3364.6036621092703,1.8496016230905514,0.4306569343065693,24,53.0,5738.608972168035,11141.408605957065,5402.79963378903,2.0621546903717953,2412.2003662109173,108.27564098430254,0.5094339622641509,24
R0506,14,2.0,24,0.382,pullback,short,atr_sl_fixed_tp,8.0,16.0,96,0.7,1.5,1.0,24,137.0,253.39542236340554,11673.783520507857,11420.388098144456,1.022187986974328,3364.6036621092703,1.8496016230905514,0.4306569343065693,24,53.0,5738.608972168035,11141.408605957065,5402.79963378903,2.0621546903717953,2412.2003662109173,108.27564098430254,0.5094339622641509,24
R0507,14,2.0,24,0.382,pullback,short,fixed_sl_atr_tp,8.0,16.0,96,0.7,1.25,1.0,24,137.0,253.39542236340554,11673.783520507857,11420.388098144456,1.022187986974328,3364.6036621092703,1.8496016230905514,0.4306569343065693,24,53.0,5738.608972168035,11141.408605957065,5402.79963378903,2.0621546903717953,2412.2003662109173,108.27564098430254,0.5094339622641509,24
R0508,14,2.0,24,0.382,pullback,short,fixed_sl_atr_tp,8.0,16.0,96,0.7,1.5,1.0,24,137.0,253.39542236340554,11673.783520507857,11420.388098144456,1.022187986974328,3364.6036621092703,1.8496016230905514,0.4306569343065693,24,53.0,5738.608972168035,11141.408605957065,5402.79963378903,2.0621546903717953,2412.2003662109173,108.27564098430254,0.5094339622641509,24
R0509,14,2.0,24,0.382,pullback,short,atr_sl_fixed_tp,8.0,20.0,96,0.7,1.25,1.0,24,137.0,253.39542236340554,11673.783520507857,11420.388098144456,1.022187986974328,3364.6036621092703,1.8496016230905514,0.4306569343065693,24,53.0,5738.608972168035,11141.408605957065,5402.79963378903,2.0621546903717953,2412.2003662109173,108.27564098430254,0.5094339622641509,24
R0510,14,2.0,24,0.382,pullback,short,atr_sl_fixed_tp,8.0,20.0,96,0.7,1.5,1.0,24,137.0,253.39542236340554,11673.783520507857,11420.388098144456,1.022187986974328,3364.6036621092703,1.8496016230905514,0.4306569343065693,24,53.0,5738.608972168035,11141.408605957065,5402.79963378903,2.0621546903717953,2412.2003662109173,108.27564098430254,0.5094339622641509,24
R0511,14,2.0,24,0.382,pullback,short,fixed_sl_atr_tp,8.0,20.0,96,0.7,1.25,1.0,24,137.0,253.39542236340554,11673.783520507857,11420.388098144456,1.022187986974328,3364.6036621092703,1.8496016230905514,0.4306569343065693,24,53.0,5738.608972168035,11141.408605957065,5402.79963378903,2.0621546903717953,2412.2003662109173,108.27564098430254,0.5094339622641509,24
R0512,14,2.0,24,0.382,pullback,short,fixed_sl_atr_tp,8.0,20.0,96,0.7,1.5,1.0,24,137.0,253.39542236340554,11673.783520507857,11420.388098144456,1.022187986974328,3364.6036621092703,1.8496016230905514,0.4306569343065693,24,53.0,5738.608972168035,11141.408605957065,5402.79963378903,2.0621546903717953,2412.2003662109173,108.27564098430254,0.5094339622641509,24
R0513,14,2.0,24,0.382,pullback,short,atr_sl_fixed_tp,8.0,24.0,96,0.7,1.25,1.0,24,137.0,253.39542236340554,11673.783520507857,11420.388098144456,1.022187986974328,3364.6036621092703,1.8496016230905514,0.4306569343065693,24,53.0,5738.608972168035,11141.408605957065,5402.79963378903,2.0621546903717953,2412.2003662109173,108.27564098430254,0.5094339622641509,24
R0514,14,2.0,24,0.382,pullback,short,atr_sl_fixed_tp,8.0,24.0,96,0.7,1.5,1.0,24,137.0,253.39542236340554,11673.783520507857,11420.388098144456,1.022187986974328,3364.6036621092703,1.8496016230905514,0.4306569343065693,24,53.0,5738.608972168035,11141.408605957065,5402.79963378903,2.0621546903717953,2412.2003662109173,108.27564098430254,0.5094339622641509,24
R0515,14,2.0,24,0.382,pullback,short,fixed_sl_atr_tp,8.0,24.0,96,0.7,1.25,1.0,24,137.0,253.39542236340554,11673.783520507857,11420.388098144456,1.022187986974328,3364.6036621092703,1.8496016230905514,0.4306569343065693,24,53.0,5738.608972168035,11141.408605957065,5402.79963378903,2.0621546903717953,2412.2003662109173,108.27564098430254,0.5094339622641509,24
R0516,14,2.0,24,0.382,pullback,short,fixed_sl_atr_tp,8.0,24.0,96,0.7,1.5,1.0,24,137.0,253.39542236340554,11673.783520507857,11420.388098144456,1.022187986974328,3364.6036621092703,1.8496016230905514,0.4306569343065693,24,53.0,5738.608972168035,11141.408605957065,5402.79963378903,2.0621546903717953,2412.2003662109173,108.27564098430254,0.5094339622641509,24
R0517,14,2.0,24,0.382,pullback,short,atr_sl_fixed_tp,10.0,16.0,96,0.7,1.25,1.0,24,137.0,253.39542236340554,11673.783520507857,11420.388098144456,1.022187986974328,3364.6036621092703,1.8496016230905514,0.4306569343065693,24,53.0,5738.608972168035,11141.408605957065,5402.79963378903,2.0621546903717953,2412.2003662109173,108.27564098430254,0.5094339622641509,24
R0518,14,2.0,24,0.382,pullback,short,atr_sl_fixed_tp,10.0,16.0,96,0.7,1.5,1.0,24,137.0,253.39542236340554,11673.783520507857,11420.388098144456,1.022187986974328,3364.6036621092703,1.8496016230905514,0.4306569343065693,24,53.0,5738.608972168035,11141.408605957065,5402.79963378903,2.0621546903717953,2412.2003662109173,108.27564098430254,0.5094339622641509,24
R0519,14,2.0,24,0.382,pullback,short,fixed_sl_atr_tp,10.0,16.0,96,0.7,1.25,1.0,24,137.0,253.39542236340554,11673.783520507857,11420.388098144456,1.022187986974328,3364.6036621092703,1.8496016230905514,0.4306569343065693,24,53.0,5738.608972168035,11141.408605957065,5402.79963378903,2.0621546903717953,2412.2003662109173,108.27564098430254,0.5094339622641509,24
R0520,14,2.0,24,0.382,pullback,short,fixed_sl_atr_tp,10.0,16.0,96,0.7,1.5,1.0,24,137.0,253.39542236340554,11673.783520507857,11420.388098144456,1.022187986974328,3364.6036621092703,1.8496016230905514,0.4306569343065693,24,53.0,5738.608972168035,11141.408605957065,5402.79963378903,2.0621546903717953,2412.2003662109173,108.27564098430254,0.5094339622641509,24
R0521,14,2.0,24,0.382,pullback,short,atr_sl_fixed_tp,10.0,20.0,96,0.7,1.25,1.0,24,137.0,253.39542236340554,11673.783520507857,11420.388098144456,1.022187986974328,3364.6036621092703,1.8496016230905514,0.4306569343065693,24,53.0,5738.608972168035,11141.408605957065,5402.79963378903,2.0621546903717953,2412.2003662109173,108.27564098430254,0.5094339622641509,24
R0522,14,2.0,24,0.382,pullback,short,atr_sl_fixed_tp,10.0,20.0,96,0.7,1.5,1.0,24,137.0,253.39542236340554,11673.783520507857,11420.388098144456,1.022187986974328,3364.6036621092703,1.8496016230905514,0.4306569343065693,24,53.0,5738.608972168035,11141.408605957065,5402.79963378903,2.0621546903717953,2412.2003662109173,108.27564098430254,0.5094339622641509,24
R0523,14,2.0,24,0.382,pullback,short,fixed_sl_atr_tp,10.0,20.0,96,0.7,1.25,1.0,24,137.0,253.39542236340554,11673.783520507857,11420.388098144456,1.022187986974328,3364.6036621092703,1.8496016230905514,0.4306569343065693,24,53.0,5738.608972168035,11141.408605957065,5402.79963378903,2.0621546903717953,2412.2003662109173,108.27564098430254,0.5094339622641509,24
R0524,14,2.0,24,0.382,pullback,short,fixed_sl_atr_tp,10.0,20.0,96,0.7,1.5,1.0,24,137.0,253.39542236340554,11673.783520507857,11420.388098144456,1.022187986974328,3364.6036621092703,1.8496016230905514,0.4306569343065693,24,53.0,5738.608972168035,11141.408605957065,5402.79963378903,2.0621546903717953,2412.2003662109173,108.27564098430254,0.5094339622641509,24
R0525,14,2.0,24,0.382,pullback,short,atr_sl_fixed_tp,10.0,24.0,96,0.7,1.25,1.0,24,137.0,253.39542236340554,11673.783520507857,11420.388098144456,1.022187986974328,3364.6036621092703,1.8496016230905514,0.4306569343065693,24,53.0,5738.608972168035,11141.408605957065,5402.79963378903,2.0621546903717953,2412.2003662109173,108.27564098430254,0.5094339622641509,24
R0526,14,2.0,24,0.382,pullback,short,atr_sl_fixed_tp,10.0,24.0,96,0.7,1.5,1.0,24,137.0,253.39542236340554,11673.783520507857,11420.388098144456,1.022187986974328,3364.6036621092703,1.8496016230905514,0.4306569343065693,24,53.0,5738.608972168035,11141.408605957065,5402.79963378903,2.0621546903717953,2412.2003662109173,108.27564098430254,0.5094339622641509,24
R0527,14,2.0,24,0.382,pullback,short,fixed_sl_atr_tp,10.0,24.0,96,0.7,1.25,1.0,24,137.0,253.39542236340554,11673.783520507857,11420.388098144456,1.022187986974328,3364.6036621092703,1.8496016230905514,0.4306569343065693,24,53.0,5738.608972168035,11141.408605957065,5402.79963378903,2.0621546903717953,2412.2003662109173,108.27564098430254,0.5094339622641509,24
R0528,14,2.0,24,0.382,pullback,short,fixed_sl_atr_tp,10.0,24.0,96,0.7,1.5,1.0,24,137.0,253.39542236340554,11673.783520507857,11420.388098144456,1.022187986974328,3364.6036621092703,1.8496016230905514,0.4306569343065693,24,53.0,5738.608972168035,11141.408605957065,5402.79963378903,2.0621546903717953,2412.2003662109173,108.27564098430254,0.5094339622641509,24
R0529,14,2.0,24,0.382,pullback,short,atr_sl_fixed_tp,12.0,16.0,96,0.7,1.25,1.0,24,137.0,253.39542236340554,11673.783520507857,11420.388098144456,1.022187986974328,3364.6036621092703,1.8496016230905514,0.4306569343065693,24,53.0,5738.608972168035,11141.408605957065,5402.79963378903,2.0621546903717953,2412.2003662109173,108.27564098430254,0.5094339622641509,24
R0530,14,2.0,24,0.382,pullback,short,atr_sl_fixed_tp,12.0,16.0,96,0.7,1.5,1.0,24,137.0,253.39542236340554,11673.783520507857,11420.388098144456,1.022187986974328,3364.6036621092703,1.8496016230905514,0.4306569343065693,24,53.0,5738.608972168035,11141.408605957065,5402.79963378903,2.0621546903717953,2412.2003662109173,108.27564098430254,0.5094339622641509,24
R0531,14,2.0,24,0.382,pullback,short,fixed_sl_atr_tp,12.0,16.0,96,0.7,1.25,1.0,24,137.0,253.39542236340554,11673.783520507857,11420.388098144456,1.022187986974328,3364.6036621092703,1.8496016230905514,0.4306569343065693,24,53.0,5738.608972168035,11141.408605957065,5402.79963378903,2.0621546903717953,2412.2003662109173,108.27564098430254,0.5094339622641509,24
R0532,14,2.0,24,0.382,pullback,short,fixed_sl_atr_tp,12.0,16.0,96,0.7,1.5,1.0,24,137.0,253.39542236340554,11673.783520507857,11420.388098144456,1.022187986974328,3364.6036621092703,1.8496016230905514,0.4306569343065693,24,53.0,5738.608972168035,11141.408605957065,5402.79963378903,2.0621546903717953,2412.2003662109173,108.27564098430254,0.5094339622641509,24
R0533,14,2.0,24,0.382,pullback,short,atr_sl_fixed_tp,12.0,20.0,96,0.7,1.25,1.0,24,137.0,253.39542236340554,11673.783520507857,11420.388098144456,1.022187986974328,3364.6036621092703,1.8496016230905514,0.4306569343065693,24,53.0,5738.608972168035,11141.408605957065,5402.79963378903,2.0621546903717953,2412.2003662109173,108.27564098430254,0.5094339622641509,24
R0534,14,2.0,24,0.382,pullback,short,atr_sl_fixed_tp,12.0,20.0,96,0.7,1.5,1.0,24,137.0,253.39542236340554,11673.783520507857,11420.388098144456,1.022187986974328,3364.6036621092703,1.8496016230905514,0.4306569343065693,24,53.0,5738.608972168035,11141.408605957065,5402.79963378903,2.0621546903717953,2412.2003662109173,108.27564098430254,0.5094339622641509,24
R0535,14,2.0,24,0.382,pullback,short,fixed_sl_atr_tp,12.0,20.0,96,0.7,1.25,1.0,24,137.0,253.39542236340554,11673.783520507857,11420.388098144456,1.022187986974328,3364.6036621092703,1.8496016230905514,0.4306569343065693,24,53.0,5738.608972168035,11141.408605957065,5402.79963378903,2.0621546903717953,2412.2003662109173,108.27564098430254,0.5094339622641509,24
R0536,14,2.0,24,0.382,pullback,short,fixed_sl_atr_tp,12.0,20.0,96,0.7,1.5,1.0,24,137.0,253.39542236340554,11673.783520507857,11420.388098144456,1.022187986974328,3364.6036621092703,1.8496016230905514,0.4306569343065693,24,53.0,5738.608972168035,11141.408605957065,5402.79963378903,2.0621546903717953,2412.2003662109173,108.27564098430254,0.5094339622641509,24
R0537,14,2.0,24,0.382,pullback,short,atr_sl_fixed_tp,12.0,24.0,96,0.7,1.25,1.0,24,137.0,253.39542236340554,11673.783520507857,11420.388098144456,1.022187986974328,3364.6036621092703,1.8496016230905514,0.4306569343065693,24,53.0,5738.608972168035,11141.408605957065,5402.79963378903,2.0621546903717953,2412.2003662109173,108.27564098430254,0.5094339622641509,24
R0538,14,2.0,24,0.382,pullback,short,atr_sl_fixed_tp,12.0,24.0,96,0.7,1.5,1.0,24,137.0,253.39542236340554,11673.783520507857,11420.388098144456,1.022187986974328,3364.6036621092703,1.8496016230905514,0.4306569343065693,24,53.0,5738.608972168035,11141.408605957065,5402.79963378903,2.0621546903717953,2412.2003662109173,108.27564098430254,0.5094339622641509,24
R0539,14,2.0,24,0.382,pullback,short,fixed_sl_atr_tp,12.0,24.0,96,0.7,1.25,1.0,24,137.0,253.39542236340554,11673.783520507857,11420.388098144456,1.022187986974328,3364.6036621092703,1.8496016230905514,0.4306569343065693,24,53.0,5738.608972168035,11141.408605957065,5402.79963378903,2.0621546903717953,2412.2003662109173,108.27564098430254,0.5094339622641509,24
R0540,14,2.0,24,0.382,pullback,short,fixed_sl_atr_tp,12.0,24.0,96,0.7,1.5,1.0,24,137.0,253.39542236340554,11673.783520507857,11420.388098144456,1.022187986974328,3364.6036621092703,1.8496016230905514,0.4306569343065693,24,53.0,5738.608972168035,11141.408605957065,5402.79963378903,2.0621546903717953,2412.2003662109173,108.27564098430254,0.5094339622641509,24
R0217,10,2.0,24,0.382,pullback,short,atr_sl_fixed_tp,8.0,16.0,96,0.7,1.25,1.0,24,138.0,171.57216796887644,12266.178942871136,12094.60677490227,1.0141858409423363,2034.8192260741282,1.243276579484612,0.4420289855072464,24,57.0,5975.398901367268,11534.20256347661,5558.803662109341,2.07494332676248,1918.0049438476271,104.83155967310996,0.543859649122807,24
R0218,10,2.0,24,0.382,pullback,short,atr_sl_fixed_tp,8.0,16.0,96,0.7,1.5,1.0,24,138.0,171.57216796887644,12266.178942871136,12094.60677490227,1.0141858409423363,2034.8192260741282,1.243276579484612,0.4420289855072464,24,57.0,5975.398901367268,11534.20256347661,5558.803662109341,2.07494332676248,1918.0049438476271,104.83155967310996,0.543859649122807,24
R0219,10,2.0,24,0.382,pullback,short,fixed_sl_atr_tp,8.0,16.0,96,0.7,1.25,1.0,24,138.0,171.57216796887644,12266.178942871136,12094.60677490227,1.0141858409423363,2034.8192260741282,1.243276579484612,0.4420289855072464,24,57.0,5975.398901367268,11534.20256347661,5558.803662109341,2.07494332676248,1918.0049438476271,104.83155967310996,0.543859649122807,24
R0220,10,2.0,24,0.382,pullback,short,fixed_sl_atr_tp,8.0,16.0,96,0.7,1.5,1.0,24,138.0,171.57216796887644,12266.178942871136,12094.60677490227,1.0141858409423363,2034.8192260741282,1.243276579484612,0.4420289855072464,24,57.0,5975.398901367268,11534.20256347661,5558.803662109341,2.07494332676248,1918.0049438476271,104.83155967310996,0.543859649122807,24
R0221,10,2.0,24,0.382,pullback,short,atr_sl_fixed_tp,8.0,20.0,96,0.7,1.25,1.0,24,138.0,171.57216796887644,12266.178942871136,12094.60677490227,1.0141858409423363,2034.8192260741282,1.243276579484612,0.4420289855072464,24,57.0,5975.398901367268,11534.20256347661,5558.803662109341,2.07494332676248,1918.0049438476271,104.83155967310996,0.543859649122807,24
R0222,10,2.0,24,0.382,pullback,short,atr_sl_fixed_tp,8.0,20.0,96,0.7,1.5,1.0,24,138.0,171.57216796887644,12266.178942871136,12094.60677490227,1.0141858409423363,2034.8192260741282,1.243276579484612,0.4420289855072464,24,57.0,5975.398901367268,11534.20256347661,5558.803662109341,2.07494332676248,1918.0049438476271,104.83155967310996,0.543859649122807,24
R0223,10,2.0,24,0.382,pullback,short,fixed_sl_atr_tp,8.0,20.0,96,0.7,1.25,1.0,24,138.0,171.57216796887644,12266.178942871136,12094.60677490227,1.0141858409423363,2034.8192260741282,1.243276579484612,0.4420289855072464,24,57.0,5975.398901367268,11534.20256347661,5558.803662109341,2.07494332676248,1918.0049438476271,104.83155967310996,0.543859649122807,24
R0224,10,2.0,24,0.382,pullback,short,fixed_sl_atr_tp,8.0,20.0,96,0.7,1.5,1.0,24,138.0,171.57216796887644,12266.178942871136,12094.60677490227,1.0141858409423363,2034.8192260741282,1.243276579484612,0.4420289855072464,24,57.0,5975.398901367268,11534.20256347661,5558.803662109341,2.07494332676248,1918.0049438476271,104.83155967310996,0.543859649122807,24
R0225,10,2.0,24,0.382,pullback,short,atr_sl_fixed_tp,8.0,24.0,96,0.7,1.25,1.0,24,138.0,171.57216796887644,12266.178942871136,12094.60677490227,1.0141858409423363,2034.8192260741282,1.243276579484612,0.4420289855072464,24,57.0,5975.398901367268,11534.20256347661,5558.803662109341,2.07494332676248,1918.0049438476271,104.83155967310996,0.543859649122807,24
R0226,10,2.0,24,0.382,pullback,short,atr_sl_fixed_tp,8.0,24.0,96,0.7,1.5,1.0,24,138.0,171.57216796887644,12266.178942871136,12094.60677490227,1.0141858409423363,2034.8192260741282,1.243276579484612,0.4420289855072464,24,57.0,5975.398901367268,11534.20256347661,5558.803662109341,2.07494332676248,1918.0049438476271,104.83155967310996,0.543859649122807,24
R0227,10,2.0,24,0.382,pullback,short,fixed_sl_atr_tp,8.0,24.0,96,0.7,1.25,1.0,24,138.0,171.57216796887644,12266.178942871136,12094.60677490227,1.0141858409423363,2034.8192260741282,1.243276579484612,0.4420289855072464,24,57.0,5975.398901367268,11534.20256347661,5558.803662109341,2.07494332676248,1918.0049438476271,104.83155967310996,0.543859649122807,24
R0228,10,2.0,24,0.382,pullback,short,fixed_sl_atr_tp,8.0,24.0,96,0.7,1.5,1.0,24,138.0,171.57216796887644,12266.178942871136,12094.60677490227,1.0141858409423363,2034.8192260741282,1.243276579484612,0.4420289855072464,24,57.0,5975.398901367268,11534.20256347661,5558.803662109341,2.07494332676248,1918.0049438476271,104.83155967310996,0.543859649122807,24
R0229,10,2.0,24,0.382,pullback,short,atr_sl_fixed_tp,10.0,16.0,96,0.7,1.25,1.0,24,138.0,171.57216796887644,12266.178942871136,12094.60677490227,1.0141858409423363,2034.8192260741282,1.243276579484612,0.4420289855072464,24,57.0,5975.398901367268,11534.20256347661,5558.803662109341,2.07494332676248,1918.0049438476271,104.83155967310996,0.543859649122807,24
R0230,10,2.0,24,0.382,pullback,short,atr_sl_fixed_tp,10.0,16.0,96,0.7,1.5,1.0,24,138.0,171.57216796887644,12266.178942871136,12094.60677490227,1.0141858409423363,2034.8192260741282,1.243276579484612,0.4420289855072464,24,57.0,5975.398901367268,11534.20256347661,5558.803662109341,2.07494332676248,1918.0049438476271,104.83155967310996,0.543859649122807,24
R0231,10,2.0,24,0.382,pullback,short,fixed_sl_atr_tp,10.0,16.0,96,0.7,1.25,1.0,24,138.0,171.57216796887644,12266.178942871136,12094.60677490227,1.0141858409423363,2034.8192260741282,1.243276579484612,0.4420289855072464,24,57.0,5975.398901367268,11534.20256347661,5558.803662109341,2.07494332676248,1918.0049438476271,104.83155967310996,0.543859649122807,24
R0232,10,2.0,24,0.382,pullback,short,fixed_sl_atr_tp,10.0,16.0,96,0.7,1.5,1.0,24,138.0,171.57216796887644,12266.178942871136,12094.60677490227,1.0141858409423363,2034.8192260741282,1.243276579484612,0.4420289855072464,24,57.0,5975.398901367268,11534.20256347661,5558.803662109341,2.07494332676248,1918.0049438476271,104.83155967310996,0.543859649122807,24
R0233,10,2.0,24,0.382,pullback,short,atr_sl_fixed_tp,10.0,20.0,96,0.7,1.25,1.0,24,138.0,171.57216796887644,12266.178942871136,12094.60677490227,1.0141858409423363,2034.8192260741282,1.243276579484612,0.4420289855072464,24,57.0,5975.398901367268,11534.20256347661,5558.803662109341,2.07494332676248,1918.0049438476271,104.83155967310996,0.543859649122807,24
R0234,10,2.0,24,0.382,pullback,short,atr_sl_fixed_tp,10.0,20.0,96,0.7,1.5,1.0,24,138.0,171.57216796887644,12266.178942871136,12094.60677490227,1.0141858409423363,2034.8192260741282,1.243276579484612,0.4420289855072464,24,57.0,5975.398901367268,11534.20256347661,5558.803662109341,2.07494332676248,1918.0049438476271,104.83155967310996,0.543859649122807,24
R0235,10,2.0,24,0.382,pullback,short,fixed_sl_atr_tp,10.0,20.0,96,0.7,1.25,1.0,24,138.0,171.57216796887644,12266.178942871136,12094.60677490227,1.0141858409423363,2034.8192260741282,1.243276579484612,0.4420289855072464,24,57.0,5975.398901367268,11534.20256347661,5558.803662109341,2.07494332676248,1918.0049438476271,104.83155967310996,0.543859649122807,24
R0236,10,2.0,24,0.382,pullback,short,fixed_sl_atr_tp,10.0,20.0,96,0.7,1.5,1.0,24,138.0,171.57216796887644,12266.178942871136,12094.60677490227,1.0141858409423363,2034.8192260741282,1.243276579484612,0.4420289855072464,24,57.0,5975.398901367268,11534.20256347661,5558.803662109341,2.07494332676248,1918.0049438476271,104.83155967310996,0.543859649122807,24
R0237,10,2.0,24,0.382,pullback,short,atr_sl_fixed_tp,10.0,24.0,96,0.7,1.25,1.0,24,138.0,171.57216796887644,12266.178942871136,12094.60677490227,1.0141858409423363,2034.8192260741282,1.243276579484612,0.4420289855072464,24,57.0,5975.398901367268,11534.20256347661,5558.803662109341,2.07494332676248,1918.0049438476271,104.83155967310996,0.543859649122807,24
R0238,10,2.0,24,0.382,pullback,short,atr_sl_fixed_tp,10.0,24.0,96,0.7,1.5,1.0,24,138.0,171.57216796887644,12266.178942871136,12094.60677490227,1.0141858409423363,2034.8192260741282,1.243276579484612,0.4420289855072464,24,57.0,5975.398901367268,11534.20256347661,5558.803662109341,2.07494332676248,1918.0049438476271,104.83155967310996,0.543859649122807,24
R0239,10,2.0,24,0.382,pullback,short,fixed_sl_atr_tp,10.0,24.0,96,0.7,1.25,1.0,24,138.0,171.57216796887644,12266.178942871136,12094.60677490227,1.0141858409423363,2034.8192260741282,1.243276579484612,0.4420289855072464,24,57.0,5975.398901367268,11534.20256347661,5558.803662109341,2.07494332676248,1918.0049438476271,104.83155967310996,0.543859649122807,24
R0240,10,2.0,24,0.382,pullback,short,fixed_sl_atr_tp,10.0,24.0,96,0.7,1.5,1.0,24,138.0,171.57216796887644,12266.178942871136,12094.60677490227,1.0141858409423363,2034.8192260741282,1.243276579484612,0.4420289855072464,24,57.0,5975.398901367268,11534.20256347661,5558.803662109341,2.07494332676248,1918.0049438476271,104.83155967310996,0.543859649122807,24
R0241,10,2.0,24,0.382,pullback,short,atr_sl_fixed_tp,12.0,16.0,96,0.7,1.25,1.0,24,138.0,171.57216796887644,12266.178942871136,12094.60677490227,1.0141858409423363,2034.8192260741282,1.243276579484612,0.4420289855072464,24,57.0,5975.398901367268,11534.20256347661,5558.803662109341,2.07494332676248,1918.0049438476271,104.83155967310996,0.543859649122807,24
R0242,10,2.0,24,0.382,pullback,short,atr_sl_fixed_tp,12.0,16.0,96,0.7,1.5,1.0,24,138.0,171.57216796887644,12266.178942871136,12094.60677490227,1.0141858409423363,2034.8192260741282,1.243276579484612,0.4420289855072464,24,57.0,5975.398901367268,11534.20256347661,5558.803662109341,2.07494332676248,1918.0049438476271,104.83155967310996,0.543859649122807,24
R0243,10,2.0,24,0.382,pullback,short,fixed_sl_atr_tp,12.0,16.0,96,0.7,1.25,1.0,24,138.0,171.57216796887644,12266.178942871136,12094.60677490227,1.0141858409423363,2034.8192260741282,1.243276579484612,0.4420289855072464,24,57.0,5975.398901367268,11534.20256347661,5558.803662109341,2.07494332676248,1918.0049438476271,104.83155967310996,0.543859649122807,24
R0244,10,2.0,24,0.382,pullback,short,fixed_sl_atr_tp,12.0,16.0,96,0.7,1.5,1.0,24,138.0,171.57216796887644,12266.178942871136,12094.60677490227,1.0141858409423363,2034.8192260741282,1.243276579484612,0.4420289855072464,24,57.0,5975.398901367268,11534.20256347661,5558.803662109341,2.07494332676248,1918.0049438476271,104.83155967310996,0.543859649122807,24
R0245,10,2.0,24,0.382,pullback,short,atr_sl_fixed_tp,12.0,20.0,96,0.7,1.25,1.0,24,138.0,171.57216796887644,12266.178942871136,12094.60677490227,1.0141858409423363,2034.8192260741282,1.243276579484612,0.4420289855072464,24,57.0,5975.398901367268,11534.20256347661,5558.803662109341,2.07494332676248,1918.0049438476271,104.83155967310996,0.543859649122807,24
R0246,10,2.0,24,0.382,pullback,short,atr_sl_fixed_tp,12.0,20.0,96,0.7,1.5,1.0,24,138.0,171.57216796887644,12266.178942871136,12094.60677490227,1.0141858409423363,2034.8192260741282,1.243276579484612,0.4420289855072464,24,57.0,5975.398901367268,11534.20256347661,5558.803662109341,2.07494332676248,1918.0049438476271,104.83155967310996,0.543859649122807,24
R0247,10,2.0,24,0.382,pullback,short,fixed_sl_atr_tp,12.0,20.0,96,0.7,1.25,1.0,24,138.0,171.57216796887644,12266.178942871136,12094.60677490227,1.0141858409423363,2034.8192260741282,1.243276579484612,0.4420289855072464,24,57.0,5975.398901367268,11534.20256347661,5558.803662109341,2.07494332676248,1918.0049438476271,104.83155967310996,0.543859649122807,24
R0248,10,2.0,24,0.382,pullback,short,fixed_sl_atr_tp,12.0,20.0,96,0.7,1.5,1.0,24,138.0,171.57216796887644,12266.178942871136,12094.60677490227,1.0141858409423363,2034.8192260741282,1.243276579484612,0.4420289855072464,24,57.0,5975.398901367268,11534.20256347661,5558.803662109341,2.07494332676248,1918.0049438476271,104.83155967310996,0.543859649122807,24
R0249,10,2.0,24,0.382,pullback,short,atr_sl_fixed_tp,12.0,24.0,96,0.7,1.25,1.0,24,138.0,171.57216796887644,12266.178942871136,12094.60677490227,1.0141858409423363,2034.8192260741282,1.243276579484612,0.4420289855072464,24,57.0,5975.398901367268,11534.20256347661,5558.803662109341,2.07494332676248,1918.0049438476271,104.83155967310996,0.543859649122807,24
R0250,10,2.0,24,0.382,pullback,short,atr_sl_fixed_tp,12.0,24.0,96,0.7,1.5,1.0,24,138.0,171.57216796887644,12266.178942871136,12094.60677490227,1.0141858409423363,2034.8192260741282,1.243276579484612,0.4420289855072464,24,57.0,5975.398901367268,11534.20256347661,5558.803662109341,2.07494332676248,1918.0049438476271,104.83155967310996,0.543859649122807,24
R0251,10,2.0,24,0.382,pullback,short,fixed_sl_atr_tp,12.0,24.0,96,0.7,1.25,1.0,24,138.0,171.57216796887644,12266.178942871136,12094.60677490227,1.0141858409423363,2034.8192260741282,1.243276579484612,0.4420289855072464,24,57.0,5975.398901367268,11534.20256347661,5558.803662109341,2.07494332676248,1918.0049438476271,104.83155967310996,0.543859649122807,24
R0252,10,2.0,24,0.382,pullback,short,fixed_sl_atr_tp,12.0,24.0,96,0.7,1.5,1.0,24,138.0,171.57216796887644,12266.178942871136,12094.60677490227,1.0141858409423363,2034.8192260741282,1.243276579484612,0.4420289855072464,24,57.0,5975.398901367268,11534.20256347661,5558.803662109341,2.07494332676248,1918.0049438476271,104.83155967310996,0.543859649122807,24
R0073,10,1.5,24,0.382,pullback,short,atr_sl_fixed_tp,8.0,16.0,96,0.7,1.25,1.0,24,140.0,-148.00970458972017,12559.18553466803,12707.19523925775,0.9883522916109404,3978.808056640526,-1.0572121756408583,0.4714285714285714,24,57.0,5687.402014160249,11554.402197265666,5867.000183105417,1.9693884159979511,1898.6031127929527,99.77898270456576,0.5614035087719298,24
R0074,10,1.5,24,0.382,pullback,short,atr_sl_fixed_tp,8.0,16.0,96,0.7,1.5,1.0,24,140.0,-148.00970458972017,12559.18553466803,12707.19523925775,0.9883522916109404,3978.808056640526,-1.0572121756408583,0.4714285714285714,24,57.0,5687.402014160249,11554.402197265666,5867.000183105417,1.9693884159979511,1898.6031127929527,99.77898270456576,0.5614035087719298,24
R0075,10,1.5,24,0.382,pullback,short,fixed_sl_atr_tp,8.0,16.0,96,0.7,1.25,1.0,24,140.0,-148.00970458972017,12559.18553466803,12707.19523925775,0.9883522916109404,3978.808056640526,-1.0572121756408583,0.4714285714285714,24,57.0,5687.402014160249,11554.402197265666,5867.000183105417,1.9693884159979511,1898.6031127929527,99.77898270456576,0.5614035087719298,24
R0076,10,1.5,24,0.382,pullback,short,fixed_sl_atr_tp,8.0,16.0,96,0.7,1.5,1.0,24,140.0,-148.00970458972017,12559.18553466803,12707.19523925775,0.9883522916109404,3978.808056640526,-1.0572121756408583,0.4714285714285714,24,57.0,5687.402014160249,11554.402197265666,5867.000183105417,1.9693884159979511,1898.6031127929527,99.77898270456576,0.5614035087719298,24
R0077,10,1.5,24,0.382,pullback,short,atr_sl_fixed_tp,8.0,20.0,96,0.7,1.25,1.0,24,140.0,-148.00970458972017,12559.18553466803,12707.19523925775,0.9883522916109404,3978.808056640526,-1.0572121756408583,0.4714285714285714,24,57.0,5687.402014160249,11554.402197265666,5867.000183105417,1.9693884159979511,1898.6031127929527,99.77898270456576,0.5614035087719298,24
R0078,10,1.5,24,0.382,pullback,short,atr_sl_fixed_tp,8.0,20.0,96,0.7,1.5,1.0,24,140.0,-148.00970458972017,12559.18553466803,12707.19523925775,0.9883522916109404,3978.808056640526,-1.0572121756408583,0.4714285714285714,24,57.0,5687.402014160249,11554.402197265666,5867.000183105417,1.9693884159979511,1898.6031127929527,99.77898270456576,0.5614035087719298,24
R0079,10,1.5,24,0.382,pullback,short,fixed_sl_atr_tp,8.0,20.0,96,0.7,1.25,1.0,24,140.0,-148.00970458972017,12559.18553466803,12707.19523925775,0.9883522916109404,3978.808056640526,-1.0572121756408583,0.4714285714285714,24,57.0,5687.402014160249,11554.402197265666,5867.000183105417,1.9693884159979511,1898.6031127929527,99.77898270456576,0.5614035087719298,24
R0080,10,1.5,24,0.382,pullback,short,fixed_sl_atr_tp,8.0,20.0,96,0.7,1.5,1.0,24,140.0,-148.00970458972017,12559.18553466803,12707.19523925775,0.9883522916109404,3978.808056640526,-1.0572121756408583,0.4714285714285714,24,57.0,5687.402014160249,11554.402197265666,5867.000183105417,1.9693884159979511,1898.6031127929527,99.77898270456576,0.5614035087719298,24
R0081,10,1.5,24,0.382,pullback,short,atr_sl_fixed_tp,8.0,24.0,96,0.7,1.25,1.0,24,140.0,-148.00970458972017,12559.18553466803,12707.19523925775,0.9883522916109404,3978.808056640526,-1.0572121756408583,0.4714285714285714,24,57.0,5687.402014160249,11554.402197265666,5867.000183105417,1.9693884159979511,1898.6031127929527,99.77898270456576,0.5614035087719298,24
R0082,10,1.5,24,0.382,pullback,short,atr_sl_fixed_tp,8.0,24.0,96,0.7,1.5,1.0,24,140.0,-148.00970458972017,12559.18553466803,12707.19523925775,0.9883522916109404,3978.808056640526,-1.0572121756408583,0.4714285714285714,24,57.0,5687.402014160249,11554.402197265666,5867.000183105417,1.9693884159979511,1898.6031127929527,99.77898270456576,0.5614035087719298,24
R0083,10,1.5,24,0.382,pullback,short,fixed_sl_atr_tp,8.0,24.0,96,0.7,1.25,1.0,24,140.0,-148.00970458972017,12559.18553466803,12707.19523925775,0.9883522916109404,3978.808056640526,-1.0572121756408583,0.4714285714285714,24,57.0,5687.402014160249,11554.402197265666,5867.000183105417,1.9693884159979511,1898.6031127929527,99.77898270456576,0.5614035087719298,24
R0084,10,1.5,24,0.382,pullback,short,fixed_sl_atr_tp,8.0,24.0,96,0.7,1.5,1.0,24,140.0,-148.00970458972017,12559.18553466803,12707.19523925775,0.9883522916109404,3978.808056640526,-1.0572121756408583,0.4714285714285714,24,57.0,5687.402014160249,11554.402197265666,5867.000183105417,1.9693884159979511,1898.6031127929527,99.77898270456576,0.5614035087719298,24
R0085,10,1.5,24,0.382,pullback,short,atr_sl_fixed_tp,10.0,16.0,96,0.7,1.25,1.0,24,140.0,-148.00970458972017,12559.18553466803,12707.19523925775,0.9883522916109404,3978.808056640526,-1.0572121756408583,0.4714285714285714,24,57.0,5687.402014160249,11554.402197265666,5867.000183105417,1.9693884159979511,1898.6031127929527,99.77898270456576,0.5614035087719298,24
R0086,10,1.5,24,0.382,pullback,short,atr_sl_fixed_tp,10.0,16.0,96,0.7,1.5,1.0,24,140.0,-148.00970458972017,12559.18553466803,12707.19523925775,0.9883522916109404,3978.808056640526,-1.0572121756408583,0.4714285714285714,24,57.0,5687.402014160249,11554.402197265666,5867.000183105417,1.9693884159979511,1898.6031127929527,99.77898270456576,0.5614035087719298,24
R0087,10,1.5,24,0.382,pullback,short,fixed_sl_atr_tp,10.0,16.0,96,0.7,1.25,1.0,24,140.0,-148.00970458972017,12559.18553466803,12707.19523925775,0.9883522916109404,3978.808056640526,-1.0572121756408583,0.4714285714285714,24,57.0,5687.402014160249,11554.402197265666,5867.000183105417,1.9693884159979511,1898.6031127929527,99.77898270456576,0.5614035087719298,24
R0088,10,1.5,24,0.382,pullback,short,fixed_sl_atr_tp,10.0,16.0,96,0.7,1.5,1.0,24,140.0,-148.00970458972017,12559.18553466803,12707.19523925775,0.9883522916109404,3978.808056640526,-1.0572121756408583,0.4714285714285714,24,57.0,5687.402014160249,11554.402197265666,5867.000183105417,1.9693884159979511,1898.6031127929527,99.77898270456576,0.5614035087719298,24
R0089,10,1.5,24,0.382,pullback,short,atr_sl_fixed_tp,10.0,20.0,96,0.7,1.25,1.0,24,140.0,-148.00970458972017,12559.18553466803,12707.19523925775,0.9883522916109404,3978.808056640526,-1.0572121756408583,0.4714285714285714,24,57.0,5687.402014160249,11554.402197265666,5867.000183105417,1.9693884159979511,1898.6031127929527,99.77898270456576,0.5614035087719298,24
R0090,10,1.5,24,0.382,pullback,short,atr_sl_fixed_tp,10.0,20.0,96,0.7,1.5,1.0,24,140.0,-148.00970458972017,12559.18553466803,12707.19523925775,0.9883522916109404,3978.808056640526,-1.0572121756408583,0.4714285714285714,24,57.0,5687.402014160249,11554.402197265666,5867.000183105417,1.9693884159979511,1898.6031127929527,99.77898270456576,0.5614035087719298,24
R0091,10,1.5,24,0.382,pullback,short,fixed_sl_atr_tp,10.0,20.0,96,0.7,1.25,1.0,24,140.0,-148.00970458972017,12559.18553466803,12707.19523925775,0.9883522916109404,3978.808056640526,-1.0572121756408583,0.4714285714285714,24,57.0,5687.402014160249,11554.402197265666,5867.000183105417,1.9693884159979511,1898.6031127929527,99.77898270456576,0.5614035087719298,24
R0092,10,1.5,24,0.382,pullback,short,fixed_sl_atr_tp,10.0,20.0,96,0.7,1.5,1.0,24,140.0,-148.00970458972017,12559.18553466803,12707.19523925775,0.9883522916109404,3978.808056640526,-1.0572121756408583,0.4714285714285714,24,57.0,5687.402014160249,11554.402197265666,5867.000183105417,1.9693884159979511,1898.6031127929527,99.77898270456576,0.5614035087719298,24
R0093,10,1.5,24,0.382,pullback,short,atr_sl_fixed_tp,10.0,24.0,96,0.7,1.25,1.0,24,140.0,-148.00970458972017,12559.18553466803,12707.19523925775,0.9883522916109404,3978.808056640526,-1.0572121756408583,0.4714285714285714,24,57.0,5687.402014160249,11554.402197265666,5867.000183105417,1.9693884159979511,1898.6031127929527,99.77898270456576,0.5614035087719298,24
R0094,10,1.5,24,0.382,pullback,short,atr_sl_fixed_tp,10.0,24.0,96,0.7,1.5,1.0,24,140.0,-148.00970458972017,12559.18553466803,12707.19523925775,0.9883522916109404,3978.808056640526,-1.0572121756408583,0.4714285714285714,24,57.0,5687.402014160249,11554.402197265666,5867.000183105417,1.9693884159979511,1898.6031127929527,99.77898270456576,0.5614035087719298,24
R0095,10,1.5,24,0.382,pullback,short,fixed_sl_atr_tp,10.0,24.0,96,0.7,1.25,1.0,24,140.0,-148.00970458972017,12559.18553466803,12707.19523925775,0.9883522916109404,3978.808056640526,-1.0572121756408583,0.4714285714285714,24,57.0,5687.402014160249,11554.402197265666,5867.000183105417,1.9693884159979511,1898.6031127929527,99.77898270456576,0.5614035087719298,24
R0096,10,1.5,24,0.382,pullback,short,fixed_sl_atr_tp,10.0,24.0,96,0.7,1.5,1.0,24,140.0,-148.00970458972017,12559.18553466803,12707.19523925775,0.9883522916109404,3978.808056640526,-1.0572121756408583,0.4714285714285714,24,57.0,5687.402014160249,11554.402197265666,5867.000183105417,1.9693884159979511,1898.6031127929527,99.77898270456576,0.5614035087719298,24
R0097,10,1.5,24,0.382,pullback,short,atr_sl_fixed_tp,12.0,16.0,96,0.7,1.25,1.0,24,140.0,-148.00970458972017,12559.18553466803,12707.19523925775,0.9883522916109404,3978.808056640526,-1.0572121756408583,0.4714285714285714,24,57.0,5687.402014160249,11554.402197265666,5867.000183105417,1.9693884159979511,1898.6031127929527,99.77898270456576,0.5614035087719298,24
R0098,10,1.5,24,0.382,pullback,short,atr_sl_fixed_tp,12.0,16.0,96,0.7,1.5,1.0,24,140.0,-148.00970458972017,12559.18553466803,12707.19523925775,0.9883522916109404,3978.808056640526,-1.0572121756408583,0.4714285714285714,24,57.0,5687.402014160249,11554.402197265666,5867.000183105417,1.9693884159979511,1898.6031127929527,99.77898270456576,0.5614035087719298,24
R0099,10,1.5,24,0.382,pullback,short,fixed_sl_atr_tp,12.0,16.0,96,0.7,1.25,1.0,24,140.0,-148.00970458972017,12559.18553466803,12707.19523925775,0.9883522916109404,3978.808056640526,-1.0572121756408583,0.4714285714285714,24,57.0,5687.402014160249,11554.402197265666,5867.000183105417,1.9693884159979511,1898.6031127929527,99.77898270456576,0.5614035087719298,24
R0100,10,1.5,24,0.382,pullback,short,fixed_sl_atr_tp,12.0,16.0,96,0.7,1.5,1.0,24,140.0,-148.00970458972017,12559.18553466803,12707.19523925775,0.9883522916109404,3978.808056640526,-1.0572121756408583,0.4714285714285714,24,57.0,5687.402014160249,11554.402197265666,5867.000183105417,1.9693884159979511,1898.6031127929527,99.77898270456576,0.5614035087719298,24
R0101,10,1.5,24,0.382,pullback,short,atr_sl_fixed_tp,12.0,20.0,96,0.7,1.25,1.0,24,140.0,-148.00970458972017,12559.18553466803,12707.19523925775,0.9883522916109404,3978.808056640526,-1.0572121756408583,0.4714285714285714,24,57.0,5687.402014160249,11554.402197265666,5867.000183105417,1.9693884159979511,1898.6031127929527,99.77898270456576,0.5614035087719298,24
R0102,10,1.5,24,0.382,pullback,short,atr_sl_fixed_tp,12.0,20.0,96,0.7,1.5,1.0,24,140.0,-148.00970458972017,12559.18553466803,12707.19523925775,0.9883522916109404,3978.808056640526,-1.0572121756408583,0.4714285714285714,24,57.0,5687.402014160249,11554.402197265666,5867.000183105417,1.9693884159979511,1898.6031127929527,99.77898270456576,0.5614035087719298,24
R0103,10,1.5,24,0.382,pullback,short,fixed_sl_atr_tp,12.0,20.0,96,0.7,1.25,1.0,24,140.0,-148.00970458972017,12559.18553466803,12707.19523925775,0.9883522916109404,3978.808056640526,-1.0572121756408583,0.4714285714285714,24,57.0,5687.402014160249,11554.402197265666,5867.000183105417,1.9693884159979511,1898.6031127929527,99.77898270456576,0.5614035087719298,24
R0104,10,1.5,24,0.382,pullback,short,fixed_sl_atr_tp,12.0,20.0,96,0.7,1.5,1.0,24,140.0,-148.00970458972017,12559.18553466803,12707.19523925775,0.9883522916109404,3978.808056640526,-1.0572121756408583,0.4714285714285714,24,57.0,5687.402014160249,11554.402197265666,5867.000183105417,1.9693884159979511,1898.6031127929527,99.77898270456576,0.5614035087719298,24
R0105,10,1.5,24,0.382,pullback,short,atr_sl_fixed_tp,12.0,24.0,96,0.7,1.25,1.0,24,140.0,-148.00970458972017,12559.18553466803,12707.19523925775,0.9883522916109404,3978.808056640526,-1.0572121756408583,0.4714285714285714,24,57.0,5687.402014160249,11554.402197265666,5867.000183105417,1.9693884159979511,1898.6031127929527,99.77898270456576,0.5614035087719298,24
R0106,10,1.5,24,0.382,pullback,short,atr_sl_fixed_tp,12.0,24.0,96,0.7,1.5,1.0,24,140.0,-148.00970458972017,12559.18553466803,12707.19523925775,0.9883522916109404,3978.808056640526,-1.0572121756408583,0.4714285714285714,24,57.0,5687.402014160249,11554.402197265666,5867.000183105417,1.9693884159979511,1898.6031127929527,99.77898270456576,0.5614035087719298,24
R0107,10,1.5,24,0.382,pullback,short,fixed_sl_atr_tp,12.0,24.0,96,0.7,1.25,1.0,24,140.0,-148.00970458972017,12559.18553466803,12707.19523925775,0.9883522916109404,3978.808056640526,-1.0572121756408583,0.4714285714285714,24,57.0,5687.402014160249,11554.402197265666,5867.000183105417,1.9693884159979511,1898.6031127929527,99.77898270456576,0.5614035087719298,24
R0108,10,1.5,24,0.382,pullback,short,fixed_sl_atr_tp,12.0,24.0,96,0.7,1.5,1.0,24,140.0,-148.00970458972017,12559.18553466803,12707.19523925775,0.9883522916109404,3978.808056640526,-1.0572121756408583,0.4714285714285714,24,57.0,5687.402014160249,11554.402197265666,5867.000183105417,1.9693884159979511,1898.6031127929527,99.77898270456576,0.5614035087719298,24
R0361,14,1.5,24,0.382,pullback,short,atr_sl_fixed_tp,8.0,16.0,96,0.7,1.25,1.0,24,141.0,-505.8133666991083,12599.582971191452,13105.396337890565,0.9614041915514836,3995.2097045897544,-3.5873288418376474,0.48226950354609927,24,58.0,5581.598535156336,11228.201647949265,5646.603112792931,1.98848784369326,1808.6009155273305,96.23445750269545,0.5344827586206896,24
R0362,14,1.5,24,0.382,pullback,short,atr_sl_fixed_tp,8.0,16.0,96,0.7,1.5,1.0,24,141.0,-505.8133666991083,12599.582971191452,13105.396337890565,0.9614041915514836,3995.2097045897544,-3.5873288418376474,0.48226950354609927,24,58.0,5581.598535156336,11228.201647949265,5646.603112792931,1.98848784369326,1808.6009155273305,96.23445750269545,0.5344827586206896,24
R0363,14,1.5,24,0.382,pullback,short,fixed_sl_atr_tp,8.0,16.0,96,0.7,1.25,1.0,24,141.0,-505.8133666991083,12599.582971191452,13105.396337890565,0.9614041915514836,3995.2097045897544,-3.5873288418376474,0.48226950354609927,24,58.0,5581.598535156336,11228.201647949265,5646.603112792931,1.98848784369326,1808.6009155273305,96.23445750269545,0.5344827586206896,24
R0364,14,1.5,24,0.382,pullback,short,fixed_sl_atr_tp,8.0,16.0,96,0.7,1.5,1.0,24,141.0,-505.8133666991083,12599.582971191452,13105.396337890565,0.9614041915514836,3995.2097045897544,-3.5873288418376474,0.48226950354609927,24,58.0,5581.598535156336,11228.201647949265,5646.603112792931,1.98848784369326,1808.6009155273305,96.23445750269545,0.5344827586206896,24
R0365,14,1.5,24,0.382,pullback,short,atr_sl_fixed_tp,8.0,20.0,96,0.7,1.25,1.0,24,141.0,-505.8133666991083,12599.582971191452,13105.396337890565,0.9614041915514836,3995.2097045897544,-3.5873288418376474,0.48226950354609927,24,58.0,5581.598535156336,11228.201647949265,5646.603112792931,1.98848784369326,1808.6009155273305,96.23445750269545,0.5344827586206896,24
R0366,14,1.5,24,0.382,pullback,short,atr_sl_fixed_tp,8.0,20.0,96,0.7,1.5,1.0,24,141.0,-505.8133666991083,12599.582971191452,13105.396337890565,0.9614041915514836,3995.2097045897544,-3.5873288418376474,0.48226950354609927,24,58.0,5581.598535156336,11228.201647949265,5646.603112792931,1.98848784369326,1808.6009155273305,96.23445750269545,0.5344827586206896,24
R0367,14,1.5,24,0.382,pullback,short,fixed_sl_atr_tp,8.0,20.0,96,0.7,1.25,1.0,24,141.0,-505.8133666991083,12599.582971191452,13105.396337890565,0.9614041915514836,3995.2097045897544,-3.5873288418376474,0.48226950354609927,24,58.0,5581.598535156336,11228.201647949265,5646.603112792931,1.98848784369326,1808.6009155273305,96.23445750269545,0.5344827586206896,24
R0368,14,1.5,24,0.382,pullback,short,fixed_sl_atr_tp,8.0,20.0,96,0.7,1.5,1.0,24,141.0,-505.8133666991083,12599.582971191452,13105.396337890565,0.9614041915514836,3995.2097045897544,-3.5873288418376474,0.48226950354609927,24,58.0,5581.598535156336,11228.201647949265,5646.603112792931,1.98848784369326,1808.6009155273305,96.23445750269545,0.5344827586206896,24
R0369,14,1.5,24,0.382,pullback,short,atr_sl_fixed_tp,8.0,24.0,96,0.7,1.25,1.0,24,141.0,-505.8133666991083,12599.582971191452,13105.396337890565,0.9614041915514836,3995.2097045897544,-3.5873288418376474,0.48226950354609927,24,58.0,5581.598535156336,11228.201647949265,5646.603112792931,1.98848784369326,1808.6009155273305,96.23445750269545,0.5344827586206896,24
R0370,14,1.5,24,0.382,pullback,short,atr_sl_fixed_tp,8.0,24.0,96,0.7,1.5,1.0,24,141.0,-505.8133666991083,12599.582971191452,13105.396337890565,0.9614041915514836,3995.2097045897544,-3.5873288418376474,0.48226950354609927,24,58.0,5581.598535156336,11228.201647949265,5646.603112792931,1.98848784369326,1808.6009155273305,96.23445750269545,0.5344827586206896,24
R0371,14,1.5,24,0.382,pullback,short,fixed_sl_atr_tp,8.0,24.0,96,0.7,1.25,1.0,24,141.0,-505.8133666991083,12599.582971191452,13105.396337890565,0.9614041915514836,3995.2097045897544,-3.5873288418376474,0.48226950354609927,24,58.0,5581.598535156336,11228.201647949265,5646.603112792931,1.98848784369326,1808.6009155273305,96.23445750269545,0.5344827586206896,24
R0372,14,1.5,24,0.382,pullback,short,fixed_sl_atr_tp,8.0,24.0,96,0.7,1.5,1.0,24,141.0,-505.8133666991083,12599.582971191452,13105.396337890565,0.9614041915514836,3995.2097045897544,-3.5873288418376474,0.48226950354609927,24,58.0,5581.598535156336,11228.201647949265,5646.603112792931,1.98848784369326,1808.6009155273305,96.23445750269545,0.5344827586206896,24
R0373,14,1.5,24,0.382,pullback,short,atr_sl_fixed_tp,10.0,16.0,96,0.7,1.25,1.0,24,141.0,-505.8133666991083,12599.582971191452,13105.396337890565,0.9614041915514836,3995.2097045897544,-3.5873288418376474,0.48226950354609927,24,58.0,5581.598535156336,11228.201647949265,5646.603112792931,1.98848784369326,1808.6009155273305,96.23445750269545,0.5344827586206896,24
R0374,14,1.5,24,0.382,pullback,short,atr_sl_fixed_tp,10.0,16.0,96,0.7,1.5,1.0,24,141.0,-505.8133666991083,12599.582971191452,13105.396337890565,0.9614041915514836,3995.2097045897544,-3.5873288418376474,0.48226950354609927,24,58.0,5581.598535156336,11228.201647949265,5646.603112792931,1.98848784369326,1808.6009155273305,96.23445750269545,0.5344827586206896,24
R0375,14,1.5,24,0.382,pullback,short,fixed_sl_atr_tp,10.0,16.0,96,0.7,1.25,1.0,24,141.0,-505.8133666991083,12599.582971191452,13105.396337890565,0.9614041915514836,3995.2097045897544,-3.5873288418376474,0.48226950354609927,24,58.0,5581.598535156336,11228.201647949265,5646.603112792931,1.98848784369326,1808.6009155273305,96.23445750269545,0.5344827586206896,24
R0376,14,1.5,24,0.382,pullback,short,fixed_sl_atr_tp,10.0,16.0,96,0.7,1.5,1.0,24,141.0,-505.8133666991083,12599.582971191452,13105.396337890565,0.9614041915514836,3995.2097045897544,-3.5873288418376474,0.48226950354609927,24,58.0,5581.598535156336,11228.201647949265,5646.603112792931,1.98848784369326,1808.6009155273305,96.23445750269545,0.5344827586206896,24
R0377,14,1.5,24,0.382,pullback,short,atr_sl_fixed_tp,10.0,20.0,96,0.7,1.25,1.0,24,141.0,-505.8133666991083,12599.582971191452,13105.396337890565,0.9614041915514836,3995.2097045897544,-3.5873288418376474,0.48226950354609927,24,58.0,5581.598535156336,11228.201647949265,5646.603112792931,1.98848784369326,1808.6009155273305,96.23445750269545,0.5344827586206896,24
R0378,14,1.5,24,0.382,pullback,short,atr_sl_fixed_tp,10.0,20.0,96,0.7,1.5,1.0,24,141.0,-505.8133666991083,12599.582971191452,13105.396337890565,0.9614041915514836,3995.2097045897544,-3.5873288418376474,0.48226950354609927,24,58.0,5581.598535156336,11228.201647949265,5646.603112792931,1.98848784369326,1808.6009155273305,96.23445750269545,0.5344827586206896,24
R0379,14,1.5,24,0.382,pullback,short,fixed_sl_atr_tp,10.0,20.0,96,0.7,1.25,1.0,24,141.0,-505.8133666991083,12599.582971191452,13105.396337890565,0.9614041915514836,3995.2097045897544,-3.5873288418376474,0.48226950354609927,24,58.0,5581.598535156336,11228.201647949265,5646.603112792931,1.98848784369326,1808.6009155273305,96.23445750269545,0.5344827586206896,24
R0380,14,1.5,24,0.382,pullback,short,fixed_sl_atr_tp,10.0,20.0,96,0.7,1.5,1.0,24,141.0,-505.8133666991083,12599.582971191452,13105.396337890565,0.9614041915514836,3995.2097045897544,-3.5873288418376474,0.48226950354609927,24,58.0,5581.598535156336,11228.201647949265,5646.603112792931,1.98848784369326,1808.6009155273305,96.23445750269545,0.5344827586206896,24
R0381,14,1.5,24,0.382,pullback,short,atr_sl_fixed_tp,10.0,24.0,96,0.7,1.25,1.0,24,141.0,-505.8133666991083,12599.582971191452,13105.396337890565,0.9614041915514836,3995.2097045897544,-3.5873288418376474,0.48226950354609927,24,58.0,5581.598535156336,11228.201647949265,5646.603112792931,1.98848784369326,1808.6009155273305,96.23445750269545,0.5344827586206896,24
R0382,14,1.5,24,0.382,pullback,short,atr_sl_fixed_tp,10.0,24.0,96,0.7,1.5,1.0,24,141.0,-505.8133666991083,12599.582971191452,13105.396337890565,0.9614041915514836,3995.2097045897544,-3.5873288418376474,0.48226950354609927,24,58.0,5581.598535156336,11228.201647949265,5646.603112792931,1.98848784369326,1808.6009155273305,96.23445750269545,0.5344827586206896,24
R0383,14,1.5,24,0.382,pullback,short,fixed_sl_atr_tp,10.0,24.0,96,0.7,1.25,1.0,24,141.0,-505.8133666991083,12599.582971191452,13105.396337890565,0.9614041915514836,3995.2097045897544,-3.5873288418376474,0.48226950354609927,24,58.0,5581.598535156336,11228.201647949265,5646.603112792931,1.98848784369326,1808.6009155273305,96.23445750269545,0.5344827586206896,24
R0384,14,1.5,24,0.382,pullback,short,fixed_sl_atr_tp,10.0,24.0,96,0.7,1.5,1.0,24,141.0,-505.8133666991083,12599.582971191452,13105.396337890565,0.9614041915514836,3995.2097045897544,-3.5873288418376474,0.48226950354609927,24,58.0,5581.598535156336,11228.201647949265,5646.603112792931,1.98848784369326,1808.6009155273305,96.23445750269545,0.5344827586206896,24
R0385,14,1.5,24,0.382,pullback,short,atr_sl_fixed_tp,12.0,16.0,96,0.7,1.25,1.0,24,141.0,-505.8133666991083,12599.582971191452,13105.396337890565,0.9614041915514836,3995.2097045897544,-3.5873288418376474,0.48226950354609927,24,58.0,5581.598535156336,11228.201647949265,5646.603112792931,1.98848784369326,1808.6009155273305,96.23445750269545,0.5344827586206896,24
R0386,14,1.5,24,0.382,pullback,short,atr_sl_fixed_tp,12.0,16.0,96,0.7,1.5,1.0,24,141.0,-505.8133666991083,12599.582971191452,13105.396337890565,0.9614041915514836,3995.2097045897544,-3.5873288418376474,0.48226950354609927,24,58.0,5581.598535156336,11228.201647949265,5646.603112792931,1.98848784369326,1808.6009155273305,96.23445750269545,0.5344827586206896,24
R0387,14,1.5,24,0.382,pullback,short,fixed_sl_atr_tp,12.0,16.0,96,0.7,1.25,1.0,24,141.0,-505.8133666991083,12599.582971191452,13105.396337890565,0.9614041915514836,3995.2097045897544,-3.5873288418376474,0.48226950354609927,24,58.0,5581.598535156336,11228.201647949265,5646.603112792931,1.98848784369326,1808.6009155273305,96.23445750269545,0.5344827586206896,24
R0388,14,1.5,24,0.382,pullback,short,fixed_sl_atr_tp,12.0,16.0,96,0.7,1.5,1.0,24,141.0,-505.8133666991083,12599.582971191452,13105.396337890565,0.9614041915514836,3995.2097045897544,-3.5873288418376474,0.48226950354609927,24,58.0,5581.598535156336,11228.201647949265,5646.603112792931,1.98848784369326,1808.6009155273305,96.23445750269545,0.5344827586206896,24
R0389,14,1.5,24,0.382,pullback,short,atr_sl_fixed_tp,12.0,20.0,96,0.7,1.25,1.0,24,141.0,-505.8133666991083,12599.582971191452,13105.396337890565,0.9614041915514836,3995.2097045897544,-3.5873288418376474,0.48226950354609927,24,58.0,5581.598535156336,11228.201647949265,5646.603112792931,1.98848784369326,1808.6009155273305,96.23445750269545,0.5344827586206896,24
R0390,14,1.5,24,0.382,pullback,short,atr_sl_fixed_tp,12.0,20.0,96,0.7,1.5,1.0,24,141.0,-505.8133666991083,12599.582971191452,13105.396337890565,0.9614041915514836,3995.2097045897544,-3.5873288418376474,0.48226950354609927,24,58.0,5581.598535156336,11228.201647949265,5646.603112792931,1.98848784369326,1808.6009155273305,96.23445750269545,0.5344827586206896,24
R0391,14,1.5,24,0.382,pullback,short,fixed_sl_atr_tp,12.0,20.0,96,0.7,1.25,1.0,24,141.0,-505.8133666991083,12599.582971191452,13105.396337890565,0.9614041915514836,3995.2097045897544,-3.5873288418376474,0.48226950354609927,24,58.0,5581.598535156336,11228.201647949265,5646.603112792931,1.98848784369326,1808.6009155273305,96.23445750269545,0.5344827586206896,24
R0392,14,1.5,24,0.382,pullback,short,fixed_sl_atr_tp,12.0,20.0,96,0.7,1.5,1.0,24,141.0,-505.8133666991083,12599.582971191452,13105.396337890565,0.9614041915514836,3995.2097045897544,-3.5873288418376474,0.48226950354609927,24,58.0,5581.598535156336,11228.201647949265,5646.603112792931,1.98848784369326,1808.6009155273305,96.23445750269545,0.5344827586206896,24
R0393,14,1.5,24,0.382,pullback,short,atr_sl_fixed_tp,12.0,24.0,96,0.7,1.25,1.0,24,141.0,-505.8133666991083,12599.582971191452,13105.396337890565,0.9614041915514836,3995.2097045897544,-3.5873288418376474,0.48226950354609927,24,58.0,5581.598535156336,11228.201647949265,5646.603112792931,1.98848784369326,1808.6009155273305,96.23445750269545,0.5344827586206896,24
R0394,14,1.5,24,0.382,pullback,short,atr_sl_fixed_tp,12.0,24.0,96,0.7,1.5,1.0,24,141.0,-505.8133666991083,12599.582971191452,13105.396337890565,0.9614041915514836,3995.2097045897544,-3.5873288418376474,0.48226950354609927,24,58.0,5581.598535156336,11228.201647949265,5646.603112792931,1.98848784369326,1808.6009155273305,96.23445750269545,0.5344827586206896,24
R0395,14,1.5,24,0.382,pullback,short,fixed_sl_atr_tp,12.0,24.0,96,0.7,1.25,1.0,24,141.0,-505.8133666991083,12599.582971191452,13105.396337890565,0.9614041915514836,3995.2097045897544,-3.5873288418376474,0.48226950354609927,24,58.0,5581.598535156336,11228.201647949265,5646.603112792931,1.98848784369326,1808.6009155273305,96.23445750269545,0.5344827586206896,24
R0396,14,1.5,24,0.382,pullback,short,fixed_sl_atr_tp,12.0,24.0,96,0.7,1.5,1.0,24,141.0,-505.8133666991083,12599.582971191452,13105.396337890565,0.9614041915514836,3995.2097045897544,-3.5873288418376474,0.48226950354609927,24,58.0,5581.598535156336,11228.201647949265,5646.603112792931,1.98848784369326,1808.6009155273305,96.23445750269545,0.5344827586206896,24
R0289,14,1.5,12,0.382,pullback,short,atr_sl_fixed_tp,8.0,16.0,96,0.7,1.25,1.0,24,143.0,-927.4075073240949,11625.393957519585,12552.801464843686,0.9261194793909976,3400.6075073241577,-6.48536718408458,0.46853146853146854,24,67.0,3495.4042114258655,15299.596704101627,11804.19249267576,1.2961154872385119,3087.8020141601546,52.170212110833816,0.5671641791044776,24
R0290,14,1.5,12,0.382,pullback,short,atr_sl_fixed_tp,8.0,16.0,96,0.7,1.5,1.0,24,143.0,-927.4075073240949,11625.393957519585,12552.801464843686,0.9261194793909976,3400.6075073241577,-6.48536718408458,0.46853146853146854,24,67.0,3495.4042114258655,15299.596704101627,11804.19249267576,1.2961154872385119,3087.8020141601546,52.170212110833816,0.5671641791044776,24
R0291,14,1.5,12,0.382,pullback,short,fixed_sl_atr_tp,8.0,16.0,96,0.7,1.25,1.0,24,143.0,-927.4075073240949,11625.393957519585,12552.801464843686,0.9261194793909976,3400.6075073241577,-6.48536718408458,0.46853146853146854,24,67.0,3495.4042114258655,15299.596704101627,11804.19249267576,1.2961154872385119,3087.8020141601546,52.170212110833816,0.5671641791044776,24
R0292,14,1.5,12,0.382,pullback,short,fixed_sl_atr_tp,8.0,16.0,96,0.7,1.5,1.0,24,143.0,-927.4075073240949,11625.393957519585,12552.801464843686,0.9261194793909976,3400.6075073241577,-6.48536718408458,0.46853146853146854,24,67.0,3495.4042114258655,15299.596704101627,11804.19249267576,1.2961154872385119,3087.8020141601546,52.170212110833816,0.5671641791044776,24
R0293,14,1.5,12,0.382,pullback,short,atr_sl_fixed_tp,8.0,20.0,96,0.7,1.25,1.0,24,143.0,-927.4075073240949,11625.393957519585,12552.801464843686,0.9261194793909976,3400.6075073241577,-6.48536718408458,0.46853146853146854,24,67.0,3495.4042114258655,15299.596704101627,11804.19249267576,1.2961154872385119,3087.8020141601546,52.170212110833816,0.5671641791044776,24
R0294,14,1.5,12,0.382,pullback,short,atr_sl_fixed_tp,8.0,20.0,96,0.7,1.5,1.0,24,143.0,-927.4075073240949,11625.393957519585,12552.801464843686,0.9261194793909976,3400.6075073241577,-6.48536718408458,0.46853146853146854,24,67.0,3495.4042114258655,15299.596704101627,11804.19249267576,1.2961154872385119,3087.8020141601546,52.170212110833816,0.5671641791044776,24
R0295,14,1.5,12,0.382,pullback,short,fixed_sl_atr_tp,8.0,20.0,96,0.7,1.25,1.0,24,143.0,-927.4075073240949,11625.393957519585,12552.801464843686,0.9261194793909976,3400.6075073241577,-6.48536718408458,0.46853146853146854,24,67.0,3495.4042114258655,15299.596704101627,11804.19249267576,1.2961154872385119,3087.8020141601546,52.170212110833816,0.5671641791044776,24
R0296,14,1.5,12,0.382,pullback,short,fixed_sl_atr_tp,8.0,20.0,96,0.7,1.5,1.0,24,143.0,-927.4075073240949,11625.393957519585,12552.801464843686,0.9261194793909976,3400.6075073241577,-6.48536718408458,0.46853146853146854,24,67.0,3495.4042114258655,15299.596704101627,11804.19249267576,1.2961154872385119,3087.8020141601546,52.170212110833816,0.5671641791044776,24
R0297,14,1.5,12,0.382,pullback,short,atr_sl_fixed_tp,8.0,24.0,96,0.7,1.25,1.0,24,143.0,-927.4075073240949,11625.393957519585,12552.801464843686,0.9261194793909976,3400.6075073241577,-6.48536718408458,0.46853146853146854,24,67.0,3495.4042114258655,15299.596704101627,11804.19249267576,1.2961154872385119,3087.8020141601546,52.170212110833816,0.5671641791044776,24
R0298,14,1.5,12,0.382,pullback,short,atr_sl_fixed_tp,8.0,24.0,96,0.7,1.5,1.0,24,143.0,-927.4075073240949,11625.393957519585,12552.801464843686,0.9261194793909976,3400.6075073241577,-6.48536718408458,0.46853146853146854,24,67.0,3495.4042114258655,15299.596704101627,11804.19249267576,1.2961154872385119,3087.8020141601546,52.170212110833816,0.5671641791044776,24
R0299,14,1.5,12,0.382,pullback,short,fixed_sl_atr_tp,8.0,24.0,96,0.7,1.25,1.0,24,143.0,-927.4075073240949,11625.393957519585,12552.801464843686,0.9261194793909976,3400.6075073241577,-6.48536718408458,0.46853146853146854,24,67.0,3495.4042114258655,15299.596704101627,11804.19249267576,1.2961154872385119,3087.8020141601546,52.170212110833816,0.5671641791044776,24
R0300,14,1.5,12,0.382,pullback,short,fixed_sl_atr_tp,8.0,24.0,96,0.7,1.5,1.0,24,143.0,-927.4075073240949,11625.393957519585,12552.801464843686,0.9261194793909976,3400.6075073241577,-6.48536718408458,0.46853146853146854,24,67.0,3495.4042114258655,15299.596704101627,11804.19249267576,1.2961154872385119,3087.8020141601546,52.170212110833816,0.5671641791044776,24
R0301,14,1.5,12,0.382,pullback,short,atr_sl_fixed_tp,10.0,16.0,96,0.7,1.25,1.0,24,143.0,-927.4075073240949,11625.393957519585,12552.801464843686,0.9261194793909976,3400.6075073241577,-6.48536718408458,0.46853146853146854,24,67.0,3495.4042114258655,15299.596704101627,11804.19249267576,1.2961154872385119,3087.8020141601546,52.170212110833816,0.5671641791044776,24
R0302,14,1.5,12,0.382,pullback,short,atr_sl_fixed_tp,10.0,16.0,96,0.7,1.5,1.0,24,143.0,-927.4075073240949,11625.393957519585,12552.801464843686,0.9261194793909976,3400.6075073241577,-6.48536718408458,0.46853146853146854,24,67.0,3495.4042114258655,15299.596704101627,11804.19249267576,1.2961154872385119,3087.8020141601546,52.170212110833816,0.5671641791044776,24
R0303,14,1.5,12,0.382,pullback,short,fixed_sl_atr_tp,10.0,16.0,96,0.7,1.25,1.0,24,143.0,-927.4075073240949,11625.393957519585,12552.801464843686,0.9261194793909976,3400.6075073241577,-6.48536718408458,0.46853146853146854,24,67.0,3495.4042114258655,15299.596704101627,11804.19249267576,1.2961154872385119,3087.8020141601546,52.170212110833816,0.5671641791044776,24
R0304,14,1.5,12,0.382,pullback,short,fixed_sl_atr_tp,10.0,16.0,96,0.7,1.5,1.0,24,143.0,-927.4075073240949,11625.393957519585,12552.801464843686,0.9261194793909976,3400.6075073241577,-6.48536718408458,0.46853146853146854,24,67.0,3495.4042114258655,15299.596704101627,11804.19249267576,1.2961154872385119,3087.8020141601546,52.170212110833816,0.5671641791044776,24
R0305,14,1.5,12,0.382,pullback,short,atr_sl_fixed_tp,10.0,20.0,96,0.7,1.25,1.0,24,143.0,-927.4075073240949,11625.393957519585,12552.801464843686,0.9261194793909976,3400.6075073241577,-6.48536718408458,0.46853146853146854,24,67.0,3495.4042114258655,15299.596704101627,11804.19249267576,1.2961154872385119,3087.8020141601546,52.170212110833816,0.5671641791044776,24
R0306,14,1.5,12,0.382,pullback,short,atr_sl_fixed_tp,10.0,20.0,96,0.7,1.5,1.0,24,143.0,-927.4075073240949,11625.393957519585,12552.801464843686,0.9261194793909976,3400.6075073241577,-6.48536718408458,0.46853146853146854,24,67.0,3495.4042114258655,15299.596704101627,11804.19249267576,1.2961154872385119,3087.8020141601546,52.170212110833816,0.5671641791044776,24
R0307,14,1.5,12,0.382,pullback,short,fixed_sl_atr_tp,10.0,20.0,96,0.7,1.25,1.0,24,143.0,-927.4075073240949,11625.393957519585,12552.801464843686,0.9261194793909976,3400.6075073241577,-6.48536718408458,0.46853146853146854,24,67.0,3495.4042114258655,15299.596704101627,11804.19249267576,1.2961154872385119,3087.8020141601546,52.170212110833816,0.5671641791044776,24
R0308,14,1.5,12,0.382,pullback,short,fixed_sl_atr_tp,10.0,20.0,96,0.7,1.5,1.0,24,143.0,-927.4075073240949,11625.393957519585,12552.801464843686,0.9261194793909976,3400.6075073241577,-6.48536718408458,0.46853146853146854,24,67.0,3495.4042114258655,15299.596704101627,11804.19249267576,1.2961154872385119,3087.8020141601546,52.170212110833816,0.5671641791044776,24
R0309,14,1.5,12,0.382,pullback,short,atr_sl_fixed_tp,10.0,24.0,96,0.7,1.25,1.0,24,143.0,-927.4075073240949,11625.393957519585,12552.801464843686,0.9261194793909976,3400.6075073241577,-6.48536718408458,0.46853146853146854,24,67.0,3495.4042114258655,15299.596704101627,11804.19249267576,1.2961154872385119,3087.8020141601546,52.170212110833816,0.5671641791044776,24
R0310,14,1.5,12,0.382,pullback,short,atr_sl_fixed_tp,10.0,24.0,96,0.7,1.5,1.0,24,143.0,-927.4075073240949,11625.393957519585,12552.801464843686,0.9261194793909976,3400.6075073241577,-6.48536718408458,0.46853146853146854,24,67.0,3495.4042114258655,15299.596704101627,11804.19249267576,1.2961154872385119,3087.8020141601546,52.170212110833816,0.5671641791044776,24
R0311,14,1.5,12,0.382,pullback,short,fixed_sl_atr_tp,10.0,24.0,96,0.7,1.25,1.0,24,143.0,-927.4075073240949,11625.393957519585,12552.801464843686,0.9261194793909976,3400.6075073241577,-6.48536718408458,0.46853146853146854,24,67.0,3495.4042114258655,15299.596704101627,11804.19249267576,1.2961154872385119,3087.8020141601546,52.170212110833816,0.5671641791044776,24
R0312,14,1.5,12,0.382,pullback,short,fixed_sl_atr_tp,10.0,24.0,96,0.7,1.5,1.0,24,143.0,-927.4075073240949,11625.393957519585,12552.801464843686,0.9261194793909976,3400.6075073241577,-6.48536718408458,0.46853146853146854,24,67.0,3495.4042114258655,15299.596704101627,11804.19249267576,1.2961154872385119,3087.8020141601546,52.170212110833816,0.5671641791044776,24
R0313,14,1.5,12,0.382,pullback,short,atr_sl_fixed_tp,12.0,16.0,96,0.7,1.25,1.0,24,143.0,-927.4075073240949,11625.393957519585,12552.801464843686,0.9261194793909976,3400.6075073241577,-6.48536718408458,0.46853146853146854,24,67.0,3495.4042114258655,15299.596704101627,11804.19249267576,1.2961154872385119,3087.8020141601546,52.170212110833816,0.5671641791044776,24
R0314,14,1.5,12,0.382,pullback,short,atr_sl_fixed_tp,12.0,16.0,96,0.7,1.5,1.0,24,143.0,-927.4075073240949,11625.393957519585,12552.801464843686,0.9261194793909976,3400.6075073241577,-6.48536718408458,0.46853146853146854,24,67.0,3495.4042114258655,15299.596704101627,11804.19249267576,1.2961154872385119,3087.8020141601546,52.170212110833816,0.5671641791044776,24
R0315,14,1.5,12,0.382,pullback,short,fixed_sl_atr_tp,12.0,16.0,96,0.7,1.25,1.0,24,143.0,-927.4075073240949,11625.393957519585,12552.801464843686,0.9261194793909976,3400.6075073241577,-6.48536718408458,0.46853146853146854,24,67.0,3495.4042114258655,15299.596704101627,11804.19249267576,1.2961154872385119,3087.8020141601546,52.170212110833816,0.5671641791044776,24
R0316,14,1.5,12,0.382,pullback,short,fixed_sl_atr_tp,12.0,16.0,96,0.7,1.5,1.0,24,143.0,-927.4075073240949,11625.393957519585,12552.801464843686,0.9261194793909976,3400.6075073241577,-6.48536718408458,0.46853146853146854,24,67.0,3495.4042114258655,15299.596704101627,11804.19249267576,1.2961154872385119,3087.8020141601546,52.170212110833816,0.5671641791044776,24
R0317,14,1.5,12,0.382,pullback,short,atr_sl_fixed_tp,12.0,20.0,96,0.7,1.25,1.0,24,143.0,-927.4075073240949,11625.393957519585,12552.801464843686,0.9261194793909976,3400.6075073241577,-6.48536718408458,0.46853146853146854,24,67.0,3495.4042114258655,15299.596704101627,11804.19249267576,1.2961154872385119,3087.8020141601546,52.170212110833816,0.5671641791044776,24
R0318,14,1.5,12,0.382,pullback,short,atr_sl_fixed_tp,12.0,20.0,96,0.7,1.5,1.0,24,143.0,-927.4075073240949,11625.393957519585,12552.801464843686,0.9261194793909976,3400.6075073241577,-6.48536718408458,0.46853146853146854,24,67.0,3495.4042114258655,15299.596704101627,11804.19249267576,1.2961154872385119,3087.8020141601546,52.170212110833816,0.5671641791044776,24
R0319,14,1.5,12,0.382,pullback,short,fixed_sl_atr_tp,12.0,20.0,96,0.7,1.25,1.0,24,143.0,-927.4075073240949,11625.393957519585,12552.801464843686,0.9261194793909976,3400.6075073241577,-6.48536718408458,0.46853146853146854,24,67.0,3495.4042114258655,15299.596704101627,11804.19249267576,1.2961154872385119,3087.8020141601546,52.170212110833816,0.5671641791044776,24
R0320,14,1.5,12,0.382,pullback,short,fixed_sl_atr_tp,12.0,20.0,96,0.7,1.5,1.0,24,143.0,-927.4075073240949,11625.393957519585,12552.801464843686,0.9261194793909976,3400.6075073241577,-6.48536718408458,0.46853146853146854,24,67.0,3495.4042114258655,15299.596704101627,11804.19249267576,1.2961154872385119,3087.8020141601546,52.170212110833816,0.5671641791044776,24
R0321,14,1.5,12,0.382,pullback,short,atr_sl_fixed_tp,12.0,24.0,96,0.7,1.25,1.0,24,143.0,-927.4075073240949,11625.393957519585,12552.801464843686,0.9261194793909976,3400.6075073241577,-6.48536718408458,0.46853146853146854,24,67.0,3495.4042114258655,15299.596704101627,11804.19249267576,1.2961154872385119,3087.8020141601546,52.170212110833816,0.5671641791044776,24
R0322,14,1.5,12,0.382,pullback,short,atr_sl_fixed_tp,12.0,24.0,96,0.7,1.5,1.0,24,143.0,-927.4075073240949,11625.393957519585,12552.801464843686,0.9261194793909976,3400.6075073241577,-6.48536718408458,0.46853146853146854,24,67.0,3495.4042114258655,15299.596704101627,11804.19249267576,1.2961154872385119,3087.8020141601546,52.170212110833816,0.5671641791044776,24
R0323,14,1.5,12,0.382,pullback,short,fixed_sl_atr_tp,12.0,24.0,96,0.7,1.25,1.0,24,143.0,-927.4075073240949,11625.393957519585,12552.801464843686,0.9261194793909976,3400.6075073241577,-6.48536718408458,0.46853146853146854,24,67.0,3495.4042114258655,15299.596704101627,11804.19249267576,1.2961154872385119,3087.8020141601546,52.170212110833816,0.5671641791044776,24
R0324,14,1.5,12,0.382,pullback,short,fixed_sl_atr_tp,12.0,24.0,96,0.7,1.5,1.0,24,143.0,-927.4075073240949,11625.393957519585,12552.801464843686,0.9261194793909976,3400.6075073241577,-6.48536718408458,0.46853146853146854,24,67.0,3495.4042114258655,15299.596704101627,11804.19249267576,1.2961154872385119,3087.8020141601546,52.170212110833816,0.5671641791044776,24
R0001,10,1.5,12,0.382,pullback,short,atr_sl_fixed_tp,8.0,16.0,96,0.7,1.25,1.0,24,144.0,-955.2065917967589,11209.195605468793,12164.40219726555,0.9214752540810037,2824.2043945311943,-6.633379109699714,0.4583333333333333,24,68.0,3923.609338379003,15436.000549316466,11512.391210937461,1.340816192438921,3087.8020141601546,57.700137329102986,0.5882352941176471,24
R0002,10,1.5,12,0.382,pullback,short,atr_sl_fixed_tp,8.0,16.0,96,0.7,1.5,1.0,24,144.0,-955.2065917967589,11209.195605468793,12164.40219726555,0.9214752540810037,2824.2043945311943,-6.633379109699714,0.4583333333333333,24,68.0,3923.609338379003,15436.000549316466,11512.391210937461,1.340816192438921,3087.8020141601546,57.700137329102986,0.5882352941176471,24
R0003,10,1.5,12,0.382,pullback,short,fixed_sl_atr_tp,8.0,16.0,96,0.7,1.25,1.0,24,144.0,-955.2065917967589,11209.195605468793,12164.40219726555,0.9214752540810037,2824.2043945311943,-6.633379109699714,0.4583333333333333,24,68.0,3923.609338379003,15436.000549316466,11512.391210937461,1.340816192438921,3087.8020141601546,57.700137329102986,0.5882352941176471,24
R0004,10,1.5,12,0.382,pullback,short,fixed_sl_atr_tp,8.0,16.0,96,0.7,1.5,1.0,24,144.0,-955.2065917967589,11209.195605468793,12164.40219726555,0.9214752540810037,2824.2043945311943,-6.633379109699714,0.4583333333333333,24,68.0,3923.609338379003,15436.000549316466,11512.391210937461,1.340816192438921,3087.8020141601546,57.700137329102986,0.5882352941176471,24
R0005,10,1.5,12,0.382,pullback,short,atr_sl_fixed_tp,8.0,20.0,96,0.7,1.25,1.0,24,144.0,-955.2065917967589,11209.195605468793,12164.40219726555,0.9214752540810037,2824.2043945311943,-6.633379109699714,0.4583333333333333,24,68.0,3923.609338379003,15436.000549316466,11512.391210937461,1.340816192438921,3087.8020141601546,57.700137329102986,0.5882352941176471,24
R0006,10,1.5,12,0.382,pullback,short,atr_sl_fixed_tp,8.0,20.0,96,0.7,1.5,1.0,24,144.0,-955.2065917967589,11209.195605468793,12164.40219726555,0.9214752540810037,2824.2043945311943,-6.633379109699714,0.4583333333333333,24,68.0,3923.609338379003,15436.000549316466,11512.391210937461,1.340816192438921,3087.8020141601546,57.700137329102986,0.5882352941176471,24
R0007,10,1.5,12,0.382,pullback,short,fixed_sl_atr_tp,8.0,20.0,96,0.7,1.25,1.0,24,144.0,-955.2065917967589,11209.195605468793,12164.40219726555,0.9214752540810037,2824.2043945311943,-6.633379109699714,0.4583333333333333,24,68.0,3923.609338379003,15436.000549316466,11512.391210937461,1.340816192438921,3087.8020141601546,57.700137329102986,0.5882352941176471,24
R0008,10,1.5,12,0.382,pullback,short,fixed_sl_atr_tp,8.0,20.0,96,0.7,1.5,1.0,24,144.0,-955.2065917967589,11209.195605468793,12164.40219726555,0.9214752540810037,2824.2043945311943,-6.633379109699714,0.4583333333333333,24,68.0,3923.609338379003,15436.000549316466,11512.391210937461,1.340816192438921,3087.8020141601546,57.700137329102986,0.5882352941176471,24
R0009,10,1.5,12,0.382,pullback,short,atr_sl_fixed_tp,8.0,24.0,96,0.7,1.25,1.0,24,144.0,-955.2065917967589,11209.195605468793,12164.40219726555,0.9214752540810037,2824.2043945311943,-6.633379109699714,0.4583333333333333,24,68.0,3923.609338379003,15436.000549316466,11512.391210937461,1.340816192438921,3087.8020141601546,57.700137329102986,0.5882352941176471,24
R0010,10,1.5,12,0.382,pullback,short,atr_sl_fixed_tp,8.0,24.0,96,0.7,1.5,1.0,24,144.0,-955.2065917967589,11209.195605468793,12164.40219726555,0.9214752540810037,2824.2043945311943,-6.633379109699714,0.4583333333333333,24,68.0,3923.609338379003,15436.000549316466,11512.391210937461,1.340816192438921,3087.8020141601546,57.700137329102986,0.5882352941176471,24
R0011,10,1.5,12,0.382,pullback,short,fixed_sl_atr_tp,8.0,24.0,96,0.7,1.25,1.0,24,144.0,-955.2065917967589,11209.195605468793,12164.40219726555,0.9214752540810037,2824.2043945311943,-6.633379109699714,0.4583333333333333,24,68.0,3923.609338379003,15436.000549316466,11512.391210937461,1.340816192438921,3087.8020141601546,57.700137329102986,0.5882352941176471,24
R0012,10,1.5,12,0.382,pullback,short,fixed_sl_atr_tp,8.0,24.0,96,0.7,1.5,1.0,24,144.0,-955.2065917967589,11209.195605468793,12164.40219726555,0.9214752540810037,2824.2043945311943,-6.633379109699714,0.4583333333333333,24,68.0,3923.609338379003,15436.000549316466,11512.391210937461,1.340816192438921,3087.8020141601546,57.700137329102986,0.5882352941176471,24
R0013,10,1.5,12,0.382,pullback,short,atr_sl_fixed_tp,10.0,16.0,96,0.7,1.25,1.0,24,144.0,-955.2065917967589,11209.195605468793,12164.40219726555,0.9214752540810037,2824.2043945311943,-6.633379109699714,0.4583333333333333,24,68.0,3923.609338379003,15436.000549316466,11512.391210937461,1.340816192438921,3087.8020141601546,57.700137329102986,0.5882352941176471,24
R0014,10,1.5,12,0.382,pullback,short,atr_sl_fixed_tp,10.0,16.0,96,0.7,1.5,1.0,24,144.0,-955.2065917967589,11209.195605468793,12164.40219726555,0.9214752540810037,2824.2043945311943,-6.633379109699714,0.4583333333333333,24,68.0,3923.609338379003,15436.000549316466,11512.391210937461,1.340816192438921,3087.8020141601546,57.700137329102986,0.5882352941176471,24
R0015,10,1.5,12,0.382,pullback,short,fixed_sl_atr_tp,10.0,16.0,96,0.7,1.25,1.0,24,144.0,-955.2065917967589,11209.195605468793,12164.40219726555,0.9214752540810037,2824.2043945311943,-6.633379109699714,0.4583333333333333,24,68.0,3923.609338379003,15436.000549316466,11512.391210937461,1.340816192438921,3087.8020141601546,57.700137329102986,0.5882352941176471,24
R0016,10,1.5,12,0.382,pullback,short,fixed_sl_atr_tp,10.0,16.0,96,0.7,1.5,1.0,24,144.0,-955.2065917967589,11209.195605468793,12164.40219726555,0.9214752540810037,2824.2043945311943,-6.633379109699714,0.4583333333333333,24,68.0,3923.609338379003,15436.000549316466,11512.391210937461,1.340816192438921,3087.8020141601546,57.700137329102986,0.5882352941176471,24
R0017,10,1.5,12,0.382,pullback,short,atr_sl_fixed_tp,10.0,20.0,96,0.7,1.25,1.0,24,144.0,-955.2065917967589,11209.195605468793,12164.40219726555,0.9214752540810037,2824.2043945311943,-6.633379109699714,0.4583333333333333,24,68.0,3923.609338379003,15436.000549316466,11512.391210937461,1.340816192438921,3087.8020141601546,57.700137329102986,0.5882352941176471,24
R0018,10,1.5,12,0.382,pullback,short,atr_sl_fixed_tp,10.0,20.0,96,0.7,1.5,1.0,24,144.0,-955.2065917967589,11209.195605468793,12164.40219726555,0.9214752540810037,2824.2043945311943,-6.633379109699714,0.4583333333333333,24,68.0,3923.609338379003,15436.000549316466,11512.391210937461,1.340816192438921,3087.8020141601546,57.700137329102986,0.5882352941176471,24
R0019,10,1.5,12,0.382,pullback,short,fixed_sl_atr_tp,10.0,20.0,96,0.7,1.25,1.0,24,144.0,-955.2065917967589,11209.195605468793,12164.40219726555,0.9214752540810037,2824.2043945311943,-6.633379109699714,0.4583333333333333,24,68.0,3923.609338379003,15436.000549316466,11512.391210937461,1.340816192438921,3087.8020141601546,57.700137329102986,0.5882352941176471,24
R0020,10,1.5,12,0.382,pullback,short,fixed_sl_atr_tp,10.0,20.0,96,0.7,1.5,1.0,24,144.0,-955.2065917967589,11209.195605468793,12164.40219726555,0.9214752540810037,2824.2043945311943,-6.633379109699714,0.4583333333333333,24,68.0,3923.609338379003,15436.000549316466,11512.391210937461,1.340816192438921,3087.8020141601546,57.700137329102986,0.5882352941176471,24
R0021,10,1.5,12,0.382,pullback,short,atr_sl_fixed_tp,10.0,24.0,96,0.7,1.25,1.0,24,144.0,-955.2065917967589,11209.195605468793,12164.40219726555,0.9214752540810037,2824.2043945311943,-6.633379109699714,0.4583333333333333,24,68.0,3923.609338379003,15436.000549316466,11512.391210937461,1.340816192438921,3087.8020141601546,57.700137329102986,0.5882352941176471,24
R0022,10,1.5,12,0.382,pullback,short,atr_sl_fixed_tp,10.0,24.0,96,0.7,1.5,1.0,24,144.0,-955.2065917967589,11209.195605468793,12164.40219726555,0.9214752540810037,2824.2043945311943,-6.633379109699714,0.4583333333333333,24,68.0,3923.609338379003,15436.000549316466,11512.391210937461,1.340816192438921,3087.8020141601546,57.700137329102986,0.5882352941176471,24
R0023,10,1.5,12,0.382,pullback,short,fixed_sl_atr_tp,10.0,24.0,96,0.7,1.25,1.0,24,144.0,-955.2065917967589,11209.195605468793,12164.40219726555,0.9214752540810037,2824.2043945311943,-6.633379109699714,0.4583333333333333,24,68.0,3923.609338379003,15436.000549316466,11512.391210937461,1.340816192438921,3087.8020141601546,57.700137329102986,0.5882352941176471,24
R0024,10,1.5,12,0.382,pullback,short,fixed_sl_atr_tp,10.0,24.0,96,0.7,1.5,1.0,24,144.0,-955.2065917967589,11209.195605468793,12164.40219726555,0.9214752540810037,2824.2043945311943,-6.633379109699714,0.4583333333333333,24,68.0,3923.609338379003,15436.000549316466,11512.391210937461,1.340816192438921,3087.8020141601546,57.700137329102986,0.5882352941176471,24
R0025,10,1.5,12,0.382,pullback,short,atr_sl_fixed_tp,12.0,16.0,96,0.7,1.25,1.0,24,144.0,-955.2065917967589,11209.195605468793,12164.40219726555,0.9214752540810037,2824.2043945311943,-6.633379109699714,0.4583333333333333,24,68.0,3923.609338379003,15436.000549316466,11512.391210937461,1.340816192438921,3087.8020141601546,57.700137329102986,0.5882352941176471,24
R0026,10,1.5,12,0.382,pullback,short,atr_sl_fixed_tp,12.0,16.0,96,0.7,1.5,1.0,24,144.0,-955.2065917967589,11209.195605468793,12164.40219726555,0.9214752540810037,2824.2043945311943,-6.633379109699714,0.4583333333333333,24,68.0,3923.609338379003,15436.000549316466,11512.391210937461,1.340816192438921,3087.8020141601546,57.700137329102986,0.5882352941176471,24
R0027,10,1.5,12,0.382,pullback,short,fixed_sl_atr_tp,12.0,16.0,96,0.7,1.25,1.0,24,144.0,-955.2065917967589,11209.195605468793,12164.40219726555,0.9214752540810037,2824.2043945311943,-6.633379109699714,0.4583333333333333,24,68.0,3923.609338379003,15436.000549316466,11512.391210937461,1.340816192438921,3087.8020141601546,57.700137329102986,0.5882352941176471,24
R0028,10,1.5,12,0.382,pullback,short,fixed_sl_atr_tp,12.0,16.0,96,0.7,1.5,1.0,24,144.0,-955.2065917967589,11209.195605468793,12164.40219726555,0.9214752540810037,2824.2043945311943,-6.633379109699714,0.4583333333333333,24,68.0,3923.609338379003,15436.000549316466,11512.391210937461,1.340816192438921,3087.8020141601546,57.700137329102986,0.5882352941176471,24
R0029,10,1.5,12,0.382,pullback,short,atr_sl_fixed_tp,12.0,20.0,96,0.7,1.25,1.0,24,144.0,-955.2065917967589,11209.195605468793,12164.40219726555,0.9214752540810037,2824.2043945311943,-6.633379109699714,0.4583333333333333,24,68.0,3923.609338379003,15436.000549316466,11512.391210937461,1.340816192438921,3087.8020141601546,57.700137329102986,0.5882352941176471,24
R0030,10,1.5,12,0.382,pullback,short,atr_sl_fixed_tp,12.0,20.0,96,0.7,1.5,1.0,24,144.0,-955.2065917967589,11209.195605468793,12164.40219726555,0.9214752540810037,2824.2043945311943,-6.633379109699714,0.4583333333333333,24,68.0,3923.609338379003,15436.000549316466,11512.391210937461,1.340816192438921,3087.8020141601546,57.700137329102986,0.5882352941176471,24
R0031,10,1.5,12,0.382,pullback,short,fixed_sl_atr_tp,12.0,20.0,96,0.7,1.25,1.0,24,144.0,-955.2065917967589,11209.195605468793,12164.40219726555,0.9214752540810037,2824.2043945311943,-6.633379109699714,0.4583333333333333,24,68.0,3923.609338379003,15436.000549316466,11512.391210937461,1.340816192438921,3087.8020141601546,57.700137329102986,0.5882352941176471,24
R0032,10,1.5,12,0.382,pullback,short,fixed_sl_atr_tp,12.0,20.0,96,0.7,1.5,1.0,24,144.0,-955.2065917967589,11209.195605468793,12164.40219726555,0.9214752540810037,2824.2043945311943,-6.633379109699714,0.4583333333333333,24,68.0,3923.609338379003,15436.000549316466,11512.391210937461,1.340816192438921,3087.8020141601546,57.700137329102986,0.5882352941176471,24
R0033,10,1.5,12,0.382,pullback,short,atr_sl_fixed_tp,12.0,24.0,96,0.7,1.25,1.0,24,144.0,-955.2065917967589,11209.195605468793,12164.40219726555,0.9214752540810037,2824.2043945311943,-6.633379109699714,0.4583333333333333,24,68.0,3923.609338379003,15436.000549316466,11512.391210937461,1.340816192438921,3087.8020141601546,57.700137329102986,0.5882352941176471,24
R0034,10,1.5,12,0.382,pullback,short,atr_sl_fixed_tp,12.0,24.0,96,0.7,1.5,1.0,24,144.0,-955.2065917967589,11209.195605468793,12164.40219726555,0.9214752540810037,2824.2043945311943,-6.633379109699714,0.4583333333333333,24,68.0,3923.609338379003,15436.000549316466,11512.391210937461,1.340816192438921,3087.8020141601546,57.700137329102986,0.5882352941176471,24
R0035,10,1.5,12,0.382,pullback,short,fixed_sl_atr_tp,12.0,24.0,96,0.7,1.25,1.0,24,144.0,-955.2065917967589,11209.195605468793,12164.40219726555,0.9214752540810037,2824.2043945311943,-6.633379109699714,0.4583333333333333,24,68.0,3923.609338379003,15436.000549316466,11512.391210937461,1.340816192438921,3087.8020141601546,57.700137329102986,0.5882352941176471,24
R0036,10,1.5,12,0.382,pullback,short,fixed_sl_atr_tp,12.0,24.0,96,0.7,1.5,1.0,24,144.0,-955.2065917967589,11209.195605468793,12164.40219726555,0.9214752540810037,2824.2043945311943,-6.633379109699714,0.4583333333333333,24,68.0,3923.609338379003,15436.000549316466,11512.391210937461,1.340816192438921,3087.8020141601546,57.700137329102986,0.5882352941176471,24
R0325,14,1.5,12,0.5,pullback,short,atr_sl_fixed_tp,8.0,16.0,96,0.7,1.25,1.0,24,138.0,-1076.4172119139357,11486.182055664112,12562.599267578049,0.9143157248761419,3818.6172119139856,-7.800124724014027,0.4420289855072464,23.97826086956522,61.0,3812.19725341802,12576.003295898468,8763.806042480452,1.4349933390742906,3009.8005493164055,62.49503694127902,0.4918032786885246,23.901639344262296
R0326,14,1.5,12,0.5,pullback,short,atr_sl_fixed_tp,8.0,16.0,96,0.7,1.5,1.0,24,138.0,-1076.4172119139357,11486.182055664112,12562.599267578049,0.9143157248761419,3818.6172119139856,-7.800124724014027,0.4420289855072464,23.97826086956522,61.0,3812.19725341802,12576.003295898468,8763.806042480452,1.4349933390742906,3009.8005493164055,62.49503694127902,0.4918032786885246,23.901639344262296
R0327,14,1.5,12,0.5,pullback,short,fixed_sl_atr_tp,8.0,16.0,96,0.7,1.25,1.0,24,138.0,-1076.4172119139357,11486.182055664112,12562.599267578049,0.9143157248761419,3818.6172119139856,-7.800124724014027,0.4420289855072464,23.97826086956522,61.0,3812.19725341802,12576.003295898468,8763.806042480452,1.4349933390742906,3009.8005493164055,62.49503694127902,0.4918032786885246,23.901639344262296
R0328,14,1.5,12,0.5,pullback,short,fixed_sl_atr_tp,8.0,16.0,96,0.7,1.5,1.0,24,138.0,-1076.4172119139357,11486.182055664112,12562.599267578049,0.9143157248761419,3818.6172119139856,-7.800124724014027,0.4420289855072464,23.97826086956522,61.0,3812.19725341802,12576.003295898468,8763.806042480452,1.4349933390742906,3009.8005493164055,62.49503694127902,0.4918032786885246,23.901639344262296
R0329,14,1.5,12,0.5,pullback,short,atr_sl_fixed_tp,8.0,20.0,96,0.7,1.25,1.0,24,138.0,-1076.4172119139357,11486.182055664112,12562.599267578049,0.9143157248761419,3818.6172119139856,-7.800124724014027,0.4420289855072464,23.97826086956522,61.0,3812.19725341802,12576.003295898468,8763.806042480452,1.4349933390742906,3009.8005493164055,62.49503694127902,0.4918032786885246,23.901639344262296
R0330,14,1.5,12,0.5,pullback,short,atr_sl_fixed_tp,8.0,20.0,96,0.7,1.5,1.0,24,138.0,-1076.4172119139357,11486.182055664112,12562.599267578049,0.9143157248761419,3818.6172119139856,-7.800124724014027,0.4420289855072464,23.97826086956522,61.0,3812.19725341802,12576.003295898468,8763.806042480452,1.4349933390742906,3009.8005493164055,62.49503694127902,0.4918032786885246,23.901639344262296
R0331,14,1.5,12,0.5,pullback,short,fixed_sl_atr_tp,8.0,20.0,96,0.7,1.25,1.0,24,138.0,-1076.4172119139357,11486.182055664112,12562.599267578049,0.9143157248761419,3818.6172119139856,-7.800124724014027,0.4420289855072464,23.97826086956522,61.0,3812.19725341802,12576.003295898468,8763.806042480452,1.4349933390742906,3009.8005493164055,62.49503694127902,0.4918032786885246,23.901639344262296
R0332,14,1.5,12,0.5,pullback,short,fixed_sl_atr_tp,8.0,20.0,96,0.7,1.5,1.0,24,138.0,-1076.4172119139357,11486.182055664112,12562.599267578049,0.9143157248761419,3818.6172119139856,-7.800124724014027,0.4420289855072464,23.97826086956522,61.0,3812.19725341802,12576.003295898468,8763.806042480452,1.4349933390742906,3009.8005493164055,62.49503694127902,0.4918032786885246,23.901639344262296
R0333,14,1.5,12,0.5,pullback,short,atr_sl_fixed_tp,8.0,24.0,96,0.7,1.25,1.0,24,138.0,-1076.4172119139357,11486.182055664112,12562.599267578049,0.9143157248761419,3818.6172119139856,-7.800124724014027,0.4420289855072464,23.97826086956522,61.0,3812.19725341802,12576.003295898468,8763.806042480452,1.4349933390742906,3009.8005493164055,62.49503694127902,0.4918032786885246,23.901639344262296
R0334,14,1.5,12,0.5,pullback,short,atr_sl_fixed_tp,8.0,24.0,96,0.7,1.5,1.0,24,138.0,-1076.4172119139357,11486.182055664112,12562.599267578049,0.9143157248761419,3818.6172119139856,-7.800124724014027,0.4420289855072464,23.97826086956522,61.0,3812.19725341802,12576.003295898468,8763.806042480452,1.4349933390742906,3009.8005493164055,62.49503694127902,0.4918032786885246,23.901639344262296
R0335,14,1.5,12,0.5,pullback,short,fixed_sl_atr_tp,8.0,24.0,96,0.7,1.25,1.0,24,138.0,-1076.4172119139357,11486.182055664112,12562.599267578049,0.9143157248761419,3818.6172119139856,-7.800124724014027,0.4420289855072464,23.97826086956522,61.0,3812.19725341802,12576.003295898468,8763.806042480452,1.4349933390742906,3009.8005493164055,62.49503694127902,0.4918032786885246,23.901639344262296
R0336,14,1.5,12,0.5,pullback,short,fixed_sl_atr_tp,8.0,24.0,96,0.7,1.5,1.0,24,138.0,-1076.4172119139357,11486.182055664112,12562.599267578049,0.9143157248761419,3818.6172119139856,-7.800124724014027,0.4420289855072464,23.97826086956522,61.0,3812.19725341802,12576.003295898468,8763.806042480452,1.4349933390742906,3009.8005493164055,62.49503694127902,0.4918032786885246,23.901639344262296
R0337,14,1.5,12,0.5,pullback,short,atr_sl_fixed_tp,10.0,16.0,96,0.7,1.25,1.0,24,138.0,-1076.4172119139357,11486.182055664112,12562.599267578049,0.9143157248761419,3818.6172119139856,-7.800124724014027,0.4420289855072464,23.97826086956522,61.0,3812.19725341802,12576.003295898468,8763.806042480452,1.4349933390742906,3009.8005493164055,62.49503694127902,0.4918032786885246,23.901639344262296
R0338,14,1.5,12,0.5,pullback,short,atr_sl_fixed_tp,10.0,16.0,96,0.7,1.5,1.0,24,138.0,-1076.4172119139357,11486.182055664112,12562.599267578049,0.9143157248761419,3818.6172119139856,-7.800124724014027,0.4420289855072464,23.97826086956522,61.0,3812.19725341802,12576.003295898468,8763.806042480452,1.4349933390742906,3009.8005493164055,62.49503694127902,0.4918032786885246,23.901639344262296
R0339,14,1.5,12,0.5,pullback,short,fixed_sl_atr_tp,10.0,16.0,96,0.7,1.25,1.0,24,138.0,-1076.4172119139357,11486.182055664112,12562.599267578049,0.9143157248761419,3818.6172119139856,-7.800124724014027,0.4420289855072464,23.97826086956522,61.0,3812.19725341802,12576.003295898468,8763.806042480452,1.4349933390742906,3009.8005493164055,62.49503694127902,0.4918032786885246,23.901639344262296
R0340,14,1.5,12,0.5,pullback,short,fixed_sl_atr_tp,10.0,16.0,96,0.7,1.5,1.0,24,138.0,-1076.4172119139357,11486.182055664112,12562.599267578049,0.9143157248761419,3818.6172119139856,-7.800124724014027,0.4420289855072464,23.97826086956522,61.0,3812.19725341802,12576.003295898468,8763.806042480452,1.4349933390742906,3009.8005493164055,62.49503694127902,0.4918032786885246,23.901639344262296
R0341,14,1.5,12,0.5,pullback,short,atr_sl_fixed_tp,10.0,20.0,96,0.7,1.25,1.0,24,138.0,-1076.4172119139357,11486.182055664112,12562.599267578049,0.9143157248761419,3818.6172119139856,-7.800124724014027,0.4420289855072464,23.97826086956522,61.0,3812.19725341802,12576.003295898468,8763.806042480452,1.4349933390742906,3009.8005493164055,62.49503694127902,0.4918032786885246,23.901639344262296
R0342,14,1.5,12,0.5,pullback,short,atr_sl_fixed_tp,10.0,20.0,96,0.7,1.5,1.0,24,138.0,-1076.4172119139357,11486.182055664112,12562.599267578049,0.9143157248761419,3818.6172119139856,-7.800124724014027,0.4420289855072464,23.97826086956522,61.0,3812.19725341802,12576.003295898468,8763.806042480452,1.4349933390742906,3009.8005493164055,62.49503694127902,0.4918032786885246,23.901639344262296
R0343,14,1.5,12,0.5,pullback,short,fixed_sl_atr_tp,10.0,20.0,96,0.7,1.25,1.0,24,138.0,-1076.4172119139357,11486.182055664112,12562.599267578049,0.9143157248761419,3818.6172119139856,-7.800124724014027,0.4420289855072464,23.97826086956522,61.0,3812.19725341802,12576.003295898468,8763.806042480452,1.4349933390742906,3009.8005493164055,62.49503694127902,0.4918032786885246,23.901639344262296
R0344,14,1.5,12,0.5,pullback,short,fixed_sl_atr_tp,10.0,20.0,96,0.7,1.5,1.0,24,138.0,-1076.4172119139357,11486.182055664112,12562.599267578049,0.9143157248761419,3818.6172119139856,-7.800124724014027,0.4420289855072464,23.97826086956522,61.0,3812.19725341802,12576.003295898468,8763.806042480452,1.4349933390742906,3009.8005493164055,62.49503694127902,0.4918032786885246,23.901639344262296
R0345,14,1.5,12,0.5,pullback,short,atr_sl_fixed_tp,10.0,24.0,96,0.7,1.25,1.0,24,138.0,-1076.4172119139357,11486.182055664112,12562.599267578049,0.9143157248761419,3818.6172119139856,-7.800124724014027,0.4420289855072464,23.97826086956522,61.0,3812.19725341802,12576.003295898468,8763.806042480452,1.4349933390742906,3009.8005493164055,62.49503694127902,0.4918032786885246,23.901639344262296
R0346,14,1.5,12,0.5,pullback,short,atr_sl_fixed_tp,10.0,24.0,96,0.7,1.5,1.0,24,138.0,-1076.4172119139357,11486.182055664112,12562.599267578049,0.9143157248761419,3818.6172119139856,-7.800124724014027,0.4420289855072464,23.97826086956522,61.0,3812.19725341802,12576.003295898468,8763.806042480452,1.4349933390742906,3009.8005493164055,62.49503694127902,0.4918032786885246,23.901639344262296
R0347,14,1.5,12,0.5,pullback,short,fixed_sl_atr_tp,10.0,24.0,96,0.7,1.25,1.0,24,138.0,-1076.4172119139357,11486.182055664112,12562.599267578049,0.9143157248761419,3818.6172119139856,-7.800124724014027,0.4420289855072464,23.97826086956522,61.0,3812.19725341802,12576.003295898468,8763.806042480452,1.4349933390742906,3009.8005493164055,62.49503694127902,0.4918032786885246,23.901639344262296
R0348,14,1.5,12,0.5,pullback,short,fixed_sl_atr_tp,10.0,24.0,96,0.7,1.5,1.0,24,138.0,-1076.4172119139357,11486.182055664112,12562.599267578049,0.9143157248761419,3818.6172119139856,-7.800124724014027,0.4420289855072464,23.97826086956522,61.0,3812.19725341802,12576.003295898468,8763.806042480452,1.4349933390742906,3009.8005493164055,62.49503694127902,0.4918032786885246,23.901639344262296
R0349,14,1.5,12,0.5,pullback,short,atr_sl_fixed_tp,12.0,16.0,96,0.7,1.25,1.0,24,138.0,-1076.4172119139357,11486.182055664112,12562.599267578049,0.9143157248761419,3818.6172119139856,-7.800124724014027,0.4420289855072464,23.97826086956522,61.0,3812.19725341802,12576.003295898468,8763.806042480452,1.4349933390742906,3009.8005493164055,62.49503694127902,0.4918032786885246,23.901639344262296
R0350,14,1.5,12,0.5,pullback,short,atr_sl_fixed_tp,12.0,16.0,96,0.7,1.5,1.0,24,138.0,-1076.4172119139357,11486.182055664112,12562.599267578049,0.9143157248761419,3818.6172119139856,-7.800124724014027,0.4420289855072464,23.97826086956522,61.0,3812.19725341802,12576.003295898468,8763.806042480452,1.4349933390742906,3009.8005493164055,62.49503694127902,0.4918032786885246,23.901639344262296
R0351,14,1.5,12,0.5,pullback,short,fixed_sl_atr_tp,12.0,16.0,96,0.7,1.25,1.0,24,138.0,-1076.4172119139357,11486.182055664112,12562.599267578049,0.9143157248761419,3818.6172119139856,-7.800124724014027,0.4420289855072464,23.97826086956522,61.0,3812.19725341802,12576.003295898468,8763.806042480452,1.4349933390742906,3009.8005493164055,62.49503694127902,0.4918032786885246,23.901639344262296
R0352,14,1.5,12,0.5,pullback,short,fixed_sl_atr_tp,12.0,16.0,96,0.7,1.5,1.0,24,138.0,-1076.4172119139357,11486.182055664112,12562.599267578049,0.9143157248761419,3818.6172119139856,-7.800124724014027,0.4420289855072464,23.97826086956522,61.0,3812.19725341802,12576.003295898468,8763.806042480452,1.4349933390742906,3009.8005493164055,62.49503694127902,0.4918032786885246,23.901639344262296
R0353,14,1.5,12,0.5,pullback,short,atr_sl_fixed_tp,12.0,20.0,96,0.7,1.25,1.0,24,138.0,-1076.4172119139357,11486.182055664112,12562.599267578049,0.9143157248761419,3818.6172119139856,-7.800124724014027,0.4420289855072464,23.97826086956522,61.0,3812.19725341802,12576.003295898468,8763.806042480452,1.4349933390742906,3009.8005493164055,62.49503694127902,0.4918032786885246,23.901639344262296
R0354,14,1.5,12,0.5,pullback,short,atr_sl_fixed_tp,12.0,20.0,96,0.7,1.5,1.0,24,138.0,-1076.4172119139357,11486.182055664112,12562.599267578049,0.9143157248761419,3818.6172119139856,-7.800124724014027,0.4420289855072464,23.97826086956522,61.0,3812.19725341802,12576.003295898468,8763.806042480452,1.4349933390742906,3009.8005493164055,62.49503694127902,0.4918032786885246,23.901639344262296
R0355,14,1.5,12,0.5,pullback,short,fixed_sl_atr_tp,12.0,20.0,96,0.7,1.25,1.0,24,138.0,-1076.4172119139357,11486.182055664112,12562.599267578049,0.9143157248761419,3818.6172119139856,-7.800124724014027,0.4420289855072464,23.97826086956522,61.0,3812.19725341802,12576.003295898468,8763.806042480452,1.4349933390742906,3009.8005493164055,62.49503694127902,0.4918032786885246,23.901639344262296
R0356,14,1.5,12,0.5,pullback,short,fixed_sl_atr_tp,12.0,20.0,96,0.7,1.5,1.0,24,138.0,-1076.4172119139357,11486.182055664112,12562.599267578049,0.9143157248761419,3818.6172119139856,-7.800124724014027,0.4420289855072464,23.97826086956522,61.0,3812.19725341802,12576.003295898468,8763.806042480452,1.4349933390742906,3009.8005493164055,62.49503694127902,0.4918032786885246,23.901639344262296
R0357,14,1.5,12,0.5,pullback,short,atr_sl_fixed_tp,12.0,24.0,96,0.7,1.25,1.0,24,138.0,-1076.4172119139357,11486.182055664112,12562.599267578049,0.9143157248761419,3818.6172119139856,-7.800124724014027,0.4420289855072464,23.97826086956522,61.0,3812.19725341802,12576.003295898468,8763.806042480452,1.4349933390742906,3009.8005493164055,62.49503694127902,0.4918032786885246,23.901639344262296
R0358,14,1.5,12,0.5,pullback,short,atr_sl_fixed_tp,12.0,24.0,96,0.7,1.5,1.0,24,138.0,-1076.4172119139357,11486.182055664112,12562.599267578049,0.9143157248761419,3818.6172119139856,-7.800124724014027,0.4420289855072464,23.97826086956522,61.0,3812.19725341802,12576.003295898468,8763.806042480452,1.4349933390742906,3009.8005493164055,62.49503694127902,0.4918032786885246,23.901639344262296
R0359,14,1.5,12,0.5,pullback,short,fixed_sl_atr_tp,12.0,24.0,96,0.7,1.25,1.0,24,138.0,-1076.4172119139357,11486.182055664112,12562.599267578049,0.9143157248761419,3818.6172119139856,-7.800124724014027,0.4420289855072464,23.97826086956522,61.0,3812.19725341802,12576.003295898468,8763.806042480452,1.4349933390742906,3009.8005493164055,62.49503694127902,0.4918032786885246,23.901639344262296
R0360,14,1.5,12,0.5,pullback,short,fixed_sl_atr_tp,12.0,24.0,96,0.7,1.5,1.0,24,138.0,-1076.4172119139357,11486.182055664112,12562.599267578049,0.9143157248761419,3818.6172119139856,-7.800124724014027,0.4420289855072464,23.97826086956522,61.0,3812.19725341802,12576.003295898468,8763.806042480452,1.4349933390742906,3009.8005493164055,62.49503694127902,0.4918032786885246,23.901639344262296
R0541,14,2.0,24,0.5,pullback,short,atr_sl_fixed_tp,8.0,16.0,96,0.7,1.25,1.0,24,115.0,-881.0100708006637,8971.99963378911,9853.009704589776,0.910584674407631,3628.8054931639963,-7.660957137397076,0.43478260869565216,24,43.0,7030.600183105536,11550.400366210963,4519.800183105426,2.5555112833052305,1992.2012817382547,163.50232983966364,0.5116279069767442,24
R0542,14,2.0,24,0.5,pullback,short,atr_sl_fixed_tp,8.0,16.0,96,0.7,1.5,1.0,24,115.0,-881.0100708006637,8971.99963378911,9853.009704589776,0.910584674407631,3628.8054931639963,-7.660957137397076,0.43478260869565216,24,43.0,7030.600183105536,11550.400366210963,4519.800183105426,2.5555112833052305,1992.2012817382547,163.50232983966364,0.5116279069767442,24
R0543,14,2.0,24,0.5,pullback,short,fixed_sl_atr_tp,8.0,16.0,96,0.7,1.25,1.0,24,115.0,-881.0100708006637,8971.99963378911,9853.009704589776,0.910584674407631,3628.8054931639963,-7.660957137397076,0.43478260869565216,24,43.0,7030.600183105536,11550.400366210963,4519.800183105426,2.5555112833052305,1992.2012817382547,163.50232983966364,0.5116279069767442,24
R0544,14,2.0,24,0.5,pullback,short,fixed_sl_atr_tp,8.0,16.0,96,0.7,1.5,1.0,24,115.0,-881.0100708006637,8971.99963378911,9853.009704589776,0.910584674407631,3628.8054931639963,-7.660957137397076,0.43478260869565216,24,43.0,7030.600183105536,11550.400366210963,4519.800183105426,2.5555112833052305,1992.2012817382547,163.50232983966364,0.5116279069767442,24
R0545,14,2.0,24,0.5,pullback,short,atr_sl_fixed_tp,8.0,20.0,96,0.7,1.25,1.0,24,115.0,-881.0100708006637,8971.99963378911,9853.009704589776,0.910584674407631,3628.8054931639963,-7.660957137397076,0.43478260869565216,24,43.0,7030.600183105536,11550.400366210963,4519.800183105426,2.5555112833052305,1992.2012817382547,163.50232983966364,0.5116279069767442,24
R0546,14,2.0,24,0.5,pullback,short,atr_sl_fixed_tp,8.0,20.0,96,0.7,1.5,1.0,24,115.0,-881.0100708006637,8971.99963378911,9853.009704589776,0.910584674407631,3628.8054931639963,-7.660957137397076,0.43478260869565216,24,43.0,7030.600183105536,11550.400366210963,4519.800183105426,2.5555112833052305,1992.2012817382547,163.50232983966364,0.5116279069767442,24
R0547,14,2.0,24,0.5,pullback,short,fixed_sl_atr_tp,8.0,20.0,96,0.7,1.25,1.0,24,115.0,-881.0100708006637,8971.99963378911,9853.009704589776,0.910584674407631,3628.8054931639963,-7.660957137397076,0.43478260869565216,24,43.0,7030.600183105536,11550.400366210963,4519.800183105426,2.5555112833052305,1992.2012817382547,163.50232983966364,0.5116279069767442,24
R0548,14,2.0,24,0.5,pullback,short,fixed_sl_atr_tp,8.0,20.0,96,0.7,1.5,1.0,24,115.0,-881.0100708006637,8971.99963378911,9853.009704589776,0.910584674407631,3628.8054931639963,-7.660957137397076,0.43478260869565216,24,43.0,7030.600183105536,11550.400366210963,4519.800183105426,2.5555112833052305,1992.2012817382547,163.50232983966364,0.5116279069767442,24
R0549,14,2.0,24,0.5,pullback,short,atr_sl_fixed_tp,8.0,24.0,96,0.7,1.25,1.0,24,115.0,-881.0100708006637,8971.99963378911,9853.009704589776,0.910584674407631,3628.8054931639963,-7.660957137397076,0.43478260869565216,24,43.0,7030.600183105536,11550.400366210963,4519.800183105426,2.5555112833052305,1992.2012817382547,163.50232983966364,0.5116279069767442,24
R0550,14,2.0,24,0.5,pullback,short,atr_sl_fixed_tp,8.0,24.0,96,0.7,1.5,1.0,24,115.0,-881.0100708006637,8971.99963378911,9853.009704589776,0.910584674407631,3628.8054931639963,-7.660957137397076,0.43478260869565216,24,43.0,7030.600183105536,11550.400366210963,4519.800183105426,2.5555112833052305,1992.2012817382547,163.50232983966364,0.5116279069767442,24
R0551,14,2.0,24,0.5,pullback,short,fixed_sl_atr_tp,8.0,24.0,96,0.7,1.25,1.0,24,115.0,-881.0100708006637,8971.99963378911,9853.009704589776,0.910584674407631,3628.8054931639963,-7.660957137397076,0.43478260869565216,24,43.0,7030.600183105536,11550.400366210963,4519.800183105426,2.5555112833052305,1992.2012817382547,163.50232983966364,0.5116279069767442,24
R0552,14,2.0,24,0.5,pullback,short,fixed_sl_atr_tp,8.0,24.0,96,0.7,1.5,1.0,24,115.0,-881.0100708006637,8971.99963378911,9853.009704589776,0.910584674407631,3628.8054931639963,-7.660957137397076,0.43478260869565216,24,43.0,7030.600183105536,11550.400366210963,4519.800183105426,2.5555112833052305,1992.2012817382547,163.50232983966364,0.5116279069767442,24
R0553,14,2.0,24,0.5,pullback,short,atr_sl_fixed_tp,10.0,16.0,96,0.7,1.25,1.0,24,115.0,-881.0100708006637,8971.99963378911,9853.009704589776,0.910584674407631,3628.8054931639963,-7.660957137397076,0.43478260869565216,24,43.0,7030.600183105536,11550.400366210963,4519.800183105426,2.5555112833052305,1992.2012817382547,163.50232983966364,0.5116279069767442,24
R0554,14,2.0,24,0.5,pullback,short,atr_sl_fixed_tp,10.0,16.0,96,0.7,1.5,1.0,24,115.0,-881.0100708006637,8971.99963378911,9853.009704589776,0.910584674407631,3628.8054931639963,-7.660957137397076,0.43478260869565216,24,43.0,7030.600183105536,11550.400366210963,4519.800183105426,2.5555112833052305,1992.2012817382547,163.50232983966364,0.5116279069767442,24
R0555,14,2.0,24,0.5,pullback,short,fixed_sl_atr_tp,10.0,16.0,96,0.7,1.25,1.0,24,115.0,-881.0100708006637,8971.99963378911,9853.009704589776,0.910584674407631,3628.8054931639963,-7.660957137397076,0.43478260869565216,24,43.0,7030.600183105536,11550.400366210963,4519.800183105426,2.5555112833052305,1992.2012817382547,163.50232983966364,0.5116279069767442,24
R0556,14,2.0,24,0.5,pullback,short,fixed_sl_atr_tp,10.0,16.0,96,0.7,1.5,1.0,24,115.0,-881.0100708006637,8971.99963378911,9853.009704589776,0.910584674407631,3628.8054931639963,-7.660957137397076,0.43478260869565216,24,43.0,7030.600183105536,11550.400366210963,4519.800183105426,2.5555112833052305,1992.2012817382547,163.50232983966364,0.5116279069767442,24
R0557,14,2.0,24,0.5,pullback,short,atr_sl_fixed_tp,10.0,20.0,96,0.7,1.25,1.0,24,115.0,-881.0100708006637,8971.99963378911,9853.009704589776,0.910584674407631,3628.8054931639963,-7.660957137397076,0.43478260869565216,24,43.0,7030.600183105536,11550.400366210963,4519.800183105426,2.5555112833052305,1992.2012817382547,163.50232983966364,0.5116279069767442,24
R0558,14,2.0,24,0.5,pullback,short,atr_sl_fixed_tp,10.0,20.0,96,0.7,1.5,1.0,24,115.0,-881.0100708006637,8971.99963378911,9853.009704589776,0.910584674407631,3628.8054931639963,-7.660957137397076,0.43478260869565216,24,43.0,7030.600183105536,11550.400366210963,4519.800183105426,2.5555112833052305,1992.2012817382547,163.50232983966364,0.5116279069767442,24
R0559,14,2.0,24,0.5,pullback,short,fixed_sl_atr_tp,10.0,20.0,96,0.7,1.25,1.0,24,115.0,-881.0100708006637,8971.99963378911,9853.009704589776,0.910584674407631,3628.8054931639963,-7.660957137397076,0.43478260869565216,24,43.0,7030.600183105536,11550.400366210963,4519.800183105426,2.5555112833052305,1992.2012817382547,163.50232983966364,0.5116279069767442,24
R0560,14,2.0,24,0.5,pullback,short,fixed_sl_atr_tp,10.0,20.0,96,0.7,1.5,1.0,24,115.0,-881.0100708006637,8971.99963378911,9853.009704589776,0.910584674407631,3628.8054931639963,-7.660957137397076,0.43478260869565216,24,43.0,7030.600183105536,11550.400366210963,4519.800183105426,2.5555112833052305,1992.2012817382547,163.50232983966364,0.5116279069767442,24
R0561,14,2.0,24,0.5,pullback,short,atr_sl_fixed_tp,10.0,24.0,96,0.7,1.25,1.0,24,115.0,-881.0100708006637,8971.99963378911,9853.009704589776,0.910584674407631,3628.8054931639963,-7.660957137397076,0.43478260869565216,24,43.0,7030.600183105536,11550.400366210963,4519.800183105426,2.5555112833052305,1992.2012817382547,163.50232983966364,0.5116279069767442,24
R0562,14,2.0,24,0.5,pullback,short,atr_sl_fixed_tp,10.0,24.0,96,0.7,1.5,1.0,24,115.0,-881.0100708006637,8971.99963378911,9853.009704589776,0.910584674407631,3628.8054931639963,-7.660957137397076,0.43478260869565216,24,43.0,7030.600183105536,11550.400366210963,4519.800183105426,2.5555112833052305,1992.2012817382547,163.50232983966364,0.5116279069767442,24
R0563,14,2.0,24,0.5,pullback,short,fixed_sl_atr_tp,10.0,24.0,96,0.7,1.25,1.0,24,115.0,-881.0100708006637,8971.99963378911,9853.009704589776,0.910584674407631,3628.8054931639963,-7.660957137397076,0.43478260869565216,24,43.0,7030.600183105536,11550.400366210963,4519.800183105426,2.5555112833052305,1992.2012817382547,163.50232983966364,0.5116279069767442,24
R0564,14,2.0,24,0.5,pullback,short,fixed_sl_atr_tp,10.0,24.0,96,0.7,1.5,1.0,24,115.0,-881.0100708006637,8971.99963378911,9853.009704589776,0.910584674407631,3628.8054931639963,-7.660957137397076,0.43478260869565216,24,43.0,7030.600183105536,11550.400366210963,4519.800183105426,2.5555112833052305,1992.2012817382547,163.50232983966364,0.5116279069767442,24
R0565,14,2.0,24,0.5,pullback,short,atr_sl_fixed_tp,12.0,16.0,96,0.7,1.25,1.0,24,115.0,-881.0100708006637,8971.99963378911,9853.009704589776,0.910584674407631,3628.8054931639963,-7.660957137397076,0.43478260869565216,24,43.0,7030.600183105536,11550.400366210963,4519.800183105426,2.5555112833052305,1992.2012817382547,163.50232983966364,0.5116279069767442,24
R0566,14,2.0,24,0.5,pullback,short,atr_sl_fixed_tp,12.0,16.0,96,0.7,1.5,1.0,24,115.0,-881.0100708006637,8971.99963378911,9853.009704589776,0.910584674407631,3628.8054931639963,-7.660957137397076,0.43478260869565216,24,43.0,7030.600183105536,11550.400366210963,4519.800183105426,2.5555112833052305,1992.2012817382547,163.50232983966364,0.5116279069767442,24
R0567,14,2.0,24,0.5,pullback,short,fixed_sl_atr_tp,12.0,16.0,96,0.7,1.25,1.0,24,115.0,-881.0100708006637,8971.99963378911,9853.009704589776,0.910584674407631,3628.8054931639963,-7.660957137397076,0.43478260869565216,24,43.0,7030.600183105536,11550.400366210963,4519.800183105426,2.5555112833052305,1992.2012817382547,163.50232983966364,0.5116279069767442,24
R0568,14,2.0,24,0.5,pullback,short,fixed_sl_atr_tp,12.0,16.0,96,0.7,1.5,1.0,24,115.0,-881.0100708006637,8971.99963378911,9853.009704589776,0.910584674407631,3628.8054931639963,-7.660957137397076,0.43478260869565216,24,43.0,7030.600183105536,11550.400366210963,4519.800183105426,2.5555112833052305,1992.2012817382547,163.50232983966364,0.5116279069767442,24
R0569,14,2.0,24,0.5,pullback,short,atr_sl_fixed_tp,12.0,20.0,96,0.7,1.25,1.0,24,115.0,-881.0100708006637,8971.99963378911,9853.009704589776,0.910584674407631,3628.8054931639963,-7.660957137397076,0.43478260869565216,24,43.0,7030.600183105536,11550.400366210963,4519.800183105426,2.5555112833052305,1992.2012817382547,163.50232983966364,0.5116279069767442,24
R0570,14,2.0,24,0.5,pullback,short,atr_sl_fixed_tp,12.0,20.0,96,0.7,1.5,1.0,24,115.0,-881.0100708006637,8971.99963378911,9853.009704589776,0.910584674407631,3628.8054931639963,-7.660957137397076,0.43478260869565216,24,43.0,7030.600183105536,11550.400366210963,4519.800183105426,2.5555112833052305,1992.2012817382547,163.50232983966364,0.5116279069767442,24
R0571,14,2.0,24,0.5,pullback,short,fixed_sl_atr_tp,12.0,20.0,96,0.7,1.25,1.0,24,115.0,-881.0100708006637,8971.99963378911,9853.009704589776,0.910584674407631,3628.8054931639963,-7.660957137397076,0.43478260869565216,24,43.0,7030.600183105536,11550.400366210963,4519.800183105426,2.5555112833052305,1992.2012817382547,163.50232983966364,0.5116279069767442,24
R0572,14,2.0,24,0.5,pullback,short,fixed_sl_atr_tp,12.0,20.0,96,0.7,1.5,1.0,24,115.0,-881.0100708006637,8971.99963378911,9853.009704589776,0.910584674407631,3628.8054931639963,-7.660957137397076,0.43478260869565216,24,43.0,7030.600183105536,11550.400366210963,4519.800183105426,2.5555112833052305,1992.2012817382547,163.50232983966364,0.5116279069767442,24
R0573,14,2.0,24,0.5,pullback,short,atr_sl_fixed_tp,12.0,24.0,96,0.7,1.25,1.0,24,115.0,-881.0100708006637,8971.99963378911,9853.009704589776,0.910584674407631,3628.8054931639963,-7.660957137397076,0.43478260869565216,24,43.0,7030.600183105536,11550.400366210963,4519.800183105426,2.5555112833052305,1992.2012817382547,163.50232983966364,0.5116279069767442,24
R0574,14,2.0,24,0.5,pullback,short,atr_sl_fixed_tp,12.0,24.0,96,0.7,1.5,1.0,24,115.0,-881.0100708006637,8971.99963378911,9853.009704589776,0.910584674407631,3628.8054931639963,-7.660957137397076,0.43478260869565216,24,43.0,7030.600183105536,11550.400366210963,4519.800183105426,2.5555112833052305,1992.2012817382547,163.50232983966364,0.5116279069767442,24
R0575,14,2.0,24,0.5,pullback,short,fixed_sl_atr_tp,12.0,24.0,96,0.7,1.25,1.0,24,115.0,-881.0100708006637,8971.99963378911,9853.009704589776,0.910584674407631,3628.8054931639963,-7.660957137397076,0.43478260869565216,24,43.0,7030.600183105536,11550.400366210963,4519.800183105426,2.5555112833052305,1992.2012817382547,163.50232983966364,0.5116279069767442,24
R0576,14,2.0,24,0.5,pullback,short,fixed_sl_atr_tp,12.0,24.0,96,0.7,1.5,1.0,24,115.0,-881.0100708006637,8971.99963378911,9853.009704589776,0.910584674407631,3628.8054931639963,-7.660957137397076,0.43478260869565216,24,43.0,7030.600183105536,11550.400366210963,4519.800183105426,2.5555112833052305,1992.2012817382547,163.50232983966364,0.5116279069767442,24
R0253,10,2.0,24,0.5,pullback,short,atr_sl_fixed_tp,8.0,16.0,96,0.7,1.25,1.0,24,120.0,-1068.004394531098,9404.003479003959,10472.007873535062,0.8980134079892957,3915.798718261636,-8.900036621092482,0.4166666666666667,24,45.0,6800.993591308652,11875.002014160189,5074.008422851535,2.340359144986711,2150.403112792951,151.13319091797004,0.5555555555555556,24
R0254,10,2.0,24,0.5,pullback,short,atr_sl_fixed_tp,8.0,16.0,96,0.7,1.5,1.0,24,120.0,-1068.004394531098,9404.003479003959,10472.007873535062,0.8980134079892957,3915.798718261636,-8.900036621092482,0.4166666666666667,24,45.0,6800.993591308652,11875.002014160189,5074.008422851535,2.340359144986711,2150.403112792951,151.13319091797004,0.5555555555555556,24
R0255,10,2.0,24,0.5,pullback,short,fixed_sl_atr_tp,8.0,16.0,96,0.7,1.25,1.0,24,120.0,-1068.004394531098,9404.003479003959,10472.007873535062,0.8980134079892957,3915.798718261636,-8.900036621092482,0.4166666666666667,24,45.0,6800.993591308652,11875.002014160189,5074.008422851535,2.340359144986711,2150.403112792951,151.13319091797004,0.5555555555555556,24
R0256,10,2.0,24,0.5,pullback,short,fixed_sl_atr_tp,8.0,16.0,96,0.7,1.5,1.0,24,120.0,-1068.004394531098,9404.003479003959,10472.007873535062,0.8980134079892957,3915.798718261636,-8.900036621092482,0.4166666666666667,24,45.0,6800.993591308652,11875.002014160189,5074.008422851535,2.340359144986711,2150.403112792951,151.13319091797004,0.5555555555555556,24
R0257,10,2.0,24,0.5,pullback,short,atr_sl_fixed_tp,8.0,20.0,96,0.7,1.25,1.0,24,120.0,-1068.004394531098,9404.003479003959,10472.007873535062,0.8980134079892957,3915.798718261636,-8.900036621092482,0.4166666666666667,24,45.0,6800.993591308652,11875.002014160189,5074.008422851535,2.340359144986711,2150.403112792951,151.13319091797004,0.5555555555555556,24
R0258,10,2.0,24,0.5,pullback,short,atr_sl_fixed_tp,8.0,20.0,96,0.7,1.5,1.0,24,120.0,-1068.004394531098,9404.003479003959,10472.007873535062,0.8980134079892957,3915.798718261636,-8.900036621092482,0.4166666666666667,24,45.0,6800.993591308652,11875.002014160189,5074.008422851535,2.340359144986711,2150.403112792951,151.13319091797004,0.5555555555555556,24
R0259,10,2.0,24,0.5,pullback,short,fixed_sl_atr_tp,8.0,20.0,96,0.7,1.25,1.0,24,120.0,-1068.004394531098,9404.003479003959,10472.007873535062,0.8980134079892957,3915.798718261636,-8.900036621092482,0.4166666666666667,24,45.0,6800.993591308652,11875.002014160189,5074.008422851535,2.340359144986711,2150.403112792951,151.13319091797004,0.5555555555555556,24
R0260,10,2.0,24,0.5,pullback,short,fixed_sl_atr_tp,8.0,20.0,96,0.7,1.5,1.0,24,120.0,-1068.004394531098,9404.003479003959,10472.007873535062,0.8980134079892957,3915.798718261636,-8.900036621092482,0.4166666666666667,24,45.0,6800.993591308652,11875.002014160189,5074.008422851535,2.340359144986711,2150.403112792951,151.13319091797004,0.5555555555555556,24
R0261,10,2.0,24,0.5,pullback,short,atr_sl_fixed_tp,8.0,24.0,96,0.7,1.25,1.0,24,120.0,-1068.004394531098,9404.003479003959,10472.007873535062,0.8980134079892957,3915.798718261636,-8.900036621092482,0.4166666666666667,24,45.0,6800.993591308652,11875.002014160189,5074.008422851535,2.340359144986711,2150.403112792951,151.13319091797004,0.5555555555555556,24
R0262,10,2.0,24,0.5,pullback,short,atr_sl_fixed_tp,8.0,24.0,96,0.7,1.5,1.0,24,120.0,-1068.004394531098,9404.003479003959,10472.007873535062,0.8980134079892957,3915.798718261636,-8.900036621092482,0.4166666666666667,24,45.0,6800.993591308652,11875.002014160189,5074.008422851535,2.340359144986711,2150.403112792951,151.13319091797004,0.5555555555555556,24
R0263,10,2.0,24,0.5,pullback,short,fixed_sl_atr_tp,8.0,24.0,96,0.7,1.25,1.0,24,120.0,-1068.004394531098,9404.003479003959,10472.007873535062,0.8980134079892957,3915.798718261636,-8.900036621092482,0.4166666666666667,24,45.0,6800.993591308652,11875.002014160189,5074.008422851535,2.340359144986711,2150.403112792951,151.13319091797004,0.5555555555555556,24
R0264,10,2.0,24,0.5,pullback,short,fixed_sl_atr_tp,8.0,24.0,96,0.7,1.5,1.0,24,120.0,-1068.004394531098,9404.003479003959,10472.007873535062,0.8980134079892957,3915.798718261636,-8.900036621092482,0.4166666666666667,24,45.0,6800.993591308652,11875.002014160189,5074.008422851535,2.340359144986711,2150.403112792951,151.13319091797004,0.5555555555555556,24
R0265,10,2.0,24,0.5,pullback,short,atr_sl_fixed_tp,10.0,16.0,96,0.7,1.25,1.0,24,120.0,-1068.004394531098,9404.003479003959,10472.007873535062,0.8980134079892957,3915.798718261636,-8.900036621092482,0.4166666666666667,24,45.0,6800.993591308652,11875.002014160189,5074.008422851535,2.340359144986711,2150.403112792951,151.13319091797004,0.5555555555555556,24
R0266,10,2.0,24,0.5,pullback,short,atr_sl_fixed_tp,10.0,16.0,96,0.7,1.5,1.0,24,120.0,-1068.004394531098,9404.003479003959,10472.007873535062,0.8980134079892957,3915.798718261636,-8.900036621092482,0.4166666666666667,24,45.0,6800.993591308652,11875.002014160189,5074.008422851535,2.340359144986711,2150.403112792951,151.13319091797004,0.5555555555555556,24
R0267,10,2.0,24,0.5,pullback,short,fixed_sl_atr_tp,10.0,16.0,96,0.7,1.25,1.0,24,120.0,-1068.004394531098,9404.003479003959,10472.007873535062,0.8980134079892957,3915.798718261636,-8.900036621092482,0.4166666666666667,24,45.0,6800.993591308652,11875.002014160189,5074.008422851535,2.340359144986711,2150.403112792951,151.13319091797004,0.5555555555555556,24
R0268,10,2.0,24,0.5,pullback,short,fixed_sl_atr_tp,10.0,16.0,96,0.7,1.5,1.0,24,120.0,-1068.004394531098,9404.003479003959,10472.007873535062,0.8980134079892957,3915.798718261636,-8.900036621092482,0.4166666666666667,24,45.0,6800.993591308652,11875.002014160189,5074.008422851535,2.340359144986711,2150.403112792951,151.13319091797004,0.5555555555555556,24
R0269,10,2.0,24,0.5,pullback,short,atr_sl_fixed_tp,10.0,20.0,96,0.7,1.25,1.0,24,120.0,-1068.004394531098,9404.003479003959,10472.007873535062,0.8980134079892957,3915.798718261636,-8.900036621092482,0.4166666666666667,24,45.0,6800.993591308652,11875.002014160189,5074.008422851535,2.340359144986711,2150.403112792951,151.13319091797004,0.5555555555555556,24
R0270,10,2.0,24,0.5,pullback,short,atr_sl_fixed_tp,10.0,20.0,96,0.7,1.5,1.0,24,120.0,-1068.004394531098,9404.003479003959,10472.007873535062,0.8980134079892957,3915.798718261636,-8.900036621092482,0.4166666666666667,24,45.0,6800.993591308652,11875.002014160189,5074.008422851535,2.340359144986711,2150.403112792951,151.13319091797004,0.5555555555555556,24
R0271,10,2.0,24,0.5,pullback,short,fixed_sl_atr_tp,10.0,20.0,96,0.7,1.25,1.0,24,120.0,-1068.004394531098,9404.003479003959,10472.007873535062,0.8980134079892957,3915.798718261636,-8.900036621092482,0.4166666666666667,24,45.0,6800.993591308652,11875.002014160189,5074.008422851535,2.340359144986711,2150.403112792951,151.13319091797004,0.5555555555555556,24
R0272,10,2.0,24,0.5,pullback,short,fixed_sl_atr_tp,10.0,20.0,96,0.7,1.5,1.0,24,120.0,-1068.004394531098,9404.003479003959,10472.007873535062,0.8980134079892957,3915.798718261636,-8.900036621092482,0.4166666666666667,24,45.0,6800.993591308652,11875.002014160189,5074.008422851535,2.340359144986711,2150.403112792951,151.13319091797004,0.5555555555555556,24
R0273,10,2.0,24,0.5,pullback,short,atr_sl_fixed_tp,10.0,24.0,96,0.7,1.25,1.0,24,120.0,-1068.004394531098,9404.003479003959,10472.007873535062,0.8980134079892957,3915.798718261636,-8.900036621092482,0.4166666666666667,24,45.0,6800.993591308652,11875.002014160189,5074.008422851535,2.340359144986711,2150.403112792951,151.13319091797004,0.5555555555555556,24
R0274,10,2.0,24,0.5,pullback,short,atr_sl_fixed_tp,10.0,24.0,96,0.7,1.5,1.0,24,120.0,-1068.004394531098,9404.003479003959,10472.007873535062,0.8980134079892957,3915.798718261636,-8.900036621092482,0.4166666666666667,24,45.0,6800.993591308652,11875.002014160189,5074.008422851535,2.340359144986711,2150.403112792951,151.13319091797004,0.5555555555555556,24
R0275,10,2.0,24,0.5,pullback,short,fixed_sl_atr_tp,10.0,24.0,96,0.7,1.25,1.0,24,120.0,-1068.004394531098,9404.003479003959,10472.007873535062,0.8980134079892957,3915.798718261636,-8.900036621092482,0.4166666666666667,24,45.0,6800.993591308652,11875.002014160189,5074.008422851535,2.340359144986711,2150.403112792951,151.13319091797004,0.5555555555555556,24
R0276,10,2.0,24,0.5,pullback,short,fixed_sl_atr_tp,10.0,24.0,96,0.7,1.5,1.0,24,120.0,-1068.004394531098,9404.003479003959,10472.007873535062,0.8980134079892957,3915.798718261636,-8.900036621092482,0.4166666666666667,24,45.0,6800.993591308652,11875.002014160189,5074.008422851535,2.340359144986711,2150.403112792951,151.13319091797004,0.5555555555555556,24
R0277,10,2.0,24,0.5,pullback,short,atr_sl_fixed_tp,12.0,16.0,96,0.7,1.25,1.0,24,120.0,-1068.004394531098,9404.003479003959,10472.007873535062,0.8980134079892957,3915.798718261636,-8.900036621092482,0.4166666666666667,24,45.0,6800.993591308652,11875.002014160189,5074.008422851535,2.340359144986711,2150.403112792951,151.13319091797004,0.5555555555555556,24
R0278,10,2.0,24,0.5,pullback,short,atr_sl_fixed_tp,12.0,16.0,96,0.7,1.5,1.0,24,120.0,-1068.004394531098,9404.003479003959,10472.007873535062,0.8980134079892957,3915.798718261636,-8.900036621092482,0.4166666666666667,24,45.0,6800.993591308652,11875.002014160189,5074.008422851535,2.340359144986711,2150.403112792951,151.13319091797004,0.5555555555555556,24
R0279,10,2.0,24,0.5,pullback,short,fixed_sl_atr_tp,12.0,16.0,96,0.7,1.25,1.0,24,120.0,-1068.004394531098,9404.003479003959,10472.007873535062,0.8980134079892957,3915.798718261636,-8.900036621092482,0.4166666666666667,24,45.0,6800.993591308652,11875.002014160189,5074.008422851535,2.340359144986711,2150.403112792951,151.13319091797004,0.5555555555555556,24
R0280,10,2.0,24,0.5,pullback,short,fixed_sl_atr_tp,12.0,16.0,96,0.7,1.5,1.0,24,120.0,-1068.004394531098,9404.003479003959,10472.007873535062,0.8980134079892957,3915.798718261636,-8.900036621092482,0.4166666666666667,24,45.0,6800.993591308652,11875.002014160189,5074.008422851535,2.340359144986711,2150.403112792951,151.13319091797004,0.5555555555555556,24
R0281,10,2.0,24,0.5,pullback,short,atr_sl_fixed_tp,12.0,20.0,96,0.7,1.25,1.0,24,120.0,-1068.004394531098,9404.003479003959,10472.007873535062,0.8980134079892957,3915.798718261636,-8.900036621092482,0.4166666666666667,24,45.0,6800.993591308652,11875.002014160189,5074.008422851535,2.340359144986711,2150.403112792951,151.13319091797004,0.5555555555555556,24
R0282,10,2.0,24,0.5,pullback,short,atr_sl_fixed_tp,12.0,20.0,96,0.7,1.5,1.0,24,120.0,-1068.004394531098,9404.003479003959,10472.007873535062,0.8980134079892957,3915.798718261636,-8.900036621092482,0.4166666666666667,24,45.0,6800.993591308652,11875.002014160189,5074.008422851535,2.340359144986711,2150.403112792951,151.13319091797004,0.5555555555555556,24
R0283,10,2.0,24,0.5,pullback,short,fixed_sl_atr_tp,12.0,20.0,96,0.7,1.25,1.0,24,120.0,-1068.004394531098,9404.003479003959,10472.007873535062,0.8980134079892957,3915.798718261636,-8.900036621092482,0.4166666666666667,24,45.0,6800.993591308652,11875.002014160189,5074.008422851535,2.340359144986711,2150.403112792951,151.13319091797004,0.5555555555555556,24
R0284,10,2.0,24,0.5,pullback,short,fixed_sl_atr_tp,12.0,20.0,96,0.7,1.5,1.0,24,120.0,-1068.004394531098,9404.003479003959,10472.007873535062,0.8980134079892957,3915.798718261636,-8.900036621092482,0.4166666666666667,24,45.0,6800.993591308652,11875.002014160189,5074.008422851535,2.340359144986711,2150.403112792951,151.13319091797004,0.5555555555555556,24
R0285,10,2.0,24,0.5,pullback,short,atr_sl_fixed_tp,12.0,24.0,96,0.7,1.25,1.0,24,120.0,-1068.004394531098,9404.003479003959,10472.007873535062,0.8980134079892957,3915.798718261636,-8.900036621092482,0.4166666666666667,24,45.0,6800.993591308652,11875.002014160189,5074.008422851535,2.340359144986711,2150.403112792951,151.13319091797004,0.5555555555555556,24
R0286,10,2.0,24,0.5,pullback,short,atr_sl_fixed_tp,12.0,24.0,96,0.7,1.5,1.0,24,120.0,-1068.004394531098,9404.003479003959,10472.007873535062,0.8980134079892957,3915.798718261636,-8.900036621092482,0.4166666666666667,24,45.0,6800.993591308652,11875.002014160189,5074.008422851535,2.340359144986711,2150.403112792951,151.13319091797004,0.5555555555555556,24
R0287,10,2.0,24,0.5,pullback,short,fixed_sl_atr_tp,12.0,24.0,96,0.7,1.25,1.0,24,120.0,-1068.004394531098,9404.003479003959,10472.007873535062,0.8980134079892957,3915.798718261636,-8.900036621092482,0.4166666666666667,24,45.0,6800.993591308652,11875.002014160189,5074.008422851535,2.340359144986711,2150.403112792951,151.13319091797004,0.5555555555555556,24
R0288,10,2.0,24,0.5,pullback,short,fixed_sl_atr_tp,12.0,24.0,96,0.7,1.5,1.0,24,120.0,-1068.004394531098,9404.003479003959,10472.007873535062,0.8980134079892957,3915.798718261636,-8.900036621092482,0.4166666666666667,24,45.0,6800.993591308652,11875.002014160189,5074.008422851535,2.340359144986711,2150.403112792951,151.13319091797004,0.5555555555555556,24
R0397,14,1.5,24,0.5,pullback,short,atr_sl_fixed_tp,8.0,16.0,96,0.7,1.25,1.0,24,121.0,-1977.794506835823,8827.010437011777,10804.804943847605,0.8169523173148989,3427.5999999999044,-16.345409147403497,0.45454545454545453,23.96694214876033,53.0,2774.5959716797306,8700.994323730498,5926.398352050769,1.4681757463569098,2564.6089721679427,52.350867390183595,0.4716981132075472,24
R0398,14,1.5,24,0.5,pullback,short,atr_sl_fixed_tp,8.0,16.0,96,0.7,1.5,1.0,24,121.0,-1977.794506835823,8827.010437011777,10804.804943847605,0.8169523173148989,3427.5999999999044,-16.345409147403497,0.45454545454545453,23.96694214876033,53.0,2774.5959716797306,8700.994323730498,5926.398352050769,1.4681757463569098,2564.6089721679427,52.350867390183595,0.4716981132075472,24
R0399,14,1.5,24,0.5,pullback,short,fixed_sl_atr_tp,8.0,16.0,96,0.7,1.25,1.0,24,121.0,-1977.794506835823,8827.010437011777,10804.804943847605,0.8169523173148989,3427.5999999999044,-16.345409147403497,0.45454545454545453,23.96694214876033,53.0,2774.5959716797306,8700.994323730498,5926.398352050769,1.4681757463569098,2564.6089721679427,52.350867390183595,0.4716981132075472,24
R0400,14,1.5,24,0.5,pullback,short,fixed_sl_atr_tp,8.0,16.0,96,0.7,1.5,1.0,24,121.0,-1977.794506835823,8827.010437011777,10804.804943847605,0.8169523173148989,3427.5999999999044,-16.345409147403497,0.45454545454545453,23.96694214876033,53.0,2774.5959716797306,8700.994323730498,5926.398352050769,1.4681757463569098,2564.6089721679427,52.350867390183595,0.4716981132075472,24
R0401,14,1.5,24,0.5,pullback,short,atr_sl_fixed_tp,8.0,20.0,96,0.7,1.25,1.0,24,121.0,-1977.794506835823,8827.010437011777,10804.804943847605,0.8169523173148989,3427.5999999999044,-16.345409147403497,0.45454545454545453,23.96694214876033,53.0,2774.5959716797306,8700.994323730498,5926.398352050769,1.4681757463569098,2564.6089721679427,52.350867390183595,0.4716981132075472,24
R0402,14,1.5,24,0.5,pullback,short,atr_sl_fixed_tp,8.0,20.0,96,0.7,1.5,1.0,24,121.0,-1977.794506835823,8827.010437011777,10804.804943847605,0.8169523173148989,3427.5999999999044,-16.345409147403497,0.45454545454545453,23.96694214876033,53.0,2774.5959716797306,8700.994323730498,5926.398352050769,1.4681757463569098,2564.6089721679427,52.350867390183595,0.4716981132075472,24
R0403,14,1.5,24,0.5,pullback,short,fixed_sl_atr_tp,8.0,20.0,96,0.7,1.25,1.0,24,121.0,-1977.794506835823,8827.010437011777,10804.804943847605,0.8169523173148989,3427.5999999999044,-16.345409147403497,0.45454545454545453,23.96694214876033,53.0,2774.5959716797306,8700.994323730498,5926.398352050769,1.4681757463569098,2564.6089721679427,52.350867390183595,0.4716981132075472,24
R0404,14,1.5,24,0.5,pullback,short,fixed_sl_atr_tp,8.0,20.0,96,0.7,1.5,1.0,24,121.0,-1977.794506835823,8827.010437011777,10804.804943847605,0.8169523173148989,3427.5999999999044,-16.345409147403497,0.45454545454545453,23.96694214876033,53.0,2774.5959716797306,8700.994323730498,5926.398352050769,1.4681757463569098,2564.6089721679427,52.350867390183595,0.4716981132075472,24
R0405,14,1.5,24,0.5,pullback,short,atr_sl_fixed_tp,8.0,24.0,96,0.7,1.25,1.0,24,121.0,-1977.794506835823,8827.010437011777,10804.804943847605,0.8169523173148989,3427.5999999999044,-16.345409147403497,0.45454545454545453,23.96694214876033,53.0,2774.5959716797306,8700.994323730498,5926.398352050769,1.4681757463569098,2564.6089721679427,52.350867390183595,0.4716981132075472,24
R0406,14,1.5,24,0.5,pullback,short,atr_sl_fixed_tp,8.0,24.0,96,0.7,1.5,1.0,24,121.0,-1977.794506835823,8827.010437011777,10804.804943847605,0.8169523173148989,3427.5999999999044,-16.345409147403497,0.45454545454545453,23.96694214876033,53.0,2774.5959716797306,8700.994323730498,5926.398352050769,1.4681757463569098,2564.6089721679427,52.350867390183595,0.4716981132075472,24
R0407,14,1.5,24,0.5,pullback,short,fixed_sl_atr_tp,8.0,24.0,96,0.7,1.25,1.0,24,121.0,-1977.794506835823,8827.010437011777,10804.804943847605,0.8169523173148989,3427.5999999999044,-16.345409147403497,0.45454545454545453,23.96694214876033,53.0,2774.5959716797306,8700.994323730498,5926.398352050769,1.4681757463569098,2564.6089721679427,52.350867390183595,0.4716981132075472,24
R0408,14,1.5,24,0.5,pullback,short,fixed_sl_atr_tp,8.0,24.0,96,0.7,1.5,1.0,24,121.0,-1977.794506835823,8827.010437011777,10804.804943847605,0.8169523173148989,3427.5999999999044,-16.345409147403497,0.45454545454545453,23.96694214876033,53.0,2774.5959716797306,8700.994323730498,5926.398352050769,1.4681757463569098,2564.6089721679427,52.350867390183595,0.4716981132075472,24
R0409,14,1.5,24,0.5,pullback,short,atr_sl_fixed_tp,10.0,16.0,96,0.7,1.25,1.0,24,121.0,-1977.794506835823,8827.010437011777,10804.804943847605,0.8169523173148989,3427.5999999999044,-16.345409147403497,0.45454545454545453,23.96694214876033,53.0,2774.5959716797306,8700.994323730498,5926.398352050769,1.4681757463569098,2564.6089721679427,52.350867390183595,0.4716981132075472,24
R0410,14,1.5,24,0.5,pullback,short,atr_sl_fixed_tp,10.0,16.0,96,0.7,1.5,1.0,24,121.0,-1977.794506835823,8827.010437011777,10804.804943847605,0.8169523173148989,3427.5999999999044,-16.345409147403497,0.45454545454545453,23.96694214876033,53.0,2774.5959716797306,8700.994323730498,5926.398352050769,1.4681757463569098,2564.6089721679427,52.350867390183595,0.4716981132075472,24
R0411,14,1.5,24,0.5,pullback,short,fixed_sl_atr_tp,10.0,16.0,96,0.7,1.25,1.0,24,121.0,-1977.794506835823,8827.010437011777,10804.804943847605,0.8169523173148989,3427.5999999999044,-16.345409147403497,0.45454545454545453,23.96694214876033,53.0,2774.5959716797306,8700.994323730498,5926.398352050769,1.4681757463569098,2564.6089721679427,52.350867390183595,0.4716981132075472,24
R0412,14,1.5,24,0.5,pullback,short,fixed_sl_atr_tp,10.0,16.0,96,0.7,1.5,1.0,24,121.0,-1977.794506835823,8827.010437011777,10804.804943847605,0.8169523173148989,3427.5999999999044,-16.345409147403497,0.45454545454545453,23.96694214876033,53.0,2774.5959716797306,8700.994323730498,5926.398352050769,1.4681757463569098,2564.6089721679427,52.350867390183595,0.4716981132075472,24
R0413,14,1.5,24,0.5,pullback,short,atr_sl_fixed_tp,10.0,20.0,96,0.7,1.25,1.0,24,121.0,-1977.794506835823,8827.010437011777,10804.804943847605,0.8169523173148989,3427.5999999999044,-16.345409147403497,0.45454545454545453,23.96694214876033,53.0,2774.5959716797306,8700.994323730498,5926.398352050769,1.4681757463569098,2564.6089721679427,52.350867390183595,0.4716981132075472,24
R0414,14,1.5,24,0.5,pullback,short,atr_sl_fixed_tp,10.0,20.0,96,0.7,1.5,1.0,24,121.0,-1977.794506835823,8827.010437011777,10804.804943847605,0.8169523173148989,3427.5999999999044,-16.345409147403497,0.45454545454545453,23.96694214876033,53.0,2774.5959716797306,8700.994323730498,5926.398352050769,1.4681757463569098,2564.6089721679427,52.350867390183595,0.4716981132075472,24
R0415,14,1.5,24,0.5,pullback,short,fixed_sl_atr_tp,10.0,20.0,96,0.7,1.25,1.0,24,121.0,-1977.794506835823,8827.010437011777,10804.804943847605,0.8169523173148989,3427.5999999999044,-16.345409147403497,0.45454545454545453,23.96694214876033,53.0,2774.5959716797306,8700.994323730498,5926.398352050769,1.4681757463569098,2564.6089721679427,52.350867390183595,0.4716981132075472,24
R0416,14,1.5,24,0.5,pullback,short,fixed_sl_atr_tp,10.0,20.0,96,0.7,1.5,1.0,24,121.0,-1977.794506835823,8827.010437011777,10804.804943847605,0.8169523173148989,3427.5999999999044,-16.345409147403497,0.45454545454545453,23.96694214876033,53.0,2774.5959716797306,8700.994323730498,5926.398352050769,1.4681757463569098,2564.6089721679427,52.350867390183595,0.4716981132075472,24
R0417,14,1.5,24,0.5,pullback,short,atr_sl_fixed_tp,10.0,24.0,96,0.7,1.25,1.0,24,121.0,-1977.794506835823,8827.010437011777,10804.804943847605,0.8169523173148989,3427.5999999999044,-16.345409147403497,0.45454545454545453,23.96694214876033,53.0,2774.5959716797306,8700.994323730498,5926.398352050769,1.4681757463569098,2564.6089721679427,52.350867390183595,0.4716981132075472,24
R0418,14,1.5,24,0.5,pullback,short,atr_sl_fixed_tp,10.0,24.0,96,0.7,1.5,1.0,24,121.0,-1977.794506835823,8827.010437011777,10804.804943847605,0.8169523173148989,3427.5999999999044,-16.345409147403497,0.45454545454545453,23.96694214876033,53.0,2774.5959716797306,8700.994323730498,5926.398352050769,1.4681757463569098,2564.6089721679427,52.350867390183595,0.4716981132075472,24
R0419,14,1.5,24,0.5,pullback,short,fixed_sl_atr_tp,10.0,24.0,96,0.7,1.25,1.0,24,121.0,-1977.794506835823,8827.010437011777,10804.804943847605,0.8169523173148989,3427.5999999999044,-16.345409147403497,0.45454545454545453,23.96694214876033,53.0,2774.5959716797306,8700.994323730498,5926.398352050769,1.4681757463569098,2564.6089721679427,52.350867390183595,0.4716981132075472,24
R0420,14,1.5,24,0.5,pullback,short,fixed_sl_atr_tp,10.0,24.0,96,0.7,1.5,1.0,24,121.0,-1977.794506835823,8827.010437011777,10804.804943847605,0.8169523173148989,3427.5999999999044,-16.345409147403497,0.45454545454545453,23.96694214876033,53.0,2774.5959716797306,8700.994323730498,5926.398352050769,1.4681757463569098,2564.6089721679427,52.350867390183595,0.4716981132075472,24
R0421,14,1.5,24,0.5,pullback,short,atr_sl_fixed_tp,12.0,16.0,96,0.7,1.25,1.0,24,121.0,-1977.794506835823,8827.010437011777,10804.804943847605,0.8169523173148989,3427.5999999999044,-16.345409147403497,0.45454545454545453,23.96694214876033,53.0,2774.5959716797306,8700.994323730498,5926.398352050769,1.4681757463569098,2564.6089721679427,52.350867390183595,0.4716981132075472,24
R0422,14,1.5,24,0.5,pullback,short,atr_sl_fixed_tp,12.0,16.0,96,0.7,1.5,1.0,24,121.0,-1977.794506835823,8827.010437011777,10804.804943847605,0.8169523173148989,3427.5999999999044,-16.345409147403497,0.45454545454545453,23.96694214876033,53.0,2774.5959716797306,8700.994323730498,5926.398352050769,1.4681757463569098,2564.6089721679427,52.350867390183595,0.4716981132075472,24
R0423,14,1.5,24,0.5,pullback,short,fixed_sl_atr_tp,12.0,16.0,96,0.7,1.25,1.0,24,121.0,-1977.794506835823,8827.010437011777,10804.804943847605,0.8169523173148989,3427.5999999999044,-16.345409147403497,0.45454545454545453,23.96694214876033,53.0,2774.5959716797306,8700.994323730498,5926.398352050769,1.4681757463569098,2564.6089721679427,52.350867390183595,0.4716981132075472,24
R0424,14,1.5,24,0.5,pullback,short,fixed_sl_atr_tp,12.0,16.0,96,0.7,1.5,1.0,24,121.0,-1977.794506835823,8827.010437011777,10804.804943847605,0.8169523173148989,3427.5999999999044,-16.345409147403497,0.45454545454545453,23.96694214876033,53.0,2774.5959716797306,8700.994323730498,5926.398352050769,1.4681757463569098,2564.6089721679427,52.350867390183595,0.4716981132075472,24
R0425,14,1.5,24,0.5,pullback,short,atr_sl_fixed_tp,12.0,20.0,96,0.7,1.25,1.0,24,121.0,-1977.794506835823,8827.010437011777,10804.804943847605,0.8169523173148989,3427.5999999999044,-16.345409147403497,0.45454545454545453,23.96694214876033,53.0,2774.5959716797306,8700.994323730498,5926.398352050769,1.4681757463569098,2564.6089721679427,52.350867390183595,0.4716981132075472,24
R0426,14,1.5,24,0.5,pullback,short,atr_sl_fixed_tp,12.0,20.0,96,0.7,1.5,1.0,24,121.0,-1977.794506835823,8827.010437011777,10804.804943847605,0.8169523173148989,3427.5999999999044,-16.345409147403497,0.45454545454545453,23.96694214876033,53.0,2774.5959716797306,8700.994323730498,5926.398352050769,1.4681757463569098,2564.6089721679427,52.350867390183595,0.4716981132075472,24
R0427,14,1.5,24,0.5,pullback,short,fixed_sl_atr_tp,12.0,20.0,96,0.7,1.25,1.0,24,121.0,-1977.794506835823,8827.010437011777,10804.804943847605,0.8169523173148989,3427.5999999999044,-16.345409147403497,0.45454545454545453,23.96694214876033,53.0,2774.5959716797306,8700.994323730498,5926.398352050769,1.4681757463569098,2564.6089721679427,52.350867390183595,0.4716981132075472,24
R0428,14,1.5,24,0.5,pullback,short,fixed_sl_atr_tp,12.0,20.0,96,0.7,1.5,1.0,24,121.0,-1977.794506835823,8827.010437011777,10804.804943847605,0.8169523173148989,3427.5999999999044,-16.345409147403497,0.45454545454545453,23.96694214876033,53.0,2774.5959716797306,8700.994323730498,5926.398352050769,1.4681757463569098,2564.6089721679427,52.350867390183595,0.4716981132075472,24
R0429,14,1.5,24,0.5,pullback,short,atr_sl_fixed_tp,12.0,24.0,96,0.7,1.25,1.0,24,121.0,-1977.794506835823,8827.010437011777,10804.804943847605,0.8169523173148989,3427.5999999999044,-16.345409147403497,0.45454545454545453,23.96694214876033,53.0,2774.5959716797306,8700.994323730498,5926.398352050769,1.4681757463569098,2564.6089721679427,52.350867390183595,0.4716981132075472,24
R0430,14,1.5,24,0.5,pullback,short,atr_sl_fixed_tp,12.0,24.0,96,0.7,1.5,1.0,24,121.0,-1977.794506835823,8827.010437011777,10804.804943847605,0.8169523173148989,3427.5999999999044,-16.345409147403497,0.45454545454545453,23.96694214876033,53.0,2774.5959716797306,8700.994323730498,5926.398352050769,1.4681757463569098,2564.6089721679427,52.350867390183595,0.4716981132075472,24
R0431,14,1.5,24,0.5,pullback,short,fixed_sl_atr_tp,12.0,24.0,96,0.7,1.25,1.0,24,121.0,-1977.794506835823,8827.010437011777,10804.804943847605,0.8169523173148989,3427.5999999999044,-16.345409147403497,0.45454545454545453,23.96694214876033,53.0,2774.5959716797306,8700.994323730498,5926.398352050769,1.4681757463569098,2564.6089721679427,52.350867390183595,0.4716981132075472,24
R0432,14,1.5,24,0.5,pullback,short,fixed_sl_atr_tp,12.0,24.0,96,0.7,1.5,1.0,24,121.0,-1977.794506835823,8827.010437011777,10804.804943847605,0.8169523173148989,3427.5999999999044,-16.345409147403497,0.45454545454545453,23.96694214876033,53.0,2774.5959716797306,8700.994323730498,5926.398352050769,1.4681757463569098,2564.6089721679427,52.350867390183595,0.4716981132075472,24
R0037,10,1.5,12,0.5,pullback,short,atr_sl_fixed_tp,8.0,16.0,96,0.7,1.25,1.0,24,141.0,-2569.8197753905083,10664.183154296932,13234.002929687442,0.8058168953835041,5368.217578124926,-18.22567216589013,0.4326241134751773,23.97872340425532,62.0,6016.398352050852,14256.607507324254,8240.209155273402,1.730126898320366,2967.801281738277,97.03868309759439,0.532258064516129,23.903225806451612
R0038,10,1.5,12,0.5,pullback,short,atr_sl_fixed_tp,8.0,16.0,96,0.7,1.5,1.0,24,141.0,-2569.8197753905083,10664.183154296932,13234.002929687442,0.8058168953835041,5368.217578124926,-18.22567216589013,0.4326241134751773,23.97872340425532,62.0,6016.398352050852,14256.607507324254,8240.209155273402,1.730126898320366,2967.801281738277,97.03868309759439,0.532258064516129,23.903225806451612
R0039,10,1.5,12,0.5,pullback,short,fixed_sl_atr_tp,8.0,16.0,96,0.7,1.25,1.0,24,141.0,-2569.8197753905083,10664.183154296932,13234.002929687442,0.8058168953835041,5368.217578124926,-18.22567216589013,0.4326241134751773,23.97872340425532,62.0,6016.398352050852,14256.607507324254,8240.209155273402,1.730126898320366,2967.801281738277,97.03868309759439,0.532258064516129,23.903225806451612
R0040,10,1.5,12,0.5,pullback,short,fixed_sl_atr_tp,8.0,16.0,96,0.7,1.5,1.0,24,141.0,-2569.8197753905083,10664.183154296932,13234.002929687442,0.8058168953835041,5368.217578124926,-18.22567216589013,0.4326241134751773,23.97872340425532,62.0,6016.398352050852,14256.607507324254,8240.209155273402,1.730126898320366,2967.801281738277,97.03868309759439,0.532258064516129,23.903225806451612
R0041,10,1.5,12,0.5,pullback,short,atr_sl_fixed_tp,8.0,20.0,96,0.7,1.25,1.0,24,141.0,-2569.8197753905083,10664.183154296932,13234.002929687442,0.8058168953835041,5368.217578124926,-18.22567216589013,0.4326241134751773,23.97872340425532,62.0,6016.398352050852,14256.607507324254,8240.209155273402,1.730126898320366,2967.801281738277,97.03868309759439,0.532258064516129,23.903225806451612
R0042,10,1.5,12,0.5,pullback,short,atr_sl_fixed_tp,8.0,20.0,96,0.7,1.5,1.0,24,141.0,-2569.8197753905083,10664.183154296932,13234.002929687442,0.8058168953835041,5368.217578124926,-18.22567216589013,0.4326241134751773,23.97872340425532,62.0,6016.398352050852,14256.607507324254,8240.209155273402,1.730126898320366,2967.801281738277,97.03868309759439,0.532258064516129,23.903225806451612
R0043,10,1.5,12,0.5,pullback,short,fixed_sl_atr_tp,8.0,20.0,96,0.7,1.25,1.0,24,141.0,-2569.8197753905083,10664.183154296932,13234.002929687442,0.8058168953835041,5368.217578124926,-18.22567216589013,0.4326241134751773,23.97872340425532,62.0,6016.398352050852,14256.607507324254,8240.209155273402,1.730126898320366,2967.801281738277,97.03868309759439,0.532258064516129,23.903225806451612
R0044,10,1.5,12,0.5,pullback,short,fixed_sl_atr_tp,8.0,20.0,96,0.7,1.5,1.0,24,141.0,-2569.8197753905083,10664.183154296932,13234.002929687442,0.8058168953835041,5368.217578124926,-18.22567216589013,0.4326241134751773,23.97872340425532,62.0,6016.398352050852,14256.607507324254,8240.209155273402,1.730126898320366,2967.801281738277,97.03868309759439,0.532258064516129,23.903225806451612
R0045,10,1.5,12,0.5,pullback,short,atr_sl_fixed_tp,8.0,24.0,96,0.7,1.25,1.0,24,141.0,-2569.8197753905083,10664.183154296932,13234.002929687442,0.8058168953835041,5368.217578124926,-18.22567216589013,0.4326241134751773,23.97872340425532,62.0,6016.398352050852,14256.607507324254,8240.209155273402,1.730126898320366,2967.801281738277,97.03868309759439,0.532258064516129,23.903225806451612
R0046,10,1.5,12,0.5,pullback,short,atr_sl_fixed_tp,8.0,24.0,96,0.7,1.5,1.0,24,141.0,-2569.8197753905083,10664.183154296932,13234.002929687442,0.8058168953835041,5368.217578124926,-18.22567216589013,0.4326241134751773,23.97872340425532,62.0,6016.398352050852,14256.607507324254,8240.209155273402,1.730126898320366,2967.801281738277,97.03868309759439,0.532258064516129,23.903225806451612
R0047,10,1.5,12,0.5,pullback,short,fixed_sl_atr_tp,8.0,24.0,96,0.7,1.25,1.0,24,141.0,-2569.8197753905083,10664.183154296932,13234.002929687442,0.8058168953835041,5368.217578124926,-18.22567216589013,0.4326241134751773,23.97872340425532,62.0,6016.398352050852,14256.607507324254,8240.209155273402,1.730126898320366,2967.801281738277,97.03868309759439,0.532258064516129,23.903225806451612
R0048,10,1.5,12,0.5,pullback,short,fixed_sl_atr_tp,8.0,24.0,96,0.7,1.5,1.0,24,141.0,-2569.8197753905083,10664.183154296932,13234.002929687442,0.8058168953835041,5368.217578124926,-18.22567216589013,0.4326241134751773,23.97872340425532,62.0,6016.398352050852,14256.607507324254,8240.209155273402,1.730126898320366,2967.801281738277,97.03868309759439,0.532258064516129,23.903225806451612
R0049,10,1.5,12,0.5,pullback,short,atr_sl_fixed_tp,10.0,16.0,96,0.7,1.25,1.0,24,141.0,-2569.8197753905083,10664.183154296932,13234.002929687442,0.8058168953835041,5368.217578124926,-18.22567216589013,0.4326241134751773,23.97872340425532,62.0,6016.398352050852,14256.607507324254,8240.209155273402,1.730126898320366,2967.801281738277,97.03868309759439,0.532258064516129,23.903225806451612
R0050,10,1.5,12,0.5,pullback,short,atr_sl_fixed_tp,10.0,16.0,96,0.7,1.5,1.0,24,141.0,-2569.8197753905083,10664.183154296932,13234.002929687442,0.8058168953835041,5368.217578124926,-18.22567216589013,0.4326241134751773,23.97872340425532,62.0,6016.398352050852,14256.607507324254,8240.209155273402,1.730126898320366,2967.801281738277,97.03868309759439,0.532258064516129,23.903225806451612
R0051,10,1.5,12,0.5,pullback,short,fixed_sl_atr_tp,10.0,16.0,96,0.7,1.25,1.0,24,141.0,-2569.8197753905083,10664.183154296932,13234.002929687442,0.8058168953835041,5368.217578124926,-18.22567216589013,0.4326241134751773,23.97872340425532,62.0,6016.398352050852,14256.607507324254,8240.209155273402,1.730126898320366,2967.801281738277,97.03868309759439,0.532258064516129,23.903225806451612
R0052,10,1.5,12,0.5,pullback,short,fixed_sl_atr_tp,10.0,16.0,96,0.7,1.5,1.0,24,141.0,-2569.8197753905083,10664.183154296932,13234.002929687442,0.8058168953835041,5368.217578124926,-18.22567216589013,0.4326241134751773,23.97872340425532,62.0,6016.398352050852,14256.607507324254,8240.209155273402,1.730126898320366,2967.801281738277,97.03868309759439,0.532258064516129,23.903225806451612
R0053,10,1.5,12,0.5,pullback,short,atr_sl_fixed_tp,10.0,20.0,96,0.7,1.25,1.0,24,141.0,-2569.8197753905083,10664.183154296932,13234.002929687442,0.8058168953835041,5368.217578124926,-18.22567216589013,0.4326241134751773,23.97872340425532,62.0,6016.398352050852,14256.607507324254,8240.209155273402,1.730126898320366,2967.801281738277,97.03868309759439,0.532258064516129,23.903225806451612
R0054,10,1.5,12,0.5,pullback,short,atr_sl_fixed_tp,10.0,20.0,96,0.7,1.5,1.0,24,141.0,-2569.8197753905083,10664.183154296932,13234.002929687442,0.8058168953835041,5368.217578124926,-18.22567216589013,0.4326241134751773,23.97872340425532,62.0,6016.398352050852,14256.607507324254,8240.209155273402,1.730126898320366,2967.801281738277,97.03868309759439,0.532258064516129,23.903225806451612
R0055,10,1.5,12,0.5,pullback,short,fixed_sl_atr_tp,10.0,20.0,96,0.7,1.25,1.0,24,141.0,-2569.8197753905083,10664.183154296932,13234.002929687442,0.8058168953835041,5368.217578124926,-18.22567216589013,0.4326241134751773,23.97872340425532,62.0,6016.398352050852,14256.607507324254,8240.209155273402,1.730126898320366,2967.801281738277,97.03868309759439,0.532258064516129,23.903225806451612
R0056,10,1.5,12,0.5,pullback,short,fixed_sl_atr_tp,10.0,20.0,96,0.7,1.5,1.0,24,141.0,-2569.8197753905083,10664.183154296932,13234.002929687442,0.8058168953835041,5368.217578124926,-18.22567216589013,0.4326241134751773,23.97872340425532,62.0,6016.398352050852,14256.607507324254,8240.209155273402,1.730126898320366,2967.801281738277,97.03868309759439,0.532258064516129,23.903225806451612
R0057,10,1.5,12,0.5,pullback,short,atr_sl_fixed_tp,10.0,24.0,96,0.7,1.25,1.0,24,141.0,-2569.8197753905083,10664.183154296932,13234.002929687442,0.8058168953835041,5368.217578124926,-18.22567216589013,0.4326241134751773,23.97872340425532,62.0,6016.398352050852,14256.607507324254,8240.209155273402,1.730126898320366,2967.801281738277,97.03868309759439,0.532258064516129,23.903225806451612
R0058,10,1.5,12,0.5,pullback,short,atr_sl_fixed_tp,10.0,24.0,96,0.7,1.5,1.0,24,141.0,-2569.8197753905083,10664.183154296932,13234.002929687442,0.8058168953835041,5368.217578124926,-18.22567216589013,0.4326241134751773,23.97872340425532,62.0,6016.398352050852,14256.607507324254,8240.209155273402,1.730126898320366,2967.801281738277,97.03868309759439,0.532258064516129,23.903225806451612
R0059,10,1.5,12,0.5,pullback,short,fixed_sl_atr_tp,10.0,24.0,96,0.7,1.25,1.0,24,141.0,-2569.8197753905083,10664.183154296932,13234.002929687442,0.8058168953835041,5368.217578124926,-18.22567216589013,0.4326241134751773,23.97872340425532,62.0,6016.398352050852,14256.607507324254,8240.209155273402,1.730126898320366,2967.801281738277,97.03868309759439,0.532258064516129,23.903225806451612
R0060,10,1.5,12,0.5,pullback,short,fixed_sl_atr_tp,10.0,24.0,96,0.7,1.5,1.0,24,141.0,-2569.8197753905083,10664.183154296932,13234.002929687442,0.8058168953835041,5368.217578124926,-18.22567216589013,0.4326241134751773,23.97872340425532,62.0,6016.398352050852,14256.607507324254,8240.209155273402,1.730126898320366,2967.801281738277,97.03868309759439,0.532258064516129,23.903225806451612
R0061,10,1.5,12,0.5,pullback,short,atr_sl_fixed_tp,12.0,16.0,96,0.7,1.25,1.0,24,141.0,-2569.8197753905083,10664.183154296932,13234.002929687442,0.8058168953835041,5368.217578124926,-18.22567216589013,0.4326241134751773,23.97872340425532,62.0,6016.398352050852,14256.607507324254,8240.209155273402,1.730126898320366,2967.801281738277,97.03868309759439,0.532258064516129,23.903225806451612
R0062,10,1.5,12,0.5,pullback,short,atr_sl_fixed_tp,12.0,16.0,96,0.7,1.5,1.0,24,141.0,-2569.8197753905083,10664.183154296932,13234.002929687442,0.8058168953835041,5368.217578124926,-18.22567216589013,0.4326241134751773,23.97872340425532,62.0,6016.398352050852,14256.607507324254,8240.209155273402,1.730126898320366,2967.801281738277,97.03868309759439,0.532258064516129,23.903225806451612
R0063,10,1.5,12,0.5,pullback,short,fixed_sl_atr_tp,12.0,16.0,96,0.7,1.25,1.0,24,141.0,-2569.8197753905083,10664.183154296932,13234.002929687442,0.8058168953835041,5368.217578124926,-18.22567216589013,0.4326241134751773,23.97872340425532,62.0,6016.398352050852,14256.607507324254,8240.209155273402,1.730126898320366,2967.801281738277,97.03868309759439,0.532258064516129,23.903225806451612
R0064,10,1.5,12,0.5,pullback,short,fixed_sl_atr_tp,12.0,16.0,96,0.7,1.5,1.0,24,141.0,-2569.8197753905083,10664.183154296932,13234.002929687442,0.8058168953835041,5368.217578124926,-18.22567216589013,0.4326241134751773,23.97872340425532,62.0,6016.398352050852,14256.607507324254,8240.209155273402,1.730126898320366,2967.801281738277,97.03868309759439,0.532258064516129,23.903225806451612
R0065,10,1.5,12,0.5,pullback,short,atr_sl_fixed_tp,12.0,20.0,96,0.7,1.25,1.0,24,141.0,-2569.8197753905083,10664.183154296932,13234.002929687442,0.8058168953835041,5368.217578124926,-18.22567216589013,0.4326241134751773,23.97872340425532,62.0,6016.398352050852,14256.607507324254,8240.209155273402,1.730126898320366,2967.801281738277,97.03868309759439,0.532258064516129,23.903225806451612
R0066,10,1.5,12,0.5,pullback,short,atr_sl_fixed_tp,12.0,20.0,96,0.7,1.5,1.0,24,141.0,-2569.8197753905083,10664.183154296932,13234.002929687442,0.8058168953835041,5368.217578124926,-18.22567216589013,0.4326241134751773,23.97872340425532,62.0,6016.398352050852,14256.607507324254,8240.209155273402,1.730126898320366,2967.801281738277,97.03868309759439,0.532258064516129,23.903225806451612
R0067,10,1.5,12,0.5,pullback,short,fixed_sl_atr_tp,12.0,20.0,96,0.7,1.25,1.0,24,141.0,-2569.8197753905083,10664.183154296932,13234.002929687442,0.8058168953835041,5368.217578124926,-18.22567216589013,0.4326241134751773,23.97872340425532,62.0,6016.398352050852,14256.607507324254,8240.209155273402,1.730126898320366,2967.801281738277,97.03868309759439,0.532258064516129,23.903225806451612
R0068,10,1.5,12,0.5,pullback,short,fixed_sl_atr_tp,12.0,20.0,96,0.7,1.5,1.0,24,141.0,-2569.8197753905083,10664.183154296932,13234.002929687442,0.8058168953835041,5368.217578124926,-18.22567216589013,0.4326241134751773,23.97872340425532,62.0,6016.398352050852,14256.607507324254,8240.209155273402,1.730126898320366,2967.801281738277,97.03868309759439,0.532258064516129,23.903225806451612
R0069,10,1.5,12,0.5,pullback,short,atr_sl_fixed_tp,12.0,24.0,96,0.7,1.25,1.0,24,141.0,-2569.8197753905083,10664.183154296932,13234.002929687442,0.8058168953835041,5368.217578124926,-18.22567216589013,0.4326241134751773,23.97872340425532,62.0,6016.398352050852,14256.607507324254,8240.209155273402,1.730126898320366,2967.801281738277,97.03868309759439,0.532258064516129,23.903225806451612
R0070,10,1.5,12,0.5,pullback,short,atr_sl_fixed_tp,12.0,24.0,96,0.7,1.5,1.0,24,141.0,-2569.8197753905083,10664.183154296932,13234.002929687442,0.8058168953835041,5368.217578124926,-18.22567216589013,0.4326241134751773,23.97872340425532,62.0,6016.398352050852,14256.607507324254,8240.209155273402,1.730126898320366,2967.801281738277,97.03868309759439,0.532258064516129,23.903225806451612
R0071,10,1.5,12,0.5,pullback,short,fixed_sl_atr_tp,12.0,24.0,96,0.7,1.25,1.0,24,141.0,-2569.8197753905083,10664.183154296932,13234.002929687442,0.8058168953835041,5368.217578124926,-18.22567216589013,0.4326241134751773,23.97872340425532,62.0,6016.398352050852,14256.607507324254,8240.209155273402,1.730126898320366,2967.801281738277,97.03868309759439,0.532258064516129,23.903225806451612
R0072,10,1.5,12,0.5,pullback,short,fixed_sl_atr_tp,12.0,24.0,96,0.7,1.5,1.0,24,141.0,-2569.8197753905083,10664.183154296932,13234.002929687442,0.8058168953835041,5368.217578124926,-18.22567216589013,0.4326241134751773,23.97872340425532,62.0,6016.398352050852,14256.607507324254,8240.209155273402,1.730126898320366,2967.801281738277,97.03868309759439,0.532258064516129,23.903225806451612
R0109,10,1.5,24,0.5,pullback,short,atr_sl_fixed_tp,8.0,16.0,96,0.7,1.25,1.0,24,125.0,-2485.0042114256667,8269.006958007867,10754.01116943354,0.7689230397594455,4130.006774902285,-19.880033691405334,0.44,23.968,53.0,3830.6009155273987,9737.398352050812,5906.797436523414,1.648507242154894,2219.794140624991,72.27548897221507,0.5094339622641509,24
R0110,10,1.5,24,0.5,pullback,short,atr_sl_fixed_tp,8.0,16.0,96,0.7,1.5,1.0,24,125.0,-2485.0042114256667,8269.006958007867,10754.01116943354,0.7689230397594455,4130.006774902285,-19.880033691405334,0.44,23.968,53.0,3830.6009155273987,9737.398352050812,5906.797436523414,1.648507242154894,2219.794140624991,72.27548897221507,0.5094339622641509,24
R0111,10,1.5,24,0.5,pullback,short,fixed_sl_atr_tp,8.0,16.0,96,0.7,1.25,1.0,24,125.0,-2485.0042114256667,8269.006958007867,10754.01116943354,0.7689230397594455,4130.006774902285,-19.880033691405334,0.44,23.968,53.0,3830.6009155273987,9737.398352050812,5906.797436523414,1.648507242154894,2219.794140624991,72.27548897221507,0.5094339622641509,24
R0112,10,1.5,24,0.5,pullback,short,fixed_sl_atr_tp,8.0,16.0,96,0.7,1.5,1.0,24,125.0,-2485.0042114256667,8269.006958007867,10754.01116943354,0.7689230397594455,4130.006774902285,-19.880033691405334,0.44,23.968,53.0,3830.6009155273987,9737.398352050812,5906.797436523414,1.648507242154894,2219.794140624991,72.27548897221507,0.5094339622641509,24
R0113,10,1.5,24,0.5,pullback,short,atr_sl_fixed_tp,8.0,20.0,96,0.7,1.25,1.0,24,125.0,-2485.0042114256667,8269.006958007867,10754.01116943354,0.7689230397594455,4130.006774902285,-19.880033691405334,0.44,23.968,53.0,3830.6009155273987,9737.398352050812,5906.797436523414,1.648507242154894,2219.794140624991,72.27548897221507,0.5094339622641509,24
R0114,10,1.5,24,0.5,pullback,short,atr_sl_fixed_tp,8.0,20.0,96,0.7,1.5,1.0,24,125.0,-2485.0042114256667,8269.006958007867,10754.01116943354,0.7689230397594455,4130.006774902285,-19.880033691405334,0.44,23.968,53.0,3830.6009155273987,9737.398352050812,5906.797436523414,1.648507242154894,2219.794140624991,72.27548897221507,0.5094339622641509,24
R0115,10,1.5,24,0.5,pullback,short,fixed_sl_atr_tp,8.0,20.0,96,0.7,1.25,1.0,24,125.0,-2485.0042114256667,8269.006958007867,10754.01116943354,0.7689230397594455,4130.006774902285,-19.880033691405334,0.44,23.968,53.0,3830.6009155273987,9737.398352050812,5906.797436523414,1.648507242154894,2219.794140624991,72.27548897221507,0.5094339622641509,24
R0116,10,1.5,24,0.5,pullback,short,fixed_sl_atr_tp,8.0,20.0,96,0.7,1.5,1.0,24,125.0,-2485.0042114256667,8269.006958007867,10754.01116943354,0.7689230397594455,4130.006774902285,-19.880033691405334,0.44,23.968,53.0,3830.6009155273987,9737.398352050812,5906.797436523414,1.648507242154894,2219.794140624991,72.27548897221507,0.5094339622641509,24
R0117,10,1.5,24,0.5,pullback,short,atr_sl_fixed_tp,8.0,24.0,96,0.7,1.25,1.0,24,125.0,-2485.0042114256667,8269.006958007867,10754.01116943354,0.7689230397594455,4130.006774902285,-19.880033691405334,0.44,23.968,53.0,3830.6009155273987,9737.398352050812,5906.797436523414,1.648507242154894,2219.794140624991,72.27548897221507,0.5094339622641509,24
R0118,10,1.5,24,0.5,pullback,short,atr_sl_fixed_tp,8.0,24.0,96,0.7,1.5,1.0,24,125.0,-2485.0042114256667,8269.006958007867,10754.01116943354,0.7689230397594455,4130.006774902285,-19.880033691405334,0.44,23.968,53.0,3830.6009155273987,9737.398352050812,5906.797436523414,1.648507242154894,2219.794140624991,72.27548897221507,0.5094339622641509,24
R0119,10,1.5,24,0.5,pullback,short,fixed_sl_atr_tp,8.0,24.0,96,0.7,1.25,1.0,24,125.0,-2485.0042114256667,8269.006958007867,10754.01116943354,0.7689230397594455,4130.006774902285,-19.880033691405334,0.44,23.968,53.0,3830.6009155273987,9737.398352050812,5906.797436523414,1.648507242154894,2219.794140624991,72.27548897221507,0.5094339622641509,24
R0120,10,1.5,24,0.5,pullback,short,fixed_sl_atr_tp,8.0,24.0,96,0.7,1.5,1.0,24,125.0,-2485.0042114256667,8269.006958007867,10754.01116943354,0.7689230397594455,4130.006774902285,-19.880033691405334,0.44,23.968,53.0,3830.6009155273987,9737.398352050812,5906.797436523414,1.648507242154894,2219.794140624991,72.27548897221507,0.5094339622641509,24
R0121,10,1.5,24,0.5,pullback,short,atr_sl_fixed_tp,10.0,16.0,96,0.7,1.25,1.0,24,125.0,-2485.0042114256667,8269.006958007867,10754.01116943354,0.7689230397594455,4130.006774902285,-19.880033691405334,0.44,23.968,53.0,3830.6009155273987,9737.398352050812,5906.797436523414,1.648507242154894,2219.794140624991,72.27548897221507,0.5094339622641509,24
R0122,10,1.5,24,0.5,pullback,short,atr_sl_fixed_tp,10.0,16.0,96,0.7,1.5,1.0,24,125.0,-2485.0042114256667,8269.006958007867,10754.01116943354,0.7689230397594455,4130.006774902285,-19.880033691405334,0.44,23.968,53.0,3830.6009155273987,9737.398352050812,5906.797436523414,1.648507242154894,2219.794140624991,72.27548897221507,0.5094339622641509,24
R0123,10,1.5,24,0.5,pullback,short,fixed_sl_atr_tp,10.0,16.0,96,0.7,1.25,1.0,24,125.0,-2485.0042114256667,8269.006958007867,10754.01116943354,0.7689230397594455,4130.006774902285,-19.880033691405334,0.44,23.968,53.0,3830.6009155273987,9737.398352050812,5906.797436523414,1.648507242154894,2219.794140624991,72.27548897221507,0.5094339622641509,24
R0124,10,1.5,24,0.5,pullback,short,fixed_sl_atr_tp,10.0,16.0,96,0.7,1.5,1.0,24,125.0,-2485.0042114256667,8269.006958007867,10754.01116943354,0.7689230397594455,4130.006774902285,-19.880033691405334,0.44,23.968,53.0,3830.6009155273987,9737.398352050812,5906.797436523414,1.648507242154894,2219.794140624991,72.27548897221507,0.5094339622641509,24
R0125,10,1.5,24,0.5,pullback,short,atr_sl_fixed_tp,10.0,20.0,96,0.7,1.25,1.0,24,125.0,-2485.0042114256667,8269.006958007867,10754.01116943354,0.7689230397594455,4130.006774902285,-19.880033691405334,0.44,23.968,53.0,3830.6009155273987,9737.398352050812,5906.797436523414,1.648507242154894,2219.794140624991,72.27548897221507,0.5094339622641509,24
R0126,10,1.5,24,0.5,pullback,short,atr_sl_fixed_tp,10.0,20.0,96,0.7,1.5,1.0,24,125.0,-2485.0042114256667,8269.006958007867,10754.01116943354,0.7689230397594455,4130.006774902285,-19.880033691405334,0.44,23.968,53.0,3830.6009155273987,9737.398352050812,5906.797436523414,1.648507242154894,2219.794140624991,72.27548897221507,0.5094339622641509,24
R0127,10,1.5,24,0.5,pullback,short,fixed_sl_atr_tp,10.0,20.0,96,0.7,1.25,1.0,24,125.0,-2485.0042114256667,8269.006958007867,10754.01116943354,0.7689230397594455,4130.006774902285,-19.880033691405334,0.44,23.968,53.0,3830.6009155273987,9737.398352050812,5906.797436523414,1.648507242154894,2219.794140624991,72.27548897221507,0.5094339622641509,24
R0128,10,1.5,24,0.5,pullback,short,fixed_sl_atr_tp,10.0,20.0,96,0.7,1.5,1.0,24,125.0,-2485.0042114256667,8269.006958007867,10754.01116943354,0.7689230397594455,4130.006774902285,-19.880033691405334,0.44,23.968,53.0,3830.6009155273987,9737.398352050812,5906.797436523414,1.648507242154894,2219.794140624991,72.27548897221507,0.5094339622641509,24
R0129,10,1.5,24,0.5,pullback,short,atr_sl_fixed_tp,10.0,24.0,96,0.7,1.25,1.0,24,125.0,-2485.0042114256667,8269.006958007867,10754.01116943354,0.7689230397594455,4130.006774902285,-19.880033691405334,0.44,23.968,53.0,3830.6009155273987,9737.398352050812,5906.797436523414,1.648507242154894,2219.794140624991,72.27548897221507,0.5094339622641509,24
R0130,10,1.5,24,0.5,pullback,short,atr_sl_fixed_tp,10.0,24.0,96,0.7,1.5,1.0,24,125.0,-2485.0042114256667,8269.006958007867,10754.01116943354,0.7689230397594455,4130.006774902285,-19.880033691405334,0.44,23.968,53.0,3830.6009155273987,9737.398352050812,5906.797436523414,1.648507242154894,2219.794140624991,72.27548897221507,0.5094339622641509,24
R0131,10,1.5,24,0.5,pullback,short,fixed_sl_atr_tp,10.0,24.0,96,0.7,1.25,1.0,24,125.0,-2485.0042114256667,8269.006958007867,10754.01116943354,0.7689230397594455,4130.006774902285,-19.880033691405334,0.44,23.968,53.0,3830.6009155273987,9737.398352050812,5906.797436523414,1.648507242154894,2219.794140624991,72.27548897221507,0.5094339622641509,24
R0132,10,1.5,24,0.5,pullback,short,fixed_sl_atr_tp,10.0,24.0,96,0.7,1.5,1.0,24,125.0,-2485.0042114256667,8269.006958007867,10754.01116943354,0.7689230397594455,4130.006774902285,-19.880033691405334,0.44,23.968,53.0,3830.6009155273987,9737.398352050812,5906.797436523414,1.648507242154894,2219.794140624991,72.27548897221507,0.5094339622641509,24
R0133,10,1.5,24,0.5,pullback,short,atr_sl_fixed_tp,12.0,16.0,96,0.7,1.25,1.0,24,125.0,-2485.0042114256667,8269.006958007867,10754.01116943354,0.7689230397594455,4130.006774902285,-19.880033691405334,0.44,23.968,53.0,3830.6009155273987,9737.398352050812,5906.797436523414,1.648507242154894,2219.794140624991,72.27548897221507,0.5094339622641509,24
R0134,10,1.5,24,0.5,pullback,short,atr_sl_fixed_tp,12.0,16.0,96,0.7,1.5,1.0,24,125.0,-2485.0042114256667,8269.006958007867,10754.01116943354,0.7689230397594455,4130.006774902285,-19.880033691405334,0.44,23.968,53.0,3830.6009155273987,9737.398352050812,5906.797436523414,1.648507242154894,2219.794140624991,72.27548897221507,0.5094339622641509,24
R0135,10,1.5,24,0.5,pullback,short,fixed_sl_atr_tp,12.0,16.0,96,0.7,1.25,1.0,24,125.0,-2485.0042114256667,8269.006958007867,10754.01116943354,0.7689230397594455,4130.006774902285,-19.880033691405334,0.44,23.968,53.0,3830.6009155273987,9737.398352050812,5906.797436523414,1.648507242154894,2219.794140624991,72.27548897221507,0.5094339622641509,24
R0136,10,1.5,24,0.5,pullback,short,fixed_sl_atr_tp,12.0,16.0,96,0.7,1.5,1.0,24,125.0,-2485.0042114256667,8269.006958007867,10754.01116943354,0.7689230397594455,4130.006774902285,-19.880033691405334,0.44,23.968,53.0,3830.6009155273987,9737.398352050812,5906.797436523414,1.648507242154894,2219.794140624991,72.27548897221507,0.5094339622641509,24
R0137,10,1.5,24,0.5,pullback,short,atr_sl_fixed_tp,12.0,20.0,96,0.7,1.25,1.0,24,125.0,-2485.0042114256667,8269.006958007867,10754.01116943354,0.7689230397594455,4130.006774902285,-19.880033691405334,0.44,23.968,53.0,3830.6009155273987,9737.398352050812,5906.797436523414,1.648507242154894,2219.794140624991,72.27548897221507,0.5094339622641509,24
R0138,10,1.5,24,0.5,pullback,short,atr_sl_fixed_tp,12.0,20.0,96,0.7,1.5,1.0,24,125.0,-2485.0042114256667,8269.006958007867,10754.01116943354,0.7689230397594455,4130.006774902285,-19.880033691405334,0.44,23.968,53.0,3830.6009155273987,9737.398352050812,5906.797436523414,1.648507242154894,2219.794140624991,72.27548897221507,0.5094339622641509,24
R0139,10,1.5,24,0.5,pullback,short,fixed_sl_atr_tp,12.0,20.0,96,0.7,1.25,1.0,24,125.0,-2485.0042114256667,8269.006958007867,10754.01116943354,0.7689230397594455,4130.006774902285,-19.880033691405334,0.44,23.968,53.0,3830.6009155273987,9737.398352050812,5906.797436523414,1.648507242154894,2219.794140624991,72.27548897221507,0.5094339622641509,24
R0140,10,1.5,24,0.5,pullback,short,fixed_sl_atr_tp,12.0,20.0,96,0.7,1.5,1.0,24,125.0,-2485.0042114256667,8269.006958007867,10754.01116943354,0.7689230397594455,4130.006774902285,-19.880033691405334,0.44,23.968,53.0,3830.6009155273987,9737.398352050812,5906.797436523414,1.648507242154894,2219.794140624991,72.27548897221507,0.5094339622641509,24
R0141,10,1.5,24,0.5,pullback,short,atr_sl_fixed_tp,12.0,24.0,96,0.7,1.25,1.0,24,125.0,-2485.0042114256667,8269.006958007867,10754.01116943354,0.7689230397594455,4130.006774902285,-19.880033691405334,0.44,23.968,53.0,3830.6009155273987,9737.398352050812,5906.797436523414,1.648507242154894,2219.794140624991,72.27548897221507,0.5094339622641509,24
R0142,10,1.5,24,0.5,pullback,short,atr_sl_fixed_tp,12.0,24.0,96,0.7,1.5,1.0,24,125.0,-2485.0042114256667,8269.006958007867,10754.01116943354,0.7689230397594455,4130.006774902285,-19.880033691405334,0.44,23.968,53.0,3830.6009155273987,9737.398352050812,5906.797436523414,1.648507242154894,2219.794140624991,72.27548897221507,0.5094339622641509,24
R0143,10,1.5,24,0.5,pullback,short,fixed_sl_atr_tp,12.0,24.0,96,0.7,1.25,1.0,24,125.0,-2485.0042114256667,8269.006958007867,10754.01116943354,0.7689230397594455,4130.006774902285,-19.880033691405334,0.44,23.968,53.0,3830.6009155273987,9737.398352050812,5906.797436523414,1.648507242154894,2219.794140624991,72.27548897221507,0.5094339622641509,24
R0144,10,1.5,24,0.5,pullback,short,fixed_sl_atr_tp,12.0,24.0,96,0.7,1.5,1.0,24,125.0,-2485.0042114256667,8269.006958007867,10754.01116943354,0.7689230397594455,4130.006774902285,-19.880033691405334,0.44,23.968,53.0,3830.6009155273987,9737.398352050812,5906.797436523414,1.648507242154894,2219.794140624991,72.27548897221507,0.5094339622641509,24
