param_id,atr_len,st_mult,swing_len,fib,entry_mode,side,regime_mode,sl_base,tp_base,atr_regime_lookback,atr_regime_pct,atr_high_mult,atr_low_mult,max_hold_bars,is_trades,is_pnl,is_gross_gain,is_gross_loss,is_pf,is_max_dd,is_expect,is_win_rate,is_avg_hold,oos_trades,oos_pnl,oos_gross_gain,oos_gross_loss,oos_pf,oos_max_dd,oos_expect,oos_win_rate,oos_avg_hold
R0062,10,1.5,12,0.5,pullback,short,atr_sl_fixed_tp,12.0,16.0,96,0.7,1.5,1.0,24,64.0,6256.799999999995,23650.700000000015,17393.89999999999,1.3597123129372957,5192.300000000003,97.76249999999992,0.5625,12.984375,18.0,-2293.399999999999,4027.2,6320.600000000001,0.6371547005031166,3089.5999999999995,-127.41111111111107,0.3333333333333333,13.61111111111111
R0486,14,2.0,12,0.5,pullback,short,atr_sl_fixed_tp,10.0,20.0,96,0.7,1.5,1.0,24,61.0,6043.199999999994,22898.500000000015,16855.29999999999,1.3585341109324682,2765.2,99.0688524590163,0.4918032786885246,12.885245901639344,16.0,-3398.3,2776.1000000000004,6174.4000000000015,0.44961453744493385,4182.0,-212.39375,0.1875,14.0625
R0050,10,1.5,12,0.5,pullback,short,atr_sl_fixed_tp,10.0,16.0,96,0.7,1.5,1.0,24,65.0,5940.499999999993,22808.300000000014,16867.79999999999,1.3521798930506663,4167.300000000004,91.39230769230758,0.5230769230769231,12.107692307692307,19.0,-2984.7000000000003,3981.0,6965.700000000002,0.5715147077824194,3780.9000000000005,-157.08947368421053,0.2631578947368421,12.157894736842104
R0498,14,2.0,12,0.5,pullback,short,atr_sl_fixed_tp,12.0,20.0,96,0.7,1.5,1.0,24,58.0,5954.599999999995,22898.500000000015,16943.89999999999,1.351430308252529,3206.500000000001,102.66551724137922,0.5172413793103449,14.03448275862069,15.0,-2507.0,2822.3,5329.300000000001,0.5295817461955603,3290.7,-167.13333333333333,0.26666666666666666,15.4
R0497,14,2.0,12,0.5,pullback,short,atr_sl_fixed_tp,12.0,20.0,96,0.7,1.25,1.0,24,60.0,5796.999999999995,22898.500000000015,17101.49999999999,1.3389761132064455,2906.500000000001,96.61666666666659,0.5,13.416666666666666,16.0,-3898.3,2776.1000000000004,6674.4000000000015,0.41593251827879657,4682.0,-243.64375,0.1875,14.0625
R0206,10,2.0,12,0.5,pullback,short,atr_sl_fixed_tp,12.0,16.0,96,0.7,1.5,1.0,24,63.0,5760.599999999994,23808.300000000014,18047.69999999999,1.3191874864941253,3206.500000000001,91.43809523809514,0.5396825396825397,12.80952380952381,16.0,-3798.3,2434.8,6233.100000000001,0.39062424796650136,4594.5,-237.39375,0.25,16.625
R0061,10,1.5,12,0.5,pullback,short,atr_sl_fixed_tp,12.0,16.0,96,0.7,1.25,1.0,24,65.0,5302.999999999994,22854.500000000015,17551.49999999999,1.3021394182833392,4442.300000000004,81.58461538461529,0.5384615384615384,12.692307692307692,19.0,-3684.7000000000007,3981.0,7665.700000000002,0.5193263498441106,4480.900000000001,-193.93157894736845,0.2631578947368421,12.578947368421053
R0194,10,2.0,12,0.5,pullback,short,atr_sl_fixed_tp,10.0,16.0,96,0.7,1.5,1.0,24,65.0,5202.9999999999945,23012.100000000013,17809.099999999988,1.2921540111516039,2765.2,80.04615384615376,0.5076923076923077,11.984615384615385,17.0,-4539.6,2388.6000000000004,6928.200000000002,0.34476487399324496,5335.8,-267.0352941176471,0.17647058823529413,14.941176470588236
R0205,10,2.0,12,0.5,pullback,short,atr_sl_fixed_tp,12.0,16.0,96,0.7,1.25,1.0,24,64.0,4956.799999999996,23012.100000000013,18055.29999999999,1.274534347255378,2906.500000000001,77.44999999999993,0.515625,12.546875,17.0,-5039.6,2388.6000000000004,7428.200000000002,0.3215583856115882,5835.8,-296.44705882352946,0.17647058823529413,14.941176470588236
R0049,10,1.5,12,0.5,pullback,short,atr_sl_fixed_tp,10.0,16.0,96,0.7,1.25,1.0,24,67.0,4632.899999999992,22012.100000000013,17379.19999999999,1.266577287792305,5020.000000000005,69.14776119402974,0.4925373134328358,11.597014925373134,19.0,-2484.7,3981.0,6465.700000000002,0.615710595913822,3280.8999999999996,-130.7736842105263,0.2631578947368421,11.421052631578947
R0338,14,1.5,12,0.5,pullback,short,atr_sl_fixed_tp,10.0,16.0,96,0.7,1.5,1.0,24,59.0,4013.2999999999947,19623.50000000001,15610.19999999999,1.2570947201188982,4387.400000000004,68.022033898305,0.5084745762711864,12.525423728813559,19.0,-3222.2000000000007,3981.0,7203.200000000002,0.552671035095513,4018.4000000000005,-169.58947368421056,0.2631578947368421,12.736842105263158
R0494,14,2.0,12,0.5,pullback,short,atr_sl_fixed_tp,12.0,16.0,96,0.7,1.5,1.0,24,62.0,4151.899999999994,21887.100000000013,17735.19999999999,1.2341050566105838,3206.500000000001,66.96612903225797,0.532258064516129,12.629032258064516,15.0,-2894.5,2434.8,5329.300000000001,0.4568705083219184,3690.7,-192.96666666666667,0.26666666666666666,15.266666666666667
R0210,10,2.0,12,0.5,pullback,short,atr_sl_fixed_tp,12.0,20.0,96,0.7,1.5,1.0,24,58.0,4067.099999999995,21943.600000000013,17876.49999999999,1.2275109780997413,3226.6000000000004,70.12241379310336,0.4827586206896552,14.706896551724139,16.0,-3410.7999999999993,2822.3,6233.100000000001,0.45279235051579464,4194.499999999999,-213.17499999999995,0.25,16.75
R0209,10,2.0,12,0.5,pullback,short,atr_sl_fixed_tp,12.0,20.0,96,0.7,1.25,1.0,24,60.0,4059.4999999999964,21943.600000000013,17884.099999999988,1.226989336897022,2926.5999999999995,67.65833333333327,0.4666666666666667,14.066666666666666,17.0,-4652.099999999999,2776.1000000000004,7428.200000000002,0.3737244554535419,5435.799999999999,-273.65294117647056,0.17647058823529413,15.058823529411764
R0342,14,1.5,12,0.5,pullback,short,atr_sl_fixed_tp,10.0,20.0,96,0.7,1.5,1.0,24,58.0,3654.599999999994,19834.900000000012,16180.29999999999,1.2258672583326653,4198.800000000005,63.0103448275861,0.46551724137931033,13.672413793103448,19.0,-2434.7,4768.5,7203.200000000002,0.6619974455797422,3218.3999999999996,-128.14210526315787,0.2631578947368421,13.68421052631579
R0038,10,1.5,12,0.5,pullback,short,atr_sl_fixed_tp,8.0,16.0,96,0.7,1.5,1.0,24,69.0,3900.299999999991,21182.20000000001,17281.899999999987,1.2256869904350811,5552.600000000005,56.52608695652161,0.4492753623188406,10.710144927536232,19.0,-1684.6999999999994,3981.0,5665.700000000001,0.702649275464638,2480.8999999999996,-88.66842105263154,0.2631578947368421,11.157894736842104
R0037,10,1.5,12,0.5,pullback,short,atr_sl_fixed_tp,8.0,16.0,96,0.7,1.25,1.0,24,70.0,3696.499999999991,20386.00000000001,16689.49999999999,1.2214865634081322,6164.0000000000055,52.80714285714273,0.42857142857142855,10.157142857142857,19.0,-1284.7,3981.0,5265.700000000002,0.7560248400022787,2234.2,-67.61578947368422,0.2631578947368421,10.894736842105264
R0350,14,1.5,12,0.5,pullback,short,atr_sl_fixed_tp,12.0,16.0,96,0.7,1.5,1.0,24,59.0,3675.7999999999947,20465.900000000012,16790.09999999999,1.2189266293827925,5620.000000000005,62.301694915254146,0.5423728813559322,13.305084745762711,18.0,-2293.399999999999,4027.2,6320.600000000001,0.6371547005031166,3089.5999999999995,-127.41111111111107,0.3333333333333333,14.11111111111111
R0349,14,1.5,12,0.5,pullback,short,atr_sl_fixed_tp,12.0,16.0,96,0.7,1.25,1.0,24,59.0,3475.7999999999956,19669.70000000001,16193.89999999999,1.214636375425316,4762.400000000004,58.911864406779586,0.5254237288135594,13.11864406779661,19.0,-3922.2000000000007,3981.0,7903.200000000002,0.5037200121469784,4718.400000000001,-206.43157894736845,0.2631578947368421,13.052631578947368
R0198,10,2.0,12,0.5,pullback,short,atr_sl_fixed_tp,10.0,20.0,96,0.7,1.5,1.0,24,61.0,3818.199999999997,21943.600000000013,18125.399999999987,1.2106546614143703,3030.4,62.593442622950775,0.45901639344262296,13.37704918032787,17.0,-4152.1,2776.1000000000004,6928.200000000002,0.4006957073987471,4935.8,-244.24117647058824,0.17647058823529413,15.058823529411764
R0337,14,1.5,12,0.5,pullback,short,atr_sl_fixed_tp,10.0,16.0,96,0.7,1.25,1.0,24,62.0,3376.899999999996,19623.50000000001,16246.59999999999,1.2078527199537148,4391.2000000000035,54.466129032258,0.4838709677419355,11.774193548387096,19.0,-2722.2000000000003,3981.0,6703.200000000002,0.5938954529180092,3518.4000000000005,-143.27368421052634,0.2631578947368421,12
R0482,14,2.0,12,0.5,pullback,short,atr_sl_fixed_tp,10.0,16.0,96,0.7,1.5,1.0,24,64.0,3544.2999999999993,21090.900000000012,17546.599999999988,1.2019935486077091,2765.2,55.37968749999999,0.5,11.875,16.0,-3785.8,2388.6000000000004,6174.4000000000015,0.3868554029541332,4582.0,-236.6125,0.1875,13.9375
R0054,10,1.5,12,0.5,pullback,short,atr_sl_fixed_tp,10.0,20.0,96,0.7,1.5,1.0,24,64.0,3381.7999999999947,21827.300000000014,18445.499999999985,1.1833401100539445,4026.6000000000004,52.84062499999992,0.453125,13.4375,19.0,-2197.2,4768.5,6965.700000000002,0.6845686722081052,2980.8999999999996,-115.64210526315789,0.2631578947368421,13.105263157894736
R0193,10,2.0,12,0.5,pullback,short,atr_sl_fixed_tp,10.0,16.0,96,0.7,1.25,1.0,24,68.0,3391.5999999999967,22215.900000000012,18824.29999999999,1.1801713742343687,2957.5000000000036,49.87647058823524,0.47058823529411764,11.294117647058824,17.0,-3914.6000000000004,2388.6000000000004,6303.200000000002,0.37895037441299656,4710.8,-230.27058823529413,0.17647058823529413,14.117647058823529
R0353,14,1.5,12,0.5,pullback,short,atr_sl_fixed_tp,12.0,20.0,96,0.7,1.25,1.0,24,58.0,3017.099999999995,19881.100000000013,16863.99999999999,1.1789077324478194,4573.800000000005,52.01896551724129,0.4827586206896552,14.275862068965518,19.0,-3134.7,4768.5,7903.200000000002,0.6033631946553294,3918.3999999999996,-164.9842105263158,0.2631578947368421,14
R0493,14,2.0,12,0.5,pullback,short,atr_sl_fixed_tp,12.0,16.0,96,0.7,1.25,1.0,24,63.0,3198.0999999999995,21090.900000000012,17892.79999999999,1.1787366985603163,2906.5000000000005,50.76349206349205,0.5079365079365079,12.365079365079366,16.0,-4285.8,2388.6000000000004,6674.4000000000015,0.35787486515641853,5082.0,-267.8625,0.1875,13.9375
R0066,10,1.5,12,0.5,pullback,short,atr_sl_fixed_tp,12.0,20.0,96,0.7,1.5,1.0,24,62.0,3189.3999999999933,21873.500000000015,18684.099999999988,1.17070129147243,4992.300000000004,51.44193548387086,0.4838709677419355,14.725806451612904,18.0,-1505.8999999999992,4814.7,6320.600000000001,0.7617473024712842,2505.3999999999996,-83.66111111111107,0.3333333333333333,14.61111111111111
R0481,14,2.0,12,0.5,pullback,short,atr_sl_fixed_tp,10.0,16.0,96,0.7,1.25,1.0,24,67.0,3032.9000000000005,21090.900000000012,18057.99999999999,1.1679532617122619,2629.8000000000015,45.26716417910448,0.47761194029850745,11.208955223880597,16.0,-3285.8,2388.6000000000004,5674.4000000000015,0.4209431834202735,4082.0,-205.3625,0.1875,13.0625
R0502,14,2.0,12,0.5,pullback,short,atr_sl_fixed_tp,12.0,24.0,96,0.7,1.5,1.0,24,55.0,2941.0,20788.70000000001,17847.69999999999,1.1647831373230177,3206.5,53.472727272727276,0.4727272727272727,15.636363636363637,15.0,-2107.0,3222.3,5329.300000000001,0.6046385078715778,2890.7,-140.46666666666667,0.26666666666666666,15.533333333333333
R0065,10,1.5,12,0.5,pullback,short,atr_sl_fixed_tp,12.0,20.0,96,0.7,1.25,1.0,24,64.0,3031.7999999999947,21873.500000000015,18841.699999999986,1.1609090474851012,4526.6,47.37187499999992,0.46875,14.09375,19.0,-2897.199999999999,4768.5,7665.700000000002,0.6220566941049087,3680.8999999999987,-152.48421052631574,0.2631578947368421,13.526315789473685
R0326,14,1.5,12,0.5,pullback,short,atr_sl_fixed_tp,8.0,16.0,96,0.7,1.5,1.0,24,64.0,2544.2999999999956,18793.60000000001,16249.299999999988,1.156579052636115,4923.800000000004,39.75468749999993,0.4375,10.890625,19.0,-2109.7,3981.0,6090.700000000001,0.6536194526080745,2905.8999999999996,-111.03684210526315,0.2631578947368421,11.631578947368421
R0181,10,2.0,12,0.5,pullback,short,atr_sl_fixed_tp,8.0,16.0,96,0.7,1.25,1.0,24,71.0,2680.1999999999935,20589.80000000001,17909.599999999988,1.1496515835082874,4314.0000000000055,37.7492957746478,0.4084507042253521,10.04225352112676,17.0,-2789.6000000000004,2388.6000000000004,5178.200000000002,0.4612799814607392,3585.8,-164.09411764705885,0.17647058823529413,13.411764705882353
R0182,10,2.0,12,0.5,pullback,short,atr_sl_fixed_tp,8.0,16.0,96,0.7,1.5,1.0,24,70.0,2683.999999999998,21386.00000000001,18701.999999999985,1.1435140626670959,3702.6000000000013,38.34285714285712,0.42857142857142855,10.585714285714285,17.0,-3289.6000000000004,2388.6000000000004,5678.200000000002,0.4206614772286992,4085.8,-193.5058823529412,0.17647058823529413,13.823529411764707
R0325,14,1.5,12,0.5,pullback,short,atr_sl_fixed_tp,8.0,16.0,96,0.7,1.25,1.0,24,65.0,2240.4999999999945,17997.40000000001,15756.899999999989,1.1421916747583611,5635.200000000004,34.469230769230684,0.4153846153846154,10.276923076923078,19.0,-1609.6999999999996,3981.0,5590.700000000002,0.712075410950328,2559.2,-84.72105263157893,0.2631578947368421,11.368421052631579
R0058,10,1.5,12,0.5,pullback,short,atr_sl_fixed_tp,10.0,24.0,96,0.7,1.5,1.0,24,61.0,2630.7,21401.20000000001,18770.499999999985,1.1401507684931158,4026.6000000000004,43.126229508196715,0.4262295081967213,14.19672131147541,19.0,-2484.6999999999994,4481.0,6965.700000000002,0.6432950026558708,3268.3999999999996,-130.77368421052628,0.2631578947368421,13.68421052631579
R0354,14,1.5,12,0.5,pullback,short,atr_sl_fixed_tp,12.0,20.0,96,0.7,1.5,1.0,24,57.0,2420.899999999995,19881.100000000013,17460.19999999999,1.138652478207582,5473.800000000004,42.471929824561315,0.49122807017543857,14.807017543859649,18.0,-1505.8999999999992,4814.7,6320.600000000001,0.7617473024712842,2505.3999999999996,-83.66111111111107,0.3333333333333333,15.11111111111111
R0470,14,2.0,12,0.5,pullback,short,atr_sl_fixed_tp,8.0,16.0,96,0.7,1.5,1.0,24,69.0,2375.3,20261.00000000001,17885.699999999986,1.1328044191728603,3524.9000000000005,34.424637681159425,0.43478260869565216,10.46376811594203,16.0,-2685.8,2388.6000000000004,5074.4000000000015,0.4707157496452782,3482.0,-167.8625,0.1875,12.5
R0469,14,2.0,12,0.5,pullback,short,atr_sl_fixed_tp,8.0,16.0,96,0.7,1.25,1.0,24,70.0,2171.499999999998,19464.80000000001,17293.29999999999,1.1255688619291877,4026.500000000002,31.021428571428544,0.4142857142857143,9.914285714285715,16.0,-2285.8,2388.6000000000004,4674.400000000001,0.5109960636659251,3082.0,-142.8625,0.1875,12.1875
R0070,10,1.5,12,0.5,pullback,short,atr_sl_fixed_tp,12.0,24.0,96,0.7,1.5,1.0,24,59.0,2288.2999999999984,21447.400000000012,19159.099999999988,1.1194367167560078,4826.6,38.784745762711836,0.4576271186440678,15.559322033898304,18.0,-1793.3999999999992,4527.2,6320.600000000001,0.7162611144511595,2664.0999999999995,-99.63333333333328,0.3333333333333333,15.222222222222221
R0069,10,1.5,12,0.5,pullback,short,atr_sl_fixed_tp,12.0,24.0,96,0.7,1.25,1.0,24,61.0,2280.7000000000007,21447.400000000012,19166.699999999986,1.1189928365341988,4526.6,37.38852459016395,0.4426229508196721,14.885245901639344,19.0,-3184.699999999999,4481.0,7665.700000000002,0.584551965247792,3968.3999999999987,-167.61578947368415,0.2631578947368421,14.105263157894736
R0336,14,1.5,12,0.5,pullback,short,fixed_sl_atr_tp,8.0,24.0,96,0.7,1.5,1.0,24,64.0,1944.2999999999954,18424.000000000007,16479.699999999986,1.117981516653824,3710.200000000005,30.37968749999993,0.3125,10.703125,20.0,-1525.9999999999995,3968.5,5494.500000000002,0.7222677222677221,3055.3999999999996,-76.29999999999998,0.25,11.9
R0048,10,1.5,12,0.5,pullback,short,fixed_sl_atr_tp,8.0,24.0,96,0.7,1.5,1.0,24,69.0,2125.299999999993,20220.200000000008,18094.899999999983,1.1174529839899654,4114.0000000000055,30.801449275362216,0.30434782608695654,10.782608695652174,19.0,-1122.1999999999996,3968.5,5090.700000000002,0.7795588033079928,2651.6,-59.06315789473682,0.2631578947368421,12.947368421052632
R0197,10,2.0,12,0.5,pullback,short,atr_sl_fixed_tp,10.0,20.0,96,0.7,1.25,1.0,24,65.0,2240.5000000000014,21943.600000000013,19703.099999999988,1.1137130705320497,2780.4,34.46923076923079,0.4307692307692308,12.092307692307692,17.0,-3527.1000000000004,2776.1000000000004,6303.200000000002,0.4404270846554131,4310.8,-207.47647058823532,0.17647058823529413,14.235294117647058
R0185,10,2.0,12,0.5,pullback,short,atr_sl_fixed_tp,8.0,20.0,96,0.7,1.25,1.0,24,68.0,2029.0999999999956,20592.50000000001,18563.399999999987,1.1093064848034317,3460.200000000004,29.839705882352877,0.36764705882352944,10.779411764705882,17.0,-2402.1,2776.1000000000004,5178.200000000002,0.5361129349967169,3274.4,-141.29999999999998,0.17647058823529413,13.529411764705882
R0051,10,1.5,12,0.5,pullback,short,fixed_sl_atr_tp,10.0,16.0,96,0.7,1.25,1.0,24,69.0,1975.2999999999909,20627.300000000014,18651.999999999985,1.1059028522410481,6967.800000000005,28.627536231883926,0.42028985507246375,10.956521739130435,19.0,-1784.6999999999994,4181.0,5965.700000000002,0.7008398008615919,2634.2,-93.9315789473684,0.2631578947368421,11.210526315789474
R0186,10,2.0,12,0.5,pullback,short,atr_sl_fixed_tp,8.0,20.0,96,0.7,1.5,1.0,24,67.0,1945.4000000000012,21401.20000000001,19455.799999999985,1.0999907482601603,3022.8,29.035820895522406,0.3880597014925373,11.35820895522388,17.0,-2902.1,2776.1000000000004,5678.200000000002,0.48890493466239293,3685.8,-170.71176470588236,0.17647058823529413,13.941176470588236
R0485,14,2.0,12,0.5,pullback,short,atr_sl_fixed_tp,10.0,20.0,96,0.7,1.25,1.0,24,64.0,1844.3000000000004,20906.100000000013,19061.79999999999,1.0967537168578008,3166.7999999999997,28.817187500000006,0.4375,11.703125,16.0,-2898.3,2776.1000000000004,5674.4000000000015,0.4892323417453827,3682.0,-181.14375,0.1875,13.1875
R0052,10,1.5,12,0.5,pullback,short,fixed_sl_atr_tp,10.0,16.0,96,0.7,1.5,1.0,24,67.0,1782.8999999999915,20434.900000000012,18651.999999999985,1.0955876045464308,6767.800000000005,26.610447761193903,0.40298507462686567,11.537313432835822,19.0,-1584.6999999999996,4381.0,5965.700000000002,0.7343647853562866,2634.2,-83.40526315789471,0.2631578947368421,11.263157894736842
R0195,10,2.0,12,0.5,pullback,short,fixed_sl_atr_tp,10.0,16.0,96,0.7,1.25,1.0,24,71.0,1780.1999999999944,21627.300000000014,19847.099999999984,1.0896957238085176,4905.300000000005,25.073239436619637,0.4084507042253521,10.591549295774648,17.0,-3089.600000000001,2588.6000000000004,5678.200000000002,0.45588390687189595,3885.800000000001,-181.74117647058827,0.17647058823529413,13.764705882352942
R0473,14,2.0,12,0.5,pullback,short,atr_sl_fixed_tp,8.0,20.0,96,0.7,1.25,1.0,24,67.0,1507.8999999999987,19555.00000000001,18047.099999999988,1.0835535903275333,3272.7000000000016,22.505970149253713,0.373134328358209,10.343283582089553,16.0,-1898.2999999999997,2776.1000000000004,4674.400000000001,0.5938944035598152,2770.6,-118.64374999999998,0.1875,12.3125
R0474,14,2.0,12,0.5,pullback,short,atr_sl_fixed_tp,8.0,20.0,96,0.7,1.5,1.0,24,66.0,1524.2000000000014,20363.70000000001,18839.499999999985,1.080904482603043,3145.0,23.093939393939415,0.3939393939393939,10.924242424242424,16.0,-2298.2999999999997,2776.1000000000004,5074.4000000000015,0.5470794576698722,3082.0,-143.64374999999998,0.1875,12.625
R0490,14,2.0,12,0.5,pullback,short,atr_sl_fixed_tp,10.0,24.0,96,0.7,1.5,1.0,24,58.0,1342.1000000000017,19705.00000000001,18362.899999999987,1.0730875842051106,2765.2,23.13965517241382,0.43103448275862066,14.241379310344827,16.0,-2998.3,3176.1000000000004,6174.4000000000015,0.5143981601451153,3782.0,-187.39375,0.1875,14.1875
R0314,14,1.5,12,0.382,pullback,short,atr_sl_fixed_tp,12.0,16.0,96,0.7,1.5,1.0,24,72.0,1513.8999999999933,22793.100000000017,21279.199999999986,1.0711445919019527,6723.200000000004,21.026388888888796,0.5277777777777778,11.902777777777779,24.0,-753.6999999999989,7008.199999999999,7761.9000000000015,0.9028974864401754,3589.5999999999995,-31.404166666666622,0.4583333333333333,15.458333333333334
R0026,10,1.5,12,0.382,pullback,short,atr_sl_fixed_tp,12.0,16.0,96,0.7,1.5,1.0,24,72.0,1488.8999999999915,22630.600000000017,21141.699999999986,1.0704248002762329,6980.300000000005,20.679166666666546,0.5277777777777778,12.875,25.0,92.50000000000085,7804.399999999999,7711.9000000000015,1.0119944501355045,3489.0999999999995,3.700000000000034,0.48,15.16
R0335,14,1.5,12,0.5,pullback,short,fixed_sl_atr_tp,8.0,24.0,96,0.7,1.25,1.0,24,64.0,1156.7999999999981,17636.500000000007,16479.699999999986,1.0701954525871238,3710.200000000002,18.07499999999997,0.3125,10.546875,21.0,-1117.2999999999997,4781.0,5898.300000000002,0.8105725378498887,3055.3999999999996,-53.204761904761895,0.23809523809523808,11.285714285714286
R0063,10,1.5,12,0.5,pullback,short,fixed_sl_atr_tp,12.0,16.0,96,0.7,1.25,1.0,24,68.0,1354.099999999994,21482.200000000015,20128.099999999984,1.0672741093297446,6626.500000000004,19.91323529411756,0.45588235294117646,12.088235294117647,19.0,-2884.699999999999,4181.0,7065.700000000002,0.5917318878525835,3680.8999999999987,-151.82631578947363,0.2631578947368421,11.894736842105264
R0064,10,1.5,12,0.5,pullback,short,fixed_sl_atr_tp,12.0,16.0,96,0.7,1.5,1.0,24,66.0,1336.6999999999935,21464.800000000014,20128.099999999984,1.0664096462159882,6251.500000000004,20.253030303030204,0.4393939393939394,12.636363636363637,19.0,-2684.699999999999,4381.0,7065.700000000002,0.6200376466592127,3480.8999999999987,-141.29999999999995,0.2631578947368421,11.947368421052632
R0207,10,2.0,12,0.5,pullback,short,fixed_sl_atr_tp,12.0,16.0,96,0.7,1.25,1.0,24,69.0,1350.2999999999997,22436.000000000015,21085.699999999983,1.0640386612728072,4064.000000000002,19.5695652173913,0.43478260869565216,11.652173913043478,17.0,-4089.5999999999995,2588.6000000000004,6678.200000000002,0.3876194184061573,4885.799999999999,-240.5647058823529,0.17647058823529413,14.176470588235293
R0501,14,2.0,12,0.5,pullback,short,atr_sl_fixed_tp,12.0,24.0,96,0.7,1.25,1.0,24,57.0,1095.900000000003,19705.00000000001,18609.099999999988,1.0588905427989546,2906.5,19.226315789473738,0.43859649122807015,14.789473684210526,16.0,-3498.3,3176.1000000000004,6674.4000000000015,0.4758629989212513,4282.0,-218.64375,0.1875,14.1875
R0047,10,1.5,12,0.5,pullback,short,fixed_sl_atr_tp,8.0,24.0,96,0.7,1.25,1.0,24,69.0,1037.7999999999963,19132.700000000008,18094.899999999983,1.0573531768619902,4114.000000000003,15.040579710144874,0.30434782608695654,10.623188405797102,20.0,-713.4999999999995,4781.0,5494.500000000002,0.8701428701428698,2651.6,-35.674999999999976,0.25,12.25
R0358,14,1.5,12,0.5,pullback,short,atr_sl_fixed_tp,12.0,24.0,96,0.7,1.5,1.0,24,54.0,1007.3000000000002,18942.50000000001,17935.19999999999,1.0561632989874672,4395.0,18.65370370370371,0.46296296296296297,15.907407407407407,18.0,-1793.3999999999992,4527.2,6320.600000000001,0.7162611144511595,2664.0999999999995,-99.63333333333328,0.3333333333333333,15.722222222222221
R0189,10,2.0,12,0.5,pullback,short,atr_sl_fixed_tp,8.0,24.0,96,0.7,1.25,1.0,24,65.0,1027.9999999999998,19591.40000000001,18563.399999999987,1.0553777863968896,3070.6,15.815384615384612,0.3384615384615385,11.676923076923076,17.0,-2002.0999999999995,3176.1000000000004,5178.200000000002,0.6133598547757907,3074.3999999999996,-117.77058823529408,0.17647058823529413,13.647058823529411
R0201,10,2.0,12,0.5,pullback,short,atr_sl_fixed_tp,10.0,24.0,96,0.7,1.25,1.0,24,62.0,1039.4000000000012,20742.50000000001,19703.099999999988,1.0527531200674018,2769.0,16.764516129032277,0.4032258064516129,13.161290322580646,17.0,-3127.1,3176.1000000000004,6303.200000000002,0.5038869145830689,3974.4,-183.9470588235294,0.17647058823529413,14.352941176470589
R0040,10,1.5,12,0.5,pullback,short,fixed_sl_atr_tp,8.0,16.0,96,0.7,1.5,1.0,24,71.0,917.6999999999935,18608.80000000001,17691.099999999984,1.051873540933013,4746.600000000004,12.925352112675965,0.3380281690140845,9.661971830985916,20.0,-1113.5,4381.0,5494.500000000002,0.7973427973427971,2663.0,-55.675,0.25,10.7
R0170,10,2.0,12,0.382,pullback,short,atr_sl_fixed_tp,12.0,16.0,96,0.7,1.5,1.0,24,68.0,1104.0999999999929,23024.600000000013,21920.499999999985,1.050368376633746,6829.200000000004,16.236764705882248,0.4852941176470588,11.941176470588236,20.0,-2038.4999999999989,5332.099999999999,7370.600000000001,0.7234282147993377,4874.4,-101.92499999999994,0.4,16.05
R0156,10,2.0,12,0.382,pullback,short,fixed_sl_atr_tp,8.0,24.0,96,0.7,1.5,1.0,24,76.0,973.7000000000005,20791.40000000001,19817.69999999998,1.0491328458902915,3217.7999999999997,12.811842105263164,0.2894736842105263,10.039473684210526,23.0,-1424.9000000000003,4635.9,6060.800000000002,0.7648990232312562,4302.1,-61.952173913043495,0.30434782608695654,12.347826086956522
R0213,10,2.0,12,0.5,pullback,short,atr_sl_fixed_tp,12.0,24.0,96,0.7,1.25,1.0,24,57.0,908.4000000000026,19546.30000000001,18637.899999999987,1.048739396605842,2906.5,15.936842105263203,0.42105263157894735,15.333333333333334,17.0,-4252.099999999999,3176.1000000000004,7428.200000000002,0.42757330174201014,5035.799999999999,-250.12352941176468,0.17647058823529413,15.176470588235293
R0214,10,2.0,12,0.5,pullback,short,atr_sl_fixed_tp,12.0,24.0,96,0.7,1.5,1.0,24,55.0,766.0000000000023,19546.30000000001,18780.29999999999,1.040787420861223,3317.2999999999993,13.927272727272769,0.43636363636363634,16.036363636363635,16.0,-3010.7999999999993,3222.3,6233.100000000001,0.5169658757279684,3794.499999999999,-188.17499999999995,0.25,16.875
R0190,10,2.0,12,0.5,pullback,short,atr_sl_fixed_tp,8.0,24.0,96,0.7,1.5,1.0,24,64.0,744.3000000000015,20200.10000000001,19455.799999999985,1.0382559442428492,3022.7999999999997,11.629687500000024,0.359375,12.375,17.0,-2502.1,3176.1000000000004,5678.200000000002,0.5593497939487865,3474.4,-147.18235294117648,0.17647058823529413,14.058823529411764
R0202,10,2.0,12,0.5,pullback,short,atr_sl_fixed_tp,10.0,24.0,96,0.7,1.5,1.0,24,58.0,667.1000000000014,19546.30000000001,18879.199999999986,1.0353351836942257,3019.0,11.501724137931058,0.41379310344827586,14.620689655172415,17.0,-3752.1000000000004,3176.1000000000004,6928.200000000002,0.4584307612366848,4535.8,-220.7117647058824,0.17647058823529413,15.176470588235293
R0489,14,2.0,12,0.5,pullback,short,atr_sl_fixed_tp,10.0,24.0,96,0.7,1.25,1.0,24,61.0,643.2000000000021,19705.00000000001,19061.79999999999,1.0337428784270124,2894.0,10.544262295082001,0.4098360655737705,12.852459016393443,16.0,-2498.2999999999997,3176.1000000000004,5674.4000000000015,0.5597243761454955,3345.6,-156.14374999999998,0.1875,13.3125
R0346,14,1.5,12,0.5,pullback,short,atr_sl_fixed_tp,10.0,24.0,96,0.7,1.5,1.0,24,55.0,553.5000000000014,17812.60000000001,17259.099999999988,1.032070038414519,3772.7999999999997,10.06363636363639,0.41818181818181815,14.545454545454545,19.0,-2722.2,4481.0,7203.200000000002,0.6220846290537537,3505.8999999999996,-143.2736842105263,0.2631578947368421,14.263157894736842
R0039,10,1.5,12,0.5,pullback,short,fixed_sl_atr_tp,8.0,16.0,96,0.7,1.25,1.0,24,72.0,513.8999999999934,18205.00000000001,17691.099999999984,1.0290485046153166,4946.600000000003,7.137499999999908,0.3472222222222222,9.430555555555555,20.0,-1313.5,4181.0,5494.500000000002,0.7609427609427607,2663.0,-65.675,0.25,10.65
R0477,14,2.0,12,0.5,pullback,short,atr_sl_fixed_tp,8.0,24.0,96,0.7,1.25,1.0,24,64.0,506.80000000000166,18553.90000000001,18047.099999999988,1.0280820741282546,3011.9,7.918750000000026,0.34375,11.3125,16.0,-1498.2999999999997,3176.1000000000004,4674.400000000001,0.6794668834502824,2570.6,-93.64374999999998,0.1875,12.4375
R0057,10,1.5,12,0.5,pullback,short,atr_sl_fixed_tp,10.0,24.0,96,0.7,1.25,1.0,24,63.0,485.5999999999997,20205.00000000001,19719.399999999987,1.0246254957047387,4190.1,7.707936507936503,0.3968253968253968,13.142857142857142,19.0,-1984.6999999999994,4481.0,6465.700000000002,0.6930417433533878,2831.9999999999995,-104.45789473684208,0.2631578947368421,12.947368421052632
R0060,10,1.5,12,0.5,pullback,short,fixed_sl_atr_tp,10.0,24.0,96,0.7,1.5,1.0,24,66.0,424.19999999999334,20662.60000000001,20238.399999999983,1.020960154952962,5914.000000000004,6.427272727272626,0.3484848484848485,12.484848484848484,18.0,-1493.3999999999999,3968.5,5461.9000000000015,0.7265786631025831,2465.7,-82.96666666666665,0.2777777777777778,13.666666666666666
R0046,10,1.5,12,0.5,pullback,short,atr_sl_fixed_tp,8.0,24.0,96,0.7,1.5,1.0,24,65.0,390.4999999999984,19662.60000000001,19272.099999999984,1.0202624519382955,4672.700000000001,6.007692307692283,0.35384615384615387,12.169230769230769,19.0,-1184.6999999999996,4481.0,5665.700000000001,0.7908996240535149,2326.6,-62.352631578947346,0.2631578947368421,12.68421052631579
R0196,10,2.0,12,0.5,pullback,short,fixed_sl_atr_tp,10.0,16.0,96,0.7,1.5,1.0,24,68.0,391.59999999999843,20238.70000000001,19847.099999999984,1.0197308422893032,4705.300000000001,5.758823529411742,0.38235294117647056,11.25,17.0,-2889.6000000000004,2788.6000000000004,5678.200000000002,0.4911063365150927,3685.8,-169.97647058823532,0.17647058823529413,13.823529411764707
R0483,14,2.0,12,0.5,pullback,short,fixed_sl_atr_tp,10.0,16.0,96,0.7,1.25,1.0,24,69.0,375.29999999999893,19706.100000000013,19330.799999999985,1.0194146129492845,4717.800000000002,5.4391304347825935,0.4057971014492754,10.579710144927537,16.0,-2585.8,2588.6000000000004,5174.4000000000015,0.5002705627705627,3382.0,-161.6125,0.1875,12.8125
R0478,14,2.0,12,0.5,pullback,short,atr_sl_fixed_tp,8.0,24.0,96,0.7,1.5,1.0,24,63.0,323.1000000000014,19162.60000000001,18839.499999999985,1.017150136680911,3141.2,5.12857142857145,0.36507936507936506,12.015873015873016,16.0,-1898.2999999999995,3176.1000000000004,5074.4000000000015,0.6259065111146145,2870.5999999999995,-118.64374999999997,0.1875,12.75
R0072,10,1.5,12,0.5,pullback,short,fixed_sl_atr_tp,12.0,24.0,96,0.7,1.5,1.0,24,65.0,327.9999999999975,21542.50000000001,21214.499999999985,1.0154611232883182,5547.700000000002,5.046153846153808,0.38461538461538464,13.646153846153846,18.0,-2493.399999999999,3968.5,6461.9000000000015,0.614138256549931,3277.0999999999995,-138.52222222222218,0.2777777777777778,14.38888888888889
R0480,14,2.0,12,0.5,pullback,short,fixed_sl_atr_tp,8.0,24.0,96,0.7,1.5,1.0,24,68.0,254.10000000000133,18724.000000000007,18469.899999999983,1.0137575189903585,3230.3999999999996,3.7367647058823725,0.29411764705882354,10.073529411764707,15.0,-1431.9999999999995,2663.6000000000004,4095.6000000000013,0.6503564801250121,2604.2999999999997,-95.46666666666664,0.2,13.733333333333333
R0339,14,1.5,12,0.5,pullback,short,fixed_sl_atr_tp,10.0,16.0,96,0.7,1.25,1.0,24,64.0,194.2999999999945,17838.70000000001,17644.399999999987,1.0110119924735341,6464.000000000004,3.035937499999914,0.40625,11.046875,19.0,-2109.7,4181.0,6290.700000000002,0.6646319169567773,2959.2,-111.03684210526315,0.2631578947368421,11.789473684210526
R0328,14,1.5,12,0.5,pullback,short,fixed_sl_atr_tp,8.0,16.0,96,0.7,1.5,1.0,24,66.0,136.70000000000095,16616.40000000001,16479.699999999986,1.0082950539148179,4342.8,2.0712121212121355,0.3333333333333333,9.757575757575758,21.0,-1517.2999999999995,4381.0,5898.300000000002,0.7427563874336671,3066.8,-72.25238095238093,0.23809523809523808,9.80952380952381
R0332,14,1.5,12,0.5,pullback,short,fixed_sl_atr_tp,8.0,20.0,96,0.7,1.5,1.0,24,65.0,40.49999999999932,16924.000000000007,16883.499999999985,1.0023987917197277,4314.000000000001,0.6230769230769125,0.3076923076923077,10.323076923076924,21.0,-629.8,5268.5,5898.300000000002,0.8932234711696587,3055.4,-29.990476190476187,0.23809523809523808,10.80952380952381
R0495,14,2.0,12,0.5,pullback,short,fixed_sl_atr_tp,12.0,16.0,96,0.7,1.25,1.0,24,67.0,45.40000000000191,20514.800000000014,20469.399999999983,1.0022179448347304,3776.5,0.677611940298536,0.43283582089552236,11.597014925373134,16.0,-3485.8,2588.6000000000004,6074.4000000000015,0.42614908468326085,4282.0,-217.8625,0.1875,13.125
R0327,14,1.5,12,0.5,pullback,short,fixed_sl_atr_tp,8.0,16.0,96,0.7,1.25,1.0,24,67.0,-67.09999999999843,16412.60000000001,16479.699999999986,0.9959283239379372,4542.8,-1.0014925373134094,0.34328358208955223,9.582089552238806,21.0,-1717.2999999999995,4181.0,5898.300000000002,0.7088483122255562,3066.8,-81.77619047619045,0.23809523809523808,9.761904761904763
R0044,10,1.5,12,0.5,pullback,short,fixed_sl_atr_tp,8.0,20.0,96,0.7,1.5,1.0,24,70.0,-78.5000000000025,18420.200000000008,18498.699999999983,0.9957564585619544,4935.100000000002,-1.1214285714286072,0.3,10.428571428571429,20.0,-225.9999999999999,5268.5,5494.500000000002,0.9588679588679585,2651.6,-11.299999999999994,0.25,11.75
R0357,14,1.5,12,0.5,pullback,short,atr_sl_fixed_tp,12.0,24.0,96,0.7,1.25,1.0,24,55.0,-83.9999999999975,17858.80000000001,17942.79999999999,0.9953184564282064,4072.7999999999997,-1.5272727272726818,0.43636363636363634,15.181818181818182,19.0,-3422.2,4481.0,7903.200000000002,0.5669855248506933,4205.9,-180.1157894736842,0.2631578947368421,14.578947368421053
R0504,14,2.0,12,0.5,pullback,short,fixed_sl_atr_tp,12.0,24.0,96,0.7,1.5,1.0,24,62.0,-110.59999999999741,20396.30000000001,20506.899999999983,0.9946066933568715,3210.2999999999997,-1.7838709677418936,0.3870967741935484,13.129032258064516,15.0,-2807.0,2663.6000000000004,5470.600000000001,0.48689357657295357,3590.7,-187.13333333333333,0.2,14.533333333333333
R0444,14,2.0,12,0.382,pullback,short,fixed_sl_atr_tp,8.0,24.0,96,0.7,1.5,1.0,24,75.0,-147.49999999999824,19495.200000000008,19642.69999999998,0.9924908490177027,3170.3999999999987,-1.9666666666666432,0.28,9.973333333333333,23.0,-899.9000000000003,5160.9,6060.800000000002,0.8515212513199574,3777.1000000000004,-39.12608695652175,0.30434782608695654,11.347826086956522
R0208,10,2.0,12,0.5,pullback,short,fixed_sl_atr_tp,12.0,16.0,96,0.7,1.5,1.0,24,66.0,-238.29999999999723,20847.400000000012,21085.699999999983,0.9886985018282547,4063.9999999999986,-3.6106060606060186,0.4090909090909091,12.454545454545455,17.0,-3889.5999999999995,2788.6000000000004,6678.200000000002,0.41756760803809406,4685.799999999999,-228.79999999999995,0.17647058823529413,14.235294117647058
R0351,14,1.5,12,0.5,pullback,short,fixed_sl_atr_tp,12.0,16.0,96,0.7,1.25,1.0,24,63.0,-226.9000000000001,18693.600000000013,18920.499999999985,0.9880077164979798,6022.700000000002,-3.601587301587303,0.4444444444444444,12.238095238095237,19.0,-3309.7000000000007,4181.0,7490.700000000002,0.5581587835582789,4105.900000000001,-174.1947368421053,0.2631578947368421,12.368421052631579
R0059,10,1.5,12,0.5,pullback,short,fixed_sl_atr_tp,10.0,24.0,96,0.7,1.25,1.0,24,66.0,-263.30000000000473,19975.10000000001,20238.399999999983,0.986990078267058,6032.400000000004,-3.989393939394011,0.3484848484848485,12.303030303030303,19.0,-1184.6999999999998,4781.0,5965.700000000002,0.8014147543456759,2426.6,-62.35263157894736,0.2631578947368421,12.894736842105264
R0345,14,1.5,12,0.5,pullback,short,atr_sl_fixed_tp,10.0,24.0,96,0.7,1.25,1.0,24,58.0,-270.39999999999895,17812.60000000001,18082.99999999999,0.9850467289719638,3963.0,-4.662068965517223,0.39655172413793105,13.068965517241379,19.0,-2222.1999999999994,4481.0,6703.200000000002,0.668486692922783,3069.4999999999995,-116.95789473684208,0.2631578947368421,13.526315789473685
R0053,10,1.5,12,0.5,pullback,short,atr_sl_fixed_tp,10.0,20.0,96,0.7,1.25,1.0,24,66.0,-313.30000000000166,19834.900000000012,20148.199999999986,0.984450223841337,5787.300000000002,-4.746969696969722,0.4090909090909091,12.454545454545455,19.0,-1697.1999999999994,4768.5,6465.700000000002,0.737507153131138,2684.2,-89.32631578947365,0.2631578947368421,12.368421052631579
R0071,10,1.5,12,0.5,pullback,short,fixed_sl_atr_tp,12.0,24.0,96,0.7,1.25,1.0,24,65.0,-359.50000000000136,20855.00000000001,21214.499999999985,0.9830540432251538,5903.600000000002,-5.530769230769252,0.38461538461538464,13.461538461538462,19.0,-2284.699999999999,4781.0,7065.700000000002,0.6766491642724711,3068.3999999999987,-120.24736842105257,0.2631578947368421,13.578947368421053
R0331,14,1.5,12,0.5,pullback,short,fixed_sl_atr_tp,8.0,20.0,96,0.7,1.25,1.0,24,65.0,-334.49999999999955,16549.000000000007,16883.499999999985,0.9801877572778169,4002.5,-5.146153846153839,0.3076923076923077,10.261538461538462,21.0,-879.8,5018.5,5898.300000000002,0.8508383771595203,3055.4,-41.89523809523809,0.23809523809523808,10.619047619047619
R0042,10,1.5,12,0.5,pullback,short,atr_sl_fixed_tp,8.0,20.0,96,0.7,1.5,1.0,24,68.0,-408.4000000000044,19292.50000000001,19700.899999999983,0.9792699825896293,6557.400000000003,-6.005882352941241,0.36764705882352944,11.529411764705882,19.0,-897.1999999999996,4768.5,5665.700000000001,0.8416435744921191,2234.2,-47.22105263157893,0.2631578947368421,12.105263157894736
R0492,14,2.0,12,0.5,pullback,short,fixed_sl_atr_tp,10.0,24.0,96,0.7,1.5,1.0,24,63.0,-414.39999999999964,19166.40000000001,19580.799999999985,0.9788364111782983,3706.3999999999996,-6.577777777777772,0.3492063492063492,11.904761904761905,15.0,-2006.9999999999998,2663.6000000000004,4670.600000000001,0.570290754935126,2979.2999999999997,-133.79999999999998,0.2,14.2
R0041,10,1.5,12,0.5,pullback,short,atr_sl_fixed_tp,8.0,20.0,96,0.7,1.25,1.0,24,69.0,-424.7000000000078,18483.80000000001,18908.499999999985,0.9775392019462159,6873.700000000007,-6.155072463768229,0.34782608695652173,10.956521739130435,19.0,-497.2,4768.5,5265.700000000002,0.9055776060162939,2122.8,-26.16842105263158,0.2631578947368421,11.842105263157896
R0340,14,1.5,12,0.5,pullback,short,fixed_sl_atr_tp,10.0,16.0,96,0.7,1.5,1.0,24,62.0,-398.1000000000017,17246.30000000001,17644.399999999987,0.9774376005984915,6264.000000000003,-6.420967741935511,0.3870967741935484,11.596774193548388,19.0,-1909.6999999999996,4381.0,6290.700000000002,0.6964248811737961,2959.2,-100.51052631578945,0.2631578947368421,11.842105263157896
R0503,14,2.0,12,0.5,pullback,short,fixed_sl_atr_tp,12.0,24.0,96,0.7,1.25,1.0,24,62.0,-498.0999999999981,20008.80000000001,20506.899999999983,0.9757106144761044,3612.3999999999996,-8.033870967741905,0.3870967741935484,13.048387096774194,16.0,-2598.2999999999997,3476.1000000000004,6074.4000000000015,0.5722540497826946,3382.0,-162.39374999999998,0.1875,13.5625
R0045,10,1.5,12,0.5,pullback,short,atr_sl_fixed_tp,8.0,24.0,96,0.7,1.25,1.0,24,67.0,-504.6000000000047,18403.90000000001,18908.499999999985,0.9733135891265845,6267.800000000003,-7.531343283582159,0.3283582089552239,11.671641791044776,19.0,-784.6999999999997,4481.0,5265.700000000002,0.8509789771540344,2126.6,-41.29999999999998,0.2631578947368421,12.421052631578947
R0479,14,2.0,12,0.5,pullback,short,fixed_sl_atr_tp,8.0,24.0,96,0.7,1.25,1.0,24,68.0,-533.399999999999,17936.500000000007,18469.899999999983,0.9711205799706563,3230.3999999999996,-7.844117647058808,0.29411764705882354,10,16.0,-1023.2999999999997,3476.1000000000004,4499.4000000000015,0.772569675956794,2195.6,-63.95624999999998,0.1875,12.8125
R0155,10,2.0,12,0.382,pullback,short,fixed_sl_atr_tp,8.0,24.0,96,0.7,1.25,1.0,24,77.0,-630.0999999999981,19591.40000000001,20221.499999999978,0.9688400959374938,3436.199999999999,-8.183116883116858,0.2857142857142857,9.896103896103897,24.0,-1016.2000000000003,5448.4,6464.600000000002,0.842805432664047,3893.4,-42.341666666666676,0.2916666666666667,11.541666666666666
R0334,14,1.5,12,0.5,pullback,short,atr_sl_fixed_tp,8.0,24.0,96,0.7,1.5,1.0,24,60.0,-590.4999999999989,17270.200000000008,17860.699999999986,0.9669385858337031,4074.7999999999993,-9.841666666666647,0.35,12.183333333333334,19.0,-1609.6999999999994,4481.0,6090.700000000001,0.7357118229431756,2647.8,-84.72105263157891,0.2631578947368421,13.157894736842104
R0352,14,1.5,12,0.5,pullback,short,fixed_sl_atr_tp,12.0,16.0,96,0.7,1.5,1.0,24,61.0,-644.299999999999,18276.20000000001,18920.499999999985,0.9659469887159444,5647.7,-10.562295081967198,0.4262295081967213,12.754098360655737,19.0,-3109.7,4381.0,7490.700000000002,0.5848585579451853,3905.8999999999996,-163.66842105263157,0.2631578947368421,12.421052631578947
R0068,10,1.5,12,0.5,pullback,short,fixed_sl_atr_tp,12.0,20.0,96,0.7,1.5,1.0,24,65.0,-747.0000000000011,20467.50000000001,21214.499999999985,0.9647882344622793,6378.600000000002,-11.49230769230771,0.38461538461538464,13.307692307692308,19.0,-1797.1999999999991,5268.5,7065.700000000002,0.7456444513636298,3034.2,-94.58947368421047,0.2631578947368421,13.052631578947368
R0341,14,1.5,12,0.5,pullback,short,atr_sl_fixed_tp,10.0,20.0,96,0.7,1.25,1.0,24,61.0,-669.2999999999986,17842.50000000001,18511.79999999999,0.9638446828509395,5283.5,-10.97213114754096,0.4098360655737705,12.39344262295082,19.0,-1934.6999999999996,4768.5,6703.200000000002,0.7113766559255279,2921.7,-101.82631578947367,0.2631578947368421,12.947368421052632
R0043,10,1.5,12,0.5,pullback,short,fixed_sl_atr_tp,8.0,20.0,96,0.7,1.25,1.0,24,70.0,-703.4999999999993,17795.200000000008,18498.699999999983,0.9619703006157203,4810.1,-10.04999999999999,0.3,10.371428571428572,20.0,-475.99999999999994,5018.5,5494.500000000002,0.9133679133679131,2651.6,-23.799999999999997,0.25,11.55
R0491,14,2.0,12,0.5,pullback,short,fixed_sl_atr_tp,10.0,24.0,96,0.7,1.25,1.0,24,63.0,-801.8999999999985,18778.90000000001,19580.799999999985,0.9590466170942976,3824.799999999999,-12.728571428571405,0.3492063492063492,11.904761904761905,16.0,-1698.3,3476.1000000000004,5174.4000000000015,0.6717880333951761,2670.6,-106.14375,0.1875,13.25
R0458,14,2.0,12,0.382,pullback,short,atr_sl_fixed_tp,12.0,16.0,96,0.7,1.5,1.0,24,67.0,-917.1000000000038,21057.20000000001,21974.299999999985,0.9582648821577946,7808.000000000002,-13.688059701492593,0.4626865671641791,11.417910447761194,20.0,-2038.4999999999989,5332.099999999999,7370.600000000001,0.7234282147993377,4874.4,-101.92499999999994,0.4,14.95
R0348,14,1.5,12,0.5,pullback,short,fixed_sl_atr_tp,10.0,24.0,96,0.7,1.5,1.0,24,61.0,-956.8,17770.200000000008,18726.999999999985,0.9489079938057362,5410.200000000001,-15.685245901639343,0.3442622950819672,12.459016393442623,18.0,-1818.3999999999999,3968.5,5786.9000000000015,0.6857730391055659,2790.7,-101.02222222222221,0.2777777777777778,14.277777777777779
R0484,14,2.0,12,0.5,pullback,short,fixed_sl_atr_tp,10.0,16.0,96,0.7,1.5,1.0,24,66.0,-1013.2999999999988,18317.50000000001,19330.799999999985,0.9475810623461018,4517.799999999999,-15.353030303030286,0.3787878787878788,11.257575757575758,16.0,-2385.8,2788.6000000000004,5174.4000000000015,0.5389223871366727,3182.0,-149.1125,0.1875,12.875
R0330,14,1.5,12,0.5,pullback,short,atr_sl_fixed_tp,8.0,20.0,96,0.7,1.5,1.0,24,63.0,-964.4000000000001,17300.10000000001,18264.499999999985,0.9471981165649223,6128.6,-15.307936507936509,0.36507936507936506,11.476190476190476,19.0,-1322.1999999999994,4768.5,6090.700000000001,0.7829149358858587,2659.2,-69.58947368421049,0.2631578947368421,12.578947368421053
R0500,14,2.0,12,0.5,pullback,short,fixed_sl_atr_tp,12.0,20.0,96,0.7,1.5,1.0,24,62.0,-1085.5999999999979,19421.30000000001,20506.899999999983,0.9470617206891352,4012.399999999999,-17.509677419354805,0.3870967741935484,12.806451612903226,16.0,-2798.3,3276.1000000000004,6074.4000000000015,0.5393289872250756,3582.0,-174.89375,0.1875,13.5
R0174,10,2.0,12,0.382,pullback,short,atr_sl_fixed_tp,12.0,20.0,96,0.7,1.5,1.0,24,63.0,-1201.9000000000012,20872.400000000012,22074.299999999985,0.9455520673362248,7200.400000000001,-19.077777777777797,0.42857142857142855,13.761904761904763,20.0,-1150.9999999999993,6219.599999999999,7370.600000000001,0.8438390361707322,4474.4,-57.54999999999997,0.4,16.75
R0056,10,1.5,12,0.5,pullback,short,fixed_sl_atr_tp,10.0,20.0,96,0.7,1.5,1.0,24,67.0,-1204.6000000000026,19462.60000000001,20667.199999999983,0.9417144073701337,7061.2000000000035,-17.97910447761198,0.34328358208955223,12.17910447761194,19.0,-697.2,5268.5,5965.700000000002,0.8831319040514941,2434.2,-36.694736842105264,0.2631578947368421,12.368421052631579
R0152,10,2.0,12,0.382,pullback,short,fixed_sl_atr_tp,8.0,20.0,96,0.7,1.5,1.0,24,78.0,-1233.8999999999992,18987.60000000001,20221.499999999978,0.9389807877753891,4640.0,-15.819230769230758,0.2948717948717949,9.64102564102564,24.0,-1216.2,5248.4,6464.600000000002,0.8118677102991675,3893.3999999999996,-50.675000000000004,0.2916666666666667,11.5
R0329,14,1.5,12,0.5,pullback,short,atr_sl_fixed_tp,8.0,20.0,96,0.7,1.25,1.0,24,64.0,-1080.700000000003,16491.40000000001,17572.099999999988,0.9384990980019474,6444.900000000002,-16.885937500000047,0.34375,10.84375,19.0,-822.2,4768.5,5590.700000000002,0.852934337381723,2447.8,-43.27368421052632,0.2631578947368421,12.31578947368421
R0443,14,2.0,12,0.382,pullback,short,fixed_sl_atr_tp,8.0,24.0,96,0.7,1.25,1.0,24,77.0,-1280.0999999999976,19170.200000000008,20450.299999999977,0.9374043412566089,4174.199999999998,-16.624675324675295,0.2727272727272727,9.597402597402597,24.0,-491.2000000000003,5973.4,6464.600000000002,0.9240169538718556,3634.2000000000003,-20.46666666666668,0.2916666666666667,10.583333333333334
R0360,14,1.5,12,0.5,pullback,short,fixed_sl_atr_tp,12.0,24.0,96,0.7,1.5,1.0,24,60.0,-1340.4999999999977,18650.10000000001,19990.599999999984,0.9329434834372167,4943.9,-22.34166666666663,0.38333333333333336,13.65,18.0,-2918.3999999999996,3968.5,6886.9000000000015,0.5762389464054943,3702.0999999999995,-162.13333333333333,0.2777777777777778,14.88888888888889
R0488,14,2.0,12,0.5,pullback,short,fixed_sl_atr_tp,10.0,20.0,96,0.7,1.5,1.0,24,63.0,-1389.399999999999,18191.40000000001,19580.799999999985,0.9290427357411354,4499.799999999999,-22.053968253968236,0.3492063492063492,11.634920634920634,16.0,-1898.3,3276.1000000000004,5174.4000000000015,0.6331362090290661,2682.0,-118.64375,0.1875,13.1875
R0216,10,2.0,12,0.5,pullback,short,fixed_sl_atr_tp,12.0,24.0,96,0.7,1.5,1.0,24,63.0,-1501.8999999999976,19637.60000000001,21139.499999999985,0.9289529080631057,3616.199999999999,-23.839682539682503,0.36507936507936506,13.53968253968254,16.0,-3410.8,2663.6000000000004,6074.4000000000015,0.43849598314236793,4194.5,-213.175,0.1875,15.5625
R0476,14,2.0,12,0.5,pullback,short,fixed_sl_atr_tp,8.0,20.0,96,0.7,1.5,1.0,24,68.0,-1320.8999999999987,17149.000000000007,18469.899999999983,0.9284836409509538,3531.2999999999993,-19.424999999999983,0.29411764705882354,9.720588235294118,16.0,-1223.3,3276.1000000000004,4499.4000000000015,0.7281193047961949,2195.6,-76.45625,0.1875,12.75
R0215,10,2.0,12,0.5,pullback,short,fixed_sl_atr_tp,12.0,24.0,96,0.7,1.25,1.0,24,63.0,-1589.3999999999976,19550.10000000001,21139.499999999985,0.9248137373163993,4216.199999999999,-25.22857142857139,0.36507936507936506,13.46031746031746,17.0,-3202.0999999999995,3476.1000000000004,6678.200000000002,0.5205145098978766,3985.7999999999993,-188.35882352941172,0.17647058823529413,14.588235294117647
R0496,14,2.0,12,0.5,pullback,short,fixed_sl_atr_tp,12.0,16.0,96,0.7,1.5,1.0,24,64.0,-1543.1999999999973,18926.20000000001,20469.399999999983,0.9246094169834009,3776.499999999999,-24.112499999999958,0.40625,12.421875,16.0,-3285.8,2788.6000000000004,6074.4000000000015,0.4590741472408797,4082.0,-205.3625,0.1875,13.1875
R0290,14,1.5,12,0.382,pullback,short,atr_sl_fixed_tp,8.0,16.0,96,0.7,1.5,1.0,24,82.0,-1724.100000000002,21120.800000000014,22844.89999999998,0.9245302014891741,6991.600000000001,-21.025609756097584,0.4146341463414634,9.21951219512195,25.0,-219.99999999999977,6624.499999999999,6844.500000000002,0.9678574037548393,2972.2,-8.79999999999999,0.4,13.28
R0147,10,2.0,12,0.382,pullback,short,fixed_sl_atr_tp,8.0,16.0,96,0.7,1.25,1.0,24,81.0,-1570.299999999998,19201.20000000001,20771.499999999978,0.9244012228293591,4333.999999999999,-19.386419753086393,0.32098765432098764,8.641975308641975,24.0,-916.2000000000003,5548.4,6464.600000000002,0.8582742938464867,4068.4,-38.17500000000001,0.2916666666666667,11.166666666666666
R0148,10,2.0,12,0.382,pullback,short,fixed_sl_atr_tp,8.0,16.0,96,0.7,1.5,1.0,24,81.0,-1620.299999999999,19151.20000000001,20771.499999999978,0.9219940784247662,4784.0,-20.003703703703692,0.32098765432098764,8.716049382716049,24.0,-316.2000000000002,6148.4,6464.600000000002,0.9510874609411252,3668.4,-13.17500000000001,0.2916666666666667,11.25
R0301,14,1.5,12,0.382,pullback,short,atr_sl_fixed_tp,10.0,16.0,96,0.7,1.25,1.0,24,81.0,-1932.8000000000013,21988.200000000015,23920.99999999998,0.9192007023117776,6983.5,-23.861728395061746,0.4444444444444444,9.641975308641975,24.0,-278.69999999999936,6624.499999999999,6903.200000000002,0.9596274191679217,3005.8999999999996,-11.612499999999974,0.4166666666666667,14.375
R0440,14,2.0,12,0.382,pullback,short,fixed_sl_atr_tp,8.0,20.0,96,0.7,1.5,1.0,24,78.0,-1683.899999999998,18766.40000000001,20450.299999999977,0.9176589096492487,5577.999999999998,-21.588461538461512,0.28205128205128205,9.282051282051283,24.0,-891.2,5573.4,6464.600000000002,0.8621415091420966,3634.2,-37.13333333333333,0.2916666666666667,10.5
R0192,10,2.0,12,0.5,pullback,short,fixed_sl_atr_tp,8.0,24.0,96,0.7,1.5,1.0,24,70.0,-1728.4999999999989,17965.300000000007,19693.79999999998,0.9122312605997839,3344.5,-24.692857142857125,0.2714285714285714,10.271428571428572,16.0,-1835.7999999999995,2663.6000000000004,4499.4000000000015,0.5919900431168599,3008.0999999999995,-114.73749999999997,0.1875,14.8125
R0333,14,1.5,12,0.5,pullback,short,atr_sl_fixed_tp,8.0,24.0,96,0.7,1.25,1.0,24,62.0,-1560.5999999999992,16011.50000000001,17572.099999999988,0.9111887594539082,5739.0,-25.17096774193547,0.3225806451612903,11.548387096774194,19.0,-1109.6999999999996,4481.0,5590.700000000002,0.8015096499543883,2447.8,-58.405263157894716,0.2631578947368421,12.894736842105264
R0436,14,2.0,12,0.382,pullback,short,fixed_sl_atr_tp,8.0,16.0,96,0.7,1.5,1.0,24,79.0,-1812.6999999999991,18380.00000000001,20192.69999999998,0.9102299345803201,5399.199999999999,-22.945569620253153,0.31645569620253167,8.620253164556962,24.0,-716.2000000000003,5748.4,6464.600000000002,0.8892120162113661,4068.4,-29.84166666666668,0.2916666666666667,10.166666666666666
R0292,14,1.5,12,0.382,pullback,short,fixed_sl_atr_tp,8.0,16.0,96,0.7,1.5,1.0,24,85.0,-1960.5000000000016,19639.800000000014,21600.299999999977,0.9092373717031724,6065.0,-23.06470588235296,0.3411764705882353,8.51764705882353,27.0,1172.399999999999,7424.499999999999,6252.100000000002,1.1875209929463695,2934.2000000000003,43.42222222222218,0.37037037037037035,11.777777777777779
R0475,14,2.0,12,0.5,pullback,short,fixed_sl_atr_tp,8.0,20.0,96,0.7,1.25,1.0,24,68.0,-1695.899999999999,16774.000000000007,18469.899999999983,0.9081803366558575,3645.4999999999995,-24.939705882352925,0.29411764705882354,9.661764705882353,16.0,-1473.3,3026.1000000000004,4499.4000000000015,0.6725563408454459,2445.6,-92.08125,0.1875,12.5
R0030,10,1.5,12,0.382,pullback,short,atr_sl_fixed_tp,12.0,20.0,96,0.7,1.5,1.0,24,70.0,-2203.5000000000027,21653.400000000016,23856.899999999983,0.9076367843265484,7746.000000000002,-31.478571428571467,0.45714285714285713,14.157142857142857,24.0,33.800000000001035,7745.699999999999,7711.9000000000015,1.0043828369143788,3489.1,1.4083333333333765,0.4583333333333333,16.833333333333332
R0347,14,1.5,12,0.5,pullback,short,fixed_sl_atr_tp,10.0,24.0,96,0.7,1.25,1.0,24,61.0,-1744.299999999999,16982.700000000008,18726.999999999985,0.9068564105302516,5528.599999999999,-28.595081967213098,0.3442622950819672,12.295081967213115,19.0,-1509.7,4781.0,6290.700000000002,0.7600108096078336,2747.8,-79.4578947368421,0.2631578947368421,13.473684210526315
R0435,14,2.0,12,0.382,pullback,short,fixed_sl_atr_tp,8.0,16.0,96,0.7,1.25,1.0,24,79.0,-1962.6999999999982,18230.00000000001,20192.69999999998,0.9028015074754753,4949.199999999999,-24.84430379746833,0.31645569620253167,8.544303797468354,24.0,-1116.2000000000003,5348.4,6464.600000000002,0.8273365714816072,4268.4,-46.50833333333335,0.2916666666666667,10.125
R0055,10,1.5,12,0.5,pullback,short,fixed_sl_atr_tp,10.0,20.0,96,0.7,1.25,1.0,24,67.0,-2079.6000000000004,18587.60000000001,20667.199999999983,0.8993767902763812,6936.200000000001,-31.03880597014926,0.34328358208955223,12.238805970149254,19.0,-947.2,5018.5,5965.700000000002,0.8412256734331258,2434.2,-49.852631578947374,0.2631578947368421,12.157894736842104
R0487,14,2.0,12,0.5,pullback,short,fixed_sl_atr_tp,10.0,20.0,96,0.7,1.25,1.0,24,63.0,-2014.3999999999994,17566.40000000001,19580.799999999985,0.8971237130250053,4374.799999999999,-31.974603174603164,0.3492063492063492,11.698412698412698,16.0,-2148.3,3026.1000000000004,5174.4000000000015,0.5848214285714285,2932.0,-134.26875,0.1875,12.9375
R0212,10,2.0,12,0.5,pullback,short,fixed_sl_atr_tp,12.0,20.0,96,0.7,1.5,1.0,24,63.0,-2176.8999999999987,18962.60000000001,21139.499999999985,0.8970221623027992,4616.199999999999,-34.553968253968236,0.36507936507936506,13.301587301587302,17.0,-3402.0999999999995,3276.1000000000004,6678.200000000002,0.4905663202659399,4185.799999999999,-200.12352941176468,0.17647058823529413,14.529411764705882
R0302,14,1.5,12,0.382,pullback,short,atr_sl_fixed_tp,10.0,16.0,96,0.7,1.5,1.0,24,77.0,-2455.100000000002,21200.700000000015,23655.79999999998,0.8962157272212325,8138.400000000001,-31.884415584415613,0.4675324675324675,10.324675324675324,24.0,-1028.6999999999994,6624.499999999999,7653.200000000002,0.8655856373804419,3630.8999999999996,-42.862499999999976,0.4166666666666667,15
R0067,10,1.5,12,0.5,pullback,short,fixed_sl_atr_tp,12.0,20.0,96,0.7,1.25,1.0,24,65.0,-2246.999999999998,18967.50000000001,21214.499999999985,0.8940818779608298,6878.5999999999985,-34.56923076923074,0.38461538461538464,13.415384615384616,19.0,-2047.1999999999991,5018.5,7065.700000000002,0.7102622528553433,3034.2,-107.74736842105258,0.2631578947368421,12.842105263157896
R0359,14,1.5,12,0.5,pullback,short,fixed_sl_atr_tp,12.0,24.0,96,0.7,1.25,1.0,24,60.0,-2127.999999999998,17862.60000000001,19990.599999999984,0.8935499684851892,5299.799999999998,-35.46666666666663,0.38333333333333336,13.483333333333333,19.0,-2709.699999999999,4781.0,7490.700000000002,0.6382581067189981,3493.3999999999987,-142.61578947368415,0.2631578947368421,14.052631578947368
R0204,10,2.0,12,0.5,pullback,short,fixed_sl_atr_tp,10.0,24.0,96,0.7,1.5,1.0,24,64.0,-2193.199999999999,18407.700000000008,20600.899999999983,0.8935386318073494,3916.099999999999,-34.26874999999998,0.328125,12.203125,16.0,-2510.7999999999997,2663.6000000000004,5174.4000000000015,0.5147649969078539,3483.1,-156.92499999999998,0.1875,15.125
R0291,14,1.5,12,0.382,pullback,short,fixed_sl_atr_tp,8.0,16.0,96,0.7,1.25,1.0,24,85.0,-2310.499999999998,19289.800000000014,21600.299999999977,0.8930338930477834,5566.5999999999985,-27.18235294117645,0.3411764705882353,8.447058823529412,27.0,772.3999999999996,7024.499999999999,6252.100000000002,1.1235424897234523,2934.2000000000003,28.607407407407393,0.37037037037037035,11.74074074074074
R0178,10,2.0,12,0.382,pullback,short,atr_sl_fixed_tp,12.0,24.0,96,0.7,1.5,1.0,24,63.0,-2526.9000000000015,21055.00000000001,23581.899999999983,0.8928457842667481,7748.200000000002,-40.109523809523836,0.3968253968253968,14.142857142857142,20.0,-350.99999999999983,7019.599999999999,7370.600000000001,0.9523783681111441,4074.3999999999996,-17.54999999999999,0.4,16.9
R0300,14,1.5,12,0.382,pullback,short,fixed_sl_atr_tp,8.0,24.0,96,0.7,1.5,1.0,24,83.0,-2402.8999999999996,20008.80000000001,22411.699999999975,0.8927836799528832,6332.4,-28.95060240963855,0.2891566265060241,9.867469879518072,25.0,-157.5000000000001,5690.799999999999,5848.300000000002,0.9730690970025473,3034.7,-6.300000000000004,0.36,13.8
R0184,10,2.0,12,0.5,pullback,short,fixed_sl_atr_tp,8.0,16.0,96,0.7,1.5,1.0,24,74.0,-2181.199999999999,17766.40000000001,19947.59999999998,0.8906535122019704,4375.4,-29.47567567567566,0.2972972972972973,9.27027027027027,17.0,-2114.6,2788.6000000000004,4903.200000000002,0.5687306248980256,2910.8,-124.38823529411764,0.17647058823529413,13.529411764705882
R0318,14,1.5,12,0.382,pullback,short,atr_sl_fixed_tp,12.0,20.0,96,0.7,1.5,1.0,24,69.0,-2574.7,20819.700000000015,23394.399999999983,0.8899437472215586,6942.200000000001,-37.314492753623185,0.4492753623188406,13.492753623188406,23.0,-1012.3999999999992,6749.499999999999,7761.9000000000015,0.8695680181398882,4335.799999999999,-44.01739130434779,0.43478260869565216,17.17391304347826
R0151,10,2.0,12,0.382,pullback,short,fixed_sl_atr_tp,8.0,20.0,96,0.7,1.25,1.0,24,78.0,-2233.8999999999983,17987.60000000001,20221.499999999978,0.8895284721707108,5127.999999999998,-28.639743589743567,0.2948717948717949,9.628205128205128,24.0,121.29999999999967,6585.9,6464.600000000002,1.018763728614299,3634.2000000000007,5.054166666666653,0.2916666666666667,11.333333333333334
R0401,14,1.5,24,0.5,pullback,short,atr_sl_fixed_tp,8.0,20.0,96,0.7,1.25,1.0,24,66.0,-2050.8,16512.60000000001,18563.399999999987,0.8895245483047298,4981.400000000001,-31.072727272727274,0.3484848484848485,10.106060606060606,18.0,-3505.900000000001,2763.6000000000004,6269.500000000002,0.44080070181035164,3773.300000000001,-194.77222222222227,0.16666666666666666,11.11111111111111
R0203,10,2.0,12,0.5,pullback,short,fixed_sl_atr_tp,10.0,24.0,96,0.7,1.25,1.0,24,64.0,-2280.699999999999,18320.200000000008,20600.899999999983,0.8892912445572777,4516.099999999999,-35.63593749999998,0.328125,12.203125,17.0,-2202.1,3476.1000000000004,5678.200000000002,0.6121834384135817,3174.4,-129.53529411764706,0.17647058823529413,14.176470588235293
R0191,10,2.0,12,0.5,pullback,short,fixed_sl_atr_tp,8.0,24.0,96,0.7,1.25,1.0,24,70.0,-2215.999999999999,17477.800000000007,19693.79999999998,0.8874772771125949,3665.4999999999995,-31.657142857142844,0.2714285714285714,10.2,17.0,-1427.0999999999997,3476.1000000000004,4903.200000000002,0.7089451786588349,2599.3999999999996,-83.94705882352939,0.17647058823529413,13.882352941176471
R0397,14,1.5,24,0.5,pullback,short,atr_sl_fixed_tp,8.0,16.0,96,0.7,1.25,1.0,24,67.0,-2042.100000000001,16017.50000000001,18059.599999999988,0.8869244058561663,5061.300000000001,-30.479104477611955,0.373134328358209,9.597014925373134,18.0,-3880.9000000000015,2388.6000000000004,6269.500000000002,0.3809873195629635,4173.300000000001,-215.60555555555564,0.16666666666666666,9.61111111111111
R0462,14,2.0,12,0.382,pullback,short,atr_sl_fixed_tp,12.0,20.0,96,0.7,1.5,1.0,24,64.0,-2580.7000000000007,20151.20000000001,22731.899999999983,0.8864723142368226,6671.6,-40.32343750000001,0.40625,12.890625,20.0,-1150.9999999999993,6219.599999999999,7370.600000000001,0.8438390361707322,4474.4,-57.54999999999997,0.4,15.65
R0012,10,1.5,12,0.382,pullback,short,fixed_sl_atr_tp,8.0,24.0,96,0.7,1.5,1.0,24,84.0,-2681.7000000000035,20937.600000000013,23619.299999999974,0.8864614954719249,7934.000000000003,-31.92500000000004,0.27380952380952384,9.964285714285714,27.0,634.8999999999996,6886.999999999999,6252.100000000002,1.1015498792405747,3338.0,23.5148148148148,0.37037037037037035,13.407407407407407
R0499,14,2.0,12,0.5,pullback,short,fixed_sl_atr_tp,12.0,20.0,96,0.7,1.25,1.0,24,62.0,-2335.6000000000004,18171.30000000001,20506.899999999983,0.8861066275253707,4512.4,-37.67096774193549,0.3870967741935484,12.919354838709678,16.0,-3048.3,3026.1000000000004,6074.4000000000015,0.4981726590280521,3832.0,-190.51875,0.1875,13.25
R0168,10,2.0,12,0.382,pullback,short,fixed_sl_atr_tp,10.0,24.0,96,0.7,1.5,1.0,24,74.0,-2718.699999999999,20791.40000000001,23510.099999999977,0.8843603387480287,5316.5999999999985,-36.739189189189176,0.2972972972972973,10.513513513513514,20.0,-1413.5000000000002,4635.9,6049.4000000000015,0.7663404635170428,4190.7,-70.67500000000001,0.35,15.1
R0404,14,1.5,24,0.5,pullback,short,fixed_sl_atr_tp,8.0,20.0,96,0.7,1.5,1.0,24,66.0,-2025.7999999999995,15449.00000000001,17474.799999999985,0.8840730652139093,5017.2,-30.693939393939388,0.30303030303030304,9.651515151515152,18.0,-3105.900000000001,2763.6000000000004,5869.500000000002,0.47084078711985683,3473.300000000001,-172.55000000000007,0.16666666666666666,10.5
R0183,10,2.0,12,0.5,pullback,short,fixed_sl_atr_tp,8.0,16.0,96,0.7,1.25,1.0,24,75.0,-2384.999999999999,17562.600000000006,19947.59999999998,0.8804367442699885,4575.4,-31.799999999999986,0.30666666666666664,9.12,17.0,-2314.6,2588.6000000000004,4903.200000000002,0.5279409365312449,3110.8,-136.1529411764706,0.17647058823529413,13.470588235294118
R0356,14,1.5,12,0.5,pullback,short,fixed_sl_atr_tp,12.0,20.0,96,0.7,1.5,1.0,24,60.0,-2515.4999999999973,17475.10000000001,19990.599999999984,0.8741658579532392,5774.799999999997,-41.924999999999955,0.38333333333333336,13.3,19.0,-2222.2,5268.5,7490.700000000002,0.7033388067870825,3459.2,-116.95789473684209,0.2631578947368421,13.526315789473685
R0306,14,1.5,12,0.382,pullback,short,atr_sl_fixed_tp,10.0,20.0,96,0.7,1.5,1.0,24,74.0,-3093.699999999999,20819.700000000015,23913.399999999983,0.8706290197127983,6449.799999999999,-41.80675675675674,0.4189189189189189,11.77027027027027,23.0,-1287.4,6365.799999999999,7653.200000000002,0.8317827836721892,4377.1,-55.97391304347826,0.391304347826087,16.695652173913043
R0296,14,1.5,12,0.382,pullback,short,fixed_sl_atr_tp,8.0,20.0,96,0.7,1.5,1.0,24,85.0,-2960.5000000000027,19855.00000000001,22815.499999999975,0.8702417216366082,7365.000000000001,-34.82941176470592,0.29411764705882354,9.223529411764705,26.0,-148.80000000000007,6103.299999999999,6252.100000000002,0.9761999968010744,2934.2000000000003,-5.723076923076926,0.34615384615384615,12.923076923076923
R0146,10,2.0,12,0.382,pullback,short,atr_sl_fixed_tp,8.0,16.0,96,0.7,1.5,1.0,24,80.0,-3116.499999999999,20636.00000000001,23752.499999999978,0.8687927586569847,7072.599999999999,-38.95624999999999,0.375,9.15,24.0,-2916.2,4948.4,7864.600000000002,0.6291991963990538,5668.4,-121.50833333333333,0.2916666666666667,11.083333333333334
R0004,10,1.5,12,0.382,pullback,short,fixed_sl_atr_tp,8.0,16.0,96,0.7,1.5,1.0,24,86.0,-3014.3000000000006,19393.600000000013,22407.899999999976,0.8654804778671823,7054.200000000001,-35.050000000000004,0.32558139534883723,8.976744186046512,29.0,1964.7999999999977,8620.699999999999,6655.900000000002,1.2951967427395237,3338.0000000000005,67.75172413793095,0.3793103448275862,11.517241379310345
R0034,10,1.5,12,0.382,pullback,short,atr_sl_fixed_tp,12.0,24.0,96,0.7,1.5,1.0,24,69.0,-3399.7000000000025,21361.000000000015,24760.699999999983,0.8626977427940256,9542.200000000003,-49.27101449275366,0.43478260869565216,14.782608695652174,24.0,1033.799999999999,8745.7,7711.9000000000015,1.134052568109026,3489.1000000000004,43.07499999999996,0.4583333333333333,17.208333333333332
R0200,10,2.0,12,0.5,pullback,short,fixed_sl_atr_tp,10.0,20.0,96,0.7,1.5,1.0,24,64.0,-2868.2,17732.700000000008,20600.899999999983,0.8607730730210827,5191.1,-44.815625,0.328125,12.015625,17.0,-2402.1,3276.1000000000004,5678.200000000002,0.5769610087703849,3185.8,-141.29999999999998,0.17647058823529413,14.117647058823529
R0344,14,1.5,12,0.5,pullback,short,fixed_sl_atr_tp,10.0,20.0,96,0.7,1.5,1.0,24,62.0,-2685.5999999999995,16470.200000000008,19155.799999999985,0.8598022531034998,6557.4,-43.316129032258054,0.3387096774193548,12.14516129032258,19.0,-1022.2,5268.5,6290.700000000002,0.8375061598868169,2759.2,-53.800000000000004,0.2631578947368421,12.947368421052632
R0540,14,2.0,24,0.382,pullback,short,fixed_sl_atr_tp,12.0,24.0,96,0.7,1.5,1.0,24,72.0,-3661.0999999999995,22003.900000000012,25664.999999999978,0.8573504773037223,7068.9,-50.848611111111104,0.3055555555555556,11.625,21.0,-2979.8,4798.4,7778.200000000002,0.6169036538016506,5932.0,-141.8952380952381,0.3333333333333333,16.476190476190474
R0403,14,1.5,24,0.5,pullback,short,fixed_sl_atr_tp,8.0,20.0,96,0.7,1.25,1.0,24,67.0,-2554.6000000000004,15324.00000000001,17878.599999999984,0.8571140917074057,5046.0,-38.12835820895523,0.29850746268656714,9.432835820895523,18.0,-3105.900000000001,2763.6000000000004,5869.500000000002,0.47084078711985683,3473.300000000001,-172.55000000000007,0.16666666666666666,10.5
R0439,14,2.0,12,0.382,pullback,short,fixed_sl_atr_tp,8.0,20.0,96,0.7,1.25,1.0,24,78.0,-2933.900000000001,17516.40000000001,20450.299999999977,0.8565351119543493,6078.000000000002,-37.61410256410257,0.28205128205128205,9.243589743589743,24.0,-128.70000000000016,6335.9,6464.600000000002,0.9800915756581997,3818.4,-5.362500000000007,0.2916666666666667,10.458333333333334
R0434,14,2.0,12,0.382,pullback,short,atr_sl_fixed_tp,8.0,16.0,96,0.7,1.5,1.0,24,78.0,-3308.8999999999987,19464.80000000001,22773.69999999998,0.8547052082006888,7072.599999999999,-42.42179487179486,0.3717948717948718,8.948717948717949,22.0,-2308.5999999999995,4948.4,7257.000000000002,0.6818795645583572,5060.799999999999,-104.93636363636361,0.3181818181818182,11.727272727272727
R0450,14,2.0,12,0.382,pullback,short,atr_sl_fixed_tp,10.0,20.0,96,0.7,1.5,1.0,24,70.0,-3453.499999999998,20151.20000000001,23604.699999999983,0.8536943913712111,6101.399999999999,-49.33571428571426,0.37142857142857144,11.2,23.0,-3474.9000000000005,5835.9,9310.800000000001,0.6267882459079778,6564.6,-151.0826086956522,0.30434782608695654,12.695652173913043
R0414,14,1.5,24,0.5,pullback,short,atr_sl_fixed_tp,10.0,20.0,96,0.7,1.5,1.0,24,59.0,-2824.2,16455.00000000001,19279.19999999999,0.8535105191086777,6019.4,-47.867796610169485,0.423728813559322,12.372881355932204,17.0,-1927.0999999999997,4143.5,6070.600000000001,0.6825519717985041,2436.8999999999996,-113.35882352941175,0.29411764705882354,14.411764705882353
R0386,14,1.5,24,0.382,pullback,short,atr_sl_fixed_tp,12.0,16.0,96,0.7,1.5,1.0,24,72.0,-3636.0999999999985,21065.900000000012,24701.99999999998,0.8528013925997906,7864.499999999999,-50.50138888888887,0.4444444444444444,11.73611111111111,26.0,988.6999999999998,8725.599999999999,7736.9000000000015,1.1277902002093858,2984.7,38.02692307692307,0.5,14.307692307692308
R0180,10,2.0,12,0.382,pullback,short,fixed_sl_atr_tp,12.0,24.0,96,0.7,1.5,1.0,24,72.0,-3786.0999999999995,21808.80000000001,25594.89999999998,0.8520759995155296,7053.599999999999,-52.58472222222221,0.3333333333333333,11.597222222222221,20.0,-2463.5,4635.9,7099.4000000000015,0.6529988449728145,5140.7,-123.175,0.35,15.9
R0456,14,2.0,12,0.382,pullback,short,fixed_sl_atr_tp,10.0,24.0,96,0.7,1.5,1.0,24,73.0,-3389.9000000000015,19495.200000000008,22885.09999999998,0.8518730527723289,5916.600000000001,-46.436986301369885,0.2876712328767123,10.493150684931507,20.0,-888.5000000000002,5160.9,6049.4000000000015,0.8531259298442818,3665.7,-44.42500000000001,0.35,13.85
R0024,10,1.5,12,0.382,pullback,short,fixed_sl_atr_tp,10.0,24.0,96,0.7,1.5,1.0,24,81.0,-3920.300000000001,22288.700000000015,26208.999999999975,0.8504216108970215,7776.4000000000015,-48.39876543209878,0.32098765432098764,10.987654320987655,24.0,646.299999999999,6886.999999999999,6240.700000000002,1.1035621004054028,3130.4,26.929166666666628,0.4166666666666667,15.875
R0003,10,1.5,12,0.382,pullback,short,fixed_sl_atr_tp,8.0,16.0,96,0.7,1.25,1.0,24,86.0,-3364.299999999999,19043.600000000013,22407.899999999976,0.8498609865270745,6216.6,-39.11976744186045,0.32558139534883723,8.825581395348838,29.0,1364.799999999998,8020.699999999999,6655.900000000002,1.205051157619555,3338.0000000000005,47.06206896551717,0.3793103448275862,11.448275862068966
R0211,10,2.0,12,0.5,pullback,short,fixed_sl_atr_tp,12.0,20.0,96,0.7,1.25,1.0,24,63.0,-3176.9000000000015,17962.60000000001,21139.499999999985,0.8497173537690117,5116.2,-50.42698412698415,0.36507936507936506,13.428571428571429,17.0,-3652.0999999999995,3026.1000000000004,6678.200000000002,0.4531310832260189,4435.799999999999,-214.82941176470584,0.17647058823529413,14.294117647058824
R0299,14,1.5,12,0.382,pullback,short,fixed_sl_atr_tp,8.0,24.0,96,0.7,1.25,1.0,24,84.0,-3431.7000000000016,19383.80000000001,22815.499999999975,0.8495890951326963,7036.200000000001,-40.85357142857145,0.2857142857142857,9.55952380952381,26.0,251.19999999999976,6503.299999999999,6252.100000000002,1.0401785000239914,2934.2000000000003,9.661538461538452,0.34615384615384615,13
R0304,14,1.5,12,0.382,pullback,short,fixed_sl_atr_tp,10.0,16.0,96,0.7,1.5,1.0,24,82.0,-3686.5999999999995,20507.200000000015,24193.799999999977,0.8476221180633069,6808.500000000001,-44.95853658536585,0.3780487804878049,9.378048780487806,24.0,1183.7999999999988,7424.499999999999,6240.700000000002,1.1896902591055487,2626.6000000000004,49.32499999999995,0.4166666666666667,14.041666666666666
R0188,10,2.0,12,0.5,pullback,short,fixed_sl_atr_tp,8.0,20.0,96,0.7,1.5,1.0,24,70.0,-3003.500000000001,16690.300000000007,19693.79999999998,0.8474900730179052,4740.500000000001,-42.90714285714287,0.2714285714285714,10,17.0,-1627.1,3276.1000000000004,4903.200000000002,0.668155490292054,2599.4,-95.71176470588235,0.17647058823529413,13.823529411764707
R0324,14,1.5,12,0.382,pullback,short,fixed_sl_atr_tp,12.0,24.0,96,0.7,1.5,1.0,24,77.0,-4117.600000000002,22868.600000000013,26986.19999999998,0.8474183100992371,7535.100000000002,-53.47532467532471,0.36363636363636365,11.844155844155845,22.0,-1146.0999999999997,5690.799999999999,6836.9000000000015,0.8323655457882956,3823.2999999999993,-52.09545454545453,0.4090909090909091,16.954545454545453
R0312,14,1.5,12,0.382,pullback,short,fixed_sl_atr_tp,10.0,24.0,96,0.7,1.5,1.0,24,80.0,-3929.0000000000027,21276.20000000001,25205.199999999975,0.8441194674114878,6200.300000000001,-49.11250000000003,0.325,10.8,22.0,-46.10000000000002,5690.799999999999,5736.9000000000015,0.9919643012776932,2823.2999999999997,-2.0954545454545466,0.4090909090909091,16.545454545454547
R0199,10,2.0,12,0.5,pullback,short,fixed_sl_atr_tp,10.0,20.0,96,0.7,1.25,1.0,24,64.0,-3243.2000000000007,17357.700000000008,20600.899999999983,0.8425699848064901,5066.100000000001,-50.67500000000001,0.328125,12.09375,17.0,-2652.1000000000004,3026.1000000000004,5678.200000000002,0.5329329717163889,3435.8,-156.0058823529412,0.17647058823529413,13.882352941176471
R0187,10,2.0,12,0.5,pullback,short,fixed_sl_atr_tp,8.0,20.0,96,0.7,1.25,1.0,24,70.0,-3128.5000000000027,16565.300000000007,19693.79999999998,0.8411428977647799,4615.500000000003,-44.69285714285718,0.2714285714285714,9.957142857142857,17.0,-1877.0999999999997,3026.1000000000004,4903.200000000002,0.617168379833578,2849.3999999999996,-110.4176470588235,0.17647058823529413,13.588235294117647
R0343,14,1.5,12,0.5,pullback,short,fixed_sl_atr_tp,10.0,20.0,96,0.7,1.25,1.0,24,62.0,-3060.5999999999995,16095.20000000001,19155.799999999985,0.8402259367919911,6432.4,-49.364516129032246,0.3387096774193548,12.080645161290322,19.0,-1272.2,5018.5,6290.700000000002,0.7977649546155434,2759.2,-66.9578947368421,0.2631578947368421,12.736842105263158
R0466,14,2.0,12,0.382,pullback,short,atr_sl_fixed_tp,12.0,24.0,96,0.7,1.5,1.0,24,64.0,-3905.699999999999,20333.80000000001,24239.49999999998,0.8388704387466749,8123.2,-61.02656249999998,0.375,13.328125,20.0,-350.99999999999983,7019.599999999999,7370.600000000001,0.9523783681111441,4074.3999999999996,-17.54999999999999,0.4,15.8
R0528,14,2.0,24,0.382,pullback,short,fixed_sl_atr_tp,10.0,24.0,96,0.7,1.5,1.0,24,73.0,-3827.400000000004,19852.80000000001,23680.19999999998,0.838371297539718,7949.800000000002,-52.43013698630143,0.2602739726027397,10.561643835616438,21.0,-1779.8000000000002,4798.4,6578.200000000002,0.7294396643458695,4832.0,-84.75238095238096,0.3333333333333333,15.80952380952381
R0412,14,1.5,24,0.5,pullback,short,fixed_sl_atr_tp,10.0,16.0,96,0.7,1.5,1.0,24,66.0,-3163.300000000002,16396.30000000001,19559.599999999984,0.8382737888300387,4757.900000000001,-47.92878787878791,0.36363636363636365,10.666666666666666,18.0,-2543.3999999999996,3568.5,6111.9000000000015,0.5838609924900602,3128.2,-141.29999999999998,0.2777777777777778,11.555555555555555
R0411,14,1.5,24,0.5,pullback,short,fixed_sl_atr_tp,10.0,16.0,96,0.7,1.25,1.0,24,67.0,-3167.1000000000013,16392.50000000001,19559.599999999984,0.8380795108284436,4786.300000000001,-47.27014925373136,0.373134328358209,10.343283582089553,18.0,-2543.3999999999996,3568.5,6111.9000000000015,0.5838609924900602,3128.2,-141.29999999999998,0.2777777777777778,11.555555555555555
R0322,14,1.5,12,0.382,pullback,short,atr_sl_fixed_tp,12.0,24.0,96,0.7,1.5,1.0,24,68.0,-3970.9000000000024,20327.300000000014,24298.199999999983,0.8365763719123239,8738.400000000003,-58.395588235294156,0.4264705882352941,14.058823529411764,23.0,-212.40000000000015,7549.499999999999,7761.9000000000015,0.9726355660340893,3935.8,-9.234782608695658,0.43478260869565216,17.304347826086957
R0530,14,2.0,24,0.382,pullback,short,atr_sl_fixed_tp,12.0,16.0,96,0.7,1.5,1.0,24,72.0,-4186.099999999999,21394.70000000001,25580.79999999998,0.8363577370527907,8556.9,-58.14027777777777,0.4305555555555556,11.430555555555555,21.0,-329.79999999999995,6336.999999999999,6666.800000000001,0.9505309893802121,3507.0,-15.704761904761902,0.47619047619047616,15.476190476190476
R0516,14,2.0,24,0.382,pullback,short,fixed_sl_atr_tp,8.0,24.0,96,0.7,1.5,1.0,24,77.0,-3592.6000000000013,18331.60000000001,21924.199999999975,0.8361354120104738,5994.4,-46.65714285714287,0.23376623376623376,9.571428571428571,23.0,-3262.4000000000005,3602.2,6864.600000000002,0.5247501675261484,4817.300000000001,-141.8434782608696,0.2608695652173913,13.434782608695652
R0400,14,1.5,24,0.5,pullback,short,fixed_sl_atr_tp,8.0,16.0,96,0.7,1.5,1.0,24,68.0,-2945.9000000000024,14932.700000000008,17878.599999999984,0.8352275905272237,4929.700000000002,-43.322058823529446,0.3088235294117647,9.058823529411764,18.0,-3480.9000000000005,2388.6000000000004,5869.500000000002,0.4069511883465371,3873.3000000000006,-193.38333333333335,0.16666666666666666,9
R0405,14,1.5,24,0.5,pullback,short,atr_sl_fixed_tp,8.0,24.0,96,0.7,1.25,1.0,24,65.0,-3122.000000000001,15795.200000000008,18917.199999999986,0.8349650053919195,5971.600000000001,-48.030769230769245,0.3230769230769231,10.907692307692308,18.0,-3105.900000000001,3163.6000000000004,6269.500000000002,0.5046016428742323,3373.300000000001,-172.55000000000007,0.16666666666666666,11.277777777777779
R0303,14,1.5,12,0.382,pullback,short,fixed_sl_atr_tp,10.0,16.0,96,0.7,1.25,1.0,24,82.0,-4036.6000000000013,20157.200000000015,24193.799999999977,0.8331556018484089,6426.9000000000015,-49.2268292682927,0.3780487804878049,9.304878048780488,24.0,783.7999999999995,7024.499999999999,6240.700000000002,1.125594885189161,2626.6000000000004,32.65833333333331,0.4166666666666667,14
R0313,14,1.5,12,0.382,pullback,short,atr_sl_fixed_tp,12.0,16.0,96,0.7,1.25,1.0,24,77.0,-4255.100000000004,21200.700000000015,25455.79999999998,0.8328435955656484,8938.400000000003,-55.26103896103901,0.4675324675324675,10.636363636363637,24.0,-1528.699999999999,6624.499999999999,8153.200000000002,0.8125030662807239,4130.9,-63.69583333333329,0.4166666666666667,15.083333333333334
R0228,10,2.0,24,0.382,pullback,short,fixed_sl_atr_tp,8.0,24.0,96,0.7,1.5,1.0,24,78.0,-3808.9000000000005,18840.300000000007,22649.199999999975,0.8318307048372582,7735.700000000001,-48.83205128205129,0.24358974358974358,9.384615384615385,23.0,-3787.4000000000005,3077.2,6864.600000000002,0.4482708387961424,5342.300000000001,-164.66956521739132,0.2608695652173913,13.91304347826087
R0415,14,1.5,24,0.5,pullback,short,fixed_sl_atr_tp,10.0,20.0,96,0.7,1.25,1.0,24,65.0,-3422.000000000001,16641.40000000001,20063.399999999983,0.8294406730663807,5356.400000000001,-52.64615384615386,0.3384615384615385,11.015384615384615,18.0,-1968.3999999999999,4143.5,6111.9000000000015,0.6779397568677497,2728.2,-109.35555555555555,0.2777777777777778,13.11111111111111
R0242,10,2.0,24,0.382,pullback,short,atr_sl_fixed_tp,12.0,16.0,96,0.7,1.5,1.0,24,72.0,-4436.100000000002,21569.70000000001,26005.79999999998,0.8294188219551034,10453.100000000002,-61.61250000000003,0.4305555555555556,11.625,21.0,-329.79999999999995,6336.999999999999,6666.800000000001,0.9505309893802121,3507.0,-15.704761904761902,0.47619047619047616,15.666666666666666
R0472,14,2.0,12,0.5,pullback,short,fixed_sl_atr_tp,8.0,16.0,96,0.7,1.5,1.0,24,71.0,-3282.3,15845.200000000008,19127.49999999998,0.8283989021043013,4444.300000000001,-46.22957746478873,0.29577464788732394,9.32394366197183,16.0,-1710.8,2788.6000000000004,4499.4000000000015,0.6197715250922344,2507.0,-106.925,0.1875,12.4375
R0468,14,2.0,12,0.382,pullback,short,fixed_sl_atr_tp,12.0,24.0,96,0.7,1.5,1.0,24,72.0,-4386.100000000002,21087.60000000001,25473.69999999998,0.8278184951538263,7334.000000000002,-60.91805555555558,0.3194444444444444,11.208333333333334,20.0,-1938.4999999999998,5160.9,7099.4000000000015,0.7269487562329209,4615.7,-96.92499999999998,0.35,14.65
R0407,14,1.5,24,0.5,pullback,short,fixed_sl_atr_tp,8.0,24.0,96,0.7,1.25,1.0,24,66.0,-3100.800000000001,14727.800000000008,17828.599999999984,0.8260772017993573,5442.800000000001,-46.9818181818182,0.2878787878787879,10.121212121212121,18.0,-2705.9000000000005,3163.6000000000004,5869.500000000002,0.5389896924780645,3073.3000000000006,-150.3277777777778,0.16666666666666666,10.666666666666666
R0355,14,1.5,12,0.5,pullback,short,fixed_sl_atr_tp,12.0,20.0,96,0.7,1.25,1.0,24,60.0,-3515.5,16475.10000000001,19990.599999999984,0.8241423469030456,6274.8,-58.59166666666667,0.38333333333333336,13.283333333333333,19.0,-2472.2,5018.5,7490.700000000002,0.6699640888034495,3459.2,-130.1157894736842,0.2631578947368421,13.31578947368421
R0016,10,1.5,12,0.382,pullback,short,fixed_sl_atr_tp,10.0,16.0,96,0.7,1.5,1.0,24,83.0,-4352.899999999999,20344.700000000015,24697.599999999977,0.8237521054677391,7500.400000000001,-52.444578313253,0.37349397590361444,9.939759036144578,26.0,1876.1999999999982,8620.699999999999,6744.500000000002,1.2781822225517083,3130.4000000000005,72.1615384615384,0.4230769230769231,13.576923076923077
R0252,10,2.0,24,0.382,pullback,short,fixed_sl_atr_tp,12.0,24.0,96,0.7,1.5,1.0,24,73.0,-4827.400000000001,22512.60000000001,27339.999999999975,0.8234308705193867,9128.599999999999,-66.12876712328767,0.3150684931506849,11.753424657534246,21.0,-3504.8,4273.4,7778.200000000002,0.5494073178884573,6457.0,-166.8952380952381,0.3333333333333333,16.80952380952381
R0157,10,2.0,12,0.382,pullback,short,atr_sl_fixed_tp,10.0,16.0,96,0.7,1.25,1.0,24,78.0,-4433.9,20636.00000000001,25069.89999999998,0.823138504740746,7440.0,-56.84487179487179,0.38461538461538464,9.628205128205128,21.0,-2479.7999999999993,4948.4,7428.200000000002,0.6661640774346408,5207.0,-118.08571428571425,0.3333333333333333,13.80952380952381
R0162,10,2.0,12,0.382,pullback,short,atr_sl_fixed_tp,10.0,20.0,96,0.7,1.5,1.0,24,70.0,-4278.5,19876.20000000001,24154.699999999983,0.8228709112512276,7430.2,-61.121428571428574,0.37142857142857144,11.871428571428572,23.0,-3474.9000000000005,5835.9,9310.800000000001,0.6267882459079778,6564.6,-151.0826086956522,0.30434782608695654,13.652173913043478
R0315,14,1.5,12,0.382,pullback,short,fixed_sl_atr_tp,12.0,16.0,96,0.7,1.25,1.0,24,79.0,-4575.200000000002,21199.600000000017,25774.799999999977,0.8224932880177551,8169.300000000002,-57.91392405063293,0.4177215189873418,10.354430379746836,24.0,-416.1999999999989,7024.499999999999,7440.700000000002,0.9440644025427711,3368.399999999999,-17.341666666666622,0.4166666666666667,14.416666666666666
R0013,10,1.5,12,0.382,pullback,short,atr_sl_fixed_tp,10.0,16.0,96,0.7,1.25,1.0,24,83.0,-4577.9,21029.500000000015,25607.39999999998,0.8212274576880133,8621.0,-55.15542168674698,0.42168674698795183,10.120481927710843,26.0,-198.79999999999927,7420.699999999999,7619.500000000002,0.9739090491502064,3505.4,-7.646153846153818,0.4230769230769231,13.653846153846153
R0002,10,1.5,12,0.382,pullback,short,atr_sl_fixed_tp,8.0,16.0,96,0.7,1.5,1.0,24,84.0,-4431.7,20149.600000000013,24581.299999999977,0.8197125457156469,8691.6,-52.75833333333333,0.39285714285714285,9.55952380952381,29.0,-635.1999999999994,7420.699999999999,8055.900000000002,0.9211509576831883,3938.0,-21.903448275862047,0.3793103448275862,11.379310344827585
R0402,14,1.5,24,0.5,pullback,short,atr_sl_fixed_tp,8.0,20.0,96,0.7,1.5,1.0,24,64.0,-3568.2,16087.60000000001,19655.799999999985,0.8184657963552754,5942.800000000001,-55.753125,0.359375,10.53125,17.0,-3114.6000000000004,2763.6000000000004,5878.200000000002,0.47014392160865565,3282.0000000000005,-183.2117647058824,0.17647058823529413,12.411764705882353
R0145,10,2.0,12,0.382,pullback,short,atr_sl_fixed_tp,8.0,16.0,96,0.7,1.25,1.0,24,82.0,-4224.100000000001,19043.60000000001,23267.699999999975,0.8184564868895521,6391.600000000002,-51.51341463414636,0.34146341463414637,8.707317073170731,24.0,-2216.2000000000003,4948.4,7164.600000000002,0.6906735895932778,5068.4,-92.34166666666668,0.2916666666666667,10.75
R0109,10,1.5,24,0.5,pullback,short,atr_sl_fixed_tp,8.0,16.0,96,0.7,1.25,1.0,24,68.0,-3470.900000000005,15596.300000000008,19067.199999999986,0.817964882101201,6061.7000000000035,-51.042647058823604,0.35294117647058826,8.955882352941176,18.0,-3880.9000000000015,2388.6000000000004,6269.500000000002,0.3809873195629635,4173.300000000001,-215.60555555555564,0.16666666666666666,9.38888888888889
R0471,14,2.0,12,0.5,pullback,short,fixed_sl_atr_tp,8.0,16.0,96,0.7,1.25,1.0,24,72.0,-3486.1000000000013,15641.400000000009,19127.49999999998,0.8177440857404273,5244.300000000001,-48.418055555555576,0.3055555555555556,9.166666666666666,16.0,-1910.7999999999997,2588.6000000000004,4499.4000000000015,0.5753211539316352,2707.0,-119.42499999999998,0.1875,12.375
R0154,10,2.0,12,0.382,pullback,short,atr_sl_fixed_tp,8.0,24.0,96,0.7,1.5,1.0,24,74.0,-4193.7,18808.80000000001,23002.499999999978,0.8176850342354104,6672.6,-56.67162162162162,0.32432432432432434,10.905405405405405,24.0,-1228.7000000000003,6635.9,7864.600000000002,0.84376827810696,4868.4,-51.19583333333335,0.2916666666666667,11.791666666666666
R0036,10,1.5,12,0.382,pullback,short,fixed_sl_atr_tp,12.0,24.0,96,0.7,1.5,1.0,24,79.0,-5225.200000000001,23306.100000000013,28531.299999999974,0.8168607809668692,10013.900000000001,-66.14177215189875,0.35443037974683544,12.253164556962025,24.0,-553.6999999999996,6886.999999999999,7440.700000000002,0.9255849584044509,3730.3999999999996,-23.070833333333315,0.4166666666666667,16.25
R0028,10,1.5,12,0.382,pullback,short,fixed_sl_atr_tp,12.0,16.0,96,0.7,1.5,1.0,24,81.0,-4907.8,21812.100000000017,26719.899999999976,0.8163241628898326,8946.5,-60.590123456790124,0.4074074074074074,10.925925925925926,26.0,576.1999999999996,8620.699999999999,8044.500000000002,1.071626577164522,3730.3999999999996,22.161538461538445,0.4230769230769231,13.961538461538462
R0008,10,1.5,12,0.382,pullback,short,fixed_sl_atr_tp,8.0,20.0,96,0.7,1.5,1.0,24,86.0,-4414.300000000003,19608.80000000001,24023.099999999973,0.8162476949269675,9066.600000000002,-51.329069767441894,0.27906976744186046,9.5,28.0,443.5999999999994,7099.499999999999,6655.900000000002,1.0666476359320296,3338.0,15.842857142857122,0.35714285714285715,12.392857142857142
R0167,10,2.0,12,0.382,pullback,short,fixed_sl_atr_tp,10.0,24.0,96,0.7,1.25,1.0,24,75.0,-4422.500000000005,19591.40000000001,24013.899999999976,0.8158358284160435,6420.400000000004,-58.966666666666725,0.29333333333333333,10.36,21.0,-1104.8000000000002,5448.4,6553.200000000002,0.8314106085576509,3882.0,-52.60952380952382,0.3333333333333333,14.095238095238095
R0445,14,2.0,12,0.382,pullback,short,atr_sl_fixed_tp,10.0,16.0,96,0.7,1.25,1.0,24,76.0,-4426.3,19464.80000000001,23891.09999999998,0.8147301714864542,7715.000000000001,-58.24078947368421,0.3815789473684211,9.31578947368421,21.0,-2392.2999999999993,4948.4,7340.700000000002,0.6741046494203549,5119.5,-113.91904761904759,0.3333333333333333,12.761904761904763
R0308,14,1.5,12,0.382,pullback,short,fixed_sl_atr_tp,10.0,20.0,96,0.7,1.5,1.0,24,82.0,-4786.600000000005,20922.400000000012,25708.999999999975,0.8138161733245179,8184.500000000005,-58.373170731707376,0.32926829268292684,10.121951219512194,23.0,-137.39999999999975,6103.299999999999,6240.700000000002,0.9779832390597205,2714.5999999999995,-5.97391304347825,0.391304347826087,15.478260869565217
R0398,14,1.5,24,0.5,pullback,short,atr_sl_fixed_tp,8.0,16.0,96,0.7,1.5,1.0,24,65.0,-3559.5000000000036,15492.50000000001,19051.999999999985,0.8131692210791529,6454.100000000002,-54.76153846153852,0.38461538461538464,10.015384615384615,17.0,-3489.6000000000004,2388.6000000000004,5878.200000000002,0.40634888231091143,3682.0000000000005,-205.27058823529413,0.17647058823529413,10.823529411764707
R0153,10,2.0,12,0.382,pullback,short,atr_sl_fixed_tp,8.0,24.0,96,0.7,1.25,1.0,24,76.0,-4226.300000000003,18391.40000000001,22617.69999999998,0.8131419198238559,6124.200000000003,-55.60921052631583,0.2894736842105263,10.118421052631579,24.0,-528.7000000000003,6635.9,7164.600000000002,0.9262066270273285,4268.4,-22.02916666666668,0.2916666666666667,11.458333333333334
R0240,10,2.0,24,0.382,pullback,short,fixed_sl_atr_tp,10.0,24.0,96,0.7,1.5,1.0,24,74.0,-4706.200000000005,20361.500000000007,25067.699999999975,0.8122603988399425,10003.600000000004,-63.59729729729737,0.2702702702702703,10.35135135135135,21.0,-2304.8,4273.4,6578.200000000002,0.6496305980359367,5357.0,-109.75238095238096,0.3333333333333333,16.142857142857142
R0316,14,1.5,12,0.382,pullback,short,fixed_sl_atr_tp,12.0,16.0,96,0.7,1.5,1.0,24,79.0,-4850.200000000002,20924.600000000017,25774.799999999977,0.811823952077224,8267.700000000003,-61.39493670886078,0.4177215189873418,10.569620253164556,24.0,-16.199999999999363,7424.499999999999,7440.700000000002,0.9978227854906121,3168.3999999999996,-0.6749999999999735,0.4166666666666667,14.458333333333334
R0408,14,1.5,24,0.5,pullback,short,fixed_sl_atr_tp,8.0,24.0,96,0.7,1.5,1.0,24,66.0,-3375.8,14452.800000000008,17828.599999999984,0.8106525470311758,5442.800000000001,-51.14848484848485,0.2878787878787879,10.348484848484848,18.0,-2705.9000000000005,3163.6000000000004,5869.500000000002,0.5389896924780645,3073.3000000000006,-150.3277777777778,0.16666666666666666,10.666666666666666
R0015,10,1.5,12,0.382,pullback,short,fixed_sl_atr_tp,10.0,16.0,96,0.7,1.25,1.0,24,83.0,-4702.900000000001,19994.700000000015,24697.599999999977,0.8095806880020745,6650.4000000000015,-56.661445783132535,0.37349397590361444,9.783132530120483,26.0,1276.1999999999985,8020.699999999999,6744.500000000002,1.1892208466157606,3130.4,49.084615384615326,0.4230769230769231,13.5
R0164,10,2.0,12,0.382,pullback,short,fixed_sl_atr_tp,10.0,20.0,96,0.7,1.5,1.0,24,75.0,-4522.500000000003,18987.60000000001,23510.099999999977,0.8076358671379547,7420.400000000003,-60.30000000000004,0.30666666666666664,10.186666666666667,21.0,-1304.8000000000002,5248.4,6553.200000000002,0.800891167673808,3882.0,-62.13333333333334,0.3333333333333333,14.047619047619047
R0295,14,1.5,12,0.382,pullback,short,fixed_sl_atr_tp,8.0,20.0,96,0.7,1.25,1.0,24,85.0,-4460.500000000005,18355.00000000001,22815.499999999975,0.8044969428677886,7703.000000000004,-52.47647058823535,0.29411764705882354,9.188235294117646,26.0,613.6999999999994,6865.799999999999,6252.100000000002,1.09815901856976,3076.0000000000005,23.603846153846128,0.34615384615384615,12.884615384615385
R0317,14,1.5,12,0.382,pullback,short,atr_sl_fixed_tp,12.0,20.0,96,0.7,1.25,1.0,24,74.0,-5093.700000000003,20819.700000000015,25913.39999999998,0.8034337447035137,7845.400000000003,-68.83378378378382,0.4189189189189189,12.094594594594595,23.0,-1787.4,6365.799999999999,8153.200000000002,0.7807731933473971,4877.1,-77.71304347826087,0.391304347826087,16.782608695652176
R0311,14,1.5,12,0.382,pullback,short,fixed_sl_atr_tp,10.0,24.0,96,0.7,1.25,1.0,24,81.0,-5057.800000000005,20651.20000000001,25708.999999999975,0.8032673382862046,7355.700000000004,-62.441975308642036,0.32098765432098764,10.469135802469136,23.0,262.59999999999985,6503.299999999999,6240.700000000002,1.0420786129761082,2626.6000000000004,11.41739130434782,0.391304347826087,15.565217391304348
R0224,10,2.0,24,0.382,pullback,short,fixed_sl_atr_tp,8.0,20.0,96,0.7,1.5,1.0,24,80.0,-4529.000000000003,18424.000000000007,22952.999999999975,0.802683745044222,6727.000000000003,-56.61250000000003,0.25,8.8875,23.0,-2387.399999999999,4073.3999999999996,6460.800000000002,0.6304791976225852,3942.2999999999993,-103.79999999999997,0.30434782608695654,13.826086956521738
R0452,14,2.0,12,0.382,pullback,short,fixed_sl_atr_tp,10.0,20.0,96,0.7,1.5,1.0,24,75.0,-4622.500000000005,18766.40000000001,23388.89999999998,0.8023635143166213,8020.400000000004,-61.6333333333334,0.29333333333333333,9.853333333333333,21.0,-979.8000000000002,5573.4,6553.200000000002,0.8504852591100528,3557.0,-46.657142857142865,0.3333333333333333,12.80952380952381
R0455,14,2.0,12,0.382,pullback,short,fixed_sl_atr_tp,10.0,24.0,96,0.7,1.25,1.0,24,75.0,-4722.500000000005,19170.200000000008,23892.69999999998,0.8023454862782367,7020.400000000004,-62.966666666666725,0.28,10.093333333333334,21.0,-579.8000000000002,5973.4,6553.200000000002,0.9115241408777388,3526.6000000000004,-27.609523809523818,0.3333333333333333,12.904761904761905
R0418,14,1.5,24,0.5,pullback,short,atr_sl_fixed_tp,10.0,24.0,96,0.7,1.5,1.0,24,58.0,-3895.3999999999996,15737.60000000001,19632.99999999999,0.8015891611063015,6702.6,-67.16206896551724,0.39655172413793105,13.310344827586206,17.0,-1327.0999999999997,4743.5,6070.600000000001,0.7813889895562216,2036.8999999999999,-78.06470588235292,0.29411764705882354,14.588235294117647
R0150,10,2.0,12,0.382,pullback,short,atr_sl_fixed_tp,8.0,20.0,96,0.7,1.5,1.0,24,76.0,-4726.300000000003,18880.00000000001,23606.299999999977,0.7997864976722328,7651.400000000003,-62.18815789473688,0.32894736842105265,10.421052631578947,24.0,-2028.7000000000003,5835.9,7864.600000000002,0.7420466393713601,5268.4,-84.52916666666668,0.2916666666666667,11.666666666666666
R0158,10,2.0,12,0.382,pullback,short,atr_sl_fixed_tp,10.0,16.0,96,0.7,1.5,1.0,24,75.0,-5172.5,20636.00000000001,25808.499999999978,0.799581533215802,8936.2,-68.96666666666667,0.4,10.253333333333334,23.0,-4362.400000000001,4948.4,9310.800000000001,0.5314688318941443,6964.6,-189.66956521739132,0.30434782608695654,13.043478260869565
R0425,14,1.5,24,0.5,pullback,short,atr_sl_fixed_tp,12.0,20.0,96,0.7,1.25,1.0,24,59.0,-4136.700000000003,16455.00000000001,20591.699999999986,0.7991083786185706,6819.400000000002,-70.11355932203394,0.423728813559322,13.067796610169491,16.0,-2910.7999999999993,3759.8,6670.600000000001,0.5636374539021977,3320.5999999999995,-181.92499999999995,0.25,15.0625
R0448,14,2.0,12,0.382,pullback,short,fixed_sl_atr_tp,10.0,16.0,96,0.7,1.5,1.0,24,76.0,-4651.300000000002,18380.00000000001,23031.299999999977,0.7980444004463504,7641.600000000002,-61.20131578947371,0.32894736842105265,9.144736842105264,21.0,-804.8000000000004,5748.4,6553.200000000002,0.8771897698834155,4057.0,-38.323809523809544,0.3333333333333333,12.380952380952381
R0011,10,1.5,12,0.382,pullback,short,fixed_sl_atr_tp,8.0,24.0,96,0.7,1.25,1.0,24,85.0,-4885.500000000004,19137.60000000001,24023.099999999973,0.7966332405060143,8937.800000000003,-57.47647058823534,0.27058823529411763,9.811764705882354,28.0,1043.5999999999988,7699.499999999999,6655.900000000002,1.1567932210519984,3338.0,37.27142857142853,0.35714285714285715,12.678571428571429
R0461,14,2.0,12,0.382,pullback,short,atr_sl_fixed_tp,12.0,20.0,96,0.7,1.25,1.0,24,70.0,-5153.500000000003,20151.20000000001,25304.699999999983,0.7963421814919768,7301.400000000003,-73.62142857142861,0.37142857142857144,11.485714285714286,21.0,-2917.3,5835.9,8753.2,0.666716172371247,6007.0,-138.91904761904763,0.3333333333333333,14.571428571428571
R0159,10,2.0,12,0.382,pullback,short,fixed_sl_atr_tp,10.0,16.0,96,0.7,1.25,1.0,24,78.0,-4958.900000000003,19201.20000000001,24160.099999999977,0.7947483661077575,6726.400000000004,-63.57564102564107,0.3333333333333333,9.128205128205128,21.0,-1004.8,5548.4,6553.200000000002,0.8466703289995725,4057.0,-47.84761904761905,0.3333333333333333,13.619047619047619
R0433,14,2.0,12,0.382,pullback,short,atr_sl_fixed_tp,8.0,16.0,96,0.7,1.25,1.0,24,80.0,-4616.500000000005,17872.40000000001,22488.899999999976,0.7947209512248277,6906.800000000005,-57.706250000000054,0.3375,8.625,22.0,-1508.6000000000001,4948.4,6457.000000000002,0.7663620876568062,4360.8,-68.57272727272728,0.3181818181818182,11.363636363636363
R0446,14,2.0,12,0.382,pullback,short,atr_sl_fixed_tp,10.0,16.0,96,0.7,1.5,1.0,24,73.0,-5039.9000000000015,19464.80000000001,24504.699999999983,0.7943292511232549,8623.200000000003,-69.03972602739728,0.3972602739726027,9.89041095890411,23.0,-4362.400000000001,4948.4,9310.800000000001,0.5314688318941443,6964.6,-189.66956521739132,0.30434782608695654,12.08695652173913
R0416,14,1.5,24,0.5,pullback,short,fixed_sl_atr_tp,10.0,20.0,96,0.7,1.5,1.0,24,63.0,-4039.4000000000015,15520.20000000001,19559.599999999984,0.7934824843043836,6234.6,-64.11746031746034,0.3333333333333333,11.428571428571429,18.0,-1968.3999999999999,4143.5,6111.9000000000015,0.6779397568677497,2728.2,-109.35555555555555,0.2777777777777778,13.11111111111111
R0234,10,2.0,24,0.382,pullback,short,atr_sl_fixed_tp,10.0,20.0,96,0.7,1.5,1.0,24,73.0,-5464.900000000001,20980.00000000001,26444.89999999998,0.7933476776240419,7878.1,-74.86164383561645,0.3424657534246575,11.136986301369863,21.0,-1167.3000000000002,6157.099999999999,7324.4000000000015,0.8406285839113099,4532.0,-55.585714285714296,0.38095238095238093,16.142857142857142
R0238,10,2.0,24,0.382,pullback,short,atr_sl_fixed_tp,10.0,24.0,96,0.7,1.5,1.0,24,71.0,-5469.8,20971.30000000001,26441.09999999998,0.7931326608953495,9092.2,-77.03943661971832,0.3380281690140845,11.647887323943662,21.0,-2067.3,5760.9,7828.200000000002,0.7359163025982982,5832.0,-98.44285714285715,0.3333333333333333,16.333333333333332
R0160,10,2.0,12,0.382,pullback,short,fixed_sl_atr_tp,10.0,16.0,96,0.7,1.5,1.0,24,78.0,-5008.9000000000015,19151.20000000001,24160.099999999977,0.792678838249843,7176.400000000002,-64.21666666666668,0.3333333333333333,9.205128205128204,21.0,-404.8000000000003,6148.4,6553.200000000002,0.9382286516511015,3657.0,-19.27619047619049,0.3333333333333333,13.714285714285714
R0176,10,2.0,12,0.382,pullback,short,fixed_sl_atr_tp,12.0,20.0,96,0.7,1.5,1.0,24,74.0,-5443.7000000000035,20755.00000000001,26198.69999999998,0.7922148808910376,8937.800000000003,-73.56351351351356,0.33783783783783783,11.027027027027026,21.0,-2454.7999999999993,5248.4,7703.200000000002,0.6813272406272716,4931.999999999999,-116.89523809523806,0.3333333333333333,14.857142857142858
R0447,14,2.0,12,0.382,pullback,short,fixed_sl_atr_tp,10.0,16.0,96,0.7,1.25,1.0,24,76.0,-4801.300000000004,18230.00000000001,23031.299999999977,0.7915315244905858,7191.600000000004,-63.17500000000005,0.32894736842105265,9.06578947368421,21.0,-1204.8,5348.4,6553.200000000002,0.8161508881157294,4257.0,-57.37142857142857,0.3333333333333333,12.333333333333334
R0372,14,1.5,24,0.382,pullback,short,fixed_sl_atr_tp,8.0,24.0,96,0.7,1.5,1.0,24,78.0,-4658.900000000001,17656.600000000006,22315.499999999975,0.7912258295803377,5825.4000000000015,-59.72948717948719,0.23076923076923078,9.423076923076923,28.0,-2831.4000000000005,5244.599999999999,8076.000000000003,0.6494056463595836,5582.500000000001,-101.1214285714286,0.2857142857142857,12.357142857142858
R0399,14,1.5,24,0.5,pullback,short,fixed_sl_atr_tp,8.0,16.0,96,0.7,1.25,1.0,24,68.0,-3745.900000000004,14132.700000000008,17878.599999999984,0.7904813576007081,5640.500000000003,-55.086764705882416,0.3088235294117647,9.058823529411764,18.0,-3480.9000000000005,2388.6000000000004,5869.500000000002,0.4069511883465371,3873.3000000000006,-193.38333333333335,0.16666666666666666,9
R0289,14,1.5,12,0.382,pullback,short,atr_sl_fixed_tp,8.0,16.0,96,0.7,1.25,1.0,24,85.0,-4973.000000000004,18732.20000000001,23705.199999999975,0.7902148051904236,7244.300000000004,-58.50588235294122,0.36470588235294116,8.75294117647059,25.0,479.99999999999994,6624.499999999999,6144.500000000002,1.078118642688583,2426.6000000000004,19.2,0.4,12.96
R0149,10,2.0,12,0.382,pullback,short,atr_sl_fixed_tp,8.0,20.0,96,0.7,1.25,1.0,24,77.0,-4780.100000000005,17837.60000000001,22617.69999999998,0.7886566715448532,7078.0000000000055,-62.07922077922084,0.2987012987012987,9.779220779220779,24.0,-1328.7000000000003,5835.9,7164.600000000002,0.8145465203919267,4668.4,-55.36250000000001,0.2916666666666667,11.333333333333334
R0027,10,1.5,12,0.382,pullback,short,fixed_sl_atr_tp,12.0,16.0,96,0.7,1.25,1.0,24,81.0,-5682.8,21037.100000000017,26719.899999999976,0.7873195633217204,8721.500000000002,-70.15802469135802,0.4074074074074074,10.82716049382716,26.0,-23.799999999998818,8020.699999999999,8044.500000000002,0.9970414568960155,3730.3999999999996,-0.9153846153845699,0.4230769230769231,13.884615384615385
R0413,14,1.5,24,0.5,pullback,short,atr_sl_fixed_tp,10.0,20.0,96,0.7,1.25,1.0,24,63.0,-4389.400000000002,16158.80000000001,20548.199999999986,0.7863851821570756,5931.800000000002,-69.67301587301591,0.38095238095238093,11.253968253968255,17.0,-1552.0999999999997,4143.5,5695.600000000001,0.7274913968677574,2186.8999999999996,-91.29999999999998,0.29411764705882354,14.294117647058824
R0512,14,2.0,24,0.382,pullback,short,fixed_sl_atr_tp,8.0,20.0,96,0.7,1.5,1.0,24,78.0,-4721.400000000007,17252.800000000007,21974.199999999975,0.7851389356609126,5267.600000000007,-60.530769230769316,0.24358974358974358,9.192307692307692,23.0,-3462.4,3402.2,6864.600000000002,0.4956151851528128,5017.3,-150.5391304347826,0.2608695652173913,13.391304347826088
R0506,14,2.0,24,0.382,pullback,short,atr_sl_fixed_tp,8.0,16.0,96,0.7,1.5,1.0,24,79.0,-5225.2000000000035,18922.40000000001,24147.599999999977,0.7836141065778804,7438.4000000000015,-66.14177215189878,0.34177215189873417,8.949367088607595,22.0,-1033.5999999999992,5394.599999999999,6428.200000000002,0.8392084876015056,3224.3999999999996,-46.98181818181815,0.36363636363636365,12.5
R0426,14,1.5,24,0.5,pullback,short,atr_sl_fixed_tp,12.0,20.0,96,0.7,1.5,1.0,24,57.0,-4579.100000000002,16455.00000000001,21034.099999999988,0.7823011205613751,7565.600000000002,-80.33508771929829,0.43859649122807015,13.824561403508772,16.0,-3360.7999999999993,3759.8,7120.600000000001,0.5280173019127601,3620.5999999999995,-210.04999999999995,0.25,15.5
R0166,10,2.0,12,0.382,pullback,short,atr_sl_fixed_tp,10.0,24.0,96,0.7,1.5,1.0,24,70.0,-5553.500000000004,19858.80000000001,25412.29999999998,0.7814640941591287,8436.200000000004,-79.33571428571433,0.34285714285714286,12.142857142857142,23.0,-2674.9,6635.9,9310.800000000001,0.7127099712162219,6164.6,-116.3,0.30434782608695654,13.782608695652174
R0515,14,2.0,24,0.382,pullback,short,fixed_sl_atr_tp,8.0,24.0,96,0.7,1.25,1.0,24,77.0,-4792.600000000004,17131.600000000006,21924.199999999975,0.7814013738243596,5994.4000000000015,-62.241558441558496,0.23376623376623376,9.519480519480519,23.0,-3262.4000000000005,3602.2,6864.600000000002,0.5247501675261484,4817.300000000001,-141.8434782608696,0.2608695652173913,13.434782608695652
R0410,14,1.5,24,0.5,pullback,short,atr_sl_fixed_tp,10.0,16.0,96,0.7,1.5,1.0,24,60.0,-4215.500000000003,15063.70000000001,19279.19999999999,0.7813446616042169,6145.500000000002,-70.25833333333338,0.43333333333333335,11.833333333333334,17.0,-2502.0999999999995,3568.5,6070.600000000001,0.5878331631140249,2836.8999999999996,-147.18235294117645,0.29411764705882354,12.764705882352942
R0409,14,1.5,24,0.5,pullback,short,atr_sl_fixed_tp,10.0,16.0,96,0.7,1.25,1.0,24,64.0,-4355.700000000005,15563.70000000001,19919.399999999987,0.7813337751137093,7125.300000000004,-68.05781250000008,0.40625,10.71875,17.0,-2127.0999999999995,3568.5,5695.600000000001,0.62653627361472,2586.8999999999996,-125.12352941176468,0.29411764705882354,12.647058823529411
R0539,14,2.0,24,0.382,pullback,short,fixed_sl_atr_tp,12.0,24.0,96,0.7,1.25,1.0,24,73.0,-5789.900000000002,20478.90000000001,26268.799999999977,0.7795902363259847,7387.3,-79.31369863013703,0.3013698630136986,11.479452054794521,21.0,-2979.8,4798.4,7778.200000000002,0.6169036538016506,5932.0,-141.8952380952381,0.3333333333333333,16.476190476190474
R0227,10,2.0,24,0.382,pullback,short,fixed_sl_atr_tp,8.0,24.0,96,0.7,1.25,1.0,24,78.0,-5008.900000000001,17640.300000000007,22649.199999999975,0.7788487010578752,7735.700000000001,-64.21666666666667,0.24358974358974358,9.333333333333334,23.0,-3787.4000000000005,3077.2,6864.600000000002,0.4482708387961424,5342.300000000001,-164.66956521739132,0.2608695652173913,13.91304347826087
R0442,14,2.0,12,0.382,pullback,short,atr_sl_fixed_tp,8.0,24.0,96,0.7,1.5,1.0,24,74.0,-5143.700000000004,18087.60000000001,23231.299999999977,0.7785875090933364,7291.600000000004,-69.50945945945952,0.3108108108108108,10.513513513513514,22.0,-621.0999999999997,6635.9,7257.000000000002,0.9144136695604241,4260.799999999999,-28.231818181818166,0.3181818181818182,12.5
R0526,14,2.0,24,0.382,pullback,short,atr_sl_fixed_tp,10.0,24.0,96,0.7,1.5,1.0,24,72.0,-5848.600000000004,20462.60000000001,26311.19999999998,0.7777144333971855,7792.200000000003,-81.23055555555561,0.3194444444444444,11.666666666666666,21.0,-2317.3,5760.9,8078.200000000002,0.7131415414324972,6082.0,-110.34761904761906,0.3333333333333333,16.142857142857142
R0020,10,1.5,12,0.382,pullback,short,fixed_sl_atr_tp,10.0,20.0,96,0.7,1.5,1.0,24,83.0,-5952.900000000003,20759.900000000012,26712.799999999974,0.7771517774250559,9347.000000000004,-71.72168674698798,0.3253012048192771,10.493975903614459,25.0,354.9999999999995,7099.499999999999,6744.500000000002,1.0526354807621021,3130.4,14.19999999999998,0.4,14.68
R0441,14,2.0,12,0.382,pullback,short,atr_sl_fixed_tp,8.0,24.0,96,0.7,1.25,1.0,24,76.0,-5076.300000000006,17670.200000000008,22746.499999999978,0.7768316004660069,7074.200000000005,-66.79342105263166,0.27631578947368424,9.802631578947368,22.0,178.89999999999958,6635.9,6457.000000000002,1.0277063651850702,3560.8,8.131818181818163,0.3181818181818182,12.136363636363637
R0536,14,2.0,24,0.382,pullback,short,fixed_sl_atr_tp,12.0,20.0,96,0.7,1.5,1.0,24,74.0,-5918.700000000006,20600.10000000001,26518.799999999977,0.7768111679261516,6716.100000000002,-79.98243243243252,0.3108108108108108,11.121621621621621,21.0,-3379.8,4398.4,7778.200000000002,0.5654778740582652,6132.0,-160.94285714285715,0.3333333333333333,16.428571428571427
R0179,10,2.0,12,0.382,pullback,short,fixed_sl_atr_tp,12.0,24.0,96,0.7,1.25,1.0,24,73.0,-5889.900000000004,20308.80000000001,26198.69999999998,0.7751835014714481,7957.400000000004,-80.68356164383567,0.3287671232876712,11.424657534246576,21.0,-2254.7999999999997,5448.4,7703.200000000002,0.7072904766850138,4932.0,-107.37142857142855,0.3333333333333333,14.904761904761905
R0098,10,1.5,24,0.382,pullback,short,atr_sl_fixed_tp,12.0,16.0,96,0.7,1.5,1.0,24,69.0,-5612.200000000001,19177.30000000001,24789.49999999998,0.77360576050344,10015.600000000002,-81.33623188405798,0.42028985507246375,11.81159420289855,26.0,1226.1999999999998,8725.599999999999,7499.4000000000015,1.1635064138464406,2747.2,47.161538461538456,0.5,14.307692307692308
R0320,14,1.5,12,0.382,pullback,short,fixed_sl_atr_tp,12.0,20.0,96,0.7,1.5,1.0,24,79.0,-6250.200000000004,21339.800000000014,27589.999999999978,0.7734613990576307,9498.100000000004,-79.11645569620259,0.3670886075949367,11.316455696202532,23.0,-1337.3999999999994,6103.299999999999,7440.700000000002,0.8202588466138936,3814.5999999999995,-58.1478260869565,0.391304347826087,15.91304347826087
R0124,10,1.5,24,0.5,pullback,short,fixed_sl_atr_tp,10.0,16.0,96,0.7,1.5,1.0,24,66.0,-4663.300000000006,15903.900000000009,20567.199999999983,0.7732651989575646,5754.100000000004,-70.65606060606069,0.3333333333333333,9.848484848484848,18.0,-2543.3999999999996,3568.5,6111.9000000000015,0.5838609924900602,3128.2,-141.29999999999998,0.2777777777777778,11.333333333333334
R0032,10,1.5,12,0.382,pullback,short,fixed_sl_atr_tp,12.0,20.0,96,0.7,1.5,1.0,24,81.0,-6607.800000000006,22527.300000000014,29135.099999999973,0.7732013962540041,11746.500000000004,-81.57777777777785,0.35802469135802467,11.54320987654321,25.0,-944.9999999999991,7099.499999999999,8044.500000000002,0.882528435577102,3730.3999999999996,-37.79999999999996,0.4,15.08
R0518,14,2.0,24,0.382,pullback,short,atr_sl_fixed_tp,10.0,16.0,96,0.7,1.5,1.0,24,75.0,-5835.0000000000055,19718.60000000001,25553.59999999998,0.7716564397971333,8202.000000000004,-77.80000000000007,0.37333333333333335,10.266666666666667,21.0,-629.8,6190.799999999999,6820.600000000001,0.9076620825147345,3720.6,-29.990476190476187,0.42857142857142855,14.523809523809524
R0394,14,1.5,24,0.382,pullback,short,atr_sl_fixed_tp,12.0,24.0,96,0.7,1.5,1.0,24,67.0,-6067.100000000003,20442.50000000001,26509.59999999998,0.7711357395056895,8304.700000000004,-90.55373134328363,0.373134328358209,13.462686567164178,24.0,-1091.2000000000005,7549.499999999999,8640.7,0.8737139352135821,6227.1,-45.46666666666669,0.4166666666666667,17.291666666666668
R0001,10,1.5,12,0.382,pullback,short,atr_sl_fixed_tp,8.0,16.0,96,0.7,1.25,1.0,24,86.0,-5539.300000000003,18557.20000000001,24096.499999999975,0.7701201419293271,7406.800000000003,-64.4104651162791,0.36046511627906974,9.186046511627907,29.0,64.80000000000035,7420.699999999999,7355.900000000002,1.0088092551557248,3638.0,2.2344827586207017,0.3793103448275862,11.10344827586207
R0173,10,2.0,12,0.382,pullback,short,atr_sl_fixed_tp,12.0,20.0,96,0.7,1.25,1.0,24,70.0,-5978.500000000004,19876.20000000001,25854.69999999998,0.7687654469013382,8730.200000000004,-85.40714285714292,0.37142857142857144,12.128571428571428,21.0,-2917.3,5835.9,8753.2,0.666716172371247,6007.0,-138.91904761904763,0.3333333333333333,15.619047619047619
R0270,10,2.0,24,0.5,pullback,short,atr_sl_fixed_tp,10.0,20.0,96,0.7,1.5,1.0,24,63.0,-5264.400000000002,17458.80000000001,22723.199999999986,0.7683248838191813,7446.000000000003,-83.5619047619048,0.38095238095238093,11.825396825396826,13.0,-4049.4000000000005,1379.9,5429.300000000001,0.25415799458493726,4049.4000000000005,-311.49230769230775,0.15384615384615385,14.23076923076923
R0014,10,1.5,12,0.382,pullback,short,atr_sl_fixed_tp,10.0,16.0,96,0.7,1.5,1.0,24,80.0,-6104.000000000002,20242.000000000015,26345.999999999978,0.7683139755560628,10025.900000000001,-76.30000000000003,0.4375,10.725,28.0,-2081.3999999999996,7420.699999999999,9502.1,0.7809536839225012,4888.0,-74.33571428571427,0.39285714285714285,13.035714285714286
R0438,14,2.0,12,0.382,pullback,short,atr_sl_fixed_tp,8.0,20.0,96,0.7,1.5,1.0,24,76.0,-5476.300000000005,18158.80000000001,23635.099999999977,0.7682979974698659,8470.400000000005,-72.05657894736848,0.3157894736842105,9.907894736842104,22.0,-1421.1000000000004,5835.9,7257.000000000002,0.8041752790409258,4660.8,-64.59545454545456,0.3181818181818182,12.363636363636363
R0406,14,1.5,24,0.5,pullback,short,atr_sl_fixed_tp,8.0,24.0,96,0.7,1.5,1.0,24,63.0,-4639.400000000001,15370.200000000008,20009.599999999984,0.7681412921797547,7092.800000000001,-73.64126984126985,0.3333333333333333,11.365079365079366,17.0,-2714.6000000000004,3163.6000000000004,5878.200000000002,0.5381919635262494,2882.0000000000005,-159.6823529411765,0.17647058823529413,12.588235294117647
R0249,10,2.0,24,0.382,pullback,short,atr_sl_fixed_tp,12.0,24.0,96,0.7,1.25,1.0,24,70.0,-6366.0,21055.00000000001,27420.999999999978,0.7678421647642328,9592.2,-90.94285714285714,0.35714285714285715,12.685714285714285,21.0,-2767.3,5760.9,8528.2,0.675511831336038,6532.0,-131.7761904761905,0.3333333333333333,16.523809523809526
R0368,14,1.5,24,0.382,pullback,short,fixed_sl_atr_tp,8.0,20.0,96,0.7,1.5,1.0,24,79.0,-5187.7000000000035,17127.800000000007,22315.499999999975,0.7675292957809606,6730.100000000003,-65.66708860759498,0.24050632911392406,8.91139240506329,28.0,-3231.4000000000005,4844.599999999999,8076.000000000003,0.5998761763249131,5782.5,-115.40714285714287,0.2857142857142857,12.321428571428571
R0023,10,1.5,12,0.382,pullback,short,fixed_sl_atr_tp,10.0,24.0,96,0.7,1.25,1.0,24,82.0,-6224.100000000004,20488.70000000001,26712.799999999974,0.7669993411398293,8918.200000000004,-75.90365853658541,0.3170731707317073,10.817073170731707,25.0,954.9999999999989,7699.499999999999,6744.500000000002,1.1415968566980499,3130.4,38.19999999999995,0.4,15
R0110,10,1.5,24,0.5,pullback,short,atr_sl_fixed_tp,8.0,16.0,96,0.7,1.5,1.0,24,65.0,-4584.5000000000055,15071.300000000008,19655.799999999985,0.7667609560536849,7075.300000000004,-70.53076923076931,0.36923076923076925,9.6,17.0,-3489.6000000000004,2388.6000000000004,5878.200000000002,0.40634888231091143,3682.0000000000005,-205.27058823529413,0.17647058823529413,10.588235294117647
R0218,10,2.0,24,0.382,pullback,short,atr_sl_fixed_tp,8.0,16.0,96,0.7,1.5,1.0,24,80.0,-5829.000000000003,19097.40000000001,24926.399999999976,0.766151550163683,9042.2,-72.86250000000004,0.3375,8.95,22.0,-1033.5999999999995,5394.599999999999,6428.200000000002,0.8392084876015056,3013.0,-46.981818181818156,0.36363636363636365,12.863636363636363
R0246,10,2.0,24,0.382,pullback,short,atr_sl_fixed_tp,12.0,20.0,96,0.7,1.5,1.0,24,69.0,-6449.7,21063.70000000001,27513.39999999998,0.7655796811735383,9778.1,-93.47391304347826,0.37681159420289856,12.623188405797102,21.0,-967.3,6303.299999999999,7270.600000000001,0.8669573350204932,4507.0,-46.061904761904756,0.42857142857142855,17.095238095238095
R0248,10,2.0,24,0.382,pullback,short,fixed_sl_atr_tp,12.0,20.0,96,0.7,1.5,1.0,24,76.0,-6676.300000000003,21771.30000000001,28447.599999999973,0.7653123637846437,8919.900000000001,-87.84605263157898,0.3157894736842105,10.947368421052632,21.0,-2104.7999999999997,5069.599999999999,7174.4000000000015,0.7066235504014271,4857.0,-100.22857142857141,0.38095238095238093,16.666666666666668
R0245,10,2.0,24,0.382,pullback,short,atr_sl_fixed_tp,12.0,20.0,96,0.7,1.25,1.0,24,72.0,-6461.100000000002,21063.70000000001,27524.799999999977,0.7652625995465918,8003.500000000002,-89.73750000000003,0.3611111111111111,11.916666666666666,21.0,-1767.3,6157.099999999999,7924.4000000000015,0.7769799606279337,5132.0,-84.15714285714286,0.38095238095238093,16.333333333333332
R0172,10,2.0,12,0.382,pullback,short,fixed_sl_atr_tp,12.0,16.0,96,0.7,1.5,1.0,24,77.0,-6330.100000000003,20618.600000000013,26948.699999999975,0.7651055524014158,9116.600000000004,-82.20909090909095,0.36363636363636365,10.025974025974026,21.0,-1554.799999999999,6148.4,7703.200000000002,0.7981618028871116,4706.999999999999,-74.0380952380952,0.3333333333333333,14.523809523809524
R0163,10,2.0,12,0.382,pullback,short,fixed_sl_atr_tp,10.0,20.0,96,0.7,1.25,1.0,24,75.0,-5522.500000000005,17987.60000000001,23510.099999999977,0.7651009566101389,7920.400000000005,-73.6333333333334,0.30666666666666664,10.173333333333334,21.0,32.699999999999534,6585.9,6553.200000000002,1.004989928584508,3557.0000000000005,1.557142857142835,0.3333333333333333,13.80952380952381
R0250,10,2.0,24,0.382,pullback,short,atr_sl_fixed_tp,12.0,24.0,96,0.7,1.5,1.0,24,67.0,-6504.599999999999,21055.00000000001,27559.59999999998,0.7639806092976685,10788.400000000001,-97.08358208955224,0.373134328358209,13.447761194029852,21.0,-1967.3000000000004,5907.099999999999,7874.4000000000015,0.750165091943513,5907.0,-93.6809523809524,0.38095238095238093,17.285714285714285
R0323,14,1.5,12,0.382,pullback,short,fixed_sl_atr_tp,12.0,24.0,96,0.7,1.25,1.0,24,78.0,-6521.400000000005,21068.600000000013,27589.999999999978,0.7636317506342889,8738.900000000005,-83.60769230769237,0.358974358974359,11.679487179487179,23.0,-937.3999999999996,6503.299999999999,7440.700000000002,0.8740172295617344,3614.5999999999995,-40.75652173913042,0.391304347826087,16
R0226,10,2.0,24,0.382,pullback,short,atr_sl_fixed_tp,8.0,24.0,96,0.7,1.5,1.0,24,75.0,-5922.500000000002,19103.90000000001,25026.399999999976,0.763349902502958,8891.1,-78.9666666666667,0.29333333333333333,10.253333333333334,22.0,-2671.0999999999995,4564.7,7235.800000000002,0.6308493877663837,4985.799999999999,-121.41363636363634,0.2727272727272727,14.318181818181818
R0305,14,1.5,12,0.382,pullback,short,atr_sl_fixed_tp,10.0,20.0,96,0.7,1.25,1.0,24,79.0,-6250.200000000005,19814.800000000014,26064.999999999978,0.7602071743717641,9148.100000000006,-79.11645569620259,0.3670886075949367,10.772151898734178,23.0,-537.3999999999996,6365.799999999999,6903.200000000002,0.9221520454282068,3752.0999999999995,-23.36521739130433,0.391304347826087,16.043478260869566
R0294,14,1.5,12,0.382,pullback,short,atr_sl_fixed_tp,8.0,20.0,96,0.7,1.5,1.0,24,80.0,-5916.500000000006,18747.400000000012,24663.899999999976,0.760114985870038,9584.000000000005,-73.95625000000008,0.3375,10.325,24.0,-478.6999999999996,6365.799999999999,6844.500000000002,0.9300606326247348,3718.3999999999996,-19.945833333333315,0.375,14.833333333333334
R0522,14,2.0,24,0.382,pullback,short,atr_sl_fixed_tp,10.0,20.0,96,0.7,1.5,1.0,24,73.0,-6252.400000000008,19808.80000000001,26061.19999999998,0.7600877933479666,6798.600000000008,-85.64931506849325,0.3287671232876712,11.26027397260274,21.0,-1167.3000000000002,6157.099999999999,7324.4000000000015,0.8406285839113099,4532.0,-55.585714285714296,0.38095238095238093,15.952380952380953
R0223,10,2.0,24,0.382,pullback,short,fixed_sl_atr_tp,8.0,20.0,96,0.7,1.25,1.0,24,80.0,-5529.000000000006,17424.000000000007,22952.999999999975,0.7591164553653129,7071.400000000006,-69.11250000000008,0.25,8.8375,23.0,-799.8999999999999,5660.9,6460.800000000002,0.8761918028727089,3364.6000000000004,-34.77826086956521,0.30434782608695654,13.304347826086957
R0514,14,2.0,24,0.382,pullback,short,atr_sl_fixed_tp,8.0,24.0,96,0.7,1.5,1.0,24,75.0,-5910.000000000004,18595.200000000008,24505.19999999998,0.7588266980069546,7149.800000000001,-78.80000000000005,0.28,10.32,22.0,-2871.0999999999995,4564.7,7435.800000000002,0.6138814922402429,5185.799999999999,-130.50454545454542,0.2727272727272727,14
R0165,10,2.0,12,0.382,pullback,short,atr_sl_fixed_tp,10.0,24.0,96,0.7,1.25,1.0,24,73.0,-5989.900000000005,18808.80000000001,24798.69999999998,0.758459112776074,7568.800000000005,-82.05342465753432,0.3287671232876712,11.32876712328767,21.0,-792.3000000000002,6635.9,7428.200000000002,0.8933388977141162,4407.0,-37.728571428571435,0.3333333333333333,14.619047619047619
R0537,14,2.0,24,0.382,pullback,short,atr_sl_fixed_tp,12.0,24.0,96,0.7,1.25,1.0,24,71.0,-6557.300000000005,20546.30000000001,27103.599999999977,0.7580653492524988,8004.7000000000035,-92.35633802816908,0.3380281690140845,12.338028169014084,21.0,-2917.3,5760.9,8678.2,0.6638358184877047,6682.0,-138.91904761904763,0.3333333333333333,16.333333333333332
R0161,10,2.0,12,0.382,pullback,short,atr_sl_fixed_tp,10.0,20.0,96,0.7,1.25,1.0,24,74.0,-6043.700000000004,18880.00000000001,24923.69999999998,0.7575119263993719,8312.800000000005,-81.67162162162168,0.33783783783783783,10.932432432432432,21.0,-1592.3000000000004,5835.9,7428.200000000002,0.7856412051371797,4807.0,-75.82380952380954,0.3333333333333333,14.476190476190476
R0112,10,1.5,24,0.5,pullback,short,fixed_sl_atr_tp,8.0,16.0,96,0.7,1.5,1.0,24,69.0,-4649.700000000006,14440.300000000007,19089.99999999998,0.7564326872708235,6140.500000000005,-67.38695652173922,0.2753623188405797,8.18840579710145,18.0,-3480.9000000000005,2388.6000000000004,5869.500000000002,0.4069511883465371,3873.3000000000006,-193.38333333333335,0.16666666666666666,8.777777777777779
R0257,10,2.0,24,0.5,pullback,short,atr_sl_fixed_tp,8.0,20.0,96,0.7,1.25,1.0,24,72.0,-5311.100000000004,16462.60000000001,21773.699999999983,0.7560772858999629,5931.300000000005,-73.76527777777784,0.3194444444444444,9.625,14.0,-5728.200000000002,0,5728.200000000002,0.0,5728.200000000002,-409.15714285714296,0.0,10.071428571428571
R0113,10,1.5,24,0.5,pullback,short,atr_sl_fixed_tp,8.0,20.0,96,0.7,1.25,1.0,24,67.0,-4879.600000000004,15095.200000000008,19974.799999999985,0.7557121973686856,6178.000000000004,-72.82985074626872,0.31343283582089554,9.447761194029852,18.0,-3505.900000000001,2763.6000000000004,6269.500000000002,0.44080070181035164,3773.300000000001,-194.77222222222227,0.16666666666666666,10.88888888888889
R0307,14,1.5,12,0.382,pullback,short,fixed_sl_atr_tp,10.0,20.0,96,0.7,1.25,1.0,24,82.0,-6286.600000000006,19422.400000000012,25708.999999999975,0.7554708467851737,8934.500000000005,-76.66585365853666,0.32926829268292684,10.085365853658537,23.0,625.0999999999988,6865.799999999999,6240.700000000002,1.1001650455878342,2964.6000000000013,27.178260869565165,0.391304347826087,15.391304347826088
R0517,14,2.0,24,0.382,pullback,short,atr_sl_fixed_tp,10.0,16.0,96,0.7,1.25,1.0,24,77.0,-6142.600000000006,18922.40000000001,25064.999999999978,0.7549331737482555,7584.600000000003,-79.77402597402605,0.35064935064935066,9.623376623376624,21.0,-4.7999999999999545,6190.799999999999,6195.600000000001,0.9992252566337397,3345.6,-0.2285714285714264,0.42857142857142855,14.238095238095237
R0524,14,2.0,24,0.382,pullback,short,fixed_sl_atr_tp,10.0,20.0,96,0.7,1.5,1.0,24,76.0,-6088.8000000000075,18749.000000000007,24837.799999999977,0.7548575155609605,7478.600000000005,-80.1157894736843,0.2631578947368421,9.894736842105264,21.0,-2179.8,4398.4,6578.200000000002,0.6686327566811587,5032.0,-103.80000000000001,0.3333333333333333,15.761904761904763
R0123,10,1.5,24,0.5,pullback,short,fixed_sl_atr_tp,10.0,16.0,96,0.7,1.25,1.0,24,68.0,-5170.900000000007,15900.10000000001,21070.99999999998,0.7545963646718249,6261.700000000005,-76.04264705882363,0.3382352941176471,9.397058823529411,18.0,-2543.3999999999996,3568.5,6111.9000000000015,0.5838609924900602,3128.2,-141.29999999999998,0.2777777777777778,11.333333333333334
R0527,14,2.0,24,0.382,pullback,short,fixed_sl_atr_tp,10.0,24.0,96,0.7,1.25,1.0,24,75.0,-6060.000000000005,18627.800000000007,24687.799999999977,0.7545346284399591,8249.800000000003,-80.80000000000005,0.25333333333333335,10.24,21.0,-1779.8000000000002,4798.4,6578.200000000002,0.7294396643458695,4832.0,-84.75238095238096,0.3333333333333333,15.80952380952381
R0422,14,1.5,24,0.5,pullback,short,atr_sl_fixed_tp,12.0,16.0,96,0.7,1.5,1.0,24,59.0,-5174.200000000003,15859.90000000001,21034.099999999988,0.7540089663926681,7549.300000000002,-87.69830508474581,0.4576271186440678,12.898305084745763,16.0,-3935.7999999999993,3184.8,7120.600000000001,0.44726567985843885,4020.5999999999995,-245.98749999999995,0.25,13.75
R0007,10,1.5,12,0.382,pullback,short,fixed_sl_atr_tp,8.0,20.0,96,0.7,1.25,1.0,24,86.0,-5914.300000000005,18108.80000000001,24023.099999999973,0.7538077933322523,9566.600000000004,-68.7709302325582,0.27906976744186046,9.476744186046512,28.0,1206.0999999999983,7861.999999999999,6655.900000000002,1.1812076503553233,3338.0000000000005,43.07499999999994,0.35714285714285715,12.357142857142858
R0464,14,2.0,12,0.382,pullback,short,fixed_sl_atr_tp,12.0,20.0,96,0.7,1.5,1.0,24,73.0,-6289.900000000004,19183.80000000001,25473.69999999998,0.7530825910645107,9537.800000000003,-86.1630136986302,0.3287671232876712,10.780821917808218,21.0,-2129.7999999999993,5573.4,7703.200000000002,0.7235174992211028,4606.999999999999,-101.41904761904759,0.3333333333333333,13.619047619047619
R0310,14,1.5,12,0.382,pullback,short,atr_sl_fixed_tp,10.0,24.0,96,0.7,1.5,1.0,24,73.0,-6289.900000000004,19131.100000000013,25420.99999999998,0.7525707092561279,9261.200000000004,-86.1630136986302,0.3835616438356164,12.301369863013699,23.0,-487.39999999999986,7165.799999999999,7653.200000000002,0.9363142215021165,3977.0999999999995,-21.19130434782608,0.391304347826087,16.82608695652174
R0437,14,2.0,12,0.382,pullback,short,atr_sl_fixed_tp,8.0,20.0,96,0.7,1.25,1.0,24,77.0,-5630.100000000007,17116.40000000001,22746.499999999978,0.7524849976919538,8028.000000000007,-73.11818181818191,0.2857142857142857,9.402597402597403,22.0,-621.0999999999999,5835.9,6457.000000000002,0.9038098188013006,3960.7999999999997,-28.231818181818177,0.3181818181818182,12
R0236,10,2.0,24,0.382,pullback,short,fixed_sl_atr_tp,10.0,20.0,96,0.7,1.5,1.0,24,78.0,-6558.900000000006,19920.200000000008,26479.099999999973,0.7522989829714767,9494.900000000005,-84.08846153846162,0.2692307692307692,9.653846153846153,21.0,-1004.8000000000002,5069.599999999999,6074.4000000000015,0.8345844857105226,3857.0,-47.847619047619055,0.38095238095238093,16
R0459,14,2.0,12,0.382,pullback,short,fixed_sl_atr_tp,12.0,16.0,96,0.7,1.25,1.0,24,75.0,-6347.500000000004,19272.400000000012,25619.89999999998,0.7522433733152756,9337.800000000005,-84.63333333333338,0.36,9.84,21.0,-2354.7999999999993,5348.4,7703.200000000002,0.6943088586561427,5307.0,-112.1333333333333,0.3333333333333333,13.142857142857142
R0529,14,2.0,24,0.382,pullback,short,atr_sl_fixed_tp,12.0,16.0,96,0.7,1.25,1.0,24,74.0,-6543.700000000004,19802.30000000001,26345.999999999978,0.7516245350337822,8333.500000000004,-88.42837837837844,0.3918918918918919,10.891891891891891,21.0,-1129.7999999999997,6190.799999999999,7320.600000000001,0.8456683878370623,4220.599999999999,-53.79999999999999,0.42857142857142855,14.714285714285714
R0460,14,2.0,12,0.382,pullback,short,fixed_sl_atr_tp,12.0,16.0,96,0.7,1.5,1.0,24,74.0,-6218.7000000000035,18797.400000000012,25016.09999999998,0.7514120906136459,9562.800000000003,-84.03648648648654,0.36486486486486486,10.04054054054054,21.0,-1954.799999999999,5748.4,7703.200000000002,0.7462353307716272,5106.999999999999,-93.08571428571425,0.3333333333333333,13.19047619047619
R0429,14,1.5,24,0.5,pullback,short,atr_sl_fixed_tp,12.0,24.0,96,0.7,1.25,1.0,24,58.0,-5207.9000000000015,15737.60000000001,20945.499999999985,0.7513594805566838,7102.600000000002,-89.79137931034485,0.39655172413793105,14.017241379310345,16.0,-2310.7999999999993,4359.8,6670.600000000001,0.6535843852127244,2920.5999999999995,-144.42499999999995,0.25,15.25
R0171,10,2.0,12,0.382,pullback,short,fixed_sl_atr_tp,12.0,16.0,96,0.7,1.25,1.0,24,77.0,-6705.100000000003,20243.600000000013,26948.699999999975,0.7511902243893038,8891.600000000004,-87.07922077922082,0.36363636363636365,10.012987012987013,21.0,-2154.7999999999993,5548.4,7703.200000000002,0.720272094713885,5107.0,-102.60952380952378,0.3333333333333333,14.428571428571429
R0467,14,2.0,12,0.382,pullback,short,fixed_sl_atr_tp,12.0,24.0,96,0.7,1.25,1.0,24,73.0,-6489.900000000004,19587.60000000001,26077.499999999978,0.751130284728215,8537.800000000003,-88.90273972602745,0.3150684931506849,11.04109589041096,21.0,-1729.7999999999997,5973.4,7703.200000000002,0.7754439713365872,4407.0,-82.37142857142855,0.3333333333333333,13.714285714285714
R0251,10,2.0,24,0.382,pullback,short,fixed_sl_atr_tp,12.0,24.0,96,0.7,1.25,1.0,24,74.0,-6956.200000000002,20987.60000000001,27943.799999999974,0.7510646368783068,9728.6,-94.00270270270272,0.3108108108108108,11.608108108108109,21.0,-3504.8,4273.4,7778.200000000002,0.5494073178884573,6457.0,-166.8952380952381,0.3333333333333333,16.80952380952381
R0169,10,2.0,12,0.382,pullback,short,atr_sl_fixed_tp,12.0,16.0,96,0.7,1.25,1.0,24,75.0,-6872.500000000004,20636.00000000001,27508.499999999978,0.7501681298507744,9836.200000000004,-91.63333333333338,0.4,10.546666666666667,21.0,-3804.7999999999993,4948.4,8753.2,0.565324681259425,6407.0,-181.18095238095233,0.3333333333333333,14.952380952380953
R0538,14,2.0,24,0.382,pullback,short,atr_sl_fixed_tp,12.0,24.0,96,0.7,1.5,1.0,24,68.0,-6845.9000000000015,20546.30000000001,27392.199999999983,0.750078489497011,9350.900000000001,-100.67500000000003,0.35294117647058826,13.088235294117647,21.0,-2267.3,5907.099999999999,8174.4000000000015,0.7226340771188098,6207.0,-107.96666666666667,0.38095238095238093,17.095238095238095
R0525,14,2.0,24,0.382,pullback,short,atr_sl_fixed_tp,10.0,24.0,96,0.7,1.25,1.0,24,74.0,-6431.200000000008,19266.40000000001,25697.599999999977,0.7497353838490765,7174.800000000005,-86.90810810810822,0.2972972972972973,10.756756756756756,21.0,-1567.3000000000002,5760.9,7328.200000000002,0.786127562020687,5457.0,-74.63333333333334,0.3333333333333333,15.857142857142858
R0451,14,2.0,12,0.382,pullback,short,fixed_sl_atr_tp,10.0,20.0,96,0.7,1.25,1.0,24,75.0,-5872.500000000005,17516.40000000001,23388.89999999998,0.7489193591832033,8520.400000000005,-78.30000000000005,0.29333333333333333,9.813333333333333,21.0,-217.3000000000003,6335.9,6553.200000000002,0.9668406274797042,3807.0,-10.347619047619062,0.3333333333333333,12.714285714285714
R0454,14,2.0,12,0.382,pullback,short,atr_sl_fixed_tp,10.0,24.0,96,0.7,1.5,1.0,24,70.0,-6478.500000000005,19137.60000000001,25616.09999999998,0.7470926487638643,8826.400000000005,-92.55000000000007,0.32857142857142857,11.6,23.0,-2674.9,6635.9,9310.800000000001,0.7127099712162219,6164.6,-116.3,0.30434782608695654,12.826086956521738
R0230,10,2.0,24,0.382,pullback,short,atr_sl_fixed_tp,10.0,16.0,96,0.7,1.5,1.0,24,76.0,-6801.300000000006,19893.60000000001,26694.89999999998,0.7452209972691423,10018.300000000005,-89.49078947368429,0.3684210526315789,10.276315789473685,21.0,-629.8,6190.799999999999,6820.600000000001,0.9076620825147345,3632.0,-29.990476190476187,0.42857142857142855,14.714285714285714
R0222,10,2.0,24,0.382,pullback,short,atr_sl_fixed_tp,8.0,20.0,96,0.7,1.5,1.0,24,78.0,-6621.400000000005,19312.60000000001,25933.999999999975,0.7446826559728552,8163.800000000005,-84.88974358974366,0.2948717948717949,9.576923076923077,22.0,-1671.0999999999992,5160.9,6832.000000000002,0.7554010538641683,3785.7999999999993,-75.95909090909088,0.3181818181818182,14.181818181818182
R0126,10,1.5,24,0.5,pullback,short,atr_sl_fixed_tp,10.0,20.0,96,0.7,1.5,1.0,24,59.0,-5374.200000000004,15666.400000000009,21040.599999999984,0.7445795271997957,6826.400000000003,-91.08813559322041,0.3728813559322034,11.440677966101696,17.0,-1927.0999999999997,4143.5,6070.600000000001,0.6825519717985041,2436.8999999999996,-113.35882352941175,0.29411764705882354,14.176470588235293
R0175,10,2.0,12,0.382,pullback,short,fixed_sl_atr_tp,12.0,20.0,96,0.7,1.25,1.0,24,74.0,-6693.7000000000035,19505.00000000001,26198.69999999998,0.7445025898231602,9437.800000000003,-90.45540540540546,0.33783783783783783,11.013513513513514,21.0,-1117.3,6585.9,7703.200000000002,0.8549563817634228,4607.0,-53.2047619047619,0.3333333333333333,14.619047619047619
R0419,14,1.5,24,0.5,pullback,short,fixed_sl_atr_tp,10.0,24.0,96,0.7,1.25,1.0,24,63.0,-5114.4000000000015,14799.00000000001,19913.399999999983,0.7431679170809616,6824.800000000001,-81.1809523809524,0.31746031746031744,11.920634920634921,18.0,-1368.4,4743.5,6111.9000000000015,0.7761089023053386,2328.2000000000003,-76.02222222222223,0.2777777777777778,13.277777777777779
R0457,14,2.0,12,0.382,pullback,short,atr_sl_fixed_tp,12.0,16.0,96,0.7,1.25,1.0,24,73.0,-6739.900000000003,19464.80000000001,26204.69999999998,0.7427980476784709,9542.200000000004,-92.32739726027401,0.3972602739726027,10.164383561643836,21.0,-3804.8,4948.4,8753.2,0.565324681259425,6407.0,-181.1809523809524,0.3333333333333333,13.904761904761905
R0025,10,1.5,12,0.382,pullback,short,atr_sl_fixed_tp,12.0,16.0,96,0.7,1.25,1.0,24,79.0,-7037.700000000003,20242.000000000015,27279.69999999998,0.7420169576644916,10538.400000000003,-89.08481012658231,0.4430379746835443,11.278481012658228,26.0,-1673.7999999999988,7420.699999999999,9094.5,0.8159546978943316,4275.999999999999,-64.37692307692303,0.4230769230769231,14.307692307692308
R0511,14,2.0,24,0.382,pullback,short,fixed_sl_atr_tp,8.0,20.0,96,0.7,1.25,1.0,24,78.0,-5721.40000000001,16252.800000000008,21974.199999999975,0.7396310218346983,6267.6000000000095,-73.35128205128217,0.24358974358974358,9.14102564102564,23.0,-2449.8999999999996,4414.7,6864.600000000002,0.6431110334178245,5014.6,-106.51739130434781,0.2608695652173913,13
R0309,14,1.5,12,0.382,pullback,short,atr_sl_fixed_tp,10.0,24.0,96,0.7,1.25,1.0,24,78.0,-6796.400000000005,19268.600000000013,26064.999999999978,0.7392518703241906,8588.900000000005,-87.1333333333334,0.358974358974359,11.35897435897436,23.0,262.59999999999945,7165.799999999999,6903.200000000002,1.0380403291227254,3352.1000000000004,11.417391304347802,0.391304347826087,16.17391304347826
R0390,14,1.5,24,0.382,pullback,short,atr_sl_fixed_tp,12.0,20.0,96,0.7,1.5,1.0,24,68.0,-6845.900000000003,19363.70000000001,26209.59999999998,0.7388018130761258,8388.300000000003,-100.67500000000005,0.38235294117647056,12.941176470588236,24.0,8.800000000000182,7745.699999999999,7736.9000000000015,1.0011374064547813,4527.099999999999,0.36666666666667425,0.4583333333333333,17.125
R0417,14,1.5,24,0.5,pullback,short,atr_sl_fixed_tp,10.0,24.0,96,0.7,1.25,1.0,24,62.0,-5460.600000000004,15441.400000000009,20901.999999999985,0.7387522725098086,6689.000000000004,-88.07419354838716,0.3548387096774194,12.112903225806452,17.0,-952.0999999999996,4743.5,5695.600000000001,0.8328358733057095,1865.2,-56.00588235294115,0.29411764705882354,14.470588235294118
R0533,14,2.0,24,0.382,pullback,short,atr_sl_fixed_tp,12.0,20.0,96,0.7,1.25,1.0,24,72.0,-7061.100000000008,19892.50000000001,26953.599999999977,0.7380275733111729,7607.3000000000075,-98.07083333333344,0.3472222222222222,11.944444444444445,21.0,-1767.3,6157.099999999999,7924.4000000000015,0.7769799606279337,5132.0,-84.15714285714286,0.38095238095238093,16.142857142857142
R0371,14,1.5,24,0.382,pullback,short,fixed_sl_atr_tp,8.0,24.0,96,0.7,1.25,1.0,24,78.0,-5858.900000000003,16456.600000000006,22315.499999999975,0.7374515471309191,6676.300000000003,-75.11410256410261,0.23076923076923078,9.35897435897436,28.0,-2831.4000000000005,5244.599999999999,8076.000000000003,0.6494056463595836,5582.500000000001,-101.1214285714286,0.2857142857142857,12.357142857142858
R0430,14,1.5,24,0.5,pullback,short,atr_sl_fixed_tp,12.0,24.0,96,0.7,1.5,1.0,24,56.0,-5650.300000000002,15737.60000000001,21387.899999999987,0.7358179157374038,7652.000000000003,-100.89821428571432,0.4107142857142857,14.803571428571429,16.0,-2760.7999999999993,4359.8,7120.600000000001,0.6122798640563997,3220.5999999999995,-172.54999999999995,0.25,15.6875
R0534,14,2.0,24,0.382,pullback,short,atr_sl_fixed_tp,12.0,20.0,96,0.7,1.5,1.0,24,69.0,-7199.7000000000035,19892.50000000001,27092.199999999983,0.7342519249082771,8015.500000000004,-104.34347826086962,0.36231884057971014,12.666666666666666,21.0,-967.3,6303.299999999999,7270.600000000001,0.8669573350204932,4507.0,-46.061904761904756,0.42857142857142855,16.904761904761905
R0239,10,2.0,24,0.382,pullback,short,fixed_sl_atr_tp,10.0,24.0,96,0.7,1.25,1.0,24,76.0,-6938.800000000003,19136.500000000007,26075.299999999974,0.7338937615291109,10303.600000000002,-91.30000000000004,0.2631578947368421,10.039473684210526,21.0,-2304.8,4273.4,6578.200000000002,0.6496305980359367,5357.0,-109.75238095238096,0.3333333333333333,16.142857142857142
R0122,10,1.5,24,0.5,pullback,short,atr_sl_fixed_tp,10.0,16.0,96,0.7,1.5,1.0,24,60.0,-5465.500000000005,15071.300000000008,20536.799999999985,0.7338679833274911,6810.100000000003,-91.09166666666674,0.4,10.916666666666666,17.0,-2502.0999999999995,3568.5,6070.600000000001,0.5878331631140249,2836.8999999999996,-147.18235294117645,0.29411764705882354,12.529411764705882
R0134,10,1.5,24,0.5,pullback,short,atr_sl_fixed_tp,12.0,16.0,96,0.7,1.5,1.0,24,58.0,-5770.400000000002,15867.50000000001,21637.899999999987,0.7333197768729877,6957.4000000000015,-99.48965517241383,0.43103448275862066,12.155172413793103,16.0,-3935.7999999999993,3184.8,7120.600000000001,0.44726567985843885,4020.5999999999995,-245.98749999999995,0.25,13.5
R0120,10,1.5,24,0.5,pullback,short,fixed_sl_atr_tp,8.0,24.0,96,0.7,1.5,1.0,24,67.0,-5192.100000000005,14251.700000000006,19443.79999999998,0.7329688641109259,6068.800000000005,-77.49402985074634,0.23880597014925373,9.17910447761194,18.0,-2705.9000000000005,3163.6000000000004,5869.500000000002,0.5389896924780645,3073.3000000000006,-150.3277777777778,0.16666666666666666,10.444444444444445
R0421,14,1.5,24,0.5,pullback,short,atr_sl_fixed_tp,12.0,16.0,96,0.7,1.25,1.0,24,60.0,-5528.000000000004,15063.70000000001,20591.699999999986,0.7315423204495025,7276.400000000002,-92.1333333333334,0.43333333333333335,12.483333333333333,16.0,-3485.7999999999993,3184.8,6670.600000000001,0.4774383113962761,3720.5999999999995,-217.86249999999995,0.25,13.3125
R0116,10,1.5,24,0.5,pullback,short,fixed_sl_atr_tp,8.0,20.0,96,0.7,1.5,1.0,24,67.0,-5129.600000000007,13960.400000000007,19089.99999999998,0.7312938711367218,6628.0000000000055,-76.56119402985085,0.2537313432835821,8.716417910447761,18.0,-3105.900000000001,2763.6000000000004,5869.500000000002,0.47084078711985683,3473.300000000001,-172.55000000000007,0.16666666666666666,10.277777777777779
R0117,10,1.5,24,0.5,pullback,short,atr_sl_fixed_tp,8.0,24.0,96,0.7,1.25,1.0,24,65.0,-5334.500000000003,14490.300000000008,19824.799999999985,0.7309178402808614,6060.600000000002,-82.06923076923081,0.2923076923076923,10.353846153846154,18.0,-3105.900000000001,3163.6000000000004,6269.500000000002,0.5046016428742323,3373.300000000001,-172.55000000000007,0.16666666666666666,11.055555555555555
R0225,10,2.0,24,0.382,pullback,short,atr_sl_fixed_tp,8.0,24.0,96,0.7,1.25,1.0,24,76.0,-6501.300000000001,17636.500000000007,24137.799999999977,0.7306589664343902,9666.100000000002,-85.54342105263159,0.2631578947368421,9.657894736842104,22.0,-2171.0999999999995,4564.7,6735.800000000002,0.6776774844858812,4585.799999999999,-98.68636363636361,0.2727272727272727,13.863636363636363
R0449,14,2.0,12,0.382,pullback,short,atr_sl_fixed_tp,10.0,20.0,96,0.7,1.25,1.0,24,74.0,-6718.700000000005,18158.80000000001,24877.499999999978,0.7299286503868968,9112.800000000005,-90.79324324324331,0.32432432432432434,10.31081081081081,21.0,-1504.8000000000004,5835.9,7340.700000000002,0.7950059258653804,4719.5,-71.65714285714287,0.3333333333333333,13.428571428571429
R0298,14,1.5,12,0.382,pullback,short,atr_sl_fixed_tp,8.0,24.0,96,0.7,1.5,1.0,24,79.0,-6662.700000000006,18001.20000000001,24663.899999999976,0.7298602410810954,9480.200000000006,-84.33797468354439,0.3291139240506329,10.91139240506329,24.0,321.2999999999988,7165.799999999999,6844.500000000002,1.0469428007889543,3318.400000000001,13.387499999999951,0.375,14.958333333333334
R0177,10,2.0,12,0.382,pullback,short,atr_sl_fixed_tp,12.0,24.0,96,0.7,1.25,1.0,24,70.0,-7353.500000000004,19858.80000000001,27212.299999999977,0.7297729335631323,9705.200000000004,-105.05000000000005,0.34285714285714286,12.414285714285715,21.0,-2117.3,6635.9,8753.2,0.7581113192889457,5607.0,-100.82380952380953,0.3333333333333333,15.761904761904763
R0420,14,1.5,24,0.5,pullback,short,fixed_sl_atr_tp,10.0,24.0,96,0.7,1.5,1.0,24,63.0,-5389.400000000002,14524.00000000001,19913.399999999983,0.7293581206624695,6667.800000000003,-85.54603174603179,0.31746031746031744,12.158730158730158,18.0,-1368.4,4743.5,6111.9000000000015,0.7761089023053386,2328.2000000000003,-76.02222222222223,0.2777777777777778,13.277777777777779
R0281,10,2.0,24,0.5,pullback,short,atr_sl_fixed_tp,12.0,20.0,96,0.7,1.25,1.0,24,63.0,-6501.900000000002,17458.80000000001,23960.699999999983,0.7286431531633059,8108.500000000004,-103.20476190476194,0.38095238095238093,12.396825396825397,12.0,-4933.1,996.2,5929.300000000001,0.16801308754827718,4933.1,-411.0916666666667,0.08333333333333333,15.083333333333334
R0035,10,1.5,12,0.382,pullback,short,fixed_sl_atr_tp,12.0,24.0,96,0.7,1.25,1.0,24,80.0,-7929.000000000003,21206.100000000013,29135.099999999973,0.7278540317349188,11217.700000000004,-99.11250000000004,0.35,12.0625,25.0,-344.99999999999955,7699.499999999999,8044.500000000002,0.9571135558456084,3730.3999999999996,-13.799999999999981,0.4,15.4
R0424,14,1.5,24,0.5,pullback,short,fixed_sl_atr_tp,12.0,16.0,96,0.7,1.5,1.0,24,64.0,-5993.200000000004,15971.30000000001,21964.49999999998,0.7271415238225328,7335.600000000004,-93.64375000000007,0.375,11.71875,16.0,-3035.7999999999993,3184.8,6220.600000000001,0.5119763366877792,3420.5999999999995,-189.73749999999995,0.25,13.1875
R0453,14,2.0,12,0.382,pullback,short,atr_sl_fixed_tp,10.0,24.0,96,0.7,1.25,1.0,24,73.0,-6789.900000000006,18087.60000000001,24877.499999999978,0.7270666264697025,8337.800000000007,-93.01232876712336,0.3150684931506849,10.835616438356164,21.0,-704.8000000000002,6635.9,7340.700000000002,0.9039873581538543,4319.5,-33.56190476190477,0.3333333333333333,13.571428571428571
R0423,14,1.5,24,0.5,pullback,short,fixed_sl_atr_tp,12.0,16.0,96,0.7,1.25,1.0,24,65.0,-5997.0000000000055,15967.500000000011,21964.49999999998,0.7269685173803193,7339.400000000005,-92.26153846153855,0.38461538461538464,11.36923076923077,16.0,-3035.7999999999993,3184.8,6220.600000000001,0.5119763366877792,3420.5999999999995,-189.73749999999995,0.25,13.1875
R0237,10,2.0,24,0.382,pullback,short,atr_sl_fixed_tp,10.0,24.0,96,0.7,1.25,1.0,24,75.0,-7435.0000000000055,19775.10000000001,27210.099999999977,0.7267558737380615,9228.600000000004,-99.13333333333341,0.30666666666666664,10.573333333333334,21.0,-1442.3000000000004,5760.9,7203.200000000002,0.7997695468680585,5332.0,-68.6809523809524,0.3333333333333333,16.047619047619047
R0505,14,2.0,24,0.382,pullback,short,atr_sl_fixed_tp,8.0,16.0,96,0.7,1.25,1.0,24,81.0,-6532.8000000000075,17330.000000000007,23862.799999999977,0.7262349766163243,7875.200000000007,-80.65185185185194,0.30864197530864196,8.493827160493828,22.0,-533.5999999999995,5394.599999999999,5928.200000000002,0.9099895415134439,2924.3999999999996,-24.25454545454543,0.36363636363636365,12.045454545454545
R0084,10,1.5,24,0.382,pullback,short,fixed_sl_atr_tp,8.0,24.0,96,0.7,1.5,1.0,24,75.0,-6047.500000000001,15860.400000000007,21907.899999999976,0.7239580242743496,7214.000000000002,-80.63333333333334,0.22666666666666666,9.4,27.0,-2427.6000000000004,5244.599999999999,7672.200000000003,0.6835848909048249,5178.700000000001,-89.91111111111113,0.2962962962962963,13.444444444444445
R0258,10,2.0,24,0.5,pullback,short,atr_sl_fixed_tp,8.0,20.0,96,0.7,1.5,1.0,24,69.0,-6299.7000000000035,16462.60000000001,22762.29999999998,0.7232397429082309,7427.500000000004,-91.30000000000005,0.3333333333333333,10.27536231884058,13.0,-5336.9000000000015,0,5336.9000000000015,0.0,5336.9000000000015,-410.53076923076935,0.0,11.692307692307692
R0367,14,1.5,24,0.382,pullback,short,fixed_sl_atr_tp,8.0,20.0,96,0.7,1.25,1.0,24,79.0,-6187.700000000005,16127.800000000008,22315.499999999975,0.7227173937397785,7730.100000000005,-78.32531645569627,0.24050632911392406,8.860759493670885,28.0,-2218.9000000000005,5857.099999999999,8076.000000000003,0.725247647350173,5779.800000000001,-79.2464285714286,0.2857142857142857,12
R0253,10,2.0,24,0.5,pullback,short,atr_sl_fixed_tp,8.0,16.0,96,0.7,1.25,1.0,24,75.0,-6160.000000000006,16017.50000000001,22177.49999999998,0.7222410100326918,6872.000000000005,-82.13333333333343,0.3333333333333333,8.866666666666667,14.0,-5728.200000000002,0,5728.200000000002,0.0,5728.200000000002,-409.15714285714296,0.0,10.071428571428571
R0513,14,2.0,24,0.382,pullback,short,atr_sl_fixed_tp,8.0,24.0,96,0.7,1.25,1.0,24,76.0,-6588.800000000007,17127.800000000007,23716.599999999977,0.722186148098801,7924.800000000004,-86.69473684210534,0.25,9.736842105263158,22.0,-2271.0999999999995,4564.7,6835.800000000002,0.6677638315924981,4685.799999999999,-103.23181818181816,0.2727272727272727,13.545454545454545
R0241,10,2.0,24,0.382,pullback,short,atr_sl_fixed_tp,12.0,16.0,96,0.7,1.25,1.0,24,75.0,-7697.500000000003,19977.30000000001,27674.799999999977,0.7218588752222248,10337.300000000003,-102.63333333333337,0.38666666666666666,10.986666666666666,21.0,-1129.7999999999997,6190.799999999999,7320.600000000001,0.8456683878370623,4132.0,-53.79999999999999,0.42857142857142855,14.904761904761905
R0510,14,2.0,24,0.382,pullback,short,atr_sl_fixed_tp,8.0,20.0,96,0.7,1.5,1.0,24,77.0,-7017.60000000001,18141.40000000001,25158.999999999978,0.7210699948328639,7563.80000000001,-91.13766233766248,0.2857142857142857,9.779220779220779,22.0,-1671.0999999999992,5160.9,6832.000000000002,0.7554010538641683,3785.7999999999993,-75.95909090909088,0.3181818181818182,13.818181818181818
R0019,10,1.5,12,0.382,pullback,short,fixed_sl_atr_tp,10.0,20.0,96,0.7,1.25,1.0,24,83.0,-7452.900000000004,19259.900000000012,26712.799999999974,0.7209989218651744,10347.000000000004,-89.79397590361451,0.3253012048192771,10.46987951807229,25.0,1117.4999999999986,7861.999999999999,6744.500000000002,1.1656905626807024,3130.4000000000005,44.699999999999946,0.4,14.6
R0535,14,2.0,24,0.382,pullback,short,fixed_sl_atr_tp,12.0,20.0,96,0.7,1.25,1.0,24,74.0,-7418.700000000011,19100.10000000001,26518.799999999977,0.7202475225123318,7964.900000000011,-100.25270270270285,0.3108108108108108,11.067567567567568,21.0,-2367.3,5410.9,7778.200000000002,0.6956493790337094,6132.0,-112.72857142857144,0.3333333333333333,16
R0261,10,2.0,24,0.5,pullback,short,atr_sl_fixed_tp,8.0,24.0,96,0.7,1.25,1.0,24,69.0,-6024.7000000000035,15499.00000000001,21523.699999999983,0.7200899473603526,6427.500000000004,-87.31449275362324,0.2898550724637681,10.44927536231884,14.0,-5728.200000000002,0,5728.200000000002,0.0,5728.200000000002,-409.15714285714296,0.0,10.071428571428571
R0319,14,1.5,12,0.382,pullback,short,fixed_sl_atr_tp,12.0,20.0,96,0.7,1.25,1.0,24,79.0,-7750.200000000005,19839.800000000014,27589.999999999978,0.7190938745922446,10248.100000000006,-98.1037974683545,0.3670886075949367,11.30379746835443,23.0,-574.9000000000001,6865.799999999999,7440.700000000002,0.9227357641082153,4064.6,-24.995652173913047,0.391304347826087,15.826086956521738
R0427,14,1.5,24,0.5,pullback,short,fixed_sl_atr_tp,12.0,20.0,96,0.7,1.25,1.0,24,63.0,-6351.900000000003,16216.40000000001,22568.29999999998,0.7185476974340125,7894.300000000003,-100.82380952380957,0.3492063492063492,12.126984126984127,16.0,-2460.7999999999993,3759.8,6220.600000000001,0.6044111500498344,3020.5999999999995,-153.79999999999995,0.25,14.9375
R0221,10,2.0,24,0.382,pullback,short,atr_sl_fixed_tp,8.0,20.0,96,0.7,1.25,1.0,24,80.0,-7179.0000000000055,18270.200000000008,25449.199999999975,0.7179086179526282,8811.200000000004,-89.73750000000007,0.2625,8.8875,22.0,-1171.0999999999995,5160.9,6332.000000000002,0.8150505369551482,3385.7999999999997,-53.231818181818156,0.3181818181818182,13.727272727272727
R0121,10,1.5,24,0.5,pullback,short,atr_sl_fixed_tp,10.0,16.0,96,0.7,1.25,1.0,24,64.0,-5980.700000000011,15071.300000000008,21051.999999999985,0.7159082272468184,8246.50000000001,-93.44843750000017,0.375,9.96875,17.0,-2127.0999999999995,3568.5,5695.600000000001,0.62653627361472,2586.8999999999996,-125.12352941176468,0.29411764705882354,12.411764705882353
R0111,10,1.5,24,0.5,pullback,short,fixed_sl_atr_tp,8.0,16.0,96,0.7,1.25,1.0,24,69.0,-5449.700000000007,13640.300000000005,19089.99999999998,0.7145259298061821,6940.5000000000055,-78.98115942028996,0.2753623188405797,8.159420289855072,18.0,-3480.9000000000005,2388.6000000000004,5869.500000000002,0.4069511883465371,3873.3000000000006,-193.38333333333335,0.16666666666666666,8.777777777777779
R0080,10,1.5,24,0.382,pullback,short,fixed_sl_atr_tp,8.0,20.0,96,0.7,1.5,1.0,24,76.0,-6276.300000000003,15631.600000000008,21907.899999999976,0.713514303059628,7818.700000000003,-82.58289473684215,0.23684210526315788,8.868421052631579,27.0,-1427.5999999999992,5840.799999999999,7268.400000000002,0.8035881349402891,3978.6999999999994,-52.874074074074045,0.3333333333333333,13.333333333333334
R0217,10,2.0,24,0.382,pullback,short,atr_sl_fixed_tp,8.0,16.0,96,0.7,1.25,1.0,24,82.0,-7036.600000000007,17505.000000000007,24541.599999999977,0.7132786778368169,9046.000000000005,-85.8121951219513,0.3048780487804878,8.487804878048781,22.0,-533.5999999999995,5394.599999999999,5928.200000000002,0.9099895415134439,2813.0,-24.25454545454543,0.36363636363636365,12.409090909090908
R0031,10,1.5,12,0.382,pullback,short,fixed_sl_atr_tp,12.0,20.0,96,0.7,1.25,1.0,24,81.0,-8357.800000000003,20777.300000000014,29135.099999999973,0.7131363887544588,12276.900000000005,-103.18271604938275,0.35802469135802467,11.518518518518519,25.0,-182.50000000000045,7861.999999999999,8044.500000000002,0.9773136925849957,3730.4000000000005,-7.3000000000000185,0.4,15
R0247,10,2.0,24,0.382,pullback,short,fixed_sl_atr_tp,12.0,20.0,96,0.7,1.25,1.0,24,76.0,-8176.300000000006,20271.30000000001,28447.599999999973,0.7125838383554335,9718.700000000006,-107.58289473684218,0.3157894736842105,10.894736842105264,21.0,-517.3000000000002,6657.099999999999,7174.4000000000015,0.9278964094558427,4282.0,-24.633333333333344,0.38095238095238093,16.095238095238095
R0018,10,1.5,12,0.382,pullback,short,atr_sl_fixed_tp,10.0,20.0,96,0.7,1.5,1.0,24,78.0,-7946.400000000004,19661.000000000015,27607.399999999976,0.7121641299071999,10840.500000000004,-101.87692307692313,0.38461538461538464,11.846153846153847,27.0,-2140.1000000000004,7361.999999999999,9502.1,0.7747761021247933,5229.8,-79.26296296296297,0.37037037037037035,14.444444444444445
R0229,10,2.0,24,0.382,pullback,short,atr_sl_fixed_tp,10.0,16.0,96,0.7,1.25,1.0,24,79.0,-7737.700000000007,19097.40000000001,26835.099999999977,0.7116574933575811,9400.900000000005,-97.94556962025325,0.34177215189873417,9.60759493670886,21.0,-4.7999999999999545,6190.799999999999,6195.600000000001,0.9992252566337397,3132.0,-0.2285714285714264,0.42857142857142855,14.428571428571429
R0293,14,1.5,12,0.382,pullback,short,atr_sl_fixed_tp,8.0,20.0,96,0.7,1.25,1.0,24,83.0,-7215.400000000009,17705.00000000001,24920.399999999976,0.7104621113625795,9513.300000000008,-86.93253012048203,0.30120481927710846,9.55421686746988,24.0,221.29999999999967,6365.799999999999,6144.500000000002,1.0360159492228818,3118.4,9.220833333333319,0.375,14.5
R0507,14,2.0,24,0.382,pullback,short,fixed_sl_atr_tp,8.0,16.0,96,0.7,1.25,1.0,24,80.0,-6479.000000000009,15895.200000000008,22374.199999999975,0.7104254006847184,7821.400000000009,-80.98750000000011,0.2625,8.4625,23.0,-262.3999999999995,5794.599999999999,6057.000000000002,0.9566782235430077,3241.7999999999997,-11.408695652173892,0.34782608695652173,11.91304347826087
R0114,10,1.5,24,0.5,pullback,short,atr_sl_fixed_tp,8.0,20.0,96,0.7,1.5,1.0,24,64.0,-5993.200000000004,14670.200000000008,20663.399999999983,0.7099606066765402,7131.800000000005,-93.64375000000007,0.328125,10.09375,17.0,-3114.6000000000004,2763.6000000000004,5878.200000000002,0.47014392160865565,3282.0000000000005,-183.2117647058824,0.17647058823529413,12.176470588235293
R0115,10,1.5,24,0.5,pullback,short,fixed_sl_atr_tp,8.0,20.0,96,0.7,1.25,1.0,24,68.0,-5658.400000000007,13835.400000000005,19493.79999999998,0.7097333511167663,7156.800000000007,-83.21176470588246,0.25,8.529411764705882,18.0,-3105.900000000001,2763.6000000000004,5869.500000000002,0.47084078711985683,3473.300000000001,-172.55000000000007,0.16666666666666666,10.277777777777779
R0271,10,2.0,24,0.5,pullback,short,fixed_sl_atr_tp,10.0,20.0,96,0.7,1.25,1.0,24,70.0,-6841.000000000006,16420.200000000008,23261.19999999998,0.7059051123759748,7333.400000000006,-97.72857142857151,0.3,10.271428571428572,14.0,-4090.7000000000007,1379.9,5470.600000000001,0.2522392424962527,4090.7000000000007,-292.1928571428572,0.14285714285714285,12.571428571428571
R0297,14,1.5,12,0.382,pullback,short,atr_sl_fixed_tp,8.0,24.0,96,0.7,1.25,1.0,24,82.0,-7336.600000000008,17583.80000000001,24920.399999999976,0.7055986260252656,9234.500000000007,-89.47073170731717,0.2926829268292683,9.975609756097562,24.0,1021.2999999999981,7165.799999999999,6144.500000000002,1.1662136870371873,2718.4000000000015,42.55416666666659,0.375,14.625
R0235,10,2.0,24,0.382,pullback,short,fixed_sl_atr_tp,10.0,20.0,96,0.7,1.25,1.0,24,78.0,-7808.900000000006,18670.200000000008,26479.099999999973,0.7050919404360431,9744.900000000005,-100.11410256410264,0.2692307692307692,9.602564102564102,21.0,582.6999999999996,6657.099999999999,6074.4000000000015,1.0959271697616222,3282.0,27.74761904761903,0.38095238095238093,15.428571428571429
R0523,14,2.0,24,0.382,pullback,short,fixed_sl_atr_tp,10.0,20.0,96,0.7,1.25,1.0,24,76.0,-7338.800000000009,17499.000000000007,24837.799999999977,0.7045309971092457,7885.000000000009,-96.56315789473696,0.2631578947368421,9.842105263157896,21.0,-1167.3000000000004,5410.9,6578.200000000002,0.8225502417074577,5032.0,-55.5857142857143,0.3333333333333333,15.333333333333334
R0138,10,1.5,24,0.5,pullback,short,atr_sl_fixed_tp,12.0,20.0,96,0.7,1.5,1.0,24,56.0,-6575.300000000003,15666.400000000009,22241.699999999986,0.7043706191523138,7961.800000000003,-117.41607142857148,0.39285714285714285,13.071428571428571,16.0,-3360.7999999999993,3759.8,7120.600000000001,0.5280173019127601,3620.5999999999995,-210.04999999999995,0.25,15.25
R0463,14,2.0,12,0.382,pullback,short,fixed_sl_atr_tp,12.0,20.0,96,0.7,1.25,1.0,24,73.0,-7539.900000000006,17933.80000000001,25473.69999999998,0.7040123735460504,10037.800000000007,-103.2863013698631,0.3287671232876712,10.767123287671232,21.0,-1367.3,6335.9,7703.200000000002,0.822502336691245,4857.0,-65.10952380952381,0.3333333333333333,13.523809523809524
R0282,10,2.0,24,0.5,pullback,short,atr_sl_fixed_tp,12.0,20.0,96,0.7,1.5,1.0,24,61.0,-7394.300000000003,17458.80000000001,24853.099999999984,0.7024797711351912,10358.500000000004,-121.21803278688529,0.39344262295081966,13.032786885245901,12.0,-5383.1,996.2,6379.300000000001,0.15616133431567725,5383.1,-448.5916666666667,0.08333333333333333,15.666666666666666
R0256,10,2.0,24,0.5,pullback,short,fixed_sl_atr_tp,8.0,16.0,96,0.7,1.5,1.0,24,80.0,-6729.000000000008,15878.900000000009,22607.899999999976,0.7023606792315972,7121.400000000008,-84.1125000000001,0.275,8.1125,14.0,-5328.200000000002,0,5328.200000000002,0.0,5328.200000000002,-380.5857142857144,0.0,9.285714285714286
R0127,10,1.5,24,0.5,pullback,short,fixed_sl_atr_tp,10.0,20.0,96,0.7,1.25,1.0,24,65.0,-6422.000000000006,15152.800000000008,21574.79999999998,0.7023379127500613,7620.400000000005,-98.8000000000001,0.2923076923076923,10.169230769230769,18.0,-1968.3999999999999,4143.5,6111.9000000000015,0.6779397568677497,2728.2,-109.35555555555555,0.2777777777777778,12.88888888888889
R0374,14,1.5,24,0.382,pullback,short,atr_sl_fixed_tp,10.0,16.0,96,0.7,1.5,1.0,24,75.0,-7785.000000000006,18297.40000000001,26082.39999999998,0.7015228659939278,9159.600000000006,-103.80000000000008,0.36,10.4,26.0,513.7000000000003,8579.4,8065.700000000002,1.0636894503886827,3284.7,19.757692307692317,0.46153846153846156,13.192307692307692
R0274,10,2.0,24,0.5,pullback,short,atr_sl_fixed_tp,10.0,24.0,96,0.7,1.5,1.0,24,60.0,-6703.000000000003,15620.20000000001,22323.199999999986,0.699729429472478,8429.200000000003,-111.71666666666671,0.35,12.883333333333333,13.0,-3849.3999999999996,1579.9,5429.300000000001,0.2909951559132853,3849.3999999999996,-296.1076923076923,0.15384615384615385,14.23076923076923
R0465,14,2.0,12,0.382,pullback,short,atr_sl_fixed_tp,12.0,24.0,96,0.7,1.25,1.0,24,70.0,-8278.500000000004,19137.60000000001,27416.09999999998,0.6980423911497268,10026.400000000005,-118.26428571428576,0.32857142857142857,11.9,21.0,-2117.3,6635.9,8753.2,0.7581113192889457,5607.0,-100.82380952380953,0.3333333333333333,14.714285714285714
R0321,14,1.5,12,0.382,pullback,short,atr_sl_fixed_tp,12.0,24.0,96,0.7,1.25,1.0,24,73.0,-8289.900000000003,19131.100000000013,27420.999999999978,0.6976806097516512,10641.600000000004,-113.56027397260279,0.3835616438356164,12.616438356164384,23.0,-987.3999999999996,7165.799999999999,8153.200000000002,0.8788941765196484,4477.099999999999,-42.93043478260868,0.391304347826087,16.91304347826087
R0265,10,2.0,24,0.5,pullback,short,atr_sl_fixed_tp,10.0,16.0,96,0.7,1.25,1.0,24,71.0,-7307.300000000007,16813.700000000008,24120.99999999998,0.6970565067783268,9192.100000000006,-102.91971830985925,0.36619718309859156,9.985915492957746,13.0,-3874.4000000000005,1179.9,5054.300000000001,0.23344478958510573,3874.4000000000005,-298.0307692307693,0.15384615384615385,14
R0017,10,1.5,12,0.382,pullback,short,atr_sl_fixed_tp,10.0,20.0,96,0.7,1.25,1.0,24,82.0,-8599.100000000002,19652.300000000014,28251.399999999976,0.6956221638573674,11364.400000000003,-104.86707317073173,0.35365853658536583,10.975609756097562,25.0,-257.5000000000002,7361.999999999999,7619.500000000002,0.9662051315703126,3505.4,-10.30000000000001,0.4,15.2
R0137,10,1.5,24,0.5,pullback,short,atr_sl_fixed_tp,12.0,20.0,96,0.7,1.25,1.0,24,59.0,-6886.700000000004,15666.400000000009,22553.099999999984,0.6946450820508054,8238.900000000003,-116.72372881355939,0.3728813559322034,12.135593220338983,16.0,-2910.7999999999993,3759.8,6670.600000000001,0.5636374539021977,3320.5999999999995,-181.92499999999995,0.25,14.8125
R0006,10,1.5,12,0.382,pullback,short,atr_sl_fixed_tp,8.0,20.0,96,0.7,1.5,1.0,24,83.0,-8227.900000000003,18572.400000000012,26800.299999999974,0.6929922426241508,11887.800000000005,-99.13132530120485,0.3253012048192771,10.397590361445783,28.0,-693.8999999999999,7361.999999999999,8055.900000000002,0.9138643726957878,3938.0,-24.78214285714285,0.35714285714285715,12.678571428571429
R0254,10,2.0,24,0.5,pullback,short,atr_sl_fixed_tp,8.0,16.0,96,0.7,1.5,1.0,24,72.0,-7148.600000000008,16017.50000000001,23166.09999999998,0.6914197901243637,7733.400000000007,-99.28611111111121,0.3472222222222222,9.458333333333334,13.0,-5336.9000000000015,0,5336.9000000000015,0.0,5336.9000000000015,-410.53076923076935,0.0,11.692307692307692
R0260,10,2.0,24,0.5,pullback,short,fixed_sl_atr_tp,8.0,20.0,96,0.7,1.5,1.0,24,76.0,-6751.300000000007,15049.00000000001,21800.299999999977,0.6903116012164981,7343.700000000006,-88.83289473684219,0.2631578947368421,8.855263157894736,14.0,-5328.200000000002,0,5328.200000000002,0.0,5328.200000000002,-380.5857142857144,0.0,9.285714285714286
R0509,14,2.0,24,0.382,pullback,short,atr_sl_fixed_tp,8.0,20.0,96,0.7,1.25,1.0,24,79.0,-7675.200000000009,17099.000000000007,24774.199999999975,0.6901938306786909,8221.400000000009,-97.15443037974696,0.25316455696202533,9.08860759493671,22.0,-1171.0999999999995,5160.9,6332.000000000002,0.8150505369551482,3385.7999999999997,-53.231818181818156,0.3181818181818182,13.363636363636363
R0266,10,2.0,24,0.5,pullback,short,atr_sl_fixed_tp,10.0,16.0,96,0.7,1.5,1.0,24,65.0,-7209.500000000005,16017.50000000001,23226.999999999985,0.68960692297757,7833.500000000005,-110.91538461538468,0.38461538461538464,11.107692307692307,13.0,-4249.400000000001,1179.9,5429.300000000001,0.2173208332565892,4249.400000000001,-326.8769230769231,0.15384615384615385,14.153846153846153
R0558,14,2.0,24,0.5,pullback,short,atr_sl_fixed_tp,10.0,20.0,96,0.7,1.5,1.0,24,61.0,-7006.8000000000075,15466.400000000009,22473.199999999986,0.6882152964419851,7006.8000000000075,-114.86557377049192,0.36065573770491804,11.508196721311476,12.0,-3545.6000000000004,1379.9,4925.500000000001,0.28015429905593336,3545.6000000000004,-295.4666666666667,0.16666666666666666,13.5
R0219,10,2.0,24,0.382,pullback,short,fixed_sl_atr_tp,8.0,16.0,96,0.7,1.25,1.0,24,82.0,-7286.600000000009,16070.200000000008,23356.799999999974,0.688030894643103,8629.00000000001,-88.8609756097562,0.25609756097560976,8.365853658536585,23.0,-387.39999999999964,5669.599999999999,6057.000000000002,0.936040944361895,3041.8,-16.84347826086955,0.34782608695652173,12.565217391304348
R0428,14,1.5,24,0.5,pullback,short,fixed_sl_atr_tp,12.0,20.0,96,0.7,1.5,1.0,24,61.0,-6869.300000000004,15095.20000000001,21964.49999999998,0.6872544332900827,8411.700000000004,-112.61147540983613,0.3442622950819672,12.426229508196721,16.0,-2460.7999999999993,3759.8,6220.600000000001,0.6044111500498344,3020.5999999999995,-153.79999999999995,0.25,14.9375
R0102,10,1.5,24,0.382,pullback,short,atr_sl_fixed_tp,12.0,20.0,96,0.7,1.5,1.0,24,66.0,-8225.800000000001,18071.30000000001,26297.09999999998,0.6871974476273058,9768.200000000003,-124.63333333333335,0.36363636363636365,12.878787878787879,24.0,246.30000000000018,7745.699999999999,7499.4000000000015,1.0328426274101925,4289.599999999999,10.262500000000008,0.4583333333333333,17.125
R0119,10,1.5,24,0.5,pullback,short,fixed_sl_atr_tp,8.0,24.0,96,0.7,1.25,1.0,24,67.0,-6092.100000000006,13351.700000000006,19443.79999999998,0.686681615733551,6818.200000000005,-90.92686567164188,0.23880597014925373,9.149253731343284,18.0,-2705.9000000000005,3163.6000000000004,5869.500000000002,0.5389896924780645,3073.3000000000006,-150.3277777777778,0.16666666666666666,10.444444444444445
R0133,10,1.5,24,0.5,pullback,short,atr_sl_fixed_tp,12.0,16.0,96,0.7,1.25,1.0,24,60.0,-6878.000000000006,15071.300000000008,21949.299999999985,0.6866414874278459,8022.600000000006,-114.63333333333344,0.4,11.566666666666666,16.0,-3485.7999999999993,3184.8,6670.600000000001,0.4774383113962761,3720.5999999999995,-217.86249999999995,0.25,13.0625
R0508,14,2.0,24,0.382,pullback,short,fixed_sl_atr_tp,8.0,16.0,96,0.7,1.5,1.0,24,78.0,-6921.400000000009,15049.000000000007,21970.399999999976,0.6849670465717521,8263.800000000008,-88.73589743589754,0.2564102564102564,8.782051282051283,23.0,-1462.3999999999994,4998.4,6460.800000000002,0.7736503219415549,4453.2,-63.58260869565215,0.30434782608695654,12
R0541,14,2.0,24,0.5,pullback,short,atr_sl_fixed_tp,8.0,16.0,96,0.7,1.25,1.0,24,71.0,-6644.800000000012,14425.100000000008,21069.899999999983,0.6846306816833502,7468.200000000011,-93.58873239436636,0.323943661971831,8.788732394366198,13.0,-5324.4000000000015,0,5324.4000000000015,0.0,5324.4000000000015,-409.5692307692309,0.0,9.23076923076923
R0268,10,2.0,24,0.5,pullback,short,fixed_sl_atr_tp,10.0,16.0,96,0.7,1.5,1.0,24,72.0,-7336.100000000009,15925.10000000001,23261.19999999998,0.6846207418361918,7628.500000000008,-101.8902777777779,0.3194444444444444,9.777777777777779,14.0,-4290.700000000001,1179.9,5470.600000000001,0.21568018133294334,4290.700000000001,-306.47857142857146,0.14285714285714285,12.5
R0362,14,1.5,24,0.382,pullback,short,atr_sl_fixed_tp,8.0,16.0,96,0.7,1.5,1.0,24,79.0,-7962.700000000007,17205.000000000007,25167.699999999975,0.683614315173815,9305.100000000008,-100.79367088607604,0.31645569620253167,9.113924050632912,28.0,-281.39999999999895,7783.199999999999,8064.600000000002,0.9651067628896656,3226.5999999999995,-10.049999999999963,0.39285714285714285,11.392857142857142
R0259,10,2.0,24,0.5,pullback,short,fixed_sl_atr_tp,8.0,20.0,96,0.7,1.25,1.0,24,77.0,-7030.100000000008,15174.00000000001,22204.099999999977,0.6833873023450635,7622.500000000007,-91.3000000000001,0.2597402597402597,8.7012987012987,14.0,-5328.200000000002,0,5328.200000000002,0.0,5328.200000000002,-380.5857142857144,0.0,9.285714285714286
R0083,10,1.5,24,0.382,pullback,short,fixed_sl_atr_tp,8.0,24.0,96,0.7,1.25,1.0,24,75.0,-6947.500000000003,14960.400000000007,21907.899999999976,0.6828769530625949,7764.900000000002,-92.63333333333337,0.22666666666666666,9.346666666666666,27.0,-2427.6000000000004,5244.599999999999,7672.200000000003,0.6835848909048249,5178.700000000001,-89.91111111111113,0.2962962962962963,13.444444444444445
R0005,10,1.5,12,0.382,pullback,short,atr_sl_fixed_tp,8.0,20.0,96,0.7,1.25,1.0,24,84.0,-8181.700000000007,17530.00000000001,25711.699999999975,0.6817907800728862,11075.800000000007,-97.40119047619056,0.2976190476190476,9.869047619047619,28.0,6.099999999999341,7361.999999999999,7355.900000000002,1.0008292663032392,3638.0000000000005,0.2178571428571193,0.35714285714285715,12.392857142857142
R0106,10,1.5,24,0.382,pullback,short,atr_sl_fixed_tp,12.0,24.0,96,0.7,1.5,1.0,24,65.0,-8472.000000000002,18125.10000000001,26597.09999999998,0.681469032338113,10884.600000000004,-130.33846153846156,0.35384615384615387,13.430769230769231,24.0,-553.7000000000005,7549.499999999999,8103.200000000002,0.9316689702833445,5689.6,-23.070833333333354,0.4166666666666667,17.291666666666668
R0521,14,2.0,24,0.382,pullback,short,atr_sl_fixed_tp,10.0,20.0,96,0.7,1.25,1.0,24,75.0,-8385.00000000001,17816.40000000001,26201.399999999976,0.6799789324234592,8931.20000000001,-111.80000000000013,0.29333333333333333,10.426666666666666,21.0,-542.3000000000001,6157.099999999999,6699.4000000000015,0.9190524524584288,4032.0,-25.823809523809526,0.38095238095238093,15.666666666666666
R0531,14,2.0,24,0.382,pullback,short,fixed_sl_atr_tp,12.0,16.0,96,0.7,1.25,1.0,24,75.0,-8497.500000000007,18017.50000000001,26514.999999999975,0.6795210258344344,9839.900000000009,-113.3000000000001,0.3333333333333333,10.453333333333333,21.0,20.200000000000045,6590.799999999999,6570.600000000001,1.0030743006726932,3570.6,0.961904761904764,0.42857142857142855,14.714285714285714
R0029,10,1.5,12,0.382,pullback,short,atr_sl_fixed_tp,12.0,20.0,96,0.7,1.25,1.0,24,77.0,-9280.1,19661.000000000015,28941.099999999977,0.6793452909530056,12453.000000000002,-120.52077922077923,0.38961038961038963,12.454545454545455,25.0,-1732.4999999999998,7361.999999999999,9094.5,0.809500247402276,4822.2,-69.3,0.4,15.88
R0079,10,1.5,24,0.382,pullback,short,fixed_sl_atr_tp,8.0,20.0,96,0.7,1.25,1.0,24,76.0,-7026.300000000005,14881.600000000008,21907.899999999976,0.6792800770498324,8568.700000000004,-92.45131578947375,0.23684210526315788,8.81578947368421,27.0,-415.0999999999997,6853.299999999999,7268.400000000002,0.9428897694128002,3976.0,-15.374074074074063,0.3333333333333333,13
R0269,10,2.0,24,0.5,pullback,short,atr_sl_fixed_tp,10.0,20.0,96,0.7,1.25,1.0,24,68.0,-7783.400000000007,16462.60000000001,24245.99999999998,0.6789821001402302,8275.800000000007,-114.46176470588246,0.3382352941176471,10.661764705882353,13.0,-3674.3999999999996,1379.9,5054.300000000001,0.27301505648655594,3674.3999999999996,-282.6461538461538,0.15384615384615385,14.076923076923077
R0233,10,2.0,24,0.382,pullback,short,atr_sl_fixed_tp,10.0,20.0,96,0.7,1.25,1.0,24,77.0,-8980.100000000004,18987.60000000001,27967.699999999975,0.6789117446196872,10522.500000000005,-116.62467532467538,0.2987012987012987,10.194805194805195,21.0,-542.3,6157.099999999999,6699.4000000000015,0.9190524524584288,4032.0,-25.823809523809523,0.38095238095238093,15.857142857142858
R0130,10,1.5,24,0.5,pullback,short,atr_sl_fixed_tp,10.0,24.0,96,0.7,1.5,1.0,24,57.0,-6879.100000000004,14515.300000000008,21394.399999999983,0.6784625883408751,7505.2000000000035,-120.68596491228077,0.3333333333333333,12.24561403508772,17.0,-1327.0999999999997,4743.5,6070.600000000001,0.7813889895562216,2036.8999999999999,-78.06470588235292,0.29411764705882354,14.352941176470589
R0267,10,2.0,24,0.5,pullback,short,fixed_sl_atr_tp,10.0,16.0,96,0.7,1.25,1.0,24,74.0,-7643.700000000008,16121.30000000001,23764.999999999978,0.6783631390700621,7936.100000000008,-103.29324324324335,0.32432432432432434,9.391891891891891,14.0,-4290.700000000001,1179.9,5470.600000000001,0.21568018133294334,4290.700000000001,-306.47857142857146,0.14285714285714285,12.5
R0385,14,1.5,24,0.382,pullback,short,atr_sl_fixed_tp,12.0,16.0,96,0.7,1.25,1.0,24,73.0,-8489.900000000003,17881.10000000001,26370.999999999978,0.6780592317318276,9832.300000000005,-116.30000000000004,0.3835616438356164,11.219178082191782,26.0,188.7000000000005,8579.4,8390.7,1.022489184454217,3609.6999999999994,7.257692307692327,0.46153846153846156,13.692307692307692
R0009,10,1.5,12,0.382,pullback,short,atr_sl_fixed_tp,8.0,24.0,96,0.7,1.25,1.0,24,83.0,-8302.900000000003,17408.80000000001,25711.699999999975,0.6770769727400376,10997.000000000004,-100.03493975903618,0.2891566265060241,10.349397590361447,28.0,1006.0999999999983,8362.0,7355.900000000002,1.1367745619162846,3638.0000000000005,35.9321428571428,0.35714285714285715,12.714285714285714
R0378,14,1.5,24,0.382,pullback,short,atr_sl_fixed_tp,10.0,20.0,96,0.7,1.5,1.0,24,72.0,-8598.600000000004,17987.60000000001,26586.19999999998,0.6765765697993705,10141.000000000005,-119.42500000000005,0.3194444444444444,11.444444444444445,24.0,-466.20000000000005,7599.499999999999,8065.700000000002,0.9421996850862291,4827.1,-19.425,0.4166666666666667,15.916666666666666
R0135,10,1.5,24,0.5,pullback,short,fixed_sl_atr_tp,12.0,16.0,96,0.7,1.25,1.0,24,65.0,-7497.000000000009,15675.10000000001,23172.09999999998,0.6764643687883283,8235.60000000001,-115.33846153846167,0.35384615384615387,10.63076923076923,16.0,-3035.7999999999993,3184.8,6220.600000000001,0.5119763366877792,3420.5999999999995,-189.73749999999995,0.25,12.9375
R0021,10,1.5,12,0.382,pullback,short,atr_sl_fixed_tp,10.0,24.0,96,0.7,1.25,1.0,24,81.0,-9145.300000000001,19106.100000000013,28251.399999999976,0.6762886087061183,11005.200000000003,-112.90493827160495,0.345679012345679,11.592592592592593,25.0,742.4999999999989,8362.0,7619.500000000002,1.0974473390642427,3505.4000000000005,29.699999999999953,0.4,15.56
R0382,14,1.5,24,0.382,pullback,short,atr_sl_fixed_tp,10.0,24.0,96,0.7,1.5,1.0,24,71.0,-8707.300000000005,18128.90000000001,26836.19999999998,0.6755390107392263,9844.300000000005,-122.63802816901415,0.30985915492957744,11.95774647887324,24.0,-1416.2,7403.299999999999,8819.500000000002,0.8394240036283234,6377.1,-59.00833333333333,0.375,16.083333333333332
R0264,10,2.0,24,0.5,pullback,short,fixed_sl_atr_tp,8.0,24.0,96,0.7,1.5,1.0,24,75.0,-7272.5000000000055,14881.600000000008,22154.099999999977,0.671731191968982,8067.700000000005,-96.96666666666674,0.24,9.253333333333334,14.0,-5328.200000000002,0,5328.200000000002,0.0,5328.200000000002,-380.5857142857144,0.0,9.285714285714286
R0532,14,2.0,24,0.382,pullback,short,fixed_sl_atr_tp,12.0,16.0,96,0.7,1.5,1.0,24,74.0,-8718.700000000006,17796.30000000001,26514.999999999975,0.6711785781633048,10061.100000000008,-117.82027027027036,0.32432432432432434,10.68918918918919,21.0,-1379.8,5794.599999999999,7174.4000000000015,0.8076772970561996,5170.6,-65.70476190476191,0.38095238095238093,14.857142857142858
R0545,14,2.0,24,0.5,pullback,short,atr_sl_fixed_tp,8.0,20.0,96,0.7,1.25,1.0,24,70.0,-7103.500000000011,14470.200000000008,21573.699999999983,0.6707333466211183,7103.500000000011,-101.47857142857158,0.3,9.257142857142858,13.0,-5324.4000000000015,0,5324.4000000000015,0.0,5324.4000000000015,-409.5692307692309,0.0,9.23076923076923
R0022,10,1.5,12,0.382,pullback,short,atr_sl_fixed_tp,10.0,24.0,96,0.7,1.5,1.0,24,77.0,-9392.6,18968.600000000013,28361.19999999998,0.6688221937012547,12306.300000000003,-121.98181818181818,0.36363636363636365,12.337662337662337,27.0,-1140.1,8362.0,9502.1,0.8800159964639395,4888.0,-42.22592592592592,0.37037037037037035,14.777777777777779
R0132,10,1.5,24,0.5,pullback,short,fixed_sl_atr_tp,10.0,24.0,96,0.7,1.5,1.0,24,63.0,-7101.900000000006,14322.900000000007,21424.79999999998,0.6685196594600659,7728.0000000000055,-112.72857142857153,0.2698412698412698,11.031746031746032,18.0,-1368.4,4743.5,6111.9000000000015,0.7761089023053386,2328.2000000000003,-76.02222222222223,0.2777777777777778,13.055555555555555
R0255,10,2.0,24,0.5,pullback,short,fixed_sl_atr_tp,8.0,16.0,96,0.7,1.25,1.0,24,80.0,-7529.000000000009,15078.900000000009,22607.899999999976,0.6669748185368842,7921.400000000009,-94.11250000000011,0.275,8.1125,14.0,-5328.200000000002,0,5328.200000000002,0.0,5328.200000000002,-380.5857142857144,0.0,9.285714285714286
R0519,14,2.0,24,0.382,pullback,short,fixed_sl_atr_tp,10.0,16.0,96,0.7,1.25,1.0,24,78.0,-8446.400000000007,16891.40000000001,25337.799999999974,0.666648248861386,9788.800000000008,-108.28717948717957,0.28205128205128205,9.14102564102564,21.0,1020.1999999999998,6590.799999999999,5570.600000000001,1.1831400567263846,2770.6000000000004,48.580952380952375,0.42857142857142855,14.047619047619047
R0569,14,2.0,24,0.5,pullback,short,atr_sl_fixed_tp,12.0,20.0,96,0.7,1.25,1.0,24,60.0,-7740.500000000009,15466.400000000009,23206.899999999983,0.6664569589217009,7740.500000000009,-129.0083333333335,0.36666666666666664,12.183333333333334,11.0,-4329.3,996.2,5325.500000000001,0.1870622476762745,4329.3,-393.57272727272726,0.09090909090909091,14.363636363636363
R0128,10,1.5,24,0.5,pullback,short,fixed_sl_atr_tp,10.0,20.0,96,0.7,1.5,1.0,24,63.0,-7039.400000000007,14031.600000000008,21070.99999999998,0.6659199848132514,8237.800000000007,-111.73650793650805,0.2857142857142857,10.53968253968254,18.0,-1968.3999999999999,4143.5,6111.9000000000015,0.6779397568677497,2728.2,-109.35555555555555,0.2777777777777778,12.88888888888889
R0393,14,1.5,24,0.382,pullback,short,atr_sl_fixed_tp,12.0,24.0,96,0.7,1.25,1.0,24,69.0,-9074.700000000004,18050.10000000001,27124.799999999977,0.665446381171475,10011.700000000004,-131.51739130434788,0.3333333333333333,12.72463768115942,24.0,-1741.2000000000005,7403.299999999999,9144.5,0.8095904642134616,6702.1,-72.55000000000003,0.375,16.625
R0010,10,1.5,12,0.382,pullback,short,atr_sl_fixed_tp,8.0,24.0,96,0.7,1.5,1.0,24,82.0,-8974.1,17826.20000000001,26800.299999999974,0.6651492707171199,11984.000000000002,-109.44024390243902,0.3170731707317073,11.012195121951219,28.0,306.099999999999,8362.0,8055.900000000002,1.037996995990516,3938.0000000000005,10.932142857142821,0.35714285714285715,13
R0220,10,2.0,24,0.382,pullback,short,fixed_sl_atr_tp,8.0,16.0,96,0.7,1.5,1.0,24,80.0,-7729.000000000008,15224.000000000007,22952.999999999975,0.6632684180717128,9071.400000000009,-96.6125000000001,0.25,8.675,23.0,12.600000000000477,6069.599999999999,6057.000000000002,1.0020802377414557,2841.7999999999997,0.5478260869565424,0.34782608695652173,12.608695652173912
R0285,10,2.0,24,0.5,pullback,short,atr_sl_fixed_tp,12.0,24.0,96,0.7,1.25,1.0,24,60.0,-7940.500000000004,15620.20000000001,23560.699999999983,0.6629769064586375,9025.900000000003,-132.34166666666673,0.35,13.483333333333333,12.0,-4733.1,1196.2,5929.300000000001,0.2017438820771423,4733.1,-394.425,0.08333333333333333,15.083333333333334
R0542,14,2.0,24,0.5,pullback,short,atr_sl_fixed_tp,8.0,16.0,96,0.7,1.5,1.0,24,68.0,-7333.4000000000115,14425.100000000008,21758.49999999998,0.6629638991658441,8129.600000000011,-107.844117647059,0.3382352941176471,9.411764705882353,12.0,-4933.100000000001,0,4933.100000000001,0.0,4933.100000000001,-411.09166666666675,0.0,10.916666666666666
R0556,14,2.0,24,0.5,pullback,short,fixed_sl_atr_tp,10.0,16.0,96,0.7,1.5,1.0,24,68.0,-7520.900000000011,14732.700000000008,22253.59999999998,0.6620367041737076,7520.900000000011,-110.60147058823544,0.3088235294117647,9.779411764705882,13.0,-3786.9000000000005,1179.9,4966.800000000001,0.23755738100990573,3786.9000000000005,-291.30000000000007,0.15384615384615385,11.692307692307692
R0272,10,2.0,24,0.5,pullback,short,fixed_sl_atr_tp,10.0,20.0,96,0.7,1.5,1.0,24,68.0,-7708.400000000007,15049.00000000001,22757.39999999998,0.661279408016734,8200.800000000007,-113.35882352941186,0.29411764705882354,10.602941176470589,14.0,-4090.7000000000007,1379.9,5470.600000000001,0.2522392424962527,4090.7000000000007,-292.1928571428572,0.14285714285714285,12.571428571428571
R0125,10,1.5,24,0.5,pullback,short,atr_sl_fixed_tp,10.0,20.0,96,0.7,1.25,1.0,24,63.0,-7514.400000000009,14670.200000000008,22184.599999999984,0.6612785445759679,8553.00000000001,-119.27619047619062,0.3333333333333333,10.476190476190476,17.0,-1552.0999999999997,4143.5,5695.600000000001,0.7274913968677574,2186.8999999999996,-91.29999999999998,0.29411764705882354,14.058823529411764
R0278,10,2.0,24,0.5,pullback,short,atr_sl_fixed_tp,12.0,16.0,96,0.7,1.5,1.0,24,64.0,-8643.200000000004,16813.700000000008,25456.899999999983,0.6604771201521009,10803.600000000006,-135.05000000000007,0.40625,12.234375,12.0,-5583.1,796.2,6379.300000000001,0.12480993212421423,5583.1,-465.2583333333334,0.08333333333333333,15.583333333333334
R0384,14,1.5,24,0.382,pullback,short,fixed_sl_atr_tp,10.0,24.0,96,0.7,1.5,1.0,24,76.0,-8926.300000000007,17269.100000000006,26195.399999999972,0.6592416989242396,9743.700000000008,-117.45131578947377,0.23684210526315788,10.157894736842104,24.0,-966.2,6440.799999999999,7407.000000000002,0.8695558255704061,5214.6,-40.25833333333333,0.375,15.791666666666666
R0363,14,1.5,24,0.382,pullback,short,fixed_sl_atr_tp,8.0,16.0,96,0.7,1.25,1.0,24,81.0,-7745.300000000009,14974.000000000007,22719.299999999974,0.6590872077924946,9087.70000000001,-95.6209876543211,0.24691358024691357,8.358024691358025,30.0,511.0000000000008,8183.199999999999,7672.200000000003,1.0666041031255697,3634.2,17.03333333333336,0.36666666666666664,10.033333333333333
R0548,14,2.0,24,0.5,pullback,short,fixed_sl_atr_tp,8.0,20.0,96,0.7,1.5,1.0,24,71.0,-7032.30000000001,13556.600000000008,20588.89999999998,0.6584421702956458,7032.30000000001,-99.04647887323958,0.2535211267605634,8.746478873239436,13.0,-4924.4000000000015,0,4924.4000000000015,0.0,4924.4000000000015,-378.8000000000001,0.0,8.384615384615385
R0549,14,2.0,24,0.5,pullback,short,atr_sl_fixed_tp,8.0,24.0,96,0.7,1.25,1.0,24,67.0,-7292.10000000001,14031.600000000008,21323.699999999983,0.6580283909452871,7292.10000000001,-108.83731343283597,0.26865671641791045,9.82089552238806,13.0,-5324.4000000000015,0,5324.4000000000015,0.0,5324.4000000000015,-409.5692307692309,0.0,9.23076923076923
R0136,10,1.5,24,0.5,pullback,short,fixed_sl_atr_tp,12.0,16.0,96,0.7,1.5,1.0,24,63.0,-7976.900000000008,15195.200000000008,23172.09999999998,0.6557541180989216,8715.500000000007,-126.61746031746044,0.3333333333333333,10.88888888888889,16.0,-3035.7999999999993,3184.8,6220.600000000001,0.5119763366877792,3420.5999999999995,-189.73749999999995,0.25,12.9375
R0520,14,2.0,24,0.382,pullback,short,fixed_sl_atr_tp,10.0,16.0,96,0.7,1.5,1.0,24,76.0,-8588.800000000007,16245.200000000008,24833.999999999975,0.654151566400903,9931.200000000008,-113.01052631578956,0.27631578947368424,9.473684210526315,21.0,-279.80000000000075,5794.599999999999,6074.4000000000015,0.9539378374818909,4270.6,-13.32380952380956,0.38095238095238093,14.19047619047619
R0262,10,2.0,24,0.5,pullback,short,atr_sl_fixed_tp,8.0,24.0,96,0.7,1.5,1.0,24,66.0,-7950.800000000006,14965.300000000008,22916.09999999998,0.6530474208089518,8530.800000000005,-120.46666666666675,0.2878787878787879,10.924242424242424,13.0,-5336.9000000000015,0,5336.9000000000015,0.0,5336.9000000000015,-410.53076923076935,0.0,11.692307692307692
R0277,10,2.0,24,0.5,pullback,short,atr_sl_fixed_tp,12.0,16.0,96,0.7,1.25,1.0,24,65.0,-8547.000000000004,16017.50000000001,24564.49999999998,0.6520588654358941,8739.400000000003,-131.49230769230775,0.38461538461538464,11.907692307692308,12.0,-5133.1,796.2,5929.300000000001,0.13428229301941205,5133.1,-427.7583333333334,0.08333333333333333,15
R0090,10,1.5,24,0.382,pullback,short,atr_sl_fixed_tp,10.0,20.0,96,0.7,1.5,1.0,24,71.0,-9507.300000000003,17691.40000000001,27198.699999999975,0.6504502053406973,11049.700000000004,-133.90563380281694,0.30985915492957744,10.971830985915492,24.0,-228.70000000000005,7599.499999999999,7828.200000000002,0.9707851102424564,4589.6,-9.529166666666669,0.4166666666666667,15.916666666666666
R0555,14,2.0,24,0.5,pullback,short,fixed_sl_atr_tp,10.0,16.0,96,0.7,1.25,1.0,24,70.0,-8028.500000000012,14728.900000000009,22757.39999999998,0.6472136535808143,8028.500000000012,-114.6928571428573,0.3142857142857143,9.371428571428572,13.0,-3786.9000000000005,1179.9,4966.800000000001,0.23755738100990573,3786.9000000000005,-291.30000000000007,0.15384615384615385,11.692307692307692
R0546,14,2.0,24,0.5,pullback,short,atr_sl_fixed_tp,8.0,20.0,96,0.7,1.5,1.0,24,67.0,-7892.10000000001,14470.200000000008,22362.29999999998,0.6470801303980369,7892.10000000001,-117.79253731343299,0.31343283582089554,9.91044776119403,12.0,-4933.100000000001,0,4933.100000000001,0.0,4933.100000000001,-411.09166666666675,0.0,10.916666666666666
R0380,14,1.5,24,0.382,pullback,short,fixed_sl_atr_tp,10.0,20.0,96,0.7,1.5,1.0,24,77.0,-9392.600000000004,17127.800000000007,26520.399999999972,0.6458349044509142,10935.000000000005,-121.98181818181823,0.24675324675324675,9.64935064935065,24.0,-1566.2,5840.799999999999,7407.000000000002,0.7885513703253676,5414.6,-65.25833333333334,0.375,15.75
R0570,14,2.0,24,0.5,pullback,short,atr_sl_fixed_tp,12.0,20.0,96,0.7,1.5,1.0,24,58.0,-8482.900000000005,15466.400000000009,23949.299999999985,0.6457975807226106,8482.900000000005,-146.25689655172422,0.3793103448275862,12.844827586206897,11.0,-4779.3,996.2,5775.500000000001,0.17248723054281012,4779.3,-434.4818181818182,0.09090909090909091,15
R0559,14,2.0,24,0.5,pullback,short,fixed_sl_atr_tp,10.0,20.0,96,0.7,1.25,1.0,24,67.0,-8079.60000000001,14677.800000000008,22757.39999999998,0.6449682301141616,8079.60000000001,-120.59104477611956,0.2835820895522388,10.08955223880597,13.0,-3586.9000000000005,1379.9,4966.800000000001,0.27782475638237897,3586.9000000000005,-275.91538461538465,0.15384615384615385,11.76923076923077
R0263,10,2.0,24,0.5,pullback,short,fixed_sl_atr_tp,8.0,24.0,96,0.7,1.25,1.0,24,75.0,-7872.500000000007,14281.600000000008,22154.099999999977,0.6446481689619539,8367.700000000006,-104.96666666666677,0.24,9.24,14.0,-5328.200000000002,0,5328.200000000002,0.0,5328.200000000002,-380.5857142857144,0.0,9.285714285714286
R0086,10,1.5,24,0.382,pullback,short,atr_sl_fixed_tp,10.0,16.0,96,0.7,1.5,1.0,24,73.0,-9489.900000000005,17205.000000000007,26694.899999999976,0.6445051301934086,10832.300000000007,-129.99863013698638,0.3424657534246575,10.068493150684931,26.0,751.2000000000003,8579.4,7828.200000000002,1.0959607572622057,3047.2,28.892307692307703,0.46153846153846156,13.192307692307692
R0431,14,1.5,24,0.5,pullback,short,fixed_sl_atr_tp,12.0,24.0,96,0.7,1.25,1.0,24,61.0,-7944.300000000004,14374.00000000001,22318.29999999998,0.6440454694129939,8761.700000000004,-130.23442622950827,0.32786885245901637,12.934426229508198,16.0,-1860.7999999999993,4359.8,6220.600000000001,0.7008648683406744,2620.5999999999995,-116.29999999999995,0.25,15.125
R0389,14,1.5,24,0.382,pullback,short,atr_sl_fixed_tp,12.0,20.0,96,0.7,1.25,1.0,24,70.0,-9603.500000000002,17371.30000000001,26974.799999999977,0.6439825318445374,11145.900000000003,-137.19285714285718,0.34285714285714286,12.242857142857142,24.0,-791.1999999999998,7599.499999999999,8390.7,0.9057051259132133,5152.099999999999,-32.96666666666666,0.4166666666666667,16.458333333333332
R0276,10,2.0,24,0.5,pullback,short,fixed_sl_atr_tp,10.0,24.0,96,0.7,1.5,1.0,24,67.0,-8229.600000000006,14881.600000000008,23111.19999999998,0.6439129080272777,8532.400000000005,-122.82985074626875,0.26865671641791045,11.08955223880597,14.0,-3890.7000000000007,1579.9,5470.600000000001,0.288798303659562,4079.3000000000006,-277.9071428571429,0.14285714285714285,12.571428571428571
R0286,10,2.0,24,0.5,pullback,short,atr_sl_fixed_tp,12.0,24.0,96,0.7,1.5,1.0,24,58.0,-8682.900000000003,15620.20000000001,24303.099999999984,0.6427245906900774,11125.900000000005,-149.70517241379315,0.3620689655172414,14.172413793103448,12.0,-5183.1,1196.2,6379.300000000001,0.18751273650714026,5183.1,-431.925,0.08333333333333333,15.666666666666666
R0544,14,2.0,24,0.5,pullback,short,fixed_sl_atr_tp,8.0,16.0,96,0.7,1.5,1.0,24,73.0,-7502.400000000011,13490.300000000007,20992.69999999998,0.6426186245694941,7502.400000000011,-102.77260273972617,0.2602739726027397,8.219178082191782,13.0,-4924.4000000000015,0,4924.4000000000015,0.0,4924.4000000000015,-378.8000000000001,0.0,8.384615384615385
R0142,10,1.5,24,0.5,pullback,short,atr_sl_fixed_tp,12.0,24.0,96,0.7,1.5,1.0,24,54.0,-8080.2000000000035,14515.300000000008,22595.499999999985,0.6423978225752923,8626.400000000003,-149.6333333333334,0.35185185185185186,13.962962962962964,16.0,-2760.7999999999993,4359.8,7120.600000000001,0.6122798640563997,3220.5999999999995,-172.54999999999995,0.25,15.4375
R0554,14,2.0,24,0.5,pullback,short,atr_sl_fixed_tp,10.0,16.0,96,0.7,1.5,1.0,24,62.0,-8048.1000000000095,14425.100000000008,22473.199999999986,0.6418801060819116,8048.1000000000095,-129.80806451612918,0.3709677419354839,10.983870967741936,12.0,-3745.6000000000004,1179.9,4925.500000000001,0.23954928433661554,3745.6000000000004,-312.1333333333334,0.16666666666666666,13.416666666666666
R0562,14,2.0,24,0.5,pullback,short,atr_sl_fixed_tp,10.0,24.0,96,0.7,1.5,1.0,24,58.0,-7920.400000000006,14152.800000000008,22073.199999999986,0.6411757244078801,7920.400000000006,-136.55862068965527,0.3275862068965517,12.241379310344827,12.0,-3345.5999999999995,1579.9,4925.500000000001,0.3207593137752512,3345.5999999999995,-278.79999999999995,0.16666666666666666,13.5
R0547,14,2.0,24,0.5,pullback,short,fixed_sl_atr_tp,8.0,20.0,96,0.7,1.25,1.0,24,72.0,-7561.10000000001,13431.600000000008,20992.69999999998,0.6398224144583603,7561.10000000001,-105.01527777777792,0.25,8.555555555555555,13.0,-4924.4000000000015,0,4924.4000000000015,0.0,4924.4000000000015,-378.8000000000001,0.0,8.384615384615385
R0243,10,2.0,24,0.382,pullback,short,fixed_sl_atr_tp,12.0,16.0,96,0.7,1.25,1.0,24,77.0,-10255.100000000004,18192.50000000001,28447.599999999973,0.6395091325806054,11597.500000000005,-133.18311688311692,0.3246753246753247,10.493506493506494,21.0,-104.79999999999995,6465.799999999999,6570.600000000001,0.9840501628466195,3332.0,-4.990476190476189,0.42857142857142855,15.238095238095237
R0033,10,1.5,12,0.382,pullback,short,atr_sl_fixed_tp,12.0,24.0,96,0.7,1.25,1.0,24,76.0,-10726.299999999997,18968.600000000013,29694.899999999976,0.6387830906990772,13699.199999999999,-141.13552631578943,0.3684210526315789,12.947368421052632,25.0,-732.5000000000002,8362.0,9094.5,0.9194568145582495,4222.2,-29.300000000000008,0.4,16.24
R0552,14,2.0,24,0.5,pullback,short,fixed_sl_atr_tp,8.0,24.0,96,0.7,1.5,1.0,24,68.0,-7295.90000000001,12839.200000000006,20135.09999999998,0.6376526563066495,7295.90000000001,-107.29264705882368,0.23529411764705882,9.220588235294118,13.0,-4924.4000000000015,0,4924.4000000000015,0.0,4924.4000000000015,-378.8000000000001,0.0,8.384615384615385
R0118,10,1.5,24,0.5,pullback,short,atr_sl_fixed_tp,8.0,24.0,96,0.7,1.5,1.0,24,62.0,-7635.600000000004,13381.600000000008,21017.199999999983,0.6366975619968416,8361.700000000004,-123.15483870967748,0.2903225806451613,10.806451612903226,17.0,-2714.6000000000004,3163.6000000000004,5878.200000000002,0.5381919635262494,2882.0000000000005,-159.6823529411765,0.17647058823529413,12.352941176470589
R0373,14,1.5,24,0.382,pullback,short,atr_sl_fixed_tp,10.0,16.0,96,0.7,1.25,1.0,24,78.0,-9883.900000000001,17205.000000000007,27088.899999999976,0.6351309946140309,11226.300000000003,-126.71666666666668,0.32051282051282054,9.461538461538462,26.0,1138.7000000000003,8579.4,7440.700000000002,1.153036676656766,2910.3,43.79615384615386,0.46153846153846156,12.961538461538462
R0361,14,1.5,24,0.382,pullback,short,atr_sl_fixed_tp,8.0,16.0,96,0.7,1.25,1.0,24,81.0,-9007.800000000007,15612.600000000008,24620.399999999976,0.634132670468393,10350.200000000008,-111.20740740740749,0.2839506172839506,8.604938271604938,28.0,318.60000000000065,7783.199999999999,7464.600000000002,1.0426814564745595,3026.6,11.378571428571451,0.39285714285714285,11.035714285714286
R0141,10,1.5,24,0.5,pullback,short,atr_sl_fixed_tp,12.0,24.0,96,0.7,1.25,1.0,24,57.0,-8391.600000000004,14515.300000000008,22906.899999999983,0.6336649655780581,8937.800000000005,-147.22105263157903,0.3333333333333333,12.964912280701755,16.0,-2310.7999999999993,4359.8,6670.600000000001,0.6535843852127244,2920.5999999999995,-144.42499999999995,0.25,15
R0364,14,1.5,24,0.382,pullback,short,fixed_sl_atr_tp,8.0,16.0,96,0.7,1.5,1.0,24,79.0,-8187.700000000009,14127.800000000007,22315.499999999975,0.633093589657414,9530.10000000001,-103.64177215189885,0.24050632911392406,8.670886075949367,30.0,-688.9999999999995,7386.999999999999,8076.000000000003,0.9146854878652794,4060.8,-22.96666666666665,0.3333333333333333,10.1
R0283,10,2.0,24,0.5,pullback,short,fixed_sl_atr_tp,12.0,20.0,96,0.7,1.25,1.0,24,67.0,-9354.600000000004,16132.70000000001,25487.299999999977,0.63297014591581,9747.000000000004,-139.6208955223881,0.31343283582089554,11.35820895522388,12.0,-4483.1,996.2,5479.300000000001,0.18181154527038124,4483.1,-373.5916666666667,0.08333333333333333,14.916666666666666
R0231,10,2.0,24,0.382,pullback,short,fixed_sl_atr_tp,10.0,16.0,96,0.7,1.25,1.0,24,80.0,-9916.5,17066.40000000001,26982.899999999972,0.6324894655504051,11258.900000000001,-123.95625,0.275,9.1125,21.0,895.2,6465.799999999999,5570.600000000001,1.1607008221735535,2559.2,42.62857142857143,0.42857142857142855,14.571428571428571
R0244,10,2.0,24,0.382,pullback,short,fixed_sl_atr_tp,12.0,16.0,96,0.7,1.5,1.0,24,76.0,-10476.300000000001,17971.30000000001,28447.599999999973,0.6317334326973111,11818.700000000003,-137.84605263157897,0.3157894736842105,10.723684210526315,21.0,295.20000000000005,6865.799999999999,6570.600000000001,1.0449274038900553,3132.0,14.057142857142859,0.42857142857142855,15.285714285714286
R0553,14,2.0,24,0.5,pullback,short,atr_sl_fixed_tp,10.0,16.0,96,0.7,1.25,1.0,24,66.0,-8438.300000000003,14425.100000000008,22863.399999999983,0.6309254091692407,9234.500000000004,-127.85303030303035,0.3484848484848485,9.969696969696969,12.0,-3370.6000000000004,1179.9,4550.500000000001,0.2592901878914405,3370.6000000000004,-280.8833333333334,0.16666666666666666,13.25
R0074,10,1.5,24,0.382,pullback,short,atr_sl_fixed_tp,8.0,16.0,96,0.7,1.5,1.0,24,76.0,-9138.800000000005,15612.600000000008,24751.399999999976,0.6307764409285949,10481.200000000006,-120.2473684210527,0.3026315789473684,9.026315789473685,28.0,143.6000000000007,7783.199999999999,7639.600000000002,1.0187967956437505,2801.6,5.128571428571454,0.39285714285714285,11.392857142857142
R0131,10,1.5,24,0.5,pullback,short,fixed_sl_atr_tp,10.0,24.0,96,0.7,1.25,1.0,24,63.0,-8001.900000000006,13422.900000000007,21424.79999999998,0.6265122661588448,8628.000000000005,-127.0142857142858,0.2698412698412698,11,18.0,-1368.4,4743.5,6111.9000000000015,0.7761089023053386,2328.2000000000003,-76.02222222222223,0.2777777777777778,13.055555555555555
R0075,10,1.5,24,0.382,pullback,short,fixed_sl_atr_tp,8.0,16.0,96,0.7,1.25,1.0,24,78.0,-8333.900000000007,13977.800000000007,22311.699999999975,0.6264784843826343,9676.300000000008,-106.84487179487188,0.24358974358974358,8.320512820512821,29.0,789.8000000000008,8058.199999999999,7268.400000000002,1.1086621539816186,3230.3999999999996,27.234482758620715,0.3793103448275862,11.206896551724139
R0551,14,2.0,24,0.5,pullback,short,fixed_sl_atr_tp,8.0,24.0,96,0.7,1.25,1.0,24,70.0,-7828.50000000001,13114.200000000006,20942.69999999998,0.6261943302439523,7828.50000000001,-111.83571428571443,0.22857142857142856,8.9,13.0,-4924.4000000000015,0,4924.4000000000015,0.0,4924.4000000000015,-378.8000000000001,0.0,8.384615384615385
R0365,14,1.5,24,0.382,pullback,short,atr_sl_fixed_tp,8.0,20.0,96,0.7,1.25,1.0,24,79.0,-9550.200000000004,15977.800000000007,25527.999999999975,0.6258931369476662,11092.600000000006,-120.88860759493676,0.24050632911392406,9.025316455696203,26.0,-861.2999999999993,6603.299999999999,7464.600000000002,0.8846153846153842,4072.2,-33.12692307692305,0.34615384615384615,13.384615384615385
R0279,10,2.0,24,0.5,pullback,short,fixed_sl_atr_tp,12.0,16.0,96,0.7,1.25,1.0,24,71.0,-9769.800000000003,16321.30000000001,26091.099999999977,0.6255504750662113,9962.200000000003,-137.6028169014085,0.3380281690140845,10.746478873239436,12.0,-4683.1,796.2,5479.300000000001,0.14531053236727318,4683.1,-390.2583333333334,0.08333333333333333,14.833333333333334
R0396,14,1.5,24,0.382,pullback,short,fixed_sl_atr_tp,12.0,24.0,96,0.7,1.5,1.0,24,71.0,-10344.800000000001,17190.300000000007,27535.099999999973,0.6243049780098864,11162.200000000003,-145.70140845070424,0.2676056338028169,11.704225352112676,24.0,-1991.1999999999996,6440.799999999999,8432.000000000002,0.7638519924098669,6139.599999999999,-82.96666666666665,0.375,16.75
R0369,14,1.5,24,0.382,pullback,short,atr_sl_fixed_tp,8.0,24.0,96,0.7,1.25,1.0,24,76.0,-9263.800000000005,15256.600000000008,24520.399999999976,0.622200290370468,10081.200000000006,-121.89210526315796,0.23684210526315788,9.789473684210526,26.0,-1761.3,6207.099999999999,7968.400000000002,0.7789644094171976,5372.200000000001,-67.74230769230769,0.3076923076923077,13.538461538461538
R0097,10,1.5,24,0.382,pullback,short,atr_sl_fixed_tp,12.0,16.0,96,0.7,1.25,1.0,24,71.0,-10219.799999999997,16788.700000000008,27008.499999999978,0.6216080122924272,11562.199999999999,-143.9408450704225,0.36619718309859156,10.985915492957746,26.0,426.2000000000003,8579.4,8153.200000000002,1.0522739537850168,3372.2,16.392307692307703,0.46153846153846156,13.692307692307692
R0573,14,2.0,24,0.5,pullback,short,atr_sl_fixed_tp,12.0,24.0,96,0.7,1.25,1.0,24,57.0,-8654.100000000006,14152.800000000008,22806.899999999983,0.6205490443681526,8654.100000000006,-151.8263157894738,0.3333333333333333,12.964912280701755,11.0,-4129.3,1196.2,5325.500000000001,0.22461740681626136,4129.3,-375.39090909090913,0.09090909090909091,14.363636363636363
R0232,10,2.0,24,0.382,pullback,short,fixed_sl_atr_tp,10.0,16.0,96,0.7,1.5,1.0,24,78.0,-10058.9,16420.200000000008,26479.099999999973,0.6201192638722625,11401.300000000001,-128.9602564102564,0.2692307692307692,9.435897435897436,21.0,1295.1999999999994,6865.799999999999,5570.600000000001,1.2325063727426127,2547.8,61.67619047619045,0.42857142857142855,14.619047619047619
R0566,14,2.0,24,0.5,pullback,short,atr_sl_fixed_tp,12.0,16.0,96,0.7,1.5,1.0,24,61.0,-9331.800000000003,15221.300000000008,24553.099999999984,0.6199339390952677,9331.800000000003,-152.9803278688525,0.39344262295081966,12.081967213114755,11.0,-4979.3,796.2,5775.500000000001,0.13785819409574926,4979.3,-452.6636363636364,0.09090909090909091,14.909090909090908
R0073,10,1.5,24,0.382,pullback,short,atr_sl_fixed_tp,8.0,16.0,96,0.7,1.25,1.0,24,78.0,-9083.900000000005,14816.400000000007,23900.299999999977,0.619925272904525,10426.300000000007,-116.46025641025648,0.28205128205128205,8.512820512820513,28.0,643.6000000000007,7783.199999999999,7139.600000000002,1.0901451061684122,2701.6,22.985714285714312,0.39285714285714285,11.035714285714286
R0094,10,1.5,24,0.382,pullback,short,atr_sl_fixed_tp,10.0,24.0,96,0.7,1.5,1.0,24,70.0,-10441.0,17007.700000000008,27448.699999999975,0.6196176868121267,11258.400000000001,-149.15714285714284,0.3,11.5,24.0,-928.7000000000005,7403.299999999999,8332.000000000002,0.8885381661065768,5889.6,-38.695833333333354,0.375,16.083333333333332
R0101,10,1.5,24,0.382,pullback,short,atr_sl_fixed_tp,12.0,20.0,96,0.7,1.25,1.0,24,69.0,-10537.199999999999,17075.10000000001,27612.299999999977,0.6183874577633889,12079.6,-152.71304347826086,0.3333333333333333,11.855072463768115,24.0,-553.7,7599.499999999999,8153.200000000002,0.9320880145219053,4914.6,-23.070833333333336,0.4166666666666667,16.458333333333332
R0275,10,2.0,24,0.5,pullback,short,fixed_sl_atr_tp,10.0,24.0,96,0.7,1.25,1.0,24,67.0,-8829.600000000006,14281.600000000008,23111.19999999998,0.6179514694174262,8832.400000000005,-131.78507462686576,0.26865671641791045,11.074626865671641,14.0,-3890.7000000000007,1579.9,5470.600000000001,0.288798303659562,4079.3000000000006,-277.9071428571429,0.14285714285714285,12.571428571428571
R0273,10,2.0,24,0.5,pullback,short,atr_sl_fixed_tp,10.0,24.0,96,0.7,1.25,1.0,24,64.0,-8918.200000000006,14424.00000000001,23342.199999999983,0.6179366126586191,8918.200000000006,-139.3468750000001,0.3125,11.78125,13.0,-3474.3999999999996,1579.9,5054.300000000001,0.3125853233880062,3538.0,-267.2615384615384,0.15384615384615385,14.076923076923077
R0557,14,2.0,24,0.5,pullback,short,atr_sl_fixed_tp,10.0,20.0,96,0.7,1.25,1.0,24,65.0,-9022.00000000001,14470.200000000008,23492.199999999983,0.6159576370029209,9022.00000000001,-138.80000000000015,0.3230769230769231,10.476923076923077,12.0,-3170.5999999999995,1379.9,4550.500000000001,0.3032414020437314,3170.5999999999995,-264.21666666666664,0.16666666666666666,13.333333333333334
R0383,14,1.5,24,0.382,pullback,short,fixed_sl_atr_tp,10.0,24.0,96,0.7,1.25,1.0,24,76.0,-10126.300000000005,16069.100000000008,26195.399999999972,0.6134321293051461,10943.700000000006,-133.24078947368426,0.23684210526315788,10.092105263157896,24.0,-966.2,6440.799999999999,7407.000000000002,0.8695558255704061,5214.6,-40.25833333333333,0.375,15.791666666666666
R0105,10,1.5,24,0.382,pullback,short,atr_sl_fixed_tp,12.0,24.0,96,0.7,1.25,1.0,24,68.0,-10833.4,16928.90000000001,27762.299999999977,0.609780169510452,11650.800000000001,-159.31470588235294,0.3235294117647059,12.352941176470589,24.0,-1353.7,7403.299999999999,8757.000000000002,0.845415096494233,6314.6,-56.40416666666667,0.375,16.625
R0560,14,2.0,24,0.5,pullback,short,fixed_sl_atr_tp,10.0,20.0,96,0.7,1.5,1.0,24,65.0,-8697.000000000007,13556.600000000008,22253.59999999998,0.6091868281985845,8697.000000000007,-133.80000000000013,0.27692307692307694,10.461538461538462,13.0,-3586.9000000000005,1379.9,4966.800000000001,0.27782475638237897,3586.9000000000005,-275.91538461538465,0.15384615384615385,11.76923076923077
R0379,14,1.5,24,0.382,pullback,short,fixed_sl_atr_tp,10.0,20.0,96,0.7,1.25,1.0,24,77.0,-10392.599999999997,16127.800000000008,26520.399999999972,0.6081280825326928,11934.999999999998,-134.96883116883112,0.24675324675324675,9.597402597402597,24.0,-553.7000000000005,6853.299999999999,7407.000000000002,0.92524638855137,5414.6,-23.070833333333354,0.375,15.375
R0129,10,1.5,24,0.5,pullback,short,atr_sl_fixed_tp,10.0,24.0,96,0.7,1.25,1.0,24,60.0,-8590.500000000005,13319.100000000008,21909.599999999984,0.6079116003943484,9216.600000000006,-143.1750000000001,0.3,11.35,17.0,-952.0999999999996,4743.5,5695.600000000001,0.8328358733057095,1865.2,-56.00588235294115,0.29411764705882354,14.235294117647058
R0139,10,1.5,24,0.5,pullback,short,fixed_sl_atr_tp,12.0,20.0,96,0.7,1.25,1.0,24,62.0,-9335.6,14440.300000000008,23775.89999999998,0.6073503000937933,10274.2,-150.57419354838711,0.3064516129032258,11.370967741935484,16.0,-2460.7999999999993,3759.8,6220.600000000001,0.6044111500498344,3020.5999999999995,-153.79999999999995,0.25,14.6875
R0565,14,2.0,24,0.5,pullback,short,atr_sl_fixed_tp,12.0,16.0,96,0.7,1.25,1.0,24,62.0,-9385.600000000008,14425.100000000008,23810.699999999983,0.60582427228095,9385.600000000008,-151.38064516129046,0.3709677419354839,11.741935483870968,11.0,-4529.3,796.2,5325.500000000001,0.14950708853628766,4529.3,-411.75454545454545,0.09090909090909091,14.272727272727273
R0280,10,2.0,24,0.5,pullback,short,fixed_sl_atr_tp,12.0,16.0,96,0.7,1.5,1.0,24,69.0,-10299.7,15791.400000000009,26091.099999999977,0.6052408675755343,10492.1,-149.27101449275364,0.3188405797101449,10.956521739130435,12.0,-4683.1,796.2,5479.300000000001,0.14531053236727318,4683.1,-390.2583333333334,0.08333333333333333,14.833333333333334
R0574,14,2.0,24,0.5,pullback,short,atr_sl_fixed_tp,12.0,24.0,96,0.7,1.5,1.0,24,55.0,-9246.500000000004,14152.800000000008,23399.299999999985,0.6048386062830947,9246.500000000004,-168.11818181818188,0.34545454545454546,13.672727272727272,11.0,-4579.3,1196.2,5775.500000000001,0.20711626698987098,4579.3,-416.3,0.09090909090909091,15
R0543,14,2.0,24,0.5,pullback,short,fixed_sl_atr_tp,8.0,16.0,96,0.7,1.25,1.0,24,73.0,-8302.400000000012,12690.300000000005,20992.69999999998,0.6045101392388791,8302.400000000012,-113.73150684931524,0.2602739726027397,8.219178082191782,13.0,-4924.4000000000015,0,4924.4000000000015,0.0,4924.4000000000015,-378.8000000000001,0.0,8.384615384615385
R0077,10,1.5,24,0.382,pullback,short,atr_sl_fixed_tp,8.0,20.0,96,0.7,1.25,1.0,24,76.0,-9826.3,14981.600000000006,24807.899999999976,0.603904401420516,11368.7,-129.29342105263157,0.23684210526315788,8.947368421052632,26.0,-536.2999999999995,6603.299999999999,7139.600000000002,0.9248837469886264,3747.2,-20.626923076923056,0.34615384615384615,13.384615384615385
R0432,14,1.5,24,0.5,pullback,short,fixed_sl_atr_tp,12.0,24.0,96,0.7,1.5,1.0,24,60.0,-8840.500000000004,13477.800000000008,22318.29999999998,0.6038900812337866,9657.900000000005,-147.34166666666673,0.31666666666666665,13.333333333333334,16.0,-1860.7999999999993,4359.8,6220.600000000001,0.7008648683406744,2620.5999999999995,-116.29999999999995,0.25,15.125
R0096,10,1.5,24,0.382,pullback,short,fixed_sl_atr_tp,10.0,24.0,96,0.7,1.5,1.0,24,73.0,-10214.900000000005,15472.900000000007,25687.799999999974,0.6023443035215169,11032.300000000007,-139.93013698630145,0.2328767123287671,10.150684931506849,24.0,-641.2000000000003,6440.799999999999,7082.000000000002,0.9094606043490536,4889.6,-26.71666666666668,0.375,15.791666666666666
R0092,10,1.5,24,0.382,pullback,short,fixed_sl_atr_tp,10.0,20.0,96,0.7,1.5,1.0,24,74.0,-10381.2,15631.600000000008,26012.799999999974,0.6009195472997918,11923.600000000002,-140.2864864864865,0.24324324324324326,9.621621621621621,24.0,258.8000000000002,6836.999999999999,6578.200000000002,1.0393420692590674,3589.5999999999995,10.78333333333334,0.4166666666666667,15.625
R0550,14,2.0,24,0.5,pullback,short,atr_sl_fixed_tp,8.0,24.0,96,0.7,1.5,1.0,24,64.0,-9018.20000000001,13497.900000000007,22516.09999999998,0.5994777070629469,9018.20000000001,-140.90937500000015,0.265625,10.28125,12.0,-4933.100000000001,0,4933.100000000001,0.0,4933.100000000001,-411.09166666666675,0.0,10.916666666666666
R0284,10,2.0,24,0.5,pullback,short,fixed_sl_atr_tp,12.0,20.0,96,0.7,1.5,1.0,24,67.0,-10454.6,15636.50000000001,26091.099999999977,0.5993039772182861,10847.0,-156.03880597014927,0.29850746268656714,11.298507462686567,12.0,-4483.1,996.2,5479.300000000001,0.18181154527038124,4483.1,-373.5916666666667,0.08333333333333333,14.916666666666666
R0366,14,1.5,24,0.382,pullback,short,atr_sl_fixed_tp,8.0,20.0,96,0.7,1.5,1.0,24,76.0,-10801.299999999996,15977.800000000007,26779.099999999973,0.5966518665675853,12343.699999999997,-142.12236842105258,0.25,9.81578947368421,26.0,-1461.299999999999,6603.299999999999,8064.600000000002,0.8188006844728811,4572.199999999999,-56.203846153846115,0.34615384615384615,13.76923076923077
R0370,14,1.5,24,0.382,pullback,short,atr_sl_fixed_tp,8.0,24.0,96,0.7,1.5,1.0,24,73.0,-10314.900000000001,15256.600000000008,25571.499999999975,0.5966251490917632,11132.300000000003,-141.3,0.2465753424657534,10.643835616438356,26.0,-2461.3,6207.099999999999,8668.400000000001,0.7160606340270406,5972.200000000001,-94.66538461538462,0.3076923076923077,13.923076923076923
R0567,14,2.0,24,0.5,pullback,short,fixed_sl_atr_tp,12.0,16.0,96,0.7,1.25,1.0,24,67.0,-10154.600000000004,14728.900000000009,24883.499999999978,0.5919143207346242,10154.600000000004,-151.5611940298508,0.3283582089552239,10.73134328358209,11.0,-4079.3,796.2,4875.500000000001,0.16330632755614807,4079.3,-370.8454545454546,0.09090909090909091,14.090909090909092
R0081,10,1.5,24,0.382,pullback,short,atr_sl_fixed_tp,8.0,24.0,96,0.7,1.25,1.0,24,73.0,-9739.900000000003,14060.400000000007,23800.299999999977,0.5907656626176989,10557.300000000005,-133.4232876712329,0.2328767123287671,9.753424657534246,26.0,-1336.2999999999995,6207.099999999999,7543.400000000002,0.8228517644563457,4947.2,-51.39615384615383,0.3076923076923077,13.5
R0392,14,1.5,24,0.382,pullback,short,fixed_sl_atr_tp,12.0,20.0,96,0.7,1.5,1.0,24,72.0,-11448.599999999997,16511.500000000007,27960.099999999973,0.5905379451432585,12990.999999999998,-159.0083333333333,0.2777777777777778,11.194444444444445,24.0,-2591.2,5840.799999999999,8432.000000000002,0.6926944971536999,6339.599999999999,-107.96666666666665,0.375,16.708333333333332
R0076,10,1.5,24,0.382,pullback,short,fixed_sl_atr_tp,8.0,16.0,96,0.7,1.5,1.0,24,76.0,-8976.300000000005,12931.600000000006,21907.899999999976,0.5902710894243638,10318.700000000006,-118.10921052631585,0.23684210526315788,8.644736842105264,29.0,1189.8000000000009,8458.199999999999,7268.400000000002,1.1636948984645858,3230.3999999999996,41.02758620689658,0.3793103448275862,11.241379310344827
R0377,14,1.5,24,0.382,pullback,short,atr_sl_fixed_tp,10.0,20.0,96,0.7,1.25,1.0,24,75.0,-11672.49999999999,16549.000000000007,28221.499999999975,0.5863968959835594,13214.899999999992,-155.6333333333332,0.26666666666666666,10.293333333333333,24.0,158.79999999999995,7599.499999999999,7440.700000000002,1.0213420780302924,4327.1,6.6166666666666645,0.4166666666666667,15.666666666666666
R0078,10,1.5,24,0.382,pullback,short,atr_sl_fixed_tp,8.0,20.0,96,0.7,1.5,1.0,24,74.0,-10731.199999999999,15027.800000000007,25758.999999999975,0.5833999767071711,12273.6,-145.0162162162162,0.25675675675675674,9.702702702702704,26.0,-1036.299999999999,6603.299999999999,7639.600000000002,0.8643515367296714,4147.199999999999,-39.85769230769227,0.34615384615384615,13.76923076923077
R0571,14,2.0,24,0.5,pullback,short,fixed_sl_atr_tp,12.0,20.0,96,0.7,1.25,1.0,24,63.0,-10139.400000000003,14140.300000000008,24279.69999999998,0.582391874693675,10139.400000000003,-160.9428571428572,0.30158730158730157,11.285714285714286,11.0,-3879.3,996.2,4875.500000000001,0.20432776125525584,3879.3,-352.6636363636364,0.09090909090909091,14.181818181818182
R0140,10,1.5,24,0.5,pullback,short,fixed_sl_atr_tp,12.0,20.0,96,0.7,1.5,1.0,24,62.0,-10185.599999999999,14194.100000000008,24379.69999999998,0.5822097892919117,11124.199999999999,-164.2838709677419,0.2903225806451613,11.32258064516129,16.0,-2460.7999999999993,3759.8,6220.600000000001,0.6044111500498344,3020.5999999999995,-153.79999999999995,0.25,14.6875
R0085,10,1.5,24,0.382,pullback,short,atr_sl_fixed_tp,10.0,16.0,96,0.7,1.25,1.0,24,75.0,-11222.500000000002,15612.600000000008,26835.099999999977,0.5817977201501027,12564.900000000003,-149.63333333333335,0.30666666666666664,9.44,26.0,1376.1999999999998,8579.4,7203.200000000002,1.1910539760106615,2672.8,52.93076923076922,0.46153846153846156,12.961538461538462
R0564,14,2.0,24,0.5,pullback,short,fixed_sl_atr_tp,10.0,24.0,96,0.7,1.5,1.0,24,63.0,-9264.400000000007,12839.200000000006,22103.59999999998,0.5808646555312265,9264.400000000007,-147.05396825396835,0.25396825396825395,10.88888888888889,13.0,-3386.9000000000005,1579.9,4966.800000000001,0.3180921317548522,3575.5000000000005,-260.5307692307693,0.15384615384615385,11.76923076923077
R0395,14,1.5,24,0.382,pullback,short,fixed_sl_atr_tp,12.0,24.0,96,0.7,1.25,1.0,24,71.0,-11544.8,15990.300000000008,27535.099999999973,0.5807242392437297,12362.2,-162.60281690140843,0.2676056338028169,11.647887323943662,24.0,-1991.1999999999996,6440.799999999999,8432.000000000002,0.7638519924098669,6139.599999999999,-82.96666666666665,0.375,16.75
R0563,14,2.0,24,0.5,pullback,short,fixed_sl_atr_tp,10.0,24.0,96,0.7,1.25,1.0,24,64.0,-9493.200000000006,13114.200000000006,22607.39999999998,0.5800843971442987,9493.200000000006,-148.3312500000001,0.25,10.671875,13.0,-3386.9000000000005,1579.9,4966.800000000001,0.3180921317548522,3575.5000000000005,-260.5307692307693,0.15384615384615385,11.76923076923077
R0561,14,2.0,24,0.5,pullback,short,atr_sl_fixed_tp,10.0,24.0,96,0.7,1.25,1.0,24,61.0,-9631.800000000008,12956.600000000008,22588.399999999983,0.5735952967009623,9631.800000000008,-157.89836065573783,0.29508196721311475,11.344262295081966,12.0,-2970.5999999999995,1579.9,4550.500000000001,0.3471926161960224,3034.2,-247.54999999999995,0.16666666666666666,13.333333333333334
R0108,10,1.5,24,0.382,pullback,short,fixed_sl_atr_tp,12.0,24.0,96,0.7,1.5,1.0,24,70.0,-11691.000000000002,15665.300000000008,27356.299999999974,0.5726395747963,12508.400000000003,-167.01428571428573,0.2714285714285714,11.585714285714285,24.0,-1566.1999999999996,6440.799999999999,8007.000000000002,0.8043961533658046,5714.599999999999,-65.25833333333331,0.375,16.75
R0091,10,1.5,24,0.382,pullback,short,fixed_sl_atr_tp,10.0,20.0,96,0.7,1.25,1.0,24,74.0,-11131.199999999999,14881.600000000008,26012.799999999974,0.5720875876491582,12673.6,-150.4216216216216,0.24324324324324326,9.567567567567568,24.0,1271.3000000000002,7849.499999999999,6578.200000000002,1.1932595542853663,3589.6,52.97083333333334,0.4166666666666667,15.25
R0568,14,2.0,24,0.5,pullback,short,fixed_sl_atr_tp,12.0,16.0,96,0.7,1.5,1.0,24,65.0,-10684.500000000002,14199.000000000007,24883.499999999978,0.5706190849358016,10684.500000000002,-164.3769230769231,0.3076923076923077,10.953846153846154,11.0,-4079.3,796.2,4875.500000000001,0.16330632755614807,4079.3,-370.8454545454546,0.09090909090909091,14.090909090909092
R0082,10,1.5,24,0.382,pullback,short,atr_sl_fixed_tp,8.0,24.0,96,0.7,1.5,1.0,24,72.0,-10823.600000000004,14331.600000000008,25155.199999999975,0.5697271339524242,11641.000000000005,-150.32777777777784,0.25,10.375,26.0,-1836.299999999999,6207.099999999999,8043.400000000002,0.771701021955889,5347.199999999999,-70.62692307692303,0.3076923076923077,13.884615384615385
R0095,10,1.5,24,0.382,pullback,short,fixed_sl_atr_tp,10.0,24.0,96,0.7,1.25,1.0,24,73.0,-11114.900000000001,14572.900000000007,25687.799999999974,0.567308216351732,11932.300000000003,-152.25890410958905,0.2328767123287671,10.095890410958905,24.0,-641.2000000000003,6440.799999999999,7082.000000000002,0.9094606043490536,4889.6,-26.71666666666668,0.375,15.791666666666666
R0381,14,1.5,24,0.382,pullback,short,atr_sl_fixed_tp,10.0,24.0,96,0.7,1.25,1.0,24,73.0,-12177.399999999996,15540.300000000007,27717.699999999975,0.560663402807593,12994.799999999997,-166.81369863013694,0.2602739726027397,10.808219178082192,24.0,-666.2000000000003,7403.299999999999,8069.500000000002,0.9174422207076024,5752.1,-27.758333333333344,0.375,15.833333333333334
R0391,14,1.5,24,0.382,pullback,short,fixed_sl_atr_tp,12.0,20.0,96,0.7,1.25,1.0,24,72.0,-12448.599999999991,15511.500000000007,27960.099999999973,0.5547726939460167,13990.999999999993,-172.8972222222221,0.2777777777777778,11.13888888888889,24.0,-1578.7,6853.299999999999,8432.000000000002,0.8127727703984817,6339.6,-65.77916666666667,0.375,16.333333333333332
R0287,10,2.0,24,0.5,pullback,short,fixed_sl_atr_tp,12.0,24.0,96,0.7,1.25,1.0,24,66.0,-11775.800000000001,14669.100000000008,26444.899999999976,0.5547043097156737,11775.800000000001,-178.42121212121214,0.2727272727272727,12.06060606060606,12.0,-4283.1,1196.2,5479.300000000001,0.21831255817348927,4283.1,-356.925,0.08333333333333333,14.916666666666666
R0375,14,1.5,24,0.382,pullback,short,fixed_sl_atr_tp,10.0,16.0,96,0.7,1.25,1.0,24,79.0,-12050.199999999995,14974.000000000007,27024.19999999997,0.5540959584372533,13392.599999999997,-152.5341772151898,0.25316455696202533,9.012658227848101,26.0,2076.2,8979.4,6903.200000000002,1.3007590682581986,2872.8,79.85384615384615,0.46153846153846156,12.807692307692308
R0104,10,1.5,24,0.382,pullback,short,fixed_sl_atr_tp,12.0,20.0,96,0.7,1.5,1.0,24,71.0,-12494.799999999997,15286.50000000001,27781.299999999974,0.5502442290317596,14037.199999999999,-175.98309859154926,0.28169014084507044,11.056338028169014,24.0,-566.1999999999996,6836.999999999999,7403.200000000002,0.923519559109574,4314.599999999999,-23.59166666666665,0.4166666666666667,16.583333333333332
R0572,14,2.0,24,0.5,pullback,short,fixed_sl_atr_tp,12.0,20.0,96,0.7,1.5,1.0,24,63.0,-11239.4,13644.100000000008,24883.499999999978,0.5483191673197106,11239.4,-178.4031746031746,0.2857142857142857,11.222222222222221,11.0,-3879.3,996.2,4875.500000000001,0.20432776125525584,3879.3,-352.6636363636364,0.09090909090909091,14.181818181818182
R0143,10,1.5,24,0.5,pullback,short,fixed_sl_atr_tp,12.0,24.0,96,0.7,1.25,1.0,24,62.0,-11348.099999999999,13385.400000000007,24733.499999999978,0.5411850324458738,11894.3,-183.0338709677419,0.27419354838709675,11.790322580645162,16.0,-1860.7999999999993,4359.8,6220.600000000001,0.7008648683406744,2620.5999999999995,-116.29999999999995,0.25,14.875
R0107,10,1.5,24,0.382,pullback,short,fixed_sl_atr_tp,12.0,24.0,96,0.7,1.25,1.0,24,70.0,-12591.0,14765.300000000008,27356.299999999974,0.5397403888683785,13408.400000000001,-179.87142857142857,0.2714285714285714,11.528571428571428,24.0,-1566.1999999999996,6440.799999999999,8007.000000000002,0.8043961533658046,5714.599999999999,-65.25833333333331,0.375,16.75
R0288,10,2.0,24,0.5,pullback,short,fixed_sl_atr_tp,12.0,24.0,96,0.7,1.5,1.0,24,64.0,-12068.2,13772.900000000007,25841.099999999977,0.5329842769851136,12068.2,-188.565625,0.265625,12.578125,12.0,-4283.1,1196.2,5479.300000000001,0.21831255817348927,4283.1,-356.925,0.08333333333333333,14.916666666666666
R0376,14,1.5,24,0.382,pullback,short,fixed_sl_atr_tp,10.0,16.0,96,0.7,1.5,1.0,24,77.0,-12392.59999999999,14127.800000000007,26520.399999999972,0.5327144386962497,13734.99999999999,-160.942857142857,0.24675324675324675,9.324675324675324,26.0,776.1999999999997,8183.199999999999,7407.000000000002,1.1047927636019976,3672.2000000000003,29.853846153846142,0.4230769230769231,12.923076923076923
R0093,10,1.5,24,0.382,pullback,short,atr_sl_fixed_tp,10.0,24.0,96,0.7,1.25,1.0,24,72.0,-12848.599999999999,14615.300000000007,27463.899999999976,0.532164040795372,13666.0,-178.45277777777775,0.2638888888888889,10.597222222222221,24.0,-303.7000000000003,7403.299999999999,7707.000000000002,0.9605942649539376,5389.6,-12.654166666666677,0.375,15.833333333333334
R0144,10,1.5,24,0.5,pullback,short,fixed_sl_atr_tp,12.0,24.0,96,0.7,1.5,1.0,24,60.0,-11340.5,12789.200000000006,24129.69999999998,0.530019022200857,11886.7,-189.00833333333333,0.26666666666666666,12.35,16.0,-1860.7999999999993,4359.8,6220.600000000001,0.7008648683406744,2620.5999999999995,-116.29999999999995,0.25,14.875
R0087,10,1.5,24,0.382,pullback,short,fixed_sl_atr_tp,10.0,16.0,96,0.7,1.25,1.0,24,76.0,-12538.799999999996,13977.800000000007,26516.599999999973,0.5271339462827067,13881.199999999997,-164.98421052631574,0.25,8.986842105263158,26.0,2276.2,8854.4,6578.200000000002,1.346021708066036,2547.8,87.54615384615384,0.46153846153846156,13.076923076923077
R0089,10,1.5,24,0.382,pullback,short,atr_sl_fixed_tp,10.0,20.0,96,0.7,1.25,1.0,24,73.0,-13264.899999999985,14702.800000000007,27967.699999999975,0.5257064399289187,14807.299999999987,-181.7109589041094,0.2602739726027397,10.150684931506849,24.0,396.3000000000002,7599.499999999999,7203.200000000002,1.0550172145713013,4089.5999999999995,16.512500000000006,0.4166666666666667,15.666666666666666
R0103,10,1.5,24,0.382,pullback,short,fixed_sl_atr_tp,12.0,20.0,96,0.7,1.25,1.0,24,71.0,-13244.799999999996,14536.500000000007,27781.299999999974,0.5232476521977021,14787.199999999997,-186.54647887323938,0.28169014084507044,11,24.0,446.29999999999995,7849.499999999999,7403.200000000002,1.0602847417333041,4314.6,18.59583333333333,0.4166666666666667,16.208333333333332
R0575,14,2.0,24,0.5,pullback,short,fixed_sl_atr_tp,12.0,24.0,96,0.7,1.25,1.0,24,62.0,-12035.6,13201.700000000006,25237.299999999977,0.5231027090853625,12035.6,-194.1225806451613,0.25806451612903225,11.741935483870968,11.0,-3679.3,1196.2,4875.500000000001,0.2453491949543636,3679.3,-334.4818181818182,0.09090909090909091,14.181818181818182
R0387,14,1.5,24,0.382,pullback,short,fixed_sl_atr_tp,12.0,16.0,96,0.7,1.25,1.0,24,74.0,-14006.199999999983,14557.700000000006,28563.899999999972,0.5096537937746604,15348.599999999984,-189.27297297297272,0.28378378378378377,10.594594594594595,26.0,1151.1999999999998,8979.4,7828.200000000002,1.147058072098311,2997.8,44.27692307692307,0.46153846153846156,13.692307692307692
R0576,14,2.0,24,0.5,pullback,short,fixed_sl_atr_tp,12.0,24.0,96,0.7,1.5,1.0,24,60.0,-12328.0,12305.500000000007,24633.499999999978,0.4995433048490884,12328.0,-205.46666666666667,0.25,12.283333333333333,11.0,-3679.3,1196.2,4875.500000000001,0.2453491949543636,3679.3,-334.4818181818182,0.09090909090909091,14.181818181818182
R0088,10,1.5,24,0.382,pullback,short,fixed_sl_atr_tp,10.0,16.0,96,0.7,1.5,1.0,24,74.0,-13081.199999999992,12931.600000000006,26012.799999999974,0.4971244925575109,14423.599999999993,-176.77297297297287,0.24324324324324326,9.31081081081081,26.0,2676.1999999999985,9254.400000000001,6578.200000000002,1.4068286157307468,2547.8,102.93076923076917,0.46153846153846156,13.115384615384615
R0388,14,1.5,24,0.382,pullback,short,fixed_sl_atr_tp,12.0,16.0,96,0.7,1.5,1.0,24,72.0,-14248.599999999982,13711.500000000005,27960.099999999973,0.4903952417909814,15590.999999999984,-197.89722222222198,0.2777777777777778,10.98611111111111,26.0,-248.79999999999973,8183.199999999999,8432.000000000002,0.9704933586337757,4597.2,-9.569230769230758,0.4230769230769231,13.807692307692308
R0099,10,1.5,24,0.382,pullback,short,fixed_sl_atr_tp,12.0,16.0,96,0.7,1.25,1.0,24,72.0,-14173.599999999984,13607.700000000006,27781.299999999974,0.4898150914464053,15515.999999999985,-196.85555555555533,0.2916666666666667,10.63888888888889,26.0,1451.1999999999998,8854.4,7403.200000000002,1.196023341257834,2572.8,55.81538461538461,0.46153846153846156,13.961538461538462
R0100,10,1.5,24,0.382,pullback,short,fixed_sl_atr_tp,12.0,16.0,96,0.7,1.5,1.0,24,71.0,-14994.799999999985,12786.500000000005,27781.299999999974,0.4602556395849013,16337.199999999986,-211.1943661971829,0.28169014084507044,10.845070422535212,26.0,1851.1999999999996,9254.400000000001,7403.200000000002,1.2500540306894314,2572.8,71.19999999999999,0.46153846153846156,14
