param_id,atr_len,st_mult,swing_len,fib,entry_mode,side,regime_mode,sl_base,tp_base,atr_regime_lookback,atr_regime_pct,atr_high_mult,atr_low_mult,max_hold_bars,is_trades,is_pnl,is_gross_gain,is_gross_loss,is_pf,is_max_dd,is_expect,is_win_rate,is_avg_hold,oos_trades,oos_pnl,oos_gross_gain,oos_gross_loss,oos_pf,oos_max_dd,oos_expect,oos_win_rate,oos_avg_hold
R0001,10,1.5,12,0.382,pullback,short,atr_sl_fixed_tp,8.0,16.0,96,0.7,1.25,1.0,24,313.0,14460.5707031259,166184.54140625076,151723.97070312494,1.0953084119543675,13229.648828124842,46.199906399763265,0.4249201277955272,10.47923322683706,127.0,-16002.590234374662,53892.83417968775,69895.42441406252,0.7710495305161185,24473.00976562497,-126.00464751476112,0.3464566929133858,11
R0002,10,1.5,12,0.382,pullback,short,atr_sl_fixed_tp,8.0,16.0,96,0.7,1.5,1.0,24,309.0,14165.79023437596,168713.14140625083,154547.35117187485,1.0916598707578102,14848.468359374809,45.84398134102252,0.4401294498381877,10.990291262135923,123.0,-14417.399999999632,55489.034179687755,69906.43417968751,0.7937614731865558,25065.409765624972,-117.21463414633847,0.36585365853658536,11.747967479674797
R0003,10,1.5,12,0.382,pullback,short,fixed_sl_atr_tp,8.0,16.0,96,0.7,1.25,1.0,24,317.0,11295.400000000776,160328.78046875063,149033.38046874997,1.0757910742175585,12116.258593749844,35.63217665615387,0.3911671924290221,10.406940063091483,128.0,-13576.370703124572,53024.24394531283,66600.61464843752,0.7961524713429473,20325.409765624914,-106.06539611816072,0.3203125,10.8125
R0004,10,1.5,12,0.382,pullback,short,fixed_sl_atr_tp,8.0,16.0,96,0.7,1.5,1.0,24,314.0,16106.751171875934,165140.13164062574,149033.38046874997,1.10807478915942,11098.199999999972,51.29538589769406,0.3853503184713376,10.585987261146498,127.0,-11632.595117187117,54968.019531250306,66600.61464843752,0.825338021599473,20325.409765624918,-91.59523714320564,0.31496062992125984,10.850393700787402
R0005,10,1.5,12,0.382,pullback,short,atr_sl_fixed_tp,8.0,20.0,96,0.7,1.25,1.0,24,298.0,22077.62929687607,170450.20976562583,148372.58046874998,1.1487985800821587,12539.409765624867,74.08600435193313,0.40604026845637586,11.513422818791947,123.0,-16247.414648436965,53338.00000000045,69585.41464843752,0.7665112045315391,24513.61953124957,-132.09280201981272,0.3252032520325203,11.658536585365853
R0006,10,1.5,12,0.382,pullback,short,atr_sl_fixed_tp,8.0,20.0,96,0.7,1.5,1.0,24,293.0,17666.66835937607,169656.40976562587,151989.74140624993,1.1162359261613262,13274.429296874814,60.2957964483825,0.41638225255972694,12.044368600682594,119.0,-14262.224414061942,55334.200000000455,69596.4244140625,0.7950724547397834,25502.219531249568,-119.85062532825161,0.3445378151260504,12.61344537815126
R0007,10,1.5,12,0.382,pullback,short,fixed_sl_atr_tp,8.0,20.0,96,0.7,1.25,1.0,24,301.0,23846.200000001172,168390.57070312594,144544.37070312502,1.1649749477202254,9882.02929687482,79.22325581395738,0.3754152823920266,11.3421926910299,127.0,-11882.614648436955,55521.800000000476,67404.41464843754,0.8237116261536661,19925.409765624918,-93.56389486958231,0.30708661417322836,11.10236220472441
R0008,10,1.5,12,0.382,pullback,short,fixed_sl_atr_tp,8.0,20.0,96,0.7,1.5,1.0,24,299.0,25103.79023437621,169648.16093750097,144544.37070312502,1.173675322755639,9528.239062499786,83.95916466346559,0.3712374581939799,11.581939799331103,126.0,-11898.804882811972,54701.809765625454,66600.61464843752,0.8213409148605926,19925.409765624918,-94.4349593873966,0.30952380952380953,11.23015873015873
R0009,10,1.5,12,0.382,pullback,short,atr_sl_fixed_tp,8.0,24.0,96,0.7,1.25,1.0,24,290.0,31598.03906250141,177359.21953125112,145761.18046875,1.2167795222355204,10796.160937499419,108.9587553879359,0.4,12.248275862068965,123.0,-12717.424414061903,56867.99023437551,69585.41464843752,0.8172400857519706,24463.60976562451,-103.3936944232675,0.3252032520325203,12.065040650406504
R0010,10,1.5,12,0.382,pullback,short,atr_sl_fixed_tp,8.0,24.0,96,0.7,1.5,1.0,24,285.0,27297.068359376397,175945.40000000116,148648.331640625,1.183635215128886,13572.331640624456,95.7791872258821,0.4105263157894737,12.782456140350877,119.0,-10382.234179686866,59214.19023437551,69596.4244140625,0.8508223049230503,25502.209765624495,-87.24566537551988,0.3445378151260504,12.915966386554622
R0011,10,1.5,12,0.382,pullback,short,fixed_sl_atr_tp,8.0,24.0,96,0.7,1.25,1.0,24,294.0,27022.848828126367,169959.61953125108,142936.77070312505,1.1890545637430945,10433.731640624454,91.91445179634819,0.3673469387755102,12.051020408163266,127.0,-11002.595117186913,56401.81953125051,67404.41464843754,0.8367674406109233,21475.399999999863,-86.6346072219442,0.30708661417322836,11.464566929133857
R0012,10,1.5,12,0.382,pullback,short,fixed_sl_atr_tp,8.0,24.0,96,0.7,1.5,1.0,24,292.0,26390.468359376428,168523.43906250116,142132.97070312506,1.1856745006371407,9429.590234374897,90.37831629923434,0.3664383561643836,12.301369863013699,127.0,-11442.604882811931,55961.8097656255,67404.41464843754,0.8302395333822948,21475.399999999863,-90.09925104576324,0.30708661417322836,11.535433070866143
R0013,10,1.5,12,0.382,pullback,short,atr_sl_fixed_tp,10.0,16.0,96,0.7,1.25,1.0,24,300.0,14350.000000000884,176734.13164062588,162384.13164062484,1.0883707038059562,16173.83906249988,47.83333333333628,0.47,12.023333333333333,115.0,-13236.990234374587,57085.23417968775,70322.22441406244,0.8117666165331416,23293.21953124975,-115.1042629076051,0.4,13.173913043478262
R0014,10,1.5,12,0.382,pullback,short,atr_sl_fixed_tp,10.0,16.0,96,0.7,1.5,1.0,24,295.0,16409.009765626055,177538.95117187596,161129.94140624983,1.101837123643301,14990.048828124825,55.623761917376456,0.4915254237288136,12.6,115.0,-19736.99023437458,57085.23417968775,76822.22441406244,0.7430822866050492,27793.219531249742,-171.62600203803984,0.4,13.321739130434782
R0015,10,1.5,12,0.382,pullback,short,fixed_sl_atr_tp,10.0,16.0,96,0.7,1.25,1.0,24,298.0,14817.580468750992,171074.53164062582,156256.9511718749,1.094828296326173,16445.448828124914,49.723424391781855,0.4463087248322148,12.063758389261745,119.0,-19042.180468749535,53070.424414062814,72112.60488281246,0.7359382524082385,26125.40976562468,-160.0183232668028,0.35294117647058826,12.453781512605042
R0016,10,1.5,12,0.382,pullback,short,fixed_sl_atr_tp,10.0,16.0,96,0.7,1.5,1.0,24,297.0,20291.35117187613,177552.10234375097,157260.7511718749,1.129029977414384,13351.668359374871,68.32104771675465,0.44107744107744107,12.202020202020202,118.0,-17098.404882812076,55014.20000000029,72112.60488281246,0.7628929795200414,25611.614648437222,-144.9017362950176,0.3474576271186441,12.508474576271187
R0017,10,1.5,12,0.382,pullback,short,atr_sl_fixed_tp,10.0,20.0,96,0.7,1.25,1.0,24,284.0,18060.89765625109,178077.40976562595,160016.5121093749,1.1128689621975139,18015.599999999824,63.59471005722215,0.4471830985915493,13.095070422535212,114.0,-17273.175585936868,55550.43906250048,72823.61464843743,0.7628080442130651,29300.799999999588,-151.5190840871655,0.3684210526315789,13.75438596491228
R0018,10,1.5,12,0.382,pullback,short,atr_sl_fixed_tp,10.0,20.0,96,0.7,1.5,1.0,24,281.0,19732.31718750115,180366.048828126,160633.73164062484,1.1228404332388102,15526.399999999885,70.2217693505379,0.4626334519572954,13.658362989323843,114.0,-23773.175585936868,55550.43906250048,79323.61464843745,0.7003014084607747,33800.79999999958,-208.53662794681463,0.3684210526315789,13.903508771929825
R0019,10,1.5,12,0.382,pullback,short,fixed_sl_atr_tp,10.0,20.0,96,0.7,1.25,1.0,24,286.0,26513.229296876307,181096.37070312613,154583.1414062499,1.1715143647339819,13965.619531249848,92.70359894012695,0.42657342657342656,12.846153846153847,118.0,-16018.404882811868,56094.20000000049,72112.60488281246,0.777869556801576,27002.219531249568,-135.74919392213448,0.3474576271186441,12.864406779661017
R0020,10,1.5,12,0.382,pullback,short,fixed_sl_atr_tp,10.0,20.0,96,0.7,1.5,1.0,24,284.0,26610.809765626334,181033.9609375012,154423.15117187492,1.1723239654396647,12411.82929687481,93.70003438600823,0.4225352112676056,13.123239436619718,118.0,-15918.385351561848,56194.219531250514,72112.60488281246,0.7792565477640098,26502.219531249568,-134.90157077594787,0.3474576271186441,12.915254237288135
R0021,10,1.5,12,0.382,pullback,short,atr_sl_fixed_tp,10.0,24.0,96,0.7,1.25,1.0,24,279.0,27069.87812500144,185966.40000000127,158896.52187499986,1.1703616781888821,14339.580468749878,97.02465277778293,0.43727598566308246,13.727598566308243,114.0,-11393.195117186844,61430.419531250474,72823.61464843743,0.8435508155947953,27700.799999999566,-99.94030804549863,0.3684210526315789,14.043859649122806
R0022,10,1.5,12,0.382,pullback,short,atr_sl_fixed_tp,10.0,24.0,96,0.7,1.5,1.0,24,275.0,26745.09765625149,186258.8390625013,159513.74140624984,1.167666418080791,15345.770703124861,97.25490056818724,0.4509090909090909,14.28,114.0,-17893.19511718686,61430.419531250474,79323.61464843745,0.7744278901498667,32200.799999999577,-156.9578519051479,0.3684210526315789,14.192982456140351
R0023,10,1.5,12,0.382,pullback,short,fixed_sl_atr_tp,10.0,24.0,96,0.7,1.25,1.0,24,280.0,30316.048828126543,182945.4195312513,152629.3707031249,1.1986252625459177,11496.40976562491,108.2716029575948,0.41785714285714287,13.603571428571428,118.0,-14338.395117186783,57774.209765625565,72112.60488281246,0.8011665902169572,26782.239062499502,-121.51182302700664,0.3474576271186441,13.245762711864407
R0024,10,1.5,12,0.382,pullback,short,fixed_sl_atr_tp,10.0,24.0,96,0.7,1.5,1.0,24,279.0,32589.878125001585,184215.44882812636,151625.57070312492,1.2149365570323936,10920.790234374972,116.8095990143426,0.41935483870967744,13.774193548387096,118.0,-14778.404882811808,57334.20000000055,72112.60488281246,0.795064886272965,26401.62929687486,-125.24071934586279,0.3474576271186441,13.322033898305085
R0025,10,1.5,12,0.382,pullback,short,atr_sl_fixed_tp,12.0,16.0,96,0.7,1.25,1.0,24,287.0,15319.35117187629,176713.7511718762,161394.39999999982,1.0949187281087598,15592.590234374911,53.37753021559683,0.519163763066202,13.543554006968641,114.0,-23043.19023437448,56721.42929687527,79764.61953124987,0.7111101341698642,30713.199999999706,-202.13324766995157,0.41228070175438597,14.087719298245615
R0026,10,1.5,12,0.382,pullback,short,atr_sl_fixed_tp,12.0,16.0,96,0.7,1.5,1.0,24,282.0,28278.360937501504,181914.77070312633,153636.40976562488,1.1840602821989956,9963.04882812481,100.27787566489896,0.5460992907801419,14.078014184397164,112.0,-26685.66347656198,56415.19023437519,83100.8537109373,0.6788761813520349,33779.3951171872,-238.26485246930338,0.4107142857142857,14.508928571428571
R0027,10,1.5,12,0.382,pullback,short,fixed_sl_atr_tp,12.0,16.0,96,0.7,1.25,1.0,24,284.0,10440.770703126222,170385.53164062614,159944.7609374999,1.0652773535183568,14976.219531249779,36.76327712368388,0.4859154929577465,13.598591549295774,115.0,-20966.990234374414,55102.819531250345,76069.80976562487,0.7243717277724903,30788.390234374594,-182.32165421195143,0.3826086956521739,14.02608695652174
R0028,10,1.5,12,0.382,pullback,short,fixed_sl_atr_tp,12.0,16.0,96,0.7,1.5,1.0,24,283.0,15424.512109376348,176266.86328125125,160842.35117187488,1.0958983252669183,14422.590234374915,54.503576358220315,0.47703180212014135,13.724381625441696,114.0,-20223.204882811893,55846.60488281287,76069.80976562487,0.7341493958625535,31874.585351562077,-177.39653405975344,0.37719298245614036,14.149122807017545
R0029,10,1.5,12,0.382,pullback,short,atr_sl_fixed_tp,12.0,20.0,96,0.7,1.25,1.0,24,275.0,15375.058593751233,180934.61953125114,165559.56093749986,1.0928672346476898,18266.229296874804,55.90930397727721,0.48363636363636364,14.585454545454546,113.0,-27879.375585936767,54786.634179688,82666.00976562488,0.6627468089365793,37120.780468749545,-246.72013792864396,0.3805309734513274,14.672566371681416
R0030,10,1.5,12,0.382,pullback,short,atr_sl_fixed_tp,12.0,20.0,96,0.7,1.5,1.0,24,269.0,24407.86835937646,181589.41953125133,157181.5511718749,1.1552845621983137,13919.22929687483,90.73557010920618,0.5092936802973977,15.278810408921933,111.0,-31521.848828124268,54480.39511718793,86002.24394531231,0.6334764375663419,40186.97558593705,-283.98062007319163,0.3783783783783784,15.08108108108108
R0031,10,1.5,12,0.382,pullback,short,fixed_sl_atr_tp,12.0,20.0,96,0.7,1.25,1.0,24,275.0,16924.970703126368,180374.90234375128,163449.93164062485,1.1035483498417065,16590.61953124983,61.54534801136861,0.45454545454545453,14.32,114.0,-19843.204882811686,56226.60488281307,76069.80976562487,0.7391448073296125,33714.59023437447,-174.0632007264183,0.37719298245614036,14.508771929824562
R0032,10,1.5,12,0.382,pullback,short,fixed_sl_atr_tp,12.0,20.0,96,0.7,1.5,1.0,24,273.0,21322.551171876403,183408.69257812636,162086.14140624987,1.1315507358425791,15836.829296874797,78.10458304716632,0.4542124542124542,14.64102564102564,114.0,-19243.185351561668,56826.624414063095,76069.80976562487,0.7470325558739919,33214.59023437447,-168.7998715049269,0.37719298245614036,14.56140350877193
R0033,10,1.5,12,0.382,pullback,short,atr_sl_fixed_tp,12.0,24.0,96,0.7,1.25,1.0,24,270.0,23094.029296876568,188447.39023437642,165353.36093749982,1.1396647105685724,15975.790234374808,85.53344184028359,0.4703703703703704,15.114814814814816,113.0,-22399.39511718677,60266.614648438,82666.00976562488,0.7290374220227422,35520.78046874955,-198.2247355503254,0.3805309734513274,14.938053097345133
R0034,10,1.5,12,0.382,pullback,short,atr_sl_fixed_tp,12.0,24.0,96,0.7,1.5,1.0,24,264.0,31196.829296876775,188702.19023437658,157505.36093749982,1.1980683648555688,14996.790234374774,118.16980794271505,0.4962121212121212,15.848484848484848,111.0,-26041.868359374268,59960.37558593792,86002.24394531231,0.6971954781094541,38586.97558593705,-234.61142666102944,0.3783783783783784,15.35135135135135
R0035,10,1.5,12,0.382,pullback,short,fixed_sl_atr_tp,12.0,24.0,96,0.7,1.25,1.0,24,269.0,24627.790234376604,184520.15117187647,159892.36093749985,1.154027309935109,14092.609765624917,91.55312354786841,0.44981412639405205,15.115241635687733,114.0,-16583.17558593666,59486.63417968809,76069.80976562487,0.7820005645205315,32014.59023437446,-145.46645250821632,0.37719298245614036,14.798245614035087
R0036,10,1.5,12,0.382,pullback,short,fixed_sl_atr_tp,12.0,24.0,96,0.7,1.5,1.0,24,268.0,22901.619531251683,182793.9804687515,159892.36093749982,1.1432314802093873,13119.599999999828,85.45380422108838,0.44776119402985076,15.298507462686567,114.0,-16423.18535156168,59646.62441406307,76069.80976562487,0.78410376728741,31414.59023437446,-144.06302939966383,0.37719298245614036,14.87719298245614
R0037,10,1.5,12,0.5,pullback,short,atr_sl_fixed_tp,8.0,16.0,96,0.7,1.25,1.0,24,265.0,-327.08789062415576,133400.93164062558,133728.01953125017,0.9975540810985527,21066.239062499444,-1.2342939268836066,0.39622641509433965,11.143396226415094,124.0,-17351.22441406228,51904.21953125012,69255.44394531254,0.7494604983290009,30018.404882812283,-139.92922914566353,0.33064516129032256,9.78225806451613
R0038,10,1.5,12,0.5,pullback,short,atr_sl_fixed_tp,8.0,16.0,96,0.7,1.5,1.0,24,261.0,-4201.878124999052,133407.1609375006,137609.03906250003,0.9694651008856257,25438.639062499362,-16.099149904210925,0.4061302681992337,11.57088122605364,120.0,-17796.024414062227,52040.419531250176,69836.44394531252,0.7451756789335086,31007.00488281228,-148.30020345051855,0.35,10.216666666666667
R0039,10,1.5,12,0.5,pullback,short,fixed_sl_atr_tp,8.0,16.0,96,0.7,1.25,1.0,24,269.0,-7952.239062498972,124941.37070312578,132893.60976562524,0.9401608619366707,28247.61953124929,-29.562226998137444,0.36059479553903345,10.921933085501859,126.0,-15648.843945312257,51425.60000000014,67074.44394531254,0.766694391710928,30629.804882812277,-124.1971741691449,0.30158730158730157,9.436507936507937
R0040,10,1.5,12,0.5,pullback,short,fixed_sl_atr_tp,8.0,16.0,96,0.7,1.5,1.0,24,267.0,-4514.63906249898,127575.1707031258,132089.80976562525,0.9658214432248026,26183.82929687423,-16.908760533704044,0.3595505617977528,11.108614232209737,123.0,-22437.44394531227,45440.80000000015,67878.24394531254,0.6694457216160518,30629.804882812285,-182.4182434578233,0.2764227642276423,9.8130081300813
R0041,10,1.5,12,0.5,pullback,short,atr_sl_fixed_tp,8.0,20.0,96,0.7,1.25,1.0,24,255.0,-369.05859374890565,133358.96093750084,133728.01953125017,0.9972402298707259,26423.468359374252,-1.447288602936885,0.37254901960784315,12.129411764705882,123.0,-10537.395117187196,58718.04882812518,69255.44394531254,0.8478474107319535,26974.585351562237,-85.66987900152192,0.3252032520325203,10.308943089430894
R0042,10,1.5,12,0.5,pullback,short,atr_sl_fixed_tp,8.0,20.0,96,0.7,1.5,1.0,24,251.0,1586.1414062512245,137187.58046875085,135601.43906250005,1.0116970838747494,25165.878124999144,6.319288471120416,0.3904382470119522,12.533864541832669,119.0,-10982.195117187144,58854.24882812524,69836.44394531252,0.8427440674701705,27963.18535156224,-92.28735392594238,0.3445378151260504,10.77310924369748
R0043,10,1.5,12,0.5,pullback,short,fixed_sl_atr_tp,8.0,20.0,96,0.7,1.25,1.0,24,261.0,-1601.8781249988954,130017.92187500087,131619.80000000022,0.9878295049453095,22082.478124999194,-6.137464080455538,0.3448275862068966,11.590038314176246,122.0,-19723.614648437204,48154.62929687521,67878.24394531254,0.7094265628862164,27985.985351562253,-161.6689725281738,0.27049180327868855,10.229508196721312
R0044,10,1.5,12,0.5,pullback,short,fixed_sl_atr_tp,8.0,20.0,96,0.7,1.5,1.0,24,260.0,-558.0683593738711,131201.7218750009,131759.79023437522,0.9957645017620198,19564.390234374692,-2.1464167668225813,0.3423076923076923,11.746153846153845,121.0,-18809.79511718715,48264.64882812527,67074.44394531254,0.7195683778977972,27985.985351562256,-155.45285220815828,0.2727272727272727,10.570247933884298
R0045,10,1.5,12,0.5,pullback,short,atr_sl_fixed_tp,8.0,24.0,96,0.7,1.25,1.0,24,252.0,7772.331640626286,139492.75117187604,131720.41953125023,1.0590062776013391,21655.878124999042,30.842585875501133,0.373015873015873,12.583333333333334,117.0,-19814.58046874969,49640.86347656273,69455.44394531254,0.7147152283073547,26700.760937499777,-169.35538862179223,0.2905982905982906,11.256410256410257
R0046,10,1.5,12,0.5,pullback,short,atr_sl_fixed_tp,8.0,24.0,96,0.7,1.5,1.0,24,248.0,8887.551171876346,142401.37070312604,133513.81953125013,1.066566526244841,24873.380468749572,35.83689988659817,0.3911290322580645,13.004032258064516,113.0,-20809.360937499525,49197.06347656286,70006.4244140625,0.7027506959301356,28269.360937499703,-184.15363661504006,0.30973451327433627,11.743362831858407
R0047,10,1.5,12,0.5,pullback,short,fixed_sl_atr_tp,8.0,24.0,96,0.7,1.25,1.0,24,258.0,4149.521875001272,134301.71210937607,130152.19023437522,1.0318820748811717,18978.199999999593,16.08341812015997,0.3449612403100775,12.085271317829458,119.0,-21112.15117187458,45962.29277343784,67074.44394531254,0.6852429937535083,29072.151171874757,-177.41303505776958,0.2605042016806723,11
R0048,10,1.5,12,0.5,pullback,short,fixed_sl_atr_tp,8.0,24.0,96,0.7,1.5,1.0,24,256.0,447.15117187637566,129795.54140625117,129348.39023437521,1.0034569519656622,20277.239062499008,1.7466842651420924,0.34375,12.2890625,119.0,-20512.151171874575,46562.29277343784,67074.44394531254,0.6941882784954764,29072.151171874753,-172.37101825104685,0.2605042016806723,11.050420168067227
R0049,10,1.5,12,0.5,pullback,short,atr_sl_fixed_tp,10.0,16.0,96,0.7,1.25,1.0,24,254.0,-6925.278124999058,139542.00976562555,146467.2878906248,0.9527179193065229,24712.029296874403,-27.264874507870307,0.4330708661417323,12.649606299212598,111.0,-16731.83417968722,52916.60976562519,69648.44394531251,0.7597672936839042,28550.414648437276,-150.73724486204702,0.38738738738738737,11.63963963963964
R0050,10,1.5,12,0.5,pullback,short,atr_sl_fixed_tp,10.0,16.0,96,0.7,1.5,1.0,24,253.0,-2041.4878906241172,144079.20000000054,146120.68789062483,0.9860287552700792,19224.59999999989,-8.069122097328526,0.45849802371541504,13.15810276679842,109.0,-17054.22929687475,53866.600000000086,70920.82929687494,0.7595314456140132,32500.409765624747,-156.46081923738302,0.3944954128440367,12.100917431192661
R0051,10,1.5,12,0.5,pullback,short,fixed_sl_atr_tp,10.0,16.0,96,0.7,1.25,1.0,24,253.0,-8801.399999998981,133078.6488281257,141880.048828125,0.9379659080138787,28006.17070312437,-34.78814229248609,0.40711462450592883,12.636363636363637,115.0,-12837.034179687265,55580.409765625125,68417.44394531252,0.812371912199054,27311.81464843727,-111.6263841711936,0.3652173913043478,11.217391304347826
R0052,10,1.5,12,0.5,pullback,short,fixed_sl_atr_tp,10.0,16.0,96,0.7,1.5,1.0,24,251.0,-4363.799999998989,136512.44882812575,140876.248828125,0.9690238770814853,25342.38046874931,-17.3856573705139,0.4063745019920319,12.856573705179283,112.0,-19825.63417968728,49595.60976562514,69421.24394531253,0.7144154576759632,27311.814648437277,-177.014590890065,0.3392857142857143,11.6875
R0053,10,1.5,12,0.5,pullback,short,atr_sl_fixed_tp,10.0,20.0,96,0.7,1.25,1.0,24,244.0,-2617.2292968738584,142926.2292968758,145543.45859374988,0.9820175408626267,26169.23906249926,-10.726349577351879,0.4139344262295082,13.639344262295081,111.0,-11371.814648437108,59280.429296875285,70652.24394531251,0.8390452445184977,26760.404882812203,-102.44878061655052,0.3783783783783784,12.18018018018018
R0054,10,1.5,12,0.5,pullback,short,atr_sl_fixed_tp,10.0,20.0,96,0.7,1.5,1.0,24,242.0,2020.3609375011206,146267.21953125077,144246.8585937499,1.0140062733926907,22121.609765624715,8.348598915293886,0.4380165289256198,14.25206611570248,109.0,-11294.209765624631,60630.41953125018,71924.62929687495,0.8429715957379917,30710.399999999667,-103.61660335435441,0.3853211009174312,12.678899082568808
R0055,10,1.5,12,0.5,pullback,short,fixed_sl_atr_tp,10.0,20.0,96,0.7,1.25,1.0,24,246.0,335.1804687510969,141135.20976562583,140800.02929687497,1.0023805426065937,22113.039062499258,1.3625222306955158,0.3902439024390244,13.394308943089431,111.0,-18611.834179687197,50809.40976562522,69421.24394531253,0.7319000190438965,25521.804882812212,-167.67418179898377,0.3333333333333333,12.26126126126126
R0056,10,1.5,12,0.5,pullback,short,fixed_sl_atr_tp,10.0,20.0,96,0.7,1.5,1.0,24,245.0,1309.00000000111,142449.01953125084,141140.01953124997,1.0092744779570548,19249.15117187474,5.342857142861674,0.3877551020408163,13.595918367346938,111.0,-17611.8341796872,51809.40976562522,69421.24394531253,0.7463048315071787,25521.804882812216,-158.66517278997478,0.3333333333333333,12.26126126126126
R0057,10,1.5,12,0.5,pullback,short,atr_sl_fixed_tp,10.0,24.0,96,0.7,1.25,1.0,24,240.0,7187.980468751269,149340.019531251,142152.03906249997,1.0505654404689242,24108.14140624964,29.949918619796954,0.4166666666666667,14.2125,105.0,-21398.98046874948,49223.243945312905,70622.22441406248,0.6969936780341833,27266.58046874966,-203.79981398809028,0.34285714285714286,13.257142857142858
R0058,10,1.5,12,0.5,pullback,short,atr_sl_fixed_tp,10.0,24.0,96,0.7,1.5,1.0,24,238.0,10365.600000001285,152224.839062501,141859.23906249998,1.0730696151234407,23040.551171874635,43.55294117647598,0.4369747899159664,14.802521008403362,103.0,-20921.375585937014,50973.2341796878,71894.6097656249,0.7089993859881791,31216.575585937127,-203.12015131977682,0.34951456310679613,13.805825242718447
R0059,10,1.5,12,0.5,pullback,short,fixed_sl_atr_tp,10.0,24.0,96,0.7,1.25,1.0,24,243.0,7616.5902343762355,146749.009765626,139132.41953125,1.0547434613732514,17862.960937499643,31.34399273405858,0.39094650205761317,13.930041152263374,109.0,-19014.22929687457,50407.01464843785,69421.24394531253,0.7261035928446719,25908.009765624658,-174.44247061352817,0.3211009174311927,12.65137614678899
R0060,10,1.5,12,0.5,pullback,short,fixed_sl_atr_tp,10.0,24.0,96,0.7,1.5,1.0,24,242.0,8260.409765626404,146389.02929687616,138128.61953125,1.0598023045018368,17262.960937499643,34.13392465134878,0.3925619834710744,14.115702479338843,109.0,-18414.229296874575,51007.01464843785,69421.24394531253,0.7347464803226412,25908.00976562466,-168.9378834575649,0.3211009174311927,12.697247706422019
R0061,10,1.5,12,0.5,pullback,short,atr_sl_fixed_tp,12.0,16.0,96,0.7,1.25,1.0,24,249.0,-4706.287890623951,146297.80976562563,151004.09765624968,0.9688333762879893,19383.039062499338,-18.900754580819083,0.4779116465863454,13.967871485943775,109.0,-23234.21464843718,51906.62441406259,75140.83906249989,0.6907911205368392,37230.38535156221,-213.15793255446954,0.3944954128440367,12.788990825688073
R0062,10,1.5,12,0.5,pullback,short,atr_sl_fixed_tp,12.0,16.0,96,0.7,1.5,1.0,24,248.0,-5802.497656248821,147230.17070312565,153032.66835937454,0.9620832746468055,20760.799999999854,-23.397167968745247,0.4879032258064516,14.528225806451612,109.0,-27664.224414062115,51906.62441406259,79570.84882812483,0.6523321691111063,40667.99511718715,-253.80022398222124,0.3944954128440367,12.98165137614679
R0063,10,1.5,12,0.5,pullback,short,fixed_sl_atr_tp,12.0,16.0,96,0.7,1.25,1.0,24,244.0,-8117.190234373752,138725.87812500077,146843.06835937474,0.9447220061180658,26891.590234374216,-33.2671730916957,0.44672131147540983,13.971311475409836,112.0,-19865.590234374667,54156.63417968769,74022.22441406248,0.7316266784519813,33234.19023437474,-177.37134137834525,0.38392857142857145,12.321428571428571
R0064,10,1.5,12,0.5,pullback,short,fixed_sl_atr_tp,12.0,16.0,96,0.7,1.5,1.0,24,243.0,-6003.390234373723,140839.67812500082,146843.06835937474,0.9591169654690027,26551.599999999125,-24.705309606476224,0.4444444444444444,14.1440329218107,108.0,-27020.39023437457,46571.84394531276,73592.23417968742,0.6328363918344974,33630.380468749696,-250.1887984664312,0.3611111111111111,12.796296296296296
R0065,10,1.5,12,0.5,pullback,short,atr_sl_fixed_tp,12.0,20.0,96,0.7,1.25,1.0,24,236.0,-1416.7999999987185,146333.41953125084,147750.21953124972,0.9904108433510704,22756.780468749625,-6.003389830503044,0.4533898305084746,15.177966101694915,109.0,-17934.165820312144,58610.443945312654,76544.60976562492,0.7657030864064025,35500.37558593719,-164.5336313790105,0.3853211009174312,13.394495412844037
R0066,10,1.5,12,0.5,pullback,short,atr_sl_fixed_tp,12.0,20.0,96,0.7,1.5,1.0,24,235.0,1996.9609375013692,149568.1804687509,147571.2195312497,1.013532184282575,18604.570703124835,8.497706117027104,0.4723404255319149,15.761702127659575,109.0,-22364.175585937075,58610.443945312654,80974.61953124985,0.7238125265002774,38730.38535156213,-205.17592280676215,0.3853211009174312,13.587155963302752
R0067,10,1.5,12,0.5,pullback,short,fixed_sl_atr_tp,12.0,20.0,96,0.7,1.25,1.0,24,237.0,-1430.619531248716,144312.40000000087,145743.01953124974,0.9901839584780792,22806.419531249034,-6.0363693301633585,0.43037974683544306,14.738396624472573,107.0,-26266.590234374526,47325.643945312804,73592.23417968742,0.643079320431549,32300.370703124667,-245.4821517231264,0.35514018691588783,13.392523364485982
R0068,10,1.5,12,0.5,pullback,short,fixed_sl_atr_tp,12.0,20.0,96,0.7,1.5,1.0,24,236.0,-656.7999999987121,145626.20976562588,146283.00976562474,0.9955100732405548,22264.360937499612,-2.78305084745217,0.4279661016949153,14.953389830508474,107.0,-25266.590234374526,48325.643945312804,73592.23417968742,0.6566677107168384,32300.370703124667,-236.13635733060303,0.35514018691588783,13.392523364485982
R0069,10,1.5,12,0.5,pullback,short,atr_sl_fixed_tp,12.0,24.0,96,0.7,1.25,1.0,24,234.0,8630.800000001449,154877.21953125103,146246.41953124976,1.0590154619009804,21066.780468749548,36.88376068376687,0.452991452991453,15.666666666666666,103.0,-27161.36093749949,48953.25859375027,76114.61953124986,0.6431518530241338,35806.55117187464,-263.7025333737814,0.34951456310679613,14.533980582524272
R0070,10,1.5,12,0.5,pullback,short,atr_sl_fixed_tp,12.0,24.0,96,0.7,1.5,1.0,24,233.0,9544.58046875148,158205.7804687511,148661.19999999972,1.0642035747643057,17512.980468749538,40.96386467275313,0.4678111587982833,16.103004291845494,103.0,-31591.370703124427,48953.25859375027,80544.62929687479,0.6077780606987002,39036.56093749958,-306.71233692353815,0.34951456310679613,14.737864077669903
R0071,10,1.5,12,0.5,pullback,short,fixed_sl_atr_tp,12.0,24.0,96,0.7,1.25,1.0,24,235.0,7536.9902343764115,152616.20000000103,145079.20976562475,1.0519508635768853,20584.37070312454,32.072298869686854,0.4297872340425532,15.263829787234043,106.0,-26392.765820311954,48403.268359375375,74796.03417968743,0.6471368287133115,32210.356054687167,-248.9883567953958,0.33962264150943394,13.820754716981131
R0072,10,1.5,12,0.5,pullback,short,fixed_sl_atr_tp,12.0,24.0,96,0.7,1.5,1.0,24,234.0,8380.809765626573,152256.21953125118,143875.40976562476,1.058250466700869,19984.370703124543,35.81542634883151,0.43162393162393164,15.461538461538462,106.0,-25792.765820311954,49003.268359375375,74796.03417968743,0.6551586443961935,32210.356054687167,-243.32797943690522,0.33962264150943394,13.867924528301886
R0073,10,1.5,24,0.382,pullback,short,atr_sl_fixed_tp,8.0,16.0,96,0.7,1.25,1.0,24,264.0,17746.839062501123,147898.16093750074,130151.32187500011,1.1363554269509843,9075.590234374864,67.22287523674667,0.42045454545454547,10.284090909090908,114.0,-12423.18046875004,52901.80000000007,65324.98046875022,0.8098249646673361,21899.419531249878,-108.9752672697372,0.34210526315789475,9.482456140350877
R0074,10,1.5,24,0.382,pullback,short,atr_sl_fixed_tp,8.0,16.0,96,0.7,1.5,1.0,24,258.0,21529.66835937616,150610.55117187576,129080.88281250009,1.166792075559703,10153.970703124893,83.44832697432619,0.437984496124031,10.790697674418604,113.0,-10889.370703125047,56094.20000000006,66983.57070312522,0.837432215260852,22953.99999999996,-96.36611241703581,0.36283185840707965,10.097345132743364
R0075,10,1.5,24,0.382,pullback,short,fixed_sl_atr_tp,8.0,16.0,96,0.7,1.25,1.0,24,262.0,19414.400000001122,143338.5316406258,123924.13164062517,1.1566635952414948,10648.399999999914,74.10076335878291,0.3931297709923664,10.366412213740459,116.0,-7350.770703125052,54075.60000000005,61426.37070312521,0.8803320036820738,18989.409765624867,-63.36871295797459,0.3275862068965517,9.25
R0076,10,1.5,24,0.382,pullback,short,fixed_sl_atr_tp,8.0,16.0,96,0.7,1.5,1.0,24,262.0,23484.380468751293,148212.31210937598,124727.93164062517,1.1882848545618125,10648.399999999914,89.635039957066,0.3893129770992366,10.530534351145038,115.0,-9366.96093750008,52863.20976562503,62230.170703125215,0.8494787844599345,18577.79023437498,-81.45183423913113,0.3130434782608696,9.495652173913044
R0077,10,1.5,24,0.382,pullback,short,atr_sl_fixed_tp,8.0,20.0,96,0.7,1.25,1.0,24,249.0,17363.829296876364,144573.770703126,127209.9414062501,1.1364974239035597,13771.560937499766,69.73425420432274,0.39759036144578314,11.72289156626506,113.0,-15759.390234375009,51666.9804687501,67426.37070312523,0.7662726012087631,24003.219531249822,-139.4636303926992,0.30973451327433627,10.460176991150442
R0078,10,1.5,24,0.382,pullback,short,atr_sl_fixed_tp,8.0,20.0,96,0.7,1.5,1.0,24,243.0,19126.668359376396,145879.95117187605,126753.2828125001,1.1508968283501508,12971.56093749976,78.71056938014978,0.411522633744856,12.283950617283951,111.0,-15241.765820312477,52639.395117187654,67881.16093750023,0.7754639783732334,24979.424414062327,-137.3132055884007,0.3333333333333333,11.35135135135135
R0079,10,1.5,24,0.382,pullback,short,fixed_sl_atr_tp,8.0,20.0,96,0.7,1.25,1.0,24,253.0,24508.590234376614,146295.14140625126,121786.55117187517,1.2012421732822334,12490.180468749888,96.87189815959135,0.3794466403162055,11.458498023715414,114.0,-12193.160937500046,50840.80976562506,63033.97070312522,0.8065620680168317,19223.209765624844,-106.95755208333374,0.2982456140350877,10.333333333333334
R0080,10,1.5,24,0.382,pullback,short,fixed_sl_atr_tp,8.0,20.0,96,0.7,1.5,1.0,24,254.0,21284.760937501655,145536.53164062632,124251.77070312519,1.1713034817697432,12490.180468749888,83.79827140748682,0.3661417322834646,11.665354330708661,114.0,-11113.18046875005,51920.79023437506,63033.97070312522,0.8236953765598782,18223.209765624848,-97.48403919956183,0.2982456140350877,10.491228070175438
R0081,10,1.5,24,0.382,pullback,short,atr_sl_fixed_tp,8.0,24.0,96,0.7,1.25,1.0,24,246.0,26865.287890626587,153875.22929687623,127009.94140625015,1.2115211423072434,12971.560937499758,109.20848736027068,0.3902439024390244,12.260162601626016,112.0,-13015.551171875015,54610.8195312501,67626.37070312523,0.8075373402927027,24003.190234374844,-116.21027832031264,0.30357142857142855,11.044642857142858
R0082,10,1.5,24,0.382,pullback,short,atr_sl_fixed_tp,8.0,24.0,96,0.7,1.5,1.0,24,240.0,29228.126953126593,155581.40976562627,126353.28281250014,1.2313206772514074,11771.560937499758,121.78386230469414,0.4041666666666667,12.841666666666667,110.0,-12087.916992187382,55963.22441406271,68051.1414062502,0.822370106622822,24599.404882812283,-109.89015447443074,0.32727272727272727,11.845454545454546
R0083,10,1.5,24,0.382,pullback,short,fixed_sl_atr_tp,8.0,24.0,96,0.7,1.25,1.0,24,250.0,27320.039062501666,149964.20976562635,122644.17070312523,1.2227585616656214,11690.180468749888,109.28015625000667,0.364,12.096,114.0,-8553.15117187503,54480.81953125008,63033.97070312522,0.8643088627216836,20157.77070312498,-75.0276418585529,0.2982456140350877,10.842105263157896
R0084,10,1.5,24,0.382,pullback,short,fixed_sl_atr_tp,8.0,24.0,96,0.7,1.5,1.0,24,249.0,25213.85859375174,147858.02929687646,122644.17070312523,1.2055854628002203,11690.180468749888,101.26047628012746,0.3614457831325301,12.353413654618475,114.0,-6153.15117187502,56880.819531250076,63033.97070312522,0.9023835702679275,20157.770703124977,-53.975010279605435,0.2982456140350877,10.850877192982455
R0085,10,1.5,24,0.382,pullback,short,atr_sl_fixed_tp,10.0,16.0,96,0.7,1.25,1.0,24,248.0,30087.678125001294,157544.00000000096,127456.32187500004,1.2360626580336183,10286.390234374852,121.32128276210199,0.4838709677419355,12.149193548387096,109.0,-12134.165820312499,57472.80488281254,69606.97070312517,0.8256759962724848,26553.999999999956,-111.32262220470183,0.4036697247706422,11.009174311926605
R0086,10,1.5,24,0.382,pullback,short,atr_sl_fixed_tp,10.0,16.0,96,0.7,1.5,1.0,24,245.0,24629.068359376266,157374.0195312509,132744.951171875,1.1855367616014771,9382.5804687499,100.52680963010721,0.4897959183673469,12.510204081632653,109.0,-18384.16582031251,57472.80488281254,75856.97070312519,0.75764698155083,29553.999999999964,-168.66207174598634,0.4036697247706422,11.238532110091743
R0087,10,1.5,24,0.382,pullback,short,fixed_sl_atr_tp,10.0,16.0,96,0.7,1.25,1.0,24,245.0,24999.039062501364,149671.98046875093,124672.94140625003,1.2005169588567008,13236.390234374852,102.03689413265863,0.4489795918367347,12.30204081632653,110.0,-12337.965820312504,55054.204882812526,67392.17070312516,0.8169228607479698,24528.00976562486,-112.16332563920457,0.37272727272727274,10.527272727272727
R0088,10,1.5,24,0.382,pullback,short,fixed_sl_atr_tp,10.0,16.0,96,0.7,1.5,1.0,24,245.0,28949.00000000153,154625.74140625115,125676.74140625003,1.230344928393898,13236.390234374852,118.15918367347564,0.4448979591836735,12.489795918367347,109.0,-14954.156054687535,53441.81464843752,68395.97070312516,0.7813591078398957,24177.79023437498,-137.19409224483977,0.3577981651376147,10.81651376146789
R0089,10,1.5,24,0.382,pullback,short,atr_sl_fixed_tp,10.0,20.0,96,0.7,1.25,1.0,24,232.0,27828.487890626573,150907.21953125115,123078.73164062502,1.2261031416206167,14901.57070312474,119.95037883890764,0.45689655172413796,13.801724137931034,108.0,-12240.36093749991,57610.40000000013,69850.76093750018,0.8247641003016093,26364.2244140623,-113.33667534722139,0.3888888888888889,12.287037037037036
R0090,10,1.5,24,0.382,pullback,short,atr_sl_fixed_tp,10.0,20.0,96,0.7,1.5,1.0,24,229.0,22869.85859375149,151237.21953125106,128367.3609375,1.1781594513334743,13543.99023437476,99.8683781386528,0.462882096069869,14.179039301310043,108.0,-18240.36093749993,57610.40000000013,75850.76093750019,0.7595230329656175,30614.22441406232,-168.89223090277713,0.3888888888888889,12.518518518518519
R0091,10,1.5,24,0.382,pullback,short,fixed_sl_atr_tp,10.0,20.0,96,0.7,1.25,1.0,24,236.0,28363.209765626783,150902.40000000133,122539.19023437501,1.2314623567478888,15151.57070312474,120.18309222723214,0.4322033898305085,13.415254237288135,109.0,-13084.156054687497,55311.81464843755,68395.97070312516,0.8086998997136864,24058.009765624836,-120.03812894208713,0.3577981651376147,11.706422018348624
R0092,10,1.5,24,0.382,pullback,short,fixed_sl_atr_tp,10.0,20.0,96,0.7,1.5,1.0,24,236.0,29303.18046875186,152846.1707031264,123542.99023437501,1.2371901506767802,15151.57070312474,124.16601893538923,0.4279661016949153,13.673728813559322,109.0,-13404.156054687483,54991.81464843757,68395.97070312516,0.8040212615320755,23777.79023437498,-122.97390875860076,0.3577981651376147,11.79816513761468
R0093,10,1.5,24,0.382,pullback,short,atr_sl_fixed_tp,10.0,24.0,96,0.7,1.25,1.0,24,229.0,37509.926953126655,160588.65859375137,123078.73164062506,1.3047636781198781,13701.57070312474,163.7988076555749,0.4497816593886463,14.393013100436681,107.0,-8486.512109374818,61334.229296875186,69820.74140625015,0.8784528502784521,27373.98046874992,-79.3131972838768,0.38317757009345793,12.80373831775701
R0094,10,1.5,24,0.382,pullback,short,atr_sl_fixed_tp,10.0,24.0,96,0.7,1.5,1.0,24,226.0,32551.29765625165,160918.6585937513,128367.36093750004,1.253579238667218,12343.99023437476,144.03229051438782,0.4557522123893805,14.778761061946902,107.0,-14486.512109374818,61334.229296875186,75820.74140625015,0.8089373456300601,30373.98046874992,-135.387963639017,0.38317757009345793,13.037383177570094
R0095,10,1.5,24,0.382,pullback,short,fixed_sl_atr_tp,10.0,24.0,96,0.7,1.25,1.0,24,233.0,34514.63906250182,157053.82929687647,122539.19023437506,1.2816620462113946,14351.57070312474,148.1314981223254,0.4248927038626609,14.068669527896995,109.0,-10044.12675781245,58351.843945312576,68395.97070312516,0.8531473907811116,25757.770703124977,-92.14795190653624,0.3577981651376147,12.18348623853211
R0096,10,1.5,24,0.382,pullback,short,fixed_sl_atr_tp,10.0,24.0,96,0.7,1.5,1.0,24,233.0,29124.6097656269,153791.42929687648,124666.81953125003,1.2336195779689867,14351.570703124742,124.99832517436438,0.41630901287553645,14.257510729613735,109.0,-8844.126757812448,59551.843945312576,68395.97070312516,0.8706922839621534,25757.770703124974,-81.13877759460962,0.3577981651376147,12.18348623853211
R0097,10,1.5,24,0.382,pullback,short,atr_sl_fixed_tp,12.0,16.0,96,0.7,1.25,1.0,24,242.0,19230.526953126166,157374.0195312509,138143.492578125,1.1392068970766058,11182.580468749906,79.46498740961225,0.49586776859504134,13.045454545454545,104.0,-12105.190234374919,58401.40000000006,70506.59023437511,0.8283112231901235,25779.02441406233,-116.39605994591268,0.4519230769230769,12.336538461538462
R0098,10,1.5,24,0.382,pullback,short,atr_sl_fixed_tp,12.0,16.0,96,0.7,1.5,1.0,24,239.0,24601.89765625135,161032.63906250102,136430.74140624993,1.1803251774685737,10788.780468749845,102.9368102772023,0.5146443514644351,13.506276150627615,103.0,-14091.375585937347,58401.40000000006,72492.77558593755,0.8056168290972295,28542.59999999996,-136.8094717081296,0.4563106796116505,12.854368932038835
R0099,10,1.5,24,0.382,pullback,short,fixed_sl_atr_tp,12.0,16.0,96,0.7,1.25,1.0,24,237.0,23169.546484376282,152784.370703126,129614.82421875009,1.1787569178450825,10677.751171874832,97.76179951213621,0.47257383966244726,13.362869198312236,103.0,-5541.365820312372,57355.2146484376,62896.58046875011,0.9118971845684725,23349.019531249818,-53.79966815837255,0.44660194174757284,12.553398058252426
R0100,10,1.5,24,0.382,pullback,short,fixed_sl_atr_tp,12.0,16.0,96,0.7,1.5,1.0,24,237.0,27319.507421876442,158138.13164062618,130818.62421875009,1.2088350002534303,10277.751171874832,115.27218321466853,0.46835443037974683,13.556962025316455,102.0,-9727.526757812313,54142.83417968765,63870.36093750007,0.8476988917076698,24568.999999999793,-95.3679093903168,0.43137254901960786,12.950980392156863
R0101,10,1.5,24,0.382,pullback,short,atr_sl_fixed_tp,12.0,20.0,96,0.7,1.25,1.0,24,227.0,20657.49765625142,153233.41953125107,132575.921875,1.1558163606490184,11860.1511718748,91.0021923182882,0.4713656387665198,14.665198237885463,102.0,-8517.595117187333,60678.985351562646,69196.58046875011,0.8769072827083688,25015.23906249978,-83.50583448222875,0.4411764705882353,13.862745098039216
R0102,10,1.5,24,0.382,pullback,short,atr_sl_fixed_tp,12.0,20.0,96,0.7,1.5,1.0,24,224.0,28938.868359376647,157998.23906250123,129059.37070312495,1.2242291141024104,11859.970703124618,129.19137660436004,0.4955357142857143,15.267857142857142,101.0,-9903.780468749754,60678.985351562646,70582.76582031253,0.8596855712063958,26048.81953124992,-98.05723236385894,0.44554455445544555,14.386138613861386
R0103,10,1.5,24,0.382,pullback,short,fixed_sl_atr_tp,12.0,20.0,96,0.7,1.25,1.0,24,228.0,27813.68789062673,154704.78046875139,126891.09257812504,1.2191933832826118,12467.731640624777,121.98985916941548,0.45614035087719296,14.543859649122806,101.0,-4913.736523437278,57752.82441406267,62666.560937500064,0.921589178504018,22268.799999999883,-48.65085666769583,0.43564356435643564,14.05940594059406
R0104,10,1.5,24,0.382,pullback,short,fixed_sl_atr_tp,12.0,20.0,96,0.7,1.5,1.0,24,227.0,24957.468359376864,153156.15117187644,128198.68281249999,1.1946780404591097,11967.731640624777,109.94479453469984,0.44493392070484583,14.911894273127754,101.0,-5233.736523437261,57432.82441406269,62666.560937500064,0.9164827869099568,22268.799999999883,-51.81917349937882,0.43564356435643564,14.158415841584159
R0105,10,1.5,24,0.382,pullback,short,atr_sl_fixed_tp,12.0,24.0,96,0.7,1.25,1.0,24,224.0,30738.936718751607,163314.8585937513,132575.92187500003,1.2318591210531702,10660.151171874797,137.2273960658554,0.4642857142857143,15.285714285714286,101.0,-4163.7462890622355,64802.81464843771,68966.56093750008,0.9396265924752185,24968.79999999988,-41.22521078279441,0.43564356435643564,14.415841584158416
R0106,10,1.5,24,0.382,pullback,short,atr_sl_fixed_tp,12.0,24.0,96,0.7,1.5,1.0,24,221.0,38930.31718750169,168469.6683593765,129539.351171875,1.3005288882128805,9710.751171874897,176.15528139141037,0.48868778280542985,15.85972850678733,100.0,-5549.931640624666,64802.81464843771,70352.7462890625,0.9211127932686314,27668.79999999988,-55.49931640624666,0.44,14.95
R0107,10,1.5,24,0.382,pullback,short,fixed_sl_atr_tp,12.0,24.0,96,0.7,1.25,1.0,24,224.0,29968.926953126862,156963.80976562647,126994.88281250003,1.2359853112930044,11167.731640624777,133.78985246931634,0.4419642857142857,15.34375,101.0,506.2732421877669,63172.8341796877,62666.560937500064,1.0080788419631415,22268.79999999988,5.012606358294722,0.43564356435643564,14.396039603960396
R0108,10,1.5,24,0.382,pullback,short,fixed_sl_atr_tp,12.0,24.0,96,0.7,1.5,1.0,24,224.0,29578.89765625191,157897.60976562652,128318.712109375,1.2305111793129544,11091.048828124609,132.0486502511246,0.4375,15.575892857142858,101.0,1706.2732421877677,64372.8341796877,62666.560937500064,1.0272278104408725,22268.799999999876,16.89379447710661,0.43564356435643564,14.396039603960396
R0109,10,1.5,24,0.5,pullback,short,atr_sl_fixed_tp,8.0,16.0,96,0.7,1.25,1.0,24,216.0,15599.19023437541,120930.35117187515,105331.16093750013,1.1480966325210358,17694.809765624934,72.21847330729356,0.42592592592592593,10.74074074074074,111.0,-9481.756054687214,51234.24394531274,60716.00000000007,0.843834309659936,32369.39511718729,-85.42122571790283,0.36936936936936937,8.972972972972974
R0110,10,1.5,24,0.5,pullback,short,atr_sl_fixed_tp,8.0,16.0,96,0.7,1.5,1.0,24,213.0,14120.541406250519,121716.5316406252,107595.99023437503,1.1312366880540023,18287.20976562494,66.2936216255893,0.43661971830985913,11.230046948356808,109.0,-10674.156054687208,52030.443945312734,62704.60000000007,0.8297707655469084,32361.795117187285,-97.92803719896521,0.3853211009174312,9.440366972477063
R0111,10,1.5,24,0.5,pullback,short,fixed_sl_atr_tp,8.0,16.0,96,0.7,1.25,1.0,24,216.0,19599.200000000565,119565.55117187534,99966.35117187514,1.1960579712097594,17062.429296874903,90.73703703703966,0.4074074074074074,10.458333333333334,117.0,-11024.546289062226,51241.84394531274,62266.39023437511,0.8229454727090298,30380.79511718728,-94.2268913595062,0.3333333333333333,8.393162393162394
R0112,10,1.5,24,0.5,pullback,short,fixed_sl_atr_tp,8.0,16.0,96,0.7,1.5,1.0,24,215.0,25032.990234375644,124195.5414062504,99162.55117187514,1.25244399159302,16262.429296874907,116.43251271802625,0.40930232558139534,10.8,117.0,-11194.565820312228,51875.62441406274,63070.19023437511,0.8225062303013159,29980.795117187285,-95.68004974625835,0.3247863247863248,8.632478632478632
R0113,10,1.5,24,0.5,pullback,short,atr_sl_fixed_tp,8.0,20.0,96,0.7,1.25,1.0,24,209.0,17165.721875000636,122049.29257812542,104883.57070312512,1.1636645449799587,18241.00976562494,82.13264055024227,0.41626794258373206,11.818181818181818,109.0,-4004.1804687496333,56511.81953125031,60516.00000000007,0.9338326976543433,30909.390234374765,-36.73560063073058,0.3577981651376147,9.623853211009175
R0114,10,1.5,24,0.5,pullback,short,atr_sl_fixed_tp,8.0,20.0,96,0.7,1.5,1.0,24,206.0,15687.073046875761,122835.47304687546,107148.40000000002,1.1464051077465967,18833.409765624943,76.15084003337748,0.42718446601941745,12.276699029126213,107.0,-4996.580468749634,57308.019531250306,62304.60000000007,0.9198039876871088,30901.790234374766,-46.69701372663209,0.37383177570093457,10.121495327102803
R0115,10,1.5,24,0.5,pullback,short,fixed_sl_atr_tp,8.0,20.0,96,0.7,1.25,1.0,24,211.0,26688.112109375714,124983.08281250048,98294.97070312512,1.2715104538764246,16652.409765624947,126.4839436463304,0.4075829383886256,11.52132701421801,116.0,-7320.790234374659,55749.400000000314,63070.19023437511,0.8839263016780191,28820.79023437477,-63.110260641160856,0.31896551724137934,9.051724137931034
R0116,10,1.5,24,0.5,pullback,short,fixed_sl_atr_tp,8.0,20.0,96,0.7,1.5,1.0,24,209.0,21735.7218750007,120030.69257812551,98294.97070312512,1.2211275075369583,15652.409765624943,103.99866925837657,0.4019138755980861,11.952153110047847,113.0,-10639.409765624605,51760.800000000316,62400.209765625055,0.8294972115384496,28320.790234374763,-94.15406872234163,0.3008849557522124,9.548672566371682
R0117,10,1.5,24,0.5,pullback,short,atr_sl_fixed_tp,8.0,24.0,96,0.7,1.25,1.0,24,206.0,25197.131640625794,128073.10234375056,102875.97070312512,1.2449272796009692,17041.009765624945,122.31617301274657,0.4174757281553398,12.592233009708737,106.0,-8712.80488281217,51803.19511718784,60516.000000000124,0.8560247722451539,31495.575585937288,-82.19627247936009,0.33962264150943394,10.641509433962264
R0118,10,1.5,24,0.5,pullback,short,atr_sl_fixed_tp,8.0,24.0,96,0.7,1.5,1.0,24,203.0,23098.502343750864,128459.29257812558,105360.79023437503,1.2192324326000967,17633.409765624947,113.78572583128505,0.42857142857142855,12.975369458128078,104.0,-10285.204882812093,52019.39511718791,62304.600000000115,0.834920617694164,32067.975585937213,-98.89620079627012,0.3557692307692308,11.115384615384615
R0119,10,1.5,24,0.5,pullback,short,fixed_sl_atr_tp,8.0,24.0,96,0.7,1.25,1.0,24,207.0,24733.34140625079,122224.51210937559,97491.17070312511,1.2536982706010078,15252.409765624945,119.48474109299899,0.40096618357487923,12.396135265700483,113.0,-9219.404882812054,53180.804882812874,62400.209765625055,0.8522536235464555,28690.785351562266,-81.58765383019517,0.3008849557522124,9.929203539823009
R0120,10,1.5,24,0.5,pullback,short,fixed_sl_atr_tp,8.0,24.0,96,0.7,1.5,1.0,24,206.0,25007.19023437585,121694.56093750068,96687.37070312511,1.2586396760251055,15768.59023437491,121.39412735133907,0.4029126213592233,12.572815533980583,113.0,-8459.41464843707,53940.79511718785,62400.209765625055,0.864432913283293,28090.785351562263,-74.86207653484134,0.3008849557522124,10.053097345132743
R0121,10,1.5,24,0.5,pullback,short,atr_sl_fixed_tp,10.0,16.0,96,0.7,1.25,1.0,24,206.0,23487.131640625554,131159.98046875017,107672.84882812499,1.2181342083566211,18205.44882812493,114.015202138959,0.4854368932038835,12.529126213592233,104.0,-5155.126757812092,55721.45371093782,60876.580468750035,0.9153183914385843,32918.9951171873,-49.56852651742396,0.4519230769230769,10.788461538461538
R0122,10,1.5,24,0.5,pullback,short,atr_sl_fixed_tp,10.0,16.0,96,0.7,1.5,1.0,24,206.0,19887.092578125525,133052.36093750017,113165.268359375,1.175734948243753,20705.44882812492,96.53928435983265,0.49514563106796117,12.868932038834952,103.0,-7331.316992187196,56671.44394531273,64002.76093750003,0.8854531135094862,37168.99511718731,-71.17783487560385,0.4563106796116505,11.048543689320388
R0123,10,1.5,24,0.5,pullback,short,fixed_sl_atr_tp,10.0,16.0,96,0.7,1.25,1.0,24,207.0,25913.380468750584,131775.1707031253,105861.7902343751,1.2447850202738748,16083.448828124889,125.18541289251489,0.463768115942029,12.328502415458937,105.0,-1208.9267578120898,56929.05371093783,58137.98046875003,0.9792059038159742,32076.595117187302,-11.51358816963895,0.42857142857142855,10.504761904761905
R0124,10,1.5,24,0.5,pullback,short,fixed_sl_atr_tp,10.0,16.0,96,0.7,1.5,1.0,24,206.0,31947.170703125645,136805.16093750042,104857.9902343751,1.3046708279618755,15283.448828124892,155.08335292779438,0.46601941747572817,12.70388349514563,104.0,-1925.165820312157,56212.81464843781,58137.98046875008,0.9668862625638145,31676.595117187302,-18.511209810693817,0.4230769230769231,10.942307692307692
R0125,10,1.5,24,0.5,pullback,short,atr_sl_fixed_tp,10.0,20.0,96,0.7,1.25,1.0,24,198.0,24007.502343750806,131676.5414062504,107669.03906249993,1.2229749847568954,20285.848828124923,121.25001183712529,0.4696969696969697,13.808080808080808,102.0,372.4488281254821,60999.02929687539,60626.58046875003,1.0061433256707815,31469.199999999946,3.6514590992694327,0.4411764705882353,11.509803921568627
R0126,10,1.5,24,0.5,pullback,short,atr_sl_fixed_tp,10.0,20.0,96,0.7,1.5,1.0,24,197.0,19511.263281250773,131972.7218750004,112461.45859374994,1.1734928883657108,23285.848828124923,99.04194559010544,0.47715736040609136,14.238578680203046,101.0,-1153.7414062496312,62349.0195312503,63502.76093750003,0.9818316339444634,35708.990234374796,-11.423182240095358,0.44554455445544555,11.831683168316832
R0127,10,1.5,24,0.5,pullback,short,fixed_sl_atr_tp,10.0,20.0,96,0.7,1.25,1.0,24,201.0,32856.131640625754,137090.32187500046,104234.19023437503,1.315214533415063,18273.42929687493,163.46334149565052,0.4577114427860697,13.606965174129353,103.0,1948.609765625418,60086.590234375384,58137.98046875008,1.0335169840767466,30772.999999999945,18.91854141383901,0.4174757281553398,11.398058252427184
R0128,10,1.5,24,0.5,pullback,short,fixed_sl_atr_tp,10.0,20.0,96,0.7,1.5,1.0,24,199.0,28403.741406250745,132637.93164062547,104234.19023437503,1.2724992763159901,17273.42929687493,142.7323688756319,0.45226130653266333,14.075376884422111,101.0,-2173.809765624532,56097.990234375386,58271.800000000025,0.9626953386436554,30772.99999999995,-21.522868966579523,0.39603960396039606,11.762376237623762
R0129,10,1.5,24,0.5,pullback,short,atr_sl_fixed_tp,10.0,24.0,96,0.7,1.25,1.0,24,195.0,34258.912109375924,139300.36093750058,105041.44882812489,1.3261466068069203,19085.848828124927,175.68672876603037,0.4717948717948718,14.58974358974359,99.0,-6066.185351561944,54560.39511718803,60626.58046875008,0.899941819171397,32425.175585937235,-61.27459951072671,0.42424242424242425,12.515151515151516
R0130,10,1.5,24,0.5,pullback,short,atr_sl_fixed_tp,10.0,24.0,96,0.7,1.5,1.0,24,194.0,30012.673046875898,139596.54140625056,109583.86835937492,1.2738785689555197,22085.848828124927,154.70450024162835,0.4793814432989691,15.030927835051546,98.0,-11092.375585937,53914.18535156298,65006.560937500086,0.8293652913495645,36675.175585937235,-113.18750597894898,0.41836734693877553,12.73469387755102
R0131,10,1.5,24,0.5,pullback,short,fixed_sl_atr_tp,10.0,24.0,96,0.7,1.25,1.0,24,197.0,34391.34140625086,136831.7511718756,102440.40976562498,1.335720459191203,16873.42929687493,174.57533708756782,0.4517766497461929,14.588832487309645,100.0,-2780.034179686887,54487.96582031304,57268.00000000002,0.9514557138421634,31262.804882812234,-27.80034179686887,0.4,12.14
R0132,10,1.5,24,0.5,pullback,short,fixed_sl_atr_tp,10.0,24.0,96,0.7,1.5,1.0,24,197.0,34461.39023437594,136901.80000000066,102440.40976562498,1.3364042599323884,18193.40976562489,174.93091489530934,0.4517766497461929,14.67005076142132,100.0,-2020.0439453119013,55247.95605468802,57268.00000000002,0.9647264799659145,31249.21953124989,-20.200439453119014,0.4,12.27
R0133,10,1.5,24,0.5,pullback,short,atr_sl_fixed_tp,12.0,16.0,96,0.7,1.25,1.0,24,202.0,18342.28281250052,133948.56093750015,115606.27812499998,1.1586616497822675,21545.858593749912,90.80338025990358,0.5099009900990099,13.767326732673267,99.0,-956.1072265621938,59443.85859375023,60399.96582031253,0.9841704011984596,33282.39511718731,-9.657648753153472,0.494949494949495,12.090909090909092
R0134,10,1.5,24,0.5,pullback,short,atr_sl_fixed_tp,12.0,16.0,96,0.7,1.5,1.0,24,197.0,25831.253515625613,137007.14140625024,111175.88789062493,1.232345826111487,19967.868359374836,131.1231142925158,0.5380710659898477,14.294416243654823,99.0,-6126.107226562178,59443.85859375023,65569.96582031251,0.9065714439542301,37252.3951171873,-61.87987097537553,0.494949494949495,12.151515151515152
R0135,10,1.5,24,0.5,pullback,short,fixed_sl_atr_tp,12.0,16.0,96,0.7,1.25,1.0,24,200.0,22889.921875000702,133457.55117187536,110567.62929687499,1.2070219106673685,17691.63906249993,114.4496093750035,0.49,13.76,100.0,2970.08300781291,60897.668359375326,57927.58535156253,1.0512723426979973,29186.19511718731,29.7008300781291,0.48,11.95
R0136,10,1.5,24,0.5,pullback,short,fixed_sl_atr_tp,12.0,16.0,96,0.7,1.5,1.0,24,199.0,27733.721875000774,137097.55117187544,109363.82929687499,1.2535913569715589,16891.63906249993,139.36543655779283,0.49246231155778897,14.175879396984925,98.0,1857.6537109378971,58581.439062500365,56723.78535156257,1.0327491139638236,29182.385351562258,18.955650111611195,0.47959183673469385,12.377551020408163
R0137,10,1.5,24,0.5,pullback,short,atr_sl_fixed_tp,12.0,20.0,96,0.7,1.25,1.0,24,194.0,16762.653515625767,132868.9218750004,116106.26835937492,1.144373372363853,24492.058593749924,86.40543049291632,0.4896907216494845,15.103092783505154,97.0,4251.439062500392,64351.404882812836,60099.96582031253,1.0707394589077022,31932.40976562478,43.829268685571044,0.4845360824742268,13.216494845360824
R0138,10,1.5,24,0.5,pullback,short,atr_sl_fixed_tp,12.0,20.0,96,0.7,1.5,1.0,24,189.0,26561.604687500985,136133.6828125006,109572.07812499987,1.2424121650517501,21974.478124999812,140.53759093915866,0.5238095238095238,15.735449735449736,95.0,5589.03906250042,66347.60488281284,60758.565820312506,1.0919876726358118,29694.80976562475,58.83199013158337,0.5052631578947369,13.736842105263158
R0139,10,1.5,24,0.5,pullback,short,fixed_sl_atr_tp,12.0,20.0,96,0.7,1.25,1.0,24,195.0,28038.882812500877,137782.7121093755,109743.82929687492,1.2554939352138959,20072.039062499927,143.78914262820962,0.48205128205128206,14.994871794871795,97.0,4561.4000000005035,61285.18535156298,56723.78535156257,1.0804142384315463,28532.399999999703,47.02474226804643,0.4742268041237113,13.164948453608247
R0140,10,1.5,24,0.5,pullback,short,fixed_sl_atr_tp,12.0,20.0,96,0.7,1.5,1.0,24,193.0,23586.492578125857,133330.32187500052,109743.82929687492,1.2149231781799805,19072.039062499927,122.20980610427905,0.47668393782383417,15.487046632124352,95.0,438.980468750558,57296.585351562986,56857.60488281252,1.007720699274182,28032.399999999707,4.620847039479558,0.45263157894736844,13.589473684210526
R0141,10,1.5,24,0.5,pullback,short,atr_sl_fixed_tp,12.0,24.0,96,0.7,1.25,1.0,24,191.0,27464.06328125089,140492.74140625054,113028.6781249999,1.2429831414190102,23292.058593749924,143.79090723168005,0.49214659685863876,15.916230366492147,94.0,-4537.185351562,57066.580468750486,61603.76582031258,0.9263488961892967,32698.595117187208,-48.26792927193617,0.4574468085106383,14.180851063829786
R0142,10,1.5,24,0.5,pullback,short,atr_sl_fixed_tp,12.0,24.0,96,0.7,1.5,1.0,24,186.0,37963.01445312606,144157.50234375073,106194.48789062485,1.357485734026289,20774.47812499982,204.10222824261322,0.5268817204301075,16.521505376344088,91.0,-2015.7951171869265,58742.77070312554,60758.56582031256,0.9668228653857872,28977.204882812137,-22.15159469436183,0.4835164835164835,14.989010989010989
R0143,10,1.5,24,0.5,pullback,short,fixed_sl_atr_tp,12.0,24.0,96,0.7,1.25,1.0,24,191.0,29944.102343750936,138114.1414062506,108170.03906249988,1.2768243647064712,18672.039062499927,156.77540494110437,0.47643979057591623,15.900523560209423,95.0,1458.9853515631132,58316.59023437554,56857.60488281252,1.0256603378663256,28802.395117187203,15.357740542769612,0.45263157894736844,13.968421052631578
R0144,10,1.5,24,0.5,pullback,short,fixed_sl_atr_tp,12.0,24.0,96,0.7,1.5,1.0,24,191.0,30014.151171876,138184.19023437568,108170.03906249988,1.2774719453926964,19992.019531249887,157.1421527323351,0.47643979057591623,15.984293193717278,95.0,2218.9755859380957,59076.58046875052,56857.60488281252,1.0390268916622758,28202.395117187203,23.357637746716797,0.45263157894736844,14.105263157894736
R0145,10,2.0,12,0.382,pullback,short,atr_sl_fixed_tp,8.0,16.0,96,0.7,1.25,1.0,24,301.0,25526.131640625797,170748.39023437563,145222.2585937501,1.1757728593936363,11452.61953124991,84.8044240552352,0.43853820598006643,9.853820598006644,115.0,-15396.995117187187,48685.614648437666,64082.60976562497,0.7597320837353518,25576.60488281233,-133.88691406249728,0.33043478260869563,10.582608695652175
R0146,10,2.0,12,0.382,pullback,short,atr_sl_fixed_tp,8.0,16.0,96,0.7,1.5,1.0,24,291.0,27574.15117187585,169714.58046875068,142140.42929687508,1.193992316670749,12652.61953124991,94.75653323668676,0.4570446735395189,10.628865979381443,111.0,-15811.804882812163,48685.614648437666,64497.41953124994,0.7548459303065416,26565.20488281233,-142.4486926379474,0.34234234234234234,11.342342342342342
R0147,10,2.0,12,0.382,pullback,short,fixed_sl_atr_tp,8.0,16.0,96,0.7,1.25,1.0,24,300.0,29899.951171875797,167405.0195312506,137505.0683593752,1.217446175101929,11516.409765624889,99.66650390625266,0.4166666666666667,9.883333333333333,117.0,-14454.575585937177,47537.02441406269,61991.59999999997,0.7668300933362376,23440.804882812266,-123.54338107638613,0.29914529914529914,9.871794871794872
R0148,10,2.0,12,0.382,pullback,short,fixed_sl_atr_tp,8.0,16.0,96,0.7,1.5,1.0,24,292.0,28140.321875000853,164211.58046875068,136071.25859375024,1.206805773429459,11116.409765624889,96.37096532534538,0.4041095890410959,10.363013698630137,117.0,-12054.575585937171,49937.02441406269,61991.59999999997,0.8055450160031797,22701.6048828125,-103.03056056356556,0.29914529914529914,9.914529914529915
R0149,10,2.0,12,0.382,pullback,short,atr_sl_fixed_tp,8.0,20.0,96,0.7,1.25,1.0,24,282.0,28038.28281250112,167831.57070312582,139793.2878906251,1.2005695926862956,12785.560937499828,99.42653479610325,0.41843971631205673,11.078014184397164,114.0,-10513.21953124959,53863.18046875023,64376.39999999997,0.8366914035073452,25101.60488281249,-92.22122395832973,0.3157894736842105,11
R0150,10,2.0,12,0.382,pullback,short,atr_sl_fixed_tp,8.0,20.0,96,0.7,1.5,1.0,24,272.0,26106.370703126075,163911.60000000082,137805.22929687516,1.1894439770996241,14270.36093749974,95.97930405561057,0.4338235294117647,11.871323529411764,110.0,-10728.029296874574,53863.18046875023,64591.209765624946,0.8339088347191151,25894.004882812493,-97.52753906249613,0.32727272727272727,11.790909090909091
R0151,10,2.0,12,0.382,pullback,short,fixed_sl_atr_tp,8.0,20.0,96,0.7,1.25,1.0,24,280.0,24355.91210937622,157679.58046875094,133323.6683593752,1.1826825829883718,11959.409765624718,86.98540039062935,0.38571428571428573,11.282142857142857,117.0,-7974.599999999581,54820.80000000025,62795.39999999997,0.8730066215041273,22301.604882812495,-68.15897435897078,0.2905982905982906,10.162393162393162
R0152,10,2.0,12,0.382,pullback,short,fixed_sl_atr_tp,8.0,20.0,96,0.7,1.5,1.0,24,279.0,24879.66328125129,159007.13164062603,134127.4683593752,1.1854926778651287,11459.409765624718,89.17442036290785,0.37992831541218636,11.412186379928315,116.0,-6990.790234374596,55000.80976562523,61991.59999999997,0.887230040289737,22301.60488281249,-60.26543305495342,0.29310344827586204,10.301724137931034
R0153,10,2.0,12,0.382,pullback,short,atr_sl_fixed_tp,8.0,24.0,96,0.7,1.25,1.0,24,269.0,24237.751171876396,160455.8097656262,136218.05859375023,1.177933465078675,13460.868359374188,90.10316420771895,0.4052044609665427,12.029739776951672,113.0,-8169.419531249453,56206.98046875038,64376.39999999997,0.8730991554164321,26651.595117187437,-72.29574806415445,0.30973451327433627,11.548672566371682
R0154,10,2.0,12,0.382,pullback,short,atr_sl_fixed_tp,8.0,24.0,96,0.7,1.5,1.0,24,261.0,24988.278125001267,160032.05859375114,135043.78046875028,1.1850383485878733,15599.3902343743,95.74052921456423,0.421455938697318,12.743295019157088,109.0,-8434.22929687444,56156.98046875038,64591.209765624946,0.8694214069146725,27493.995117187438,-77.37825043004074,0.3211009174311927,12.238532110091743
R0155,10,2.0,12,0.382,pullback,short,fixed_sl_atr_tp,8.0,24.0,96,0.7,1.25,1.0,24,274.0,23698.721875001433,156084.7707031262,132386.0488281253,1.179012230403285,13252.229296874259,86.49168567518771,0.3795620437956204,11.864963503649635,116.0,-8250.790234374463,54544.60976562538,62795.39999999997,0.8686083656705014,23851.59511718744,-71.1275020204695,0.28448275862068967,10.689655172413794
R0156,10,2.0,12,0.382,pullback,short,fixed_sl_atr_tp,8.0,24.0,96,0.7,1.5,1.0,24,271.0,22620.121875001467,153398.57070312626,130778.4488281253,1.172965210076236,12838.41953124926,83.4690844095995,0.3800738007380074,12.136531365313653,116.0,-7490.799999999481,55304.60000000036,62795.39999999997,0.8807110074941856,23851.59511718744,-64.57586206896104,0.28448275862068967,10.775862068965518
R0157,10,2.0,12,0.382,pullback,short,atr_sl_fixed_tp,10.0,16.0,96,0.7,1.25,1.0,24,284.0,28040.780468750843,176638.00000000073,148597.21953124995,1.1887032648201994,14872.609765624933,98.73514249560156,0.49295774647887325,11.598591549295774,106.0,-21012.7951171871,47015.61464843769,68028.40976562489,0.6911173553875269,30301.814648437245,-198.23391619987828,0.3584905660377358,12.349056603773585
R0158,10,2.0,12,0.382,pullback,short,atr_sl_fixed_tp,10.0,16.0,96,0.7,1.5,1.0,24,282.0,23078.380468750944,176654.21953125074,153575.8390624998,1.1502735105315547,15502.599999999899,81.838228612592,0.5,12.01063829787234,106.0,-26862.790234374566,47015.61464843769,73878.40488281236,0.6363918485112794,34651.80976562471,-253.42254938089212,0.3584905660377358,12.537735849056604
R0159,10,2.0,12,0.382,pullback,short,fixed_sl_atr_tp,10.0,16.0,96,0.7,1.25,1.0,24,286.0,26013.209765625874,175148.46835937572,149135.25859375,1.174426959867932,13832.599999999911,90.95527890078976,0.46153846153846156,11.37062937062937,109.0,-19194.185351562115,47109.40488281269,66303.5902343749,0.7105106181473255,29499.404882812243,-176.09344359231298,0.3394495412844037,11.715596330275229
R0160,10,2.0,12,0.382,pullback,short,fixed_sl_atr_tp,10.0,16.0,96,0.7,1.5,1.0,24,278.0,25123.600000000923,172425.04882812581,147301.44882812505,1.1705590827508805,13749.399999999907,90.37266187050692,0.44964028776978415,11.949640287769784,109.0,-17194.185351562108,49109.40488281268,66303.5902343749,0.7406748972298043,29099.404882812236,-157.7448197391019,0.3394495412844037,11.761467889908257
R0161,10,2.0,12,0.382,pullback,short,atr_sl_fixed_tp,10.0,20.0,96,0.7,1.25,1.0,24,265.0,17033.078125001113,164586.46835937593,147553.39023437505,1.1154367114028718,18890.35117187476,64.27576650943816,0.46037735849056605,12.830188679245284,105.0,-15258.980468749489,52009.41953125026,67268.39999999988,0.7731627262020556,29657.99023437471,-145.32362351189988,0.3523809523809524,12.857142857142858
R0162,10,2.0,12,0.382,pullback,short,atr_sl_fixed_tp,10.0,20.0,96,0.7,1.5,1.0,24,263.0,16140.648828126217,165528.86835937592,149388.21953124992,1.1080449909555927,18496.52187499973,61.371288319871546,0.4714828897338403,13.342205323193916,105.0,-20858.975585936976,52009.41953125026,72868.39511718736,0.7137445451846225,33757.985351562194,-198.6569103422569,0.3523809523809524,13.047619047619047
R0163,10,2.0,12,0.382,pullback,short,fixed_sl_atr_tp,10.0,20.0,96,0.7,1.25,1.0,24,266.0,16639.229296876314,161926.85859375112,145287.62929687503,1.1145261257094101,16507.970703124818,62.55349359727938,0.42857142857142855,12.759398496240602,109.0,-11484.190234374482,54819.40000000028,66303.5902343749,0.8267938403670231,27609.40976562469,-105.35954343462828,0.3394495412844037,12.119266055045872
R0164,10,2.0,12,0.382,pullback,short,fixed_sl_atr_tp,10.0,20.0,96,0.7,1.5,1.0,24,265.0,18562.931640626408,164988.18046875112,146425.24882812495,1.1267741170951704,15454.180468749777,70.04879864387324,0.4188679245283019,12.913207547169812,109.0,-10884.170703124466,55419.4195312503,66303.5902343749,0.835843418664805,27297.804882812492,-99.85477709288502,0.3394495412844037,12.174311926605505
R0165,10,2.0,12,0.382,pullback,short,atr_sl_fixed_tp,10.0,24.0,96,0.7,1.25,1.0,24,255.0,22541.117187501288,165363.0781250012,142821.96093750012,1.1578266888336957,16224.980468749365,88.39653799020113,0.45098039215686275,13.823529411764707,104.0,-11685.19023437438,55583.209765625375,67268.39999999988,0.8262900524707809,28600.18535156251,-112.35759840744596,0.34615384615384615,13.288461538461538
R0166,10,2.0,12,0.382,pullback,short,atr_sl_fixed_tp,10.0,24.0,96,0.7,1.5,1.0,24,253.0,22588.668359376432,166305.4781250012,143716.80976562496,1.1571748523795795,15766.390234374874,89.28327414773294,0.4624505928853755,14.292490118577074,104.0,-17285.185351561857,55583.209765625375,72868.39511718736,0.7627889934482041,31757.985351562187,-166.20370530347938,0.34615384615384615,13.48076923076923
R0167,10,2.0,12,0.382,pullback,short,fixed_sl_atr_tp,10.0,24.0,96,0.7,1.25,1.0,24,261.0,19418.102343751554,163835.7511718763,144417.64882812498,1.1344579592682698,15810.390234374694,74.39885955460366,0.41762452107279696,13.386973180076629,108.0,-11380.390234374307,54923.20000000046,66303.5902343749,0.8283593664514066,28777.824414062437,-105.37398365161395,0.3333333333333333,12.666666666666666
R0168,10,2.0,12,0.382,pullback,short,fixed_sl_atr_tp,10.0,24.0,96,0.7,1.5,1.0,24,259.0,20395.68281250161,162805.73164062636,142410.048828125,1.1432180030857018,13606.590234374693,78.7478100868788,0.42084942084942084,13.61003861003861,108.0,-11220.399999999325,55083.19023437545,66303.5902343749,0.8307723614914857,28777.824414062437,-103.89259259258634,0.3333333333333333,12.75
R0169,10,2.0,12,0.382,pullback,short,atr_sl_fixed_tp,12.0,16.0,96,0.7,1.25,1.0,24,275.0,23544.96093750118,178839.0292968759,155294.06835937474,1.1516153268843112,16698.799999999897,85.61803977273156,0.5272727272727272,12.803636363636363,103.0,-27541.429296874525,47871.7853515627,75413.21464843732,0.6347930608015087,34744.22929687473,-267.39251744538376,0.3786407766990291,13.233009708737864
R0170,10,2.0,12,0.382,pullback,short,atr_sl_fixed_tp,12.0,16.0,96,0.7,1.5,1.0,24,270.0,28603.98046875126,180847.648828126,152243.66835937477,1.1878828904807446,10890.47812499983,105.94066840278244,0.5481481481481482,13.251851851851852,102.0,-31947.643945312004,47871.7853515627,79819.4292968748,0.5997510352211581,37810.424414062225,-313.21219554227457,0.38235294117647056,13.46078431372549
R0171,10,2.0,12,0.382,pullback,short,fixed_sl_atr_tp,12.0,16.0,96,0.7,1.25,1.0,24,268.0,26881.64882812617,173103.27812500094,146221.62929687495,1.1838418088855238,16228.799999999908,100.30465980644094,0.5074626865671642,12.98134328358209,103.0,-20191.43417968705,48365.575585937695,68557.00976562484,0.7054796548344888,30484.22441406226,-196.03334155035972,0.36893203883495146,13.048543689320388
R0172,10,2.0,12,0.382,pullback,short,fixed_sl_atr_tp,12.0,16.0,96,0.7,1.5,1.0,24,263.0,24910.668359376137,172246.05859375102,147335.39023437502,1.1690745741382917,15828.79999999991,94.71737018774196,0.49429657794676807,13.456273764258555,103.0,-19791.424414061996,48765.58535156275,68557.00976562484,0.7113143574709161,31684.214648437206,-192.14975159283492,0.36893203883495146,13.155339805825243
R0173,10,2.0,12,0.382,pullback,short,atr_sl_fixed_tp,12.0,20.0,96,0.7,1.25,1.0,24,256.0,12867.219531251376,165821.26835937603,152954.04882812477,1.0841247396184341,19137.390234374514,50.26257629395069,0.4921875,14.1796875,102.0,-21937.61464843694,52465.590234375275,74403.20488281232,0.7051522890312377,33850.404882812225,-215.07465341604842,0.37254901960784315,13.754901960784315
R0174,10,2.0,12,0.382,pullback,short,atr_sl_fixed_tp,12.0,20.0,96,0.7,1.5,1.0,24,252.0,12522.448828126537,164513.67812500117,151991.2292968748,1.0823892857900836,15449.751171873979,49.692257254470384,0.5079365079365079,14.670634920634921,101.0,-26043.829296874424,52465.590234375275,78509.4195312498,0.6682712793907734,36616.59999999972,-257.8596960086577,0.37623762376237624,13.96039603960396
R0175,10,2.0,12,0.382,pullback,short,fixed_sl_atr_tp,12.0,20.0,96,0.7,1.25,1.0,24,252.0,10222.507421876315,160065.48789062616,149842.98046874994,1.0682214634939682,20991.170703124004,40.565505642366325,0.4642857142857143,14.30952380952381,103.0,-14881.429296874378,53675.58046875035,68557.00976562484,0.7829335125941245,30594.21953124966,-144.47989608615902,0.36893203883495146,13.524271844660195
R0176,10,2.0,12,0.382,pullback,short,fixed_sl_atr_tp,12.0,20.0,96,0.7,1.5,1.0,24,250.0,17100.009765626433,165623.00976562622,148522.9999999999,1.1151337487502024,17769.829296874326,68.40003906250573,0.46,14.552,103.0,-14281.40976562435,54275.60000000037,68557.00976562484,0.7916856377714229,30094.219531249655,-138.65446374392573,0.36893203883495146,13.58252427184466
R0177,10,2.0,12,0.382,pullback,short,atr_sl_fixed_tp,12.0,24.0,96,0.7,1.25,1.0,24,247.0,18941.458593751537,166597.87812500127,147656.41953124988,1.128280630492619,17245.9707031243,76.6860671811803,0.4817813765182186,15.072874493927126,101.0,-18763.82441406183,55639.38046875039,74403.20488281232,0.7478089224299461,31850.404882812218,-185.78043974318643,0.36633663366336633,14.178217821782178
R0178,10,2.0,12,0.382,pullback,short,atr_sl_fixed_tp,12.0,24.0,96,0.7,1.5,1.0,24,243.0,18566.67812500171,164890.28789062644,146323.6097656249,1.1268877808218434,18912.809765624566,76.40608281893707,0.49794238683127573,15.576131687242798,100.0,-22870.039062499312,55639.38046875039,78509.4195312498,0.7086968774059493,34616.59999999972,-228.70039062499313,0.37,14.39
R0179,10,2.0,12,0.382,pullback,short,fixed_sl_atr_tp,12.0,24.0,96,0.7,1.25,1.0,24,246.0,21145.209765626532,166100.60000000132,144955.39023437494,1.1458739114939926,16592.82929687461,85.95613725864445,0.45934959349593496,15.008130081300813,102.0,-13697.609765624247,54859.400000000474,68557.00976562484,0.8002011783703483,28494.21953124966,-134.29029181984555,0.3627450980392157,14
R0180,10,2.0,12,0.382,pullback,short,fixed_sl_atr_tp,12.0,24.0,96,0.7,1.5,1.0,24,244.0,18632.800000001618,162384.39023437636,143751.59023437495,1.1296180443612638,15992.8292968746,76.36393442623614,0.45901639344262296,15.23360655737705,102.0,-13537.61953124927,55019.39023437546,68557.00976562484,0.8025348600014747,28486.414648437458,-132.72176011028697,0.3627450980392157,14.088235294117647
R0181,10,2.0,12,0.5,pullback,short,atr_sl_fixed_tp,8.0,16.0,96,0.7,1.25,1.0,24,258.0,12879.473046875837,139540.86328125055,126661.39023437527,1.1016842861352065,12124.039062499869,49.92043816618541,0.4069767441860465,10.720930232558139,120.0,-16675.999999999793,52051.80976562512,68727.80976562503,0.7573616843477442,27798.399999999772,-138.96666666666493,0.325,9.45
R0182,10,2.0,12,0.5,pullback,short,atr_sl_fixed_tp,8.0,16.0,96,0.7,1.5,1.0,24,255.0,13430.86328125095,141169.4730468756,127738.60976562518,1.105143333764892,13612.390234374838,52.670052083337055,0.4235294117647059,11.231372549019607,115.0,-17656.999999999793,52051.80976562512,69708.80976562503,0.7467034646070377,28383.19999999977,-153.53913043478082,0.3391304347826087,10.034782608695652
R0183,10,2.0,12,0.5,pullback,short,fixed_sl_atr_tp,8.0,16.0,96,0.7,1.25,1.0,24,260.0,12881.960937501013,136693.74140625075,123811.7804687503,1.1040447111634246,12305.399999999543,49.54600360577313,0.38076923076923075,10.830769230769231,121.0,-18699.765820312263,47303.239062500164,66003.00488281256,0.7166831138443837,30042.185351562242,-154.5435191761344,0.2975206611570248,9.03305785123967
R0184,10,2.0,12,0.5,pullback,short,fixed_sl_atr_tp,8.0,16.0,96,0.7,1.5,1.0,24,255.0,16790.980468751095,138191.36093750084,121400.38046875029,1.1383107730298483,12226.1609374998,65.84698223039645,0.3803921568627451,11.27450980392157,119.0,-23892.165820312264,42914.63906250017,66806.80488281256,0.6423692786652165,30042.185351562242,-200.7745026916997,0.2773109243697479,9.327731092436975
R0185,10,2.0,12,0.5,pullback,short,atr_sl_fixed_tp,8.0,20.0,96,0.7,1.25,1.0,24,248.0,15787.424218751104,141445.01445312586,125657.59023437527,1.1256384448349204,13548.107421874538,63.65896862399639,0.3870967741935484,11.834677419354838,119.0,-9982.160937499724,58345.64882812516,68327.80976562503,0.8539077870088295,26505.40488281249,-83.88370535714054,0.31932773109243695,10
R0186,10,2.0,12,0.5,pullback,short,atr_sl_fixed_tp,8.0,20.0,96,0.7,1.5,1.0,24,245.0,17068.824218751182,143473.6242187509,126404.80000000019,1.1350330384506813,13909.5171874995,69.66867028061706,0.40408163265306124,12.33469387755102,115.0,-11766.960937499727,58345.64882812516,70112.60976562503,0.8321705471122114,27897.80488281249,-102.32139945651937,0.33043478260869563,10.521739130434783
R0187,10,2.0,12,0.5,pullback,short,fixed_sl_atr_tp,8.0,20.0,96,0.7,1.25,1.0,24,247.0,15301.253515626202,134797.81445312596,119496.56093750025,1.1280476475271004,11219.49765624943,61.94839480010608,0.3643724696356275,11.995951417004049,119.0,-16942.156054687253,49864.648828125166,66806.80488281256,0.7464007433912452,28180.775585937237,-142.37105928308617,0.2773109243697479,9.579831932773109
R0188,10,2.0,12,0.5,pullback,short,fixed_sl_atr_tp,8.0,20.0,96,0.7,1.5,1.0,24,246.0,17875.004687501194,137371.56562500095,119496.56093750025,1.1495859340826535,11669.517187499445,72.66262068089917,0.3617886178861789,12.146341463414634,118.0,-17848.326757812218,48154.67812500021,66003.00488281256,0.7295831183822341,28180.775585937237,-151.25700642213744,0.2796610169491525,9.805084745762711
R0189,10,2.0,12,0.5,pullback,short,atr_sl_fixed_tp,8.0,24.0,96,0.7,1.25,1.0,24,240.0,18417.794921876484,140260.18515625127,121842.39023437526,1.1511608142818577,13844.287890624342,76.74081217448536,0.38333333333333336,12.758333333333333,115.0,-16526.9365234372,52804.673242187724,69331.60976562503,0.7616247974148229,27525.395117187512,-143.71249150814958,0.28695652173913044,10.704347826086957
R0190,10,2.0,12,0.5,pullback,short,atr_sl_fixed_tp,8.0,24.0,96,0.7,1.5,1.0,24,238.0,18465.385156251577,141658.7851562513,123193.40000000018,1.149889402810955,13896.4488281244,77.58565191702344,0.39915966386554624,13.247899159663865,111.0,-18861.716992187095,52224.6732421878,71086.390234375,0.7346648643995105,29497.79511718744,-169.92537830799185,0.2972972972972973,11.234234234234235
R0191,10,2.0,12,0.5,pullback,short,fixed_sl_atr_tp,8.0,24.0,96,0.7,1.25,1.0,24,242.0,15080.136328126464,132969.09726562627,117888.96093750025,1.1279181376118912,12305.70742187437,62.314612926142416,0.359504132231405,12.636363636363637,115.0,-22756.892578124647,43246.112304687784,66003.00488281256,0.6552142948865839,29326.951171874734,-197.8860224184752,0.2608695652173913,10.321739130434782
R0192,10,2.0,12,0.5,pullback,short,fixed_sl_atr_tp,8.0,24.0,96,0.7,1.5,1.0,24,241.0,10983.946093751474,128872.9070312513,117888.96093750025,1.0931719645877132,14714.697656249402,45.5765398080974,0.35684647302904565,12.821576763485478,115.0,-22156.892578124647,43846.112304687784,66003.00488281256,0.6643047901006319,29326.951171874734,-192.66863111412738,0.2608695652173913,10.321739130434782
R0193,10,2.0,12,0.5,pullback,short,atr_sl_fixed_tp,10.0,16.0,96,0.7,1.25,1.0,24,244.0,16472.692578125996,146514.34140625058,130041.648828125,1.1266724370735823,12845.04882812489,67.51103515625408,0.45901639344262296,12.5,109.0,-17324.1902343748,53704.21953125011,71028.40976562502,0.7560949162238018,27704.19023437478,-158.93752508600735,0.3761467889908257,11.192660550458715
R0194,10,2.0,12,0.5,pullback,short,atr_sl_fixed_tp,10.0,16.0,96,0.7,1.5,1.0,24,243.0,15026.521875000963,148236.75117187557,133210.22929687495,1.1128030629052685,13315.039062499909,61.83753858025087,0.4691358024691358,12.818930041152264,108.0,-18620.39511718727,55300.41953125007,73920.81464843746,0.7481034914760508,32404.185351562242,-172.41106589988212,0.3888888888888889,11.61111111111111
R0195,10,2.0,12,0.5,pullback,short,fixed_sl_atr_tp,10.0,16.0,96,0.7,1.25,1.0,24,241.0,8954.151171876005,139072.3707031257,130118.21953125014,1.0688155064227962,12573.009765624822,37.154154240149396,0.42323651452282157,12.394190871369295,113.0,-14149.360937499761,54144.24882812515,68293.60976562502,0.7928157409447432,26295.58046874974,-125.215583517697,0.36283185840707965,10.769911504424778
R0196,10,2.0,12,0.5,pullback,short,fixed_sl_atr_tp,10.0,16.0,96,0.7,1.5,1.0,24,236.0,12553.170703126147,139659.99023437584,127106.81953125013,1.098760796229658,12173.009765624814,53.19140128443283,0.423728813559322,12.911016949152541,111.0,-19141.760937499763,50155.64882812516,69297.40976562502,0.723773788915915,25895.580468749744,-172.4482967342321,0.34234234234234234,11.135135135135135
R0197,10,2.0,12,0.5,pullback,short,atr_sl_fixed_tp,10.0,20.0,96,0.7,1.25,1.0,24,233.0,17464.47304687626,145588.4828125009,128124.00976562503,1.136309135803846,12605.00976562489,74.95481994367493,0.44206008583690987,13.746781115879829,109.0,-13364.160937499722,58418.048828125175,71782.20976562503,0.8138234949699241,26304.170703124702,-122.6069810779791,0.3669724770642202,11.807339449541285
R0198,10,2.0,12,0.5,pullback,short,atr_sl_fixed_tp,10.0,20.0,96,0.7,1.5,1.0,24,232.0,20118.312109376202,149707.0925781259,129588.78046875006,1.155247329565134,13074.999999999909,86.71686254041467,0.45689655172413796,14.099137931034482,108.0,-14010.365820312189,60414.24882812513,74424.61464843746,0.8117509121613372,30754.165820312162,-129.72560944733507,0.37962962962962965,12.25925925925926
R0199,10,2.0,12,0.5,pullback,short,fixed_sl_atr_tp,10.0,20.0,96,0.7,1.25,1.0,24,230.0,11915.85351562623,137252.64375000095,125336.79023437509,1.0950706771199714,12414.658593749016,51.8080587635923,0.40869565217391307,13.747826086956522,111.0,-12871.760937499736,56425.64882812518,69297.40976562502,0.8142533612578853,24065.570703124715,-115.96181024774536,0.34234234234234234,11.513513513513514
R0200,10,2.0,12,0.5,pullback,short,fixed_sl_atr_tp,10.0,20.0,96,0.7,1.5,1.0,24,229.0,14979.653515626298,140656.433984376,125676.78046875009,1.119191894157017,11155.029296874825,65.41333412937249,0.40611353711790393,13.943231441048034,110.0,-11687.951171874749,56605.65859375016,68293.60976562502,0.828857323372034,23565.570703124708,-106.25410156249772,0.34545454545454546,11.572727272727272
R0201,10,2.0,12,0.5,pullback,short,atr_sl_fixed_tp,10.0,24.0,96,0.7,1.25,1.0,24,226.0,15781.033984376627,141647.4437500013,125866.40976562502,1.125379233536271,14593.239062498731,69.8275840016665,0.4336283185840708,14.734513274336283,105.0,-20858.916992187074,51897.07324218781,72755.990234375,0.7133030981367637,27556.39511718742,-198.65635230654357,0.3333333333333333,12.571428571428571
R0202,10,2.0,12,0.5,pullback,short,atr_sl_fixed_tp,10.0,24.0,96,0.7,1.5,1.0,24,225.0,18924.882812501583,146006.06328125132,127081.18046875006,1.1489196334397838,14191.38046874947,84.11059027778481,0.4488888888888889,15.106666666666667,104.0,-21105.121874999557,54293.27324218776,75398.39511718742,0.7200852638547919,31524.151171874633,-202.93386418268804,0.34615384615384615,13.048076923076923
R0203,10,2.0,12,0.5,pullback,short,fixed_sl_atr_tp,10.0,24.0,96,0.7,1.25,1.0,24,226.0,10481.00468750142,136157.78515625122,125676.78046875009,1.0833965084752253,13787.068359373978,46.37612693584699,0.39823008849557523,14.358407079646017,108.0,-16700.356054687134,52597.05371093779,69297.40976562502,0.7590046134311438,25004.185351562166,-154.6329264322883,0.32407407407407407,12.00925925925926
R0204,10,2.0,12,0.5,pullback,short,fixed_sl_atr_tp,10.0,24.0,96,0.7,1.5,1.0,24,226.0,13580.946093751558,139401.52656250133,125820.58046875005,1.1079389877487043,13855.209765624506,60.092681830759105,0.3938053097345133,14.526548672566372,108.0,-14900.35605468713,54397.05371093779,69297.40976562502,0.7849796102757285,24690.224414062424,-137.96625976562157,0.32407407407407407,12.018518518518519
R0205,10,2.0,12,0.5,pullback,short,atr_sl_fixed_tp,12.0,16.0,96,0.7,1.25,1.0,24,238.0,12865.551171876108,150365.3609375007,137499.80976562487,1.093567774339512,16974.829296874857,54.056937696958435,0.49159663865546216,13.609243697478991,108.0,-23550.404882812207,55300.41953125007,78850.8244140624,0.7013296302503552,35864.185351562235,-218.0593044704834,0.3888888888888889,12.046296296296296
R0206,10,2.0,12,0.5,pullback,short,atr_sl_fixed_tp,12.0,16.0,96,0.7,1.5,1.0,24,237.0,10339.321875001187,150677.7316406257,140338.40976562476,1.0736742128706485,16667.22929687486,43.625830696207544,0.5021097046413502,14.021097046413502,108.0,-28880.4146484371,55300.41953125007,84180.83417968727,0.6569241095094065,39994.19511718713,-267.411246744788,0.3888888888888889,12.175925925925926
R0207,10,2.0,12,0.5,pullback,short,fixed_sl_atr_tp,12.0,16.0,96,0.7,1.25,1.0,24,233.0,11584.570703126326,144825.7902343759,133241.21953124992,1.0869443460805983,13611.199999999873,49.71918756706578,0.4678111587982833,13.811158798283262,110.0,-21467.941406249716,54544.24882812515,76012.19023437498,0.7175723875334223,31547.98046874973,-195.16310369317924,0.37272727272727274,11.709090909090909
R0208,10,2.0,12,0.5,pullback,short,fixed_sl_atr_tp,12.0,16.0,96,0.7,1.5,1.0,24,229.0,13949.78046875148,144783.40000000104,130833.61953124993,1.1066222926395395,13211.199999999873,60.916071915945324,0.4672489082969432,14.331877729257641,108.0,-28030.31210937462,48955.65859375022,76985.97070312494,0.6359036347354007,32747.970703124673,-259.5399269386539,0.35185185185185186,12.018518518518519
R0209,10,2.0,12,0.5,pullback,short,atr_sl_fixed_tp,12.0,20.0,96,0.7,1.25,1.0,24,227.0,18357.36093750136,151939.49257812594,133582.1316406249,1.1374237760098613,13581.190234374892,80.86943144273727,0.47577092511013214,14.991189427312776,108.0,-19540.346289062152,60414.24882812513,79954.59511718742,0.7556069634218959,34414.16582031216,-180.92913230613104,0.37962962962962965,12.75925925925926
R0210,10,2.0,12,0.5,pullback,short,atr_sl_fixed_tp,12.0,20.0,96,0.7,1.5,1.0,24,226.0,18691.112109376383,153568.0632812509,134876.95117187485,1.1385789932748243,13556.009765624513,82.70403588219638,0.4911504424778761,15.43362831858407,108.0,-24570.35605468705,60414.24882812513,84984.6048828123,0.7108846232965613,38244.17558593706,-227.50329680265787,0.37962962962962965,12.851851851851851
R0211,10,2.0,12,0.5,pullback,short,fixed_sl_atr_tp,12.0,20.0,96,0.7,1.25,1.0,24,223.0,14442.473046876486,143686.03398437606,129243.56093749992,1.1117461708893976,13509.799999999457,64.76445312500667,0.452914798206278,15.152466367713005,108.0,-22160.312109374598,54825.65859375024,76985.97070312494,0.7121512931904203,31317.96093749965,-205.18807508680183,0.35185185185185186,12.407407407407407
R0212,10,2.0,12,0.5,pullback,short,fixed_sl_atr_tp,12.0,20.0,96,0.7,1.5,1.0,24,222.0,17806.273046876526,147589.82421875114,129783.55117187492,1.1371997675059378,12509.799999999457,80.20843714809246,0.45045045045045046,15.355855855855856,107.0,-21726.521874999635,55005.66835937522,76732.19023437497,0.7168525776647704,30817.96093749965,-203.0516063084078,0.35514018691588783,12.383177570093459
R0213,10,2.0,12,0.5,pullback,short,atr_sl_fixed_tp,12.0,24.0,96,0.7,1.25,1.0,24,219.0,16307.72187500175,146242.26328125136,129934.54140624993,1.1255072107732627,14081.199999999855,74.46448344749658,0.4657534246575342,16.14611872146119,104.0,-26635.102343749506,54293.27324218776,80928.37558593738,0.6708805514641035,35184.15117187462,-256.1067533052837,0.34615384615384615,13.557692307692308
R0214,10,2.0,12,0.5,pullback,short,atr_sl_fixed_tp,12.0,24.0,96,0.7,1.5,1.0,24,218.0,13031.49257812673,146554.63398437636,133523.1414062499,1.0975972587289389,13845.999999999425,59.777488890489586,0.47706422018348627,16.486238532110093,104.0,-31665.112109374393,54293.27324218776,85958.38535156226,0.6316227674604755,39014.16093749951,-304.4722318209076,0.34615384615384615,13.653846153846153
R0215,10,2.0,12,0.5,pullback,short,fixed_sl_atr_tp,12.0,24.0,96,0.7,1.25,1.0,24,218.0,11951.414453126708,141094.97539062632,129143.56093749992,1.0925436341259815,13609.799999999388,54.82300207856288,0.44036697247706424,15.917431192660551,105.0,-25458.90722656206,52477.08300781279,77935.99023437497,0.6733356803448542,30387.956054687147,-242.46578311011484,0.3333333333333333,12.923809523809524
R0216,10,2.0,12,0.5,pullback,short,fixed_sl_atr_tp,12.0,24.0,96,0.7,1.5,1.0,24,218.0,15651.355859376854,144938.71679687646,129287.36093749988,1.1210586691992481,12111.209765624839,71.79521036411401,0.43577981651376146,16.091743119266056,105.0,-23658.90722656206,54277.08300781279,77935.99023437497,0.6964315567761014,29787.956054687147,-225.3229259672577,0.3333333333333333,12.933333333333334
R0217,10,2.0,24,0.382,pullback,short,atr_sl_fixed_tp,8.0,16.0,96,0.7,1.25,1.0,24,271.0,22250.268359376038,154573.02929687567,132322.76093750016,1.168151482040833,9185.419531249758,82.10431128921047,0.42435424354243545,10.018450184501845,116.0,-13620.804882812472,53341.770703125,66962.57558593761,0.7965907857691031,28893.214648437417,-117.42073174838337,0.33620689655172414,8.879310344827585
R0218,10,2.0,24,0.382,pullback,short,atr_sl_fixed_tp,8.0,16.0,96,0.7,1.5,1.0,24,265.0,26403.03906250116,156741.5804687508,130338.54140625015,1.2025727676375126,10385.419531249758,99.6341096698157,0.44528301886792454,10.554716981132076,113.0,-13279.395117187489,54937.970703125,68217.36582031263,0.8053370288121927,30081.814648437416,-117.51677094856184,0.35398230088495575,9.761061946902656
R0219,10,2.0,24,0.382,pullback,short,fixed_sl_atr_tp,8.0,16.0,96,0.7,1.25,1.0,24,270.0,24834.039062501066,151529.60976562582,126695.57070312525,1.196013474856923,10651.609765624777,91.97792245370765,0.4,10.062962962962963,116.0,-12510.775585937461,50153.190234375026,62663.96582031261,0.8003513594748867,27555.595117187393,-107.85151367187467,0.3103448275862069,8.655172413793103
R0220,10,2.0,24,0.382,pullback,short,fixed_sl_atr_tp,8.0,16.0,96,0.7,1.5,1.0,24,267.0,22365.380468751155,149234.74140625095,126869.36093750027,1.1762866960429363,10251.609765624777,83.76546992041631,0.3895131086142322,10.41947565543071,115.0,-14906.975585937475,48560.790234375025,63467.76582031261,0.7651252506958947,26755.595117187404,-129.62587466032588,0.2956521739130435,8.895652173913044
R0221,10,2.0,24,0.382,pullback,short,atr_sl_fixed_tp,8.0,20.0,96,0.7,1.25,1.0,24,253.0,20748.687890626235,148202.4292968759,127453.74140625016,1.16279387063649,16244.302343749518,82.01062407362149,0.4031620553359684,11.494071146245059,114.0,-17433.19511718737,50626.97070312513,68060.16582031261,0.7438561174944341,30369.404882812356,-152.92276418585413,0.30701754385964913,10
R0222,10,2.0,24,0.382,pullback,short,atr_sl_fixed_tp,8.0,20.0,96,0.7,1.5,1.0,24,245.0,22089.087890626364,146368.59023437602,124279.50234375014,1.177737176879971,17356.682812499483,90.15954241071985,0.4204081632653061,12.16734693877551,112.0,-18535.580468749868,50983.17558593764,69518.75605468763,0.7333729554342314,33165.61953124989,-165.49625418526668,0.32142857142857145,10.785714285714286
R0223,10,2.0,24,0.382,pullback,short,fixed_sl_atr_tp,8.0,20.0,96,0.7,1.25,1.0,24,255.0,21381.019531251277,144231.380468751,122850.36093750027,1.1740411616871704,12622.902343749574,83.84713541667168,0.3803921568627451,11.419607843137255,115.0,-17326.985351562376,47748.38046875013,65075.36582031262,0.73373971650953,27969.40488281236,-150.66943783967284,0.2782608695652174,9.591304347826087
R0224,10,2.0,24,0.382,pullback,short,fixed_sl_atr_tp,8.0,20.0,96,0.7,1.5,1.0,24,254.0,20804.79023437618,144512.77070312595,123707.98046875028,1.1681766217146448,12993.980468749796,81.90862296998496,0.3700787401574803,11.65748031496063,115.0,-16247.004882812376,48828.36093750013,65075.36582031262,0.7503355581945703,26969.40488281236,-141.27830332880328,0.2782608695652174,9.747826086956522
R0225,10,2.0,24,0.382,pullback,short,atr_sl_fixed_tp,8.0,24.0,96,0.7,1.25,1.0,24,248.0,21937.63906250144,148761.3707031262,126823.73164062522,1.172977397673999,15930.482812499464,88.45822202621548,0.3911290322580645,12.294354838709678,110.0,-19507.956054687307,47948.409765625205,67456.36582031261,0.7108062994877034,29945.58535156236,-177.34505504261188,0.2909090909090909,10.945454545454545
R0226,10,2.0,24,0.382,pullback,short,atr_sl_fixed_tp,8.0,24.0,96,0.7,1.5,1.0,24,242.0,23960.448828126486,149213.74140625124,125253.2925781252,1.1912959598501653,17756.6535156245,99.0101191244896,0.4090909090909091,12.880165289256198,109.0,-21004.13164062471,48684.60488281278,69688.73652343759,0.6986007683815485,33165.60976562483,-192.69845541857532,0.30275229357798167,11.614678899082568
R0227,10,2.0,24,0.382,pullback,short,fixed_sl_atr_tp,8.0,24.0,96,0.7,1.25,1.0,24,250.0,23749.98046875128,145850.36093750113,122100.38046875031,1.19451192844423,14059.063281249593,94.99992187500513,0.368,12.184,113.0,-16529.36582031231,47742.2000000002,64271.565820312615,0.7428199296322665,27745.58535156236,-146.2775736310824,0.2743362831858407,10.194690265486726
R0228,10,2.0,24,0.382,pullback,short,fixed_sl_atr_tp,8.0,24.0,96,0.7,1.5,1.0,24,249.0,17753.73164062637,140247.93164062616,122494.2000000003,1.1449352837981375,17759.10234374954,71.30012707078863,0.3614457831325301,12.44578313253012,113.0,-14129.365820312301,50142.2000000002,64271.565820312615,0.7801614813646423,26545.585351562353,-125.03863557798496,0.2743362831858407,10.20353982300885
R0229,10,2.0,24,0.382,pullback,short,atr_sl_fixed_tp,10.0,16.0,96,0.7,1.25,1.0,24,254.0,28254.848828126334,160642.60976562597,132387.76093750005,1.2134249316405084,12181.560937499886,111.23956231545802,0.484251968503937,11.881889763779528,110.0,-18957.990234374975,53884.16582031251,72842.15605468763,0.7397387548476455,34136.614648437404,-172.34536576704522,0.37272727272727274,10.336363636363636
R0230,10,2.0,24,0.382,pullback,short,atr_sl_fixed_tp,10.0,16.0,96,0.7,1.5,1.0,24,252.0,28802.448828126297,164175.01953125093,135372.57070312498,1.2127642895346233,8701.190234374782,114.29543185764403,0.49603174603174605,12.26984126984127,110.0,-25957.99023437498,53884.16582031251,79842.15605468763,0.6748836514811138,39136.61464843741,-235.98172940340893,0.37272727272727274,10.627272727272727
R0231,10,2.0,24,0.382,pullback,short,fixed_sl_atr_tp,10.0,16.0,96,0.7,1.25,1.0,24,253.0,26208.678125001312,156626.83906250095,130418.16093750008,1.2009588077044022,12031.560937499886,103.59161314229767,0.4505928853754941,11.810276679841897,111.0,-17591.78046874994,51281.77558593753,68873.55605468761,0.7445785947979557,32810.39511718737,-158.48450872747694,0.35135135135135137,9.747747747747749
R0232,10,2.0,24,0.382,pullback,short,fixed_sl_atr_tp,10.0,16.0,96,0.7,1.5,1.0,24,249.0,24343.819531251407,153931.9707031261,129588.1511718751,1.1878552885515232,12031.560937499886,97.76634349900164,0.44176706827309237,12.285140562248996,110.0,-20587.980468749956,49289.37558593754,69877.35605468761,0.705369784560288,32410.395117187385,-187.16345880681777,0.33636363636363636,10.027272727272727
R0233,10,2.0,24,0.382,pullback,short,atr_sl_fixed_tp,10.0,20.0,96,0.7,1.25,1.0,24,235.0,29287.078125001593,152665.81953125118,123378.74140624997,1.237375400260953,16711.55117187486,124.6258643617089,0.46382978723404256,13.561702127659574,108.0,-21310.375585937345,51525.57070312515,72835.94628906263,0.7074195274217568,36966.61953124986,-197.31829246238283,0.35185185185185186,11.62962962962963
R0234,10,2.0,24,0.382,pullback,short,atr_sl_fixed_tp,10.0,20.0,96,0.7,1.5,1.0,24,233.0,31884.658593751497,157498.2097656261,125613.55117187493,1.2538313605203621,10564.980468749774,136.84402829936266,0.47639484978540775,13.974248927038627,108.0,-27810.37558593735,51525.57070312515,79335.94628906263,0.6494605927480888,41716.61953124987,-257.50347764756805,0.35185185185185186,11.925925925925926
R0235,10,2.0,24,0.382,pullback,short,fixed_sl_atr_tp,10.0,20.0,96,0.7,1.25,1.0,24,238.0,26455.639062501592,150028.6097656262,123572.97070312501,1.2140892050419254,13711.55117187485,111.15814732143527,0.4327731092436975,13.399159663865547,109.0,-18704.190234374848,51173.165820312635,69877.35605468761,0.7323283064726054,32520.40488281233,-171.59807554472337,0.3302752293577982,11
R0236,10,2.0,24,0.382,pullback,short,fixed_sl_atr_tp,10.0,20.0,96,0.7,1.5,1.0,24,237.0,25939.409765626537,150516.18046875115,124576.77070312502,1.2082202774981343,13711.55117187485,109.44898635285459,0.42616033755274263,13.641350210970463,109.0,-19024.19023437483,50853.16582031266,69877.35605468761,0.7277488544431162,32020.40488281233,-174.53385536123696,0.3302752293577982,11.091743119266056
R0237,10,2.0,24,0.382,pullback,short,atr_sl_fixed_tp,10.0,24.0,96,0.7,1.25,1.0,24,230.0,30116.04882812669,153914.7707031264,123798.72187500008,1.2432662338673788,15911.55117187485,130.93934273098563,0.45217391304347826,14.408695652173913,105.0,-23298.926757812165,49227.00000000029,72525.92675781257,0.678750375219404,37366.60976562481,-221.89454055059204,0.3333333333333333,12.476190476190476
R0238,10,2.0,24,0.382,pullback,short,atr_sl_fixed_tp,10.0,24.0,96,0.7,1.5,1.0,24,227.0,33677.42929687658,158207.16093750135,124529.73164062503,1.2704368575535403,9764.980468749778,148.35871936950036,0.4669603524229075,14.916299559471366,105.0,-29798.926757812173,49227.00000000029,79025.92675781257,0.6229221474474346,42116.60976562482,-283.79930245535405,0.3333333333333333,12.780952380952382
R0239,10,2.0,24,0.382,pullback,short,fixed_sl_atr_tp,10.0,24.0,96,0.7,1.25,1.0,24,233.0,25734.609765626596,150057.57070312632,124322.9609375001,1.2069980442193906,12911.55117187485,110.44896895118711,0.4206008583690987,14.141630901287554,106.0,-20022.75117187474,48570.80488281273,68593.5560546876,0.7080957407148957,32196.58535156233,-188.8938789799504,0.32075471698113206,11.849056603773585
R0240,10,2.0,24,0.382,pullback,short,fixed_sl_atr_tp,10.0,24.0,96,0.7,1.5,1.0,24,232.0,20848.33164062665,146295.12187500132,125446.79023437508,1.1661926271822087,12911.55117187485,89.86349845097693,0.41379310344827586,14.258620689655173,106.0,-18822.751171874737,49770.80488281273,68593.5560546876,0.7255900954184669,31596.585351562328,-177.57312426296923,0.32075471698113206,11.849056603773585
R0241,10,2.0,24,0.382,pullback,short,atr_sl_fixed_tp,12.0,16.0,96,0.7,1.25,1.0,24,248.0,23197.707421876272,163065.0390625009,139867.3316406249,1.1658550795941414,10009.809765624876,93.53914283014626,0.5040322580645161,12.850806451612904,107.0,-21116.600000000017,56372.7658203125,77489.36582031265,0.7274903494633485,36225.21464843741,-197.35140186915905,0.411214953271028,11.532710280373832
R0242,10,2.0,24,0.382,pullback,short,atr_sl_fixed_tp,12.0,16.0,96,0.7,1.5,1.0,24,248.0,16317.678125001334,163141.25859375094,146823.5804687498,1.111137993453812,11998.970703124689,65.79708921371505,0.5080645161290323,13.084677419354838,106.0,-24002.78535156244,56372.7658203125,80375.55117187508,0.7013670823826138,38441.39999999985,-226.4413712411551,0.41509433962264153,12.075471698113208
R0243,10,2.0,24,0.382,pullback,short,fixed_sl_atr_tp,12.0,16.0,96,0.7,1.25,1.0,24,242.0,21780.53671875138,154889.20976562606,133108.67304687505,1.1636297336619144,13047.721874999923,90.00221784608009,0.4793388429752066,12.991735537190083,106.0,-14452.775585937477,54526.58046875004,68979.35605468764,0.7904767975149076,33295.20976562491,-136.3469394899762,0.4056603773584906,11.481132075471699
R0244,10,2.0,24,0.382,pullback,short,fixed_sl_atr_tp,12.0,16.0,96,0.7,1.5,1.0,24,240.0,19498.107421876426,153710.5609375012,134212.4535156251,1.1452779299620368,13047.721874999925,81.24211425781844,0.4708333333333333,13.383333333333333,105.0,-19018.946289062394,50934.1902343751,69953.13652343761,0.7281187487184329,34495.19999999986,-181.13282180059423,0.3904761904761905,11.857142857142858
R0245,10,2.0,24,0.382,pullback,short,atr_sl_fixed_tp,12.0,20.0,96,0.7,1.25,1.0,24,229.0,29609.926953126575,156814.43906250113,127204.51210937492,1.2327741875041867,11354.999999999756,129.3009910616881,0.4890829694323144,14.668122270742359,104.0,-20945.19511718737,54934.16093750016,75879.35605468765,0.7239671472423684,36981.42929687485,-201.3961068960324,0.3942307692307692,13.10576923076923
R0246,10,2.0,24,0.382,pullback,short,atr_sl_fixed_tp,12.0,20.0,96,0.7,1.5,1.0,24,229.0,23149.917187501695,156890.65859375117,133740.7414062498,1.1730954752013925,12135.009765624727,101.0913414301384,0.49344978165938863,14.860262008733624,103.0,-22931.38046874979,54934.16093750016,77865.54140625008,0.7055002758009555,38597.61464843729,-222.63476183252223,0.39805825242718446,13.62135922330097
R0247,10,2.0,24,0.382,pullback,short,fixed_sl_atr_tp,12.0,20.0,96,0.7,1.25,1.0,24,229.0,26689.926953126713,151503.4000000014,124813.47304687503,1.2138385087890524,14727.712109374886,116.54989935863193,0.4672489082969432,14.737991266375547,103.0,-15411.365820312269,53337.97070312522,68749.33652343761,0.7758325156336826,33281.41953124979,-149.62491087681815,0.3883495145631068,13.087378640776699
R0248,10,2.0,24,0.382,pullback,short,fixed_sl_atr_tp,12.0,20.0,96,0.7,1.5,1.0,24,227.0,23037.48789062673,148604.75117187636,125567.26328124998,1.1834673089834427,14727.712109374886,101.48673079571246,0.4581497797356828,15.048458149779735,103.0,-15731.365820312254,53017.97070312524,68749.33652343761,0.7711779252596958,32781.41953124979,-152.73170699332286,0.3883495145631068,13.184466019417476
R0249,10,2.0,24,0.382,pullback,short,atr_sl_fixed_tp,12.0,24.0,96,0.7,1.25,1.0,24,224.0,30238.92695312664,157813.40976562636,127574.48281250006,1.2370295868459003,10554.999999999753,134.9952096121725,0.47767857142857145,15.544642857142858,101.0,-22133.74628906219,53035.5902343753,75169.3365234376,0.7055482020629374,37381.4195312498,-219.1460028620019,0.37623762376237624,14.009900990099009
R0250,10,2.0,24,0.382,pullback,short,atr_sl_fixed_tp,12.0,24.0,96,0.7,1.5,1.0,24,224.0,23778.91718750177,157889.6292968764,134110.71210937496,1.1773081121820335,11335.009765624727,106.1558803013472,0.48214285714285715,15.745535714285714,100.0,-24119.93164062461,53035.5902343753,77155.52187500002,0.6873855421559908,38997.60488281224,-241.1993164062461,0.38,14.55
R0251,10,2.0,24,0.382,pullback,short,fixed_sl_atr_tp,12.0,24.0,96,0.7,1.25,1.0,24,224.0,21278.907421876716,148519.96093750143,127241.05351562506,1.1672330339457881,13927.712109374886,94.99512241909248,0.44642857142857145,15.4375,101.0,-15153.746289062163,53115.59023437531,68269.3365234376,0.7780299756705583,31981.41953124979,-150.0370919709125,0.37623762376237624,13.782178217821782
R0252,10,2.0,24,0.382,pullback,short,fixed_sl_atr_tp,12.0,24.0,96,0.7,1.5,1.0,24,223.0,21302.63906250177,148663.72187500144,127361.08281250001,1.16726176153718,13996.204687499489,95.52752942825906,0.4439461883408072,15.52017937219731,101.0,-13953.746289062166,54315.59023437531,68269.3365234376,0.7956074132305092,31381.41953124979,-138.15590385210066,0.37623762376237624,13.782178217821782
R0253,10,2.0,24,0.5,pullback,short,atr_sl_fixed_tp,8.0,16.0,96,0.7,1.25,1.0,24,209.0,10755.712109375516,115903.12187500027,105147.40976562511,1.1022917457819434,12843.990234374964,51.46273736543309,0.41148325358851673,10.559808612440191,105.0,-18868.960937499793,42834.64394531265,61703.60488281253,0.6942000232671041,32775.58046874989,-179.7043898809504,0.3142857142857143,8.59047619047619
R0254,10,2.0,24,0.5,pullback,short,atr_sl_fixed_tp,8.0,16.0,96,0.7,1.5,1.0,24,206.0,5597.043750000684,114413.08281250038,108816.0390625,1.0514358342595584,14443.990234374964,27.170115291265454,0.4174757281553398,11.014563106796116,103.0,-19521.370703124798,43630.84394531265,63152.214648437526,0.6908838302536415,32767.98046874989,-189.52787090412426,0.3300970873786408,9.242718446601941
R0255,10,2.0,24,0.5,pullback,short,fixed_sl_atr_tp,8.0,16.0,96,0.7,1.25,1.0,24,214.0,16356.741406250694,118350.74140625047,101994.00000000013,1.160369643373633,14960.190234374943,76.43337105724623,0.3925233644859813,10.13551401869159,109.0,-20984.13164062482,40662.26347656265,61646.39511718756,0.6596048868594045,29583.18046874989,-192.5149691800442,0.28440366972477066,8.082568807339449
R0256,10,2.0,24,0.5,pullback,short,fixed_sl_atr_tp,8.0,16.0,96,0.7,1.5,1.0,24,211.0,19278.131640625757,119664.53164062554,100386.40000000013,1.192039276641312,14560.190234374946,91.36555279917421,0.3933649289099526,10.687203791469194,109.0,-22184.13164062482,40266.06347656265,62450.19511718756,0.6447708193866093,28783.18046874989,-203.52414349197082,0.27522935779816515,8.174311926605505
R0257,10,2.0,24,0.5,pullback,short,atr_sl_fixed_tp,8.0,20.0,96,0.7,1.25,1.0,24,201.0,18316.102343750783,119728.28281250059,101412.18046875013,1.1806104775490407,12944.990234374947,91.1248872823422,0.4079601990049751,11.756218905472636,103.0,-16841.3902343747,44662.21464843774,61503.60488281253,0.7261723070303934,30775.580468749882,-163.50864305218155,0.30097087378640774,9.262135922330097
R0258,10,2.0,24,0.5,pullback,short,atr_sl_fixed_tp,8.0,20.0,96,0.7,1.5,1.0,24,198.0,13007.424218750992,117438.24375000069,104430.81953124997,1.1245554164674383,14144.990234374947,65.6940617108636,0.41414141414141414,12.217171717171718,101.0,-17293.79999999971,45458.414648437734,62752.214648437526,0.7244113200325052,30767.98046874989,-171.22574257425453,0.31683168316831684,9.950495049504951
R0259,10,2.0,24,0.5,pullback,short,fixed_sl_atr_tp,8.0,20.0,96,0.7,1.25,1.0,24,207.0,22133.30234375084,120345.87304687567,98212.57070312515,1.2253611954691075,14460.190234374946,106.9241659118398,0.3864734299516908,11.439613526570048,108.0,-19780.380468749732,42669.81464843774,62450.19511718756,0.6832615105263962,27383.180468749895,-183.15167100694197,0.26851851851851855,8.592592592592593
R0260,10,2.0,24,0.5,pullback,short,fixed_sl_atr_tp,8.0,20.0,96,0.7,1.5,1.0,24,207.0,17303.29257812594,117123.4632812508,99820.17070312516,1.1733446502469658,13960.190234374948,83.59078540157459,0.37681159420289856,11.758454106280194,108.0,-17780.380468749736,44669.814648437736,62450.19511718756,0.7152870309630738,26383.1804687499,-164.6331524884235,0.26851851851851855,8.63888888888889
R0261,10,2.0,24,0.5,pullback,short,atr_sl_fixed_tp,8.0,24.0,96,0.7,1.25,1.0,24,196.0,24515.043750001136,121532.0339843759,97016.99023437506,1.2526881496815871,12544.990234374947,125.0767538265364,0.413265306122449,12.86734693877551,101.0,-20373.775585937234,41129.82929687523,61503.60488281253,0.6687385133805247,30961.765820312416,-201.7205503558142,0.2871287128712871,10.049504950495049
R0262,10,2.0,24,0.5,pullback,short,atr_sl_fixed_tp,8.0,24.0,96,0.7,1.5,1.0,24,194.0,19722.594921876214,120782.01445312588,101059.41953124994,1.1951584029807065,13744.990234374949,101.66286042204234,0.4175257731958763,13.123711340206185,100.0,-22209.98535156216,41346.0292968753,63556.01464843753,0.6505447128109338,32337.96582031234,-222.09985351562162,0.3,10.71
R0263,10,2.0,24,0.5,pullback,short,fixed_sl_atr_tp,8.0,24.0,96,0.7,1.25,1.0,24,203.0,19388.443750001188,116417.22421875103,97028.78046875009,1.1998215751690844,13960.190234374948,95.50957512315857,0.3793103448275862,12.448275862068966,107.0,-21346.55605468721,41907.439062500256,63253.995117187565,0.6625263587677016,26753.17558593739,-199.50052387558142,0.2523364485981308,9.158878504672897
R0264,10,2.0,24,0.5,pullback,short,fixed_sl_atr_tp,8.0,24.0,96,0.7,1.5,1.0,24,203.0,21738.44375000119,118767.22421875101,97028.78046875009,1.2240411931901194,13360.190234374948,107.08592980296153,0.3793103448275862,12.502463054187192,107.0,-20586.56582031223,42667.42929687524,63253.995117187565,0.6745412557392998,25836.58535156239,-192.39781140478718,0.2523364485981308,9.242990654205608
R0265,10,2.0,24,0.5,pullback,short,atr_sl_fixed_tp,10.0,16.0,96,0.7,1.25,1.0,24,197.0,11691.30234375079,118277.95117187541,106586.64882812492,1.1096882439995197,13886.419531249947,59.34671240482635,0.45685279187817257,12.48223350253807,99.0,-20626.165820312202,44799.44882812523,65425.61464843753,0.6847386771810039,34612.77558593736,-208.34510929608285,0.37373737373737376,10.252525252525253
R0266,10,2.0,24,0.5,pullback,short,atr_sl_fixed_tp,10.0,16.0,96,0.7,1.5,1.0,24,196.0,7795.102343750767,119874.1511718754,112079.04882812491,1.0695500401301978,15386.419531249945,39.770930325259016,0.4642857142857143,12.821428571428571,99.0,-23026.165820312242,46395.64882812518,69421.81464843752,0.6683151263486803,38862.77558593734,-232.5875335385075,0.3838383838383838,10.454545454545455
R0267,10,2.0,24,0.5,pullback,short,fixed_sl_atr_tp,10.0,16.0,96,0.7,1.25,1.0,24,198.0,16827.54140625072,121559.34140625043,104731.80000000003,1.1606727030973438,12676.409765624947,84.98758285985211,0.4393939393939394,12.282828282828282,100.0,-19849.936523437205,43427.06835937523,63277.00488281253,0.6863009467625895,33770.375585937356,-198.49936523437205,0.35,9.81
R0268,10,2.0,24,0.5,pullback,short,fixed_sl_atr_tp,10.0,16.0,96,0.7,1.5,1.0,24,197.0,21141.331640625795,124869.33164062553,103728.00000000004,1.203815089856408,12276.409765624947,107.31640426713601,0.4416243654822335,12.730964467005077,100.0,-19599.956054687224,43677.04882812522,63277.00488281253,0.6902515204222142,33370.37558593735,-195.99956054687223,0.35,10.01
R0269,10,2.0,24,0.5,pullback,short,atr_sl_fixed_tp,10.0,20.0,96,0.7,1.25,1.0,24,191.0,16984.08281250095,121423.11210937571,104439.02929687501,1.1626219903310504,15251.229296874928,88.92189954188979,0.450261780104712,13.675392670157068,97.0,-19608.60488281211,45567.00976562532,65175.61464843753,0.6991420029011988,33012.77558593735,-202.1505658021867,0.36082474226804123,11.103092783505154
R0270,10,2.0,24,0.5,pullback,short,atr_sl_fixed_tp,10.0,20.0,96,0.7,1.5,1.0,24,190.0,13687.892578125919,123419.3121093757,109731.41953125005,1.124739957220981,16501.229296874928,72.04153988487326,0.45789473684210524,14.01578947368421,97.0,-21358.604882812146,47563.20976562527,68921.81464843752,0.6901038518535807,37262.77558593734,-220.19180291558914,0.3711340206185567,11.360824742268042
R0271,10,2.0,24,0.5,pullback,short,fixed_sl_atr_tp,10.0,20.0,96,0.7,1.25,1.0,24,194.0,23152.682812500792,125670.67304687564,102517.99023437512,1.2258401940924633,13481.209765624928,119.34372583763295,0.4329896907216495,13.5,99.0,-17856.214648437122,45420.79023437531,63277.00488281253,0.7178087888087229,32070.37558593735,-180.3658045296679,0.3434343434343434,10.565656565656566
R0272,10,2.0,24,0.5,pullback,short,fixed_sl_atr_tp,10.0,20.0,96,0.7,1.5,1.0,24,194.0,16512.663281250894,121038.25351562577,104525.59023437512,1.157977230687956,13233.839062499914,85.11682103737574,0.422680412371134,13.938144329896907,99.0,-15856.214648437113,47420.7902343753,63277.00488281253,0.749415847387174,31570.37558593734,-160.16378432764762,0.3434343434343434,10.585858585858587
R0273,10,2.0,24,0.5,pullback,short,atr_sl_fixed_tp,10.0,24.0,96,0.7,1.25,1.0,24,187.0,24799.25351562616,125566.8828125009,100767.62929687496,1.2461033735602136,14851.229296874932,132.6163289605677,0.45454545454545453,14.679144385026738,96.0,-25124.790234374563,41054.62441406289,66179.41464843752,0.6203533928511739,34982.7609374998,-261.7165649414017,0.34375,11.90625
R0274,10,2.0,24,0.5,pullback,short,atr_sl_fixed_tp,10.0,24.0,96,0.7,1.5,1.0,24,186.0,22403.063281251114,127963.0828125009,105560.01953125001,1.2122305715813047,16101.229296874928,120.44657678091997,0.46236559139784944,15.021505376344086,96.0,-26474.79023437461,43450.82441406283,69925.61464843752,0.6213863779749232,39232.7609374998,-275.77906494140217,0.3541666666666667,12.166666666666666
R0275,10,2.0,24,0.5,pullback,short,fixed_sl_atr_tp,10.0,24.0,96,0.7,1.25,1.0,24,190.0,20197.814453126146,121132.01445312599,100934.20000000006,1.2001087287869316,13740.058593749876,106.30428659540077,0.4263157894736842,14.742105263157894,98.0,-21502.409765624565,42778.39511718788,64280.80488281253,0.6654925244818459,33820.3902343748,-219.41234454718943,0.32653061224489793,11.193877551020408
R0276,10,2.0,24,0.5,pullback,short,fixed_sl_atr_tp,10.0,24.0,96,0.7,1.5,1.0,24,190.0,23197.81445312615,124132.01445312599,100934.20000000006,1.229831062743113,12540.058593749876,122.09376027961132,0.4263157894736842,14.784210526315789,98.0,-20742.41953124958,43538.385351562865,64280.80488281253,0.6773154976969525,33220.3902343748,-211.65734215560795,0.32653061224489793,11.275510204081632
R0277,10,2.0,24,0.5,pullback,short,atr_sl_fixed_tp,12.0,16.0,96,0.7,1.25,1.0,24,193.0,3936.492578125868,120710.35117187546,116773.8585937499,1.0337103922532902,17586.419531249943,20.396334601688434,0.47668393782383417,13.580310880829016,96.0,-19344.765820312263,49588.048828125175,68932.81464843753,0.7193678233077803,36651.37558593735,-201.5079772949194,0.4166666666666667,11.25
R0278,10,2.0,24,0.5,pullback,short,atr_sl_fixed_tp,12.0,16.0,96,0.7,1.5,1.0,24,189.0,7731.594921875928,122522.72187500045,114791.12695312478,1.0673535936713374,18229.809765624963,40.90790963955517,0.4973544973544973,14.153439153439153,96.0,-24514.765820312252,49588.048828125175,74102.81464843752,0.6691790192232698,40621.375585937334,-255.36214396158596,0.4166666666666667,11.34375
R0279,10,2.0,24,0.5,pullback,short,fixed_sl_atr_tp,12.0,16.0,96,0.7,1.25,1.0,24,192.0,8660.253515625958,120905.50234375059,112245.24882812488,1.0771547446866698,16476.409765624943,45.105487060551866,0.4583333333333333,13.552083333333334,96.0,-17824.746289062223,47815.668359375224,65640.41464843754,0.7284486031276678,32555.175585937355,-185.67444051106483,0.3958333333333333,11.208333333333334
R0280,10,2.0,24,0.5,pullback,short,fixed_sl_atr_tp,12.0,16.0,96,0.7,1.5,1.0,24,191.0,11784.053515626036,122825.50234375069,111041.44882812488,1.1061230165851468,16076.409765624947,61.69661526505778,0.4607329842931937,14.041884816753926,96.0,-19174.756054687186,46465.65859375027,65640.41464843754,0.7078818566673437,33755.1658203123,-199.73704223632487,0.3958333333333333,11.395833333333334
R0281,10,2.0,24,0.5,pullback,short,atr_sl_fixed_tp,12.0,20.0,96,0.7,1.25,1.0,24,188.0,8625.482812500955,124255.51210937576,115630.02929687504,1.074595525616924,18701.229296874924,45.88022772606891,0.46808510638297873,14.712765957446809,94.0,-17587.224414062133,51045.590234375304,68632.81464843753,0.7437490433089413,35161.395117187305,-187.09813206449078,0.40425531914893614,12.404255319148936
R0282,10,2.0,24,0.5,pullback,short,atr_sl_fixed_tp,12.0,20.0,96,0.7,1.5,1.0,24,184.0,11400.575390626125,124747.87304687581,113347.29765624992,1.1005809192310927,20436.419531249943,61.959648862098504,0.4891304347826087,15.353260869565217,91.0,-14445.824414062121,53041.7902343753,67487.6146484375,0.7859485108591453,31119.995117187296,-158.7453232314519,0.42857142857142855,12.89010989010989
R0283,10,2.0,24,0.5,pullback,short,fixed_sl_atr_tp,12.0,20.0,96,0.7,1.25,1.0,24,189.0,12071.624218750996,123226.8437500008,111155.21953125003,1.1086015058011467,17879.22929687489,63.871027612439136,0.4497354497354497,14.71957671957672,95.0,-17541.034179687053,48099.380468750394,65640.41464843754,0.7327708200255149,32965.185351562264,-184.6424650493374,0.3894736842105263,12.189473684210526
R0284,10,2.0,24,0.5,pullback,short,fixed_sl_atr_tp,12.0,20.0,96,0.7,1.5,1.0,24,189.0,5031.604687501121,118594.42421875092,113562.81953125003,1.0443067960822892,19214.24882812486,26.622247023815454,0.43915343915343913,15.174603174603174,95.0,-15541.034179687047,50099.38046875039,65640.41464843754,0.7632398536340282,32465.185351562257,-163.58983347038998,0.3894736842105263,12.210526315789474
R0285,10,2.0,24,0.5,pullback,short,atr_sl_fixed_tp,12.0,24.0,96,0.7,1.25,1.0,24,184.0,17540.653515626178,128799.28281250095,111258.629296875,1.1576565667443346,18301.229296874924,95.3296386718814,0.47282608695652173,15.706521739130435,93.0,-22503.409765624587,47333.20488281286,69836.61464843753,0.67777060960202,37131.38046874976,-241.97214801746867,0.3870967741935484,13.268817204301076
R0286,10,2.0,24,0.5,pullback,short,atr_sl_fixed_tp,12.0,24.0,96,0.7,1.5,1.0,24,180.0,20915.74609375134,129291.643750001,108375.89765624987,1.1929925984105096,19801.229296874924,116.19858940972966,0.49444444444444446,16.322222222222223,89.0,-17878.219531249524,49009.395117187916,66887.6146484375,0.7327125563496646,31606.190234374695,-200.87887113763512,0.4157303370786517,14.03370786516854
R0287,10,2.0,24,0.5,pullback,short,fixed_sl_atr_tp,12.0,24.0,96,0.7,1.25,1.0,24,186.0,10222.975390626227,121218.19492187603,110995.21953124998,1.0921028440125553,18310.487890624812,54.9622332829367,0.44086021505376344,15.704301075268818,94.0,-19507.209765624546,47337.00488281291,66844.21464843754,0.7081690634227444,33235.180468749764,-207.52350814494199,0.3723404255319149,12.872340425531915
R0288,10,2.0,24,0.5,pullback,short,fixed_sl_atr_tp,12.0,24.0,96,0.7,1.5,1.0,24,186.0,13222.975390626227,124218.19492187603,110995.21953124998,1.1191310350704176,17110.487890624812,71.09126554100122,0.44086021505376344,15.74731182795699,94.0,-18747.219531249564,48096.99511718789,66844.21464843754,0.7195386372650299,32635.180468749764,-199.4385056515911,0.3723404255319149,12.957446808510639
R0289,14,1.5,12,0.382,pullback,short,atr_sl_fixed_tp,8.0,16.0,96,0.7,1.25,1.0,24,315.0,20162.98046875095,169936.93164062576,149773.95117187494,1.134622745216974,11872.029296874935,64.00946180555857,0.42857142857142855,10.333333333333334,127.0,-20902.59511718718,51590.434179687756,72493.02929687507,0.711660620063392,29135.01464843726,-164.5873631274581,0.33070866141732286,10.937007874015748
R0290,14,1.5,12,0.382,pullback,short,atr_sl_fixed_tp,8.0,16.0,96,0.7,1.5,1.0,24,310.0,23071.980468751015,172465.53164062585,149393.55117187495,1.1544375931073956,14072.029296874935,74.42574344758393,0.44516129032258067,10.85483870967742,125.0,-20744.999999999654,53186.63417968776,73931.63417968755,0.719402929068496,32751.209765624757,-165.95999999999722,0.344,11.464
R0291,14,1.5,12,0.382,pullback,short,fixed_sl_atr_tp,8.0,16.0,96,0.7,1.25,1.0,24,314.0,24106.751171875796,168641.1218750006,144534.37070312505,1.166789055465506,13692.019531249953,76.77309290406305,0.4012738853503185,10.30891719745223,128.0,-16306.37558593716,51998.05371093778,68304.42929687507,0.7612691335862855,22591.214648437202,-127.39355926513406,0.3125,10.5625
R0292,14,1.5,12,0.382,pullback,short,fixed_sl_atr_tp,8.0,16.0,96,0.7,1.5,1.0,24,311.0,30048.112109375892,174582.4828125007,144534.37070312505,1.2078959624842092,13292.019531249953,96.61772382435979,0.3954983922829582,10.536977491961414,127.0,-14592.580468749702,53711.84882812524,68304.42929687507,0.7863596750757503,22477.419531249743,-114.90220841535198,0.30708661417322836,10.582677165354331
R0293,14,1.5,12,0.382,pullback,short,atr_sl_fixed_tp,8.0,20.0,96,0.7,1.25,1.0,24,297.0,29541.409765626016,175226.3804687508,145684.97070312503,1.202775959819664,11283.7902343746,99.46602614688895,0.4107744107744108,11.481481481481481,124.0,-21511.190234374495,51181.83906250044,72693.02929687507,0.7040818020318854,28937.414648437156,-173.4773405997943,0.31451612903225806,11.53225806451613
R0294,14,1.5,12,0.382,pullback,short,atr_sl_fixed_tp,8.0,20.0,96,0.7,1.5,1.0,24,291.0,28134.229296876005,174432.58046875082,146298.35117187505,1.1923072206317824,13532.039062499935,96.68120033290724,0.422680412371134,12.010309278350515,121.0,-19949.79511718697,53178.03906250045,73127.83417968755,0.7271928624582665,31549.809765624654,-164.8743398114626,0.3305785123966942,12.289256198347108
R0295,14,1.5,12,0.382,pullback,short,fixed_sl_atr_tp,8.0,20.0,96,0.7,1.25,1.0,24,298.0,34787.560937501046,175636.72187500086,140849.16093750007,1.246984509570045,11385.82929687497,116.7367816694666,0.3825503355704698,11.43288590604027,127.0,-17362.59023437455,52549.43906250039,69912.02929687507,0.7516508902831868,23337.41464843716,-136.71330893208307,0.29133858267716534,10.874015748031496
R0296,14,1.5,12,0.382,pullback,short,fixed_sl_atr_tp,8.0,20.0,96,0.7,1.5,1.0,24,296.0,32725.131640626223,173574.29257812598,140849.16093750007,1.2323416868287007,10885.829296874974,110.55787716427778,0.3783783783783784,11.800675675675675,126.0,-17378.78046874957,51729.448828125365,69108.22929687507,0.7485280603255807,23337.41464843716,-137.92682911706007,0.29365079365079366,11.007936507936508
R0297,14,1.5,12,0.382,pullback,short,atr_sl_fixed_tp,8.0,24.0,96,0.7,1.25,1.0,24,289.0,37371.85859375123,181449.22929687606,144077.37070312505,1.2593874278199915,13168.980468749538,129.31438959775514,0.4013840830449827,12.145328719723183,124.0,-16661.180468749444,56031.848828125505,72693.02929687507,0.7708008507843847,28487.404882812105,-134.36435861894714,0.31451612903225806,11.935483870967742
R0298,14,1.5,12,0.382,pullback,short,atr_sl_fixed_tp,8.0,24.0,96,0.7,1.5,1.0,24,283.0,35874.66835937621,180035.4097656261,144160.7414062501,1.2488518580677932,15181.029296874905,126.76561257730111,0.4134275618374558,12.717314487632509,121.0,-14699.785351561904,58428.0488281255,73127.83417968755,0.7989850852762552,31099.799999999588,-121.48582935175128,0.3305785123966942,12.702479338842975
R0299,14,1.5,12,0.382,pullback,short,fixed_sl_atr_tp,8.0,24.0,96,0.7,1.25,1.0,24,291.0,36394.190234376314,175635.75117187612,139241.5609375001,1.2613744774860138,10984.839062499967,125.06594582259902,0.3745704467353952,12.219931271477662,127.0,-17892.58046874951,52019.44882812542,69912.02929687507,0.7440700742247027,22887.4048828121,-140.88646038385443,0.29133858267716534,11.330708661417322
R0300,14,1.5,12,0.382,pullback,short,fixed_sl_atr_tp,8.0,24.0,96,0.7,1.5,1.0,24,289.0,36051.78046875148,174489.54140625126,138437.7609375001,1.2604186908586834,10384.839062499948,124.74664522059335,0.3737024221453287,12.477508650519031,127.0,-18932.590234374533,50979.43906250041,69912.02929687507,0.7291940968559338,22887.404882812105,-149.07551365649238,0.29133858267716534,11.393700787401574
R0301,14,1.5,12,0.382,pullback,short,atr_sl_fixed_tp,10.0,16.0,96,0.7,1.25,1.0,24,298.0,23177.57070312597,178890.32187500087,155712.75117187487,1.148848251210607,15814.429296874943,77.77708289639587,0.47651006711409394,12.013422818791947,115.0,-17276.990234374585,54709.03417968777,71986.02441406247,0.7599952160853094,27990.80976562474,-150.23469769021378,0.391304347826087,13.147826086956522
R0302,14,1.5,12,0.382,pullback,short,atr_sl_fixed_tp,10.0,16.0,96,0.7,1.5,1.0,24,295.0,25038.97070312599,180545.14140625088,155506.1707031249,1.1610159300425937,14369.639062499951,84.87786679025758,0.49491525423728816,12.389830508474576,115.0,-23876.985351562056,54709.03417968777,78586.01953124994,0.696167518166925,33840.80488281221,-207.6259595788005,0.391304347826087,13.295652173913043
R0303,14,1.5,12,0.382,pullback,short,fixed_sl_atr_tp,10.0,16.0,96,0.7,1.25,1.0,24,296.0,23945.151171875936,176900.7121093758,152955.56093749995,1.1565497261107114,14260.629296874939,80.89578098606735,0.4527027027027027,11.885135135135135,120.0,-22385.985351562067,52030.434179687814,74416.41953125001,0.6991794889814398,29649.814648437183,-186.5498779296839,0.35,12.233333333333333
R0304,14,1.5,12,0.382,pullback,short,fixed_sl_atr_tp,10.0,16.0,96,0.7,1.5,1.0,24,294.0,28552.731640626036,182512.0925781259,153959.36093749994,1.185456288378704,13860.629296874937,97.11813483206134,0.445578231292517,12.095238095238095,119.0,-20672.190234374604,53744.22929687528,74416.41953125001,0.7222092870822175,29536.019531249724,-173.71588432247566,0.3445378151260504,12.268907563025211
R0305,14,1.5,12,0.382,pullback,short,atr_sl_fixed_tp,10.0,20.0,96,0.7,1.25,1.0,24,281.0,23142.239062501016,178861.1804687509,155718.94140624994,1.1486154404436,15124.43906249994,82.35672264235237,0.4483985765124555,13.09608540925267,114.0,-22203.16582031192,52794.25859375045,74997.42441406248,0.7039476222846287,32310.790234374654,-194.76461245887648,0.35964912280701755,13.657894736842104
R0306,14,1.5,12,0.382,pullback,short,atr_sl_fixed_tp,10.0,20.0,96,0.7,1.5,1.0,24,279.0,24469.839062501,180959.8000000009,156489.9609374999,1.1563668296413845,15380.629296874919,87.70551635305017,0.46236559139784944,13.487455197132617,114.0,-28803.160937499393,52794.25859375045,81597.41953124995,0.647008923775236,38160.785351562125,-252.65930646929291,0.35964912280701755,13.798245614035087
R0307,14,1.5,12,0.382,pullback,short,fixed_sl_atr_tp,10.0,20.0,96,0.7,1.25,1.0,24,284.0,30400.809765626196,183690.16093750106,153289.3511718749,1.1983230376618883,11624.439062499936,107.04510480854294,0.426056338028169,12.845070422535212,119.0,-22312.180468749422,53108.03906250046,75420.21953125001,0.7041618201667444,30396.014648437136,-187.49731486344052,0.33613445378151263,12.663865546218487
R0308,14,1.5,12,0.382,pullback,short,fixed_sl_atr_tp,10.0,20.0,96,0.7,1.5,1.0,24,282.0,30678.37070312634,182803.9316406262,152125.56093749995,1.2016647992228624,11124.439062499936,108.78854859264659,0.425531914893617,13.180851063829786,119.0,-22212.160937499404,53208.05859375048,75420.21953125001,0.7054879835201748,30396.014648437136,-186.65681460083533,0.33613445378151263,12.722689075630251
R0309,14,1.5,12,0.382,pullback,short,atr_sl_fixed_tp,10.0,24.0,96,0.7,1.25,1.0,24,276.0,33061.25859375132,187660.20976562618,154598.95117187494,1.2138517651196448,17023.429296874896,119.78716881793957,0.4384057971014493,13.73913043478261,114.0,-15403.165820311913,59594.25859375044,74997.42441406248,0.7946174026554457,30310.790234374646,-135.1154896518589,0.35964912280701755,13.921052631578947
R0310,14,1.5,12,0.382,pullback,short,atr_sl_fixed_tp,10.0,24.0,96,0.7,1.5,1.0,24,273.0,32392.658593751305,187762.62929687614,155369.9707031249,1.2084872543076288,17529.61953124988,118.6544270833381,0.45054945054945056,14.179487179487179,114.0,-22003.160937499393,59594.25859375044,81597.41953124995,0.7303448924745372,36160.785351562125,-193.01018366227538,0.35964912280701755,14.06140350877193
R0311,14,1.5,12,0.382,pullback,short,fixed_sl_atr_tp,10.0,24.0,96,0.7,1.25,1.0,24,278.0,34183.629296876534,184515.40976562633,150331.78046874993,1.227387909531094,13173.429296874896,122.96269531250552,0.420863309352518,13.647482014388489,119.0,-20082.170703124353,55338.04882812554,75420.21953125001,0.7337296174959618,29876.034179687085,-168.75773700104497,0.33613445378151263,13.025210084033613
R0312,14,1.5,12,0.382,pullback,short,fixed_sl_atr_tp,10.0,24.0,96,0.7,1.5,1.0,24,277.0,33347.42929687667,183679.20976562647,150331.78046874993,1.221825546088098,12573.429296874896,120.38783139666667,0.4187725631768953,13.895306859205776,119.0,-21122.18046874937,54298.03906250052,75420.21953125001,0.7199400823807253,29876.034179687085,-177.4973148634401,0.33613445378151263,13.092436974789916
R0313,14,1.5,12,0.382,pullback,short,atr_sl_fixed_tp,12.0,16.0,96,0.7,1.25,1.0,24,289.0,17611.7316406262,178903.73164062607,161291.9999999998,1.109191600579237,17486.219531249844,60.94024789144014,0.5155709342560554,13.183391003460208,114.0,-24303.199999999473,55941.42929687529,80244.62929687489,0.6971361172336292,36340.79023437467,-213.1859649122761,0.41228070175438597,14.157894736842104
R0314,14,1.5,12,0.382,pullback,short,atr_sl_fixed_tp,12.0,16.0,96,0.7,1.5,1.0,24,282.0,30978.312109376373,182508.5511718762,151530.23906249984,1.204436502582162,12959.658593749842,109.85217060062544,0.5425531914893617,13.77304964539007,113.0,-29289.404882811967,55941.42929687529,85230.83417968737,0.656352009636995,40426.995117187165,-259.19827329922094,0.415929203539823,14.56637168141593
R0315,14,1.5,12,0.382,pullback,short,fixed_sl_atr_tp,12.0,16.0,96,0.7,1.25,1.0,24,284.0,17740.73164062615,176191.70234375107,158450.97070312488,1.11196354027938,15326.868359374876,62.467364931782214,0.4894366197183099,13.316901408450704,115.0,-20647.00488281196,55259.029296875335,75906.03417968743,0.7279925752156176,34158.395117187145,-179.53917289401707,0.391304347826087,14.008695652173913
R0316,14,1.5,12,0.382,pullback,short,fixed_sl_atr_tp,12.0,16.0,96,0.7,1.5,1.0,24,282.0,23638.312109376253,182763.07304687618,159124.76093749993,1.1485520667563534,14926.868359374865,83.82380180629877,0.48226950354609927,13.47517730496454,114.0,-18533.209765624495,57372.8244140628,75906.03417968743,0.755840099329229,34044.59999999968,-162.57201548793418,0.38596491228070173,14.06140350877193
R0317,14,1.5,12,0.382,pullback,short,atr_sl_fixed_tp,12.0,20.0,96,0.7,1.25,1.0,24,274.0,19388.80000000115,182604.57070312605,163215.77070312487,1.1187924421547946,16706.2195312498,70.76204379562463,0.4854014598540146,14.383211678832117,113.0,-29829.375585936807,54026.65371093797,83856.0292968749,0.644278702008031,41060.77070312459,-263.9767750967859,0.3805309734513274,14.690265486725664
R0318,14,1.5,12,0.382,pullback,short,atr_sl_fixed_tp,12.0,20.0,96,0.7,1.5,1.0,24,269.0,27717.780468751378,183259.37070312625,155541.5902343749,1.178201730013081,15726.829296874828,103.04007609201255,0.5092936802973977,15.011152416356877,112.0,-34815.5804687493,54026.65371093797,88842.23417968738,0.6081190349363194,45146.97558593708,-310.8533970424045,0.38392857142857145,15.107142857142858
R0319,14,1.5,12,0.382,pullback,short,fixed_sl_atr_tp,12.0,20.0,96,0.7,1.25,1.0,24,273.0,23792.570703126356,184321.11210937626,160528.5414062499,1.1482139593040621,14854.458593749885,87.15227363782547,0.46153846153846156,14.282051282051283,114.0,-20273.19999999932,56836.634179687986,77109.83417968743,0.7370867125358196,34904.595117187106,-177.8350877192923,0.37719298245614036,14.5
R0320,14,1.5,12,0.382,pullback,short,fixed_sl_atr_tp,12.0,20.0,96,0.7,1.5,1.0,24,271.0,28470.13164062649,186431.0828125014,157960.9511718749,1.1802352507338891,14354.458593749881,105.05583631227486,0.46494464944649444,14.649446494464945,114.0,-19673.1804687493,57436.653710938,77109.83417968743,0.7448680745064834,34904.5951171871,-172.57175849780086,0.37719298245614036,14.56140350877193
R0321,14,1.5,12,0.382,pullback,short,atr_sl_fixed_tp,12.0,24.0,96,0.7,1.25,1.0,24,268.0,29141.590234376425,191027.3804687513,161885.79023437487,1.1800132685653624,18759.639062499824,108.73727699394188,0.47388059701492535,14.996268656716419,113.0,-23029.37558593681,60826.653710937964,83856.0292968749,0.7253700684490294,39060.770703124595,-203.79978394634347,0.3805309734513274,14.938053097345133
R0322,14,1.5,12,0.382,pullback,short,atr_sl_fixed_tp,12.0,24.0,96,0.7,1.5,1.0,24,263.0,37070.570703126534,191282.18046875147,154211.6097656249,1.2403876774223903,16572.019531249804,140.95274031607048,0.49809885931558934,15.65019011406844,112.0,-28015.580468749304,60826.653710937964,88842.23417968738,0.6846592082310013,43146.97558593708,-250.1391113281188,0.38392857142857145,15.357142857142858
R0323,14,1.5,12,0.382,pullback,short,fixed_sl_atr_tp,12.0,24.0,96,0.7,1.25,1.0,24,267.0,30975.37070312668,186966.3414062515,155990.97070312485,1.1985715619532724,16803.448828124845,116.0126243562797,0.45692883895131087,15.138576779026216,114.0,-17663.160937499237,59446.67324218806,77109.83417968743,0.7709350418736568,34504.58535156204,-154.94000822367752,0.37719298245614036,14.833333333333334
R0324,14,1.5,12,0.382,pullback,short,fixed_sl_atr_tp,12.0,24.0,96,0.7,1.5,1.0,24,266.0,26329.151171876852,183133.94140625163,156804.7902343748,1.1679103752667432,16203.448828124841,98.9817713228453,0.45112781954887216,15.406015037593985,114.0,-18103.17070312426,59006.66347656304,77109.83417968743,0.7652287688631394,34504.58535156204,-158.7997430098619,0.37719298245614036,14.903508771929825
R0325,14,1.5,12,0.5,pullback,short,atr_sl_fixed_tp,8.0,16.0,96,0.7,1.25,1.0,24,267.0,-904.7269531242721,134698.47304687553,135603.2000000002,0.9933281297703546,21233.83906249948,-3.388490461139596,0.3857677902621723,10.456928838951312,131.0,-30367.84394531226,47925.60000000015,78293.44394531257,0.6121278817863198,40352.59511718731,-231.81560263597143,0.2900763358778626,9.351145038167939
R0326,14,1.5,12,0.5,pullback,short,atr_sl_fixed_tp,8.0,16.0,96,0.7,1.5,1.0,24,263.0,-2949.53671874917,134730.88281250055,137680.41953125005,0.9785769339693214,24806.2390624994,-11.21496851235426,0.39923954372623577,10.904942965779467,127.0,-30832.639062499704,48061.8000000002,78894.43906250007,0.6091912252766726,41361.19023437481,-242.77668553149374,0.30708661417322836,9.858267716535433
R0327,14,1.5,12,0.5,pullback,short,fixed_sl_atr_tp,8.0,16.0,96,0.7,1.25,1.0,24,265.0,-6837.05859374909,124512.73164062572,131349.79023437528,0.9479477007039768,28000.019531249323,-25.80022110848713,0.35471698113207545,10.532075471698112,136.0,-27146.82441406232,49573.21953125008,76720.04394531257,0.6461573401416032,38367.79511718731,-199.6090030445759,0.2647058823529412,8.852941176470589
R0328,14,1.5,12,0.5,pullback,short,fixed_sl_atr_tp,8.0,16.0,96,0.7,1.5,1.0,24,263.0,-2209.468359374101,128336.52187500073,130545.99023437528,0.9830751725471784,24746.239062499277,-8.401020377848292,0.35361216730038025,10.730038022813687,134.0,-31939.22441406232,45584.619531250086,77523.84394531258,0.5880077304139706,38367.79511718731,-238.35242100046506,0.2462686567164179,9.149253731343284
R0329,14,1.5,12,0.5,pullback,short,atr_sl_fixed_tp,8.0,20.0,96,0.7,1.25,1.0,24,259.0,595.6925781260118,137002.69257812583,136407.00000000017,1.0043670235261069,24644.878124999253,2.2999713441158756,0.36293436293436293,11.463320463320464,131.0,-27547.824414062263,52353.21953125014,79901.04394531257,0.6552257260503724,37891.18535156231,-210.28873598520812,0.2748091603053435,9.755725190839694
R0330,14,1.5,12,0.5,pullback,short,atr_sl_fixed_tp,8.0,20.0,96,0.7,1.5,1.0,24,255.0,4380.873046876139,140857.49257812585,136476.6195312501,1.0320998062666158,24791.99999999962,17.179894301475052,0.3843137254901961,11.890196078431373,127.0,-28012.619531249708,52489.4195312502,80502.03906250006,0.6520259628516806,38711.18046874981,-220.57180733267487,0.29133858267716534,10.275590551181102
R0331,14,1.5,12,0.5,pullback,short,fixed_sl_atr_tp,8.0,20.0,96,0.7,1.25,1.0,24,260.0,3641.882812501036,134521.66328125086,130879.78046875024,1.0278261684078098,19015.78046874969,14.007241586542445,0.3423076923076923,11.234615384615385,134.0,-28719.204882812282,49608.439062500125,78327.64394531258,0.6333452222453689,36106.385351562305,-214.32242449859913,0.23880597014925373,9.440298507462687
R0332,14,1.5,12,0.5,pullback,short,fixed_sl_atr_tp,8.0,20.0,96,0.7,1.5,1.0,24,258.0,4189.521875001053,135209.29257812587,131019.77070312524,1.0319762571138487,18515.78046874968,16.238456879849043,0.3372093023255814,11.337209302325581,132.0,-27501.585351562317,49218.45859375009,76720.04394531257,0.6415332429792909,36106.385351562305,-208.3453435724418,0.24242424242424243,9.734848484848484
R0333,14,1.5,12,0.5,pullback,short,atr_sl_fixed_tp,8.0,24.0,96,0.7,1.25,1.0,24,256.0,8967.073046876238,143566.47304687608,134599.4000000002,1.0666204533369084,20760.990234374567,35.0276290893603,0.36328125,11.9375,127.0,-35642.580468749686,45262.26347656272,80904.84394531258,0.559450599857255,38977.3511718748,-280.6502399114149,0.2440944881889764,10.417322834645669
R0334,14,1.5,12,0.5,pullback,short,atr_sl_fixed_tp,8.0,24.0,96,0.7,1.5,1.0,24,252.0,11712.273046876326,146501.2730468761,134789.00000000015,1.0868933892741688,25360.990234374556,46.477273995540976,0.38492063492063494,12.380952380952381,123.0,-36077.356054687094,45398.46347656278,81475.81953125003,0.5572016794399989,39785.946289062296,-293.3118378429845,0.2601626016260163,10.983739837398375
R0335,14,1.5,12,0.5,pullback,short,fixed_sl_atr_tp,8.0,24.0,96,0.7,1.25,1.0,24,256.0,8137.112109376236,137549.28281250107,129412.17070312523,1.0628774872190543,18760.990234374567,31.78559417725092,0.33984375,11.71484375,130.0,-33003.94140624973,44519.90253906267,77523.84394531258,0.5742736721165196,37192.55117187479,-253.87647235576716,0.2230769230769231,10.123076923076923
R0336,14,1.5,12,0.5,pullback,short,fixed_sl_atr_tp,8.0,24.0,96,0.7,1.5,1.0,24,254.0,8324.721875001302,136933.09257812615,128608.37070312523,1.0647292383029827,18160.99023437457,32.77449557087127,0.33858267716535434,11.877952755905511,130.0,-32293.931640624734,45229.91230468767,77523.84394531258,0.5834322706778328,37192.551171874795,-248.41485877403642,0.2230769230769231,10.13076923076923
R0337,14,1.5,12,0.5,pullback,short,atr_sl_fixed_tp,10.0,16.0,96,0.7,1.25,1.0,24,251.0,3596.082812500872,143288.15117187554,139692.0683593749,1.0257429276746712,22086.780468749734,14.327023157373992,0.44223107569721115,12.278884462151394,116.0,-26660.863476562194,50884.17558593772,77545.03906250004,0.6561886640475595,35797.014648437296,-229.83502997036373,0.35344827586206895,11.577586206896552
R0338,14,1.5,12,0.5,pullback,short,atr_sl_fixed_tp,10.0,16.0,96,0.7,1.5,1.0,24,249.0,9703.663281250894,147825.34140625055,138121.67812499992,1.0702544554408673,20092.190234374844,38.97053526606785,0.46987951807228917,12.742971887550201,115.0,-26647.087890624647,52480.375585937676,79127.46347656244,0.6632384418777985,38937.02929687475,-231.71380774456216,0.3652173913043478,12.104347826086956
R0339,14,1.5,12,0.5,pullback,short,fixed_sl_atr_tp,10.0,16.0,96,0.7,1.25,1.0,24,249.0,-2656.219531249095,135202.4097656257,137858.6292968751,0.9807322940551708,24266.79023437444,-10.667548318269457,0.40963855421686746,12.293172690763052,120.0,-22296.068359374793,53147.97558593762,75444.04394531254,0.7044688063707617,33688.4195312498,-185.8005696614566,0.3333333333333333,11.016666666666667
R0340,14,1.5,12,0.5,pullback,short,fixed_sl_atr_tp,10.0,16.0,96,0.7,1.5,1.0,24,247.0,2571.370703125941,139426.2000000007,136854.8292968751,1.018789038840183,20866.751171874774,10.410407704963324,0.4089068825910931,12.51417004048583,118.0,-27288.46835937479,49159.375585937625,76447.84394531255,0.6430446308087393,33688.4195312498,-231.25820643537958,0.3135593220338983,11.372881355932204
R0341,14,1.5,12,0.5,pullback,short,atr_sl_fixed_tp,10.0,20.0,96,0.7,1.25,1.0,24,243.0,9506.521875001163,149418.56093750082,139912.03906249994,1.0679464178972777,24926.76093749967,39.12148919753565,0.42386831275720166,13.353909465020577,116.0,-25100.843945312143,54451.79511718778,79552.63906250003,0.6844750313614117,34007.00488281224,-216.3865857354495,0.33620689655172414,12.051724137931034
R0342,14,1.5,12,0.5,pullback,short,atr_sl_fixed_tp,10.0,20.0,96,0.7,1.5,1.0,24,240.0,15367.902343751204,152759.55117187582,137391.64882812495,1.1118547049608227,22589.199999999648,64.03292643229669,0.45,13.916666666666666,115.0,-24687.068359374596,56447.995117187726,81135.06347656244,0.6957287354990966,37147.01953124969,-214.6701596467356,0.34782608695652173,12.608695652173912
R0343,14,1.5,12,0.5,pullback,short,fixed_sl_atr_tp,10.0,20.0,96,0.7,1.25,1.0,24,245.0,10568.9414062511,148491.35117187587,137922.40976562502,1.0766296167838925,18796.741406249737,43.13853635204531,0.39591836734693875,13.085714285714285,118.0,-25128.448828124696,52323.19511718772,77451.64394531255,0.6755595162593624,31898.40976562474,-212.95295617054828,0.3050847457627119,11.694915254237289
R0344,14,1.5,12,0.5,pullback,short,fixed_sl_atr_tp,10.0,20.0,96,0.7,1.5,1.0,24,243.0,10546.590234376083,148808.99023437584,138262.4,1.0762795252677217,18626.199999999768,43.40160590278224,0.39094650205761317,13.234567901234568,116.0,-22940.839062499716,52503.20488281271,75444.04394531254,0.6959224630226734,31898.40976562474,-197.76585398706652,0.3103448275862069,11.991379310344827
R0345,14,1.5,12,0.5,pullback,short,atr_sl_fixed_tp,10.0,24.0,96,0.7,1.25,1.0,24,239.0,16511.721875001345,154536.14140625106,138024.41953125002,1.1196289897909162,23891.95117187459,69.08670240586336,0.4225941422594142,13.96234309623431,111.0,-32241.84394531193,47280.77558593794,79522.61953125,0.5945575719793538,33047.80488281206,-290.4670625703778,0.3063063063063063,12.82882882882883
R0346,14,1.5,12,0.5,pullback,short,atr_sl_fixed_tp,10.0,24.0,96,0.7,1.5,1.0,24,236.0,20413.13164062639,157420.9609375011,137007.82929687502,1.1489924462374626,23354.370703124572,86.49632051112877,0.4449152542372881,14.51271186440678,110.0,-31428.068359374407,49676.97558593789,81105.04394531241,0.6125016789268265,35963.22929687463,-285.7097123579492,0.3181818181818182,13.418181818181818
R0347,14,1.5,12,0.5,pullback,short,fixed_sl_atr_tp,10.0,24.0,96,0.7,1.25,1.0,24,241.0,13764.180468751256,151022.78046875104,137258.6,1.1002791844645874,17461.399999999747,57.11278202801351,0.3900414937759336,13.589211618257261,114.0,-29323.258593749542,47124.58535156287,76447.84394531255,0.6164279189518248,31763.02929687465,-257.2215666118381,0.2894736842105263,12.18421052631579
R0348,14,1.5,12,0.5,pullback,short,fixed_sl_atr_tp,10.0,24.0,96,0.7,1.5,1.0,24,240.0,17697.980468751397,153952.78046875115,136254.80000000002,1.1298888587319575,17461.39999999974,73.74158528646416,0.39166666666666666,13.725,114.0,-28613.248828124546,47834.59511718787,76447.84394531255,0.6257154243801388,31653.019531249654,-250.99341077302233,0.2894736842105263,12.18421052631579
R0349,14,1.5,12,0.5,pullback,short,atr_sl_fixed_tp,12.0,16.0,96,0.7,1.25,1.0,24,246.0,3465.0730468759125,149747.74140625057,146282.66835937477,1.0236875159972,20822.199999999844,14.085662792178507,0.483739837398374,13.463414634146341,114.0,-27893.29277343708,54076.57558593767,81969.86835937487,0.6597128514206397,41533.22441406223,-244.67800678453577,0.37719298245614036,12.710526315789474
R0350,14,1.5,12,0.5,pullback,short,atr_sl_fixed_tp,12.0,16.0,96,0.7,1.5,1.0,24,245.0,208.86328125098248,150023.92187500058,149815.05859374965,1.0013941407707039,22338.42929687482,0.8525031887795204,0.4897959183673469,13.942857142857143,113.0,-31469.48789062453,54076.57558593767,85546.06347656231,0.6321340034629814,45399.42929687469,-278.4910432798631,0.3805309734513274,13.08849557522124
R0351,14,1.5,12,0.5,pullback,short,fixed_sl_atr_tp,12.0,16.0,96,0.7,1.25,1.0,24,241.0,-3515.8195312489397,140579.6097656257,144095.42929687485,0.9756007560517023,25382.970703124687,-14.58846278526531,0.44813278008298757,13.564315352697095,115.0,-24207.039062499683,54880.375585937676,79087.41464843748,0.6939204654734777,37293.20976562477,-210.49599184782335,0.3652173913043478,12.243478260869566
R0352,14,1.5,12,0.5,pullback,short,fixed_sl_atr_tp,12.0,16.0,96,0.7,1.5,1.0,24,240.0,-612.0292968739038,143483.40000000078,144095.42929687485,0.9957526113086271,24582.970703124683,-2.550122070307933,0.44583333333333336,13.7375,113.0,-29169.419531249656,50891.77558593768,80061.19511718745,0.6356609529928474,37293.20976562477,-258.136456028758,0.34513274336283184,12.646017699115044
R0353,14,1.5,12,0.5,pullback,short,atr_sl_fixed_tp,12.0,20.0,96,0.7,1.25,1.0,24,236.0,11833.141406251289,155081.95117187584,143248.80976562476,1.0826055129226677,21625.399999999616,50.14042968750546,0.4661016949152542,14.792372881355933,114.0,-26133.24394531204,58444.19511718773,84577.43906249989,0.6910140075771203,39743.214648437155,-229.2389819764214,0.35964912280701755,13.289473684210526
R0354,14,1.5,12,0.5,pullback,short,atr_sl_fixed_tp,12.0,20.0,96,0.7,1.5,1.0,24,235.0,13086.902343751346,157660.5316406259,144573.62929687471,1.090520673842101,19782.199999999753,55.68894614362275,0.4808510638297872,15.251063829787235,113.0,-29709.43906249949,58444.19511718773,88153.63417968733,0.6629811199622062,43609.41953124962,-262.91538993362377,0.36283185840707965,13.672566371681416
R0355,14,1.5,12,0.5,pullback,short,fixed_sl_atr_tp,12.0,20.0,96,0.7,1.25,1.0,24,238.0,9235.541406251272,153654.7414062509,144419.19999999978,1.0639495399936514,22112.960937499643,38.80479582458518,0.4369747899159664,14.365546218487395,113.0,-26809.399999999558,54455.595117187775,81264.99511718746,0.6700990388132132,35503.19999999971,-237.2513274336244,0.336283185840708,13.017699115044248
R0356,14,1.5,12,0.5,pullback,short,fixed_sl_atr_tp,12.0,20.0,96,0.7,1.5,1.0,24,236.0,9013.190234376252,153972.3804687509,144959.19023437478,1.0621774322814808,21112.960937499636,38.19148404396717,0.4322033898305085,14.529661016949152,111.0,-25171.80976562459,54635.60488281276,79807.41464843747,0.6845930935551545,35503.19999999971,-226.7730609515729,0.34234234234234234,13.252252252252251
R0357,14,1.5,12,0.5,pullback,short,atr_sl_fixed_tp,12.0,24.0,96,0.7,1.25,1.0,24,233.0,16274.570703126483,160143.3609375011,143868.7902343748,1.1131209255086776,22390.570703124544,69.84794293187332,0.4592274678111588,15.330472103004292,109.0,-32394.214648436857,51953.20488281289,84347.41953124986,0.6159430267284556,38479.39511718711,-297.194629802173,0.3302752293577982,14.110091743119266
R0358,14,1.5,12,0.5,pullback,short,atr_sl_fixed_tp,12.0,24.0,96,0.7,1.5,1.0,24,232.0,15518.33164062649,162815.74140625112,147297.40976562476,1.105353730695731,18646.809765624523,66.88936051994176,0.4698275862068966,15.77155172413793,108.0,-35970.40976562432,51953.20488281289,87923.6146484373,0.5908902300087167,42345.599999999584,-333.05934968170664,0.3333333333333333,14.518518518518519
R0359,14,1.5,12,0.5,pullback,short,fixed_sl_atr_tp,12.0,24.0,96,0.7,1.25,1.0,24,234.0,12910.800000001378,156986.1707031261,144075.37070312485,1.0896114300243909,20878.15117187456,55.174358974364864,0.43162393162393164,14.905982905982906,109.0,-31474.199999999422,49537.01464843792,81011.21464843747,0.6114834207018446,34239.380468749645,-288.7541284403617,0.3211009174311927,13.477064220183486
R0360,14,1.5,12,0.5,pullback,short,fixed_sl_atr_tp,12.0,24.0,96,0.7,1.5,1.0,24,233.0,17044.60000000151,159916.17070312618,142871.57070312486,1.11930015129055,19678.151171874553,73.15278969957728,0.4334763948497854,15.051502145922747,109.0,-30764.190234374422,50247.02441406292,81011.21464843747,0.6202477599196456,34239.380468749645,-282.24027737958187,0.3211009174311927,13.477064220183486
R0361,14,1.5,24,0.382,pullback,short,atr_sl_fixed_tp,8.0,16.0,96,0.7,1.25,1.0,24,261.0,16978.29765625106,144515.8390625007,127537.5414062501,1.1331239215453353,12201.590234374942,65.05094887452513,0.41762452107279696,10.229885057471265,119.0,-10332.200000000008,56200.380468750074,66532.58046875022,0.8447046555656579,23907.01953124986,-86.82521008403369,0.35294117647058826,9.378151260504202
R0362,14,1.5,24,0.382,pullback,short,atr_sl_fixed_tp,8.0,16.0,96,0.7,1.5,1.0,24,256.0,20247.336718751114,146718.23906250074,126470.90234375007,1.1600948229476378,11401.59023437494,79.09115905762154,0.43359375,10.66796875,117.0,-8904.570703125024,59286.60000000006,68191.17070312523,0.8694175417241066,24503.219531249844,-76.10744190705148,0.36752136752136755,9.94017094017094
R0363,14,1.5,24,0.382,pullback,short,fixed_sl_atr_tp,8.0,16.0,96,0.7,1.25,1.0,24,260.0,18212.01953125091,141866.17070312565,123654.15117187522,1.1472819097349698,12751.599999999999,70.04622896634964,0.38846153846153847,10.292307692307693,122.0,-4883.580468750022,59264.20000000004,64147.78046875023,0.9238698450193575,19361.599999999955,-40.02934810450838,0.3360655737704918,9.081967213114755
R0364,14,1.5,24,0.382,pullback,short,fixed_sl_atr_tp,8.0,16.0,96,0.7,1.5,1.0,24,260.0,23332.00000000101,147789.95117187576,124457.95117187522,1.1874689385476005,12751.599999999995,89.73846153846543,0.38461538461538464,10.415384615384616,121.0,-6499.770703125057,58451.809765625025,64951.58046875023,0.8999289831561158,19381.590234374977,-53.71711324896741,0.32231404958677684,9.37190082644628
R0365,14,1.5,24,0.382,pullback,short,atr_sl_fixed_tp,8.0,20.0,96,0.7,1.25,1.0,24,246.0,16275.239062501252,141475.20000000086,125199.96093750009,1.1299939627826672,16401.590234374948,66.15950838415144,0.3902439024390244,11.674796747967479,118.0,-18778.419531249987,51773.16093750011,70551.58046875024,0.7338341762652966,27124.629296874824,-159.13914856991514,0.3050847457627119,10.483050847457626
R0366,14,1.5,24,0.382,pullback,short,atr_sl_fixed_tp,8.0,20.0,96,0.7,1.5,1.0,24,241.0,17724.287890626303,142271.39023437593,124547.10234375007,1.1423099177506901,15401.590234374944,73.54476303164441,0.4024896265560166,12.157676348547717,115.0,-17966.97558593747,52639.395117187654,70606.37070312524,0.7455332230361712,28500.83417968732,-156.23457031249976,0.3217391304347826,11.208695652173914
R0367,14,1.5,24,0.382,pullback,short,fixed_sl_atr_tp,8.0,20.0,96,0.7,1.25,1.0,24,250.0,22799.960937501288,145120.33164062598,122320.37070312521,1.1863954532384215,14351.599999999995,91.19984375000516,0.368,11.336,120.0,-15015.990234375025,53150.79023437508,68166.78046875024,0.7797168924347403,22748.41953124984,-125.13325195312521,0.2833333333333333,10.225
R0368,14,1.5,24,0.382,pullback,short,fixed_sl_atr_tp,8.0,20.0,96,0.7,1.5,1.0,24,249.0,20943.712109376345,143317.90234375105,122374.19023437523,1.1711448473674368,14351.599999999995,84.1112936119532,0.3614457831325301,11.67871485943775,120.0,-13336.029296875047,54830.75117187506,68166.78046875024,0.8043617550195314,21748.419531249845,-111.13357747395872,0.2833333333333333,10.416666666666666
R0369,14,1.5,24,0.382,pullback,short,atr_sl_fixed_tp,8.0,24.0,96,0.7,1.25,1.0,24,243.0,28686.707421876476,153082.86835937612,124396.16093750013,1.2306076586743617,15601.59023437494,118.05229391718714,0.3868312757201646,12.22633744855967,117.0,-16224.565820312422,54527.01464843769,70751.58046875024,0.770682637577564,27284.59511718731,-138.671502737713,0.29914529914529914,11.051282051282051
R0370,14,1.5,24,0.382,pullback,short,atr_sl_fixed_tp,8.0,24.0,96,0.7,1.5,1.0,24,238.0,30535.75625000149,154279.0585937512,123743.30234375013,1.246766941496154,14201.59023437494,128.30149684874576,0.39915966386554624,12.72689075630252,114.0,-15383.102343749864,55393.24882812522,70776.35117187521,0.7826519439184814,28660.799999999806,-134.93949424341986,0.3157894736842105,11.807017543859649
R0371,14,1.5,24,0.382,pullback,short,fixed_sl_atr_tp,8.0,24.0,96,0.7,1.25,1.0,24,245.0,29009.01953125146,148971.80976562624,119962.79023437526,1.241816812318012,13551.599999999995,118.40416135204677,0.363265306122449,12.16734693877551,120.0,-11365.985351562453,56800.79511718765,68166.78046875024,0.8332621069470472,22688.395117187305,-94.71654459635377,0.2833333333333333,10.7
R0372,14,1.5,24,0.382,pullback,short,fixed_sl_atr_tp,8.0,24.0,96,0.7,1.5,1.0,24,244.0,26302.839062501527,146265.62929687632,119962.79023437526,1.2192583134412955,13551.599999999995,107.79852074795708,0.36065573770491804,12.426229508196721,120.0,-8855.975585937449,59310.80488281265,68166.78046875024,0.8700837046279831,22277.190234374884,-73.79979654947874,0.2833333333333333,10.708333333333334
R0373,14,1.5,24,0.382,pullback,short,atr_sl_fixed_tp,10.0,16.0,96,0.7,1.25,1.0,24,244.0,28162.92695312618,153095.46835937587,124932.54140625008,1.2254250704910168,13247.790234374941,115.42183177510731,0.47950819672131145,12.086065573770492,113.0,-11269.365820312469,60345.20488281255,71614.57070312518,0.8426386458835415,27807.799999999956,-99.72890106471212,0.40707964601769914,10.831858407079647
R0374,14,1.5,24,0.382,pullback,short,atr_sl_fixed_tp,10.0,16.0,96,0.7,1.5,1.0,24,241.0,27054.317187501118,154521.68789062582,127467.37070312504,1.2122450399523108,10293.990234374942,112.25857754149841,0.4896265560165975,12.473029045643154,113.0,-17519.365820312476,60345.20488281255,77864.5707031252,0.7750020880856217,31345.62441406233,-155.03863557798653,0.40707964601769914,11.017699115044248
R0375,14,1.5,24,0.382,pullback,short,fixed_sl_atr_tp,10.0,16.0,96,0.7,1.25,1.0,24,242.0,26470.47812500117,148865.83906250083,122395.36093750007,1.2162702730091024,16197.790234374941,109.38214101240152,0.45041322314049587,12.260330578512397,115.0,-8876.99511718745,60028.98535156256,68905.98046875017,0.871172356059668,24344.214648437355,-77.19126188858652,0.391304347826087,10.417391304347825
R0376,14,1.5,24,0.382,pullback,short,fixed_sl_atr_tp,10.0,16.0,96,0.7,1.5,1.0,24,242.0,31470.43906250122,154869.6000000009,123399.16093750007,1.2550296033085684,16197.790234374941,130.04313662190586,0.4462809917355372,12.40495867768595,114.0,-11093.185351562479,58816.59511718754,69909.78046875018,0.8413214105782908,24303.404882812436,-97.3086434347586,0.37719298245614036,10.75438596491228
R0377,14,1.5,24,0.382,pullback,short,atr_sl_fixed_tp,10.0,20.0,96,0.7,1.25,1.0,24,228.0,25183.687890626352,146742.43906250098,121558.75117187505,1.2071729731331156,16877.799999999923,110.45477145011557,0.4473684210526316,13.763157894736842,111.0,-15831.7707031249,57290.40000000015,73122.17070312519,0.7834887756901834,29085.63906249979,-142.6285648930171,0.3783783783783784,12.27027027027027
R0378,14,1.5,24,0.382,pullback,short,atr_sl_fixed_tp,10.0,20.0,96,0.7,1.5,1.0,24,225.0,24075.0781250013,148168.65859375094,124093.58046875002,1.1940074420776636,14173.999999999924,107.000347222228,0.4577777777777778,14.20888888888889,111.0,-21581.77070312491,57290.40000000015,78872.17070312519,0.726370270898733,33835.6390624998,-194.43036669481899,0.3783783783783784,12.45945945945946
R0379,14,1.5,24,0.382,pullback,short,fixed_sl_atr_tp,10.0,20.0,96,0.7,1.25,1.0,24,231.0,27132.200000001456,148397.60976562608,121265.40976562505,1.2237422860520624,17377.799999999923,117.45541125541756,0.42424242424242425,13.402597402597403,113.0,-14509.404882812441,57407.975585937595,71917.38046875018,0.7982489797564684,26733.41464843742,-128.401813122234,0.35398230088495575,11.79646017699115
R0380,14,1.5,24,0.382,pullback,short,fixed_sl_atr_tp,10.0,20.0,96,0.7,1.5,1.0,24,230.0,26035.95117187655,147301.3609375012,121265.40976562505,1.2147022075148797,17377.799999999923,113.19978770381108,0.4217391304347826,13.756521739130434,113.0,-14229.424414062441,57687.956054687595,71917.38046875018,0.802142064667586,26733.41464843742,-125.92410985895965,0.35398230088495575,11.929203539823009
R0381,14,1.5,24,0.382,pullback,short,atr_sl_fixed_tp,10.0,24.0,96,0.7,1.25,1.0,24,225.0,34775.13671875147,156333.88789062624,121558.75117187509,1.2860767849579309,15677.799999999923,154.556163194451,0.44,14.382222222222222,110.0,-12647.897460937282,60444.253710937715,73092.15117187516,0.8269595673659119,29715.790234374876,-114.98088600852074,0.37272727272727274,12.9
R0382,14,1.5,24,0.382,pullback,short,atr_sl_fixed_tp,10.0,24.0,96,0.7,1.5,1.0,24,222.0,33666.52695312644,157760.10742187616,124093.58046875008,1.2712995049861116,12973.999999999924,151.65102231138036,0.45045045045045046,14.81981981981982,110.0,-18397.89746093728,60444.253710937715,78842.15117187516,0.7666489664794889,33995.60488281226,-167.25361328124802,0.37272727272727274,13.090909090909092
R0383,14,1.5,24,0.382,pullback,short,fixed_sl_atr_tp,10.0,24.0,96,0.7,1.25,1.0,24,227.0,29707.419531251646,149969.0292968763,120261.6097656251,1.2470232985334828,16577.799999999923,130.86968956498524,0.4185022026431718,14.220264317180616,113.0,-11459.380468749836,60458.00000000018,71917.38046875018,0.8406590952832413,28473.390234374878,-101.41044662610474,0.35398230088495575,12.247787610619469
R0384,14,1.5,24,0.382,pullback,short,fixed_sl_atr_tp,10.0,24.0,96,0.7,1.5,1.0,24,227.0,23717.39023437667,146106.62929687634,122389.23906250006,1.1937865650285204,16577.79999999993,104.4818953056241,0.40969162995594716,14.409691629955947,113.0,-10149.370703124838,61768.00976562518,71917.38046875018,0.8588745775086296,28473.390234374878,-89.81743985066228,0.35398230088495575,12.247787610619469
R0385,14,1.5,24,0.382,pullback,short,atr_sl_fixed_tp,12.0,16.0,96,0.7,1.25,1.0,24,237.0,22059.57578125102,154521.68789062582,132462.11210937507,1.166534984456808,9645.6,93.07837882384396,0.4978902953586498,13.071729957805907,107.0,-10736.59023437489,61273.80000000007,72010.39023437511,0.8509022073143857,27886.629296874802,-100.34196480724195,0.45794392523364486,12.261682242990654
R0386,14,1.5,24,0.382,pullback,short,atr_sl_fixed_tp,12.0,16.0,96,0.7,1.5,1.0,24,235.0,26347.156250001128,158180.3074218759,131833.1511718751,1.199852283100259,8261.751171874974,112.1155585106431,0.5148936170212766,13.472340425531915,106.0,-14912.785351562336,61273.80000000007,76186.58535156256,0.8042596963396176,30562.82441406225,-140.68665426002204,0.46226415094339623,12.660377358490566
R0387,14,1.5,24,0.382,pullback,short,fixed_sl_atr_tp,12.0,16.0,96,0.7,1.25,1.0,24,233.0,22534.795312501108,149472.03906250084,126937.24375000013,1.1775270570462555,14213.951171874978,96.71585971030518,0.4721030042918455,13.360515021459227,106.0,-1782.7755859373472,61823.81464843761,63606.59023437511,0.9719718416068462,22566.6341796873,-16.81863760318252,0.46226415094339623,12.433962264150944
R0388,14,1.5,24,0.382,pullback,short,fixed_sl_atr_tp,12.0,16.0,96,0.7,1.5,1.0,24,233.0,27334.75625000118,155475.80000000095,128141.04375000013,1.2133177274826186,13813.951171874978,117.31655042918962,0.4678111587982833,13.510729613733906,105.0,-3968.9462890623354,60611.424414062596,64580.370703125074,0.9385425285446617,22186.624414062317,-37.79948846726034,0.44761904761904764,12.82857142857143
R0389,14,1.5,24,0.382,pullback,short,atr_sl_fixed_tp,12.0,20.0,96,0.7,1.25,1.0,24,222.0,23176.52695312623,150371.06835937593,127194.54140625005,1.1822132199769624,12890.160937499963,104.39877005912717,0.47297297297297297,14.801801801801801,104.0,-11955.20488281232,60358.98535156266,72314.19023437511,0.8346769168808384,27532.853710937266,-114.95389310396462,0.4326923076923077,14
R0390,14,1.5,24,0.382,pullback,short,atr_sl_fixed_tp,12.0,20.0,96,0.7,1.5,1.0,24,220.0,29594.126953126382,155135.88789062612,125541.76093750005,1.2357313353909323,10490.731640624988,134.5187588778472,0.4954545454545455,15.290909090909091,103.0,-15231.399999999767,60358.98535156266,75590.38535156257,0.7985008287871488,29609.048828124713,-147.87766990291036,0.4368932038834951,14.368932038834952
R0391,14,1.5,24,0.382,pullback,short,fixed_sl_atr_tp,12.0,20.0,96,0.7,1.25,1.0,24,223.0,27182.697656251425,151396.20976562612,124213.51210937508,1.218838491840691,14893.96093749996,121.89550518498396,0.452914798206278,14.556053811659194,103.0,-4441.375585937291,61342.79511718764,65784.17070312507,0.9324856490783969,21952.843945312274,-43.12015131977953,0.42718446601941745,14.145631067961165
R0392,14,1.5,24,0.382,pullback,short,fixed_sl_atr_tp,12.0,20.0,96,0.7,1.5,1.0,24,223.0,25962.609765626592,151066.14140625126,125103.53164062506,1.2075289915891976,14393.96093749996,116.42425903868427,0.452914798206278,14.874439461883409,103.0,-4161.395117187291,61622.77558593764,65784.17070312507,0.9367416952633296,21486.824414062394,-40.401894341624185,0.42718446601941745,14.29126213592233
R0393,14,1.5,24,0.382,pullback,short,atr_sl_fixed_tp,12.0,24.0,96,0.7,1.25,1.0,24,219.0,33167.97578125137,160362.5171875012,127194.5414062501,1.260765716944684,11690.16093749996,151.45194420662727,0.4657534246575342,15.4337899543379,103.0,-7631.346289062183,64452.82441406276,72084.17070312508,0.8941328420008933,27152.83417968722,-74.09074067050663,0.42718446601941745,14.563106796116505
R0394,14,1.5,24,0.382,pullback,short,atr_sl_fixed_tp,12.0,24.0,96,0.7,1.5,1.0,24,217.0,39975.56601562641,165517.32695312632,125541.76093750009,1.318424448702195,9690.731640624988,184.21919822869316,0.48847926267281105,15.940092165898617,102.0,-10907.541406249631,64452.82441406276,75360.36582031252,0.8552615650479,29286.81464843734,-106.93668045342775,0.43137254901960786,14.941176470588236
R0395,14,1.5,24,0.382,pullback,short,fixed_sl_atr_tp,12.0,24.0,96,0.7,1.25,1.0,24,220.0,30634.07812500167,154533.80976562644,123899.7316406251,1.2472489465421637,13593.96093749996,139.2458096590985,0.45,15.377272727272727,103.0,-451.3658203121741,65332.80488281275,65784.17070312507,0.9931386864729317,22686.814648437336,-4.382192430215283,0.42718446601941745,14.533980582524272
R0396,14,1.5,24,0.382,pullback,short,fixed_sl_atr_tp,12.0,24.0,96,0.7,1.5,1.0,24,220.0,29044.04882812671,154267.60976562646,125223.56093750008,1.2319375731746078,12993.960937499964,132.0184037642123,0.44545454545454544,15.60909090909091,103.0,858.6439453128266,66642.81464843775,65784.17070312507,1.0130524400647631,22686.814648437336,8.336348983619676,0.42718446601941745,14.533980582524272
R0397,14,1.5,24,0.5,pullback,short,atr_sl_fixed_tp,8.0,16.0,96,0.7,1.25,1.0,24,214.0,14506.770703125454,118604.16093750019,104097.39023437508,1.1393576790970756,14070.570703124944,67.78864814544605,0.4252336448598131,10.47196261682243,117.0,-19064.551171874715,49481.848828125236,68546.4000000001,0.7218737793396176,37344.59023437479,-162.944881810895,0.3333333333333333,8.735042735042734
R0398,14,1.5,24,0.5,pullback,short,atr_sl_fixed_tp,8.0,16.0,96,0.7,1.5,1.0,24,212.0,15424.321875000576,120986.54140625022,105562.21953124998,1.1461159299557369,13662.970703124945,72.75623525943668,0.4386792452830189,10.966981132075471,115.0,-21256.951171874716,50278.04882812523,71535.0000000001,0.7028454438823676,38940.79023437479,-184.8430536684758,0.34782608695652173,9.208695652173914
R0399,14,1.5,24,0.5,pullback,short,fixed_sl_atr_tp,8.0,16.0,96,0.7,1.25,1.0,24,215.0,17962.960937500546,117879.35117187527,99916.3902343751,1.1797799229472186,14438.190234374906,83.54865552325835,0.4046511627906977,10.167441860465116,121.0,-17999.741406249792,49089.44882812519,67089.19023437513,0.7317042977658831,33752.1902343748,-148.75819344008093,0.30578512396694213,8.28099173553719
R0400,14,1.5,24,0.5,pullback,short,fixed_sl_atr_tp,8.0,16.0,96,0.7,1.5,1.0,24,213.0,22840.551171875584,121149.3414062503,98308.79023437509,1.2323347802106173,13638.190234374908,107.23263460974452,0.4084507042253521,10.586854460093896,121.0,-15499.741406249786,51589.44882812519,67089.19023437513,0.7689681250868908,33352.19023437479,-128.0970364152875,0.30578512396694213,8.338842975206612
R0401,14,1.5,24,0.5,pullback,short,atr_sl_fixed_tp,8.0,20.0,96,0.7,1.25,1.0,24,207.0,18653.31210937558,121406.88281250035,102753.5707031251,1.1815344418859008,14846.78046874993,90.11261888587237,0.4106280193236715,11.608695652173912,115.0,-14616.999999999662,53729.400000000285,68346.4000000001,0.7861335783596534,35904.59023437479,-127.10434782608401,0.3217391304347826,9.347826086956522
R0402,14,1.5,24,0.5,pullback,short,atr_sl_fixed_tp,8.0,20.0,96,0.7,1.5,1.0,24,205.0,19770.863281250735,124189.26328125039,104418.4,1.1893427143228625,14439.180468749932,96.44323551829626,0.424390243902439,12.117073170731707,113.0,-16609.399999999663,54525.60000000028,71135.00000000009,0.7665087509664752,37500.790234374785,-146.98584070796161,0.336283185840708,9.84070796460177
R0403,14,1.5,24,0.5,pullback,short,fixed_sl_atr_tp,8.0,20.0,96,0.7,1.25,1.0,24,209.0,26615.702343750636,123380.67304687537,96764.9707031251,1.2750551377254815,14258.180468749928,127.34785810407003,0.4019138755980861,11.392344497607656,120.0,-12255.990234374687,54833.20000000029,67089.19023437513,0.817317958503319,32212.190234374782,-102.1332519531224,0.3,8.741666666666667
R0404,14,1.5,24,0.5,pullback,short,fixed_sl_atr_tp,8.0,20.0,96,0.7,1.5,1.0,24,208.0,22669.424218750708,119434.3949218755,96764.9707031251,1.2342730437887506,13258.180468749928,108.98761643630148,0.39903846153846156,11.822115384615385,117.0,-15574.609765624637,50844.60000000029,66419.20976562507,0.7655104627022326,31712.190234374786,-133.11632278311654,0.28205128205128205,9.222222222222221
R0405,14,1.5,24,0.5,pullback,short,atr_sl_fixed_tp,8.0,24.0,96,0.7,1.25,1.0,24,204.0,28194.73164062567,128940.7023437504,100745.97070312509,1.2798596454413906,14046.78046874993,138.2094688265964,0.4117647058823529,12.382352941176471,114.0,-17683.175585937155,52270.82441406281,69954.0000000001,0.7472170914324089,35874.58535156229,-155.1155753152382,0.2982456140350877,9.973684210526315
R0406,14,1.5,24,0.5,pullback,short,atr_sl_fixed_tp,8.0,24.0,96,0.7,1.5,1.0,24,202.0,28342.312109375805,130973.10234375046,102630.79023437502,1.2761579838238692,13639.18046874993,140.30847578898914,0.42574257425742573,12.846534653465346,112.0,-19675.575585937157,53067.024414062806,72742.6000000001,0.729517839808623,37470.785351562285,-175.67478201729605,0.3125,10.482142857142858
R0407,14,1.5,24,0.5,pullback,short,fixed_sl_atr_tp,8.0,24.0,96,0.7,1.25,1.0,24,207.0,28223.25351562571,124988.22421875049,96764.9707031251,1.2916680830939775,13258.180468749928,136.3442198822498,0.3961352657004831,12.1256038647343,117.0,-16744.585351562127,50478.42441406281,67223.00976562507,0.7509099129904666,32082.185351562293,-143.11611411591562,0.27350427350427353,9.632478632478632
R0408,14,1.5,24,0.5,pullback,short,fixed_sl_atr_tp,8.0,24.0,96,0.7,1.5,1.0,24,206.0,29827.092578125747,125788.26328125052,95961.1707031251,1.3108246008211117,13774.360937499892,144.79171154429974,0.39805825242718446,12.276699029126213,117.0,-17814.60488281213,49408.40488281281,67223.00976562507,0.7349924535523864,31482.185351562297,-152.26158019497547,0.27350427350427353,9.820512820512821
R0409,14,1.5,24,0.5,pullback,short,atr_sl_fixed_tp,10.0,16.0,96,0.7,1.25,1.0,24,203.0,21558.531640625664,127237.59023437521,105679.05859374988,1.2040000348933875,12982.029296874909,106.19966325431362,0.4827586206896552,12.433497536945813,108.0,-14930.326757812089,53719.05371093784,68649.38046875005,0.7825133066625611,38340.3951171873,-138.24376627603786,0.4166666666666667,10.675925925925926
R0410,14,1.5,24,0.5,pullback,short,atr_sl_fixed_tp,10.0,16.0,96,0.7,1.5,1.0,24,203.0,18958.49257812562,129129.97070312519,110171.4781249999,1.172081675772881,14982.029296874902,93.39158905480602,0.49261083743842365,12.788177339901479,108.0,-18380.32187499961,55315.253710937795,73695.57558593752,0.7505912433838562,42640.390234374776,-170.18816550925564,0.42592592592592593,10.925925925925926
R0411,14,1.5,24,0.5,pullback,short,fixed_sl_atr_tp,10.0,16.0,96,0.7,1.25,1.0,24,203.0,23048.56093750061,127296.57070312525,104248.00976562499,1.2210935344407923,13063.00976562489,113.53970905172714,0.458128078817734,12.206896551724139,109.0,-9634.126757812137,54526.653710937804,64160.78046875005,0.849843990558927,35494.1951171873,-88.3864840166251,0.3944954128440367,10.357798165137615
R0412,14,1.5,24,0.5,pullback,short,fixed_sl_atr_tp,10.0,16.0,96,0.7,1.5,1.0,24,201.0,28236.151171875696,130476.5609375003,102240.40976562498,1.2761740806458388,12263.009765624893,140.47836403918257,0.4626865671641791,12.711442786069652,109.0,-6734.126757812135,57426.6537109378,64160.78046875005,0.8950429419870889,35094.1951171873,-61.78097942946913,0.3944954128440367,10.422018348623853
R0413,14,1.5,24,0.5,pullback,short,atr_sl_fixed_tp,10.0,20.0,96,0.7,1.25,1.0,24,196.0,26695.07304687567,131360.31210937534,104665.23906250001,1.2550519473894726,15995.41953124991,136.19935227997792,0.46938775510204084,13.642857142857142,106.0,-10432.775585937035,57966.6048828129,68399.38046875005,0.8474726596287868,36900.39511718729,-98.42241118808523,0.4056603773584906,11.358490566037736
R0414,14,1.5,24,0.5,pullback,short,atr_sl_fixed_tp,10.0,20.0,96,0.7,1.5,1.0,24,195.0,22948.833984375608,131656.49257812533,108707.65859375003,1.2111059540904756,17495.419531249907,117.68632812500312,0.47692307692307695,14.097435897435897,106.0,-13232.770703124554,59962.80488281285,73195.57558593752,0.8192135167024088,41200.39023437476,-124.83745946343919,0.41509433962264153,11.660377358490566
R0415,14,1.5,24,0.5,pullback,short,fixed_sl_atr_tp,10.0,20.0,96,0.7,1.25,1.0,24,197.0,32471.282812500656,133327.89257812538,100856.60976562505,1.3219549307473104,15482.99999999991,164.82884676396273,0.45685279187817257,13.578680203045685,108.0,-3390.3755859370312,60770.404882812894,64160.78046875005,0.9471581305406898,33954.195117187286,-31.39236653645399,0.3888888888888889,10.851851851851851
R0416,14,1.5,24,0.5,pullback,short,fixed_sl_atr_tp,10.0,20.0,96,0.7,1.5,1.0,24,195.0,28758.824218750775,128611.63398437553,99852.80976562505,1.288012167972572,14482.99999999991,147.48114983974756,0.4564102564102564,14.102564102564102,105.0,-6008.995117186981,57281.8048828129,63290.79999999999,0.9050573682559379,33454.195117187286,-57.22852492559029,0.37142857142857144,11.447619047619048
R0417,14,1.5,24,0.5,pullback,short,atr_sl_fixed_tp,10.0,24.0,96,0.7,1.25,1.0,24,193.0,37706.50234375072,139744.15117187548,102037.64882812498,1.3695351938897022,15195.419531249914,195.37047846502963,0.47150259067357514,14.455958549222798,103.0,-16671.399999999445,51727.98046875054,68399.3804687501,0.7562638742376286,37746.60976562473,-161.85825242717908,0.3883495145631068,12.174757281553399
R0418,14,1.5,24,0.5,pullback,short,atr_sl_fixed_tp,10.0,24.0,96,0.7,1.5,1.0,24,192.0,34210.2632812507,140040.33164062546,105830.068359375,1.323256554697481,16695.419531249907,178.1784545898474,0.4791666666666667,14.921875,103.0,-22971.395117186912,51727.98046875054,74699.37558593757,0.6924820999238516,42046.6048828122,-223.02325356492148,0.3883495145631068,12.368932038834952
R0419,14,1.5,24,0.5,pullback,short,fixed_sl_atr_tp,10.0,24.0,96,0.7,1.25,1.0,24,194.0,36302.63398437579,135365.46328125056,99062.829296875,1.3664607021830815,14482.999999999913,187.12697930090613,0.4536082474226804,14.443298969072165,104.0,-11755.21953124939,51535.58046875054,63290.80000000004,0.8142665358748903,34700.40976562473,-113.03095703124413,0.36538461538461536,11.759615384615385
R0420,14,1.5,24,0.5,pullback,short,fixed_sl_atr_tp,10.0,24.0,96,0.7,1.5,1.0,24,194.0,37102.67304687582,136165.5023437506,99062.829296875,1.3745367794380774,15802.980468749876,191.25089199420523,0.4536082474226804,14.494845360824742,104.0,-12825.239062499386,50465.560937500544,63290.80000000004,0.7973601366628407,34100.40976562473,-123.3196063701864,0.36538461538461536,11.961538461538462
R0421,14,1.5,24,0.5,pullback,short,atr_sl_fixed_tp,12.0,16.0,96,0.7,1.25,1.0,24,200.0,14639.873046875677,129966.17070312524,115326.2976562499,1.126943059340308,18182.029296874905,73.19936523437838,0.505,13.525,103.0,-11391.32187499963,58507.65371093779,69898.97558593753,0.8370316334465497,38121.390234374776,-110.59535800970515,0.46601941747572817,11.893203883495145
R0422,14,1.5,24,0.5,pullback,short,atr_sl_fixed_tp,12.0,16.0,96,0.7,1.5,1.0,24,196.0,21755.033984375736,133024.7511718753,111269.71718749987,1.1955162153213363,18165.409765624925,110.99507134885579,0.5306122448979592,14.10204081632653,101.0,-13723.716992187108,58507.65371093779,72231.37070312501,0.8100033703002472,38319.00488281222,-135.8783860612585,0.4752475247524752,12.584158415841584
R0423,14,1.5,24,0.5,pullback,short,fixed_sl_atr_tp,12.0,16.0,96,0.7,1.25,1.0,24,198.0,19847.49257812578,130515.15117187535,110667.65859374987,1.1793432049645476,15255.409765624889,100.23986150568577,0.48484848484848486,13.47979797979798,102.0,-5137.526757812156,58515.253710937795,63652.780468750054,0.9192882585807152,32671.3951171873,-50.367909390315255,0.45098039215686275,11.872549019607844
R0424,14,1.5,24,0.5,pullback,short,fixed_sl_atr_tp,12.0,16.0,96,0.7,1.5,1.0,24,196.0,23425.102343750834,132305.15117187542,108880.04882812488,1.2151459573712056,14455.409765624892,119.51582828444303,0.4897959183673469,13.918367346938776,102.0,-2237.526757812153,61415.25371093779,63652.780468750054,0.9648479337220663,32271.395117187298,-21.936536841295617,0.45098039215686275,11.941176470588236
R0425,14,1.5,24,0.5,pullback,short,atr_sl_fixed_tp,12.0,20.0,96,0.7,1.25,1.0,24,193.0,17626.414453125664,132492.6925781254,114866.27812500003,1.1534516025142203,20558.239062499888,91.3285722959879,0.48704663212435234,14.782383419689118,101.0,-7213.79999999954,62385.17558593788,69598.97558593753,0.8963519227220178,36791.409765624725,-71.42376237623307,0.45544554455445546,12.970297029702971
R0426,14,1.5,24,0.5,pullback,short,atr_sl_fixed_tp,12.0,20.0,96,0.7,1.5,1.0,24,189.0,27351.555859375854,135757.45351562556,108405.89765625,1.25230689889314,20521.62929687489,144.7172267691844,0.5185185185185185,15.380952380952381,97.0,-3648.6146484369847,63771.356054687916,67419.970703125,0.9458822866520771,30991.443945312145,-37.614584004505,0.4845360824742268,14.164948453608247
R0427,14,1.5,24,0.5,pullback,short,fixed_sl_atr_tp,12.0,20.0,96,0.7,1.25,1.0,24,193.0,27136.453515625748,135956.4828125005,108820.02929687501,1.2493700258212002,17875.399999999907,140.60338609132512,0.48186528497409326,14.72538860103627,101.0,336.19511718798594,63988.97558593792,63652.780468750054,1.00528170355972,31241.41464843725,3.3286645266137223,0.44554455445544555,12.702970297029703
R0428,14,1.5,24,0.5,pullback,short,fixed_sl_atr_tp,12.0,20.0,96,0.7,1.5,1.0,24,191.0,23623.99492187587,131240.2242187506,107616.22929687501,1.219520745859859,16875.399999999907,123.68583728730822,0.4816753926701571,15.267015706806284,98.0,-2082.424414061963,60500.37558593793,62582.799999999996,0.9667252917085515,30741.41464843725,-21.24922871491799,0.42857142857142855,13.387755102040817
R0429,14,1.5,24,0.5,pullback,short,atr_sl_fixed_tp,12.0,24.0,96,0.7,1.25,1.0,24,190.0,29087.84375000075,140876.53164062553,111788.68789062499,1.260203821145663,19695.419531249907,153.09391447368816,0.48947368421052634,15.621052631578948,98.0,-15922.385351561932,55180.39023437553,71102.77558593758,0.776065206732786,37557.59511718717,-162.47331991389726,0.42857142857142855,13.704081632653061
R0430,14,1.5,24,0.5,pullback,short,atr_sl_fixed_tp,12.0,24.0,96,0.7,1.5,1.0,24,186.0,39512.98515625089,144541.2925781257,105028.30742187497,1.376212719467486,19721.629296874893,212.43540406586501,0.521505376344086,16.188172043010752,93.0,-11573.409765624332,55846.560937500624,67419.97070312504,0.828338552435948,30273.83906249954,-124.44526629703583,0.46236559139784944,15.193548387096774
R0431,14,1.5,24,0.5,pullback,short,fixed_sl_atr_tp,12.0,24.0,96,0.7,1.25,1.0,24,190.0,31607.814453125928,138234.06328125068,106626.24882812497,1.2964355850506903,16875.39999999991,166.356918174347,0.4789473684210526,15.642105263157895,97.0,-6798.609765624413,55784.190234375536,62582.80000000004,0.8913661618587775,31907.5999999997,-70.08876047035477,0.422680412371134,13.68041237113402
R0432,14,1.5,24,0.5,pullback,short,fixed_sl_atr_tp,12.0,24.0,96,0.7,1.5,1.0,24,190.0,32407.853515625957,139034.1023437507,106626.24882812497,1.303938794356962,18195.38046874987,170.56765008224187,0.4789473684210526,15.694736842105263,97.0,-7868.62929687441,54714.170703125536,62582.80000000004,0.8742685003407565,31307.5999999997,-81.11988965849908,0.422680412371134,13.896907216494846
R0433,14,2.0,12,0.382,pullback,short,atr_sl_fixed_tp,8.0,16.0,96,0.7,1.25,1.0,24,294.0,20182.83906250074,163525.10742187552,143342.26835937507,1.1408017278748501,14456.419531249916,68.64911245748551,0.42517006802721086,9.69047619047619,116.0,-13400.809765624765,50498.00000000011,63898.809765624996,0.7902807608658465,25501.604882812495,-115.52422211745487,0.3448275862068966,10.577586206896552
R0434,14,2.0,12,0.382,pullback,short,atr_sl_fixed_tp,8.0,16.0,96,0.7,1.5,1.0,24,286.0,23573.239062500787,165027.49765625052,141454.25859375,1.1666492002209827,15456.419531249914,82.42391280594681,0.44405594405594406,10.395104895104895,114.0,-12823.219531249719,52094.200000000106,64917.41953124997,0.8024687422290866,28301.60488281249,-112.4843818530677,0.35964912280701755,11.017543859649123
R0435,14,2.0,12,0.382,pullback,short,fixed_sl_atr_tp,8.0,16.0,96,0.7,1.25,1.0,24,292.0,26160.46835937565,160981.74648437538,134821.27812500022,1.1940381275359246,13056.419531249907,89.59064506635497,0.4041095890410959,9.767123287671232,117.0,-11144.58046874976,50459.41953125013,61604.0,0.8190932330895743,20694.0048828125,-95.25282451922872,0.3162393162393162,10.034188034188034
R0436,14,2.0,12,0.382,pullback,short,fixed_sl_atr_tp,8.0,16.0,96,0.7,1.5,1.0,24,285.0,26406.98046875068,159794.44882812543,133387.46835937526,1.1979719743807113,12656.419531249907,92.65607182017783,0.3929824561403509,10.24561403508772,116.0,-7690.785351562279,53913.214648437606,61604.0,0.8751576950918383,20294.004882812493,-66.29987372036447,0.3103448275862069,10.060344827586206
R0437,14,2.0,12,0.382,pullback,short,atr_sl_fixed_tp,8.0,20.0,96,0.7,1.25,1.0,24,276.0,25071.297656250892,163654.5757812506,138583.27812500013,1.1809114201616484,14460.219531249906,90.83803498641628,0.4057971014492754,10.858695652173912,114.0,-8873.199999999606,54715.600000000246,63588.799999999996,0.8604597035956056,25101.60488281249,-77.83508771929479,0.3333333333333333,11.131578947368421
R0438,14,2.0,12,0.382,pullback,short,atr_sl_fixed_tp,8.0,20.0,96,0.7,1.5,1.0,24,268.0,23641.73671875089,161830.77578125062,138189.03906250015,1.1710825755728556,15460.219531249906,88.2154355177272,0.4216417910447761,11.552238805970148,112.0,-7895.6097656245975,56711.80000000024,64607.40976562497,0.8777909562654271,27901.60488281249,-70.49651576450533,0.3482142857142857,11.589285714285714
R0439,14,2.0,12,0.382,pullback,short,fixed_sl_atr_tp,8.0,20.0,96,0.7,1.25,1.0,24,273.0,26902.64882812596,157408.70742187568,130506.05859375025,1.2061409954297229,12960.219531249906,98.5445012019266,0.3772893772893773,11.124542124542124,116.0,-8620.819531249614,53786.98046875026,62407.8,0.8618631079568622,22054.024414062456,-74.31740975215185,0.3017241379310345,10.439655172413794
R0440,14,2.0,12,0.382,pullback,short,fixed_sl_atr_tp,8.0,20.0,96,0.7,1.5,1.0,24,272.0,25436.380468751035,156880.0585937507,131443.67812500018,1.1935154343791343,12460.219531249906,93.51610466452587,0.36764705882352944,11.352941176470589,115.0,-7637.009765624631,53966.99023437524,61604.0,0.8760306186996825,22054.024414062456,-66.40878057064896,0.30434782608695654,10.591304347826087
R0441,14,2.0,12,0.382,pullback,short,atr_sl_fixed_tp,8.0,24.0,96,0.7,1.25,1.0,24,262.0,24444.468359376155,159182.5367187509,134738.0683593752,1.1814221374628666,14090.419531249776,93.29949755487083,0.3893129770992366,11.84351145038168,114.0,-4613.199999999485,58975.60000000037,63588.799999999996,0.927452633168111,26651.595117187433,-40.46666666666215,0.3333333333333333,11.728070175438596
R0442,14,2.0,12,0.382,pullback,short,atr_sl_fixed_tp,8.0,24.0,96,0.7,1.5,1.0,24,255.0,24181.136718751113,158534.94648437592,134353.80976562522,1.1799810274151044,14660.219531249906,94.82798713235731,0.40784313725490196,12.572549019607843,112.0,-3235.609765624465,61371.80000000037,64607.40976562497,0.9499189059372235,29451.59511718743,-28.889372907361295,0.3482142857142857,12.196428571428571
R0443,14,2.0,12,0.382,pullback,short,fixed_sl_atr_tp,8.0,24.0,96,0.7,1.25,1.0,24,265.0,23883.00976562619,152915.28789062583,129032.27812500019,1.1850932969073749,12630.429296874703,90.12456515330638,0.3622641509433962,11.879245283018868,116.0,-8070.829296874591,54336.9707031253,62407.8,0.8706759524150074,22054.02441406246,-69.57611462822923,0.3017241379310345,10.956896551724139
R0444,14,2.0,12,0.382,pullback,short,fixed_sl_atr_tp,8.0,24.0,96,0.7,1.5,1.0,24,262.0,21894.39023437626,149319.06835937593,127424.67812500018,1.1718222133776783,10717.76093749985,83.56637494036741,0.36259541984732824,12.179389312977099,116.0,-7910.8390624996055,54496.960937500284,62407.8,0.8732395780255078,22054.02441406246,-68.19688846982419,0.3017241379310345,11.043103448275861
R0445,14,2.0,12,0.382,pullback,short,atr_sl_fixed_tp,10.0,16.0,96,0.7,1.25,1.0,24,275.0,26725.068359375775,171594.69765625062,144869.629296875,1.18447668078593,17222.609765624937,97.18206676136646,0.48363636363636364,11.56,109.0,-18974.209765624662,50424.20000000013,69398.40976562492,0.7265901361471357,31197.804882812492,-174.075318950685,0.3761467889908257,11.990825688073395
R0446,14,2.0,12,0.382,pullback,short,atr_sl_fixed_tp,10.0,16.0,96,0.7,1.5,1.0,24,271.0,29060.25859375088,172533.31718750065,143473.0585937499,1.202548540322376,17602.599999999897,107.2334265452062,0.5018450184501845,12.011070110701107,109.0,-24574.204882812144,50424.20000000013,74998.40488281239,0.6723369660833413,35623.21464843723,-225.4514209432307,0.3761467889908257,12.1651376146789
R0447,14,2.0,12,0.382,pullback,short,fixed_sl_atr_tp,10.0,16.0,96,0.7,1.25,1.0,24,274.0,26608.858593750774,168265.10742187558,141656.2488281251,1.187841050528139,15572.609765624928,97.11262260492984,0.4562043795620438,11.306569343065693,110.0,-16887.990234374698,50031.800000000134,66919.79023437493,0.7476383267905122,27697.804882812496,-153.52718394886088,0.35454545454545455,11.718181818181819
R0448,14,2.0,12,0.382,pullback,short,fixed_sl_atr_tp,10.0,16.0,96,0.7,1.5,1.0,24,268.0,25921.59023437581,166747.82929687563,140826.23906250013,1.1840679010313642,15172.60976562493,96.72235162080526,0.44402985074626866,11.805970149253731,109.0,-14154.195117187191,52765.595117187615,66919.79023437493,0.78849014517806,27697.804882812492,-129.85500107511186,0.3486238532110092,11.770642201834862
R0449,14,2.0,12,0.382,pullback,short,atr_sl_fixed_tp,10.0,20.0,96,0.7,1.25,1.0,24,258.0,18929.77578125091,164009.37578125068,145079.60000000006,1.1304785495772707,18096.58046874987,73.37122395833687,0.4496124031007752,12.686046511627907,107.0,-14246.59999999952,54641.80000000026,68888.39999999992,0.7931930484668002,31415.614648437208,-133.14579439251887,0.3644859813084112,12.57943925233645
R0450,14,2.0,12,0.382,pullback,short,atr_sl_fixed_tp,10.0,20.0,96,0.7,1.5,1.0,24,254.0,18264.966015626018,162171.79531250065,143906.82929687496,1.1269221627970532,17806.399999999892,71.90931502214967,0.4645669291338583,13.23228346456693,107.0,-19846.59511718699,54641.80000000026,74488.39511718739,0.7335612468765924,36515.60976562468,-185.48219735688775,0.3644859813084112,12.757009345794392
R0451,14,2.0,12,0.382,pullback,short,fixed_sl_atr_tp,10.0,20.0,96,0.7,1.25,1.0,24,259.0,20335.89765625105,162159.7171875008,141823.81953125008,1.1433884500041251,15676.409765624927,78.51697936776468,0.416988416988417,12.575289575289576,109.0,-11694.190234374519,55225.600000000275,66919.79023437493,0.8252506441903391,27297.804882812492,-107.28614893921576,0.3486238532110092,12.192660550458715
R0452,14,2.0,12,0.382,pullback,short,fixed_sl_atr_tp,10.0,20.0,96,0.7,1.5,1.0,24,258.0,22169.629296876145,164127.26835937583,141957.63906250003,1.1561707382799957,15982.809765624814,85.92879572432614,0.4108527131782946,12.732558139534884,109.0,-11094.1707031245,55825.61953125029,66919.79023437493,0.8342168936234075,27297.804882812492,-101.78138259747249,0.3486238532110092,12.256880733944953
R0453,14,2.0,12,0.382,pullback,short,atr_sl_fixed_tp,10.0,24.0,96,0.7,1.25,1.0,24,246.0,24165.375781251136,163509.74648437597,139344.37070312517,1.1734219736277356,16626.40976562493,98.2332348831347,0.43902439024390244,13.768292682926829,107.0,-9916.6292968744,58971.77070312538,68888.39999999992,0.8560479079660066,32277.824414062437,-92.67877847546168,0.3644859813084112,13.121495327102803
R0454,14,2.0,12,0.382,pullback,short,atr_sl_fixed_tp,10.0,24.0,96,0.7,1.5,1.0,24,242.0,25670.566015626224,162902.1855468759,137231.61953125003,1.187060140391189,17006.399999999892,106.07671907283563,0.45454545454545453,14.305785123966942,107.0,-15516.62441406187,58971.77070312538,74488.39511718739,0.7916907138400446,35995.62929687463,-145.01518143983054,0.3644859813084112,13.299065420560748
R0455,14,2.0,12,0.382,pullback,short,fixed_sl_atr_tp,10.0,24.0,96,0.7,1.25,1.0,24,251.0,22166.248828126318,161112.48789062604,138946.23906250007,1.1595311177739418,17742.819531249726,88.31174831922836,0.4063745019920319,13.306772908366534,109.0,-10434.190234374397,56485.600000000406,66919.79023437493,0.8440791550925282,28777.824414062437,-95.72651591169172,0.3486238532110092,12.743119266055047
R0456,14,2.0,12,0.382,pullback,short,fixed_sl_atr_tp,10.0,24.0,96,0.7,1.5,1.0,24,249.0,19573.829296876385,157516.2683593761,137942.43906250008,1.1418985297773903,15539.01953124973,78.60975621235497,0.40562248995983935,13.626506024096386,109.0,-10874.199999999415,56045.590234375384,66919.79023437493,0.8375039736090841,28777.824414062437,-99.76330275228821,0.3486238532110092,12.825688073394495
R0457,14,2.0,12,0.382,pullback,short,atr_sl_fixed_tp,12.0,16.0,96,0.7,1.25,1.0,24,265.0,24203.00000000109,172895.70742187573,148692.70742187477,1.1627719369675042,17994.999999999898,91.33207547170223,0.5207547169811321,12.69433962264151,105.0,-22969.039062499607,51456.57558593764,74425.61464843735,0.6913826083802188,32631.82929687475,-218.75275297618674,0.4095238095238095,13.152380952380952
R0458,14,2.0,12,0.382,pullback,short,atr_sl_fixed_tp,12.0,16.0,96,0.7,1.5,1.0,24,259.0,32235.8000000012,174904.32695312583,142668.5269531248,1.2259489229225198,11059.019531249796,124.4625482625529,0.5444015444015444,13.23938223938224,103.0,-27021.434179687072,49866.57558593767,76888.00976562484,0.648561144162065,36084.22441406221,-262.3440211620104,0.4174757281553398,13.436893203883495
R0459,14,2.0,12,0.382,pullback,short,fixed_sl_atr_tp,12.0,16.0,96,0.7,1.25,1.0,24,260.0,21462.048828125986,166933.6976562507,145471.64882812498,1.1475342377777211,16965.009765624927,82.54634164663841,0.49230769230769234,12.815384615384616,104.0,-13905.234179687119,53060.37558593763,66965.60976562487,0.7923526086247161,27286.42441406251,-133.70417480468384,0.40384615384615385,13.201923076923077
R0460,14,2.0,12,0.382,pullback,short,fixed_sl_atr_tp,12.0,16.0,96,0.7,1.5,1.0,24,255.0,22141.00976562598,166592.62929687573,144451.61953125,1.1532762999644726,16565.00976562493,86.82748927696463,0.4823529411764706,13.24705882352941,103.0,-10771.43906249962,56194.17070312512,66965.60976562487,0.8391496904127497,27286.42441406251,-104.57707827669533,0.39805825242718446,13.271844660194175
R0461,14,2.0,12,0.382,pullback,short,atr_sl_fixed_tp,12.0,20.0,96,0.7,1.25,1.0,24,248.0,12227.717187501112,162237.9757812507,150010.2585937498,1.081512539889791,19971.370703124805,49.30531123992384,0.4798387096774194,14.048387096774194,103.0,-18441.429296874463,55274.175585937766,73715.60488281235,0.7498300485196939,33324.22441406221,-179.04300288227634,0.39805825242718446,13.78640776699029
R0462,14,2.0,12,0.382,pullback,short,atr_sl_fixed_tp,12.0,20.0,96,0.7,1.5,1.0,24,244.0,13052.926953126338,160930.38554687586,147877.4585937498,1.0882685371878427,15540.712109374519,53.49560226691122,0.4959016393442623,14.581967213114755,101.0,-22893.824414061928,53284.1755859378,76177.99999999984,0.6994693426702974,37176.61953124968,-226.6715288520983,0.40594059405940597,14.07920792079208
R0463,14,2.0,12,0.382,pullback,short,fixed_sl_atr_tp,12.0,20.0,96,0.7,1.25,1.0,24,246.0,13705.3074218761,161478.30742187586,147772.9999999999,1.0927456803467206,18036.01953124945,55.71263179624431,0.45121951219512196,14.05691056910569,103.0,-8611.43417968696,58354.17558593778,66965.60976562487,0.8714051255588274,26886.42441406251,-83.60615708433942,0.39805825242718446,13.718446601941748
R0464,14,2.0,12,0.382,pullback,short,fixed_sl_atr_tp,12.0,20.0,96,0.7,1.5,1.0,24,245.0,19239.039062501215,165942.05859375087,146703.01953124988,1.1311427612326874,17772.22929687437,78.52669005102537,0.4489795918367347,14.23265306122449,103.0,-7511.414648436942,59454.195117187795,66965.60976562487,0.8878317590965493,26886.42441406251,-72.9263558100674,0.39805825242718446,13.78640776699029
R0465,14,2.0,12,0.382,pullback,short,atr_sl_fixed_tp,12.0,24.0,96,0.7,1.25,1.0,24,237.0,19159.536718751275,162968.36601562594,143808.82929687493,1.1332292100035013,18160.741406249424,80.84192708333872,0.46835443037974683,15.046413502109704,103.0,-14631.429296874325,59084.17558593789,73715.60488281235,0.801515170090045,32924.21464843715,-142.05271162013906,0.39805825242718446,14.29126213592233
R0466,14,2.0,12,0.382,pullback,short,atr_sl_fixed_tp,12.0,24.0,96,0.7,1.5,1.0,24,233.0,20184.74648437648,161260.7757812511,141076.02929687488,1.143077081095756,17731.3316406246,86.62981323766729,0.48497854077253216,15.622317596566523,101.0,-17483.834179686844,58694.16582031287,76177.99999999984,0.7704870936531937,35472.62441406248,-173.10726910581033,0.40594059405940597,14.534653465346535
R0467,14,2.0,12,0.382,pullback,short,fixed_sl_atr_tp,12.0,24.0,96,0.7,1.25,1.0,24,239.0,18861.8781250013,162927.2781250011,144065.39999999997,1.130925802621595,18864.59999999931,78.91999215481717,0.4435146443514644,14.832635983263598,103.0,-7371.404882811839,59594.20488281291,66965.60976562487,0.8899225302567784,28486.414648437454,-71.56703769720232,0.39805825242718446,14.242718446601941
R0468,14,2.0,12,0.382,pullback,short,fixed_sl_atr_tp,12.0,24.0,96,0.7,1.5,1.0,24,237.0,12969.448828126431,156644.86835937612,143675.4195312499,1.0902690861835647,15863.83906249964,54.72341277690477,0.4388185654008439,15.160337552742616,103.0,-7211.414648436854,59754.19511718789,66965.60976562487,0.8923116705175022,28486.414648437454,-70.01373445084324,0.39805825242718446,14.330097087378642
R0469,14,2.0,12,0.5,pullback,short,atr_sl_fixed_tp,8.0,16.0,96,0.7,1.25,1.0,24,247.0,2121.341406250707,127451.34140625049,125330.00000000025,1.0169260464872756,15878.80976562446,8.58842674595428,0.39271255060728744,10.48582995951417,121.0,-26849.790234374857,46207.01464843758,73056.80488281256,0.6324806391759996,32865.98046874984,-221.8990928460732,0.2892561983471074,9.305785123966942
R0470,14,2.0,12,0.5,pullback,short,atr_sl_fixed_tp,8.0,16.0,96,0.7,1.5,1.0,24,244.0,2472.7316406258396,129079.95117187551,126607.21953125014,1.019530731736945,16455.009765624352,10.134146068138687,0.4098360655737705,11.012295081967213,118.0,-30038.390234374856,46207.01464843758,76245.40488281257,0.6060301564331214,35658.380468749834,-254.56262910487166,0.2966101694915254,9.677966101694915
R0471,14,2.0,12,0.5,pullback,short,fixed_sl_atr_tp,8.0,16.0,96,0.7,1.25,1.0,24,246.0,7015.20976562594,125940.40976562572,118925.20000000026,1.058988421004341,16702.580468749224,28.51711286839813,0.37398373983739835,10.609756097560975,125.0,-26494.980468749818,44584.62441406262,71079.60488281258,0.627249187549204,33311.1707031248,-211.95984374999856,0.264,8.744
R0472,14,2.0,12,0.5,pullback,short,fixed_sl_atr_tp,8.0,16.0,96,0.7,1.5,1.0,24,243.0,10756.560937500984,128877.96093750074,118121.40000000026,1.0910636086052186,14865.019531249134,44.26568287037442,0.37037037037037035,10.847736625514404,123.0,-32087.380468749794,39796.02441406263,71883.40488281258,0.5536190791037211,33311.17070312477,-260.8730119410552,0.24390243902439024,9.040650406504065
R0473,14,2.0,12,0.5,pullback,short,atr_sl_fixed_tp,8.0,20.0,96,0.7,1.25,1.0,24,239.0,8701.731640626107,132687.94140625087,123986.20976562524,1.0701830603344902,18587.41953124906,36.408918998435595,0.37656903765690375,11.464435146443515,120.0,-20805.960937499778,51850.84394531265,72656.80488281256,0.7136405740514238,30580.760937499792,-173.38300781249816,0.2833333333333333,9.825
R0474,14,2.0,12,0.5,pullback,short,atr_sl_fixed_tp,8.0,20.0,96,0.7,1.5,1.0,24,236.0,9853.121875001232,134716.55117187588,124863.42929687515,1.0789111906543425,18763.61953124896,41.75051641949675,0.3940677966101695,11.970338983050848,118.0,-24798.360937499776,51850.84394531265,76649.20488281257,0.6764694301080665,33988.36093749979,-210.15560116525234,0.288135593220339,10.11864406779661
R0475,14,2.0,12,0.5,pullback,short,fixed_sl_atr_tp,8.0,20.0,96,0.7,1.25,1.0,24,238.0,11905.453515626217,129070.63398437593,117165.18046875019,1.101612556460843,15253.639062499205,50.022913931202595,0.35294117647058826,11.567226890756302,123.0,-25667.360937499776,46216.04394531266,71883.40488281258,0.6429306461019207,31449.760937499792,-208.67773119918516,0.24390243902439024,9.292682926829269
R0476,14,2.0,12,0.5,pullback,short,fixed_sl_atr_tp,8.0,20.0,96,0.7,1.5,1.0,24,237.0,10039.22421875126,127204.40468750098,117165.18046875019,1.085684366111043,16135.097656248909,42.359595859709955,0.350210970464135,11.738396624472573,122.0,-25683.551171874795,45396.053710937646,71079.60488281258,0.6386649698711908,31449.760937499792,-210.52091124487538,0.2459016393442623,9.39344262295082
R0477,14,2.0,12,0.5,pullback,short,atr_sl_fixed_tp,8.0,24.0,96,0.7,1.25,1.0,24,233.0,11294.394921876403,133013.00468750118,121718.6097656252,1.0927910279588624,17149.66835937437,48.47379794796739,0.36909871244635195,12.201716738197424,117.0,-24314.546289062222,49346.058593750204,73660.60488281256,0.6699111237581523,30150.756054687292,-207.81663494924976,0.2564102564102564,10.435897435897436
R0478,14,2.0,12,0.5,pullback,short,atr_sl_fixed_tp,8.0,24.0,96,0.7,1.5,1.0,24,230.0,11125.785156251539,133721.6144531262,122595.8292968751,1.0907517426984337,18218.50742187372,48.37297894022408,0.3869565217391304,12.743478260869566,115.0,-28276.926757812187,49346.058593750204,77622.98535156253,0.6357145163930091,33546.956054687296,-245.88631963314944,0.2608695652173913,10.756521739130434
R0479,14,2.0,12,0.5,pullback,short,fixed_sl_atr_tp,8.0,24.0,96,0.7,1.25,1.0,24,234.0,8220.555859376438,123778.13632812625,115557.58046875018,1.071138179131391,16177.526953123843,35.1305805956258,0.3504273504273504,12.175213675213675,120.0,-27775.916992187234,43303.687890625195,71079.60488281258,0.6092280333018038,32595.936523437285,-231.4659749348936,0.23333333333333334,9.8
R0480,14,2.0,12,0.5,pullback,short,fixed_sl_atr_tp,8.0,24.0,96,0.7,1.5,1.0,24,233.0,5484.355859376469,121041.93632812628,115557.58046875018,1.0474599402058198,18963.71718749884,23.53800798015652,0.34763948497854075,12.343347639484978,120.0,-27665.907226562234,43413.697656250195,71079.60488281258,0.6107757313483302,32595.936523437285,-230.5492268880186,0.23333333333333334,9.8
R0481,14,2.0,12,0.5,pullback,short,atr_sl_fixed_tp,10.0,16.0,96,0.7,1.25,1.0,24,234.0,4480.663281250826,134868.5316406254,130387.86835937503,1.0343641117661406,15788.439062499352,19.148133680559084,0.44017094017094016,12.205128205128204,109.0,-28044.180468749855,47859.424414062574,75903.60488281255,0.6305290043595777,34121.770703124836,-257.28605934632895,0.3394495412844037,11.146788990825687
R0482,14,2.0,12,0.5,pullback,short,atr_sl_fixed_tp,10.0,16.0,96,0.7,1.5,1.0,24,232.0,7448.3023437509255,137513.34140625043,130065.03906249996,1.0572659832145312,13872.629296874858,32.10475148168502,0.46120689655172414,12.59051724137931,108.0,-28270.38535156231,49771.82441406255,78042.20976562498,0.6377551912424883,37751.765820312285,-261.76282732928064,0.3611111111111111,11.583333333333334
R0483,14,2.0,12,0.5,pullback,short,fixed_sl_atr_tp,10.0,16.0,96,0.7,1.25,1.0,24,231.0,-927.839062499098,128532.80000000066,129460.63906250017,0.9928330412299945,21906.99023437432,-4.016619318177913,0.4069264069264069,12.090909090909092,112.0,-22535.570703124824,48879.4341796876,71415.00488281254,0.6844420757219807,31359.360937499805,-201.21045270647164,0.33035714285714285,10.803571428571429
R0484,14,2.0,12,0.5,pullback,short,fixed_sl_atr_tp,10.0,16.0,96,0.7,1.5,1.0,24,228.0,2613.5121093759185,131070.35117187568,128456.83906250018,1.0203454493232853,20764.21953124946,11.462772409543502,0.40350877192982454,12.346491228070175,110.0,-27927.970703124807,44490.83417968762,72418.80488281255,0.6143547142442116,31359.360937499787,-253.89064275568006,0.3090909090909091,11.181818181818182
R0485,14,2.0,12,0.5,pullback,short,atr_sl_fixed_tp,10.0,20.0,96,0.7,1.25,1.0,24,226.0,7751.102343751233,138108.94140625087,130357.83906250005,1.0594601935679109,22763.21953124899,34.296913025447935,0.42035398230088494,13.305309734513274,109.0,-24734.160937499757,51923.243945312664,76657.40488281255,0.6773415304716953,33521.75117187478,-226.918907683484,0.3302752293577982,11.724770642201834
R0486,14,2.0,12,0.5,pullback,short,atr_sl_fixed_tp,10.0,20.0,96,0.7,1.5,1.0,24,223.0,9812.521875001286,139157.55117187585,129345.02929687501,1.075863153986992,18951.799999998944,44.00234024664254,0.43946188340807174,13.784753363228699,108.0,-24310.365820312203,54235.643945312644,78546.00976562499,0.690495215570434,36901.74628906221,-225.0959798177056,0.35185185185185186,12.194444444444445
R0487,14,2.0,12,0.5,pullback,short,fixed_sl_atr_tp,10.0,20.0,96,0.7,1.25,1.0,24,225.0,3904.8242187511732,132743.03398437586,128838.20976562508,1.0303079670685753,22629.478124999005,17.35477430556077,0.38222222222222224,13.133333333333333,110.0,-22987.960937499764,49430.84394531267,72418.80488281255,0.6825691755794813,30029.35117187478,-208.98146306817966,0.3090909090909091,11.554545454545455
R0488,14,2.0,12,0.5,pullback,short,fixed_sl_atr_tp,10.0,20.0,96,0.7,1.5,1.0,24,223.0,2082.4242187512496,130256.82421875095,128174.40000000008,1.0162468029399854,23065.69765624898,9.338225196193944,0.3811659192825112,13.399103139013453,109.0,-22304.15117187478,49110.853710937656,71415.00488281254,0.6876825646308563,30029.351171874776,-204.62524010894293,0.3119266055045872,11.623853211009175
R0489,14,2.0,12,0.5,pullback,short,atr_sl_fixed_tp,10.0,24.0,96,0.7,1.25,1.0,24,220.0,6643.765625001491,135387.80468750114,128744.0390625,1.0516044523177952,24598.107421873792,30.198934659097684,0.4090909090909091,14.090909090909092,106.0,-28612.72675781217,49018.45859375023,77631.18535156251,0.6314274137611582,33230.346289062276,-269.93138450766196,0.3018867924528302,12.471698113207546
R0490,14,2.0,12,0.5,pullback,short,atr_sl_fixed_tp,10.0,24.0,96,0.7,1.5,1.0,24,218.0,8921.414453126486,137906.4437500011,128985.02929687497,1.0691662784569549,20570.458593748805,40.923919509754526,0.42660550458715596,14.559633027522937,105.0,-27788.93164062462,51730.8585937502,79519.79023437494,0.6505406822789618,36471.74140624972,-264.6564918154726,0.3238095238095238,12.961904761904762
R0491,14,2.0,12,0.5,pullback,short,fixed_sl_atr_tp,10.0,24.0,96,0.7,1.25,1.0,24,220.0,-1666.2441406235596,125504.35585937618,127170.60000000008,0.9868975679864379,25038.12695312391,-7.573837002834361,0.37727272727272726,13.818181818181818,108.0,-23420.336523437225,48998.468359375205,72418.80488281255,0.6765986878499871,29987.946289062274,-216.85496780960395,0.2962962962962963,12.018518518518519
R0492,14,2.0,12,0.5,pullback,short,fixed_sl_atr_tp,10.0,24.0,96,0.7,1.5,1.0,24,220.0,1383.7363281265064,128554.33632812627,127170.60000000008,1.0108809451880088,22638.126953123916,6.2897105823932105,0.37727272727272726,13.95,108.0,-22710.326757812225,49708.478125000205,72418.80488281255,0.686402906060629,29987.946289062274,-210.28080331307615,0.2962962962962963,12.018518518518519
R0493,14,2.0,12,0.5,pullback,short,atr_sl_fixed_tp,12.0,16.0,96,0.7,1.25,1.0,24,228.0,2633.502343751053,139405.7511718755,136772.24882812475,1.0192546541152523,16728.619531249828,11.55044887610111,0.4780701754385965,13.31140350877193,108.0,-33320.39023437475,49771.82441406255,83092.21464843741,0.5989950397235986,40751.76093749976,-308.52213179976616,0.3611111111111111,12.055555555555555
R0494,14,2.0,12,0.5,pullback,short,atr_sl_fixed_tp,12.0,16.0,96,0.7,1.5,1.0,24,228.0,-1886.507421873919,139718.1218750005,141604.62929687466,0.9866776430174533,17624.819531249832,-8.274155359096136,0.4868421052631579,13.679824561403509,107.0,-35656.590234374664,49771.82441406255,85428.41464843732,0.5826143984865928,43677.970703124694,-333.2391610689221,0.3644859813084112,12.504672897196262
R0495,14,2.0,12,0.5,pullback,short,fixed_sl_atr_tp,12.0,16.0,96,0.7,1.25,1.0,24,223.0,712.5804687512662,134050.01953125073,133337.43906249988,1.005344188952188,19894.170703124026,3.195428110992225,0.4484304932735426,13.52017937219731,110.0,-31977.94628906226,48879.4341796876,80857.38046875001,0.6045141939588146,38155.556054687266,-290.70860262783873,0.33636363636363636,11.645454545454545
R0496,14,2.0,12,0.5,pullback,short,fixed_sl_atr_tp,12.0,16.0,96,0.7,1.5,1.0,24,220.0,3133.9316406262924,135267.5707031258,132133.63906249986,1.0237178939659988,19376.609765623944,14.245143821028602,0.44545454545454544,13.818181818181818,108.0,-37340.32675781222,44490.83417968762,81831.16093749997,0.5436906145529122,38155.55605468726,-345.743766276039,0.3148148148148148,12.055555555555555
R0497,14,2.0,12,0.5,pullback,short,atr_sl_fixed_tp,12.0,20.0,96,0.7,1.25,1.0,24,217.0,11635.331640626526,143149.95117187587,131514.61953124974,1.0884717735723777,15188.619531249204,53.61903981855542,0.4608294930875576,14.723502304147466,108.0,-29960.341406249656,54235.643945312644,84195.98535156243,0.6441595014162536,40101.74140624969,-277.4105685763857,0.35185185185185186,12.731481481481481
R0498,14,2.0,12,0.5,pullback,short,atr_sl_fixed_tp,12.0,20.0,96,0.7,1.5,1.0,24,217.0,7155.302343751492,143462.32187500087,136307.0195312497,1.0524940121818944,17008.639062499216,32.97374351959213,0.4700460829493088,15.046082949308756,107.0,-31996.541406249573,54235.643945312644,86232.18535156234,0.6289489675368642,42727.95117187462,-299.0330972546689,0.35514018691588783,13.149532710280374
R0499,14,2.0,12,0.5,pullback,short,fixed_sl_atr_tp,12.0,20.0,96,0.7,1.25,1.0,24,216.0,10199.00468750154,140246.43398437594,130047.42929687476,1.0784252694777894,15702.868359373613,47.21761429398861,0.4305555555555556,14.61111111111111,108.0,-32400.316992187156,49430.84394531267,81831.16093749997,0.60405893523943,36825.54628906223,-300.00293511284406,0.3148148148148148,12.435185185185185
R0500,14,2.0,12,0.5,pullback,short,fixed_sl_atr_tp,12.0,20.0,96,0.7,1.5,1.0,24,214.0,8876.604687501609,138260.22421875098,129383.61953124976,1.0686068663070387,15439.087890623596,41.479461156549576,0.42990654205607476,14.901869158878505,107.0,-32466.526757812193,49110.853710937656,81577.38046875,0.6020155762386934,36825.54628906223,-303.425483717871,0.3177570093457944,12.42056074766355
R0501,14,2.0,12,0.5,pullback,short,atr_sl_fixed_tp,12.0,24.0,96,0.7,1.25,1.0,24,211.0,10188.014453126732,140302.64375000112,130114.62929687471,1.0783002995756998,16303.858593748566,48.28442868780442,0.44549763033175355,15.66824644549763,105.0,-33438.90722656208,51730.8585937502,85169.7658203124,0.607385239298295,39671.7365234372,-318.465783110115,0.3238095238095238,13.504761904761905
R0502,14,2.0,12,0.5,pullback,short,atr_sl_fixed_tp,12.0,24.0,96,0.7,1.5,1.0,24,211.0,5407.985156251675,140615.01445312612,135207.02929687465,1.0399978106491574,18983.887890623606,25.630261404036375,0.4549763033175355,16.04265402843602,104.0,-35475.107226561995,51730.8585937502,87205.96582031231,0.5932032069955112,42297.946289062136,-341.1068002554038,0.3269230769230769,13.942307692307692
R0503,14,2.0,12,0.5,pullback,short,fixed_sl_atr_tp,12.0,24.0,96,0.7,1.25,1.0,24,210.0,3781.726562501677,131911.5558593762,128129.82929687481,1.0295148021600746,18757.726953123638,18.008221726198464,0.4238095238095238,15.457142857142857,106.0,-33782.71210937464,48998.468359375205,82781.18046875,0.591903474701864,36395.54140624973,-318.7048312205155,0.3018867924528302,12.839622641509434
R0504,14,2.0,12,0.5,pullback,short,fixed_sl_atr_tp,12.0,24.0,96,0.7,1.5,1.0,24,210.0,7431.707031251773,135561.5363281263,128129.82929687481,1.0580013808808901,15757.726953123622,35.38908110119892,0.4238095238095238,15.595238095238095,106.0,-33072.70234374964,49708.478125000205,82781.18046875,0.6004804213170797,36395.54140624973,-312.00662588443055,0.3018867924528302,12.839622641509434
R0505,14,2.0,24,0.382,pullback,short,atr_sl_fixed_tp,8.0,16.0,96,0.7,1.25,1.0,24,258.0,13179.74648437602,142627.30742187562,129447.56093750014,1.1018153327024751,14724.302343749627,51.08428869913186,0.4108527131782946,9.94186046511628,118.0,-15428.375585937558,53545.599999999984,68973.97558593766,0.776315987952372,27297.014648437438,-130.74894564353863,0.3220338983050847,8.940677966101696
R0506,14,2.0,24,0.382,pullback,short,atr_sl_fixed_tp,8.0,16.0,96,0.7,1.5,1.0,24,254.0,19704.91718750117,147168.25859375077,127463.34140625011,1.1545928183751069,11444.312109374572,77.57841412402036,0.43700787401574803,10.44488188976378,116.0,-15890.765820312567,55141.79999999998,71032.56582031268,0.7762890072067686,29689.41464843743,-136.98936051993593,0.33620689655172414,9.655172413793103
R0507,14,2.0,24,0.382,pullback,short,fixed_sl_atr_tp,8.0,16.0,96,0.7,1.25,1.0,24,260.0,17842.107421875968,142806.27812500068,124964.17070312526,1.1427777843959974,12338.102343749662,68.62349008413834,0.38846153846153847,9.853846153846154,119.0,-12932.156054687539,52143.209765625,65075.36582031267,0.801274170468804,26763.195117187403,-108.67358029149193,0.3025210084033613,8.705882352941176
R0508,14,2.0,24,0.382,pullback,short,fixed_sl_atr_tp,8.0,16.0,96,0.7,1.5,1.0,24,256.0,13107.219531250998,138245.18046875077,125137.96093750028,1.1047421536443034,13001.990234374918,51.20007629394921,0.375,10.15234375,118.0,-14528.356054687543,51350.809765625,65879.16582031267,0.779469641520444,25963.19511718741,-123.1216614804029,0.288135593220339,8.991525423728813
R0509,14,2.0,24,0.382,pullback,short,atr_sl_fixed_tp,8.0,20.0,96,0.7,1.25,1.0,24,246.0,18745.366015626285,143927.70742187588,125182.34140625011,1.149744491156241,20796.682812499537,76.20067486026944,0.3983739837398374,11.211382113821138,115.0,-20326.946289062384,49744.619531250166,70071.56582031267,0.7099116303296589,28373.204882812355,-176.756054687499,0.28695652173913044,10.191304347826087
R0510,14,2.0,24,0.382,pullback,short,atr_sl_fixed_tp,8.0,20.0,96,0.7,1.5,1.0,24,239.0,20931.9660156264,143140.06835937602,122208.10234375008,1.1712813276221896,19459.06328124951,87.58144776412719,0.41841004184100417,11.903765690376568,114.0,-22233.131640624888,50100.824414062685,72333.95605468769,0.6926321626344373,32373.219531249895,-195.02747053179726,0.2982456140350877,10.798245614035087
R0511,14,2.0,24,0.382,pullback,short,fixed_sl_atr_tp,8.0,20.0,96,0.7,1.25,1.0,24,245.0,14889.06835937615,136008.0292968759,121118.96093750028,1.1229292940108582,17757.131640624553,60.77170758929041,0.3673469387755102,11.093877551020409,117.0,-18234.546289062386,49252.219531250164,67486.76582031268,0.7298055986619211,26777.004882812358,-155.8508229834392,0.26495726495726496,9.777777777777779
R0512,14,2.0,24,0.382,pullback,short,fixed_sl_atr_tp,8.0,20.0,96,0.7,1.5,1.0,24,244.0,15342.82929687612,136515.6097656259,121172.7804687503,1.1266194374472775,16257.13164062455,62.880447938016886,0.36065573770491804,11.282786885245901,117.0,-16554.585351562408,50932.18046875015,67486.76582031268,0.7546987894539198,25777.00488281236,-141.4921824919864,0.26495726495726496,9.965811965811966
R0513,14,2.0,24,0.382,pullback,short,atr_sl_fixed_tp,8.0,24.0,96,0.7,1.25,1.0,24,238.0,18125.687890626436,141874.21953125112,123748.53164062517,1.146471943144055,20023.321874999478,76.15835248162368,0.38235294117647056,12.1890756302521,114.0,-17593.107226562333,52678.45859375021,70271.56582031267,0.7496411667907221,28353.18535156236,-154.3255019873889,0.2807017543859649,10.771929824561404
R0514,14,2.0,24,0.382,pullback,short,atr_sl_fixed_tp,8.0,24.0,96,0.7,1.5,1.0,24,232.0,22308.48789062653,143082.78046875127,120774.29257812515,1.1847122215697967,18485.702343749454,96.1572753906316,0.4051724137931034,12.866379310344827,113.0,-19469.273046874794,53034.66347656273,72503.93652343765,0.7314728829850325,32353.19999999989,-172.2944517422548,0.2920353982300885,11.398230088495575
R0515,14,2.0,24,0.382,pullback,short,fixed_sl_atr_tp,8.0,24.0,96,0.7,1.25,1.0,24,241.0,18064.200000001216,138433.18046875106,120368.98046875033,1.1500735482651236,16773.331640624532,74.95518672199674,0.35684647302904565,11.838174273858922,117.0,-14824.546289062355,52662.2195312502,67486.76582031268,0.7803340238805684,26956.98535156236,-126.70552383813978,0.26495726495726496,10.264957264957266
R0516,14,2.0,24,0.382,pullback,short,fixed_sl_atr_tp,8.0,24.0,96,0.7,1.5,1.0,24,240.0,12067.951171876302,132830.7511718761,120762.80000000032,1.0999310315086743,20473.37070312448,50.283129882817924,0.35,12.108333333333333,117.0,-12314.536523437348,55172.22929687519,67486.76582031268,0.8175266457985906,25756.985351562354,-105.25244891826793,0.26495726495726496,10.282051282051283
R0517,14,2.0,24,0.382,pullback,short,atr_sl_fixed_tp,10.0,16.0,96,0.7,1.25,1.0,24,242.0,24870.46835937623,152219.24882812586,127348.78046875009,1.1952941227064102,10176.341406249907,102.77053041064558,0.4793388429752066,11.929752066115702,112.0,-21005.54140625,53594.2146484375,74599.75605468763,0.7184234571645063,32684.204882812417,-187.54947684151784,0.36607142857142855,10.339285714285714
R0518,14,2.0,24,0.382,pullback,short,atr_sl_fixed_tp,10.0,16.0,96,0.7,1.5,1.0,24,239.0,24561.87812500121,153645.4683593758,129083.59023437505,1.1902788579121804,8201.190234374782,102.76936453975402,0.4895397489539749,12.305439330543933,112.0,-27755.541406250002,53594.2146484375,81349.75605468763,0.6588122355573951,37934.204882812424,-247.817333984375,0.36607142857142855,10.598214285714286
R0519,14,2.0,24,0.382,pullback,short,fixed_sl_atr_tp,10.0,16.0,96,0.7,1.25,1.0,24,242.0,21380.507421876213,148013.4878906259,126632.9804687501,1.1688383811447285,13126.341406249907,88.34920422262898,0.44214876033057854,11.826446280991735,112.0,-18085.531640624966,51791.82441406252,69877.35605468761,0.7411817981998211,30104.185351562384,-161.47796107700862,0.3482142857142857,10
R0520,14,2.0,24,0.382,pullback,short,fixed_sl_atr_tp,10.0,16.0,96,0.7,1.5,1.0,24,238.0,16875.619531251272,143052.39023437595,126176.7707031251,1.1337458506602347,13620.59999999981,70.90596441702215,0.42857142857142855,12.205882352941176,111.0,-20281.73164062497,50599.424414062516,70881.15605468761,0.7138628548188896,29704.185351562388,-182.71830306869342,0.3333333333333333,10.333333333333334
R0521,14,2.0,24,0.382,pullback,short,atr_sl_fixed_tp,10.0,20.0,96,0.7,1.25,1.0,24,227.0,28357.51718750149,148991.05859375116,120633.54140625005,1.2350715800674645,14970.12187499987,124.92298320485237,0.46255506607929514,13.458149779735683,110.0,-22847.907226562307,51745.639062500195,74593.54628906264,0.6937012869984365,35114.20976562487,-207.70824751420278,0.34545454545454546,11.645454545454545
R0522,14,2.0,24,0.382,pullback,short,atr_sl_fixed_tp,10.0,20.0,96,0.7,1.5,1.0,24,224.0,29448.907421876444,151317.25859375106,121868.35117187501,1.2416452437297956,10617.79999999972,131.46833670480555,0.4732142857142857,13.870535714285714,110.0,-29097.907226562304,51745.639062500195,80843.54628906264,0.6400713654678072,40114.209765624866,-264.52642933238457,0.34545454545454546,11.909090909090908
R0523,14,2.0,24,0.382,pullback,short,fixed_sl_atr_tp,10.0,20.0,96,0.7,1.25,1.0,24,228.0,20713.668359376457,141915.2390625011,121201.57070312508,1.1709026396210056,15564.380468749754,90.84942262884411,0.42105263157894735,13.24561403508772,110.0,-18487.921874999814,52393.23417968767,70881.15605468761,0.7391701419099912,29414.19511718734,-168.07201704545287,0.32727272727272727,11.309090909090909
R0524,14,2.0,24,0.382,pullback,short,fixed_sl_atr_tp,10.0,20.0,96,0.7,1.5,1.0,24,227.0,21427.429296876457,142629.0000000011,121201.57070312508,1.1767916799474574,15564.380468749754,94.3939616602487,0.4185022026431718,13.43612334801762,110.0,-18207.941406249814,52673.21464843767,70881.15605468761,0.7431201405321071,28914.19511718734,-165.5267400568165,0.32727272727272727,11.436363636363636
R0525,14,2.0,24,0.382,pullback,short,atr_sl_fixed_tp,10.0,24.0,96,0.7,1.25,1.0,24,220.0,28164.039062501673,147337.57070312637,119173.5316406251,1.2363279721157516,13964.380468749754,128.0183593750076,0.44545454545454544,14.5,109.0,-19884.048632812213,54679.47812500024,74563.5267578126,0.7333274122427565,35494.190234374866,-182.42246452121296,0.3394495412844037,12.275229357798166
R0526,14,2.0,24,0.382,pullback,short,atr_sl_fixed_tp,10.0,24.0,96,0.7,1.5,1.0,24,217.0,30165.448828126653,150063.77070312633,119898.321875,1.2515919185222235,9391.580468749686,139.01128492224265,0.45622119815668205,14.921658986175116,109.0,-26134.04863281222,54679.47812500024,80813.5267578126,0.676612942395985,40494.19023437487,-239.76191406249742,0.3394495412844037,12.541284403669724
R0527,14,2.0,24,0.382,pullback,short,fixed_sl_atr_tp,10.0,24.0,96,0.7,1.25,1.0,24,223.0,22552.600000001552,142750.37070312625,120197.77070312512,1.1876291038350744,14670.121874999852,101.13273542601593,0.4125560538116592,14.094170403587444,110.0,-15677.902343749744,55203.25371093773,70881.15605468761,0.7788142403934021,29694.175585937322,-142.5263849431795,0.32727272727272727,11.772727272727273
R0528,14,2.0,24,0.382,pullback,short,fixed_sl_atr_tp,10.0,24.0,96,0.7,1.5,1.0,24,223.0,16782.55117187657,138987.92187500125,122205.37070312513,1.1373307169342513,14670.121874999852,75.25807700393081,0.40358744394618834,14.20627802690583,110.0,-14367.892578124744,56513.26347656273,70881.15605468761,0.797296018041248,29094.175585937322,-130.6172052556795,0.32727272727272727,11.781818181818181
R0529,14,2.0,24,0.382,pullback,short,atr_sl_fixed_tp,12.0,16.0,96,0.7,1.25,1.0,24,236.0,16953.28789062628,152535.48789062578,135582.1999999999,1.1250406608730785,10672.829296874705,71.83596563824696,0.4957627118644068,12.817796610169491,108.0,-22660.360937499998,56082.81464843749,78743.17558593763,0.712224446513852,33919.00488281242,-209.81815682870368,0.4074074074074074,11.74074074074074
R0530,14,2.0,24,0.382,pullback,short,atr_sl_fixed_tp,12.0,16.0,96,0.7,1.5,1.0,24,235.0,11757.068359376342,152611.70742187582,140854.6390624998,1.0834695146544602,12952.868359374668,50.030078125005716,0.502127659574468,13.13191489361702,107.0,-27276.546289062444,56082.81464843749,83359.36093750007,0.6727836444246066,36735.190234374866,-254.92099335572377,0.411214953271028,12.11214953271028
R0531,14,2.0,24,0.382,pullback,short,fixed_sl_atr_tp,12.0,16.0,96,0.7,1.25,1.0,24,233.0,16424.717187501392,147052.058593751,130627.34140625,1.1257372079281645,12656.33164062487,70.49234844421198,0.4721030042918455,12.948497854077253,107.0,-15596.536523437464,54636.62929687503,70233.16582031261,0.777932030526142,30788.99999999992,-145.7620235835277,0.40186915887850466,11.794392523364486
R0532,14,2.0,24,0.382,pullback,short,fixed_sl_atr_tp,12.0,16.0,96,0.7,1.5,1.0,24,230.0,13636.048828126455,143607.18046875106,129971.131640625,1.1049159813875458,13750.590234374773,59.28716881794111,0.4608695652173913,13.282608695652174,106.0,-17762.71699218743,53444.229296875026,71206.94628906259,0.7505479743495767,30388.999999999924,-167.57280181308897,0.3867924528301887,12.169811320754716
R0533,14,2.0,24,0.382,pullback,short,atr_sl_fixed_tp,12.0,20.0,96,0.7,1.25,1.0,24,221.0,24970.326953126616,150633.48789062613,125663.1609374999,1.19870841037928,10546.331640624834,112.9879047652788,0.4841628959276018,14.506787330316742,105.0,-21978.93652343729,55154.2292968752,77133.16582031263,0.7150520623691374,34275.21953124985,-209.32320498511703,0.3904761904761905,13.352380952380953
R0534,14,2.0,24,0.382,pullback,short,atr_sl_fixed_tp,12.0,20.0,96,0.7,1.5,1.0,24,220.0,19894.12695312669,150709.70742187617,130815.58046874986,1.1520776568191642,11708.799999999745,90.4278497869395,0.4909090909090909,14.795454545454545,104.0,-25695.121874999735,55154.2292968752,80849.35117187507,0.682185181420004,36491.404882812305,-247.06847956730513,0.3942307692307692,13.692307692307692
R0535,14,2.0,24,0.382,pullback,short,fixed_sl_atr_tp,12.0,20.0,96,0.7,1.25,1.0,24,220.0,22624.097656251728,144436.2292968763,121812.13164062494,1.185729429011208,15594.370703124718,102.83680752841694,0.4590909090909091,14.563636363636364,104.0,-13845.116992187255,56158.0292968752,70003.14628906258,0.8022215039447367,28375.219531249855,-133.12612492487744,0.38461538461538464,13.413461538461538
R0536,14,2.0,24,0.382,pullback,short,fixed_sl_atr_tp,12.0,20.0,96,0.7,1.5,1.0,24,219.0,21297.839062501742,143759.9707031263,122462.13164062495,1.1739136725547257,15094.370703124718,97.25040667809014,0.45662100456621,14.712328767123287,104.0,-13565.136523437253,56438.009765625204,70003.14628906258,0.8062210451595542,27875.219531249855,-130.4340050330505,0.38461538461538464,13.548076923076923
R0537,14,2.0,24,0.382,pullback,short,atr_sl_fixed_tp,12.0,24.0,96,0.7,1.25,1.0,24,215.0,24423.097656251783,149670.01953125137,125246.92187499993,1.1949995839468726,10240.590234374737,113.59580305233388,0.46511627906976744,15.47906976744186,104.0,-18035.087695312148,58868.05859375031,76903.14628906258,0.7654830970436215,34275.2097656248,-173.4143047626168,0.38461538461538464,13.89423076923077
R0538,14,2.0,24,0.382,pullback,short,atr_sl_fixed_tp,12.0,24.0,96,0.7,1.5,1.0,24,214.0,19346.897656251855,149746.2390625014,130399.34140624988,1.1483665289073635,10908.799999999745,90.406063814261,0.4719626168224299,15.785046728971963,103.0,-21751.273046874594,58868.05859375031,80619.33164062502,0.730197799904434,36491.39511718725,-211.17740822208344,0.3883495145631068,14.242718446601941
R0539,14,2.0,24,0.382,pullback,short,fixed_sl_atr_tp,12.0,24.0,96,0.7,1.25,1.0,24,216.0,21659.239062501783,144571.36093750142,122912.12187500004,1.1762172740336265,13894.370703124718,100.27425491898974,0.44907407407407407,15.310185185185185,104.0,-10255.107226562135,59748.03906250031,70003.14628906258,0.8535050526984022,28275.209765624786,-98.60680025540515,0.38461538461538464,13.788461538461538
R0540,14,2.0,24,0.382,pullback,short,fixed_sl_atr_tp,12.0,24.0,96,0.7,1.5,1.0,24,216.0,20599.2000000018,144715.12187500147,124115.92187500004,1.1659674253618109,13294.370703124718,95.366666666675,0.4444444444444444,15.416666666666666,104.0,-8945.097460937139,61058.04882812531,70003.14628906258,0.8722186368024023,27675.209765624793,-86.01055250901095,0.38461538461538464,13.798076923076923
R0541,14,2.0,24,0.5,pullback,short,atr_sl_fixed_tp,8.0,16.0,96,0.7,1.25,1.0,24,199.0,12273.770703125498,111062.17070312524,98788.40000000007,1.1242430356512016,14851.590234374962,61.67723971419848,0.40703517587939697,10.396984924623116,105.0,-23248.956054687373,40062.24882812512,63311.204882812584,0.632782915793173,35635.585351562404,-221.4186290922607,0.29523809523809524,8.238095238095237
R0542,14,2.0,24,0.5,pullback,short,atr_sl_fixed_tp,8.0,16.0,96,0.7,1.5,1.0,24,196.0,9415.121875000688,110382.1511718753,100967.02929687491,1.0932494690649655,14957.790234374912,48.036336096942286,0.413265306122449,10.908163265306122,105.0,-26448.956054687376,40858.44882812512,67307.40488281258,0.6070424034214786,37635.585351562404,-251.8948195684512,0.3047619047619048,8.571428571428571
R0543,14,2.0,24,0.5,pullback,short,fixed_sl_atr_tp,8.0,16.0,96,0.7,1.25,1.0,24,202.0,16142.36093750066,110969.75117187544,94827.39023437508,1.1702288853210339,16434.409765624925,79.91267790841911,0.3910891089108911,10.01980198019802,109.0,-24784.1462890624,38469.84882812512,63253.99511718762,0.6081805387446895,32843.18535156241,-227.37748889048072,0.26605504587155965,7.706422018348624
R0544,14,2.0,24,0.5,pullback,short,fixed_sl_atr_tp,8.0,16.0,96,0.7,1.5,1.0,24,200.0,18089.921875000688,111309.71210937547,93219.79023437508,1.1940566678976465,16034.409765624925,90.44960937500343,0.395,10.63,109.0,-23184.146289062403,40069.84882812512,63253.99511718762,0.6334753837111735,32443.18535156241,-212.69858980791196,0.26605504587155965,7.743119266055046
R0545,14,2.0,24,0.5,pullback,short,atr_sl_fixed_tp,8.0,20.0,96,0.7,1.25,1.0,24,193.0,17996.531640625843,115533.54140625062,97537.00976562506,1.184509774124407,13948.790234374947,93.24627793070385,0.40414507772020725,11.549222797927461,103.0,-20051.375585937247,43059.82929687524,63111.204882812584,0.6822850138391504,34035.585351562404,-194.6735493780315,0.2815533980582524,8.825242718446601
R0546,14,2.0,24,0.5,pullback,short,atr_sl_fixed_tp,8.0,20.0,96,0.7,1.5,1.0,24,190.0,14737.882812501037,114453.52187500068,99715.6390624999,1.1477991110628427,13721.609765624875,77.56780427632124,0.4105263157894737,12.094736842105263,103.0,-23051.375585937247,43856.02929687524,66907.40488281258,0.6554734767203793,36035.585351562404,-223.79976297026454,0.2912621359223301,9.16504854368932
R0547,14,2.0,24,0.5,pullback,short,fixed_sl_atr_tp,8.0,20.0,96,0.7,1.25,1.0,24,197.0,22231.282812500853,114757.28281250065,92526.00000000007,1.2402706570315432,15263.990234374944,112.84915133249164,0.39086294416243655,11.553299492385786,108.0,-20190.365820312272,43063.629296875246,63253.99511718762,0.680804891724125,31143.18535156241,-186.94783166955807,0.25925925925925924,8.13888888888889
R0548,14,2.0,24,0.5,pullback,short,fixed_sl_atr_tp,8.0,20.0,96,0.7,1.5,1.0,24,197.0,14701.273046875856,108834.87304687568,94133.60000000008,1.1561745545360593,14763.990234374945,74.62575150698405,0.38071065989847713,11.807106598984772,108.0,-18190.36582031227,45063.62929687524,63253.99511718762,0.7124234479322299,30643.185351562406,-168.42931315103954,0.25925925925925924,8.185185185185185
R0549,14,2.0,24,0.5,pullback,short,atr_sl_fixed_tp,8.0,24.0,96,0.7,1.25,1.0,24,190.0,24487.863281251142,119437.28281250085,94949.41953125,1.257904296857669,13548.790234374948,128.88349095395338,0.4052631578947368,12.678947368421053,102.0,-24417.55117187474,40301.25371093776,64718.80488281259,0.6227131941622208,34005.58046874991,-239.38775658700726,0.2549019607843137,9.617647058823529
R0550,14,2.0,24,0.5,pullback,short,atr_sl_fixed_tp,8.0,24.0,96,0.7,1.5,1.0,24,187.0,21989.243750001267,119137.28281250085,97148.03906249985,1.2263477879965676,13211.629296874857,117.58953877006026,0.4117647058823529,13.064171122994653,102.0,-27417.55117187474,41097.453710937756,68515.00488281259,0.599831435190444,36005.58046874991,-268.7995212928896,0.2647058823529412,9.96078431372549
R0551,14,2.0,24,0.5,pullback,short,fixed_sl_atr_tp,8.0,24.0,96,0.7,1.25,1.0,24,196.0,18835.043750001074,112588.65351562585,93753.60976562502,1.2008993978694433,14763.990234374949,96.09716198980139,0.37755102040816324,12.301020408163266,107.0,-24556.541406249755,40305.05371093776,64861.59511718762,0.6214009019993614,31013.18046874991,-229.5003869742968,0.2336448598130841,8.897196261682243
R0552,14,2.0,24,0.5,pullback,short,fixed_sl_atr_tp,8.0,24.0,96,0.7,1.5,1.0,24,196.0,20585.043750001078,114338.65351562585,93753.60976562502,1.2195653458193392,14163.990234374949,105.02573341837285,0.37755102040816324,12.33673469387755,107.0,-26226.56093749975,38635.03417968776,64861.59511718762,0.5956534696669816,30696.590234374904,-245.1080461448575,0.2336448598130841,9.102803738317757
R0553,14,2.0,24,0.5,pullback,short,atr_sl_fixed_tp,10.0,16.0,96,0.7,1.25,1.0,24,188.0,11895.512109375637,112966.9511718753,101071.43906249995,1.1176941005264551,15144.009765624982,63.2740005817853,0.4521276595744681,12.175531914893616,98.0,-25842.34140624973,41427.06347656271,67269.40488281252,0.6158381146485721,38848.975585937405,-263.6973612882625,0.35714285714285715,9.816326530612244
R0554,14,2.0,24,0.5,pullback,short,atr_sl_fixed_tp,10.0,16.0,96,0.7,1.5,1.0,24,188.0,7245.512109375632,114563.1511718753,107317.63906249995,1.0675146431907219,16894.00976562498,38.53995802859379,0.4574468085106383,12.48936170212766,98.0,-28742.341406249776,43023.26347656266,71765.60488281253,0.5994969811348513,43348.975585937405,-293.2891980229569,0.3673469387755102,9.989795918367347
R0555,14,2.0,24,0.5,pullback,short,fixed_sl_atr_tp,10.0,16.0,96,0.7,1.25,1.0,24,191.0,16764.151171875612,116730.7414062504,99966.59023437506,1.1676975390735165,13683.999999999985,87.77042498364195,0.4397905759162304,11.764397905759163,98.0,-22642.34140624973,40634.66347656271,63277.00488281253,0.6421710944096851,37152.77558593741,-231.04430006377274,0.336734693877551,9.53061224489796
R0556,14,2.0,24,0.5,pullback,short,fixed_sl_atr_tp,10.0,16.0,96,0.7,1.5,1.0,24,189.0,19321.712109375676,117280.70234375047,97958.99023437506,1.1972428672768738,13283.999999999984,102.2312810019877,0.4444444444444444,12.39153439153439,98.0,-21042.34140624973,42234.66347656271,63277.00488281253,0.667456741272446,37152.77558593741,-214.71776945152783,0.336734693877551,9.571428571428571
R0557,14,2.0,24,0.5,pullback,short,atr_sl_fixed_tp,10.0,20.0,96,0.7,1.25,1.0,24,183.0,17964.51210937602,118028.34140625066,100063.82929687489,1.1795305280200468,15255.019531249967,98.16673283812034,0.44808743169398907,13.475409836065573,96.0,-24054.770703124606,42964.63417968783,67019.40488281252,0.6410775245589556,37648.97558593741,-250.57052815754798,0.34375,10.541666666666666
R0558,14,2.0,24,0.5,pullback,short,atr_sl_fixed_tp,10.0,20.0,96,0.7,1.5,1.0,24,182.0,12418.312109375998,118028.34140625066,105610.02929687488,1.1175864848447992,16661.629296874948,68.23248411745054,0.45054945054945056,13.89010989010989,96.0,-26304.770703124646,44960.83417968779,71265.60488281253,0.6308910764683793,42148.975585937405,-274.0080281575484,0.3541666666666667,10.770833333333334
R0559,14,2.0,24,0.5,pullback,short,fixed_sl_atr_tp,10.0,20.0,96,0.7,1.25,1.0,24,186.0,23013.112109375877,120522.09257812562,97508.98046875,1.2360101807930495,13764.399999999985,123.7264091901929,0.43548387096774194,13.489247311827956,97.0,-19108.570703124595,44168.434179687836,63277.00488281253,0.6980171432179304,35952.7755859374,-196.99557425901645,0.32989690721649484,10.082474226804123
R0560,14,2.0,24,0.5,pullback,short,fixed_sl_atr_tp,10.0,20.0,96,0.7,1.5,1.0,24,186.0,13673.092578125867,113189.67304687566,99516.58046875,1.1373951206293633,13266.639062499951,73.51125042003154,0.42473118279569894,13.86021505376344,97.0,-17108.570703124587,46168.43417968783,63277.00488281253,0.7296242017963815,35952.7755859374,-176.37701755798543,0.32989690721649484,10.103092783505154
R0561,14,2.0,24,0.5,pullback,short,atr_sl_fixed_tp,10.0,24.0,96,0.7,1.25,1.0,24,180.0,26465.86328125117,123862.09257812578,97396.22929687484,1.2717339621083272,14855.019531249965,147.03257378472873,0.45,14.494444444444444,94.0,-28847.185351562053,38172.219531250405,67019.40488281252,0.569569658190741,38895.19023437485,-306.88495054853246,0.32978723404255317,11.425531914893616
R0562,14,2.0,24,0.5,pullback,short,atr_sl_fixed_tp,10.0,24.0,96,0.7,1.5,1.0,24,179.0,21419.66328125116,123862.09257812578,102442.42929687483,1.209089763179839,16151.648828124931,119.66292335894502,0.45251396648044695,14.910614525139664,94.0,-30697.185351562097,40568.41953125034,71265.60488281253,0.5692566504972502,43395.19023437485,-326.56580161236275,0.3404255319148936,11.659574468085106
R0563,14,2.0,24,0.5,pullback,short,fixed_sl_atr_tp,10.0,24.0,96,0.7,1.25,1.0,24,185.0,18806.86328125109,117743.45351562584,98936.59023437495,1.1900900691715628,13526.22929687495,101.6587204391951,0.42162162162162165,14.427027027027027,95.0,-23500.98535156205,39776.01953125039,63277.00488281253,0.6286014896709257,37198.990234374854,-247.37879317433735,0.3157894736842105,10.926315789473684
R0564,14,2.0,24,0.5,pullback,short,fixed_sl_atr_tp,10.0,24.0,96,0.7,1.5,1.0,24,185.0,21206.863281251102,120143.45351562584,98936.59023437495,1.2143480307034342,12384.999999999967,114.63169341216812,0.42162162162162165,14.448648648648648,95.0,-25171.004882812053,38106.0000000004,63277.00488281253,0.6022092870952376,37198.990234374854,-264.95794613486373,0.3157894736842105,11.147368421052631
R0565,14,2.0,24,0.5,pullback,short,atr_sl_fixed_tp,12.0,16.0,96,0.7,1.25,1.0,24,184.0,4260.682812500675,115069.33164062531,110808.64882812493,1.038450814603011,19294.009765624978,23.155884850547146,0.47282608695652173,13.217391304347826,94.0,-24687.151171874775,46215.66347656265,70902.81464843752,0.6518170499396543,40233.77558593741,-262.62926778590185,0.40425531914893614,10.861702127659575
R0566,14,2.0,24,0.5,pullback,short,atr_sl_fixed_tp,12.0,16.0,96,0.7,1.5,1.0,24,181.0,9092.024218750761,116977.90234375032,107885.8781249998,1.0842744609096682,19710.239062499946,50.232178004147855,0.4972375690607735,13.883977900552486,93.0,-27163.341406249736,46215.66347656265,73379.00488281249,0.6298213439984618,41403.77558593739,-292.0789398521477,0.40860215053763443,11.182795698924732
R0567,14,2.0,24,0.5,pullback,short,fixed_sl_atr_tp,12.0,16.0,96,0.7,1.25,1.0,24,185.0,9226.873046875764,116556.90234375047,107330.02929687494,1.0859673020432519,17883.99999999998,49.874989442571696,0.4594594594594595,12.935135135135136,94.0,-22087.151171874728,44623.2634765627,66710.41464843752,0.6689100002110069,36337.575585937404,-234.96969331781625,0.3829787234042553,10.75531914893617
R0568,14,2.0,24,0.5,pullback,short,fixed_sl_atr_tp,12.0,16.0,96,0.7,1.5,1.0,24,183.0,10174.4535156258,115716.87304687554,105542.41953124997,1.0964015564624519,17483.99999999998,55.59810664276394,0.4644808743169399,13.508196721311476,94.0,-20487.151171874728,46223.2634765627,66710.41464843752,0.6928942612657757,36337.575585937404,-217.94841672207158,0.3829787234042553,10.797872340425531
R0569,14,2.0,24,0.5,pullback,short,atr_sl_fixed_tp,12.0,20.0,96,0.7,1.25,1.0,24,179.0,8429.682812501022,118534.52187500068,110104.83906249987,1.0765605116385102,19261.629296874944,47.09320006983811,0.46368715083798884,14.581005586592179,92.0,-22159.599999999613,48443.21464843782,70602.81464843752,0.6861371588322349,39143.79511718737,-240.86521739130015,0.391304347826087,11.91304347826087
R0570,14,2.0,24,0.5,pullback,short,atr_sl_fixed_tp,12.0,20.0,96,0.7,1.5,1.0,24,176.0,12841.014453126205,119123.08281250072,106282.06835937474,1.120820140700558,20405.019531249964,72.96030939276253,0.48863636363636365,15.25,88.0,-17534.409765624543,49829.39511718785,67363.80488281247,0.7397057693500558,33112.41464843732,-199.25465642755162,0.42045454545454547,12.659090909090908
R0571,14,2.0,24,0.5,pullback,short,fixed_sl_atr_tp,12.0,20.0,96,0.7,1.25,1.0,24,181.0,12862.053515626014,118958.2632812507,106096.20976562491,1.1212300943081672,18083.019531249927,71.06106914710504,0.4530386740331492,14.585635359116022,93.0,-18263.39999999957,48447.014648437864,66710.41464843752,0.7262286541577144,35247.595117187375,-196.38064516128568,0.3763440860215054,11.559139784946236
R0572,14,2.0,24,0.5,pullback,short,fixed_sl_atr_tp,12.0,20.0,96,0.7,1.5,1.0,24,181.0,3122.033984376034,111625.84375000074,108503.80976562492,1.028773496443301,19006.639062499897,17.248806543514,0.4419889502762431,14.972375690607734,93.0,-16263.399999999563,50447.01464843786,66710.41464843752,0.7562089804761754,35247.595117187375,-174.8752688171996,0.3763440860215054,11.580645161290322
R0573,14,2.0,24,0.5,pullback,short,atr_sl_fixed_tp,12.0,24.0,96,0.7,1.25,1.0,24,176.0,17431.033984376183,124368.27304687581,106937.23906249982,1.1630024688984943,18751.648828124926,99.03996582031922,0.4659090909090909,15.619318181818182,90.0,-26271.985351562056,44330.829296875374,70602.81464843752,0.627890396687697,40309.98046874981,-291.9109483506895,0.37777777777777777,12.855555555555556
R0574,14,2.0,24,0.5,pullback,short,atr_sl_fixed_tp,12.0,24.0,96,0.7,1.5,1.0,24,173.0,22442.36562500135,124956.83398437586,102514.46835937469,1.2189190070842217,20005.019531249964,129.7246567919153,0.4913294797687861,16.254335260115607,85.0,-20563.00488281194,44997.000000000466,65560.00488281247,0.6863483320422555,32794.80976562471,-241.91770450366988,0.4117647058823529,13.894117647058824
R0575,14,2.0,24,0.5,pullback,short,fixed_sl_atr_tp,12.0,24.0,96,0.7,1.25,1.0,24,180.0,10225.814453126182,117949.63398437585,107723.81953124986,1.0949262149970422,18096.65859374989,56.810080295145454,0.4388888888888889,15.438888888888888,91.0,-22375.785351562015,44334.62929687542,66710.41464843752,0.6645833267641639,36413.780468749814,-245.8877511160661,0.3626373626373626,12.461538461538462
R0576,14,2.0,24,0.5,pullback,short,fixed_sl_atr_tp,12.0,24.0,96,0.7,1.5,1.0,24,180.0,12625.814453126182,120349.63398437585,107723.81953124986,1.117205410168949,16896.658593749893,70.1434136284788,0.4388888888888889,15.483333333333333,91.0,-24045.80488281202,42664.60976562542,66710.41464843752,0.6395494615116247,36413.780468749814,-264.2396140968354,0.3626373626373626,12.692307692307692
